<?xml version="1.0" encoding="utf-8"?>
<COLLADA xmlns="http://www.collada.org/2005/11/COLLADASchema" version="1.4.1">
  <asset>
    <contributor><author>Slimelight</author></contributor>
    <created>2026-04-20T00:00:00</created>
    <modified>2026-04-20T00:00:00</modified>
    <unit name="meter" meter="1"/>
    <up_axis>Y_UP</up_axis>
  </asset>

  <library_lights>
    <light id="Area-light" name="Light">
      <technique_common>
        <point>
          <color sid="color">0 0 0</color>
          <constant_attenuation>1</constant_attenuation>
          <linear_attenuation>0</linear_attenuation>
          <quadratic_attenuation>0.001599967</quadratic_attenuation>
        </point>
      </technique_common>
      <extra>
        <technique profile="CGL">
          <area>
            <color sid="color">0 0 0</color>
          </area>
        </technique>
      </extra>
    </light>
  </library_lights>

  <library_cameras>
    <camera id="Camera-camera" name="Camera">
      <optics>
        <technique_common>
          <perspective>
            <xfov sid="xfov">42.0</xfov>
            <aspect_ratio>1.333333</aspect_ratio>
            <znear sid="znear">0.1</znear>
            <zfar sid="zfar">100</zfar>
          </perspective>
        </technique_common>
      </optics>
    </camera>
  </library_cameras>

  <library_images/>

  <library_effects>
    <effect id="slime-effect">
      <profile_COMMON>
        <technique sid="common">
          <phong>
            <emission><color sid="emission">0 0 0 1</color></emission>
            <ambient><color sid="ambient">0 0 0 1</color></ambient>
            <diffuse><color sid="diffuse">0.5 0.3 0.7 1</color></diffuse>
            <specular><color sid="specular">0.5 0.5 0.5 1</color></specular>
            <shininess><float sid="shininess">50</float></shininess>
            <index_of_refraction><float sid="ior">1.4</float></index_of_refraction>
          </phong>
        </technique>
      </profile_COMMON>
      <extra>
        <technique profile="CGL">
          <glass>
            <reflectance>1 1 1</reflectance>
            <transmittance>1 1 1</transmittance>
            <roughness>0</roughness>
            <ior>1.2</ior>
            <dispersion>0.005</dispersion>
            <sigma_a>0.5 0.05 0.5</sigma_a>
            <sigma_s>0.05 0.05 0.05</sigma_s>
            <phase_g>0.0</phase_g>
          </glass>
        </technique>
      </extra>
    </effect>

    <effect id="floor-effect">
      <profile_COMMON>
        <technique sid="common">
          <phong>
            <emission><color sid="emission">0 0 0 1</color></emission>
            <ambient><color sid="ambient">0 0 0 1</color></ambient>
            <diffuse><color sid="diffuse">0.7 0.7 0.7 1</color></diffuse>
            <specular><color sid="specular">0 0 0 1</color></specular>
            <shininess><float sid="shininess">1</float></shininess>
            <index_of_refraction><float sid="ior">1</float></index_of_refraction>
          </phong>
        </technique>
      </profile_COMMON>
    </effect>
  </library_effects>

  <library_materials>
    <material id="slime-material" name="slime">
      <instance_effect url="#slime-effect"/>
    </material>
    <material id="floor-material" name="floor">
      <instance_effect url="#floor-effect"/>
    </material>
  </library_materials>

  <library_geometries>
    <geometry id="Slime-data" name="Slime">
      <mesh>
        <source id="Slime-positions">
          <float_array id="Slime-positions-array" count="9513">-0.106151 1.861357 0.714794 -0.138390 1.852373 0.681437 -0.068245 1.843462 0.661895 -0.043057 1.861875 0.721755 0.012291 1.844243 0.671244 0.032954 1.863600 0.727938 0.087768 1.845839 0.675435 0.110005 1.865849 0.729218 0.161019 1.848307 0.676269 0.185071 1.869044 0.725604 0.227131 1.851569 0.675534 0.244037 1.868760 0.713291 -0.342519 1.857448 0.629188 -0.370446 1.850344 0.588948 -0.301526 1.840858 0.578061 -0.279390 1.855998 0.647650 -0.218460 1.838990 0.600259 -0.202542 1.854503 0.667769 -0.133085 1.837086 0.617051 -0.059021 1.830455 0.599175 0.000762 1.831252 0.610170 0.073098 1.832220 0.615678 0.146586 1.834033 0.618409 0.218454 1.837230 0.620554 0.274398 1.856951 0.678525 0.288123 1.843514 0.627193 0.314090 1.856093 0.660071 -0.417577 1.853203 0.571045 -0.441749 1.847425 0.526217 -0.368054 1.837136 0.518266 -0.290003 1.829497 0.512485 -0.229732 1.828734 0.531562 -0.154806 1.827241 0.544167 -0.079035 1.825015 0.547393 -0.007549 1.823509 0.547972 0.063346 1.823700 0.551738 0.136740 1.824756 0.554446 0.210665 1.826932 0.556383 0.284596 1.831009 0.558949 0.344531 1.849107 0.622803 0.361376 1.838307 0.562765 0.399780 1.853568 0.600648 0.434998 1.844233 0.543782 0.454753 1.858303 0.576751 -0.488434 1.851665 0.505662 -0.512019 1.847562 0.458081 -0.439552 1.835989 0.450414 -0.362971 1.827464 0.442715 -0.304671 1.825055 0.457223 -0.236924 1.822667 0.465595 -0.166543 1.821449 0.474886 -0.092465 1.820291 0.480570 -0.018155 1.819297 0.483010 0.055529 1.818932 0.484744 0.129620 1.819350 0.486535 0.204413 1.820607 0.487893 0.279469 1.823097 0.489001 0.354654 1.827446 0.489838 0.427683 1.833770 0.488142 0.482665 1.852488 0.537188 0.486246 1.842748 0.491840 0.523236 1.855764 0.506895 -0.557076 1.853463 0.436168 -0.578306 1.850350 0.387211 -0.509434 1.837146 0.379987 -0.436038 1.827519 0.370924 -0.379130 1.824311 0.385176 -0.313228 1.821206 0.392044 -0.245813 1.819440 0.399573 -0.174929 1.818290 0.405658 -0.101515 1.817531 0.410330 -0.026579 1.816937 0.413105 0.048711 1.816585 0.414640 0.124080 1.816642 0.415733 0.199642 1.817260 0.416591 0.275320 1.818707 0.417183 0.350928 1.821469 0.417491 0.426371 1.826287 0.417428 0.503744 1.834897 0.419013 0.545665 1.848742 0.452582 -0.619578 1.856927 0.360899 -0.641570 1.854451 0.297183 -0.571876 1.840360 0.313448 -0.507204 1.829398 0.298622 -0.452355 1.825149 0.311822 -0.388197 1.821313 0.318338 -0.322514 1.819065 0.325630 -0.253730 1.817618 0.331193 -0.182431 1.816782 0.335560 -0.108702 1.816278 0.338663 -0.033248 1.815934 0.340669 0.043044 1.815695 0.341862 0.119507 1.815628 0.342641 0.195865 1.815871 0.343240 0.271994 1.816646 0.343687 0.347741 1.818335 0.343946 0.422963 1.821552 0.343940 0.497872 1.827233 0.343503 0.567626 1.842483 0.397403 0.572888 1.836232 0.340334 0.607831 1.846350 0.363577 -0.661959 1.852250 0.235817 -0.599700 1.837769 0.223808 -0.527410 1.828322 0.237259 -0.462201 1.822752 0.243178 -0.397335 1.819671 0.250574 -0.330121 1.817788 0.256723 -0.261053 1.816752 0.261654 -0.189661 1.816217 0.264787 -0.115718 1.815958 0.266382 -0.039617 1.815807 0.267064 0.037701 1.815684 0.267425 0.115278 1.815599 0.267841 0.192507 1.815650 0.268380 0.269107 1.816021 0.268950 0.344901 1.817024 0.269480 0.419670 1.819163 0.269932 0.493100 1.823182 0.270245 0.564660 1.830009 0.269950 0.629263 1.845312 0.322028 0.633504 1.840776 0.268150 0.666702 1.852314 0.292356 -0.697548 1.860559 0.209162 -0.710356 1.860511 0.148538 -0.649615 1.843445 0.163671 -0.588879 1.831162 0.147754 -0.536803 1.826041 0.163665 -0.471565 1.821453 0.173012 -0.404284 1.818651 0.179872 -0.336027 1.817156 0.186153 -0.267106 1.816435 0.191504 -0.196894 1.816169 0.194504 -0.123740 1.816132 0.194607 -0.047269 1.816161 0.193344 0.031319 1.816153 0.192077 0.110420 1.816095 0.191708 0.188855 1.816061 0.192316 0.266128 1.816211 0.193302 0.342049 1.816807 0.194402 0.416452 1.818281 0.195545 0.489026 1.821293 0.196844 0.559037 1.826719 0.198592 0.624712 1.835477 0.201169 0.685596 1.852824 0.250713 0.681064 1.847781 0.204551 0.720132 1.862688 0.216230 -0.722886 1.861187 0.075220 -0.664932 1.843458 0.084981 -0.603555 1.831562 0.089276 -0.541627 1.824416 0.092881 -0.477337 1.820443 0.100400 -0.409155 1.818080 0.107119 -0.339594 1.816887 0.113545 -0.270328 1.816427 0.120254 -0.203114 1.816351 0.126395 -0.133600 1.816497 0.125471 -0.057853 1.816703 0.120852 0.022132 1.816831 0.116801 0.103704 1.816837 0.113916 0.184089 1.816776 0.114886 0.262475 1.816821 0.116757 0.338736 1.817203 0.118925 0.412815 1.818294 0.121096 0.484670 1.820705 0.123307 0.554050 1.825322 0.126075 0.619936 1.833209 0.130726 0.679977 1.845425 0.139360 0.731304 1.863184 0.156841 -0.730054 1.861737 -0.000476 -0.673758 1.843857 0.010470 -0.612723 1.831779 0.017808 -0.548369 1.824244 0.022699 -0.481516 1.819985 0.027465 -0.412175 1.817797 0.032858 -0.341140 1.816824 0.038854 -0.270160 1.816563 0.046339 -0.201719 1.816652 0.056225 -0.146707 1.816787 0.069820 -0.072597 1.817263 0.046240 0.007204 1.817485 0.047866 0.093643 1.817694 0.031427 0.177546 1.817604 0.035285 0.257649 1.817625 0.038753 0.334658 1.817935 0.042950 0.408475 1.818853 0.046886 0.479300 1.820904 0.050469 0.547562 1.824985 0.053663 0.613642 1.832324 0.057865 0.676377 1.844175 0.066428 0.733645 1.861832 0.082152 -0.731951 1.862609 -0.076306 -0.678094 1.844603 -0.063619 -0.618130 1.832347 -0.055483 -0.553361 1.824568 -0.050150 -0.485132 1.820080 -0.046151 -0.414326 1.817808 -0.042222 -0.341686 1.816891 -0.037424 -0.268350 1.816739 -0.030588 -0.196084 1.816963 -0.020011 -0.121917 1.817327 -0.004320 -0.003177 1.818007 -0.012483 -0.052948 1.817856 -0.022393 0.058771 1.818173 -0.016000 0.111612 1.818350 -0.033727 0.136923 1.818647 -0.072720 0.169973 1.818406 -0.045450 0.251182 1.818497 -0.042357 0.329901 1.818868 -0.034161 0.403541 1.819793 -0.027043 0.473268 1.821747 -0.021256 0.538919 1.825326 -0.016025 0.603100 1.832131 -0.014242 0.667717 1.843765 -0.009665 0.729180 1.861183 0.004178 -0.728115 1.863709 -0.150376 -0.679025 1.845925 -0.135646 -0.621073 1.833532 -0.128123 -0.556684 1.825429 -0.123481 -0.487957 1.820626 -0.120332 -0.416211 1.818130 -0.117636 -0.342289 1.817102 -0.114368 -0.266810 1.816928 -0.109306 -0.190840 1.817201 -0.100541 -0.121546 1.817619 -0.084633 -0.061170 1.818033 -0.072450 0.172631 1.818852 -0.102776 0.180543 1.819106 -0.146357 0.239784 1.819355 -0.134176 0.325464 1.819951 -0.113495 0.398876 1.821091 -0.101049 0.466681 1.823121 -0.091257 0.531832 1.826978 -0.085027 0.586107 1.831810 -0.073617 0.650961 1.843864 -0.091433 0.718243 1.861273 -0.074665 -0.716088 1.862699 -0.210507 -0.678253 1.848067 -0.200599 -0.623398 1.835867 -0.198085 -0.559298 1.827171 -0.195714 -0.490337 1.821807 -0.194051 -0.418104 1.818883 -0.192719 -0.343516 1.817561 -0.191001 -0.266949 1.817209 -0.188036 -0.187848 1.817405 -0.182627 -0.102518 1.817902 -0.172488 -0.055679 1.818208 -0.133898 0.150580 1.819115 -0.166253 0.137686 1.819211 -0.202586 0.203931 1.819659 -0.212612 0.276528 1.820520 -0.216463 0.329082 1.821273 -0.192225 0.395636 1.822705 -0.173972 0.462355 1.825393 -0.161677 0.519181 1.828557 -0.145602 0.594478 1.838195 -0.155984 0.704949 1.861533 -0.140096 0.665254 1.852447 -0.164840 -0.681385 1.852675 -0.246770 -0.661078 1.851845 -0.289238 -0.629605 1.840860 -0.264775 -0.562705 1.830471 -0.266001 -0.492965 1.824044 -0.266402 -0.420315 1.820371 -0.266748 -0.345431 1.818513 -0.266562 -0.268827 1.817788 -0.265348 -0.190292 1.817739 -0.262709 -0.108354 1.818074 -0.258422 -0.032630 1.818404 -0.187320 -0.019817 1.818601 -0.253957 0.022348 1.818741 -0.208822 0.068875 1.819192 -0.270727 0.085771 1.819041 -0.211367 0.149266 1.819689 -0.267458 0.218501 1.820543 -0.288266 0.271257 1.821299 -0.276061 0.332645 1.822814 -0.264552 0.396180 1.825147 -0.246894 0.452342 1.827384 -0.223484 0.530718 1.835110 -0.228722 0.649219 1.853917 -0.214278 0.605363 1.846731 -0.236335 -0.622562 1.844903 -0.319333 -0.597347 1.845480 -0.362035 -0.567374 1.836063 -0.334991 -0.496435 1.827937 -0.336775 -0.423323 1.823106 -0.339092 -0.348057 1.820392 -0.340666 -0.271575 1.819029 -0.340725 -0.194141 1.818544 -0.339562 -0.115342 1.818602 -0.337439 -0.034519 1.818996 -0.335465 0.047205 1.819606 -0.337324 0.126284 1.820366 -0.339827 0.199185 1.821308 -0.341634 0.264181 1.822594 -0.339705 0.324960 1.824483 -0.330298 0.389851 1.828020 -0.320474 0.468419 1.833845 -0.301162 0.587347 1.849054 -0.286256 0.541614 1.843958 -0.311256 -0.556269 1.840877 -0.390897 -0.528624 1.842947 -0.433041 -0.500396 1.834116 -0.404560 -0.428006 1.827743 -0.408413 -0.351794 1.823911 -0.413506 -0.274895 1.821502 -0.414292 -0.198232 1.820309 -0.413648 -0.121554 1.819901 -0.411970 -0.044767 1.820039 -0.409863 0.031855 1.820609 -0.408487 0.107646 1.821608 -0.408188 0.181429 1.822987 -0.406858 0.250018 1.824580 -0.401400 0.314508 1.827168 -0.394493 0.369624 1.829914 -0.380450 0.438682 1.838418 -0.393320 0.518440 1.848900 -0.376867 -0.486698 1.840008 -0.459455 -0.453692 1.843391 -0.501596 -0.437046 1.834411 -0.465490 -0.358178 1.830439 -0.487957 -0.278605 1.826016 -0.486591 -0.202448 1.823734 -0.485469 -0.127044 1.822613 -0.483454 -0.052796 1.822256 -0.480238 0.020160 1.822637 -0.477086 0.091229 1.823670 -0.474147 0.162966 1.825789 -0.473814 0.236679 1.828406 -0.468099 0.297420 1.830068 -0.449934 0.373306 1.837645 -0.457895 0.494209 1.853729 -0.442122 0.446867 1.848553 -0.466579 -0.395970 1.840085 -0.526868 -0.338148 1.836966 -0.551177 -0.304614 1.841109 -0.591338 -0.279921 1.833293 -0.557753 -0.207015 1.829637 -0.554523 -0.132332 1.827700 -0.552962 -0.059135 1.826503 -0.547754 0.010662 1.826254 -0.541556 0.079337 1.827448 -0.537906 0.139503 1.828774 -0.529059 0.214911 1.835005 -0.546573 0.306369 1.838815 -0.520774 0.425038 1.852865 -0.514082 0.377294 1.848595 -0.533166 -0.263148 1.841269 -0.612153 -0.230465 1.848103 -0.649742 -0.214553 1.837910 -0.612379 -0.138776 1.836895 -0.623772 -0.064766 1.833860 -0.613102 0.005656 1.832893 -0.604282 0.064440 1.832184 -0.590413 0.143398 1.837899 -0.603371 0.285814 1.849928 -0.599518 0.221416 1.846028 -0.618585 0.350463 1.853955 -0.579270 -0.173602 1.848320 -0.667397 -0.117246 1.847898 -0.681546 -0.078814 1.856948 -0.714395 -0.069001 1.844509 -0.672019 -0.001334 1.843813 -0.665859 0.077427 1.843558 -0.654209 0.194453 1.852360 -0.660537 0.146594 1.851180 -0.672665 -0.019675 1.859408 -0.720546 0.055813 1.860160 -0.717255 0.119809 1.860056 -0.709322 -0.115705 1.979921 0.874813 -0.153040 1.943367 0.838406 -0.081390 1.925262 0.822722 -0.024588 1.966450 0.868828 0.014010 1.923366 0.825097 0.061207 1.963532 0.865825 0.096838 1.923741 0.823297 0.140085 1.962350 0.859148 0.171684 1.926965 0.819107 0.196946 1.958446 0.849145 -0.376330 1.955905 0.787288 -0.398368 1.928025 0.749150 -0.331775 1.912699 0.749077 -0.296593 1.953584 0.813404 -0.241439 1.909973 0.773964 -0.215182 1.942891 0.825778 -0.161900 1.910969 0.795334 -0.099292 1.884731 0.763128 -0.020752 1.888724 0.775858 0.060938 1.890304 0.778895 0.141802 1.893498 0.776660 0.227540 1.938941 0.822563 0.235625 1.901991 0.769178 0.291830 1.948217 0.812909 0.329361 1.915304 0.757967 0.366402 1.954391 0.793362 0.400782 1.930470 0.749839 0.418106 1.960190 0.779690 -0.482400 1.927834 0.708857 -0.515691 1.927115 0.685215 -0.467273 1.903739 0.676822 -0.446957 1.927269 0.726158 -0.400716 1.901451 0.705958 -0.339744 1.877622 0.682563 -0.262761 1.878868 0.711675 -0.174486 1.876466 0.732430 0.305150 1.877454 0.707334 0.383398 1.896059 0.702897 0.448940 1.950036 0.752231 0.463700 1.923811 0.701353 0.505073 1.971365 0.742511 0.541839 1.948608 0.685972 0.557242 1.978517 0.716892 -0.548880 1.925480 0.660068 -0.581249 1.926395 0.631784 -0.527516 1.900386 0.627008 -0.474852 1.884106 0.630785 -0.413732 1.872443 0.635095 0.364042 1.866097 0.656212 0.443293 1.880327 0.634313 0.526491 1.910213 0.630400 0.595590 1.979144 0.686515 0.603252 1.946092 0.629449 0.633616 1.979068 0.653920 -0.614000 1.927621 0.602978 -0.645056 1.931238 0.571899 -0.592391 1.901730 0.567680 -0.541405 1.882625 0.571456 -0.484283 1.868061 0.574292 0.515443 1.873938 0.562865 0.592821 1.906374 0.561540 0.664933 1.976474 0.618581 0.665533 1.943242 0.561861 0.697814 1.974078 0.581409 -0.677856 1.934891 0.537212 -0.712868 1.940458 0.491605 -0.652045 1.907919 0.507460 -0.606718 1.885722 0.507050 -0.552699 1.868499 0.509089 0.586353 1.873600 0.487268 0.658741 1.908866 0.493441 0.721882 1.969318 0.544979 0.714568 1.941472 0.499918 0.747932 1.966020 0.504606 -0.738391 1.928564 0.423811 -0.691302 1.903394 0.431444 -0.619100 1.873216 0.438822 0.605377 1.856987 0.411392 0.661185 1.883599 0.419982 0.727968 1.922303 0.429185 0.759071 1.955886 0.465139 -0.762459 1.934665 0.394290 -0.788961 1.943636 0.352497 -0.735438 1.907632 0.361599 -0.671935 1.876252 0.362498 0.659986 1.861981 0.347779 0.723582 1.894398 0.351901 0.790236 1.961442 0.416788 0.779715 1.930231 0.359385 0.817403 1.960623 0.363948 -0.807769 1.938059 0.285041 -0.766992 1.908499 0.284771 -0.705981 1.875156 0.281115 0.718313 1.872577 0.276202 0.785865 1.912511 0.282505 0.822882 1.947076 0.316226 -0.834464 1.957453 0.256689 -0.848334 1.960419 0.194730 -0.800518 1.918995 0.214938 -0.744182 1.882433 0.213550 0.774695 1.890002 0.197556 0.835545 1.942867 0.268226 0.832633 1.930768 0.214664 0.869313 1.969260 0.241900 -0.860625 1.959576 0.112829 -0.815387 1.918766 0.129206 -0.764646 1.885455 0.141070 0.785014 1.886946 0.107410 0.834349 1.921436 0.136494 0.882143 1.966574 0.167972 -0.866668 1.957420 0.030122 -0.824065 1.918389 0.048050 -0.775982 1.886041 0.063299 0.785273 1.885530 0.025088 0.835972 1.917189 0.053116 0.880782 1.955643 0.085272 -0.869073 1.959280 -0.050730 -0.827254 1.919092 -0.032838 -0.781022 1.886566 -0.015270 -0.006365 1.818343 -0.067054 0.045054 1.818511 -0.062711 0.094965 1.818614 -0.067004 0.778330 1.885784 -0.058115 0.833788 1.917782 -0.031716 0.881040 1.954651 0.003101 -0.869572 1.966316 -0.130986 -0.826171 1.922760 -0.114952 -0.779930 1.887996 -0.095631 -0.008386 1.818499 -0.118811 0.041409 1.818704 -0.111235 0.082217 1.818785 -0.102023 0.131264 1.818881 -0.115704 0.762931 1.886552 -0.147276 0.824820 1.919753 -0.118569 0.881606 1.962620 -0.088520 -0.868730 1.978868 -0.213810 -0.826296 1.932035 -0.194626 -0.769368 1.890131 -0.186416 -0.007201 1.818561 -0.162892 0.038458 1.818777 -0.161648 0.095814 1.818943 -0.153236 0.715128 1.875963 -0.218141 0.768889 1.897629 -0.211089 0.812788 1.923847 -0.204906 0.864341 1.960428 -0.175444 -0.829599 1.942618 -0.251988 -0.814195 1.940868 -0.304160 -0.779834 1.910018 -0.270884 -0.712823 1.871521 -0.270374 0.655300 1.867494 -0.292111 0.721279 1.893579 -0.298646 0.775418 1.915765 -0.271579 0.852081 1.961441 -0.236851 0.824619 1.946399 -0.268517 -0.805589 1.944971 -0.344152 -0.773912 1.922732 -0.345482 -0.717767 1.890809 -0.344620 -0.651370 1.860594 -0.345888 0.594893 1.862346 -0.358692 0.656323 1.883177 -0.369853 0.697917 1.895029 -0.349616 0.752834 1.927446 -0.359291 0.817455 1.965573 -0.336498 -0.790122 1.951877 -0.391251 -0.755835 1.947495 -0.453945 -0.724406 1.915370 -0.418217 -0.654746 1.880957 -0.417053 -0.584779 1.855127 -0.418383 0.563740 1.873273 -0.449075 0.630239 1.887142 -0.420355 0.695032 1.917177 -0.425823 0.790631 1.965472 -0.394620 0.759188 1.958908 -0.434592 -0.739758 1.949428 -0.491297 -0.711468 1.930241 -0.488002 -0.657013 1.902935 -0.485775 -0.587566 1.876279 -0.487648 -0.513743 1.854065 -0.489451 0.496223 1.870445 -0.519779 0.568462 1.894862 -0.524739 0.633551 1.913069 -0.495273 0.725890 1.952938 -0.475838 0.691359 1.941719 -0.497415 -0.719607 1.953252 -0.528697 -0.691597 1.949129 -0.561531 -0.664890 1.929369 -0.547350 -0.594696 1.901568 -0.552917 -0.518997 1.877900 -0.558156 -0.436440 1.857616 -0.562640 -0.355187 1.847989 -0.586744 0.424903 1.870059 -0.586747 0.495050 1.890348 -0.592992 0.540731 1.899948 -0.573375 0.601047 1.931101 -0.581670 0.674566 1.965188 -0.562561 -0.667518 1.955164 -0.596509 -0.634606 1.953138 -0.628626 -0.607362 1.932210 -0.612247 -0.532001 1.906807 -0.620317 -0.451901 1.885987 -0.629413 -0.369991 1.868976 -0.638522 -0.290804 1.854835 -0.642770 0.262942 1.864780 -0.672824 0.351946 1.873349 -0.648268 0.422584 1.892751 -0.658684 0.470877 1.898139 -0.636646 0.536102 1.926623 -0.642271 0.639970 1.969556 -0.615224 0.603837 1.967023 -0.650636 -0.606436 1.960505 -0.662129 -0.566598 1.958689 -0.691977 -0.550707 1.937994 -0.668969 -0.471531 1.921581 -0.691757 -0.387885 1.898548 -0.696327 -0.304093 1.883076 -0.704418 -0.215563 1.868117 -0.706119 -0.131671 1.863124 -0.720011 0.192803 1.872658 -0.724228 0.267881 1.887514 -0.733983 0.319615 1.888264 -0.710266 0.390052 1.911054 -0.718323 0.469790 1.924402 -0.695378 0.567410 1.964278 -0.685639 0.529546 1.958775 -0.710577 -0.522768 1.964834 -0.725652 -0.455753 1.946369 -0.744010 -0.423346 1.951551 -0.769180 -0.406328 1.930265 -0.745316 -0.330892 1.917808 -0.757950 -0.237076 1.905685 -0.774099 -0.149697 1.890490 -0.771315 -0.062065 1.881275 -0.766650 0.031098 1.883711 -0.772738 0.121778 1.884364 -0.765990 0.183281 1.893679 -0.775893 0.239308 1.907335 -0.783673 0.321172 1.917611 -0.767828 0.443853 1.945875 -0.750500 0.395382 1.953326 -0.783872 0.487936 1.955803 -0.738576 -0.375836 1.963238 -0.800931 -0.281828 1.943358 -0.814702 -0.218307 1.934109 -0.826953 -0.185188 1.944325 -0.849188 -0.167983 1.922960 -0.822571 -0.090765 1.918415 -0.825088 -0.001993 1.915526 -0.825668 0.087794 1.917621 -0.824978 0.176947 1.921226 -0.819613 0.289689 1.940620 -0.817515 0.239917 1.936997 -0.829617 0.342129 1.953505 -0.811560 -0.133252 1.963215 -0.874977 -0.034795 1.955206 -0.874736 0.052777 1.954748 -0.874317 0.143222 1.963492 -0.875641 0.220683 1.964662 -0.863265 -0.279906 2.028135 0.880532 -0.303101 1.993953 0.851372 -0.246713 1.983736 0.857365 -0.194180 2.027556 0.897737 -0.185928 1.972585 0.861155 -0.114356 2.029819 0.911907 -0.048981 2.015349 0.906917 0.030304 2.009330 0.903338 0.117928 2.013528 0.900668 0.203376 2.004741 0.882202 0.248378 1.972927 0.850590 0.279298 2.016941 0.874186 0.297709 1.985630 0.848377 0.327513 2.015088 0.860215 -0.524091 2.018971 0.766379 -0.550810 1.986464 0.728842 -0.495427 1.961174 0.736146 -0.438782 2.007037 0.801768 -0.431966 1.953822 0.762949 -0.355916 1.993685 0.830745 0.345705 1.986825 0.832485 0.417695 2.000950 0.814566 0.459749 1.978219 0.778338 0.479680 2.011546 0.795118 0.490444 1.990185 0.774053 0.517118 2.009182 0.772502 -0.578698 1.985815 0.711182 -0.608708 1.988667 0.688567 -0.564897 1.955745 0.686903 0.562104 2.013511 0.744478 0.580467 1.993428 0.716894 0.605074 2.012711 0.713265 -0.640064 1.992143 0.664617 -0.670420 1.997243 0.637263 -0.628811 1.959108 0.634073 0.644756 2.014467 0.679249 0.656591 1.992568 0.649811 0.679859 2.010198 0.642800 -0.700684 2.002710 0.609981 -0.727880 2.011032 0.583237 -0.690976 1.968497 0.574612 0.712532 2.008384 0.604219 0.719372 1.985773 0.574194 0.740613 2.000746 0.563804 -0.761668 2.025268 0.551137 -0.787078 2.020263 0.500855 -0.745168 1.986976 0.523933 0.759441 1.991741 0.526596 0.778074 1.984432 0.486183 0.790841 2.021443 0.511126 -0.817593 2.019699 0.445020 -0.774664 1.968408 0.439718 0.787119 1.975460 0.455386 0.814450 2.009698 0.454328 -0.842624 2.029564 0.407357 -0.855140 2.022193 0.354844 -0.821456 1.990779 0.385957 0.833963 1.993858 0.393123 0.850438 1.983813 0.337637 0.869370 2.029376 0.370011 -0.868266 2.007998 0.272396 -0.832320 1.974325 0.317616 0.855915 1.969386 0.291004 0.890072 2.017678 0.295465 -0.893070 2.015225 0.183097 0.905297 2.005394 0.219934 -0.899080 2.003794 0.091868 0.917992 2.006704 0.169670 0.917222 1.997924 0.115497 0.941505 2.041322 0.150423 -0.903319 2.002098 0.011177 0.918629 1.995084 0.042440 0.947230 2.040238 0.083345 -0.905585 2.006510 -0.067535 0.920108 1.998881 -0.035067 0.950447 2.041846 0.009101 -0.906530 2.017282 -0.144784 0.922228 2.007172 -0.098104 0.952176 2.050705 -0.071440 -0.908492 2.038149 -0.216349 0.937963 2.037215 -0.133257 0.907662 2.001828 -0.156084 -0.876678 2.010558 -0.280627 -0.847294 1.966780 -0.277269 0.854490 1.979888 -0.289229 0.892998 2.011346 -0.241804 -0.871998 2.039837 -0.353340 -0.835692 1.976254 -0.335925 0.851782 1.991585 -0.327631 0.875470 2.019487 -0.318503 -0.828546 1.999123 -0.399995 -0.815676 2.022144 -0.462239 -0.793220 1.976987 -0.440355 0.792263 1.980661 -0.426594 0.851723 2.011714 -0.362359 0.822302 2.007682 -0.412630 -0.781764 2.023874 -0.525654 -0.766051 1.977412 -0.492934 0.719986 1.973592 -0.523967 0.789859 2.000331 -0.461333 0.755829 1.986404 -0.493958 -0.743868 1.986203 -0.545239 -0.727753 1.989954 -0.575671 -0.710219 1.969164 -0.570351 0.714807 1.990213 -0.557780 0.747931 2.019678 -0.550760 -0.702849 1.995902 -0.609730 -0.674272 1.998432 -0.646349 -0.655393 1.975171 -0.638445 0.639662 1.985916 -0.643416 0.710385 2.011344 -0.589363 0.673055 2.010439 -0.631397 -0.641680 2.002342 -0.679804 -0.609118 2.006327 -0.713163 -0.587219 1.982227 -0.704385 0.563808 1.977859 -0.710941 0.635510 2.005372 -0.670518 0.596705 2.002650 -0.705383 -0.575153 2.015481 -0.743694 -0.540268 2.029423 -0.779836 -0.518617 1.999839 -0.767483 -0.459697 1.978045 -0.778414 0.440445 1.968063 -0.781815 0.474198 1.977155 -0.772807 0.555955 1.994220 -0.734742 0.516978 1.984508 -0.753726 -0.495200 2.023831 -0.800588 -0.430325 2.015910 -0.827409 -0.395528 2.035557 -0.860299 -0.371054 2.004559 -0.845828 -0.310288 1.987728 -0.852507 -0.224970 1.969780 -0.863079 0.271551 1.964696 -0.851254 0.321938 1.979211 -0.846488 0.445112 2.004711 -0.811272 0.380179 1.988961 -0.830300 0.505083 2.016460 -0.787921 -0.344810 2.034421 -0.878254 -0.266358 2.028911 -0.900049 -0.184262 2.008858 -0.907903 -0.150487 2.041606 -0.939110 -0.122852 2.010546 -0.920869 -0.059803 2.001358 -0.917609 0.021585 1.996948 -0.915555 0.099066 1.997980 -0.913437 0.207010 2.002779 -0.901093 0.157123 2.005369 -0.914079 0.284375 2.014634 -0.886661 0.361652 2.026658 -0.866823 -0.086603 2.053917 -0.953447 -0.003541 2.047595 -0.951648 0.075252 2.043407 -0.946300 0.144180 2.041419 -0.938953 -0.165071 2.134565 0.955863 -0.198929 2.087065 0.930668 -0.139486 2.074912 0.933734 -0.089397 2.120864 0.958595 -0.068103 2.065940 0.935858 -0.015269 2.113135 0.958186 0.004719 2.058359 0.933649 0.057789 2.106876 0.954376 0.077492 2.055940 0.930492 0.123801 2.101455 0.948187 0.134417 2.061434 0.929527 0.170558 2.092128 0.939242 -0.399049 2.104939 0.877098 -0.436569 2.066759 0.842258 -0.383665 2.042098 0.852530 -0.333430 2.069043 0.885969 -0.332148 2.023090 0.862618 -0.263657 2.086361 0.914679 0.184777 2.055780 0.917872 0.262097 2.070299 0.907326 0.340097 2.065859 0.882611 0.376928 2.030450 0.852135 0.406444 2.077532 0.866023 0.424448 2.047319 0.843786 0.447393 2.079684 0.850816 -0.568770 2.070810 0.770793 -0.614434 2.060073 0.736828 -0.585601 2.018700 0.730184 -0.499263 2.078917 0.814255 0.472025 2.055739 0.824771 0.519759 2.047405 0.794466 0.543450 2.034052 0.773007 0.571920 2.073462 0.773122 -0.649243 2.081785 0.723082 -0.679904 2.071331 0.689457 -0.645642 2.029999 0.690848 0.611841 2.052825 0.733665 0.631227 2.036302 0.709313 0.659068 2.072551 0.704825 -0.710981 2.093315 0.671565 -0.737064 2.081759 0.634180 -0.704761 2.041017 0.640266 0.689750 2.050433 0.662468 0.704299 2.031628 0.635559 0.729814 2.064289 0.628125 -0.768972 2.099660 0.602696 -0.785783 2.064582 0.550523 -0.749936 2.052367 0.594558 0.753755 2.040127 0.582179 0.768437 2.021522 0.547246 0.789359 2.061987 0.549746 -0.821632 2.067900 0.493453 0.824697 2.069525 0.500575 -0.849114 2.084433 0.459710 -0.863672 2.071788 0.408436 -0.841556 2.052967 0.442907 0.845837 2.055167 0.453177 0.849701 2.031854 0.418355 0.874338 2.080034 0.421158 -0.885916 2.070861 0.337950 0.904430 2.080838 0.355486 -0.909124 2.071154 0.262587 0.920858 2.070316 0.301494 0.926217 2.051787 0.250371 0.942105 2.104002 0.280156 -0.931925 2.099194 0.235590 -0.941059 2.101714 0.189771 -0.922458 2.066236 0.203226 0.931304 2.036536 0.199092 0.953213 2.090267 0.208233 -0.948818 2.101901 0.125639 -0.924889 2.054224 0.144043 0.967350 2.092261 0.130870 -0.955323 2.104357 0.053005 -0.930020 2.050556 0.069910 0.973694 2.089947 0.056784 -0.959565 2.109537 -0.023100 -0.934033 2.052661 -0.006639 0.976725 2.093745 -0.015385 -0.960880 2.117639 -0.099068 -0.936135 2.059781 -0.083069 0.978553 2.105570 -0.076860 -0.959244 2.132270 -0.175355 -0.936521 2.072424 -0.156067 0.933255 2.050109 -0.191951 0.963540 2.090754 -0.141949 -0.934762 2.086428 -0.215079 -0.914293 2.080783 -0.285452 0.928669 2.066966 -0.249063 0.956234 2.108670 -0.220627 -0.899451 2.088033 -0.347924 0.939929 2.104432 -0.275360 0.911132 2.072354 -0.307243 -0.882327 2.098595 -0.404555 -0.851722 2.043353 -0.414936 0.853023 2.035323 -0.396825 0.878831 2.064661 -0.375207 -0.849133 2.068766 -0.451361 -0.824449 2.081649 -0.506550 0.782201 2.026850 -0.511710 0.851878 2.065479 -0.431748 0.817021 2.054714 -0.482545 -0.780840 2.070955 -0.568531 -0.747463 2.017507 -0.574245 0.776924 2.046372 -0.542829 0.795564 2.064747 -0.531211 -0.736326 2.050279 -0.615703 -0.716860 2.087118 -0.665051 -0.692208 2.028912 -0.652575 0.707406 2.036969 -0.621163 0.775356 2.080555 -0.571778 0.734894 2.057226 -0.604424 -0.671547 2.050386 -0.691655 -0.654771 2.069777 -0.721564 -0.629452 2.034029 -0.718442 0.630917 2.028360 -0.698459 0.704760 2.075159 -0.653125 0.659327 2.049025 -0.683746 -0.617073 2.070983 -0.751807 -0.584952 2.096745 -0.789376 -0.572058 2.053701 -0.775263 0.542062 2.016484 -0.765132 0.625654 2.062316 -0.726663 0.578399 2.036189 -0.750580 -0.537664 2.065213 -0.803311 -0.483266 2.068777 -0.836064 -0.450589 2.088874 -0.865665 -0.432156 2.055534 -0.856512 0.411608 2.028799 -0.847463 0.498034 2.066544 -0.823275 0.449289 2.052559 -0.844172 0.547314 2.058629 -0.787724 -0.398305 2.080388 -0.884265 -0.326223 2.085874 -0.915331 -0.288536 2.115332 -0.943972 -0.264774 2.078285 -0.933066 -0.208088 2.058177 -0.936444 0.192097 2.034742 -0.928043 0.244080 2.048909 -0.923126 0.350416 2.079936 -0.902641 0.295568 2.067419 -0.918391 0.418318 2.079105 -0.872741 -0.230240 2.117105 -0.960422 -0.148954 2.092345 -0.966277 -0.090453 2.096043 -0.977176 -0.027583 2.109765 -0.985927 0.056896 2.098266 -0.976782 0.133592 2.095152 -0.966472 0.207863 2.087368 -0.950071 0.276435 2.099081 -0.939416 -0.224150 2.184825 0.960917 -0.269044 2.142004 0.937051 -0.225691 2.124682 0.941690 -0.160835 2.188502 0.975083 -0.107513 2.177697 0.977419 -0.034894 2.174095 0.978997 0.042433 2.167724 0.975583 0.116113 2.158791 0.967558 0.187760 2.146430 0.954919 0.222732 2.105561 0.934667 0.255615 2.155691 0.945727 0.274653 2.123179 0.929698 0.300179 2.158549 0.935531 -0.444987 2.163718 0.877321 -0.496557 2.138916 0.842940 -0.456587 2.109196 0.853151 -0.393695 2.153304 0.897642 -0.334811 2.142335 0.915110 0.330143 2.132520 0.914363 0.397170 2.129169 0.888628 0.449228 2.120337 0.865378 0.480895 2.103313 0.843710 0.500394 2.155190 0.850873 -0.565687 2.150620 0.804624 -0.616846 2.104939 0.757088 0.529864 2.110153 0.816658 0.593398 2.147476 0.789943 -0.649573 2.114345 0.738834 -0.680976 2.116330 0.712159 0.635044 2.117961 0.746954 0.678531 2.126152 0.715035 -0.712005 2.127350 0.688095 -0.740682 2.128703 0.655588 0.712616 2.118258 0.676195 0.752482 2.116678 0.633066 -0.776588 2.146663 0.618306 -0.810972 2.131151 0.556803 0.772127 2.092353 0.594715 0.815246 2.133527 0.557774 -0.850352 2.164130 0.509671 -0.864587 2.123641 0.456054 -0.841682 2.113060 0.495813 0.847589 2.120825 0.503615 0.855532 2.091610 0.469818 0.874553 2.137067 0.467061 -0.888939 2.129966 0.398552 0.905628 2.143085 0.411183 -0.915231 2.132167 0.329341 0.925076 2.129506 0.361276 0.929690 2.106631 0.326142 0.944444 2.155748 0.330297 -0.935656 2.154888 0.296766 -0.945624 2.146253 0.245610 -0.929767 2.119278 0.274599 0.964176 2.159419 0.263063 -0.958823 2.153861 0.182128 0.983177 2.161267 0.184564 -0.969024 2.159635 0.113205 0.991125 2.144621 0.103950 -0.976923 2.166271 0.038215 0.995445 2.142306 0.032608 -0.980932 2.171892 -0.040384 0.996712 2.147937 -0.036922 -0.980227 2.175477 -0.113817 0.992991 2.157640 -0.112539 -0.978541 2.186425 -0.167160 0.979187 2.143496 -0.176533 -0.964909 2.182692 -0.231714 -0.944762 2.121917 -0.238662 0.976454 2.162785 -0.220975 -0.940599 2.139407 -0.280595 -0.920792 2.142127 -0.344495 0.935162 2.126593 -0.314404 0.959183 2.158164 -0.275787 -0.903748 2.151345 -0.400312 0.942995 2.179081 -0.338818 0.913638 2.128158 -0.364293 -0.884323 2.163367 -0.451169 -0.860530 2.108461 -0.464236 0.847356 2.107108 -0.479596 0.882105 2.133767 -0.434199 -0.851622 2.139021 -0.501677 -0.816244 2.151077 -0.565245 0.859348 2.165526 -0.500780 0.817943 2.122366 -0.539269 -0.765865 2.111386 -0.617772 -0.748079 2.151218 -0.661286 0.789006 2.133888 -0.591362 0.753690 2.127824 -0.630520 -0.705082 2.137044 -0.703163 -0.684244 2.089804 -0.704495 0.717175 2.131785 -0.676583 0.676156 2.120065 -0.711170 -0.662726 2.110885 -0.734401 -0.629899 2.127181 -0.769251 -0.599201 2.141991 -0.798688 0.632862 2.116305 -0.751872 0.593789 2.090377 -0.771025 -0.544359 2.130285 -0.828599 -0.501076 2.169475 -0.868562 -0.486745 2.116441 -0.858327 0.468815 2.089802 -0.854222 0.558206 2.131523 -0.814823 0.504205 2.118836 -0.846493 -0.447129 2.133711 -0.884824 -0.385473 2.145173 -0.916996 -0.347619 2.176453 -0.944444 -0.328436 2.136574 -0.938557 0.320642 2.103125 -0.927918 0.411621 2.147761 -0.904627 0.356344 2.130503 -0.924680 0.468708 2.135942 -0.872726 -0.286126 2.171571 -0.963940 -0.231093 2.162648 -0.977910 -0.175012 2.160174 -0.988619 -0.095798 2.140007 -0.994594 -0.065177 2.185702 -1.013267 -0.040766 2.156615 -1.006503 0.044312 2.149522 -1.001536 -0.000640 2.158557 -1.008162 0.120033 2.159766 -0.994874 0.196614 2.154518 -0.977510 0.266253 2.151817 -0.959991 0.321450 2.145362 -0.942771 -0.010823 2.201914 -1.019948 -0.276786 2.242454 0.959412 -0.328455 2.207026 0.936304 -0.288531 2.181995 0.943577 -0.219421 2.246633 0.976587 -0.173949 2.232921 0.983683 -0.126175 2.222612 0.988453 -0.062022 2.238509 0.996329 0.026266 2.239635 0.996174 0.105756 2.226160 0.985977 0.178305 2.215187 0.973643 0.244635 2.207368 0.960312 0.299423 2.200349 0.946326 0.336521 2.185996 0.930886 0.351689 2.239861 0.936896 -0.459152 2.242324 0.888902 -0.509309 2.198307 0.853692 -0.389221 2.208364 0.912838 0.394993 2.202145 0.910920 0.456327 2.181927 0.879978 0.515239 2.223622 0.861595 -0.618276 2.233440 0.793546 -0.671414 2.217326 0.751029 -0.645914 2.157973 0.754078 -0.559693 2.229911 0.831974 0.561613 2.194525 0.826377 0.610326 2.204349 0.797827 -0.708335 2.247322 0.725871 -0.740087 2.224826 0.689999 -0.708725 2.174734 0.706177 0.641419 2.187016 0.768127 0.677848 2.170968 0.732130 0.699258 2.153185 0.706959 0.720363 2.197754 0.697996 -0.773054 2.240938 0.655523 -0.794873 2.194152 0.612149 -0.757472 2.184262 0.657884 0.757496 2.168847 0.648953 0.781011 2.141436 0.610272 0.797782 2.196212 0.609642 -0.830285 2.207490 0.564041 0.835828 2.213220 0.565920 -0.861827 2.229084 0.518816 -0.879796 2.185239 0.459885 0.857450 2.174983 0.517662 0.893970 2.215144 0.472628 -0.910671 2.202939 0.395180 0.921812 2.197689 0.414310 0.929937 2.166697 0.379641 0.941804 2.211100 0.375583 -0.936222 2.239817 0.349829 -0.946132 2.197708 0.295211 -0.930844 2.184675 0.334455 0.962663 2.220271 0.320201 -0.960843 2.206784 0.239756 0.985853 2.233017 0.250967 -0.974616 2.216533 0.174668 1.000269 2.220767 0.191015 1.004261 2.200010 0.141019 1.011209 2.243987 0.165475 -0.986743 2.226090 0.102601 1.009159 2.194187 0.078275 1.017092 2.244186 0.119746 -0.997262 2.238598 0.022825 1.011941 2.196851 0.011834 1.021707 2.247551 0.060029 -0.998394 2.236965 -0.065909 1.011805 2.205343 -0.055718 1.023768 2.255049 -0.004771 -0.991435 2.220802 -0.130775 1.009912 2.217289 -0.112201 1.022898 2.268769 -0.073999 -0.987229 2.231127 -0.178674 1.014714 2.255201 -0.133915 0.997006 2.208736 -0.177799 -0.980745 2.244876 -0.224075 0.981351 2.204818 -0.244073 -0.964447 2.240760 -0.281814 -0.948453 2.180350 -0.296266 0.969582 2.233576 -0.301022 -0.942086 2.205924 -0.334662 -0.919581 2.208444 -0.394948 0.949008 2.234585 -0.359922 0.921074 2.202320 -0.403303 -0.896423 2.250608 -0.467114 0.890674 2.212301 -0.469904 -0.861850 2.198325 -0.514226 -0.840379 2.234948 -0.565107 0.868122 2.222744 -0.517488 0.840080 2.199935 -0.550829 -0.803978 2.217439 -0.613310 -0.783400 2.165311 -0.623411 0.783266 2.161866 -0.614672 0.806622 2.179923 -0.590360 -0.771335 2.200469 -0.652223 -0.732009 2.211740 -0.697857 0.708224 2.158109 -0.699390 0.777268 2.207169 -0.637807 0.734626 2.179451 -0.678317 -0.672978 2.177323 -0.747718 -0.642355 2.227757 -0.786944 -0.630408 2.171865 -0.784766 0.610716 2.140597 -0.781210 0.698111 2.201291 -0.722864 0.649490 2.169523 -0.758403 -0.596330 2.189546 -0.814089 -0.551998 2.205793 -0.848088 -0.513248 2.226232 -0.876943 0.567838 2.211023 -0.836096 0.520534 2.172465 -0.856012 0.610716 2.195339 -0.798842 -0.451056 2.213096 -0.905780 -0.402836 2.261890 -0.939322 -0.387670 2.204498 -0.934824 0.425198 2.221679 -0.921208 0.373242 2.181179 -0.934179 0.481044 2.210267 -0.888796 -0.340297 2.234566 -0.960141 -0.281584 2.236299 -0.981200 -0.226066 2.211462 -0.991553 -0.184669 2.267765 -1.011381 -0.166916 2.216959 -1.006271 -0.115592 2.198379 -1.009982 0.034085 2.187315 -1.016082 0.084095 2.197595 -1.014140 0.188578 2.223068 -1.000454 0.134144 2.213764 -1.011580 0.259998 2.219510 -0.979675 0.330710 2.212677 -0.957077 -0.124558 2.257682 -1.020164 -0.057943 2.243479 -1.024868 0.004119 2.257024 -1.029986 0.054590 2.239603 -1.025782 0.116273 2.246483 -1.021913 -0.023675 2.339181 1.017872 -0.058428 2.294410 1.009486 -0.007917 2.288560 1.009798 0.028552 2.331467 1.017051 0.042940 2.295871 1.009886 0.068399 2.327884 1.013651 -0.290221 2.319087 0.964242 -0.342916 2.267387 0.941447 -0.229478 2.299816 0.980275 -0.183263 2.280286 0.989637 -0.120109 2.284384 1.000486 0.097645 2.297965 1.002551 0.170907 2.286597 0.987886 0.239813 2.273210 0.972527 0.300531 2.259127 0.956031 0.357767 2.308326 0.944225 -0.472919 2.327506 0.894552 -0.519932 2.270773 0.863549 -0.406958 2.291812 0.919759 0.411066 2.285180 0.920941 0.471613 2.263250 0.890785 0.526760 2.280053 0.867560 -0.629101 2.306114 0.799133 -0.668108 2.276825 0.765384 -0.577015 2.301007 0.833937 0.563068 2.266663 0.843167 0.605799 2.254922 0.812167 0.639268 2.237455 0.784050 0.647191 2.295545 0.786201 -0.707549 2.314111 0.735527 -0.744434 2.280068 0.695487 0.680770 2.243934 0.747806 0.731519 2.285528 0.705461 -0.781589 2.307129 0.655513 -0.809261 2.258566 0.611522 0.768746 2.242165 0.657075 0.816078 2.276567 0.608196 -0.842481 2.271319 0.566471 0.851074 2.265864 0.561860 0.865099 2.230552 0.530371 0.877064 2.282226 0.524999 -0.866498 2.282944 0.529592 -0.889770 2.265780 0.473659 0.906572 2.301722 0.477269 -0.919633 2.287336 0.411120 0.927178 2.254324 0.425415 0.952109 2.274743 0.375063 -0.943026 2.310039 0.356007 -0.955432 2.259000 0.297431 0.974749 2.291621 0.318299 -0.972217 2.273548 0.236505 0.995033 2.312388 0.262815 -0.987766 2.286854 0.167868 1.005671 2.271328 0.208512 1.017601 2.288875 0.162388 -1.002602 2.297615 0.094713 1.025226 2.297630 0.107509 -1.013568 2.327359 0.065578 -1.017338 2.330735 0.025806 -1.010301 2.295169 0.040035 1.029805 2.305405 0.046638 -1.018782 2.338235 -0.026258 -1.010840 2.287559 -0.010878 1.031467 2.314943 -0.014924 -1.011150 2.293226 -0.061341 -1.003121 2.282968 -0.123354 1.030832 2.328510 -0.064934 -0.993235 2.278731 -0.186835 1.010591 2.273995 -0.173495 1.023087 2.315021 -0.124153 -0.984560 2.298218 -0.232952 1.012907 2.328686 -0.188411 0.995420 2.269223 -0.233793 -0.969592 2.317216 -0.293327 0.983870 2.300121 -0.289341 -0.947877 2.265862 -0.346554 -0.928646 2.290338 -0.407062 0.940012 2.265255 -0.395264 0.962983 2.298442 -0.348385 -0.912414 2.320949 -0.454185 0.941313 2.324429 -0.408016 0.917460 2.271012 -0.443511 -0.885169 2.322726 -0.509094 -0.869942 2.258764 -0.524386 0.856360 2.255362 -0.548198 0.886238 2.283252 -0.505443 -0.856360 2.292892 -0.555905 -0.821660 2.297745 -0.606253 0.857043 2.315898 -0.559907 0.822543 2.256465 -0.594905 -0.777638 2.260803 -0.657516 -0.740308 2.300058 -0.704858 0.785595 2.294514 -0.650491 0.743231 2.250539 -0.689672 -0.692215 2.260607 -0.747651 -0.651531 2.306302 -0.790015 0.705102 2.287115 -0.736422 0.657813 2.242584 -0.771363 -0.596211 2.265401 -0.828887 -0.558761 2.320950 -0.862055 -0.547167 2.260382 -0.863017 0.533638 2.227062 -0.864154 0.609524 2.274819 -0.818164 0.563616 2.262749 -0.851938 -0.503132 2.288259 -0.892373 -0.450027 2.287321 -0.920928 -0.414199 2.330558 -0.942180 0.386780 2.232407 -0.942029 0.470001 2.289552 -0.910718 0.418925 2.269483 -0.934862 0.526043 2.276940 -0.877730 -0.359030 2.309686 -0.963354 -0.300990 2.293523 -0.983000 -0.243258 2.279522 -0.998957 -0.197750 2.331350 -1.014840 0.158741 2.249116 -1.015720 0.250758 2.295467 -0.996900 0.193276 2.277051 -1.012010 0.320186 2.284375 -0.973556 0.377916 2.277909 -0.952935 -0.137965 2.319763 -1.024934 -0.075169 2.310348 -1.031329 -0.011670 2.306000 -1.034595 0.048348 2.301747 -1.033917 0.105591 2.295851 -1.029338 0.156769 2.290229 -1.022033 -0.060208 2.377333 1.018059 -0.107310 2.345045 1.010006 -0.074841 2.327296 1.013150 -0.013531 2.384884 1.022210 0.022883 2.375348 1.021326 0.066929 2.367336 1.017564 0.102431 2.351423 1.010898 0.112682 2.401432 1.011490 -0.295600 2.394831 0.965256 -0.352848 2.342440 0.945322 -0.230675 2.372728 0.982852 -0.164598 2.343533 0.997908 0.161295 2.365610 0.998931 0.235603 2.346465 0.981214 0.300249 2.328180 0.963639 0.358293 2.380062 0.948504 -0.511136 2.396012 0.879345 -0.559862 2.365255 0.851452 -0.530195 2.331231 0.866445 -0.456473 2.397835 0.906421 -0.411651 2.368898 0.924566 0.412724 2.357215 0.927818 0.465592 2.339718 0.903802 0.517187 2.329167 0.878062 0.555659 2.315878 0.855718 0.559395 2.371838 0.856267 -0.609276 2.376284 0.817653 -0.664229 2.346927 0.775126 0.600164 2.329089 0.825610 0.650728 2.374112 0.788915 -0.704275 2.387954 0.740349 -0.745925 2.349509 0.698881 0.692638 2.330812 0.749428 0.736775 2.370062 0.708645 -0.784215 2.383400 0.654989 -0.822320 2.332945 0.604663 0.776654 2.325490 0.662087 0.816769 2.365096 0.617725 -0.852490 2.374571 0.563030 -0.875652 2.330712 0.520245 -0.853638 2.318441 0.558949 0.851279 2.324515 0.570397 0.882584 2.353389 0.525782 -0.901188 2.343630 0.467985 0.912321 2.377808 0.475737 -0.925961 2.362550 0.412417 0.934752 2.325899 0.426926 0.959483 2.346103 0.373121 -0.947449 2.382888 0.355618 -0.962643 2.329155 0.297514 0.981189 2.364561 0.317149 -0.980369 2.346911 0.232704 0.999372 2.382098 0.261184 -0.998259 2.365530 0.158460 1.011002 2.333018 0.210724 1.022257 2.347060 0.155678 -1.010872 2.400997 0.109927 -1.017301 2.366755 0.064175 -1.010467 2.351038 0.099601 1.029690 2.357096 0.096211 -1.021478 2.374571 0.020283 1.033824 2.365131 0.034624 -1.022784 2.383985 -0.015939 1.034689 2.372166 -0.024633 -1.019370 2.376331 -0.062487 -1.014865 2.326171 -0.077431 1.031371 2.375991 -0.082423 -1.012176 2.343882 -0.109785 -1.001056 2.342225 -0.167275 1.023911 2.381362 -0.141580 -0.987058 2.371199 -0.233257 1.013054 2.394316 -0.198851 0.999592 2.343758 -0.246900 -0.970550 2.392617 -0.297942 0.982829 2.360613 -0.304327 -0.952055 2.339664 -0.354690 -0.932817 2.363023 -0.411169 0.962335 2.376698 -0.362681 -0.910199 2.383115 -0.464558 0.939411 2.396143 -0.419031 0.915806 2.342797 -0.463474 -0.883073 2.404604 -0.517361 0.887240 2.365643 -0.517745 -0.855120 2.355482 -0.563862 -0.820728 2.387135 -0.613835 0.856757 2.392327 -0.568243 0.823908 2.343138 -0.610061 -0.783151 2.342181 -0.660178 -0.743337 2.384855 -0.706361 0.788424 2.376561 -0.657953 0.748723 2.331934 -0.698653 -0.699689 2.344593 -0.749460 -0.655858 2.390882 -0.790058 0.709264 2.368833 -0.742264 0.663034 2.324404 -0.780573 -0.608017 2.352737 -0.828343 -0.564961 2.395441 -0.861254 0.618922 2.362310 -0.820384 0.571284 2.321023 -0.853562 -0.517686 2.368339 -0.890407 -0.466285 2.348629 -0.918027 -0.423020 2.400512 -0.939909 0.474609 2.372782 -0.915731 0.425435 2.325171 -0.937973 0.524796 2.347963 -0.885596 -0.368809 2.381579 -0.962815 -0.312236 2.363344 -0.983363 -0.255308 2.346109 -1.000961 -0.205205 2.397660 -1.015014 0.260122 2.377345 -1.001697 0.205205 2.330352 -1.014588 0.316905 2.358269 -0.982393 0.374514 2.343084 -0.960776 -0.148403 2.384010 -1.026120 -0.087815 2.374443 -1.033430 -0.024791 2.367608 -1.037160 0.038000 2.361942 -1.037239 0.098434 2.355298 -1.033493 0.154869 2.346117 -1.026020 -0.065113 2.429391 1.017249 -0.110728 2.395317 1.010617 -0.021070 2.421424 1.021296 0.015354 2.411900 1.022413 0.062090 2.419459 1.018682 0.109366 2.451815 1.011195 -0.297612 2.469485 0.962070 -0.356169 2.417383 0.945855 -0.233244 2.450457 0.980021 -0.159237 2.431096 0.998051 0.166844 2.453326 0.999514 0.232982 2.424085 0.984735 0.297895 2.402142 0.967499 0.354762 2.454120 0.948587 -0.517324 2.470526 0.873297 -0.561673 2.426043 0.850434 -0.464552 2.459603 0.899899 -0.410946 2.441085 0.924688 0.412835 2.427822 0.928339 0.457061 2.399469 0.910543 0.510103 2.401154 0.884520 0.555844 2.430866 0.858559 -0.603239 2.469714 0.819126 -0.656660 2.424815 0.780629 0.602737 2.420760 0.826282 0.652208 2.452356 0.787036 -0.697576 2.468899 0.740477 -0.743365 2.427804 0.698885 0.694977 2.412456 0.750488 0.734069 2.452631 0.709980 -0.781520 2.466750 0.651435 -0.820482 2.418717 0.607146 0.777050 2.410400 0.665148 0.814831 2.449769 0.617483 -0.852914 2.447848 0.558000 -0.879954 2.398594 0.514932 0.852180 2.401049 0.571901 0.884615 2.430500 0.521686 -0.905918 2.415965 0.461896 0.914843 2.453562 0.467066 -0.928434 2.434125 0.407876 0.939491 2.399404 0.422343 0.963281 2.419197 0.366306 -0.948021 2.456568 0.350969 -0.966453 2.403338 0.294967 0.983768 2.434604 0.308913 -0.983726 2.424391 0.230170 1.000034 2.448930 0.251541 -0.998706 2.453077 0.164184 1.013509 2.397306 0.204518 1.023742 2.409296 0.145286 -1.010631 2.451276 0.106756 -1.018417 2.418778 0.059488 1.030380 2.419146 0.082895 -1.022597 2.411070 0.012915 1.033967 2.423576 0.020418 -1.021977 2.420521 -0.023281 1.033801 2.426866 -0.038031 -1.018600 2.428459 -0.067106 1.029272 2.434534 -0.095156 -1.012739 2.394269 -0.112872 -1.001022 2.430046 -0.161316 1.021534 2.442330 -0.151282 -0.984171 2.449023 -0.235428 1.010385 2.457858 -0.200297 0.998211 2.414225 -0.253169 -0.967184 2.467157 -0.299902 0.979214 2.434088 -0.310985 -0.952092 2.413649 -0.358143 -0.930940 2.435246 -0.413798 0.957911 2.449284 -0.370455 -0.906215 2.457403 -0.467044 0.935500 2.466772 -0.423122 0.913565 2.418800 -0.471685 -0.878407 2.480839 -0.518096 0.884654 2.441939 -0.522939 -0.852470 2.433934 -0.567026 -0.817624 2.471853 -0.611982 0.854589 2.464811 -0.570087 0.823917 2.422426 -0.614691 -0.782388 2.427770 -0.660671 -0.740394 2.470496 -0.703944 0.788205 2.454069 -0.658598 0.750952 2.411407 -0.701670 -0.700586 2.429239 -0.748177 -0.654996 2.475131 -0.785850 0.711031 2.447834 -0.741089 0.666492 2.406883 -0.782225 -0.605610 2.441807 -0.829407 -0.561150 2.453872 -0.862538 0.618871 2.445279 -0.819816 0.572423 2.397303 -0.855964 -0.523322 2.439285 -0.886571 -0.474336 2.422202 -0.914026 -0.426007 2.471461 -0.935071 0.468449 2.448077 -0.918648 0.423850 2.395758 -0.942039 0.521371 2.426327 -0.888823 -0.373977 2.452987 -0.958399 -0.316117 2.437199 -0.980220 -0.259318 2.417375 -0.999686 -0.204869 2.463438 -1.012551 0.256446 2.448635 -1.002758 0.205996 2.396173 -1.016750 0.313378 2.432332 -0.985438 0.369905 2.414657 -0.965007 -0.154742 2.446818 -1.024166 -0.098008 2.437270 -1.031931 -0.036527 2.430562 -1.036214 0.026828 2.424538 -1.037004 0.089378 2.417753 -1.034132 0.149374 2.408913 -1.027430 -0.100585 2.445256 1.010474 -0.026766 2.465310 1.017289 -0.066632 2.468818 1.013640 0.025536 2.457657 1.018458 0.060471 2.502599 1.010663 0.076845 2.469601 1.014208 -0.296905 2.540087 0.955296 -0.355042 2.490635 0.942181 -0.236855 2.524119 0.972309 -0.168725 2.509977 0.987924 -0.095826 2.498729 1.002732 0.122472 2.512701 1.002188 0.185899 2.516754 0.991808 0.232083 2.497061 0.982680 0.292632 2.477593 0.967044 0.345060 2.528611 0.945387 -0.556943 2.483698 0.850298 -0.469966 2.540658 0.886284 -0.527062 2.522062 0.862102 -0.408492 2.515802 0.918170 0.407773 2.503570 0.924506 0.471884 2.467837 0.900206 0.514311 2.521764 0.873083 0.526519 2.463796 0.873678 -0.608884 2.544764 0.805325 -0.650448 2.504191 0.778711 -0.565214 2.534566 0.836765 0.567960 2.492555 0.845182 0.615541 2.489297 0.813014 0.645440 2.522136 0.785262 -0.683664 2.559498 0.737388 -0.736480 2.514142 0.693761 0.689043 2.491537 0.750609 0.722566 2.532089 0.711354 -0.775069 2.551375 0.643134 -0.819601 2.507807 0.596227 0.769771 2.496950 0.665105 0.809213 2.542828 0.608100 -0.853641 2.509262 0.547686 -0.881861 2.477493 0.503471 0.851020 2.480639 0.566213 0.883345 2.514239 0.510417 -0.908590 2.477128 0.449366 0.916965 2.525335 0.447360 -0.925192 2.506696 0.401633 0.941491 2.471240 0.411182 0.963594 2.496111 0.351519 -0.944892 2.530290 0.341251 -0.966137 2.478490 0.289570 0.984357 2.492887 0.292781 -0.981770 2.497169 0.229388 0.995512 2.520878 0.237307 -0.991096 2.516505 0.183419 1.012660 2.461197 0.192715 1.021692 2.471491 0.132019 -1.013947 2.468937 0.074395 -1.001855 2.512245 0.120133 1.026894 2.485879 0.064270 -1.010761 2.501971 0.058272 -1.018667 2.456879 0.023257 1.031611 2.470398 0.002514 -1.018175 2.464487 -0.028739 1.029312 2.483296 -0.046153 -1.015108 2.468003 -0.068443 -1.012438 2.444358 -0.102464 -1.004840 2.498072 -0.097561 1.023338 2.496508 -0.105405 -0.991140 2.509220 -0.170589 1.017180 2.488840 -0.157578 -0.976485 2.522867 -0.238990 1.007732 2.510384 -0.185519 0.992881 2.496288 -0.245062 -0.960337 2.537784 -0.299428 0.970223 2.508367 -0.317127 -0.948122 2.486895 -0.357492 -0.925438 2.510903 -0.410123 0.950209 2.514250 -0.376487 -0.898337 2.534312 -0.464005 0.932582 2.521863 -0.418413 0.908973 2.500451 -0.469701 -0.870591 2.550466 -0.515936 0.877241 2.509571 -0.526897 -0.848441 2.510168 -0.562954 -0.813140 2.562756 -0.598541 0.853119 2.519287 -0.565262 0.822537 2.502440 -0.609959 -0.776361 2.516355 -0.655502 -0.731065 2.556350 -0.698387 0.783763 2.523030 -0.656242 0.750613 2.486514 -0.698412 -0.695139 2.514748 -0.743278 -0.648909 2.554975 -0.778249 0.712148 2.521419 -0.732513 0.666955 2.488932 -0.776743 -0.609424 2.524353 -0.816469 -0.567561 2.505439 -0.851216 -0.531985 2.490789 -0.877224 -0.520986 2.549351 -0.873004 0.610309 2.535794 -0.815311 0.566467 2.476710 -0.856209 -0.475126 2.508956 -0.905575 -0.418988 2.528175 -0.932328 0.452667 2.511333 -0.921197 0.415874 2.466614 -0.943797 0.507739 2.510750 -0.889930 -0.377416 2.518545 -0.950887 -0.319637 2.511128 -0.971763 -0.250395 2.499183 -0.994958 -0.193251 2.516711 -1.009868 0.244590 2.515024 -1.000576 0.199023 2.462155 -1.016189 0.302299 2.502441 -0.984931 0.360483 2.487217 -0.965304 -0.157147 2.502523 -1.019824 -0.107035 2.495638 -1.027197 -0.048270 2.491254 -1.031656 0.014752 2.486501 -1.033049 0.078193 2.480153 -1.031178 0.139767 2.472232 -1.025655 -0.041170 2.500950 1.010351 0.009807 2.508410 1.010677 -0.293986 2.602228 0.946422 -0.347844 2.561678 0.935575 -0.239789 2.591475 0.961446 -0.175592 2.580692 0.975271 -0.104048 2.570540 0.987271 -0.024402 2.557620 0.997462 0.064384 2.558942 0.998099 0.129094 2.574900 0.990765 0.177064 2.564400 0.986202 0.222529 2.550475 0.979325 0.279847 2.554254 0.962786 0.331274 2.588748 0.941001 -0.452273 2.632275 0.873875 -0.515731 2.585014 0.853963 -0.390414 2.603877 0.908861 0.390438 2.585942 0.918821 0.457327 2.550341 0.896508 0.501160 2.589229 0.867458 -0.641636 2.563146 0.776526 -0.567705 2.607551 0.817529 -0.613815 2.595242 0.790594 0.546494 2.560023 0.847573 0.597009 2.554740 0.815200 0.633807 2.566215 0.786672 -0.677430 2.640710 0.719540 -0.727510 2.615014 0.677145 -0.642301 2.617112 0.759639 0.670352 2.574730 0.752005 0.710702 2.582397 0.713207 -0.771857 2.615860 0.629345 -0.803704 2.591899 0.595901 0.746850 2.592907 0.669615 0.786294 2.630667 0.609547 -0.867399 2.542409 0.515098 -0.838869 2.569843 0.552206 0.830061 2.604733 0.561571 0.849578 2.544066 0.555973 -0.861298 2.604996 0.500009 -0.894023 2.548546 0.458597 0.863516 2.577481 0.524400 0.889205 2.585897 0.475693 -0.918268 2.589039 0.386015 0.921710 2.593598 0.408059 0.940403 2.530014 0.398512 -0.940579 2.590329 0.327560 -0.962143 2.554874 0.276901 0.949742 2.559798 0.363127 0.970294 2.559010 0.303925 -0.978675 2.550475 0.220019 0.982021 2.585069 0.246953 -0.985849 2.564197 0.174790 0.997007 2.576475 0.184345 1.010122 2.514023 0.175621 -0.990834 2.574630 0.127066 1.003296 2.598936 0.107935 1.014698 2.533741 0.123850 -1.011374 2.507778 0.007865 -0.998633 2.558589 0.062494 1.018198 2.547198 0.071676 1.023883 2.528670 0.011823 -1.011637 2.500279 -0.042942 -0.998971 2.557305 -0.026033 1.021842 2.538374 -0.050185 -0.989833 2.570317 -0.105635 1.012810 2.580561 -0.059522 1.005601 2.587266 -0.105427 1.017249 2.548637 -0.092449 -0.978726 2.580268 -0.177428 0.995503 2.571383 -0.179042 1.013036 2.534724 -0.138581 -0.965696 2.590361 -0.242115 0.975680 2.575450 -0.257476 -0.951457 2.599813 -0.296961 0.954404 2.579244 -0.331462 -0.941591 2.557641 -0.350804 -0.916256 2.596227 -0.394573 0.932993 2.607997 -0.374878 0.919527 2.568085 -0.426405 0.939786 2.558701 -0.387115 -0.881610 2.614100 -0.464983 0.887794 2.575191 -0.484850 -0.858294 2.601240 -0.519757 -0.846450 2.568135 -0.552178 -0.831357 2.622054 -0.552326 0.857157 2.603256 -0.528728 0.838808 2.563774 -0.572932 0.864486 2.554558 -0.537326 -0.796263 2.643532 -0.592332 0.804706 2.567652 -0.618455 -0.760505 2.616212 -0.647097 -0.719450 2.619020 -0.694482 0.779133 2.566449 -0.652589 0.748569 2.558888 -0.687973 -0.680860 2.608499 -0.734687 -0.635638 2.615756 -0.774424 0.713950 2.570524 -0.721509 0.672762 2.573402 -0.756959 -0.603216 2.597070 -0.805078 -0.561959 2.576461 -0.839885 -0.509645 2.621563 -0.861855 0.563035 2.600948 -0.836037 0.519676 2.576961 -0.871431 0.555439 2.540843 -0.855801 0.616329 2.621011 -0.790926 -0.466448 2.595772 -0.893187 -0.421488 2.577904 -0.921064 -0.385093 2.564957 -0.940982 -0.369526 2.616571 -0.935405 0.454321 2.589497 -0.904409 0.404814 2.536908 -0.940512 -0.329563 2.583140 -0.956792 -0.260049 2.575403 -0.978849 -0.188800 2.571622 -0.998747 -0.159047 2.544081 -1.013447 -0.134164 2.579999 -1.009329 0.227294 2.582922 -0.993328 0.186293 2.524866 -1.012445 0.282766 2.559831 -0.983181 0.341591 2.563460 -0.962110 -0.117574 2.545066 -1.019521 -0.062202 2.546767 -1.023537 0.000614 2.545590 -1.025248 0.065296 2.540631 -1.024234 0.127128 2.532192 -1.020469 -0.331539 2.617910 0.930707 -0.244882 2.653489 0.947125 -0.294376 2.646692 0.936463 -0.183067 2.644345 0.960410 -0.115227 2.637795 0.970507 -0.040866 2.630653 0.978101 0.037513 2.624599 0.981644 0.110983 2.620589 0.980390 0.164588 2.609288 0.978149 0.228500 2.612757 0.964543 0.275006 2.655930 0.941881 0.292451 2.614604 0.948038 -0.439016 2.703550 0.859692 -0.500828 2.677630 0.834788 -0.387285 2.686026 0.887127 -0.323562 2.674418 0.916202 0.338099 2.652354 0.922406 0.393919 2.641432 0.905169 0.444452 2.625893 0.886686 0.490650 2.633173 0.862453 -0.557227 2.673306 0.803212 -0.599529 2.648681 0.782966 0.540403 2.636124 0.830780 0.586364 2.665660 0.791892 0.612888 2.610434 0.789704 -0.698576 2.662739 0.691889 -0.627274 2.701536 0.737267 -0.675121 2.694396 0.699919 0.636002 2.660133 0.754920 0.667939 2.693454 0.715209 0.693230 2.629240 0.715217 -0.788899 2.646080 0.596642 -0.707617 2.704700 0.661484 -0.756128 2.677683 0.621406 0.713185 2.670726 0.679862 0.727824 2.710530 0.646237 0.750097 2.658731 0.644693 -0.786458 2.684674 0.581624 -0.818648 2.661924 0.542474 0.763422 2.690268 0.612887 0.803021 2.695973 0.552912 -0.854821 2.666946 0.480103 -0.885528 2.637388 0.435969 0.854729 2.637860 0.509258 0.882969 2.664568 0.443238 -0.905231 2.647243 0.386844 0.915657 2.668791 0.371724 -0.947788 2.615703 0.289093 -0.922673 2.655325 0.332744 0.944360 2.615242 0.342761 0.960956 2.634508 0.278547 -0.942021 2.657181 0.271521 -0.964391 2.613108 0.225966 0.978177 2.626927 0.221405 -0.978264 2.609263 0.162543 0.983377 2.644551 0.166375 -0.981036 2.620595 0.109214 0.987243 2.658834 0.109798 -0.983017 2.624690 0.036006 0.997472 2.637975 0.045465 1.012953 2.581314 0.046488 -0.980307 2.630854 -0.042249 0.997152 2.635846 -0.040760 1.012858 2.585396 -0.007589 -0.973495 2.637964 -0.116763 0.986653 2.644431 -0.119026 -0.964092 2.644112 -0.185075 0.973761 2.644261 -0.195219 -0.951508 2.652201 -0.247723 0.956060 2.648523 -0.269532 -0.941579 2.643772 -0.298034 -0.936522 2.613643 -0.335312 -0.922104 2.668950 -0.328728 0.942771 2.637108 -0.328029 -0.894568 2.674901 -0.395451 0.926012 2.659046 -0.354631 0.904104 2.641753 -0.414457 -0.867927 2.689429 -0.448757 0.870734 2.645654 -0.480462 -0.850928 2.656725 -0.502433 -0.809996 2.707175 -0.535782 0.849566 2.644141 -0.520848 0.821201 2.633121 -0.568524 -0.777503 2.696718 -0.591066 -0.771605 2.664169 -0.616677 -0.743060 2.705552 -0.628132 0.785295 2.670284 -0.601842 0.750006 2.676043 -0.644252 0.773692 2.614665 -0.640689 -0.715076 2.672410 -0.676698 -0.698249 2.647837 -0.706271 -0.668456 2.696005 -0.712115 0.714380 2.694076 -0.678630 0.687333 2.678797 -0.713434 0.716733 2.626987 -0.700580 -0.631502 2.671910 -0.756496 -0.602151 2.650939 -0.789508 -0.581849 2.708994 -0.781080 0.654549 2.699835 -0.734934 0.622384 2.678476 -0.768505 0.662837 2.646672 -0.746397 -0.547478 2.664622 -0.822508 -0.492013 2.680252 -0.854075 0.558590 2.688798 -0.808764 0.507965 2.639286 -0.860850 -0.456982 2.664740 -0.878982 -0.403073 2.652996 -0.909050 -0.350690 2.667617 -0.928781 0.385756 2.660250 -0.918256 0.348299 2.624250 -0.946583 0.389232 2.596239 -0.936096 0.449818 2.676231 -0.881920 -0.318730 2.650456 -0.945414 -0.266686 2.642020 -0.961980 -0.198230 2.641346 -0.977943 -0.120393 2.638022 -0.993524 -0.082431 2.594959 -1.011640 -0.041887 2.650279 -0.998553 -0.017816 2.600320 -1.013686 0.027201 2.654435 -0.998455 0.049342 2.599025 -1.013072 0.099438 2.650878 -0.995060 0.115751 2.590383 -1.010329 0.176375 2.632661 -0.990735 0.168371 2.574604 -1.007273 0.231673 2.633054 -0.980494 0.286401 2.626762 -0.966605 -0.271780 2.683254 0.931896 -0.190441 2.698415 0.944363 -0.234074 2.702545 0.935175 -0.128334 2.697350 0.952231 -0.057221 2.694264 0.958521 0.018086 2.688472 0.962319 0.093892 2.679634 0.963017 0.170480 2.664105 0.960578 0.206853 2.710754 0.938903 0.232622 2.674041 0.946723 -0.462423 2.723414 0.841626 -0.386162 2.757437 0.862039 -0.435905 2.747017 0.845785 -0.323662 2.745402 0.889642 -0.257251 2.735868 0.914678 0.275043 2.715667 0.920389 0.337290 2.706759 0.905350 0.394991 2.694483 0.887252 0.436721 2.728432 0.856373 0.468488 2.675469 0.859806 -0.578513 2.703103 0.776156 -0.467786 2.767472 0.817525 -0.531135 2.733771 0.793567 0.493260 2.724633 0.827522 0.534080 2.751487 0.792520 0.549202 2.700168 0.804510 -0.606493 2.786000 0.711474 -0.656574 2.766936 0.677891 -0.569306 2.762397 0.752656 0.583494 2.716242 0.773852 0.622797 2.726716 0.739019 0.650639 2.732244 0.714134 -0.696855 2.771387 0.635999 -0.731434 2.749958 0.610086 0.678389 2.739960 0.682143 0.709695 2.747918 0.646361 -0.792903 2.707647 0.558763 -0.768163 2.731102 0.576832 0.736727 2.757173 0.606043 0.767423 2.786940 0.543515 -0.866448 2.696145 0.439766 -0.792470 2.752858 0.524877 -0.835328 2.730967 0.470190 0.819097 2.763657 0.483277 0.845967 2.697937 0.488531 -0.860810 2.738206 0.418001 -0.889141 2.702286 0.383180 0.857937 2.727039 0.447977 0.880621 2.737450 0.390829 -0.906419 2.710798 0.329974 0.915310 2.727225 0.316194 0.937651 2.668625 0.319552 -0.947122 2.674918 0.229749 -0.921225 2.717873 0.270253 0.943341 2.690531 0.280186 0.959440 2.685418 0.222574 -0.939779 2.711806 0.204023 -0.961196 2.664523 0.168402 0.965231 2.709385 0.144064 -0.964366 2.680065 0.092308 0.978501 2.693263 0.079904 -0.964398 2.688983 0.016783 0.978187 2.698786 0.017821 -0.961278 2.694795 -0.058530 0.973969 2.704237 -0.057686 -0.955572 2.697660 -0.130034 0.963047 2.714242 -0.134206 -0.948228 2.698091 -0.192859 0.954524 2.703665 -0.208407 -0.939502 2.701183 -0.237384 -0.936727 2.680702 -0.275650 -0.919467 2.732650 -0.262147 0.937769 2.742386 -0.223134 0.923454 2.742008 -0.271492 0.943229 2.705957 -0.255831 -0.896058 2.737169 -0.331597 0.905695 2.717418 -0.347005 0.934808 2.686195 -0.304944 -0.871248 2.743831 -0.395020 0.872655 2.713429 -0.426698 -0.852990 2.738157 -0.443346 -0.843331 2.711907 -0.480987 -0.823748 2.771758 -0.465676 0.844260 2.745750 -0.458390 0.817617 2.749965 -0.502006 0.842025 2.691831 -0.502036 -0.783735 2.793551 -0.513574 0.785276 2.757488 -0.548183 0.768712 2.719795 -0.596740 0.805084 2.704589 -0.553804 -0.755332 2.769260 -0.572557 -0.718633 2.771309 -0.618536 0.732971 2.727221 -0.639081 -0.687276 2.756610 -0.661167 -0.644166 2.764748 -0.700332 0.709439 2.727879 -0.667938 0.682838 2.724971 -0.696702 -0.606843 2.756022 -0.737458 -0.559783 2.766658 -0.770658 0.651890 2.733832 -0.721534 0.614553 2.734831 -0.749730 -0.531124 2.746602 -0.800431 -0.481632 2.738334 -0.835502 -0.455350 2.712389 -0.863423 -0.433075 2.752505 -0.857853 0.488145 2.760029 -0.822771 0.452591 2.728577 -0.860821 0.492620 2.699245 -0.849398 0.555146 2.773274 -0.772503 -0.405318 2.724942 -0.882435 -0.340948 2.720874 -0.911671 -0.315510 2.693610 -0.933638 -0.288748 2.729058 -0.928244 0.321586 2.724519 -0.919445 0.286335 2.687526 -0.947864 0.327600 2.666423 -0.941450 0.396442 2.734850 -0.884921 -0.274112 2.694936 -0.945282 -0.214255 2.700785 -0.956880 -0.135795 2.712423 -0.966828 -0.060180 2.704243 -0.978738 0.000209 2.697855 -0.984341 0.069144 2.715206 -0.975291 0.151359 2.700004 -0.972019 0.228775 2.681371 -0.964737 -0.202664 2.736981 0.928216 -0.146834 2.748489 0.931763 -0.076143 2.751460 0.936966 -0.001644 2.748602 0.940620 0.074019 2.740390 0.942107 0.147262 2.726232 0.941579 -0.416972 2.784958 0.837260 -0.324274 2.807413 0.863460 -0.367263 2.827984 0.836721 -0.257346 2.809167 0.882346 -0.182777 2.793697 0.905846 -0.100070 2.803985 0.912361 -0.023953 2.804962 0.916291 0.052600 2.799267 0.918052 0.129698 2.786220 0.918045 0.202851 2.761962 0.918119 0.261887 2.789443 0.892725 0.335197 2.756033 0.885848 0.366378 2.795911 0.856290 0.393174 2.753901 0.865533 -0.458447 2.827821 0.792401 -0.503922 2.822464 0.764132 -0.421311 2.825611 0.813758 0.427017 2.784019 0.835076 0.487075 2.784903 0.804622 0.521257 2.787213 0.783796 -0.623726 2.809274 0.684379 -0.559645 2.831070 0.720668 -0.593796 2.847952 0.683679 0.562269 2.786744 0.753449 0.597271 2.801779 0.719099 0.625156 2.767214 0.716309 -0.710119 2.802408 0.600958 -0.632450 2.837809 0.656610 -0.671083 2.835056 0.619204 0.628805 2.811883 0.684061 0.660547 2.820997 0.649499 0.685823 2.784730 0.647754 -0.703410 2.841589 0.579009 -0.740707 2.814454 0.550992 0.686941 2.830268 0.613688 0.710765 2.841034 0.580329 0.728846 2.812819 0.578724 -0.775545 2.820484 0.496669 -0.806192 2.800766 0.463747 0.729173 2.849752 0.547160 0.771596 2.843354 0.489109 -0.868183 2.761312 0.379171 -0.838477 2.794390 0.407410 0.820600 2.823876 0.426768 0.849107 2.769848 0.428664 -0.858659 2.803349 0.352100 -0.887499 2.760974 0.325783 0.855016 2.795058 0.390521 0.872988 2.804265 0.329798 -0.894280 2.792637 0.255107 0.908846 2.782699 0.255802 0.934860 2.728934 0.256430 -0.942957 2.727075 0.145084 -0.919535 2.763589 0.199070 0.911039 2.816450 0.177108 0.938608 2.750384 0.200950 -0.944176 2.741121 0.072419 -0.920160 2.787310 0.126886 0.941809 2.768106 0.143027 0.956008 2.750824 0.078023 -0.943328 2.749254 -0.002919 -0.920882 2.799832 0.050790 0.955770 2.758184 -0.001421 -0.940175 2.751949 -0.077603 -0.919582 2.805243 -0.025286 0.952527 2.762235 -0.069960 -0.935398 2.748447 -0.149092 -0.915905 2.803937 -0.102003 0.934224 2.803012 -0.083664 0.925191 2.807677 -0.133899 0.945207 2.770921 -0.118206 -0.932281 2.736028 -0.205854 -0.909770 2.792364 -0.186627 0.916053 2.794738 -0.208871 0.942134 2.757427 -0.170961 -0.886774 2.804481 -0.265233 0.891489 2.796445 -0.288828 -0.870383 2.794917 -0.337296 0.873459 2.774548 -0.366213 -0.854363 2.796231 -0.381178 -0.847761 2.776034 -0.418462 -0.825740 2.831046 -0.400398 0.846863 2.809568 -0.387807 0.824567 2.798209 -0.444771 0.854428 2.769593 -0.416526 -0.787509 2.847978 -0.456282 0.793033 2.795376 -0.504515 -0.754500 2.855168 -0.504649 -0.758610 2.813894 -0.536640 -0.732681 2.840051 -0.549255 0.772340 2.790583 -0.542009 0.744412 2.778500 -0.588558 -0.701526 2.832471 -0.593416 -0.695696 2.796324 -0.628905 -0.667639 2.826796 -0.636141 0.711037 2.797669 -0.617476 0.681400 2.807442 -0.643817 0.703166 2.763237 -0.651289 -0.629280 2.824928 -0.675330 -0.619220 2.792285 -0.707882 -0.589374 2.823994 -0.712585 0.653531 2.814395 -0.669138 0.625369 2.820840 -0.691245 0.652517 2.774525 -0.696054 -0.545044 2.826177 -0.746344 -0.525056 2.796045 -0.780379 -0.501117 2.834389 -0.773863 0.596448 2.825996 -0.713675 0.564621 2.826716 -0.736126 0.601813 2.793061 -0.729031 -0.480301 2.805390 -0.803086 -0.420979 2.805344 -0.835866 -0.395518 2.778937 -0.863778 -0.369481 2.819645 -0.853943 0.422321 2.823767 -0.823884 0.389808 2.789888 -0.861821 0.430608 2.768329 -0.853274 0.500484 2.833912 -0.772820 -0.343550 2.787981 -0.880526 -0.273316 2.783091 -0.906994 -0.236717 2.746271 -0.934963 -0.196146 2.801530 -0.918333 -0.171613 2.758568 -0.943800 -0.129379 2.808467 -0.927656 -0.117051 2.770446 -0.948149 -0.080674 2.801647 -0.937596 0.100649 2.817907 -0.926033 0.068123 2.772576 -0.952312 0.127424 2.760263 -0.951235 0.170310 2.795991 -0.927027 0.198907 2.745646 -0.945296 0.249689 2.794127 -0.908248 0.258490 2.728692 -0.938791 0.336751 2.787764 -0.883822 -0.068706 2.760430 -0.956767 0.003525 2.753849 -0.962164 -0.322572 2.846830 0.845008 -0.283351 2.854994 0.853241 -0.190719 2.855858 0.874950 -0.235561 2.864838 0.861580 -0.123191 2.856366 0.884246 -0.048547 2.858496 0.889229 0.027666 2.855665 0.891305 0.106397 2.846099 0.891212 0.190695 2.828892 0.888783 0.220009 2.873017 0.859713 0.252582 2.839340 0.871210 0.310026 2.820302 0.863801 -0.462947 2.855705 0.772815 -0.430076 2.868213 0.783961 -0.312214 2.894661 0.819026 -0.380239 2.877092 0.802745 -0.244550 2.902152 0.837015 0.277983 2.872781 0.844151 0.362680 2.853995 0.824268 0.443699 2.831915 0.801385 0.465649 2.851590 0.778197 0.497478 2.819172 0.779557 -0.559494 2.869975 0.696231 -0.454785 2.903865 0.743442 -0.517201 2.898626 0.704736 -0.396419 2.917575 0.767757 0.500533 2.861896 0.748067 0.536421 2.873332 0.716646 0.566979 2.837501 0.718416 -0.638417 2.867906 0.629067 -0.562766 2.901592 0.669365 -0.603245 2.900252 0.634901 0.570087 2.882008 0.682484 0.603679 2.890599 0.648503 0.632389 2.856054 0.649348 -0.710378 2.859955 0.554821 -0.642040 2.897414 0.599510 -0.678154 2.894557 0.560948 0.634219 2.897131 0.612742 0.663956 2.903444 0.578010 0.687940 2.871784 0.579643 -0.783321 2.848900 0.457956 -0.714173 2.886873 0.522538 -0.748409 2.881642 0.477434 0.689156 2.908331 0.542566 0.714524 2.910891 0.508750 0.730545 2.884496 0.513016 -0.775973 2.884709 0.429845 -0.804102 2.851381 0.414799 0.736058 2.909555 0.475771 0.780184 2.884502 0.431379 -0.865786 2.826157 0.298408 -0.827125 2.865576 0.341685 0.811719 2.871329 0.387968 0.839887 2.836444 0.373143 -0.873190 2.843389 0.243627 -0.846584 2.879314 0.263778 0.827286 2.883873 0.328307 0.868908 2.859468 0.248432 -0.862233 2.876838 0.209908 -0.890920 2.831148 0.184824 0.877859 2.877749 0.173442 -0.894317 2.846702 0.102535 0.898799 2.860563 0.102030 0.929526 2.803223 0.110214 -0.895108 2.855097 0.025869 0.903718 2.862684 0.014355 0.931140 2.809784 0.046767 -0.892935 2.857957 -0.049768 0.906843 2.853309 -0.071903 0.932467 2.810359 -0.027005 -0.887830 2.855684 -0.125972 0.895692 2.854631 -0.152696 -0.878565 2.854101 -0.196079 0.883222 2.850044 -0.223620 -0.864643 2.862274 -0.243671 -0.855624 2.850035 -0.296490 -0.838749 2.901058 -0.253401 0.855654 2.888786 -0.240368 0.837810 2.886529 -0.295960 0.867154 2.852623 -0.275337 -0.846334 2.834423 -0.349315 -0.815741 2.897269 -0.327139 0.814109 2.865672 -0.382301 0.857245 2.832510 -0.332029 -0.790584 2.892790 -0.396958 0.787367 2.842183 -0.464756 -0.759254 2.911747 -0.434220 -0.761213 2.880813 -0.469258 -0.736339 2.908354 -0.476796 0.762226 2.860799 -0.487955 0.735600 2.870840 -0.516690 0.759651 2.826437 -0.526590 -0.708268 2.903184 -0.520735 -0.706714 2.868266 -0.558425 -0.677891 2.897184 -0.564781 0.708736 2.878431 -0.547128 0.679414 2.884685 -0.577296 0.710368 2.838087 -0.582532 -0.643542 2.892178 -0.606797 -0.638356 2.858584 -0.642619 -0.607242 2.888841 -0.647104 0.649667 2.890604 -0.607234 0.618857 2.894713 -0.635441 0.652205 2.852340 -0.638332 -0.568052 2.886605 -0.683802 -0.558434 2.856503 -0.716522 -0.526067 2.886725 -0.718278 0.588218 2.898278 -0.662880 0.558070 2.900403 -0.686669 0.593167 2.861697 -0.688366 -0.482004 2.886072 -0.749862 -0.466627 2.855460 -0.782434 -0.438274 2.888997 -0.775801 0.527718 2.900292 -0.710957 0.496121 2.893663 -0.735887 0.539938 2.869921 -0.724470 -0.426055 2.858235 -0.802405 -0.353211 2.878745 -0.823391 -0.330251 2.841382 -0.858127 -0.297576 2.874594 -0.849730 0.258055 2.899992 -0.841757 0.235394 2.858852 -0.876602 0.298479 2.845294 -0.864442 0.349006 2.892727 -0.812144 0.359651 2.829107 -0.851537 0.436610 2.886324 -0.775007 -0.284779 2.838620 -0.875137 -0.219268 2.846489 -0.888414 -0.146043 2.854733 -0.898435 -0.065666 2.850902 -0.910138 -0.024158 2.806576 -0.937466 0.027926 2.854894 -0.909828 0.035839 2.803566 -0.939086 0.099644 2.870852 -0.895635 0.170500 2.850818 -0.896255 -0.200053 2.896520 0.851525 -0.144376 2.906663 0.853863 -0.073191 2.909676 0.859506 -0.000309 2.908733 0.862525 0.077353 2.903427 0.861845 0.157511 2.889059 0.860870 -0.348690 2.925657 0.784433 -0.249804 2.948566 0.804651 -0.296144 2.967251 0.774434 -0.184148 2.946346 0.821850 -0.094929 2.965636 0.821488 -0.028743 2.951076 0.836530 0.042232 2.961737 0.827947 0.129263 2.945894 0.828660 0.220037 2.922829 0.826582 0.301487 2.912712 0.810833 0.322228 2.937267 0.786949 0.353328 2.910559 0.792906 0.419296 2.885457 0.778329 -0.475090 2.934633 0.708114 -0.404864 2.959003 0.732312 -0.440538 2.970021 0.701492 -0.355160 2.967121 0.750195 0.361973 2.951817 0.756709 0.446725 2.921496 0.736781 0.470386 2.938904 0.709428 0.505399 2.905922 0.712816 -0.567476 2.930592 0.641952 -0.484797 2.962348 0.677837 -0.529402 2.958755 0.646747 0.506529 2.947632 0.675720 0.542425 2.956065 0.642063 0.573003 2.923658 0.645667 -0.645144 2.926555 0.569448 -0.571068 2.957834 0.612757 -0.609631 2.955826 0.576348 0.576415 2.961333 0.606073 0.609577 2.966335 0.570524 0.636995 2.934947 0.574594 -0.717194 2.916397 0.487653 -0.646828 2.953748 0.537542 -0.683038 2.948431 0.496290 0.640340 2.968680 0.533129 0.670646 2.970372 0.495441 0.693370 2.940093 0.502282 -0.785978 2.905807 0.379722 -0.718653 2.943269 0.450752 -0.751914 2.928918 0.413421 0.698451 2.969383 0.455422 0.735968 2.966397 0.399264 0.747970 2.931541 0.428358 -0.794220 2.926446 0.328395 -0.755322 2.967783 0.344202 0.756132 2.964979 0.362610 0.778769 2.924584 0.378711 -0.783326 2.959835 0.293230 -0.813385 2.923724 0.278931 0.777298 2.963681 0.311362 0.803990 2.966152 0.235024 0.826289 2.920128 0.265904 -0.863833 2.891404 0.148564 -0.830465 2.927746 0.203570 0.817946 2.970547 0.167594 0.843952 2.920973 0.204271 -0.867006 2.901177 0.072571 -0.830418 2.950996 0.112531 0.823077 2.978467 0.086562 0.856932 2.922717 0.132119 -0.867464 2.905789 -0.000349 -0.842876 2.943242 0.041518 0.842935 2.957732 0.014372 0.868417 2.917607 0.055090 -0.862706 2.909048 -0.074457 -0.835671 2.954842 -0.021869 0.838680 2.960266 -0.054210 0.873673 2.911978 -0.023253 -0.857472 2.905248 -0.148969 -0.825852 2.962334 -0.102809 0.832555 2.954906 -0.135915 0.870061 2.908187 -0.102110 -0.854686 2.894985 -0.206336 -0.825635 2.944287 -0.189760 0.818457 2.943480 -0.231883 0.861285 2.901951 -0.180108 -0.805870 2.949462 -0.255806 0.801546 2.925527 -0.320096 -0.773554 2.972768 -0.299222 -0.775301 2.939553 -0.360719 -0.748469 2.982269 -0.346045 0.776790 2.946991 -0.343556 0.747792 2.955558 -0.385007 0.781916 2.920035 -0.374218 -0.769124 2.926670 -0.397249 -0.744833 2.960055 -0.393618 0.721864 2.942694 -0.450036 0.758771 2.898130 -0.445807 -0.713629 2.962721 -0.442102 -0.711762 2.934551 -0.482882 -0.683650 2.961150 -0.487822 0.698362 2.951724 -0.475553 0.669603 2.957945 -0.506699 0.703721 2.915238 -0.511436 -0.651170 2.957578 -0.531696 -0.648286 2.926249 -0.570455 -0.616645 2.953937 -0.574518 0.639441 2.963411 -0.539413 0.607429 2.966907 -0.571157 0.644781 2.926948 -0.573439 -0.581175 2.947725 -0.616117 -0.576283 2.917916 -0.651228 -0.545365 2.943370 -0.653975 0.575065 2.969863 -0.602374 0.541625 2.971118 -0.631317 0.581861 2.933700 -0.632866 -0.503802 2.943103 -0.686329 -0.493012 2.915925 -0.719678 -0.457276 2.942473 -0.719784 0.507523 2.971996 -0.659626 0.471748 2.971781 -0.685088 0.517491 2.935137 -0.686315 -0.421211 2.930023 -0.752477 -0.391532 2.909271 -0.785044 -0.354614 2.964939 -0.756966 -0.352700 2.925849 -0.791189 -0.310159 2.943694 -0.794057 0.381002 2.969381 -0.742160 0.343960 2.960509 -0.764789 0.396980 2.936414 -0.759796 0.417458 2.971448 -0.719913 0.455784 2.933125 -0.729560 -0.275476 2.917449 -0.826914 -0.242554 2.888201 -0.857482 -0.205423 2.939252 -0.831011 -0.172049 2.901173 -0.864689 -0.124970 2.958706 -0.831737 -0.094353 2.906914 -0.872153 -0.043442 2.955560 -0.841802 -0.015030 2.907016 -0.877188 0.022687 2.949173 -0.847516 0.061132 2.911111 -0.872603 0.094096 2.963263 -0.830418 0.135895 2.908400 -0.865546 0.190325 2.947310 -0.825251 0.198257 2.894931 -0.862915 0.276302 2.951460 -0.796874 -0.250400 2.982461 0.780684 -0.209517 2.990390 0.785439 -0.144888 3.003643 0.787922 -0.017951 2.999693 0.803733 -0.071235 3.029479 0.776319 0.010513 3.032396 0.779398 0.038215 3.008889 0.796420 0.097916 2.999608 0.795533 0.181054 2.985155 0.790344 0.273759 2.964635 0.781237 -0.405776 2.988144 0.708718 -0.373004 3.000353 0.714635 -0.245195 3.017463 0.752319 -0.308893 3.025365 0.719403 -0.181820 3.033833 0.756305 -0.127295 3.045144 0.757116 0.059520 3.040512 0.767764 0.139234 3.042457 0.752689 0.228897 3.021978 0.747891 0.304329 3.004515 0.738342 0.327406 3.024535 0.711515 0.356631 2.999794 0.719959 0.423346 2.972938 0.706784 -0.491267 2.988621 0.649867 -0.403015 3.017270 0.682246 -0.451655 3.015679 0.650391 -0.358299 3.035691 0.688387 0.370225 3.034124 0.678185 0.454362 3.002388 0.660028 0.479672 3.015720 0.630026 0.512572 2.985686 0.635960 -0.574388 2.984305 0.583441 -0.497401 3.010996 0.621890 -0.537969 3.008698 0.589126 0.516752 3.020717 0.593818 0.553152 3.025176 0.557940 0.581065 2.996076 0.564699 -0.648249 2.980589 0.504648 -0.576531 3.007406 0.554196 -0.611415 3.007069 0.514287 0.587884 3.025893 0.520387 0.618677 3.028758 0.482294 0.644830 2.999887 0.488722 -0.720190 2.980474 0.393709 -0.648431 3.005341 0.469473 -0.684651 2.993900 0.432070 0.647456 3.029182 0.441435 0.679931 3.033588 0.385140 0.698716 3.001102 0.408700 -0.720892 3.003192 0.354268 -0.683260 3.033943 0.365360 0.698234 3.035170 0.349375 0.725172 3.001166 0.360015 -0.791326 2.971266 0.237784 -0.720408 3.022093 0.312919 -0.756417 2.999767 0.273724 0.719575 3.034775 0.301013 0.742060 3.041515 0.231785 0.766427 3.004374 0.256614 -0.796780 2.985371 0.167829 -0.760193 3.018404 0.205928 0.755624 3.045814 0.175108 0.780718 3.008969 0.201900 -0.795794 3.000141 0.107487 -0.764714 3.030608 0.136413 0.764124 3.046385 0.135331 0.787608 3.016745 0.142591 -0.773290 3.030606 0.076724 -0.806971 2.992230 0.041416 0.773143 3.040973 0.085920 0.801158 3.010898 0.003701 -0.799531 3.003492 -0.039805 0.799862 3.006273 -0.087642 -0.793159 3.009223 -0.097176 -0.796222 2.996139 -0.150156 -0.771392 3.031270 -0.124155 0.794767 2.997643 -0.166109 -0.789502 2.988663 -0.211456 -0.762787 3.029321 -0.176824 0.762882 3.029127 -0.191322 0.744869 3.028738 -0.248510 0.779827 2.997624 -0.226241 -0.782478 2.983900 -0.252664 -0.755045 3.018155 -0.243538 0.729562 3.023496 -0.302280 0.767294 2.979969 -0.300029 -0.721651 3.028863 -0.306172 -0.720326 3.003429 -0.368007 -0.693088 3.036897 -0.356009 0.707848 3.033669 -0.328159 0.676330 3.038034 -0.373910 0.722144 3.004317 -0.353096 -0.718110 2.986956 -0.401918 -0.689258 3.016267 -0.401481 0.648391 3.024299 -0.442607 0.691295 2.985430 -0.435835 -0.656535 3.014271 -0.451653 -0.654787 2.987622 -0.492807 -0.625335 3.010981 -0.497384 0.622222 3.031150 -0.469991 0.590767 3.035138 -0.502551 0.630947 2.997275 -0.504769 -0.588265 3.009758 -0.538293 -0.583562 2.981220 -0.578756 -0.546846 3.005859 -0.583386 0.558056 3.038388 -0.536216 0.524034 3.039922 -0.567467 0.566775 3.004205 -0.568883 -0.525171 2.986011 -0.626409 -0.514370 2.969218 -0.654711 -0.481966 2.996781 -0.649001 0.489478 3.041322 -0.597457 0.452724 3.041966 -0.624192 0.498868 3.007088 -0.627653 -0.440202 2.990904 -0.683808 -0.400653 2.979218 -0.720189 -0.369322 3.033964 -0.681078 -0.360563 3.001558 -0.720983 -0.317910 3.019894 -0.721729 0.355961 3.043125 -0.683630 0.314569 3.042361 -0.702730 0.367015 3.005735 -0.714403 0.395576 3.042785 -0.661018 0.433917 3.007627 -0.674082 -0.281047 2.995122 -0.760732 -0.242985 2.968895 -0.797305 -0.211355 3.016965 -0.763782 -0.174691 2.988568 -0.799501 -0.144315 3.030737 -0.767630 -0.119987 3.004020 -0.797500 -0.091043 3.031168 -0.776186 0.116280 3.039427 -0.763094 0.084761 3.012791 -0.791552 0.147382 3.002274 -0.790784 0.176774 3.041984 -0.748030 0.222199 2.999075 -0.775070 0.247975 3.041791 -0.728049 0.295141 3.001287 -0.749169 -0.065843 3.000245 -0.805468 0.015813 2.998272 -0.807710 -0.021074 3.034454 0.777381 -0.256244 3.048749 0.719495 -0.212319 3.061877 0.720842 -0.151305 3.073059 0.725547 -0.004820 3.068075 0.743807 -0.086857 3.075785 0.731982 0.078711 3.078998 0.728933 0.104566 3.109820 0.693073 0.135894 3.084947 0.714545 0.197491 3.070928 0.711848 0.282400 3.050838 0.702669 -0.411565 3.041966 0.651111 -0.378481 3.056305 0.655095 -0.258215 3.082572 0.680298 -0.327329 3.069513 0.665866 -0.180773 3.103628 0.682876 -0.118292 3.105859 0.695242 0.163835 3.112076 0.676933 0.240506 3.100456 0.665344 0.315218 3.084037 0.652996 0.345154 3.105665 0.611816 0.372890 3.074851 0.633506 0.437067 3.046458 0.624392 -0.502305 3.033389 0.593290 -0.412520 3.070200 0.614162 -0.469742 3.048753 0.599564 -0.357626 3.090294 0.624342 0.402115 3.093312 0.591311 0.469068 3.069831 0.572664 0.495359 3.084716 0.530846 0.527211 3.051363 0.548059 -0.576511 3.031082 0.524595 -0.503077 3.055805 0.561968 -0.546147 3.044330 0.536902 0.543206 3.070795 0.504929 0.557590 3.086229 0.464829 0.592633 3.054212 0.475239 -0.648537 3.039635 0.415671 -0.570034 3.055659 0.493558 -0.609791 3.049373 0.453586 0.599958 3.074395 0.431847 0.607469 3.094243 0.382085 0.640321 3.060976 0.398667 -0.646596 3.061685 0.379335 -0.613225 3.079252 0.395147 0.624838 3.103644 0.332710 0.663565 3.065545 0.349440 -0.720653 3.046549 0.245998 -0.637507 3.084145 0.342076 -0.678942 3.068336 0.292942 0.668259 3.085486 0.293164 0.670021 3.104219 0.235871 0.704552 3.070007 0.252916 -0.723473 3.063999 0.171659 -0.676743 3.093743 0.217805 0.681776 3.112100 0.169697 0.716033 3.076446 0.200596 -0.730433 3.072311 0.086557 -0.679519 3.109760 0.135859 0.697078 3.111233 0.110461 0.732955 3.075790 0.135700 -0.761359 3.047090 0.009655 -0.717964 3.090665 0.017598 -0.681953 3.119068 0.055780 0.730744 3.086540 0.069674 0.723610 3.096087 0.004978 0.759185 3.060504 0.023813 -0.765325 3.042585 -0.070622 -0.725432 3.083100 -0.046991 -0.682547 3.121700 -0.018691 0.717002 3.100926 -0.050841 0.757390 3.059529 -0.048473 -0.732043 3.068832 -0.127299 -0.683890 3.115465 -0.094578 0.691214 3.119907 -0.083981 0.681682 3.115880 -0.147779 0.724079 3.086519 -0.108024 0.762271 3.043211 -0.131017 -0.723859 3.060989 -0.205091 -0.681268 3.104610 -0.174545 0.665957 3.107589 -0.229628 0.721723 3.069347 -0.190989 -0.721899 3.049739 -0.252766 -0.682099 3.082964 -0.256092 0.649121 3.101825 -0.291928 0.694604 3.062320 -0.287800 -0.669531 3.070071 -0.325932 -0.660358 3.056145 -0.377050 -0.629461 3.089570 -0.356646 0.624554 3.110385 -0.320872 0.591025 3.112665 -0.368837 0.643468 3.082826 -0.344997 -0.657088 3.041206 -0.410479 -0.620104 3.069745 -0.410437 0.563370 3.097438 -0.438948 0.612041 3.062778 -0.430434 -0.603950 3.049668 -0.466697 -0.595346 3.034974 -0.500013 -0.563592 3.060154 -0.496087 0.526211 3.106014 -0.471258 0.500773 3.097998 -0.511162 0.545802 3.069947 -0.503364 -0.522153 3.056541 -0.540112 -0.480168 3.040957 -0.597079 -0.444769 3.106426 -0.536489 -0.413870 3.080536 -0.598943 -0.383750 3.114328 -0.573737 0.465049 3.106466 -0.532141 0.434821 3.099240 -0.566571 0.479580 3.072526 -0.565161 -0.427695 3.037861 -0.641348 -0.367369 3.098567 -0.607479 -0.382054 3.070089 -0.634168 -0.334126 3.087480 -0.638660 0.332756 3.117428 -0.606533 0.295811 3.106000 -0.639842 0.346627 3.077774 -0.648225 0.384787 3.109182 -0.586534 0.416264 3.074920 -0.610162 -0.293188 3.067062 -0.681000 -0.249765 3.044042 -0.723493 -0.220260 3.090682 -0.680469 -0.176516 3.061749 -0.726600 -0.141618 3.106296 -0.682520 -0.093696 3.069392 -0.734165 -0.060873 3.116481 -0.683097 -0.011109 3.084586 -0.723937 0.015438 3.123864 -0.678252 0.053359 3.094433 -0.712102 0.088950 3.123881 -0.673312 0.122338 3.080294 -0.718830 0.165424 3.119869 -0.664287 0.204572 3.080597 -0.700478 0.239265 3.113994 -0.651116 0.274944 3.078195 -0.680417 -0.032454 3.041177 -0.768968 0.049989 3.051848 -0.756929 -0.047132 3.120826 0.684314 0.041881 3.115698 0.691044 -0.302060 3.114134 0.621872 -0.219363 3.140271 0.623024 -0.124496 3.145689 0.643437 -0.051747 3.163353 0.631661 0.017084 3.157166 0.640540 0.106672 3.147181 0.644355 0.203731 3.146816 0.620746 0.286856 3.125454 0.615362 -0.450280 3.092401 0.554094 -0.367397 3.129884 0.560794 -0.281831 3.158940 0.570480 -0.163118 3.182329 0.584296 -0.223733 3.179938 0.567629 -0.088985 3.189445 0.590453 -0.012814 3.193928 0.589782 0.069369 3.190379 0.590030 0.152008 3.184577 0.583938 0.214231 3.180802 0.572192 0.251024 3.191983 0.539303 0.268746 3.163257 0.573027 0.354090 3.140106 0.556805 0.440131 3.110405 0.538566 -0.510384 3.092309 0.498544 -0.437094 3.142445 0.487870 -0.318639 3.182257 0.512871 -0.377183 3.169672 0.494364 -0.258180 3.194206 0.528921 0.307716 3.182565 0.522236 0.364175 3.172972 0.500839 0.393281 3.181953 0.462555 0.424423 3.150931 0.487568 0.500006 3.111250 0.483169 -0.562775 3.094379 0.434627 -0.500073 3.142991 0.420925 -0.405756 3.180358 0.453192 -0.444923 3.172400 0.430110 0.432994 3.175227 0.438325 0.456240 3.181462 0.400555 0.489147 3.150687 0.423178 0.552562 3.111214 0.423744 -0.568693 3.131290 0.347071 -0.465931 3.180671 0.388943 -0.504719 3.170380 0.358236 0.496888 3.172034 0.370103 0.517368 3.181023 0.316794 0.560588 3.139282 0.351810 -0.627681 3.116122 0.273573 -0.574361 3.161054 0.255373 -0.519731 3.183334 0.296817 0.534116 3.189805 0.263782 0.571502 3.161818 0.276454 0.620414 3.125179 0.284172 -0.621482 3.145006 0.186257 -0.531472 3.195825 0.233020 -0.567258 3.182567 0.194590 0.569066 3.178782 0.227638 0.582285 3.182646 0.169210 0.621224 3.146457 0.212308 -0.633250 3.152470 0.095796 -0.579506 3.185632 0.129586 0.587518 3.190802 0.092238 0.643867 3.148835 0.121227 -0.637693 3.155880 0.015720 -0.588192 3.188401 0.049796 0.587487 3.196769 0.013303 0.637739 3.162420 0.039132 0.687123 3.124839 0.054264 -0.638105 3.154286 -0.061717 -0.590890 3.188318 -0.028820 0.592297 3.192624 -0.061942 0.630162 3.169528 -0.025025 0.678003 3.134133 -0.021876 -0.634388 3.148068 -0.140099 -0.588607 3.184761 -0.106049 0.590342 3.185057 -0.136922 0.644155 3.153786 -0.094195 -0.622999 3.138619 -0.225382 -0.582116 3.178300 -0.180209 0.572959 3.179746 -0.216342 0.629157 3.148270 -0.183768 -0.625620 3.112805 -0.303016 -0.571179 3.173645 -0.237204 -0.575834 3.154284 -0.287925 -0.537546 3.184883 -0.271492 0.551218 3.176177 -0.281572 0.605457 3.138289 -0.279797 -0.568962 3.127092 -0.366402 -0.523435 3.174231 -0.324812 0.514059 3.189251 -0.313016 0.493510 3.184807 -0.357308 0.540762 3.157841 -0.347935 -0.562027 3.093714 -0.442645 -0.506927 3.163191 -0.377115 -0.505167 3.138837 -0.428268 -0.469109 3.171460 -0.405656 0.457533 3.193574 -0.383287 0.434204 3.186791 -0.423353 0.481837 3.164857 -0.413408 0.532513 3.129306 -0.420393 -0.510319 3.101185 -0.486801 -0.453545 3.161017 -0.442463 -0.465611 3.135433 -0.475511 -0.415674 3.156259 -0.481986 0.396446 3.192671 -0.446267 0.366214 3.183402 -0.485594 0.420472 3.163522 -0.476520 0.480229 3.129196 -0.480375 -0.369669 3.145423 -0.534199 -0.325634 3.128099 -0.588702 -0.301575 3.168631 -0.539440 -0.256653 3.152631 -0.587243 -0.245119 3.181771 -0.548218 0.251372 3.201610 -0.520632 0.216703 3.188409 -0.556772 0.270950 3.172289 -0.558206 0.309671 3.192837 -0.504381 0.350019 3.151582 -0.545848 0.423733 3.127680 -0.532545 -0.269980 3.113077 -0.634892 -0.207763 3.172035 -0.578613 -0.193005 3.139286 -0.627563 -0.150469 3.177762 -0.585548 -0.107860 3.148642 -0.635042 -0.075443 3.185779 -0.587292 -0.028754 3.155782 -0.634940 0.004390 3.191833 -0.583945 0.048854 3.158870 -0.631079 0.083863 3.191926 -0.580477 0.126273 3.157726 -0.623404 0.158280 3.189101 -0.572223 0.209221 3.155243 -0.606285 0.283606 3.137203 -0.603240 -0.194383 3.213867 0.523278 -0.125351 3.213099 0.547002 -0.053370 3.227014 0.534415 0.034510 3.225171 0.538776 0.123100 3.223170 0.529896 0.199744 3.207858 0.533806 -0.354353 3.202049 0.452752 -0.269851 3.226048 0.462495 -0.192223 3.244752 0.467120 -0.123957 3.243821 0.492191 0.005455 3.254552 0.486962 -0.057674 3.256942 0.480071 0.079471 3.251515 0.488051 0.137294 3.250656 0.479788 0.169151 3.260949 0.448715 0.193857 3.239648 0.479753 0.268073 3.215997 0.485668 0.343753 3.199505 0.467347 -0.411435 3.203974 0.397069 -0.338217 3.237679 0.389603 -0.219181 3.262666 0.415487 -0.276666 3.256318 0.396482 -0.149344 3.268919 0.431856 -0.089868 3.270398 0.446078 0.208027 3.259758 0.433590 0.238734 3.266000 0.398686 0.254395 3.246861 0.433173 0.328494 3.230769 0.411967 0.402107 3.201492 0.412093 -0.462885 3.202493 0.336107 -0.399887 3.237842 0.322781 -0.303085 3.265483 0.354321 -0.343096 3.259756 0.331423 0.289509 3.258467 0.379742 0.340577 3.250478 0.354982 0.365761 3.257728 0.304932 0.399879 3.230087 0.341929 0.458885 3.198495 0.354476 -0.466663 3.226822 0.249210 -0.362697 3.265598 0.289031 -0.402373 3.256563 0.259567 0.384333 3.264834 0.255773 0.421271 3.245378 0.268678 0.477362 3.214065 0.281176 -0.519865 3.216181 0.167249 -0.464298 3.245830 0.171816 -0.416991 3.262871 0.200849 0.420421 3.258627 0.221610 0.434911 3.262437 0.169366 0.473061 3.236943 0.204630 0.529541 3.204768 0.215496 -0.534855 3.218703 0.081701 -0.479990 3.246292 0.107343 -0.426548 3.269291 0.130970 0.447713 3.265355 0.116433 0.484657 3.245583 0.130026 0.532824 3.216416 0.145976 -0.540653 3.219092 0.002356 -0.487607 3.246958 0.030944 -0.432667 3.271658 0.057730 0.479011 3.254827 0.080413 0.484727 3.254379 0.023945 0.529355 3.228181 0.064986 -0.540285 3.216797 -0.075544 -0.489141 3.245458 -0.046798 -0.434480 3.271225 -0.019918 0.482203 3.255624 -0.036310 0.534749 3.227738 -0.028731 -0.535201 3.211277 -0.152209 -0.485319 3.241245 -0.124315 -0.433575 3.267546 -0.097084 0.450262 3.268349 -0.068496 0.436718 3.267654 -0.130464 0.498044 3.242469 -0.102765 0.552755 3.213692 -0.099506 -0.531368 3.200814 -0.222146 -0.473313 3.234050 -0.206998 -0.429044 3.261557 -0.169336 0.415688 3.265566 -0.203654 0.476178 3.241036 -0.186036 0.536019 3.213218 -0.165646 -0.480814 3.209786 -0.286104 -0.418543 3.257058 -0.224324 -0.422467 3.242627 -0.271710 -0.383742 3.262966 -0.259064 0.395164 3.262323 -0.261515 0.444671 3.240361 -0.259165 0.510680 3.208757 -0.250168 -0.466648 3.191342 -0.359956 -0.404205 3.224720 -0.345697 -0.367502 3.254702 -0.307424 0.357931 3.269764 -0.288066 0.338577 3.263760 -0.329623 0.393302 3.244685 -0.321778 0.462198 3.211944 -0.326073 -0.412922 3.189858 -0.419405 -0.343368 3.246025 -0.356857 -0.331707 3.222997 -0.416069 -0.292067 3.253854 -0.379518 -0.253609 3.240925 -0.432734 -0.241905 3.261937 -0.394293 0.298654 3.268471 -0.351909 0.272148 3.259155 -0.393670 0.333359 3.242704 -0.386570 0.405476 3.213079 -0.391924 -0.349301 3.183945 -0.481188 -0.265805 3.206343 -0.491958 -0.205336 3.255884 -0.427443 -0.185267 3.232702 -0.480354 -0.149850 3.261009 -0.436256 -0.102841 3.242003 -0.487880 -0.080199 3.267862 -0.439897 -0.031573 3.249697 -0.485974 -0.021635 3.270599 -0.444781 0.091425 3.269743 -0.442492 0.061309 3.257849 -0.472263 0.120939 3.245209 -0.485471 0.147178 3.268887 -0.429494 0.188697 3.246630 -0.462594 0.215019 3.264127 -0.413098 0.264793 3.230657 -0.457559 0.347562 3.210438 -0.447080 -0.196217 3.198861 -0.538381 -0.125767 3.211189 -0.537586 -0.047610 3.219948 -0.536041 0.016967 3.258779 -0.472662 0.041768 3.230259 -0.521567 0.119709 3.216138 -0.537390 0.189619 3.218021 -0.515537 -0.022676 3.280730 0.428980 0.056770 3.275955 0.437496 0.123431 3.269427 0.441879 -0.246622 3.281569 0.351560 -0.173596 3.288739 0.371269 -0.091240 3.293570 0.385587 -0.019509 3.303463 0.370619 0.042824 3.298900 0.379650 0.115647 3.290665 0.385959 0.184796 3.276702 0.398653 -0.303130 3.284270 0.294166 -0.241883 3.300421 0.296756 -0.198479 3.302430 0.319015 -0.129250 3.313989 0.311189 -0.047418 3.317636 0.323078 0.024876 3.318308 0.324417 0.105097 3.314305 0.317341 0.182654 3.298578 0.328839 0.256490 3.279599 0.340540 0.316465 3.266708 0.331546 -0.355350 3.281913 0.230739 -0.298496 3.300994 0.231147 -0.259112 3.306561 0.255617 -0.193604 3.319825 0.254217 -0.066627 3.333027 0.262301 -0.124939 3.331553 0.248101 0.002644 3.333528 0.271270 0.068950 3.331821 0.271960 0.122445 3.329907 0.261235 0.150289 3.334415 0.227291 0.179219 3.319877 0.256554 0.253611 3.300042 0.264813 0.326785 3.278758 0.272840 -0.373125 3.287815 0.157410 -0.315533 3.305047 0.174520 -0.249029 3.319884 0.193542 -0.145889 3.337279 0.207556 -0.187019 3.334030 0.187406 0.187847 3.331653 0.201640 0.204824 3.335661 0.148262 0.249524 3.317988 0.185729 0.322680 3.295260 0.198720 0.381588 3.275464 0.209076 -0.377782 3.292490 0.086113 -0.332380 3.306605 0.115542 -0.271402 3.324289 0.111740 -0.204069 3.337781 0.130177 0.212381 3.339998 0.081213 0.266330 3.325204 0.103184 0.324958 3.306255 0.122599 0.392184 3.283196 0.135222 -0.375219 3.294743 0.007172 -0.312333 3.316022 0.043365 -0.218103 3.340256 0.072846 -0.253185 3.333630 0.045188 0.213409 3.342025 0.011625 0.271212 3.328620 0.030420 0.326528 3.312612 0.050087 0.383200 3.293571 0.062656 0.438396 3.273052 0.068900 -0.375103 3.291586 -0.074420 -0.305230 3.316289 -0.053028 -0.255418 3.333341 -0.013779 0.208889 3.341424 -0.058649 0.270023 3.328667 -0.041612 0.328347 3.313338 -0.020370 0.374169 3.299183 0.004021 0.431355 3.277916 -0.002381 -0.376210 3.284105 -0.149770 -0.313590 3.305875 -0.135726 -0.246234 3.333922 -0.071087 -0.244839 3.327257 -0.128498 -0.211439 3.340256 -0.102691 0.198622 3.338499 -0.126985 0.261799 3.326224 -0.114274 0.324952 3.310774 -0.094510 0.390898 3.290941 -0.066828 -0.376978 3.274386 -0.214568 -0.318447 3.293273 -0.208067 -0.251741 3.312620 -0.200294 -0.192277 3.339494 -0.141148 -0.183164 3.330587 -0.193694 -0.155151 3.342887 -0.164290 0.182936 3.334705 -0.181986 0.244946 3.321373 -0.189143 0.311086 3.307346 -0.168499 0.374308 3.289234 -0.149828 -0.327235 3.276225 -0.276324 -0.257011 3.295729 -0.270018 -0.186765 3.312624 -0.262486 -0.130443 3.339676 -0.200493 -0.115435 3.327602 -0.252618 -0.091536 3.340627 -0.217980 0.078375 3.340676 -0.218526 0.053553 3.334377 -0.254212 0.118144 3.325044 -0.270488 0.131131 3.338123 -0.203227 0.194902 3.320935 -0.244519 0.256084 3.308367 -0.250426 0.294858 3.303128 -0.227120 0.352087 3.284791 -0.228521 -0.318903 3.263327 -0.332547 -0.261270 3.275847 -0.339292 -0.192017 3.292996 -0.329013 -0.118386 3.305862 -0.322639 -0.058905 3.334568 -0.251426 -0.038286 3.317455 -0.309429 -0.003048 3.334139 -0.258402 0.053149 3.317292 -0.313369 0.123967 3.307067 -0.333230 0.181985 3.305978 -0.312315 0.236407 3.302518 -0.291401 0.299009 3.286858 -0.291251 -0.196818 3.273684 -0.386652 -0.130615 3.283701 -0.385315 -0.047907 3.290789 -0.387189 0.018765 3.300624 -0.366820 0.091638 3.291478 -0.385965 0.168147 3.288214 -0.372789 0.240520 3.283515 -0.348748 0.030953 3.278548 -0.426963 -0.082550 3.345374 0.195659 -0.012132 3.345851 0.212575 0.051916 3.344028 0.221492 0.108038 3.340196 0.225098 -0.133752 3.347288 0.143846 -0.068873 3.355161 0.132916 -0.017750 3.355133 0.150588 0.043452 3.353166 0.163840 0.101813 3.348636 0.174365 0.151876 3.341428 0.185313 -0.153877 3.351145 0.064534 -0.083795 3.358102 0.079247 -0.021596 3.360743 0.088804 0.038757 3.359323 0.101619 0.098887 3.354779 0.114477 0.155050 3.347064 0.128646 -0.198227 3.346233 0.008350 -0.138592 3.355906 -0.002431 -0.089914 3.360258 0.014103 -0.028721 3.363001 0.025961 0.033740 3.362388 0.037104 0.095745 3.358316 0.049601 0.155775 3.350891 0.063858 -0.205468 3.344196 -0.057704 -0.150808 3.353330 -0.053310 -0.093707 3.359702 -0.047293 -0.035377 3.362699 -0.037530 0.026819 3.362509 -0.028191 0.090370 3.359029 -0.017333 0.152982 3.352218 -0.004106 -0.161125 3.347975 -0.113859 -0.100458 3.355487 -0.106426 -0.042666 3.359678 -0.097185 0.017207 3.359916 -0.091428 0.081641 3.356794 -0.084670 0.146184 3.350856 -0.072457 -0.104994 3.348128 -0.167982 -0.046108 3.353496 -0.155072 0.002788 3.355908 -0.141085 0.067197 3.350975 -0.155344 0.136112 3.346682 -0.138656 -0.047841 3.344635 -0.210121 0.015751 3.346595 -0.200570 0.000000 3.820146 0.000000 0.000100 3.820146 0.000000 0.000000 3.820146 0.000100</float_array>
          <technique_common>
            <accessor source="#Slime-positions-array" count="3171" stride="3">
              <param name="X" type="float"/>
              <param name="Y" type="float"/>
              <param name="Z" type="float"/>
            </accessor>
          </technique_common>
        </source>
        <source id="Slime-normals">
          <float_array id="Slime-normals-array" count="9507">-0.060200 -0.925800 0.373300 -0.081600 -0.952800 0.292500 -0.033200 -0.967900 0.249300 -0.023800 -0.924100 0.381500 -0.006500 -0.963700 0.267000 0.003200 -0.918400 0.395700 0.017700 -0.959700 0.280400 0.038800 -0.910900 0.410900 0.042100 -0.953700 0.297700 0.080300 -0.893700 0.441400 0.067400 -0.946900 0.314400 0.121300 -0.879600 0.459900 -0.131300 -0.945000 0.299400 -0.135100 -0.962700 0.234600 -0.084900 -0.977000 0.195700 -0.103500 -0.947900 0.301200 -0.066600 -0.977900 0.198000 -0.093900 -0.949100 0.300600 -0.055900 -0.980700 0.187400 -0.032200 -0.987400 0.155100 -0.008500 -0.985700 0.168300 0.008900 -0.984400 0.175800 0.027700 -0.982100 0.186200 0.051800 -0.978600 0.199000 0.129000 -0.922000 0.365200 0.091400 -0.969400 0.228000 0.164900 -0.919400 0.357000 -0.163000 -0.957000 0.240100 -0.155900 -0.969600 0.188600 -0.102000 -0.983600 0.149000 -0.067300 -0.990000 0.124200 -0.047100 -0.990800 0.126900 -0.037200 -0.992300 0.118200 -0.031100 -0.994500 0.100500 -0.011000 -0.995500 0.094500 0.003900 -0.994900 0.101200 0.018000 -0.993800 0.109500 0.037400 -0.991800 0.121900 0.067000 -0.987400 0.143100 0.162500 -0.947600 0.275200 0.114700 -0.976300 0.183600 0.205700 -0.928600 0.308800 0.163500 -0.961000 0.223100 0.257100 -0.903900 0.341800 -0.193800 -0.961000 0.197100 -0.186200 -0.969000 0.162600 -0.119700 -0.985300 0.121900 -0.079000 -0.992300 0.095000 -0.057300 -0.994800 0.084400 -0.034300 -0.996700 0.073200 -0.023800 -0.997400 0.068400 -0.018900 -0.998100 0.059300 -0.011500 -0.998600 0.051800 -0.000800 -0.998600 0.052200 0.009900 -0.998300 0.058000 0.023600 -0.997400 0.067800 0.044100 -0.995500 0.083900 0.073300 -0.991400 0.108500 0.113600 -0.984300 0.135000 0.256800 -0.923900 0.283700 0.190100 -0.964500 0.183300 0.301100 -0.912400 0.277300 -0.237600 -0.955500 0.174900 -0.227500 -0.962000 0.151200 -0.145600 -0.983500 0.107600 -0.093900 -0.992400 0.079800 -0.067100 -0.995500 0.067300 -0.041700 -0.997800 0.050800 -0.026100 -0.998800 0.041800 -0.015900 -0.999200 0.035400 -0.011100 -0.999500 0.030100 -0.007600 -0.999700 0.025200 -0.002700 -0.999700 0.023400 0.004100 -0.999700 0.025800 0.013300 -0.999400 0.032200 0.027500 -0.998700 0.043100 0.049900 -0.996900 0.060100 0.085000 -0.992900 0.082900 0.144400 -0.981600 0.125100 0.259000 -0.940800 0.218500 -0.283400 -0.946400 0.155200 -0.277900 -0.952100 0.127800 -0.183600 -0.978300 0.095800 -0.118000 -0.990500 0.070500 -0.082100 -0.994900 0.058300 -0.050900 -0.997900 0.041000 -0.031600 -0.999000 0.030400 -0.018200 -0.999600 0.021900 -0.010400 -0.999800 0.016100 -0.006300 -0.999900 0.011800 -0.004300 -1.000000 0.008500 -0.002300 -1.000000 0.006600 0.001000 -1.000000 0.007200 0.006600 -0.999900 0.010700 0.016100 -0.999700 0.017500 0.032500 -0.999100 0.028700 0.059300 -0.997200 0.045500 0.099900 -0.992500 0.069800 0.216700 -0.961000 0.171900 0.160000 -0.982200 0.098400 0.270700 -0.946200 0.177200 -0.271000 -0.956100 0.111700 -0.175200 -0.981600 0.075900 -0.116000 -0.991900 0.051600 -0.068900 -0.997000 0.035100 -0.041300 -0.998800 0.025100 -0.023200 -0.999600 0.016400 -0.012200 -0.999900 0.010100 -0.005900 -1.000000 0.005200 -0.002900 -1.000000 0.001500 -0.001900 -1.000000 -0.001200 -0.001500 -1.000000 -0.002800 -0.000300 -1.000000 -0.002900 0.002700 -1.000000 -0.001300 0.009000 -1.000000 0.002600 0.020900 -0.999700 0.009400 0.041700 -0.998900 0.020100 0.075200 -0.996500 0.035400 0.125600 -0.990600 0.053900 0.263200 -0.953700 0.145800 0.207500 -0.975100 0.078600 0.338200 -0.927700 0.158100 -0.349100 -0.931700 0.100700 -0.357400 -0.931700 0.065500 -0.232500 -0.970900 0.058200 -0.145600 -0.988300 0.045800 -0.096500 -0.994500 0.039600 -0.060000 -0.997900 0.023700 -0.033400 -0.999300 0.014100 -0.017200 -0.999800 0.007900 -0.007600 -1.000000 0.003100 -0.002300 -1.000000 -0.000600 -0.000200 -1.000000 -0.003700 -0.000100 -1.000000 -0.006000 -0.000600 -1.000000 -0.007500 -0.000600 -1.000000 -0.007900 0.000800 -1.000000 -0.007300 0.005000 -1.000000 -0.005500 0.013900 -0.999900 -0.001800 0.030700 -0.999500 0.004300 0.059500 -0.998100 0.013100 0.104600 -0.994200 0.024000 0.171800 -0.984500 0.036000 0.336600 -0.933900 0.120900 0.275900 -0.959800 0.051300 0.416800 -0.902700 0.106600 -0.368000 -0.928900 0.041600 -0.245300 -0.968800 0.034200 -0.155200 -0.987600 0.024400 -0.088600 -0.995900 0.018700 -0.050600 -0.998600 0.014400 -0.027200 -0.999600 0.007800 -0.012500 -0.999900 0.003000 -0.004100 -1.000000 -0.000600 0.000300 -1.000000 -0.003200 0.002100 -1.000000 -0.005600 0.001700 -1.000000 -0.007800 0.000400 -1.000000 -0.009300 -0.000500 -1.000000 -0.009900 0.000100 -1.000000 -0.009900 0.003100 -1.000000 -0.009400 0.010200 -0.999900 -0.008000 0.024400 -0.999700 -0.005200 0.050300 -0.998700 -0.000900 0.092900 -0.995700 0.004100 0.158500 -0.987300 0.009400 0.257800 -0.966000 0.019000 0.395300 -0.917000 0.052700 -0.375900 -0.926500 0.014000 -0.251600 -0.967700 0.014500 -0.156900 -0.987600 0.010400 -0.090700 -0.995900 0.006500 -0.047900 -0.998800 0.004900 -0.023200 -0.999700 0.002900 -0.009000 -1.000000 0.000400 -0.001100 -1.000000 -0.001900 0.002700 -1.000000 -0.004000 0.003800 -1.000000 -0.005700 0.003900 -1.000000 -0.007300 0.001700 -1.000000 -0.009300 -0.000200 -0.999900 -0.010200 0.000200 -0.999900 -0.010300 0.002900 -0.999900 -0.010900 0.009000 -0.999900 -0.011600 0.021500 -0.999700 -0.011700 0.044900 -0.998900 -0.010700 0.086000 -0.996200 -0.009500 0.149700 -0.988700 -0.010100 0.242000 -0.970300 -0.007900 0.365100 -0.930900 0.008600 -0.389700 -0.920800 -0.018000 -0.258600 -0.966000 -0.005000 -0.160100 -0.987100 -0.002700 -0.092700 -0.995700 -0.002600 -0.048900 -0.998800 -0.002100 -0.022400 -0.999700 -0.001500 -0.007400 -1.000000 -0.001600 0.000600 -1.000000 -0.002200 0.004500 -1.000000 -0.003100 0.005600 -1.000000 -0.004900 0.003300 -1.000000 -0.007800 0.005500 -1.000000 -0.006000 0.001100 -1.000000 -0.009000 -0.000400 -1.000000 -0.009100 -0.000200 -1.000000 -0.006900 0.000500 -1.000000 -0.009100 0.004200 -0.999900 -0.010900 0.010400 -0.999900 -0.013900 0.022100 -0.999600 -0.016900 0.043600 -0.998800 -0.020300 0.080300 -0.996500 -0.022600 0.143900 -0.989200 -0.026900 0.229900 -0.972600 -0.033500 0.345600 -0.937900 -0.030800 -0.413200 -0.909000 -0.054600 -0.269300 -0.962700 -0.025900 -0.165700 -0.986000 -0.018000 -0.097000 -0.995200 -0.013500 -0.052100 -0.998600 -0.009600 -0.024200 -0.999700 -0.006400 -0.008000 -1.000000 -0.004100 0.000800 -1.000000 -0.002900 0.005100 -1.000000 -0.002300 0.006900 -1.000000 -0.002600 0.006800 -1.000000 -0.003400 0.002400 -1.000000 -0.006400 0.004000 -1.000000 -0.005500 0.008200 -0.999900 -0.009200 0.014700 -0.999800 -0.015600 0.027100 -0.999400 -0.022200 0.047800 -0.998400 -0.029500 0.083500 -0.995700 -0.041100 0.131200 -0.990200 -0.047400 0.213800 -0.975200 -0.056900 0.331700 -0.941400 -0.061200 -0.429900 -0.896700 -0.105200 -0.281500 -0.958100 -0.053000 -0.175100 -0.983700 -0.040400 -0.105700 -0.993900 -0.030100 -0.058900 -0.998000 -0.021000 -0.029000 -0.999500 -0.014000 -0.011000 -0.999900 -0.008900 -0.000900 -1.000000 -0.005400 0.004400 -1.000000 -0.003200 0.006600 -1.000000 -0.001900 0.007100 -1.000000 -0.001500 0.003400 -1.000000 -0.004500 0.004600 -1.000000 -0.004900 0.008900 -0.999900 -0.008400 0.017400 -0.999800 -0.012600 0.024700 -0.999500 -0.018200 0.036800 -0.998900 -0.028000 0.060700 -0.997300 -0.041900 0.091200 -0.994400 -0.052700 0.153100 -0.985700 -0.071000 0.324000 -0.941600 -0.092000 0.246800 -0.964100 -0.098600 -0.337700 -0.933500 -0.120500 -0.335800 -0.928300 -0.159400 -0.205900 -0.975300 -0.079800 -0.123400 -0.990800 -0.055900 -0.071500 -0.996700 -0.039600 -0.037900 -0.998900 -0.027300 -0.017200 -0.999700 -0.018300 -0.004900 -0.999900 -0.011700 0.002000 -1.000000 -0.007400 0.005400 -1.000000 -0.004800 0.006500 -1.000000 -0.001000 0.006200 -1.000000 -0.004200 0.005300 -1.000000 -0.001800 0.006300 -1.000000 -0.006700 0.004500 -1.000000 -0.003400 0.007600 -0.999900 -0.009900 0.014200 -0.999800 -0.015400 0.023300 -0.999600 -0.018900 0.038800 -0.998900 -0.026600 0.055200 -0.997600 -0.040900 0.073900 -0.995900 -0.051600 0.119000 -0.990100 -0.074600 0.251100 -0.960700 -0.118300 0.191600 -0.975500 -0.108000 -0.255000 -0.955700 -0.147000 -0.261000 -0.948300 -0.180400 -0.154900 -0.983200 -0.096300 -0.091600 -0.993500 -0.067600 -0.052300 -0.997400 -0.049200 -0.027600 -0.999000 -0.035300 -0.012000 -0.999600 -0.024400 -0.002500 -0.999900 -0.017000 0.003200 -0.999900 -0.012400 0.006400 -0.999900 -0.010600 0.008400 -0.999900 -0.012600 0.011400 -0.999800 -0.017700 0.016400 -0.999500 -0.025200 0.029900 -0.999000 -0.032800 0.048300 -0.998000 -0.039700 0.077300 -0.995500 -0.054500 0.105900 -0.991100 -0.080300 0.200600 -0.971600 -0.125700 0.158400 -0.980200 -0.118400 -0.204100 -0.964800 -0.165600 -0.214300 -0.955400 -0.203100 -0.124600 -0.985600 -0.114300 -0.073200 -0.993900 -0.082500 -0.044100 -0.997000 -0.064100 -0.023500 -0.998600 -0.046800 -0.009900 -0.999300 -0.035200 -0.001100 -0.999600 -0.027600 0.005400 -0.999700 -0.023600 0.010800 -0.999700 -0.024100 0.017200 -0.999400 -0.030100 0.024000 -0.998900 -0.041400 0.035600 -0.998000 -0.051600 0.060300 -0.996100 -0.064800 0.084600 -0.993600 -0.074200 0.129900 -0.986400 -0.101100 0.183000 -0.972900 -0.141200 -0.173100 -0.965900 -0.192400 -0.178000 -0.955900 -0.233800 -0.107500 -0.984200 -0.140400 -0.074800 -0.990900 -0.111800 -0.040700 -0.995900 -0.081400 -0.020700 -0.997600 -0.065500 -0.008000 -0.998500 -0.054900 0.002300 -0.998900 -0.047400 0.012500 -0.998900 -0.045500 0.022800 -0.998500 -0.049800 0.037700 -0.997200 -0.064000 0.048900 -0.995300 -0.083800 0.068500 -0.993600 -0.089800 0.108800 -0.987300 -0.115500 0.208800 -0.964200 -0.163200 0.170700 -0.973100 -0.155000 -0.141700 -0.968700 -0.204000 -0.112900 -0.977900 -0.175900 -0.121200 -0.965300 -0.231300 -0.062800 -0.988900 -0.134900 -0.033100 -0.993300 -0.110700 -0.017100 -0.994900 -0.099300 -0.002400 -0.996100 -0.087800 0.011900 -0.996600 -0.081300 0.031100 -0.995900 -0.084900 0.044900 -0.994700 -0.092700 0.070600 -0.990000 -0.121900 0.090900 -0.986200 -0.138400 0.179400 -0.965800 -0.187100 0.143700 -0.973400 -0.178200 -0.102100 -0.967400 -0.231600 -0.107300 -0.947000 -0.302900 -0.053100 -0.981300 -0.185100 -0.033500 -0.985000 -0.169500 -0.005400 -0.989200 -0.146300 0.013100 -0.989700 -0.142400 0.034000 -0.990700 -0.131500 0.057700 -0.986700 -0.152000 0.122500 -0.971500 -0.203200 0.100500 -0.977200 -0.186900 0.146200 -0.964300 -0.220700 -0.082300 -0.954400 -0.286900 -0.054700 -0.960600 -0.272500 -0.027100 -0.932100 -0.361100 -0.003300 -0.973100 -0.230400 0.018900 -0.973500 -0.227900 0.037700 -0.976200 -0.213800 0.098200 -0.964100 -0.246800 0.073700 -0.966300 -0.246400 0.009800 -0.935000 -0.354500 0.033300 -0.940700 -0.337700 0.059300 -0.942600 -0.328700 -0.069900 -0.638400 0.766500 -0.080400 -0.729800 0.678900 -0.044800 -0.766700 0.640400 -0.023700 -0.672700 0.739600 -0.006200 -0.765700 0.643200 0.031100 -0.667300 0.744100 0.044400 -0.764300 0.643300 0.077800 -0.657800 0.749200 0.096100 -0.771100 0.629400 0.118800 -0.660200 0.741600 -0.263100 -0.684100 0.680200 -0.227900 -0.767900 0.598700 -0.181200 -0.817700 0.546400 -0.214700 -0.727800 0.651300 -0.159600 -0.826000 0.540600 -0.162700 -0.742500 0.649800 -0.102400 -0.822400 0.559600 -0.059800 -0.861900 0.503500 -0.022800 -0.852100 0.522900 0.020000 -0.849400 0.527300 0.076100 -0.843300 0.532000 0.167900 -0.749100 0.640800 0.152000 -0.820900 0.550500 0.212200 -0.733600 0.645600 0.211800 -0.799400 0.562300 0.252800 -0.709100 0.658300 0.263100 -0.791700 0.551400 0.279200 -0.691100 0.666600 -0.338300 -0.747800 0.571300 -0.358600 -0.765300 0.534600 -0.261500 -0.854900 0.448000 -0.289600 -0.762400 0.578700 -0.204500 -0.859900 0.467700 -0.155500 -0.898500 0.410500 -0.135600 -0.895000 0.425000 -0.112600 -0.894500 0.432800 0.195500 -0.853900 0.482300 0.259800 -0.839300 0.477500 0.334500 -0.755400 0.563500 0.329100 -0.810100 0.485200 0.400100 -0.705800 0.584600 0.380500 -0.779000 0.498400 0.407900 -0.685300 0.603200 -0.389400 -0.780700 0.488700 -0.424400 -0.781700 0.457000 -0.320600 -0.864200 0.387800 -0.249200 -0.899400 0.359100 -0.189100 -0.918500 0.347300 0.235500 -0.885500 0.400500 0.291800 -0.861600 0.415400 0.354200 -0.830400 0.430100 0.476100 -0.690900 0.544100 0.417900 -0.787500 0.453000 0.474900 -0.693600 0.541700 -0.461100 -0.777800 0.427100 -0.497000 -0.768600 0.402800 -0.381500 -0.860000 0.338800 -0.302900 -0.900900 0.310900 -0.229100 -0.932500 0.279300 0.337100 -0.866800 0.367600 0.388900 -0.838300 0.382200 0.518700 -0.702500 0.487300 0.445600 -0.795700 0.410300 0.515200 -0.702000 0.491700 -0.542600 -0.753900 0.370500 -0.569300 -0.744200 0.349500 -0.451800 -0.840600 0.298800 -0.362700 -0.890800 0.273700 -0.276200 -0.930100 0.242100 0.361600 -0.879700 0.308900 0.420900 -0.842500 0.336200 0.551000 -0.717300 0.426600 0.480700 -0.802000 0.354500 0.583200 -0.711600 0.391800 -0.550500 -0.773400 0.314200 -0.449700 -0.851300 0.270200 -0.343400 -0.912700 0.221400 0.332700 -0.909000 0.251300 0.414300 -0.865000 0.282900 0.491500 -0.819800 0.293900 0.571000 -0.753700 0.325500 -0.610800 -0.742300 0.275600 -0.637800 -0.727900 0.251700 -0.497500 -0.840400 0.214900 -0.384400 -0.902500 0.194200 0.384600 -0.895200 0.225000 0.464500 -0.851100 0.244900 0.626000 -0.709800 0.323000 0.537900 -0.797700 0.272800 0.644100 -0.699500 0.309600 -0.643900 -0.739600 0.195800 -0.528800 -0.829000 0.182000 -0.402600 -0.900800 0.162900 0.450500 -0.873300 0.185500 0.521000 -0.831400 0.193000 0.616000 -0.745800 0.253500 -0.737800 -0.656400 0.157400 -0.737600 -0.662100 0.132800 -0.609400 -0.783100 0.124300 -0.473200 -0.872400 0.122300 0.506800 -0.854000 0.117700 0.622800 -0.760500 0.183400 0.603500 -0.786400 0.131500 0.722700 -0.666700 0.182500 -0.734400 -0.671600 0.098100 -0.627500 -0.773200 0.091800 -0.496100 -0.864300 0.083000 0.491500 -0.869500 0.048300 0.595600 -0.798900 0.083700 0.699100 -0.705300 0.117500 -0.734500 -0.677500 0.038500 -0.631100 -0.774300 0.046800 -0.504100 -0.862300 0.047600 0.472800 -0.881000 -0.014800 0.587300 -0.809200 0.014500 0.688400 -0.723800 0.046400 -0.739000 -0.673200 -0.024900 -0.635200 -0.772300 -0.011200 -0.512400 -0.858800 0.004200 0.004800 -1.000000 -0.004700 0.002600 -1.000000 -0.006000 0.000700 -1.000000 -0.006600 0.459600 -0.885800 -0.064400 0.581700 -0.811700 -0.052200 0.685900 -0.727300 -0.023800 -0.747600 -0.659400 -0.079500 -0.638200 -0.766800 -0.068100 -0.525900 -0.849200 -0.048700 0.005600 -1.000000 -0.002200 0.003600 -1.000000 -0.002900 0.001700 -1.000000 -0.003900 0.001200 -1.000000 -0.004500 0.444000 -0.890200 -0.102200 0.572600 -0.813800 -0.099100 0.683600 -0.724600 -0.087300 -0.775500 -0.618100 -0.128600 -0.646600 -0.756000 -0.101700 -0.532300 -0.840100 -0.104900 0.005800 -1.000000 -0.000800 0.004100 -1.000000 -0.001400 0.002600 -1.000000 -0.002700 0.358900 -0.921000 -0.151600 0.456000 -0.875400 -0.160600 0.565300 -0.812200 -0.144300 0.679300 -0.719700 -0.143800 -0.661000 -0.739400 -0.128100 -0.642700 -0.739700 -0.199500 -0.533900 -0.831500 -0.153700 -0.451400 -0.875100 -0.174600 0.297000 -0.940900 -0.163000 0.412400 -0.889400 -0.197400 0.491500 -0.842900 -0.218900 0.687100 -0.705700 -0.172700 0.585500 -0.777300 -0.230400 -0.653600 -0.707700 -0.268200 -0.527800 -0.816200 -0.235100 -0.447500 -0.867400 -0.217700 -0.364800 -0.905300 -0.217600 0.245100 -0.952600 -0.180100 0.335800 -0.914600 -0.225100 0.403800 -0.885800 -0.228900 0.505300 -0.822500 -0.261000 0.604400 -0.740500 -0.294000 -0.639400 -0.709900 -0.295300 -0.598100 -0.745200 -0.294800 -0.481200 -0.837400 -0.259300 -0.381800 -0.888400 -0.254800 -0.299200 -0.922600 -0.243400 0.282500 -0.933300 -0.221800 0.332500 -0.907100 -0.258100 0.435600 -0.853000 -0.287500 0.614000 -0.732700 -0.293500 0.548800 -0.766400 -0.333700 -0.594300 -0.727100 -0.343600 -0.469000 -0.829700 -0.302900 -0.387400 -0.874600 -0.291500 -0.317100 -0.903800 -0.287500 -0.250000 -0.929200 -0.272300 0.254600 -0.939300 -0.230100 0.347400 -0.895700 -0.277700 0.390200 -0.864900 -0.315600 0.524200 -0.779100 -0.343800 0.446800 -0.817000 -0.364600 -0.564600 -0.735300 -0.375000 -0.490100 -0.776000 -0.397000 -0.408300 -0.842100 -0.352400 -0.336600 -0.878200 -0.339800 -0.273200 -0.905200 -0.325600 -0.214000 -0.929700 -0.299800 -0.174200 -0.944900 -0.277000 0.212700 -0.941400 -0.261800 0.294700 -0.906200 -0.303300 0.347200 -0.884400 -0.312000 0.429100 -0.828300 -0.360200 0.495600 -0.759000 -0.422200 -0.489700 -0.742300 -0.457300 -0.437600 -0.766700 -0.469700 -0.365000 -0.837200 -0.407200 -0.300800 -0.870300 -0.390000 -0.251000 -0.893000 -0.373500 -0.205200 -0.911400 -0.356800 -0.160100 -0.927700 -0.337300 0.146500 -0.946800 -0.286600 0.188700 -0.933800 -0.303800 0.236200 -0.903200 -0.358500 0.292100 -0.890800 -0.348200 0.382700 -0.838600 -0.387800 0.526700 -0.742800 -0.413300 0.473700 -0.753300 -0.456200 -0.434300 -0.732700 -0.523900 -0.375900 -0.746200 -0.549400 -0.329500 -0.820900 -0.466400 -0.294900 -0.839200 -0.457000 -0.229300 -0.873600 -0.429100 -0.183100 -0.888300 -0.421100 -0.135800 -0.906500 -0.399800 -0.090100 -0.913500 -0.396800 0.113200 -0.926800 -0.358100 0.167600 -0.901200 -0.399600 0.209700 -0.902500 -0.376200 0.247700 -0.863900 -0.438600 0.314300 -0.847500 -0.427700 0.474500 -0.757600 -0.448300 0.399300 -0.774500 -0.490700 -0.367000 -0.727400 -0.579900 -0.329800 -0.772100 -0.543300 -0.278800 -0.739600 -0.612600 -0.240200 -0.824000 -0.513200 -0.216900 -0.828200 -0.516800 -0.171100 -0.856800 -0.486400 -0.099600 -0.873800 -0.476100 -0.033400 -0.880000 -0.473800 0.019800 -0.884500 -0.466000 0.057300 -0.889600 -0.453200 0.102000 -0.877400 -0.468900 0.159600 -0.858300 -0.487700 0.238600 -0.838900 -0.489200 0.291100 -0.799900 -0.524800 0.289300 -0.754700 -0.588800 0.362000 -0.768100 -0.528100 -0.267000 -0.724900 -0.635000 -0.228400 -0.765100 -0.602000 -0.193300 -0.786200 -0.586900 -0.125500 -0.734000 -0.667400 -0.091400 -0.825200 -0.557400 -0.053400 -0.814700 -0.577400 -0.004500 -0.820700 -0.571400 0.049700 -0.818400 -0.572500 0.089700 -0.806300 -0.584700 0.230100 -0.775400 -0.588000 0.149900 -0.778200 -0.609900 0.282700 -0.742100 -0.607800 -0.086900 -0.718000 -0.690600 -0.027900 -0.737300 -0.675000 0.029000 -0.740800 -0.671100 0.091400 -0.729400 -0.677900 0.151500 -0.693300 -0.704600 -0.208200 -0.498000 0.841800 -0.232500 -0.617600 0.751400 -0.179600 -0.622800 0.761500 -0.152000 -0.524600 0.837700 -0.127900 -0.629500 0.766400 -0.095600 -0.535700 0.839000 -0.032900 -0.566200 0.823600 0.018800 -0.575900 0.817300 0.082300 -0.570800 0.817000 0.149500 -0.550600 0.821300 0.182100 -0.629100 0.755700 0.202700 -0.504600 0.839200 0.222000 -0.618400 0.753800 0.260000 -0.509700 0.820100 -0.408300 -0.501900 0.762500 -0.405800 -0.589300 0.698600 -0.374200 -0.631900 0.678800 -0.373900 -0.544600 0.750800 -0.322300 -0.645200 0.692700 -0.310400 -0.609100 0.729800 0.275900 -0.623700 0.731300 0.318700 -0.574800 0.753600 0.337600 -0.647600 0.683100 0.375300 -0.512000 0.772700 0.399900 -0.621000 0.674100 0.452100 -0.551500 0.701100 -0.472200 -0.595000 0.650400 -0.519400 -0.597700 0.610700 -0.434700 -0.694100 0.573800 0.484800 -0.523500 0.700700 0.477600 -0.606400 0.635700 0.534100 -0.530900 0.657900 -0.562400 -0.591900 0.577300 -0.593400 -0.590900 0.546600 -0.519000 -0.690300 0.504100 0.572800 -0.523900 0.630400 0.547500 -0.616000 0.566400 0.605700 -0.542400 0.582200 -0.626900 -0.583600 0.516200 -0.663700 -0.569100 0.485300 -0.589800 -0.674300 0.444400 0.632400 -0.537900 0.557400 0.595400 -0.626100 0.503400 0.661200 -0.554500 0.505400 -0.719600 -0.525300 0.454100 -0.729500 -0.545600 0.412600 -0.652300 -0.642200 0.402700 0.669000 -0.592700 0.448400 0.686700 -0.608100 0.398400 0.752300 -0.484800 0.446200 -0.730400 -0.563900 0.385400 -0.663000 -0.660200 0.353000 0.686800 -0.644900 0.335200 0.738600 -0.544200 0.397900 -0.803300 -0.510600 0.306700 -0.823300 -0.508800 0.251700 -0.725200 -0.621600 0.296200 0.721800 -0.596000 0.351900 0.738200 -0.605700 0.297000 0.799000 -0.500600 0.333100 -0.815600 -0.542600 0.201100 -0.746900 -0.622000 0.235000 0.728000 -0.642100 0.240200 0.796000 -0.538900 0.275500 -0.806400 -0.570700 0.154900 0.781200 -0.588500 0.208200 -0.810300 -0.579600 0.086500 0.796600 -0.590500 0.129400 0.788700 -0.611000 0.068400 0.878600 -0.464300 0.112200 -0.819600 -0.572500 0.022100 0.784900 -0.619500 0.013500 0.867400 -0.494200 0.057700 -0.825800 -0.562700 -0.037100 0.784200 -0.619200 -0.041100 0.861800 -0.507300 -0.003600 -0.833400 -0.544300 -0.095400 0.786400 -0.611400 -0.088500 0.869900 -0.488700 -0.066200 -0.846600 -0.505300 -0.167500 0.847100 -0.512900 -0.139300 0.759200 -0.629800 -0.164100 -0.825400 -0.520300 -0.219000 -0.758000 -0.622800 -0.194000 0.708300 -0.663900 -0.239900 0.779900 -0.586800 -0.217800 -0.828600 -0.482800 -0.283300 -0.760400 -0.590900 -0.269500 0.700300 -0.644400 -0.307100 0.798800 -0.529800 -0.285100 -0.760700 -0.569300 -0.311700 -0.765900 -0.502900 -0.400600 -0.708700 -0.618800 -0.338900 0.646000 -0.674000 -0.358200 0.734700 -0.584100 -0.345100 0.715100 -0.590400 -0.374300 -0.760000 -0.475200 -0.443400 -0.699800 -0.603000 -0.382800 0.558600 -0.715500 -0.419400 0.684500 -0.608600 -0.401300 0.620200 -0.669700 -0.408600 -0.692900 -0.586500 -0.419300 -0.662500 -0.555100 -0.502900 -0.581500 -0.667300 -0.465400 0.575000 -0.669100 -0.470900 0.652900 -0.572900 -0.495500 -0.627800 -0.562200 -0.538400 -0.596100 -0.563100 -0.572400 -0.526000 -0.662900 -0.532800 0.558300 -0.674600 -0.483000 0.608000 -0.610400 -0.507700 0.616200 -0.593500 -0.517700 -0.546500 -0.584800 -0.599500 -0.500100 -0.582100 -0.641200 -0.439900 -0.658600 -0.610500 0.491700 -0.686800 -0.535200 0.582300 -0.602000 -0.546300 0.556300 -0.596500 -0.578500 -0.467800 -0.574100 -0.672000 -0.444900 -0.533400 -0.719500 -0.400900 -0.639600 -0.655900 -0.347700 -0.665300 -0.660700 0.302600 -0.688300 -0.659300 0.373100 -0.659300 -0.652800 0.497800 -0.612000 -0.614500 0.427900 -0.652000 -0.625900 -0.390000 -0.551800 -0.737200 -0.359800 -0.601700 -0.713100 -0.328800 -0.533300 -0.779400 -0.293200 -0.638600 -0.711500 -0.245400 -0.661500 -0.708700 -0.207800 -0.671400 -0.711400 0.214200 -0.668300 -0.712400 0.276400 -0.637600 -0.719100 0.374100 -0.583100 -0.721200 0.328600 -0.635000 -0.699200 0.427100 -0.526400 -0.735200 -0.279000 -0.538700 -0.794900 -0.245000 -0.572000 -0.782800 -0.177800 -0.620600 -0.763700 -0.142100 -0.526700 -0.838100 -0.090900 -0.624500 -0.775700 -0.035900 -0.635800 -0.771000 0.009100 -0.636100 -0.771500 0.055300 -0.632400 -0.772700 0.192200 -0.622900 -0.758400 0.113700 -0.618600 -0.777400 0.261300 -0.568000 -0.780500 0.314500 -0.524100 -0.791500 -0.057600 -0.525000 -0.849100 0.005900 -0.528400 -0.849000 0.057500 -0.515400 -0.855000 0.104500 -0.487600 -0.866800 -0.136200 -0.349100 0.927100 -0.168900 -0.436100 0.883900 -0.114300 -0.440000 0.890700 -0.063000 -0.364900 0.928900 -0.047300 -0.451000 0.891300 -0.004800 -0.365200 0.930900 0.002700 -0.465400 0.885100 0.039900 -0.363700 0.930600 0.045200 -0.474300 0.879200 0.082200 -0.355400 0.931100 0.097900 -0.473900 0.875100 0.145500 -0.383100 0.912200 -0.357700 -0.364100 0.860000 -0.399500 -0.449500 0.799000 -0.353000 -0.478200 0.804200 -0.293100 -0.403600 0.866700 -0.291800 -0.507400 0.810800 -0.236900 -0.418600 0.876700 0.168800 -0.491500 0.854300 0.228500 -0.448100 0.864300 0.274300 -0.408200 0.870700 0.299900 -0.497800 0.813800 0.313700 -0.380800 0.869800 0.352500 -0.482400 0.801900 0.388500 -0.386500 0.836500 -0.463900 -0.393000 0.793900 -0.519100 -0.431700 0.737700 -0.488900 -0.486800 0.723900 -0.449800 -0.410600 0.793200 0.419600 -0.440900 0.793400 0.458800 -0.409700 0.788400 0.507600 -0.445800 0.737300 0.533000 -0.371200 0.760300 -0.579000 -0.400900 0.710000 -0.627200 -0.426000 0.652000 -0.577600 -0.496400 0.648100 0.548900 -0.401300 0.733200 0.591200 -0.443700 0.673500 0.622900 -0.382100 0.682700 -0.679600 -0.377100 0.629200 -0.716000 -0.390500 0.578700 -0.651000 -0.485400 0.583600 0.639700 -0.407400 0.651800 0.664100 -0.457300 0.591500 0.693200 -0.393200 0.604100 -0.771600 -0.346200 0.533600 -0.778200 -0.409200 0.476300 -0.720900 -0.452800 0.524700 0.704200 -0.435900 0.560500 0.724600 -0.477000 0.497400 0.765600 -0.386500 0.514200 -0.778400 -0.428100 0.459100 0.769500 -0.412200 0.487900 -0.842900 -0.362300 0.397900 -0.872500 -0.381700 0.304900 -0.804000 -0.456900 0.380500 0.776800 -0.455500 0.434800 0.781100 -0.498300 0.376300 0.831000 -0.394800 0.391800 -0.867100 -0.418700 0.269900 0.826400 -0.433000 0.360000 -0.844900 -0.472900 0.250100 0.842300 -0.453900 0.290600 0.855300 -0.461400 0.235800 0.907800 -0.345900 0.237300 -0.897300 -0.388600 0.209300 -0.923300 -0.358700 0.137000 -0.856100 -0.485500 0.177000 0.862700 -0.471100 0.183800 0.913000 -0.362100 0.188200 -0.927300 -0.362400 0.093300 -0.869400 -0.481500 0.111300 0.915400 -0.382600 0.125100 -0.930100 -0.363900 0.050800 -0.880700 -0.469800 0.059800 0.911900 -0.407100 0.051400 -0.931000 -0.364900 0.003800 -0.886800 -0.462100 0.008400 0.913100 -0.407300 -0.018400 -0.930000 -0.364000 -0.051700 -0.889500 -0.454800 -0.044600 0.919500 -0.383300 -0.087300 -0.931000 -0.341800 -0.128100 -0.893100 -0.438200 -0.101800 0.842300 -0.502700 -0.194400 0.902800 -0.406200 -0.141400 -0.892000 -0.419100 -0.169500 -0.872600 -0.422300 -0.245600 0.836400 -0.488600 -0.248400 0.897100 -0.387200 -0.212800 -0.872000 -0.392100 -0.293000 0.876500 -0.390600 -0.281400 0.828300 -0.461900 -0.317000 -0.864500 -0.363200 -0.347400 -0.817200 -0.469100 -0.334800 0.768700 -0.506800 -0.390300 0.824000 -0.433100 -0.365200 -0.815000 -0.417000 -0.402300 -0.793300 -0.384500 -0.472000 0.706400 -0.557600 -0.436000 0.792200 -0.442900 -0.419800 0.768400 -0.471400 -0.432800 -0.774600 -0.379400 -0.506100 -0.728200 -0.461100 -0.507200 0.692800 -0.496800 -0.522800 0.773400 -0.422400 -0.472600 -0.715800 -0.423100 -0.555500 -0.712300 -0.364600 -0.599700 -0.661100 -0.468700 -0.585900 0.640700 -0.514500 -0.569900 0.721900 -0.421400 -0.548900 0.693500 -0.462500 -0.552400 -0.637400 -0.464500 -0.614800 -0.602000 -0.406000 -0.687600 -0.552200 -0.496100 -0.670000 0.595200 -0.510500 -0.620600 0.668500 -0.435700 -0.602700 0.657000 -0.460700 -0.596800 -0.553500 -0.417000 -0.721000 -0.525200 -0.363500 -0.769500 -0.512000 -0.461700 -0.724300 0.489800 -0.523200 -0.697300 0.611300 -0.435900 -0.660600 0.565100 -0.480000 -0.671000 -0.457100 -0.420100 -0.784000 -0.441600 -0.451100 -0.775500 -0.409200 -0.390300 -0.824800 -0.390000 -0.493600 -0.777300 0.355400 -0.524800 -0.773500 0.474700 -0.441200 -0.761600 0.416100 -0.483500 -0.770200 0.509000 -0.417200 -0.752900 -0.344900 -0.411500 -0.843600 -0.317500 -0.447100 -0.836300 -0.280500 -0.375000 -0.883600 -0.255200 -0.474200 -0.842600 -0.204800 -0.498900 -0.842100 0.174900 -0.502200 -0.846900 0.228600 -0.493400 -0.839300 0.356000 -0.447100 -0.820600 0.292300 -0.483200 -0.825300 0.371700 -0.406800 -0.834400 -0.218700 -0.383800 -0.897200 -0.155800 -0.420800 -0.893700 -0.083100 -0.437400 -0.895400 -0.008600 -0.443800 -0.896100 0.074500 -0.438800 -0.895500 0.132600 -0.402500 -0.905800 0.186400 -0.384900 -0.904000 0.234500 -0.370400 -0.898800 -0.218400 -0.257200 0.941400 -0.262900 -0.327300 0.907600 -0.200700 -0.350600 0.914800 -0.150700 -0.281000 0.947800 -0.069700 -0.301200 0.951000 -0.009400 -0.295400 0.955300 0.046200 -0.289900 0.956000 0.095500 -0.277700 0.955900 0.147100 -0.280300 0.948600 0.191900 -0.382400 0.903800 0.198800 -0.277300 0.940000 0.256700 -0.380000 0.888600 0.283800 -0.295600 0.912200 -0.414700 -0.253000 0.874100 -0.474900 -0.303700 0.826000 -0.421800 -0.351000 0.836000 -0.360500 -0.275400 0.891200 -0.314900 -0.312300 0.896300 0.320800 -0.348600 0.880600 0.332700 -0.301600 0.893500 0.383900 -0.291500 0.876200 0.458800 -0.341500 0.820300 0.466000 -0.264000 0.844500 -0.507600 -0.279400 0.815000 -0.513800 -0.317400 0.797000 0.498400 -0.327900 0.802500 0.544000 -0.298900 0.784000 -0.583600 -0.286900 0.759700 -0.637000 -0.292200 0.713300 0.584200 -0.321900 0.745100 0.634000 -0.320400 0.703800 -0.692000 -0.269500 0.669700 -0.734500 -0.283400 0.616600 0.688900 -0.315000 0.652800 0.713800 -0.314500 0.625800 -0.782800 -0.269100 0.561000 -0.808700 -0.300400 0.505700 0.746400 -0.353700 0.563800 0.782300 -0.300300 0.545800 -0.852100 -0.244700 0.462700 -0.882000 -0.280100 0.378900 -0.825300 -0.319000 0.466000 0.795400 -0.324700 0.511800 0.811400 -0.369400 0.452900 0.843600 -0.289600 0.452200 -0.895400 -0.296200 0.332500 0.844100 -0.316000 0.433200 -0.881800 -0.340200 0.326700 0.862700 -0.341300 0.373100 0.878700 -0.363300 0.309600 0.921100 -0.257400 0.292000 -0.918500 -0.276700 0.282400 -0.943400 -0.266800 0.197200 -0.887000 -0.371300 0.274400 0.933600 -0.268400 0.237600 -0.954200 -0.263300 0.142200 0.930400 -0.308200 0.198500 -0.956500 -0.274500 0.099000 0.936700 -0.333100 0.107800 -0.956600 -0.286400 0.054500 0.944300 -0.327900 0.027200 -0.956500 -0.291700 0.001900 0.949100 -0.311700 -0.044400 -0.953300 -0.296400 -0.057300 0.945500 -0.303100 -0.118700 -0.951800 -0.273600 -0.138900 0.932800 -0.321800 -0.162600 -0.945200 -0.251200 -0.208500 -0.917500 -0.342800 -0.201600 0.931100 -0.287400 -0.224500 -0.911200 -0.322500 -0.256500 -0.902300 -0.299100 -0.310600 0.869600 -0.352400 -0.346000 0.914400 -0.283200 -0.289200 -0.892200 -0.272400 -0.360100 0.895100 -0.265600 -0.358000 0.851200 -0.351400 -0.390000 -0.879500 -0.244900 -0.408100 -0.846600 -0.329400 -0.418100 0.804800 -0.380200 -0.455800 0.843000 -0.336500 -0.419600 -0.831400 -0.289100 -0.474500 -0.809100 -0.282200 -0.515500 0.827500 -0.302000 -0.473300 0.791700 -0.349500 -0.501100 -0.760500 -0.338600 -0.554100 -0.730400 -0.267900 -0.628200 0.760800 -0.346400 -0.548800 0.715900 -0.350200 -0.604100 -0.702000 -0.255300 -0.664800 -0.679500 -0.349000 -0.645300 0.697600 -0.351800 -0.624100 0.656400 -0.351100 -0.667800 -0.635300 -0.297400 -0.712700 -0.606100 -0.304500 -0.734800 -0.544800 -0.278500 -0.791000 0.632500 -0.344600 -0.693700 0.565900 -0.384100 -0.729500 -0.497500 -0.312000 -0.809400 -0.472200 -0.257300 -0.843100 -0.468100 -0.341600 -0.815000 0.436100 -0.388300 -0.811800 0.541200 -0.321200 -0.777100 0.501700 -0.344700 -0.793400 -0.408100 -0.298500 -0.862800 -0.388700 -0.319700 -0.864100 -0.352300 -0.255500 -0.900300 -0.338600 -0.344800 -0.875500 0.317500 -0.386000 -0.866100 0.412900 -0.315100 -0.854500 0.380800 -0.344300 -0.858200 0.433300 -0.302700 -0.848900 -0.289100 -0.267600 -0.919100 -0.237300 -0.296700 -0.925000 -0.179000 -0.313800 -0.932500 -0.118600 -0.346900 -0.930400 -0.094600 -0.245700 -0.964700 -0.053500 -0.340300 -0.938800 0.087700 -0.383500 -0.919400 0.013400 -0.349100 -0.937000 0.160400 -0.352400 -0.922000 0.206800 -0.313300 -0.926900 0.238100 -0.283100 -0.929100 0.293100 -0.280400 -0.914000 -0.021800 -0.215300 -0.976300 -0.281900 -0.156800 0.946500 -0.331800 -0.207600 0.920200 -0.282600 -0.243200 0.927900 -0.243500 -0.169600 0.955000 -0.176400 -0.198300 0.964100 -0.099900 -0.223600 0.969600 -0.042400 -0.242200 0.969300 0.049800 -0.255900 0.965400 0.111300 -0.226500 0.967600 0.152200 -0.208500 0.966100 0.192900 -0.197900 0.961100 0.260900 -0.199200 0.944600 0.346300 -0.253900 0.903100 0.337500 -0.165700 0.926600 -0.420500 -0.168100 0.891600 -0.472800 -0.222700 0.852600 -0.369800 -0.196000 0.908200 0.371700 -0.226200 0.900400 0.398300 -0.229300 0.888100 0.461700 -0.207800 0.862300 -0.559200 -0.186000 0.807900 -0.615800 -0.189100 0.764900 -0.577400 -0.226900 0.784300 -0.522600 -0.197000 0.829500 0.514400 -0.240700 0.823100 0.562000 -0.226400 0.795600 -0.670000 -0.142800 0.728500 -0.716100 -0.170900 0.676700 -0.671000 -0.216800 0.709100 0.616000 -0.242200 0.749600 0.644400 -0.226600 0.730300 0.696700 -0.250000 0.672400 0.709000 -0.188800 0.679500 -0.771700 -0.143300 0.619700 -0.801400 -0.210500 0.559900 -0.746600 -0.219100 0.628200 0.726400 -0.227000 0.648700 0.763700 -0.270200 0.586300 0.770100 -0.204000 0.604500 -0.826500 -0.213100 0.521100 0.785000 -0.215200 0.581000 -0.869800 -0.189200 0.455800 -0.894200 -0.216000 0.392000 0.818600 -0.254700 0.514800 0.857900 -0.201100 0.472800 -0.905700 -0.212000 0.367000 0.869100 -0.219900 0.443100 0.887100 -0.259500 0.381700 0.916500 -0.179900 0.357400 -0.930300 -0.153600 0.333100 -0.947500 -0.188500 0.258500 -0.909200 -0.237800 0.341700 0.936400 -0.186100 0.297700 -0.961700 -0.187800 0.199600 0.940800 -0.200900 0.273100 -0.968200 -0.195500 0.156000 0.939300 -0.246600 0.238500 0.951300 -0.273700 0.142100 0.967800 -0.182300 0.173800 -0.968800 -0.218300 0.117000 0.963800 -0.258600 0.064700 0.979300 -0.176800 0.098500 -0.966800 -0.248600 0.059700 0.969800 -0.243900 -0.000300 0.984500 -0.170700 0.040900 -0.971400 -0.235500 -0.029300 0.970500 -0.233500 -0.060300 0.986100 -0.165200 -0.014700 -0.972300 -0.217100 -0.086600 0.966800 -0.228400 -0.114600 0.985800 -0.151000 -0.073700 -0.967900 -0.191300 -0.163100 0.976400 -0.162500 -0.142400 0.957000 -0.223400 -0.185200 -0.959600 -0.163100 -0.229100 0.943300 -0.208400 -0.258400 -0.951400 -0.151400 -0.268200 -0.932800 -0.237000 -0.271500 0.932800 -0.184900 -0.309500 -0.925200 -0.200100 -0.322500 -0.910700 -0.192400 -0.365500 0.911800 -0.193300 -0.362300 0.872100 -0.255100 -0.417600 -0.894500 -0.160000 -0.417400 0.863200 -0.235500 -0.446600 -0.854000 -0.220200 -0.471500 -0.824200 -0.182100 -0.536200 0.844900 -0.215700 -0.489400 0.803400 -0.252100 -0.539400 -0.806700 -0.174200 -0.564700 -0.786200 -0.259500 -0.560800 0.739000 -0.273700 -0.615600 0.792200 -0.246900 -0.558200 -0.756000 -0.183400 -0.628300 -0.713700 -0.165300 -0.680700 0.671100 -0.276400 -0.687900 0.752900 -0.206800 -0.624900 0.730600 -0.239300 -0.639500 -0.671900 -0.200900 -0.712900 -0.635700 -0.139100 -0.759300 -0.618900 -0.212600 -0.756200 0.587000 -0.292000 -0.755100 0.679700 -0.210800 -0.702500 0.652600 -0.249200 -0.715600 -0.558800 -0.197600 -0.805400 -0.535200 -0.212600 -0.817500 -0.478800 -0.184000 -0.858400 0.577100 -0.229200 -0.783900 0.507100 -0.270400 -0.818400 0.602900 -0.220200 -0.766800 -0.437000 -0.210100 -0.874600 -0.402800 -0.145100 -0.903700 -0.403700 -0.223000 -0.887300 0.442600 -0.225700 -0.867800 0.372100 -0.260200 -0.890900 0.458300 -0.220400 -0.861000 -0.344800 -0.171200 -0.922900 -0.297000 -0.180500 -0.937700 -0.237600 -0.210200 -0.948300 -0.201100 -0.132400 -0.970600 -0.183100 -0.213500 -0.959600 -0.134500 -0.239300 -0.961600 0.056000 -0.266700 -0.962200 0.112600 -0.280000 -0.953400 0.254700 -0.258800 -0.931700 0.186500 -0.286500 -0.939700 0.266300 -0.217300 -0.939100 0.298900 -0.207200 -0.931500 -0.130700 -0.143600 -0.981000 -0.076800 -0.151700 -0.985400 -0.008500 -0.138000 -0.990400 0.057600 -0.168400 -0.984000 0.117200 -0.176300 -0.977300 -0.036000 -0.117400 0.992400 -0.068000 -0.187600 0.979900 -0.000600 -0.212100 0.977200 0.036200 -0.134300 0.990300 0.083700 -0.225300 0.970700 0.126000 -0.152600 0.980200 -0.291300 -0.070400 0.954000 -0.336300 -0.128100 0.933000 -0.257000 -0.078000 0.963300 -0.196400 -0.111500 0.974200 -0.139500 -0.150000 0.978800 0.160400 -0.193300 0.967900 0.177000 -0.147100 0.973200 0.208400 -0.134900 0.968700 0.262100 -0.135700 0.955400 0.323800 -0.095500 0.941300 -0.425500 -0.088100 0.900700 -0.472700 -0.150000 0.868400 -0.380900 -0.116900 0.917200 0.378800 -0.137200 0.915300 0.409400 -0.159500 0.898300 0.464900 -0.144600 0.873500 -0.583100 -0.095400 0.806800 -0.620900 -0.116700 0.775200 -0.543800 -0.114200 0.831400 0.535900 -0.160800 0.828800 0.568800 -0.144700 0.809600 0.627900 -0.161300 0.761400 0.636900 -0.089100 0.765800 -0.679100 -0.057700 0.731800 -0.727700 -0.088300 0.680200 0.676200 -0.146900 0.721900 0.713000 -0.109500 0.692500 -0.774800 -0.061700 0.629100 -0.804900 -0.132200 0.578500 0.741100 -0.149000 0.654600 0.770100 -0.119900 0.626500 -0.829700 -0.140000 0.540300 0.803900 -0.133600 0.579600 0.834400 -0.188800 0.517900 0.852400 -0.110900 0.511100 -0.878200 -0.126200 0.461400 -0.904600 -0.142700 0.401700 0.873100 -0.100000 0.477100 -0.919500 -0.123200 0.373400 0.888900 -0.139500 0.436400 0.923100 -0.118500 0.365700 -0.942200 -0.088500 0.323200 -0.955900 -0.128200 0.264300 0.940900 -0.116500 0.317900 -0.968700 -0.126700 0.213700 0.952400 -0.098800 0.288400 -0.973500 -0.138500 0.181900 0.958000 -0.139400 0.250600 0.981800 -0.096500 0.163500 -0.968600 -0.185000 0.166400 0.991400 -0.093300 0.092000 -0.980200 -0.145700 0.134100 -0.990600 -0.128400 0.048000 -0.971700 -0.216900 0.093800 0.994800 -0.094800 0.037400 -0.993500 -0.112000 -0.022000 -0.978800 -0.204400 0.012100 0.995400 -0.095100 -0.013600 -0.982100 -0.180500 -0.053600 -0.981800 -0.143700 -0.124300 0.994200 -0.080000 -0.072300 -0.977700 -0.106100 -0.181100 0.970300 -0.137600 -0.199100 0.987100 -0.084700 -0.136000 -0.967700 -0.073000 -0.241300 0.975400 -0.069700 -0.209000 0.958700 -0.139800 -0.247900 -0.959000 -0.065800 -0.275600 0.948300 -0.105300 -0.299500 -0.938400 -0.124400 -0.322400 -0.923500 -0.115900 -0.365600 0.901200 -0.155700 -0.404500 0.932500 -0.100200 -0.346900 -0.906700 -0.082600 -0.413500 0.910700 -0.074500 -0.406300 0.881000 -0.154000 -0.447400 -0.882500 -0.066400 -0.465500 -0.869500 -0.148700 -0.471000 0.822400 -0.159600 -0.546000 0.864100 -0.127200 -0.486900 -0.841600 -0.094500 -0.531800 -0.804100 -0.084700 -0.588400 0.827700 -0.091200 -0.553700 0.788700 -0.158800 -0.593900 -0.764000 -0.108700 -0.636000 -0.725700 -0.078900 -0.683500 0.764000 -0.123400 -0.633300 0.727300 -0.160000 -0.667400 -0.685700 -0.116300 -0.718500 -0.645200 -0.071700 -0.760600 0.691600 -0.126200 -0.711100 0.653100 -0.165800 -0.738900 -0.592500 -0.117300 -0.797000 -0.554600 -0.067400 -0.829400 -0.538600 -0.132100 -0.832100 0.510600 -0.201600 -0.835800 0.621100 -0.132700 -0.772400 0.572700 -0.144100 -0.807000 -0.484100 -0.108800 -0.868200 -0.448300 -0.124600 -0.885200 -0.406400 -0.061600 -0.911600 0.367000 -0.196600 -0.909200 0.474700 -0.124800 -0.871300 0.427800 -0.143900 -0.892300 0.501600 -0.124700 -0.856100 -0.361100 -0.084900 -0.928700 -0.318500 -0.098400 -0.942800 -0.257500 -0.119700 -0.958800 -0.213300 -0.061200 -0.975100 0.210200 -0.202100 -0.956600 0.291500 -0.137100 -0.946700 0.270700 -0.162000 -0.948900 0.306700 -0.136300 -0.942000 0.346600 -0.126200 -0.929500 -0.145600 -0.073900 -0.986600 -0.083200 -0.081800 -0.993200 -0.028600 -0.077100 -0.996600 0.041800 -0.084300 -0.995600 0.099100 -0.092500 -0.990800 0.176100 -0.102200 -0.979100 -0.107700 -0.032600 0.993600 -0.174200 -0.068600 0.982300 -0.108600 -0.112800 0.987700 -0.037400 -0.037300 0.998600 0.042900 -0.056000 0.997500 0.113000 -0.054000 0.992100 0.196000 -0.109200 0.974500 0.186000 -0.016100 0.982400 -0.282100 0.000800 0.959400 -0.332100 -0.057500 0.941500 -0.245800 -0.006100 0.969300 -0.211600 -0.039400 0.976600 0.212200 -0.071900 0.974600 0.225800 -0.071200 0.971600 0.266500 -0.074600 0.960900 0.319200 -0.022500 0.947400 -0.461500 -0.004500 0.887100 -0.532100 -0.039300 0.845700 -0.480300 -0.083900 0.873100 -0.417000 -0.006500 0.908900 -0.373800 -0.041100 0.926600 0.367500 -0.052700 0.928500 0.416700 -0.078400 0.905700 0.454100 -0.071400 0.888100 0.531200 -0.085700 0.842900 0.535200 -0.023200 0.844400 -0.585400 -0.016500 0.810600 -0.632400 -0.031000 0.774000 0.589500 -0.064100 0.805200 0.635800 -0.024600 0.771500 -0.683700 0.018600 0.729600 -0.730800 -0.013800 0.682400 0.682000 -0.066300 0.728300 0.719600 -0.028900 0.693800 -0.771200 0.014000 0.636400 -0.804900 -0.043800 0.591700 0.748000 -0.070000 0.660000 0.776900 -0.026200 0.629000 -0.842900 0.002000 0.538100 -0.890800 -0.054600 0.451000 -0.844500 -0.065000 0.531500 0.808300 -0.058900 0.585800 0.849100 -0.033800 0.527200 -0.909600 -0.061800 0.410800 0.878000 -0.014400 0.478500 -0.928400 -0.045200 0.368900 0.901200 -0.068300 0.428000 0.926900 -0.051100 0.371900 -0.947700 -0.022400 0.318400 -0.960600 -0.070900 0.268700 0.944600 -0.036500 0.326100 -0.971000 -0.067200 0.229300 0.961500 -0.010700 0.274700 -0.974100 -0.068100 0.215800 0.971800 -0.054300 0.229300 0.987600 -0.031000 0.153700 -0.981500 -0.015500 0.190800 -0.991300 -0.051400 0.121500 -0.974100 -0.104200 0.200800 0.995600 -0.025600 0.090200 -0.997100 -0.053300 0.054300 0.998900 -0.026200 0.037900 -0.999100 -0.035100 -0.023500 0.999600 -0.022100 -0.020100 -0.995300 -0.029900 -0.092400 -0.989800 -0.107400 -0.093300 0.995300 -0.017200 -0.095700 -0.985400 -0.064000 -0.157800 -0.980100 -0.035700 -0.195400 0.987500 -0.018200 -0.156300 -0.973200 -0.002800 -0.230100 0.974600 -0.000100 -0.224000 0.963600 -0.050900 -0.262500 -0.963500 0.004800 -0.267500 0.948600 -0.024000 -0.315600 -0.947100 -0.052000 -0.316700 -0.930800 -0.029300 -0.364300 0.934700 -0.016400 -0.355100 -0.904300 -0.003500 -0.427000 0.912200 -0.005200 -0.409700 0.885700 -0.064600 -0.459800 -0.875700 0.013400 -0.482600 0.862000 -0.044300 -0.505000 -0.840800 -0.026300 -0.540700 -0.801200 0.000500 -0.598400 0.831100 -0.022800 -0.555700 0.795700 -0.075400 -0.601000 -0.768300 -0.037100 -0.639000 -0.730500 0.002700 -0.682900 0.766100 -0.043200 -0.641300 0.730400 -0.085100 -0.677700 -0.690100 -0.036700 -0.722800 -0.652000 0.005400 -0.758200 0.691800 -0.045300 -0.720700 0.655100 -0.084900 -0.750700 -0.611400 -0.035500 -0.790600 -0.567600 -0.005400 -0.823300 0.620200 -0.039600 -0.783400 0.576000 -0.071000 -0.814300 -0.505100 -0.029100 -0.862600 -0.461300 -0.042500 -0.886200 -0.415000 0.011900 -0.909700 0.478500 -0.034200 -0.877400 0.425800 -0.074400 -0.901800 0.518400 -0.051000 -0.853600 -0.364000 -0.003600 -0.931400 -0.324700 -0.017800 -0.945600 -0.276600 -0.039300 -0.960200 -0.230200 0.005200 -0.973100 0.287300 -0.041000 -0.957000 0.250600 -0.071200 -0.965500 0.319300 -0.061800 -0.945600 0.359500 -0.064500 -0.930900 -0.157300 -0.013500 -0.987500 -0.091100 -0.020000 -0.995600 -0.032700 -0.020100 -0.999300 0.027900 -0.021000 -0.999400 0.092800 -0.027400 -0.995300 0.164700 -0.037900 -0.985600 -0.120200 0.046600 0.991700 -0.192800 0.008600 0.981200 -0.050800 0.049300 0.997500 0.029400 0.030800 0.999100 0.100100 0.025900 0.994600 0.166700 0.061300 0.984100 -0.275300 0.065500 0.959100 -0.326600 0.015700 0.945000 -0.233600 0.060800 0.970400 -0.218700 0.062200 0.973800 0.204400 0.031700 0.978400 0.238400 -0.002200 0.971200 0.274500 -0.008900 0.961500 0.325300 0.049100 0.944300 -0.455700 0.073400 0.887100 -0.534100 0.023300 0.845100 -0.422200 0.077600 0.903200 -0.374300 0.048100 0.926000 0.367800 0.033900 0.929300 0.412300 0.001500 0.911100 0.459500 -0.000000 0.888200 0.532500 0.033900 0.845700 -0.590000 0.067800 0.804600 -0.634900 0.038000 0.771600 0.589000 0.016500 0.807900 0.640500 0.043100 0.766800 -0.687400 0.090300 0.720600 -0.728200 0.059400 0.682800 0.683700 0.009900 0.729700 0.722000 0.054000 0.689800 -0.763400 0.087800 0.639900 -0.801700 0.041600 0.596300 0.752100 0.017900 0.658800 0.778600 0.064000 0.624200 -0.841100 0.058900 0.537600 -0.883400 0.011500 0.468500 0.812000 0.015900 0.583400 0.848400 0.043900 0.527500 -0.908000 0.012900 0.418700 0.877800 0.064000 0.474700 -0.931200 0.030000 0.363200 0.905400 0.004800 0.424600 0.929400 0.025000 0.368300 -0.946000 0.048000 0.320700 -0.961500 -0.008900 0.274600 0.947500 0.041600 0.317200 -0.970700 -0.002200 0.240400 0.965200 0.066800 0.252900 -0.977600 0.029800 0.208100 0.977600 0.016400 0.209700 0.989300 0.031000 0.142700 -0.983300 0.057900 0.172300 -0.993700 0.024700 0.108900 0.995700 0.039700 0.083900 -0.998700 0.029800 0.040900 0.998800 0.036500 0.033400 -0.998200 0.048000 -0.037000 0.998500 0.038700 -0.039700 -0.993400 0.046200 -0.105100 0.993700 0.045100 -0.102700 -0.984300 0.010500 -0.176300 -0.977200 0.062800 -0.203000 0.985400 0.044100 -0.164500 -0.973700 0.062300 -0.219300 0.966000 0.076800 -0.246800 0.959100 0.038800 -0.280500 -0.962600 0.067200 -0.262500 0.949700 0.055300 -0.308400 -0.948500 0.020600 -0.316000 -0.926600 0.047100 -0.373200 0.936200 0.051600 -0.347700 -0.902200 0.070300 -0.425600 0.908600 0.058000 -0.413500 0.886000 0.016300 -0.463400 -0.874400 0.083000 -0.478000 0.864800 0.032000 -0.501200 -0.836300 0.040900 -0.546700 -0.792900 0.084000 -0.603500 0.830400 0.044600 -0.555400 0.797600 0.005900 -0.603100 -0.765200 0.045000 -0.642200 -0.729400 0.084400 -0.678900 0.767000 0.035900 -0.640700 0.729800 -0.006100 -0.683600 -0.692600 0.043900 -0.720000 -0.653600 0.083600 -0.752200 0.686700 0.036300 -0.726100 0.652100 0.002100 -0.758100 -0.618700 0.050700 -0.784000 -0.567700 0.061100 -0.820900 0.614200 0.050400 -0.787500 0.573500 0.001900 -0.819200 -0.497500 0.043100 -0.866400 -0.463500 0.036200 -0.885300 -0.423600 0.073700 -0.902800 0.476900 0.045600 -0.877800 0.421500 -0.010000 -0.906800 0.523700 0.029000 -0.851400 -0.360600 0.061900 -0.930700 -0.320700 0.059200 -0.945300 -0.289800 0.040900 -0.956200 -0.250700 0.072300 -0.965400 0.271000 0.040600 -0.961700 0.225600 -0.002000 -0.974200 0.322100 0.018200 -0.946500 0.364900 0.004200 -0.931000 -0.167600 0.043100 -0.984900 -0.096400 0.037400 -0.994600 -0.037200 0.037700 -0.998600 0.019600 0.036700 -0.999100 0.081600 0.031000 -0.996200 0.150800 0.019900 -0.988400 -0.202100 0.100200 0.974200 -0.043700 0.126200 0.991000 -0.132300 0.143300 0.980800 0.028200 0.110100 0.993500 0.060800 0.178200 0.982100 0.100900 0.105600 0.989300 -0.272400 0.123700 0.954200 -0.332500 0.088300 0.939000 -0.217500 0.119900 0.968700 -0.183100 0.132100 0.974200 -0.165600 0.180600 0.969500 0.132500 0.140800 0.981100 0.189100 0.102300 0.976600 0.249400 0.069000 0.966000 0.284200 0.061300 0.956800 0.329800 0.115500 0.936900 -0.529700 0.088400 0.843600 -0.419400 0.163300 0.893000 -0.466000 0.151200 0.871800 -0.388200 0.132200 0.912000 0.374400 0.105100 0.921300 0.420500 0.077400 0.904000 0.468800 0.132100 0.873400 0.478500 0.073400 0.875000 -0.576300 0.145200 0.804300 -0.645200 0.101300 0.757300 -0.534400 0.162300 0.829500 0.543300 0.103800 0.833100 0.589100 0.089100 0.803200 0.635300 0.120200 0.762800 -0.688900 0.169000 0.704900 -0.720100 0.134100 0.680800 0.681500 0.092500 0.726000 0.715900 0.125800 0.686800 -0.751400 0.151800 0.642200 -0.797500 0.117600 0.591700 0.752500 0.106100 0.650000 0.771700 0.151100 0.617700 -0.838700 0.116700 0.531900 -0.883200 0.081700 0.461900 0.810300 0.087100 0.579600 0.851600 0.121100 0.509900 -0.907600 0.086600 0.410800 0.876700 0.145200 0.458600 -0.923300 0.111600 0.367600 0.906500 0.075200 0.415500 0.931600 0.104600 0.348000 -0.937800 0.115400 0.327300 -0.957300 0.059200 0.283000 0.949300 0.114000 0.292800 -0.965800 0.065700 0.250800 0.961400 0.142000 0.235600 -0.976300 0.097000 0.193700 0.977200 0.081400 0.196000 0.987600 0.092400 0.127000 -0.988900 0.100300 0.109400 -0.981200 0.133800 0.139300 0.991900 0.104000 0.072700 -0.982900 0.170300 0.070400 -0.993700 0.105400 0.039400 0.995600 0.093000 0.013800 -0.992100 0.121700 -0.030700 0.993500 0.103600 -0.046300 -0.983300 0.139300 -0.117500 -0.977700 0.098600 -0.185700 -0.972700 0.176100 -0.151200 0.987800 0.111700 -0.108500 -0.976800 0.130400 -0.169900 0.977400 0.113000 -0.178800 -0.971400 0.119600 -0.205100 0.953700 0.171600 -0.247000 0.952600 0.133900 -0.273000 -0.957800 0.122700 -0.259900 0.948700 0.123000 -0.291200 -0.942800 0.086600 -0.322100 -0.917400 0.123200 -0.378400 0.935500 0.110400 -0.335600 -0.898800 0.145100 -0.413700 0.899600 0.126900 -0.417900 0.880200 0.106600 -0.462400 -0.874900 0.146100 -0.461700 0.867700 0.103700 -0.486100 -0.827800 0.106800 -0.550800 -0.780500 0.169700 -0.601600 0.824900 0.115700 -0.553300 0.794900 0.094200 -0.599400 -0.759700 0.130100 -0.637200 -0.723400 0.156100 -0.672500 0.763300 0.108300 -0.636900 0.726200 0.074000 -0.683500 -0.690000 0.125200 -0.712900 -0.649900 0.158300 -0.743400 0.681000 0.110800 -0.723800 0.642200 0.090300 -0.761200 -0.610100 0.136300 -0.780600 -0.576500 0.135100 -0.805900 -0.509400 0.115800 -0.852700 -0.507000 0.179500 -0.843100 0.608000 0.139700 -0.781600 0.570000 0.076000 -0.818200 -0.467700 0.125800 -0.874900 -0.427600 0.134600 -0.893900 0.463100 0.128100 -0.877000 0.414000 0.063900 -0.908000 0.505700 0.115300 -0.855000 -0.350700 0.115700 -0.929300 -0.307800 0.124800 -0.943200 -0.288900 0.129500 -0.948600 -0.265000 0.156800 -0.951400 0.248300 0.118500 -0.961400 0.205000 0.064400 -0.976600 0.313900 0.097500 -0.944400 0.362200 0.085300 -0.928200 -0.175400 0.105000 -0.978900 -0.099300 0.098200 -0.990200 -0.041500 0.100000 -0.994100 0.011700 0.099100 -0.995000 0.068200 0.092500 -0.993400 0.134600 0.080200 -0.987700 -0.090100 0.213900 0.972700 -0.006200 0.201600 0.979500 -0.268900 0.179100 0.946400 -0.347400 0.154200 0.925000 -0.204400 0.175700 0.963000 -0.157200 0.183200 0.970400 -0.115400 0.207000 0.971500 -0.055100 0.239400 0.969400 0.036800 0.227300 0.973100 0.094600 0.208300 0.973500 0.169300 0.184100 0.968200 0.236000 0.155900 0.959200 0.275400 0.142400 0.950700 0.326100 0.184800 0.927100 -0.421500 0.232700 0.876500 -0.464300 0.218100 0.858400 -0.389300 0.214900 0.895700 0.366700 0.176800 0.913400 0.412700 0.150300 0.898400 0.468600 0.193100 0.862100 -0.644600 0.169100 0.745600 -0.515700 0.231900 0.824800 -0.579600 0.222100 0.784000 0.521000 0.180300 0.834300 0.557600 0.173100 0.811900 0.612900 0.186800 0.767800 -0.656800 0.249100 0.711800 -0.711100 0.215700 0.669200 -0.639600 0.253900 0.725500 0.656000 0.185400 0.731600 0.700300 0.184100 0.689700 -0.739800 0.215800 0.637300 -0.797400 0.188100 0.573300 0.740200 0.186100 0.646100 0.773600 0.231800 0.589800 -0.867100 0.157700 0.472500 -0.821600 0.193100 0.536400 0.785500 0.236900 0.571800 0.805000 0.151900 0.573500 -0.854200 0.218100 0.472000 -0.894100 0.158800 0.418900 0.830400 0.201800 0.519400 0.857700 0.213500 0.467600 -0.911600 0.177700 0.370600 0.878300 0.230200 0.418900 0.901400 0.148400 0.406800 -0.927600 0.180800 0.326900 -0.951300 0.137600 0.276000 0.915400 0.183800 0.358100 0.937000 0.178100 0.300500 -0.959700 0.148900 0.238500 0.949100 0.197400 0.245300 -0.968800 0.175500 0.175000 0.963700 0.201900 0.174800 0.973900 0.141800 0.177500 -0.974600 0.199100 0.102800 0.966500 0.231600 0.110700 0.978700 0.162500 0.125100 -0.981000 0.193800 0.005200 -0.974800 0.218000 0.046600 0.982100 0.170100 0.080900 0.987500 0.156400 0.018300 -0.975400 0.206800 -0.076800 -0.971900 0.231400 -0.043500 0.985700 0.164100 -0.038200 -0.973900 0.202000 -0.103800 0.965700 0.251400 -0.064700 0.953100 0.267200 -0.142100 0.975300 0.191900 -0.109300 -0.972600 0.180500 -0.146300 0.949900 0.228700 -0.213000 0.965500 0.196000 -0.171200 -0.965500 0.174200 -0.193600 0.950200 0.192300 -0.245200 -0.950100 0.177100 -0.256700 0.939700 0.182600 -0.289000 -0.930600 0.149700 -0.334000 -0.902900 0.207300 -0.376600 0.897800 0.238500 -0.370200 0.875800 0.206800 -0.436200 0.915600 0.178400 -0.360400 -0.886800 0.218400 -0.407200 0.870600 0.199000 -0.450000 -0.853200 0.219500 -0.473100 -0.820500 0.173300 -0.544700 -0.799200 0.255400 -0.544100 0.834400 0.233900 -0.499100 0.801700 0.194600 -0.565100 0.849200 0.174700 -0.498300 -0.784400 0.249700 -0.567700 0.787700 0.189600 -0.586200 -0.747000 0.216400 -0.628600 -0.717600 0.215700 -0.662200 0.752100 0.188300 -0.631500 0.723000 0.168000 -0.670100 -0.667600 0.214200 -0.713000 -0.635300 0.230200 -0.737100 0.680500 0.183000 -0.709600 0.640100 0.170600 -0.749100 -0.583600 0.208700 -0.784800 -0.555800 0.205600 -0.805500 -0.511300 0.237500 -0.825900 0.565200 0.226100 -0.793400 0.506200 0.193900 -0.840300 0.561900 0.144500 -0.814500 0.589200 0.217800 -0.778100 -0.463300 0.210300 -0.860900 -0.440000 0.206000 -0.874100 -0.369200 0.176500 -0.912400 -0.371100 0.229200 -0.899800 0.458200 0.210600 -0.863500 0.411400 0.146000 -0.899700 -0.301300 0.181900 -0.936000 -0.262200 0.192700 -0.945600 -0.242900 0.236400 -0.940800 -0.200900 0.195700 -0.959900 -0.169100 0.263900 -0.949600 0.223200 0.200500 -0.953900 0.187200 0.133300 -0.973200 0.288900 0.174200 -0.941400 0.344900 0.166400 -0.923800 -0.111700 0.176100 -0.978000 -0.051900 0.173000 -0.983600 0.002100 0.168900 -0.985600 0.054900 0.163600 -0.985000 0.113000 0.148600 -0.982400 -0.354200 0.227000 0.907200 -0.204000 0.239400 0.949300 -0.291500 0.254900 0.922000 -0.145200 0.236100 0.960800 -0.098500 0.247500 0.963900 -0.051000 0.261500 0.963900 0.004700 0.268700 0.963200 0.065600 0.274400 0.959400 0.144800 0.255900 0.955800 0.213800 0.232300 0.948900 0.260700 0.285400 0.922300 0.276500 0.217500 0.936100 -0.401700 0.277400 0.872800 -0.476900 0.285100 0.831500 -0.362300 0.283500 0.887900 -0.341900 0.307200 0.888100 0.317900 0.265800 0.910100 0.364500 0.247100 0.897800 0.407000 0.229800 0.884000 0.468300 0.253800 0.846300 -0.511200 0.299700 0.805500 -0.576400 0.287400 0.765000 0.513200 0.249200 0.821300 0.559900 0.268900 0.783700 0.582000 0.231000 0.779700 -0.695700 0.270400 0.665500 -0.604300 0.337700 0.721600 -0.636400 0.333500 0.695500 0.614100 0.263700 0.743800 0.649500 0.289700 0.703000 0.672500 0.236800 0.701200 -0.781100 0.245000 0.574400 -0.689800 0.327400 0.645700 -0.715300 0.300400 0.631000 0.693900 0.269300 0.667800 0.713200 0.323400 0.621900 0.738000 0.248100 0.627500 -0.768200 0.301800 0.564600 -0.820600 0.271300 0.503100 0.762900 0.311500 0.566500 0.777200 0.321500 0.540900 -0.837200 0.276900 0.471600 -0.881400 0.226700 0.414500 0.816400 0.272000 0.509500 0.853100 0.284800 0.437100 -0.898300 0.241200 0.367400 0.871400 0.303000 0.385900 -0.937200 0.210500 0.278000 -0.912400 0.258800 0.317100 0.906000 0.239700 0.348700 0.927600 0.252500 0.275200 -0.924500 0.276800 0.262100 -0.950200 0.223400 0.217400 0.943900 0.256400 0.208200 -0.957500 0.245500 0.151300 0.948700 0.275000 0.156200 -0.961600 0.264000 0.074300 0.951700 0.289100 0.103400 -0.965600 0.259600 0.014400 0.958500 0.283400 0.031000 0.972900 0.226300 0.046600 -0.966200 0.254400 -0.041200 0.953400 0.297200 -0.051200 0.970700 0.240200 -0.004900 -0.965900 0.242900 -0.089500 0.949700 0.283500 -0.133300 -0.962700 0.233500 -0.136800 0.949200 0.253100 -0.187200 -0.951500 0.237800 -0.195200 0.939900 0.241900 -0.241100 -0.925800 0.252500 -0.281400 -0.912800 0.223000 -0.342100 -0.892700 0.303200 -0.333300 0.921900 0.246300 -0.299100 -0.893700 0.274800 -0.354600 0.875900 0.309900 -0.369900 0.865900 0.283800 -0.411900 -0.872100 0.280100 -0.401300 0.855700 0.276900 -0.437300 -0.834600 0.278400 -0.475300 -0.786500 0.337300 -0.517400 0.816600 0.289000 -0.499600 0.794300 0.262700 -0.547800 -0.762600 0.334400 -0.553700 -0.738700 0.272900 -0.616300 -0.715000 0.331500 -0.615500 0.773600 0.280800 -0.568000 0.743500 0.275300 -0.609400 0.752600 0.240800 -0.612900 -0.706900 0.307500 -0.636900 -0.664900 0.274300 -0.694700 -0.648400 0.323700 -0.689100 0.716200 0.277700 -0.640300 0.674600 0.261800 -0.690200 0.704000 0.223600 -0.674000 -0.630400 0.304900 -0.713900 -0.580000 0.275500 -0.766600 -0.572100 0.330100 -0.750800 0.614400 0.301000 -0.729300 0.571300 0.282600 -0.770600 0.639000 0.221300 -0.736600 -0.538900 0.284800 -0.792800 -0.507800 0.300100 -0.807500 0.537500 0.313100 -0.783000 0.506100 0.260200 -0.822300 -0.445000 0.268800 -0.854200 -0.413600 0.277400 -0.867200 -0.375700 0.296200 -0.878100 0.400600 0.299100 -0.866100 0.354000 0.242600 -0.903200 0.412200 0.215800 -0.885200 0.440500 0.285400 -0.851200 -0.295500 0.239000 -0.925000 -0.239800 0.237700 -0.941300 -0.199200 0.266100 -0.943100 -0.146200 0.298000 -0.943300 -0.087200 0.255500 -0.962900 -0.060300 0.298300 -0.952600 -0.018300 0.240700 -0.970400 0.025600 0.295400 -0.955000 0.043600 0.236000 -0.970800 0.090300 0.297600 -0.950400 0.098700 0.230800 -0.968000 0.155300 0.280400 -0.947200 0.160000 0.206600 -0.965300 0.222000 0.269900 -0.937000 0.282000 0.248300 -0.926700 -0.278200 0.321500 0.905100 -0.142500 0.301600 0.942700 -0.211500 0.327600 0.920900 -0.094700 0.304800 0.947700 -0.048800 0.309000 0.949800 0.000800 0.313900 0.949500 0.058100 0.317200 0.946600 0.133700 0.303400 0.943400 0.174000 0.353000 0.919300 0.203400 0.302400 0.931200 -0.477800 0.318600 0.818600 -0.340700 0.352700 0.871500 -0.405600 0.353700 0.842900 -0.303000 0.351200 0.885900 -0.258100 0.381400 0.887600 0.249300 0.351200 0.902500 0.305800 0.325600 0.894700 0.365300 0.307900 0.878500 0.414400 0.344800 0.842300 0.441200 0.295000 0.847600 -0.557400 0.348300 0.753600 -0.484100 0.385600 0.785400 -0.501600 0.369700 0.782100 0.459600 0.330700 0.824300 0.510100 0.358700 0.781700 0.508200 0.302600 0.806300 -0.575700 0.393500 0.716800 -0.633600 0.383300 0.672000 -0.542600 0.394600 0.741500 0.561900 0.337200 0.755300 0.580300 0.337700 0.741000 0.626100 0.352800 0.695300 -0.663200 0.390200 0.638600 -0.711500 0.370600 0.597000 0.654800 0.365000 0.661800 0.692100 0.377300 0.615300 -0.797900 0.338200 0.499000 -0.734600 0.378500 0.563200 0.732300 0.377400 0.566900 0.759700 0.390300 0.520100 -0.854800 0.298300 0.424600 -0.781500 0.376600 0.497400 -0.810300 0.352900 0.467800 0.775900 0.389200 0.496400 0.804000 0.321400 0.500400 -0.837500 0.361100 0.410100 -0.882400 0.305800 0.357500 0.827300 0.340800 0.446500 0.856800 0.357800 0.371200 -0.898100 0.320200 0.301400 0.864500 0.383500 0.324900 0.892600 0.302500 0.334100 -0.933500 0.292500 0.207300 -0.905500 0.343400 0.249200 0.904300 0.327200 0.274100 0.924800 0.322000 0.202900 -0.922100 0.343300 0.178400 -0.945800 0.292900 0.140100 0.928100 0.345600 0.138600 -0.949200 0.307500 0.066300 0.940200 0.334800 0.062500 -0.952000 0.305800 0.009100 0.943500 0.331500 0.001800 -0.952000 0.303400 -0.041400 0.945100 0.321000 -0.061100 -0.949300 0.301700 -0.088300 0.942600 0.309000 -0.126500 -0.944000 0.300300 -0.136600 0.938100 0.294700 -0.182100 -0.922200 0.327200 -0.206200 -0.907600 0.320100 -0.271500 -0.888500 0.382100 -0.254200 0.898900 0.378900 -0.219900 0.872400 0.393300 -0.290400 0.915800 0.314700 -0.249600 -0.890300 0.347200 -0.294500 0.863500 0.361200 -0.352000 0.897300 0.321400 -0.302500 -0.878500 0.336100 -0.339400 0.856100 0.328600 -0.399000 -0.838400 0.351500 -0.416600 -0.812700 0.335200 -0.476600 -0.789200 0.405500 -0.461300 0.822300 0.365600 -0.436100 0.799500 0.373500 -0.470400 0.820400 0.322300 -0.472300 -0.777800 0.396800 -0.487400 0.769600 0.374800 -0.516900 0.755200 0.344300 -0.557800 0.793700 0.319400 -0.517700 -0.740000 0.384500 -0.551800 -0.711300 0.383600 -0.589000 0.734500 0.351800 -0.580300 -0.667500 0.371900 -0.645100 -0.642500 0.377600 -0.666800 0.697500 0.356800 -0.621500 0.659700 0.355700 -0.662100 -0.596700 0.370500 -0.711800 -0.565100 0.387200 -0.728500 0.600600 0.378900 -0.704100 0.555700 0.362200 -0.748300 -0.516800 0.350400 -0.781100 -0.491600 0.368700 -0.788900 -0.451400 0.329400 -0.829300 -0.437800 0.389600 -0.810300 0.488200 0.409400 -0.770700 0.448700 0.359800 -0.818000 0.505200 0.327100 -0.798600 0.510000 0.393600 -0.764800 -0.385100 0.336500 -0.859300 -0.355900 0.368700 -0.858700 -0.314600 0.323000 -0.892600 -0.285300 0.386500 -0.877100 0.321200 0.388700 -0.863600 0.274700 0.335200 -0.901200 0.337400 0.315600 -0.886900 0.374200 0.363800 -0.853000 -0.237900 0.303500 -0.922700 -0.191900 0.309600 -0.931300 -0.141300 0.323400 -0.935700 -0.080000 0.337300 -0.938000 -0.008900 0.340600 -0.940200 0.066300 0.350400 -0.934300 0.137000 0.343000 -0.929300 0.206000 0.332700 -0.920200 -0.179500 0.384000 0.905700 -0.112200 0.375600 0.920000 -0.058300 0.367500 0.928200 -0.005500 0.365800 0.930700 0.049200 0.366200 0.929200 0.107800 0.360800 0.926400 -0.390500 0.403100 0.827600 -0.296200 0.393400 0.870400 -0.344200 0.439300 0.829800 -0.231100 0.401500 0.886300 -0.160600 0.416300 0.894900 -0.084300 0.419400 0.903900 -0.020000 0.417200 0.908600 0.040300 0.416500 0.908300 0.101200 0.413200 0.905000 0.171100 0.397900 0.901300 0.226700 0.402300 0.887000 0.294700 0.379200 0.877100 0.334300 0.435400 0.835900 0.357200 0.371800 0.856800 -0.469900 0.427800 0.772100 -0.509600 0.439900 0.739500 -0.403400 0.441300 0.801600 0.393400 0.416500 0.819600 0.434900 0.398000 0.807700 0.503000 0.419900 0.755500 -0.602700 0.417500 0.680100 -0.521700 0.444100 0.728400 -0.565100 0.468900 0.678800 0.535800 0.420300 0.732300 0.562300 0.442900 0.698300 0.593300 0.403400 0.696600 -0.695100 0.417800 0.585000 -0.615200 0.453500 0.644900 -0.647300 0.453600 0.612600 0.595700 0.451300 0.664400 0.625900 0.452900 0.634900 0.660800 0.415100 0.625400 -0.677100 0.464800 0.570400 -0.733700 0.430300 0.525900 0.655000 0.454400 0.603800 0.683400 0.460100 0.566800 0.721200 0.406700 0.560800 -0.748100 0.436800 0.499600 -0.797700 0.404500 0.447300 0.720200 0.465400 0.514400 0.755300 0.452300 0.474400 -0.856300 0.378000 0.351900 -0.815100 0.423700 0.395000 0.779500 0.451700 0.434100 0.811400 0.395200 0.430600 -0.836600 0.436800 0.330700 -0.879500 0.377300 0.290000 0.833500 0.418100 0.361100 0.845500 0.441700 0.300000 -0.889300 0.397400 0.226500 0.860300 0.441900 0.254300 0.888200 0.386700 0.248200 -0.929200 0.351400 0.114300 -0.904100 0.390000 0.174600 0.868000 0.461400 0.183500 0.896900 0.397600 0.193300 -0.932000 0.358000 0.056300 -0.907800 0.405600 0.106500 0.903300 0.405600 0.140100 0.920700 0.385000 0.064400 -0.933000 0.360000 0.000500 -0.910700 0.410600 0.044900 0.925400 0.379100 0.002800 -0.929600 0.364700 -0.053900 -0.909700 0.414900 -0.017600 0.930200 0.363400 -0.051700 -0.920300 0.375700 -0.109200 -0.903600 0.420300 -0.083200 0.892800 0.444900 -0.070200 0.876500 0.459000 -0.145000 0.919100 0.376900 -0.115200 -0.905900 0.384900 -0.176800 -0.893800 0.418800 -0.160400 0.871100 0.441200 -0.215600 0.910800 0.377300 -0.167400 -0.884200 0.406100 -0.230900 0.858700 0.421800 -0.291000 -0.873800 0.396300 -0.281600 0.853300 0.393700 -0.341900 -0.843300 0.415200 -0.341300 -0.820800 0.408700 -0.399000 -0.798700 0.465700 -0.381100 0.808500 0.458400 -0.369100 0.790300 0.447300 -0.418700 0.833600 0.390900 -0.390100 -0.784200 0.450200 -0.426900 0.773200 0.436600 -0.460000 -0.736300 0.468700 -0.488000 -0.744400 0.417000 -0.521500 -0.706600 0.456600 -0.540600 0.739800 0.434700 -0.513500 0.724800 0.419500 -0.546500 -0.677800 0.459300 -0.574200 -0.670700 0.418500 -0.612400 -0.644300 0.455200 -0.614600 0.695700 0.447000 -0.562400 0.660800 0.460900 -0.592400 0.683000 0.412600 -0.602700 -0.615400 0.455000 -0.643700 -0.604400 0.415000 -0.680000 -0.576800 0.452000 -0.680400 0.634600 0.461100 -0.620300 0.600800 0.468500 -0.647800 0.623000 0.413500 -0.664000 -0.541900 0.454400 -0.707000 -0.517100 0.412400 -0.750100 -0.498400 0.471200 -0.727700 0.551300 0.472800 -0.687400 0.508400 0.458100 -0.729200 0.563100 0.405100 -0.720300 -0.458100 0.417100 -0.785000 -0.421100 0.447600 -0.788800 -0.380700 0.404300 -0.831700 -0.371700 0.466600 -0.802600 0.412200 0.491500 -0.767100 0.369000 0.446200 -0.815300 0.429200 0.427900 -0.795500 0.459000 0.465400 -0.756800 -0.323400 0.407000 -0.854300 -0.265600 0.428200 -0.863800 -0.219000 0.385100 -0.896500 -0.195600 0.448400 -0.872200 -0.172700 0.381600 -0.908100 -0.137600 0.467100 -0.873400 -0.123000 0.386900 -0.913900 -0.074200 0.456100 -0.886800 0.101900 0.474800 -0.874200 0.067900 0.410200 -0.909500 0.123500 0.402200 -0.907200 0.173000 0.453900 -0.874100 0.189100 0.399700 -0.896900 0.244500 0.451700 -0.858000 0.248000 0.400900 -0.881900 0.306000 0.437400 -0.845600 -0.064000 0.377700 -0.923700 -0.004400 0.388700 -0.921400 -0.312200 0.462400 0.829900 -0.261200 0.458500 0.849500 -0.152700 0.443200 0.883300 -0.210300 0.453700 0.866000 -0.101900 0.456500 0.883900 -0.040100 0.461400 0.886300 0.026100 0.462900 0.886000 0.087800 0.461700 0.882700 0.148800 0.445700 0.882700 0.180000 0.507900 0.842400 0.218800 0.456100 0.862600 0.283700 0.447400 0.848100 -0.493200 0.484400 0.722600 -0.415500 0.496900 0.761800 -0.297600 0.517300 0.802400 -0.353600 0.494000 0.794300 -0.234100 0.520900 0.820900 0.257200 0.509500 0.821100 0.335400 0.485500 0.807400 0.385300 0.465500 0.796800 0.425300 0.515700 0.743700 0.473500 0.467200 0.746700 -0.517400 0.487600 0.703200 -0.461400 0.519200 0.719400 -0.494200 0.511800 0.702700 -0.387500 0.537400 0.749000 0.470900 0.507600 0.721600 0.505800 0.512600 0.693800 0.533800 0.477500 0.697900 -0.615300 0.490800 0.616900 -0.529500 0.527200 0.664600 -0.578800 0.527100 0.622300 0.536500 0.522900 0.662400 0.564300 0.529400 0.633500 0.593700 0.494000 0.635200 -0.701900 0.482500 0.523900 -0.619300 0.523100 0.585500 -0.655300 0.524500 0.543500 0.591800 0.535500 0.602500 0.618000 0.541900 0.569500 0.647500 0.503900 0.571600 -0.763700 0.464000 0.448800 -0.697600 0.509500 0.503800 -0.723400 0.504500 0.471300 0.648800 0.546600 0.529400 0.682300 0.545600 0.486600 0.718800 0.490700 0.492400 -0.749900 0.518100 0.411500 -0.801300 0.463000 0.378800 0.717700 0.537500 0.442600 0.752000 0.505800 0.422800 -0.850800 0.445100 0.279300 -0.812800 0.485300 0.322300 0.780000 0.508300 0.364900 0.814500 0.473000 0.335800 -0.865500 0.451500 0.217100 -0.824700 0.507000 0.250700 0.803300 0.516300 0.296800 0.838500 0.484400 0.249700 -0.847100 0.501500 0.175900 -0.885500 0.439600 0.150200 0.848700 0.499500 0.174000 -0.885100 0.456500 0.090800 0.861700 0.497600 0.098900 0.887500 0.448800 0.104900 -0.887200 0.460600 0.026100 0.865700 0.500200 0.019800 0.893600 0.446500 0.045800 -0.884700 0.464300 -0.041200 0.860800 0.504600 -0.066300 0.894400 0.447100 -0.010600 -0.882200 0.459700 -0.101900 0.853900 0.498100 -0.150900 -0.881600 0.445500 -0.156200 0.852600 0.476400 -0.214700 -0.862400 0.456900 -0.217800 -0.844100 0.464100 -0.268400 -0.818800 0.520700 -0.241900 0.809800 0.538100 -0.233800 0.790700 0.532500 -0.301900 0.834100 0.477100 -0.276900 -0.823600 0.470800 -0.316400 -0.802700 0.516000 -0.299100 0.778600 0.506000 -0.371200 0.820300 0.468300 -0.328200 -0.794400 0.488700 -0.360600 0.765500 0.489400 -0.417800 -0.741900 0.527300 -0.414200 -0.752100 0.487300 -0.443700 -0.705800 0.533900 -0.465700 0.732400 0.513100 -0.447500 0.703400 0.525200 -0.479000 0.724200 0.478700 -0.496300 -0.670900 0.534800 -0.513700 -0.674100 0.496300 -0.547100 -0.642300 0.531100 -0.552700 0.680100 0.527800 -0.508800 0.653300 0.537900 -0.532800 0.687900 0.485800 -0.539300 -0.617200 0.529500 -0.582000 -0.618000 0.492400 -0.612900 -0.587300 0.526200 -0.614900 0.625400 0.546200 -0.557300 0.595200 0.553400 -0.582700 0.631300 0.507800 -0.586100 -0.553800 0.524700 -0.646500 -0.548400 0.491100 -0.676800 -0.513900 0.528600 -0.675700 0.564200 0.556700 -0.609700 0.526400 0.561300 -0.638600 0.565500 0.514100 -0.644900 -0.472400 0.531900 -0.702800 -0.448600 0.483500 -0.751700 -0.417100 0.540200 -0.730900 0.476000 0.557600 -0.680100 0.442900 0.532700 -0.721200 0.500200 0.496900 -0.709100 -0.393100 0.482300 -0.782800 -0.345300 0.523700 -0.778800 -0.321100 0.476600 -0.818400 -0.285600 0.529000 -0.799100 0.259600 0.563400 -0.784300 0.233000 0.503700 -0.831800 0.285200 0.505000 -0.814600 0.328100 0.543700 -0.772500 0.339400 0.505400 -0.793400 0.402700 0.518800 -0.754100 -0.260000 0.464000 -0.846800 -0.203600 0.485500 -0.850200 -0.138300 0.509400 -0.849300 -0.060300 0.516800 -0.854000 -0.021200 0.461200 -0.887100 0.022000 0.515900 -0.856400 0.031000 0.459900 -0.887400 0.096800 0.524300 -0.846000 0.167900 0.500900 -0.849100 -0.164300 0.507200 0.846000 -0.112100 0.512500 0.851400 -0.064800 0.507800 0.859100 0.008000 0.504000 0.863700 0.073800 0.510200 0.856900 0.130600 0.510800 0.849700 -0.324900 0.543700 0.773800 -0.241900 0.548200 0.800600 -0.296700 0.584300 0.755300 -0.154400 0.555400 0.817100 -0.088300 0.565100 0.820300 -0.025500 0.542200 0.839800 0.056000 0.546400 0.835600 0.127900 0.555400 0.821700 0.192900 0.559700 0.805900 0.262200 0.535800 0.802600 0.291000 0.590300 0.752900 0.341400 0.532300 0.774700 0.381800 0.531500 0.756200 -0.472900 0.540500 0.695900 -0.399200 0.560500 0.725600 -0.446400 0.583200 0.678600 -0.328000 0.589600 0.738100 0.349300 0.587500 0.730000 0.404900 0.557100 0.725100 0.433500 0.592200 0.679200 0.474100 0.549800 0.687700 -0.541400 0.555200 0.631400 -0.479600 0.575000 0.662900 -0.507900 0.578800 0.637900 0.472500 0.588300 0.656200 0.507100 0.592300 0.626100 0.534600 0.563100 0.630200 -0.621100 0.555300 0.553100 -0.547800 0.583400 0.599600 -0.587800 0.584200 0.559700 0.537500 0.601700 0.590900 0.565900 0.607500 0.557400 0.590300 0.576900 0.564500 -0.693000 0.545100 0.471800 -0.623800 0.585100 0.518300 -0.659200 0.580400 0.478200 0.596600 0.612700 0.518400 0.627900 0.616700 0.474800 0.652500 0.585800 0.480700 -0.770800 0.529900 0.353800 -0.693200 0.577800 0.430900 -0.724800 0.563900 0.395900 0.662200 0.610900 0.433900 0.700900 0.598000 0.388800 0.717600 0.560700 0.413200 -0.780700 0.540100 0.314200 -0.730800 0.598200 0.328600 0.734300 0.594200 0.328200 0.759700 0.548900 0.348600 -0.759000 0.591200 0.272800 -0.805400 0.536300 0.252400 0.752400 0.586500 0.299700 0.780000 0.575900 0.244600 0.800300 0.534100 0.272300 -0.851600 0.508900 0.125900 -0.814700 0.552100 0.177100 0.800900 0.577900 0.156900 0.819900 0.534200 0.205700 -0.857800 0.508800 0.072600 -0.820500 0.561400 0.107400 0.798900 0.597200 0.070600 0.829600 0.545200 0.120200 -0.859700 0.510700 0.000400 -0.827900 0.559000 0.045600 0.808500 0.588300 0.012500 0.838200 0.542400 0.057000 -0.854600 0.515800 -0.060300 -0.823000 0.567800 -0.016100 0.803500 0.592300 -0.059500 0.840600 0.541100 -0.025100 -0.850800 0.513200 -0.112700 -0.824600 0.560300 -0.077800 0.800300 0.583800 -0.136600 0.832400 0.544800 -0.101200 -0.844500 0.507600 -0.170900 -0.817200 0.553800 -0.159400 0.784200 0.576400 -0.229900 0.819700 0.546400 -0.172100 -0.799400 0.549000 -0.244000 0.778300 0.550700 -0.301600 -0.756700 0.590700 -0.280100 -0.776900 0.549100 -0.308200 -0.733000 0.611700 -0.297400 0.735400 0.589900 -0.333400 0.705400 0.595900 -0.383800 0.753500 0.539300 -0.376100 -0.760900 0.534300 -0.368300 -0.722600 0.581700 -0.373300 0.699200 0.579200 -0.419100 0.731300 0.541500 -0.414700 -0.674300 0.596600 -0.435200 -0.670700 0.568100 -0.476900 -0.640900 0.597800 -0.481500 0.663200 0.599900 -0.447500 0.637600 0.606500 -0.475000 0.674200 0.563200 -0.477800 -0.610000 0.595800 -0.522400 -0.611600 0.564600 -0.554300 -0.580800 0.597300 -0.553100 0.610800 0.611200 -0.503400 0.580700 0.617900 -0.530100 0.618000 0.580500 -0.530200 -0.558500 0.595800 -0.577100 -0.559500 0.558200 -0.612700 -0.522300 0.587200 -0.618400 0.549200 0.622500 -0.557500 0.516300 0.624700 -0.585700 0.555700 0.593500 -0.582200 -0.479600 0.595200 -0.644800 -0.474800 0.567400 -0.672700 -0.432300 0.603700 -0.669900 0.479000 0.625200 -0.616200 0.440300 0.622100 -0.647400 0.481900 0.593700 -0.644400 -0.400200 0.591400 -0.700100 -0.368800 0.555800 -0.745000 -0.331600 0.623800 -0.707700 -0.326200 0.574000 -0.751100 -0.290700 0.597000 -0.747700 0.342100 0.611500 -0.713500 0.301000 0.594600 -0.745500 0.370200 0.554000 -0.745700 0.397000 0.617500 -0.679000 0.425900 0.570500 -0.702200 -0.264600 0.573600 -0.775300 -0.217500 0.533600 -0.817300 -0.188800 0.585200 -0.788600 -0.153900 0.546700 -0.823100 -0.112800 0.591400 -0.798400 -0.086900 0.554100 -0.827900 -0.038400 0.599900 -0.799100 -0.017500 0.552200 -0.833500 0.026900 0.603100 -0.797200 0.059700 0.565300 -0.822700 0.097800 0.611100 -0.785500 0.133500 0.571200 -0.809900 0.186400 0.603200 -0.775500 0.191800 0.557400 -0.807800 0.260500 0.592500 -0.762300 -0.254700 0.594900 0.762400 -0.186200 0.597200 0.780200 -0.123200 0.598700 0.791500 -0.027900 0.580500 0.813800 -0.071600 0.640200 0.764900 0.024300 0.656300 0.754100 0.063000 0.593900 0.802100 0.122800 0.598200 0.791900 0.178200 0.599700 0.780100 0.238800 0.596900 0.766000 -0.403700 0.603300 0.687800 -0.335900 0.622800 0.706600 -0.250600 0.641900 0.724700 -0.292300 0.656000 0.695900 -0.176200 0.652800 0.736800 -0.108200 0.662400 0.741300 0.085600 0.666500 0.740600 0.154600 0.648600 0.745300 0.216500 0.641000 0.736300 0.272500 0.623800 0.732600 0.307600 0.673700 0.671900 0.354700 0.621400 0.698600 0.394300 0.614300 0.683500 -0.474900 0.608800 0.635500 -0.400500 0.646600 0.649200 -0.440000 0.650100 0.619500 -0.321000 0.675500 0.663800 0.361400 0.670200 0.648200 0.414100 0.635900 0.651300 0.442300 0.664200 0.602600 0.478600 0.625400 0.616300 -0.551600 0.611200 0.567600 -0.480500 0.639500 0.600200 -0.512600 0.643200 0.568800 0.479400 0.662100 0.576000 0.512600 0.663700 0.544700 0.539300 0.635600 0.552500 -0.624500 0.615500 0.480700 -0.556100 0.640300 0.529800 -0.587000 0.647300 0.486300 0.548300 0.666400 0.505300 0.577700 0.671200 0.464600 0.604400 0.642800 0.470700 -0.689500 0.614700 0.382900 -0.620800 0.647000 0.442700 -0.656700 0.630500 0.413800 0.608200 0.670800 0.424500 0.632900 0.676800 0.376100 0.655900 0.638200 0.403000 -0.688800 0.643900 0.333100 -0.648000 0.683000 0.337100 0.657100 0.682100 0.320900 0.696200 0.636600 0.331600 -0.774700 0.596800 0.209000 -0.682300 0.674000 0.283200 -0.720500 0.645800 0.252600 0.682600 0.666800 0.299100 0.696600 0.672600 0.249600 0.731500 0.621200 0.281100 -0.781900 0.603400 0.156800 -0.724800 0.662100 0.190400 0.709700 0.680100 0.183700 0.756500 0.619600 0.209300 -0.781800 0.615300 0.100500 -0.723800 0.676600 0.135400 0.725100 0.680300 0.107100 0.776900 0.617400 0.123900 -0.738200 0.671500 0.065200 -0.788700 0.613500 0.037900 0.750200 0.658700 0.057600 0.774900 0.632000 -0.005400 -0.784200 0.620400 -0.011100 0.772500 0.629400 -0.083700 -0.784700 0.616900 -0.060800 -0.789500 0.599400 -0.131700 -0.729200 0.676000 -0.106000 0.776200 0.610300 -0.158500 -0.774700 0.604600 -0.185200 -0.720700 0.673900 -0.162600 0.722000 0.666200 -0.186800 0.699700 0.669400 -0.249600 0.758000 0.609000 -0.233700 -0.758200 0.603800 -0.246100 -0.717200 0.657900 -0.229700 0.699100 0.651900 -0.293800 0.741800 0.603700 -0.292200 -0.688100 0.673700 -0.269600 -0.693100 0.642400 -0.327000 -0.654300 0.688400 -0.313100 0.646600 0.684600 -0.336500 0.633400 0.676400 -0.375900 0.689500 0.624900 -0.366100 -0.679600 0.616000 -0.398400 -0.641500 0.655100 -0.399100 0.626300 0.659800 -0.415200 0.656500 0.632700 -0.410800 -0.609700 0.658400 -0.441300 -0.612800 0.625000 -0.483700 -0.578500 0.650000 -0.492800 0.591000 0.673600 -0.443800 0.566400 0.675000 -0.472800 0.603100 0.640600 -0.475300 -0.537000 0.658200 -0.527600 -0.541100 0.632900 -0.553800 -0.500600 0.669300 -0.549000 0.539800 0.673900 -0.504500 0.506700 0.676300 -0.534600 0.544400 0.648700 -0.531900 -0.500700 0.654500 -0.566600 -0.478000 0.625800 -0.616400 -0.444700 0.662100 -0.603200 0.469600 0.677900 -0.565700 0.426700 0.681600 -0.594500 0.476600 0.653000 -0.588500 -0.415300 0.651100 -0.635300 -0.385500 0.638700 -0.665900 -0.347300 0.691400 -0.633500 -0.337700 0.662700 -0.668400 -0.291400 0.684000 -0.668800 0.329200 0.686800 -0.648000 0.281900 0.683700 -0.673200 0.335300 0.651100 -0.680900 0.376600 0.685500 -0.623000 0.410100 0.655100 -0.634600 -0.268300 0.655300 -0.706100 -0.234700 0.623000 -0.746200 -0.209300 0.680800 -0.701900 -0.173600 0.633800 -0.753700 -0.148600 0.703600 -0.694900 -0.112900 0.644000 -0.756700 -0.071400 0.701600 -0.709000 0.109200 0.694600 -0.711000 0.073300 0.654800 -0.752300 0.150700 0.636800 -0.756200 0.169800 0.689800 -0.703800 0.212900 0.635800 -0.741900 0.225900 0.682800 -0.694800 0.268500 0.638800 -0.721000 -0.040500 0.640800 -0.766600 0.020800 0.650800 -0.759000 -0.049100 0.662800 0.747200 -0.268800 0.688900 0.673100 -0.211300 0.706900 0.675000 -0.146300 0.716100 0.682500 -0.005900 0.721200 0.692700 -0.060400 0.714900 0.696700 0.073400 0.706700 0.703700 0.094300 0.759000 0.644200 0.148800 0.703000 0.695500 0.207600 0.691100 0.692300 0.262000 0.687600 0.677100 -0.417400 0.688000 0.593700 -0.354200 0.712500 0.605700 -0.255000 0.737300 0.625500 -0.287600 0.722900 0.628200 -0.186000 0.759700 0.623100 -0.104100 0.759600 0.642000 0.173900 0.757000 0.629900 0.236400 0.735200 0.635300 0.296400 0.714100 0.634200 0.325300 0.753000 0.572000 0.361000 0.702800 0.613000 0.406500 0.687200 0.602000 -0.481500 0.679900 0.553000 -0.399800 0.733300 0.549900 -0.427300 0.708200 0.562000 -0.335400 0.756500 0.561500 0.385800 0.738600 0.552900 0.431000 0.711400 0.555100 0.448100 0.740800 0.500400 0.482000 0.697900 0.529800 -0.552900 0.680700 0.480600 -0.469400 0.721600 0.509000 -0.497100 0.706600 0.503600 0.498400 0.721100 0.481200 0.502300 0.748500 0.433000 0.545800 0.705000 0.452900 -0.613800 0.680600 0.400000 -0.530800 0.721700 0.444300 -0.565300 0.704700 0.428800 0.550400 0.730000 0.405100 0.545500 0.758200 0.357200 0.587400 0.713800 0.381300 -0.607600 0.717100 0.341500 -0.548500 0.750000 0.369600 0.561400 0.764400 0.316900 0.609300 0.722800 0.326100 -0.674300 0.703500 0.224500 -0.589100 0.751900 0.296000 -0.631900 0.728600 0.264500 0.612000 0.735500 0.290800 0.597000 0.767900 0.232300 0.646100 0.715100 0.266700 -0.673800 0.720900 0.162100 -0.627200 0.752200 0.202200 0.605200 0.778000 0.168800 0.649900 0.733200 0.200300 -0.683900 0.723600 0.092800 -0.633500 0.761400 0.137600 0.624100 0.773400 0.111400 0.669700 0.731900 0.125600 -0.732800 0.680100 0.020900 -0.680500 0.732100 0.032200 -0.634800 0.769300 0.072700 0.684000 0.726700 0.064100 0.676900 0.736000 0.003600 0.735700 0.677200 0.011000 -0.725400 0.687400 -0.036400 -0.682200 0.730300 -0.035600 -0.633400 0.773700 -0.011200 0.678300 0.733000 -0.051700 0.737100 0.673500 -0.054600 -0.673800 0.730600 -0.110600 -0.636300 0.766500 -0.087300 0.628300 0.771800 -0.098000 0.627000 0.761100 -0.166000 0.688300 0.714200 -0.127000 0.729700 0.671800 -0.127500 -0.668800 0.721800 -0.178300 -0.629200 0.761000 -0.158100 0.622200 0.750600 -0.222300 0.669100 0.716400 -0.197800 -0.668700 0.704700 -0.237300 -0.624600 0.746500 -0.229300 0.616300 0.739200 -0.271600 0.648600 0.709700 -0.274900 -0.622800 0.732700 -0.274300 -0.601000 0.718500 -0.350000 -0.560400 0.760300 -0.328500 0.568500 0.758800 -0.317900 0.560100 0.746900 -0.358400 0.614100 0.705300 -0.354300 -0.589300 0.692400 -0.416200 -0.548400 0.734900 -0.399100 0.556300 0.720500 -0.414000 0.583200 0.704800 -0.403900 -0.554000 0.709100 -0.436200 -0.533600 0.684700 -0.496500 -0.496800 0.718100 -0.487300 0.511000 0.738400 -0.440100 0.489600 0.721200 -0.490100 0.533300 0.701300 -0.473000 -0.472000 0.710300 -0.522300 -0.453900 0.702500 -0.548200 -0.421200 0.750600 -0.509000 -0.416600 0.727100 -0.545700 -0.369200 0.775300 -0.512400 0.436700 0.747500 -0.500500 0.403100 0.734900 -0.545400 0.462600 0.705600 -0.536700 -0.411800 0.687100 -0.598600 -0.338000 0.755200 -0.561600 -0.362700 0.710100 -0.603500 -0.292900 0.738300 -0.607600 0.309800 0.766100 -0.563200 0.267300 0.748500 -0.606900 0.322800 0.723800 -0.609900 0.349800 0.755700 -0.553600 0.387600 0.714500 -0.582500 -0.268600 0.725100 -0.634100 -0.235000 0.709300 -0.664600 -0.201700 0.751800 -0.627800 -0.168600 0.733800 -0.658100 -0.134100 0.766700 -0.627900 -0.088700 0.744600 -0.661500 -0.067300 0.773700 -0.629900 -0.018900 0.742000 -0.670100 0.001500 0.780700 -0.624900 0.047600 0.745800 -0.664500 0.080400 0.776200 -0.625300 0.113500 0.736000 -0.667400 0.143500 0.768400 -0.623700 0.179400 0.729600 -0.659900 0.202800 0.763000 -0.613700 0.246300 0.719900 -0.648900 -0.015500 0.701800 -0.712200 0.039900 0.705300 -0.707800 -0.036600 0.762100 0.646400 0.028800 0.760700 0.648500 -0.283400 0.766400 0.576400 -0.216800 0.776300 0.592000 -0.125800 0.787700 0.603000 -0.049100 0.796400 0.602800 0.023800 0.794800 0.606400 0.101400 0.794700 0.598500 0.194700 0.777000 0.598700 0.273300 0.762900 0.585900 -0.417700 0.753700 0.507300 -0.356500 0.772700 0.525200 -0.287700 0.786700 0.546300 -0.161300 0.811500 0.561700 -0.219300 0.809200 0.545000 -0.085300 0.824500 0.559400 -0.004700 0.832700 0.553600 0.067500 0.825300 0.560700 0.132400 0.815800 0.563000 0.198800 0.805700 0.558000 0.248700 0.829100 0.500800 0.274800 0.782500 0.558700 0.345100 0.775200 0.529100 0.404300 0.761400 0.506800 -0.473100 0.752800 0.457600 -0.429900 0.766200 0.477600 -0.310200 0.815000 0.489500 -0.362700 0.792900 0.489700 -0.257900 0.833100 0.489300 0.304900 0.812800 0.496300 0.355200 0.796000 0.490200 0.373200 0.819300 0.435300 0.413100 0.775900 0.476800 0.454300 0.769300 0.449200 -0.517200 0.756400 0.400500 -0.496200 0.767800 0.405300 -0.387000 0.812300 0.436400 -0.442100 0.792900 0.419400 0.421500 0.802800 0.421700 0.430600 0.822900 0.370800 0.470800 0.781900 0.408500 0.499000 0.774800 0.388200 -0.539000 0.778500 0.321400 -0.456600 0.813600 0.359900 -0.506900 0.795700 0.331600 0.479000 0.804500 0.351200 0.479300 0.823000 0.304700 0.515900 0.787300 0.337600 -0.585200 0.770900 0.251400 -0.555800 0.793100 0.249100 -0.503600 0.819200 0.274500 0.480300 0.838800 0.256300 0.534000 0.798000 0.279500 0.559900 0.781900 0.274200 -0.592400 0.785800 0.177600 -0.498200 0.839000 0.218900 -0.545800 0.818800 0.178000 0.529800 0.821000 0.212900 0.536300 0.829900 0.154100 0.567500 0.798100 0.202400 -0.592500 0.798800 0.104000 -0.548400 0.827500 0.120500 0.533500 0.840400 0.095900 0.573200 0.809900 0.124300 -0.590300 0.806700 0.026800 -0.546600 0.835700 0.054000 0.524600 0.851000 0.026300 0.573300 0.817600 0.054300 0.617500 0.784600 0.055900 -0.591700 0.804400 -0.053200 -0.544600 0.838500 -0.019100 0.536200 0.842200 -0.056600 0.570200 0.821300 -0.020400 0.613800 0.789300 -0.014900 -0.594300 0.794100 -0.127400 -0.544700 0.833900 -0.089500 0.547100 0.825500 -0.138800 0.583200 0.805600 -0.104400 -0.593000 0.779400 -0.202300 -0.547200 0.823300 -0.150800 0.537900 0.818200 -0.202800 0.582600 0.791100 -0.186200 -0.577000 0.770700 -0.270400 -0.543500 0.812700 -0.210100 -0.547600 0.788300 -0.280400 -0.484500 0.836300 -0.256700 0.531400 0.807400 -0.256500 0.564200 0.784000 -0.259000 -0.526600 0.775300 -0.348800 -0.483100 0.819400 -0.308600 0.486500 0.828300 -0.277900 0.477700 0.810800 -0.338200 0.532800 0.777400 -0.334200 -0.511600 0.751000 -0.417500 -0.480600 0.802800 -0.353000 -0.482300 0.772200 -0.413600 -0.418900 0.825000 -0.379400 0.422100 0.835300 -0.352300 0.411200 0.812900 -0.412500 0.471100 0.783900 -0.404300 0.512600 0.765300 -0.389400 -0.467900 0.743200 -0.478200 -0.401500 0.808700 -0.429800 -0.428800 0.768800 -0.474500 -0.364900 0.804900 -0.468000 0.354900 0.832400 -0.425600 0.331800 0.812000 -0.480100 0.396900 0.788700 -0.469400 0.447300 0.775200 -0.446000 -0.344600 0.801100 -0.489400 -0.291700 0.787300 -0.543200 -0.288200 0.821800 -0.491500 -0.242100 0.793900 -0.557800 -0.234700 0.835800 -0.496200 0.226500 0.847500 -0.480100 0.188300 0.824500 -0.533600 0.254600 0.806000 -0.534300 0.278800 0.832300 -0.479000 0.320300 0.793200 -0.517900 0.377200 0.781300 -0.497200 -0.241000 0.765000 -0.597300 -0.183200 0.815300 -0.549300 -0.173000 0.783600 -0.596700 -0.130100 0.823000 -0.553000 -0.104300 0.797400 -0.594300 -0.073300 0.831300 -0.551000 -0.037800 0.807300 -0.588900 -0.008500 0.836900 -0.547300 0.033100 0.809200 -0.586600 0.057200 0.833100 -0.550200 0.106800 0.801500 -0.588300 0.129800 0.826500 -0.547700 0.180500 0.794300 -0.580100 0.251100 0.788800 -0.561000 -0.190800 0.852300 0.487000 -0.121300 0.849800 0.513000 -0.045200 0.861600 0.505600 0.031700 0.857600 0.513400 0.108700 0.849600 0.516100 0.180000 0.847600 0.499200 -0.324200 0.844200 0.426900 -0.264300 0.858900 0.438700 -0.192500 0.876800 0.440600 -0.122000 0.878700 0.461400 0.005300 0.891600 0.452800 -0.049500 0.892400 0.448600 0.058100 0.885600 0.460800 0.120300 0.877000 0.465100 0.152800 0.904200 0.398900 0.199300 0.860700 0.468500 0.267000 0.853700 0.447000 0.317200 0.847300 0.426000 -0.385200 0.849000 0.361700 -0.333400 0.862400 0.381000 -0.205000 0.897400 0.390600 -0.264000 0.881400 0.391800 -0.139100 0.910400 0.389700 -0.084800 0.914000 0.396800 0.208400 0.896300 0.391400 0.227100 0.917000 0.327900 0.270700 0.871000 0.410000 0.322900 0.864600 0.385000 0.366600 0.855300 0.366100 -0.444100 0.846400 0.293900 -0.402700 0.863700 0.303100 -0.284800 0.898800 0.333200 -0.342800 0.884700 0.316000 0.278500 0.898400 0.339600 0.339500 0.878000 0.337500 0.342200 0.898000 0.276500 0.383000 0.866500 0.320200 0.419100 0.851500 0.315000 -0.452200 0.861900 0.229400 -0.353800 0.900100 0.254100 -0.406700 0.883800 0.231100 0.334400 0.913900 0.229900 0.405300 0.874700 0.265800 0.433600 0.860900 0.266200 -0.490500 0.858700 0.148500 -0.448800 0.879800 0.156800 -0.402700 0.898700 0.173900 0.389300 0.898300 0.203700 0.385900 0.908900 0.158200 0.443500 0.873800 0.199500 0.474400 0.858300 0.195700 -0.499500 0.863000 0.075300 -0.454000 0.886900 0.085900 -0.399500 0.911400 0.099000 0.383800 0.916500 0.113300 0.458200 0.878100 0.137700 0.492400 0.859200 0.139200 -0.496300 0.868100 0.006000 -0.447100 0.894200 0.022200 -0.396400 0.917500 0.032900 0.443700 0.893200 0.073000 0.442300 0.896600 0.020600 0.495600 0.866100 0.065300 -0.492800 0.867900 -0.061700 -0.442000 0.896200 -0.038800 -0.388800 0.921100 -0.022400 0.436800 0.899000 -0.031300 0.488400 0.872500 -0.017700 -0.486800 0.864200 -0.127000 -0.441200 0.891500 -0.103000 -0.386000 0.919400 -0.075300 0.389300 0.918800 -0.065300 0.386800 0.915200 -0.113300 0.449000 0.888200 -0.098000 0.498400 0.862100 -0.091400 -0.474400 0.859800 -0.188800 -0.440000 0.879600 -0.180900 -0.390200 0.911700 -0.128500 0.379900 0.910600 -0.162700 0.437200 0.884400 -0.163300 0.487900 0.858400 -0.158300 -0.430000 0.862600 -0.266600 -0.392800 0.899900 -0.189600 -0.406600 0.873900 -0.266300 -0.335100 0.913100 -0.232200 0.372500 0.900900 -0.222700 0.421300 0.877800 -0.228000 0.471600 0.854900 -0.216100 -0.410200 0.852100 -0.325000 -0.376700 0.862600 -0.337700 -0.341300 0.894000 -0.290300 0.323600 0.913200 -0.247700 0.313800 0.896700 -0.312100 0.372900 0.877000 -0.303100 0.418500 0.862700 -0.284000 -0.351000 0.849000 -0.394900 -0.333900 0.870500 -0.361700 -0.313400 0.855900 -0.411300 -0.270600 0.889600 -0.368000 -0.251300 0.866000 -0.432300 -0.220800 0.907000 -0.358600 0.259100 0.908400 -0.328000 0.241700 0.890500 -0.385400 0.306300 0.874500 -0.376200 0.356500 0.864900 -0.353300 -0.314700 0.837400 -0.446900 -0.254100 0.854300 -0.453500 -0.183400 0.891700 -0.413700 -0.174900 0.870000 -0.461100 -0.131600 0.903700 -0.407400 -0.107500 0.879100 -0.464300 -0.090900 0.913100 -0.397600 -0.053600 0.878900 -0.474000 -0.046500 0.918000 -0.393800 0.076900 0.913800 -0.398800 0.048400 0.888700 -0.456000 0.104300 0.877700 -0.467800 0.125600 0.910800 -0.393300 0.173000 0.880700 -0.441000 0.188700 0.902200 -0.387800 0.238700 0.869400 -0.432600 0.295300 0.859700 -0.416800 -0.175000 0.854700 -0.488700 -0.117300 0.856100 -0.503300 -0.053100 0.856700 -0.513000 -0.004700 0.890500 -0.455000 0.021400 0.858600 -0.512100 0.092100 0.854800 -0.510800 0.163400 0.860600 -0.482300 -0.016200 0.923900 0.382400 0.043100 0.921500 0.385900 0.092000 0.921900 0.376300 -0.218500 0.919600 0.326400 -0.146100 0.930200 0.336800 -0.084900 0.937600 0.337300 -0.019800 0.942300 0.334100 0.048000 0.939700 0.338500 0.105800 0.940300 0.323500 0.159200 0.936500 0.312500 -0.283000 0.924000 0.257100 -0.215700 0.940100 0.263900 -0.159400 0.944700 0.286500 -0.109100 0.953300 0.281700 -0.052400 0.956200 0.288000 0.028500 0.954400 0.297100 0.114000 0.946500 0.301700 0.176000 0.944200 0.278500 0.223200 0.937000 0.268600 0.276700 0.921000 0.274200 -0.337600 0.922300 0.188200 -0.281200 0.941500 0.185600 -0.229800 0.950800 0.207800 -0.167200 0.961700 0.217100 -0.062300 0.970400 0.233300 -0.108600 0.968100 0.225900 -0.008300 0.970000 0.243000 0.057500 0.963300 0.262200 0.138200 0.950900 0.277100 0.172700 0.960300 0.219300 0.211500 0.942400 0.259000 0.236200 0.945000 0.226300 0.271600 0.936500 0.222100 -0.350400 0.928300 0.124100 -0.288500 0.948100 0.133500 -0.224500 0.963300 0.147000 -0.129400 0.976900 0.170100 -0.177000 0.973000 0.148500 0.232600 0.953600 0.191200 0.222300 0.967800 0.118000 0.257500 0.950800 0.172300 0.275300 0.946100 0.170600 0.312600 0.934600 0.170000 -0.350500 0.935300 0.048200 -0.305200 0.949200 0.076500 -0.252700 0.963600 0.087100 -0.186800 0.977000 0.102300 0.205600 0.976800 0.059500 0.255300 0.962000 0.097200 0.286000 0.950800 0.118600 0.320600 0.939400 0.121400 -0.340900 0.940000 -0.010300 -0.302800 0.952900 0.016900 -0.196100 0.978500 0.064200 -0.250900 0.967500 0.032600 0.195100 0.980800 0.005000 0.244800 0.969200 0.027600 0.284300 0.957200 0.054400 0.325000 0.943400 0.065700 0.366700 0.928700 0.055000 -0.335000 0.940000 -0.064100 -0.307600 0.949800 -0.056400 -0.264100 0.964400 -0.013800 0.188000 0.981100 -0.045700 0.240000 0.970200 -0.032600 0.284000 0.958700 -0.017700 0.323300 0.946300 0.005500 0.369800 0.929100 0.000400 -0.326000 0.938400 -0.114800 -0.290300 0.949400 -0.120000 -0.275800 0.958500 -0.072700 -0.274200 0.950900 -0.143900 -0.222200 0.970000 -0.099000 0.179100 0.979300 -0.094300 0.233500 0.968600 -0.086000 0.287100 0.955200 -0.072300 0.334500 0.940600 -0.058200 -0.314300 0.934800 -0.165100 -0.269900 0.947000 -0.174400 -0.242100 0.951200 -0.191300 -0.218700 0.962800 -0.158600 -0.213000 0.952000 -0.220000 -0.159000 0.973800 -0.162600 0.160600 0.975800 -0.148700 0.213400 0.966500 -0.142500 0.277900 0.952700 -0.123300 0.330800 0.936600 -0.115200 -0.266700 0.935600 -0.231300 -0.222300 0.946300 -0.234900 -0.183000 0.950200 -0.252100 -0.152700 0.962900 -0.222500 -0.138100 0.950200 -0.279300 -0.093900 0.970400 -0.222700 0.074000 0.979800 -0.186000 0.043300 0.969200 -0.242400 0.099200 0.964800 -0.243400 0.113800 0.978200 -0.173600 0.156000 0.965700 -0.207400 0.216700 0.954400 -0.205300 0.267400 0.946900 -0.178500 0.315100 0.932500 -0.176400 -0.272700 0.916000 -0.294300 -0.218000 0.933100 -0.285900 -0.166600 0.944500 -0.283300 -0.115500 0.947400 -0.298500 -0.065700 0.959600 -0.273600 -0.052800 0.951000 -0.304700 -0.005300 0.966100 -0.257900 0.030600 0.955600 -0.293000 0.089800 0.950200 -0.298300 0.144700 0.950000 -0.276800 0.195700 0.944900 -0.262300 0.260200 0.932000 -0.252200 -0.160300 0.929500 -0.332200 -0.114400 0.935000 -0.335700 -0.063300 0.939700 -0.336100 -0.004700 0.946000 -0.324000 0.064400 0.938400 -0.339400 0.137800 0.930800 -0.338700 0.198500 0.926600 -0.319300 0.009600 0.929700 -0.368100 -0.072800 0.983900 0.163300 -0.022100 0.983600 0.179200 0.030200 0.981900 0.186800 0.088800 0.977000 0.193900 -0.123500 0.986500 0.107300 -0.069200 0.992000 0.105900 -0.018300 0.992400 0.121800 0.029700 0.991800 0.124300 0.083700 0.988500 0.125700 0.153700 0.978500 0.137500 -0.136300 0.988900 0.059000 -0.082200 0.994900 0.059000 -0.018700 0.997900 0.062600 0.034200 0.996900 0.070500 0.087300 0.993400 0.074500 0.150200 0.985000 0.084900 -0.184400 0.982800 0.012000 -0.125300 0.992100 0.010200 -0.074600 0.997000 0.020500 -0.021400 0.999600 0.018400 0.034100 0.999200 0.021200 0.087700 0.995800 0.027300 0.144900 0.988700 0.037500 -0.194900 0.980200 -0.035700 -0.136000 0.989900 -0.039600 -0.076000 0.996500 -0.033900 -0.020500 0.999500 -0.024800 0.032600 0.999200 -0.023600 0.084500 0.996200 -0.019400 0.139300 0.990200 -0.009700 -0.141300 0.985800 -0.090800 -0.085600 0.992500 -0.086700 -0.029500 0.996800 -0.074800 0.031100 0.997100 -0.068800 0.078100 0.994600 -0.068800 0.131300 0.989700 -0.057100 -0.087900 0.986000 -0.141400 -0.034900 0.990500 -0.132700 0.017600 0.992800 -0.118300 0.068100 0.989900 -0.124600 0.116900 0.987200 -0.108400 -0.029900 0.981200 -0.190800 0.019900 0.984100 -0.176700 0.000000 1.000000 0.000000</float_array>
          <technique_common>
            <accessor source="#Slime-normals-array" count="3169" stride="3">
              <param name="X" type="float"/>
              <param name="Y" type="float"/>
              <param name="Z" type="float"/>
            </accessor>
          </technique_common>
        </source>
        <source id="Slime-map-0">
          <float_array id="Slime-map-0-array" count="2">0.000000 0.000000</float_array>
          <technique_common>
            <accessor source="#Slime-map-0-array" count="1" stride="2">
              <param name="S" type="float"/>
              <param name="T" type="float"/>
            </accessor>
          </technique_common>
        </source>
        <vertices id="Slime-vertices">
          <input semantic="POSITION" source="#Slime-positions"/>
        </vertices>
        <polylist material="slime-material" count="6333">
          <input semantic="VERTEX" source="#Slime-vertices" offset="0"/>
          <input semantic="NORMAL" source="#Slime-normals" offset="1"/>
          <input semantic="TEXCOORD" source="#Slime-map-0" offset="2" set="0"/>
          <vcount>3 3 3 3 3 3 3 3 3 3 3 3 3 3 3 3 3 3 3 3 3 3 3 3 3 3 3 3 3 3 3 3 3 3 3 3 3 3 3 3 3 3 3 3 3 3 3 3 3 3 3 3 3 3 3 3 3 3 3 3 3 3 3 3 3 3 3 3 3 3 3 3 3 3 3 3 3 3 3 3 3 3 3 3 3 3 3 3 3 3 3 3 3 3 3 3 3 3 3 3 3 3 3 3 3 3 3 3 3 3 3 3 3 3 3 3 3 3 3 3 3 3 3 3 3 3 3 3 3 3 3 3 3 3 3 3 3 3 3 3 3 3 3 3 3 3 3 3 3 3 3 3 3 3 3 3 3 3 3 3 3 3 3 3 3 3 3 3 3 3 3 3 3 3 3 3 3 3 3 3 3 3 3 3 3 3 3 3 3 3 3 3 3 3 3 3 3 3 3 3 3 3 3 3 3 3 3 3 3 3 3 3 3 3 3 3 3 3 3 3 3 3 3 3 3 3 3 3 3 3 3 3 3 3 3 3 3 3 3 3 3 3 3 3 3 3 3 3 3 3 3 3 3 3 3 3 3 3 3 3 3 3 3 3 3 3 3 3 3 3 3 3 3 3 3 3 3 3 3 3 3 3 3 3 3 3 3 3 3 3 3 3 3 3 3 3 3 3 3 3 3 3 3 3 3 3 3 3 3 3 3 3 3 3 3 3 3 3 3 3 3 3 3 3 3 3 3 3 3 3 3 3 3 3 3 3 3 3 3 3 3 3 3 3 3 3 3 3 3 3 3 3 3 3 3 3 3 3 3 3 3 3 3 3 3 3 3 3 3 3 3 3 3 3 3 3 3 3 3 3 3 3 3 3 3 3 3 3 3 3 3 3 3 3 3 3 3 3 3 3 3 3 3 3 3 3 3 3 3 3 3 3 3 3 3 3 3 3 3 3 3 3 3 3 3 3 3 3 3 3 3 3 3 3 3 3 3 3 3 3 3 3 3 3 3 3 3 3 3 3 3 3 3 3 3 3 3 3 3 3 3 3 3 3 3 3 3 3 3 3 3 3 3 3 3 3 3 3 3 3 3 3 3 3 3 3 3 3 3 3 3 3 3 3 3 3 3 3 3 3 3 3 3 3 3 3 3 3 3 3 3 3 3 3 3 3 3 3 3 3 3 3 3 3 3 3 3 3 3 3 3 3 3 3 3 3 3 3 3 3 3 3 3 3 3 3 3 3 3 3 3 3 3 3 3 3 3 3 3 3 3 3 3 3 3 3 3 3 3 3 3 3 3 3 3 3 3 3 3 3 3 3 3 3 3 3 3 3 3 3 3 3 3 3 3 3 3 3 3 3 3 3 3 3 3 3 3 3 3 3 3 3 3 3 3 3 3 3 3 3 3 3 3 3 3 3 3 3 3 3 3 3 3 3 3 3 3 3 3 3 3 3 3 3 3 3 3 3 3 3 3 3 3 3 3 3 3 3 3 3 3 3 3 3 3 3 3 3 3 3 3 3 3 3 3 3 3 3 3 3 3 3 3 3 3 3 3 3 3 3 3 3 3 3 3 3 3 3 3 3 3 3 3 3 3 3 3 3 3 3 3 3 3 3 3 3 3 3 3 3 3 3 3 3 3 3 3 3 3 3 3 3 3 3 3 3 3 3 3 3 3 3 3 3 3 3 3 3 3 3 3 3 3 3 3 3 3 3 3 3 3 3 3 3 3 3 3 3 3 3 3 3 3 3 3 3 3 3 3 3 3 3 3 3 3 3 3 3 3 3 3 3 3 3 3 3 3 3 3 3 3 3 3 3 3 3 3 3 3 3 3 3 3 3 3 3 3 3 3 3 3 3 3 3 3 3 3 3 3 3 3 3 3 3 3 3 3 3 3 3 3 3 3 3 3 3 3 3 3 3 3 3 3 3 3 3 3 3 3 3 3 3 3 3 3 3 3 3 3 3 3 3 3 3 3 3 3 3 3 3 3 3 3 3 3 3 3 3 3 3 3 3 3 3 3 3 3 3 3 3 3 3 3 3 3 3 3 3 3 3 3 3 3 3 3 3 3 3 3 3 3 3 3 3 3 3 3 3 3 3 3 3 3 3 3 3 3 3 3 3 3 3 3 3 3 3 3 3 3 3 3 3 3 3 3 3 3 3 3 3 3 3 3 3 3 3 3 3 3 3 3 3 3 3 3 3 3 3 3 3 3 3 3 3 3 3 3 3 3 3 3 3 3 3 3 3 3 3 3 3 3 3 3 3 3 3 3 3 3 3 3 3 3 3 3 3 3 3 3 3 3 3 3 3 3 3 3 3 3 3 3 3 3 3 3 3 3 3 3 3 3 3 3 3 3 3 3 3 3 3 3 3 3 3 3 3 3 3 3 3 3 3 3 3 3 3 3 3 3 3 3 3 3 3 3 3 3 3 3 3 3 3 3 3 3 3 3 3 3 3 3 3 3 3 3 3 3 3 3 3 3 3 3 3 3 3 3 3 3 3 3 3 3 3 3 3 3 3 3 3 3 3 3 3 3 3 3 3 3 3 3 3 3 3 3 3 3 3 3 3 3 3 3 3 3 3 3 3 3 3 3 3 3 3 3 3 3 3 3 3 3 3 3 3 3 3 3 3 3 3 3 3 3 3 3 3 3 3 3 3 3 3 3 3 3 3 3 3 3 3 3 3 3 3 3 3 3 3 3 3 3 3 3 3 3 3 3 3 3 3 3 3 3 3 3 3 3 3 3 3 3 3 3 3 3 3 3 3 3 3 3 3 3 3 3 3 3 3 3 3 3 3 3 3 3 3 3 3 3 3 3 3 3 3 3 3 3 3 3 3 3 3 3 3 3 3 3 3 3 3 3 3 3 3 3 3 3 3 3 3 3 3 3 3 3 3 3 3 3 3 3 3 3 3 3 3 3 3 3 3 3 3 3 3 3 3 3 3 3 3 3 3 3 3 3 3 3 3 3 3 3 3 3 3 3 3 3 3 3 3 3 3 3 3 3 3 3 3 3 3 3 3 3 3 3 3 3 3 3 3 3 3 3 3 3 3 3 3 3 3 3 3 3 3 3 3 3 3 3 3 3 3 3 3 3 3 3 3 3 3 3 3 3 3 3 3 3 3 3 3 3 3 3 3 3 3 3 3 3 3 3 3 3 3 3 3 3 3 3 3 3 3 3 3 3 3 3 3 3 3 3 3 3 3 3 3 3 3 3 3 3 3 3 3 3 3 3 3 3 3 3 3 3 3 3 3 3 3 3 3 3 3 3 3 3 3 3 3 3 3 3 3 3 3 3 3 3 3 3 3 3 3 3 3 3 3 3 3 3 3 3 3 3 3 3 3 3 3 3 3 3 3 3 3 3 3 3 3 3 3 3 3 3 3 3 3 3 3 3 3 3 3 3 3 3 3 3 3 3 3 3 3 3 3 3 3 3 3 3 3 3 3 3 3 3 3 3 3 3 3 3 3 3 3 3 3 3 3 3 3 3 3 3 3 3 3 3 3 3 3 3 3 3 3 3 3 3 3 3 3 3 3 3 3 3 3 3 3 3 3 3 3 3 3 3 3 3 3 3 3 3 3 3 3 3 3 3 3 3 3 3 3 3 3 3 3 3 3 3 3 3 3 3 3 3 3 3 3 3 3 3 3 3 3 3 3 3 3 3 3 3 3 3 3 3 3 3 3 3 3 3 3 3 3 3 3 3 3 3 3 3 3 3 3 3 3 3 3 3 3 3 3 3 3 3 3 3 3 3 3 3 3 3 3 3 3 3 3 3 3 3 3 3 3 3 3 3 3 3 3 3 3 3 3 3 3 3 3 3 3 3 3 3 3 3 3 3 3 3 3 3 3 3 3 3 3 3 3 3 3 3 3 3 3 3 3 3 3 3 3 3 3 3 3 3 3 3 3 3 3 3 3 3 3 3 3 3 3 3 3 3 3 3 3 3 3 3 3 3 3 3 3 3 3 3 3 3 3 3 3 3 3 3 3 3 3 3 3 3 3 3 3 3 3 3 3 3 3 3 3 3 3 3 3 3 3 3 3 3 3 3 3 3 3 3 3 3 3 3 3 3 3 3 3 3 3 3 3 3 3 3 3 3 3 3 3 3 3 3 3 3 3 3 3 3 3 3 3 3 3 3 3 3 3 3 3 3 3 3 3 3 3 3 3 3 3 3 3 3 3 3 3 3 3 3 3 3 3 3 3 3 3 3 3 3 3 3 3 3 3 3 3 3 3 3 3 3 3 3 3 3 3 3 3 3 3 3 3 3 3 3 3 3 3 3 3 3 3 3 3 3 3 3 3 3 3 3 3 3 3 3 3 3 3 3 3 3 3 3 3 3 3 3 3 3 3 3 3 3 3 3 3 3 3 3 3 3 3 3 3 3 3 3 3 3 3 3 3 3 3 3 3 3 3 3 3 3 3 3 3 3 3 3 3 3 3 3 3 3 3 3 3 3 3 3 3 3 3 3 3 3 3 3 3 3 3 3 3 3 3 3 3 3 3 3 3 3 3 3 3 3 3 3 3 3 3 3 3 3 3 3 3 3 3 3 3 3 3 3 3 3 3 3 3 3 3 3 3 3 3 3 3 3 3 3 3 3 3 3 3 3 3 3 3 3 3 3 3 3 3 3 3 3 3 3 3 3 3 3 3 3 3 3 3 3 3 3 3 3 3 3 3 3 3 3 3 3 3 3 3 3 3 3 3 3 3 3 3 3 3 3 3 3 3 3 3 3 3 3 3 3 3 3 3 3 3 3 3 3 3 3 3 3 3 3 3 3 3 3 3 3 3 3 3 3 3 3 3 3 3 3 3 3 3 3 3 3 3 3 3 3 3 3 3 3 3 3 3 3 3 3 3 3 3 3 3 3 3 3 3 3 3 3 3 3 3 3 3 3 3 3 3 3 3 3 3 3 3 3 3 3 3 3 3 3 3 3 3 3 3 3 3 3 3 3 3 3 3 3 3 3 3 3 3 3 3 3 3 3 3 3 3 3 3 3 3 3 3 3 3 3 3 3 3 3 3 3 3 3 3 3 3 3 3 3 3 3 3 3 3 3 3 3 3 3 3 3 3 3 3 3 3 3 3 3 3 3 3 3 3 3 3 3 3 3 3 3 3 3 3 3 3 3 3 3 3 3 3 3 3 3 3 3 3 3 3 3 3 3 3 3 3 3 3 3 3 3 3 3 3 3 3 3 3 3 3 3 3 3 3 3 3 3 3 3 3 3 3 3 3 3 3 3 3 3 3 3 3 3 3 3 3 3 3 3 3 3 3 3 3 3 3 3 3 3 3 3 3 3 3 3 3 3 3 3 3 3 3 3 3 3 3 3 3 3 3 3 3 3 3 3 3 3 3 3 3 3 3 3 3 3 3 3 3 3 3 3 3 3 3 3 3 3 3 3 3 3 3 3 3 3 3 3 3 3 3 3 3 3 3 3 3 3 3 3 3 3 3 3 3 3 3 3 3 3 3 3 3 3 3 3 3 3 3 3 3 3 3 3 3 3 3 3 3 3 3 3 3 3 3 3 3 3 3 3 3 3 3 3 3 3 3 3 3 3 3 3 3 3 3 3 3 3 3 3 3 3 3 3 3 3 3 3 3 3 3 3 3 3 3 3 3 3 3 3 3 3 3 3 3 3 3 3 3 3 3 3 3 3 3 3 3 3 3 3 3 3 3 3 3 3 3 3 3 3 3 3 3 3 3 3 3 3 3 3 3 3 3 3 3 3 3 3 3 3 3 3 3 3 3 3 3 3 3 3 3 3 3 3 3 3 3 3 3 3 3 3 3 3 3 3 3 3 3 3 3 3 3 3 3 3 3 3 3 3 3 3 3 3 3 3 3 3 3 3 3 3 3 3 3 3 3 3 3 3 3 3 3 3 3 3 3 3 3 3 3 3 3 3 3 3 3 3 3 3 3 3 3 3 3 3 3 3 3 3 3 3 3 3 3 3 3 3 3 3 3 3 3 3 3 3 3 3 3 3 3 3 3 3 3 3 3 3 3 3 3 3 3 3 3 3 3 3 3 3 3 3 3 3 3 3 3 3 3 3 3 3 3 3 3 3 3 3 3 3 3 3 3 3 3 3 3 3 3 3 3 3 3 3 3 3 3 3 3 3 3 3 3 3 3 3 3 3 3 3 3 3 3 3 3 3 3 3 3 3 3 3 3 3 3 3 3 3 3 3 3 3 3 3 3 3 3 3 3 3 3 3 3 3 3 3 3 3 3 3 3 3 3 3 3 3 3 3 3 3 3 3 3 3 3 3 3 3 3 3 3 3 3 3 3 3 3 3 3 3 3 3 3 3 3 3 3 3 3 3 3 3 3 3 3 3 3 3 3 3 3 3 3 3 3 3 3 3 3 3 3 3 3 3 3 3 3 3 3 3 3 3 3 3 3 3 3 3 3 3 3 3 3 3 3 3 3 3 3 3 3 3 3 3 3 3 3 3 3 3 3 3 3 3 3 3 3 3 3 3 3 3 3 3 3 3 3 3 3 3 3 3 3 3 3 3 3 3 3 3 3 3 3 3 3 3 3 3 3 3 3 3 3 3 3 3 3 3 3 3 3 3 3 3 3 3 3 3 3 3 3 3 3 3 3 3 3 3 3 3 3 3 3 3 3 3 3 3 3 3 3 3 3 3 3 3 3 3 3 3 3 3 3 3 3 3 3 3 3 3 3 3 3 3 3 3 3 3 3 3 3 3 3 3 3 3 3 3 3 3 3 3 3 3 3 3 3 3 3 3 3 3 3 3 3 3 3 3 3 3 3 3 3 3 3 3 3 3 3 3 3 3 3 3 3 3 3 3 3 3 3 3 3 3 3 3 3 3 3 3 3 3 3 3 3 3 3 3 3 3 3 3 3 3 3 3 3 3 3 3 3 3 3 3 3 3 3 3 3 3 3 3 3 3 3 3 3 3 3 3 3 3 3 3 3 3 3 3 3 3 3 3 3 3 3 3 3 3 3 3 3 3 3 3 3 3 3 3 3 3 3 3 3 3 3 3 3 3 3 3 3 3 3 3 3 3 3 3 3 3 3 3 3 3 3 3 3 3 3 3 3 3 3 3 3 3 3 3 3 3 3 3 3 3 3 3 3 3 3 3 3 3 3 3 3 3 3 3 3 3 3 3 3 3 3 3 3 3 3 3 3 3 3 3 3 3 3 3 3 3 3 3 3 3 3 3 3 3 3 3 3 3 3 3 3 3 3 3 3 3 3 3 3 3 3 3 3 3 3 3 3 3 3 3 3 3 3 3 3 3 3 3 3 3 3 3 3 3 3 3 3 3 3 3 3 3 3 3 3 3 3 3 3 3 3 3 3 3 3 3 3 3 3 3 3 3 3 3 3 3 3 3 3 3 3 3 3 3 3 3 3 3 3 3 3 3 3 3 3 3 3 3 3 3 3 3 3 3 3 3 3 3 3 3 3 3 3 3 3 3 3 3 3 3 3 3 3 3 3 3 3 3 3 3 3 3 3 3 3 3 3 3 3 3 3 3 3 3 3 3 3 3 3 3 3 3 3 3 3 3 3 3 3 3 3 3 3 3 3 3 3 3 3 3 3 3 3 3 3 3 3 3 3 3 3 3 3 3 3 3 3 3 3 3 3 3 3 3 3 3 3 3 3 3 3 3 3 3 3 3 3 3 3 3 3 3 3 3 3 3 3 3 3 3 3 3 3 3 3 3 3 3 3 3 3 3 3 3 3 3 3 3 3 3 3 3 3 3 3 3 3 3 3 3 3 3 3 3 3 3 3 3 3 3 3 3 3 3 3 3 3 3 3 3 3 3 3 3 3 3 3 3 3 3 3 3 3 3 3 3 3 3 3 3 3 3 3 3 3 3 3 3 3 3 3 3 3 3 3 3 3 3 3 3 3 3 3 3 3 3 3 3 3 3 3 3 3 3 3 3 3 3 3 3 3 3 3 3 3 3 3 3 3 3 3 3 3 3 3 3 3 3 3 3 3 3 3 3 3 3 3 3 3 3 3 3 3 3 3 3 3 3 3 3 3 3 3 3 3 3 3 3 3 3 3 3 3 3 3 3 3 3 3 3 3 3 3 3 3 3 3 3 3 3 3 3 3 3 3 3 3 3 3 3 3 3 3 3 3 3 3 3 3 3 3 3 3 3 3 3 3 3 3 3 3 3 3 3 3 3 3 3 3 3 3 3 3 3 3 3 3 3 3 3 3 3 3 3 3 3 3 3 3 3 3 3 3 3 3 3 3 3 3 3 3 3 3 3 3 3 3 3 3 3 3 3 3 3 3 3 3 3 3 3 3 3 3 3 3 3 3 3 3 3 3 3 3 3 3 3 3 3 3 3 3 3 3 3 3 3 3 3 3 3 3 3 3 3 3 3 3 3 3 3 3 3 3 3 3 3 3 3 3 3 3 3 3 3 3 3 3 3 3 3 3 3 3 3 3 3 3 3 3 3 3 3 3 3 3 3 3 3 3 3 3 3 3 3 3 3 3 3 3 3 3 3 3 3 3 3 3 3 3 3 3 3 3 3 3 3 3 3 3 3 3 3 3 3 3 3 3 3 3 3 3 3 3 3 3 3 3 3 3 3 3 3 3 3 3 3 3 3 3 3 3 3 3 3 3 3 3 3 3 3 3 3 3 3 3 3 3 3 3 3 3 3 3 3 3 3 3 3 3 3 3 3 3 3 3 3 3 3 3 3 3 3 3 3 3 3 3 3 3 3 3 3 3 3 3 3 3 3 3 3 3 3 3 3 3 3 3 3 3 3 3 3 3 3 3 3 3 3 3 3 3 3 3 3 3 3 3 3 3 3 3 3 3 3 3 3 3 3 3 3 3 3 3 3 3 3 3 3 3 3 3 3 3 3 3 3 3 3 3 3 3 3 3 3 3 3 3 3 3 3 3 3 3 3 3 3 3 3 3 3 3 3 3 3 3 3 3 3 3 3 3 3 3 3 3 3 3 3 3 3 3 3 3 3 3 3 3 3 3 3 3 3 3 3 3 3 3 3 3 3 3 3 3 3 3 3 3 3 3 3 3 3 3 3 3 3 3 3 3 3 3 3 3 3 3 3 3 3 3 3 3 3 3 3 3 3 3 3 3 3 3 3 3 3 3 3 3 3 3 3 3 3 3 3 3 3 3 3 3 3 3 3 3 3 3 3 3 3 3 3 3 3 3 3 3 3 3 3 3 3 3 3 3 3 3 3 3 3 3 3 3 3 3 3 3 3 3 3 3 3 3 3 3 3 3 3 3 3 3 3 3 3 3 3 3 3 3 3 3 3 3 3 3 3 3 3 3 3 3 3 3 3 3 3 3 3 3 3 3 3 3 3 3 3 3 3 3 3 3 3 3 3 3 3 3 3 3 3 3 3 3 3 3 3 3 3 3 3 3 3 3 3 3 3 3 3 3 3 3 3 3 3 3 3 3 3 3 3 3 3 3 3 3 3 3 3 3 3 3 3 3 3 3 3 3 3 3 3 3 3 3 3 3 3 3 3 3 3 3 3 3 3 3 3 3 3 3 3 3 3 3 3 3 3 3 3 3 3 3 3 3 3 3 3 3 3 3 3 3 3 3 3 3 3 3 3 3 3 3 3 3 3 3 3 3 3 3 3 3 3 3 3 3 3 3 3 3 3 3 3 3 3 3 3 3 3 3 3 3 3 3 3 3 3 3 3 3 3 3 3 3 3 3 3 3 3 3 3 3 3 3 3 3 3 3 3 3 3 3 3 3 3 3 3 3 3 3 3 3 3 3 3 3 3 3 3 3 3 3 3 3 3 3 3 3 3 3 3 3 3 3 3 3 3 3 3 3 3 3 3 3 3 3 3 3 3 3 3 3 3 3 3 3 3 3 3 3 3 3 3 3 3 3 3 3 3 3 3 3 3 3 3 3 3 3 3 3 3 3 3 3 3 3 3 3 3 3 3 3 3 3 3 3 3 3 3 3 3 3 3 3 3 3 3 3 3 3 3 3 3 3 3 3 3 3 3 3 3 3 3 3 3 3 3 3 3 3 3 3 3 3 3 3 3 3 3 3 3 3 3 3 3 3 3 3 3 3 3 3 3 3 3 3 3 3 3 3 3 3 3 3 3 3 3 3 3 3 3 3 3 3 3 3 3 3 3 3 3 3 3 3 3 3 3 3 3 3 3 3 3 3 3 3 3 3 3 3 3 3 3 3 3 3 3 3 3 3 3 3 3 3 3 3 3 3 3 3 3 3 3 3 3 3 3 3 3 3 3 3 3 3 3 3 3 3 3 3 3 3 3 3 3 3 3 3 3 3 3 3 3 3 3 3 3 3 3 3 3 3 3 3 3 3 3 3 3 3 3 3 3 3 3 3 3 3 3 3 3 3 3 3 3 3 3 3 3 3 3 3 3 3 3 3 3 3 3 3 3 3 3 3 3 3 3 3 3 3 3 3 3 3 3 3 3 3 3 3 3 3 3 3 3 3 3 3 3 3 3 3 3 3 3 3 3 3 3 3 3 3 3 3 3 3 3 3 3 3 3 3 3 3 3 3 3 3 3 3 3 3 3 3 3 3 3 3 3 3 3 3 3 3 3 3 3 3 3 3 3 3 3 3 3 3 3 3 3 3 3 3 3 3 3 3 3 3 3 3 3 3 3 3 3 3 3 3 3 3 3 3 3 3 3 3 3 3 3 3 3 3 3 3 3 3 3 3 3 3 3 3 3 3 3 3 3 3 3 3 3 3 3 3 3 3 3 3 3 3 3 3 3 3 3 3 3 3 3 3 3 3 3 3 3 3 3 3 3 3 3 3 3 3 3 3 3 3 3 3 3 3 3 3 3 3 3 3 3 3 3 3 3 3 3 3 3 3 3 3 3 3 3 3 3 3 3 3 3 3 3 3 3 3 3 3 3 3 3 3 3 3 3 3 3 3 3 3 3 3 3 3 3 3 3 3 3 3 3 3 3 3 3 3 3 3 3 3 3 3 3 3 3 3 3 3 3 3 3 3 3 3 3 3 3 3 3 3 3 3 3 3 3 3 3 3 3 3 3 3 3 3 3 3 3 3 3 3 3 3 3 3 3 3 3 3 3 3 3 3 3 3 3 3 3 3 3 3 3 3 3 3 3 3 3 3 3 3 3 3 3 3 3 3 3 3 3 3 3 3 3 3 3 3 3 3 3 3 3 3 3 3 3 3 3 3 3 3 3 3 3 3 3 3 3 3 3 3 3 3 3 3 3 3 3 3 3 3 3 3 3 3 3 3 3 3 3 3 3 3 3 3 3 3 3 3 3 3 3 3 3 3 3 3 3 3 3 3 3 3 3 3 3 3 3 3 3 3 3 3 3 3 3 3 3 3 3 3 3 3 3 3 3 3 3 3 3 3 3 3 3 3 3 3 3 3 3 3 3 3 3 3 3 3 3 3 3 3 3 3 3 3 3 3 3 3 3 3 3 3 3 3 3 3 3 3 3 3 3 3 3 3 3 3 3 3 3 3 3 3 3 3 3 3 3 3 3 3 3 3 3 3 3 3 3 3 3 3 3 3 3 3 3 3 3 3 3 3 3 3 3 3 3 3 3 3 3 3 3 3 3 3 3 3 3 3 3 3 3 3 3 3 3 3 3 3 3 3 3 3 3 3 3 3 3 3 3 3 3 3 3 3 3 3 3 3 3 3 3 3 3 3 3 3 3 3 3 3 3 3 3 3 3 3 3 3 3 3 3 3 3 3 3 3 3 3 3 3 3 3 3 3 3 3 3 3 3 3 3 3 3 3 3 3 3 3 3 3 3 3 3 3 3 3 3 3 3 3 3 3 3 3 3 3 3 3 3 3 3 3 3 3 3 3 3 3 3 3 3 3 3 3 3 3 3 3 3 3 3 3 3 3 3 3 3 3 3 3 3 3 3 3 3 3 3 3 3 3 3 3 3 3 3 3 3 3 3 3 3 3 3 3 3 3 3 3 3 3 3 3 3 3 3 3 3 3 3 3 3 3 3 3 3 3 3 3 3 3 3 3 3 3 3 3 3 3 3 3 3 3 3 3 3 3 3 3 3 3 3 3 3 3 3 3 3 3 3 3 3 3 3 3 3 3 3 3 3 3 3 3 3 3 3 3 3 3 3 3 3 3 3 3 3 3 3 3 3 3 3 3 3 3 3 3 3 3 3 3 3 3 3 3 3 3 3 3 3 3 3 3 3 3 3 3 3 3 3 3 3 3 3 3 3 3 3 3 3 3 3 3 3 3 3 3 3 3 3 3 3 3 3 3 3 3 3 3 3 3 3 3 3 3 3 3 3 3 3 3 3 3 3 3 3 3 3 3 3 3 3 3 3 3 3 3 3 3 3 3 3 3 3 3 3 3 3 3 3 3 3 3 3 3 3 3 3 3 3 3 3 3 3 3 3 3 3 3 3 3 3 3 3 3 3 3 3 3 3 3 3 3 3 3 3 3 3 3 3 3 3 3 3 3 3 3 3 3 3 3 3 3 3 3 3 3 3 3 3 3 3 3 3 3 3 3 3 3 3 3 3 3 3 3 3 3 3 3 3 3 3 3 3 3 3 3 3 3 3 3 3 3 3 3 3 3 3 3 3 3 3 3 3 3 3 3 3 3 3 3 3 3 3 3 3 3 3 3 3 3 3 3 3 3 3 3 3 3 3 3 3 3 3 3 3 3 3 3 3 3 3 3 3 3 3 3 3 3 3 3 3 3 3 3 3 3 3 3 3 3 3 3 3 3 3 3 3 3 3 3 3 3 3 3 3 3 3 3 3 3 3 3 3 3 3 3 3 3 3 3 3 3 3 3 3 3 3 3 3 3 3 3 3 3 3 3 3 3 3 3 3 3 3 3 3 3 3 3 3 3 3 3 3 3 3 3 3 3 3 3 3 3 3 3 3 3 3 3 3 3 3 3 3 3 3 3 3 3 3 3 3 3 3 3 3 3 3 3 3 3 3 3 3 3 3 3 3 3 3 3 3 3 3 3 3 3 3 3 3 3 3 3 3 3 3 3 3 3 3 3 3 3 3 3 3 3 3 3 3 3 3 3 3 3 3 3 3 3 3 3 3 3 3 3 3 3 3 3 3 3 3 3 3 3 3 3 3 3 3 3 3 3 3 3 3 3 3 3 3 3 3 3 3 3 3 3 3 3 3 3 3 3 3 3 3 3 3 3 3 3 3 3 3 3 3 3 3 3 3 3 3 3 3 3 3 3 3 3 3 3 3 3 3 3 3 3 3 3 3 3 3 3 3 3 3 3 3 3 3 3 3 3 3 3 3 3 3 3 3 3 3 3 3 3 3 3 3 3 3 3 3 3 3 3 3 3 3 3 3 3 3 3 3 3 3 3 3 3 3 3 3 3 3 3 3 3 3 3 3 3 3 3 3 3 3 3 3 3 3 3 3 3 3 3 3 3 3 3 3 3 3 3 3 3 3 3 3 3 3 3 3 3 3 3 3 3 3 3 3 3 3 3 3 3 3 3 3 3 3 3 3 3 3 3 3 3 3 3 3 3 3 3 3 3 3 3 3 3 3 3 3 3 3 3 3 3 3 3 3 3 3 3 3 3 3 3 3 3 3 3 3 3 3 3 3 3 3 3 3 3 3 3 3 3 3 3 3 3 3 3 3 3 3 3 3 3 3 3 3 3 3 3 3 3 3 3 3 3 3 3 3 3 3 3 3 3 3 3 3 3 3 3 3 3 3 3 3 3 3 3 3 3 3 3 3 3 3 3 3 3 3 3 3 3 3 3 3 3 3 3 3 3 3 3 3 3 3 3 3 3 3 3 3 3 3 3 3 3 3 3 3 3 3 3 3 3 3 3 3 3 3 3 3 3 3 3 3 3 3 3 3 3 3 3 3 3 3 3 3 3 3 3 3 3 3 3 3 3 3 3 3 3 3 3 3 3 3 3 3 3 3 3 3 3 3 3 3 3 3 3 3 3 3 3 3 3 3 3 3 3 3 3 3 3 3 3 3 3 3 3 3 3 3 3 3 3 3 3 3 3 3 3 3 3 3 3 3 3 3 3 3 3 3 3 3 3 3 3 3 3 3 3 3 3 3 3 3 3 3 3 3 3 3 3 3 3 3 3 3 3 3 3 3 3 3 3 3 3 3 3 3 3 3 3 3 3 3 3 3 3 3 3 3 3 3 3 3 3 3 3 3 3 3 3 3 3 3 3 3 3 3 3 3 3 3 3 3 3 3 3 3 3 3 3 3 3 3 3 3 3 3 3 3 3 3 3 3 3 3</vcount>
          <p>2 2 0 0 0 0 1 1 0 2 2 0 4 4 0 3 3 0 0 0 0 2 2 0 3 3 0 4 4 0 6 6 0 5 5 0 3 3 0 4 4 0 5 5 0 6 6 0 8 8 0 7 7 0 5 5 0 6 6 0 7 7 0 8 8 0 10 10 0 9 9 0 7 7 0 8 8 0 9 9 0 9 9 0 10 10 0 11 11 0 14 14 0 12 12 0 13 13 0 14 14 0 16 16 0 15 15 0 12 12 0 14 14 0 15 15 0 16 16 0 18 18 0 17 17 0 15 15 0 16 16 0 17 17 0 1 1 0 17 17 0 18 18 0 1 1 0 18 18 0 2 2 0 2 2 0 18 18 0 19 19 0 4 4 0 2 2 0 20 20 0 20 20 0 2 2 0 19 19 0 6 6 0 4 4 0 21 21 0 21 21 0 4 4 0 20 20 0 8 8 0 6 6 0 22 22 0 22 22 0 6 6 0 21 21 0 10 10 0 8 8 0 23 23 0 23 23 0 8 8 0 22 22 0 24 24 0 11 11 0 10 10 0 24 24 0 10 10 0 25 25 0 25 25 0 10 10 0 23 23 0 24 24 0 25 25 0 26 26 0 29 29 0 27 27 0 28 28 0 13 13 0 27 27 0 29 29 0 13 13 0 29 29 0 14 14 0 14 14 0 29 29 0 30 30 0 16 16 0 14 14 0 31 31 0 31 31 0 14 14 0 30 30 0 18 18 0 16 16 0 32 32 0 32 32 0 16 16 0 31 31 0 19 19 0 18 18 0 33 33 0 33 33 0 18 18 0 32 32 0 20 20 0 19 19 0 34 34 0 34 34 0 19 19 0 33 33 0 21 21 0 20 20 0 35 35 0 35 35 0 20 20 0 34 34 0 22 22 0 21 21 0 36 36 0 36 36 0 21 21 0 35 35 0 23 23 0 22 22 0 37 37 0 37 37 0 22 22 0 36 36 0 25 25 0 23 23 0 38 38 0 38 38 0 23 23 0 37 37 0 39 39 0 26 26 0 25 25 0 39 39 0 25 25 0 40 40 0 40 40 0 25 25 0 38 38 0 40 40 0 42 42 0 41 41 0 39 39 0 40 40 0 41 41 0 41 41 0 42 42 0 43 43 0 46 46 0 44 44 0 45 45 0 28 28 0 44 44 0 46 46 0 28 28 0 46 46 0 29 29 0 29 29 0 46 46 0 47 47 0 30 30 0 29 29 0 48 48 0 48 48 0 29 29 0 47 47 0 31 31 0 30 30 0 49 49 0 49 49 0 30 30 0 48 48 0 32 32 0 31 31 0 50 50 0 50 50 0 31 31 0 49 49 0 33 33 0 32 32 0 51 51 0 51 51 0 32 32 0 50 50 0 34 34 0 33 33 0 52 52 0 52 52 0 33 33 0 51 51 0 35 35 0 34 34 0 53 53 0 53 53 0 34 34 0 52 52 0 36 36 0 35 35 0 54 54 0 54 54 0 35 35 0 53 53 0 37 37 0 36 36 0 55 55 0 55 55 0 36 36 0 54 54 0 38 38 0 37 37 0 56 56 0 56 56 0 37 37 0 55 55 0 40 40 0 38 38 0 57 57 0 57 57 0 38 38 0 56 56 0 42 42 0 40 40 0 58 58 0 58 58 0 40 40 0 57 57 0 59 59 0 43 43 0 42 42 0 59 59 0 42 42 0 60 60 0 60 60 0 42 42 0 58 58 0 59 59 0 60 60 0 61 61 0 64 64 0 62 62 0 63 63 0 45 45 0 62 62 0 64 64 0 45 45 0 64 64 0 46 46 0 46 46 0 64 64 0 65 65 0 47 47 0 46 46 0 66 66 0 66 66 0 46 46 0 65 65 0 48 48 0 47 47 0 67 67 0 67 67 0 47 47 0 66 66 0 49 49 0 48 48 0 68 68 0 68 68 0 48 48 0 67 67 0 50 50 0 49 49 0 69 69 0 69 69 0 49 49 0 68 68 0 51 51 0 50 50 0 70 70 0 70 70 0 50 50 0 69 69 0 52 52 0 51 51 0 71 71 0 71 71 0 51 51 0 70 70 0 53 53 0 52 52 0 72 72 0 72 72 0 52 52 0 71 71 0 54 54 0 53 53 0 73 73 0 73 73 0 53 53 0 72 72 0 55 55 0 54 54 0 74 74 0 74 74 0 54 54 0 73 73 0 56 56 0 55 55 0 75 75 0 75 75 0 55 55 0 74 74 0 57 57 0 56 56 0 76 76 0 76 76 0 56 56 0 75 75 0 58 58 0 57 57 0 77 77 0 77 77 0 57 57 0 76 76 0 60 60 0 58 58 0 78 78 0 78 78 0 58 58 0 77 77 0 79 79 0 61 61 0 60 60 0 78 78 0 79 79 0 60 60 0 82 82 0 80 80 0 81 81 0 63 63 0 80 80 0 82 82 0 63 63 0 82 82 0 64 64 0 64 64 0 82 82 0 83 83 0 65 65 0 64 64 0 84 84 0 84 84 0 64 64 0 83 83 0 66 66 0 65 65 0 85 85 0 85 85 0 65 65 0 84 84 0 67 67 0 66 66 0 86 86 0 86 86 0 66 66 0 85 85 0 68 68 0 67 67 0 87 87 0 87 87 0 67 67 0 86 86 0 69 69 0 68 68 0 88 88 0 88 88 0 68 68 0 87 87 0 70 70 0 69 69 0 89 89 0 89 89 0 69 69 0 88 88 0 71 71 0 70 70 0 90 90 0 90 90 0 70 70 0 89 89 0 72 72 0 71 71 0 91 91 0 91 91 0 71 71 0 90 90 0 73 73 0 72 72 0 92 92 0 92 92 0 72 72 0 91 91 0 74 74 0 73 73 0 93 93 0 93 93 0 73 73 0 92 92 0 75 75 0 74 74 0 94 94 0 94 94 0 74 74 0 93 93 0 76 76 0 75 75 0 95 95 0 95 95 0 75 75 0 94 94 0 77 77 0 76 76 0 96 96 0 96 96 0 76 76 0 95 95 0 78 78 0 77 77 0 97 97 0 97 97 0 77 77 0 96 96 0 98 98 0 79 79 0 78 78 0 98 98 0 78 78 0 99 99 0 99 99 0 78 78 0 97 97 0 98 98 0 99 99 0 100 100 0 102 102 0 82 82 0 81 81 0 101 101 0 102 102 0 81 81 0 83 83 0 82 82 0 103 103 0 103 103 0 82 82 0 102 102 0 84 84 0 83 83 0 104 104 0 104 104 0 83 83 0 103 103 0 85 85 0 84 84 0 105 105 0 105 105 0 84 84 0 104 104 0 86 86 0 85 85 0 106 106 0 106 106 0 85 85 0 105 105 0 87 87 0 86 86 0 107 107 0 107 107 0 86 86 0 106 106 0 88 88 0 87 87 0 108 108 0 108 108 0 87 87 0 107 107 0 89 89 0 88 88 0 109 109 0 109 109 0 88 88 0 108 108 0 90 90 0 89 89 0 110 110 0 110 110 0 89 89 0 109 109 0 91 91 0 90 90 0 111 111 0 111 111 0 90 90 0 110 110 0 92 92 0 91 91 0 112 112 0 112 112 0 91 91 0 111 111 0 93 93 0 92 92 0 113 113 0 113 113 0 92 92 0 112 112 0 94 94 0 93 93 0 114 114 0 114 114 0 93 93 0 113 113 0 95 95 0 94 94 0 115 115 0 115 115 0 94 94 0 114 114 0 96 96 0 95 95 0 116 116 0 116 116 0 95 95 0 115 115 0 97 97 0 96 96 0 117 117 0 117 117 0 96 96 0 116 116 0 99 99 0 97 97 0 118 118 0 118 118 0 97 97 0 117 117 0 119 119 0 100 100 0 99 99 0 119 119 0 99 99 0 120 120 0 120 120 0 99 99 0 118 118 0 119 119 0 120 120 0 121 121 0 124 124 0 122 122 0 123 123 0 101 101 0 122 122 0 124 124 0 101 101 0 124 124 0 102 102 0 102 102 0 124 124 0 125 125 0 103 103 0 102 102 0 126 126 0 126 126 0 102 102 0 125 125 0 104 104 0 103 103 0 127 127 0 127 127 0 103 103 0 126 126 0 105 105 0 104 104 0 128 128 0 128 128 0 104 104 0 127 127 0 106 106 0 105 105 0 129 129 0 129 129 0 105 105 0 128 128 0 107 107 0 106 106 0 130 130 0 130 130 0 106 106 0 129 129 0 108 108 0 107 107 0 131 131 0 131 131 0 107 107 0 130 130 0 109 109 0 108 108 0 132 132 0 132 132 0 108 108 0 131 131 0 110 110 0 109 109 0 133 133 0 133 133 0 109 109 0 132 132 0 111 111 0 110 110 0 134 134 0 134 134 0 110 110 0 133 133 0 112 112 0 111 111 0 135 135 0 135 135 0 111 111 0 134 134 0 113 113 0 112 112 0 136 136 0 136 136 0 112 112 0 135 135 0 114 114 0 113 113 0 137 137 0 137 137 0 113 113 0 136 136 0 115 115 0 114 114 0 138 138 0 138 138 0 114 114 0 137 137 0 116 116 0 115 115 0 139 139 0 139 139 0 115 115 0 138 138 0 117 117 0 116 116 0 140 140 0 140 140 0 116 116 0 139 139 0 118 118 0 117 117 0 141 141 0 141 141 0 117 117 0 140 140 0 120 120 0 118 118 0 142 142 0 142 142 0 118 118 0 141 141 0 143 143 0 121 121 0 120 120 0 143 143 0 120 120 0 144 144 0 144 144 0 120 120 0 142 142 0 143 143 0 144 144 0 145 145 0 147 147 0 124 124 0 123 123 0 146 146 0 147 147 0 123 123 0 125 125 0 124 124 0 148 148 0 148 148 0 124 124 0 147 147 0 126 126 0 125 125 0 149 149 0 149 149 0 125 125 0 148 148 0 127 127 0 126 126 0 150 150 0 150 150 0 126 126 0 149 149 0 128 128 0 127 127 0 151 151 0 151 151 0 127 127 0 150 150 0 129 129 0 128 128 0 152 152 0 152 152 0 128 128 0 151 151 0 130 130 0 129 129 0 153 153 0 153 153 0 129 129 0 152 152 0 131 131 0 130 130 0 154 154 0 154 154 0 130 130 0 153 153 0 132 132 0 131 131 0 155 155 0 155 155 0 131 131 0 154 154 0 133 133 0 132 132 0 156 156 0 156 156 0 132 132 0 155 155 0 134 134 0 133 133 0 157 157 0 157 157 0 133 133 0 156 156 0 135 135 0 134 134 0 158 158 0 158 158 0 134 134 0 157 157 0 136 136 0 135 135 0 159 159 0 159 159 0 135 135 0 158 158 0 137 137 0 136 136 0 160 160 0 160 160 0 136 136 0 159 159 0 138 138 0 137 137 0 161 161 0 161 161 0 137 137 0 160 160 0 139 139 0 138 138 0 162 162 0 162 162 0 138 138 0 161 161 0 140 140 0 139 139 0 163 163 0 163 163 0 139 139 0 162 162 0 141 141 0 140 140 0 164 164 0 164 164 0 140 140 0 163 163 0 142 142 0 141 141 0 165 165 0 165 165 0 141 141 0 164 164 0 144 144 0 142 142 0 166 166 0 166 166 0 142 142 0 165 165 0 167 167 0 145 145 0 144 144 0 166 166 0 167 167 0 144 144 0 169 169 0 147 147 0 146 146 0 168 168 0 169 169 0 146 146 0 148 148 0 147 147 0 170 170 0 170 170 0 147 147 0 169 169 0 149 149 0 148 148 0 171 171 0 171 171 0 148 148 0 170 170 0 150 150 0 149 149 0 172 172 0 172 172 0 149 149 0 171 171 0 151 151 0 150 150 0 173 173 0 173 173 0 150 150 0 172 172 0 152 152 0 151 151 0 174 174 0 174 174 0 151 151 0 173 173 0 153 153 0 152 152 0 175 175 0 175 175 0 152 152 0 174 174 0 154 154 0 153 153 0 176 176 0 176 176 0 153 153 0 175 175 0 155 155 0 154 154 0 177 177 0 177 177 0 154 154 0 176 176 0 156 156 0 155 155 0 178 178 0 178 178 0 155 155 0 177 177 0 157 157 0 156 156 0 179 179 0 179 179 0 156 156 0 178 178 0 158 158 0 157 157 0 180 180 0 180 180 0 157 157 0 179 179 0 159 159 0 158 158 0 181 181 0 181 181 0 158 158 0 180 180 0 160 160 0 159 159 0 182 182 0 182 182 0 159 159 0 181 181 0 161 161 0 160 160 0 183 183 0 183 183 0 160 160 0 182 182 0 162 162 0 161 161 0 184 184 0 184 184 0 161 161 0 183 183 0 163 163 0 162 162 0 185 185 0 185 185 0 162 162 0 184 184 0 164 164 0 163 163 0 186 186 0 186 186 0 163 163 0 185 185 0 165 165 0 164 164 0 187 187 0 187 187 0 164 164 0 186 186 0 166 166 0 165 165 0 188 188 0 188 188 0 165 165 0 187 187 0 189 189 0 167 167 0 166 166 0 188 188 0 189 189 0 166 166 0 191 191 0 169 169 0 168 168 0 190 190 0 191 191 0 168 168 0 170 170 0 169 169 0 192 192 0 192 192 0 169 169 0 191 191 0 171 171 0 170 170 0 193 193 0 193 193 0 170 170 0 192 192 0 172 172 0 171 171 0 194 194 0 194 194 0 171 171 0 193 193 0 173 173 0 172 172 0 195 195 0 195 195 0 172 172 0 194 194 0 174 174 0 173 173 0 196 196 0 196 196 0 173 173 0 195 195 0 175 175 0 174 174 0 197 197 0 197 197 0 174 174 0 196 196 0 176 176 0 175 175 0 198 198 0 198 198 0 175 175 0 197 197 0 177 177 0 176 176 0 199 199 0 199 199 0 176 176 0 198 198 0 201 201 0 200 200 0 178 178 0 201 201 0 178 178 0 199 199 0 199 199 0 178 178 0 177 177 0 179 179 0 178 178 0 200 200 0 202 202 0 179 179 0 200 200 0 180 180 0 179 179 0 202 202 0 203 203 0 180 180 0 202 202 0 203 203 0 204 204 0 205 205 0 203 203 0 205 205 0 180 180 0 180 180 0 205 205 0 181 181 0 182 182 0 181 181 0 206 206 0 206 206 0 181 181 0 205 205 0 183 183 0 182 182 0 207 207 0 207 207 0 182 182 0 206 206 0 184 184 0 183 183 0 208 208 0 208 208 0 183 183 0 207 207 0 185 185 0 184 184 0 209 209 0 209 209 0 184 184 0 208 208 0 186 186 0 185 185 0 210 210 0 210 210 0 185 185 0 209 209 0 187 187 0 186 186 0 211 211 0 211 211 0 186 186 0 210 210 0 188 188 0 187 187 0 212 212 0 212 212 0 187 187 0 211 211 0 213 213 0 189 189 0 188 188 0 212 212 0 213 213 0 188 188 0 215 215 0 191 191 0 190 190 0 214 214 0 215 215 0 190 190 0 192 192 0 191 191 0 216 216 0 216 216 0 191 191 0 215 215 0 193 193 0 192 192 0 217 217 0 217 217 0 192 192 0 216 216 0 194 194 0 193 193 0 218 218 0 218 218 0 193 193 0 217 217 0 195 195 0 194 194 0 219 219 0 219 219 0 194 194 0 218 218 0 196 196 0 195 195 0 220 220 0 220 220 0 195 195 0 219 219 0 197 197 0 196 196 0 221 221 0 221 221 0 196 196 0 220 220 0 198 198 0 197 197 0 222 222 0 222 222 0 197 197 0 221 221 0 199 199 0 198 198 0 223 223 0 223 223 0 198 198 0 222 222 0 224 224 0 201 201 0 199 199 0 223 223 0 224 224 0 199 199 0 205 205 0 204 204 0 225 225 0 225 225 0 226 226 0 227 227 0 225 225 0 227 227 0 205 205 0 205 205 0 227 227 0 206 206 0 207 207 0 206 206 0 228 228 0 228 228 0 206 206 0 227 227 0 208 208 0 207 207 0 229 229 0 229 229 0 207 207 0 228 228 0 209 209 0 208 208 0 230 230 0 230 230 0 208 208 0 229 229 0 210 210 0 209 209 0 231 231 0 231 231 0 209 209 0 230 230 0 211 211 0 210 210 0 232 232 0 232 232 0 210 210 0 231 231 0 212 212 0 211 211 0 233 233 0 233 233 0 211 211 0 232 232 0 234 234 0 213 213 0 212 212 0 233 233 0 234 234 0 212 212 0 236 236 0 215 215 0 214 214 0 235 235 0 236 236 0 214 214 0 216 216 0 215 215 0 237 237 0 237 237 0 215 215 0 236 236 0 217 217 0 216 216 0 238 238 0 238 238 0 216 216 0 237 237 0 218 218 0 217 217 0 239 239 0 239 239 0 217 217 0 238 238 0 219 219 0 218 218 0 240 240 0 240 240 0 218 218 0 239 239 0 220 220 0 219 219 0 241 241 0 241 241 0 219 219 0 240 240 0 221 221 0 220 220 0 242 242 0 242 242 0 220 220 0 241 241 0 222 222 0 221 221 0 243 243 0 243 243 0 221 221 0 242 242 0 223 223 0 222 222 0 244 244 0 244 244 0 222 222 0 243 243 0 245 245 0 224 224 0 223 223 0 244 244 0 245 245 0 223 223 0 248 248 0 246 246 0 247 247 0 226 226 0 246 246 0 248 248 0 226 226 0 248 248 0 227 227 0 227 227 0 248 248 0 249 249 0 228 228 0 227 227 0 250 250 0 250 250 0 227 227 0 249 249 0 229 229 0 228 228 0 251 251 0 251 251 0 228 228 0 250 250 0 230 230 0 229 229 0 252 252 0 252 252 0 229 229 0 251 251 0 231 231 0 230 230 0 253 253 0 253 253 0 230 230 0 252 252 0 232 232 0 231 231 0 254 254 0 254 254 0 231 231 0 253 253 0 256 256 0 255 255 0 233 233 0 256 256 0 233 233 0 254 254 0 254 254 0 233 233 0 232 232 0 234 234 0 233 233 0 255 255 0 236 236 0 235 235 0 257 257 0 257 257 0 258 258 0 259 259 0 257 257 0 259 259 0 236 236 0 236 236 0 259 259 0 237 237 0 238 238 0 237 237 0 260 260 0 260 260 0 237 237 0 259 259 0 239 239 0 238 238 0 261 261 0 261 261 0 238 238 0 260 260 0 240 240 0 239 239 0 262 262 0 262 262 0 239 239 0 261 261 0 241 241 0 240 240 0 263 263 0 263 263 0 240 240 0 262 262 0 242 242 0 241 241 0 264 264 0 264 264 0 241 241 0 263 263 0 243 243 0 242 242 0 265 265 0 265 265 0 242 242 0 264 264 0 244 244 0 243 243 0 266 266 0 266 266 0 243 243 0 265 265 0 267 267 0 245 245 0 244 244 0 267 267 0 244 244 0 268 268 0 268 268 0 244 244 0 266 266 0 268 268 0 270 270 0 269 269 0 267 267 0 268 268 0 269 269 0 270 270 0 272 272 0 271 271 0 269 269 0 270 270 0 271 271 0 247 247 0 271 271 0 272 272 0 247 247 0 272 272 0 248 248 0 248 248 0 272 272 0 273 273 0 249 249 0 248 248 0 274 274 0 274 274 0 248 248 0 273 273 0 250 250 0 249 249 0 275 275 0 275 275 0 249 249 0 274 274 0 251 251 0 250 250 0 276 276 0 276 276 0 250 250 0 275 275 0 252 252 0 251 251 0 277 277 0 277 277 0 251 251 0 276 276 0 253 253 0 252 252 0 278 278 0 278 278 0 252 252 0 277 277 0 280 280 0 279 279 0 254 254 0 280 280 0 254 254 0 278 278 0 278 278 0 254 254 0 253 253 0 256 256 0 254 254 0 279 279 0 259 259 0 258 258 0 281 281 0 281 281 0 282 282 0 283 283 0 281 281 0 283 283 0 259 259 0 259 259 0 283 283 0 260 260 0 261 261 0 260 260 0 284 284 0 284 284 0 260 260 0 283 283 0 262 262 0 261 261 0 285 285 0 285 285 0 261 261 0 284 284 0 263 263 0 262 262 0 286 286 0 286 286 0 262 262 0 285 285 0 264 264 0 263 263 0 287 287 0 287 287 0 263 263 0 286 286 0 265 265 0 264 264 0 288 288 0 288 288 0 264 264 0 287 287 0 266 266 0 265 265 0 289 289 0 289 289 0 265 265 0 288 288 0 268 268 0 266 266 0 290 290 0 290 290 0 266 266 0 289 289 0 270 270 0 268 268 0 291 291 0 291 291 0 268 268 0 290 290 0 272 272 0 270 270 0 292 292 0 292 292 0 270 270 0 291 291 0 273 273 0 272 272 0 293 293 0 293 293 0 272 272 0 292 292 0 274 274 0 273 273 0 294 294 0 294 294 0 273 273 0 293 293 0 275 275 0 274 274 0 295 295 0 295 295 0 274 274 0 294 294 0 276 276 0 275 275 0 296 296 0 296 296 0 275 275 0 295 295 0 277 277 0 276 276 0 297 297 0 297 297 0 276 276 0 296 296 0 299 299 0 298 298 0 278 278 0 299 299 0 278 278 0 297 297 0 297 297 0 278 278 0 277 277 0 280 280 0 278 278 0 298 298 0 283 283 0 282 282 0 300 300 0 300 300 0 301 301 0 302 302 0 300 300 0 302 302 0 283 283 0 283 283 0 302 302 0 284 284 0 285 285 0 284 284 0 303 303 0 303 303 0 284 284 0 302 302 0 286 286 0 285 285 0 304 304 0 304 304 0 285 285 0 303 303 0 287 287 0 286 286 0 305 305 0 305 305 0 286 286 0 304 304 0 288 288 0 287 287 0 306 306 0 306 306 0 287 287 0 305 305 0 289 289 0 288 288 0 307 307 0 307 307 0 288 288 0 306 306 0 290 290 0 289 289 0 308 308 0 308 308 0 289 289 0 307 307 0 291 291 0 290 290 0 309 309 0 309 309 0 290 290 0 308 308 0 292 292 0 291 291 0 310 310 0 310 310 0 291 291 0 309 309 0 293 293 0 292 292 0 311 311 0 311 311 0 292 292 0 310 310 0 294 294 0 293 293 0 312 312 0 312 312 0 293 293 0 311 311 0 295 295 0 294 294 0 313 313 0 313 313 0 294 294 0 312 312 0 296 296 0 295 295 0 314 314 0 314 314 0 295 295 0 313 313 0 297 297 0 296 296 0 315 315 0 315 315 0 296 296 0 314 314 0 316 316 0 299 299 0 297 297 0 315 315 0 316 316 0 297 297 0 302 302 0 301 301 0 317 317 0 317 317 0 318 318 0 319 319 0 317 317 0 319 319 0 302 302 0 302 302 0 319 319 0 303 303 0 304 304 0 303 303 0 320 320 0 320 320 0 303 303 0 319 319 0 305 305 0 304 304 0 321 321 0 321 321 0 304 304 0 320 320 0 306 306 0 305 305 0 322 322 0 322 322 0 305 305 0 321 321 0 307 307 0 306 306 0 323 323 0 323 323 0 306 306 0 322 322 0 308 308 0 307 307 0 324 324 0 324 324 0 307 307 0 323 323 0 309 309 0 308 308 0 325 325 0 325 325 0 308 308 0 324 324 0 310 310 0 309 309 0 326 326 0 326 326 0 309 309 0 325 325 0 311 311 0 310 310 0 327 327 0 327 327 0 310 310 0 326 326 0 312 312 0 311 311 0 328 328 0 328 328 0 311 311 0 327 327 0 313 313 0 312 312 0 329 329 0 329 329 0 312 312 0 328 328 0 314 314 0 313 313 0 330 330 0 330 330 0 313 313 0 329 329 0 332 332 0 331 331 0 315 315 0 332 332 0 315 315 0 330 330 0 330 330 0 315 315 0 314 314 0 316 316 0 315 315 0 331 331 0 319 319 0 318 318 0 333 333 0 320 320 0 319 319 0 333 333 0 334 334 0 320 320 0 333 333 0 334 334 0 335 335 0 336 336 0 334 334 0 336 336 0 320 320 0 320 320 0 336 336 0 321 321 0 322 322 0 321 321 0 337 337 0 337 337 0 321 321 0 336 336 0 323 323 0 322 322 0 338 338 0 338 338 0 322 322 0 337 337 0 324 324 0 323 323 0 339 339 0 339 339 0 323 323 0 338 338 0 325 325 0 324 324 0 340 340 0 340 340 0 324 324 0 339 339 0 326 326 0 325 325 0 341 341 0 341 341 0 325 325 0 340 340 0 327 327 0 326 326 0 342 342 0 342 342 0 326 326 0 341 341 0 328 328 0 327 327 0 343 343 0 343 343 0 327 327 0 342 342 0 329 329 0 328 328 0 344 344 0 344 344 0 328 328 0 343 343 0 346 346 0 345 345 0 330 330 0 346 346 0 330 330 0 344 344 0 344 344 0 330 330 0 329 329 0 332 332 0 330 330 0 345 345 0 336 336 0 335 335 0 347 347 0 347 347 0 348 348 0 349 349 0 347 347 0 349 349 0 336 336 0 336 336 0 349 349 0 337 337 0 338 338 0 337 337 0 350 350 0 350 350 0 337 337 0 349 349 0 339 339 0 338 338 0 351 351 0 351 351 0 338 338 0 350 350 0 340 340 0 339 339 0 352 352 0 352 352 0 339 339 0 351 351 0 341 341 0 340 340 0 353 353 0 353 353 0 340 340 0 352 352 0 342 342 0 341 341 0 354 354 0 354 354 0 341 341 0 353 353 0 356 356 0 355 355 0 343 343 0 356 356 0 343 343 0 354 354 0 354 354 0 343 343 0 342 342 0 344 344 0 343 343 0 355 355 0 357 357 0 344 344 0 355 355 0 346 346 0 344 344 0 357 357 0 349 349 0 348 348 0 358 358 0 350 350 0 349 349 0 358 358 0 359 359 0 350 350 0 358 358 0 359 359 0 360 360 0 361 361 0 359 359 0 361 361 0 350 350 0 350 350 0 361 361 0 351 351 0 352 352 0 351 351 0 362 362 0 362 362 0 351 351 0 361 361 0 353 353 0 352 352 0 363 363 0 363 363 0 352 352 0 362 362 0 365 365 0 364 364 0 354 354 0 365 365 0 354 354 0 363 363 0 363 363 0 354 354 0 353 353 0 356 356 0 354 354 0 364 364 0 361 361 0 360 360 0 366 366 0 362 362 0 361 361 0 366 366 0 367 367 0 362 362 0 366 366 0 363 363 0 362 362 0 367 367 0 368 368 0 363 363 0 367 367 0 365 365 0 363 363 0 368 368 0 371 371 0 369 369 0 370 370 0 371 371 0 373 373 0 372 372 0 369 369 0 371 371 0 372 372 0 373 373 0 375 375 0 374 374 0 372 372 0 373 373 0 374 374 0 375 375 0 377 377 0 376 376 0 374 374 0 375 375 0 376 376 0 376 376 0 377 377 0 378 378 0 381 381 0 379 379 0 380 380 0 381 381 0 383 383 0 382 382 0 379 379 0 381 381 0 382 382 0 383 383 0 385 385 0 384 384 0 382 382 0 383 383 0 384 384 0 370 370 0 384 384 0 385 385 0 370 370 0 385 385 0 371 371 0 371 371 0 385 385 0 386 386 0 373 373 0 371 371 0 387 387 0 387 387 0 371 371 0 386 386 0 375 375 0 373 373 0 388 388 0 388 388 0 373 373 0 387 387 0 377 377 0 375 375 0 389 389 0 389 389 0 375 375 0 388 388 0 390 390 0 378 378 0 377 377 0 390 390 0 377 377 0 391 391 0 391 391 0 377 377 0 389 389 0 391 391 0 393 393 0 392 392 0 390 390 0 391 391 0 392 392 0 393 393 0 395 395 0 394 394 0 392 392 0 393 393 0 394 394 0 394 394 0 395 395 0 396 396 0 399 399 0 397 397 0 398 398 0 399 399 0 401 401 0 400 400 0 397 397 0 399 399 0 400 400 0 380 380 0 400 400 0 401 401 0 380 380 0 401 401 0 381 381 0 381 381 0 401 401 0 402 402 0 383 383 0 381 381 0 403 403 0 403 403 0 381 381 0 402 402 0 385 385 0 383 383 0 404 404 0 404 404 0 383 383 0 403 403 0 0 0 0 404 404 0 1 1 0 0 0 0 386 386 0 404 404 0 386 386 0 385 385 0 404 404 0 3 3 0 386 386 0 0 0 0 387 387 0 386 386 0 3 3 0 5 5 0 387 387 0 3 3 0 388 388 0 387 387 0 5 5 0 7 7 0 388 388 0 5 5 0 389 389 0 388 388 0 7 7 0 9 9 0 389 389 0 7 7 0 391 391 0 389 389 0 9 9 0 11 11 0 391 391 0 9 9 0 11 11 0 405 405 0 391 391 0 405 405 0 393 393 0 391 391 0 395 395 0 393 393 0 406 406 0 406 406 0 393 393 0 405 405 0 407 407 0 396 396 0 395 395 0 407 407 0 395 395 0 408 408 0 408 408 0 395 395 0 406 406 0 408 408 0 410 410 0 409 409 0 407 407 0 408 408 0 409 409 0 409 409 0 410 410 0 411 411 0 414 414 0 412 412 0 413 413 0 398 398 0 412 412 0 414 414 0 398 398 0 414 414 0 399 399 0 399 399 0 414 414 0 415 415 0 401 401 0 399 399 0 416 416 0 416 416 0 399 399 0 415 415 0 12 12 0 416 416 0 13 13 0 12 12 0 402 402 0 416 416 0 402 402 0 401 401 0 416 416 0 15 15 0 402 402 0 12 12 0 403 403 0 402 402 0 15 15 0 17 17 0 403 403 0 15 15 0 404 404 0 403 403 0 17 17 0 1 1 0 404 404 0 17 17 0 11 11 0 24 24 0 405 405 0 26 26 0 405 405 0 24 24 0 26 26 0 417 417 0 405 405 0 417 417 0 406 406 0 405 405 0 408 408 0 406 406 0 418 418 0 418 418 0 406 406 0 417 417 0 410 410 0 408 408 0 419 419 0 419 419 0 408 408 0 418 418 0 420 420 0 411 411 0 410 410 0 420 420 0 410 410 0 421 421 0 421 421 0 410 410 0 419 419 0 420 420 0 421 421 0 422 422 0 425 425 0 423 423 0 424 424 0 413 413 0 423 423 0 425 425 0 413 413 0 425 425 0 414 414 0 414 414 0 425 425 0 426 426 0 415 415 0 414 414 0 427 427 0 427 427 0 414 414 0 426 426 0 27 27 0 427 427 0 28 28 0 27 27 0 416 416 0 427 427 0 416 416 0 415 415 0 427 427 0 13 13 0 416 416 0 27 27 0 26 26 0 39 39 0 417 417 0 41 41 0 417 417 0 39 39 0 418 418 0 417 417 0 41 41 0 43 43 0 418 418 0 41 41 0 43 43 0 428 428 0 418 418 0 428 428 0 419 419 0 418 418 0 421 421 0 419 419 0 429 429 0 429 429 0 419 419 0 428 428 0 430 430 0 422 422 0 421 421 0 430 430 0 421 421 0 431 431 0 431 431 0 421 421 0 429 429 0 430 430 0 431 431 0 432 432 0 435 435 0 433 433 0 434 434 0 424 424 0 433 433 0 435 435 0 424 424 0 435 435 0 425 425 0 425 425 0 435 435 0 436 436 0 426 426 0 425 425 0 437 437 0 437 437 0 425 425 0 436 436 0 44 44 0 437 437 0 45 45 0 44 44 0 427 427 0 437 437 0 427 427 0 426 426 0 437 437 0 28 28 0 427 427 0 44 44 0 43 43 0 59 59 0 428 428 0 61 61 0 428 428 0 59 59 0 61 61 0 438 438 0 428 428 0 438 438 0 429 429 0 428 428 0 431 431 0 429 429 0 439 439 0 439 439 0 429 429 0 438 438 0 440 440 0 432 432 0 431 431 0 440 440 0 431 431 0 441 441 0 441 441 0 431 431 0 439 439 0 440 440 0 441 441 0 442 442 0 444 444 0 435 435 0 434 434 0 443 443 0 444 444 0 434 434 0 436 436 0 435 435 0 445 445 0 445 445 0 435 435 0 444 444 0 62 62 0 445 445 0 63 63 0 62 62 0 437 437 0 445 445 0 437 437 0 436 436 0 445 445 0 45 45 0 437 437 0 62 62 0 438 438 0 79 79 0 446 446 0 61 61 0 79 79 0 438 438 0 439 439 0 438 438 0 447 447 0 447 447 0 438 438 0 446 446 0 441 441 0 439 439 0 448 448 0 448 448 0 439 439 0 447 447 0 449 449 0 442 442 0 441 441 0 448 448 0 449 449 0 441 441 0 452 452 0 450 450 0 451 451 0 443 443 0 450 450 0 452 452 0 443 443 0 452 452 0 444 444 0 444 444 0 452 452 0 453 453 0 80 80 0 453 453 0 81 81 0 80 80 0 445 445 0 453 453 0 445 445 0 444 444 0 453 453 0 63 63 0 445 445 0 80 80 0 79 79 0 98 98 0 446 446 0 100 100 0 446 446 0 98 98 0 100 100 0 454 454 0 446 446 0 454 454 0 447 447 0 446 446 0 448 448 0 447 447 0 455 455 0 455 455 0 447 447 0 454 454 0 456 456 0 449 449 0 448 448 0 456 456 0 448 448 0 457 457 0 457 457 0 448 448 0 455 455 0 456 456 0 457 457 0 458 458 0 460 460 0 452 452 0 451 451 0 459 459 0 460 460 0 451 451 0 453 453 0 452 452 0 461 461 0 461 461 0 452 452 0 460 460 0 81 81 0 461 461 0 101 101 0 453 453 0 461 461 0 81 81 0 100 100 0 119 119 0 454 454 0 121 121 0 454 454 0 119 119 0 121 121 0 462 462 0 454 454 0 462 462 0 455 455 0 454 454 0 457 457 0 455 455 0 463 463 0 463 463 0 455 455 0 462 462 0 464 464 0 458 458 0 457 457 0 463 463 0 464 464 0 457 457 0 467 467 0 465 465 0 466 466 0 459 459 0 465 465 0 467 467 0 459 459 0 467 467 0 460 460 0 460 460 0 467 467 0 468 468 0 122 122 0 468 468 0 123 123 0 122 122 0 461 461 0 468 468 0 461 461 0 460 460 0 468 468 0 101 101 0 461 461 0 122 122 0 121 121 0 143 143 0 462 462 0 145 145 0 462 462 0 143 143 0 145 145 0 469 469 0 462 462 0 469 469 0 463 463 0 462 462 0 470 470 0 464 464 0 463 463 0 470 470 0 463 463 0 471 471 0 471 471 0 463 463 0 469 469 0 470 470 0 471 471 0 472 472 0 474 474 0 467 467 0 466 466 0 473 473 0 474 474 0 466 466 0 468 468 0 467 467 0 475 475 0 475 475 0 467 467 0 474 474 0 123 123 0 475 475 0 146 146 0 468 468 0 475 475 0 123 123 0 469 469 0 167 167 0 476 476 0 145 145 0 167 167 0 469 469 0 471 471 0 469 469 0 477 477 0 477 477 0 469 469 0 476 476 0 478 478 0 472 472 0 471 471 0 477 477 0 478 478 0 471 471 0 480 480 0 474 474 0 473 473 0 479 479 0 480 480 0 473 473 0 475 475 0 474 474 0 481 481 0 481 481 0 474 474 0 480 480 0 146 146 0 481 481 0 168 168 0 475 475 0 481 481 0 146 146 0 476 476 0 189 189 0 482 482 0 167 167 0 189 189 0 476 476 0 477 477 0 476 476 0 483 483 0 483 483 0 476 476 0 482 482 0 484 484 0 478 478 0 477 477 0 483 483 0 484 484 0 477 477 0 486 486 0 480 480 0 479 479 0 485 485 0 486 486 0 479 479 0 481 481 0 480 480 0 487 487 0 487 487 0 480 480 0 486 486 0 168 168 0 487 487 0 190 190 0 481 481 0 487 487 0 168 168 0 200 200 0 201 201 0 488 488 0 200 200 0 489 489 0 202 202 0 488 488 0 489 489 0 200 200 0 202 202 0 490 490 0 203 203 0 489 489 0 490 490 0 202 202 0 203 203 0 490 490 0 204 204 0 482 482 0 213 213 0 491 491 0 189 189 0 213 213 0 482 482 0 483 483 0 482 482 0 492 492 0 492 492 0 482 482 0 491 491 0 493 493 0 484 484 0 483 483 0 492 492 0 493 493 0 483 483 0 495 495 0 486 486 0 485 485 0 494 494 0 495 495 0 485 485 0 487 487 0 486 486 0 496 496 0 496 496 0 486 486 0 495 495 0 190 190 0 496 496 0 214 214 0 487 487 0 496 496 0 190 190 0 488 488 0 224 224 0 497 497 0 201 201 0 224 224 0 488 488 0 489 489 0 488 488 0 498 498 0 498 498 0 488 488 0 497 497 0 490 490 0 489 489 0 499 499 0 499 499 0 489 489 0 498 498 0 204 204 0 500 500 0 225 225 0 204 204 0 490 490 0 500 500 0 490 490 0 499 499 0 500 500 0 225 225 0 500 500 0 226 226 0 491 491 0 234 234 0 501 501 0 213 213 0 234 234 0 491 491 0 492 492 0 491 491 0 502 502 0 502 502 0 491 491 0 501 501 0 503 503 0 493 493 0 492 492 0 502 502 0 503 503 0 492 492 0 505 505 0 495 495 0 494 494 0 504 504 0 505 505 0 494 494 0 496 496 0 495 495 0 506 506 0 506 506 0 495 495 0 505 505 0 214 214 0 506 506 0 235 235 0 496 496 0 506 506 0 214 214 0 497 497 0 245 245 0 507 507 0 224 224 0 245 245 0 497 497 0 498 498 0 497 497 0 508 508 0 508 508 0 497 497 0 507 507 0 499 499 0 498 498 0 509 509 0 509 509 0 498 498 0 508 508 0 246 246 0 509 509 0 247 247 0 246 246 0 500 500 0 509 509 0 500 500 0 499 499 0 509 509 0 226 226 0 500 500 0 246 246 0 255 255 0 256 256 0 510 510 0 255 255 0 501 501 0 234 234 0 255 255 0 510 510 0 501 501 0 510 510 0 511 511 0 501 501 0 502 502 0 501 501 0 512 512 0 512 512 0 501 501 0 511 511 0 513 513 0 503 503 0 502 502 0 512 512 0 513 513 0 502 502 0 505 505 0 504 504 0 514 514 0 514 514 0 515 515 0 516 516 0 514 514 0 516 516 0 505 505 0 505 505 0 516 516 0 506 506 0 235 235 0 517 517 0 257 257 0 235 235 0 506 506 0 517 517 0 506 506 0 516 516 0 517 517 0 257 257 0 517 517 0 258 258 0 245 245 0 267 267 0 507 507 0 269 269 0 507 507 0 267 267 0 508 508 0 507 507 0 269 269 0 271 271 0 508 508 0 269 269 0 509 509 0 508 508 0 271 271 0 247 247 0 509 509 0 271 271 0 279 279 0 280 280 0 518 518 0 279 279 0 510 510 0 256 256 0 279 279 0 518 518 0 510 510 0 518 518 0 519 519 0 510 510 0 511 511 0 510 510 0 520 520 0 520 520 0 510 510 0 519 519 0 522 522 0 521 521 0 512 512 0 522 522 0 512 512 0 520 520 0 520 520 0 512 512 0 511 511 0 513 513 0 512 512 0 521 521 0 524 524 0 516 516 0 515 515 0 523 523 0 524 524 0 515 515 0 517 517 0 516 516 0 525 525 0 525 525 0 516 516 0 524 524 0 258 258 0 526 526 0 281 281 0 258 258 0 517 517 0 526 526 0 517 517 0 525 525 0 526 526 0 281 281 0 526 526 0 282 282 0 298 298 0 299 299 0 527 527 0 298 298 0 518 518 0 280 280 0 298 298 0 527 527 0 518 518 0 527 527 0 528 528 0 518 518 0 519 519 0 518 518 0 529 529 0 529 529 0 518 518 0 528 528 0 520 520 0 519 519 0 530 530 0 530 530 0 519 519 0 529 529 0 531 531 0 522 522 0 520 520 0 530 530 0 531 531 0 520 520 0 524 524 0 523 523 0 532 532 0 532 532 0 533 533 0 534 534 0 532 532 0 534 534 0 524 524 0 524 524 0 534 534 0 525 525 0 526 526 0 525 525 0 535 535 0 535 535 0 525 525 0 534 534 0 282 282 0 536 536 0 300 300 0 282 282 0 526 526 0 536 536 0 526 526 0 535 535 0 536 536 0 300 300 0 536 536 0 301 301 0 527 527 0 316 316 0 537 537 0 299 299 0 316 316 0 527 527 0 528 528 0 527 527 0 538 538 0 538 538 0 527 527 0 537 537 0 529 529 0 528 528 0 539 539 0 539 539 0 528 528 0 538 538 0 541 541 0 540 540 0 530 530 0 541 541 0 530 530 0 539 539 0 539 539 0 530 530 0 529 529 0 531 531 0 530 530 0 540 540 0 543 543 0 534 534 0 533 533 0 542 542 0 543 543 0 533 533 0 535 535 0 534 534 0 544 544 0 544 544 0 534 534 0 543 543 0 536 536 0 535 535 0 545 545 0 545 545 0 535 535 0 544 544 0 301 301 0 546 546 0 317 317 0 301 301 0 536 536 0 546 546 0 536 536 0 545 545 0 546 546 0 317 317 0 546 546 0 318 318 0 331 331 0 332 332 0 547 547 0 331 331 0 537 537 0 316 316 0 331 331 0 547 547 0 537 537 0 547 547 0 548 548 0 537 537 0 538 538 0 537 537 0 549 549 0 549 549 0 537 537 0 548 548 0 551 551 0 550 550 0 539 539 0 551 551 0 539 539 0 549 549 0 549 549 0 539 539 0 538 538 0 541 541 0 539 539 0 550 550 0 543 543 0 542 542 0 552 552 0 552 552 0 553 553 0 554 554 0 552 552 0 554 554 0 543 543 0 543 543 0 554 554 0 544 544 0 545 545 0 544 544 0 555 555 0 555 555 0 544 544 0 554 554 0 546 546 0 545 545 0 556 556 0 556 556 0 545 545 0 555 555 0 318 318 0 557 557 0 333 333 0 318 318 0 546 546 0 557 557 0 546 546 0 556 556 0 557 557 0 333 333 0 558 558 0 334 334 0 557 557 0 558 558 0 333 333 0 334 334 0 558 558 0 335 335 0 345 345 0 346 346 0 559 559 0 345 345 0 547 547 0 332 332 0 345 345 0 559 559 0 547 547 0 559 559 0 560 560 0 547 547 0 548 548 0 547 547 0 561 561 0 561 561 0 547 547 0 560 560 0 549 549 0 548 548 0 562 562 0 562 562 0 548 548 0 561 561 0 563 563 0 551 551 0 549 549 0 562 562 0 563 563 0 549 549 0 554 554 0 553 553 0 564 564 0 564 564 0 565 565 0 566 566 0 564 564 0 566 566 0 554 554 0 554 554 0 566 566 0 555 555 0 556 556 0 555 555 0 567 567 0 567 567 0 555 555 0 566 566 0 557 557 0 556 556 0 568 568 0 568 568 0 556 556 0 567 567 0 558 558 0 557 557 0 569 569 0 569 569 0 557 557 0 568 568 0 335 335 0 570 570 0 347 347 0 335 335 0 558 558 0 570 570 0 558 558 0 569 569 0 570 570 0 347 347 0 570 570 0 348 348 0 355 355 0 356 356 0 571 571 0 355 355 0 572 572 0 357 357 0 571 571 0 572 572 0 355 355 0 357 357 0 559 559 0 346 346 0 357 357 0 572 572 0 559 559 0 572 572 0 573 573 0 559 559 0 560 560 0 559 559 0 574 574 0 574 574 0 559 559 0 573 573 0 561 561 0 560 560 0 575 575 0 575 575 0 560 560 0 574 574 0 577 577 0 576 576 0 562 562 0 577 577 0 562 562 0 575 575 0 575 575 0 562 562 0 561 561 0 563 563 0 562 562 0 576 576 0 566 566 0 565 565 0 578 578 0 578 578 0 579 579 0 580 580 0 578 578 0 580 580 0 566 566 0 566 566 0 580 580 0 567 567 0 568 568 0 567 567 0 581 581 0 581 581 0 567 567 0 580 580 0 569 569 0 568 568 0 582 582 0 582 582 0 568 568 0 581 581 0 570 570 0 569 569 0 583 583 0 583 583 0 569 569 0 582 582 0 348 348 0 584 584 0 358 358 0 348 348 0 570 570 0 584 584 0 570 570 0 583 583 0 584 584 0 358 358 0 585 585 0 359 359 0 584 584 0 585 585 0 358 358 0 359 359 0 585 585 0 360 360 0 364 364 0 365 365 0 586 586 0 364 364 0 571 571 0 356 356 0 364 364 0 586 586 0 571 571 0 586 586 0 587 587 0 571 571 0 572 572 0 571 571 0 588 588 0 588 588 0 571 571 0 587 587 0 573 573 0 572 572 0 589 589 0 589 589 0 572 572 0 588 588 0 574 574 0 573 573 0 590 590 0 590 590 0 573 573 0 589 589 0 592 592 0 591 591 0 575 575 0 592 592 0 575 575 0 590 590 0 590 590 0 575 575 0 574 574 0 577 577 0 575 575 0 591 591 0 580 580 0 579 579 0 593 593 0 581 581 0 580 580 0 593 593 0 594 594 0 581 581 0 593 593 0 594 594 0 595 595 0 596 596 0 594 594 0 596 596 0 581 581 0 581 581 0 596 596 0 582 582 0 583 583 0 582 582 0 597 597 0 597 597 0 582 582 0 596 596 0 584 584 0 583 583 0 598 598 0 598 598 0 583 583 0 597 597 0 585 585 0 584 584 0 599 599 0 599 599 0 584 584 0 598 598 0 360 360 0 600 600 0 366 366 0 360 360 0 585 585 0 600 600 0 585 585 0 599 599 0 600 600 0 366 366 0 601 601 0 367 367 0 600 600 0 601 601 0 366 366 0 367 367 0 602 602 0 368 368 0 601 601 0 602 602 0 367 367 0 368 368 0 586 586 0 365 365 0 368 368 0 602 602 0 586 586 0 602 602 0 603 603 0 586 586 0 587 587 0 586 586 0 604 604 0 604 604 0 586 586 0 603 603 0 588 588 0 587 587 0 605 605 0 605 605 0 587 587 0 604 604 0 607 607 0 606 606 0 589 589 0 607 607 0 589 589 0 605 605 0 605 605 0 589 589 0 588 588 0 590 590 0 589 589 0 606 606 0 608 608 0 590 590 0 606 606 0 592 592 0 590 590 0 608 608 0 596 596 0 595 595 0 609 609 0 597 597 0 596 596 0 609 609 0 610 610 0 597 597 0 609 609 0 598 598 0 597 597 0 610 610 0 611 611 0 598 598 0 610 610 0 611 611 0 612 612 0 613 613 0 611 611 0 613 613 0 598 598 0 598 598 0 613 613 0 599 599 0 600 600 0 599 599 0 614 614 0 614 614 0 599 599 0 613 613 0 601 601 0 600 600 0 615 615 0 615 615 0 600 600 0 614 614 0 602 602 0 601 601 0 616 616 0 616 616 0 601 601 0 615 615 0 603 603 0 602 602 0 617 617 0 617 617 0 602 602 0 616 616 0 619 619 0 618 618 0 604 604 0 619 619 0 604 604 0 617 617 0 617 617 0 604 604 0 603 603 0 605 605 0 604 604 0 618 618 0 620 620 0 605 605 0 618 618 0 607 607 0 605 605 0 620 620 0 613 613 0 612 612 0 621 621 0 614 614 0 613 613 0 621 621 0 622 622 0 614 614 0 621 621 0 615 615 0 614 614 0 622 622 0 623 623 0 615 615 0 622 622 0 616 616 0 615 615 0 623 623 0 624 624 0 616 616 0 623 623 0 617 617 0 616 616 0 624 624 0 625 625 0 617 617 0 624 624 0 619 619 0 617 617 0 625 625 0 628 628 0 626 626 0 627 627 0 628 628 0 630 630 0 629 629 0 626 626 0 628 628 0 629 629 0 630 630 0 370 370 0 369 369 0 630 630 0 369 369 0 629 629 0 629 629 0 369 369 0 631 631 0 372 372 0 632 632 0 369 369 0 369 369 0 632 632 0 631 631 0 374 374 0 633 633 0 372 372 0 372 372 0 633 633 0 632 632 0 376 376 0 634 634 0 374 374 0 374 374 0 634 634 0 633 633 0 378 378 0 636 636 0 635 635 0 378 378 0 635 635 0 376 376 0 376 376 0 635 635 0 634 634 0 636 636 0 638 638 0 637 637 0 635 635 0 636 636 0 637 637 0 637 637 0 638 638 0 639 639 0 642 642 0 640 640 0 641 641 0 642 642 0 644 644 0 643 643 0 640 640 0 642 642 0 643 643 0 644 644 0 380 380 0 379 379 0 644 644 0 379 379 0 643 643 0 643 643 0 379 379 0 645 645 0 627 627 0 382 382 0 628 628 0 627 627 0 645 645 0 382 382 0 645 645 0 379 379 0 382 382 0 384 384 0 628 628 0 382 382 0 630 630 0 628 628 0 384 384 0 370 370 0 630 630 0 384 384 0 378 378 0 390 390 0 636 636 0 392 392 0 636 636 0 390 390 0 638 638 0 636 636 0 392 392 0 638 638 0 646 646 0 639 639 0 638 638 0 392 392 0 646 646 0 392 392 0 394 394 0 646 646 0 396 396 0 648 648 0 647 647 0 396 396 0 647 647 0 394 394 0 394 394 0 647 647 0 646 646 0 648 648 0 650 650 0 649 649 0 647 647 0 648 648 0 649 649 0 649 649 0 650 650 0 651 651 0 654 654 0 652 652 0 653 653 0 641 641 0 652 652 0 654 654 0 642 642 0 641 641 0 654 654 0 642 642 0 654 654 0 398 398 0 642 642 0 398 398 0 397 397 0 400 400 0 642 642 0 397 397 0 644 644 0 642 642 0 400 400 0 380 380 0 644 644 0 400 400 0 396 396 0 407 407 0 648 648 0 409 409 0 648 648 0 407 407 0 650 650 0 648 648 0 409 409 0 411 411 0 656 656 0 655 655 0 409 409 0 411 411 0 655 655 0 409 409 0 655 655 0 651 651 0 409 409 0 651 651 0 650 650 0 655 655 0 656 656 0 657 657 0 660 660 0 658 658 0 659 659 0 653 653 0 658 658 0 660 660 0 654 654 0 653 653 0 660 660 0 654 654 0 660 660 0 413 413 0 654 654 0 413 413 0 412 412 0 398 398 0 654 654 0 412 412 0 411 411 0 420 420 0 656 656 0 422 422 0 662 662 0 661 661 0 420 420 0 422 422 0 661 661 0 420 420 0 661 661 0 657 657 0 420 420 0 657 657 0 656 656 0 661 661 0 662 662 0 663 663 0 666 666 0 664 664 0 665 665 0 659 659 0 664 664 0 666 666 0 660 660 0 659 659 0 666 666 0 660 660 0 666 666 0 424 424 0 660 660 0 424 424 0 423 423 0 413 413 0 660 660 0 423 423 0 422 422 0 430 430 0 662 662 0 432 432 0 668 668 0 667 667 0 430 430 0 432 432 0 667 667 0 430 430 0 667 667 0 663 663 0 430 430 0 663 663 0 662 662 0 667 667 0 668 668 0 669 669 0 672 672 0 670 670 0 671 671 0 665 665 0 670 670 0 672 672 0 666 666 0 665 665 0 672 672 0 666 666 0 672 672 0 434 434 0 666 666 0 434 434 0 433 433 0 424 424 0 666 666 0 433 433 0 432 432 0 440 440 0 668 668 0 442 442 0 674 674 0 673 673 0 440 440 0 442 442 0 673 673 0 440 440 0 673 673 0 669 669 0 440 440 0 669 669 0 668 668 0 673 673 0 674 674 0 675 675 0 677 677 0 672 672 0 671 671 0 676 676 0 677 677 0 671 671 0 434 434 0 677 677 0 443 443 0 672 672 0 677 677 0 434 434 0 674 674 0 449 449 0 678 678 0 442 442 0 449 449 0 674 674 0 679 679 0 675 675 0 674 674 0 678 678 0 679 679 0 674 674 0 682 682 0 680 680 0 681 681 0 676 676 0 680 680 0 682 682 0 677 677 0 676 676 0 682 682 0 677 677 0 682 682 0 451 451 0 677 677 0 451 451 0 450 450 0 443 443 0 677 677 0 450 450 0 449 449 0 456 456 0 678 678 0 458 458 0 684 684 0 683 683 0 456 456 0 458 458 0 683 683 0 456 456 0 683 683 0 679 679 0 456 456 0 679 679 0 678 678 0 683 683 0 684 684 0 685 685 0 687 687 0 682 682 0 681 681 0 686 686 0 687 687 0 681 681 0 451 451 0 687 687 0 459 459 0 682 682 0 687 687 0 451 451 0 684 684 0 464 464 0 688 688 0 458 458 0 464 464 0 684 684 0 689 689 0 685 685 0 684 684 0 688 688 0 689 689 0 684 684 0 465 465 0 687 687 0 686 686 0 465 465 0 686 686 0 466 466 0 466 466 0 686 686 0 690 690 0 459 459 0 687 687 0 465 465 0 464 464 0 470 470 0 688 688 0 688 688 0 470 470 0 472 472 0 688 688 0 472 472 0 689 689 0 689 689 0 472 472 0 691 691 0 466 466 0 690 690 0 473 473 0 690 690 0 692 692 0 473 473 0 693 693 0 478 478 0 694 694 0 693 693 0 691 691 0 478 478 0 691 691 0 472 472 0 478 478 0 693 693 0 694 694 0 695 695 0 473 473 0 692 692 0 479 479 0 692 692 0 696 696 0 479 479 0 694 694 0 484 484 0 697 697 0 478 478 0 484 484 0 694 694 0 698 698 0 695 695 0 694 694 0 697 697 0 698 698 0 694 694 0 479 479 0 696 696 0 485 485 0 696 696 0 699 699 0 485 485 0 697 697 0 493 493 0 700 700 0 484 484 0 493 493 0 697 697 0 701 701 0 698 698 0 697 697 0 700 700 0 701 701 0 697 697 0 485 485 0 699 699 0 494 494 0 699 699 0 702 702 0 494 494 0 700 700 0 503 503 0 703 703 0 493 493 0 503 503 0 700 700 0 704 704 0 701 701 0 700 700 0 703 703 0 704 704 0 700 700 0 494 494 0 702 702 0 504 504 0 702 702 0 705 705 0 504 504 0 703 703 0 707 707 0 706 706 0 703 703 0 503 503 0 707 707 0 503 503 0 513 513 0 707 707 0 704 704 0 703 703 0 706 706 0 709 709 0 514 514 0 504 504 0 709 709 0 504 504 0 708 708 0 708 708 0 504 504 0 705 705 0 514 514 0 709 709 0 515 515 0 521 521 0 522 522 0 710 710 0 521 521 0 710 710 0 711 711 0 521 521 0 711 711 0 513 513 0 513 513 0 711 711 0 707 707 0 713 713 0 709 709 0 708 708 0 712 712 0 713 713 0 708 708 0 515 515 0 713 713 0 523 523 0 709 709 0 713 713 0 515 515 0 710 710 0 531 531 0 714 714 0 522 522 0 531 531 0 710 710 0 715 715 0 711 711 0 710 710 0 714 714 0 715 715 0 710 710 0 713 713 0 712 712 0 716 716 0 718 718 0 716 716 0 717 717 0 532 532 0 716 716 0 718 718 0 532 532 0 713 713 0 716 716 0 532 532 0 523 523 0 713 713 0 532 532 0 718 718 0 533 533 0 540 540 0 541 541 0 719 719 0 540 540 0 719 719 0 721 721 0 531 531 0 540 540 0 721 721 0 531 531 0 721 721 0 720 720 0 531 531 0 720 720 0 714 714 0 715 715 0 714 714 0 720 720 0 723 723 0 718 718 0 717 717 0 722 722 0 723 723 0 717 717 0 533 533 0 723 723 0 542 542 0 718 718 0 723 723 0 533 533 0 550 550 0 551 551 0 724 724 0 550 550 0 724 724 0 726 726 0 541 541 0 550 550 0 726 726 0 541 541 0 726 726 0 725 725 0 541 541 0 725 725 0 719 719 0 721 721 0 719 719 0 725 725 0 723 723 0 722 722 0 727 727 0 729 729 0 727 727 0 728 728 0 552 552 0 727 727 0 729 729 0 552 552 0 723 723 0 727 727 0 552 552 0 542 542 0 723 723 0 552 552 0 729 729 0 553 553 0 724 724 0 563 563 0 730 730 0 551 551 0 563 563 0 724 724 0 731 731 0 726 726 0 724 724 0 730 730 0 731 731 0 724 724 0 729 729 0 728 728 0 732 732 0 734 734 0 732 732 0 733 733 0 564 564 0 732 732 0 734 734 0 564 564 0 729 729 0 732 732 0 564 564 0 553 553 0 729 729 0 564 564 0 734 734 0 565 565 0 576 576 0 577 577 0 735 735 0 576 576 0 735 735 0 737 737 0 563 563 0 576 576 0 737 737 0 563 563 0 737 737 0 736 736 0 563 563 0 736 736 0 730 730 0 731 731 0 730 730 0 736 736 0 734 734 0 733 733 0 738 738 0 740 740 0 738 738 0 739 739 0 578 578 0 738 738 0 740 740 0 578 578 0 734 734 0 738 738 0 578 578 0 565 565 0 734 734 0 578 578 0 740 740 0 579 579 0 591 591 0 592 592 0 741 741 0 591 591 0 741 741 0 743 743 0 577 577 0 591 591 0 743 743 0 577 577 0 743 743 0 742 742 0 577 577 0 742 742 0 735 735 0 737 737 0 735 735 0 742 742 0 740 740 0 739 739 0 744 744 0 746 746 0 744 744 0 745 745 0 593 593 0 744 744 0 746 746 0 593 593 0 740 740 0 744 744 0 593 593 0 579 579 0 740 740 0 593 593 0 747 747 0 594 594 0 746 746 0 747 747 0 593 593 0 594 594 0 747 747 0 595 595 0 606 606 0 607 607 0 748 748 0 606 606 0 749 749 0 608 608 0 748 748 0 749 749 0 606 606 0 608 608 0 749 749 0 751 751 0 592 592 0 608 608 0 751 751 0 592 592 0 751 751 0 750 750 0 592 592 0 750 750 0 741 741 0 743 743 0 741 741 0 750 750 0 746 746 0 745 745 0 752 752 0 747 747 0 746 746 0 752 752 0 753 753 0 747 747 0 752 752 0 755 755 0 753 753 0 754 754 0 609 609 0 753 753 0 755 755 0 609 609 0 747 747 0 753 753 0 609 609 0 595 595 0 747 747 0 609 609 0 756 756 0 610 610 0 755 755 0 756 756 0 609 609 0 610 610 0 757 757 0 611 611 0 756 756 0 757 757 0 610 610 0 611 611 0 757 757 0 612 612 0 618 618 0 619 619 0 758 758 0 618 618 0 759 759 0 620 620 0 758 758 0 759 759 0 618 618 0 620 620 0 759 759 0 761 761 0 607 607 0 620 620 0 761 761 0 607 607 0 761 761 0 760 760 0 607 607 0 760 760 0 748 748 0 749 749 0 748 748 0 760 760 0 762 762 0 749 749 0 760 760 0 751 751 0 749 749 0 762 762 0 755 755 0 754 754 0 763 763 0 756 756 0 755 755 0 763 763 0 764 764 0 756 756 0 763 763 0 757 757 0 756 756 0 764 764 0 765 765 0 757 757 0 764 764 0 767 767 0 765 765 0 766 766 0 621 621 0 765 765 0 767 767 0 621 621 0 757 757 0 765 765 0 621 621 0 612 612 0 757 757 0 621 621 0 768 768 0 622 622 0 767 767 0 768 768 0 621 621 0 622 622 0 769 769 0 623 623 0 768 768 0 769 769 0 622 622 0 623 623 0 770 770 0 624 624 0 769 769 0 770 770 0 623 623 0 772 772 0 624 624 0 770 770 0 772 772 0 771 771 0 624 624 0 771 771 0 625 625 0 624 624 0 758 758 0 619 619 0 625 625 0 758 758 0 625 625 0 773 773 0 773 773 0 625 625 0 771 771 0 759 759 0 758 758 0 773 773 0 774 774 0 759 759 0 773 773 0 761 761 0 759 759 0 774 774 0 767 767 0 766 766 0 775 775 0 768 768 0 767 767 0 775 775 0 776 776 0 768 768 0 775 775 0 769 769 0 768 768 0 776 776 0 777 777 0 769 769 0 776 776 0 770 770 0 769 769 0 777 777 0 778 778 0 770 770 0 777 777 0 772 772 0 770 770 0 778 778 0 781 781 0 779 779 0 780 780 0 781 781 0 783 783 0 782 782 0 779 779 0 781 781 0 782 782 0 783 783 0 785 785 0 784 784 0 782 782 0 783 783 0 784 784 0 785 785 0 787 787 0 786 786 0 784 784 0 785 785 0 786 786 0 787 787 0 789 789 0 788 788 0 786 786 0 787 787 0 788 788 0 788 788 0 789 789 0 790 790 0 793 793 0 791 791 0 792 792 0 793 793 0 795 795 0 794 794 0 791 791 0 793 793 0 794 794 0 795 795 0 627 627 0 626 626 0 795 795 0 626 626 0 794 794 0 794 794 0 626 626 0 796 796 0 780 780 0 629 629 0 781 781 0 780 780 0 796 796 0 629 629 0 796 796 0 626 626 0 629 629 0 631 631 0 781 781 0 629 629 0 783 783 0 781 781 0 631 631 0 632 632 0 783 783 0 631 631 0 785 785 0 783 783 0 632 632 0 633 633 0 785 785 0 632 632 0 787 787 0 785 785 0 633 633 0 634 634 0 787 787 0 633 633 0 789 789 0 787 787 0 634 634 0 789 789 0 797 797 0 790 790 0 789 789 0 634 634 0 797 797 0 634 634 0 635 635 0 797 797 0 637 637 0 798 798 0 635 635 0 635 635 0 798 798 0 797 797 0 639 639 0 800 800 0 799 799 0 639 639 0 799 799 0 637 637 0 637 637 0 799 799 0 798 798 0 800 800 0 802 802 0 801 801 0 799 799 0 800 800 0 801 801 0 801 801 0 802 802 0 803 803 0 806 806 0 804 804 0 805 805 0 806 806 0 641 641 0 640 640 0 806 806 0 640 640 0 804 804 0 804 804 0 640 640 0 807 807 0 792 792 0 643 643 0 793 793 0 792 792 0 807 807 0 643 643 0 807 807 0 640 640 0 643 643 0 645 645 0 793 793 0 643 643 0 795 795 0 793 793 0 645 645 0 627 627 0 795 795 0 645 645 0 639 639 0 646 646 0 800 800 0 647 647 0 800 800 0 646 646 0 802 802 0 800 800 0 647 647 0 802 802 0 808 808 0 803 803 0 802 802 0 647 647 0 808 808 0 647 647 0 649 649 0 808 808 0 651 651 0 810 810 0 809 809 0 651 651 0 809 809 0 649 649 0 649 649 0 809 809 0 808 808 0 809 809 0 810 810 0 811 811 0 814 814 0 812 812 0 813 813 0 805 805 0 812 812 0 814 814 0 806 806 0 805 805 0 814 814 0 806 806 0 814 814 0 653 653 0 806 806 0 653 653 0 652 652 0 641 641 0 806 806 0 652 652 0 651 651 0 655 655 0 810 810 0 657 657 0 816 816 0 815 815 0 655 655 0 657 657 0 815 815 0 655 655 0 815 815 0 811 811 0 655 655 0 811 811 0 810 810 0 815 815 0 816 816 0 817 817 0 820 820 0 818 818 0 819 819 0 813 813 0 818 818 0 820 820 0 814 814 0 813 813 0 820 820 0 814 814 0 820 820 0 659 659 0 814 814 0 659 659 0 658 658 0 653 653 0 814 814 0 658 658 0 657 657 0 661 661 0 816 816 0 663 663 0 822 822 0 821 821 0 661 661 0 663 663 0 821 821 0 661 661 0 821 821 0 817 817 0 661 661 0 817 817 0 816 816 0 821 821 0 822 822 0 823 823 0 826 826 0 824 824 0 825 825 0 819 819 0 824 824 0 826 826 0 820 820 0 819 819 0 826 826 0 820 820 0 826 826 0 665 665 0 820 820 0 665 665 0 664 664 0 659 659 0 820 820 0 664 664 0 663 663 0 667 667 0 822 822 0 669 669 0 828 828 0 827 827 0 667 667 0 669 669 0 827 827 0 667 667 0 827 827 0 823 823 0 667 667 0 823 823 0 822 822 0 827 827 0 828 828 0 829 829 0 670 670 0 826 826 0 825 825 0 670 670 0 825 825 0 671 671 0 671 671 0 825 825 0 830 830 0 665 665 0 826 826 0 670 670 0 669 669 0 673 673 0 828 828 0 828 828 0 673 673 0 675 675 0 828 828 0 675 675 0 829 829 0 829 829 0 675 675 0 831 831 0 834 834 0 832 832 0 833 833 0 834 834 0 830 830 0 832 832 0 834 834 0 676 676 0 830 830 0 676 676 0 671 671 0 830 830 0 835 835 0 679 679 0 836 836 0 835 835 0 831 831 0 679 679 0 831 831 0 675 675 0 679 679 0 835 835 0 836 836 0 837 837 0 680 680 0 834 834 0 833 833 0 680 680 0 833 833 0 681 681 0 681 681 0 833 833 0 838 838 0 676 676 0 834 834 0 680 680 0 679 679 0 683 683 0 836 836 0 836 836 0 683 683 0 685 685 0 836 836 0 685 685 0 837 837 0 837 837 0 685 685 0 839 839 0 681 681 0 838 838 0 686 686 0 838 838 0 840 840 0 686 686 0 841 841 0 689 689 0 842 842 0 841 841 0 839 839 0 689 689 0 839 839 0 685 685 0 689 689 0 841 841 0 842 842 0 843 843 0 846 846 0 844 844 0 845 845 0 846 846 0 840 840 0 844 844 0 846 846 0 690 690 0 840 840 0 690 690 0 686 686 0 840 840 0 842 842 0 691 691 0 847 847 0 689 689 0 691 691 0 842 842 0 848 848 0 843 843 0 842 842 0 847 847 0 848 848 0 842 842 0 850 850 0 846 846 0 845 845 0 849 849 0 850 850 0 845 845 0 690 690 0 850 850 0 692 692 0 846 846 0 850 850 0 690 690 0 691 691 0 693 693 0 847 847 0 847 847 0 693 693 0 695 695 0 847 847 0 695 695 0 848 848 0 848 848 0 695 695 0 851 851 0 853 853 0 850 850 0 849 849 0 852 852 0 853 853 0 849 849 0 692 692 0 853 853 0 696 696 0 850 850 0 853 853 0 692 692 0 695 695 0 698 698 0 851 851 0 851 851 0 698 698 0 854 854 0 856 856 0 853 853 0 852 852 0 855 855 0 856 856 0 852 852 0 696 696 0 856 856 0 699 699 0 853 853 0 856 856 0 696 696 0 698 698 0 701 701 0 854 854 0 854 854 0 701 701 0 857 857 0 859 859 0 856 856 0 855 855 0 858 858 0 859 859 0 855 855 0 699 699 0 859 859 0 702 702 0 856 856 0 859 859 0 699 699 0 701 701 0 704 704 0 857 857 0 857 857 0 704 704 0 860 860 0 862 862 0 859 859 0 858 858 0 861 861 0 862 862 0 858 858 0 702 702 0 862 862 0 705 705 0 859 859 0 862 862 0 702 702 0 706 706 0 707 707 0 863 863 0 706 706 0 863 863 0 864 864 0 706 706 0 864 864 0 704 704 0 704 704 0 864 864 0 860 860 0 862 862 0 861 861 0 865 865 0 865 865 0 705 705 0 862 862 0 865 865 0 866 866 0 705 705 0 866 866 0 708 708 0 705 705 0 863 863 0 711 711 0 867 867 0 707 707 0 711 711 0 863 863 0 868 868 0 864 864 0 863 863 0 867 867 0 868 868 0 863 863 0 708 708 0 866 866 0 712 712 0 866 866 0 869 869 0 712 712 0 867 867 0 871 871 0 870 870 0 867 867 0 711 711 0 871 871 0 711 711 0 715 715 0 871 871 0 868 868 0 867 867 0 870 870 0 873 873 0 716 716 0 712 712 0 873 873 0 712 712 0 872 872 0 872 872 0 712 712 0 869 869 0 716 716 0 873 873 0 717 717 0 720 720 0 721 721 0 874 874 0 720 720 0 874 874 0 875 875 0 720 720 0 875 875 0 715 715 0 715 715 0 875 875 0 871 871 0 873 873 0 872 872 0 876 876 0 876 876 0 717 717 0 873 873 0 876 876 0 877 877 0 717 717 0 877 877 0 722 722 0 717 717 0 725 725 0 726 726 0 878 878 0 725 725 0 878 878 0 880 880 0 721 721 0 725 725 0 880 880 0 721 721 0 880 880 0 879 879 0 721 721 0 879 879 0 874 874 0 875 875 0 874 874 0 879 879 0 882 882 0 727 727 0 722 722 0 882 882 0 722 722 0 881 881 0 881 881 0 722 722 0 877 877 0 727 727 0 882 882 0 728 728 0 878 878 0 731 731 0 883 883 0 726 726 0 731 731 0 878 878 0 884 884 0 880 880 0 878 878 0 883 883 0 884 884 0 878 878 0 882 882 0 881 881 0 885 885 0 887 887 0 885 885 0 886 886 0 732 732 0 885 885 0 887 887 0 732 732 0 882 882 0 885 885 0 732 732 0 728 728 0 882 882 0 732 732 0 887 887 0 733 733 0 736 736 0 737 737 0 888 888 0 736 736 0 888 888 0 890 890 0 731 731 0 736 736 0 890 890 0 731 731 0 890 890 0 889 889 0 731 731 0 889 889 0 883 883 0 884 884 0 883 883 0 889 889 0 887 887 0 886 886 0 891 891 0 893 893 0 891 891 0 892 892 0 738 738 0 891 891 0 893 893 0 738 738 0 887 887 0 891 891 0 738 738 0 733 733 0 887 887 0 738 738 0 893 893 0 739 739 0 742 742 0 743 743 0 894 894 0 742 742 0 894 894 0 896 896 0 737 737 0 742 742 0 896 896 0 737 737 0 896 896 0 895 895 0 737 737 0 895 895 0 888 888 0 890 890 0 888 888 0 895 895 0 893 893 0 892 892 0 897 897 0 899 899 0 897 897 0 898 898 0 744 744 0 897 897 0 899 899 0 744 744 0 893 893 0 897 897 0 744 744 0 739 739 0 893 893 0 744 744 0 899 899 0 745 745 0 750 750 0 751 751 0 900 900 0 750 750 0 900 900 0 902 902 0 743 743 0 750 750 0 902 902 0 743 743 0 902 902 0 901 901 0 743 743 0 901 901 0 894 894 0 896 896 0 894 894 0 901 901 0 899 899 0 898 898 0 903 903 0 745 745 0 899 899 0 903 903 0 745 745 0 903 903 0 752 752 0 752 752 0 903 903 0 904 904 0 906 906 0 904 904 0 905 905 0 906 906 0 753 753 0 904 904 0 753 753 0 752 752 0 904 904 0 753 753 0 906 906 0 754 754 0 760 760 0 761 761 0 907 907 0 909 909 0 760 760 0 907 907 0 909 909 0 908 908 0 760 760 0 908 908 0 762 762 0 760 760 0 900 900 0 751 751 0 762 762 0 900 900 0 762 762 0 910 910 0 910 910 0 762 762 0 908 908 0 902 902 0 900 900 0 910 910 0 906 906 0 905 905 0 911 911 0 754 754 0 906 906 0 911 911 0 754 754 0 911 911 0 763 763 0 763 763 0 911 911 0 912 912 0 914 914 0 912 912 0 913 913 0 914 914 0 764 764 0 912 912 0 764 764 0 763 763 0 912 912 0 764 764 0 915 915 0 765 765 0 914 914 0 915 915 0 764 764 0 765 765 0 915 915 0 766 766 0 771 771 0 772 772 0 916 916 0 771 771 0 917 917 0 773 773 0 916 916 0 917 917 0 771 771 0 919 919 0 773 773 0 917 917 0 919 919 0 918 918 0 773 773 0 918 918 0 774 774 0 773 773 0 907 907 0 761 761 0 774 774 0 907 907 0 774 774 0 920 920 0 920 920 0 774 774 0 918 918 0 909 909 0 907 907 0 920 920 0 914 914 0 913 913 0 921 921 0 915 915 0 914 914 0 921 921 0 922 922 0 915 915 0 921 921 0 766 766 0 915 915 0 922 922 0 766 766 0 922 922 0 775 775 0 775 775 0 922 922 0 923 923 0 776 776 0 775 775 0 924 924 0 775 775 0 923 923 0 924 924 0 777 777 0 776 776 0 925 925 0 776 776 0 924 924 0 925 925 0 778 778 0 777 777 0 926 926 0 777 777 0 925 925 0 926 926 0 916 916 0 772 772 0 778 778 0 916 916 0 778 778 0 927 927 0 927 927 0 778 778 0 926 926 0 917 917 0 916 916 0 927 927 0 928 928 0 917 917 0 927 927 0 919 919 0 917 917 0 928 928 0 931 931 0 929 929 0 930 930 0 931 931 0 780 780 0 779 779 0 931 931 0 779 779 0 929 929 0 929 929 0 779 779 0 932 932 0 782 782 0 933 933 0 779 779 0 779 779 0 933 933 0 932 932 0 784 784 0 934 934 0 782 782 0 782 782 0 934 934 0 933 933 0 786 786 0 935 935 0 784 784 0 784 784 0 935 935 0 934 934 0 788 788 0 936 936 0 786 786 0 786 786 0 936 936 0 935 935 0 790 790 0 938 938 0 937 937 0 790 790 0 937 937 0 788 788 0 788 788 0 937 937 0 936 936 0 938 938 0 940 940 0 939 939 0 937 937 0 938 938 0 939 939 0 939 939 0 940 940 0 941 941 0 944 944 0 942 942 0 943 943 0 944 944 0 792 792 0 791 791 0 944 944 0 791 791 0 942 942 0 942 942 0 791 791 0 945 945 0 794 794 0 946 946 0 791 791 0 791 791 0 946 946 0 945 945 0 930 930 0 796 796 0 931 931 0 930 930 0 946 946 0 796 796 0 946 946 0 794 794 0 796 796 0 780 780 0 931 931 0 796 796 0 790 790 0 797 797 0 938 938 0 798 798 0 938 938 0 797 797 0 940 940 0 938 938 0 798 798 0 940 940 0 947 947 0 941 941 0 940 940 0 798 798 0 947 947 0 798 798 0 799 799 0 947 947 0 801 801 0 948 948 0 799 799 0 799 799 0 948 948 0 947 947 0 803 803 0 950 950 0 949 949 0 803 803 0 949 949 0 801 801 0 801 801 0 949 949 0 948 948 0 949 949 0 950 950 0 951 951 0 804 804 0 952 952 0 953 953 0 805 805 0 804 804 0 953 953 0 943 943 0 807 807 0 944 944 0 943 943 0 952 952 0 807 807 0 952 952 0 804 804 0 807 807 0 792 792 0 944 944 0 807 807 0 803 803 0 808 808 0 950 950 0 950 950 0 954 954 0 951 951 0 950 950 0 808 808 0 954 954 0 808 808 0 809 809 0 954 954 0 954 954 0 809 809 0 811 811 0 955 955 0 954 954 0 811 811 0 812 812 0 956 956 0 957 957 0 813 813 0 812 812 0 957 957 0 953 953 0 812 812 0 805 805 0 956 956 0 812 812 0 953 953 0 811 811 0 958 958 0 955 955 0 815 815 0 958 958 0 811 811 0 958 958 0 815 815 0 817 817 0 959 959 0 958 958 0 817 817 0 818 818 0 960 960 0 961 961 0 819 819 0 818 818 0 961 961 0 957 957 0 818 818 0 813 813 0 960 960 0 818 818 0 957 957 0 817 817 0 962 962 0 959 959 0 821 821 0 962 962 0 817 817 0 962 962 0 821 821 0 823 823 0 963 963 0 962 962 0 823 823 0 824 824 0 964 964 0 965 965 0 825 825 0 824 824 0 965 965 0 961 961 0 824 824 0 819 819 0 964 964 0 824 824 0 961 961 0 823 823 0 966 966 0 963 963 0 827 827 0 966 966 0 823 823 0 966 966 0 827 827 0 829 829 0 967 967 0 966 966 0 829 829 0 970 970 0 968 968 0 969 969 0 970 970 0 965 965 0 968 968 0 970 970 0 830 830 0 965 965 0 830 830 0 825 825 0 965 965 0 971 971 0 831 831 0 972 972 0 971 971 0 967 967 0 831 831 0 967 967 0 829 829 0 831 831 0 971 971 0 972 972 0 973 973 0 832 832 0 970 970 0 969 969 0 832 832 0 969 969 0 833 833 0 833 833 0 969 969 0 974 974 0 830 830 0 970 970 0 832 832 0 831 831 0 835 835 0 972 972 0 972 972 0 835 835 0 837 837 0 972 972 0 837 837 0 973 973 0 973 973 0 837 837 0 975 975 0 833 833 0 974 974 0 838 838 0 974 974 0 976 976 0 838 838 0 977 977 0 839 839 0 978 978 0 977 977 0 975 975 0 839 839 0 975 975 0 837 837 0 839 839 0 977 977 0 978 978 0 979 979 0 982 982 0 980 980 0 981 981 0 982 982 0 976 976 0 980 980 0 982 982 0 840 840 0 976 976 0 840 840 0 838 838 0 976 976 0 839 839 0 841 841 0 978 978 0 978 978 0 841 841 0 843 843 0 978 978 0 843 843 0 979 979 0 979 979 0 843 843 0 983 983 0 844 844 0 982 982 0 981 981 0 844 844 0 981 981 0 845 845 0 845 845 0 981 981 0 984 984 0 840 840 0 982 982 0 844 844 0 843 843 0 848 848 0 983 983 0 983 983 0 848 848 0 985 985 0 845 845 0 984 984 0 849 849 0 984 984 0 986 986 0 849 849 0 848 848 0 851 851 0 985 985 0 985 985 0 851 851 0 987 987 0 849 849 0 986 986 0 852 852 0 986 986 0 988 988 0 852 852 0 851 851 0 854 854 0 987 987 0 987 987 0 854 854 0 989 989 0 852 852 0 988 988 0 855 855 0 988 988 0 990 990 0 855 855 0 854 854 0 857 857 0 989 989 0 989 989 0 857 857 0 991 991 0 855 855 0 990 990 0 858 858 0 990 990 0 992 992 0 858 858 0 857 857 0 860 860 0 991 991 0 991 991 0 860 860 0 993 993 0 858 858 0 992 992 0 861 861 0 992 992 0 994 994 0 861 861 0 860 860 0 864 864 0 993 993 0 993 993 0 864 864 0 995 995 0 997 997 0 865 865 0 861 861 0 997 997 0 861 861 0 996 996 0 996 996 0 861 861 0 994 994 0 865 865 0 997 997 0 866 866 0 864 864 0 868 868 0 995 995 0 995 995 0 868 868 0 998 998 0 997 997 0 996 996 0 999 999 0 999 999 0 866 866 0 997 997 0 999 999 0 1000 1000 0 866 866 0 1000 1000 0 869 869 0 866 866 0 870 870 0 871 871 0 1001 1001 0 870 870 0 1001 1001 0 1002 1002 0 870 870 0 1002 1002 0 868 868 0 868 868 0 1002 1002 0 998 998 0 869 869 0 1000 1000 0 872 872 0 1000 1000 0 1003 1003 0 872 872 0 1001 1001 0 1005 1005 0 1004 1004 0 1001 1001 0 871 871 0 1005 1005 0 871 871 0 875 875 0 1005 1005 0 1002 1002 0 1001 1001 0 1004 1004 0 1007 1007 0 876 876 0 872 872 0 1007 1007 0 872 872 0 1006 1006 0 1006 1006 0 872 872 0 1003 1003 0 876 876 0 1007 1007 0 877 877 0 879 879 0 880 880 0 1008 1008 0 879 879 0 1008 1008 0 1009 1009 0 879 879 0 1009 1009 0 875 875 0 875 875 0 1009 1009 0 1005 1005 0 1007 1007 0 1006 1006 0 1010 1010 0 1010 1010 0 877 877 0 1007 1007 0 1010 1010 0 1011 1011 0 877 877 0 1011 1011 0 881 881 0 877 877 0 1008 1008 0 1013 1013 0 1012 1012 0 1008 1008 0 880 880 0 1013 1013 0 880 880 0 884 884 0 1013 1013 0 1009 1009 0 1008 1008 0 1012 1012 0 881 881 0 1011 1011 0 1014 1014 0 885 885 0 881 881 0 1014 1014 0 1014 1014 0 886 886 0 885 885 0 1015 1015 0 886 886 0 1014 1014 0 889 889 0 1017 1017 0 1016 1016 0 890 890 0 1017 1017 0 889 889 0 1013 1013 0 884 884 0 889 889 0 1016 1016 0 1013 1013 0 889 889 0 1019 1019 0 891 891 0 886 886 0 1019 1019 0 886 886 0 1018 1018 0 1018 1018 0 886 886 0 1015 1015 0 891 891 0 1019 1019 0 892 892 0 895 895 0 1021 1021 0 1020 1020 0 896 896 0 1021 1021 0 895 895 0 1017 1017 0 890 890 0 895 895 0 1020 1020 0 1017 1017 0 895 895 0 1019 1019 0 1018 1018 0 1022 1022 0 892 892 0 1019 1019 0 1022 1022 0 892 892 0 1022 1022 0 897 897 0 897 897 0 1022 1022 0 1023 1023 0 1023 1023 0 898 898 0 897 897 0 1024 1024 0 898 898 0 1023 1023 0 901 901 0 1026 1026 0 1025 1025 0 902 902 0 1026 1026 0 901 901 0 1021 1021 0 896 896 0 901 901 0 1025 1025 0 1021 1021 0 901 901 0 898 898 0 1024 1024 0 1027 1027 0 903 903 0 898 898 0 1027 1027 0 1029 1029 0 1027 1027 0 1028 1028 0 1029 1029 0 904 904 0 1027 1027 0 904 904 0 903 903 0 1027 1027 0 904 904 0 1029 1029 0 905 905 0 908 908 0 909 909 0 1030 1030 0 1032 1032 0 908 908 0 1030 1030 0 1032 1032 0 1031 1031 0 908 908 0 1031 1031 0 910 910 0 908 908 0 1026 1026 0 902 902 0 910 910 0 1031 1031 0 1026 1026 0 910 910 0 1029 1029 0 1028 1028 0 1033 1033 0 905 905 0 1029 1029 0 1033 1033 0 905 905 0 1033 1033 0 911 911 0 911 911 0 1033 1033 0 1034 1034 0 1036 1036 0 1034 1034 0 1035 1035 0 1036 1036 0 912 912 0 1034 1034 0 912 912 0 911 911 0 1034 1034 0 912 912 0 1036 1036 0 913 913 0 918 918 0 919 919 0 1037 1037 0 1039 1039 0 918 918 0 1037 1037 0 1039 1039 0 1038 1038 0 918 918 0 1038 1038 0 920 920 0 918 918 0 1030 1030 0 909 909 0 920 920 0 1030 1030 0 920 920 0 1040 1040 0 1040 1040 0 920 920 0 1038 1038 0 1032 1032 0 1030 1030 0 1040 1040 0 1036 1036 0 1035 1035 0 1041 1041 0 913 913 0 1036 1036 0 1041 1041 0 913 913 0 1041 1041 0 921 921 0 921 921 0 1041 1041 0 1042 1042 0 922 922 0 921 921 0 1043 1043 0 921 921 0 1042 1042 0 1043 1043 0 923 923 0 922 922 0 1044 1044 0 922 922 0 1043 1043 0 1044 1044 0 1046 1046 0 1044 1044 0 1045 1045 0 1046 1046 0 924 924 0 1044 1044 0 924 924 0 923 923 0 1044 1044 0 1048 1048 0 924 924 0 1046 1046 0 1048 1048 0 1047 1047 0 924 924 0 1047 1047 0 925 925 0 924 924 0 926 926 0 925 925 0 1049 1049 0 925 925 0 1047 1047 0 1049 1049 0 927 927 0 926 926 0 1050 1050 0 926 926 0 1049 1049 0 1050 1050 0 928 928 0 927 927 0 1051 1051 0 927 927 0 1050 1050 0 1051 1051 0 1037 1037 0 919 919 0 928 928 0 1037 1037 0 928 928 0 1052 1052 0 1052 1052 0 928 928 0 1051 1051 0 1039 1039 0 1037 1037 0 1052 1052 0 1046 1046 0 1045 1045 0 1053 1053 0 1048 1048 0 1046 1046 0 1053 1053 0 1056 1056 0 1054 1054 0 1055 1055 0 1056 1056 0 930 930 0 929 929 0 1056 1056 0 929 929 0 1054 1054 0 1054 1054 0 929 929 0 1057 1057 0 932 932 0 1058 1058 0 929 929 0 929 929 0 1058 1058 0 1057 1057 0 933 933 0 1059 1059 0 932 932 0 932 932 0 1059 1059 0 1058 1058 0 934 934 0 1060 1060 0 933 933 0 933 933 0 1060 1060 0 1059 1059 0 935 935 0 1061 1061 0 934 934 0 934 934 0 1061 1061 0 1060 1060 0 936 936 0 1062 1062 0 935 935 0 935 935 0 1062 1062 0 1061 1061 0 937 937 0 1063 1063 0 936 936 0 936 936 0 1063 1063 0 1062 1062 0 939 939 0 1064 1064 0 937 937 0 937 937 0 1064 1064 0 1063 1063 0 941 941 0 1066 1066 0 1065 1065 0 941 941 0 1065 1065 0 939 939 0 939 939 0 1065 1065 0 1064 1064 0 1065 1065 0 1066 1066 0 1067 1067 0 942 942 0 1068 1068 0 1069 1069 0 943 943 0 942 942 0 1069 1069 0 945 945 0 1070 1070 0 942 942 0 942 942 0 1070 1070 0 1068 1068 0 1055 1055 0 946 946 0 1056 1056 0 1055 1055 0 1070 1070 0 946 946 0 1070 1070 0 945 945 0 946 946 0 930 930 0 1056 1056 0 946 946 0 941 941 0 947 947 0 1066 1066 0 1066 1066 0 1071 1071 0 1067 1067 0 1066 1066 0 947 947 0 1071 1071 0 947 947 0 948 948 0 1071 1071 0 949 949 0 1072 1072 0 948 948 0 948 948 0 1072 1072 0 1071 1071 0 1072 1072 0 949 949 0 951 951 0 1073 1073 0 1072 1072 0 951 951 0 1076 1076 0 1074 1074 0 1075 1075 0 1076 1076 0 953 953 0 952 952 0 1076 1076 0 952 952 0 1074 1074 0 1074 1074 0 952 952 0 1077 1077 0 1069 1069 0 952 952 0 943 943 0 1077 1077 0 952 952 0 1069 1069 0 951 951 0 1078 1078 0 1073 1073 0 954 954 0 1078 1078 0 951 951 0 1078 1078 0 954 954 0 955 955 0 1079 1079 0 1078 1078 0 955 955 0 1082 1082 0 1080 1080 0 1081 1081 0 1075 1075 0 1080 1080 0 1082 1082 0 1076 1076 0 1075 1075 0 1082 1082 0 1076 1076 0 1082 1082 0 957 957 0 1076 1076 0 957 957 0 956 956 0 953 953 0 1076 1076 0 956 956 0 955 955 0 1083 1083 0 1079 1079 0 958 958 0 1083 1083 0 955 955 0 959 959 0 1085 1085 0 1084 1084 0 959 959 0 1084 1084 0 958 958 0 958 958 0 1084 1084 0 1083 1083 0 1084 1084 0 1085 1085 0 1086 1086 0 1089 1089 0 1087 1087 0 1088 1088 0 1081 1081 0 1087 1087 0 1089 1089 0 1082 1082 0 1081 1081 0 1089 1089 0 1082 1082 0 1089 1089 0 961 961 0 1082 1082 0 961 961 0 960 960 0 957 957 0 1082 1082 0 960 960 0 959 959 0 962 962 0 1085 1085 0 963 963 0 1091 1091 0 1090 1090 0 962 962 0 963 963 0 1090 1090 0 962 962 0 1090 1090 0 1086 1086 0 962 962 0 1086 1086 0 1085 1085 0 1090 1090 0 1091 1091 0 1092 1092 0 964 964 0 1089 1089 0 1088 1088 0 964 964 0 1088 1088 0 965 965 0 965 965 0 1088 1088 0 1093 1093 0 961 961 0 1089 1089 0 964 964 0 963 963 0 966 966 0 1091 1091 0 1091 1091 0 966 966 0 967 967 0 1091 1091 0 967 967 0 1092 1092 0 1092 1092 0 967 967 0 1094 1094 0 968 968 0 1095 1095 0 1096 1096 0 969 969 0 968 968 0 1096 1096 0 1093 1093 0 968 968 0 965 965 0 1095 1095 0 968 968 0 1093 1093 0 967 967 0 1097 1097 0 1094 1094 0 971 971 0 1097 1097 0 967 967 0 1097 1097 0 971 971 0 973 973 0 1098 1098 0 1097 1097 0 973 973 0 969 969 0 1096 1096 0 974 974 0 1096 1096 0 1099 1099 0 974 974 0 1100 1100 0 975 975 0 1101 1101 0 1100 1100 0 1098 1098 0 975 975 0 1098 1098 0 973 973 0 975 975 0 1100 1100 0 1101 1101 0 1102 1102 0 1105 1105 0 1103 1103 0 1104 1104 0 1105 1105 0 1099 1099 0 1103 1103 0 1105 1105 0 976 976 0 1099 1099 0 976 976 0 974 974 0 1099 1099 0 975 975 0 977 977 0 1101 1101 0 1101 1101 0 977 977 0 979 979 0 1101 1101 0 979 979 0 1102 1102 0 1102 1102 0 979 979 0 1106 1106 0 980 980 0 1105 1105 0 1104 1104 0 980 980 0 1104 1104 0 981 981 0 981 981 0 1104 1104 0 1107 1107 0 976 976 0 1105 1105 0 980 980 0 979 979 0 983 983 0 1106 1106 0 1106 1106 0 983 983 0 1108 1108 0 981 981 0 1107 1107 0 984 984 0 1107 1107 0 1109 1109 0 984 984 0 1110 1110 0 985 985 0 1111 1111 0 1110 1110 0 1108 1108 0 985 985 0 1108 1108 0 983 983 0 985 985 0 1110 1110 0 1111 1111 0 1112 1112 0 984 984 0 1109 1109 0 986 986 0 1109 1109 0 1113 1113 0 986 986 0 1111 1111 0 987 987 0 1114 1114 0 985 985 0 987 987 0 1111 1111 0 1115 1115 0 1112 1112 0 1111 1111 0 1114 1114 0 1115 1115 0 1111 1111 0 986 986 0 1113 1113 0 988 988 0 1113 1113 0 1116 1116 0 988 988 0 1114 1114 0 989 989 0 1117 1117 0 987 987 0 989 989 0 1114 1114 0 1118 1118 0 1115 1115 0 1114 1114 0 1117 1117 0 1118 1118 0 1114 1114 0 988 988 0 1116 1116 0 990 990 0 1116 1116 0 1119 1119 0 990 990 0 1117 1117 0 991 991 0 1120 1120 0 989 989 0 991 991 0 1117 1117 0 1121 1121 0 1118 1118 0 1117 1117 0 1120 1120 0 1121 1121 0 1117 1117 0 990 990 0 1119 1119 0 992 992 0 1119 1119 0 1122 1122 0 992 992 0 1120 1120 0 993 993 0 1123 1123 0 991 991 0 993 993 0 1120 1120 0 1124 1124 0 1121 1121 0 1120 1120 0 1123 1123 0 1124 1124 0 1120 1120 0 992 992 0 1122 1122 0 994 994 0 1122 1122 0 1125 1125 0 994 994 0 1123 1123 0 1127 1127 0 1126 1126 0 1123 1123 0 993 993 0 1127 1127 0 993 993 0 995 995 0 1127 1127 0 1124 1124 0 1123 1123 0 1126 1126 0 994 994 0 1125 1125 0 996 996 0 1125 1125 0 1128 1128 0 996 996 0 995 995 0 998 998 0 1127 1127 0 1127 1127 0 998 998 0 1129 1129 0 1131 1131 0 999 999 0 996 996 0 1131 1131 0 996 996 0 1130 1130 0 1130 1130 0 996 996 0 1128 1128 0 999 999 0 1131 1131 0 1000 1000 0 998 998 0 1002 1002 0 1129 1129 0 1129 1129 0 1002 1002 0 1132 1132 0 1131 1131 0 1130 1130 0 1133 1133 0 1133 1133 0 1000 1000 0 1131 1131 0 1133 1133 0 1134 1134 0 1000 1000 0 1134 1134 0 1003 1003 0 1000 1000 0 1004 1004 0 1136 1136 0 1135 1135 0 1005 1005 0 1136 1136 0 1004 1004 0 1132 1132 0 1002 1002 0 1004 1004 0 1135 1135 0 1132 1132 0 1004 1004 0 1003 1003 0 1134 1134 0 1006 1006 0 1134 1134 0 1137 1137 0 1006 1006 0 1005 1005 0 1009 1009 0 1136 1136 0 1136 1136 0 1009 1009 0 1138 1138 0 1006 1006 0 1137 1137 0 1139 1139 0 1010 1010 0 1006 1006 0 1139 1139 0 1139 1139 0 1011 1011 0 1010 1010 0 1140 1140 0 1011 1011 0 1139 1139 0 1012 1012 0 1142 1142 0 1141 1141 0 1013 1013 0 1142 1142 0 1012 1012 0 1138 1138 0 1009 1009 0 1012 1012 0 1141 1141 0 1138 1138 0 1012 1012 0 1144 1144 0 1014 1014 0 1011 1011 0 1144 1144 0 1011 1011 0 1143 1143 0 1143 1143 0 1011 1011 0 1140 1140 0 1014 1014 0 1144 1144 0 1015 1015 0 1016 1016 0 1017 1017 0 1145 1145 0 1016 1016 0 1145 1145 0 1146 1146 0 1016 1016 0 1146 1146 0 1013 1013 0 1013 1013 0 1146 1146 0 1142 1142 0 1144 1144 0 1143 1143 0 1147 1147 0 1147 1147 0 1015 1015 0 1144 1144 0 1147 1147 0 1148 1148 0 1015 1015 0 1148 1148 0 1018 1018 0 1015 1015 0 1020 1020 0 1021 1021 0 1149 1149 0 1020 1020 0 1149 1149 0 1151 1151 0 1017 1017 0 1020 1020 0 1151 1151 0 1017 1017 0 1151 1151 0 1150 1150 0 1017 1017 0 1150 1150 0 1145 1145 0 1146 1146 0 1145 1145 0 1150 1150 0 1018 1018 0 1148 1148 0 1152 1152 0 1022 1022 0 1018 1018 0 1152 1152 0 1154 1154 0 1152 1152 0 1153 1153 0 1154 1154 0 1023 1023 0 1152 1152 0 1023 1023 0 1022 1022 0 1152 1152 0 1023 1023 0 1154 1154 0 1024 1024 0 1025 1025 0 1026 1026 0 1155 1155 0 1025 1025 0 1155 1155 0 1157 1157 0 1021 1021 0 1025 1025 0 1157 1157 0 1021 1021 0 1157 1157 0 1156 1156 0 1021 1021 0 1156 1156 0 1149 1149 0 1151 1151 0 1149 1149 0 1156 1156 0 1154 1154 0 1153 1153 0 1158 1158 0 1024 1024 0 1154 1154 0 1158 1158 0 1024 1024 0 1158 1158 0 1027 1027 0 1027 1027 0 1158 1158 0 1159 1159 0 1159 1159 0 1028 1028 0 1027 1027 0 1160 1160 0 1028 1028 0 1159 1159 0 1031 1031 0 1162 1162 0 1161 1161 0 1032 1032 0 1162 1162 0 1031 1031 0 1155 1155 0 1026 1026 0 1031 1031 0 1155 1155 0 1031 1031 0 1163 1163 0 1163 1163 0 1031 1031 0 1161 1161 0 1157 1157 0 1155 1155 0 1163 1163 0 1028 1028 0 1160 1160 0 1164 1164 0 1033 1033 0 1028 1028 0 1164 1164 0 1166 1166 0 1164 1164 0 1165 1165 0 1166 1166 0 1034 1034 0 1164 1164 0 1034 1034 0 1033 1033 0 1164 1164 0 1034 1034 0 1166 1166 0 1035 1035 0 1038 1038 0 1168 1168 0 1167 1167 0 1039 1039 0 1168 1168 0 1038 1038 0 1040 1040 0 1038 1038 0 1169 1169 0 1038 1038 0 1167 1167 0 1169 1169 0 1162 1162 0 1032 1032 0 1040 1040 0 1169 1169 0 1162 1162 0 1040 1040 0 1166 1166 0 1165 1165 0 1170 1170 0 1035 1035 0 1166 1166 0 1170 1170 0 1035 1035 0 1170 1170 0 1041 1041 0 1041 1041 0 1170 1170 0 1171 1171 0 1042 1042 0 1041 1041 0 1172 1172 0 1041 1041 0 1171 1171 0 1172 1172 0 1174 1174 0 1172 1172 0 1173 1173 0 1174 1174 0 1043 1043 0 1172 1172 0 1043 1043 0 1042 1042 0 1172 1172 0 1043 1043 0 1175 1175 0 1044 1044 0 1174 1174 0 1175 1175 0 1043 1043 0 1044 1044 0 1175 1175 0 1045 1045 0 1047 1047 0 1048 1048 0 1176 1176 0 1047 1047 0 1177 1177 0 1049 1049 0 1176 1176 0 1177 1177 0 1047 1047 0 1179 1179 0 1049 1049 0 1177 1177 0 1179 1179 0 1178 1178 0 1049 1049 0 1178 1178 0 1050 1050 0 1049 1049 0 1051 1051 0 1050 1050 0 1180 1180 0 1050 1050 0 1178 1178 0 1180 1180 0 1052 1052 0 1051 1051 0 1181 1181 0 1051 1051 0 1180 1180 0 1181 1181 0 1168 1168 0 1039 1039 0 1052 1052 0 1181 1181 0 1168 1168 0 1052 1052 0 1174 1174 0 1173 1173 0 1182 1182 0 1175 1175 0 1174 1174 0 1182 1182 0 1183 1183 0 1175 1175 0 1182 1182 0 1045 1045 0 1175 1175 0 1183 1183 0 1045 1045 0 1183 1183 0 1053 1053 0 1053 1053 0 1183 1183 0 1184 1184 0 1176 1176 0 1048 1048 0 1053 1053 0 1176 1176 0 1053 1053 0 1185 1185 0 1185 1185 0 1053 1053 0 1184 1184 0 1177 1177 0 1176 1176 0 1185 1185 0 1186 1186 0 1177 1177 0 1185 1185 0 1179 1179 0 1177 1177 0 1186 1186 0 1189 1189 0 1187 1187 0 1188 1188 0 1189 1189 0 1191 1191 0 1190 1190 0 1187 1187 0 1189 1189 0 1190 1190 0 1190 1190 0 1191 1191 0 1192 1192 0 1054 1054 0 1193 1193 0 1194 1194 0 1055 1055 0 1054 1054 0 1194 1194 0 1057 1057 0 1195 1195 0 1054 1054 0 1054 1054 0 1195 1195 0 1193 1193 0 1058 1058 0 1196 1196 0 1057 1057 0 1057 1057 0 1196 1196 0 1195 1195 0 1059 1059 0 1197 1197 0 1058 1058 0 1058 1058 0 1197 1197 0 1196 1196 0 1188 1188 0 1060 1060 0 1189 1189 0 1188 1188 0 1197 1197 0 1060 1060 0 1197 1197 0 1059 1059 0 1060 1060 0 1061 1061 0 1189 1189 0 1060 1060 0 1191 1191 0 1189 1189 0 1061 1061 0 1191 1191 0 1198 1198 0 1192 1192 0 1191 1191 0 1061 1061 0 1198 1198 0 1061 1061 0 1062 1062 0 1198 1198 0 1063 1063 0 1199 1199 0 1062 1062 0 1062 1062 0 1199 1199 0 1198 1198 0 1064 1064 0 1200 1200 0 1063 1063 0 1063 1063 0 1200 1200 0 1199 1199 0 1065 1065 0 1201 1201 0 1064 1064 0 1064 1064 0 1201 1201 0 1200 1200 0 1201 1201 0 1065 1065 0 1067 1067 0 1202 1202 0 1201 1201 0 1067 1067 0 1068 1068 0 1203 1203 0 1204 1204 0 1069 1069 0 1068 1068 0 1204 1204 0 1070 1070 0 1205 1205 0 1068 1068 0 1068 1068 0 1205 1205 0 1203 1203 0 1194 1194 0 1070 1070 0 1055 1055 0 1205 1205 0 1070 1070 0 1194 1194 0 1067 1067 0 1206 1206 0 1202 1202 0 1071 1071 0 1206 1206 0 1067 1067 0 1072 1072 0 1207 1207 0 1071 1071 0 1071 1071 0 1207 1207 0 1206 1206 0 1207 1207 0 1072 1072 0 1073 1073 0 1208 1208 0 1207 1207 0 1073 1073 0 1074 1074 0 1209 1209 0 1210 1210 0 1075 1075 0 1074 1074 0 1210 1210 0 1077 1077 0 1211 1211 0 1074 1074 0 1074 1074 0 1211 1211 0 1209 1209 0 1204 1204 0 1077 1077 0 1069 1069 0 1211 1211 0 1077 1077 0 1204 1204 0 1073 1073 0 1212 1212 0 1208 1208 0 1078 1078 0 1212 1212 0 1073 1073 0 1079 1079 0 1214 1214 0 1213 1213 0 1079 1079 0 1213 1213 0 1078 1078 0 1078 1078 0 1213 1213 0 1212 1212 0 1213 1213 0 1214 1214 0 1215 1215 0 1080 1080 0 1216 1216 0 1217 1217 0 1081 1081 0 1080 1080 0 1217 1217 0 1210 1210 0 1080 1080 0 1075 1075 0 1216 1216 0 1080 1080 0 1210 1210 0 1079 1079 0 1083 1083 0 1214 1214 0 1214 1214 0 1218 1218 0 1215 1215 0 1214 1214 0 1083 1083 0 1218 1218 0 1083 1083 0 1084 1084 0 1218 1218 0 1218 1218 0 1084 1084 0 1086 1086 0 1219 1219 0 1218 1218 0 1086 1086 0 1087 1087 0 1220 1220 0 1221 1221 0 1088 1088 0 1087 1087 0 1221 1221 0 1217 1217 0 1087 1087 0 1081 1081 0 1220 1220 0 1087 1087 0 1217 1217 0 1086 1086 0 1222 1222 0 1219 1219 0 1090 1090 0 1222 1222 0 1086 1086 0 1222 1222 0 1090 1090 0 1092 1092 0 1223 1223 0 1222 1222 0 1092 1092 0 1088 1088 0 1221 1221 0 1093 1093 0 1221 1221 0 1224 1224 0 1093 1093 0 1225 1225 0 1094 1094 0 1226 1226 0 1225 1225 0 1223 1223 0 1094 1094 0 1223 1223 0 1092 1092 0 1094 1094 0 1225 1225 0 1226 1226 0 1227 1227 0 1095 1095 0 1228 1228 0 1229 1229 0 1096 1096 0 1095 1095 0 1229 1229 0 1224 1224 0 1095 1095 0 1093 1093 0 1228 1228 0 1095 1095 0 1224 1224 0 1094 1094 0 1097 1097 0 1226 1226 0 1226 1226 0 1097 1097 0 1098 1098 0 1226 1226 0 1098 1098 0 1227 1227 0 1227 1227 0 1098 1098 0 1230 1230 0 1096 1096 0 1229 1229 0 1099 1099 0 1229 1229 0 1231 1231 0 1099 1099 0 1098 1098 0 1232 1232 0 1230 1230 0 1100 1100 0 1232 1232 0 1098 1098 0 1232 1232 0 1100 1100 0 1102 1102 0 1233 1233 0 1232 1232 0 1102 1102 0 1103 1103 0 1234 1234 0 1235 1235 0 1104 1104 0 1103 1103 0 1235 1235 0 1231 1231 0 1103 1103 0 1099 1099 0 1234 1234 0 1103 1103 0 1231 1231 0 1102 1102 0 1106 1106 0 1233 1233 0 1233 1233 0 1106 1106 0 1236 1236 0 1104 1104 0 1235 1235 0 1107 1107 0 1235 1235 0 1237 1237 0 1107 1107 0 1106 1106 0 1108 1108 0 1236 1236 0 1236 1236 0 1108 1108 0 1238 1238 0 1107 1107 0 1237 1237 0 1109 1109 0 1237 1237 0 1239 1239 0 1109 1109 0 1108 1108 0 1240 1240 0 1238 1238 0 1110 1110 0 1240 1240 0 1108 1108 0 1240 1240 0 1110 1110 0 1112 1112 0 1241 1241 0 1240 1240 0 1112 1112 0 1109 1109 0 1239 1239 0 1113 1113 0 1239 1239 0 1242 1242 0 1113 1113 0 1112 1112 0 1115 1115 0 1241 1241 0 1241 1241 0 1115 1115 0 1243 1243 0 1246 1246 0 1244 1244 0 1245 1245 0 1246 1246 0 1242 1242 0 1244 1244 0 1246 1246 0 1116 1116 0 1242 1242 0 1116 1116 0 1113 1113 0 1242 1242 0 1115 1115 0 1118 1118 0 1243 1243 0 1243 1243 0 1118 1118 0 1247 1247 0 1249 1249 0 1246 1246 0 1245 1245 0 1248 1248 0 1249 1249 0 1245 1245 0 1116 1116 0 1249 1249 0 1119 1119 0 1246 1246 0 1249 1249 0 1116 1116 0 1118 1118 0 1121 1121 0 1247 1247 0 1247 1247 0 1121 1121 0 1250 1250 0 1249 1249 0 1248 1248 0 1251 1251 0 1251 1251 0 1119 1119 0 1249 1249 0 1251 1251 0 1252 1252 0 1119 1119 0 1252 1252 0 1122 1122 0 1119 1119 0 1121 1121 0 1124 1124 0 1250 1250 0 1250 1250 0 1124 1124 0 1253 1253 0 1122 1122 0 1252 1252 0 1125 1125 0 1252 1252 0 1254 1254 0 1125 1125 0 1126 1126 0 1127 1127 0 1255 1255 0 1126 1126 0 1255 1255 0 1256 1256 0 1126 1126 0 1256 1256 0 1124 1124 0 1124 1124 0 1256 1256 0 1253 1253 0 1125 1125 0 1254 1254 0 1128 1128 0 1254 1254 0 1257 1257 0 1128 1128 0 1255 1255 0 1259 1259 0 1258 1258 0 1255 1255 0 1127 1127 0 1259 1259 0 1127 1127 0 1129 1129 0 1259 1259 0 1256 1256 0 1255 1255 0 1258 1258 0 1128 1128 0 1257 1257 0 1130 1130 0 1257 1257 0 1260 1260 0 1130 1130 0 1129 1129 0 1132 1132 0 1259 1259 0 1259 1259 0 1132 1132 0 1261 1261 0 1130 1130 0 1260 1260 0 1262 1262 0 1133 1133 0 1130 1130 0 1262 1262 0 1262 1262 0 1134 1134 0 1133 1133 0 1263 1263 0 1134 1134 0 1262 1262 0 1135 1135 0 1136 1136 0 1264 1264 0 1135 1135 0 1264 1264 0 1265 1265 0 1135 1135 0 1265 1265 0 1132 1132 0 1132 1132 0 1265 1265 0 1261 1261 0 1134 1134 0 1263 1263 0 1137 1137 0 1263 1263 0 1266 1266 0 1137 1137 0 1264 1264 0 1268 1268 0 1267 1267 0 1264 1264 0 1136 1136 0 1268 1268 0 1136 1136 0 1138 1138 0 1268 1268 0 1265 1265 0 1264 1264 0 1267 1267 0 1270 1270 0 1139 1139 0 1137 1137 0 1270 1270 0 1137 1137 0 1269 1269 0 1269 1269 0 1137 1137 0 1266 1266 0 1139 1139 0 1270 1270 0 1140 1140 0 1141 1141 0 1142 1142 0 1271 1271 0 1141 1141 0 1271 1271 0 1272 1272 0 1141 1141 0 1272 1272 0 1138 1138 0 1138 1138 0 1272 1272 0 1268 1268 0 1270 1270 0 1269 1269 0 1273 1273 0 1273 1273 0 1140 1140 0 1270 1270 0 1273 1273 0 1274 1274 0 1140 1140 0 1274 1274 0 1143 1143 0 1140 1140 0 1271 1271 0 1276 1276 0 1275 1275 0 1271 1271 0 1142 1142 0 1276 1276 0 1142 1142 0 1146 1146 0 1276 1276 0 1272 1272 0 1271 1271 0 1275 1275 0 1143 1143 0 1274 1274 0 1277 1277 0 1147 1147 0 1143 1143 0 1277 1277 0 1277 1277 0 1148 1148 0 1147 1147 0 1278 1278 0 1148 1148 0 1277 1277 0 1150 1150 0 1280 1280 0 1279 1279 0 1151 1151 0 1280 1280 0 1150 1150 0 1276 1276 0 1146 1146 0 1150 1150 0 1279 1279 0 1276 1276 0 1150 1150 0 1148 1148 0 1278 1278 0 1281 1281 0 1152 1152 0 1148 1148 0 1281 1281 0 1281 1281 0 1153 1153 0 1152 1152 0 1282 1282 0 1153 1153 0 1281 1281 0 1156 1156 0 1284 1284 0 1283 1283 0 1157 1157 0 1284 1284 0 1156 1156 0 1280 1280 0 1151 1151 0 1156 1156 0 1283 1283 0 1280 1280 0 1156 1156 0 1153 1153 0 1282 1282 0 1285 1285 0 1158 1158 0 1153 1153 0 1285 1285 0 1287 1287 0 1285 1285 0 1286 1286 0 1287 1287 0 1159 1159 0 1285 1285 0 1159 1159 0 1158 1158 0 1285 1285 0 1159 1159 0 1287 1287 0 1160 1160 0 1161 1161 0 1162 1162 0 1288 1288 0 1290 1290 0 1161 1161 0 1288 1288 0 1290 1290 0 1289 1289 0 1161 1161 0 1289 1289 0 1163 1163 0 1161 1161 0 1284 1284 0 1157 1157 0 1163 1163 0 1289 1289 0 1284 1284 0 1163 1163 0 1287 1287 0 1286 1286 0 1291 1291 0 1160 1160 0 1287 1287 0 1291 1291 0 1160 1160 0 1291 1291 0 1164 1164 0 1164 1164 0 1291 1291 0 1292 1292 0 1292 1292 0 1165 1165 0 1164 1164 0 1293 1293 0 1165 1165 0 1292 1292 0 1167 1167 0 1168 1168 0 1294 1294 0 1296 1296 0 1167 1167 0 1294 1294 0 1296 1296 0 1295 1295 0 1167 1167 0 1295 1295 0 1169 1169 0 1167 1167 0 1288 1288 0 1162 1162 0 1169 1169 0 1288 1288 0 1169 1169 0 1297 1297 0 1297 1297 0 1169 1169 0 1295 1295 0 1290 1290 0 1288 1288 0 1297 1297 0 1165 1165 0 1293 1293 0 1298 1298 0 1170 1170 0 1165 1165 0 1298 1298 0 1171 1171 0 1170 1170 0 1299 1299 0 1170 1170 0 1298 1298 0 1299 1299 0 1172 1172 0 1171 1171 0 1300 1300 0 1171 1171 0 1299 1299 0 1300 1300 0 1300 1300 0 1173 1173 0 1172 1172 0 1301 1301 0 1173 1173 0 1300 1300 0 1178 1178 0 1179 1179 0 1302 1302 0 1304 1304 0 1178 1178 0 1302 1302 0 1304 1304 0 1303 1303 0 1178 1178 0 1303 1303 0 1180 1180 0 1178 1178 0 1181 1181 0 1180 1180 0 1305 1305 0 1180 1180 0 1303 1303 0 1305 1305 0 1294 1294 0 1168 1168 0 1181 1181 0 1294 1294 0 1181 1181 0 1306 1306 0 1306 1306 0 1181 1181 0 1305 1305 0 1296 1296 0 1294 1294 0 1306 1306 0 1173 1173 0 1301 1301 0 1307 1307 0 1182 1182 0 1173 1173 0 1307 1307 0 1183 1183 0 1182 1182 0 1308 1308 0 1182 1182 0 1307 1307 0 1308 1308 0 1184 1184 0 1183 1183 0 1309 1309 0 1183 1183 0 1308 1308 0 1309 1309 0 1185 1185 0 1184 1184 0 1310 1310 0 1184 1184 0 1309 1309 0 1310 1310 0 1186 1186 0 1185 1185 0 1311 1311 0 1185 1185 0 1310 1310 0 1311 1311 0 1302 1302 0 1179 1179 0 1186 1186 0 1302 1302 0 1186 1186 0 1312 1312 0 1312 1312 0 1186 1186 0 1311 1311 0 1304 1304 0 1302 1302 0 1312 1312 0 1315 1315 0 1313 1313 0 1314 1314 0 1315 1315 0 1188 1188 0 1187 1187 0 1315 1315 0 1187 1187 0 1313 1313 0 1313 1313 0 1187 1187 0 1316 1316 0 1190 1190 0 1317 1317 0 1187 1187 0 1187 1187 0 1317 1317 0 1316 1316 0 1192 1192 0 1319 1319 0 1318 1318 0 1192 1192 0 1318 1318 0 1190 1190 0 1190 1190 0 1318 1318 0 1317 1317 0 1318 1318 0 1319 1319 0 1320 1320 0 1193 1193 0 1321 1321 0 1322 1322 0 1194 1194 0 1193 1193 0 1322 1322 0 1195 1195 0 1323 1323 0 1193 1193 0 1193 1193 0 1323 1323 0 1321 1321 0 1196 1196 0 1324 1324 0 1195 1195 0 1195 1195 0 1324 1324 0 1323 1323 0 1314 1314 0 1197 1197 0 1315 1315 0 1314 1314 0 1324 1324 0 1197 1197 0 1324 1324 0 1196 1196 0 1197 1197 0 1188 1188 0 1315 1315 0 1197 1197 0 1192 1192 0 1198 1198 0 1319 1319 0 1319 1319 0 1325 1325 0 1320 1320 0 1319 1319 0 1198 1198 0 1325 1325 0 1198 1198 0 1199 1199 0 1325 1325 0 1200 1200 0 1326 1326 0 1199 1199 0 1199 1199 0 1326 1326 0 1325 1325 0 1201 1201 0 1327 1327 0 1200 1200 0 1200 1200 0 1327 1327 0 1326 1326 0 1327 1327 0 1201 1201 0 1202 1202 0 1328 1328 0 1327 1327 0 1202 1202 0 1331 1331 0 1329 1329 0 1330 1330 0 1331 1331 0 1204 1204 0 1203 1203 0 1331 1331 0 1203 1203 0 1329 1329 0 1329 1329 0 1203 1203 0 1332 1332 0 1205 1205 0 1333 1333 0 1203 1203 0 1203 1203 0 1333 1333 0 1332 1332 0 1322 1322 0 1205 1205 0 1194 1194 0 1333 1333 0 1205 1205 0 1322 1322 0 1202 1202 0 1334 1334 0 1328 1328 0 1206 1206 0 1334 1334 0 1202 1202 0 1207 1207 0 1335 1335 0 1206 1206 0 1206 1206 0 1335 1335 0 1334 1334 0 1208 1208 0 1337 1337 0 1336 1336 0 1208 1208 0 1336 1336 0 1207 1207 0 1207 1207 0 1336 1336 0 1335 1335 0 1336 1336 0 1337 1337 0 1338 1338 0 1209 1209 0 1339 1339 0 1340 1340 0 1210 1210 0 1209 1209 0 1340 1340 0 1330 1330 0 1211 1211 0 1331 1331 0 1330 1330 0 1339 1339 0 1211 1211 0 1339 1339 0 1209 1209 0 1211 1211 0 1204 1204 0 1331 1331 0 1211 1211 0 1208 1208 0 1212 1212 0 1337 1337 0 1337 1337 0 1341 1341 0 1338 1338 0 1337 1337 0 1212 1212 0 1341 1341 0 1212 1212 0 1213 1213 0 1341 1341 0 1341 1341 0 1213 1213 0 1215 1215 0 1342 1342 0 1341 1341 0 1215 1215 0 1216 1216 0 1343 1343 0 1344 1344 0 1217 1217 0 1216 1216 0 1344 1344 0 1340 1340 0 1216 1216 0 1210 1210 0 1343 1343 0 1216 1216 0 1340 1340 0 1215 1215 0 1345 1345 0 1342 1342 0 1218 1218 0 1345 1345 0 1215 1215 0 1345 1345 0 1218 1218 0 1219 1219 0 1346 1346 0 1345 1345 0 1219 1219 0 1220 1220 0 1347 1347 0 1348 1348 0 1221 1221 0 1220 1220 0 1348 1348 0 1344 1344 0 1220 1220 0 1217 1217 0 1347 1347 0 1220 1220 0 1344 1344 0 1219 1219 0 1349 1349 0 1346 1346 0 1222 1222 0 1349 1349 0 1219 1219 0 1349 1349 0 1222 1222 0 1223 1223 0 1350 1350 0 1349 1349 0 1223 1223 0 1353 1353 0 1351 1351 0 1352 1352 0 1353 1353 0 1348 1348 0 1351 1351 0 1353 1353 0 1224 1224 0 1348 1348 0 1224 1224 0 1221 1221 0 1348 1348 0 1223 1223 0 1354 1354 0 1350 1350 0 1225 1225 0 1354 1354 0 1223 1223 0 1354 1354 0 1225 1225 0 1227 1227 0 1355 1355 0 1354 1354 0 1227 1227 0 1228 1228 0 1353 1353 0 1352 1352 0 1228 1228 0 1352 1352 0 1229 1229 0 1229 1229 0 1352 1352 0 1356 1356 0 1224 1224 0 1353 1353 0 1228 1228 0 1227 1227 0 1230 1230 0 1355 1355 0 1355 1355 0 1230 1230 0 1357 1357 0 1229 1229 0 1356 1356 0 1231 1231 0 1356 1356 0 1358 1358 0 1231 1231 0 1230 1230 0 1359 1359 0 1357 1357 0 1232 1232 0 1359 1359 0 1230 1230 0 1359 1359 0 1232 1232 0 1233 1233 0 1360 1360 0 1359 1359 0 1233 1233 0 1234 1234 0 1361 1361 0 1362 1362 0 1235 1235 0 1234 1234 0 1362 1362 0 1358 1358 0 1234 1234 0 1231 1231 0 1361 1361 0 1234 1234 0 1358 1358 0 1233 1233 0 1236 1236 0 1360 1360 0 1360 1360 0 1236 1236 0 1363 1363 0 1235 1235 0 1362 1362 0 1237 1237 0 1362 1362 0 1364 1364 0 1237 1237 0 1236 1236 0 1238 1238 0 1363 1363 0 1363 1363 0 1238 1238 0 1365 1365 0 1237 1237 0 1364 1364 0 1239 1239 0 1364 1364 0 1366 1366 0 1239 1239 0 1238 1238 0 1367 1367 0 1365 1365 0 1240 1240 0 1367 1367 0 1238 1238 0 1367 1367 0 1240 1240 0 1241 1241 0 1368 1368 0 1367 1367 0 1241 1241 0 1371 1371 0 1369 1369 0 1370 1370 0 1371 1371 0 1366 1366 0 1369 1369 0 1371 1371 0 1242 1242 0 1366 1366 0 1242 1242 0 1239 1239 0 1366 1366 0 1241 1241 0 1243 1243 0 1368 1368 0 1368 1368 0 1243 1243 0 1372 1372 0 1244 1244 0 1371 1371 0 1370 1370 0 1244 1244 0 1370 1370 0 1245 1245 0 1245 1245 0 1370 1370 0 1373 1373 0 1242 1242 0 1371 1371 0 1244 1244 0 1243 1243 0 1247 1247 0 1372 1372 0 1372 1372 0 1247 1247 0 1374 1374 0 1245 1245 0 1373 1373 0 1248 1248 0 1373 1373 0 1375 1375 0 1248 1248 0 1247 1247 0 1250 1250 0 1374 1374 0 1374 1374 0 1250 1250 0 1376 1376 0 1378 1378 0 1251 1251 0 1248 1248 0 1378 1378 0 1248 1248 0 1377 1377 0 1377 1377 0 1248 1248 0 1375 1375 0 1251 1251 0 1378 1378 0 1252 1252 0 1250 1250 0 1253 1253 0 1376 1376 0 1376 1376 0 1253 1253 0 1379 1379 0 1378 1378 0 1377 1377 0 1380 1380 0 1380 1380 0 1252 1252 0 1378 1378 0 1380 1380 0 1381 1381 0 1252 1252 0 1381 1381 0 1254 1254 0 1252 1252 0 1253 1253 0 1256 1256 0 1379 1379 0 1379 1379 0 1256 1256 0 1382 1382 0 1254 1254 0 1381 1381 0 1257 1257 0 1381 1381 0 1383 1383 0 1257 1257 0 1258 1258 0 1385 1385 0 1384 1384 0 1259 1259 0 1385 1385 0 1258 1258 0 1382 1382 0 1256 1256 0 1258 1258 0 1384 1384 0 1382 1382 0 1258 1258 0 1257 1257 0 1383 1383 0 1260 1260 0 1383 1383 0 1386 1386 0 1260 1260 0 1259 1259 0 1261 1261 0 1385 1385 0 1385 1385 0 1261 1261 0 1387 1387 0 1260 1260 0 1386 1386 0 1388 1388 0 1262 1262 0 1260 1260 0 1388 1388 0 1388 1388 0 1263 1263 0 1262 1262 0 1389 1389 0 1263 1263 0 1388 1388 0 1261 1261 0 1265 1265 0 1387 1387 0 1387 1387 0 1265 1265 0 1390 1390 0 1263 1263 0 1389 1389 0 1266 1266 0 1389 1389 0 1391 1391 0 1266 1266 0 1267 1267 0 1393 1393 0 1392 1392 0 1268 1268 0 1393 1393 0 1267 1267 0 1390 1390 0 1265 1265 0 1267 1267 0 1392 1392 0 1390 1390 0 1267 1267 0 1266 1266 0 1391 1391 0 1269 1269 0 1391 1391 0 1394 1394 0 1269 1269 0 1268 1268 0 1272 1272 0 1393 1393 0 1393 1393 0 1272 1272 0 1395 1395 0 1269 1269 0 1394 1394 0 1396 1396 0 1273 1273 0 1269 1269 0 1396 1396 0 1396 1396 0 1274 1274 0 1273 1273 0 1397 1397 0 1274 1274 0 1396 1396 0 1275 1275 0 1399 1399 0 1398 1398 0 1276 1276 0 1399 1399 0 1275 1275 0 1395 1395 0 1272 1272 0 1275 1275 0 1398 1398 0 1395 1395 0 1275 1275 0 1274 1274 0 1397 1397 0 1400 1400 0 1277 1277 0 1274 1274 0 1400 1400 0 1400 1400 0 1278 1278 0 1277 1277 0 1401 1401 0 1278 1278 0 1400 1400 0 1279 1279 0 1403 1403 0 1402 1402 0 1280 1280 0 1403 1403 0 1279 1279 0 1399 1399 0 1276 1276 0 1279 1279 0 1402 1402 0 1399 1399 0 1279 1279 0 1278 1278 0 1401 1401 0 1404 1404 0 1281 1281 0 1278 1278 0 1404 1404 0 1404 1404 0 1282 1282 0 1281 1281 0 1405 1405 0 1282 1282 0 1404 1404 0 1283 1283 0 1407 1407 0 1406 1406 0 1284 1284 0 1407 1407 0 1283 1283 0 1403 1403 0 1280 1280 0 1283 1283 0 1406 1406 0 1403 1403 0 1283 1283 0 1282 1282 0 1405 1405 0 1408 1408 0 1285 1285 0 1282 1282 0 1408 1408 0 1408 1408 0 1286 1286 0 1285 1285 0 1409 1409 0 1286 1286 0 1408 1408 0 1289 1289 0 1411 1411 0 1410 1410 0 1290 1290 0 1411 1411 0 1289 1289 0 1407 1407 0 1284 1284 0 1289 1289 0 1410 1410 0 1407 1407 0 1289 1289 0 1286 1286 0 1409 1409 0 1412 1412 0 1291 1291 0 1286 1286 0 1412 1412 0 1292 1292 0 1291 1291 0 1413 1413 0 1291 1291 0 1412 1412 0 1413 1413 0 1413 1413 0 1293 1293 0 1292 1292 0 1414 1414 0 1293 1293 0 1413 1413 0 1295 1295 0 1416 1416 0 1415 1415 0 1296 1296 0 1416 1416 0 1295 1295 0 1297 1297 0 1295 1295 0 1417 1417 0 1295 1295 0 1415 1415 0 1417 1417 0 1411 1411 0 1290 1290 0 1297 1297 0 1417 1417 0 1411 1411 0 1297 1297 0 1293 1293 0 1414 1414 0 1418 1418 0 1298 1298 0 1293 1293 0 1418 1418 0 1299 1299 0 1298 1298 0 1419 1419 0 1298 1298 0 1418 1418 0 1419 1419 0 1300 1300 0 1299 1299 0 1420 1420 0 1299 1299 0 1419 1419 0 1420 1420 0 1420 1420 0 1301 1301 0 1300 1300 0 1421 1421 0 1301 1301 0 1420 1420 0 1303 1303 0 1423 1423 0 1422 1422 0 1304 1304 0 1423 1423 0 1303 1303 0 1305 1305 0 1303 1303 0 1424 1424 0 1303 1303 0 1422 1422 0 1424 1424 0 1306 1306 0 1305 1305 0 1425 1425 0 1305 1305 0 1424 1424 0 1425 1425 0 1416 1416 0 1296 1296 0 1306 1306 0 1425 1425 0 1416 1416 0 1306 1306 0 1301 1301 0 1421 1421 0 1426 1426 0 1307 1307 0 1301 1301 0 1426 1426 0 1308 1308 0 1307 1307 0 1427 1427 0 1307 1307 0 1426 1426 0 1427 1427 0 1309 1309 0 1308 1308 0 1428 1428 0 1308 1308 0 1427 1427 0 1428 1428 0 1310 1310 0 1309 1309 0 1429 1429 0 1309 1309 0 1428 1428 0 1429 1429 0 1311 1311 0 1310 1310 0 1430 1430 0 1310 1310 0 1429 1429 0 1430 1430 0 1312 1312 0 1311 1311 0 1431 1431 0 1311 1311 0 1430 1430 0 1431 1431 0 1423 1423 0 1304 1304 0 1312 1312 0 1431 1431 0 1423 1423 0 1312 1312 0 1313 1313 0 1432 1432 0 1433 1433 0 1314 1314 0 1313 1313 0 1433 1433 0 1316 1316 0 1434 1434 0 1313 1313 0 1313 1313 0 1434 1434 0 1432 1432 0 1317 1317 0 1435 1435 0 1316 1316 0 1316 1316 0 1435 1435 0 1434 1434 0 1318 1318 0 1436 1436 0 1317 1317 0 1317 1317 0 1436 1436 0 1435 1435 0 1436 1436 0 1318 1318 0 1320 1320 0 1437 1437 0 1436 1436 0 1320 1320 0 1321 1321 0 1438 1438 0 1439 1439 0 1322 1322 0 1321 1321 0 1439 1439 0 1323 1323 0 1440 1440 0 1321 1321 0 1321 1321 0 1440 1440 0 1438 1438 0 1324 1324 0 1441 1441 0 1323 1323 0 1323 1323 0 1441 1441 0 1440 1440 0 1433 1433 0 1324 1324 0 1314 1314 0 1441 1441 0 1324 1324 0 1433 1433 0 1320 1320 0 1442 1442 0 1437 1437 0 1325 1325 0 1442 1442 0 1320 1320 0 1326 1326 0 1443 1443 0 1325 1325 0 1325 1325 0 1443 1443 0 1442 1442 0 1327 1327 0 1444 1444 0 1326 1326 0 1326 1326 0 1444 1444 0 1443 1443 0 1444 1444 0 1327 1327 0 1328 1328 0 1445 1445 0 1444 1444 0 1328 1328 0 1329 1329 0 1446 1446 0 1447 1447 0 1330 1330 0 1329 1329 0 1447 1447 0 1332 1332 0 1448 1448 0 1329 1329 0 1329 1329 0 1448 1448 0 1446 1446 0 1333 1333 0 1449 1449 0 1332 1332 0 1332 1332 0 1449 1449 0 1448 1448 0 1439 1439 0 1333 1333 0 1322 1322 0 1449 1449 0 1333 1333 0 1439 1439 0 1328 1328 0 1450 1450 0 1445 1445 0 1334 1334 0 1450 1450 0 1328 1328 0 1335 1335 0 1451 1451 0 1334 1334 0 1334 1334 0 1451 1451 0 1450 1450 0 1336 1336 0 1452 1452 0 1335 1335 0 1335 1335 0 1452 1452 0 1451 1451 0 1452 1452 0 1336 1336 0 1338 1338 0 1453 1453 0 1452 1452 0 1338 1338 0 1339 1339 0 1454 1454 0 1455 1455 0 1340 1340 0 1339 1339 0 1455 1455 0 1447 1447 0 1339 1339 0 1330 1330 0 1454 1454 0 1339 1339 0 1447 1447 0 1338 1338 0 1456 1456 0 1453 1453 0 1341 1341 0 1456 1456 0 1338 1338 0 1456 1456 0 1341 1341 0 1342 1342 0 1457 1457 0 1456 1456 0 1342 1342 0 1343 1343 0 1458 1458 0 1459 1459 0 1344 1344 0 1343 1343 0 1459 1459 0 1455 1455 0 1343 1343 0 1340 1340 0 1458 1458 0 1343 1343 0 1455 1455 0 1342 1342 0 1460 1460 0 1457 1457 0 1345 1345 0 1460 1460 0 1342 1342 0 1460 1460 0 1345 1345 0 1346 1346 0 1461 1461 0 1460 1460 0 1346 1346 0 1347 1347 0 1462 1462 0 1463 1463 0 1348 1348 0 1347 1347 0 1463 1463 0 1459 1459 0 1347 1347 0 1344 1344 0 1462 1462 0 1347 1347 0 1459 1459 0 1346 1346 0 1464 1464 0 1461 1461 0 1349 1349 0 1464 1464 0 1346 1346 0 1464 1464 0 1349 1349 0 1350 1350 0 1465 1465 0 1464 1464 0 1350 1350 0 1351 1351 0 1466 1466 0 1467 1467 0 1352 1352 0 1351 1351 0 1467 1467 0 1463 1463 0 1351 1351 0 1348 1348 0 1466 1466 0 1351 1351 0 1463 1463 0 1350 1350 0 1468 1468 0 1465 1465 0 1354 1354 0 1468 1468 0 1350 1350 0 1468 1468 0 1354 1354 0 1355 1355 0 1469 1469 0 1468 1468 0 1355 1355 0 1352 1352 0 1467 1467 0 1356 1356 0 1467 1467 0 1470 1470 0 1356 1356 0 1355 1355 0 1357 1357 0 1469 1469 0 1469 1469 0 1357 1357 0 1471 1471 0 1356 1356 0 1470 1470 0 1358 1358 0 1470 1470 0 1472 1472 0 1358 1358 0 1357 1357 0 1473 1473 0 1471 1471 0 1359 1359 0 1473 1473 0 1357 1357 0 1473 1473 0 1359 1359 0 1360 1360 0 1474 1474 0 1473 1473 0 1360 1360 0 1361 1361 0 1475 1475 0 1476 1476 0 1362 1362 0 1361 1361 0 1476 1476 0 1472 1472 0 1361 1361 0 1358 1358 0 1475 1475 0 1361 1361 0 1472 1472 0 1360 1360 0 1363 1363 0 1474 1474 0 1474 1474 0 1363 1363 0 1477 1477 0 1362 1362 0 1476 1476 0 1364 1364 0 1476 1476 0 1478 1478 0 1364 1364 0 1363 1363 0 1365 1365 0 1477 1477 0 1477 1477 0 1365 1365 0 1479 1479 0 1364 1364 0 1478 1478 0 1366 1366 0 1478 1478 0 1480 1480 0 1366 1366 0 1365 1365 0 1481 1481 0 1479 1479 0 1367 1367 0 1481 1481 0 1365 1365 0 1481 1481 0 1367 1367 0 1368 1368 0 1482 1482 0 1481 1481 0 1368 1368 0 1369 1369 0 1483 1483 0 1484 1484 0 1370 1370 0 1369 1369 0 1484 1484 0 1480 1480 0 1369 1369 0 1366 1366 0 1483 1483 0 1369 1369 0 1480 1480 0 1368 1368 0 1372 1372 0 1482 1482 0 1482 1482 0 1372 1372 0 1485 1485 0 1370 1370 0 1484 1484 0 1373 1373 0 1484 1484 0 1486 1486 0 1373 1373 0 1372 1372 0 1374 1374 0 1485 1485 0 1485 1485 0 1374 1374 0 1487 1487 0 1373 1373 0 1486 1486 0 1375 1375 0 1486 1486 0 1488 1488 0 1375 1375 0 1374 1374 0 1376 1376 0 1487 1487 0 1487 1487 0 1376 1376 0 1489 1489 0 1375 1375 0 1488 1488 0 1377 1377 0 1488 1488 0 1490 1490 0 1377 1377 0 1376 1376 0 1379 1379 0 1489 1489 0 1489 1489 0 1379 1379 0 1491 1491 0 1377 1377 0 1490 1490 0 1492 1492 0 1380 1380 0 1377 1377 0 1492 1492 0 1492 1492 0 1381 1381 0 1380 1380 0 1493 1493 0 1381 1381 0 1492 1492 0 1379 1379 0 1382 1382 0 1491 1491 0 1491 1491 0 1382 1382 0 1494 1494 0 1381 1381 0 1493 1493 0 1383 1383 0 1493 1493 0 1495 1495 0 1383 1383 0 1384 1384 0 1497 1497 0 1496 1496 0 1385 1385 0 1497 1497 0 1384 1384 0 1494 1494 0 1382 1382 0 1384 1384 0 1496 1496 0 1494 1494 0 1384 1384 0 1383 1383 0 1495 1495 0 1386 1386 0 1495 1495 0 1498 1498 0 1386 1386 0 1385 1385 0 1387 1387 0 1497 1497 0 1497 1497 0 1387 1387 0 1499 1499 0 1386 1386 0 1498 1498 0 1500 1500 0 1388 1388 0 1386 1386 0 1500 1500 0 1500 1500 0 1389 1389 0 1388 1388 0 1501 1501 0 1389 1389 0 1500 1500 0 1387 1387 0 1390 1390 0 1499 1499 0 1499 1499 0 1390 1390 0 1502 1502 0 1389 1389 0 1501 1501 0 1391 1391 0 1501 1501 0 1503 1503 0 1391 1391 0 1392 1392 0 1505 1505 0 1504 1504 0 1393 1393 0 1505 1505 0 1392 1392 0 1502 1502 0 1390 1390 0 1392 1392 0 1504 1504 0 1502 1502 0 1392 1392 0 1391 1391 0 1503 1503 0 1394 1394 0 1503 1503 0 1506 1506 0 1394 1394 0 1393 1393 0 1395 1395 0 1505 1505 0 1505 1505 0 1395 1395 0 1507 1507 0 1394 1394 0 1506 1506 0 1508 1508 0 1396 1396 0 1394 1394 0 1508 1508 0 1508 1508 0 1397 1397 0 1396 1396 0 1509 1509 0 1397 1397 0 1508 1508 0 1398 1398 0 1511 1511 0 1510 1510 0 1399 1399 0 1511 1511 0 1398 1398 0 1507 1507 0 1395 1395 0 1398 1398 0 1510 1510 0 1507 1507 0 1398 1398 0 1397 1397 0 1509 1509 0 1512 1512 0 1400 1400 0 1397 1397 0 1512 1512 0 1512 1512 0 1401 1401 0 1400 1400 0 1513 1513 0 1401 1401 0 1512 1512 0 1402 1402 0 1515 1515 0 1514 1514 0 1403 1403 0 1515 1515 0 1402 1402 0 1511 1511 0 1399 1399 0 1402 1402 0 1514 1514 0 1511 1511 0 1402 1402 0 1401 1401 0 1513 1513 0 1516 1516 0 1404 1404 0 1401 1401 0 1516 1516 0 1516 1516 0 1405 1405 0 1404 1404 0 1517 1517 0 1405 1405 0 1516 1516 0 1406 1406 0 1519 1519 0 1518 1518 0 1407 1407 0 1519 1519 0 1406 1406 0 1515 1515 0 1403 1403 0 1406 1406 0 1518 1518 0 1515 1515 0 1406 1406 0 1405 1405 0 1517 1517 0 1520 1520 0 1408 1408 0 1405 1405 0 1520 1520 0 1520 1520 0 1409 1409 0 1408 1408 0 1521 1521 0 1409 1409 0 1520 1520 0 1410 1410 0 1523 1523 0 1522 1522 0 1411 1411 0 1523 1523 0 1410 1410 0 1519 1519 0 1407 1407 0 1410 1410 0 1522 1522 0 1519 1519 0 1410 1410 0 1409 1409 0 1521 1521 0 1524 1524 0 1412 1412 0 1409 1409 0 1524 1524 0 1413 1413 0 1412 1412 0 1525 1525 0 1412 1412 0 1524 1524 0 1525 1525 0 1525 1525 0 1414 1414 0 1413 1413 0 1526 1526 0 1414 1414 0 1525 1525 0 1415 1415 0 1528 1528 0 1527 1527 0 1416 1416 0 1528 1528 0 1415 1415 0 1417 1417 0 1415 1415 0 1529 1529 0 1415 1415 0 1527 1527 0 1529 1529 0 1523 1523 0 1411 1411 0 1417 1417 0 1529 1529 0 1523 1523 0 1417 1417 0 1414 1414 0 1526 1526 0 1530 1530 0 1418 1418 0 1414 1414 0 1530 1530 0 1419 1419 0 1418 1418 0 1531 1531 0 1418 1418 0 1530 1530 0 1531 1531 0 1420 1420 0 1419 1419 0 1532 1532 0 1419 1419 0 1531 1531 0 1532 1532 0 1532 1532 0 1421 1421 0 1420 1420 0 1533 1533 0 1421 1421 0 1532 1532 0 1422 1422 0 1535 1535 0 1534 1534 0 1423 1423 0 1535 1535 0 1422 1422 0 1424 1424 0 1422 1422 0 1536 1536 0 1422 1422 0 1534 1534 0 1536 1536 0 1425 1425 0 1424 1424 0 1537 1537 0 1424 1424 0 1536 1536 0 1537 1537 0 1528 1528 0 1416 1416 0 1425 1425 0 1537 1537 0 1528 1528 0 1425 1425 0 1421 1421 0 1533 1533 0 1538 1538 0 1426 1426 0 1421 1421 0 1538 1538 0 1427 1427 0 1426 1426 0 1539 1539 0 1426 1426 0 1538 1538 0 1539 1539 0 1428 1428 0 1427 1427 0 1540 1540 0 1427 1427 0 1539 1539 0 1540 1540 0 1429 1429 0 1428 1428 0 1541 1541 0 1428 1428 0 1540 1540 0 1541 1541 0 1430 1430 0 1429 1429 0 1542 1542 0 1429 1429 0 1541 1541 0 1542 1542 0 1431 1431 0 1430 1430 0 1543 1543 0 1430 1430 0 1542 1542 0 1543 1543 0 1535 1535 0 1423 1423 0 1431 1431 0 1543 1543 0 1535 1535 0 1431 1431 0 1432 1432 0 1544 1544 0 1433 1433 0 1546 1546 0 1544 1544 0 1432 1432 0 1546 1546 0 1432 1432 0 1545 1545 0 1545 1545 0 1432 1432 0 1434 1434 0 1435 1435 0 1547 1547 0 1434 1434 0 1434 1434 0 1547 1547 0 1545 1545 0 1549 1549 0 1548 1548 0 1547 1547 0 1549 1549 0 1547 1547 0 1436 1436 0 1436 1436 0 1547 1547 0 1435 1435 0 1436 1436 0 1437 1437 0 1549 1549 0 1438 1438 0 1550 1550 0 1551 1551 0 1439 1439 0 1438 1438 0 1551 1551 0 1440 1440 0 1552 1552 0 1438 1438 0 1438 1438 0 1552 1552 0 1550 1550 0 1441 1441 0 1553 1553 0 1440 1440 0 1440 1440 0 1553 1553 0 1552 1552 0 1544 1544 0 1441 1441 0 1433 1433 0 1544 1544 0 1554 1554 0 1441 1441 0 1554 1554 0 1553 1553 0 1441 1441 0 1546 1546 0 1554 1554 0 1544 1544 0 1549 1549 0 1555 1555 0 1548 1548 0 1437 1437 0 1555 1555 0 1549 1549 0 1437 1437 0 1442 1442 0 1555 1555 0 1442 1442 0 1556 1556 0 1555 1555 0 1443 1443 0 1557 1557 0 1442 1442 0 1442 1442 0 1557 1557 0 1556 1556 0 1444 1444 0 1558 1558 0 1443 1443 0 1443 1443 0 1558 1558 0 1557 1557 0 1558 1558 0 1444 1444 0 1445 1445 0 1559 1559 0 1558 1558 0 1445 1445 0 1446 1446 0 1560 1560 0 1447 1447 0 1562 1562 0 1560 1560 0 1446 1446 0 1562 1562 0 1446 1446 0 1561 1561 0 1561 1561 0 1446 1446 0 1448 1448 0 1449 1449 0 1563 1563 0 1448 1448 0 1448 1448 0 1563 1563 0 1561 1561 0 1551 1551 0 1449 1449 0 1439 1439 0 1563 1563 0 1449 1449 0 1551 1551 0 1445 1445 0 1564 1564 0 1559 1559 0 1450 1450 0 1564 1564 0 1445 1445 0 1451 1451 0 1565 1565 0 1450 1450 0 1450 1450 0 1565 1565 0 1564 1564 0 1567 1567 0 1566 1566 0 1565 1565 0 1567 1567 0 1565 1565 0 1452 1452 0 1452 1452 0 1565 1565 0 1451 1451 0 1452 1452 0 1453 1453 0 1567 1567 0 1454 1454 0 1568 1568 0 1569 1569 0 1455 1455 0 1454 1454 0 1569 1569 0 1560 1560 0 1454 1454 0 1447 1447 0 1560 1560 0 1570 1570 0 1454 1454 0 1570 1570 0 1568 1568 0 1454 1454 0 1562 1562 0 1570 1570 0 1560 1560 0 1567 1567 0 1571 1571 0 1566 1566 0 1453 1453 0 1571 1571 0 1567 1567 0 1453 1453 0 1456 1456 0 1571 1571 0 1456 1456 0 1572 1572 0 1571 1571 0 1572 1572 0 1456 1456 0 1457 1457 0 1573 1573 0 1572 1572 0 1457 1457 0 1458 1458 0 1574 1574 0 1575 1575 0 1459 1459 0 1458 1458 0 1575 1575 0 1569 1569 0 1458 1458 0 1455 1455 0 1574 1574 0 1458 1458 0 1569 1569 0 1457 1457 0 1576 1576 0 1573 1573 0 1460 1460 0 1576 1576 0 1457 1457 0 1576 1576 0 1460 1460 0 1461 1461 0 1577 1577 0 1576 1576 0 1461 1461 0 1462 1462 0 1578 1578 0 1579 1579 0 1463 1463 0 1462 1462 0 1579 1579 0 1575 1575 0 1462 1462 0 1459 1459 0 1578 1578 0 1462 1462 0 1575 1575 0 1461 1461 0 1580 1580 0 1577 1577 0 1464 1464 0 1580 1580 0 1461 1461 0 1580 1580 0 1464 1464 0 1465 1465 0 1581 1581 0 1580 1580 0 1465 1465 0 1466 1466 0 1582 1582 0 1583 1583 0 1467 1467 0 1466 1466 0 1583 1583 0 1579 1579 0 1466 1466 0 1463 1463 0 1582 1582 0 1466 1466 0 1579 1579 0 1465 1465 0 1584 1584 0 1581 1581 0 1468 1468 0 1584 1584 0 1465 1465 0 1584 1584 0 1468 1468 0 1469 1469 0 1585 1585 0 1584 1584 0 1469 1469 0 1467 1467 0 1583 1583 0 1470 1470 0 1583 1583 0 1586 1586 0 1470 1470 0 1469 1469 0 1471 1471 0 1585 1585 0 1585 1585 0 1471 1471 0 1587 1587 0 1470 1470 0 1586 1586 0 1472 1472 0 1586 1586 0 1588 1588 0 1472 1472 0 1471 1471 0 1589 1589 0 1587 1587 0 1473 1473 0 1589 1589 0 1471 1471 0 1589 1589 0 1473 1473 0 1474 1474 0 1590 1590 0 1589 1589 0 1474 1474 0 1475 1475 0 1591 1591 0 1592 1592 0 1476 1476 0 1475 1475 0 1592 1592 0 1588 1588 0 1475 1475 0 1472 1472 0 1591 1591 0 1475 1475 0 1588 1588 0 1474 1474 0 1477 1477 0 1590 1590 0 1590 1590 0 1477 1477 0 1593 1593 0 1476 1476 0 1592 1592 0 1478 1478 0 1592 1592 0 1594 1594 0 1478 1478 0 1477 1477 0 1479 1479 0 1593 1593 0 1593 1593 0 1479 1479 0 1595 1595 0 1478 1478 0 1594 1594 0 1480 1480 0 1594 1594 0 1596 1596 0 1480 1480 0 1479 1479 0 1597 1597 0 1595 1595 0 1481 1481 0 1597 1597 0 1479 1479 0 1597 1597 0 1481 1481 0 1482 1482 0 1598 1598 0 1597 1597 0 1482 1482 0 1483 1483 0 1599 1599 0 1484 1484 0 1483 1483 0 1600 1600 0 1599 1599 0 1483 1483 0 1480 1480 0 1600 1600 0 1480 1480 0 1596 1596 0 1600 1600 0 1482 1482 0 1485 1485 0 1598 1598 0 1598 1598 0 1485 1485 0 1601 1601 0 1599 1599 0 1602 1602 0 1603 1603 0 1599 1599 0 1603 1603 0 1484 1484 0 1484 1484 0 1603 1603 0 1486 1486 0 1600 1600 0 1602 1602 0 1599 1599 0 1485 1485 0 1487 1487 0 1601 1601 0 1601 1601 0 1487 1487 0 1604 1604 0 1486 1486 0 1603 1603 0 1488 1488 0 1603 1603 0 1605 1605 0 1488 1488 0 1487 1487 0 1489 1489 0 1604 1604 0 1604 1604 0 1489 1489 0 1606 1606 0 1607 1607 0 1608 1608 0 1490 1490 0 1607 1607 0 1490 1490 0 1605 1605 0 1605 1605 0 1490 1490 0 1488 1488 0 1607 1607 0 1609 1609 0 1608 1608 0 1489 1489 0 1491 1491 0 1606 1606 0 1606 1606 0 1491 1491 0 1610 1610 0 1490 1490 0 1608 1608 0 1492 1492 0 1608 1608 0 1493 1493 0 1492 1492 0 1608 1608 0 1609 1609 0 1493 1493 0 1609 1609 0 1611 1611 0 1493 1493 0 1491 1491 0 1494 1494 0 1610 1610 0 1610 1610 0 1494 1494 0 1612 1612 0 1493 1493 0 1611 1611 0 1495 1495 0 1611 1611 0 1613 1613 0 1495 1495 0 1496 1496 0 1615 1615 0 1614 1614 0 1497 1497 0 1615 1615 0 1496 1496 0 1612 1612 0 1494 1494 0 1496 1496 0 1614 1614 0 1612 1612 0 1496 1496 0 1495 1495 0 1613 1613 0 1498 1498 0 1613 1613 0 1616 1616 0 1498 1498 0 1497 1497 0 1499 1499 0 1615 1615 0 1615 1615 0 1499 1499 0 1617 1617 0 1498 1498 0 1616 1616 0 1618 1618 0 1500 1500 0 1498 1498 0 1618 1618 0 1618 1618 0 1501 1501 0 1500 1500 0 1619 1619 0 1501 1501 0 1618 1618 0 1499 1499 0 1502 1502 0 1617 1617 0 1617 1617 0 1502 1502 0 1620 1620 0 1501 1501 0 1619 1619 0 1503 1503 0 1619 1619 0 1621 1621 0 1503 1503 0 1504 1504 0 1623 1623 0 1622 1622 0 1505 1505 0 1623 1623 0 1504 1504 0 1620 1620 0 1502 1502 0 1504 1504 0 1622 1622 0 1620 1620 0 1504 1504 0 1503 1503 0 1621 1621 0 1506 1506 0 1621 1621 0 1624 1624 0 1506 1506 0 1505 1505 0 1507 1507 0 1623 1623 0 1623 1623 0 1507 1507 0 1625 1625 0 1506 1506 0 1624 1624 0 1626 1626 0 1508 1508 0 1506 1506 0 1626 1626 0 1626 1626 0 1509 1509 0 1508 1508 0 1627 1627 0 1509 1509 0 1626 1626 0 1510 1510 0 1629 1629 0 1628 1628 0 1511 1511 0 1629 1629 0 1510 1510 0 1625 1625 0 1507 1507 0 1510 1510 0 1628 1628 0 1625 1625 0 1510 1510 0 1509 1509 0 1627 1627 0 1630 1630 0 1512 1512 0 1509 1509 0 1630 1630 0 1630 1630 0 1513 1513 0 1512 1512 0 1631 1631 0 1513 1513 0 1630 1630 0 1514 1514 0 1633 1633 0 1632 1632 0 1515 1515 0 1633 1633 0 1514 1514 0 1629 1629 0 1511 1511 0 1514 1514 0 1632 1632 0 1629 1629 0 1514 1514 0 1513 1513 0 1631 1631 0 1634 1634 0 1516 1516 0 1513 1513 0 1634 1634 0 1634 1634 0 1517 1517 0 1516 1516 0 1635 1635 0 1517 1517 0 1634 1634 0 1518 1518 0 1637 1637 0 1636 1636 0 1519 1519 0 1637 1637 0 1518 1518 0 1633 1633 0 1515 1515 0 1518 1518 0 1636 1636 0 1633 1633 0 1518 1518 0 1517 1517 0 1635 1635 0 1638 1638 0 1520 1520 0 1517 1517 0 1638 1638 0 1521 1521 0 1639 1639 0 1640 1640 0 1521 1521 0 1520 1520 0 1639 1639 0 1520 1520 0 1638 1638 0 1639 1639 0 1639 1639 0 1641 1641 0 1640 1640 0 1522 1522 0 1643 1643 0 1642 1642 0 1523 1523 0 1643 1643 0 1522 1522 0 1637 1637 0 1519 1519 0 1522 1522 0 1642 1642 0 1637 1637 0 1522 1522 0 1521 1521 0 1640 1640 0 1524 1524 0 1640 1640 0 1641 1641 0 1644 1644 0 1640 1640 0 1644 1644 0 1524 1524 0 1524 1524 0 1644 1644 0 1525 1525 0 1644 1644 0 1526 1526 0 1525 1525 0 1645 1645 0 1526 1526 0 1644 1644 0 1527 1527 0 1647 1647 0 1646 1646 0 1528 1528 0 1647 1647 0 1527 1527 0 1529 1529 0 1527 1527 0 1648 1648 0 1527 1527 0 1646 1646 0 1648 1648 0 1643 1643 0 1523 1523 0 1529 1529 0 1648 1648 0 1643 1643 0 1529 1529 0 1526 1526 0 1645 1645 0 1649 1649 0 1530 1530 0 1526 1526 0 1649 1649 0 1531 1531 0 1530 1530 0 1650 1650 0 1530 1530 0 1649 1649 0 1650 1650 0 1532 1532 0 1531 1531 0 1651 1651 0 1531 1531 0 1650 1650 0 1651 1651 0 1651 1651 0 1533 1533 0 1532 1532 0 1652 1652 0 1533 1533 0 1651 1651 0 1534 1534 0 1654 1654 0 1653 1653 0 1535 1535 0 1654 1654 0 1534 1534 0 1536 1536 0 1534 1534 0 1655 1655 0 1534 1534 0 1653 1653 0 1655 1655 0 1537 1537 0 1536 1536 0 1656 1656 0 1536 1536 0 1655 1655 0 1656 1656 0 1647 1647 0 1528 1528 0 1537 1537 0 1656 1656 0 1647 1647 0 1537 1537 0 1533 1533 0 1652 1652 0 1657 1657 0 1538 1538 0 1533 1533 0 1657 1657 0 1539 1539 0 1538 1538 0 1658 1658 0 1538 1538 0 1657 1657 0 1658 1658 0 1540 1540 0 1539 1539 0 1659 1659 0 1539 1539 0 1658 1658 0 1659 1659 0 1541 1541 0 1540 1540 0 1660 1660 0 1540 1540 0 1659 1659 0 1660 1660 0 1542 1542 0 1541 1541 0 1661 1661 0 1541 1541 0 1660 1660 0 1661 1661 0 1543 1543 0 1542 1542 0 1662 1662 0 1542 1542 0 1661 1661 0 1662 1662 0 1654 1654 0 1535 1535 0 1543 1543 0 1662 1662 0 1654 1654 0 1543 1543 0 1545 1545 0 1663 1663 0 1546 1546 0 1545 1545 0 1547 1547 0 1664 1664 0 1663 1663 0 1545 1545 0 1664 1664 0 1547 1547 0 1548 1548 0 1664 1664 0 1550 1550 0 1665 1665 0 1666 1666 0 1551 1551 0 1550 1550 0 1666 1666 0 1552 1552 0 1667 1667 0 1550 1550 0 1550 1550 0 1667 1667 0 1665 1665 0 1553 1553 0 1668 1668 0 1552 1552 0 1552 1552 0 1668 1668 0 1667 1667 0 1554 1554 0 1669 1669 0 1553 1553 0 1553 1553 0 1669 1669 0 1668 1668 0 1663 1663 0 1554 1554 0 1546 1546 0 1663 1663 0 1670 1670 0 1554 1554 0 1670 1670 0 1669 1669 0 1554 1554 0 1664 1664 0 1670 1670 0 1663 1663 0 1671 1671 0 1670 1670 0 1664 1664 0 1548 1548 0 1671 1671 0 1664 1664 0 1548 1548 0 1555 1555 0 1671 1671 0 1555 1555 0 1672 1672 0 1671 1671 0 1556 1556 0 1673 1673 0 1555 1555 0 1555 1555 0 1673 1673 0 1672 1672 0 1557 1557 0 1674 1674 0 1556 1556 0 1556 1556 0 1674 1674 0 1673 1673 0 1558 1558 0 1675 1675 0 1557 1557 0 1557 1557 0 1675 1675 0 1674 1674 0 1675 1675 0 1558 1558 0 1559 1559 0 1676 1676 0 1675 1675 0 1559 1559 0 1561 1561 0 1677 1677 0 1678 1678 0 1562 1562 0 1561 1561 0 1678 1678 0 1563 1563 0 1679 1679 0 1561 1561 0 1561 1561 0 1679 1679 0 1677 1677 0 1666 1666 0 1563 1563 0 1551 1551 0 1679 1679 0 1563 1563 0 1666 1666 0 1559 1559 0 1680 1680 0 1676 1676 0 1564 1564 0 1680 1680 0 1559 1559 0 1565 1565 0 1681 1681 0 1564 1564 0 1564 1564 0 1681 1681 0 1680 1680 0 1681 1681 0 1565 1565 0 1566 1566 0 1682 1682 0 1681 1681 0 1566 1566 0 1568 1568 0 1683 1683 0 1569 1569 0 1685 1685 0 1683 1683 0 1568 1568 0 1685 1685 0 1568 1568 0 1684 1684 0 1684 1684 0 1568 1568 0 1570 1570 0 1678 1678 0 1570 1570 0 1562 1562 0 1684 1684 0 1570 1570 0 1678 1678 0 1566 1566 0 1686 1686 0 1682 1682 0 1571 1571 0 1686 1686 0 1566 1566 0 1572 1572 0 1687 1687 0 1571 1571 0 1571 1571 0 1687 1687 0 1686 1686 0 1687 1687 0 1572 1572 0 1573 1573 0 1688 1688 0 1687 1687 0 1573 1573 0 1574 1574 0 1689 1689 0 1690 1690 0 1575 1575 0 1574 1574 0 1690 1690 0 1683 1683 0 1574 1574 0 1569 1569 0 1683 1683 0 1691 1691 0 1574 1574 0 1691 1691 0 1689 1689 0 1574 1574 0 1685 1685 0 1691 1691 0 1683 1683 0 1573 1573 0 1692 1692 0 1688 1688 0 1576 1576 0 1692 1692 0 1573 1573 0 1692 1692 0 1576 1576 0 1577 1577 0 1693 1693 0 1692 1692 0 1577 1577 0 1578 1578 0 1694 1694 0 1695 1695 0 1579 1579 0 1578 1578 0 1695 1695 0 1690 1690 0 1578 1578 0 1575 1575 0 1694 1694 0 1578 1578 0 1690 1690 0 1577 1577 0 1696 1696 0 1693 1693 0 1580 1580 0 1696 1696 0 1577 1577 0 1696 1696 0 1580 1580 0 1581 1581 0 1697 1697 0 1696 1696 0 1581 1581 0 1582 1582 0 1698 1698 0 1583 1583 0 1582 1582 0 1699 1699 0 1698 1698 0 1582 1582 0 1579 1579 0 1699 1699 0 1579 1579 0 1695 1695 0 1699 1699 0 1701 1701 0 1581 1581 0 1584 1584 0 1701 1701 0 1700 1700 0 1581 1581 0 1700 1700 0 1697 1697 0 1581 1581 0 1584 1584 0 1585 1585 0 1701 1701 0 1698 1698 0 1702 1702 0 1703 1703 0 1698 1698 0 1703 1703 0 1583 1583 0 1583 1583 0 1703 1703 0 1586 1586 0 1699 1699 0 1702 1702 0 1698 1698 0 1701 1701 0 1704 1704 0 1700 1700 0 1704 1704 0 1701 1701 0 1585 1585 0 1704 1704 0 1585 1585 0 1705 1705 0 1705 1705 0 1585 1585 0 1587 1587 0 1586 1586 0 1703 1703 0 1588 1588 0 1703 1703 0 1706 1706 0 1588 1588 0 1708 1708 0 1587 1587 0 1589 1589 0 1708 1708 0 1707 1707 0 1587 1587 0 1707 1707 0 1705 1705 0 1587 1587 0 1589 1589 0 1590 1590 0 1708 1708 0 1591 1591 0 1709 1709 0 1710 1710 0 1592 1592 0 1591 1591 0 1710 1710 0 1706 1706 0 1591 1591 0 1588 1588 0 1709 1709 0 1591 1591 0 1706 1706 0 1708 1708 0 1711 1711 0 1707 1707 0 1711 1711 0 1708 1708 0 1590 1590 0 1711 1711 0 1590 1590 0 1712 1712 0 1712 1712 0 1590 1590 0 1593 1593 0 1592 1592 0 1710 1710 0 1594 1594 0 1710 1710 0 1713 1713 0 1594 1594 0 1593 1593 0 1595 1595 0 1712 1712 0 1712 1712 0 1595 1595 0 1714 1714 0 1594 1594 0 1713 1713 0 1596 1596 0 1713 1713 0 1715 1715 0 1596 1596 0 1717 1717 0 1595 1595 0 1597 1597 0 1717 1717 0 1716 1716 0 1595 1595 0 1716 1716 0 1714 1714 0 1595 1595 0 1597 1597 0 1598 1598 0 1717 1717 0 1596 1596 0 1715 1715 0 1600 1600 0 1715 1715 0 1718 1718 0 1600 1600 0 1720 1720 0 1716 1716 0 1717 1717 0 1719 1719 0 1716 1716 0 1720 1720 0 1598 1598 0 1601 1601 0 1720 1720 0 1717 1717 0 1598 1598 0 1720 1720 0 1602 1602 0 1721 1721 0 1603 1603 0 1602 1602 0 1722 1722 0 1721 1721 0 1602 1602 0 1600 1600 0 1722 1722 0 1600 1600 0 1718 1718 0 1722 1722 0 1720 1720 0 1723 1723 0 1719 1719 0 1723 1723 0 1720 1720 0 1601 1601 0 1723 1723 0 1601 1601 0 1724 1724 0 1724 1724 0 1601 1601 0 1604 1604 0 1721 1721 0 1725 1725 0 1605 1605 0 1603 1603 0 1721 1721 0 1605 1605 0 1726 1726 0 1721 1721 0 1722 1722 0 1725 1725 0 1721 1721 0 1726 1726 0 1604 1604 0 1606 1606 0 1724 1724 0 1724 1724 0 1606 1606 0 1727 1727 0 1605 1605 0 1725 1725 0 1607 1607 0 1725 1725 0 1609 1609 0 1607 1607 0 1725 1725 0 1726 1726 0 1609 1609 0 1726 1726 0 1728 1728 0 1609 1609 0 1731 1731 0 1730 1730 0 1729 1729 0 1731 1731 0 1729 1729 0 1727 1727 0 1731 1731 0 1727 1727 0 1610 1610 0 1610 1610 0 1727 1727 0 1606 1606 0 1609 1609 0 1728 1728 0 1611 1611 0 1728 1728 0 1732 1732 0 1611 1611 0 1734 1734 0 1730 1730 0 1731 1731 0 1733 1733 0 1730 1730 0 1734 1734 0 1610 1610 0 1612 1612 0 1734 1734 0 1731 1731 0 1610 1610 0 1734 1734 0 1611 1611 0 1732 1732 0 1613 1613 0 1732 1732 0 1735 1735 0 1613 1613 0 1614 1614 0 1733 1733 0 1734 1734 0 1614 1614 0 1615 1615 0 1733 1733 0 1615 1615 0 1736 1736 0 1733 1733 0 1612 1612 0 1614 1614 0 1734 1734 0 1613 1613 0 1735 1735 0 1616 1616 0 1735 1735 0 1737 1737 0 1616 1616 0 1615 1615 0 1617 1617 0 1736 1736 0 1736 1736 0 1617 1617 0 1738 1738 0 1616 1616 0 1737 1737 0 1739 1739 0 1618 1618 0 1616 1616 0 1739 1739 0 1739 1739 0 1619 1619 0 1618 1618 0 1740 1740 0 1619 1619 0 1739 1739 0 1743 1743 0 1742 1742 0 1741 1741 0 1743 1743 0 1741 1741 0 1738 1738 0 1743 1743 0 1738 1738 0 1620 1620 0 1620 1620 0 1738 1738 0 1617 1617 0 1619 1619 0 1740 1740 0 1621 1621 0 1740 1740 0 1744 1744 0 1621 1621 0 1622 1622 0 1742 1742 0 1743 1743 0 1622 1622 0 1623 1623 0 1742 1742 0 1623 1623 0 1745 1745 0 1742 1742 0 1620 1620 0 1622 1622 0 1743 1743 0 1746 1746 0 1747 1747 0 1624 1624 0 1746 1746 0 1624 1624 0 1744 1744 0 1744 1744 0 1624 1624 0 1621 1621 0 1746 1746 0 1748 1748 0 1747 1747 0 1751 1751 0 1750 1750 0 1749 1749 0 1751 1751 0 1749 1749 0 1745 1745 0 1751 1751 0 1745 1745 0 1625 1625 0 1625 1625 0 1745 1745 0 1623 1623 0 1624 1624 0 1747 1747 0 1626 1626 0 1747 1747 0 1627 1627 0 1626 1626 0 1747 1747 0 1748 1748 0 1627 1627 0 1748 1748 0 1752 1752 0 1627 1627 0 1628 1628 0 1750 1750 0 1751 1751 0 1628 1628 0 1629 1629 0 1750 1750 0 1629 1629 0 1753 1753 0 1750 1750 0 1625 1625 0 1628 1628 0 1751 1751 0 1627 1627 0 1752 1752 0 1754 1754 0 1630 1630 0 1627 1627 0 1754 1754 0 1754 1754 0 1631 1631 0 1630 1630 0 1755 1755 0 1631 1631 0 1754 1754 0 1632 1632 0 1757 1757 0 1756 1756 0 1633 1633 0 1757 1757 0 1632 1632 0 1753 1753 0 1629 1629 0 1632 1632 0 1756 1756 0 1753 1753 0 1632 1632 0 1631 1631 0 1755 1755 0 1758 1758 0 1634 1634 0 1631 1631 0 1758 1758 0 1758 1758 0 1635 1635 0 1634 1634 0 1759 1759 0 1635 1635 0 1758 1758 0 1636 1636 0 1761 1761 0 1760 1760 0 1637 1637 0 1761 1761 0 1636 1636 0 1757 1757 0 1633 1633 0 1636 1636 0 1760 1760 0 1757 1757 0 1636 1636 0 1635 1635 0 1759 1759 0 1762 1762 0 1638 1638 0 1635 1635 0 1762 1762 0 1639 1639 0 1638 1638 0 1763 1763 0 1638 1638 0 1762 1762 0 1763 1763 0 1763 1763 0 1641 1641 0 1639 1639 0 1764 1764 0 1641 1641 0 1763 1763 0 1767 1767 0 1766 1766 0 1765 1765 0 1767 1767 0 1642 1642 0 1643 1643 0 1767 1767 0 1765 1765 0 1642 1642 0 1765 1765 0 1768 1768 0 1642 1642 0 1761 1761 0 1637 1637 0 1642 1642 0 1768 1768 0 1761 1761 0 1642 1642 0 1641 1641 0 1764 1764 0 1769 1769 0 1644 1644 0 1641 1641 0 1769 1769 0 1645 1645 0 1770 1770 0 1771 1771 0 1645 1645 0 1644 1644 0 1770 1770 0 1644 1644 0 1769 1769 0 1770 1770 0 1770 1770 0 1772 1772 0 1771 1771 0 1646 1646 0 1774 1774 0 1773 1773 0 1647 1647 0 1774 1774 0 1646 1646 0 1766 1766 0 1767 1767 0 1648 1648 0 1766 1766 0 1648 1648 0 1773 1773 0 1773 1773 0 1648 1648 0 1646 1646 0 1643 1643 0 1648 1648 0 1767 1767 0 1645 1645 0 1771 1771 0 1649 1649 0 1771 1771 0 1772 1772 0 1775 1775 0 1771 1771 0 1775 1775 0 1649 1649 0 1649 1649 0 1775 1775 0 1650 1650 0 1651 1651 0 1650 1650 0 1776 1776 0 1650 1650 0 1775 1775 0 1776 1776 0 1652 1652 0 1777 1777 0 1778 1778 0 1652 1652 0 1651 1651 0 1777 1777 0 1651 1651 0 1776 1776 0 1777 1777 0 1777 1777 0 1779 1779 0 1778 1778 0 1653 1653 0 1781 1781 0 1780 1780 0 1654 1654 0 1781 1781 0 1653 1653 0 1655 1655 0 1653 1653 0 1782 1782 0 1653 1653 0 1780 1780 0 1782 1782 0 1656 1656 0 1655 1655 0 1783 1783 0 1655 1655 0 1782 1782 0 1783 1783 0 1774 1774 0 1647 1647 0 1656 1656 0 1783 1783 0 1774 1774 0 1656 1656 0 1652 1652 0 1778 1778 0 1657 1657 0 1778 1778 0 1779 1779 0 1784 1784 0 1778 1778 0 1784 1784 0 1657 1657 0 1657 1657 0 1784 1784 0 1658 1658 0 1659 1659 0 1658 1658 0 1785 1785 0 1658 1658 0 1784 1784 0 1785 1785 0 1660 1660 0 1659 1659 0 1786 1786 0 1659 1659 0 1785 1785 0 1786 1786 0 1661 1661 0 1660 1660 0 1787 1787 0 1660 1660 0 1786 1786 0 1787 1787 0 1662 1662 0 1661 1661 0 1788 1788 0 1661 1661 0 1787 1787 0 1788 1788 0 1781 1781 0 1654 1654 0 1662 1662 0 1788 1788 0 1781 1781 0 1662 1662 0 1665 1665 0 1789 1789 0 1666 1666 0 1791 1791 0 1789 1789 0 1665 1665 0 1791 1791 0 1665 1665 0 1790 1790 0 1790 1790 0 1665 1665 0 1667 1667 0 1668 1668 0 1792 1792 0 1667 1667 0 1667 1667 0 1792 1792 0 1790 1790 0 1669 1669 0 1793 1793 0 1668 1668 0 1668 1668 0 1793 1793 0 1792 1792 0 1670 1670 0 1794 1794 0 1669 1669 0 1669 1669 0 1794 1794 0 1793 1793 0 1671 1671 0 1795 1795 0 1670 1670 0 1670 1670 0 1795 1795 0 1794 1794 0 1672 1672 0 1796 1796 0 1671 1671 0 1671 1671 0 1796 1796 0 1795 1795 0 1673 1673 0 1797 1797 0 1672 1672 0 1672 1672 0 1797 1797 0 1796 1796 0 1674 1674 0 1798 1798 0 1673 1673 0 1673 1673 0 1798 1798 0 1797 1797 0 1800 1800 0 1799 1799 0 1798 1798 0 1800 1800 0 1798 1798 0 1675 1675 0 1675 1675 0 1798 1798 0 1674 1674 0 1675 1675 0 1676 1676 0 1800 1800 0 1677 1677 0 1801 1801 0 1802 1802 0 1678 1678 0 1677 1677 0 1802 1802 0 1679 1679 0 1803 1803 0 1677 1677 0 1677 1677 0 1803 1803 0 1801 1801 0 1789 1789 0 1679 1679 0 1666 1666 0 1789 1789 0 1804 1804 0 1679 1679 0 1804 1804 0 1803 1803 0 1679 1679 0 1791 1791 0 1804 1804 0 1789 1789 0 1800 1800 0 1805 1805 0 1799 1799 0 1676 1676 0 1805 1805 0 1800 1800 0 1676 1676 0 1680 1680 0 1805 1805 0 1680 1680 0 1806 1806 0 1805 1805 0 1681 1681 0 1807 1807 0 1680 1680 0 1680 1680 0 1807 1807 0 1806 1806 0 1807 1807 0 1681 1681 0 1682 1682 0 1808 1808 0 1807 1807 0 1682 1682 0 1684 1684 0 1809 1809 0 1810 1810 0 1685 1685 0 1684 1684 0 1810 1810 0 1802 1802 0 1684 1684 0 1678 1678 0 1809 1809 0 1684 1684 0 1802 1802 0 1682 1682 0 1811 1811 0 1808 1808 0 1686 1686 0 1811 1811 0 1682 1682 0 1813 1813 0 1812 1812 0 1811 1811 0 1813 1813 0 1811 1811 0 1687 1687 0 1687 1687 0 1811 1811 0 1686 1686 0 1687 1687 0 1688 1688 0 1813 1813 0 1689 1689 0 1814 1814 0 1690 1690 0 1816 1816 0 1814 1814 0 1689 1689 0 1816 1816 0 1689 1689 0 1815 1815 0 1815 1815 0 1689 1689 0 1691 1691 0 1810 1810 0 1691 1691 0 1685 1685 0 1815 1815 0 1691 1691 0 1810 1810 0 1813 1813 0 1817 1817 0 1812 1812 0 1819 1819 0 1818 1818 0 1817 1817 0 1692 1692 0 1819 1819 0 1817 1817 0 1692 1692 0 1817 1817 0 1813 1813 0 1692 1692 0 1813 1813 0 1688 1688 0 1692 1692 0 1693 1693 0 1819 1819 0 1694 1694 0 1820 1820 0 1695 1695 0 1694 1694 0 1822 1822 0 1820 1820 0 1690 1690 0 1822 1822 0 1694 1694 0 1690 1690 0 1821 1821 0 1822 1822 0 1690 1690 0 1814 1814 0 1821 1821 0 1816 1816 0 1821 1821 0 1814 1814 0 1819 1819 0 1823 1823 0 1818 1818 0 1825 1825 0 1824 1824 0 1823 1823 0 1696 1696 0 1825 1825 0 1823 1823 0 1696 1696 0 1823 1823 0 1819 1819 0 1696 1696 0 1819 1819 0 1693 1693 0 1696 1696 0 1697 1697 0 1825 1825 0 1820 1820 0 1826 1826 0 1827 1827 0 1820 1820 0 1827 1827 0 1695 1695 0 1695 1695 0 1827 1827 0 1699 1699 0 1822 1822 0 1826 1826 0 1820 1820 0 1825 1825 0 1828 1828 0 1824 1824 0 1828 1828 0 1825 1825 0 1697 1697 0 1828 1828 0 1697 1697 0 1829 1829 0 1829 1829 0 1697 1697 0 1700 1700 0 1702 1702 0 1830 1830 0 1831 1831 0 1703 1703 0 1702 1702 0 1831 1831 0 1827 1827 0 1702 1702 0 1699 1699 0 1830 1830 0 1702 1702 0 1827 1827 0 1700 1700 0 1832 1832 0 1829 1829 0 1704 1704 0 1832 1832 0 1700 1700 0 1832 1832 0 1704 1704 0 1705 1705 0 1833 1833 0 1832 1832 0 1705 1705 0 1703 1703 0 1831 1831 0 1706 1706 0 1831 1831 0 1834 1834 0 1706 1706 0 1705 1705 0 1707 1707 0 1833 1833 0 1833 1833 0 1707 1707 0 1835 1835 0 1709 1709 0 1836 1836 0 1710 1710 0 1709 1709 0 1837 1837 0 1836 1836 0 1709 1709 0 1706 1706 0 1837 1837 0 1706 1706 0 1834 1834 0 1837 1837 0 1707 1707 0 1838 1838 0 1835 1835 0 1711 1711 0 1838 1838 0 1707 1707 0 1838 1838 0 1711 1711 0 1712 1712 0 1839 1839 0 1838 1838 0 1712 1712 0 1836 1836 0 1840 1840 0 1841 1841 0 1836 1836 0 1841 1841 0 1710 1710 0 1710 1710 0 1841 1841 0 1713 1713 0 1837 1837 0 1840 1840 0 1836 1836 0 1712 1712 0 1714 1714 0 1839 1839 0 1839 1839 0 1714 1714 0 1842 1842 0 1713 1713 0 1841 1841 0 1715 1715 0 1841 1841 0 1843 1843 0 1715 1715 0 1714 1714 0 1716 1716 0 1842 1842 0 1842 1842 0 1716 1716 0 1844 1844 0 1715 1715 0 1843 1843 0 1718 1718 0 1843 1843 0 1845 1845 0 1718 1718 0 1716 1716 0 1719 1719 0 1844 1844 0 1844 1844 0 1719 1719 0 1846 1846 0 1718 1718 0 1845 1845 0 1722 1722 0 1845 1845 0 1847 1847 0 1722 1722 0 1849 1849 0 1719 1719 0 1723 1723 0 1849 1849 0 1848 1848 0 1719 1719 0 1848 1848 0 1846 1846 0 1719 1719 0 1723 1723 0 1724 1724 0 1849 1849 0 1722 1722 0 1847 1847 0 1726 1726 0 1847 1847 0 1850 1850 0 1726 1726 0 1852 1852 0 1848 1848 0 1849 1849 0 1851 1851 0 1848 1848 0 1852 1852 0 1724 1724 0 1727 1727 0 1852 1852 0 1849 1849 0 1724 1724 0 1852 1852 0 1726 1726 0 1850 1850 0 1728 1728 0 1850 1850 0 1853 1853 0 1728 1728 0 1729 1729 0 1851 1851 0 1852 1852 0 1729 1729 0 1730 1730 0 1851 1851 0 1730 1730 0 1854 1854 0 1851 1851 0 1727 1727 0 1729 1729 0 1852 1852 0 1728 1728 0 1853 1853 0 1732 1732 0 1853 1853 0 1855 1855 0 1732 1732 0 1730 1730 0 1733 1733 0 1854 1854 0 1854 1854 0 1733 1733 0 1856 1856 0 1732 1732 0 1855 1855 0 1735 1735 0 1855 1855 0 1857 1857 0 1735 1735 0 1733 1733 0 1736 1736 0 1856 1856 0 1856 1856 0 1736 1736 0 1858 1858 0 1859 1859 0 1860 1860 0 1737 1737 0 1859 1859 0 1737 1737 0 1857 1857 0 1857 1857 0 1737 1737 0 1735 1735 0 1859 1859 0 1861 1861 0 1860 1860 0 1736 1736 0 1738 1738 0 1858 1858 0 1858 1858 0 1738 1738 0 1862 1862 0 1737 1737 0 1860 1860 0 1739 1739 0 1860 1860 0 1740 1740 0 1739 1739 0 1860 1860 0 1861 1861 0 1740 1740 0 1861 1861 0 1863 1863 0 1740 1740 0 1741 1741 0 1865 1865 0 1864 1864 0 1742 1742 0 1865 1865 0 1741 1741 0 1862 1862 0 1738 1738 0 1741 1741 0 1864 1864 0 1862 1862 0 1741 1741 0 1740 1740 0 1863 1863 0 1744 1744 0 1863 1863 0 1866 1866 0 1744 1744 0 1742 1742 0 1745 1745 0 1865 1865 0 1865 1865 0 1745 1745 0 1867 1867 0 1744 1744 0 1866 1866 0 1868 1868 0 1746 1746 0 1744 1744 0 1868 1868 0 1868 1868 0 1748 1748 0 1746 1746 0 1869 1869 0 1748 1748 0 1868 1868 0 1749 1749 0 1871 1871 0 1870 1870 0 1750 1750 0 1871 1871 0 1749 1749 0 1867 1867 0 1745 1745 0 1749 1749 0 1870 1870 0 1867 1867 0 1749 1749 0 1872 1872 0 1873 1873 0 1752 1752 0 1872 1872 0 1752 1752 0 1869 1869 0 1869 1869 0 1752 1752 0 1748 1748 0 1872 1872 0 1874 1874 0 1873 1873 0 1877 1877 0 1876 1876 0 1875 1875 0 1877 1877 0 1875 1875 0 1871 1871 0 1877 1877 0 1871 1871 0 1753 1753 0 1753 1753 0 1871 1871 0 1750 1750 0 1752 1752 0 1873 1873 0 1754 1754 0 1755 1755 0 1878 1878 0 1879 1879 0 1754 1754 0 1878 1878 0 1755 1755 0 1754 1754 0 1874 1874 0 1878 1878 0 1754 1754 0 1873 1873 0 1874 1874 0 1878 1878 0 1880 1880 0 1879 1879 0 1883 1883 0 1882 1882 0 1881 1881 0 1876 1876 0 1883 1883 0 1881 1881 0 1877 1877 0 1883 1883 0 1876 1876 0 1877 1877 0 1757 1757 0 1883 1883 0 1877 1877 0 1756 1756 0 1757 1757 0 1753 1753 0 1756 1756 0 1877 1877 0 1755 1755 0 1879 1879 0 1758 1758 0 1759 1759 0 1884 1884 0 1885 1885 0 1758 1758 0 1884 1884 0 1759 1759 0 1758 1758 0 1880 1880 0 1884 1884 0 1758 1758 0 1879 1879 0 1880 1880 0 1884 1884 0 1886 1886 0 1885 1885 0 1889 1889 0 1888 1888 0 1887 1887 0 1882 1882 0 1889 1889 0 1887 1887 0 1883 1883 0 1889 1889 0 1882 1882 0 1883 1883 0 1761 1761 0 1889 1889 0 1883 1883 0 1760 1760 0 1761 1761 0 1757 1757 0 1760 1760 0 1883 1883 0 1759 1759 0 1885 1885 0 1762 1762 0 1885 1885 0 1886 1886 0 1890 1890 0 1885 1885 0 1890 1890 0 1762 1762 0 1762 1762 0 1890 1890 0 1763 1763 0 1890 1890 0 1764 1764 0 1763 1763 0 1891 1891 0 1764 1764 0 1890 1890 0 1765 1765 0 1893 1893 0 1892 1892 0 1766 1766 0 1893 1893 0 1765 1765 0 1888 1888 0 1889 1889 0 1768 1768 0 1888 1888 0 1768 1768 0 1892 1892 0 1892 1892 0 1768 1768 0 1765 1765 0 1761 1761 0 1768 1768 0 1889 1889 0 1764 1764 0 1891 1891 0 1894 1894 0 1769 1769 0 1764 1764 0 1894 1894 0 1770 1770 0 1769 1769 0 1895 1895 0 1769 1769 0 1894 1894 0 1895 1895 0 1895 1895 0 1772 1772 0 1770 1770 0 1896 1896 0 1772 1772 0 1895 1895 0 1899 1899 0 1898 1898 0 1897 1897 0 1899 1899 0 1773 1773 0 1774 1774 0 1899 1899 0 1897 1897 0 1773 1773 0 1897 1897 0 1900 1900 0 1773 1773 0 1893 1893 0 1766 1766 0 1773 1773 0 1900 1900 0 1893 1893 0 1773 1773 0 1772 1772 0 1896 1896 0 1901 1901 0 1775 1775 0 1772 1772 0 1901 1901 0 1776 1776 0 1775 1775 0 1902 1902 0 1775 1775 0 1901 1901 0 1902 1902 0 1777 1777 0 1776 1776 0 1903 1903 0 1776 1776 0 1902 1902 0 1903 1903 0 1779 1779 0 1904 1904 0 1905 1905 0 1779 1779 0 1777 1777 0 1904 1904 0 1777 1777 0 1903 1903 0 1904 1904 0 1905 1905 0 1906 1906 0 1907 1907 0 1904 1904 0 1906 1906 0 1905 1905 0 1907 1907 0 1908 1908 0 1909 1909 0 1906 1906 0 1908 1908 0 1907 1907 0 1909 1909 0 1910 1910 0 1911 1911 0 1908 1908 0 1910 1910 0 1909 1909 0 1911 1911 0 1912 1912 0 1913 1913 0 1910 1910 0 1912 1912 0 1911 1911 0 1913 1913 0 1780 1780 0 1781 1781 0 1913 1913 0 1912 1912 0 1780 1780 0 1912 1912 0 1914 1914 0 1780 1780 0 1782 1782 0 1780 1780 0 1915 1915 0 1780 1780 0 1914 1914 0 1915 1915 0 1898 1898 0 1899 1899 0 1783 1783 0 1898 1898 0 1783 1783 0 1915 1915 0 1915 1915 0 1783 1783 0 1782 1782 0 1774 1774 0 1783 1783 0 1899 1899 0 1779 1779 0 1905 1905 0 1784 1784 0 1785 1785 0 1784 1784 0 1905 1905 0 1907 1907 0 1785 1785 0 1905 1905 0 1786 1786 0 1785 1785 0 1907 1907 0 1909 1909 0 1786 1786 0 1907 1907 0 1787 1787 0 1786 1786 0 1909 1909 0 1911 1911 0 1787 1787 0 1909 1909 0 1788 1788 0 1787 1787 0 1911 1911 0 1913 1913 0 1788 1788 0 1911 1911 0 1781 1781 0 1788 1788 0 1913 1913 0 1790 1790 0 1916 1916 0 1791 1791 0 1918 1918 0 1916 1916 0 1790 1790 0 1918 1918 0 1790 1790 0 1917 1917 0 1917 1917 0 1790 1790 0 1792 1792 0 1793 1793 0 1919 1919 0 1792 1792 0 1792 1792 0 1919 1919 0 1917 1917 0 1794 1794 0 1920 1920 0 1793 1793 0 1793 1793 0 1920 1920 0 1919 1919 0 1795 1795 0 1921 1921 0 1794 1794 0 1794 1794 0 1921 1921 0 1920 1920 0 1796 1796 0 1922 1922 0 1795 1795 0 1795 1795 0 1922 1922 0 1921 1921 0 1797 1797 0 1923 1923 0 1796 1796 0 1796 1796 0 1923 1923 0 1922 1922 0 1925 1925 0 1924 1924 0 1923 1923 0 1925 1925 0 1923 1923 0 1798 1798 0 1798 1798 0 1923 1923 0 1797 1797 0 1798 1798 0 1799 1799 0 1925 1925 0 1801 1801 0 1926 1926 0 1802 1802 0 1928 1928 0 1926 1926 0 1801 1801 0 1928 1928 0 1801 1801 0 1927 1927 0 1927 1927 0 1801 1801 0 1803 1803 0 1804 1804 0 1929 1929 0 1803 1803 0 1803 1803 0 1929 1929 0 1927 1927 0 1916 1916 0 1804 1804 0 1791 1791 0 1916 1916 0 1930 1930 0 1804 1804 0 1930 1930 0 1929 1929 0 1804 1804 0 1918 1918 0 1930 1930 0 1916 1916 0 1925 1925 0 1931 1931 0 1924 1924 0 1799 1799 0 1931 1931 0 1925 1925 0 1799 1799 0 1805 1805 0 1931 1931 0 1805 1805 0 1932 1932 0 1931 1931 0 1806 1806 0 1933 1933 0 1805 1805 0 1805 1805 0 1933 1933 0 1932 1932 0 1935 1935 0 1934 1934 0 1933 1933 0 1935 1935 0 1933 1933 0 1807 1807 0 1807 1807 0 1933 1933 0 1806 1806 0 1807 1807 0 1808 1808 0 1935 1935 0 1809 1809 0 1936 1936 0 1810 1810 0 1809 1809 0 1938 1938 0 1936 1936 0 1802 1802 0 1938 1938 0 1809 1809 0 1802 1802 0 1937 1937 0 1938 1938 0 1802 1802 0 1926 1926 0 1937 1937 0 1928 1928 0 1937 1937 0 1926 1926 0 1935 1935 0 1939 1939 0 1934 1934 0 1941 1941 0 1940 1940 0 1939 1939 0 1811 1811 0 1941 1941 0 1939 1939 0 1811 1811 0 1939 1939 0 1935 1935 0 1811 1811 0 1935 1935 0 1808 1808 0 1811 1811 0 1812 1812 0 1941 1941 0 1815 1815 0 1942 1942 0 1943 1943 0 1816 1816 0 1815 1815 0 1943 1943 0 1936 1936 0 1815 1815 0 1810 1810 0 1936 1936 0 1944 1944 0 1815 1815 0 1944 1944 0 1942 1942 0 1815 1815 0 1938 1938 0 1944 1944 0 1936 1936 0 1941 1941 0 1945 1945 0 1940 1940 0 1812 1812 0 1945 1945 0 1941 1941 0 1812 1812 0 1817 1817 0 1945 1945 0 1817 1817 0 1946 1946 0 1945 1945 0 1946 1946 0 1817 1817 0 1818 1818 0 1947 1947 0 1946 1946 0 1818 1818 0 1821 1821 0 1948 1948 0 1949 1949 0 1822 1822 0 1821 1821 0 1949 1949 0 1943 1943 0 1821 1821 0 1816 1816 0 1948 1948 0 1821 1821 0 1943 1943 0 1818 1818 0 1950 1950 0 1947 1947 0 1823 1823 0 1950 1950 0 1818 1818 0 1950 1950 0 1823 1823 0 1824 1824 0 1951 1951 0 1950 1950 0 1824 1824 0 1826 1826 0 1952 1952 0 1827 1827 0 1826 1826 0 1953 1953 0 1952 1952 0 1826 1826 0 1822 1822 0 1953 1953 0 1822 1822 0 1949 1949 0 1953 1953 0 1824 1824 0 1954 1954 0 1951 1951 0 1828 1828 0 1954 1954 0 1824 1824 0 1954 1954 0 1828 1828 0 1829 1829 0 1955 1955 0 1954 1954 0 1829 1829 0 1830 1830 0 1956 1956 0 1831 1831 0 1830 1830 0 1958 1958 0 1956 1956 0 1827 1827 0 1958 1958 0 1830 1830 0 1827 1827 0 1957 1957 0 1958 1958 0 1827 1827 0 1952 1952 0 1957 1957 0 1953 1953 0 1957 1957 0 1952 1952 0 1960 1960 0 1829 1829 0 1832 1832 0 1960 1960 0 1959 1959 0 1829 1829 0 1959 1959 0 1955 1955 0 1829 1829 0 1832 1832 0 1833 1833 0 1960 1960 0 1956 1956 0 1961 1961 0 1962 1962 0 1956 1956 0 1962 1962 0 1831 1831 0 1831 1831 0 1962 1962 0 1834 1834 0 1958 1958 0 1961 1961 0 1956 1956 0 1960 1960 0 1963 1963 0 1959 1959 0 1963 1963 0 1960 1960 0 1833 1833 0 1963 1963 0 1833 1833 0 1964 1964 0 1964 1964 0 1833 1833 0 1835 1835 0 1834 1834 0 1962 1962 0 1837 1837 0 1962 1962 0 1965 1965 0 1837 1837 0 1967 1967 0 1835 1835 0 1838 1838 0 1967 1967 0 1966 1966 0 1835 1835 0 1966 1966 0 1964 1964 0 1835 1835 0 1838 1838 0 1839 1839 0 1967 1967 0 1840 1840 0 1968 1968 0 1841 1841 0 1840 1840 0 1969 1969 0 1968 1968 0 1840 1840 0 1837 1837 0 1969 1969 0 1837 1837 0 1965 1965 0 1969 1969 0 1967 1967 0 1970 1970 0 1966 1966 0 1970 1970 0 1967 1967 0 1839 1839 0 1970 1970 0 1839 1839 0 1971 1971 0 1971 1971 0 1839 1839 0 1842 1842 0 1968 1968 0 1972 1972 0 1973 1973 0 1968 1968 0 1973 1973 0 1841 1841 0 1841 1841 0 1973 1973 0 1843 1843 0 1969 1969 0 1972 1972 0 1968 1968 0 1842 1842 0 1844 1844 0 1971 1971 0 1971 1971 0 1844 1844 0 1974 1974 0 1843 1843 0 1973 1973 0 1845 1845 0 1973 1973 0 1975 1975 0 1845 1845 0 1844 1844 0 1846 1846 0 1974 1974 0 1974 1974 0 1846 1846 0 1976 1976 0 1845 1845 0 1975 1975 0 1847 1847 0 1975 1975 0 1977 1977 0 1847 1847 0 1846 1846 0 1848 1848 0 1976 1976 0 1976 1976 0 1848 1848 0 1978 1978 0 1847 1847 0 1977 1977 0 1850 1850 0 1977 1977 0 1979 1979 0 1850 1850 0 1848 1848 0 1851 1851 0 1978 1978 0 1978 1978 0 1851 1851 0 1980 1980 0 1850 1850 0 1979 1979 0 1853 1853 0 1979 1979 0 1981 1981 0 1853 1853 0 1851 1851 0 1854 1854 0 1980 1980 0 1980 1980 0 1854 1854 0 1982 1982 0 1853 1853 0 1981 1981 0 1855 1855 0 1981 1981 0 1983 1983 0 1855 1855 0 1854 1854 0 1856 1856 0 1982 1982 0 1982 1982 0 1856 1856 0 1984 1984 0 1985 1985 0 1986 1986 0 1857 1857 0 1985 1985 0 1857 1857 0 1983 1983 0 1983 1983 0 1857 1857 0 1855 1855 0 1985 1985 0 1987 1987 0 1986 1986 0 1990 1990 0 1989 1989 0 1988 1988 0 1990 1990 0 1988 1988 0 1984 1984 0 1990 1990 0 1984 1984 0 1858 1858 0 1858 1858 0 1984 1984 0 1856 1856 0 1857 1857 0 1986 1986 0 1859 1859 0 1986 1986 0 1861 1861 0 1859 1859 0 1986 1986 0 1987 1987 0 1861 1861 0 1987 1987 0 1991 1991 0 1861 1861 0 1993 1993 0 1989 1989 0 1990 1990 0 1992 1992 0 1989 1989 0 1993 1993 0 1858 1858 0 1862 1862 0 1993 1993 0 1990 1990 0 1858 1858 0 1993 1993 0 1861 1861 0 1991 1991 0 1863 1863 0 1991 1991 0 1994 1994 0 1863 1863 0 1864 1864 0 1992 1992 0 1993 1993 0 1864 1864 0 1865 1865 0 1992 1992 0 1865 1865 0 1995 1995 0 1992 1992 0 1862 1862 0 1864 1864 0 1993 1993 0 1996 1996 0 1997 1997 0 1866 1866 0 1996 1996 0 1866 1866 0 1994 1994 0 1994 1994 0 1866 1866 0 1863 1863 0 1996 1996 0 1998 1998 0 1997 1997 0 2001 2001 0 2000 2000 0 1999 1999 0 2001 2001 0 1999 1999 0 1995 1995 0 2001 2001 0 1995 1995 0 1867 1867 0 1867 1867 0 1995 1995 0 1865 1865 0 1866 1866 0 1997 1997 0 1868 1868 0 1997 1997 0 1869 1869 0 1868 1868 0 1997 1997 0 1998 1998 0 1869 1869 0 1998 1998 0 2002 2002 0 1869 1869 0 2005 2005 0 2004 2004 0 2003 2003 0 2000 2000 0 2005 2005 0 2003 2003 0 2001 2001 0 2005 2005 0 2000 2000 0 2001 2001 0 1871 1871 0 2005 2005 0 2001 2001 0 1870 1870 0 1871 1871 0 1867 1867 0 1870 1870 0 2001 2001 0 1869 1869 0 2002 2002 0 2006 2006 0 1872 1872 0 1869 1869 0 2006 2006 0 2006 2006 0 1874 1874 0 1872 1872 0 2007 2007 0 1874 1874 0 2006 2006 0 1875 1875 0 2004 2004 0 2005 2005 0 1875 1875 0 1876 1876 0 2004 2004 0 1876 1876 0 2008 2008 0 2004 2004 0 1871 1871 0 1875 1875 0 2005 2005 0 1874 1874 0 2007 2007 0 2009 2009 0 1878 1878 0 1874 1874 0 2009 2009 0 2009 2009 0 1880 1880 0 1878 1878 0 2010 2010 0 1880 1880 0 2009 2009 0 1881 1881 0 2012 2012 0 2011 2011 0 1882 1882 0 2012 2012 0 1881 1881 0 2008 2008 0 1876 1876 0 1881 1881 0 2011 2011 0 2008 2008 0 1881 1881 0 1880 1880 0 2010 2010 0 2013 2013 0 1884 1884 0 1880 1880 0 2013 2013 0 2013 2013 0 1886 1886 0 1884 1884 0 2014 2014 0 1886 1886 0 2013 2013 0 1887 1887 0 2016 2016 0 2015 2015 0 1888 1888 0 2016 2016 0 1887 1887 0 2012 2012 0 1882 1882 0 1887 1887 0 2015 2015 0 2012 2012 0 1887 1887 0 1886 1886 0 2014 2014 0 2017 2017 0 1890 1890 0 1886 1886 0 2017 2017 0 1891 1891 0 2018 2018 0 2019 2019 0 1891 1891 0 1890 1890 0 2018 2018 0 1890 1890 0 2017 2017 0 2018 2018 0 2018 2018 0 2020 2020 0 2019 2019 0 2023 2023 0 2022 2022 0 2021 2021 0 2023 2023 0 1892 1892 0 1893 1893 0 2023 2023 0 2021 2021 0 1892 1892 0 2021 2021 0 2024 2024 0 1892 1892 0 2016 2016 0 1888 1888 0 1892 1892 0 2024 2024 0 2016 2016 0 1892 1892 0 1891 1891 0 2019 2019 0 1894 1894 0 2019 2019 0 2020 2020 0 2025 2025 0 2019 2019 0 2025 2025 0 1894 1894 0 1894 1894 0 2025 2025 0 1895 1895 0 1896 1896 0 2026 2026 0 2027 2027 0 1896 1896 0 1895 1895 0 2026 2026 0 1895 1895 0 2025 2025 0 2026 2026 0 2026 2026 0 2028 2028 0 2027 2027 0 2031 2031 0 2030 2030 0 2029 2029 0 2031 2031 0 1897 1897 0 1898 1898 0 2031 2031 0 2029 2029 0 1897 1897 0 2029 2029 0 2032 2032 0 1897 1897 0 2022 2022 0 2023 2023 0 1900 1900 0 2022 2022 0 1900 1900 0 2032 2032 0 2032 2032 0 1900 1900 0 1897 1897 0 1893 1893 0 1900 1900 0 2023 2023 0 1896 1896 0 2027 2027 0 1901 1901 0 2027 2027 0 2028 2028 0 2033 2033 0 2027 2027 0 2033 2033 0 1901 1901 0 1901 1901 0 2033 2033 0 1902 1902 0 1903 1903 0 1902 1902 0 2034 2034 0 1902 1902 0 2033 2033 0 2034 2034 0 1904 1904 0 1903 1903 0 2035 2035 0 1903 1903 0 2034 2034 0 2035 2035 0 1906 1906 0 1904 1904 0 2036 2036 0 1904 1904 0 2035 2035 0 2036 2036 0 1908 1908 0 1906 1906 0 2037 2037 0 1906 1906 0 2036 2036 0 2037 2037 0 1910 1910 0 1908 1908 0 2038 2038 0 1908 1908 0 2037 2037 0 2038 2038 0 1912 1912 0 1910 1910 0 2039 2039 0 1910 1910 0 2038 2038 0 2039 2039 0 1914 1914 0 1912 1912 0 2040 2040 0 1912 1912 0 2039 2039 0 2040 2040 0 2030 2030 0 2031 2031 0 1915 1915 0 2030 2030 0 1915 1915 0 2040 2040 0 2040 2040 0 1915 1915 0 1914 1914 0 1898 1898 0 1915 1915 0 2031 2031 0 1917 1917 0 2041 2041 0 1918 1918 0 1917 1917 0 1919 1919 0 2042 2042 0 2041 2041 0 1917 1917 0 2042 2042 0 1919 1919 0 1920 1920 0 2043 2043 0 2042 2042 0 1919 1919 0 2043 2043 0 1920 1920 0 1921 1921 0 2044 2044 0 2043 2043 0 1920 1920 0 2044 2044 0 1921 1921 0 1922 1922 0 2045 2045 0 2044 2044 0 1921 1921 0 2045 2045 0 1922 1922 0 1923 1923 0 2046 2046 0 2045 2045 0 1922 1922 0 2046 2046 0 1923 1923 0 1924 1924 0 2046 2046 0 1927 1927 0 2047 2047 0 1928 1928 0 2049 2049 0 2047 2047 0 1927 1927 0 2049 2049 0 1927 1927 0 2048 2048 0 2048 2048 0 1927 1927 0 1929 1929 0 1930 1930 0 2050 2050 0 1929 1929 0 1929 1929 0 2050 2050 0 2048 2048 0 2041 2041 0 1930 1930 0 1918 1918 0 2041 2041 0 2051 2051 0 1930 1930 0 2051 2051 0 2050 2050 0 1930 1930 0 2042 2042 0 2051 2051 0 2041 2041 0 2052 2052 0 2051 2051 0 2042 2042 0 2043 2043 0 2052 2052 0 2042 2042 0 2053 2053 0 2052 2052 0 2043 2043 0 2044 2044 0 2053 2053 0 2043 2043 0 2054 2054 0 2053 2053 0 2044 2044 0 2045 2045 0 2054 2054 0 2044 2044 0 2055 2055 0 2054 2054 0 2045 2045 0 2046 2046 0 2055 2055 0 2045 2045 0 2056 2056 0 2055 2055 0 2046 2046 0 1924 1924 0 2056 2056 0 2046 2046 0 1924 1924 0 1931 1931 0 2056 2056 0 1931 1931 0 2057 2057 0 2056 2056 0 1932 1932 0 2058 2058 0 1931 1931 0 1931 1931 0 2058 2058 0 2057 2057 0 2060 2060 0 2059 2059 0 2058 2058 0 2060 2060 0 2058 2058 0 1933 1933 0 1933 1933 0 2058 2058 0 1932 1932 0 1933 1933 0 1934 1934 0 2060 2060 0 1937 1937 0 2061 2061 0 2062 2062 0 1938 1938 0 1937 1937 0 2062 2062 0 2047 2047 0 1937 1937 0 1928 1928 0 2047 2047 0 2063 2063 0 1937 1937 0 2063 2063 0 2061 2061 0 1937 1937 0 2049 2049 0 2063 2063 0 2047 2047 0 2060 2060 0 2064 2064 0 2059 2059 0 1934 1934 0 2064 2064 0 2060 2060 0 1934 1934 0 1939 1939 0 2064 2064 0 1939 1939 0 2065 2065 0 2064 2064 0 2065 2065 0 1939 1939 0 1940 1940 0 2066 2066 0 2065 2065 0 1940 1940 0 1942 1942 0 2067 2067 0 1943 1943 0 2069 2069 0 2067 2067 0 1942 1942 0 2069 2069 0 1942 1942 0 2068 2068 0 2068 2068 0 1942 1942 0 1944 1944 0 2062 2062 0 1944 1944 0 1938 1938 0 2068 2068 0 1944 1944 0 2062 2062 0 1940 1940 0 2070 2070 0 2066 2066 0 1945 1945 0 2070 2070 0 1940 1940 0 2072 2072 0 2071 2071 0 2070 2070 0 2072 2072 0 2070 2070 0 1946 1946 0 1946 1946 0 2070 2070 0 1945 1945 0 1946 1946 0 1947 1947 0 2072 2072 0 1948 1948 0 2073 2073 0 1949 1949 0 1948 1948 0 2075 2075 0 2073 2073 0 1943 1943 0 2075 2075 0 1948 1948 0 1943 1943 0 2074 2074 0 2075 2075 0 1943 1943 0 2067 2067 0 2074 2074 0 2069 2069 0 2074 2074 0 2067 2067 0 2072 2072 0 2076 2076 0 2071 2071 0 2078 2078 0 2077 2077 0 2076 2076 0 1950 1950 0 2078 2078 0 2076 2076 0 1950 1950 0 2076 2076 0 2072 2072 0 1950 1950 0 2072 2072 0 1947 1947 0 1950 1950 0 1951 1951 0 2078 2078 0 2073 2073 0 2079 2079 0 2080 2080 0 2073 2073 0 2080 2080 0 1949 1949 0 1949 1949 0 2080 2080 0 1953 1953 0 2075 2075 0 2079 2079 0 2073 2073 0 2078 2078 0 2081 2081 0 2077 2077 0 2083 2083 0 2082 2082 0 2081 2081 0 1954 1954 0 2083 2083 0 2081 2081 0 1954 1954 0 2081 2081 0 2078 2078 0 1954 1954 0 2078 2078 0 1951 1951 0 1954 1954 0 1955 1955 0 2083 2083 0 1957 1957 0 2084 2084 0 2085 2085 0 1958 1958 0 1957 1957 0 2085 2085 0 2080 2080 0 1957 1957 0 1953 1953 0 2084 2084 0 1957 1957 0 2080 2080 0 2083 2083 0 2086 2086 0 2082 2082 0 2086 2086 0 2083 2083 0 1955 1955 0 2086 2086 0 1955 1955 0 2087 2087 0 2087 2087 0 1955 1955 0 1959 1959 0 1961 1961 0 2088 2088 0 1962 1962 0 1961 1961 0 2089 2089 0 2088 2088 0 1961 1961 0 1958 1958 0 2089 2089 0 1958 1958 0 2085 2085 0 2089 2089 0 2091 2091 0 1959 1959 0 1963 1963 0 2091 2091 0 2090 2090 0 1959 1959 0 2090 2090 0 2087 2087 0 1959 1959 0 1963 1963 0 1964 1964 0 2091 2091 0 2088 2088 0 2092 2092 0 2093 2093 0 2088 2088 0 2093 2093 0 1962 1962 0 1962 1962 0 2093 2093 0 1965 1965 0 2089 2089 0 2092 2092 0 2088 2088 0 2091 2091 0 2094 2094 0 2090 2090 0 2094 2094 0 2091 2091 0 1964 1964 0 2094 2094 0 1964 1964 0 2095 2095 0 2095 2095 0 1964 1964 0 1966 1966 0 1965 1965 0 2093 2093 0 1969 1969 0 2093 2093 0 2096 2096 0 1969 1969 0 2098 2098 0 1966 1966 0 1970 1970 0 2098 2098 0 2097 2097 0 1966 1966 0 2097 2097 0 2095 2095 0 1966 1966 0 1970 1970 0 1971 1971 0 2098 2098 0 1972 1972 0 2099 2099 0 1973 1973 0 1972 1972 0 2100 2100 0 2099 2099 0 1972 1972 0 1969 1969 0 2100 2100 0 1969 1969 0 2096 2096 0 2100 2100 0 2102 2102 0 2097 2097 0 2098 2098 0 2101 2101 0 2097 2097 0 2102 2102 0 1971 1971 0 1974 1974 0 2102 2102 0 2098 2098 0 1971 1971 0 2102 2102 0 2099 2099 0 2103 2103 0 1975 1975 0 1973 1973 0 2099 2099 0 1975 1975 0 2104 2104 0 2099 2099 0 2100 2100 0 2103 2103 0 2099 2099 0 2104 2104 0 2102 2102 0 2105 2105 0 2101 2101 0 2105 2105 0 2102 2102 0 1974 1974 0 2105 2105 0 1974 1974 0 2106 2106 0 2106 2106 0 1974 1974 0 1976 1976 0 2103 2103 0 2107 2107 0 1977 1977 0 1975 1975 0 2103 2103 0 1977 1977 0 2108 2108 0 2103 2103 0 2104 2104 0 2107 2107 0 2103 2103 0 2108 2108 0 1976 1976 0 1978 1978 0 2106 2106 0 2106 2106 0 1978 1978 0 2109 2109 0 2107 2107 0 2110 2110 0 1979 1979 0 1977 1977 0 2107 2107 0 1979 1979 0 2111 2111 0 2107 2107 0 2108 2108 0 2110 2110 0 2107 2107 0 2111 2111 0 1978 1978 0 1980 1980 0 2109 2109 0 2109 2109 0 1980 1980 0 2112 2112 0 2110 2110 0 2113 2113 0 1981 1981 0 1979 1979 0 2110 2110 0 1981 1981 0 2114 2114 0 2110 2110 0 2111 2111 0 2113 2113 0 2110 2110 0 2114 2114 0 2117 2117 0 2116 2116 0 2115 2115 0 2117 2117 0 2115 2115 0 2112 2112 0 2117 2117 0 2112 2112 0 1982 1982 0 1982 1982 0 2112 2112 0 1980 1980 0 2113 2113 0 2118 2118 0 1983 1983 0 1981 1981 0 2113 2113 0 1983 1983 0 2119 2119 0 2113 2113 0 2114 2114 0 2118 2118 0 2113 2113 0 2119 2119 0 2121 2121 0 2116 2116 0 2117 2117 0 2120 2120 0 2116 2116 0 2121 2121 0 1982 1982 0 1984 1984 0 2121 2121 0 2117 2117 0 1982 1982 0 2121 2121 0 1983 1983 0 2118 2118 0 1985 1985 0 2118 2118 0 1987 1987 0 1985 1985 0 2118 2118 0 2119 2119 0 1987 1987 0 2119 2119 0 2122 2122 0 1987 1987 0 1988 1988 0 2120 2120 0 2121 2121 0 1988 1988 0 1989 1989 0 2120 2120 0 1989 1989 0 2123 2123 0 2120 2120 0 1984 1984 0 1988 1988 0 2121 2121 0 1987 1987 0 2122 2122 0 1991 1991 0 2122 2122 0 2124 2124 0 1991 1991 0 1989 1989 0 1992 1992 0 2123 2123 0 2123 2123 0 1992 1992 0 2125 2125 0 2126 2126 0 2127 2127 0 1994 1994 0 2126 2126 0 1994 1994 0 2124 2124 0 2124 2124 0 1994 1994 0 1991 1991 0 2126 2126 0 2128 2128 0 2127 2127 0 2131 2131 0 2130 2130 0 2129 2129 0 2131 2131 0 2129 2129 0 2125 2125 0 2131 2131 0 2125 2125 0 1995 1995 0 1995 1995 0 2125 2125 0 1992 1992 0 1994 1994 0 2127 2127 0 1996 1996 0 2127 2127 0 1998 1998 0 1996 1996 0 2127 2127 0 2128 2128 0 1998 1998 0 2128 2128 0 2132 2132 0 1998 1998 0 1999 1999 0 2130 2130 0 2131 2131 0 1999 1999 0 2000 2000 0 2130 2130 0 2000 2000 0 2133 2133 0 2130 2130 0 1995 1995 0 1999 1999 0 2131 2131 0 2134 2134 0 2135 2135 0 2002 2002 0 2134 2134 0 2002 2002 0 2132 2132 0 2132 2132 0 2002 2002 0 1998 1998 0 2134 2134 0 2136 2136 0 2135 2135 0 2003 2003 0 2138 2138 0 2137 2137 0 2004 2004 0 2138 2138 0 2003 2003 0 2133 2133 0 2000 2000 0 2003 2003 0 2137 2137 0 2133 2133 0 2003 2003 0 2002 2002 0 2135 2135 0 2006 2006 0 2007 2007 0 2139 2139 0 2140 2140 0 2006 2006 0 2139 2139 0 2007 2007 0 2006 2006 0 2136 2136 0 2139 2139 0 2006 2006 0 2135 2135 0 2136 2136 0 2139 2139 0 2141 2141 0 2140 2140 0 2144 2144 0 2143 2143 0 2142 2142 0 2144 2144 0 2142 2142 0 2138 2138 0 2144 2144 0 2138 2138 0 2008 2008 0 2008 2008 0 2138 2138 0 2004 2004 0 2007 2007 0 2140 2140 0 2009 2009 0 2010 2010 0 2145 2145 0 2146 2146 0 2009 2009 0 2145 2145 0 2010 2010 0 2009 2009 0 2141 2141 0 2145 2145 0 2009 2009 0 2140 2140 0 2141 2141 0 2145 2145 0 2147 2147 0 2146 2146 0 2150 2150 0 2149 2149 0 2148 2148 0 2143 2143 0 2150 2150 0 2148 2148 0 2144 2144 0 2150 2150 0 2143 2143 0 2144 2144 0 2012 2012 0 2150 2150 0 2144 2144 0 2011 2011 0 2012 2012 0 2008 2008 0 2011 2011 0 2144 2144 0 2010 2010 0 2146 2146 0 2013 2013 0 2014 2014 0 2151 2151 0 2152 2152 0 2013 2013 0 2151 2151 0 2014 2014 0 2013 2013 0 2147 2147 0 2151 2151 0 2013 2013 0 2146 2146 0 2147 2147 0 2151 2151 0 2153 2153 0 2152 2152 0 2156 2156 0 2155 2155 0 2154 2154 0 2149 2149 0 2156 2156 0 2154 2154 0 2150 2150 0 2156 2156 0 2149 2149 0 2150 2150 0 2016 2016 0 2156 2156 0 2150 2150 0 2015 2015 0 2016 2016 0 2012 2012 0 2015 2015 0 2150 2150 0 2014 2014 0 2152 2152 0 2017 2017 0 2152 2152 0 2153 2153 0 2157 2157 0 2152 2152 0 2157 2157 0 2017 2017 0 2017 2017 0 2157 2157 0 2018 2018 0 2020 2020 0 2158 2158 0 2159 2159 0 2020 2020 0 2018 2018 0 2158 2158 0 2018 2018 0 2157 2157 0 2158 2158 0 2158 2158 0 2160 2160 0 2159 2159 0 2163 2163 0 2162 2162 0 2161 2161 0 2163 2163 0 2021 2021 0 2022 2022 0 2163 2163 0 2161 2161 0 2021 2021 0 2161 2161 0 2164 2164 0 2021 2021 0 2155 2155 0 2156 2156 0 2024 2024 0 2155 2155 0 2024 2024 0 2164 2164 0 2164 2164 0 2024 2024 0 2021 2021 0 2016 2016 0 2024 2024 0 2156 2156 0 2020 2020 0 2159 2159 0 2025 2025 0 2159 2159 0 2160 2160 0 2165 2165 0 2159 2159 0 2165 2165 0 2025 2025 0 2025 2025 0 2165 2165 0 2026 2026 0 2028 2028 0 2166 2166 0 2167 2167 0 2028 2028 0 2026 2026 0 2166 2166 0 2026 2026 0 2165 2165 0 2166 2166 0 2167 2167 0 2168 2168 0 2169 2169 0 2166 2166 0 2168 2168 0 2167 2167 0 2169 2169 0 2170 2170 0 2171 2171 0 2168 2168 0 2170 2170 0 2169 2169 0 2170 2170 0 2172 2172 0 2171 2171 0 2175 2175 0 2174 2174 0 2173 2173 0 2175 2175 0 2176 2176 0 2177 2177 0 2173 2173 0 2176 2176 0 2175 2175 0 2177 2177 0 2178 2178 0 2179 2179 0 2176 2176 0 2178 2178 0 2177 2177 0 2179 2179 0 2029 2029 0 2030 2030 0 2179 2179 0 2178 2178 0 2029 2029 0 2178 2178 0 2180 2180 0 2029 2029 0 2162 2162 0 2163 2163 0 2032 2032 0 2162 2162 0 2032 2032 0 2180 2180 0 2180 2180 0 2032 2032 0 2029 2029 0 2022 2022 0 2032 2032 0 2163 2163 0 2028 2028 0 2167 2167 0 2033 2033 0 2034 2034 0 2033 2033 0 2167 2167 0 2169 2169 0 2034 2034 0 2167 2167 0 2035 2035 0 2034 2034 0 2169 2169 0 2171 2171 0 2035 2035 0 2169 2169 0 2171 2171 0 2172 2172 0 2181 2181 0 2171 2171 0 2181 2181 0 2035 2035 0 2035 2035 0 2181 2181 0 2036 2036 0 2037 2037 0 2036 2036 0 2182 2182 0 2036 2036 0 2181 2181 0 2182 2182 0 2174 2174 0 2175 2175 0 2038 2038 0 2174 2174 0 2038 2038 0 2182 2182 0 2182 2182 0 2038 2038 0 2037 2037 0 2039 2039 0 2038 2038 0 2175 2175 0 2177 2177 0 2039 2039 0 2175 2175 0 2040 2040 0 2039 2039 0 2177 2177 0 2179 2179 0 2040 2040 0 2177 2177 0 2030 2030 0 2040 2040 0 2179 2179 0 2048 2048 0 2183 2183 0 2049 2049 0 2048 2048 0 2050 2050 0 2184 2184 0 2183 2183 0 2048 2048 0 2184 2184 0 2186 2186 0 2184 2184 0 2050 2050 0 2186 2186 0 2050 2050 0 2185 2185 0 2185 2185 0 2050 2050 0 2051 2051 0 2052 2052 0 2187 2187 0 2051 2051 0 2051 2051 0 2187 2187 0 2185 2185 0 2053 2053 0 2188 2188 0 2052 2052 0 2052 2052 0 2188 2188 0 2187 2187 0 2054 2054 0 2189 2189 0 2053 2053 0 2053 2053 0 2189 2189 0 2188 2188 0 2055 2055 0 2190 2190 0 2054 2054 0 2054 2054 0 2190 2190 0 2189 2189 0 2056 2056 0 2191 2191 0 2055 2055 0 2055 2055 0 2191 2191 0 2190 2190 0 2193 2193 0 2192 2192 0 2191 2191 0 2193 2193 0 2191 2191 0 2057 2057 0 2057 2057 0 2191 2191 0 2056 2056 0 2057 2057 0 2058 2058 0 2194 2194 0 2193 2193 0 2057 2057 0 2194 2194 0 2058 2058 0 2059 2059 0 2194 2194 0 2061 2061 0 2195 2195 0 2062 2062 0 2061 2061 0 2063 2063 0 2196 2196 0 2195 2195 0 2061 2061 0 2196 2196 0 2063 2063 0 2198 2198 0 2196 2196 0 2049 2049 0 2198 2198 0 2063 2063 0 2049 2049 0 2197 2197 0 2198 2198 0 2049 2049 0 2183 2183 0 2197 2197 0 2184 2184 0 2197 2197 0 2183 2183 0 2199 2199 0 2197 2197 0 2184 2184 0 2186 2186 0 2199 2199 0 2184 2184 0 2193 2193 0 2200 2200 0 2192 2192 0 2194 2194 0 2200 2200 0 2193 2193 0 2201 2201 0 2200 2200 0 2194 2194 0 2059 2059 0 2201 2201 0 2194 2194 0 2059 2059 0 2064 2064 0 2201 2201 0 2064 2064 0 2202 2202 0 2201 2201 0 2204 2204 0 2203 2203 0 2202 2202 0 2204 2204 0 2202 2202 0 2065 2065 0 2065 2065 0 2202 2202 0 2064 2064 0 2065 2065 0 2066 2066 0 2204 2204 0 2068 2068 0 2205 2205 0 2069 2069 0 2068 2068 0 2207 2207 0 2205 2205 0 2062 2062 0 2207 2207 0 2068 2068 0 2062 2062 0 2206 2206 0 2207 2207 0 2062 2062 0 2195 2195 0 2206 2206 0 2196 2196 0 2206 2206 0 2195 2195 0 2208 2208 0 2206 2206 0 2196 2196 0 2198 2198 0 2208 2208 0 2196 2196 0 2204 2204 0 2209 2209 0 2203 2203 0 2211 2211 0 2210 2210 0 2209 2209 0 2070 2070 0 2211 2211 0 2209 2209 0 2070 2070 0 2209 2209 0 2204 2204 0 2070 2070 0 2204 2204 0 2066 2066 0 2070 2070 0 2071 2071 0 2211 2211 0 2074 2074 0 2212 2212 0 2075 2075 0 2074 2074 0 2214 2214 0 2212 2212 0 2069 2069 0 2214 2214 0 2074 2074 0 2069 2069 0 2213 2213 0 2214 2214 0 2069 2069 0 2205 2205 0 2213 2213 0 2207 2207 0 2213 2213 0 2205 2205 0 2211 2211 0 2215 2215 0 2210 2210 0 2217 2217 0 2216 2216 0 2215 2215 0 2076 2076 0 2217 2217 0 2215 2215 0 2076 2076 0 2215 2215 0 2211 2211 0 2076 2076 0 2211 2211 0 2071 2071 0 2076 2076 0 2077 2077 0 2217 2217 0 2079 2079 0 2218 2218 0 2080 2080 0 2079 2079 0 2220 2220 0 2218 2218 0 2075 2075 0 2220 2220 0 2079 2079 0 2075 2075 0 2219 2219 0 2220 2220 0 2075 2075 0 2212 2212 0 2219 2219 0 2214 2214 0 2219 2219 0 2212 2212 0 2217 2217 0 2221 2221 0 2216 2216 0 2223 2223 0 2222 2222 0 2221 2221 0 2081 2081 0 2223 2223 0 2221 2221 0 2081 2081 0 2221 2221 0 2217 2217 0 2081 2081 0 2217 2217 0 2077 2077 0 2081 2081 0 2082 2082 0 2223 2223 0 2084 2084 0 2224 2224 0 2085 2085 0 2084 2084 0 2226 2226 0 2224 2224 0 2080 2080 0 2226 2226 0 2084 2084 0 2080 2080 0 2225 2225 0 2226 2226 0 2080 2080 0 2218 2218 0 2225 2225 0 2220 2220 0 2225 2225 0 2218 2218 0 2223 2223 0 2227 2227 0 2222 2222 0 2229 2229 0 2228 2228 0 2227 2227 0 2086 2086 0 2229 2229 0 2227 2227 0 2086 2086 0 2227 2227 0 2223 2223 0 2086 2086 0 2223 2223 0 2082 2082 0 2086 2086 0 2087 2087 0 2229 2229 0 2224 2224 0 2230 2230 0 2231 2231 0 2224 2224 0 2231 2231 0 2085 2085 0 2085 2085 0 2231 2231 0 2089 2089 0 2226 2226 0 2230 2230 0 2224 2224 0 2229 2229 0 2232 2232 0 2228 2228 0 2232 2232 0 2229 2229 0 2087 2087 0 2232 2232 0 2087 2087 0 2233 2233 0 2233 2233 0 2087 2087 0 2090 2090 0 2092 2092 0 2234 2234 0 2093 2093 0 2092 2092 0 2235 2235 0 2234 2234 0 2092 2092 0 2089 2089 0 2235 2235 0 2089 2089 0 2231 2231 0 2235 2235 0 2237 2237 0 2090 2090 0 2094 2094 0 2237 2237 0 2236 2236 0 2090 2090 0 2236 2236 0 2233 2233 0 2090 2090 0 2094 2094 0 2095 2095 0 2237 2237 0 2234 2234 0 2238 2238 0 2096 2096 0 2093 2093 0 2234 2234 0 2096 2096 0 2239 2239 0 2234 2234 0 2235 2235 0 2238 2238 0 2234 2234 0 2239 2239 0 2237 2237 0 2240 2240 0 2236 2236 0 2240 2240 0 2237 2237 0 2095 2095 0 2240 2240 0 2095 2095 0 2241 2241 0 2241 2241 0 2095 2095 0 2097 2097 0 2238 2238 0 2242 2242 0 2243 2243 0 2238 2238 0 2243 2243 0 2096 2096 0 2096 2096 0 2243 2243 0 2100 2100 0 2239 2239 0 2242 2242 0 2238 2238 0 2097 2097 0 2101 2101 0 2241 2241 0 2241 2241 0 2101 2101 0 2244 2244 0 2100 2100 0 2243 2243 0 2104 2104 0 2243 2243 0 2245 2245 0 2104 2104 0 2247 2247 0 2101 2101 0 2105 2105 0 2247 2247 0 2246 2246 0 2101 2101 0 2246 2246 0 2244 2244 0 2101 2101 0 2105 2105 0 2106 2106 0 2247 2247 0 2104 2104 0 2245 2245 0 2108 2108 0 2245 2245 0 2248 2248 0 2108 2108 0 2250 2250 0 2246 2246 0 2247 2247 0 2249 2249 0 2246 2246 0 2250 2250 0 2106 2106 0 2109 2109 0 2250 2250 0 2247 2247 0 2106 2106 0 2250 2250 0 2108 2108 0 2248 2248 0 2111 2111 0 2248 2248 0 2251 2251 0 2111 2111 0 2253 2253 0 2249 2249 0 2250 2250 0 2252 2252 0 2249 2249 0 2253 2253 0 2109 2109 0 2112 2112 0 2253 2253 0 2250 2250 0 2109 2109 0 2253 2253 0 2111 2111 0 2251 2251 0 2114 2114 0 2251 2251 0 2254 2254 0 2114 2114 0 2115 2115 0 2252 2252 0 2253 2253 0 2115 2115 0 2116 2116 0 2252 2252 0 2116 2116 0 2255 2255 0 2252 2252 0 2112 2112 0 2115 2115 0 2253 2253 0 2114 2114 0 2254 2254 0 2119 2119 0 2254 2254 0 2256 2256 0 2119 2119 0 2116 2116 0 2120 2120 0 2255 2255 0 2255 2255 0 2120 2120 0 2257 2257 0 2258 2258 0 2259 2259 0 2122 2122 0 2258 2258 0 2122 2122 0 2256 2256 0 2256 2256 0 2122 2122 0 2119 2119 0 2258 2258 0 2260 2260 0 2259 2259 0 2263 2263 0 2262 2262 0 2261 2261 0 2263 2263 0 2261 2261 0 2257 2257 0 2263 2263 0 2257 2257 0 2123 2123 0 2123 2123 0 2257 2257 0 2120 2120 0 2259 2259 0 2264 2264 0 2124 2124 0 2122 2122 0 2259 2259 0 2124 2124 0 2265 2265 0 2259 2259 0 2260 2260 0 2264 2264 0 2259 2259 0 2265 2265 0 2267 2267 0 2262 2262 0 2263 2263 0 2266 2266 0 2262 2262 0 2267 2267 0 2123 2123 0 2125 2125 0 2267 2267 0 2263 2263 0 2123 2123 0 2267 2267 0 2124 2124 0 2264 2264 0 2126 2126 0 2264 2264 0 2128 2128 0 2126 2126 0 2264 2264 0 2265 2265 0 2128 2128 0 2265 2265 0 2268 2268 0 2128 2128 0 2129 2129 0 2266 2266 0 2267 2267 0 2129 2129 0 2130 2130 0 2266 2266 0 2130 2130 0 2269 2269 0 2266 2266 0 2125 2125 0 2129 2129 0 2267 2267 0 2270 2270 0 2271 2271 0 2132 2132 0 2270 2270 0 2132 2132 0 2268 2268 0 2268 2268 0 2132 2132 0 2128 2128 0 2270 2270 0 2272 2272 0 2271 2271 0 2275 2275 0 2274 2274 0 2273 2273 0 2275 2275 0 2273 2273 0 2269 2269 0 2275 2275 0 2269 2269 0 2133 2133 0 2133 2133 0 2269 2269 0 2130 2130 0 2132 2132 0 2271 2271 0 2134 2134 0 2136 2136 0 2276 2276 0 2277 2277 0 2134 2134 0 2276 2276 0 2136 2136 0 2134 2134 0 2272 2272 0 2276 2276 0 2134 2134 0 2271 2271 0 2272 2272 0 2276 2276 0 2278 2278 0 2277 2277 0 2281 2281 0 2280 2280 0 2279 2279 0 2274 2274 0 2281 2281 0 2279 2279 0 2275 2275 0 2281 2281 0 2274 2274 0 2275 2275 0 2138 2138 0 2281 2281 0 2275 2275 0 2137 2137 0 2138 2138 0 2133 2133 0 2137 2137 0 2275 2275 0 2136 2136 0 2277 2277 0 2139 2139 0 2141 2141 0 2282 2282 0 2283 2283 0 2139 2139 0 2282 2282 0 2141 2141 0 2139 2139 0 2278 2278 0 2282 2282 0 2139 2139 0 2277 2277 0 2278 2278 0 2282 2282 0 2284 2284 0 2283 2283 0 2287 2287 0 2286 2286 0 2285 2285 0 2280 2280 0 2287 2287 0 2285 2285 0 2281 2281 0 2287 2287 0 2280 2280 0 2281 2281 0 2143 2143 0 2287 2287 0 2281 2281 0 2142 2142 0 2143 2143 0 2138 2138 0 2142 2142 0 2281 2281 0 2141 2141 0 2283 2283 0 2145 2145 0 2147 2147 0 2288 2288 0 2289 2289 0 2145 2145 0 2288 2288 0 2147 2147 0 2145 2145 0 2284 2284 0 2288 2288 0 2145 2145 0 2283 2283 0 2284 2284 0 2288 2288 0 2290 2290 0 2289 2289 0 2293 2293 0 2292 2292 0 2291 2291 0 2286 2286 0 2293 2293 0 2291 2291 0 2287 2287 0 2293 2293 0 2286 2286 0 2287 2287 0 2149 2149 0 2293 2293 0 2287 2287 0 2148 2148 0 2149 2149 0 2143 2143 0 2148 2148 0 2287 2287 0 2147 2147 0 2289 2289 0 2151 2151 0 2153 2153 0 2294 2294 0 2295 2295 0 2151 2151 0 2294 2294 0 2153 2153 0 2151 2151 0 2290 2290 0 2294 2294 0 2151 2151 0 2289 2289 0 2290 2290 0 2294 2294 0 2296 2296 0 2295 2295 0 2299 2299 0 2298 2298 0 2297 2297 0 2292 2292 0 2299 2299 0 2297 2297 0 2293 2293 0 2299 2299 0 2292 2292 0 2293 2293 0 2155 2155 0 2299 2299 0 2293 2293 0 2154 2154 0 2155 2155 0 2149 2149 0 2154 2154 0 2293 2293 0 2153 2153 0 2295 2295 0 2157 2157 0 2295 2295 0 2296 2296 0 2300 2300 0 2295 2295 0 2300 2300 0 2157 2157 0 2157 2157 0 2300 2300 0 2158 2158 0 2160 2160 0 2301 2301 0 2302 2302 0 2160 2160 0 2158 2158 0 2301 2301 0 2158 2158 0 2300 2300 0 2301 2301 0 2301 2301 0 2303 2303 0 2302 2302 0 2306 2306 0 2305 2305 0 2304 2304 0 2306 2306 0 2307 2307 0 2308 2308 0 2304 2304 0 2307 2307 0 2306 2306 0 2308 2308 0 2161 2161 0 2162 2162 0 2308 2308 0 2307 2307 0 2161 2161 0 2307 2307 0 2309 2309 0 2161 2161 0 2298 2298 0 2299 2299 0 2164 2164 0 2298 2298 0 2164 2164 0 2309 2309 0 2309 2309 0 2164 2164 0 2161 2161 0 2155 2155 0 2164 2164 0 2299 2299 0 2160 2160 0 2302 2302 0 2165 2165 0 2302 2302 0 2303 2303 0 2310 2310 0 2302 2302 0 2310 2310 0 2165 2165 0 2165 2165 0 2310 2310 0 2166 2166 0 2168 2168 0 2166 2166 0 2311 2311 0 2166 2166 0 2310 2310 0 2311 2311 0 2170 2170 0 2168 2168 0 2312 2312 0 2168 2168 0 2311 2311 0 2312 2312 0 2172 2172 0 2313 2313 0 2314 2314 0 2172 2172 0 2170 2170 0 2313 2313 0 2170 2170 0 2312 2312 0 2313 2313 0 2314 2314 0 2315 2315 0 2316 2316 0 2313 2313 0 2315 2315 0 2314 2314 0 2316 2316 0 2173 2173 0 2174 2174 0 2316 2316 0 2315 2315 0 2173 2173 0 2315 2315 0 2317 2317 0 2173 2173 0 2176 2176 0 2173 2173 0 2318 2318 0 2173 2173 0 2317 2317 0 2318 2318 0 2305 2305 0 2306 2306 0 2178 2178 0 2305 2305 0 2178 2178 0 2318 2318 0 2318 2318 0 2178 2178 0 2176 2176 0 2180 2180 0 2178 2178 0 2306 2306 0 2308 2308 0 2180 2180 0 2306 2306 0 2162 2162 0 2180 2180 0 2308 2308 0 2172 2172 0 2314 2314 0 2181 2181 0 2182 2182 0 2181 2181 0 2314 2314 0 2316 2316 0 2182 2182 0 2314 2314 0 2174 2174 0 2182 2182 0 2316 2316 0 2185 2185 0 2319 2319 0 2186 2186 0 2185 2185 0 2187 2187 0 2320 2320 0 2319 2319 0 2185 2185 0 2320 2320 0 2187 2187 0 2188 2188 0 2321 2321 0 2320 2320 0 2187 2187 0 2321 2321 0 2188 2188 0 2189 2189 0 2322 2322 0 2321 2321 0 2188 2188 0 2322 2322 0 2189 2189 0 2190 2190 0 2323 2323 0 2322 2322 0 2189 2189 0 2323 2323 0 2190 2190 0 2191 2191 0 2324 2324 0 2323 2323 0 2190 2190 0 2324 2324 0 2191 2191 0 2192 2192 0 2324 2324 0 2197 2197 0 2325 2325 0 2198 2198 0 2327 2327 0 2325 2325 0 2197 2197 0 2327 2327 0 2197 2197 0 2326 2326 0 2326 2326 0 2197 2197 0 2199 2199 0 2319 2319 0 2199 2199 0 2186 2186 0 2319 2319 0 2328 2328 0 2199 2199 0 2328 2328 0 2326 2326 0 2199 2199 0 2320 2320 0 2328 2328 0 2319 2319 0 2329 2329 0 2328 2328 0 2320 2320 0 2321 2321 0 2329 2329 0 2320 2320 0 2330 2330 0 2329 2329 0 2321 2321 0 2322 2322 0 2330 2330 0 2321 2321 0 2331 2331 0 2330 2330 0 2322 2322 0 2323 2323 0 2331 2331 0 2322 2322 0 2332 2332 0 2331 2331 0 2323 2323 0 2324 2324 0 2332 2332 0 2323 2323 0 2333 2333 0 2332 2332 0 2324 2324 0 2192 2192 0 2333 2333 0 2324 2324 0 2192 2192 0 2200 2200 0 2333 2333 0 2200 2200 0 2334 2334 0 2333 2333 0 2336 2336 0 2335 2335 0 2334 2334 0 2336 2336 0 2334 2334 0 2201 2201 0 2201 2201 0 2334 2334 0 2200 2200 0 2201 2201 0 2202 2202 0 2337 2337 0 2336 2336 0 2201 2201 0 2337 2337 0 2202 2202 0 2203 2203 0 2337 2337 0 2206 2206 0 2338 2338 0 2207 2207 0 2340 2340 0 2338 2338 0 2206 2206 0 2340 2340 0 2206 2206 0 2339 2339 0 2339 2339 0 2206 2206 0 2208 2208 0 2325 2325 0 2208 2208 0 2198 2198 0 2325 2325 0 2341 2341 0 2208 2208 0 2341 2341 0 2339 2339 0 2208 2208 0 2327 2327 0 2341 2341 0 2325 2325 0 2336 2336 0 2342 2342 0 2335 2335 0 2337 2337 0 2342 2342 0 2336 2336 0 2343 2343 0 2342 2342 0 2337 2337 0 2345 2345 0 2344 2344 0 2343 2343 0 2209 2209 0 2345 2345 0 2343 2343 0 2209 2209 0 2343 2343 0 2337 2337 0 2209 2209 0 2337 2337 0 2203 2203 0 2209 2209 0 2210 2210 0 2345 2345 0 2213 2213 0 2346 2346 0 2214 2214 0 2213 2213 0 2348 2348 0 2346 2346 0 2207 2207 0 2348 2348 0 2213 2213 0 2207 2207 0 2347 2347 0 2348 2348 0 2207 2207 0 2338 2338 0 2347 2347 0 2340 2340 0 2347 2347 0 2338 2338 0 2345 2345 0 2349 2349 0 2344 2344 0 2351 2351 0 2350 2350 0 2349 2349 0 2215 2215 0 2351 2351 0 2349 2349 0 2215 2215 0 2349 2349 0 2345 2345 0 2215 2215 0 2345 2345 0 2210 2210 0 2215 2215 0 2216 2216 0 2351 2351 0 2219 2219 0 2352 2352 0 2220 2220 0 2219 2219 0 2354 2354 0 2352 2352 0 2214 2214 0 2354 2354 0 2219 2219 0 2214 2214 0 2353 2353 0 2354 2354 0 2214 2214 0 2346 2346 0 2353 2353 0 2348 2348 0 2353 2353 0 2346 2346 0 2351 2351 0 2355 2355 0 2350 2350 0 2357 2357 0 2356 2356 0 2355 2355 0 2221 2221 0 2357 2357 0 2355 2355 0 2221 2221 0 2355 2355 0 2351 2351 0 2221 2221 0 2351 2351 0 2216 2216 0 2221 2221 0 2222 2222 0 2357 2357 0 2225 2225 0 2358 2358 0 2226 2226 0 2225 2225 0 2360 2360 0 2358 2358 0 2220 2220 0 2360 2360 0 2225 2225 0 2220 2220 0 2359 2359 0 2360 2360 0 2220 2220 0 2352 2352 0 2359 2359 0 2354 2354 0 2359 2359 0 2352 2352 0 2357 2357 0 2361 2361 0 2356 2356 0 2363 2363 0 2362 2362 0 2361 2361 0 2227 2227 0 2363 2363 0 2361 2361 0 2227 2227 0 2361 2361 0 2357 2357 0 2227 2227 0 2357 2357 0 2222 2222 0 2227 2227 0 2228 2228 0 2363 2363 0 2230 2230 0 2364 2364 0 2231 2231 0 2230 2230 0 2366 2366 0 2364 2364 0 2226 2226 0 2366 2366 0 2230 2230 0 2226 2226 0 2365 2365 0 2366 2366 0 2226 2226 0 2358 2358 0 2365 2365 0 2360 2360 0 2365 2365 0 2358 2358 0 2363 2363 0 2367 2367 0 2362 2362 0 2369 2369 0 2368 2368 0 2367 2367 0 2232 2232 0 2369 2369 0 2367 2367 0 2232 2232 0 2367 2367 0 2363 2363 0 2232 2232 0 2363 2363 0 2228 2228 0 2232 2232 0 2233 2233 0 2369 2369 0 2364 2364 0 2370 2370 0 2235 2235 0 2231 2231 0 2364 2364 0 2235 2235 0 2371 2371 0 2364 2364 0 2366 2366 0 2370 2370 0 2364 2364 0 2371 2371 0 2373 2373 0 2368 2368 0 2369 2369 0 2372 2372 0 2368 2368 0 2373 2373 0 2233 2233 0 2236 2236 0 2373 2373 0 2369 2369 0 2233 2233 0 2373 2373 0 2370 2370 0 2374 2374 0 2375 2375 0 2370 2370 0 2375 2375 0 2235 2235 0 2235 2235 0 2375 2375 0 2239 2239 0 2371 2371 0 2374 2374 0 2370 2370 0 2373 2373 0 2376 2376 0 2372 2372 0 2378 2378 0 2377 2377 0 2376 2376 0 2240 2240 0 2378 2378 0 2376 2376 0 2240 2240 0 2376 2376 0 2373 2373 0 2240 2240 0 2373 2373 0 2236 2236 0 2240 2240 0 2241 2241 0 2378 2378 0 2242 2242 0 2379 2379 0 2243 2243 0 2242 2242 0 2380 2380 0 2379 2379 0 2242 2242 0 2239 2239 0 2380 2380 0 2239 2239 0 2375 2375 0 2380 2380 0 2382 2382 0 2377 2377 0 2378 2378 0 2381 2381 0 2377 2377 0 2382 2382 0 2241 2241 0 2244 2244 0 2382 2382 0 2378 2378 0 2241 2241 0 2382 2382 0 2379 2379 0 2383 2383 0 2245 2245 0 2243 2243 0 2379 2379 0 2245 2245 0 2384 2384 0 2379 2379 0 2380 2380 0 2383 2383 0 2379 2379 0 2384 2384 0 2386 2386 0 2381 2381 0 2382 2382 0 2385 2385 0 2381 2381 0 2386 2386 0 2244 2244 0 2246 2246 0 2386 2386 0 2382 2382 0 2244 2244 0 2386 2386 0 2383 2383 0 2387 2387 0 2248 2248 0 2245 2245 0 2383 2383 0 2248 2248 0 2388 2388 0 2383 2383 0 2384 2384 0 2387 2387 0 2383 2383 0 2388 2388 0 2390 2390 0 2385 2385 0 2386 2386 0 2389 2389 0 2385 2385 0 2390 2390 0 2246 2246 0 2249 2249 0 2390 2390 0 2386 2386 0 2246 2246 0 2390 2390 0 2387 2387 0 2391 2391 0 2251 2251 0 2248 2248 0 2387 2387 0 2251 2251 0 2392 2392 0 2387 2387 0 2388 2388 0 2391 2391 0 2387 2387 0 2392 2392 0 2394 2394 0 2389 2389 0 2390 2390 0 2393 2393 0 2389 2389 0 2394 2394 0 2249 2249 0 2252 2252 0 2394 2394 0 2390 2390 0 2249 2249 0 2394 2394 0 2391 2391 0 2395 2395 0 2254 2254 0 2251 2251 0 2391 2391 0 2254 2254 0 2396 2396 0 2391 2391 0 2392 2392 0 2395 2395 0 2391 2391 0 2396 2396 0 2398 2398 0 2393 2393 0 2394 2394 0 2397 2397 0 2393 2393 0 2398 2398 0 2252 2252 0 2255 2255 0 2398 2398 0 2394 2394 0 2252 2252 0 2398 2398 0 2395 2395 0 2399 2399 0 2256 2256 0 2254 2254 0 2395 2395 0 2256 2256 0 2400 2400 0 2395 2395 0 2396 2396 0 2399 2399 0 2395 2395 0 2400 2400 0 2402 2402 0 2397 2397 0 2398 2398 0 2401 2401 0 2397 2397 0 2402 2402 0 2255 2255 0 2257 2257 0 2402 2402 0 2398 2398 0 2255 2255 0 2402 2402 0 2256 2256 0 2399 2399 0 2258 2258 0 2399 2399 0 2260 2260 0 2258 2258 0 2399 2399 0 2400 2400 0 2260 2260 0 2400 2400 0 2403 2403 0 2260 2260 0 2261 2261 0 2401 2401 0 2402 2402 0 2261 2261 0 2262 2262 0 2401 2401 0 2262 2262 0 2404 2404 0 2401 2401 0 2257 2257 0 2261 2261 0 2402 2402 0 2405 2405 0 2406 2406 0 2265 2265 0 2405 2405 0 2265 2265 0 2403 2403 0 2403 2403 0 2265 2265 0 2260 2260 0 2405 2405 0 2407 2407 0 2406 2406 0 2410 2410 0 2409 2409 0 2408 2408 0 2410 2410 0 2408 2408 0 2404 2404 0 2410 2410 0 2404 2404 0 2266 2266 0 2266 2266 0 2404 2404 0 2262 2262 0 2406 2406 0 2411 2411 0 2268 2268 0 2265 2265 0 2406 2406 0 2268 2268 0 2412 2412 0 2406 2406 0 2407 2407 0 2411 2411 0 2406 2406 0 2412 2412 0 2414 2414 0 2409 2409 0 2410 2410 0 2413 2413 0 2409 2409 0 2414 2414 0 2266 2266 0 2269 2269 0 2414 2414 0 2410 2410 0 2266 2266 0 2414 2414 0 2268 2268 0 2411 2411 0 2270 2270 0 2272 2272 0 2415 2415 0 2416 2416 0 2270 2270 0 2415 2415 0 2272 2272 0 2270 2270 0 2412 2412 0 2415 2415 0 2270 2270 0 2411 2411 0 2412 2412 0 2415 2415 0 2417 2417 0 2416 2416 0 2420 2420 0 2419 2419 0 2418 2418 0 2413 2413 0 2420 2420 0 2418 2418 0 2414 2414 0 2420 2420 0 2413 2413 0 2414 2414 0 2274 2274 0 2420 2420 0 2414 2414 0 2273 2273 0 2274 2274 0 2269 2269 0 2273 2273 0 2414 2414 0 2272 2272 0 2416 2416 0 2276 2276 0 2278 2278 0 2421 2421 0 2422 2422 0 2276 2276 0 2421 2421 0 2278 2278 0 2276 2276 0 2417 2417 0 2421 2421 0 2276 2276 0 2416 2416 0 2417 2417 0 2421 2421 0 2423 2423 0 2422 2422 0 2426 2426 0 2425 2425 0 2424 2424 0 2419 2419 0 2426 2426 0 2424 2424 0 2420 2420 0 2426 2426 0 2419 2419 0 2420 2420 0 2280 2280 0 2426 2426 0 2420 2420 0 2279 2279 0 2280 2280 0 2274 2274 0 2279 2279 0 2420 2420 0 2278 2278 0 2422 2422 0 2282 2282 0 2284 2284 0 2427 2427 0 2428 2428 0 2282 2282 0 2427 2427 0 2284 2284 0 2282 2282 0 2423 2423 0 2427 2427 0 2282 2282 0 2422 2422 0 2423 2423 0 2427 2427 0 2429 2429 0 2428 2428 0 2432 2432 0 2431 2431 0 2430 2430 0 2425 2425 0 2432 2432 0 2430 2430 0 2426 2426 0 2432 2432 0 2425 2425 0 2426 2426 0 2286 2286 0 2432 2432 0 2426 2426 0 2285 2285 0 2286 2286 0 2280 2280 0 2285 2285 0 2426 2426 0 2284 2284 0 2428 2428 0 2288 2288 0 2290 2290 0 2433 2433 0 2434 2434 0 2288 2288 0 2433 2433 0 2290 2290 0 2288 2288 0 2429 2429 0 2433 2433 0 2288 2288 0 2428 2428 0 2429 2429 0 2433 2433 0 2435 2435 0 2434 2434 0 2438 2438 0 2437 2437 0 2436 2436 0 2431 2431 0 2438 2438 0 2436 2436 0 2432 2432 0 2438 2438 0 2431 2431 0 2432 2432 0 2292 2292 0 2438 2438 0 2432 2432 0 2291 2291 0 2292 2292 0 2286 2286 0 2291 2291 0 2432 2432 0 2290 2290 0 2434 2434 0 2294 2294 0 2296 2296 0 2439 2439 0 2440 2440 0 2294 2294 0 2439 2439 0 2296 2296 0 2294 2294 0 2435 2435 0 2439 2439 0 2294 2294 0 2434 2434 0 2435 2435 0 2440 2440 0 2441 2441 0 2442 2442 0 2439 2439 0 2441 2441 0 2440 2440 0 2441 2441 0 2443 2443 0 2442 2442 0 2446 2446 0 2445 2445 0 2444 2444 0 2446 2446 0 2447 2447 0 2448 2448 0 2444 2444 0 2447 2447 0 2446 2446 0 2437 2437 0 2448 2448 0 2447 2447 0 2438 2438 0 2448 2448 0 2437 2437 0 2438 2438 0 2298 2298 0 2448 2448 0 2438 2438 0 2297 2297 0 2298 2298 0 2292 2292 0 2297 2297 0 2438 2438 0 2296 2296 0 2440 2440 0 2300 2300 0 2301 2301 0 2300 2300 0 2440 2440 0 2442 2442 0 2301 2301 0 2440 2440 0 2303 2303 0 2449 2449 0 2450 2450 0 2301 2301 0 2449 2449 0 2303 2303 0 2301 2301 0 2443 2443 0 2449 2449 0 2301 2301 0 2442 2442 0 2443 2443 0 2450 2450 0 2451 2451 0 2452 2452 0 2449 2449 0 2451 2451 0 2450 2450 0 2452 2452 0 2453 2453 0 2454 2454 0 2451 2451 0 2453 2453 0 2452 2452 0 2454 2454 0 2455 2455 0 2456 2456 0 2453 2453 0 2455 2455 0 2454 2454 0 2456 2456 0 2457 2457 0 2458 2458 0 2455 2455 0 2457 2457 0 2456 2456 0 2458 2458 0 2459 2459 0 2460 2460 0 2457 2457 0 2459 2459 0 2458 2458 0 2460 2460 0 2461 2461 0 2462 2462 0 2459 2459 0 2461 2461 0 2460 2460 0 2462 2462 0 2304 2304 0 2305 2305 0 2462 2462 0 2461 2461 0 2304 2304 0 2461 2461 0 2463 2463 0 2304 2304 0 2445 2445 0 2446 2446 0 2307 2307 0 2445 2445 0 2307 2307 0 2463 2463 0 2463 2463 0 2307 2307 0 2304 2304 0 2309 2309 0 2307 2307 0 2446 2446 0 2448 2448 0 2309 2309 0 2446 2446 0 2298 2298 0 2309 2309 0 2448 2448 0 2303 2303 0 2450 2450 0 2310 2310 0 2311 2311 0 2310 2310 0 2450 2450 0 2452 2452 0 2311 2311 0 2450 2450 0 2312 2312 0 2311 2311 0 2452 2452 0 2454 2454 0 2312 2312 0 2452 2452 0 2313 2313 0 2312 2312 0 2454 2454 0 2456 2456 0 2313 2313 0 2454 2454 0 2315 2315 0 2313 2313 0 2456 2456 0 2458 2458 0 2315 2315 0 2456 2456 0 2317 2317 0 2315 2315 0 2458 2458 0 2460 2460 0 2317 2317 0 2458 2458 0 2318 2318 0 2317 2317 0 2460 2460 0 2462 2462 0 2318 2318 0 2460 2460 0 2305 2305 0 2318 2318 0 2462 2462 0 2326 2326 0 2464 2464 0 2327 2327 0 2326 2326 0 2328 2328 0 2465 2465 0 2464 2464 0 2326 2326 0 2465 2465 0 2328 2328 0 2329 2329 0 2466 2466 0 2465 2465 0 2328 2328 0 2466 2466 0 2468 2468 0 2466 2466 0 2329 2329 0 2468 2468 0 2329 2329 0 2467 2467 0 2467 2467 0 2329 2329 0 2330 2330 0 2470 2470 0 2469 2469 0 2467 2467 0 2470 2470 0 2467 2467 0 2331 2331 0 2331 2331 0 2467 2467 0 2330 2330 0 2331 2331 0 2332 2332 0 2471 2471 0 2470 2470 0 2331 2331 0 2471 2471 0 2332 2332 0 2333 2333 0 2472 2472 0 2471 2471 0 2332 2332 0 2472 2472 0 2333 2333 0 2334 2334 0 2473 2473 0 2472 2472 0 2333 2333 0 2473 2473 0 2334 2334 0 2335 2335 0 2473 2473 0 2339 2339 0 2474 2474 0 2340 2340 0 2339 2339 0 2341 2341 0 2475 2475 0 2474 2474 0 2339 2339 0 2475 2475 0 2341 2341 0 2477 2477 0 2475 2475 0 2327 2327 0 2477 2477 0 2341 2341 0 2327 2327 0 2476 2476 0 2477 2477 0 2327 2327 0 2464 2464 0 2476 2476 0 2465 2465 0 2476 2476 0 2464 2464 0 2478 2478 0 2476 2476 0 2465 2465 0 2466 2466 0 2478 2478 0 2465 2465 0 2479 2479 0 2478 2478 0 2466 2466 0 2468 2468 0 2479 2479 0 2466 2466 0 2470 2470 0 2480 2480 0 2469 2469 0 2471 2471 0 2480 2480 0 2470 2470 0 2481 2481 0 2480 2480 0 2471 2471 0 2472 2472 0 2481 2481 0 2471 2471 0 2482 2482 0 2481 2481 0 2472 2472 0 2473 2473 0 2482 2482 0 2472 2472 0 2483 2483 0 2482 2482 0 2473 2473 0 2485 2485 0 2484 2484 0 2483 2483 0 2342 2342 0 2485 2485 0 2483 2483 0 2342 2342 0 2483 2483 0 2473 2473 0 2342 2342 0 2473 2473 0 2335 2335 0 2342 2342 0 2343 2343 0 2486 2486 0 2485 2485 0 2342 2342 0 2486 2486 0 2343 2343 0 2344 2344 0 2486 2486 0 2347 2347 0 2487 2487 0 2348 2348 0 2347 2347 0 2489 2489 0 2487 2487 0 2340 2340 0 2489 2489 0 2347 2347 0 2340 2340 0 2488 2488 0 2489 2489 0 2340 2340 0 2474 2474 0 2488 2488 0 2475 2475 0 2488 2488 0 2474 2474 0 2490 2490 0 2488 2488 0 2475 2475 0 2477 2477 0 2490 2490 0 2475 2475 0 2485 2485 0 2491 2491 0 2484 2484 0 2486 2486 0 2491 2491 0 2485 2485 0 2492 2492 0 2491 2491 0 2486 2486 0 2494 2494 0 2493 2493 0 2492 2492 0 2349 2349 0 2494 2494 0 2492 2492 0 2349 2349 0 2492 2492 0 2486 2486 0 2349 2349 0 2486 2486 0 2344 2344 0 2349 2349 0 2350 2350 0 2494 2494 0 2353 2353 0 2495 2495 0 2354 2354 0 2353 2353 0 2497 2497 0 2495 2495 0 2348 2348 0 2497 2497 0 2353 2353 0 2348 2348 0 2496 2496 0 2497 2497 0 2348 2348 0 2487 2487 0 2496 2496 0 2489 2489 0 2496 2496 0 2487 2487 0 2494 2494 0 2498 2498 0 2493 2493 0 2500 2500 0 2499 2499 0 2498 2498 0 2355 2355 0 2500 2500 0 2498 2498 0 2355 2355 0 2498 2498 0 2494 2494 0 2355 2355 0 2494 2494 0 2350 2350 0 2355 2355 0 2356 2356 0 2500 2500 0 2359 2359 0 2501 2501 0 2360 2360 0 2359 2359 0 2503 2503 0 2501 2501 0 2354 2354 0 2503 2503 0 2359 2359 0 2354 2354 0 2502 2502 0 2503 2503 0 2354 2354 0 2495 2495 0 2502 2502 0 2497 2497 0 2502 2502 0 2495 2495 0 2500 2500 0 2504 2504 0 2499 2499 0 2506 2506 0 2505 2505 0 2504 2504 0 2361 2361 0 2506 2506 0 2504 2504 0 2361 2361 0 2504 2504 0 2500 2500 0 2361 2361 0 2500 2500 0 2356 2356 0 2361 2361 0 2362 2362 0 2506 2506 0 2365 2365 0 2507 2507 0 2366 2366 0 2365 2365 0 2509 2509 0 2507 2507 0 2360 2360 0 2509 2509 0 2365 2365 0 2360 2360 0 2508 2508 0 2509 2509 0 2360 2360 0 2501 2501 0 2508 2508 0 2503 2503 0 2508 2508 0 2501 2501 0 2506 2506 0 2510 2510 0 2505 2505 0 2512 2512 0 2511 2511 0 2510 2510 0 2367 2367 0 2512 2512 0 2510 2510 0 2367 2367 0 2510 2510 0 2506 2506 0 2367 2367 0 2506 2506 0 2362 2362 0 2367 2367 0 2368 2368 0 2512 2512 0 2507 2507 0 2513 2513 0 2371 2371 0 2366 2366 0 2507 2507 0 2371 2371 0 2514 2514 0 2507 2507 0 2509 2509 0 2513 2513 0 2507 2507 0 2514 2514 0 2516 2516 0 2511 2511 0 2512 2512 0 2515 2515 0 2511 2511 0 2516 2516 0 2368 2368 0 2372 2372 0 2516 2516 0 2512 2512 0 2368 2368 0 2516 2516 0 2374 2374 0 2517 2517 0 2375 2375 0 2374 2374 0 2519 2519 0 2517 2517 0 2371 2371 0 2519 2519 0 2374 2374 0 2371 2371 0 2518 2518 0 2519 2519 0 2371 2371 0 2513 2513 0 2518 2518 0 2514 2514 0 2518 2518 0 2513 2513 0 2516 2516 0 2520 2520 0 2515 2515 0 2522 2522 0 2521 2521 0 2520 2520 0 2376 2376 0 2522 2522 0 2520 2520 0 2376 2376 0 2520 2520 0 2516 2516 0 2376 2376 0 2516 2516 0 2372 2372 0 2376 2376 0 2377 2377 0 2522 2522 0 2517 2517 0 2523 2523 0 2380 2380 0 2375 2375 0 2517 2517 0 2380 2380 0 2524 2524 0 2517 2517 0 2519 2519 0 2523 2523 0 2517 2517 0 2524 2524 0 2526 2526 0 2521 2521 0 2522 2522 0 2525 2525 0 2521 2521 0 2526 2526 0 2377 2377 0 2381 2381 0 2526 2526 0 2522 2522 0 2377 2377 0 2526 2526 0 2523 2523 0 2527 2527 0 2384 2384 0 2380 2380 0 2523 2523 0 2384 2384 0 2528 2528 0 2523 2523 0 2524 2524 0 2527 2527 0 2523 2523 0 2528 2528 0 2530 2530 0 2525 2525 0 2526 2526 0 2529 2529 0 2525 2525 0 2530 2530 0 2381 2381 0 2385 2385 0 2530 2530 0 2526 2526 0 2381 2381 0 2530 2530 0 2527 2527 0 2531 2531 0 2532 2532 0 2527 2527 0 2532 2532 0 2384 2384 0 2384 2384 0 2532 2532 0 2388 2388 0 2528 2528 0 2531 2531 0 2527 2527 0 2530 2530 0 2533 2533 0 2529 2529 0 2533 2533 0 2530 2530 0 2385 2385 0 2533 2533 0 2385 2385 0 2534 2534 0 2534 2534 0 2385 2385 0 2389 2389 0 2388 2388 0 2532 2532 0 2392 2392 0 2532 2532 0 2535 2535 0 2392 2392 0 2389 2389 0 2393 2393 0 2534 2534 0 2534 2534 0 2393 2393 0 2536 2536 0 2537 2537 0 2538 2538 0 2396 2396 0 2537 2537 0 2396 2396 0 2535 2535 0 2535 2535 0 2396 2396 0 2392 2392 0 2537 2537 0 2539 2539 0 2538 2538 0 2393 2393 0 2397 2397 0 2536 2536 0 2536 2536 0 2397 2397 0 2540 2540 0 2538 2538 0 2541 2541 0 2400 2400 0 2396 2396 0 2538 2538 0 2400 2400 0 2542 2542 0 2538 2538 0 2539 2539 0 2541 2541 0 2538 2538 0 2542 2542 0 2545 2545 0 2544 2544 0 2543 2543 0 2545 2545 0 2543 2543 0 2540 2540 0 2545 2545 0 2540 2540 0 2401 2401 0 2401 2401 0 2540 2540 0 2397 2397 0 2541 2541 0 2546 2546 0 2403 2403 0 2400 2400 0 2541 2541 0 2403 2403 0 2547 2547 0 2541 2541 0 2542 2542 0 2546 2546 0 2541 2541 0 2547 2547 0 2549 2549 0 2544 2544 0 2545 2545 0 2548 2548 0 2544 2544 0 2549 2549 0 2401 2401 0 2404 2404 0 2549 2549 0 2545 2545 0 2401 2401 0 2549 2549 0 2403 2403 0 2546 2546 0 2405 2405 0 2407 2407 0 2550 2550 0 2551 2551 0 2405 2405 0 2550 2550 0 2407 2407 0 2405 2405 0 2547 2547 0 2550 2550 0 2405 2405 0 2546 2546 0 2547 2547 0 2550 2550 0 2552 2552 0 2551 2551 0 2555 2555 0 2554 2554 0 2553 2553 0 2548 2548 0 2555 2555 0 2553 2553 0 2549 2549 0 2555 2555 0 2548 2548 0 2549 2549 0 2409 2409 0 2555 2555 0 2549 2549 0 2408 2408 0 2409 2409 0 2404 2404 0 2408 2408 0 2549 2549 0 2551 2551 0 2556 2556 0 2412 2412 0 2407 2407 0 2551 2551 0 2412 2412 0 2557 2557 0 2551 2551 0 2552 2552 0 2556 2556 0 2551 2551 0 2557 2557 0 2559 2559 0 2554 2554 0 2555 2555 0 2558 2558 0 2554 2554 0 2559 2559 0 2409 2409 0 2413 2413 0 2559 2559 0 2555 2555 0 2409 2409 0 2559 2559 0 2412 2412 0 2556 2556 0 2415 2415 0 2417 2417 0 2560 2560 0 2561 2561 0 2415 2415 0 2560 2560 0 2417 2417 0 2415 2415 0 2557 2557 0 2560 2560 0 2415 2415 0 2556 2556 0 2557 2557 0 2560 2560 0 2562 2562 0 2561 2561 0 2565 2565 0 2564 2564 0 2563 2563 0 2558 2558 0 2565 2565 0 2563 2563 0 2559 2559 0 2565 2565 0 2558 2558 0 2559 2559 0 2419 2419 0 2565 2565 0 2559 2559 0 2418 2418 0 2419 2419 0 2413 2413 0 2418 2418 0 2559 2559 0 2417 2417 0 2561 2561 0 2421 2421 0 2423 2423 0 2566 2566 0 2567 2567 0 2421 2421 0 2566 2566 0 2423 2423 0 2421 2421 0 2562 2562 0 2566 2566 0 2421 2421 0 2561 2561 0 2562 2562 0 2566 2566 0 2568 2568 0 2567 2567 0 2571 2571 0 2570 2570 0 2569 2569 0 2564 2564 0 2571 2571 0 2569 2569 0 2565 2565 0 2571 2571 0 2564 2564 0 2565 2565 0 2425 2425 0 2571 2571 0 2565 2565 0 2424 2424 0 2425 2425 0 2419 2419 0 2424 2424 0 2565 2565 0 2423 2423 0 2567 2567 0 2427 2427 0 2429 2429 0 2572 2572 0 2573 2573 0 2427 2427 0 2572 2572 0 2429 2429 0 2427 2427 0 2568 2568 0 2572 2572 0 2427 2427 0 2567 2567 0 2568 2568 0 2572 2572 0 2574 2574 0 2573 2573 0 2577 2577 0 2576 2576 0 2575 2575 0 2570 2570 0 2577 2577 0 2575 2575 0 2571 2571 0 2577 2577 0 2570 2570 0 2571 2571 0 2431 2431 0 2577 2577 0 2571 2571 0 2430 2430 0 2431 2431 0 2425 2425 0 2430 2430 0 2571 2571 0 2429 2429 0 2573 2573 0 2433 2433 0 2435 2435 0 2578 2578 0 2579 2579 0 2433 2433 0 2578 2578 0 2435 2435 0 2433 2433 0 2574 2574 0 2578 2578 0 2433 2433 0 2573 2573 0 2574 2574 0 2579 2579 0 2580 2580 0 2581 2581 0 2578 2578 0 2580 2580 0 2579 2579 0 2580 2580 0 2582 2582 0 2581 2581 0 2585 2585 0 2584 2584 0 2583 2583 0 2585 2585 0 2586 2586 0 2587 2587 0 2583 2583 0 2586 2586 0 2585 2585 0 2576 2576 0 2587 2587 0 2586 2586 0 2577 2577 0 2587 2587 0 2576 2576 0 2577 2577 0 2437 2437 0 2587 2587 0 2577 2577 0 2436 2436 0 2437 2437 0 2431 2431 0 2436 2436 0 2577 2577 0 2435 2435 0 2579 2579 0 2439 2439 0 2441 2441 0 2439 2439 0 2579 2579 0 2581 2581 0 2441 2441 0 2579 2579 0 2443 2443 0 2588 2588 0 2589 2589 0 2441 2441 0 2588 2588 0 2443 2443 0 2441 2441 0 2582 2582 0 2588 2588 0 2441 2441 0 2581 2581 0 2582 2582 0 2589 2589 0 2590 2590 0 2591 2591 0 2588 2588 0 2590 2590 0 2589 2589 0 2591 2591 0 2592 2592 0 2593 2593 0 2590 2590 0 2592 2592 0 2591 2591 0 2592 2592 0 2594 2594 0 2593 2593 0 2597 2597 0 2596 2596 0 2595 2595 0 2597 2597 0 2598 2598 0 2599 2599 0 2595 2595 0 2598 2598 0 2597 2597 0 2599 2599 0 2600 2600 0 2601 2601 0 2598 2598 0 2600 2600 0 2599 2599 0 2584 2584 0 2601 2601 0 2600 2600 0 2585 2585 0 2601 2601 0 2584 2584 0 2585 2585 0 2445 2445 0 2601 2601 0 2585 2585 0 2444 2444 0 2445 2445 0 2447 2447 0 2444 2444 0 2585 2585 0 2587 2587 0 2447 2447 0 2585 2585 0 2437 2437 0 2447 2447 0 2587 2587 0 2443 2443 0 2589 2589 0 2449 2449 0 2451 2451 0 2449 2449 0 2589 2589 0 2591 2591 0 2451 2451 0 2589 2589 0 2453 2453 0 2451 2451 0 2591 2591 0 2593 2593 0 2453 2453 0 2591 2591 0 2593 2593 0 2594 2594 0 2602 2602 0 2593 2593 0 2602 2602 0 2453 2453 0 2453 2453 0 2602 2602 0 2455 2455 0 2457 2457 0 2455 2455 0 2603 2603 0 2455 2455 0 2602 2602 0 2603 2603 0 2596 2596 0 2597 2597 0 2459 2459 0 2596 2596 0 2459 2459 0 2603 2603 0 2603 2603 0 2459 2459 0 2457 2457 0 2461 2461 0 2459 2459 0 2597 2597 0 2599 2599 0 2461 2461 0 2597 2597 0 2463 2463 0 2461 2461 0 2599 2599 0 2601 2601 0 2463 2463 0 2599 2599 0 2445 2445 0 2463 2463 0 2601 2601 0 2467 2467 0 2604 2604 0 2468 2468 0 2467 2467 0 2469 2469 0 2604 2604 0 2476 2476 0 2605 2605 0 2477 2477 0 2476 2476 0 2478 2478 0 2606 2606 0 2605 2605 0 2476 2476 0 2606 2606 0 2478 2478 0 2479 2479 0 2607 2607 0 2606 2606 0 2478 2478 0 2607 2607 0 2479 2479 0 2609 2609 0 2607 2607 0 2468 2468 0 2609 2609 0 2479 2479 0 2468 2468 0 2608 2608 0 2609 2609 0 2468 2468 0 2604 2604 0 2608 2608 0 2469 2469 0 2608 2608 0 2604 2604 0 2469 2469 0 2480 2480 0 2608 2608 0 2480 2480 0 2610 2610 0 2608 2608 0 2612 2612 0 2611 2611 0 2610 2610 0 2612 2612 0 2610 2610 0 2481 2481 0 2481 2481 0 2610 2610 0 2480 2480 0 2481 2481 0 2482 2482 0 2613 2613 0 2612 2612 0 2481 2481 0 2613 2613 0 2482 2482 0 2483 2483 0 2614 2614 0 2613 2613 0 2482 2482 0 2614 2614 0 2483 2483 0 2484 2484 0 2614 2614 0 2488 2488 0 2615 2615 0 2489 2489 0 2488 2488 0 2490 2490 0 2616 2616 0 2615 2615 0 2488 2488 0 2616 2616 0 2490 2490 0 2618 2618 0 2616 2616 0 2477 2477 0 2618 2618 0 2490 2490 0 2477 2477 0 2617 2617 0 2618 2618 0 2477 2477 0 2605 2605 0 2617 2617 0 2606 2606 0 2617 2617 0 2605 2605 0 2619 2619 0 2617 2617 0 2606 2606 0 2607 2607 0 2619 2619 0 2606 2606 0 2620 2620 0 2619 2619 0 2607 2607 0 2609 2609 0 2620 2620 0 2607 2607 0 2612 2612 0 2621 2621 0 2611 2611 0 2613 2613 0 2621 2621 0 2612 2612 0 2622 2622 0 2621 2621 0 2613 2613 0 2614 2614 0 2622 2622 0 2613 2613 0 2623 2623 0 2622 2622 0 2614 2614 0 2625 2625 0 2624 2624 0 2623 2623 0 2491 2491 0 2625 2625 0 2623 2623 0 2491 2491 0 2623 2623 0 2614 2614 0 2491 2491 0 2614 2614 0 2484 2484 0 2491 2491 0 2492 2492 0 2626 2626 0 2625 2625 0 2491 2491 0 2626 2626 0 2492 2492 0 2493 2493 0 2626 2626 0 2496 2496 0 2627 2627 0 2497 2497 0 2496 2496 0 2629 2629 0 2627 2627 0 2489 2489 0 2629 2629 0 2496 2496 0 2489 2489 0 2628 2628 0 2629 2629 0 2489 2489 0 2615 2615 0 2628 2628 0 2616 2616 0 2628 2628 0 2615 2615 0 2630 2630 0 2628 2628 0 2616 2616 0 2618 2618 0 2630 2630 0 2616 2616 0 2625 2625 0 2631 2631 0 2624 2624 0 2626 2626 0 2631 2631 0 2625 2625 0 2632 2632 0 2631 2631 0 2626 2626 0 2634 2634 0 2633 2633 0 2632 2632 0 2498 2498 0 2634 2634 0 2632 2632 0 2498 2498 0 2632 2632 0 2626 2626 0 2498 2498 0 2626 2626 0 2493 2493 0 2498 2498 0 2499 2499 0 2634 2634 0 2502 2502 0 2635 2635 0 2503 2503 0 2502 2502 0 2637 2637 0 2635 2635 0 2497 2497 0 2637 2637 0 2502 2502 0 2497 2497 0 2636 2636 0 2637 2637 0 2497 2497 0 2627 2627 0 2636 2636 0 2629 2629 0 2636 2636 0 2627 2627 0 2634 2634 0 2638 2638 0 2633 2633 0 2640 2640 0 2639 2639 0 2638 2638 0 2504 2504 0 2640 2640 0 2638 2638 0 2504 2504 0 2638 2638 0 2634 2634 0 2504 2504 0 2634 2634 0 2499 2499 0 2504 2504 0 2505 2505 0 2640 2640 0 2508 2508 0 2641 2641 0 2509 2509 0 2508 2508 0 2643 2643 0 2641 2641 0 2503 2503 0 2643 2643 0 2508 2508 0 2503 2503 0 2642 2642 0 2643 2643 0 2503 2503 0 2635 2635 0 2642 2642 0 2637 2637 0 2642 2642 0 2635 2635 0 2640 2640 0 2644 2644 0 2639 2639 0 2646 2646 0 2645 2645 0 2644 2644 0 2510 2510 0 2646 2646 0 2644 2644 0 2510 2510 0 2644 2644 0 2640 2640 0 2510 2510 0 2640 2640 0 2505 2505 0 2510 2510 0 2511 2511 0 2646 2646 0 2641 2641 0 2647 2647 0 2514 2514 0 2509 2509 0 2641 2641 0 2514 2514 0 2648 2648 0 2641 2641 0 2643 2643 0 2647 2647 0 2641 2641 0 2648 2648 0 2650 2650 0 2645 2645 0 2646 2646 0 2649 2649 0 2645 2645 0 2650 2650 0 2511 2511 0 2515 2515 0 2650 2650 0 2646 2646 0 2511 2511 0 2650 2650 0 2518 2518 0 2651 2651 0 2519 2519 0 2518 2518 0 2653 2653 0 2651 2651 0 2514 2514 0 2653 2653 0 2518 2518 0 2514 2514 0 2652 2652 0 2653 2653 0 2514 2514 0 2647 2647 0 2652 2652 0 2648 2648 0 2652 2652 0 2647 2647 0 2650 2650 0 2654 2654 0 2649 2649 0 2656 2656 0 2655 2655 0 2654 2654 0 2520 2520 0 2656 2656 0 2654 2654 0 2520 2520 0 2654 2654 0 2650 2650 0 2520 2520 0 2650 2650 0 2515 2515 0 2520 2520 0 2521 2521 0 2656 2656 0 2651 2651 0 2657 2657 0 2524 2524 0 2519 2519 0 2651 2651 0 2524 2524 0 2658 2658 0 2651 2651 0 2653 2653 0 2657 2657 0 2651 2651 0 2658 2658 0 2660 2660 0 2655 2655 0 2656 2656 0 2659 2659 0 2655 2655 0 2660 2660 0 2521 2521 0 2525 2525 0 2660 2660 0 2656 2656 0 2521 2521 0 2660 2660 0 2657 2657 0 2661 2661 0 2528 2528 0 2524 2524 0 2657 2657 0 2528 2528 0 2662 2662 0 2657 2657 0 2658 2658 0 2661 2661 0 2657 2657 0 2662 2662 0 2664 2664 0 2659 2659 0 2660 2660 0 2663 2663 0 2659 2659 0 2664 2664 0 2525 2525 0 2529 2529 0 2664 2664 0 2660 2660 0 2525 2525 0 2664 2664 0 2531 2531 0 2665 2665 0 2532 2532 0 2531 2531 0 2528 2528 0 2661 2661 0 2531 2531 0 2661 2661 0 2665 2665 0 2665 2665 0 2661 2661 0 2666 2666 0 2667 2667 0 2661 2661 0 2662 2662 0 2666 2666 0 2661 2661 0 2667 2667 0 2664 2664 0 2668 2668 0 2663 2663 0 2670 2670 0 2669 2669 0 2668 2668 0 2533 2533 0 2670 2670 0 2668 2668 0 2533 2533 0 2668 2668 0 2664 2664 0 2533 2533 0 2664 2664 0 2529 2529 0 2533 2533 0 2534 2534 0 2670 2670 0 2665 2665 0 2671 2671 0 2535 2535 0 2532 2532 0 2665 2665 0 2535 2535 0 2666 2666 0 2672 2672 0 2665 2665 0 2672 2672 0 2671 2671 0 2665 2665 0 2673 2673 0 2666 2666 0 2667 2667 0 2672 2672 0 2666 2666 0 2673 2673 0 2675 2675 0 2669 2669 0 2670 2670 0 2674 2674 0 2669 2669 0 2675 2675 0 2534 2534 0 2536 2536 0 2675 2675 0 2670 2670 0 2534 2534 0 2675 2675 0 2535 2535 0 2671 2671 0 2537 2537 0 2539 2539 0 2537 2537 0 2671 2671 0 2539 2539 0 2671 2671 0 2676 2676 0 2676 2676 0 2671 2671 0 2672 2672 0 2677 2677 0 2672 2672 0 2673 2673 0 2676 2676 0 2672 2672 0 2677 2677 0 2680 2680 0 2679 2679 0 2678 2678 0 2674 2674 0 2680 2680 0 2678 2678 0 2674 2674 0 2675 2675 0 2680 2680 0 2675 2675 0 2681 2681 0 2680 2680 0 2536 2536 0 2540 2540 0 2681 2681 0 2675 2675 0 2536 2536 0 2681 2681 0 2676 2676 0 2682 2682 0 2542 2542 0 2539 2539 0 2676 2676 0 2542 2542 0 2683 2683 0 2676 2676 0 2677 2677 0 2682 2682 0 2676 2676 0 2683 2683 0 2685 2685 0 2679 2679 0 2680 2680 0 2684 2684 0 2679 2679 0 2685 2685 0 2543 2543 0 2544 2544 0 2685 2685 0 2543 2543 0 2685 2685 0 2681 2681 0 2681 2681 0 2685 2685 0 2680 2680 0 2540 2540 0 2543 2543 0 2681 2681 0 2682 2682 0 2686 2686 0 2547 2547 0 2542 2542 0 2682 2682 0 2547 2547 0 2687 2687 0 2682 2682 0 2683 2683 0 2686 2686 0 2682 2682 0 2687 2687 0 2689 2689 0 2684 2684 0 2685 2685 0 2688 2688 0 2684 2684 0 2689 2689 0 2544 2544 0 2548 2548 0 2689 2689 0 2685 2685 0 2544 2544 0 2689 2689 0 2547 2547 0 2686 2686 0 2550 2550 0 2552 2552 0 2690 2690 0 2691 2691 0 2550 2550 0 2690 2690 0 2552 2552 0 2550 2550 0 2687 2687 0 2690 2690 0 2550 2550 0 2686 2686 0 2687 2687 0 2690 2690 0 2692 2692 0 2691 2691 0 2695 2695 0 2694 2694 0 2693 2693 0 2688 2688 0 2695 2695 0 2693 2693 0 2689 2689 0 2695 2695 0 2688 2688 0 2689 2689 0 2554 2554 0 2695 2695 0 2689 2689 0 2553 2553 0 2554 2554 0 2548 2548 0 2553 2553 0 2689 2689 0 2691 2691 0 2696 2696 0 2557 2557 0 2552 2552 0 2691 2691 0 2557 2557 0 2697 2697 0 2691 2691 0 2692 2692 0 2696 2696 0 2691 2691 0 2697 2697 0 2699 2699 0 2694 2694 0 2695 2695 0 2698 2698 0 2694 2694 0 2699 2699 0 2554 2554 0 2558 2558 0 2699 2699 0 2695 2695 0 2554 2554 0 2699 2699 0 2557 2557 0 2696 2696 0 2560 2560 0 2562 2562 0 2700 2700 0 2701 2701 0 2560 2560 0 2700 2700 0 2562 2562 0 2560 2560 0 2697 2697 0 2700 2700 0 2560 2560 0 2696 2696 0 2697 2697 0 2700 2700 0 2702 2702 0 2701 2701 0 2705 2705 0 2704 2704 0 2703 2703 0 2698 2698 0 2705 2705 0 2703 2703 0 2699 2699 0 2705 2705 0 2698 2698 0 2699 2699 0 2564 2564 0 2705 2705 0 2699 2699 0 2563 2563 0 2564 2564 0 2558 2558 0 2563 2563 0 2699 2699 0 2562 2562 0 2701 2701 0 2566 2566 0 2568 2568 0 2706 2706 0 2707 2707 0 2566 2566 0 2706 2706 0 2568 2568 0 2566 2566 0 2702 2702 0 2706 2706 0 2566 2566 0 2701 2701 0 2702 2702 0 2707 2707 0 2708 2708 0 2709 2709 0 2706 2706 0 2708 2708 0 2707 2707 0 2708 2708 0 2710 2710 0 2709 2709 0 2713 2713 0 2712 2712 0 2711 2711 0 2704 2704 0 2713 2713 0 2711 2711 0 2705 2705 0 2713 2713 0 2704 2704 0 2705 2705 0 2570 2570 0 2713 2713 0 2705 2705 0 2569 2569 0 2570 2570 0 2564 2564 0 2569 2569 0 2705 2705 0 2568 2568 0 2707 2707 0 2572 2572 0 2574 2574 0 2572 2572 0 2707 2707 0 2574 2574 0 2707 2707 0 2714 2714 0 2714 2714 0 2707 2707 0 2709 2709 0 2715 2715 0 2709 2709 0 2710 2710 0 2715 2715 0 2716 2716 0 2709 2709 0 2716 2716 0 2714 2714 0 2709 2709 0 2715 2715 0 2717 2717 0 2716 2716 0 2720 2720 0 2719 2719 0 2718 2718 0 2720 2720 0 2721 2721 0 2722 2722 0 2718 2718 0 2721 2721 0 2720 2720 0 2712 2712 0 2722 2722 0 2721 2721 0 2713 2713 0 2722 2722 0 2712 2712 0 2713 2713 0 2576 2576 0 2722 2722 0 2713 2713 0 2575 2575 0 2576 2576 0 2570 2570 0 2575 2575 0 2713 2713 0 2574 2574 0 2714 2714 0 2578 2578 0 2580 2580 0 2578 2578 0 2714 2714 0 2716 2716 0 2580 2580 0 2714 2714 0 2582 2582 0 2723 2723 0 2724 2724 0 2580 2580 0 2723 2723 0 2582 2582 0 2580 2580 0 2717 2717 0 2723 2723 0 2580 2580 0 2716 2716 0 2717 2717 0 2724 2724 0 2725 2725 0 2726 2726 0 2723 2723 0 2725 2725 0 2724 2724 0 2726 2726 0 2727 2727 0 2728 2728 0 2725 2725 0 2727 2727 0 2726 2726 0 2728 2728 0 2729 2729 0 2730 2730 0 2727 2727 0 2729 2729 0 2728 2728 0 2730 2730 0 2731 2731 0 2732 2732 0 2729 2729 0 2731 2731 0 2730 2730 0 2732 2732 0 2733 2733 0 2734 2734 0 2731 2731 0 2733 2733 0 2732 2732 0 2734 2734 0 2735 2735 0 2736 2736 0 2733 2733 0 2735 2735 0 2734 2734 0 2736 2736 0 2737 2737 0 2738 2738 0 2735 2735 0 2737 2737 0 2736 2736 0 2719 2719 0 2738 2738 0 2737 2737 0 2720 2720 0 2738 2738 0 2719 2719 0 2720 2720 0 2584 2584 0 2738 2738 0 2720 2720 0 2583 2583 0 2584 2584 0 2586 2586 0 2583 2583 0 2720 2720 0 2722 2722 0 2586 2586 0 2720 2720 0 2576 2576 0 2586 2586 0 2722 2722 0 2582 2582 0 2724 2724 0 2588 2588 0 2590 2590 0 2588 2588 0 2724 2724 0 2726 2726 0 2590 2590 0 2724 2724 0 2592 2592 0 2590 2590 0 2726 2726 0 2728 2728 0 2592 2592 0 2726 2726 0 2594 2594 0 2592 2592 0 2728 2728 0 2594 2594 0 2728 2728 0 2739 2739 0 2739 2739 0 2728 2728 0 2730 2730 0 2732 2732 0 2740 2740 0 2730 2730 0 2740 2740 0 2739 2739 0 2730 2730 0 2595 2595 0 2596 2596 0 2740 2740 0 2595 2595 0 2740 2740 0 2734 2734 0 2734 2734 0 2740 2740 0 2732 2732 0 2598 2598 0 2595 2595 0 2734 2734 0 2736 2736 0 2598 2598 0 2734 2734 0 2600 2600 0 2598 2598 0 2736 2736 0 2738 2738 0 2600 2600 0 2736 2736 0 2584 2584 0 2600 2600 0 2738 2738 0 2594 2594 0 2739 2739 0 2602 2602 0 2603 2603 0 2602 2602 0 2739 2739 0 2740 2740 0 2603 2603 0 2739 2739 0 2596 2596 0 2603 2603 0 2740 2740 0 2608 2608 0 2741 2741 0 2609 2609 0 2608 2608 0 2610 2610 0 2742 2742 0 2741 2741 0 2608 2608 0 2742 2742 0 2610 2610 0 2611 2611 0 2742 2742 0 2617 2617 0 2743 2743 0 2618 2618 0 2617 2617 0 2619 2619 0 2744 2744 0 2743 2743 0 2617 2617 0 2744 2744 0 2619 2619 0 2620 2620 0 2745 2745 0 2744 2744 0 2619 2619 0 2745 2745 0 2620 2620 0 2609 2609 0 2741 2741 0 2620 2620 0 2741 2741 0 2745 2745 0 2745 2745 0 2741 2741 0 2746 2746 0 2742 2742 0 2747 2747 0 2741 2741 0 2747 2747 0 2746 2746 0 2741 2741 0 2611 2611 0 2621 2621 0 2748 2748 0 2611 2611 0 2748 2748 0 2742 2742 0 2742 2742 0 2748 2748 0 2747 2747 0 2621 2621 0 2622 2622 0 2749 2749 0 2748 2748 0 2621 2621 0 2749 2749 0 2622 2622 0 2623 2623 0 2750 2750 0 2749 2749 0 2622 2622 0 2750 2750 0 2623 2623 0 2624 2624 0 2750 2750 0 2628 2628 0 2751 2751 0 2629 2629 0 2628 2628 0 2630 2630 0 2752 2752 0 2751 2751 0 2628 2628 0 2752 2752 0 2630 2630 0 2618 2618 0 2743 2743 0 2630 2630 0 2743 2743 0 2752 2752 0 2752 2752 0 2743 2743 0 2753 2753 0 2755 2755 0 2744 2744 0 2754 2754 0 2755 2755 0 2753 2753 0 2744 2744 0 2753 2753 0 2743 2743 0 2744 2744 0 2745 2745 0 2754 2754 0 2744 2744 0 2756 2756 0 2754 2754 0 2745 2745 0 2746 2746 0 2756 2756 0 2745 2745 0 2757 2757 0 2756 2756 0 2746 2746 0 2747 2747 0 2757 2757 0 2746 2746 0 2758 2758 0 2757 2757 0 2747 2747 0 2748 2748 0 2758 2758 0 2747 2747 0 2759 2759 0 2758 2758 0 2748 2748 0 2749 2749 0 2759 2759 0 2748 2748 0 2760 2760 0 2759 2759 0 2749 2749 0 2760 2760 0 2762 2762 0 2761 2761 0 2760 2760 0 2749 2749 0 2762 2762 0 2749 2749 0 2750 2750 0 2762 2762 0 2624 2624 0 2631 2631 0 2763 2763 0 2624 2624 0 2763 2763 0 2750 2750 0 2750 2750 0 2763 2763 0 2762 2762 0 2631 2631 0 2632 2632 0 2764 2764 0 2763 2763 0 2631 2631 0 2764 2764 0 2632 2632 0 2633 2633 0 2764 2764 0 2636 2636 0 2765 2765 0 2637 2637 0 2636 2636 0 2629 2629 0 2751 2751 0 2636 2636 0 2751 2751 0 2765 2765 0 2765 2765 0 2751 2751 0 2766 2766 0 2768 2768 0 2752 2752 0 2767 2767 0 2768 2768 0 2766 2766 0 2752 2752 0 2766 2766 0 2751 2751 0 2752 2752 0 2753 2753 0 2767 2767 0 2752 2752 0 2769 2769 0 2767 2767 0 2753 2753 0 2755 2755 0 2769 2769 0 2753 2753 0 2762 2762 0 2770 2770 0 2761 2761 0 2763 2763 0 2770 2770 0 2762 2762 0 2771 2771 0 2770 2770 0 2763 2763 0 2771 2771 0 2773 2773 0 2772 2772 0 2771 2771 0 2763 2763 0 2773 2773 0 2763 2763 0 2764 2764 0 2773 2773 0 2633 2633 0 2638 2638 0 2774 2774 0 2633 2633 0 2774 2774 0 2764 2764 0 2764 2764 0 2774 2774 0 2773 2773 0 2638 2638 0 2639 2639 0 2774 2774 0 2642 2642 0 2775 2775 0 2643 2643 0 2642 2642 0 2637 2637 0 2765 2765 0 2642 2642 0 2765 2765 0 2775 2775 0 2775 2775 0 2765 2765 0 2776 2776 0 2778 2778 0 2766 2766 0 2777 2777 0 2778 2778 0 2776 2776 0 2766 2766 0 2776 2776 0 2765 2765 0 2766 2766 0 2768 2768 0 2777 2777 0 2766 2766 0 2773 2773 0 2779 2779 0 2772 2772 0 2779 2779 0 2781 2781 0 2780 2780 0 2779 2779 0 2773 2773 0 2781 2781 0 2773 2773 0 2774 2774 0 2781 2781 0 2639 2639 0 2644 2644 0 2782 2782 0 2639 2639 0 2782 2782 0 2774 2774 0 2774 2774 0 2782 2782 0 2781 2781 0 2644 2644 0 2645 2645 0 2782 2782 0 2775 2775 0 2783 2783 0 2648 2648 0 2643 2643 0 2775 2775 0 2648 2648 0 2785 2785 0 2776 2776 0 2784 2784 0 2785 2785 0 2783 2783 0 2776 2776 0 2783 2783 0 2775 2775 0 2776 2776 0 2778 2778 0 2784 2784 0 2776 2776 0 2781 2781 0 2786 2786 0 2780 2780 0 2786 2786 0 2788 2788 0 2787 2787 0 2786 2786 0 2781 2781 0 2788 2788 0 2781 2781 0 2782 2782 0 2788 2788 0 2645 2645 0 2649 2649 0 2788 2788 0 2782 2782 0 2645 2645 0 2788 2788 0 2652 2652 0 2789 2789 0 2653 2653 0 2652 2652 0 2648 2648 0 2783 2783 0 2652 2652 0 2783 2783 0 2789 2789 0 2789 2789 0 2783 2783 0 2790 2790 0 2791 2791 0 2783 2783 0 2785 2785 0 2790 2790 0 2783 2783 0 2791 2791 0 2793 2793 0 2787 2787 0 2788 2788 0 2792 2792 0 2787 2787 0 2793 2793 0 2649 2649 0 2654 2654 0 2794 2794 0 2649 2649 0 2794 2794 0 2788 2788 0 2788 2788 0 2794 2794 0 2793 2793 0 2654 2654 0 2655 2655 0 2794 2794 0 2789 2789 0 2795 2795 0 2658 2658 0 2653 2653 0 2789 2789 0 2658 2658 0 2797 2797 0 2790 2790 0 2796 2796 0 2797 2797 0 2795 2795 0 2790 2790 0 2795 2795 0 2789 2789 0 2790 2790 0 2791 2791 0 2796 2796 0 2790 2790 0 2793 2793 0 2798 2798 0 2792 2792 0 2798 2798 0 2800 2800 0 2799 2799 0 2798 2798 0 2793 2793 0 2800 2800 0 2793 2793 0 2794 2794 0 2800 2800 0 2655 2655 0 2659 2659 0 2800 2800 0 2794 2794 0 2655 2655 0 2800 2800 0 2795 2795 0 2801 2801 0 2662 2662 0 2658 2658 0 2795 2795 0 2662 2662 0 2802 2802 0 2795 2795 0 2797 2797 0 2801 2801 0 2795 2795 0 2802 2802 0 2804 2804 0 2799 2799 0 2800 2800 0 2803 2803 0 2799 2799 0 2804 2804 0 2659 2659 0 2663 2663 0 2804 2804 0 2800 2800 0 2659 2659 0 2804 2804 0 2801 2801 0 2805 2805 0 2667 2667 0 2662 2662 0 2801 2801 0 2667 2667 0 2806 2806 0 2801 2801 0 2802 2802 0 2805 2805 0 2801 2801 0 2806 2806 0 2808 2808 0 2803 2803 0 2804 2804 0 2807 2807 0 2803 2803 0 2808 2808 0 2663 2663 0 2668 2668 0 2809 2809 0 2663 2663 0 2809 2809 0 2804 2804 0 2804 2804 0 2809 2809 0 2808 2808 0 2668 2668 0 2669 2669 0 2809 2809 0 2805 2805 0 2810 2810 0 2673 2673 0 2667 2667 0 2805 2805 0 2673 2673 0 2811 2811 0 2805 2805 0 2806 2806 0 2810 2810 0 2805 2805 0 2811 2811 0 2813 2813 0 2807 2807 0 2808 2808 0 2812 2812 0 2807 2807 0 2813 2813 0 2809 2809 0 2814 2814 0 2808 2808 0 2814 2814 0 2813 2813 0 2808 2808 0 2669 2669 0 2674 2674 0 2814 2814 0 2809 2809 0 2669 2669 0 2814 2814 0 2810 2810 0 2815 2815 0 2677 2677 0 2673 2673 0 2810 2810 0 2677 2677 0 2816 2816 0 2810 2810 0 2811 2811 0 2815 2815 0 2810 2810 0 2816 2816 0 2818 2818 0 2812 2812 0 2813 2813 0 2817 2817 0 2812 2812 0 2818 2818 0 2678 2678 0 2679 2679 0 2818 2818 0 2678 2678 0 2818 2818 0 2814 2814 0 2814 2814 0 2818 2818 0 2813 2813 0 2674 2674 0 2678 2678 0 2814 2814 0 2815 2815 0 2819 2819 0 2683 2683 0 2677 2677 0 2815 2815 0 2683 2683 0 2820 2820 0 2815 2815 0 2816 2816 0 2819 2819 0 2815 2815 0 2820 2820 0 2822 2822 0 2817 2817 0 2818 2818 0 2821 2821 0 2817 2817 0 2822 2822 0 2679 2679 0 2684 2684 0 2822 2822 0 2818 2818 0 2679 2679 0 2822 2822 0 2819 2819 0 2823 2823 0 2687 2687 0 2683 2683 0 2819 2819 0 2687 2687 0 2824 2824 0 2819 2819 0 2820 2820 0 2824 2824 0 2825 2825 0 2819 2819 0 2825 2825 0 2823 2823 0 2819 2819 0 2824 2824 0 2826 2826 0 2825 2825 0 2828 2828 0 2821 2821 0 2822 2822 0 2827 2827 0 2821 2821 0 2828 2828 0 2684 2684 0 2688 2688 0 2828 2828 0 2822 2822 0 2684 2684 0 2828 2828 0 2687 2687 0 2823 2823 0 2690 2690 0 2692 2692 0 2690 2690 0 2823 2823 0 2692 2692 0 2823 2823 0 2829 2829 0 2829 2829 0 2823 2823 0 2825 2825 0 2830 2830 0 2825 2825 0 2826 2826 0 2829 2829 0 2825 2825 0 2830 2830 0 2833 2833 0 2832 2832 0 2831 2831 0 2827 2827 0 2833 2833 0 2831 2831 0 2828 2828 0 2833 2833 0 2827 2827 0 2828 2828 0 2694 2694 0 2833 2833 0 2828 2828 0 2693 2693 0 2694 2694 0 2688 2688 0 2693 2693 0 2828 2828 0 2829 2829 0 2834 2834 0 2697 2697 0 2692 2692 0 2829 2829 0 2697 2697 0 2835 2835 0 2829 2829 0 2830 2830 0 2835 2835 0 2836 2836 0 2829 2829 0 2836 2836 0 2834 2834 0 2829 2829 0 2835 2835 0 2837 2837 0 2836 2836 0 2840 2840 0 2839 2839 0 2838 2838 0 2832 2832 0 2840 2840 0 2838 2838 0 2832 2832 0 2833 2833 0 2840 2840 0 2833 2833 0 2841 2841 0 2840 2840 0 2694 2694 0 2698 2698 0 2841 2841 0 2833 2833 0 2694 2694 0 2841 2841 0 2697 2697 0 2834 2834 0 2700 2700 0 2702 2702 0 2700 2700 0 2834 2834 0 2702 2702 0 2834 2834 0 2842 2842 0 2842 2842 0 2834 2834 0 2836 2836 0 2843 2843 0 2836 2836 0 2837 2837 0 2843 2843 0 2844 2844 0 2836 2836 0 2844 2844 0 2842 2842 0 2836 2836 0 2843 2843 0 2845 2845 0 2844 2844 0 2848 2848 0 2847 2847 0 2846 2846 0 2839 2839 0 2848 2848 0 2846 2846 0 2839 2839 0 2840 2840 0 2848 2848 0 2840 2840 0 2849 2849 0 2848 2848 0 2703 2703 0 2704 2704 0 2849 2849 0 2703 2703 0 2849 2849 0 2841 2841 0 2841 2841 0 2849 2849 0 2840 2840 0 2698 2698 0 2703 2703 0 2841 2841 0 2702 2702 0 2842 2842 0 2706 2706 0 2708 2708 0 2706 2706 0 2842 2842 0 2844 2844 0 2708 2708 0 2842 2842 0 2710 2710 0 2850 2850 0 2851 2851 0 2708 2708 0 2850 2850 0 2710 2710 0 2708 2708 0 2845 2845 0 2850 2850 0 2708 2708 0 2844 2844 0 2845 2845 0 2851 2851 0 2852 2852 0 2853 2853 0 2850 2850 0 2852 2852 0 2851 2851 0 2852 2852 0 2854 2854 0 2853 2853 0 2857 2857 0 2856 2856 0 2855 2855 0 2857 2857 0 2858 2858 0 2859 2859 0 2855 2855 0 2858 2858 0 2857 2857 0 2847 2847 0 2859 2859 0 2858 2858 0 2847 2847 0 2848 2848 0 2859 2859 0 2848 2848 0 2860 2860 0 2859 2859 0 2711 2711 0 2712 2712 0 2860 2860 0 2711 2711 0 2860 2860 0 2849 2849 0 2849 2849 0 2860 2860 0 2848 2848 0 2704 2704 0 2711 2711 0 2849 2849 0 2710 2710 0 2851 2851 0 2715 2715 0 2717 2717 0 2715 2715 0 2851 2851 0 2717 2717 0 2851 2851 0 2861 2861 0 2861 2861 0 2851 2851 0 2853 2853 0 2862 2862 0 2853 2853 0 2854 2854 0 2862 2862 0 2863 2863 0 2853 2853 0 2863 2863 0 2861 2861 0 2853 2853 0 2863 2863 0 2864 2864 0 2865 2865 0 2862 2862 0 2864 2864 0 2863 2863 0 2865 2865 0 2866 2866 0 2867 2867 0 2864 2864 0 2866 2866 0 2865 2865 0 2867 2867 0 2868 2868 0 2869 2869 0 2866 2866 0 2868 2868 0 2867 2867 0 2869 2869 0 2870 2870 0 2871 2871 0 2868 2868 0 2870 2870 0 2869 2869 0 2871 2871 0 2872 2872 0 2873 2873 0 2870 2870 0 2872 2872 0 2871 2871 0 2856 2856 0 2873 2873 0 2872 2872 0 2856 2856 0 2857 2857 0 2873 2873 0 2857 2857 0 2874 2874 0 2873 2873 0 2718 2718 0 2719 2719 0 2874 2874 0 2718 2718 0 2874 2874 0 2859 2859 0 2859 2859 0 2874 2874 0 2857 2857 0 2721 2721 0 2718 2718 0 2859 2859 0 2860 2860 0 2721 2721 0 2859 2859 0 2712 2712 0 2721 2721 0 2860 2860 0 2717 2717 0 2861 2861 0 2723 2723 0 2725 2725 0 2723 2723 0 2861 2861 0 2863 2863 0 2725 2725 0 2861 2861 0 2727 2727 0 2725 2725 0 2863 2863 0 2865 2865 0 2727 2727 0 2863 2863 0 2729 2729 0 2727 2727 0 2865 2865 0 2867 2867 0 2729 2729 0 2865 2865 0 2731 2731 0 2729 2729 0 2867 2867 0 2869 2869 0 2731 2731 0 2867 2867 0 2733 2733 0 2731 2731 0 2869 2869 0 2871 2871 0 2733 2733 0 2869 2869 0 2735 2735 0 2733 2733 0 2871 2871 0 2873 2873 0 2735 2735 0 2871 2871 0 2737 2737 0 2735 2735 0 2873 2873 0 2874 2874 0 2737 2737 0 2873 2873 0 2719 2719 0 2737 2737 0 2874 2874 0 2754 2754 0 2875 2875 0 2755 2755 0 2754 2754 0 2756 2756 0 2876 2876 0 2875 2875 0 2754 2754 0 2876 2876 0 2756 2756 0 2757 2757 0 2877 2877 0 2876 2876 0 2756 2756 0 2877 2877 0 2757 2757 0 2758 2758 0 2878 2878 0 2877 2877 0 2757 2757 0 2878 2878 0 2758 2758 0 2759 2759 0 2879 2879 0 2878 2878 0 2758 2758 0 2879 2879 0 2759 2759 0 2760 2760 0 2880 2880 0 2879 2879 0 2759 2759 0 2880 2880 0 2760 2760 0 2761 2761 0 2880 2880 0 2767 2767 0 2881 2881 0 2768 2768 0 2767 2767 0 2769 2769 0 2882 2882 0 2881 2881 0 2767 2767 0 2882 2882 0 2769 2769 0 2755 2755 0 2875 2875 0 2769 2769 0 2875 2875 0 2882 2882 0 2882 2882 0 2875 2875 0 2883 2883 0 2876 2876 0 2884 2884 0 2875 2875 0 2884 2884 0 2883 2883 0 2875 2875 0 2886 2886 0 2877 2877 0 2885 2885 0 2886 2886 0 2884 2884 0 2877 2877 0 2884 2884 0 2876 2876 0 2877 2877 0 2878 2878 0 2885 2885 0 2877 2877 0 2887 2887 0 2885 2885 0 2878 2878 0 2879 2879 0 2887 2887 0 2878 2878 0 2888 2888 0 2887 2887 0 2879 2879 0 2888 2888 0 2890 2890 0 2889 2889 0 2888 2888 0 2879 2879 0 2890 2890 0 2879 2879 0 2880 2880 0 2890 2890 0 2761 2761 0 2770 2770 0 2891 2891 0 2761 2761 0 2891 2891 0 2880 2880 0 2880 2880 0 2891 2891 0 2890 2890 0 2770 2770 0 2771 2771 0 2892 2892 0 2891 2891 0 2770 2770 0 2892 2892 0 2771 2771 0 2772 2772 0 2892 2892 0 2777 2777 0 2893 2893 0 2778 2778 0 2777 2777 0 2768 2768 0 2881 2881 0 2777 2777 0 2881 2881 0 2893 2893 0 2893 2893 0 2881 2881 0 2894 2894 0 2896 2896 0 2882 2882 0 2895 2895 0 2896 2896 0 2894 2894 0 2882 2882 0 2894 2894 0 2881 2881 0 2882 2882 0 2883 2883 0 2895 2895 0 2882 2882 0 2897 2897 0 2895 2895 0 2883 2883 0 2884 2884 0 2897 2897 0 2883 2883 0 2898 2898 0 2897 2897 0 2884 2884 0 2886 2886 0 2898 2898 0 2884 2884 0 2890 2890 0 2899 2899 0 2889 2889 0 2899 2899 0 2901 2901 0 2900 2900 0 2899 2899 0 2890 2890 0 2901 2901 0 2890 2890 0 2891 2891 0 2901 2901 0 2892 2892 0 2902 2902 0 2891 2891 0 2902 2902 0 2901 2901 0 2891 2891 0 2772 2772 0 2779 2779 0 2903 2903 0 2772 2772 0 2903 2903 0 2892 2892 0 2892 2892 0 2903 2903 0 2902 2902 0 2779 2779 0 2780 2780 0 2903 2903 0 2784 2784 0 2904 2904 0 2785 2785 0 2784 2784 0 2778 2778 0 2893 2893 0 2784 2784 0 2893 2893 0 2904 2904 0 2904 2904 0 2893 2893 0 2905 2905 0 2907 2907 0 2894 2894 0 2906 2906 0 2907 2907 0 2905 2905 0 2894 2894 0 2905 2905 0 2893 2893 0 2894 2894 0 2896 2896 0 2906 2906 0 2894 2894 0 2901 2901 0 2908 2908 0 2900 2900 0 2902 2902 0 2908 2908 0 2901 2901 0 2909 2909 0 2908 2908 0 2902 2902 0 2909 2909 0 2911 2911 0 2910 2910 0 2909 2909 0 2902 2902 0 2911 2911 0 2902 2902 0 2903 2903 0 2911 2911 0 2780 2780 0 2786 2786 0 2912 2912 0 2780 2780 0 2912 2912 0 2903 2903 0 2903 2903 0 2912 2912 0 2911 2911 0 2786 2786 0 2787 2787 0 2912 2912 0 2904 2904 0 2913 2913 0 2791 2791 0 2785 2785 0 2904 2904 0 2791 2791 0 2915 2915 0 2905 2905 0 2914 2914 0 2915 2915 0 2913 2913 0 2905 2905 0 2913 2913 0 2904 2904 0 2905 2905 0 2907 2907 0 2914 2914 0 2905 2905 0 2917 2917 0 2910 2910 0 2911 2911 0 2916 2916 0 2910 2910 0 2917 2917 0 2912 2912 0 2918 2918 0 2911 2911 0 2918 2918 0 2917 2917 0 2911 2911 0 2787 2787 0 2792 2792 0 2918 2918 0 2912 2912 0 2787 2787 0 2918 2918 0 2796 2796 0 2919 2919 0 2797 2797 0 2796 2796 0 2791 2791 0 2913 2913 0 2796 2796 0 2913 2913 0 2919 2919 0 2919 2919 0 2913 2913 0 2920 2920 0 2921 2921 0 2913 2913 0 2915 2915 0 2920 2920 0 2913 2913 0 2921 2921 0 2917 2917 0 2922 2922 0 2916 2916 0 2922 2922 0 2924 2924 0 2923 2923 0 2922 2922 0 2917 2917 0 2924 2924 0 2917 2917 0 2918 2918 0 2924 2924 0 2792 2792 0 2798 2798 0 2925 2925 0 2792 2792 0 2925 2925 0 2918 2918 0 2918 2918 0 2925 2925 0 2924 2924 0 2798 2798 0 2799 2799 0 2925 2925 0 2919 2919 0 2926 2926 0 2802 2802 0 2797 2797 0 2919 2919 0 2802 2802 0 2920 2920 0 2927 2927 0 2919 2919 0 2927 2927 0 2926 2926 0 2919 2919 0 2928 2928 0 2920 2920 0 2921 2921 0 2927 2927 0 2920 2920 0 2928 2928 0 2930 2930 0 2923 2923 0 2924 2924 0 2929 2929 0 2923 2923 0 2930 2930 0 2925 2925 0 2931 2931 0 2924 2924 0 2931 2931 0 2930 2930 0 2924 2924 0 2799 2799 0 2803 2803 0 2931 2931 0 2925 2925 0 2799 2799 0 2931 2931 0 2926 2926 0 2932 2932 0 2806 2806 0 2802 2802 0 2926 2926 0 2806 2806 0 2927 2927 0 2933 2933 0 2926 2926 0 2933 2933 0 2932 2932 0 2926 2926 0 2934 2934 0 2927 2927 0 2928 2928 0 2933 2933 0 2927 2927 0 2934 2934 0 2930 2930 0 2935 2935 0 2929 2929 0 2935 2935 0 2937 2937 0 2936 2936 0 2935 2935 0 2930 2930 0 2937 2937 0 2930 2930 0 2931 2931 0 2937 2937 0 2803 2803 0 2807 2807 0 2937 2937 0 2931 2931 0 2803 2803 0 2937 2937 0 2932 2932 0 2938 2938 0 2811 2811 0 2806 2806 0 2932 2932 0 2811 2811 0 2933 2933 0 2939 2939 0 2932 2932 0 2939 2939 0 2938 2938 0 2932 2932 0 2940 2940 0 2933 2933 0 2934 2934 0 2939 2939 0 2933 2933 0 2940 2940 0 2942 2942 0 2936 2936 0 2937 2937 0 2941 2941 0 2936 2936 0 2942 2942 0 2807 2807 0 2812 2812 0 2942 2942 0 2937 2937 0 2807 2807 0 2942 2942 0 2938 2938 0 2943 2943 0 2816 2816 0 2811 2811 0 2938 2938 0 2816 2816 0 2939 2939 0 2944 2944 0 2938 2938 0 2944 2944 0 2943 2943 0 2938 2938 0 2945 2945 0 2939 2939 0 2940 2940 0 2944 2944 0 2939 2939 0 2945 2945 0 2948 2948 0 2947 2947 0 2946 2946 0 2941 2941 0 2948 2948 0 2946 2946 0 2941 2941 0 2942 2942 0 2948 2948 0 2942 2942 0 2949 2949 0 2948 2948 0 2812 2812 0 2817 2817 0 2949 2949 0 2942 2942 0 2812 2812 0 2949 2949 0 2943 2943 0 2950 2950 0 2820 2820 0 2816 2816 0 2943 2943 0 2820 2820 0 2944 2944 0 2951 2951 0 2943 2943 0 2951 2951 0 2950 2950 0 2943 2943 0 2952 2952 0 2944 2944 0 2945 2945 0 2951 2951 0 2944 2944 0 2952 2952 0 2954 2954 0 2947 2947 0 2948 2948 0 2953 2953 0 2947 2947 0 2954 2954 0 2949 2949 0 2955 2955 0 2948 2948 0 2955 2955 0 2954 2954 0 2948 2948 0 2817 2817 0 2821 2821 0 2955 2955 0 2949 2949 0 2817 2817 0 2955 2955 0 2820 2820 0 2950 2950 0 2824 2824 0 2826 2826 0 2824 2824 0 2950 2950 0 2826 2826 0 2950 2950 0 2956 2956 0 2956 2956 0 2950 2950 0 2951 2951 0 2957 2957 0 2951 2951 0 2952 2952 0 2957 2957 0 2958 2958 0 2951 2951 0 2958 2958 0 2956 2956 0 2951 2951 0 2957 2957 0 2959 2959 0 2958 2958 0 2961 2961 0 2953 2953 0 2954 2954 0 2960 2960 0 2953 2953 0 2961 2961 0 2955 2955 0 2962 2962 0 2954 2954 0 2962 2962 0 2961 2961 0 2954 2954 0 2821 2821 0 2827 2827 0 2962 2962 0 2955 2955 0 2821 2821 0 2962 2962 0 2956 2956 0 2963 2963 0 2830 2830 0 2826 2826 0 2956 2956 0 2830 2830 0 2958 2958 0 2964 2964 0 2956 2956 0 2964 2964 0 2963 2963 0 2956 2956 0 2965 2965 0 2958 2958 0 2959 2959 0 2964 2964 0 2958 2958 0 2965 2965 0 2968 2968 0 2967 2967 0 2966 2966 0 2960 2960 0 2968 2968 0 2966 2966 0 2960 2960 0 2961 2961 0 2968 2968 0 2961 2961 0 2969 2969 0 2968 2968 0 2831 2831 0 2832 2832 0 2969 2969 0 2831 2831 0 2969 2969 0 2962 2962 0 2962 2962 0 2969 2969 0 2961 2961 0 2827 2827 0 2831 2831 0 2962 2962 0 2830 2830 0 2963 2963 0 2835 2835 0 2837 2837 0 2835 2835 0 2963 2963 0 2837 2837 0 2963 2963 0 2970 2970 0 2970 2970 0 2963 2963 0 2964 2964 0 2971 2971 0 2964 2964 0 2965 2965 0 2971 2971 0 2972 2972 0 2964 2964 0 2972 2972 0 2970 2970 0 2964 2964 0 2972 2972 0 2973 2973 0 2974 2974 0 2971 2971 0 2973 2973 0 2972 2972 0 2973 2973 0 2975 2975 0 2974 2974 0 2978 2978 0 2977 2977 0 2976 2976 0 2967 2967 0 2978 2978 0 2976 2976 0 2967 2967 0 2968 2968 0 2978 2978 0 2968 2968 0 2979 2979 0 2978 2978 0 2838 2838 0 2839 2839 0 2979 2979 0 2838 2838 0 2979 2979 0 2969 2969 0 2969 2969 0 2979 2979 0 2968 2968 0 2832 2832 0 2838 2838 0 2969 2969 0 2837 2837 0 2970 2970 0 2843 2843 0 2845 2845 0 2843 2843 0 2970 2970 0 2845 2845 0 2970 2970 0 2980 2980 0 2980 2980 0 2970 2970 0 2972 2972 0 2974 2974 0 2981 2981 0 2972 2972 0 2981 2981 0 2980 2980 0 2972 2972 0 2982 2982 0 2974 2974 0 2975 2975 0 2982 2982 0 2983 2983 0 2974 2974 0 2983 2983 0 2981 2981 0 2974 2974 0 2983 2983 0 2984 2984 0 2985 2985 0 2982 2982 0 2984 2984 0 2983 2983 0 2985 2985 0 2986 2986 0 2987 2987 0 2984 2984 0 2986 2986 0 2985 2985 0 2986 2986 0 2988 2988 0 2987 2987 0 2991 2991 0 2990 2990 0 2989 2989 0 2991 2991 0 2992 2992 0 2993 2993 0 2989 2989 0 2992 2992 0 2991 2991 0 2993 2993 0 2994 2994 0 2995 2995 0 2992 2992 0 2994 2994 0 2993 2993 0 2977 2977 0 2995 2995 0 2994 2994 0 2977 2977 0 2978 2978 0 2995 2995 0 2978 2978 0 2996 2996 0 2995 2995 0 2846 2846 0 2847 2847 0 2996 2996 0 2846 2846 0 2996 2996 0 2979 2979 0 2979 2979 0 2996 2996 0 2978 2978 0 2839 2839 0 2846 2846 0 2979 2979 0 2845 2845 0 2980 2980 0 2850 2850 0 2852 2852 0 2850 2850 0 2980 2980 0 2981 2981 0 2852 2852 0 2980 2980 0 2854 2854 0 2852 2852 0 2981 2981 0 2854 2854 0 2981 2981 0 2997 2997 0 2997 2997 0 2981 2981 0 2983 2983 0 2985 2985 0 2998 2998 0 2983 2983 0 2998 2998 0 2997 2997 0 2983 2983 0 2987 2987 0 2999 2999 0 2985 2985 0 2999 2999 0 2998 2998 0 2985 2985 0 3000 3000 0 2987 2987 0 2988 2988 0 3000 3000 0 3001 3001 0 2987 2987 0 3001 3001 0 2999 2999 0 2987 2987 0 2990 2990 0 3001 3001 0 3000 3000 0 2990 2990 0 2991 2991 0 3001 3001 0 2991 2991 0 3002 3002 0 3001 3001 0 2993 2993 0 3003 3003 0 2991 2991 0 3003 3003 0 3002 3002 0 2991 2991 0 2855 2855 0 2856 2856 0 3003 3003 0 2855 2855 0 3003 3003 0 2995 2995 0 2995 2995 0 3003 3003 0 2993 2993 0 2858 2858 0 2855 2855 0 2995 2995 0 2996 2996 0 2858 2858 0 2995 2995 0 2847 2847 0 2858 2858 0 2996 2996 0 2854 2854 0 2997 2997 0 2862 2862 0 2864 2864 0 2862 2862 0 2997 2997 0 2998 2998 0 2864 2864 0 2997 2997 0 2866 2866 0 2864 2864 0 2998 2998 0 2999 2999 0 2866 2866 0 2998 2998 0 2868 2868 0 2866 2866 0 2999 2999 0 3001 3001 0 2868 2868 0 2999 2999 0 2870 2870 0 2868 2868 0 3001 3001 0 3002 3002 0 2870 2870 0 3001 3001 0 2872 2872 0 2870 2870 0 3002 3002 0 3003 3003 0 2872 2872 0 3002 3002 0 2856 2856 0 2872 2872 0 3003 3003 0 2885 2885 0 3004 3004 0 2886 2886 0 2885 2885 0 2887 2887 0 3005 3005 0 3004 3004 0 2885 2885 0 3005 3005 0 2887 2887 0 2888 2888 0 3006 3006 0 3005 3005 0 2887 2887 0 3006 3006 0 2888 2888 0 2889 2889 0 3006 3006 0 2895 2895 0 3007 3007 0 2896 2896 0 2895 2895 0 2897 2897 0 3008 3008 0 3007 3007 0 2895 2895 0 3008 3008 0 2897 2897 0 2898 2898 0 3009 3009 0 3008 3008 0 2897 2897 0 3009 3009 0 2898 2898 0 2886 2886 0 3004 3004 0 2898 2898 0 3004 3004 0 3009 3009 0 3009 3009 0 3004 3004 0 3010 3010 0 3005 3005 0 3011 3011 0 3004 3004 0 3011 3011 0 3010 3010 0 3004 3004 0 3006 3006 0 3012 3012 0 3005 3005 0 3012 3012 0 3011 3011 0 3005 3005 0 2889 2889 0 2899 2899 0 3013 3013 0 2889 2889 0 3013 3013 0 3006 3006 0 3006 3006 0 3013 3013 0 3012 3012 0 2899 2899 0 2900 2900 0 3013 3013 0 2906 2906 0 3014 3014 0 2907 2907 0 2906 2906 0 2896 2896 0 3007 3007 0 2906 2906 0 3007 3007 0 3014 3014 0 3014 3014 0 3007 3007 0 3015 3015 0 3008 3008 0 3016 3016 0 3007 3007 0 3016 3016 0 3015 3015 0 3007 3007 0 3009 3009 0 3017 3017 0 3008 3008 0 3017 3017 0 3016 3016 0 3008 3008 0 3010 3010 0 3018 3018 0 3009 3009 0 3018 3018 0 3017 3017 0 3009 3009 0 3011 3011 0 3019 3019 0 3010 3010 0 3019 3019 0 3018 3018 0 3010 3010 0 3012 3012 0 3020 3020 0 3011 3011 0 3020 3020 0 3019 3019 0 3011 3011 0 3013 3013 0 3021 3021 0 3012 3012 0 3021 3021 0 3020 3020 0 3012 3012 0 2900 2900 0 2908 2908 0 3022 3022 0 2900 2900 0 3022 3022 0 3013 3013 0 3013 3013 0 3022 3022 0 3021 3021 0 2908 2908 0 2909 2909 0 3023 3023 0 3022 3022 0 2908 2908 0 3023 3023 0 2909 2909 0 2910 2910 0 3023 3023 0 2914 2914 0 3024 3024 0 2915 2915 0 2914 2914 0 2907 2907 0 3014 3014 0 2914 2914 0 3014 3014 0 3024 3024 0 3024 3024 0 3014 3014 0 3025 3025 0 3015 3015 0 3026 3026 0 3014 3014 0 3026 3026 0 3025 3025 0 3014 3014 0 3016 3016 0 3027 3027 0 3015 3015 0 3027 3027 0 3026 3026 0 3015 3015 0 3029 3029 0 3017 3017 0 3028 3028 0 3029 3029 0 3027 3027 0 3017 3017 0 3027 3027 0 3016 3016 0 3017 3017 0 3018 3018 0 3028 3028 0 3017 3017 0 3030 3030 0 3028 3028 0 3018 3018 0 3019 3019 0 3030 3030 0 3018 3018 0 3031 3031 0 3030 3030 0 3019 3019 0 3020 3020 0 3031 3031 0 3019 3019 0 3032 3032 0 3031 3031 0 3020 3020 0 3032 3032 0 3034 3034 0 3033 3033 0 3032 3032 0 3020 3020 0 3034 3034 0 3020 3020 0 3021 3021 0 3034 3034 0 3022 3022 0 3035 3035 0 3021 3021 0 3035 3035 0 3034 3034 0 3021 3021 0 3023 3023 0 3036 3036 0 3022 3022 0 3036 3036 0 3035 3035 0 3022 3022 0 2910 2910 0 2916 2916 0 3036 3036 0 3023 3023 0 2910 2910 0 3036 3036 0 3024 3024 0 3037 3037 0 2921 2921 0 2915 2915 0 3024 3024 0 2921 2921 0 3025 3025 0 3038 3038 0 3024 3024 0 3038 3038 0 3037 3037 0 3024 3024 0 3026 3026 0 3039 3039 0 3025 3025 0 3039 3039 0 3038 3038 0 3025 3025 0 3041 3041 0 3027 3027 0 3040 3040 0 3041 3041 0 3039 3039 0 3027 3027 0 3039 3039 0 3026 3026 0 3027 3027 0 3029 3029 0 3040 3040 0 3027 3027 0 3034 3034 0 3042 3042 0 3033 3033 0 3042 3042 0 3044 3044 0 3043 3043 0 3042 3042 0 3034 3034 0 3044 3044 0 3034 3034 0 3035 3035 0 3044 3044 0 3036 3036 0 3045 3045 0 3035 3035 0 3045 3045 0 3044 3044 0 3035 3035 0 2916 2916 0 2922 2922 0 3046 3046 0 2916 2916 0 3046 3046 0 3036 3036 0 3036 3036 0 3046 3046 0 3045 3045 0 2922 2922 0 2923 2923 0 3046 3046 0 3037 3037 0 3047 3047 0 2928 2928 0 2921 2921 0 3037 3037 0 2928 2928 0 3038 3038 0 3048 3048 0 3037 3037 0 3048 3048 0 3047 3047 0 3037 3037 0 3039 3039 0 3049 3049 0 3038 3038 0 3049 3049 0 3048 3048 0 3038 3038 0 3050 3050 0 3039 3039 0 3041 3041 0 3049 3049 0 3039 3039 0 3050 3050 0 3052 3052 0 3043 3043 0 3044 3044 0 3051 3051 0 3043 3043 0 3052 3052 0 3045 3045 0 3053 3053 0 3044 3044 0 3053 3053 0 3052 3052 0 3044 3044 0 3046 3046 0 3054 3054 0 3045 3045 0 3054 3054 0 3053 3053 0 3045 3045 0 2923 2923 0 2929 2929 0 3054 3054 0 3046 3046 0 2923 2923 0 3054 3054 0 3047 3047 0 3055 3055 0 2934 2934 0 2928 2928 0 3047 3047 0 2934 2934 0 3048 3048 0 3056 3056 0 3047 3047 0 3056 3056 0 3055 3055 0 3047 3047 0 3058 3058 0 3049 3049 0 3057 3057 0 3058 3058 0 3056 3056 0 3049 3049 0 3056 3056 0 3048 3048 0 3049 3049 0 3050 3050 0 3057 3057 0 3049 3049 0 3060 3060 0 3051 3051 0 3052 3052 0 3059 3059 0 3051 3051 0 3060 3060 0 3053 3053 0 3061 3061 0 3052 3052 0 3061 3061 0 3060 3060 0 3052 3052 0 3054 3054 0 3062 3062 0 3053 3053 0 3062 3062 0 3061 3061 0 3053 3053 0 2929 2929 0 2935 2935 0 3063 3063 0 2929 2929 0 3063 3063 0 3054 3054 0 3054 3054 0 3063 3063 0 3062 3062 0 2935 2935 0 2936 2936 0 3063 3063 0 3055 3055 0 3064 3064 0 2940 2940 0 2934 2934 0 3055 3055 0 2940 2940 0 3056 3056 0 3065 3065 0 3055 3055 0 3065 3065 0 3064 3064 0 3055 3055 0 3066 3066 0 3056 3056 0 3058 3058 0 3065 3065 0 3056 3056 0 3066 3066 0 3068 3068 0 3059 3059 0 3060 3060 0 3067 3067 0 3059 3059 0 3068 3068 0 3061 3061 0 3069 3069 0 3060 3060 0 3069 3069 0 3068 3068 0 3060 3060 0 3062 3062 0 3070 3070 0 3061 3061 0 3070 3070 0 3069 3069 0 3061 3061 0 3063 3063 0 3071 3071 0 3062 3062 0 3071 3071 0 3070 3070 0 3062 3062 0 2936 2936 0 2941 2941 0 3071 3071 0 3063 3063 0 2936 2936 0 3071 3071 0 3064 3064 0 3072 3072 0 2945 2945 0 2940 2940 0 3064 3064 0 2945 2945 0 3065 3065 0 3073 3073 0 3064 3064 0 3073 3073 0 3072 3072 0 3064 3064 0 3074 3074 0 3065 3065 0 3066 3066 0 3074 3074 0 3075 3075 0 3065 3065 0 3075 3075 0 3073 3073 0 3065 3065 0 3074 3074 0 3076 3076 0 3075 3075 0 3078 3078 0 3067 3067 0 3068 3068 0 3077 3077 0 3067 3067 0 3078 3078 0 3069 3069 0 3079 3079 0 3068 3068 0 3079 3079 0 3078 3078 0 3068 3068 0 3070 3070 0 3080 3080 0 3069 3069 0 3080 3080 0 3079 3079 0 3069 3069 0 2946 2946 0 2947 2947 0 3080 3080 0 2946 2946 0 3080 3080 0 3071 3071 0 3071 3071 0 3080 3080 0 3070 3070 0 2941 2941 0 2946 2946 0 3071 3071 0 3072 3072 0 3081 3081 0 2952 2952 0 2945 2945 0 3072 3072 0 2952 2952 0 3073 3073 0 3082 3082 0 3072 3072 0 3082 3082 0 3081 3081 0 3072 3072 0 3075 3075 0 3083 3083 0 3073 3073 0 3083 3083 0 3082 3082 0 3073 3073 0 3084 3084 0 3075 3075 0 3076 3076 0 3084 3084 0 3085 3085 0 3075 3075 0 3085 3085 0 3083 3083 0 3075 3075 0 3084 3084 0 3086 3086 0 3085 3085 0 3088 3088 0 3077 3077 0 3078 3078 0 3087 3087 0 3077 3077 0 3088 3088 0 3079 3079 0 3089 3089 0 3078 3078 0 3089 3089 0 3088 3088 0 3078 3078 0 3080 3080 0 3090 3090 0 3079 3079 0 3090 3090 0 3089 3089 0 3079 3079 0 2947 2947 0 2953 2953 0 3090 3090 0 3080 3080 0 2947 2947 0 3090 3090 0 2952 2952 0 3081 3081 0 2957 2957 0 2959 2959 0 2957 2957 0 3081 3081 0 2959 2959 0 3081 3081 0 3091 3091 0 3091 3091 0 3081 3081 0 3082 3082 0 3083 3083 0 3092 3092 0 3082 3082 0 3092 3092 0 3091 3091 0 3082 3082 0 3085 3085 0 3093 3093 0 3083 3083 0 3093 3093 0 3092 3092 0 3083 3083 0 3094 3094 0 3085 3085 0 3086 3086 0 3094 3094 0 3095 3095 0 3085 3085 0 3095 3095 0 3093 3093 0 3085 3085 0 3094 3094 0 3096 3096 0 3095 3095 0 3099 3099 0 3098 3098 0 3097 3097 0 3099 3099 0 3100 3100 0 3101 3101 0 3097 3097 0 3100 3100 0 3099 3099 0 3087 3087 0 3101 3101 0 3100 3100 0 3087 3087 0 3088 3088 0 3101 3101 0 3088 3088 0 3102 3102 0 3101 3101 0 3089 3089 0 3103 3103 0 3088 3088 0 3103 3103 0 3102 3102 0 3088 3088 0 3090 3090 0 3104 3104 0 3089 3089 0 3104 3104 0 3103 3103 0 3089 3089 0 2953 2953 0 2960 2960 0 3104 3104 0 3090 3090 0 2953 2953 0 3104 3104 0 3091 3091 0 3105 3105 0 2965 2965 0 2959 2959 0 3091 3091 0 2965 2965 0 3092 3092 0 3106 3106 0 3091 3091 0 3106 3106 0 3105 3105 0 3091 3091 0 3093 3093 0 3107 3107 0 3092 3092 0 3107 3107 0 3106 3106 0 3092 3092 0 3095 3095 0 3108 3108 0 3093 3093 0 3108 3108 0 3107 3107 0 3093 3093 0 3109 3109 0 3095 3095 0 3096 3096 0 3109 3109 0 3110 3110 0 3095 3095 0 3110 3110 0 3108 3108 0 3095 3095 0 3110 3110 0 3111 3111 0 3112 3112 0 3109 3109 0 3111 3111 0 3110 3110 0 3098 3098 0 3112 3112 0 3111 3111 0 3098 3098 0 3099 3099 0 3112 3112 0 3099 3099 0 3113 3113 0 3112 3112 0 3101 3101 0 3114 3114 0 3099 3099 0 3114 3114 0 3113 3113 0 3099 3099 0 3102 3102 0 3115 3115 0 3101 3101 0 3115 3115 0 3114 3114 0 3101 3101 0 3103 3103 0 3116 3116 0 3102 3102 0 3116 3116 0 3115 3115 0 3102 3102 0 2966 2966 0 2967 2967 0 3116 3116 0 2966 2966 0 3116 3116 0 3104 3104 0 3104 3104 0 3116 3116 0 3103 3103 0 2960 2960 0 2966 2966 0 3104 3104 0 2965 2965 0 3105 3105 0 2971 2971 0 2973 2973 0 2971 2971 0 3105 3105 0 3106 3106 0 2973 2973 0 3105 3105 0 2975 2975 0 2973 2973 0 3106 3106 0 2975 2975 0 3106 3106 0 3117 3117 0 3117 3117 0 3106 3106 0 3107 3107 0 3108 3108 0 3118 3118 0 3107 3107 0 3118 3118 0 3117 3117 0 3107 3107 0 3110 3110 0 3119 3119 0 3108 3108 0 3119 3119 0 3118 3118 0 3108 3108 0 3112 3112 0 3120 3120 0 3110 3110 0 3120 3120 0 3119 3119 0 3110 3110 0 3113 3113 0 3121 3121 0 3112 3112 0 3121 3121 0 3120 3120 0 3112 3112 0 3114 3114 0 3122 3122 0 3113 3113 0 3122 3122 0 3121 3121 0 3113 3113 0 3115 3115 0 3123 3123 0 3114 3114 0 3123 3123 0 3122 3122 0 3114 3114 0 2976 2976 0 2977 2977 0 3123 3123 0 2976 2976 0 3123 3123 0 3116 3116 0 3116 3116 0 3123 3123 0 3115 3115 0 2967 2967 0 2976 2976 0 3116 3116 0 2975 2975 0 3117 3117 0 2982 2982 0 2984 2984 0 2982 2982 0 3117 3117 0 3118 3118 0 2984 2984 0 3117 3117 0 2986 2986 0 2984 2984 0 3118 3118 0 3119 3119 0 2986 2986 0 3118 3118 0 2988 2988 0 2986 2986 0 3119 3119 0 2988 2988 0 3119 3119 0 3124 3124 0 3124 3124 0 3119 3119 0 3120 3120 0 2989 2989 0 2990 2990 0 3124 3124 0 2989 2989 0 3124 3124 0 3121 3121 0 3121 3121 0 3124 3124 0 3120 3120 0 2992 2992 0 2989 2989 0 3121 3121 0 3122 3122 0 2992 2992 0 3121 3121 0 2994 2994 0 2992 2992 0 3122 3122 0 3123 3123 0 2994 2994 0 3122 3122 0 2977 2977 0 2994 2994 0 3123 3123 0 2988 2988 0 3124 3124 0 3000 3000 0 2990 2990 0 3000 3000 0 3124 3124 0 3028 3028 0 3125 3125 0 3029 3029 0 3028 3028 0 3030 3030 0 3126 3126 0 3125 3125 0 3028 3028 0 3126 3126 0 3030 3030 0 3031 3031 0 3127 3127 0 3126 3126 0 3030 3030 0 3127 3127 0 3031 3031 0 3032 3032 0 3128 3128 0 3127 3127 0 3031 3031 0 3128 3128 0 3032 3032 0 3033 3033 0 3128 3128 0 3040 3040 0 3129 3129 0 3041 3041 0 3040 3040 0 3029 3029 0 3125 3125 0 3040 3040 0 3125 3125 0 3129 3129 0 3129 3129 0 3125 3125 0 3130 3130 0 3126 3126 0 3131 3131 0 3125 3125 0 3131 3131 0 3130 3130 0 3125 3125 0 3127 3127 0 3132 3132 0 3126 3126 0 3132 3132 0 3131 3131 0 3126 3126 0 3128 3128 0 3133 3133 0 3127 3127 0 3133 3133 0 3132 3132 0 3127 3127 0 3033 3033 0 3042 3042 0 3134 3134 0 3033 3033 0 3134 3134 0 3128 3128 0 3128 3128 0 3134 3134 0 3133 3133 0 3042 3042 0 3043 3043 0 3134 3134 0 3129 3129 0 3135 3135 0 3050 3050 0 3041 3041 0 3129 3129 0 3050 3050 0 3130 3130 0 3136 3136 0 3129 3129 0 3136 3136 0 3135 3135 0 3129 3129 0 3131 3131 0 3137 3137 0 3130 3130 0 3137 3137 0 3136 3136 0 3130 3130 0 3132 3132 0 3138 3138 0 3131 3131 0 3138 3138 0 3137 3137 0 3131 3131 0 3133 3133 0 3139 3139 0 3132 3132 0 3139 3139 0 3138 3138 0 3132 3132 0 3134 3134 0 3140 3140 0 3133 3133 0 3140 3140 0 3139 3139 0 3133 3133 0 3043 3043 0 3051 3051 0 3140 3140 0 3134 3134 0 3043 3043 0 3140 3140 0 3057 3057 0 3141 3141 0 3058 3058 0 3057 3057 0 3050 3050 0 3135 3135 0 3057 3057 0 3135 3135 0 3141 3141 0 3141 3141 0 3135 3135 0 3142 3142 0 3136 3136 0 3143 3143 0 3135 3135 0 3143 3143 0 3142 3142 0 3135 3135 0 3137 3137 0 3144 3144 0 3136 3136 0 3144 3144 0 3143 3143 0 3136 3136 0 3138 3138 0 3145 3145 0 3137 3137 0 3145 3145 0 3144 3144 0 3137 3137 0 3139 3139 0 3146 3146 0 3138 3138 0 3146 3146 0 3145 3145 0 3138 3138 0 3140 3140 0 3147 3147 0 3139 3139 0 3147 3147 0 3146 3146 0 3139 3139 0 3051 3051 0 3059 3059 0 3147 3147 0 3140 3140 0 3051 3051 0 3147 3147 0 3141 3141 0 3148 3148 0 3066 3066 0 3058 3058 0 3141 3141 0 3066 3066 0 3142 3142 0 3149 3149 0 3141 3141 0 3149 3149 0 3148 3148 0 3141 3141 0 3143 3143 0 3150 3150 0 3142 3142 0 3150 3150 0 3149 3149 0 3142 3142 0 3144 3144 0 3151 3151 0 3143 3143 0 3151 3151 0 3150 3150 0 3143 3143 0 3145 3145 0 3152 3152 0 3144 3144 0 3152 3152 0 3151 3151 0 3144 3144 0 3146 3146 0 3153 3153 0 3145 3145 0 3153 3153 0 3152 3152 0 3145 3145 0 3147 3147 0 3154 3154 0 3146 3146 0 3154 3154 0 3153 3153 0 3146 3146 0 3059 3059 0 3067 3067 0 3154 3154 0 3147 3147 0 3059 3059 0 3154 3154 0 3066 3066 0 3148 3148 0 3074 3074 0 3076 3076 0 3074 3074 0 3148 3148 0 3076 3076 0 3148 3148 0 3155 3155 0 3155 3155 0 3148 3148 0 3149 3149 0 3150 3150 0 3156 3156 0 3149 3149 0 3156 3156 0 3155 3155 0 3149 3149 0 3151 3151 0 3157 3157 0 3150 3150 0 3157 3157 0 3156 3156 0 3150 3150 0 3152 3152 0 3158 3158 0 3151 3151 0 3158 3158 0 3157 3157 0 3151 3151 0 3153 3153 0 3159 3159 0 3152 3152 0 3159 3159 0 3158 3158 0 3152 3152 0 3154 3154 0 3160 3160 0 3153 3153 0 3160 3160 0 3159 3159 0 3153 3153 0 3067 3067 0 3077 3077 0 3160 3160 0 3154 3154 0 3067 3067 0 3160 3160 0 3076 3076 0 3155 3155 0 3084 3084 0 3086 3086 0 3084 3084 0 3155 3155 0 3086 3086 0 3155 3155 0 3161 3161 0 3161 3161 0 3155 3155 0 3156 3156 0 3157 3157 0 3162 3162 0 3156 3156 0 3162 3162 0 3161 3161 0 3156 3156 0 3158 3158 0 3163 3163 0 3157 3157 0 3163 3163 0 3162 3162 0 3157 3157 0 3159 3159 0 3164 3164 0 3158 3158 0 3164 3164 0 3163 3163 0 3158 3158 0 3160 3160 0 3165 3165 0 3159 3159 0 3165 3165 0 3164 3164 0 3159 3159 0 3077 3077 0 3087 3087 0 3165 3165 0 3160 3160 0 3077 3077 0 3165 3165 0 3086 3086 0 3161 3161 0 3094 3094 0 3096 3096 0 3094 3094 0 3161 3161 0 3096 3096 0 3161 3161 0 3166 3166 0 3166 3166 0 3161 3161 0 3162 3162 0 3163 3163 0 3167 3167 0 3162 3162 0 3167 3167 0 3166 3166 0 3162 3162 0 3097 3097 0 3098 3098 0 3167 3167 0 3097 3097 0 3167 3167 0 3164 3164 0 3164 3164 0 3167 3167 0 3163 3163 0 3100 3100 0 3097 3097 0 3164 3164 0 3165 3165 0 3100 3100 0 3164 3164 0 3087 3087 0 3100 3100 0 3165 3165 0 3096 3096 0 3166 3166 0 3109 3109 0 3111 3111 0 3109 3109 0 3166 3166 0 3167 3167 0 3111 3111 0 3166 3166 0 3098 3098 0 3111 3111 0 3167 3167 0 3168 3168 0 3169 3168 0 3170 3168 0</p>
        </polylist>
      </mesh>
    </geometry>

    <geometry id="floor-mesh" name="floor">
      <mesh>
        <source id="floor-mesh-positions">
          <float_array id="floor-mesh-positions-array" count="12">4 0 -4 4 0 4 -4 0 4 -4 0 -4</float_array>
          <technique_common>
            <accessor source="#floor-mesh-positions-array" count="4" stride="3">
              <param name="X" type="float"/>
              <param name="Y" type="float"/>
              <param name="Z" type="float"/>
            </accessor>
          </technique_common>
        </source>
        <source id="floor-mesh-normals">
          <float_array id="floor-mesh-normals-array" count="6">0 1 0 0 1 0</float_array>
          <technique_common>
            <accessor source="#floor-mesh-normals-array" count="2" stride="3">
              <param name="X" type="float"/>
              <param name="Y" type="float"/>
              <param name="Z" type="float"/>
            </accessor>
          </technique_common>
        </source>
        <source id="floor-mesh-map-0">
          <float_array id="floor-mesh-map-0-array" count="12">0 1 0 1 0 1 0 1 0 1 0 1</float_array>
          <technique_common>
            <accessor source="#floor-mesh-map-0-array" count="6" stride="2">
              <param name="S" type="float"/>
              <param name="T" type="float"/>
            </accessor>
          </technique_common>
        </source>
        <vertices id="floor-mesh-vertices">
          <input semantic="POSITION" source="#floor-mesh-positions"/>
        </vertices>
        <polylist material="floor-material" count="2">
          <input semantic="VERTEX" source="#floor-mesh-vertices" offset="0"/>
          <input semantic="NORMAL" source="#floor-mesh-normals" offset="1"/>
          <input semantic="TEXCOORD" source="#floor-mesh-map-0" offset="2" set="0"/>
          <vcount>3 3 </vcount>
          <p>0 0 0 1 0 1 2 0 2 3 1 3 0 1 4 2 1 5</p>
        </polylist>
      </mesh>
    </geometry>
  </library_geometries>

  <library_visual_scenes>
    <visual_scene id="Scene" name="Scene">
      <node id="Camera" name="Camera" type="NODE">
        <matrix sid="transform">1 0 0 0 0 1 0 1 0 0 1 2.732 0 0 0 1</matrix>
        <instance_camera url="#Camera-camera"/>
      </node>

      <node id="Area" name="Area" type="NODE">
        <matrix sid="transform">0.3 0 0 2 0 0.3 0 3 0 0 0.3 2 0 0 0 1</matrix>
        <instance_light url="#Area-light"/>
      </node>

      <node id="Slime" name="Slime" type="NODE">
        <matrix sid="transform">1 0 0 0 0 1 0 0 0 0 1 0 0 0 0 1</matrix>
        <instance_geometry url="#Slime-data">
          <bind_material>
            <technique_common>
              <instance_material symbol="slime-material" target="#slime-material"/>
            </technique_common>
          </bind_material>
        </instance_geometry>
      </node>
    </visual_scene>
  </library_visual_scenes>

  <scene>
    <instance_visual_scene url="#Scene"/>
  </scene>
</COLLADA>
