<?xml version="1.0" encoding="utf-8"?>
<COLLADA xmlns="http://www.collada.org/2005/11/COLLADASchema" version="1.4.1">
  <asset>
    <contributor><author>Slimelight</author></contributor>
    <created>2026-04-20T00:00:00</created>
    <modified>2026-04-20T00:00:00</modified>
    <unit name="meter" meter="1"/>
    <up_axis>Y_UP</up_axis>
  </asset>

  <library_lights>
    <light id="Area-light" name="Light">
      <technique_common>
        <point>
          <color sid="color">0 0 0</color>
          <constant_attenuation>1</constant_attenuation>
          <linear_attenuation>0</linear_attenuation>
          <quadratic_attenuation>0.001599967</quadratic_attenuation>
        </point>
      </technique_common>
      <extra>
        <technique profile="CGL">
          <area>
            <color sid="color">0 0 0</color>
          </area>
        </technique>
      </extra>
    </light>
  </library_lights>

  <library_cameras>
    <camera id="Camera-camera" name="Camera">
      <optics>
        <technique_common>
          <perspective>
            <xfov sid="xfov">42.0</xfov>
            <aspect_ratio>1.333333</aspect_ratio>
            <znear sid="znear">0.1</znear>
            <zfar sid="zfar">100</zfar>
          </perspective>
        </technique_common>
      </optics>
    </camera>
  </library_cameras>

  <library_images/>

  <library_effects>
    <effect id="slime-effect">
      <profile_COMMON>
        <technique sid="common">
          <phong>
            <emission><color sid="emission">0 0 0 1</color></emission>
            <ambient><color sid="ambient">0 0 0 1</color></ambient>
            <diffuse><color sid="diffuse">0.5 0.3 0.7 1</color></diffuse>
            <specular><color sid="specular">0.5 0.5 0.5 1</color></specular>
            <shininess><float sid="shininess">50</float></shininess>
            <index_of_refraction><float sid="ior">1.4</float></index_of_refraction>
          </phong>
        </technique>
      </profile_COMMON>
      <extra>
        <technique profile="CGL">
          <glass>
            <reflectance>1 1 1</reflectance>
            <transmittance>1 1 1</transmittance>
            <roughness>0</roughness>
            <ior>1.2</ior>
            <dispersion>0.005</dispersion>
            <sigma_a>0.5 0.05 0.5</sigma_a>
            <sigma_s>0.05 0.05 0.05</sigma_s>
            <phase_g>0.0</phase_g>
          </glass>
        </technique>
      </extra>
    </effect>

    <effect id="floor-effect">
      <profile_COMMON>
        <technique sid="common">
          <phong>
            <emission><color sid="emission">0 0 0 1</color></emission>
            <ambient><color sid="ambient">0 0 0 1</color></ambient>
            <diffuse><color sid="diffuse">0.7 0.7 0.7 1</color></diffuse>
            <specular><color sid="specular">0 0 0 1</color></specular>
            <shininess><float sid="shininess">1</float></shininess>
            <index_of_refraction><float sid="ior">1</float></index_of_refraction>
          </phong>
        </technique>
      </profile_COMMON>
    </effect>
  </library_effects>

  <library_materials>
    <material id="slime-material" name="slime">
      <instance_effect url="#slime-effect"/>
    </material>
    <material id="floor-material" name="floor">
      <instance_effect url="#floor-effect"/>
    </material>
  </library_materials>

  <library_geometries>
    <geometry id="Slime-data" name="Slime">
      <mesh>
        <source id="Slime-positions">
          <float_array id="Slime-positions-array" count="9585">-0.148536 1.324113 0.780571 -0.195135 1.322543 0.764048 -0.128766 1.298721 0.736319 -0.098672 1.325016 0.788963 -0.048869 1.296479 0.744517 -0.021394 1.324889 0.796871 0.028559 1.296674 0.749707 0.057555 1.326381 0.801109 0.106827 1.299206 0.752279 0.136689 1.331217 0.802949 0.186154 1.304812 0.752855 0.220448 1.342503 0.805252 0.264193 1.311924 0.749804 0.299189 1.345329 0.790521 0.334120 1.320657 0.745758 0.353456 1.347795 0.778619 -0.393186 1.324415 0.698450 -0.436663 1.323397 0.672654 -0.369456 1.298428 0.653784 -0.345082 1.324061 0.716152 -0.288288 1.294189 0.675237 -0.269001 1.321609 0.739251 -0.200938 1.290546 0.693956 -0.128512 1.276580 0.676234 -0.067158 1.276109 0.686621 0.006707 1.275510 0.692049 0.083448 1.276395 0.695001 0.161446 1.279386 0.696077 0.239625 1.284914 0.695524 0.316753 1.293970 0.694553 0.384236 1.334664 0.749668 0.396238 1.310869 0.697843 0.442482 1.346696 0.736958 0.474340 1.323206 0.681269 0.505294 1.352166 0.711789 0.531145 1.336723 0.672593 0.543496 1.355997 0.696712 -0.490732 1.320965 0.639164 -0.512857 1.306583 0.593709 -0.440884 1.290888 0.594241 -0.365274 1.276168 0.590737 -0.305054 1.274864 0.609727 -0.230324 1.272032 0.622419 -0.154318 1.267434 0.625830 -0.082145 1.263557 0.626191 -0.009638 1.262350 0.629679 0.066095 1.262202 0.632202 0.143428 1.263412 0.633483 0.221397 1.266634 0.633679 0.299338 1.272851 0.633281 0.377084 1.283453 0.633061 0.453069 1.297753 0.630566 0.521123 1.315505 0.628372 0.571508 1.356472 0.673907 0.570916 1.336762 0.635244 0.600094 1.357148 0.644633 -0.556203 1.310939 0.569969 -0.578625 1.303415 0.526014 -0.512162 1.285119 0.524451 -0.440435 1.270564 0.521604 -0.384124 1.266796 0.537461 -0.318413 1.262725 0.546494 -0.249087 1.260975 0.555500 -0.174953 1.259203 0.560674 -0.099500 1.257308 0.562618 -0.023828 1.255979 0.563810 0.052780 1.255371 0.565163 0.130369 1.255450 0.566162 0.208402 1.256755 0.566580 0.286489 1.260231 0.566543 0.364237 1.267124 0.566501 0.440720 1.278585 0.566741 0.513992 1.295978 0.568469 0.584901 1.323517 0.575749 0.614983 1.351018 0.610538 -0.620615 1.313250 0.503047 -0.639687 1.308324 0.459952 -0.578813 1.286159 0.456030 -0.511997 1.269096 0.450384 -0.458637 1.263652 0.466230 -0.396753 1.258608 0.475346 -0.333157 1.256188 0.484106 -0.265355 1.255144 0.489814 -0.192799 1.254973 0.492857 -0.116329 1.254851 0.494402 -0.037986 1.254586 0.494908 0.041178 1.254221 0.494853 0.120377 1.253803 0.495260 0.199158 1.253779 0.495765 0.277607 1.255050 0.495893 0.355700 1.258837 0.496039 0.432966 1.266638 0.496903 0.508117 1.280114 0.499617 0.578503 1.300831 0.505721 0.652966 1.359374 0.566751 0.640480 1.328294 0.511775 0.687048 1.356459 0.513440 -0.667435 1.315470 0.438632 -0.701186 1.324312 0.394932 -0.636465 1.292919 0.395936 -0.579507 1.272735 0.380459 -0.528968 1.264680 0.394022 -0.469726 1.257869 0.402854 -0.409113 1.254423 0.412787 -0.345924 1.252905 0.420541 -0.281240 1.252866 0.426220 -0.211635 1.253967 0.425461 -0.134316 1.255411 0.423404 -0.053495 1.256364 0.424331 0.029042 1.256898 0.422120 0.111795 1.256638 0.420996 0.192217 1.255795 0.422351 0.271295 1.255454 0.422720 0.349871 1.256719 0.422768 0.427934 1.261073 0.423458 0.505038 1.270388 0.425891 0.579709 1.286615 0.432034 0.643574 1.309739 0.445989 0.692842 1.338326 0.463282 -0.723219 1.315913 0.320911 -0.666954 1.290139 0.310446 -0.599850 1.271466 0.321507 -0.539640 1.260774 0.328195 -0.479888 1.255293 0.338389 -0.418482 1.252662 0.348171 -0.356735 1.252108 0.357155 -0.292521 1.253117 0.361780 -0.234482 1.254413 0.370033 -0.158174 1.258046 0.344852 -0.070420 1.259931 0.352751 0.011981 1.261251 0.352509 0.103692 1.262537 0.339509 0.187153 1.260914 0.346935 0.266386 1.259445 0.348333 0.345335 1.258838 0.347958 0.423957 1.260305 0.348115 0.502131 1.265664 0.349556 0.580307 1.277281 0.353466 0.661860 1.298702 0.362486 0.705121 1.323833 0.402572 -0.748407 1.323485 0.293845 -0.774118 1.333877 0.250583 -0.715175 1.299832 0.251363 -0.660082 1.277485 0.232905 -0.610675 1.267798 0.248566 -0.549211 1.259158 0.259208 -0.486533 1.254459 0.270007 -0.425120 1.252730 0.282456 -0.362415 1.253169 0.291647 -0.306541 1.254295 0.304761 -0.226508 1.258364 0.288689 -0.081583 1.264440 0.279903 -0.145601 1.262958 0.268794 -0.004953 1.265868 0.286380 0.069768 1.267024 0.284683 0.129933 1.268247 0.272171 0.167033 1.271087 0.233564 0.187714 1.267398 0.271681 0.262187 1.265141 0.275187 0.340920 1.263402 0.272411 0.420059 1.262699 0.271972 0.498423 1.264741 0.272541 0.576274 1.271548 0.274564 0.654505 1.285515 0.278281 0.728938 1.319088 0.347891 0.735586 1.308944 0.281108 0.785497 1.341302 0.322454 0.802417 1.330110 0.256546 0.823412 1.347572 0.280669 -0.789251 1.328449 0.161494 -0.734681 1.299792 0.171918 -0.675979 1.278055 0.173429 -0.616793 1.264977 0.176671 -0.555137 1.258113 0.185983 -0.490090 1.254821 0.197194 -0.424838 1.254207 0.212014 -0.370918 1.254683 0.232907 -0.291304 1.258576 0.223234 -0.166360 1.264838 0.223815 -0.213092 1.263390 0.209084 0.208206 1.271773 0.215241 0.242519 1.273553 0.175523 0.255765 1.270373 0.214817 0.334551 1.269129 0.194593 0.415728 1.266808 0.195295 0.494078 1.266498 0.195485 0.571270 1.269727 0.196682 0.646929 1.278411 0.199313 0.720077 1.294026 0.202634 0.785734 1.315284 0.203423 0.836950 1.346967 0.249080 0.835628 1.340372 0.208463 0.864207 1.369049 0.233719 -0.800299 1.325394 0.084234 -0.747296 1.298358 0.091609 -0.687344 1.277882 0.099109 -0.624422 1.264760 0.104405 -0.559337 1.258009 0.111045 -0.492147 1.255751 0.120658 -0.422740 1.256347 0.134148 -0.346064 1.258737 0.155297 -0.227409 1.265067 0.161869 -0.271465 1.263459 0.141221 0.297918 1.273182 0.154089 0.353718 1.272781 0.130164 0.384082 1.273907 0.088447 0.412356 1.271291 0.118769 0.488733 1.269699 0.118492 0.565611 1.270753 0.119033 0.640356 1.276198 0.121603 0.711423 1.287801 0.126085 0.776493 1.306449 0.133041 0.832172 1.332522 0.145227 0.878589 1.369541 0.169420 -0.810507 1.326224 0.025713 -0.759010 1.299110 0.008234 -0.694958 1.277869 0.021127 -0.630198 1.265167 0.028487 -0.562694 1.258742 0.034580 -0.493155 1.257028 0.042117 -0.423066 1.258358 0.053160 -0.352755 1.261362 0.067479 -0.281436 1.265319 0.077378 0.423216 1.273753 0.061500 0.443411 1.274679 0.020322 0.480142 1.273134 0.042756 0.558043 1.273415 0.040469 0.633424 1.277145 0.043603 0.704050 1.286456 0.048630 0.769336 1.303026 0.056728 0.827099 1.327268 0.071020 0.874964 1.358942 0.093519 -0.837726 1.347649 0.007921 -0.847333 1.358191 -0.048273 -0.798260 1.318541 -0.044807 -0.744588 1.291942 -0.068259 -0.696773 1.277676 -0.055743 -0.633586 1.266064 -0.048233 -0.565057 1.259952 -0.042807 -0.493337 1.258504 -0.037295 -0.419763 1.260313 -0.029395 -0.350660 1.263609 -0.014615 -0.286129 1.267294 0.001493 0.480421 1.275175 -0.015912 0.489270 1.277045 -0.074752 0.545404 1.276754 -0.043639 0.625622 1.280064 -0.035765 0.695899 1.288139 -0.029134 0.761133 1.303560 -0.022027 0.821512 1.327840 -0.009481 0.872711 1.358462 0.015240 -0.856489 1.371113 -0.124567 -0.810999 1.329802 -0.117671 -0.757117 1.300151 -0.124464 -0.698438 1.280154 -0.126953 -0.635652 1.268204 -0.123262 -0.566892 1.261860 -0.119584 -0.494089 1.260181 -0.116139 -0.417681 1.261933 -0.112040 -0.334259 1.266129 -0.106155 -0.281884 1.269091 -0.071852 0.485476 1.278668 -0.133689 0.550833 1.281055 -0.142750 0.621515 1.284603 -0.118167 0.687534 1.291800 -0.105159 0.749961 1.306211 -0.099665 0.810895 1.330328 -0.092752 0.871879 1.367920 -0.076801 -0.819763 1.338683 -0.170646 -0.806782 1.336115 -0.224506 -0.770227 1.312353 -0.195303 -0.704672 1.287602 -0.196182 -0.638507 1.272849 -0.196113 -0.568900 1.265123 -0.194807 -0.495715 1.262482 -0.193308 -0.419439 1.263403 -0.191716 -0.339911 1.266596 -0.190154 -0.265723 1.270787 -0.130997 -0.258344 1.271008 -0.191035 -0.225493 1.273260 -0.163893 0.447884 1.278909 -0.153473 0.432996 1.279790 -0.197594 0.503893 1.281706 -0.208787 0.574354 1.286461 -0.220242 0.623943 1.290441 -0.198915 0.683807 1.298778 -0.180830 0.734621 1.308675 -0.163782 0.794402 1.334327 -0.179457 0.850363 1.364568 -0.161220 -0.798392 1.337813 -0.265901 -0.765697 1.319608 -0.267914 -0.709177 1.297464 -0.267653 -0.642173 1.280356 -0.268108 -0.571531 1.270396 -0.268446 -0.497968 1.266044 -0.268608 -0.421854 1.265563 -0.268683 -0.343426 1.267471 -0.268731 -0.262772 1.270605 -0.269022 -0.197114 1.274297 -0.204849 -0.178902 1.274089 -0.268549 -0.141889 1.276172 -0.227465 -0.098102 1.276517 -0.286984 -0.088084 1.277509 -0.244906 0.240966 1.279423 -0.249578 0.219739 1.279140 -0.292967 0.290501 1.279578 -0.312850 0.302416 1.279573 -0.234181 0.369959 1.280677 -0.292490 0.375126 1.279749 -0.215465 0.449276 1.282242 -0.270837 0.518725 1.285998 -0.284485 0.560071 1.288103 -0.266153 0.625103 1.298563 -0.283875 0.676994 1.304877 -0.246088 0.745248 1.327435 -0.249900 0.837616 1.364610 -0.218647 0.814104 1.362465 -0.262190 -0.780802 1.341236 -0.315714 -0.741182 1.331489 -0.373137 -0.715033 1.311808 -0.339255 -0.645871 1.290763 -0.339737 -0.574750 1.278097 -0.340622 -0.501007 1.271471 -0.342008 -0.424972 1.269070 -0.343481 -0.347041 1.269335 -0.344810 -0.267502 1.271040 -0.345937 -0.186533 1.273290 -0.346957 -0.105156 1.275391 -0.349405 -0.049229 1.277725 -0.282677 -0.023980 1.277080 -0.344642 0.006071 1.278249 -0.294406 0.057787 1.277960 -0.351728 0.062434 1.278595 -0.302426 0.175013 1.278960 -0.303092 0.152690 1.278611 -0.339927 0.226177 1.279053 -0.365783 0.305879 1.280283 -0.384358 0.363616 1.281851 -0.367264 0.433330 1.284701 -0.352275 0.502886 1.289041 -0.343089 0.571311 1.295267 -0.332569 0.659350 1.312700 -0.341234 0.625029 1.305672 -0.348817 0.687012 1.327934 -0.368589 0.697212 1.321415 -0.314850 0.787535 1.359442 -0.306488 0.755538 1.352889 -0.339314 -0.701820 1.318724 -0.399237 -0.674793 1.319523 -0.440684 -0.648505 1.303671 -0.410940 -0.578251 1.288467 -0.410852 -0.505078 1.279344 -0.413053 -0.429291 1.274632 -0.415964 -0.351573 1.272852 -0.418707 -0.272433 1.272848 -0.420970 -0.192409 1.273734 -0.422395 -0.111962 1.274968 -0.423121 -0.031062 1.276253 -0.422144 0.051840 1.277422 -0.419590 0.105782 1.278438 -0.337534 0.143775 1.278497 -0.406623 0.228256 1.279816 -0.442651 0.289958 1.281129 -0.438553 0.356244 1.283616 -0.434601 0.421318 1.287660 -0.424174 0.487276 1.293512 -0.413275 0.550747 1.301089 -0.402863 0.607660 1.310936 -0.396459 0.718739 1.343477 -0.371458 -0.635322 1.312760 -0.466438 -0.607875 1.316825 -0.506114 -0.581428 1.301715 -0.477799 -0.510671 1.290214 -0.480176 -0.435491 1.283166 -0.485606 -0.358055 1.278874 -0.489774 -0.278784 1.276837 -0.494097 -0.198582 1.276028 -0.496609 -0.118621 1.276003 -0.497167 -0.039051 1.276592 -0.496476 0.040827 1.277658 -0.494796 0.122286 1.279150 -0.492335 0.202801 1.281065 -0.496652 0.276241 1.283414 -0.501567 0.343530 1.286572 -0.497938 0.408775 1.291597 -0.491116 0.473149 1.299420 -0.482326 0.535687 1.309305 -0.470819 0.592298 1.320095 -0.457167 -0.567558 1.312704 -0.530214 -0.535940 1.318685 -0.569072 -0.519814 1.303479 -0.534905 -0.444426 1.296524 -0.554372 -0.367422 1.288271 -0.555840 -0.288553 1.284109 -0.564132 -0.206561 1.281379 -0.570093 -0.125686 1.279534 -0.570384 -0.046875 1.278971 -0.568977 0.030663 1.279581 -0.566999 0.107557 1.281263 -0.565061 0.183999 1.284077 -0.564901 0.258895 1.287834 -0.565504 0.329939 1.292043 -0.561901 0.394988 1.297094 -0.553683 0.457225 1.306075 -0.547561 0.521330 1.320396 -0.540422 0.581264 1.334266 -0.522498 -0.480508 1.313795 -0.591926 -0.425165 1.308800 -0.612899 -0.388282 1.315297 -0.650999 -0.376131 1.300743 -0.612206 -0.306251 1.295192 -0.623324 -0.218998 1.291935 -0.646058 -0.133580 1.287073 -0.643321 -0.054593 1.284711 -0.639597 0.021480 1.284380 -0.636004 0.095591 1.285892 -0.632833 0.167558 1.289074 -0.630266 0.240321 1.294922 -0.631188 0.314993 1.301669 -0.628321 0.384990 1.307286 -0.615755 0.438314 1.311865 -0.598934 0.498437 1.329943 -0.609569 0.572923 1.357693 -0.600368 -0.330986 1.311415 -0.668866 -0.261566 1.305050 -0.686002 -0.204228 1.303048 -0.709085 -0.177912 1.314399 -0.754888 -0.139858 1.300310 -0.717605 -0.062098 1.295262 -0.707801 0.013024 1.293756 -0.701817 0.085015 1.294222 -0.695744 0.155367 1.297984 -0.692355 0.216686 1.301988 -0.684460 0.293781 1.317500 -0.702644 0.375295 1.324131 -0.681660 0.448477 1.331506 -0.658597 0.535871 1.354221 -0.645590 0.502848 1.346099 -0.660967 -0.157777 1.329335 -0.796522 -0.122829 1.316611 -0.780551 -0.068061 1.310966 -0.769515 0.003300 1.309416 -0.763582 0.078020 1.309242 -0.755824 0.139744 1.308738 -0.742653 0.220997 1.322724 -0.754891 0.366367 1.345161 -0.743474 0.313886 1.350253 -0.778188 0.435142 1.357412 -0.727386 0.493000 1.362434 -0.699754 -0.121387 1.332654 -0.816056 -0.101133 1.343640 -0.836330 -0.079589 1.330202 -0.816427 -0.014631 1.332165 -0.818018 0.066487 1.333328 -0.814281 0.153690 1.333933 -0.801818 0.264546 1.349441 -0.804280 0.221923 1.345258 -0.811745 -0.056226 1.365588 -0.864067 0.040162 1.364262 -0.865021 0.132565 1.371477 -0.865097 0.209413 1.369520 -0.848584 -0.198394 1.428644 0.872786 -0.235667 1.389950 0.836442 -0.164326 1.362000 0.821471 -0.108283 1.411316 0.874466 -0.068756 1.362011 0.836766 -0.023688 1.405419 0.879155 0.013868 1.361568 0.842813 0.056947 1.405217 0.881080 0.093045 1.364188 0.844876 0.135596 1.409629 0.879805 0.167960 1.370072 0.844724 0.207044 1.412593 0.873434 0.224503 1.379062 0.845836 0.257333 1.407191 0.861048 -0.453015 1.421992 0.783548 -0.483917 1.393990 0.745664 -0.415408 1.362637 0.739484 -0.374494 1.414994 0.809682 -0.326125 1.359598 0.773381 -0.296048 1.394852 0.823222 -0.249083 1.355611 0.795742 0.276707 1.378025 0.831741 0.355201 1.390365 0.817241 0.400778 1.363792 0.778231 0.427317 1.402568 0.800724 0.446594 1.378070 0.772767 0.469567 1.404576 0.784102 -0.597395 1.418495 0.704034 -0.612956 1.394572 0.672064 -0.571718 1.379804 0.679720 -0.540648 1.410323 0.731106 -0.500445 1.358914 0.693589 0.494128 1.385760 0.753139 0.546267 1.382727 0.719665 0.561446 1.366816 0.697852 0.581994 1.383239 0.695057 -0.632102 1.393656 0.656514 -0.652980 1.397190 0.636843 -0.615669 1.370982 0.634495 -0.553398 1.337945 0.627786 0.607522 1.379615 0.666310 0.632031 1.376957 0.632528 0.641827 1.412196 0.657741 -0.682688 1.406325 0.610905 -0.704958 1.399671 0.564705 -0.660399 1.373832 0.586956 -0.611777 1.334323 0.565875 0.645107 1.370823 0.604640 0.676709 1.406947 0.606659 -0.738201 1.398943 0.510823 -0.679492 1.346551 0.497959 0.715881 1.398335 0.542580 0.728559 1.371642 0.483331 0.752957 1.402174 0.498262 -0.770332 1.411047 0.476232 -0.790387 1.407307 0.423723 -0.744295 1.371691 0.443156 0.747230 1.357099 0.424749 0.768309 1.392051 0.459061 -0.817602 1.407922 0.365034 -0.767632 1.355608 0.349592 0.750725 1.337375 0.374531 0.795892 1.394808 0.415399 0.780444 1.359593 0.378421 0.815278 1.380225 0.357926 -0.841594 1.419483 0.328437 -0.851632 1.415253 0.275333 -0.815971 1.380962 0.299025 -0.093195 1.268926 0.203576 -0.014972 1.270306 0.218199 0.057150 1.271187 0.224784 0.121902 1.271573 0.227454 0.833966 1.370725 0.308775 0.848097 1.364330 0.270932 0.870909 1.402585 0.286577 -0.863259 1.409499 0.202943 -0.824684 1.368979 0.222744 -0.150496 1.269663 0.146400 -0.072654 1.273520 0.133166 -0.016808 1.274173 0.149431 0.051782 1.274798 0.159548 0.120587 1.274924 0.166846 0.187298 1.274204 0.177639 0.900867 1.409946 0.223368 -0.872403 1.402918 0.124337 -0.835056 1.362405 0.144775 -0.206495 1.269314 0.088735 -0.136427 1.273649 0.068738 -0.081839 1.275369 0.078483 -0.017382 1.276884 0.084101 0.048531 1.277503 0.092660 0.117602 1.277601 0.099991 0.187754 1.277108 0.106900 0.261788 1.275913 0.113495 0.336004 1.275072 0.094256 0.913032 1.405294 0.170493 0.911498 1.395904 0.119082 0.934854 1.435052 0.150681 -0.875614 1.394712 0.034420 -0.841692 1.356784 0.070615 -0.219503 1.271032 0.011411 -0.151707 1.274440 0.013586 -0.086687 1.276930 0.014727 -0.022440 1.278390 0.020257 0.044303 1.279166 0.026235 0.113084 1.279334 0.032239 0.183281 1.278998 0.037915 0.253681 1.278190 0.042604 0.323153 1.277062 0.041260 0.390233 1.275584 0.037319 0.911834 1.393834 0.049427 0.939945 1.434991 0.088163 -0.887507 1.406849 -0.046739 -0.224269 1.272281 -0.058557 -0.160588 1.275231 -0.053017 -0.094421 1.277567 -0.049503 -0.028152 1.279114 -0.044968 0.038490 1.279946 -0.039595 0.106652 1.280203 -0.034936 0.176887 1.279988 -0.030676 0.247305 1.279387 -0.025092 0.313749 1.278475 -0.019644 0.377114 1.277332 -0.020679 0.436152 1.276150 -0.023726 0.912764 1.399580 -0.027094 0.943259 1.438823 0.016201 -0.893553 1.418056 -0.110041 -0.224592 1.273111 -0.119397 -0.166954 1.275608 -0.117577 -0.100958 1.277727 -0.116048 -0.033709 1.279217 -0.110888 0.032816 1.280080 -0.105064 0.098421 1.280418 -0.099541 0.166917 1.280304 -0.098513 0.239966 1.279857 -0.095504 0.310235 1.279178 -0.084714 0.363572 1.278362 -0.070518 0.427483 1.277707 -0.088056 0.915404 1.410837 -0.092544 0.945931 1.451505 -0.064447 -0.876323 1.408028 -0.187241 -0.840641 1.360948 -0.192459 -0.178076 1.275360 -0.170331 -0.108360 1.277435 -0.185263 -0.037781 1.278898 -0.177650 0.028562 1.279762 -0.170086 0.093479 1.280149 -0.163483 0.150083 1.280215 -0.153867 0.225250 1.279823 -0.174717 0.307018 1.279469 -0.157526 0.382030 1.278866 -0.138438 0.933153 1.442798 -0.127144 0.900825 1.411632 -0.158475 -0.869151 1.425360 -0.278077 -0.830343 1.367234 -0.255978 -0.041301 1.278386 -0.238487 0.030737 1.279101 -0.241395 0.085705 1.279661 -0.218384 0.163219 1.279584 -0.230510 0.845582 1.378277 -0.251199 0.870808 1.400720 -0.232010 -0.822470 1.382910 -0.327975 -0.814130 1.399946 -0.393147 -0.776730 1.359046 -0.379875 0.111092 1.279012 -0.282709 0.654764 1.321774 -0.388125 0.790201 1.372101 -0.341020 0.849886 1.398470 -0.286007 0.821618 1.396855 -0.334946 -0.792663 1.405307 -0.451054 -0.766996 1.374301 -0.437250 -0.722236 1.341049 -0.431007 0.643772 1.334801 -0.445763 0.697008 1.352851 -0.424662 0.787789 1.390189 -0.379195 0.748224 1.375203 -0.406558 -0.761907 1.387338 -0.475470 -0.747431 1.389790 -0.500239 -0.722704 1.368511 -0.490864 -0.660496 1.334743 -0.493694 0.626135 1.343862 -0.498885 0.675771 1.373467 -0.504114 0.739412 1.410183 -0.482371 -0.727903 1.402039 -0.536665 -0.684383 1.400084 -0.586300 -0.661798 1.368129 -0.557584 -0.592788 1.334503 -0.558375 0.629558 1.368604 -0.558769 0.707846 1.414512 -0.539742 0.674857 1.405273 -0.569920 -0.644771 1.387531 -0.609722 -0.617692 1.394763 -0.644422 -0.594417 1.367305 -0.620122 -0.520609 1.340463 -0.624169 -0.440937 1.327713 -0.648817 0.618219 1.381363 -0.602509 0.645180 1.400543 -0.601603 -0.583006 1.388689 -0.664207 -0.561303 1.396351 -0.688961 -0.540137 1.374958 -0.672027 -0.462996 1.363134 -0.698816 -0.373537 1.338266 -0.705494 -0.287114 1.326325 -0.727158 -0.229153 1.314970 -0.733331 0.529136 1.365826 -0.679078 0.617547 1.407614 -0.641480 0.566327 1.384515 -0.666129 -0.521012 1.409015 -0.725445 -0.451686 1.392651 -0.749200 -0.420694 1.399901 -0.775614 -0.398844 1.376075 -0.754541 -0.313488 1.364338 -0.778275 -0.221453 1.338267 -0.781651 0.366163 1.363613 -0.780565 0.406665 1.374258 -0.774941 0.493777 1.394435 -0.746835 0.452030 1.387831 -0.768449 0.537867 1.394472 -0.710213 -0.376744 1.413315 -0.808964 -0.302676 1.398486 -0.828446 -0.265144 1.414662 -0.859888 -0.241748 1.378008 -0.829228 -0.151464 1.360047 -0.839461 0.256583 1.366596 -0.834638 0.373351 1.395345 -0.814932 0.304858 1.377511 -0.827667 0.439519 1.410961 -0.798920 -0.201782 1.409802 -0.876083 -0.117597 1.409311 -0.898587 -0.073886 1.440891 -0.932202 -0.047463 1.410905 -0.911672 0.016177 1.403149 -0.907229 0.092556 1.401906 -0.904957 0.209109 1.412525 -0.894343 0.152079 1.409162 -0.906471 0.278272 1.406474 -0.866304 -0.006736 1.454034 -0.944059 0.073006 1.444525 -0.937841 0.139278 1.440528 -0.931318 -0.337549 1.501777 0.880484 -0.372361 1.465288 0.848909 -0.319844 1.442375 0.852581 -0.268186 1.469323 0.883550 -0.264631 1.422424 0.856080 -0.206669 1.494522 0.911096 -0.133230 1.469732 0.909962 -0.053640 1.457155 0.911486 0.025913 1.452842 0.912537 0.105044 1.455351 0.911382 0.190878 1.467609 0.907753 0.272335 1.458505 0.886354 0.310983 1.421237 0.855562 0.344794 1.469697 0.872955 0.363169 1.437961 0.850047 0.389752 1.471402 0.859530 -0.502300 1.471050 0.795043 -0.536883 1.447831 0.765216 -0.504370 1.427124 0.766755 -0.431479 1.474868 0.828996 0.415928 1.447126 0.833893 0.476706 1.445143 0.804964 0.502047 1.422084 0.778391 0.521528 1.453009 0.785150 -0.629665 1.457597 0.708660 -0.662327 1.453120 0.678595 -0.639297 1.419099 0.673984 -0.581172 1.459403 0.744330 0.545139 1.431041 0.754512 0.588011 1.421515 0.716735 0.611826 1.407295 0.687269 0.633712 1.450364 0.693944 -0.693265 1.471217 0.656143 -0.708225 1.439451 0.611206 -0.675205 1.429700 0.646411 0.681383 1.464189 0.653535 -0.744950 1.443570 0.561800 0.719360 1.463409 0.609172 0.714941 1.427073 0.581386 0.741953 1.446408 0.565102 -0.776462 1.463022 0.534745 -0.796328 1.454308 0.484798 -0.767993 1.432552 0.514581 0.761643 1.433552 0.524266 0.783211 1.425133 0.482224 0.794554 1.467960 0.508981 -0.828521 1.455759 0.419646 0.793198 1.413925 0.451729 0.818730 1.450720 0.450563 -0.854025 1.473352 0.386932 -0.864636 1.462660 0.334049 -0.843954 1.441848 0.367182 0.836509 1.424492 0.387338 0.848437 1.404771 0.338151 0.875195 1.456959 0.351922 -0.882493 1.464129 0.262976 0.909763 1.460343 0.282782 -0.896040 1.458463 0.185697 0.925838 1.450587 0.230738 0.926447 1.432797 0.194721 0.945061 1.477760 0.201605 -0.905561 1.451916 0.105879 0.957924 1.482708 0.134952 -0.917297 1.459221 0.025511 0.965155 1.484586 0.065059 -0.918758 1.457785 -0.058059 0.969178 1.490388 -0.005915 -0.915883 1.461474 -0.133269 0.972028 1.504038 -0.066010 -0.910306 1.473026 -0.215319 0.932613 1.458596 -0.173681 0.959556 1.499141 -0.137384 -0.897346 1.470028 -0.276041 0.944214 1.494487 -0.202405 0.914577 1.461057 -0.233232 -0.880833 1.473727 -0.337297 -0.849295 1.421415 -0.344021 0.853393 1.420992 -0.322992 0.879918 1.449288 -0.303454 -0.847800 1.437663 -0.381553 -0.826953 1.436478 -0.427918 0.780077 1.416210 -0.436806 0.853539 1.449739 -0.361124 0.819363 1.442743 -0.409947 -0.802846 1.436920 -0.474205 -0.770486 1.411015 -0.495533 0.776188 1.436517 -0.473631 0.798633 1.455036 -0.461892 -0.778887 1.458612 -0.531710 -0.750823 1.482674 -0.600217 -0.719699 1.434980 -0.588276 0.703666 1.436422 -0.579605 0.779636 1.472009 -0.508216 0.736723 1.456919 -0.555522 -0.727275 1.492588 -0.640176 -0.705198 1.460127 -0.634285 -0.663149 1.420158 -0.633170 0.713661 1.463775 -0.598689 0.676201 1.450126 -0.625933 -0.699685 1.485805 -0.663229 -0.673676 1.499336 -0.694820 -0.663192 1.457751 -0.671878 -0.602060 1.422906 -0.686715 0.637513 1.451930 -0.673155 0.592727 1.440714 -0.705663 -0.630161 1.471537 -0.708987 -0.575259 1.464393 -0.742151 -0.542060 1.481739 -0.779596 -0.518644 1.449689 -0.768308 -0.458963 1.427680 -0.782094 0.477888 1.413228 -0.780958 0.540792 1.431595 -0.748421 0.507995 1.428727 -0.774321 -0.496222 1.477040 -0.802344 -0.431054 1.469092 -0.831158 -0.395564 1.488503 -0.863686 -0.373519 1.455508 -0.850078 -0.320407 1.435777 -0.856507 0.337472 1.413449 -0.850778 0.430816 1.453388 -0.835400 0.379207 1.437748 -0.851684 0.488551 1.453367 -0.803257 -0.344834 1.482990 -0.880898 -0.261858 1.465473 -0.899627 -0.175445 1.449959 -0.917551 -0.146873 1.482680 -0.945879 -0.118685 1.452318 -0.933366 0.185102 1.436217 -0.922397 0.278081 1.462630 -0.908727 0.224772 1.453096 -0.923070 0.347476 1.461518 -0.879891 -0.078285 1.495699 -0.961869 0.000893 1.509466 -0.973847 0.063353 1.498371 -0.966950 0.132933 1.489927 -0.957005 0.198725 1.480858 -0.943055 -0.171258 1.589878 0.957957 -0.208328 1.544777 0.934948 -0.149731 1.528590 0.937682 -0.096509 1.572885 0.961514 -0.076591 1.513885 0.939194 -0.021691 1.563718 0.962540 0.000120 1.506034 0.939601 0.054204 1.559264 0.960748 0.076497 1.504202 0.938034 0.127211 1.557718 0.955971 0.149370 1.508329 0.934628 0.191453 1.557645 0.948992 0.206545 1.520642 0.932464 0.236958 1.554636 0.940346 -0.389504 1.557587 0.885296 -0.430909 1.525538 0.856289 -0.393489 1.503144 0.861964 -0.335749 1.548551 0.901865 -0.275879 1.540586 0.915835 0.263714 1.524665 0.919988 0.334002 1.521685 0.897824 0.398021 1.517909 0.875497 0.425157 1.491945 0.854777 0.445910 1.526622 0.859821 -0.545893 1.522264 0.795894 -0.580712 1.502678 0.768423 -0.550557 1.479333 0.776175 -0.486373 1.535218 0.831869 0.472537 1.502513 0.835042 0.523606 1.495089 0.803023 0.555051 1.478450 0.775049 0.576122 1.532676 0.782766 -0.623265 1.508865 0.739934 -0.664914 1.493608 0.698093 0.602119 1.485491 0.740525 0.668208 1.519968 0.699672 -0.702240 1.523089 0.674061 -0.734205 1.494115 0.618259 0.705786 1.514296 0.660649 0.712806 1.490458 0.639235 0.737694 1.522977 0.629147 -0.771337 1.535203 0.592562 -0.793606 1.504246 0.537621 -0.766547 1.487007 0.570147 0.758565 1.493879 0.583258 0.771718 1.470337 0.546756 0.793158 1.514789 0.549062 -0.828435 1.517069 0.481588 0.828135 1.519367 0.498018 -0.860338 1.549643 0.443462 -0.870064 1.514244 0.387045 -0.850608 1.500650 0.424404 0.849702 1.500311 0.448278 0.853839 1.470170 0.410622 0.878934 1.524365 0.413260 -0.890908 1.523486 0.327738 0.912967 1.523459 0.343923 -0.913313 1.527381 0.249921 0.931457 1.508568 0.290383 0.934887 1.484515 0.252929 0.950630 1.535296 0.258857 -0.924028 1.507983 0.166343 0.968080 1.540430 0.189967 -0.932938 1.502537 0.097772 0.980168 1.540244 0.117144 -0.950112 1.543311 0.091219 -0.957231 1.555443 0.045397 -0.942005 1.511385 0.050826 0.986534 1.538918 0.044610 -0.961320 1.562434 -0.020613 -0.941926 1.507100 -0.005826 0.988911 1.543721 -0.024121 -0.962371 1.569505 -0.092895 -0.942189 1.510290 -0.077128 0.986230 1.551005 -0.091146 -0.960178 1.580196 -0.167879 -0.940164 1.518076 -0.149752 0.981448 1.561098 -0.148556 -0.937429 1.528458 -0.207901 -0.919771 1.517773 -0.270666 0.939809 1.513844 -0.246222 0.964825 1.553812 -0.211186 -0.911238 1.547660 -0.338036 0.947109 1.553009 -0.271001 0.919201 1.518943 -0.302311 -0.877480 1.519695 -0.401119 -0.855878 1.468225 -0.402631 0.851639 1.488834 -0.411718 0.883383 1.512785 -0.373521 -0.863620 1.557070 -0.463570 -0.834663 1.484078 -0.461372 0.863791 1.530780 -0.431235 0.829078 1.516339 -0.473682 -0.821613 1.525409 -0.521863 -0.805436 1.562778 -0.576905 -0.788187 1.508647 -0.567677 0.798248 1.526880 -0.533482 0.767220 1.512551 -0.566310 -0.774469 1.523117 -0.601637 -0.750401 1.514847 -0.628815 0.709298 1.482710 -0.620874 0.733411 1.499702 -0.602829 -0.722670 1.529425 -0.667104 -0.686264 1.539169 -0.707262 0.630779 1.473696 -0.699582 0.706695 1.521950 -0.648685 0.660475 1.494339 -0.682164 -0.633009 1.523933 -0.740273 -0.592023 1.554116 -0.786574 -0.577420 1.507124 -0.772241 0.530644 1.458846 -0.779333 0.624534 1.512037 -0.728341 0.570775 1.481594 -0.759005 -0.540947 1.520866 -0.803133 -0.484627 1.526048 -0.838196 -0.449954 1.548708 -0.869179 -0.431859 1.511372 -0.859731 0.402056 1.473997 -0.864725 0.485909 1.512687 -0.837248 0.438550 1.499450 -0.859907 0.536415 1.504599 -0.799373 -0.395327 1.534749 -0.887659 -0.320849 1.532261 -0.917179 -0.282260 1.560419 -0.945347 -0.260063 1.521056 -0.934467 -0.204773 1.499124 -0.939593 0.250803 1.486183 -0.933607 0.342275 1.524015 -0.914766 0.289424 1.509360 -0.931252 0.408753 1.524192 -0.884861 -0.225662 1.560536 -0.961850 -0.154162 1.532075 -0.966937 -0.096518 1.565866 -0.989829 -0.025531 1.554369 -0.991792 0.053656 1.560862 -0.993479 0.126990 1.550141 -0.981418 0.195346 1.542381 -0.966765 0.260422 1.535388 -0.949630 -0.226915 1.641526 0.961341 -0.273408 1.599246 0.938415 -0.232481 1.581269 0.943359 -0.164316 1.643548 0.975758 -0.112542 1.630473 0.978842 -0.042451 1.623687 0.981493 0.034029 1.619668 0.980607 0.110242 1.616923 0.975229 0.180991 1.611678 0.965643 0.245590 1.603363 0.952558 0.274999 1.574812 0.937603 0.296500 1.611334 0.942294 -0.436650 1.618675 0.883075 -0.485721 1.593899 0.852727 -0.447346 1.564861 0.863657 -0.388120 1.609268 0.902148 -0.334637 1.601524 0.919071 0.328130 1.586506 0.922983 0.393779 1.581097 0.896922 0.447140 1.570467 0.872723 0.481090 1.554163 0.851392 0.500586 1.609480 0.856392 -0.551474 1.603328 0.816167 -0.595898 1.548590 0.774411 0.532031 1.564044 0.823656 0.596037 1.604667 0.794327 -0.631659 1.553317 0.751093 -0.667715 1.552537 0.719537 0.637904 1.571052 0.749342 0.684292 1.581529 0.714234 -0.704178 1.565246 0.690077 -0.736900 1.565352 0.651838 0.719804 1.576331 0.675222 0.757883 1.575475 0.633143 -0.775127 1.589565 0.613801 -0.808135 1.574946 0.555574 0.776840 1.549512 0.594889 0.818019 1.590495 0.556788 -0.845342 1.587598 0.499130 0.850412 1.574001 0.500671 0.858894 1.540727 0.465547 0.877297 1.587420 0.462323 -0.868571 1.600182 0.461050 -0.886400 1.583758 0.401723 0.910238 1.596653 0.404470 -0.915345 1.597142 0.326930 0.932310 1.578230 0.348511 0.937810 1.546849 0.311332 0.950927 1.594169 0.310864 -0.938170 1.635029 0.291022 -0.944896 1.611589 0.243030 -0.931747 1.586166 0.265136 0.970652 1.605599 0.251238 -0.953920 1.610433 0.192076 -0.937537 1.564895 0.210953 0.990672 1.612750 0.174381 -0.962881 1.602539 0.115412 -0.945553 1.553710 0.145964 0.999454 1.596161 0.094355 -0.973388 1.617277 0.041365 1.003604 1.594196 0.024138 -0.979065 1.627289 -0.032964 1.003846 1.600167 -0.044790 -0.979565 1.631500 -0.105276 1.000237 1.613927 -0.117646 -0.977552 1.638470 -0.159620 0.987477 1.600077 -0.176514 -0.964191 1.625117 -0.221314 -0.946276 1.564706 -0.231129 0.981734 1.616483 -0.218032 -0.953341 1.644582 -0.288027 -0.939741 1.582289 -0.281736 0.939908 1.577600 -0.311355 0.963400 1.610927 -0.272298 -0.931447 1.605103 -0.332553 -0.905227 1.598873 -0.397047 0.944633 1.633973 -0.337170 0.917099 1.579483 -0.361839 -0.883417 1.632575 -0.469272 0.860445 1.558031 -0.458615 0.885925 1.584324 -0.428513 -0.846386 1.592059 -0.522726 -0.830371 1.623657 -0.567624 0.788839 1.559300 -0.571270 0.856491 1.604787 -0.492678 0.818284 1.579194 -0.539118 -0.794719 1.622330 -0.619263 -0.768059 1.555641 -0.627998 0.796041 1.614609 -0.591843 0.756445 1.566706 -0.616262 -0.749274 1.591090 -0.665742 -0.721558 1.621215 -0.705320 -0.713841 1.570834 -0.696521 0.722878 1.603782 -0.674510 0.675690 1.561697 -0.704612 -0.680725 1.580508 -0.729313 -0.639494 1.589266 -0.766563 -0.605081 1.602744 -0.797932 0.639552 1.589519 -0.753107 0.588359 1.547020 -0.778763 -0.548608 1.590116 -0.828712 -0.507884 1.632201 -0.867986 -0.488450 1.578268 -0.860692 0.458728 1.537080 -0.866029 0.543867 1.577670 -0.824911 0.493752 1.567274 -0.856294 -0.444304 1.602196 -0.891256 -0.373668 1.591337 -0.919967 -0.342714 1.639329 -0.947780 -0.320879 1.585472 -0.940529 0.311913 1.546444 -0.937938 0.404121 1.594795 -0.912166 0.349207 1.576965 -0.932944 0.459371 1.583683 -0.881270 -0.276697 1.613968 -0.964401 -0.225310 1.608552 -0.978840 -0.166418 1.605795 -0.991090 -0.124923 1.650958 -1.011580 -0.101542 1.616642 -1.006465 -0.046443 1.607626 -1.009011 0.017597 1.604260 -1.010293 0.123591 1.615285 -1.003829 0.070080 1.612973 -1.011325 0.191835 1.608504 -0.987246 0.258260 1.601652 -0.968764 0.313552 1.591924 -0.950365 -0.066534 1.665512 -1.021191 -0.000377 1.654572 -1.022578 0.056903 1.650106 -1.021401 -0.276399 1.699543 0.958609 -0.327044 1.664685 0.937060 -0.289461 1.639897 0.944474 -0.219958 1.702989 0.975609 -0.175505 1.688122 0.983232 -0.128975 1.675914 0.988602 -0.066138 1.687563 0.996651 0.011115 1.678737 0.997106 0.092918 1.686329 0.994380 0.169790 1.676686 0.981747 0.237460 1.666408 0.967249 0.294246 1.655722 0.952013 0.333524 1.641073 0.936748 0.348324 1.697236 0.941106 -0.450168 1.695706 0.891499 -0.498322 1.652698 0.859780 -0.384618 1.664522 0.914789 0.392808 1.657683 0.916047 0.454996 1.636469 0.885157 0.514839 1.680496 0.864872 -0.606049 1.690887 0.798971 -0.662795 1.672306 0.754049 -0.632887 1.605553 0.762259 -0.546852 1.684104 0.837782 0.562639 1.651817 0.829965 0.611946 1.662910 0.800201 -0.703236 1.704811 0.725222 -0.736578 1.678180 0.687994 -0.701821 1.621599 0.707643 0.643814 1.644983 0.769819 0.681476 1.628540 0.732479 0.704334 1.611122 0.706484 0.723809 1.656695 0.697503 -0.771556 1.695023 0.650692 -0.794158 1.642505 0.606171 -0.754669 1.631754 0.654863 0.761096 1.627789 0.648837 0.784470 1.599984 0.610308 0.798997 1.655152 0.610165 -0.834117 1.652367 0.548406 0.836993 1.677956 0.565586 -0.864321 1.687702 0.509572 -0.880804 1.647816 0.457614 -0.860452 1.634841 0.496757 0.859989 1.632289 0.514111 0.893534 1.657252 0.467641 -0.905116 1.659375 0.400628 0.923416 1.674814 0.419893 -0.928528 1.670778 0.345420 0.939298 1.633485 0.366110 0.962484 1.670526 0.322017 -0.943893 1.682443 0.307284 -0.953996 1.666009 0.251901 0.988630 1.687188 0.245034 -0.967590 1.670298 0.181243 1.004008 1.675698 0.183926 1.009098 1.654265 0.133400 1.013981 1.700338 0.158555 -0.979222 1.676982 0.108087 1.014232 1.648251 0.071005 1.019984 1.700247 0.112682 -0.989316 1.688340 0.032515 1.016687 1.651040 0.005469 1.024506 1.703021 0.053543 -0.997058 1.704909 -0.050763 1.016060 1.660595 -0.060344 1.026212 1.710343 -0.009589 -0.989782 1.679307 -0.122620 1.013479 1.673792 -0.114454 1.024742 1.724790 -0.075992 -0.984557 1.684921 -0.175062 1.016719 1.712310 -0.133931 1.000708 1.665709 -0.177450 -0.974139 1.692849 -0.235633 0.984122 1.661308 -0.241719 -0.961238 1.710925 -0.296822 0.970327 1.692164 -0.298733 -0.937510 1.660495 -0.349724 -0.917201 1.680932 -0.413980 0.947994 1.693684 -0.359689 0.919788 1.657759 -0.403808 -0.894373 1.715169 -0.479970 0.889269 1.654081 -0.461955 -0.861234 1.660280 -0.528340 -0.833682 1.688052 -0.583244 0.870014 1.689339 -0.511657 0.831664 1.657325 -0.559907 -0.798572 1.689197 -0.633608 0.803321 1.668328 -0.607301 0.768638 1.658852 -0.645050 -0.763365 1.655508 -0.669215 -0.730374 1.689690 -0.711739 0.730690 1.663993 -0.691959 0.689127 1.650271 -0.728514 -0.680144 1.646856 -0.750149 -0.645770 1.691766 -0.788947 -0.636156 1.635293 -0.785172 0.644641 1.647776 -0.771173 0.603886 1.617850 -0.794885 -0.600655 1.651158 -0.814465 -0.557207 1.666862 -0.847557 -0.522368 1.687237 -0.874195 0.573621 1.668413 -0.831616 0.512658 1.625504 -0.861875 -0.475175 1.676284 -0.896461 -0.408359 1.664883 -0.926008 -0.362700 1.695680 -0.952674 0.422180 1.672083 -0.923685 0.368161 1.630761 -0.939382 0.468721 1.653623 -0.894561 -0.301702 1.694737 -0.973865 -0.225181 1.662800 -0.991123 -0.182585 1.722784 -1.011791 -0.165080 1.668367 -1.007414 0.098724 1.645511 -1.017477 0.186377 1.677268 -1.005512 0.134695 1.665108 -1.016085 0.255990 1.673480 -0.984893 0.326495 1.664920 -0.961494 -0.117021 1.709610 -1.022244 -0.058021 1.723375 -1.031069 -0.009303 1.710572 -1.031613 0.048822 1.701940 -1.029961 0.106665 1.693095 -1.024764 -0.019236 1.787210 1.015767 -0.057941 1.743630 1.008419 -0.006686 1.732883 1.009090 0.037931 1.775214 1.015880 0.055312 1.730613 1.008206 0.088129 1.774120 1.013623 0.105869 1.742149 1.006486 0.128519 1.775691 1.008800 -0.288679 1.775387 0.961583 -0.340233 1.723750 0.940527 -0.228766 1.755778 0.978059 -0.183330 1.735366 0.988049 -0.120612 1.736899 0.999219 0.159817 1.748089 0.996810 0.231151 1.737139 0.979019 0.295161 1.719204 0.960757 0.354335 1.768235 0.946768 -0.459951 1.772323 0.895432 -0.507291 1.725466 0.866947 -0.401312 1.745345 0.919109 0.408643 1.743042 0.923463 0.470027 1.720383 0.893448 0.525545 1.738108 0.869377 -0.613219 1.782581 0.804838 -0.660350 1.741122 0.766181 -0.561012 1.751646 0.837883 0.562473 1.725257 0.844999 0.606037 1.714245 0.813640 0.640469 1.696924 0.785074 0.647006 1.756313 0.786079 -0.704373 1.779116 0.731618 -0.742104 1.739300 0.691481 0.682540 1.703664 0.747584 0.733352 1.745520 0.703389 -0.781029 1.766973 0.648434 -0.809718 1.712908 0.602874 0.770045 1.700540 0.656772 0.812055 1.731311 0.612242 -0.843797 1.727573 0.556281 0.849521 1.750542 0.567428 -0.867192 1.741098 0.520350 -0.889404 1.722736 0.466359 0.872416 1.705320 0.521592 0.906708 1.746210 0.472625 -0.919856 1.735937 0.396561 0.934936 1.726587 0.415794 0.944710 1.688566 0.381295 0.954187 1.737759 0.372830 -0.940799 1.769535 0.349884 -0.951722 1.725264 0.299672 -0.938597 1.716740 0.341462 0.975481 1.749785 0.314740 -0.965530 1.730891 0.241126 0.995755 1.771829 0.256250 -0.979159 1.739410 0.173502 1.007518 1.728766 0.201618 1.019167 1.747003 0.154392 -0.991885 1.749839 0.101017 1.026771 1.754575 0.099157 -1.003929 1.760716 0.027427 1.031178 1.760470 0.039773 -1.013315 1.790000 0.002434 -1.015462 1.796023 -0.034215 -1.009740 1.760897 -0.023363 1.032432 1.769427 -0.018721 -1.008988 1.757069 -0.060905 -1.000651 1.744113 -0.117316 1.031358 1.783591 -0.065724 -0.989513 1.738110 -0.185697 1.011947 1.732200 -0.171419 1.023787 1.771865 -0.122479 -0.980365 1.761321 -0.236818 1.013335 1.788143 -0.183293 0.996433 1.728931 -0.230433 -0.965673 1.782368 -0.300573 0.983439 1.762893 -0.285219 -0.944654 1.731130 -0.358777 -0.925984 1.755505 -0.417728 0.936331 1.727660 -0.398686 0.961294 1.761858 -0.346853 -0.909782 1.783702 -0.462450 0.938426 1.791173 -0.408876 0.906657 1.737706 -0.460965 -0.882198 1.783728 -0.517569 -0.866788 1.718537 -0.537092 0.877616 1.752414 -0.520514 0.849798 1.732226 -0.559496 -0.852345 1.751899 -0.567209 -0.817303 1.759483 -0.617904 0.795525 1.696309 -0.627156 0.817607 1.714900 -0.601822 -0.773367 1.726509 -0.670470 -0.738097 1.766373 -0.712972 0.719583 1.691751 -0.712530 0.786914 1.742835 -0.645803 0.745295 1.714133 -0.689078 -0.693072 1.727615 -0.753185 -0.652450 1.768562 -0.792531 0.622080 1.674668 -0.797841 0.706812 1.737010 -0.732513 0.659420 1.704280 -0.771729 -0.599239 1.726444 -0.829347 -0.561413 1.780008 -0.861320 -0.552056 1.720358 -0.861871 0.574233 1.746864 -0.847199 0.525775 1.700540 -0.871271 0.619456 1.732038 -0.810338 -0.508442 1.745708 -0.890068 -0.446743 1.732682 -0.920676 -0.410272 1.785397 -0.942901 -0.398203 1.726519 -0.942956 0.384404 1.685040 -0.944422 0.477361 1.743355 -0.906233 0.419503 1.723557 -0.934736 -0.350822 1.759820 -0.965262 -0.293690 1.763477 -0.986273 -0.244194 1.738738 -0.998300 -0.196242 1.789668 -1.014875 0.154533 1.701454 -1.018982 0.247246 1.752023 -0.999281 0.189119 1.732089 -1.014694 0.317596 1.740323 -0.975691 0.376709 1.733110 -0.954050 -0.135986 1.776850 -1.025687 -0.075154 1.771432 -1.033386 -0.017031 1.767433 -1.036862 0.040448 1.759935 -1.035910 0.098114 1.752049 -1.031460 0.150515 1.744499 -1.024141 -0.058491 1.826652 1.014284 -0.106197 1.796489 1.007180 -0.073433 1.777704 1.011066 -0.007334 1.835610 1.018157 0.034039 1.821659 1.018517 0.074382 1.808214 1.017180 0.121775 1.816332 1.012267 0.160978 1.800366 1.004146 0.167032 1.840249 1.003777 -0.294312 1.850486 0.960709 -0.350306 1.797822 0.942233 -0.229290 1.828076 0.978779 -0.163501 1.797239 0.994788 0.220440 1.822714 0.988615 0.294635 1.792562 0.967137 0.356141 1.840609 0.949077 -0.463768 1.848636 0.895640 -0.514344 1.800424 0.868867 -0.408961 1.821926 0.920311 0.410173 1.815926 0.928571 0.463106 1.797691 0.904749 0.514883 1.787340 0.879067 0.553803 1.774750 0.856724 0.555824 1.830812 0.856679 -0.613344 1.865008 0.805241 -0.660759 1.820850 0.770057 -0.565458 1.830524 0.838742 0.598128 1.789339 0.826056 0.648283 1.837418 0.787523 -0.703720 1.858313 0.731758 -0.744940 1.814175 0.691882 0.692938 1.793046 0.747202 0.739142 1.832502 0.703139 -0.784432 1.848339 0.645327 -0.823112 1.793770 0.594495 0.779371 1.783398 0.657679 0.826376 1.816967 0.604130 -0.853924 1.834132 0.550729 -0.876121 1.789279 0.509451 -0.854383 1.777361 0.548729 0.861685 1.803320 0.558397 0.877113 1.765286 0.529996 0.886759 1.818674 0.518827 -0.901175 1.797309 0.455917 0.914866 1.834323 0.468213 -0.924194 1.814316 0.402509 0.936822 1.784803 0.421469 0.959942 1.806026 0.368688 -0.943344 1.836937 0.350240 -0.957476 1.786393 0.296650 0.980822 1.825979 0.311157 -0.972778 1.799023 0.235100 0.999068 1.846339 0.251434 -0.987043 1.811399 0.167287 1.011660 1.793668 0.201542 1.023066 1.807382 0.143979 -1.001319 1.825284 0.092411 1.030664 1.812566 0.084411 -1.011175 1.854400 0.047263 -1.016194 1.824545 0.005979 -1.011184 1.810691 0.035618 1.034504 1.816529 0.027335 -1.017984 1.834406 -0.023331 1.034821 1.824688 -0.026542 -1.015719 1.825126 -0.062496 -1.012071 1.783853 -0.076234 1.031363 1.830167 -0.080743 -1.009417 1.800102 -0.102924 -0.998056 1.812381 -0.156348 1.024082 1.837547 -0.136121 -0.981722 1.836483 -0.235572 1.013578 1.854526 -0.188253 0.999491 1.808182 -0.239310 -0.965673 1.855906 -0.302097 0.981502 1.827801 -0.298365 -0.948524 1.803439 -0.361750 -0.929600 1.825484 -0.417111 0.960087 1.843270 -0.360208 -0.906975 1.844302 -0.469571 0.938037 1.862812 -0.416241 0.919007 1.817278 -0.454724 -0.879624 1.865017 -0.521786 0.863508 1.787907 -0.551017 0.891173 1.816237 -0.506984 -0.851621 1.815818 -0.571082 -0.817232 1.847874 -0.619739 0.862016 1.846813 -0.558073 0.830156 1.792284 -0.597813 -0.779740 1.805006 -0.667883 -0.740446 1.847244 -0.711394 0.791284 1.833516 -0.650267 0.750017 1.788276 -0.694258 -0.698397 1.807546 -0.753901 -0.655204 1.850307 -0.792375 0.709139 1.826401 -0.739039 0.663619 1.780366 -0.778499 -0.609200 1.812245 -0.828925 -0.566120 1.853783 -0.860456 0.536120 1.762014 -0.875638 0.612287 1.813564 -0.824145 0.565945 1.800439 -0.859714 -0.518982 1.826073 -0.889166 -0.465624 1.803686 -0.917231 -0.420809 1.857264 -0.939409 0.476340 1.832927 -0.914321 0.426784 1.782094 -0.936867 0.526655 1.815389 -0.885373 -0.364685 1.837921 -0.963136 -0.307493 1.822674 -0.984247 -0.252414 1.807103 -1.001425 -0.203245 1.856559 -1.014765 0.255367 1.837135 -1.002319 0.199776 1.787743 -1.016041 0.314232 1.816954 -0.983012 0.373523 1.800915 -0.960878 -0.147251 1.841846 -1.026075 -0.088154 1.832118 -1.033996 -0.028389 1.825397 -1.038312 0.030873 1.819505 -1.038583 0.090022 1.813089 -1.034774 0.147460 1.803906 -1.027253 -0.066414 1.871219 1.011600 -0.108743 1.845372 1.006158 -0.022100 1.872900 1.015059 0.030742 1.869267 1.016348 0.086663 1.855073 1.014807 0.125348 1.896509 1.006745 0.138593 1.861800 1.008589 -0.297587 1.924134 0.955864 -0.354671 1.872610 0.940753 -0.232682 1.905550 0.973846 -0.156434 1.884905 0.992171 0.185828 1.899532 0.994972 0.251579 1.896181 0.979852 0.298421 1.866935 0.967538 0.355045 1.911356 0.946892 -0.460709 1.924991 0.892470 -0.514910 1.877758 0.867756 -0.409712 1.897272 0.918228 0.410458 1.885435 0.927510 0.454079 1.857354 0.910259 0.506357 1.858798 0.884465 0.550098 1.888032 0.858910 -0.607555 1.947301 0.801250 -0.657850 1.903999 0.767909 -0.562754 1.910304 0.836348 0.596691 1.882570 0.826359 0.646733 1.920358 0.784721 -0.699933 1.940401 0.726749 -0.743520 1.896422 0.688598 0.694127 1.879831 0.745756 0.738886 1.920182 0.699327 -0.780928 1.931617 0.641619 -0.823278 1.889267 0.591776 0.783683 1.870383 0.655101 0.825566 1.913738 0.603137 -0.856099 1.892498 0.544179 -0.881560 1.861189 0.499697 0.860196 1.862613 0.560474 0.890002 1.897522 0.509446 -0.906872 1.858001 0.446331 0.918887 1.900016 0.456028 -0.923991 1.885065 0.401685 0.940069 1.856183 0.416619 0.961880 1.880244 0.361244 -0.943514 1.907527 0.344304 -0.960702 1.854867 0.292095 0.982129 1.900289 0.300969 -0.976272 1.869558 0.229213 0.999298 1.923364 0.235458 -0.989834 1.884228 0.163551 1.013785 1.861014 0.190592 1.024555 1.875399 0.124950 -1.000706 1.905398 0.097545 1.032004 1.860995 0.065644 -1.009861 1.896291 0.041061 -1.015849 1.863070 0.006611 1.034020 1.871208 0.017587 -1.016430 1.863828 -0.032246 1.033481 1.877505 -0.036932 -1.013859 1.861728 -0.067281 -1.010427 1.837330 -0.097824 -1.004832 1.887715 -0.096162 1.029135 1.886540 -0.090793 -0.991399 1.897035 -0.168815 1.022098 1.895212 -0.141986 -0.977094 1.912200 -0.239109 1.013256 1.908609 -0.180622 0.998313 1.890545 -0.236879 -0.961260 1.928328 -0.302555 0.976355 1.903271 -0.307463 -0.947763 1.875446 -0.361894 -0.926855 1.896100 -0.416722 0.955167 1.915614 -0.368803 -0.902053 1.917857 -0.469339 0.932766 1.931300 -0.422397 0.913317 1.880532 -0.467861 -0.874102 1.941011 -0.520164 0.886203 1.892574 -0.518352 -0.848885 1.893890 -0.570791 -0.814234 1.931106 -0.614933 0.862379 1.904681 -0.558001 0.830499 1.886996 -0.602047 -0.779096 1.888601 -0.664769 -0.736562 1.931434 -0.707140 0.790071 1.915505 -0.652303 0.751707 1.873104 -0.696344 -0.697447 1.889919 -0.752037 -0.653202 1.929280 -0.788968 0.709108 1.911247 -0.738828 0.663826 1.865071 -0.781845 -0.606525 1.898558 -0.829301 -0.562322 1.912015 -0.860904 0.615260 1.904649 -0.821139 0.569743 1.860759 -0.857725 -0.523918 1.897679 -0.884970 -0.473860 1.879825 -0.912766 -0.424737 1.929681 -0.933781 0.468302 1.908686 -0.917867 0.423853 1.855150 -0.941179 0.521001 1.888579 -0.888676 -0.371620 1.910894 -0.957688 -0.313097 1.895641 -0.979915 -0.256528 1.876626 -0.999495 -0.202894 1.921941 -1.011823 0.249617 1.912501 -1.002498 0.198540 1.856636 -1.017298 0.309919 1.893767 -0.985116 0.368378 1.874602 -0.964552 -0.153323 1.904564 -1.023588 -0.097666 1.893838 -1.031716 -0.038560 1.885604 -1.036583 0.019886 1.877952 -1.038053 0.078486 1.874155 -1.035229 0.139133 1.869240 -1.028123 -0.093861 1.894820 1.004298 -0.044224 1.914258 1.007490 0.016107 1.917794 1.009607 0.076534 1.910375 1.009133 -0.299186 1.991437 0.947951 -0.353754 1.944841 0.936139 -0.239148 1.978630 0.964199 -0.168793 1.965302 0.979531 -0.088091 1.955568 0.993553 -0.007146 1.968769 0.998242 0.063194 1.966492 0.998948 0.133745 1.952906 0.996077 0.193859 1.967381 0.984699 0.243656 1.953517 0.975975 0.299873 1.934815 0.963077 0.346712 1.977594 0.942111 -0.450795 2.001176 0.885732 -0.508746 1.955509 0.863194 -0.402756 1.972004 0.912996 0.404882 1.957200 0.922568 0.467887 1.925042 0.898646 0.510225 1.978536 0.869830 0.521019 1.919843 0.873125 -0.595466 2.021634 0.796213 -0.650116 1.998230 0.759297 -0.553405 1.990804 0.830050 0.557969 1.944249 0.847218 0.602561 1.963407 0.813776 0.639171 1.983158 0.783167 -0.696568 2.001389 0.719455 -0.736947 1.990051 0.679510 0.685293 1.973192 0.743295 0.737245 2.010377 0.686806 -0.778050 1.995341 0.632670 -0.809763 1.973160 0.596066 0.781023 1.953200 0.652055 0.809830 1.990970 0.612451 -0.870422 1.924766 0.513583 -0.844043 1.951620 0.550947 0.844367 1.976841 0.568269 0.860539 1.922685 0.555684 -0.867143 1.987122 0.500224 -0.896150 1.928930 0.458473 0.873818 1.960657 0.526446 0.903167 1.980467 0.464483 -0.921029 1.959687 0.392162 0.938012 1.929219 0.409493 0.960131 1.961082 0.346172 -0.941905 1.977048 0.330502 -0.960987 1.925281 0.283338 0.981203 1.961376 0.286708 -0.975914 1.937869 0.221432 0.989046 1.987283 0.247151 -0.986884 1.951213 0.162967 1.003733 1.984401 0.181955 1.013825 1.917227 0.175333 -0.992230 1.968713 0.115387 1.018687 1.937412 0.135301 1.026528 1.926768 0.070197 -1.011273 1.903574 -0.001013 -1.000468 1.951825 0.051133 1.031124 1.917387 0.004617 -1.011600 1.893653 -0.045349 -1.001466 1.948740 -0.029260 1.028855 1.931881 -0.043117 -0.992832 1.960536 -0.104033 1.023559 1.944178 -0.099786 -0.981720 1.971624 -0.175186 1.015519 1.973800 -0.128403 1.005325 1.963458 -0.180086 1.017799 1.937766 -0.147531 -0.968657 1.983543 -0.241753 0.986246 1.968196 -0.250350 -0.953533 1.996735 -0.301127 0.966437 1.975091 -0.317567 -0.942782 1.946964 -0.359248 -0.920152 1.970868 -0.411013 0.947187 1.979140 -0.375948 -0.892775 1.994958 -0.464578 0.929420 1.986285 -0.418332 0.903621 1.964278 -0.474296 -0.864962 2.010991 -0.517182 0.870747 1.999536 -0.524909 0.850169 1.953269 -0.569226 0.876079 1.943025 -0.531073 -0.844288 1.969223 -0.565111 -0.809903 2.018561 -0.600716 0.817901 1.961007 -0.613216 -0.773429 1.975182 -0.656876 -0.728466 2.014858 -0.698381 0.788939 1.974992 -0.648466 0.751780 1.960757 -0.691005 -0.687204 1.978563 -0.749184 -0.646079 1.989159 -0.786444 0.705829 1.988359 -0.734887 0.662813 1.950658 -0.777966 -0.613001 1.973454 -0.815526 -0.570294 1.963232 -0.848110 -0.533151 1.949682 -0.874709 -0.522977 2.009825 -0.868935 0.606808 1.996489 -0.817098 0.564308 1.937858 -0.856941 -0.475157 1.968074 -0.903390 -0.418191 1.987092 -0.930585 0.452022 1.971958 -0.920506 0.415111 1.927119 -0.942963 0.506721 1.971566 -0.889764 -0.376047 1.977201 -0.949515 -0.317765 1.969757 -0.970692 -0.248303 1.957837 -0.994057 -0.191395 1.974937 -1.008801 0.233414 1.988463 -0.999515 0.188175 1.925554 -1.016390 0.298549 1.967133 -0.983839 0.358750 1.948827 -0.964422 -0.155441 1.960164 -1.018859 -0.105720 1.951995 -1.026476 -0.047863 1.945344 -1.031415 0.012450 1.936685 -1.033636 0.062241 1.923395 -1.033597 0.122751 1.938106 -1.026105 -0.301046 2.040243 0.939358 -0.346152 2.011053 0.929586 -0.246939 2.047066 0.950853 -0.180501 2.034647 0.965342 -0.108499 2.027977 0.976147 -0.032028 2.026598 0.982905 0.043201 2.025272 0.985119 0.114115 2.017104 0.983945 0.169882 2.005768 0.980876 0.228664 2.019477 0.966736 0.291186 1.997301 0.956187 0.331997 2.031544 0.936536 -0.440499 2.071466 0.874613 -0.496642 2.031833 0.855202 -0.382772 2.053131 0.904377 0.384206 2.025659 0.918553 0.450970 2.011038 0.893250 0.496633 2.036505 0.865595 -0.619356 2.042994 0.774641 -0.536543 2.083423 0.816157 -0.593657 2.073313 0.783642 0.552391 2.028206 0.833591 0.592104 2.075689 0.794416 0.607896 2.018338 0.799775 -0.708342 2.029848 0.700485 -0.630293 2.083247 0.751186 -0.678479 2.053749 0.719701 0.641517 2.038590 0.767601 0.683376 2.058182 0.725697 0.717201 2.089926 0.684008 -0.794339 2.030654 0.600145 -0.714342 2.078220 0.673996 -0.760339 2.053850 0.632899 0.760856 2.065071 0.647768 0.778745 2.012261 0.645207 -0.786986 2.090909 0.583120 -0.828832 2.041564 0.542841 0.794236 2.041201 0.619132 0.823062 2.047359 0.576543 -0.862829 2.051127 0.482676 -0.892110 2.021271 0.435812 0.862144 2.023709 0.523832 0.880129 2.064576 0.473061 -0.919950 2.031441 0.365430 0.914375 2.069932 0.402086 0.933874 1.994138 0.398200 -0.939111 2.032206 0.313965 -0.958085 1.997512 0.267484 0.945081 2.026806 0.357676 0.966946 2.030598 0.292975 -0.973413 1.991569 0.208505 0.985617 2.031122 0.228872 -0.978805 2.011257 0.159881 0.990940 2.050208 0.185264 -0.985463 2.016521 0.097561 1.002996 2.040322 0.118125 1.015736 1.977449 0.117287 -0.989209 2.015075 0.029984 1.017949 1.990726 0.075074 1.023282 1.974354 0.014983 -0.986495 2.021603 -0.040630 1.021324 1.984825 -0.048252 -0.979304 2.031216 -0.111707 1.012052 2.025363 -0.061606 1.004559 2.025812 -0.117600 1.017211 1.992237 -0.091813 -0.969112 2.041297 -0.180506 0.988864 2.034339 -0.189655 -0.957230 2.048672 -0.244761 0.971393 2.039989 -0.260926 -0.944111 2.055753 -0.298445 0.951576 2.043202 -0.331500 -0.935185 2.016194 -0.351284 -0.909414 2.055969 -0.393682 0.931304 2.071751 -0.372945 0.917726 2.033386 -0.423692 0.937237 2.022996 -0.386065 -0.874079 2.076983 -0.464552 0.890020 2.046912 -0.471857 -0.851097 2.062755 -0.522000 -0.841340 2.026191 -0.554739 -0.826191 2.074389 -0.558579 0.860505 2.065216 -0.518287 0.834941 2.022493 -0.573857 -0.795783 2.088441 -0.596708 0.800192 2.064233 -0.608297 0.773523 2.024986 -0.654632 0.804498 2.010103 -0.621488 -0.759399 2.073024 -0.644136 -0.715825 2.078714 -0.692253 0.733187 2.033510 -0.697856 -0.685251 2.058336 -0.729980 -0.647784 2.042883 -0.769962 -0.618041 2.025147 -0.800861 -0.602064 2.084303 -0.794050 0.703186 2.035970 -0.729650 0.665782 2.035169 -0.762302 -0.570445 2.038976 -0.830577 -0.509876 2.084830 -0.857461 0.560849 2.061211 -0.837146 0.518322 2.037359 -0.871628 0.553449 2.001450 -0.856423 0.612456 2.081160 -0.793990 -0.466615 2.056260 -0.890235 -0.421209 2.037283 -0.918921 -0.384338 2.024009 -0.939207 -0.369325 2.075806 -0.933387 0.453650 2.050000 -0.903957 0.404086 1.997930 -0.939606 -0.328671 2.042169 -0.955142 -0.258669 2.034214 -0.977457 -0.187078 2.029840 -0.997490 -0.157244 2.001790 -1.012274 -0.132230 2.037327 -1.008125 0.179980 2.046611 -1.000307 0.134026 1.999466 -1.017236 0.173587 1.981254 -1.013734 0.244821 2.049743 -0.986969 0.283680 2.025622 -0.980792 0.341208 2.025858 -0.960744 -0.115703 2.001792 -1.018478 -0.060099 2.001500 -1.022818 0.003485 1.996699 -1.025106 0.072905 1.984627 -1.024883 -0.326280 2.062974 0.925085 -0.278804 2.085811 0.933623 -0.188609 2.092629 0.950794 -0.232296 2.100300 0.941252 -0.125017 2.090188 0.959045 -0.052736 2.088401 0.965163 0.022175 2.085484 0.968125 0.096838 2.078533 0.967816 0.172629 2.065038 0.964401 0.207599 2.115529 0.943482 0.233662 2.078372 0.950464 0.284477 2.058643 0.943476 -0.477371 2.092068 0.849784 -0.385541 2.130119 0.880328 -0.438334 2.121825 0.860703 -0.314692 2.122192 0.908891 -0.243909 2.137415 0.924964 0.267372 2.124351 0.927119 0.343362 2.090779 0.915385 0.414461 2.076872 0.893507 0.444159 2.118709 0.867554 0.462523 2.068163 0.875190 -0.518158 2.169384 0.796166 -0.576834 2.140263 0.770075 -0.465179 2.154014 0.832614 0.495726 2.090407 0.850078 0.537578 2.111338 0.818245 0.572487 2.132881 0.788449 -0.620118 2.143488 0.736108 -0.660348 2.137731 0.700668 0.627534 2.121047 0.751550 0.656800 2.162886 0.712474 0.677972 2.115275 0.713127 -0.702337 2.146610 0.655745 -0.741676 2.141400 0.613210 0.693860 2.144038 0.685989 0.736391 2.146668 0.637132 -0.778697 2.150306 0.563581 -0.808719 2.129042 0.531463 0.788097 2.089868 0.606069 0.811508 2.097308 0.571776 -0.873980 2.084764 0.444184 -0.845068 2.117426 0.476885 0.836784 2.110297 0.522983 0.874385 2.136355 0.442845 -0.868999 2.130373 0.424510 -0.894038 2.098565 0.388218 0.900303 2.136382 0.391802 -0.945357 2.055326 0.277422 -0.923273 2.090936 0.315650 0.921776 2.141115 0.334971 0.941480 2.074252 0.338396 -0.939972 2.094708 0.257967 -0.959392 2.051383 0.219435 0.950460 2.098014 0.294744 0.969133 2.096116 0.228251 -0.965727 2.077056 0.143788 0.985001 2.090570 0.161747 -0.976233 2.064245 0.076492 0.987673 2.103685 0.115010 -0.974559 2.077401 0.019374 0.997166 2.084079 0.049205 1.012420 2.026193 0.050837 -0.970664 2.087575 -0.049920 0.996209 2.083418 -0.042689 1.012141 2.031655 -0.006116 -0.963741 2.097015 -0.118762 0.984254 2.097739 -0.124199 -0.952508 2.109805 -0.187183 0.970585 2.104216 -0.198995 -0.943781 2.100858 -0.253779 0.953681 2.110344 -0.270476 -0.933943 2.098587 -0.297722 -0.929255 2.071041 -0.334690 -0.913934 2.127430 -0.325664 0.940918 2.099751 -0.327236 -0.886933 2.135157 -0.392809 0.925018 2.121793 -0.352474 0.904244 2.106274 -0.409429 -0.860845 2.153010 -0.443944 0.873215 2.110189 -0.471715 -0.838848 2.129174 -0.505166 -0.807897 2.126762 -0.560223 0.854150 2.108275 -0.509366 0.830310 2.100395 -0.549757 -0.784453 2.130802 -0.591848 -0.774341 2.113374 -0.612791 -0.749365 2.165430 -0.610597 0.795055 2.120601 -0.590893 0.754141 2.102791 -0.650104 -0.711086 2.138212 -0.669430 -0.684147 2.114266 -0.710200 -0.662924 2.174471 -0.700886 0.711340 2.143776 -0.685071 0.681545 2.134970 -0.720587 0.702168 2.085030 -0.715881 -0.635080 2.126133 -0.749535 -0.586389 2.140694 -0.785418 0.651158 2.157711 -0.739098 0.619131 2.137692 -0.771771 0.656633 2.105649 -0.752675 -0.542347 2.135049 -0.818339 -0.489436 2.144101 -0.850880 0.556893 2.148573 -0.810084 0.506820 2.099408 -0.861150 -0.456355 2.125644 -0.876260 -0.403366 2.112314 -0.906784 -0.351291 2.126877 -0.926525 0.385852 2.120803 -0.917471 0.348834 2.085557 -0.945323 0.388991 2.057275 -0.935126 0.449349 2.136359 -0.881699 -0.318754 2.109900 -0.943309 -0.266119 2.101373 -0.960130 -0.197061 2.100158 -0.976406 -0.118419 2.095600 -0.992280 -0.079970 2.050991 -1.010612 -0.038491 2.106087 -0.997579 -0.014072 2.053876 -1.013036 0.033504 2.107951 -0.997757 0.054891 2.048820 -1.013068 0.115181 2.099971 -0.994638 0.112796 2.037883 -1.011854 0.183885 2.110518 -0.983376 0.227618 2.090013 -0.981238 0.288784 2.088944 -0.964671 -0.198351 2.133402 0.936788 -0.143869 2.143086 0.940517 -0.073100 2.146178 0.945643 0.000588 2.144739 0.948846 0.075239 2.139396 0.949053 0.149094 2.128646 0.946772 -0.414163 2.162387 0.856645 -0.322223 2.192350 0.880020 -0.375037 2.186274 0.863883 -0.254202 2.189188 0.900888 -0.179754 2.187370 0.917614 -0.096218 2.200072 0.923131 -0.021280 2.200696 0.927611 0.051234 2.197517 0.928447 0.127430 2.190173 0.925692 0.208653 2.171755 0.921860 0.264435 2.173091 0.910367 0.318795 2.168895 0.895814 0.389367 2.137190 0.883788 0.422783 2.158310 0.862515 -0.544064 2.184374 0.775081 -0.460942 2.231410 0.799389 -0.515158 2.225872 0.772670 -0.398812 2.219652 0.836339 0.468665 2.171619 0.833220 0.508825 2.204200 0.797877 0.531962 2.163003 0.802630 -0.626241 2.173481 0.716067 -0.559388 2.204238 0.754217 -0.597992 2.186765 0.733043 0.563347 2.189422 0.769514 0.615873 2.192446 0.731629 0.643093 2.198164 0.708364 -0.709546 2.178290 0.630964 -0.619777 2.228606 0.687062 -0.677482 2.200553 0.649596 0.669891 2.205326 0.677603 0.703190 2.228471 0.628236 -0.790283 2.180740 0.528443 -0.710270 2.226394 0.597420 -0.758047 2.209957 0.550810 0.750766 2.209192 0.582459 0.789304 2.141221 0.575874 -0.784893 2.221298 0.506145 -0.813431 2.192246 0.480159 0.798606 2.193528 0.527477 0.814223 2.242994 0.465612 0.837846 2.176527 0.480606 -0.876360 2.157320 0.385880 -0.848744 2.187977 0.415798 0.853797 2.198295 0.437747 0.882702 2.195435 0.380859 -0.869128 2.198577 0.361446 -0.894245 2.163775 0.328797 0.904159 2.199442 0.325637 -0.944182 2.117788 0.205150 -0.920943 2.147305 0.260611 0.921389 2.205545 0.263154 0.944362 2.141801 0.270472 -0.947376 2.137995 0.150410 -0.923621 2.184273 0.186718 0.950356 2.160949 0.223842 0.966183 2.152575 0.155863 -0.938385 2.173916 0.122788 -0.958220 2.124637 0.085229 0.978977 2.139794 0.085269 -0.956703 2.139086 0.009781 0.978213 2.147935 0.019843 -0.952944 2.148170 -0.060088 0.973170 2.156917 -0.058510 -0.947273 2.154743 -0.123180 0.961632 2.171151 -0.135794 -0.939202 2.165080 -0.167720 -0.934476 2.152338 -0.219008 -0.921412 2.204282 -0.178290 0.952813 2.163381 -0.209515 -0.929106 2.135041 -0.270780 -0.910237 2.191782 -0.253896 0.936796 2.202273 -0.223170 0.922798 2.202656 -0.270693 0.941825 2.166665 -0.255919 -0.885710 2.200978 -0.328426 0.905562 2.179273 -0.344604 0.933553 2.147834 -0.304109 -0.866502 2.195780 -0.392207 0.874020 2.175792 -0.421875 -0.843466 2.210128 -0.432033 -0.844058 2.171476 -0.467376 -0.825612 2.194338 -0.481757 0.846278 2.206910 -0.453838 0.820366 2.209519 -0.497433 0.845863 2.154290 -0.493507 -0.805380 2.177938 -0.528286 -0.784572 2.164877 -0.569087 -0.765751 2.227376 -0.545023 0.788020 2.213968 -0.545323 0.772714 2.169114 -0.594650 0.810369 2.162309 -0.545973 -0.716742 2.253714 -0.590014 0.733876 2.175496 -0.641762 -0.682366 2.229012 -0.647466 -0.638561 2.233808 -0.691257 0.708377 2.180219 -0.671677 0.680628 2.180417 -0.700656 -0.614308 2.209734 -0.726927 -0.581522 2.189453 -0.765407 -0.561306 2.170371 -0.791631 -0.527739 2.216969 -0.790935 0.649987 2.191527 -0.724436 0.612893 2.193707 -0.751829 -0.476941 2.201353 -0.832983 -0.453377 2.173171 -0.861248 -0.430859 2.210906 -0.856834 0.487587 2.219872 -0.823091 0.452204 2.188521 -0.860764 0.491815 2.159182 -0.849674 0.554397 2.232888 -0.773378 -0.405971 2.182119 -0.881061 -0.342982 2.179589 -0.909199 -0.316395 2.153363 -0.931131 -0.290094 2.190426 -0.924895 0.322289 2.185020 -0.918540 0.287855 2.148925 -0.946383 0.328590 2.127479 -0.940192 0.396430 2.194928 -0.884516 -0.274434 2.155143 -0.942827 -0.213845 2.160647 -0.954867 -0.134591 2.171332 -0.965392 -0.057821 2.161802 -0.977636 0.004206 2.154126 -0.983387 0.074910 2.171647 -0.974251 0.157472 2.160950 -0.969774 0.231179 2.144252 -0.962613 -0.347626 2.225400 0.856909 -0.262767 2.243143 0.875333 -0.307929 2.245645 0.861410 -0.197174 2.246443 0.888213 -0.121656 2.252315 0.897360 -0.037661 2.260701 0.901048 0.025551 2.243780 0.910162 0.096309 2.254458 0.901382 0.178834 2.237044 0.899019 0.257517 2.219182 0.891868 0.282752 2.264123 0.864352 0.317008 2.225075 0.872992 0.382171 2.198708 0.860856 -0.480987 2.258206 0.776306 -0.390977 2.296207 0.798333 -0.447467 2.297203 0.770892 -0.328490 2.280506 0.834006 0.337834 2.263994 0.846306 0.410909 2.252447 0.823209 0.447503 2.275197 0.794605 0.469119 2.233652 0.805501 -0.575635 2.234132 0.723959 -0.495079 2.278710 0.755373 -0.537050 2.257000 0.739914 0.503595 2.256651 0.772639 0.571441 2.249395 0.733698 0.598453 2.262948 0.708016 0.621997 2.230849 0.707554 -0.598866 2.314923 0.647697 -0.653228 2.288110 0.614639 -0.556657 2.295705 0.697024 0.623005 2.273673 0.679761 0.647588 2.283368 0.652359 0.664642 2.256108 0.653273 -0.693854 2.292302 0.568968 -0.727479 2.274949 0.541498 0.670017 2.287911 0.623957 0.714551 2.264594 0.589539 -0.792874 2.247499 0.470017 -0.762281 2.274167 0.492611 0.748724 2.280137 0.530674 0.774602 2.315531 0.462215 -0.783235 2.288766 0.444560 -0.813146 2.257568 0.419027 0.820925 2.296890 0.401065 0.848433 2.238450 0.412596 -0.874277 2.221639 0.318375 -0.845440 2.254061 0.349313 0.858891 2.256656 0.372382 0.882796 2.251557 0.318457 -0.863515 2.263189 0.287084 -0.892681 2.219116 0.257192 0.891226 2.281769 0.246578 -0.895213 2.252752 0.179691 0.919398 2.256026 0.180855 0.942258 2.199751 0.195110 -0.938415 2.186136 0.064566 -0.917764 2.223870 0.119804 0.945474 2.213641 0.146621 0.957653 2.198762 0.082528 -0.936320 2.197161 -0.005831 -0.915011 2.243260 0.048682 0.956342 2.210178 0.000367 -0.933394 2.201406 -0.075657 -0.912948 2.251010 -0.027259 0.952300 2.217505 -0.069711 -0.931845 2.196584 -0.130721 -0.909997 2.248387 -0.109960 0.934407 2.259565 -0.082887 0.925178 2.265714 -0.133324 0.944709 2.228256 -0.118311 -0.892993 2.262138 -0.188299 0.915838 2.254234 -0.208268 0.941309 2.216127 -0.171264 -0.882142 2.252531 -0.263256 0.891639 2.256924 -0.287463 -0.868444 2.256790 -0.309044 -0.859793 2.242387 -0.355676 -0.846174 2.291577 -0.319651 0.874084 2.235666 -0.363788 -0.851716 2.231023 -0.392710 -0.830307 2.274002 -0.386086 0.847763 2.270208 -0.385701 0.826007 2.258418 -0.442184 0.855615 2.230680 -0.413401 -0.812818 2.250238 -0.450138 -0.797985 2.228307 -0.497644 -0.771210 2.292631 -0.474972 0.794774 2.254117 -0.502453 -0.721809 2.311883 -0.532687 0.774043 2.247970 -0.540710 0.745834 2.233723 -0.588481 -0.683185 2.316931 -0.581578 -0.686770 2.274741 -0.612604 -0.657516 2.301171 -0.624719 0.711564 2.254515 -0.618297 0.681508 2.265336 -0.644882 0.703049 2.218293 -0.653267 -0.620780 2.295442 -0.666379 -0.603261 2.262612 -0.706264 -0.580826 2.300575 -0.700548 0.653436 2.273134 -0.670183 0.625212 2.280067 -0.692147 0.651763 2.232458 -0.697859 -0.553511 2.274132 -0.738319 -0.499351 2.282101 -0.774072 0.596288 2.285594 -0.714380 0.564405 2.286461 -0.736701 0.601264 2.252326 -0.730114 -0.468120 2.265126 -0.804840 -0.416402 2.261679 -0.836603 -0.395173 2.233225 -0.864102 -0.366244 2.271418 -0.856562 0.422184 2.283626 -0.823850 0.389793 2.249800 -0.861565 0.430397 2.228232 -0.853171 0.500275 2.293776 -0.773112 -0.350983 2.235687 -0.881269 -0.276113 2.249816 -0.900624 -0.237177 2.207942 -0.931925 -0.195084 2.263314 -0.916021 -0.170999 2.218840 -0.941929 -0.128399 2.268460 -0.926358 -0.116083 2.229883 -0.946843 -0.079645 2.260903 -0.936585 0.102254 2.277000 -0.925282 0.071028 2.230831 -0.951405 0.130748 2.219411 -0.950057 0.172039 2.255656 -0.926129 0.201467 2.206205 -0.943905 0.250635 2.254188 -0.907476 0.260020 2.189684 -0.937487 0.337033 2.247764 -0.883340 -0.067214 2.219101 -0.955691 0.006210 2.211693 -0.961231 -0.274066 2.282887 0.852186 -0.216882 2.296078 0.859302 -0.145549 2.302327 0.869380 -0.073378 2.306954 0.876097 0.036647 2.295449 0.886032 -0.015311 2.312232 0.877751 0.066038 2.336618 0.863040 0.096280 2.308005 0.876256 0.153491 2.294424 0.875755 0.224184 2.279392 0.870547 -0.406608 2.329506 0.772031 -0.322765 2.344844 0.798337 -0.364480 2.367361 0.765527 -0.250940 2.343953 0.822705 -0.168428 2.349730 0.838744 -0.095213 2.352603 0.847992 -0.025864 2.350256 0.855158 0.126248 2.348113 0.849362 0.195223 2.326218 0.851143 0.272594 2.322025 0.834300 0.355908 2.308882 0.815107 0.380640 2.339300 0.786372 0.407932 2.301685 0.798511 -0.512290 2.304430 0.726141 -0.419725 2.355343 0.746825 -0.470151 2.329626 0.736237 0.441678 2.322482 0.767055 0.515701 2.312067 0.731833 0.543896 2.326556 0.705356 0.571743 2.294717 0.706828 -0.618901 2.333461 0.616919 -0.547919 2.369796 0.649133 -0.590173 2.372281 0.612388 -0.497056 2.360398 0.694056 0.571747 2.337074 0.675661 0.602218 2.345385 0.645075 0.625843 2.313671 0.648935 -0.704213 2.320034 0.534217 -0.629114 2.356832 0.587373 -0.667193 2.350552 0.550078 0.632164 2.349905 0.611250 0.664950 2.353474 0.574456 0.689196 2.316168 0.578243 -0.698319 2.354589 0.508330 -0.727457 2.324922 0.496356 0.693282 2.358334 0.534904 0.717446 2.367102 0.498366 0.736387 2.339066 0.498450 -0.788975 2.312201 0.405833 -0.751675 2.347661 0.429401 0.736653 2.372827 0.462871 0.776484 2.359731 0.410488 -0.780401 2.348280 0.373594 -0.809406 2.312469 0.357783 0.809079 2.363883 0.334758 0.848242 2.297962 0.344021 -0.868303 2.285448 0.228135 -0.830624 2.325559 0.276008 0.837212 2.369274 0.253958 0.858230 2.317107 0.289646 -0.873238 2.301502 0.169975 -0.847358 2.336990 0.192297 0.867983 2.331518 0.236292 0.885709 2.319863 0.186427 -0.860996 2.332572 0.136083 -0.888512 2.287649 0.108844 0.903673 2.307827 0.108029 0.933609 2.249685 0.114381 -0.888469 2.298877 0.026080 0.906064 2.315470 0.017927 0.933462 2.260264 0.050281 -0.886409 2.303215 -0.051182 0.907807 2.309683 -0.070133 0.933419 2.264623 -0.025175 -0.880787 2.306233 -0.120994 0.896201 2.313144 -0.151529 -0.870257 2.315654 -0.169190 -0.865571 2.304640 -0.222517 -0.846583 2.351112 -0.181842 0.883651 2.309692 -0.222471 -0.860432 2.291484 -0.274735 -0.832251 2.345475 -0.257030 0.856432 2.348581 -0.238830 0.838645 2.346712 -0.294262 0.867706 2.312765 -0.274000 -0.816529 2.333075 -0.331198 0.815018 2.326009 -0.380693 0.857876 2.292991 -0.330419 -0.801011 2.327579 -0.378796 -0.797908 2.301047 -0.419952 -0.766052 2.358241 -0.404097 0.788474 2.301850 -0.463505 -0.724253 2.370188 -0.465912 0.763142 2.320362 -0.487344 0.736359 2.330351 -0.516520 0.760798 2.284929 -0.525945 -0.688684 2.378217 -0.514032 -0.690992 2.344450 -0.547334 -0.663954 2.370488 -0.555633 0.709344 2.337995 -0.547321 0.679886 2.344382 -0.577681 0.711028 2.296548 -0.582831 -0.632877 2.363120 -0.597599 -0.629119 2.329074 -0.633359 -0.599379 2.356191 -0.639012 0.650023 2.350487 -0.607726 0.619127 2.354689 -0.635936 0.652444 2.311664 -0.638953 -0.562608 2.351443 -0.676248 -0.556733 2.318122 -0.708238 -0.524845 2.344350 -0.712335 0.588427 2.358334 -0.663323 0.558219 2.360462 -0.687039 0.593245 2.321510 -0.688876 -0.479887 2.340835 -0.746765 -0.461057 2.310445 -0.782159 -0.432902 2.345321 -0.774830 0.527814 2.360337 -0.711235 0.496138 2.353646 -0.736094 0.539952 2.329876 -0.724802 -0.419664 2.314233 -0.803166 -0.350180 2.329353 -0.826771 -0.314175 2.291389 -0.866100 -0.276279 2.343875 -0.847358 -0.261685 2.309404 -0.874493 -0.227459 2.344520 -0.862757 0.258132 2.359639 -0.841416 0.235787 2.318570 -0.876128 0.298728 2.305124 -0.864045 0.348986 2.352506 -0.811967 0.359704 2.288966 -0.851276 0.436558 2.346212 -0.775055 -0.212630 2.308713 -0.887723 -0.144161 2.314680 -0.897658 -0.064803 2.310149 -0.909399 -0.022817 2.265394 -0.936642 0.028789 2.313936 -0.909203 0.037603 2.262210 -0.938313 0.100299 2.330102 -0.895089 0.171248 2.310349 -0.895673 0.022042 2.337628 0.864279 -0.318667 2.384465 0.774971 -0.278603 2.391257 0.784952 -0.184118 2.395579 0.807801 -0.230149 2.400949 0.794034 -0.116748 2.398272 0.816681 -0.041615 2.396933 0.823858 0.046945 2.382943 0.833467 0.126044 2.397026 0.817729 0.197090 2.375755 0.819975 0.228472 2.412876 0.787769 0.261581 2.378827 0.802832 0.322165 2.360893 0.794603 -0.443538 2.379570 0.714520 -0.306210 2.430228 0.745015 -0.381054 2.425202 0.712319 -0.239624 2.435743 0.765740 0.287361 2.410847 0.771127 0.374211 2.391780 0.750161 0.459202 2.367328 0.726340 0.478866 2.388064 0.700074 0.513850 2.356736 0.702405 -0.559691 2.397563 0.618791 -0.497195 2.416078 0.649101 -0.530550 2.427029 0.614893 -0.446106 2.423590 0.675655 0.512098 2.399291 0.667666 0.547329 2.407903 0.635449 0.575046 2.376635 0.640499 -0.635803 2.381823 0.558711 -0.567664 2.417578 0.593501 -0.603333 2.410793 0.564182 0.581018 2.412187 0.601387 0.611779 2.418685 0.566337 0.638618 2.386866 0.570282 -0.712444 2.373530 0.465852 -0.639704 2.405431 0.529142 -0.673881 2.399480 0.490647 0.640952 2.423092 0.528222 0.671776 2.426872 0.489944 0.695009 2.396679 0.494831 -0.721233 2.389462 0.431392 -0.694327 2.418088 0.435013 0.698905 2.428377 0.450971 0.727863 2.433701 0.400380 0.742404 2.400636 0.420962 -0.789756 2.367856 0.317330 -0.721267 2.413089 0.393390 -0.755387 2.393753 0.354264 0.742139 2.436716 0.369555 0.761350 2.406025 0.377987 -0.796754 2.386788 0.261034 -0.758157 2.429541 0.278126 0.757079 2.437723 0.329696 0.795354 2.419957 0.267486 -0.784563 2.419098 0.223173 -0.814456 2.381756 0.208392 0.822709 2.413261 0.190976 0.857351 2.362191 0.202184 -0.860629 2.343262 0.074789 -0.829493 2.381325 0.130537 0.826246 2.429322 0.095901 0.863163 2.368840 0.141192 -0.859939 2.350348 -0.002155 -0.829364 2.394243 0.044981 0.845487 2.411537 0.019519 0.871884 2.368886 0.060979 -0.858507 2.350980 -0.076385 -0.828967 2.397435 -0.035014 0.840351 2.416546 -0.051152 0.875648 2.366951 -0.019860 -0.858345 2.344931 -0.133115 -0.828912 2.390556 -0.118778 0.833673 2.413166 -0.133965 0.871223 2.365651 -0.100105 -0.815907 2.394378 -0.191082 0.819638 2.403150 -0.229300 0.862150 2.360971 -0.178511 -0.801391 2.399709 -0.239629 -0.793887 2.385837 -0.293484 -0.770386 2.434270 -0.252488 0.802488 2.386030 -0.317735 -0.786508 2.367368 -0.348200 -0.747648 2.426498 -0.330236 0.777633 2.407816 -0.341052 0.748327 2.416435 -0.383437 0.782740 2.380615 -0.372577 -0.723119 2.416780 -0.404479 0.722318 2.403279 -0.449770 0.759529 2.358347 -0.445031 -0.692537 2.428822 -0.445240 -0.695799 2.400829 -0.478741 -0.672182 2.423309 -0.486072 0.698696 2.412297 -0.475792 0.669861 2.418427 -0.507311 0.704243 2.375410 -0.511567 -0.641739 2.423288 -0.524017 -0.637797 2.394981 -0.561844 -0.607801 2.420537 -0.565718 0.639668 2.423804 -0.540286 0.607632 2.427208 -0.572061 0.645129 2.387144 -0.573981 -0.573686 2.412645 -0.608747 -0.569824 2.382435 -0.644094 -0.539748 2.405850 -0.647886 0.575262 2.430093 -0.603195 0.541789 2.431270 -0.631983 0.582095 2.393873 -0.633404 -0.499759 2.403023 -0.681440 -0.490286 2.373418 -0.715383 -0.453471 2.400607 -0.716336 0.507655 2.432080 -0.660099 0.471821 2.431781 -0.685396 0.517618 2.395216 -0.686653 -0.415977 2.388160 -0.750232 -0.383740 2.366859 -0.785109 -0.346757 2.427443 -0.753907 -0.333347 2.387772 -0.793820 -0.297675 2.420532 -0.783048 0.380931 2.429180 -0.742112 0.343854 2.420229 -0.764642 0.396940 2.396256 -0.759768 0.417440 2.431326 -0.719992 0.455810 2.393082 -0.729696 -0.286479 2.386141 -0.813704 -0.215613 2.391925 -0.831338 -0.170157 2.359032 -0.865248 -0.126934 2.416245 -0.831166 -0.094021 2.365573 -0.871756 -0.043984 2.414068 -0.841248 -0.014824 2.365939 -0.876669 0.022501 2.408059 -0.846999 0.061347 2.370226 -0.872106 0.093915 2.422360 -0.829917 0.136114 2.367744 -0.865083 0.190242 2.406716 -0.824847 0.198482 2.354472 -0.862491 0.276179 2.411047 -0.796589 -0.195451 2.431004 0.781715 -0.141428 2.439961 0.784360 -0.069235 2.443810 0.789083 0.010000 2.441521 0.792875 0.091124 2.437941 0.791495 0.168318 2.428907 0.788054 -0.329786 2.459326 0.712019 -0.244425 2.477324 0.730710 -0.288749 2.490584 0.702702 -0.180396 2.474564 0.749604 -0.101451 2.485587 0.752891 -0.023621 2.488541 0.755472 0.056715 2.486040 0.755583 0.139296 2.477614 0.753030 0.228861 2.458190 0.750160 0.310491 2.448381 0.732969 0.331096 2.471736 0.705600 0.363057 2.446039 0.713238 0.430759 2.421203 0.698547 -0.496714 2.447272 0.622017 -0.461839 2.462311 0.630615 -0.341190 2.485474 0.682835 -0.392816 2.491528 0.645029 0.372029 2.485556 0.671412 0.458705 2.455536 0.651017 0.487590 2.475120 0.612376 0.520281 2.437058 0.627512 -0.573229 2.436800 0.569232 -0.495802 2.478631 0.588340 -0.545592 2.454461 0.574466 -0.440201 2.508564 0.595965 0.535446 2.461532 0.589564 0.547606 2.477619 0.560234 0.583035 2.447853 0.561691 -0.641498 2.435407 0.492041 -0.574126 2.459243 0.540658 -0.610801 2.447464 0.514410 0.578371 2.485434 0.518176 0.618461 2.492181 0.467404 0.646086 2.456145 0.483141 -0.622595 2.467188 0.473711 -0.655738 2.450097 0.449656 0.660872 2.474627 0.439826 0.671657 2.492126 0.396008 0.696357 2.459923 0.411666 -0.723155 2.446151 0.331492 -0.674086 2.473945 0.376908 0.684620 2.498959 0.361120 0.714155 2.466417 0.369032 -0.726284 2.464488 0.288149 -0.696090 2.491022 0.297498 0.707054 2.499193 0.312609 0.735928 2.500684 0.242905 0.756434 2.465357 0.274599 -0.790765 2.427673 0.164245 -0.722617 2.483354 0.245438 -0.756581 2.459140 0.202646 0.753788 2.501710 0.184623 0.777349 2.463101 0.219381 -0.794731 2.436432 0.088940 -0.757565 2.474966 0.129755 0.764341 2.501114 0.143244 0.788444 2.468954 0.154641 -0.795310 2.442587 0.009452 -0.758652 2.484135 0.052208 0.774840 2.495003 0.092300 0.803798 2.465084 0.008783 -0.794338 2.442321 -0.070175 -0.758346 2.487385 -0.026860 0.800494 2.463792 -0.085850 -0.790570 2.438141 -0.146157 -0.756139 2.484748 -0.106020 0.795811 2.456303 -0.164619 -0.787531 2.430085 -0.203559 -0.752512 2.474539 -0.188799 0.771713 2.480592 -0.187148 0.745746 2.493206 -0.230561 0.782484 2.456772 -0.220117 -0.730947 2.478664 -0.258641 0.728937 2.486238 -0.296950 0.768147 2.441222 -0.295104 -0.697026 2.496785 -0.307584 -0.701995 2.462798 -0.369856 -0.670001 2.502944 -0.357898 0.706374 2.496131 -0.326587 0.674561 2.499626 -0.375311 0.721826 2.465953 -0.351233 -0.697849 2.447688 -0.407682 -0.668603 2.477314 -0.409083 0.647621 2.484865 -0.444950 0.691202 2.446297 -0.436174 -0.656884 2.458486 -0.459798 -0.650065 2.444845 -0.489624 -0.625219 2.469776 -0.485714 0.621567 2.491337 -0.472979 0.590380 2.495121 -0.505278 0.630864 2.457680 -0.506269 -0.579453 2.476800 -0.526302 -0.575585 2.446341 -0.570138 -0.538718 2.469794 -0.576623 0.557971 2.498275 -0.538361 0.524070 2.499780 -0.569025 0.566833 2.464350 -0.570222 -0.518973 2.447932 -0.621114 -0.509314 2.430054 -0.649730 -0.476870 2.457038 -0.645008 0.489565 2.501186 -0.598454 0.452761 2.501788 -0.624791 0.498964 2.467096 -0.628388 -0.435866 2.450318 -0.680423 -0.395688 2.438904 -0.717253 -0.365208 2.493688 -0.678507 -0.355377 2.462261 -0.718061 -0.313604 2.481086 -0.718639 0.355750 2.502776 -0.683523 0.314237 2.501904 -0.702457 0.366889 2.465465 -0.714346 0.395474 2.502518 -0.661150 0.433923 2.467509 -0.674354 -0.276772 2.459361 -0.755902 -0.244158 2.432494 -0.791638 -0.210978 2.477848 -0.760579 -0.177249 2.447192 -0.797484 -0.145047 2.489776 -0.765815 -0.121403 2.462403 -0.796230 -0.091877 2.489727 -0.774986 0.115638 2.498368 -0.762476 0.084288 2.471720 -0.790958 0.147010 2.461432 -0.790271 0.176142 2.501111 -0.747463 0.221884 2.458449 -0.774657 0.247469 2.501145 -0.727590 0.294898 2.460846 -0.748896 -0.066831 2.458600 -0.804628 0.015281 2.456989 -0.807063 -0.245597 2.507269 0.704834 -0.203503 2.515408 0.708437 -0.134679 2.524276 0.713682 -0.057955 2.530461 0.716456 0.021522 2.531158 0.716930 0.103680 2.526183 0.714519 0.189474 2.514635 0.709208 0.282070 2.497542 0.698523 -0.345264 2.512353 0.655298 -0.244101 2.538431 0.672440 -0.306915 2.524169 0.662322 -0.169576 2.559157 0.671374 -0.093153 2.568524 0.674562 -0.014258 2.572233 0.675655 0.067112 2.570604 0.673806 0.151304 2.563729 0.668282 0.235879 2.550805 0.660608 0.312496 2.537129 0.648280 0.336011 2.562585 0.611165 0.372186 2.534462 0.623489 0.432367 2.502641 0.620098 -0.529427 2.499254 0.533759 -0.463680 2.541106 0.538681 -0.338629 2.541108 0.626420 -0.385061 2.560913 0.571461 0.371104 2.562018 0.593757 0.390721 2.568624 0.571937 0.414769 2.543353 0.586495 0.493100 2.508965 0.566899 -0.578787 2.497871 0.482711 -0.515458 2.554273 0.472317 -0.421893 2.582906 0.520116 -0.454559 2.590460 0.481820 0.433815 2.570454 0.533689 0.517235 2.540224 0.504175 0.535519 2.562794 0.453797 0.576808 2.525459 0.465735 -0.621668 2.496751 0.427587 -0.572088 2.548793 0.412449 -0.486901 2.595601 0.443662 -0.517610 2.593723 0.407862 0.547344 2.574696 0.420638 0.582744 2.549895 0.419221 0.625958 2.512650 0.426262 -0.620682 2.531716 0.368385 -0.555608 2.586817 0.367995 -0.587756 2.567075 0.357425 0.567954 2.580532 0.378907 0.611749 2.572814 0.328300 0.639784 2.533414 0.365394 -0.611312 2.561966 0.323865 -0.650152 2.530215 0.311199 0.658045 2.549718 0.296833 0.666284 2.564671 0.236781 0.697585 2.531305 0.259232 -0.718310 2.507504 0.174196 -0.672510 2.536229 0.231840 0.681083 2.569741 0.171212 0.712915 2.534918 0.206047 -0.718791 2.521809 0.094831 -0.673806 2.556988 0.139977 0.698046 2.567247 0.112430 0.732885 2.531887 0.140562 -0.719417 2.528414 0.015109 -0.676743 2.566165 0.056315 0.732594 2.541429 0.072599 0.726642 2.549607 0.004803 0.762198 2.514304 0.027917 -0.718213 2.529038 -0.063973 -0.677270 2.569233 -0.023854 0.718739 2.552753 -0.070738 0.763051 2.510927 -0.041470 -0.714626 2.524434 -0.142058 -0.674853 2.567385 -0.102261 0.706945 2.556010 -0.134488 0.753609 2.508588 -0.138079 -0.707654 2.517714 -0.213729 -0.669784 2.560823 -0.179264 0.675125 2.576717 -0.168647 0.660902 2.571596 -0.232339 0.707980 2.540398 -0.197620 -0.702148 2.511344 -0.258860 -0.667518 2.544573 -0.255682 0.644636 2.565246 -0.293129 0.690844 2.526259 -0.286978 -0.649812 2.538252 -0.321176 -0.626787 2.530827 -0.380805 -0.611313 2.565563 -0.336554 0.609129 2.578807 -0.328011 0.586675 2.567949 -0.387231 0.638343 2.544859 -0.350552 -0.626307 2.499139 -0.439481 -0.571458 2.578248 -0.372565 -0.583586 2.540677 -0.427679 -0.540788 2.574012 -0.423979 0.562566 2.555412 -0.445742 0.610358 2.522427 -0.435870 -0.591702 2.507484 -0.471512 -0.540889 2.541786 -0.476340 0.526568 2.564438 -0.474629 0.501040 2.557074 -0.513196 0.545569 2.529308 -0.506505 -0.509137 2.522472 -0.535394 -0.472939 2.502251 -0.593971 -0.435312 2.566288 -0.538871 -0.408207 2.539989 -0.597961 -0.378445 2.573062 -0.574017 0.465312 2.565669 -0.533259 0.434869 2.558688 -0.567187 0.479662 2.532115 -0.566435 -0.422785 2.497573 -0.638725 -0.363177 2.557412 -0.606548 -0.377803 2.529315 -0.632410 -0.330785 2.546475 -0.637091 0.332138 2.576809 -0.605999 0.295005 2.565369 -0.639193 0.346276 2.537310 -0.648026 0.384557 2.568601 -0.586516 0.416201 2.534553 -0.610547 -0.290358 2.526735 -0.678779 -0.247547 2.504747 -0.720624 -0.218835 2.549807 -0.678692 -0.176029 2.521180 -0.724581 -0.141456 2.564720 -0.681373 -0.094157 2.527992 -0.732955 -0.061809 2.574411 -0.682574 -0.012052 2.542926 -0.723208 0.013554 2.581686 -0.678015 0.052023 2.552815 -0.711497 0.086612 2.582073 -0.672811 0.121157 2.539055 -0.718153 0.163371 2.578643 -0.663355 0.203563 2.539705 -0.699788 0.237902 2.573176 -0.650169 0.274261 2.537558 -0.679885 -0.033164 2.499713 -0.768075 0.049216 2.510518 -0.756233 -0.281211 2.565850 0.627297 -0.210320 2.592915 0.621362 -0.129219 2.603217 0.629173 -0.050576 2.609458 0.631205 0.030623 2.610694 0.630153 0.113696 2.606873 0.625975 0.202787 2.600152 0.614299 0.282737 2.578126 0.614224 -0.318194 2.580327 0.590412 -0.266611 2.605923 0.583807 -0.160937 2.634561 0.582069 -0.217281 2.628726 0.573760 -0.087669 2.642365 0.584585 -0.006264 2.647535 0.581797 0.078208 2.645264 0.580290 0.157096 2.638366 0.576678 0.216733 2.633381 0.567925 0.255189 2.643308 0.536733 0.268680 2.614845 0.572589 0.346600 2.589957 0.567548 -0.419157 2.603383 0.494617 -0.317222 2.617575 0.537431 -0.384273 2.608801 0.508858 -0.252422 2.637494 0.545129 0.313680 2.631387 0.523598 0.383163 2.614240 0.506182 0.408811 2.629875 0.460792 0.443281 2.604465 0.475224 0.486174 2.577226 0.479966 -0.485904 2.610926 0.419006 -0.413314 2.623331 0.463551 -0.456660 2.618933 0.433145 0.447832 2.624341 0.436214 0.470678 2.629573 0.399935 0.502135 2.598374 0.427227 -0.573011 2.596355 0.313206 -0.478470 2.627703 0.388042 -0.521608 2.618489 0.346889 0.518067 2.618001 0.365599 0.525372 2.635907 0.308485 0.570117 2.604412 0.321280 -0.618427 2.574687 0.268470 -0.576518 2.615844 0.244111 -0.530141 2.636148 0.281380 0.536760 2.645764 0.259100 0.574750 2.620833 0.266701 0.618172 2.587877 0.276841 -0.618441 2.595828 0.185685 -0.540289 2.646474 0.223997 -0.569209 2.634303 0.189718 0.570460 2.635704 0.223430 0.583417 2.638392 0.167530 0.621315 2.604842 0.209274 -0.629155 2.602303 0.095837 -0.578259 2.637024 0.127999 0.590557 2.644651 0.092652 0.645207 2.604776 0.121155 -0.632841 2.606082 0.014151 -0.584817 2.640184 0.048842 0.589771 2.651150 0.016108 0.640211 2.616942 0.038521 0.689334 2.579690 0.055532 -0.632277 2.606051 -0.064679 -0.586652 2.640853 -0.029985 0.583678 2.654837 -0.057416 0.632433 2.623767 -0.037071 0.681316 2.587678 -0.017988 -0.627839 2.602363 -0.141874 -0.584326 2.638390 -0.106744 0.575254 2.653254 -0.130251 0.618254 2.629397 -0.101241 0.667144 2.593149 -0.101138 -0.617590 2.596081 -0.221585 -0.578982 2.633061 -0.178865 0.564111 2.650114 -0.191796 0.620051 2.614510 -0.180712 -0.619428 2.576896 -0.288362 -0.570943 2.628756 -0.232774 -0.579235 2.611139 -0.275955 -0.541139 2.637788 -0.268174 0.527465 2.662724 -0.229912 0.512755 2.653038 -0.292506 0.567298 2.632907 -0.251115 0.611589 2.597216 -0.270639 -0.584296 2.592828 -0.319818 -0.535372 2.620978 -0.325922 0.494849 2.642908 -0.352727 0.552385 2.611552 -0.340024 -0.513182 2.606989 -0.392712 -0.492845 2.590635 -0.449770 -0.466726 2.621992 -0.417496 0.457009 2.651404 -0.383330 0.434318 2.644837 -0.423038 0.484008 2.622288 -0.412353 0.534169 2.586235 -0.423927 -0.486490 2.565124 -0.497509 -0.446740 2.614775 -0.453276 -0.454106 2.592402 -0.485636 -0.409468 2.612553 -0.487349 0.396057 2.651039 -0.445609 0.365646 2.642162 -0.484511 0.420688 2.622062 -0.476293 0.480962 2.587652 -0.481712 -0.364795 2.603152 -0.535810 -0.322269 2.586369 -0.588313 -0.298855 2.625952 -0.539777 -0.254720 2.610478 -0.586636 -0.243427 2.639006 -0.547923 0.249151 2.660902 -0.516859 0.213451 2.647780 -0.553279 0.269122 2.631528 -0.556055 0.308440 2.651836 -0.502051 0.349373 2.610723 -0.545025 0.423816 2.586779 -0.532907 -0.267771 2.571712 -0.633591 -0.206630 2.629458 -0.578088 -0.192096 2.597289 -0.626683 -0.150276 2.634704 -0.585485 -0.108423 2.606030 -0.634869 -0.077090 2.641650 -0.588683 -0.031093 2.612594 -0.635656 -0.001150 2.646253 -0.587739 0.044845 2.615890 -0.631655 0.075425 2.648239 -0.581453 0.122073 2.615877 -0.622510 0.151997 2.648287 -0.568704 0.206428 2.614312 -0.604450 0.282331 2.596468 -0.602123 -0.193293 2.662256 0.529278 -0.124311 2.665596 0.544357 -0.050867 2.681895 0.527357 0.047015 2.683836 0.524351 0.131930 2.672512 0.529543 0.204547 2.659934 0.529221 -0.345158 2.652592 0.459369 -0.264599 2.662548 0.494517 -0.203259 2.695684 0.464572 -0.125318 2.697094 0.488928 0.003918 2.711483 0.478251 -0.058202 2.712231 0.473799 0.062759 2.712394 0.474830 0.100545 2.723477 0.444694 0.114805 2.702807 0.481985 0.194618 2.693429 0.471321 0.276506 2.666733 0.480844 0.356503 2.646695 0.467593 -0.415153 2.653882 0.397148 -0.343699 2.690502 0.382751 -0.271443 2.697621 0.422570 -0.150603 2.723541 0.427882 -0.208873 2.719588 0.413585 -0.091044 2.725358 0.440857 0.156012 2.720323 0.433229 0.211888 2.716426 0.417984 0.243729 2.723644 0.382258 0.270505 2.702149 0.412275 0.344370 2.676349 0.413165 0.415199 2.649329 0.412564 -0.466884 2.658792 0.319155 -0.393620 2.691919 0.326503 -0.289448 2.721234 0.355179 -0.339544 2.714529 0.327765 -0.237383 2.727931 0.377082 0.284147 2.720397 0.360657 0.309948 2.725426 0.322538 0.339150 2.705026 0.348942 0.408886 2.676521 0.349321 0.469799 2.648036 0.353652 -0.493049 2.669834 0.237438 -0.425516 2.700694 0.250566 -0.361502 2.722244 0.274674 0.349283 2.719951 0.296787 0.370962 2.722751 0.257527 0.404097 2.701622 0.281071 0.478289 2.667503 0.281857 -0.523744 2.667194 0.164553 -0.460833 2.699070 0.180402 -0.378033 2.729346 0.220095 -0.411527 2.721511 0.188634 0.408375 2.715204 0.224898 0.423607 2.718907 0.167707 0.467175 2.692079 0.205001 0.529654 2.660000 0.213703 -0.533251 2.671366 0.080603 -0.477778 2.699986 0.107254 -0.421065 2.725006 0.128915 0.431452 2.724471 0.095746 0.482392 2.699327 0.120681 0.533813 2.670166 0.144567 -0.537645 2.672378 0.001554 -0.485232 2.700865 0.029839 -0.429755 2.726244 0.054877 0.433942 2.728314 0.020895 0.487604 2.704194 0.044024 0.539280 2.676604 0.068188 -0.537171 2.670591 -0.075918 -0.486913 2.699545 -0.047382 -0.433344 2.725288 -0.021620 0.431264 2.729708 -0.054003 0.486179 2.706734 -0.031493 0.538897 2.680714 -0.007662 -0.532946 2.665430 -0.151726 -0.483489 2.695517 -0.124139 -0.432618 2.721764 -0.097136 0.423263 2.728588 -0.126204 0.477940 2.707096 -0.105631 0.532453 2.681889 -0.083453 -0.531327 2.654702 -0.220500 -0.472683 2.688113 -0.206433 -0.427986 2.716049 -0.168578 0.413039 2.723223 -0.196472 0.461500 2.707265 -0.168838 0.517178 2.680324 -0.165681 -0.483276 2.662016 -0.286505 -0.417655 2.711638 -0.223489 -0.422215 2.696759 -0.271525 -0.382765 2.717767 -0.258075 0.398499 2.717532 -0.255349 0.462870 2.690576 -0.245823 -0.469346 2.641416 -0.365932 -0.404025 2.678408 -0.347369 -0.366573 2.709508 -0.306963 0.358466 2.725898 -0.283857 0.338594 2.720489 -0.325605 0.395474 2.700587 -0.318241 0.456874 2.669535 -0.331760 -0.410484 2.643546 -0.424885 -0.342225 2.701101 -0.356844 -0.330042 2.678331 -0.417118 -0.290601 2.709489 -0.378748 -0.252071 2.696919 -0.432128 -0.240445 2.717790 -0.392845 0.297922 2.725758 -0.347072 0.271093 2.717111 -0.388146 0.332916 2.700292 -0.383152 0.404691 2.670809 -0.391510 -0.346108 2.640112 -0.483408 -0.263954 2.662831 -0.492112 -0.203905 2.711807 -0.426069 -0.183913 2.688700 -0.479847 -0.148319 2.716509 -0.434593 -0.100947 2.696725 -0.488233 -0.076824 2.722750 -0.437029 -0.024591 2.701740 -0.489105 -0.002048 2.726968 -0.435328 0.051129 2.704376 -0.484257 0.072678 2.728651 -0.429111 0.125258 2.705155 -0.472846 0.144264 2.727810 -0.417979 0.187650 2.705896 -0.453960 0.213442 2.722634 -0.404902 0.263293 2.689442 -0.452662 0.346731 2.668869 -0.445106 -0.195160 2.655596 -0.538164 -0.125620 2.666911 -0.538292 -0.049777 2.673296 -0.540092 0.026581 2.676804 -0.537249 0.103638 2.678129 -0.527925 0.185977 2.677792 -0.508994 -0.023763 2.736368 0.422003 0.051063 2.731520 0.432644 -0.176305 2.743996 0.366671 -0.093109 2.748689 0.380393 -0.019445 2.759742 0.358744 0.045636 2.753442 0.372641 0.120987 2.741581 0.388967 0.195837 2.733525 0.381584 -0.301544 2.737789 0.292989 -0.234611 2.748181 0.318793 -0.174417 2.763328 0.309398 -0.127058 2.764385 0.325956 -0.057203 2.775291 0.305137 0.034580 2.776380 0.302056 0.113219 2.764826 0.317726 0.186724 2.751880 0.325297 0.256100 2.736758 0.330970 -0.319839 2.748782 0.222797 -0.254201 2.761318 0.250249 -0.198826 2.769436 0.268309 -0.128772 2.781993 0.257973 -0.001647 2.791923 0.251261 -0.059204 2.791905 0.244674 0.053958 2.792291 0.246126 0.085373 2.797687 0.214336 0.110065 2.785207 0.247954 0.181529 2.770282 0.257882 0.251363 2.754063 0.264977 0.318137 2.736204 0.270588 -0.361627 2.745082 0.158356 -0.302854 2.764184 0.161676 -0.265376 2.769706 0.193165 -0.194626 2.783753 0.196904 -0.082977 2.798009 0.207119 -0.126008 2.796022 0.191785 0.123355 2.796301 0.197258 0.145390 2.798931 0.161986 0.176964 2.786800 0.188286 0.247634 2.768858 0.194827 0.313375 2.750353 0.204268 0.369289 2.732279 0.212359 -0.371667 2.748195 0.078972 -0.311271 2.766962 0.100758 -0.245738 2.782051 0.128318 -0.142419 2.799884 0.148987 -0.182441 2.795857 0.125771 0.182228 2.795060 0.133607 0.196564 2.796313 0.078486 0.242758 2.781310 0.116733 0.313089 2.760556 0.132435 0.372883 2.740414 0.147890 -0.376187 2.748059 0.001865 -0.316778 2.767872 0.024841 -0.256100 2.784378 0.047943 -0.193842 2.797622 0.065859 0.200260 2.797567 0.009046 0.256876 2.783886 0.031621 0.315933 2.766519 0.055074 0.376113 2.746481 0.074918 -0.376727 2.744824 -0.074910 -0.316009 2.765741 -0.053852 -0.256852 2.783749 -0.029239 -0.200297 2.797744 -0.005497 0.195072 2.797159 -0.061742 0.257140 2.784115 -0.045672 0.318003 2.768234 -0.023248 0.377163 2.749587 -0.000997 -0.375872 2.738325 -0.148391 -0.314693 2.759118 -0.131985 -0.243416 2.780369 -0.114509 -0.197615 2.795940 -0.074602 0.184572 2.795543 -0.119674 0.247173 2.781924 -0.126473 0.314005 2.766924 -0.099789 0.374073 2.749656 -0.076553 -0.375933 2.729138 -0.213110 -0.317334 2.747783 -0.205181 -0.249194 2.766746 -0.194398 -0.183281 2.794053 -0.129188 -0.176074 2.784691 -0.185630 -0.146752 2.797485 -0.155250 0.146156 2.799471 -0.139478 0.128674 2.795713 -0.179571 0.196506 2.784726 -0.188224 0.261543 2.772206 -0.191607 0.308093 2.762552 -0.170997 0.366274 2.746649 -0.150344 -0.325876 2.731290 -0.274576 -0.254846 2.750571 -0.266858 -0.182162 2.766827 -0.258581 -0.119323 2.794099 -0.190673 -0.102411 2.780530 -0.249993 -0.064627 2.795983 -0.202743 -0.017159 2.783931 -0.260264 0.003432 2.797677 -0.202623 0.059087 2.784449 -0.256613 0.072440 2.797411 -0.193352 0.138101 2.782214 -0.242469 0.202791 2.772375 -0.253819 0.250399 2.766362 -0.240347 0.295816 2.758462 -0.224558 0.350622 2.740987 -0.225452 -0.317570 2.718665 -0.331485 -0.259709 2.731300 -0.337390 -0.190242 2.747909 -0.326445 -0.117005 2.759427 -0.321381 -0.039113 2.766215 -0.320148 0.038884 2.768370 -0.318413 0.114421 2.767182 -0.310742 0.184432 2.762752 -0.301511 0.236784 2.758564 -0.286786 0.298031 2.743496 -0.286310 -0.195552 2.729268 -0.384593 -0.130706 2.738719 -0.382471 -0.057443 2.745580 -0.381051 0.018437 2.749157 -0.378173 0.093464 2.749478 -0.371545 0.166247 2.746563 -0.360455 0.239877 2.740909 -0.341577 -0.021064 2.803635 0.192209 0.042111 2.801670 0.205336 -0.074602 2.807738 0.140514 -0.007163 2.812220 0.133710 0.040285 2.809691 0.151106 0.096588 2.804373 0.166431 -0.127068 2.807278 0.084178 -0.065262 2.814605 0.071826 -0.016882 2.816040 0.084553 0.038625 2.815108 0.093916 0.092887 2.810607 0.106780 0.144031 2.803672 0.118590 -0.140977 2.807947 0.011431 -0.080414 2.814840 0.020121 -0.022970 2.818125 0.026606 0.032774 2.817679 0.036000 0.089502 2.813793 0.046046 0.145191 2.806624 0.059086 -0.146454 2.806261 -0.054531 -0.089675 2.813203 -0.041975 -0.031064 2.817040 -0.032141 0.025442 2.817722 -0.022010 0.082165 2.814620 -0.015003 0.141560 2.807732 -0.006768 -0.146740 2.802755 -0.112252 -0.096094 2.809185 -0.101729 -0.038015 2.813085 -0.092493 0.021314 2.814433 -0.080916 0.069353 2.813759 -0.064992 0.130194 2.806652 -0.077080 -0.104069 2.802759 -0.153367 -0.047353 2.806185 -0.150505 0.016333 2.807669 -0.142374 0.084334 2.806706 -0.126578 0.000000 3.820146 0.000000 0.000100 3.820146 0.000000 0.000000 3.820146 0.000100</float_array>
          <technique_common>
            <accessor source="#Slime-positions-array" count="3195" stride="3">
              <param name="X" type="float"/>
              <param name="Y" type="float"/>
              <param name="Z" type="float"/>
            </accessor>
          </technique_common>
        </source>
        <source id="Slime-normals">
          <float_array id="Slime-normals-array" count="9579">-0.124400 -0.818100 0.561500 -0.148200 -0.844000 0.515400 -0.091400 -0.907500 0.410000 -0.078500 -0.817200 0.570900 -0.046100 -0.905900 0.420900 -0.039500 -0.819100 0.572200 -0.006300 -0.903900 0.427800 0.009800 -0.817100 0.576400 0.036500 -0.897000 0.440500 0.061700 -0.808300 0.585600 0.080800 -0.882400 0.463500 0.117400 -0.787100 0.605500 0.118600 -0.867600 0.482900 0.170300 -0.759700 0.627500 0.164300 -0.855200 0.491600 0.201900 -0.735300 0.647000 -0.233300 -0.831500 0.504200 -0.249400 -0.847600 0.468400 -0.170500 -0.912600 0.371500 -0.194200 -0.840400 0.505900 -0.128600 -0.921600 0.366200 -0.166200 -0.854300 0.492500 -0.114300 -0.930100 0.349200 -0.079600 -0.958100 0.275100 -0.042600 -0.958700 0.281400 -0.014500 -0.959400 0.281500 0.015700 -0.956300 0.292000 0.050800 -0.948600 0.312400 0.090100 -0.937500 0.336100 0.141400 -0.923100 0.357600 0.243400 -0.811300 0.531600 0.212400 -0.890000 0.403500 0.292300 -0.779600 0.553900 0.251800 -0.867300 0.429400 0.313800 -0.747200 0.585800 0.316100 -0.846900 0.427600 0.349400 -0.735700 0.580300 -0.260500 -0.856100 0.446300 -0.254700 -0.898500 0.357600 -0.187700 -0.929600 0.317200 -0.131600 -0.956100 0.261900 -0.092100 -0.962000 0.256900 -0.072500 -0.970200 0.231300 -0.067300 -0.980000 0.187400 -0.036600 -0.986800 0.157500 -0.015900 -0.987600 0.155900 0.002300 -0.986900 0.161300 0.025900 -0.983900 0.177000 0.058600 -0.977700 0.201500 0.103700 -0.967000 0.232800 0.160500 -0.948300 0.273800 0.217000 -0.928200 0.302200 0.292500 -0.904500 0.310400 0.469200 -0.742000 0.478800 0.394200 -0.852500 0.343400 0.521100 -0.739200 0.426700 -0.318700 -0.880800 0.350200 -0.322000 -0.902500 0.286200 -0.214600 -0.945600 0.244400 -0.148500 -0.966300 0.210300 -0.109900 -0.975900 0.188600 -0.061000 -0.985700 0.156800 -0.038200 -0.990000 0.136100 -0.031500 -0.993900 0.105200 -0.024700 -0.996800 0.075400 -0.013500 -0.998100 0.060900 -0.004700 -0.998200 0.060100 0.007800 -0.997600 0.069500 0.029700 -0.995600 0.089400 0.065200 -0.990700 0.119400 0.116100 -0.980500 0.158600 0.181000 -0.963100 0.199300 0.268400 -0.933600 0.237300 0.392500 -0.876600 0.278400 0.511200 -0.792400 0.332900 -0.412100 -0.861900 0.295600 -0.398700 -0.878700 0.262600 -0.273200 -0.940700 0.201100 -0.182500 -0.969700 0.162400 -0.127600 -0.981300 0.144000 -0.073900 -0.991000 0.111900 -0.038500 -0.995300 0.088400 -0.012500 -0.997800 0.064800 -0.003800 -0.999200 0.040200 -0.004100 -0.999900 0.016400 -0.004600 -1.000000 -0.000900 -0.005200 -0.999900 -0.009100 -0.003300 -1.000000 -0.006600 0.007400 -0.999900 0.006800 0.031700 -0.999000 0.030700 0.073100 -0.995200 0.065600 0.133700 -0.984900 0.109600 0.214700 -0.963300 0.161400 0.314500 -0.922100 0.225600 0.552600 -0.748800 0.365900 0.427600 -0.850700 0.305900 0.531500 -0.756300 0.381500 -0.480000 -0.841400 0.248200 -0.498800 -0.834000 0.236000 -0.353700 -0.920200 0.167500 -0.236800 -0.962700 0.131200 -0.163600 -0.980200 0.111400 -0.096100 -0.992200 0.079500 -0.050500 -0.997100 0.057600 -0.016200 -0.999200 0.035300 0.005100 -0.999800 0.016900 0.017600 -0.999800 -0.003600 0.014300 -0.999600 -0.024000 0.008100 -0.999200 -0.038500 0.000500 -0.998800 -0.049800 -0.007400 -0.998500 -0.053800 -0.007300 -0.998900 -0.046500 0.005500 -0.999500 -0.029600 0.035200 -0.999400 -0.001700 0.085900 -0.995600 0.038100 0.159200 -0.983200 0.089400 0.250300 -0.956200 0.152000 0.352900 -0.906700 0.230800 0.470600 -0.824000 0.315500 -0.458600 -0.861300 0.218600 -0.335500 -0.930100 0.149700 -0.234600 -0.967600 0.093100 -0.138200 -0.988700 0.058500 -0.074800 -0.996500 0.037100 -0.028500 -0.999500 0.016700 0.001600 -1.000000 -0.000200 0.021700 -0.999600 -0.017700 0.028900 -0.999200 -0.029000 0.030900 -0.998400 -0.047500 0.020300 -0.998100 -0.058500 0.009700 -0.997600 -0.068100 -0.004700 -0.997000 -0.077700 -0.015400 -0.997000 -0.075600 -0.013000 -0.997800 -0.064400 0.004900 -0.999000 -0.044100 0.042900 -0.999000 -0.012200 0.105300 -0.993900 0.033200 0.191400 -0.977200 0.091500 0.289900 -0.943000 0.163600 0.407200 -0.873600 0.266400 -0.542600 -0.819700 0.183400 -0.571900 -0.805400 0.155600 -0.413300 -0.902900 0.118300 -0.276500 -0.956500 0.092500 -0.190100 -0.979100 0.072900 -0.114300 -0.992900 0.033100 -0.052700 -0.998600 0.007300 -0.010900 -0.999900 -0.008700 0.019000 -0.999500 -0.023900 0.033100 -0.998900 -0.034400 0.041500 -0.997900 -0.049300 0.028800 -0.997500 -0.064300 0.038000 -0.997500 -0.060100 0.018500 -0.997400 -0.070200 0.007700 -0.997000 -0.076800 -0.005200 -0.996600 -0.082600 -0.010300 -0.997300 -0.072600 -0.020800 -0.996000 -0.086600 -0.025800 -0.996500 -0.079400 -0.017200 -0.997700 -0.065300 0.008300 -0.999100 -0.042600 0.056300 -0.998400 -0.007900 0.129700 -0.990700 0.040400 0.222900 -0.969800 0.098800 0.383200 -0.899800 0.208500 0.330900 -0.929800 0.161100 0.492100 -0.823600 0.282000 0.411300 -0.892600 0.184700 0.532100 -0.790900 0.302300 -0.551700 -0.824600 0.125300 -0.417400 -0.903800 0.094300 -0.285100 -0.956900 0.055900 -0.164000 -0.985900 0.033500 -0.084800 -0.996300 0.015400 -0.029400 -0.999500 -0.006500 0.007900 -0.999700 -0.024300 0.030000 -0.999000 -0.033300 0.047200 -0.997900 -0.044900 0.043500 -0.997500 -0.056400 0.049800 -0.997400 -0.052700 -0.021000 -0.997200 -0.072400 -0.023000 -0.998200 -0.056300 -0.032200 -0.996500 -0.077400 -0.031500 -0.997100 -0.069300 -0.015700 -0.998300 -0.055500 0.019500 -0.999200 -0.033600 0.078600 -0.996900 -0.000900 0.161700 -0.986000 0.041600 0.259700 -0.962000 0.084300 0.372000 -0.922800 0.100400 0.579400 -0.795200 0.179000 0.543800 -0.832600 0.105100 0.716000 -0.670500 0.194500 -0.543200 -0.834400 0.093700 -0.398000 -0.915100 0.064700 -0.270100 -0.962100 0.036800 -0.155800 -0.987700 0.013400 -0.068200 -0.997700 -0.000800 -0.011100 -0.999900 -0.013100 0.025100 -0.999400 -0.025000 0.045700 -0.998300 -0.036900 0.053200 -0.997500 -0.046500 0.056600 -0.997500 -0.041800 -0.029700 -0.997900 -0.057800 -0.033900 -0.997700 -0.058300 -0.032600 -0.998500 -0.044700 -0.029000 -0.998100 -0.053800 -0.002600 -0.999000 -0.043800 0.044600 -0.998600 -0.028000 0.118800 -0.992900 -0.003800 0.219200 -0.975400 0.022200 0.344600 -0.937900 0.040200 0.506100 -0.860400 0.059400 0.669400 -0.733200 0.119600 -0.554400 -0.831000 0.045700 -0.393200 -0.919000 0.028900 -0.258000 -0.966000 0.017000 -0.145300 -0.989400 0.001200 -0.059400 -0.998200 -0.009800 -0.001100 -0.999900 -0.016900 0.034300 -0.999100 -0.023000 0.053000 -0.998200 -0.029200 0.058900 -0.997700 -0.033600 -0.028400 -0.998700 -0.041500 -0.022900 -0.999200 -0.032400 -0.009600 -0.999200 -0.040100 0.027900 -0.998800 -0.041000 0.093100 -0.995100 -0.034200 0.193000 -0.980900 -0.023500 0.322500 -0.946400 -0.016600 0.473000 -0.881000 -0.005300 0.628100 -0.777600 0.027200 -0.696800 -0.717100 0.014600 -0.710200 -0.703900 -0.013700 -0.535000 -0.844700 -0.016100 -0.365100 -0.930800 -0.014200 -0.238200 -0.971200 -0.004200 -0.136000 -0.990600 -0.012800 -0.054400 -0.998400 -0.017500 0.003200 -0.999800 -0.019100 0.038800 -0.999100 -0.019800 0.057000 -0.998100 -0.021400 0.060900 -0.997800 -0.024900 -0.004200 -0.999400 -0.033200 0.006700 -0.999500 -0.031400 0.029700 -0.998700 -0.042300 0.082900 -0.995200 -0.052600 0.179000 -0.982300 -0.054800 0.312400 -0.948100 -0.059300 0.465500 -0.882600 -0.065800 0.613500 -0.788100 -0.049800 -0.744800 -0.665000 -0.055300 -0.578900 -0.814400 -0.040100 -0.408500 -0.910600 -0.062500 -0.252900 -0.965900 -0.055600 -0.138800 -0.989500 -0.039300 -0.057200 -0.997900 -0.031200 0.000200 -0.999700 -0.024500 0.036800 -0.999200 -0.017800 0.057700 -0.998300 -0.011600 0.062200 -0.997900 -0.016000 0.017100 -0.999400 -0.029200 0.054100 -0.997600 -0.044200 0.096600 -0.993200 -0.064800 0.175200 -0.981200 -0.080600 0.306200 -0.947500 -0.092500 0.459500 -0.882300 -0.102100 0.616800 -0.779600 -0.108800 -0.606200 -0.792500 -0.067500 -0.590500 -0.795400 -0.136900 -0.428500 -0.898800 -0.092300 -0.286500 -0.953300 -0.095000 -0.162800 -0.983800 -0.075500 -0.072600 -0.995900 -0.054300 -0.011900 -0.999200 -0.037500 0.026000 -0.999400 -0.023300 0.046600 -0.998900 -0.010400 0.063900 -0.998000 -0.003300 0.056300 -0.998400 0.004600 0.053600 -0.998600 0.003300 0.005800 -0.999700 -0.023900 0.012000 -0.999600 -0.024200 0.040700 -0.998300 -0.040600 0.092500 -0.993800 -0.062100 0.134100 -0.987900 -0.077700 0.204700 -0.972300 -0.112900 0.290600 -0.947600 -0.133000 0.425800 -0.892700 -0.147400 0.602000 -0.786300 -0.138800 -0.604700 -0.767000 -0.214600 -0.432500 -0.886200 -0.166400 -0.308200 -0.942100 -0.132100 -0.194100 -0.974700 -0.110800 -0.099500 -0.991500 -0.084100 -0.033000 -0.997700 -0.058900 0.008600 -0.999300 -0.037400 0.031300 -0.999300 -0.019000 0.040300 -0.999200 -0.002800 0.048400 -0.998700 0.013700 0.038600 -0.999200 0.011500 0.033400 -0.999400 0.012300 0.027600 -0.999500 0.016800 0.023300 -0.999700 0.011600 0.001700 -1.000000 0.004200 0.003900 -1.000000 0.004100 0.013000 -0.999900 -0.004000 0.003700 -1.000000 -0.002000 0.022500 -0.999600 -0.016900 0.006800 -0.999900 -0.013400 0.034400 -0.998700 -0.037200 0.067900 -0.995600 -0.063900 0.101000 -0.992400 -0.071000 0.182300 -0.977900 -0.102400 0.245600 -0.961400 -0.124100 0.358400 -0.917000 -0.175000 0.575400 -0.801200 -0.164200 0.486700 -0.836100 -0.253000 -0.569000 -0.787700 -0.235900 -0.492600 -0.836200 -0.240900 -0.366900 -0.913400 -0.176100 -0.231500 -0.961500 -0.148100 -0.133300 -0.983900 -0.118800 -0.062100 -0.994100 -0.088500 -0.015300 -0.998000 -0.060600 0.011700 -0.999300 -0.036500 0.024500 -0.999600 -0.016500 0.027300 -0.999600 -0.000700 0.023400 -0.999700 0.009000 0.017700 -0.999700 0.015900 0.016000 -0.999800 0.012700 0.010600 -0.999900 0.013600 0.009600 -0.999900 0.009300 0.006100 -0.999900 0.011400 0.003400 -1.000000 0.006700 0.004900 -1.000000 0.004500 0.010500 -0.999900 -0.004700 0.024700 -0.999600 -0.016400 0.040800 -0.998800 -0.025600 0.060100 -0.997100 -0.047300 0.087300 -0.993100 -0.078500 0.131700 -0.985300 -0.108800 0.274800 -0.949900 -0.149100 0.197900 -0.968300 -0.152200 0.367600 -0.897600 -0.243300 0.336700 -0.927300 -0.163400 0.493200 -0.835300 -0.242900 0.439000 -0.856700 -0.270700 -0.386700 -0.891200 -0.237300 -0.379400 -0.877700 -0.292700 -0.262400 -0.946000 -0.190300 -0.168200 -0.972800 -0.159200 -0.096400 -0.987200 -0.127400 -0.046100 -0.994400 -0.095000 -0.013600 -0.997800 -0.064700 0.004500 -0.999200 -0.039600 0.013100 -0.999700 -0.019600 0.015900 -0.999900 -0.005900 0.015500 -0.999900 0.001000 0.013500 -0.999900 -0.000000 0.005800 -1.000000 0.007200 0.010800 -0.999900 -0.006200 0.017500 -0.999600 -0.023100 0.030800 -0.999000 -0.033100 0.056900 -0.997300 -0.047100 0.087500 -0.993900 -0.067000 0.120700 -0.987600 -0.100900 0.162000 -0.976700 -0.141100 0.222600 -0.955400 -0.194100 0.438200 -0.855400 -0.276200 -0.309100 -0.908500 -0.281000 -0.317000 -0.888000 -0.333100 -0.208500 -0.952700 -0.221100 -0.133600 -0.974700 -0.179000 -0.084100 -0.985800 -0.145200 -0.046000 -0.993200 -0.106900 -0.021200 -0.996900 -0.076300 -0.006400 -0.998700 -0.051100 0.003700 -0.999500 -0.031700 0.011100 -0.999700 -0.020400 0.016900 -0.999700 -0.017900 0.021800 -0.999500 -0.024200 0.025400 -0.998800 -0.042600 0.040800 -0.997100 -0.064400 0.067300 -0.994600 -0.079000 0.111200 -0.989100 -0.096600 0.161900 -0.977900 -0.132200 0.208000 -0.961300 -0.180600 0.268300 -0.937200 -0.222700 -0.262800 -0.909200 -0.322800 -0.262500 -0.889700 -0.373600 -0.179600 -0.948800 -0.259900 -0.136900 -0.965600 -0.220900 -0.086900 -0.982300 -0.165800 -0.054600 -0.989900 -0.130500 -0.032600 -0.994400 -0.100500 -0.014100 -0.997100 -0.074500 0.002100 -0.998300 -0.057700 0.016900 -0.998600 -0.051000 0.030800 -0.998000 -0.055200 0.045000 -0.996300 -0.073800 0.058300 -0.992700 -0.105600 0.079900 -0.988000 -0.132000 0.121300 -0.982200 -0.143200 0.196000 -0.966700 -0.164800 0.269800 -0.937100 -0.221600 0.318600 -0.906300 -0.277600 -0.216000 -0.914700 -0.341700 -0.188700 -0.930700 -0.313500 -0.191100 -0.908900 -0.370700 -0.131300 -0.958900 -0.251700 -0.103100 -0.971800 -0.211900 -0.071600 -0.982900 -0.169500 -0.036400 -0.989900 -0.137200 -0.010100 -0.993000 -0.117300 0.013200 -0.994100 -0.107300 0.037900 -0.993500 -0.107700 0.062000 -0.990600 -0.121600 0.091500 -0.983200 -0.158100 0.105900 -0.973600 -0.202200 0.137600 -0.964500 -0.225300 0.193200 -0.955400 -0.223400 0.291800 -0.925600 -0.241200 0.410500 -0.849000 -0.332700 -0.172700 -0.924900 -0.338600 -0.148700 -0.948300 -0.280300 -0.108000 -0.961700 -0.251900 -0.147400 -0.922400 -0.357000 -0.058000 -0.972700 -0.224900 -0.017900 -0.979500 -0.200700 0.010600 -0.980500 -0.196400 0.039900 -0.980900 -0.190500 0.081200 -0.976300 -0.200700 0.109600 -0.969500 -0.219300 0.146100 -0.946300 -0.288400 0.177300 -0.934800 -0.307700 0.217500 -0.919700 -0.326800 0.430400 -0.844900 -0.317600 0.295800 -0.888000 -0.352000 -0.204200 -0.844900 -0.494400 -0.081700 -0.933900 -0.348200 -0.010500 -0.949200 -0.314400 0.018000 -0.947000 -0.320800 0.044900 -0.946300 -0.320200 0.085600 -0.950200 -0.299800 0.134200 -0.936600 -0.323800 0.213500 -0.896000 -0.389400 0.215400 -0.871700 -0.440100 0.279000 -0.857900 -0.431400 0.324200 -0.817500 -0.475900 -0.147600 -0.842200 -0.518500 -0.100100 -0.754200 -0.649000 -0.004500 -0.875900 -0.482400 0.012600 -0.873500 -0.486700 0.053500 -0.882100 -0.468100 0.084500 -0.888900 -0.450300 0.210800 -0.871900 -0.442000 0.115500 -0.872800 -0.474200 -0.053800 -0.753900 -0.654700 0.022400 -0.791500 -0.610800 0.093400 -0.796500 -0.597300 0.129700 -0.767900 -0.627300 -0.139800 -0.570800 0.809100 -0.155100 -0.667600 0.728200 -0.127500 -0.712400 0.690100 -0.110300 -0.605700 0.788000 -0.082400 -0.709700 0.699600 -0.052700 -0.606600 0.793300 -0.023600 -0.712700 0.701100 0.013500 -0.599600 0.800200 0.034100 -0.704800 0.708600 0.075300 -0.576800 0.813400 0.080300 -0.690700 0.718600 0.123300 -0.544600 0.829600 0.131700 -0.669600 0.731000 0.188000 -0.551700 0.812600 -0.300400 -0.599000 0.742300 -0.308000 -0.691300 0.653600 -0.268900 -0.737800 0.619200 -0.300200 -0.625800 0.719900 -0.243300 -0.748300 0.617100 -0.250700 -0.663800 0.704700 -0.181000 -0.765700 0.617200 0.201600 -0.672000 0.712600 0.253800 -0.616500 0.745300 0.272200 -0.686400 0.674300 0.307200 -0.555400 0.772800 0.328500 -0.665300 0.670400 0.374000 -0.547600 0.748500 -0.447200 -0.573900 0.686100 -0.421800 -0.674700 0.605600 -0.359100 -0.732500 0.578300 -0.393000 -0.639600 0.660700 -0.310100 -0.768200 0.560200 0.399100 -0.627500 0.668600 0.432800 -0.562200 0.704700 0.465600 -0.632600 0.618900 0.543900 -0.548900 0.634700 -0.510700 -0.673400 0.534500 -0.573400 -0.661800 0.482900 -0.426400 -0.784500 0.450300 -0.343800 -0.819500 0.458500 0.593600 -0.598700 0.537800 0.623900 -0.629000 0.463800 0.664600 -0.497300 0.557600 -0.647000 -0.617500 0.447300 -0.639800 -0.655300 0.401500 -0.539500 -0.749100 0.384400 -0.432700 -0.821700 0.371000 0.628300 -0.676200 0.384700 0.655300 -0.575200 0.489600 -0.625000 -0.677300 0.388200 -0.536300 -0.775900 0.332200 0.617800 -0.642000 0.454100 0.566400 -0.725500 0.390900 0.638100 -0.627900 0.445600 -0.706700 -0.619100 0.342500 -0.708300 -0.629100 0.320100 -0.603700 -0.737600 0.302500 0.546900 -0.760000 0.351200 0.635700 -0.664900 0.392100 -0.701300 -0.644400 0.304900 -0.607200 -0.750600 0.260600 0.480900 -0.825200 0.296300 0.673300 -0.629700 0.387500 0.587100 -0.731600 0.346500 0.647200 -0.667200 0.368800 -0.785800 -0.573300 0.232200 -0.803400 -0.564700 0.188800 -0.681400 -0.699800 0.214300 0.034500 -0.997700 -0.058200 0.022800 -0.997800 -0.061800 0.012600 -0.997900 -0.063400 0.003100 -0.997900 -0.064300 0.646500 -0.668800 0.367200 0.696900 -0.653700 0.295000 0.766400 -0.549600 0.332600 -0.804900 -0.570800 0.162500 -0.689900 -0.704400 0.167000 0.045100 -0.997800 -0.047700 0.033000 -0.998400 -0.046800 0.021300 -0.998500 -0.049500 0.011600 -0.998700 -0.048700 0.002100 -0.998900 -0.047800 -0.008300 -0.998700 -0.049700 0.767500 -0.585200 0.261600 -0.807100 -0.578400 0.118300 -0.695600 -0.706100 0.132900 0.054000 -0.997900 -0.037000 0.044100 -0.998400 -0.034200 0.032700 -0.998900 -0.033900 0.019600 -0.999300 -0.033000 0.009500 -0.999400 -0.033400 0.000900 -0.999500 -0.033200 -0.008100 -0.999400 -0.034400 -0.017900 -0.999100 -0.038300 -0.025300 -0.998900 -0.040500 0.772900 -0.616200 0.151500 0.765200 -0.641100 0.059600 0.874900 -0.472300 0.106900 -0.806800 -0.588400 0.052900 -0.708200 -0.700400 0.089000 0.054900 -0.998200 -0.025900 0.045100 -0.998700 -0.022500 0.031100 -0.999300 -0.019800 0.019100 -0.999600 -0.019100 0.008700 -0.999800 -0.019100 0.000600 -0.999800 -0.019400 -0.006500 -0.999800 -0.020600 -0.013300 -0.999600 -0.023700 -0.019800 -0.999400 -0.026700 -0.025700 -0.999200 -0.031000 0.756300 -0.654200 -0.007900 0.865500 -0.498800 0.044800 -0.815200 -0.579200 0.005800 0.053100 -0.998400 -0.017300 0.041800 -0.999000 -0.013700 0.030100 -0.999500 -0.009600 0.018500 -0.999800 -0.007900 0.008800 -0.999900 -0.007800 0.000900 -1.000000 -0.008300 -0.005100 -0.999900 -0.009000 -0.010000 -0.999900 -0.011400 -0.015200 -0.999800 -0.015600 -0.019600 -0.999600 -0.020700 -0.017800 -0.999500 -0.026900 0.751700 -0.656100 -0.066400 0.856200 -0.516300 -0.017300 -0.834000 -0.547800 -0.066000 0.051100 -0.998700 -0.009300 0.037800 -0.999300 -0.006400 0.027400 -0.999600 -0.002100 0.017700 -0.999800 0.000200 0.009100 -1.000000 0.000700 0.001900 -1.000000 0.000100 -0.003900 -1.000000 -0.000700 -0.007100 -1.000000 -0.002500 -0.010500 -0.999900 -0.007200 -0.014200 -0.999800 -0.013000 -0.008600 -0.999800 -0.019600 0.752100 -0.648500 -0.117000 0.861600 -0.501100 -0.080900 -0.821400 -0.553400 -0.138300 -0.739600 -0.660000 -0.131800 0.037700 -0.999300 0.002000 0.025600 -0.999700 0.004000 0.016200 -0.999900 0.005700 0.009000 -0.999900 0.006700 0.002600 -1.000000 0.006300 -0.001900 -1.000000 0.005200 -0.003200 -1.000000 0.003300 -0.004600 -1.000000 -0.003200 -0.005900 -0.999900 -0.012300 0.834900 -0.528700 -0.153100 0.730600 -0.655300 -0.191700 -0.811800 -0.548900 -0.199400 -0.735000 -0.647400 -0.201800 0.014400 -0.999900 0.009300 0.008100 -0.999900 0.010500 0.003400 -0.999900 0.009900 -0.000100 -1.000000 0.008100 0.631600 -0.732400 -0.254500 0.746200 -0.628400 -0.219700 -0.709600 -0.665000 -0.233000 -0.711700 -0.636700 -0.296800 -0.608600 -0.743300 -0.277800 0.003100 -0.999900 0.010000 0.308600 -0.917400 -0.251300 0.540300 -0.776300 -0.324700 0.685600 -0.660900 -0.305200 0.633800 -0.686100 -0.357200 -0.705400 -0.608100 -0.364300 -0.595400 -0.737700 -0.318400 -0.490100 -0.808200 -0.326600 0.368100 -0.887600 -0.277000 0.450400 -0.826000 -0.338900 0.589800 -0.712000 -0.381200 0.513800 -0.773700 -0.370800 -0.606600 -0.697900 -0.380800 -0.565900 -0.677200 -0.470300 -0.486300 -0.774600 -0.404500 -0.413900 -0.827500 -0.379300 0.394200 -0.870400 -0.295000 0.508500 -0.790000 -0.342600 0.584400 -0.697000 -0.415500 -0.587000 -0.645100 -0.489100 -0.546000 -0.685100 -0.482200 -0.455700 -0.780300 -0.428300 -0.354700 -0.840000 -0.410500 0.461100 -0.817000 -0.346300 0.611600 -0.683900 -0.397800 0.559000 -0.710900 -0.426700 -0.469700 -0.738300 -0.484100 -0.459400 -0.701200 -0.545300 -0.373600 -0.808100 -0.455500 -0.292100 -0.848500 -0.441200 -0.251200 -0.868900 -0.426500 0.461900 -0.772800 -0.435300 0.566200 -0.688400 -0.453300 -0.406600 -0.733200 -0.545100 -0.383100 -0.688800 -0.615500 -0.316600 -0.792200 -0.521700 -0.301500 -0.805600 -0.510000 -0.238600 -0.853700 -0.462900 -0.223000 -0.875400 -0.428800 -0.187400 -0.906100 -0.379200 0.435300 -0.775100 -0.457900 0.537700 -0.680900 -0.497200 0.539700 -0.711200 -0.450400 -0.382600 -0.686400 -0.618500 -0.346900 -0.736500 -0.580700 -0.312200 -0.705900 -0.635800 -0.268500 -0.789400 -0.552100 -0.264300 -0.795500 -0.545300 -0.228400 -0.830400 -0.508300 0.228700 -0.805200 -0.547100 0.295300 -0.780300 -0.551300 0.424800 -0.722700 -0.545200 0.347600 -0.750200 -0.562500 0.502000 -0.675700 -0.539900 -0.313900 -0.683900 -0.658500 -0.286800 -0.715800 -0.636700 -0.254300 -0.647000 -0.718900 -0.236000 -0.751200 -0.616500 -0.203100 -0.735900 -0.645900 0.198300 -0.756500 -0.623200 0.310900 -0.693600 -0.649800 0.278600 -0.751300 -0.598300 0.347700 -0.619000 -0.704200 -0.225900 -0.659200 -0.717300 -0.156100 -0.670300 -0.725500 -0.091100 -0.557500 -0.825200 -0.062800 -0.654700 -0.753300 -0.009400 -0.666900 -0.745100 0.043000 -0.683400 -0.728700 0.216100 -0.673800 -0.706600 0.119700 -0.687000 -0.716700 0.254000 -0.632200 -0.732000 -0.021100 -0.524500 -0.851200 0.031500 -0.533900 -0.844900 0.084100 -0.523600 -0.847800 -0.276800 -0.423600 0.862500 -0.311800 -0.514600 0.798700 -0.270000 -0.539300 0.797600 -0.214600 -0.470700 0.855800 -0.203900 -0.568800 0.796800 -0.178700 -0.462300 0.868500 -0.120400 -0.499700 0.857800 -0.068500 -0.509200 0.857900 -0.006500 -0.505800 0.862600 0.062800 -0.497900 0.865000 0.142800 -0.475000 0.868300 0.207900 -0.446500 0.870300 0.236700 -0.536500 0.810000 0.254000 -0.416000 0.873200 0.288200 -0.520100 0.804100 0.315700 -0.422000 0.849800 -0.372700 -0.438900 0.817600 -0.421400 -0.517300 0.744900 -0.345500 -0.574800 0.741800 -0.362200 -0.483300 0.797000 0.351200 -0.487500 0.799400 0.397700 -0.435100 0.807800 0.450200 -0.510000 0.733000 0.481400 -0.413700 0.772700 -0.549900 -0.433400 0.714000 -0.629100 -0.426500 0.649900 -0.555500 -0.534000 0.637400 -0.496100 -0.471100 0.729300 0.517000 -0.469900 0.715400 0.555800 -0.438600 0.706200 0.615200 -0.475100 0.629100 0.633900 -0.402100 0.660700 -0.707500 -0.384400 0.593000 -0.716600 -0.487900 0.498500 -0.658700 -0.508100 0.554900 0.657700 -0.446000 0.607100 -0.701600 -0.522100 0.484900 0.684200 -0.468700 0.558700 0.660200 -0.554200 0.506900 0.689000 -0.512800 0.512100 -0.779100 -0.436800 0.449600 -0.799000 -0.465500 0.380700 -0.719000 -0.557800 0.414600 0.690700 -0.537900 0.483300 0.713300 -0.539200 0.447800 0.761100 -0.444400 0.472600 -0.780500 -0.496400 0.380000 0.722700 -0.567400 0.394700 0.756300 -0.486600 0.437300 -0.853300 -0.411800 0.319800 -0.877000 -0.421400 0.230800 -0.797800 -0.520000 0.305100 0.736800 -0.541900 0.404400 0.737800 -0.560100 0.376800 0.799300 -0.459500 0.387100 -0.876100 -0.438000 0.201600 0.807500 -0.468900 0.358000 -0.868100 -0.466600 0.169400 0.838900 -0.466000 0.281400 0.848500 -0.489300 0.201700 0.915600 -0.354400 0.189700 -0.862300 -0.494000 0.111500 0.923900 -0.364300 0.117400 -0.870500 -0.489500 0.051000 0.918900 -0.391100 0.052100 -0.883100 -0.469000 -0.013900 0.914400 -0.404600 -0.015800 -0.883900 -0.458000 -0.094900 0.916900 -0.389100 -0.088600 -0.875100 -0.459900 -0.150500 0.829400 -0.515200 -0.216200 0.904900 -0.395900 -0.156400 -0.864400 -0.456300 -0.211200 0.878600 -0.415200 -0.236000 0.804000 -0.520600 -0.287400 -0.865900 -0.420800 -0.270500 -0.796800 -0.555700 -0.237400 0.723300 -0.586100 -0.365100 0.801000 -0.501900 -0.326300 -0.808600 -0.506800 -0.298800 -0.782900 -0.497500 -0.373600 0.628000 -0.664300 -0.405300 0.750500 -0.526900 -0.398900 0.706300 -0.569500 -0.420400 -0.759500 -0.473500 -0.446100 -0.678700 -0.555000 -0.481000 0.634700 -0.607100 -0.478200 0.730600 -0.522200 -0.439900 -0.728700 -0.490400 -0.478000 -0.702800 -0.505400 -0.500600 -0.631500 -0.592600 -0.500100 0.620000 -0.625800 -0.473100 0.705900 -0.523100 -0.477600 0.700100 -0.552100 -0.452900 -0.663200 -0.463100 -0.587900 -0.605200 -0.572800 -0.552900 -0.534400 -0.634400 -0.558500 0.677400 -0.525600 -0.514700 0.614000 -0.564300 -0.551900 -0.603200 -0.473700 -0.641700 -0.570400 -0.447000 -0.689100 -0.531900 -0.565400 -0.630400 -0.466700 -0.615100 -0.635400 0.612400 -0.561900 -0.556100 0.575500 -0.564700 -0.591500 -0.505400 -0.518600 -0.689700 -0.480600 -0.558400 -0.676200 -0.459700 -0.509700 -0.727200 -0.419000 -0.606500 -0.675700 -0.372800 -0.630500 -0.680900 0.411800 -0.615000 -0.672500 0.556800 -0.570900 -0.603400 0.490000 -0.573000 -0.656900 -0.409000 -0.520700 -0.749400 -0.388600 -0.559900 -0.731700 -0.359300 -0.493300 -0.792200 -0.339200 -0.592200 -0.730900 -0.299500 -0.609800 -0.733800 0.297600 -0.617300 -0.728300 0.410600 -0.523700 -0.746400 0.359700 -0.570900 -0.738000 0.450800 -0.470300 -0.758700 -0.313300 -0.499200 -0.807900 -0.277200 -0.541100 -0.794000 -0.228000 -0.574100 -0.786400 -0.180700 -0.463800 -0.867300 -0.147900 -0.548900 -0.822700 0.172600 -0.557000 -0.812400 0.317400 -0.525800 -0.789200 0.251600 -0.536000 -0.805900 0.324800 -0.485700 -0.811500 -0.092600 -0.435300 -0.895500 -0.012800 -0.422900 -0.906100 0.052300 -0.424900 -0.903800 0.108300 -0.405900 -0.907500 0.171000 -0.399600 -0.900600 -0.155400 -0.315400 0.936100 -0.186700 -0.382400 0.904900 -0.127800 -0.403400 0.906000 -0.085100 -0.341200 0.936100 -0.074800 -0.418500 0.905100 -0.025700 -0.343100 0.938900 -0.019400 -0.418300 0.908100 0.030100 -0.335700 0.941500 0.037900 -0.413900 0.909500 0.080700 -0.324100 0.942600 0.096400 -0.413700 0.905300 0.130600 -0.312300 0.941000 0.168900 -0.412100 0.895400 0.202700 -0.333600 0.920700 -0.344200 -0.312800 0.885300 -0.391400 -0.375300 0.840200 -0.332800 -0.412200 0.848100 -0.292100 -0.339100 0.894300 -0.248300 -0.376600 0.892500 0.246400 -0.398300 0.883500 0.278000 -0.348400 0.895200 0.318600 -0.320200 0.892200 0.381900 -0.398000 0.834100 0.399100 -0.317500 0.860100 -0.454700 -0.297000 0.839700 -0.520700 -0.340100 0.783100 -0.446400 -0.399400 0.800700 -0.439900 -0.334200 0.833600 0.445300 -0.370100 0.815300 0.486400 -0.337500 0.805900 0.553100 -0.371700 0.745600 0.563700 -0.306100 0.767100 -0.576400 -0.335600 0.745100 -0.639900 -0.333100 0.692500 0.594900 -0.363100 0.717100 0.639400 -0.349700 0.684700 -0.707700 -0.305400 0.637100 -0.741900 -0.364600 0.562700 0.669500 -0.351100 0.654600 0.690400 -0.412400 0.594400 0.720700 -0.353600 0.596300 -0.783900 -0.298200 0.544600 -0.823400 -0.335300 0.457900 -0.760600 -0.386300 0.521800 0.729400 -0.404600 0.551600 0.737500 -0.445100 0.507900 0.777600 -0.358500 0.516500 -0.829300 -0.353100 0.433200 0.779000 -0.377100 0.500900 -0.872900 -0.298700 0.385900 -0.900000 -0.317300 0.298900 -0.841700 -0.374500 0.389000 0.788000 -0.413700 0.456000 0.791900 -0.450500 0.412300 0.835100 -0.359100 0.416800 -0.908000 -0.330900 0.257000 0.833300 -0.373200 0.407800 -0.900600 -0.369400 0.229000 0.862400 -0.370400 0.345000 0.881300 -0.376400 0.285600 0.926600 -0.279300 0.251800 -0.900000 -0.400800 0.171200 0.941200 -0.280400 0.188500 -0.901300 -0.415900 0.121500 0.945700 -0.300200 0.124500 -0.945000 -0.308600 0.108000 -0.957600 -0.283300 0.052300 -0.919600 -0.388200 0.060300 0.947500 -0.316100 0.047800 -0.955900 -0.293700 0.008900 -0.923300 -0.383800 0.013400 0.950200 -0.310200 -0.029000 -0.952600 -0.301500 -0.040800 -0.926300 -0.374800 -0.038900 0.946100 -0.305000 -0.108700 -0.949900 -0.293700 -0.106800 -0.922600 -0.374800 -0.091400 0.936300 -0.309300 -0.166100 -0.917600 -0.370300 -0.144900 -0.902200 -0.367000 -0.226400 0.863100 -0.406000 -0.300300 0.918800 -0.314600 -0.238300 -0.896100 -0.324300 -0.303100 0.892900 -0.320500 -0.316300 0.836200 -0.409200 -0.365200 -0.874500 -0.331800 -0.353900 -0.846400 -0.398600 -0.353100 0.762500 -0.475300 -0.439000 0.826300 -0.404300 -0.392200 -0.863400 -0.304100 -0.402500 -0.818400 -0.386600 -0.425100 0.811300 -0.385600 -0.439400 0.765900 -0.424900 -0.482600 -0.816400 -0.367700 -0.445300 -0.813300 -0.290000 -0.504500 -0.784400 -0.411700 -0.463800 0.766800 -0.413300 -0.491100 0.730600 -0.437000 -0.524600 -0.771400 -0.366200 -0.520400 -0.720600 -0.379300 -0.580400 0.646400 -0.454700 -0.612700 0.728300 -0.416000 -0.544600 -0.674700 -0.347900 -0.651000 -0.605300 -0.358000 -0.711000 0.600600 -0.468800 -0.647600 0.687400 -0.384400 -0.616200 0.671300 -0.422300 -0.609100 -0.550100 -0.407600 -0.728900 -0.530200 -0.357400 -0.768900 -0.519400 -0.450000 -0.726500 0.544500 -0.453700 -0.705500 0.625100 -0.391400 -0.675400 0.603400 -0.432300 -0.670000 -0.468700 -0.403700 -0.785700 -0.450700 -0.423400 -0.785900 -0.417700 -0.361500 -0.833600 -0.409000 -0.456200 -0.790300 0.373600 -0.452500 -0.809800 0.502100 -0.387500 -0.773100 0.440700 -0.418800 -0.794000 0.546100 -0.367200 -0.753000 -0.365000 -0.385400 -0.847500 -0.334200 -0.422200 -0.842700 -0.299400 -0.354000 -0.886000 -0.283800 -0.447100 -0.848300 -0.242800 -0.459700 -0.854200 0.261600 -0.418000 -0.869900 0.380900 -0.388200 -0.839200 0.326300 -0.404800 -0.854200 0.387100 -0.350200 -0.853000 -0.239300 -0.354200 -0.904000 -0.178700 -0.377100 -0.908800 -0.123100 -0.352800 -0.927600 -0.044600 -0.362500 -0.930900 0.061100 -0.358400 -0.931600 0.135400 -0.336500 -0.931900 0.188400 -0.312300 -0.931100 0.241000 -0.304100 -0.921700 -0.229800 -0.226400 0.946500 -0.267400 -0.287600 0.919700 -0.216700 -0.309900 0.925700 -0.169800 -0.252000 0.952700 -0.094600 -0.277500 0.956100 -0.036800 -0.280900 0.959000 0.028700 -0.280100 0.959600 0.087500 -0.262800 0.960900 0.138300 -0.240900 0.960600 0.195800 -0.234400 0.952200 0.270900 -0.319600 0.908000 0.281800 -0.242000 0.928500 -0.406500 -0.209100 0.889400 -0.467800 -0.243900 0.849500 -0.409600 -0.284600 0.866700 -0.359500 -0.233800 0.903400 -0.313400 -0.260500 0.913200 0.328800 -0.293500 0.897700 0.343900 -0.255200 0.903700 0.389700 -0.244800 0.887800 0.466400 -0.285000 0.837400 0.471400 -0.221500 0.853600 -0.513100 -0.214300 0.831100 -0.534200 -0.239000 0.810900 0.512500 -0.275900 0.813200 0.565200 -0.256000 0.784200 -0.597600 -0.237300 0.765900 -0.644300 -0.243100 0.725100 0.609200 -0.292600 0.737100 0.647600 -0.293300 0.703300 -0.703000 -0.228900 0.673300 -0.743500 -0.257600 0.617100 0.702600 -0.278600 0.654800 0.732700 -0.282100 0.619300 -0.787800 -0.238900 0.567700 -0.825100 -0.262400 0.500400 0.765800 -0.323800 0.555600 0.795400 -0.271300 0.542000 -0.840600 -0.275900 0.466100 0.802700 -0.296500 0.517500 0.816700 -0.339800 0.466400 0.845700 -0.270100 0.460300 -0.888700 -0.245000 0.387500 -0.912100 -0.253800 0.321800 0.857700 -0.272700 0.436000 -0.912700 -0.276300 0.301000 0.874400 -0.279600 0.396600 0.889700 -0.300500 0.343800 0.926400 -0.219700 0.305900 -0.933500 -0.231800 0.273500 -0.948400 -0.239300 0.208200 -0.913200 -0.310600 0.263700 0.944400 -0.214700 0.248900 -0.960300 -0.229000 0.159100 -0.927400 -0.320700 0.192700 0.949000 -0.243600 0.199900 -0.966500 -0.228500 0.117000 -0.938900 -0.310100 0.149300 0.959400 -0.261100 0.106600 -0.971100 -0.229000 0.067800 0.967100 -0.253300 0.022000 -0.970400 -0.240700 0.017900 0.968500 -0.242600 -0.055800 -0.967500 -0.249900 -0.038600 0.964800 -0.230100 -0.127700 -0.965500 -0.233600 -0.115200 0.950100 -0.243700 -0.194900 -0.957200 -0.223400 -0.184000 -0.936900 -0.297300 -0.184100 0.939900 -0.228700 -0.253600 -0.949400 -0.189000 -0.250800 -0.929600 -0.276600 -0.243400 0.880200 -0.296800 -0.370400 0.922000 -0.229900 -0.311700 -0.920400 -0.243300 -0.306100 -0.898500 -0.250900 -0.360200 0.900200 -0.219800 -0.375900 0.859000 -0.306400 -0.410200 -0.889300 -0.216700 -0.402700 0.798800 -0.337400 -0.498100 0.852000 -0.291900 -0.434700 -0.852900 -0.270100 -0.446900 -0.830200 -0.216100 -0.513900 0.757000 -0.352200 -0.550300 0.819200 -0.287900 -0.496000 0.802200 -0.319200 -0.504500 -0.791100 -0.206500 -0.575800 -0.760800 -0.274600 -0.588100 0.768700 -0.287400 -0.571400 0.728600 -0.333300 -0.598400 -0.735300 -0.239500 -0.634000 -0.690200 -0.194400 -0.697000 -0.674400 -0.277300 -0.684400 0.709300 -0.301100 -0.637400 0.676900 -0.329100 -0.658400 -0.616700 -0.276200 -0.737100 -0.598300 -0.298600 -0.743500 -0.543000 -0.276700 -0.792800 0.648300 -0.304900 -0.697700 0.599300 -0.335500 -0.726800 -0.500400 -0.305400 -0.810100 -0.475600 -0.252700 -0.842600 -0.466000 -0.325600 -0.822700 0.456700 -0.331200 -0.825700 0.558200 -0.288200 -0.778100 0.519900 -0.293300 -0.802300 -0.413500 -0.280700 -0.866100 -0.382300 -0.308300 -0.871100 -0.352800 -0.233000 -0.906200 -0.347800 -0.315000 -0.883100 0.328700 -0.315200 -0.890300 0.423000 -0.269200 -0.865200 0.386900 -0.287900 -0.876100 0.452100 -0.258000 -0.853900 -0.296300 -0.250600 -0.921600 -0.247100 -0.267900 -0.931200 -0.198100 -0.287600 -0.937000 -0.157300 -0.208100 -0.965400 -0.127200 -0.274200 -0.953200 -0.064500 -0.280800 -0.957600 -0.000200 -0.295000 -0.955500 0.176100 -0.298000 -0.938200 0.085000 -0.304400 -0.948800 0.219100 -0.256200 -0.941500 0.253800 -0.232600 -0.938900 0.302000 -0.230800 -0.925000 -0.083500 -0.188800 -0.978500 -0.021800 -0.201000 -0.979300 0.037600 -0.201100 -0.978800 -0.285700 -0.128600 0.949700 -0.330900 -0.172100 0.927800 -0.283600 -0.208400 0.936000 -0.252200 -0.141500 0.957300 -0.190800 -0.170800 0.966700 -0.121100 -0.197900 0.972700 -0.070000 -0.215400 0.974000 0.007600 -0.242500 0.970100 0.099900 -0.237100 0.966300 0.159000 -0.195100 0.967800 0.202800 -0.170600 0.964200 0.261100 -0.165800 0.951000 0.343500 -0.208500 0.915700 0.337500 -0.134500 0.931700 -0.419700 -0.135900 0.897400 -0.470100 -0.177200 0.864600 -0.368500 -0.162500 0.915300 0.375300 -0.187700 0.907700 0.404700 -0.192500 0.894000 0.467800 -0.173900 0.866600 -0.567500 -0.138300 0.811700 -0.620400 -0.151800 0.769500 -0.591100 -0.180100 0.786200 -0.525200 -0.152500 0.837200 0.524700 -0.202400 0.826900 0.575500 -0.190900 0.795200 -0.669400 -0.116300 0.733700 -0.718300 -0.148700 0.679700 -0.677400 -0.187600 0.711300 0.630600 -0.211300 0.746800 0.654800 -0.200300 0.728800 0.703200 -0.221200 0.675700 0.715100 -0.161100 0.680200 -0.775900 -0.124300 0.618500 -0.807400 -0.185700 0.560000 -0.749300 -0.197100 0.632200 0.738500 -0.200800 0.643700 0.779200 -0.242900 0.577800 0.782800 -0.183400 0.594700 -0.832300 -0.194900 0.518900 0.801500 -0.186200 0.568200 -0.875700 -0.156800 0.456700 -0.909400 -0.180900 0.374500 -0.866500 -0.208000 0.453900 0.822700 -0.225500 0.521800 0.856400 -0.199200 0.476400 -0.917600 -0.191700 0.348200 0.871400 -0.191400 0.451800 -0.919200 -0.204600 0.336400 0.899100 -0.213200 0.382400 0.938100 -0.159700 0.307200 -0.947700 -0.171400 0.269400 -0.964400 -0.168900 0.203300 0.947600 -0.160400 0.276400 -0.972900 -0.170100 0.156800 0.950700 -0.197600 0.239100 0.965300 -0.218100 0.143500 0.974100 -0.141100 0.176500 -0.976200 -0.179500 0.121900 0.976900 -0.203900 0.064500 0.985100 -0.138200 0.102100 -0.977100 -0.197300 0.080000 0.981300 -0.192700 -0.004400 0.989700 -0.136600 0.042100 -0.976000 -0.217600 0.003200 0.980600 -0.184300 -0.066600 0.990800 -0.134000 -0.018300 -0.979300 -0.189600 -0.070300 0.975900 -0.177300 -0.127100 0.989300 -0.120400 -0.082400 -0.974700 -0.161300 -0.155000 0.979900 -0.126200 -0.154600 0.963700 -0.170100 -0.205600 -0.967000 -0.138700 -0.213500 0.946100 -0.163200 -0.279600 -0.957900 -0.111400 -0.264500 0.934100 -0.146400 -0.325500 -0.931500 -0.171400 -0.320700 -0.915700 -0.164800 -0.366500 0.912400 -0.158100 -0.377500 0.877100 -0.214700 -0.429700 -0.899700 -0.128600 -0.417100 0.857900 -0.221800 -0.463500 -0.868600 -0.184000 -0.460100 -0.826200 -0.137200 -0.546500 0.846300 -0.202200 -0.492900 0.817100 -0.236400 -0.525900 -0.791500 -0.124900 -0.598300 0.783600 -0.231700 -0.576500 0.740100 -0.237700 -0.629100 -0.748400 -0.160100 -0.643600 -0.706200 -0.121100 -0.697600 0.721300 -0.235100 -0.651500 0.679900 -0.237300 -0.693800 -0.654000 -0.180700 -0.734600 -0.623400 -0.127400 -0.771400 -0.608000 -0.207300 -0.766400 0.654100 -0.231100 -0.720200 0.593600 -0.264500 -0.760000 -0.554600 -0.193800 -0.809200 -0.537700 -0.206400 -0.817400 -0.486300 -0.173300 -0.856400 0.567300 -0.198700 -0.799200 0.525800 -0.224900 -0.820300 -0.441900 -0.191700 -0.876400 -0.408400 -0.215800 -0.886900 -0.358000 -0.166400 -0.918800 0.448200 -0.193700 -0.872700 0.378700 -0.217300 -0.899600 0.474400 -0.196800 -0.858000 -0.310400 -0.165800 -0.936000 -0.257500 -0.189800 -0.947400 -0.215100 -0.120600 -0.969100 -0.209300 -0.188800 -0.959400 0.120900 -0.231900 -0.965200 0.259900 -0.204300 -0.943800 0.196300 -0.223400 -0.954800 0.277200 -0.175200 -0.944700 0.311000 -0.170600 -0.935000 -0.145200 -0.126200 -0.981300 -0.079800 -0.116700 -0.990000 -0.019300 -0.129800 -0.991400 0.038000 -0.127700 -0.991100 0.106400 -0.133600 -0.985300 -0.046700 -0.079300 0.995800 -0.083100 -0.155000 0.984400 -0.024000 -0.178400 0.983700 0.009100 -0.110000 0.993900 0.044600 -0.203200 0.978100 0.085400 -0.116900 0.989500 0.139000 -0.206500 0.968500 0.175200 -0.122600 0.976900 -0.293100 -0.045300 0.955000 -0.336400 -0.100300 0.936400 -0.261400 -0.051100 0.963900 -0.205900 -0.084000 0.975000 -0.153600 -0.120800 0.980700 0.214700 -0.162800 0.963000 0.228100 -0.113800 0.967000 0.269800 -0.110900 0.956500 0.328200 -0.072100 0.941900 -0.430300 -0.061800 0.900600 -0.476000 -0.105300 0.873100 -0.380600 -0.088700 0.920500 0.380800 -0.109400 0.918200 0.413700 -0.130000 0.901100 0.470100 -0.116300 0.874900 -0.581100 -0.049000 0.812400 -0.617900 -0.081000 0.782100 -0.537800 -0.078600 0.839400 0.542000 -0.129300 0.830400 0.577300 -0.112400 0.808800 0.637200 -0.129500 0.759800 0.642700 -0.057900 0.763900 -0.676600 -0.034800 0.735500 -0.729300 -0.069300 0.680700 0.682200 -0.117900 0.721600 0.714700 -0.083800 0.694400 -0.779300 -0.046900 0.624900 -0.810500 -0.116200 0.574200 0.746000 -0.128400 0.653500 0.775900 -0.112300 0.620800 -0.831900 -0.123400 0.541000 0.800300 -0.113900 0.588600 -0.882000 -0.104400 0.459500 -0.911800 -0.120600 0.392500 0.839300 -0.163200 0.518600 0.872600 -0.105800 0.476900 -0.923000 -0.117600 0.366500 0.893100 -0.113400 0.435300 0.913300 -0.157800 0.375500 0.931100 -0.089800 0.353700 -0.946000 -0.067200 0.317200 -0.963400 -0.105900 0.246300 -0.937300 -0.129500 0.323500 0.946200 -0.090200 0.310800 -0.973300 -0.112700 0.200200 0.956400 -0.068100 0.283900 -0.978600 -0.119600 0.167300 0.962500 -0.104100 0.250500 0.983700 -0.067200 0.166600 -0.980600 -0.133600 0.143600 0.992800 -0.070600 0.097000 -0.974200 -0.184800 0.129700 0.996200 -0.078300 0.038100 -0.984500 -0.146800 0.096100 -0.994500 -0.104800 -0.008100 -0.975800 -0.211500 0.055200 0.996700 -0.078600 -0.019900 -0.980100 -0.192000 -0.049900 -0.982600 -0.133100 -0.129400 0.994800 -0.062700 -0.080100 -0.980300 -0.083800 -0.178900 0.971500 -0.103500 -0.213300 0.987200 -0.064200 -0.145900 -0.974000 -0.052300 -0.220600 0.973700 -0.048300 -0.222800 0.958400 -0.104200 -0.265700 -0.965000 -0.039200 -0.259200 0.947900 -0.075000 -0.309700 -0.944300 -0.100300 -0.313500 -0.929000 -0.087200 -0.359700 0.899800 -0.132500 -0.415600 0.932400 -0.078900 -0.352800 -0.909400 -0.051900 -0.412700 0.912800 -0.069300 -0.402500 0.880700 -0.137500 -0.453300 -0.882700 -0.036700 -0.468500 -0.871200 -0.113100 -0.477800 0.862400 -0.128300 -0.489700 0.823600 -0.151200 -0.546700 -0.841800 -0.062400 -0.536100 -0.803900 -0.049300 -0.592800 0.753000 -0.165500 -0.636900 0.805800 -0.141400 -0.575100 -0.757800 -0.077800 -0.647800 -0.721100 -0.045500 -0.691400 0.689500 -0.168300 -0.704400 0.762400 -0.105800 -0.638400 0.743000 -0.135400 -0.655400 -0.673200 -0.091300 -0.733800 -0.636100 -0.056600 -0.769600 0.610900 -0.183200 -0.770200 0.693000 -0.109100 -0.712600 0.669400 -0.144700 -0.728700 -0.587200 -0.107000 -0.802400 -0.548500 -0.054300 -0.834400 -0.539300 -0.119100 -0.833600 0.586400 -0.125000 -0.800300 0.521900 -0.168800 -0.836100 0.619600 -0.114800 -0.776500 -0.479600 -0.092300 -0.872600 -0.440100 -0.120700 -0.889800 -0.405600 -0.050400 -0.912700 -0.400200 -0.127200 -0.907600 0.377000 -0.164600 -0.911500 0.479000 -0.116100 -0.870100 0.435400 -0.123600 -0.891700 -0.351500 -0.081100 -0.932700 -0.312800 -0.087600 -0.945800 -0.265400 -0.117700 -0.956900 -0.219200 -0.056100 -0.974100 0.202100 -0.149600 -0.967900 0.291000 -0.103200 -0.951100 0.261400 -0.118900 -0.957900 0.314100 -0.108900 -0.943100 0.357400 -0.104100 -0.928100 -0.159700 -0.064000 -0.985100 -0.099900 -0.058700 -0.993300 -0.025400 -0.061100 -0.997800 0.037600 -0.067800 -0.997000 0.098000 -0.069400 -0.992800 0.168400 -0.072900 -0.983000 -0.105500 0.004200 0.994400 -0.179800 -0.035800 0.983000 -0.116100 -0.080100 0.990000 -0.038700 0.016300 0.999100 0.011500 -0.004300 0.999900 0.063500 -0.024400 0.997700 0.140800 -0.014700 0.989900 0.244200 -0.081400 0.966300 0.236000 0.019800 0.971500 -0.281900 0.021600 0.959200 -0.335500 -0.033500 0.941400 -0.244300 0.020500 0.969500 -0.216300 -0.007500 0.976300 0.256200 -0.031100 0.966100 0.278000 -0.052300 0.959200 0.328200 -0.002600 0.944600 -0.438400 0.015100 0.898700 -0.487200 -0.030300 0.872800 -0.385100 -0.015000 0.922800 0.372100 -0.031100 0.927700 0.419200 -0.054500 0.906200 0.457500 -0.047100 0.888000 0.535600 -0.058800 0.842400 0.539300 0.001100 0.842100 -0.586100 0.038900 0.809300 -0.628900 0.000100 0.777500 -0.539900 0.001600 0.841700 0.594900 -0.034500 0.803000 0.639200 0.006700 0.769000 -0.681200 0.040400 0.731000 -0.732700 0.002800 0.680600 0.683400 -0.035900 0.729100 0.715000 -0.006400 0.699100 -0.776200 0.026300 0.629900 -0.808400 -0.029700 0.587900 0.747900 -0.054500 0.661500 0.776600 -0.028000 0.629400 -0.847200 0.008100 0.531300 -0.895500 -0.039500 0.443200 -0.847100 -0.051900 0.528900 0.816300 -0.040200 0.576300 0.849600 -0.095600 0.518800 0.865300 -0.017500 0.501000 -0.914200 -0.053300 0.401700 0.884300 -0.008700 0.466800 -0.932100 -0.035800 0.360500 0.903000 -0.046100 0.427300 0.932900 -0.025400 0.359300 -0.950100 -0.007100 0.311800 -0.965600 -0.054800 0.254300 0.948900 -0.011100 0.315500 -0.975600 -0.058400 0.211600 0.963200 0.014400 0.268600 -0.981200 -0.062000 0.182500 0.973200 -0.028000 0.228300 0.987700 -0.009800 0.155900 -0.982100 -0.062000 0.178000 0.995200 -0.016000 0.096600 -0.987100 0.002900 0.159900 -0.994900 -0.045200 0.090300 -0.978800 -0.109000 0.173600 0.999300 -0.020200 0.032500 -1.000000 -0.008400 -0.000300 0.999600 -0.011300 -0.027200 -0.995600 -0.011900 -0.093000 -0.988800 -0.108500 -0.102000 0.994900 -0.006400 -0.100200 -0.981800 -0.053700 -0.182200 -0.980900 -0.000100 -0.194500 0.986600 -0.008600 -0.163100 -0.977300 0.019200 -0.211000 0.971200 0.011600 -0.237900 0.961100 -0.023400 -0.275100 -0.967400 0.026700 -0.251800 0.949900 -0.005200 -0.312600 -0.951900 -0.027000 -0.305300 -0.933500 -0.001600 -0.358600 0.937800 -0.009000 -0.347100 -0.905000 0.025400 -0.424800 0.918000 0.001600 -0.396500 0.893600 -0.056200 -0.445300 -0.876400 0.039900 -0.479900 0.835300 -0.079400 -0.544000 0.874600 -0.052100 -0.482100 -0.841600 0.001300 -0.540100 -0.801800 0.026300 -0.597000 0.832800 -0.024900 -0.553000 0.796800 -0.067600 -0.600500 -0.766800 -0.007300 -0.641800 -0.728400 0.029100 -0.684500 0.768600 -0.034900 -0.638800 0.734800 -0.064000 -0.675200 -0.684600 -0.013900 -0.728800 -0.646800 0.016000 -0.762500 0.699000 -0.033100 -0.714400 0.664400 -0.067400 -0.744400 -0.602800 -0.024800 -0.797500 -0.557100 0.005400 -0.830400 0.522400 -0.107500 -0.845900 0.628300 -0.037100 -0.777100 0.579000 -0.051800 -0.813700 -0.496600 -0.017600 -0.867800 -0.453700 -0.036700 -0.890400 -0.413200 0.016600 -0.910500 0.473700 -0.028800 -0.880200 0.430700 -0.064800 -0.900200 0.510500 -0.035100 -0.859200 -0.364000 0.000700 -0.931400 -0.327300 -0.008300 -0.944900 -0.273800 -0.032100 -0.961200 -0.231600 0.012400 -0.972700 0.281200 -0.019100 -0.959500 0.243400 -0.044900 -0.968900 0.318700 -0.042700 -0.946900 0.363800 -0.050700 -0.930100 -0.165400 -0.004900 -0.986200 -0.104000 -0.006100 -0.994600 -0.040300 -0.006300 -0.999200 0.029400 -0.012300 -0.999500 0.095200 -0.015400 -0.995300 0.162700 -0.019700 -0.986500 -0.122800 0.092200 0.988100 -0.194100 0.049200 0.979800 -0.054400 0.102100 0.993300 0.017100 0.094800 0.995400 0.077900 0.069000 0.994600 0.130800 0.134700 0.982200 0.162200 0.069000 0.984300 -0.272100 0.080000 0.958900 -0.333300 0.032600 0.942300 -0.225400 0.082100 0.970800 -0.206900 0.094900 0.973800 0.211700 0.093600 0.972800 0.249600 0.054200 0.966800 0.289100 0.017400 0.957100 0.335200 0.072600 0.939300 -0.440400 0.095000 0.892800 -0.490700 0.049000 0.869900 -0.389900 0.060300 0.918900 0.375300 0.054400 0.925300 0.415800 0.023500 0.909100 0.460400 0.021800 0.887400 0.534400 0.055400 0.843400 -0.582400 0.117100 0.804400 -0.630900 0.081200 0.771600 -0.538100 0.084900 0.838600 0.593900 0.046100 0.803200 0.638900 0.070500 0.766000 -0.679600 0.106100 0.725800 -0.729200 0.075300 0.680100 0.679700 0.041200 0.732300 0.705200 0.070500 0.705500 -0.766700 0.095900 0.634800 -0.807200 0.059700 0.587300 0.747000 0.017500 0.664600 0.781900 0.053000 0.621200 -0.848200 0.064000 0.525800 -0.894100 0.025200 0.447100 0.821000 0.020200 0.570600 0.869000 0.062500 0.490800 -0.915400 0.021500 0.402100 0.887600 0.077600 0.454100 -0.930900 0.047700 0.362200 0.911900 0.024100 0.409700 0.932600 0.048800 0.357600 -0.946800 0.055800 0.316900 -0.965000 -0.000200 0.262200 0.949000 0.059700 0.309600 -0.975200 0.000100 0.221200 0.965900 0.083600 0.245200 -0.982400 0.008900 0.186500 0.977500 0.031300 0.208700 0.989700 0.046300 0.135500 -0.986700 0.057900 0.151600 0.995900 0.040200 0.081000 -0.988600 0.105400 0.107500 -0.995800 0.061900 0.067000 0.998600 0.045300 0.027700 -0.995400 0.088900 -0.035100 0.998000 0.047500 -0.040500 -0.986500 0.098500 -0.131000 -0.978700 0.056100 -0.197600 -0.976800 0.134500 -0.166900 0.993700 0.050300 -0.100600 -0.981600 0.085300 -0.171100 0.985200 0.048700 -0.164400 -0.976500 0.080300 -0.200200 0.963800 0.088300 -0.251500 0.958100 0.064300 -0.279000 -0.964500 0.086900 -0.249500 0.952200 0.060200 -0.299400 -0.951000 0.044400 -0.306000 -0.927100 0.073300 -0.367500 0.938800 0.054200 -0.340300 -0.902100 0.096300 -0.420600 0.910100 0.063000 -0.409500 0.890800 0.022600 -0.453800 -0.876500 0.105800 -0.469600 0.874200 0.022700 -0.485000 -0.838600 0.063000 -0.541000 -0.794200 0.099900 -0.599400 0.831700 0.035000 -0.554200 0.796700 0.009500 -0.604300 -0.764000 0.067700 -0.641700 -0.728000 0.104900 -0.677500 0.763700 0.029300 -0.644900 0.732200 0.003000 -0.681100 -0.693100 0.062200 -0.718200 -0.654300 0.083600 -0.751600 0.695500 0.036300 -0.717600 0.660000 0.004800 -0.751200 -0.607200 0.055800 -0.792600 -0.557100 0.071500 -0.827300 0.622500 0.048000 -0.781100 0.580500 0.015900 -0.814100 -0.490800 0.052800 -0.869700 -0.458600 0.041800 -0.887700 -0.423100 0.077100 -0.902800 0.471900 0.048500 -0.880300 0.420100 -0.004700 -0.907500 0.519600 0.037500 -0.853600 -0.361500 0.065300 -0.930100 -0.322500 0.065100 -0.944300 -0.290100 0.048700 -0.955700 -0.250900 0.079200 -0.964800 0.261800 0.055300 -0.963500 0.220600 0.015200 -0.975300 0.314800 0.029500 -0.948700 0.362200 0.012300 -0.932000 -0.171300 0.051400 -0.983900 -0.104600 0.048200 -0.993400 -0.047200 0.049500 -0.997700 0.013100 0.042300 -0.999000 0.086600 0.035500 -0.995600 0.150400 0.033400 -0.988100 -0.178500 0.147600 0.972800 -0.086800 0.181100 0.979600 -0.008100 0.174200 0.984700 0.061600 0.155200 0.986000 -0.267000 0.134500 0.954300 -0.336800 0.098300 0.936400 -0.208400 0.137200 0.968400 -0.166900 0.149800 0.974500 -0.130500 0.193600 0.972400 -0.043600 0.222300 0.974000 0.038500 0.213600 0.976200 0.119100 0.180500 0.976300 0.181000 0.164200 0.969700 0.233400 0.139500 0.962300 0.288200 0.101200 0.952200 0.330000 0.148200 0.932300 -0.431100 0.171500 0.885900 -0.487900 0.128800 0.863400 -0.393600 0.142900 0.908100 0.380300 0.128500 0.915900 0.423500 0.101600 0.900200 0.474900 0.155900 0.866100 0.476300 0.097100 0.873900 -0.551000 0.180900 0.814600 -0.627000 0.162300 0.762000 -0.525400 0.168200 0.834100 0.542500 0.128000 0.830300 0.575100 0.121500 0.809000 0.632400 0.138800 0.762100 -0.669700 0.163600 0.724400 -0.728000 0.161900 0.666200 0.673100 0.125000 0.728900 0.690500 0.154300 0.706700 -0.757400 0.170200 0.630400 -0.808500 0.143000 0.570900 0.736200 0.081700 0.671900 0.783800 0.127500 0.607800 -0.878600 0.104600 0.466100 -0.832400 0.142800 0.535500 0.815300 0.142000 0.561400 0.828000 0.075900 0.555600 -0.867800 0.166700 0.468200 -0.905100 0.102500 0.412600 0.859100 0.135000 0.493800 0.877400 0.157500 0.453200 -0.921000 0.117500 0.371400 0.907700 0.101200 0.407300 0.928900 0.121300 0.350000 -0.940700 0.116200 0.318600 -0.961800 0.061700 0.266700 0.945400 0.122200 0.302200 -0.972300 0.065600 0.224400 0.956600 0.147800 0.251300 -0.980400 0.090800 0.175100 0.970200 0.153900 0.187000 0.977200 0.086500 0.194100 -0.983200 0.137000 0.120800 0.984100 0.106500 0.141800 0.991800 0.101100 0.078200 -0.986500 0.163000 0.012900 -0.984500 0.163600 0.063700 0.994900 0.099800 0.017600 -0.979600 0.177500 -0.093900 -0.980100 0.192100 -0.049800 0.993100 0.109700 -0.040300 -0.980800 0.159700 -0.111800 0.988300 0.113800 -0.101900 -0.978900 0.140100 -0.148600 0.964400 0.193500 -0.180300 0.955500 0.169200 -0.241500 0.973800 0.123600 -0.190800 -0.972300 0.135500 -0.190400 0.957200 0.134100 -0.256600 -0.958000 0.140600 -0.249800 0.950800 0.120600 -0.285400 -0.943100 0.109100 -0.314100 -0.916300 0.147400 -0.372300 0.936200 0.108700 -0.334200 -0.898400 0.168200 -0.405600 0.899900 0.125900 -0.417600 0.881400 0.111800 -0.458900 -0.879100 0.165000 -0.447100 0.852000 0.157400 -0.499400 0.819800 0.103800 -0.563200 0.861100 0.094300 -0.499600 -0.833900 0.120900 -0.538500 -0.781400 0.169500 -0.600500 0.801500 0.086500 -0.591800 -0.756700 0.146500 -0.637100 -0.724600 0.176600 -0.666100 0.757600 0.102200 -0.644700 0.728100 0.082400 -0.680500 -0.694100 0.144600 -0.705200 -0.653200 0.154000 -0.741400 0.689600 0.098500 -0.717500 0.648700 0.080000 -0.756800 -0.594900 0.134200 -0.792500 -0.564900 0.145500 -0.812300 -0.504600 0.126100 -0.854100 -0.508000 0.188800 -0.840400 0.608600 0.133200 -0.782200 0.571900 0.079200 -0.816500 -0.467600 0.131200 -0.874100 -0.428200 0.136100 -0.893400 0.459000 0.127600 -0.879200 0.409900 0.065600 -0.909800 0.502600 0.116700 -0.856600 -0.352000 0.118100 -0.928500 -0.308800 0.128100 -0.942500 -0.288600 0.134300 -0.948000 -0.263400 0.161100 -0.951100 0.232500 0.127200 -0.964200 0.200500 0.072400 -0.977000 0.303300 0.098400 -0.947800 0.356400 0.086600 -0.930300 -0.176000 0.111500 -0.978100 -0.102500 0.106300 -0.989000 -0.046600 0.109800 -0.992900 0.004900 0.109500 -0.994000 0.062900 0.092900 -0.993700 0.124700 0.092600 -0.987900 -0.274500 0.200800 0.940400 -0.349300 0.171900 0.921100 -0.204700 0.197900 0.958600 -0.150000 0.197500 0.968700 -0.106700 0.218300 0.970000 -0.056400 0.243000 0.968400 0.011800 0.255100 0.966900 0.077800 0.244700 0.966500 0.138500 0.226800 0.964100 0.203500 0.221000 0.953800 0.264400 0.183000 0.946900 0.308400 0.225900 0.924100 -0.413400 0.232800 0.880300 -0.485400 0.201900 0.850600 -0.377000 0.234200 0.896100 0.357500 0.206800 0.910700 0.408600 0.173400 0.896100 0.474900 0.207700 0.855200 -0.608800 0.209700 0.765100 -0.507800 0.261800 0.820700 -0.546900 0.262800 0.794900 0.522600 0.204900 0.827600 0.559000 0.249400 0.790800 0.572400 0.191700 0.797300 -0.706600 0.225800 0.670700 -0.623000 0.271500 0.733600 -0.646500 0.257800 0.718100 0.628100 0.212100 0.748700 0.653500 0.201800 0.729500 0.692400 0.243400 0.679200 -0.790100 0.218600 0.572600 -0.701800 0.277000 0.656300 -0.731700 0.254100 0.632500 0.706400 0.245600 0.663800 0.725000 0.153600 0.671400 -0.773200 0.275100 0.571400 -0.825000 0.222400 0.519600 0.763500 0.210700 0.610500 0.810700 0.215600 0.544400 -0.852800 0.220900 0.473100 -0.897400 0.175100 0.404900 0.843400 0.206900 0.495800 0.856400 0.230600 0.461900 -0.913100 0.190600 0.360300 0.878900 0.231700 0.417100 0.895600 0.164000 0.413500 -0.931400 0.185800 0.312900 -0.958000 0.134800 0.253000 0.911600 0.187400 0.365900 0.934200 0.194400 0.299100 -0.967700 0.143600 0.207000 0.949700 0.204300 0.237300 -0.970600 0.186800 0.152000 0.959400 0.215800 0.181800 -0.975400 0.201900 0.088900 0.969200 0.217600 0.115700 0.979100 0.158600 0.127000 -0.978500 0.205700 0.014500 0.982700 0.168000 0.077700 0.987200 0.158000 0.021800 -0.976900 0.208200 -0.047400 0.984600 0.171500 -0.035100 -0.975700 0.197600 -0.094700 0.964100 0.254700 -0.075000 0.955500 0.250300 -0.156300 0.973700 0.200500 -0.108000 -0.971600 0.192800 -0.137500 0.957000 0.209400 -0.200600 -0.964900 0.189100 -0.182200 0.953400 0.185600 -0.238000 -0.948000 0.195000 -0.251600 0.941800 0.176700 -0.286000 -0.929000 0.171600 -0.327900 -0.901700 0.227700 -0.367400 0.901300 0.231300 -0.366400 0.878500 0.201400 -0.433200 0.917100 0.172600 -0.359300 -0.887300 0.236000 -0.396200 0.870100 0.198900 -0.451000 -0.861900 0.232500 -0.450800 -0.832400 0.176400 -0.525400 -0.816900 0.238800 -0.525000 0.841500 0.208500 -0.498400 0.816600 0.177700 -0.549100 -0.773700 0.228800 -0.590800 0.778600 0.226300 -0.585300 0.743400 0.181000 -0.643900 0.787100 0.163500 -0.594700 -0.731400 0.237100 -0.639400 -0.712700 0.251500 -0.654800 0.731200 0.169000 -0.660900 -0.674900 0.227400 -0.702000 -0.652300 0.232600 -0.721400 -0.597400 0.208600 -0.774300 -0.589800 0.265700 -0.762600 0.683900 0.165100 -0.710600 0.637700 0.156700 -0.754200 -0.550900 0.220700 -0.804800 -0.516400 0.244900 -0.820600 0.562100 0.222800 -0.796500 0.503700 0.192400 -0.842200 0.560500 0.143500 -0.815600 0.583300 0.213400 -0.783700 -0.468500 0.213100 -0.857400 -0.442100 0.206300 -0.872900 -0.370600 0.177300 -0.911700 -0.372300 0.228500 -0.899600 0.455700 0.208700 -0.865300 0.408400 0.144000 -0.901400 -0.302200 0.183400 -0.935400 -0.262200 0.194800 -0.945100 -0.240200 0.237800 -0.941200 -0.198600 0.199100 -0.959600 -0.165100 0.264400 -0.950200 0.163100 0.213100 -0.963300 0.124800 0.163400 -0.978600 0.182600 0.135200 -0.973900 0.232800 0.196800 -0.952400 0.291600 0.165800 -0.942100 0.343600 0.162500 -0.924900 -0.110700 0.180200 -0.977400 -0.051000 0.177700 -0.982800 0.004000 0.173100 -0.984900 0.061100 0.157700 -0.985600 -0.340900 0.264300 0.902200 -0.263500 0.283100 0.922200 -0.139600 0.255700 0.956600 -0.203900 0.278100 0.938700 -0.097100 0.266700 0.958900 -0.053500 0.278700 0.958900 0.000600 0.289600 0.957200 0.062500 0.291500 0.954500 0.128600 0.277700 0.952000 0.161800 0.324000 0.932100 0.199000 0.277400 0.939900 0.256000 0.260100 0.931000 -0.478700 0.272400 0.834700 -0.348900 0.295700 0.889300 -0.420900 0.299300 0.856300 -0.307700 0.322700 0.895100 -0.236300 0.354600 0.904700 0.238600 0.317700 0.917700 0.305700 0.287100 0.907800 0.362900 0.253100 0.896800 0.411400 0.306400 0.858400 0.422300 0.242700 0.873400 -0.473700 0.327600 0.817500 -0.546900 0.309600 0.777800 -0.459900 0.347600 0.817100 0.477000 0.282300 0.832400 0.495800 0.278600 0.822500 0.545500 0.306400 0.780100 -0.610800 0.315300 0.726300 -0.654700 0.330600 0.679800 0.588300 0.278500 0.759200 0.622400 0.313200 0.717300 0.640700 0.255800 0.723900 -0.679400 0.329400 0.655700 -0.724100 0.327300 0.607100 0.683300 0.314000 0.659200 0.711700 0.328500 0.621000 -0.750600 0.330800 0.572000 -0.811000 0.289600 0.508300 0.744900 0.287400 0.602100 0.792400 0.288000 0.537600 -0.872500 0.243000 0.423900 -0.829100 0.297800 0.473200 0.815200 0.288800 0.502100 0.845400 0.287700 0.450100 -0.853600 0.311300 0.417600 -0.898900 0.253900 0.357100 0.871800 0.287500 0.396600 -0.941500 0.215200 0.259300 -0.910000 0.273100 0.311800 0.889100 0.303800 0.342300 0.902900 0.243600 0.354100 -0.929700 0.281400 0.237500 -0.956200 0.218800 0.194500 0.919900 0.258000 0.295200 0.937300 0.262900 0.228900 -0.959200 0.251100 0.130200 0.950100 0.266600 0.162000 -0.966700 0.247800 0.063600 0.956400 0.274500 0.099700 -0.966800 0.255300 0.007400 0.962200 0.270500 0.032000 0.973700 0.222700 0.048900 -0.967200 0.250600 -0.040600 0.957900 0.282100 -0.054000 0.971100 0.238700 -0.005700 -0.965800 0.244300 -0.087300 0.956300 0.263800 -0.126000 -0.958000 0.250800 -0.138700 0.954100 0.240400 -0.178700 -0.947800 0.254500 -0.192000 0.943200 0.234200 -0.235600 -0.921100 0.276500 -0.273900 -0.909500 0.246000 -0.335200 -0.894200 0.318400 -0.314700 0.925300 0.239100 -0.294300 -0.896600 0.283600 -0.340000 0.880400 0.303900 -0.364100 0.870300 0.278700 -0.406200 -0.878600 0.291300 -0.378500 0.860000 0.269600 -0.433200 -0.841500 0.294200 -0.453100 -0.801900 0.307700 -0.512000 0.828700 0.271600 -0.489400 0.804900 0.255900 -0.535400 -0.744000 0.330700 -0.580600 -0.696100 0.294600 -0.654700 -0.700100 0.372200 -0.609300 0.771500 0.278300 -0.572100 0.747200 0.248000 -0.616600 -0.703800 0.331100 -0.628500 -0.667500 0.299900 -0.681600 -0.657100 0.356000 -0.664400 0.724800 0.265200 -0.635900 0.675500 0.261500 -0.689400 0.701000 0.213100 -0.680600 -0.630900 0.308200 -0.712000 -0.590300 0.310800 -0.744900 0.612300 0.303400 -0.730100 0.564800 0.283600 -0.774900 0.631700 0.218600 -0.743800 -0.535200 0.301600 -0.789000 -0.512500 0.308500 -0.801400 0.533600 0.312100 -0.786000 0.503300 0.258000 -0.824700 -0.453100 0.269700 -0.849700 -0.416900 0.275000 -0.866400 -0.376300 0.294000 -0.878600 0.400600 0.297400 -0.866600 0.355400 0.240300 -0.903300 0.411300 0.212900 -0.886300 0.438700 0.283700 -0.852700 -0.295900 0.239800 -0.924600 -0.240700 0.239200 -0.940700 -0.198600 0.265900 -0.943300 -0.142100 0.295500 -0.944700 -0.082900 0.255500 -0.963300 -0.054200 0.293400 -0.954400 -0.014000 0.239800 -0.970700 0.031100 0.288600 -0.957000 0.044200 0.232200 -0.971700 0.093500 0.285400 -0.953800 0.095500 0.225900 -0.969500 0.147600 0.289300 -0.945800 0.211500 0.263700 -0.941100 0.284100 0.249400 -0.925800 -0.161800 0.339600 0.926600 -0.107300 0.335300 0.936000 -0.061300 0.329000 0.942300 -0.008200 0.328300 0.944500 0.049900 0.331600 0.942100 0.105200 0.331000 0.937700 -0.405700 0.358600 0.840700 -0.287100 0.357600 0.888700 -0.351000 0.364700 0.862400 -0.230300 0.375800 0.897600 -0.154300 0.387800 0.908800 -0.086100 0.381500 0.920400 -0.028700 0.371100 0.928200 0.038700 0.367300 0.929300 0.097600 0.372100 0.923000 0.160100 0.367200 0.916200 0.224900 0.360800 0.905100 0.284100 0.348200 0.893300 0.330000 0.322800 0.887100 0.382500 0.367000 0.847900 -0.512700 0.342300 0.787400 -0.415500 0.398600 0.817600 -0.478200 0.397800 0.783000 -0.395000 0.420400 0.816800 0.427700 0.353400 0.832000 0.470700 0.384700 0.794000 0.485600 0.333500 0.808100 -0.643000 0.379700 0.665100 -0.550200 0.388700 0.739000 -0.586900 0.381400 0.714200 0.524700 0.366500 0.768400 0.550600 0.343800 0.760700 0.613400 0.364400 0.700600 -0.693800 0.375500 0.614500 -0.619100 0.427900 0.658500 -0.641200 0.404100 0.652400 0.660800 0.371500 0.652100 0.697000 0.383500 0.605900 -0.779100 0.353900 0.517400 -0.686800 0.410200 0.600000 -0.721400 0.399000 0.566000 0.732000 0.382400 0.563800 0.754500 0.345900 0.557700 -0.761800 0.408500 0.502800 -0.819500 0.357400 0.448000 0.764100 0.375000 0.524900 0.767500 0.417600 0.486300 0.797900 0.341600 0.496600 -0.873700 0.328000 0.359300 -0.828600 0.380800 0.410300 0.818900 0.355700 0.450400 0.854400 0.351700 0.382500 -0.852500 0.390900 0.347100 -0.896700 0.330200 0.294600 0.877200 0.357900 0.320000 -0.936800 0.297300 0.184500 -0.908600 0.339000 0.244200 0.887100 0.378200 0.264600 0.907500 0.314900 0.277900 -0.941200 0.308100 0.138900 -0.912300 0.367200 0.181400 0.920400 0.322800 0.220500 0.936400 0.318200 0.147800 -0.929300 0.352600 0.109700 -0.952700 0.296100 0.068400 0.946400 0.316300 0.066000 -0.952300 0.304800 0.011300 0.950200 0.311600 0.003700 -0.952000 0.304000 -0.034500 0.951800 0.301500 -0.056800 -0.951000 0.299100 -0.078600 0.948500 0.293600 -0.119300 -0.936300 0.323700 -0.136500 -0.925800 0.330500 -0.183600 -0.903600 0.397000 -0.161000 0.942700 0.284100 -0.175100 -0.908000 0.337900 -0.247800 -0.898900 0.375700 -0.225300 0.903800 0.371200 -0.213200 0.876700 0.387900 -0.284500 0.919900 0.307300 -0.243800 -0.895400 0.348400 -0.277100 0.867600 0.357100 -0.346200 0.901400 0.314900 -0.297000 -0.882400 0.334600 -0.330800 0.859600 0.326000 -0.393600 -0.832300 0.393000 -0.390900 -0.843200 0.331200 -0.423600 -0.800400 0.388300 -0.456700 0.823400 0.365600 -0.433900 0.798500 0.372600 -0.472900 0.824000 0.319700 -0.467700 -0.781700 0.379400 -0.494900 -0.737400 0.394600 -0.548300 -0.730200 0.436800 -0.525400 0.768300 0.366400 -0.524800 0.753900 0.326800 -0.569900 0.791000 0.318600 -0.522400 -0.717600 0.421900 -0.554100 0.746400 0.324700 -0.580900 -0.679800 0.396000 -0.617300 -0.645000 0.404400 -0.648400 0.711000 0.340100 -0.615500 0.667800 0.349400 -0.657200 -0.605000 0.377600 -0.701000 -0.586700 0.382800 -0.713600 -0.540300 0.355400 -0.762700 -0.528600 0.396000 -0.750900 0.603600 0.378500 -0.701700 0.553500 0.363500 -0.749300 -0.502700 0.385000 -0.774000 -0.461400 0.334700 -0.821600 -0.445900 0.395900 -0.802800 0.486100 0.408600 -0.772500 0.447000 0.358500 -0.819600 0.502700 0.325600 -0.800800 0.507900 0.393300 -0.766400 -0.392500 0.333700 -0.857100 -0.356600 0.365500 -0.859800 -0.314600 0.323000 -0.892600 -0.287400 0.387100 -0.876100 0.321900 0.388500 -0.863400 0.276200 0.335600 -0.900600 0.339400 0.315200 -0.886300 0.373300 0.362800 -0.853800 -0.239900 0.305600 -0.921400 -0.194300 0.309600 -0.930800 -0.140800 0.319500 -0.937100 -0.076100 0.330700 -0.940700 -0.004400 0.331600 -0.943400 0.065800 0.340200 -0.938100 0.129300 0.344000 -0.930000 0.209200 0.332100 -0.919700 -0.339100 0.420400 0.841600 -0.224700 0.411600 0.883200 -0.283800 0.425900 0.859100 -0.171300 0.418300 0.892000 -0.113000 0.417900 0.901400 -0.050200 0.413500 0.909100 0.013100 0.400900 0.916000 0.081200 0.406400 0.910100 0.142700 0.405000 0.903100 0.209800 0.400500 0.892000 0.242700 0.447600 0.860600 0.282800 0.397200 0.873100 0.340300 0.387900 0.856600 -0.433300 0.428300 0.793000 -0.362900 0.461200 0.809700 -0.407600 0.471800 0.781800 -0.324100 0.472400 0.819600 0.303000 0.443500 0.843500 0.360900 0.413300 0.836000 0.415600 0.456900 0.786500 0.420500 0.402200 0.813300 -0.582000 0.440300 0.683700 -0.475500 0.471100 0.742900 -0.531600 0.452400 0.716100 0.467300 0.440800 0.766400 0.501500 0.413000 0.760200 0.545000 0.435800 0.716300 0.581700 0.401800 0.707200 -0.582300 0.468200 0.664600 -0.638300 0.447300 0.626500 -0.557600 0.484900 0.673800 0.583500 0.449200 0.676500 0.618200 0.461000 0.636700 0.652000 0.406100 0.640300 -0.663800 0.454400 0.594000 -0.716200 0.436300 0.544700 0.660800 0.468200 0.586600 0.706800 0.430700 0.561100 -0.790600 0.421600 0.444100 -0.738900 0.461600 0.490800 0.729700 0.434200 0.528300 0.754500 0.458600 0.469500 -0.765400 0.476300 0.432800 -0.819000 0.425000 0.385500 0.778300 0.473500 0.412300 0.804200 0.411700 0.428600 -0.869400 0.401500 0.287900 -0.828600 0.448100 0.335500 0.825700 0.423900 0.372200 0.854500 0.416700 0.310100 -0.849100 0.453900 0.270200 -0.891000 0.390600 0.231400 0.869000 0.430000 0.245000 -0.893800 0.415000 0.170100 0.884000 0.431200 0.180500 0.906000 0.373200 0.199600 -0.932100 0.358300 0.053500 -0.907600 0.404800 0.111500 0.916400 0.377200 0.134100 0.930400 0.360800 0.065200 -0.930600 0.366000 0.005800 -0.907200 0.417900 0.047900 0.933200 0.359400 0.006200 -0.926600 0.373900 -0.040900 -0.905600 0.424000 -0.010800 0.936900 0.346500 -0.045800 -0.920300 0.379500 -0.094800 -0.901000 0.426300 -0.080200 0.899300 0.432900 -0.062300 0.882100 0.450600 -0.137200 0.925100 0.364000 -0.108600 -0.894400 0.419100 -0.156400 0.875800 0.435000 -0.209100 0.916300 0.367000 -0.160200 -0.891500 0.401200 -0.210200 0.862100 0.418100 -0.286200 -0.873900 0.410200 -0.260800 -0.859200 0.411900 -0.303500 -0.827500 0.482000 -0.288000 0.855800 0.391900 -0.337700 -0.839100 0.412400 -0.354800 -0.808900 0.469300 -0.354100 0.809500 0.458000 -0.367400 0.790300 0.446800 -0.419300 0.835000 0.390700 -0.387500 -0.783700 0.454700 -0.423200 -0.755600 0.444700 -0.481000 -0.743900 0.488400 -0.456200 0.772800 0.432500 -0.464500 -0.732700 0.471600 -0.490700 0.740400 0.425400 -0.520400 0.730400 0.402000 -0.552200 -0.684500 0.479000 -0.549500 -0.687300 0.430400 -0.585100 -0.652300 0.463200 -0.599900 0.703700 0.433100 -0.563300 0.667800 0.450300 -0.592700 0.694900 0.395500 -0.600600 -0.620800 0.462400 -0.633100 -0.593900 0.425300 -0.682900 -0.579100 0.472200 -0.664600 0.639000 0.454600 -0.620500 0.603000 0.464400 -0.648600 0.628100 0.407900 -0.662700 -0.541500 0.439900 -0.716400 -0.519800 0.456400 -0.722200 0.551800 0.470600 -0.688500 0.507300 0.457000 -0.730700 0.563400 0.403600 -0.720900 -0.475100 0.431500 -0.766900 -0.427000 0.457100 -0.780200 -0.388100 0.409600 -0.825600 -0.364000 0.471000 -0.803500 0.410600 0.491000 -0.768300 0.367900 0.445600 -0.816200 0.427800 0.427000 -0.796700 0.457100 0.464800 -0.758300 -0.330300 0.404700 -0.852700 -0.272500 0.427700 -0.861800 -0.223400 0.385100 -0.895400 -0.197900 0.442700 -0.874600 -0.175100 0.377800 -0.909200 -0.137500 0.462300 -0.876000 -0.123400 0.381700 -0.916000 -0.073200 0.451000 -0.889500 0.099500 0.471700 -0.876100 0.066000 0.402800 -0.912900 0.119000 0.399200 -0.909100 0.170400 0.453500 -0.874800 0.187400 0.401000 -0.896700 0.243800 0.452400 -0.857900 0.249000 0.402200 -0.881000 0.305500 0.437100 -0.845900 -0.062600 0.371200 -0.926500 -0.002900 0.380300 -0.924900 -0.253800 0.472900 0.843800 -0.191700 0.468300 0.862500 -0.136500 0.462700 0.876000 -0.085200 0.461200 0.883200 0.025700 0.437900 0.898700 -0.034300 0.460200 0.887100 0.060700 0.511800 0.857000 0.089100 0.458800 0.884000 0.131900 0.451800 0.882300 0.188600 0.449000 0.873400 -0.373500 0.500400 0.781100 -0.313700 0.493800 0.811000 -0.358100 0.537900 0.763200 -0.238500 0.498000 0.833700 -0.158600 0.502000 0.850200 -0.096100 0.512200 0.853500 -0.041200 0.527600 0.848500 0.112200 0.520300 0.846600 0.173100 0.495700 0.851100 0.238300 0.493100 0.836700 0.303600 0.478800 0.823700 0.343700 0.533500 0.772800 0.363700 0.478400 0.799300 -0.512000 0.504900 0.694900 -0.400800 0.544200 0.737000 -0.450900 0.522600 0.723600 0.407700 0.513800 0.754800 0.449800 0.478800 0.753900 0.487400 0.505900 0.711700 0.516100 0.471200 0.715300 -0.610100 0.474400 0.634600 -0.522400 0.519500 0.676200 -0.576300 0.518000 0.632100 -0.487200 0.540400 0.686000 0.523100 0.524700 0.671600 0.559900 0.535800 0.632000 0.586700 0.500300 0.636800 -0.689500 0.481800 0.540800 -0.625900 0.501400 0.597400 -0.654500 0.507300 0.560600 0.601800 0.533600 0.594200 0.637800 0.520000 0.568100 0.677600 0.478800 0.558200 -0.680700 0.531000 0.504700 -0.732700 0.487600 0.474800 0.661700 0.514400 0.545500 0.683000 0.518700 0.514300 0.719200 0.464100 0.517100 -0.786100 0.487100 0.380600 -0.746000 0.523800 0.411300 0.716900 0.523600 0.460300 0.764600 0.500500 0.406100 -0.769200 0.533700 0.351400 -0.815700 0.480400 0.322300 0.778600 0.531700 0.333300 0.805200 0.480500 0.347400 -0.859700 0.459500 0.223000 -0.824600 0.499600 0.265400 0.788800 0.553200 0.267900 0.820000 0.486700 0.301200 -0.869800 0.466300 0.161200 -0.832000 0.519700 0.194000 0.836700 0.492300 0.239800 0.864100 0.477000 0.160700 -0.849500 0.513800 0.119400 -0.886500 0.453400 0.092300 0.869600 0.483900 0.098400 0.897800 0.428200 0.102700 -0.882900 0.468400 0.032000 0.871300 0.490000 0.026200 0.902100 0.428800 0.048400 -0.883700 0.467300 -0.025900 0.865900 0.496800 -0.057500 0.901600 0.432700 -0.004300 -0.885900 0.456700 -0.080700 0.858100 0.493000 -0.143500 -0.872500 0.468200 -0.139700 -0.862300 0.469800 -0.189200 -0.831300 0.532200 -0.160200 0.856200 0.472400 -0.209100 -0.852000 0.470000 -0.230600 -0.821200 0.523200 -0.227900 0.811900 0.536900 -0.229100 0.791800 0.532400 -0.299200 0.836500 0.474800 -0.273400 -0.804100 0.516700 -0.294000 0.779400 0.505500 -0.370000 0.822100 0.467200 -0.325500 -0.779500 0.516300 -0.354600 -0.764800 0.498100 -0.408700 -0.747000 0.542100 -0.384900 0.766300 0.486400 -0.419700 -0.743700 0.515400 -0.425900 0.734500 0.508200 -0.449600 0.706800 0.518800 -0.480900 0.726500 0.470200 -0.501100 -0.696900 0.530000 -0.483200 -0.703200 0.496400 -0.509000 -0.653800 0.538500 -0.531500 0.683800 0.521000 -0.510900 0.656900 0.531800 -0.534500 0.693500 0.475100 -0.541600 -0.618000 0.540300 -0.571100 -0.622000 0.499700 -0.602800 -0.589000 0.533800 -0.606700 0.627800 0.541500 -0.559200 0.596400 0.549800 -0.584800 0.635100 0.501700 -0.587300 -0.550200 0.531700 -0.643800 -0.531900 0.490600 -0.690200 -0.511700 0.519400 -0.684400 0.564200 0.554200 -0.611900 0.525400 0.559600 -0.640900 0.566200 0.511400 -0.646400 -0.484700 0.521800 -0.702000 -0.469400 0.486900 -0.736600 -0.430700 0.541900 -0.721700 0.474400 0.556300 -0.682200 0.440800 0.531900 -0.723000 0.499000 0.495600 -0.710900 -0.404300 0.491600 -0.771300 -0.350200 0.516900 -0.781200 -0.312800 0.473600 -0.823300 -0.285700 0.539000 -0.792400 -0.260800 0.478700 -0.838400 -0.215600 0.541000 -0.812900 0.257800 0.564600 -0.784100 0.231500 0.504300 -0.831900 0.284200 0.505400 -0.814700 0.326100 0.544200 -0.773000 0.338300 0.505300 -0.793900 0.400500 0.518500 -0.755500 -0.198500 0.480600 -0.854200 -0.135200 0.507500 -0.851000 -0.059200 0.514500 -0.855400 -0.020300 0.455200 -0.890100 0.021000 0.513300 -0.858000 0.030300 0.453800 -0.890600 0.094800 0.523300 -0.846900 0.165700 0.500800 -0.849600 0.008200 0.513000 0.858400 -0.325900 0.544000 0.773200 -0.275400 0.539100 0.795900 -0.162500 0.529800 0.832400 -0.223400 0.535800 0.814300 -0.101800 0.549000 0.829600 -0.037400 0.562000 0.826300 0.035400 0.564900 0.824400 0.102100 0.564700 0.819000 0.168400 0.538400 0.825700 0.196700 0.590400 0.782700 0.232400 0.537200 0.810800 0.288500 0.536200 0.793200 -0.430700 0.566700 0.702400 -0.315700 0.584000 0.747900 -0.388500 0.587900 0.709500 -0.243900 0.594600 0.766100 0.266200 0.588100 0.763800 0.343300 0.567600 0.748300 0.395700 0.541100 0.742100 0.419300 0.582500 0.696300 0.458800 0.539700 0.705900 -0.526800 0.544300 0.652800 -0.466600 0.570400 0.676000 -0.494300 0.594000 0.634600 -0.423700 0.595300 0.682700 0.459200 0.585800 0.667800 0.499600 0.589400 0.634800 0.529600 0.561800 0.635500 -0.629800 0.536000 0.562100 -0.548800 0.577500 0.604400 -0.595400 0.573600 0.562600 0.542400 0.592800 0.595300 0.572300 0.600300 0.558800 0.604700 0.564400 0.562000 -0.709100 0.543200 0.449500 -0.637900 0.568700 0.519300 -0.668200 0.570800 0.477100 0.593900 0.604800 0.530600 0.616800 0.604900 0.503600 0.647300 0.563800 0.512900 -0.726500 0.562100 0.395200 -0.679800 0.609700 0.407600 0.654800 0.596800 0.463700 0.689900 0.599600 0.405600 0.718300 0.546300 0.430700 -0.787300 0.540300 0.296900 -0.717100 0.595400 0.362200 -0.746300 0.574400 0.336400 0.719900 0.608900 0.333200 0.759000 0.545700 0.355300 -0.795900 0.549300 0.254400 -0.752800 0.601400 0.267600 0.736900 0.605100 0.301200 0.767900 0.579700 0.272500 -0.773900 0.597600 0.209800 -0.814800 0.546400 0.193700 0.791400 0.584600 0.178900 0.817900 0.545500 0.183200 -0.852600 0.518300 0.067100 -0.817700 0.563400 0.118200 0.799600 0.594400 0.086100 0.830300 0.545000 0.117100 -0.852700 0.522300 0.013300 -0.820000 0.570200 0.050400 0.810000 0.585900 0.025000 0.840900 0.537400 0.064100 -0.850400 0.524700 -0.039500 -0.818300 0.574600 -0.013300 0.803900 0.592700 -0.049700 0.843800 0.536400 -0.015900 -0.847200 0.522800 -0.094300 -0.814100 0.574900 -0.081700 0.801000 0.585000 -0.126900 0.835400 0.541800 -0.092200 -0.812300 0.562900 -0.152600 0.785200 0.577000 -0.224900 0.822400 0.544500 -0.164900 -0.794700 0.566200 -0.218900 -0.778100 0.565700 -0.273000 -0.750400 0.615900 -0.239800 0.778500 0.552400 -0.298100 -0.758700 0.563000 -0.327800 -0.743500 0.596800 -0.301800 0.734600 0.593900 -0.328300 0.706500 0.597300 -0.379600 0.754200 0.540000 -0.373700 -0.747700 0.560100 -0.356800 0.701800 0.577700 -0.416900 0.733200 0.539400 -0.414100 -0.707200 0.583000 -0.400100 -0.718100 0.540400 -0.438500 -0.665800 0.580600 -0.468600 0.665500 0.598000 -0.446600 0.639800 0.604000 -0.475100 0.677100 0.559000 -0.478600 -0.609500 0.602900 -0.514800 -0.611500 0.574400 -0.544200 -0.578200 0.610500 -0.541200 0.612300 0.608300 -0.505100 0.580900 0.615500 -0.532700 0.619900 0.576800 -0.532000 -0.559200 0.604200 -0.567700 -0.560700 0.565100 -0.605300 -0.523000 0.591200 -0.614000 0.548300 0.620500 -0.560700 0.514200 0.623400 -0.589000 0.555400 0.591200 -0.584800 -0.480600 0.591200 -0.647700 -0.478500 0.558500 -0.677600 -0.439400 0.594500 -0.673500 0.476200 0.624400 -0.619200 0.437000 0.621700 -0.650000 0.479800 0.592600 -0.646900 -0.411600 0.585500 -0.698400 -0.376200 0.556800 -0.740600 -0.348000 0.620700 -0.702600 -0.337800 0.568500 -0.750100 -0.295500 0.617300 -0.729100 0.338700 0.612300 -0.714400 0.297800 0.595600 -0.746000 0.367400 0.554300 -0.746800 0.393400 0.618000 -0.680700 0.423100 0.570200 -0.704100 -0.279500 0.567400 -0.774500 -0.203300 0.587800 -0.783100 -0.151900 0.554700 -0.818000 -0.119000 0.595400 -0.794600 -0.086800 0.557200 -0.825800 -0.042100 0.602800 -0.796800 -0.018700 0.553000 -0.833000 0.024000 0.605200 -0.795700 0.057600 0.565800 -0.822500 0.095100 0.613200 -0.784200 0.131300 0.572200 -0.809500 0.183900 0.605000 -0.774700 0.189800 0.558400 -0.807600 0.257800 0.594100 -0.762000 -0.175200 0.588000 0.789600 -0.115400 0.595800 0.794800 -0.054500 0.599900 0.798200 0.010100 0.600400 0.799600 0.072400 0.605800 0.792300 0.142500 0.604300 0.783900 -0.346800 0.597200 0.723200 -0.239200 0.619700 0.747500 -0.294700 0.640700 0.709000 -0.157500 0.637300 0.754400 -0.084300 0.644700 0.759800 -0.015000 0.645400 0.763700 0.053100 0.646800 0.760800 0.125100 0.647900 0.751400 0.200000 0.640400 0.741500 0.269400 0.611400 0.744000 0.293200 0.658600 0.693000 0.345700 0.604500 0.717700 0.384100 0.601100 0.700900 -0.463400 0.621500 0.631700 -0.424400 0.635400 0.645100 -0.372200 0.627300 0.684100 -0.409300 0.648700 0.641600 0.348600 0.651700 0.673700 0.408800 0.627600 0.662600 0.440800 0.663500 0.604500 0.467500 0.621600 0.628500 -0.561200 0.614100 0.554900 -0.466000 0.666200 0.582300 -0.501100 0.648400 0.573200 -0.418700 0.683100 0.598300 0.490200 0.648500 0.582400 0.497300 0.686400 0.530700 0.542300 0.640600 0.543600 -0.639900 0.606500 0.471800 -0.554300 0.652900 0.516300 -0.586700 0.631000 0.507500 0.528600 0.675000 0.514800 0.555200 0.676800 0.483400 0.580700 0.641300 0.501500 -0.602700 0.660100 0.448300 -0.657900 0.631000 0.411100 0.601800 0.658600 0.451700 0.606300 0.694900 0.386700 0.643100 0.642800 0.416100 -0.711300 0.622100 0.327300 -0.670700 0.650700 0.356000 0.624800 0.709100 0.327000 0.672200 0.659600 0.336200 -0.717700 0.641000 0.271900 -0.675000 0.680100 0.286000 0.660600 0.685100 0.307000 0.692700 0.674500 0.255600 0.720900 0.631900 0.284600 -0.784900 0.602800 0.143500 -0.708100 0.671100 0.219400 -0.740100 0.646100 0.186300 0.713300 0.673700 0.193200 0.754900 0.616500 0.223900 -0.787600 0.610400 0.084300 -0.744600 0.656600 0.120000 0.732200 0.670600 0.119200 0.779900 0.609700 0.141800 -0.786900 0.616700 0.021300 -0.748900 0.660200 0.057300 0.754500 0.652500 0.069700 0.776500 0.630100 0.005400 -0.785400 0.617400 -0.043600 -0.750000 0.661400 -0.008900 0.767200 0.636700 -0.077200 -0.779600 0.617500 -0.104200 -0.746900 0.660500 -0.076500 0.776500 0.614100 -0.141200 -0.771100 0.613900 -0.168900 -0.741000 0.654300 -0.151300 0.723100 0.669300 -0.171000 0.697900 0.677700 -0.231900 0.756300 0.611700 -0.232100 -0.736800 0.634600 -0.233300 0.701100 0.655800 -0.280000 0.740000 0.609400 -0.284500 -0.703800 0.654700 -0.275600 -0.717600 0.621400 -0.314600 -0.665300 0.673400 -0.322400 0.650900 0.683800 -0.329900 0.635100 0.677300 -0.371200 0.692200 0.626300 -0.358700 -0.706800 0.607600 -0.362400 -0.653800 0.658800 -0.372100 0.628800 0.658400 -0.413600 0.658900 0.632200 -0.407600 -0.642200 0.642800 -0.417500 -0.614200 0.622500 -0.484900 -0.573600 0.661000 -0.483800 0.592600 0.671200 -0.445300 0.565200 0.673600 -0.476200 0.604700 0.638000 -0.476800 -0.540200 0.670100 -0.509100 -0.544400 0.642900 -0.538900 -0.507500 0.671600 -0.539700 0.536800 0.673400 -0.508300 0.502300 0.676600 -0.538500 0.542800 0.647100 -0.535400 -0.503500 0.655300 -0.563000 -0.480100 0.624500 -0.616000 -0.449300 0.658100 -0.604100 0.464100 0.679000 -0.568800 0.421000 0.683100 -0.596700 0.472800 0.652900 -0.591800 -0.422000 0.644800 -0.637300 -0.396000 0.632400 -0.665800 -0.355700 0.687600 -0.633000 -0.349600 0.659700 -0.665300 -0.301300 0.685500 -0.662800 0.323500 0.689400 -0.648100 0.276600 0.686600 -0.672400 0.330800 0.652600 -0.681700 0.370700 0.687800 -0.624100 0.405500 0.655900 -0.636700 -0.272400 0.665700 -0.694700 -0.232400 0.624900 -0.745300 -0.207500 0.684000 -0.699300 -0.176300 0.632100 -0.754600 -0.149300 0.703300 -0.695000 -0.117200 0.644100 -0.755900 -0.074600 0.701500 -0.708800 0.106000 0.697500 -0.708700 0.070000 0.657100 -0.750600 0.147600 0.639400 -0.754600 0.166100 0.693100 -0.701500 0.209600 0.638200 -0.740800 0.221300 0.686000 -0.693100 0.264600 0.640800 -0.720600 -0.045400 0.642100 -0.765300 0.017100 0.652900 -0.757300 -0.242000 0.669100 0.702700 -0.174600 0.680200 0.711900 -0.114800 0.685500 0.718900 -0.046200 0.690000 0.722300 0.025800 0.690700 0.722700 0.098800 0.688000 0.718900 0.170300 0.678900 0.714200 0.239600 0.668800 0.703700 -0.380600 0.666800 0.640700 -0.232000 0.714400 0.660100 -0.303300 0.687800 0.659500 -0.153300 0.728300 0.667900 -0.080300 0.732400 0.676100 -0.006900 0.735300 0.677700 0.066400 0.732600 0.677400 0.138300 0.724600 0.675100 0.202500 0.710800 0.673600 0.270700 0.687400 0.674000 0.284500 0.736500 0.613700 0.351900 0.674000 0.649500 0.406600 0.665600 0.625900 -0.504700 0.685800 0.524400 -0.458900 0.695400 0.553000 -0.368300 0.707600 0.603000 -0.384900 0.718700 0.579000 0.345600 0.733300 0.585500 0.381800 0.769400 0.512200 0.423800 0.699800 0.575100 0.457700 0.700300 0.547800 -0.556700 0.684300 0.471000 -0.523300 0.699000 0.487400 -0.407500 0.719400 0.562500 -0.459900 0.734100 0.499600 0.418700 0.745600 0.518400 0.478200 0.708700 0.518700 0.490200 0.736800 0.465700 0.522800 0.704800 0.479500 -0.618100 0.673300 0.405600 -0.573300 0.700900 0.424300 -0.497600 0.730400 0.467900 -0.538400 0.743800 0.396100 0.501100 0.767300 0.400100 0.545500 0.733000 0.406400 0.567200 0.710100 0.417200 -0.638800 0.678900 0.362000 -0.550500 0.753900 0.358600 -0.595400 0.721900 0.352700 0.525000 0.771100 0.360200 0.561700 0.759200 0.328800 0.583100 0.732000 0.352400 -0.631900 0.718600 0.290300 -0.666500 0.688800 0.285100 0.605300 0.735400 0.304600 0.598500 0.767400 0.230000 0.640900 0.718000 0.271600 -0.700200 0.695300 0.161900 -0.667900 0.715200 0.205800 0.606800 0.777500 0.165300 0.652100 0.730400 0.203300 -0.705100 0.702400 0.097200 -0.664800 0.734300 0.137300 0.625700 0.772400 0.109100 0.674400 0.726900 0.129700 -0.709600 0.704000 0.029300 -0.666800 0.742200 0.067600 0.686400 0.724400 0.064700 0.676900 0.736100 -0.006500 0.736000 0.676800 0.016600 -0.710400 0.702700 -0.039900 -0.667800 0.744300 -0.003200 0.677300 0.732600 -0.067500 0.733800 0.677600 -0.050300 -0.708700 0.697400 -0.106400 -0.666300 0.742200 -0.072800 0.669500 0.732600 -0.122300 0.718200 0.685200 -0.121100 -0.704300 0.690400 -0.165400 -0.660100 0.738000 -0.139800 0.617100 0.770200 -0.161300 0.614600 0.757100 -0.221400 0.673000 0.712600 -0.197900 -0.697100 0.679300 -0.229300 -0.657100 0.723000 -0.213200 0.609600 0.741400 -0.280500 0.648800 0.710200 -0.273400 -0.650900 0.704000 -0.284000 -0.605600 0.708200 -0.362900 -0.595700 0.735300 -0.323200 0.557700 0.767800 -0.315400 0.553200 0.748400 -0.365900 0.610200 0.711300 -0.348900 -0.598000 0.688500 -0.410300 -0.537200 0.762600 -0.360400 -0.554700 0.723700 -0.410700 -0.513600 0.753400 -0.410600 0.548200 0.724300 -0.418100 0.583300 0.704100 -0.404900 -0.545600 0.695500 -0.467500 -0.511700 0.716000 -0.474800 0.500300 0.746300 -0.439000 0.480400 0.727600 -0.489700 0.527500 0.703500 -0.476300 -0.485500 0.703100 -0.519600 -0.460200 0.697800 -0.548900 -0.419300 0.746500 -0.516700 -0.419900 0.722000 -0.549900 -0.368200 0.773600 -0.515800 0.427900 0.754000 -0.498400 0.394500 0.740400 -0.544200 0.455400 0.709000 -0.538400 -0.418100 0.681600 -0.600600 -0.339800 0.752200 -0.564500 -0.367400 0.705800 -0.605700 -0.296600 0.736300 -0.608100 0.301200 0.772000 -0.559700 0.259500 0.754000 -0.603400 0.315800 0.727800 -0.608700 0.341000 0.761600 -0.551100 0.380200 0.718100 -0.582900 -0.273900 0.725900 -0.630900 -0.237400 0.714000 -0.658700 -0.203500 0.754100 -0.624500 -0.168600 0.735800 -0.655900 -0.135300 0.768300 -0.625700 -0.090300 0.745100 -0.660800 -0.069300 0.774800 -0.628500 -0.021200 0.743100 -0.668900 -0.000200 0.782500 -0.622700 0.045400 0.748100 -0.662000 0.078300 0.780200 -0.620600 0.110200 0.739500 -0.664100 0.138600 0.774100 -0.617700 0.174400 0.734000 -0.656400 0.195400 0.769200 -0.608400 0.240000 0.724200 -0.646500 -0.018800 0.702600 -0.711300 0.036900 0.707300 -0.706000 -0.275300 0.733400 0.621600 -0.195500 0.754600 0.626500 -0.115900 0.767800 0.630100 -0.039400 0.776800 0.628500 0.031400 0.778200 0.627200 0.102500 0.769900 0.629900 0.175200 0.757600 0.628700 0.239900 0.747700 0.619100 -0.339000 0.749800 0.568200 -0.273200 0.771400 0.574700 -0.144500 0.802800 0.578500 -0.204000 0.798700 0.566100 -0.068100 0.812400 0.579100 -0.000900 0.820200 0.572100 0.067100 0.816300 0.573700 0.130400 0.808500 0.573800 0.189100 0.802800 0.565400 0.243400 0.832900 0.497100 0.253200 0.782300 0.569100 0.311500 0.787100 0.532400 -0.392400 0.774100 0.496900 -0.324800 0.792700 0.515800 -0.331200 0.786200 0.521700 -0.263600 0.818600 0.510300 0.295800 0.819000 0.491600 0.352000 0.793400 0.496700 0.357400 0.825200 0.437400 0.412000 0.775800 0.477900 0.450200 0.748500 0.486900 -0.483600 0.785900 0.385400 -0.365200 0.821400 0.438100 -0.405900 0.811900 0.419700 0.409900 0.814100 0.411400 0.425700 0.829900 0.360700 0.462900 0.785100 0.411400 -0.569900 0.773600 0.277100 -0.449800 0.829200 0.331800 -0.501900 0.806700 0.312000 0.471400 0.811600 0.345000 0.457200 0.839600 0.293400 0.515000 0.797700 0.313900 -0.637400 0.736500 0.226500 -0.587900 0.779100 0.217500 -0.506100 0.821800 0.261700 0.456200 0.856800 0.240200 0.522300 0.813300 0.256400 0.564200 0.782000 0.264900 -0.633900 0.756700 0.160200 -0.519300 0.831400 0.197900 -0.576200 0.803400 0.150200 0.511100 0.837500 0.193300 0.519900 0.842000 0.143800 0.563000 0.804600 0.189000 -0.626000 0.773800 0.096600 -0.576100 0.810400 0.106500 0.523000 0.847000 0.095400 0.569100 0.813800 0.117700 -0.622400 0.782200 0.029100 -0.572600 0.818200 0.051400 0.522000 0.852300 0.033000 0.571400 0.819200 0.048800 0.618700 0.783900 0.051200 -0.619800 0.783800 -0.039300 -0.568100 0.822900 -0.012000 0.515400 0.856100 -0.037700 0.574200 0.818400 -0.022100 0.622100 0.782700 -0.016900 -0.617500 0.779400 -0.106100 -0.562400 0.823400 -0.075100 0.514100 0.850100 -0.114200 0.564600 0.819900 -0.095000 0.612400 0.785500 -0.089200 -0.615800 0.768800 -0.172500 -0.557400 0.820000 -0.130500 0.516800 0.838900 -0.170800 0.568200 0.805200 -0.169700 -0.616400 0.750100 -0.239700 -0.546800 0.816800 -0.183900 -0.553700 0.796100 -0.244100 -0.478900 0.841900 -0.248500 0.465400 0.860500 -0.207100 0.471400 0.842100 -0.262100 0.526100 0.815900 -0.239600 0.556000 0.793700 -0.246800 -0.543800 0.783100 -0.301700 -0.478700 0.821700 -0.309400 0.476700 0.819100 -0.319300 0.513900 0.797500 -0.316100 -0.478200 0.802400 -0.357000 -0.473500 0.767900 -0.431500 -0.421100 0.827500 -0.371300 0.421700 0.839200 -0.343400 0.407500 0.818700 -0.404500 0.466500 0.793700 -0.390400 0.499100 0.778400 -0.380700 -0.468900 0.730200 -0.496900 -0.393900 0.816000 -0.423100 -0.416900 0.770300 -0.482500 -0.356300 0.810200 -0.465500 0.347200 0.839600 -0.417700 0.322000 0.819800 -0.473600 0.389800 0.796600 -0.462200 0.437400 0.784900 -0.438900 -0.340700 0.803200 -0.488700 -0.291100 0.787400 -0.543300 -0.285900 0.825100 -0.487300 -0.241700 0.796200 -0.554600 -0.232900 0.839900 -0.490200 0.213000 0.856600 -0.469900 0.174300 0.834700 -0.522400 0.242600 0.814800 -0.526600 0.266900 0.840900 -0.470800 0.310400 0.800600 -0.512500 0.368000 0.788700 -0.492500 -0.242700 0.765800 -0.595500 -0.182400 0.819000 -0.544000 -0.173900 0.785900 -0.593300 -0.130300 0.827200 -0.546600 -0.106300 0.799700 -0.590900 -0.075500 0.835800 -0.543800 -0.040200 0.809200 -0.586200 -0.011400 0.840700 -0.541300 0.032300 0.812900 -0.581500 0.056500 0.841000 -0.538000 0.103400 0.808900 -0.578700 0.119000 0.838600 -0.531600 0.170900 0.803100 -0.570900 0.241500 0.795800 -0.555300 -0.185100 0.846600 0.499000 -0.110000 0.843800 0.525300 -0.039600 0.852800 0.520800 0.039600 0.848900 0.527100 0.120100 0.847600 0.516900 0.181000 0.852100 0.491100 -0.320800 0.837400 0.442600 -0.272400 0.842200 0.465400 -0.201200 0.868800 0.452400 -0.121900 0.873700 0.471000 -0.003000 0.887600 0.460700 -0.052100 0.888600 0.455800 0.051500 0.885000 0.462800 0.099000 0.914000 0.393400 0.123600 0.869100 0.479000 0.195700 0.868300 0.455700 0.260900 0.859600 0.439300 0.311400 0.846500 0.431800 -0.377400 0.850300 0.366700 -0.336000 0.861200 0.381500 -0.277700 0.865800 0.416300 -0.135700 0.905600 0.401900 -0.200200 0.894500 0.399800 -0.084300 0.911500 0.402600 0.151200 0.904800 0.398100 0.208900 0.890000 0.405300 0.228300 0.910500 0.344700 0.276200 0.870500 0.407300 0.316200 0.868300 0.382200 0.356900 0.860600 0.363400 -0.439000 0.850300 0.290200 -0.393300 0.865600 0.309800 -0.280200 0.897600 0.340300 -0.333800 0.889300 0.312600 -0.231000 0.907200 0.351600 0.280600 0.897400 0.340600 0.282400 0.917000 0.281700 0.338200 0.876900 0.341500 0.369300 0.873300 0.317700 0.409100 0.857700 0.311500 -0.462700 0.859300 0.218000 -0.419000 0.876500 0.237200 -0.352600 0.902100 0.248900 0.336200 0.899800 0.278000 0.338800 0.913900 0.223600 0.390900 0.879800 0.270500 0.410600 0.875300 0.255600 -0.503300 0.854200 0.130600 -0.450300 0.879400 0.154300 -0.356800 0.914200 0.192300 -0.398600 0.903600 0.157000 0.388700 0.899400 0.200000 0.381000 0.914100 0.139000 0.420500 0.887700 0.187600 0.447900 0.875400 0.181900 -0.515200 0.854200 0.069700 -0.458400 0.884700 0.084500 -0.398000 0.912800 0.091500 0.372400 0.924000 0.086800 0.424000 0.898100 0.117000 0.464300 0.875500 0.133600 -0.513300 0.858200 0.008500 -0.456600 0.889400 0.024400 -0.398400 0.916600 0.035200 0.368900 0.928900 0.032400 0.421100 0.905400 0.053900 0.471300 0.878600 0.077000 -0.507200 0.860100 -0.054600 -0.452400 0.891100 -0.035300 -0.394000 0.918900 -0.020100 0.367200 0.929800 -0.025700 0.418600 0.908100 -0.010000 0.468500 0.883400 0.010700 -0.494700 0.861100 -0.117500 -0.448800 0.888100 -0.099200 -0.390000 0.917900 -0.073500 0.363400 0.927500 -0.087800 0.418700 0.905000 -0.075900 0.464500 0.883300 -0.063400 -0.474600 0.861700 -0.179700 -0.444100 0.878000 -0.178500 -0.392900 0.910900 -0.126200 0.367800 0.916500 -0.157000 0.411600 0.899900 -0.144000 0.454400 0.880000 -0.138400 -0.432900 0.861000 -0.267100 -0.395300 0.899200 -0.187700 -0.410600 0.872500 -0.264800 -0.335900 0.913500 -0.229600 0.374200 0.902000 -0.215400 0.416600 0.883400 -0.214700 -0.418400 0.848800 -0.323100 -0.382000 0.862000 -0.333300 -0.343200 0.894600 -0.286200 0.323200 0.915700 -0.238700 0.310500 0.901700 -0.300800 0.368100 0.884400 -0.286900 0.408500 0.869600 -0.277300 -0.352500 0.853200 -0.384400 -0.335300 0.872400 -0.355700 -0.313200 0.859700 -0.403600 -0.268800 0.893300 -0.360200 -0.247800 0.870800 -0.424600 -0.216200 0.911600 -0.349500 0.252100 0.914300 -0.317100 0.230400 0.898200 -0.374500 0.297500 0.882800 -0.363600 0.347200 0.873100 -0.342400 -0.311600 0.842200 -0.440000 -0.251000 0.859200 -0.445800 -0.175800 0.897300 -0.404900 -0.168100 0.876500 -0.451000 -0.119200 0.909500 -0.398200 -0.094600 0.889000 -0.447900 -0.069200 0.918100 -0.390100 -0.032700 0.895100 -0.444700 -0.016300 0.921600 -0.387800 0.028100 0.896400 -0.442400 0.040900 0.922000 -0.385000 0.090900 0.894000 -0.438700 0.103100 0.920700 -0.376400 0.158800 0.891300 -0.424700 0.172700 0.911400 -0.373600 0.225900 0.878500 -0.421000 0.284200 0.868300 -0.406600 -0.172300 0.860100 -0.480200 -0.114300 0.863500 -0.491300 -0.053200 0.867200 -0.495200 0.011300 0.869500 -0.493800 0.078200 0.868800 -0.488900 0.148100 0.870500 -0.469400 -0.016800 0.927400 0.373700 0.035500 0.928100 0.370600 -0.151000 0.929300 0.337000 -0.074500 0.937400 0.340300 -0.010100 0.948000 0.318200 0.050000 0.945600 0.321300 0.108700 0.941100 0.320200 0.161700 0.934600 0.316800 -0.279500 0.925000 0.257500 -0.220900 0.933400 0.282900 -0.153600 0.949700 0.273100 -0.094600 0.951300 0.293500 -0.044100 0.958100 0.282900 0.044100 0.955600 0.291300 0.114100 0.952500 0.282500 0.162200 0.950400 0.265400 0.213400 0.941200 0.262000 -0.295800 0.936400 0.188600 -0.232600 0.949400 0.211000 -0.180400 0.959200 0.217600 -0.116200 0.967300 0.225300 -0.005900 0.969200 0.246200 -0.057000 0.971100 0.231700 0.061700 0.962900 0.262700 0.095300 0.972800 0.211200 0.140700 0.954100 0.264200 0.182600 0.955600 0.231100 0.217000 0.952700 0.212900 0.263000 0.941400 0.211300 -0.334900 0.935300 0.114000 -0.280700 0.952600 0.117500 -0.233600 0.960000 0.154600 -0.181600 0.970000 0.161600 -0.081500 0.981200 0.175200 -0.128300 0.978000 0.164500 0.162500 0.964400 0.208800 0.172400 0.974200 0.145700 0.218000 0.956600 0.193300 0.234100 0.957900 0.166100 0.263400 0.951300 0.159800 0.314500 0.935500 0.161200 -0.341000 0.938800 0.048400 -0.286600 0.956100 0.061200 -0.225800 0.970000 0.090300 -0.137100 0.983800 0.115900 -0.181700 0.978800 0.095000 0.225800 0.966600 0.121500 0.215700 0.974800 0.056400 0.251800 0.961900 0.106300 0.273400 0.955500 0.110600 0.317300 0.941200 0.116200 -0.339400 0.940600 -0.010100 -0.292200 0.956400 0.003200 -0.243500 0.969500 0.026800 -0.189700 0.980900 0.043600 0.200900 0.979600 0.004500 0.248200 0.968100 0.035100 0.279400 0.958500 0.057100 0.319400 0.945100 0.069000 -0.331200 0.941400 -0.063300 -0.287400 0.956000 -0.058200 -0.254000 0.966400 -0.039100 -0.202000 0.979400 -0.007300 0.187700 0.981300 -0.042100 0.236600 0.971200 -0.026000 0.278400 0.960500 -0.002000 0.320100 0.947200 0.016000 -0.321400 0.940300 -0.111700 -0.274000 0.955100 -0.113100 -0.250900 0.961100 -0.115700 -0.216700 0.974100 -0.064300 0.176000 0.980400 -0.089000 0.219700 0.972100 -0.081700 0.271400 0.960700 -0.058500 0.317800 0.947200 -0.042100 -0.311900 0.936400 -0.161100 -0.259500 0.951400 -0.165700 -0.225100 0.958800 -0.173400 -0.224700 0.964500 -0.139000 -0.200800 0.957300 -0.208100 -0.163900 0.971700 -0.169900 0.126200 0.985300 -0.115300 0.101800 0.980800 -0.166400 0.160600 0.975800 -0.148500 0.215600 0.967900 -0.129000 0.274700 0.955300 -0.109500 0.317800 0.942400 -0.104100 -0.262500 0.938600 -0.224000 -0.211200 0.952200 -0.220600 -0.165700 0.958500 -0.232100 -0.130300 0.964700 -0.228900 -0.107200 0.961200 -0.254000 -0.055100 0.974600 -0.216900 -0.029300 0.967500 -0.251100 0.002500 0.980200 -0.198000 0.037200 0.971200 -0.235500 0.052600 0.982000 -0.181400 0.095300 0.972300 -0.213500 0.142900 0.967900 -0.206600 0.205900 0.959400 -0.192900 0.266300 0.947300 -0.178100 0.312900 0.934200 -0.171600 -0.271800 0.918500 -0.287300 -0.212500 0.937600 -0.275100 -0.157700 0.950400 -0.268000 -0.106400 0.954600 -0.278200 -0.050600 0.956900 -0.286000 0.012600 0.958700 -0.284000 0.072300 0.959300 -0.272900 0.124900 0.954200 -0.271800 0.193700 0.946500 -0.258000 0.255600 0.935400 -0.244300 -0.152600 0.934500 -0.321700 -0.105600 0.939200 -0.326800 -0.058100 0.941800 -0.331100 -0.004000 0.943100 -0.332500 0.056000 0.943200 -0.327500 0.119900 0.939000 -0.322400 0.187300 0.931900 -0.310700 -0.028000 0.986000 0.164200 0.024900 0.983600 0.178600 -0.077300 0.990900 0.110500 -0.020100 0.993800 0.109300 0.033400 0.992100 0.120900 0.090900 0.987500 0.129100 -0.127100 0.990100 0.060200 -0.075000 0.995500 0.057300 -0.023200 0.997700 0.063300 0.037900 0.997100 0.065400 0.091600 0.993200 0.072400 0.150600 0.985500 0.078300 -0.141400 0.989900 0.009400 -0.087500 0.996100 0.009000 -0.025800 0.999600 0.011300 0.034400 0.999200 0.019300 0.093500 0.995300 0.024300 0.150900 0.988000 0.031800 -0.145900 0.988600 -0.038100 -0.086200 0.995600 -0.035800 -0.032700 0.998800 -0.037500 0.024000 0.999300 -0.028300 0.088500 0.995900 -0.018600 0.144200 0.989500 -0.013400 -0.146800 0.985100 -0.089900 -0.080700 0.993200 -0.084300 -0.029900 0.995700 -0.087100 0.017900 0.996200 -0.084800 0.070500 0.995300 -0.066700 0.125300 0.990200 -0.061900 -0.083700 0.985200 -0.149300 -0.030500 0.988900 -0.145300 0.018100 0.990400 -0.137200 0.069700 0.990600 -0.117300 0.000000 1.000000 0.000000</float_array>
          <technique_common>
            <accessor source="#Slime-normals-array" count="3193" stride="3">
              <param name="X" type="float"/>
              <param name="Y" type="float"/>
              <param name="Z" type="float"/>
            </accessor>
          </technique_common>
        </source>
        <source id="Slime-map-0">
          <float_array id="Slime-map-0-array" count="2">0.000000 0.000000</float_array>
          <technique_common>
            <accessor source="#Slime-map-0-array" count="1" stride="2">
              <param name="S" type="float"/>
              <param name="T" type="float"/>
            </accessor>
          </technique_common>
        </source>
        <vertices id="Slime-vertices">
          <input semantic="POSITION" source="#Slime-positions"/>
        </vertices>
        <polylist material="slime-material" count="6381">
          <input semantic="VERTEX" source="#Slime-vertices" offset="0"/>
          <input semantic="NORMAL" source="#Slime-normals" offset="1"/>
          <input semantic="TEXCOORD" source="#Slime-map-0" offset="2" set="0"/>
          <vcount>3 3 3 3 3 3 3 3 3 3 3 3 3 3 3 3 3 3 3 3 3 3 3 3 3 3 3 3 3 3 3 3 3 3 3 3 3 3 3 3 3 3 3 3 3 3 3 3 3 3 3 3 3 3 3 3 3 3 3 3 3 3 3 3 3 3 3 3 3 3 3 3 3 3 3 3 3 3 3 3 3 3 3 3 3 3 3 3 3 3 3 3 3 3 3 3 3 3 3 3 3 3 3 3 3 3 3 3 3 3 3 3 3 3 3 3 3 3 3 3 3 3 3 3 3 3 3 3 3 3 3 3 3 3 3 3 3 3 3 3 3 3 3 3 3 3 3 3 3 3 3 3 3 3 3 3 3 3 3 3 3 3 3 3 3 3 3 3 3 3 3 3 3 3 3 3 3 3 3 3 3 3 3 3 3 3 3 3 3 3 3 3 3 3 3 3 3 3 3 3 3 3 3 3 3 3 3 3 3 3 3 3 3 3 3 3 3 3 3 3 3 3 3 3 3 3 3 3 3 3 3 3 3 3 3 3 3 3 3 3 3 3 3 3 3 3 3 3 3 3 3 3 3 3 3 3 3 3 3 3 3 3 3 3 3 3 3 3 3 3 3 3 3 3 3 3 3 3 3 3 3 3 3 3 3 3 3 3 3 3 3 3 3 3 3 3 3 3 3 3 3 3 3 3 3 3 3 3 3 3 3 3 3 3 3 3 3 3 3 3 3 3 3 3 3 3 3 3 3 3 3 3 3 3 3 3 3 3 3 3 3 3 3 3 3 3 3 3 3 3 3 3 3 3 3 3 3 3 3 3 3 3 3 3 3 3 3 3 3 3 3 3 3 3 3 3 3 3 3 3 3 3 3 3 3 3 3 3 3 3 3 3 3 3 3 3 3 3 3 3 3 3 3 3 3 3 3 3 3 3 3 3 3 3 3 3 3 3 3 3 3 3 3 3 3 3 3 3 3 3 3 3 3 3 3 3 3 3 3 3 3 3 3 3 3 3 3 3 3 3 3 3 3 3 3 3 3 3 3 3 3 3 3 3 3 3 3 3 3 3 3 3 3 3 3 3 3 3 3 3 3 3 3 3 3 3 3 3 3 3 3 3 3 3 3 3 3 3 3 3 3 3 3 3 3 3 3 3 3 3 3 3 3 3 3 3 3 3 3 3 3 3 3 3 3 3 3 3 3 3 3 3 3 3 3 3 3 3 3 3 3 3 3 3 3 3 3 3 3 3 3 3 3 3 3 3 3 3 3 3 3 3 3 3 3 3 3 3 3 3 3 3 3 3 3 3 3 3 3 3 3 3 3 3 3 3 3 3 3 3 3 3 3 3 3 3 3 3 3 3 3 3 3 3 3 3 3 3 3 3 3 3 3 3 3 3 3 3 3 3 3 3 3 3 3 3 3 3 3 3 3 3 3 3 3 3 3 3 3 3 3 3 3 3 3 3 3 3 3 3 3 3 3 3 3 3 3 3 3 3 3 3 3 3 3 3 3 3 3 3 3 3 3 3 3 3 3 3 3 3 3 3 3 3 3 3 3 3 3 3 3 3 3 3 3 3 3 3 3 3 3 3 3 3 3 3 3 3 3 3 3 3 3 3 3 3 3 3 3 3 3 3 3 3 3 3 3 3 3 3 3 3 3 3 3 3 3 3 3 3 3 3 3 3 3 3 3 3 3 3 3 3 3 3 3 3 3 3 3 3 3 3 3 3 3 3 3 3 3 3 3 3 3 3 3 3 3 3 3 3 3 3 3 3 3 3 3 3 3 3 3 3 3 3 3 3 3 3 3 3 3 3 3 3 3 3 3 3 3 3 3 3 3 3 3 3 3 3 3 3 3 3 3 3 3 3 3 3 3 3 3 3 3 3 3 3 3 3 3 3 3 3 3 3 3 3 3 3 3 3 3 3 3 3 3 3 3 3 3 3 3 3 3 3 3 3 3 3 3 3 3 3 3 3 3 3 3 3 3 3 3 3 3 3 3 3 3 3 3 3 3 3 3 3 3 3 3 3 3 3 3 3 3 3 3 3 3 3 3 3 3 3 3 3 3 3 3 3 3 3 3 3 3 3 3 3 3 3 3 3 3 3 3 3 3 3 3 3 3 3 3 3 3 3 3 3 3 3 3 3 3 3 3 3 3 3 3 3 3 3 3 3 3 3 3 3 3 3 3 3 3 3 3 3 3 3 3 3 3 3 3 3 3 3 3 3 3 3 3 3 3 3 3 3 3 3 3 3 3 3 3 3 3 3 3 3 3 3 3 3 3 3 3 3 3 3 3 3 3 3 3 3 3 3 3 3 3 3 3 3 3 3 3 3 3 3 3 3 3 3 3 3 3 3 3 3 3 3 3 3 3 3 3 3 3 3 3 3 3 3 3 3 3 3 3 3 3 3 3 3 3 3 3 3 3 3 3 3 3 3 3 3 3 3 3 3 3 3 3 3 3 3 3 3 3 3 3 3 3 3 3 3 3 3 3 3 3 3 3 3 3 3 3 3 3 3 3 3 3 3 3 3 3 3 3 3 3 3 3 3 3 3 3 3 3 3 3 3 3 3 3 3 3 3 3 3 3 3 3 3 3 3 3 3 3 3 3 3 3 3 3 3 3 3 3 3 3 3 3 3 3 3 3 3 3 3 3 3 3 3 3 3 3 3 3 3 3 3 3 3 3 3 3 3 3 3 3 3 3 3 3 3 3 3 3 3 3 3 3 3 3 3 3 3 3 3 3 3 3 3 3 3 3 3 3 3 3 3 3 3 3 3 3 3 3 3 3 3 3 3 3 3 3 3 3 3 3 3 3 3 3 3 3 3 3 3 3 3 3 3 3 3 3 3 3 3 3 3 3 3 3 3 3 3 3 3 3 3 3 3 3 3 3 3 3 3 3 3 3 3 3 3 3 3 3 3 3 3 3 3 3 3 3 3 3 3 3 3 3 3 3 3 3 3 3 3 3 3 3 3 3 3 3 3 3 3 3 3 3 3 3 3 3 3 3 3 3 3 3 3 3 3 3 3 3 3 3 3 3 3 3 3 3 3 3 3 3 3 3 3 3 3 3 3 3 3 3 3 3 3 3 3 3 3 3 3 3 3 3 3 3 3 3 3 3 3 3 3 3 3 3 3 3 3 3 3 3 3 3 3 3 3 3 3 3 3 3 3 3 3 3 3 3 3 3 3 3 3 3 3 3 3 3 3 3 3 3 3 3 3 3 3 3 3 3 3 3 3 3 3 3 3 3 3 3 3 3 3 3 3 3 3 3 3 3 3 3 3 3 3 3 3 3 3 3 3 3 3 3 3 3 3 3 3 3 3 3 3 3 3 3 3 3 3 3 3 3 3 3 3 3 3 3 3 3 3 3 3 3 3 3 3 3 3 3 3 3 3 3 3 3 3 3 3 3 3 3 3 3 3 3 3 3 3 3 3 3 3 3 3 3 3 3 3 3 3 3 3 3 3 3 3 3 3 3 3 3 3 3 3 3 3 3 3 3 3 3 3 3 3 3 3 3 3 3 3 3 3 3 3 3 3 3 3 3 3 3 3 3 3 3 3 3 3 3 3 3 3 3 3 3 3 3 3 3 3 3 3 3 3 3 3 3 3 3 3 3 3 3 3 3 3 3 3 3 3 3 3 3 3 3 3 3 3 3 3 3 3 3 3 3 3 3 3 3 3 3 3 3 3 3 3 3 3 3 3 3 3 3 3 3 3 3 3 3 3 3 3 3 3 3 3 3 3 3 3 3 3 3 3 3 3 3 3 3 3 3 3 3 3 3 3 3 3 3 3 3 3 3 3 3 3 3 3 3 3 3 3 3 3 3 3 3 3 3 3 3 3 3 3 3 3 3 3 3 3 3 3 3 3 3 3 3 3 3 3 3 3 3 3 3 3 3 3 3 3 3 3 3 3 3 3 3 3 3 3 3 3 3 3 3 3 3 3 3 3 3 3 3 3 3 3 3 3 3 3 3 3 3 3 3 3 3 3 3 3 3 3 3 3 3 3 3 3 3 3 3 3 3 3 3 3 3 3 3 3 3 3 3 3 3 3 3 3 3 3 3 3 3 3 3 3 3 3 3 3 3 3 3 3 3 3 3 3 3 3 3 3 3 3 3 3 3 3 3 3 3 3 3 3 3 3 3 3 3 3 3 3 3 3 3 3 3 3 3 3 3 3 3 3 3 3 3 3 3 3 3 3 3 3 3 3 3 3 3 3 3 3 3 3 3 3 3 3 3 3 3 3 3 3 3 3 3 3 3 3 3 3 3 3 3 3 3 3 3 3 3 3 3 3 3 3 3 3 3 3 3 3 3 3 3 3 3 3 3 3 3 3 3 3 3 3 3 3 3 3 3 3 3 3 3 3 3 3 3 3 3 3 3 3 3 3 3 3 3 3 3 3 3 3 3 3 3 3 3 3 3 3 3 3 3 3 3 3 3 3 3 3 3 3 3 3 3 3 3 3 3 3 3 3 3 3 3 3 3 3 3 3 3 3 3 3 3 3 3 3 3 3 3 3 3 3 3 3 3 3 3 3 3 3 3 3 3 3 3 3 3 3 3 3 3 3 3 3 3 3 3 3 3 3 3 3 3 3 3 3 3 3 3 3 3 3 3 3 3 3 3 3 3 3 3 3 3 3 3 3 3 3 3 3 3 3 3 3 3 3 3 3 3 3 3 3 3 3 3 3 3 3 3 3 3 3 3 3 3 3 3 3 3 3 3 3 3 3 3 3 3 3 3 3 3 3 3 3 3 3 3 3 3 3 3 3 3 3 3 3 3 3 3 3 3 3 3 3 3 3 3 3 3 3 3 3 3 3 3 3 3 3 3 3 3 3 3 3 3 3 3 3 3 3 3 3 3 3 3 3 3 3 3 3 3 3 3 3 3 3 3 3 3 3 3 3 3 3 3 3 3 3 3 3 3 3 3 3 3 3 3 3 3 3 3 3 3 3 3 3 3 3 3 3 3 3 3 3 3 3 3 3 3 3 3 3 3 3 3 3 3 3 3 3 3 3 3 3 3 3 3 3 3 3 3 3 3 3 3 3 3 3 3 3 3 3 3 3 3 3 3 3 3 3 3 3 3 3 3 3 3 3 3 3 3 3 3 3 3 3 3 3 3 3 3 3 3 3 3 3 3 3 3 3 3 3 3 3 3 3 3 3 3 3 3 3 3 3 3 3 3 3 3 3 3 3 3 3 3 3 3 3 3 3 3 3 3 3 3 3 3 3 3 3 3 3 3 3 3 3 3 3 3 3 3 3 3 3 3 3 3 3 3 3 3 3 3 3 3 3 3 3 3 3 3 3 3 3 3 3 3 3 3 3 3 3 3 3 3 3 3 3 3 3 3 3 3 3 3 3 3 3 3 3 3 3 3 3 3 3 3 3 3 3 3 3 3 3 3 3 3 3 3 3 3 3 3 3 3 3 3 3 3 3 3 3 3 3 3 3 3 3 3 3 3 3 3 3 3 3 3 3 3 3 3 3 3 3 3 3 3 3 3 3 3 3 3 3 3 3 3 3 3 3 3 3 3 3 3 3 3 3 3 3 3 3 3 3 3 3 3 3 3 3 3 3 3 3 3 3 3 3 3 3 3 3 3 3 3 3 3 3 3 3 3 3 3 3 3 3 3 3 3 3 3 3 3 3 3 3 3 3 3 3 3 3 3 3 3 3 3 3 3 3 3 3 3 3 3 3 3 3 3 3 3 3 3 3 3 3 3 3 3 3 3 3 3 3 3 3 3 3 3 3 3 3 3 3 3 3 3 3 3 3 3 3 3 3 3 3 3 3 3 3 3 3 3 3 3 3 3 3 3 3 3 3 3 3 3 3 3 3 3 3 3 3 3 3 3 3 3 3 3 3 3 3 3 3 3 3 3 3 3 3 3 3 3 3 3 3 3 3 3 3 3 3 3 3 3 3 3 3 3 3 3 3 3 3 3 3 3 3 3 3 3 3 3 3 3 3 3 3 3 3 3 3 3 3 3 3 3 3 3 3 3 3 3 3 3 3 3 3 3 3 3 3 3 3 3 3 3 3 3 3 3 3 3 3 3 3 3 3 3 3 3 3 3 3 3 3 3 3 3 3 3 3 3 3 3 3 3 3 3 3 3 3 3 3 3 3 3 3 3 3 3 3 3 3 3 3 3 3 3 3 3 3 3 3 3 3 3 3 3 3 3 3 3 3 3 3 3 3 3 3 3 3 3 3 3 3 3 3 3 3 3 3 3 3 3 3 3 3 3 3 3 3 3 3 3 3 3 3 3 3 3 3 3 3 3 3 3 3 3 3 3 3 3 3 3 3 3 3 3 3 3 3 3 3 3 3 3 3 3 3 3 3 3 3 3 3 3 3 3 3 3 3 3 3 3 3 3 3 3 3 3 3 3 3 3 3 3 3 3 3 3 3 3 3 3 3 3 3 3 3 3 3 3 3 3 3 3 3 3 3 3 3 3 3 3 3 3 3 3 3 3 3 3 3 3 3 3 3 3 3 3 3 3 3 3 3 3 3 3 3 3 3 3 3 3 3 3 3 3 3 3 3 3 3 3 3 3 3 3 3 3 3 3 3 3 3 3 3 3 3 3 3 3 3 3 3 3 3 3 3 3 3 3 3 3 3 3 3 3 3 3 3 3 3 3 3 3 3 3 3 3 3 3 3 3 3 3 3 3 3 3 3 3 3 3 3 3 3 3 3 3 3 3 3 3 3 3 3 3 3 3 3 3 3 3 3 3 3 3 3 3 3 3 3 3 3 3 3 3 3 3 3 3 3 3 3 3 3 3 3 3 3 3 3 3 3 3 3 3 3 3 3 3 3 3 3 3 3 3 3 3 3 3 3 3 3 3 3 3 3 3 3 3 3 3 3 3 3 3 3 3 3 3 3 3 3 3 3 3 3 3 3 3 3 3 3 3 3 3 3 3 3 3 3 3 3 3 3 3 3 3 3 3 3 3 3 3 3 3 3 3 3 3 3 3 3 3 3 3 3 3 3 3 3 3 3 3 3 3 3 3 3 3 3 3 3 3 3 3 3 3 3 3 3 3 3 3 3 3 3 3 3 3 3 3 3 3 3 3 3 3 3 3 3 3 3 3 3 3 3 3 3 3 3 3 3 3 3 3 3 3 3 3 3 3 3 3 3 3 3 3 3 3 3 3 3 3 3 3 3 3 3 3 3 3 3 3 3 3 3 3 3 3 3 3 3 3 3 3 3 3 3 3 3 3 3 3 3 3 3 3 3 3 3 3 3 3 3 3 3 3 3 3 3 3 3 3 3 3 3 3 3 3 3 3 3 3 3 3 3 3 3 3 3 3 3 3 3 3 3 3 3 3 3 3 3 3 3 3 3 3 3 3 3 3 3 3 3 3 3 3 3 3 3 3 3 3 3 3 3 3 3 3 3 3 3 3 3 3 3 3 3 3 3 3 3 3 3 3 3 3 3 3 3 3 3 3 3 3 3 3 3 3 3 3 3 3 3 3 3 3 3 3 3 3 3 3 3 3 3 3 3 3 3 3 3 3 3 3 3 3 3 3 3 3 3 3 3 3 3 3 3 3 3 3 3 3 3 3 3 3 3 3 3 3 3 3 3 3 3 3 3 3 3 3 3 3 3 3 3 3 3 3 3 3 3 3 3 3 3 3 3 3 3 3 3 3 3 3 3 3 3 3 3 3 3 3 3 3 3 3 3 3 3 3 3 3 3 3 3 3 3 3 3 3 3 3 3 3 3 3 3 3 3 3 3 3 3 3 3 3 3 3 3 3 3 3 3 3 3 3 3 3 3 3 3 3 3 3 3 3 3 3 3 3 3 3 3 3 3 3 3 3 3 3 3 3 3 3 3 3 3 3 3 3 3 3 3 3 3 3 3 3 3 3 3 3 3 3 3 3 3 3 3 3 3 3 3 3 3 3 3 3 3 3 3 3 3 3 3 3 3 3 3 3 3 3 3 3 3 3 3 3 3 3 3 3 3 3 3 3 3 3 3 3 3 3 3 3 3 3 3 3 3 3 3 3 3 3 3 3 3 3 3 3 3 3 3 3 3 3 3 3 3 3 3 3 3 3 3 3 3 3 3 3 3 3 3 3 3 3 3 3 3 3 3 3 3 3 3 3 3 3 3 3 3 3 3 3 3 3 3 3 3 3 3 3 3 3 3 3 3 3 3 3 3 3 3 3 3 3 3 3 3 3 3 3 3 3 3 3 3 3 3 3 3 3 3 3 3 3 3 3 3 3 3 3 3 3 3 3 3 3 3 3 3 3 3 3 3 3 3 3 3 3 3 3 3 3 3 3 3 3 3 3 3 3 3 3 3 3 3 3 3 3 3 3 3 3 3 3 3 3 3 3 3 3 3 3 3 3 3 3 3 3 3 3 3 3 3 3 3 3 3 3 3 3 3 3 3 3 3 3 3 3 3 3 3 3 3 3 3 3 3 3 3 3 3 3 3 3 3 3 3 3 3 3 3 3 3 3 3 3 3 3 3 3 3 3 3 3 3 3 3 3 3 3 3 3 3 3 3 3 3 3 3 3 3 3 3 3 3 3 3 3 3 3 3 3 3 3 3 3 3 3 3 3 3 3 3 3 3 3 3 3 3 3 3 3 3 3 3 3 3 3 3 3 3 3 3 3 3 3 3 3 3 3 3 3 3 3 3 3 3 3 3 3 3 3 3 3 3 3 3 3 3 3 3 3 3 3 3 3 3 3 3 3 3 3 3 3 3 3 3 3 3 3 3 3 3 3 3 3 3 3 3 3 3 3 3 3 3 3 3 3 3 3 3 3 3 3 3 3 3 3 3 3 3 3 3 3 3 3 3 3 3 3 3 3 3 3 3 3 3 3 3 3 3 3 3 3 3 3 3 3 3 3 3 3 3 3 3 3 3 3 3 3 3 3 3 3 3 3 3 3 3 3 3 3 3 3 3 3 3 3 3 3 3 3 3 3 3 3 3 3 3 3 3 3 3 3 3 3 3 3 3 3 3 3 3 3 3 3 3 3 3 3 3 3 3 3 3 3 3 3 3 3 3 3 3 3 3 3 3 3 3 3 3 3 3 3 3 3 3 3 3 3 3 3 3 3 3 3 3 3 3 3 3 3 3 3 3 3 3 3 3 3 3 3 3 3 3 3 3 3 3 3 3 3 3 3 3 3 3 3 3 3 3 3 3 3 3 3 3 3 3 3 3 3 3 3 3 3 3 3 3 3 3 3 3 3 3 3 3 3 3 3 3 3 3 3 3 3 3 3 3 3 3 3 3 3 3 3 3 3 3 3 3 3 3 3 3 3 3 3 3 3 3 3 3 3 3 3 3 3 3 3 3 3 3 3 3 3 3 3 3 3 3 3 3 3 3 3 3 3 3 3 3 3 3 3 3 3 3 3 3 3 3 3 3 3 3 3 3 3 3 3 3 3 3 3 3 3 3 3 3 3 3 3 3 3 3 3 3 3 3 3 3 3 3 3 3 3 3 3 3 3 3 3 3 3 3 3 3 3 3 3 3 3 3 3 3 3 3 3 3 3 3 3 3 3 3 3 3 3 3 3 3 3 3 3 3 3 3 3 3 3 3 3 3 3 3 3 3 3 3 3 3 3 3 3 3 3 3 3 3 3 3 3 3 3 3 3 3 3 3 3 3 3 3 3 3 3 3 3 3 3 3 3 3 3 3 3 3 3 3 3 3 3 3 3 3 3 3 3 3 3 3 3 3 3 3 3 3 3 3 3 3 3 3 3 3 3 3 3 3 3 3 3 3 3 3 3 3 3 3 3 3 3 3 3 3 3 3 3 3 3 3 3 3 3 3 3 3 3 3 3 3 3 3 3 3 3 3 3 3 3 3 3 3 3 3 3 3 3 3 3 3 3 3 3 3 3 3 3 3 3 3 3 3 3 3 3 3 3 3 3 3 3 3 3 3 3 3 3 3 3 3 3 3 3 3 3 3 3 3 3 3 3 3 3 3 3 3 3 3 3 3 3 3 3 3 3 3 3 3 3 3 3 3 3 3 3 3 3 3 3 3 3 3 3 3 3 3 3 3 3 3 3 3 3 3 3 3 3 3 3 3 3 3 3 3 3 3 3 3 3 3 3 3 3 3 3 3 3 3 3 3 3 3 3 3 3 3 3 3 3 3 3 3 3 3 3 3 3 3 3 3 3 3 3 3 3 3 3 3 3 3 3 3 3 3 3 3 3 3 3 3 3 3 3 3 3 3 3 3 3 3 3 3 3 3 3 3 3 3 3 3 3 3 3 3 3 3 3 3 3 3 3 3 3 3 3 3 3 3 3 3 3 3 3 3 3 3 3 3 3 3 3 3 3 3 3 3 3 3 3 3 3 3 3 3 3 3 3 3 3 3 3 3 3 3 3 3 3 3 3 3 3 3 3 3 3 3 3 3 3 3 3 3 3 3 3 3 3 3 3 3 3 3 3 3 3 3 3 3 3 3 3 3 3 3 3 3 3 3 3 3 3 3 3 3 3 3 3 3 3 3 3 3 3 3 3 3 3 3 3 3 3 3 3 3 3 3 3 3 3 3 3 3 3 3 3 3 3 3 3 3 3 3 3 3 3 3 3 3 3 3 3 3 3 3 3 3 3 3 3 3 3 3 3 3 3 3 3 3 3 3 3 3 3 3 3 3 3 3 3 3 3 3 3 3 3 3 3 3 3 3 3 3 3 3 3 3 3 3 3 3 3 3 3 3 3 3 3 3 3 3 3 3 3 3 3 3 3 3 3 3 3 3 3 3 3 3 3 3 3 3 3 3 3 3 3 3 3 3 3 3 3 3 3 3 3 3 3 3 3 3 3 3 3 3 3 3 3 3 3 3 3 3 3 3 3 3 3 3 3 3 3 3 3 3 3 3 3 3 3 3 3 3 3 3 3 3 3 3 3 3 3 3 3 3 3 3 3 3 3 3 3 3 3 3 3 3 3 3 3 3 3 3 3 3 3 3 3 3 3 3 3 3 3 3 3 3 3 3 3 3 3 3 3 3 3 3 3 3 3 3 3 3 3 3 3 3 3 3 3 3 3 3 3 3 3 3 3 3 3 3 3 3 3 3 3 3 3 3 3 3 3 3 3 3 3 3 3 3 3 3 3 3 3 3 3 3 3 3 3 3 3 3 3 3 3 3 3 3 3 3 3 3 3 3 3 3 3 3 3 3 3 3 3 3 3 3 3 3 3 3 3 3 3 3 3 3 3 3 3 3 3 3 3 3 3 3 3 3 3 3 3 3 3 3 3 3 3 3 3 3 3 3 3 3 3 3 3 3 3 3 3 3 3 3 3 3 3 3 3 3 3 3 3 3 3 3 3 3 3 3 3 3 3 3 3 3 3 3 3 3 3 3 3 3 3 3 3 3 3 3 3 3 3 3 3 3 3 3 3 3 3 3 3 3 3 3 3 3 3 3 3 3 3 3 3 3 3 3 3 3 3 3 3 3 3 3 3 3 3 3 3 3 3 3 3 3 3 3 3 3 3 3 3 3 3 3 3 3 3 3 3 3 3 3 3 3 3 3 3 3 3 3 3 3 3 3 3 3 3 3 3 3 3 3 3 3 3 3 3 3 3 3 3 3 3 3 3 3 3 3 3 3 3 3 3 3 3 3 3 3 3 3 3 3 3 3 3 3 3 3 3 3 3 3 3 3 3 3 3 3 3 3 3 3 3 3 3 3 3 3 3 3 3 3 3 3 3 3 3 3 3 3 3 3 3 3 3 3 3 3 3 3 3 3 3 3 3 3 3 3 3 3 3 3 3 3 3 3 3 3 3 3 3 3 3 3 3 3 3 3 3 3 3 3 3 3 3 3 3 3 3 3 3 3 3 3 3 3 3 3 3 3 3 3 3 3 3 3 3 3 3 3 3 3 3 3 3 3 3 3 3 3 3 3 3 3 3 3 3 3 3 3 3 3 3 3 3 3 3 3 3 3 3 3 3 3 3 3 3 3 3 3 3 3 3 3 3 3 3 3 3 3 3 3 3 3 3 3 3 3 3 3 3 3 3 3 3 3 3 3 3 3 3 3 3 3 3 3 3 3 3 3 3 3 3 3 3 3 3 3 3 3 3 3 3 3 3 3 3 3 3 3 3 3 3 3 3 3 3 3 3 3 3 3 3 3 3 3 3 3 3 3 3 3 3 3 3 3 3 3 3 3 3 3 3 3 3 3 3 3 3 3 3 3 3 3 3 3 3 3 3 3 3 3 3 3 3 3 3 3 3 3 3 3 3 3 3 3 3 3 3 3 3 3 3 3 3 3 3 3 3 3 3 3 3 3 3 3 3 3 3 3 3 3 3 3 3 3 3 3 3 3 3 3 3 3 3 3 3 3 3 3 3 3 3 3 3 3 3 3 3 3 3 3 3 3 3 3 3 3 3 3 3 3 3 3 3 3 3 3 3 3 3 3 3 3 3 3 3 3 3 3 3 3 3 3 3 3 3 3 3 3 3 3 3 3 3 3 3 3 3 3 3 3 3 3 3 3 3 3 3 3 3 3 3 3 3 3 3 3 3 3 3 3 3 3 3 3 3 3 3 3 3 3 3 3 3 3 3 3 3 3 3 3 3 3 3 3 3 3 3 3 3 3 3 3 3 3 3 3 3 3 3 3 3 3 3 3 3 3 3 3 3 3 3 3 3 3 3 3 3 3 3 3 3 3 3 3 3 3 3 3 3 3 3 3 3 3 3 3 3 3 3 3 3 3 3 3 3 3 3 3 3 3 3 3 3 3 3 3 3 3 3 3 3 3 3 3 3 3 3 3 3 3 3 3 3 3 3 3 3 3 3 3 3 3 3 3 3 3 3 3 3 3 3 3 3 3 3 3 3 3 3 3 3 3 3 3 3 3 3 3 3 3 3 3 3 3 3 3 3 3 3 3 3 3 3 3 3 3 3 3 3 3 3 3 3 3 3 3 3 3 3 3 3 3 3 3 3 3 3 3 3 3 3 3 3 3 3 3 3 3 3 3 3 3 3 3 3 3 3 3 3 3 3 3 3 3 3 3 3 3 3 3 3 3 3 3 3 3 3 3 3 3 3 3 3 3 3 3 3 3 3 3 3 3 3 3 3 3 3 3 3 3 3 3 3 3 3 3 3 3 3 3 3 3 3 3 3 3 3 3 3 3 3 3 3 3 3 3 3 3 3 3 3 3 3 3 3 3 3 3 3 3 3 3 3 3 3 3 3 3 3 3 3 3 3 3 3 3 3 3 3 3 3 3 3 3 3 3 3 3 3 3 3 3 3 3 3 3 3 3 3 3 3 3 3 3 3 3 3 3 3 3 3 3 3 3 3 3 3 3 3 3 3 3 3 3 3 3 3 3 3 3 3 3 3 3 3 3 3 3 3 3 3 3 3 3 3 3 3 3 3 3 3 3 3 3 3 3 3 3 3 3 3 3 3 3 3 3 3 3 3 3 3 3 3 3 3 3 3 3 3 3 3 3 3 3 3 3 3 3 3 3 3 3 3 3 3 3 3 3 3 3 3 3 3 3 3 3 3 3 3 3 3 3 3 3 3 3 3 3 3 3 3 3 3 3 3 3 3 3 3 3 3 3 3 3 3 3 3 3 3 3 3 3 3 3 3 3 3 3 3 3 3 3 3 3 3 3 3 3 3 3 3 3 3 3 3 3 3 3 3 3 3 3 3 3 3 3 3 3 3 3 3 3 3 3 3 3 3 3 3 3 3 3 3 3 3 3 3 3 3 3 3 3 3 3 3 3 3 3 3 3 3 3 3 3 3 3 3 3 3 3 3 3 3 3 3 3 3 3 3 3 3 3 3 3 3 3 3 3 3 3 3 3 3 3 3 3 3 3 3 3 3 3 3 3 3 3 3 3 3 3 3 3 3 3 3 3 3 3 3 3 3 3 3 3 3 3 3 3 3 3 3 3 3 3 3 3 3 3 3 3 3 3 3 3 3 3 3 3 3 3 3 3 3 3 3 3 3 3 3 3 3 3 3 3 3 3 3 3 3 3 3 3 3 3 3 3 3 3 3 3 3 3 3 3 3 3 3 3 3 3 3 3 3 3 3 3 3 3 3 3 3 3 3 3 3 3 3 3 3 3 3 3 3 3 3 3 3 3 3 3 3 3 3 3 3 3 3 3 3 3 3 3 3 3 3 3 3 3 3 3 3 3 3 3 3 3 3 3 3 3 3 3 3 3 3 3 3 3 3 3 3 3 3 3 3 3 3 3 3 3 3 3 3 3 3 3 3 3 3 3 3 3 3 3 3 3 3 3 3 3 3 3 3 3 3 3 3 3 3 3 3 3 3 3 3 3 3 3 3 3 3 3 3 3 3 3 3 3 3 3 3 3 3 3 3 3 3 3 3</vcount>
          <p>2 2 0 0 0 0 1 1 0 2 2 0 4 4 0 3 3 0 0 0 0 2 2 0 3 3 0 4 4 0 6 6 0 5 5 0 3 3 0 4 4 0 5 5 0 6 6 0 8 8 0 7 7 0 5 5 0 6 6 0 7 7 0 8 8 0 10 10 0 9 9 0 7 7 0 8 8 0 9 9 0 10 10 0 12 12 0 11 11 0 9 9 0 10 10 0 11 11 0 12 12 0 14 14 0 13 13 0 11 11 0 12 12 0 13 13 0 13 13 0 14 14 0 15 15 0 18 18 0 16 16 0 17 17 0 18 18 0 20 20 0 19 19 0 16 16 0 18 18 0 19 19 0 20 20 0 22 22 0 21 21 0 19 19 0 20 20 0 21 21 0 1 1 0 21 21 0 22 22 0 1 1 0 22 22 0 2 2 0 2 2 0 22 22 0 23 23 0 4 4 0 2 2 0 24 24 0 24 24 0 2 2 0 23 23 0 6 6 0 4 4 0 25 25 0 25 25 0 4 4 0 24 24 0 8 8 0 6 6 0 26 26 0 26 26 0 6 6 0 25 25 0 10 10 0 8 8 0 27 27 0 27 27 0 8 8 0 26 26 0 12 12 0 10 10 0 28 28 0 28 28 0 10 10 0 27 27 0 14 14 0 12 12 0 29 29 0 29 29 0 12 12 0 28 28 0 30 30 0 15 15 0 14 14 0 30 30 0 14 14 0 31 31 0 31 31 0 14 14 0 29 29 0 31 31 0 33 33 0 32 32 0 30 30 0 31 31 0 32 32 0 33 33 0 35 35 0 34 34 0 32 32 0 33 33 0 34 34 0 34 34 0 35 35 0 36 36 0 39 39 0 37 37 0 38 38 0 17 17 0 37 37 0 39 39 0 17 17 0 39 39 0 18 18 0 18 18 0 39 39 0 40 40 0 20 20 0 18 18 0 41 41 0 41 41 0 18 18 0 40 40 0 22 22 0 20 20 0 42 42 0 42 42 0 20 20 0 41 41 0 23 23 0 22 22 0 43 43 0 43 43 0 22 22 0 42 42 0 24 24 0 23 23 0 44 44 0 44 44 0 23 23 0 43 43 0 25 25 0 24 24 0 45 45 0 45 45 0 24 24 0 44 44 0 26 26 0 25 25 0 46 46 0 46 46 0 25 25 0 45 45 0 27 27 0 26 26 0 47 47 0 47 47 0 26 26 0 46 46 0 28 28 0 27 27 0 48 48 0 48 48 0 27 27 0 47 47 0 29 29 0 28 28 0 49 49 0 49 49 0 28 28 0 48 48 0 31 31 0 29 29 0 50 50 0 50 50 0 29 29 0 49 49 0 33 33 0 31 31 0 51 51 0 51 51 0 31 31 0 50 50 0 35 35 0 33 33 0 52 52 0 52 52 0 33 33 0 51 51 0 53 53 0 36 36 0 35 35 0 53 53 0 35 35 0 54 54 0 54 54 0 35 35 0 52 52 0 53 53 0 54 54 0 55 55 0 58 58 0 56 56 0 57 57 0 38 38 0 56 56 0 58 58 0 38 38 0 58 58 0 39 39 0 39 39 0 58 58 0 59 59 0 40 40 0 39 39 0 60 60 0 60 60 0 39 39 0 59 59 0 41 41 0 40 40 0 61 61 0 61 61 0 40 40 0 60 60 0 42 42 0 41 41 0 62 62 0 62 62 0 41 41 0 61 61 0 43 43 0 42 42 0 63 63 0 63 63 0 42 42 0 62 62 0 44 44 0 43 43 0 64 64 0 64 64 0 43 43 0 63 63 0 45 45 0 44 44 0 65 65 0 65 65 0 44 44 0 64 64 0 46 46 0 45 45 0 66 66 0 66 66 0 45 45 0 65 65 0 47 47 0 46 46 0 67 67 0 67 67 0 46 46 0 66 66 0 48 48 0 47 47 0 68 68 0 68 68 0 47 47 0 67 67 0 49 49 0 48 48 0 69 69 0 69 69 0 48 48 0 68 68 0 50 50 0 49 49 0 70 70 0 70 70 0 49 49 0 69 69 0 51 51 0 50 50 0 71 71 0 71 71 0 50 50 0 70 70 0 52 52 0 51 51 0 72 72 0 72 72 0 51 51 0 71 71 0 54 54 0 52 52 0 73 73 0 73 73 0 52 52 0 72 72 0 74 74 0 55 55 0 54 54 0 73 73 0 74 74 0 54 54 0 77 77 0 75 75 0 76 76 0 57 57 0 75 75 0 77 77 0 57 57 0 77 77 0 58 58 0 58 58 0 77 77 0 78 78 0 59 59 0 58 58 0 79 79 0 79 79 0 58 58 0 78 78 0 60 60 0 59 59 0 80 80 0 80 80 0 59 59 0 79 79 0 61 61 0 60 60 0 81 81 0 81 81 0 60 60 0 80 80 0 62 62 0 61 61 0 82 82 0 82 82 0 61 61 0 81 81 0 63 63 0 62 62 0 83 83 0 83 83 0 62 62 0 82 82 0 64 64 0 63 63 0 84 84 0 84 84 0 63 63 0 83 83 0 65 65 0 64 64 0 85 85 0 85 85 0 64 64 0 84 84 0 66 66 0 65 65 0 86 86 0 86 86 0 65 65 0 85 85 0 67 67 0 66 66 0 87 87 0 87 87 0 66 66 0 86 86 0 68 68 0 67 67 0 88 88 0 88 88 0 67 67 0 87 87 0 69 69 0 68 68 0 89 89 0 89 89 0 68 68 0 88 88 0 70 70 0 69 69 0 90 90 0 90 90 0 69 69 0 89 89 0 71 71 0 70 70 0 91 91 0 91 91 0 70 70 0 90 90 0 72 72 0 71 71 0 92 92 0 92 92 0 71 71 0 91 91 0 73 73 0 72 72 0 93 93 0 93 93 0 72 72 0 92 92 0 94 94 0 74 74 0 73 73 0 94 94 0 73 73 0 95 95 0 95 95 0 73 73 0 93 93 0 94 94 0 95 95 0 96 96 0 99 99 0 97 97 0 98 98 0 76 76 0 97 97 0 99 99 0 76 76 0 99 99 0 77 77 0 77 77 0 99 99 0 100 100 0 78 78 0 77 77 0 101 101 0 101 101 0 77 77 0 100 100 0 79 79 0 78 78 0 102 102 0 102 102 0 78 78 0 101 101 0 80 80 0 79 79 0 103 103 0 103 103 0 79 79 0 102 102 0 81 81 0 80 80 0 104 104 0 104 104 0 80 80 0 103 103 0 82 82 0 81 81 0 105 105 0 105 105 0 81 81 0 104 104 0 83 83 0 82 82 0 106 106 0 106 106 0 82 82 0 105 105 0 84 84 0 83 83 0 107 107 0 107 107 0 83 83 0 106 106 0 85 85 0 84 84 0 108 108 0 108 108 0 84 84 0 107 107 0 86 86 0 85 85 0 109 109 0 109 109 0 85 85 0 108 108 0 87 87 0 86 86 0 110 110 0 110 110 0 86 86 0 109 109 0 88 88 0 87 87 0 111 111 0 111 111 0 87 87 0 110 110 0 89 89 0 88 88 0 112 112 0 112 112 0 88 88 0 111 111 0 90 90 0 89 89 0 113 113 0 113 113 0 89 89 0 112 112 0 91 91 0 90 90 0 114 114 0 114 114 0 90 90 0 113 113 0 92 92 0 91 91 0 115 115 0 115 115 0 91 91 0 114 114 0 93 93 0 92 92 0 116 116 0 116 116 0 92 92 0 115 115 0 95 95 0 93 93 0 117 117 0 117 117 0 93 93 0 116 116 0 118 118 0 96 96 0 95 95 0 117 117 0 118 118 0 95 95 0 120 120 0 99 99 0 98 98 0 119 119 0 120 120 0 98 98 0 100 100 0 99 99 0 121 121 0 121 121 0 99 99 0 120 120 0 101 101 0 100 100 0 122 122 0 122 122 0 100 100 0 121 121 0 102 102 0 101 101 0 123 123 0 123 123 0 101 101 0 122 122 0 103 103 0 102 102 0 124 124 0 124 124 0 102 102 0 123 123 0 104 104 0 103 103 0 125 125 0 125 125 0 103 103 0 124 124 0 105 105 0 104 104 0 126 126 0 126 126 0 104 104 0 125 125 0 106 106 0 105 105 0 127 127 0 127 127 0 105 105 0 126 126 0 107 107 0 106 106 0 128 128 0 128 128 0 106 106 0 127 127 0 108 108 0 107 107 0 129 129 0 129 129 0 107 107 0 128 128 0 109 109 0 108 108 0 130 130 0 130 130 0 108 108 0 129 129 0 110 110 0 109 109 0 131 131 0 131 131 0 109 109 0 130 130 0 111 111 0 110 110 0 132 132 0 132 132 0 110 110 0 131 131 0 112 112 0 111 111 0 133 133 0 133 133 0 111 111 0 132 132 0 113 113 0 112 112 0 134 134 0 134 134 0 112 112 0 133 133 0 114 114 0 113 113 0 135 135 0 135 135 0 113 113 0 134 134 0 115 115 0 114 114 0 136 136 0 136 136 0 114 114 0 135 135 0 116 116 0 115 115 0 137 137 0 137 137 0 115 115 0 136 136 0 117 117 0 116 116 0 138 138 0 138 138 0 116 116 0 137 137 0 139 139 0 118 118 0 117 117 0 138 138 0 139 139 0 117 117 0 142 142 0 140 140 0 141 141 0 119 119 0 140 140 0 142 142 0 119 119 0 142 142 0 120 120 0 120 120 0 142 142 0 143 143 0 121 121 0 120 120 0 144 144 0 144 144 0 120 120 0 143 143 0 122 122 0 121 121 0 145 145 0 145 145 0 121 121 0 144 144 0 123 123 0 122 122 0 146 146 0 146 146 0 122 122 0 145 145 0 124 124 0 123 123 0 147 147 0 147 147 0 123 123 0 146 146 0 125 125 0 124 124 0 148 148 0 148 148 0 124 124 0 147 147 0 126 126 0 125 125 0 149 149 0 149 149 0 125 125 0 148 148 0 127 127 0 126 126 0 150 150 0 150 150 0 126 126 0 149 149 0 152 152 0 151 151 0 128 128 0 152 152 0 128 128 0 150 150 0 150 150 0 128 128 0 127 127 0 129 129 0 128 128 0 151 151 0 153 153 0 129 129 0 151 151 0 130 130 0 129 129 0 153 153 0 154 154 0 130 130 0 153 153 0 131 131 0 130 130 0 154 154 0 155 155 0 131 131 0 154 154 0 155 155 0 156 156 0 157 157 0 155 155 0 157 157 0 131 131 0 131 131 0 157 157 0 132 132 0 133 133 0 132 132 0 158 158 0 158 158 0 132 132 0 157 157 0 134 134 0 133 133 0 159 159 0 159 159 0 133 133 0 158 158 0 135 135 0 134 134 0 160 160 0 160 160 0 134 134 0 159 159 0 136 136 0 135 135 0 161 161 0 161 161 0 135 135 0 160 160 0 137 137 0 136 136 0 162 162 0 162 162 0 136 136 0 161 161 0 138 138 0 137 137 0 163 163 0 163 163 0 137 137 0 162 162 0 164 164 0 139 139 0 138 138 0 164 164 0 138 138 0 165 165 0 165 165 0 138 138 0 163 163 0 165 165 0 167 167 0 166 166 0 164 164 0 165 165 0 166 166 0 166 166 0 167 167 0 168 168 0 170 170 0 142 142 0 141 141 0 169 169 0 170 170 0 141 141 0 143 143 0 142 142 0 171 171 0 171 171 0 142 142 0 170 170 0 144 144 0 143 143 0 172 172 0 172 172 0 143 143 0 171 171 0 145 145 0 144 144 0 173 173 0 173 173 0 144 144 0 172 172 0 146 146 0 145 145 0 174 174 0 174 174 0 145 145 0 173 173 0 147 147 0 146 146 0 175 175 0 175 175 0 146 146 0 174 174 0 148 148 0 147 147 0 176 176 0 176 176 0 147 147 0 175 175 0 149 149 0 148 148 0 177 177 0 177 177 0 148 148 0 176 176 0 179 179 0 178 178 0 150 150 0 179 179 0 150 150 0 177 177 0 177 177 0 150 150 0 149 149 0 152 152 0 150 150 0 178 178 0 157 157 0 156 156 0 180 180 0 180 180 0 181 181 0 182 182 0 180 180 0 182 182 0 157 157 0 157 157 0 182 182 0 158 158 0 159 159 0 158 158 0 183 183 0 183 183 0 158 158 0 182 182 0 160 160 0 159 159 0 184 184 0 184 184 0 159 159 0 183 183 0 161 161 0 160 160 0 185 185 0 185 185 0 160 160 0 184 184 0 162 162 0 161 161 0 186 186 0 186 186 0 161 161 0 185 185 0 163 163 0 162 162 0 187 187 0 187 187 0 162 162 0 186 186 0 165 165 0 163 163 0 188 188 0 188 188 0 163 163 0 187 187 0 167 167 0 165 165 0 189 189 0 189 189 0 165 165 0 188 188 0 190 190 0 168 168 0 167 167 0 190 190 0 167 167 0 191 191 0 191 191 0 167 167 0 189 189 0 190 190 0 191 191 0 192 192 0 194 194 0 170 170 0 169 169 0 193 193 0 194 194 0 169 169 0 171 171 0 170 170 0 195 195 0 195 195 0 170 170 0 194 194 0 172 172 0 171 171 0 196 196 0 196 196 0 171 171 0 195 195 0 173 173 0 172 172 0 197 197 0 197 197 0 172 172 0 196 196 0 174 174 0 173 173 0 198 198 0 198 198 0 173 173 0 197 197 0 175 175 0 174 174 0 199 199 0 199 199 0 174 174 0 198 198 0 176 176 0 175 175 0 200 200 0 200 200 0 175 175 0 199 199 0 202 202 0 201 201 0 177 177 0 202 202 0 177 177 0 200 200 0 200 200 0 177 177 0 176 176 0 179 179 0 177 177 0 201 201 0 182 182 0 181 181 0 203 203 0 183 183 0 182 182 0 203 203 0 204 204 0 183 183 0 203 203 0 204 204 0 205 205 0 206 206 0 204 204 0 206 206 0 183 183 0 183 183 0 206 206 0 184 184 0 185 185 0 184 184 0 207 207 0 207 207 0 184 184 0 206 206 0 186 186 0 185 185 0 208 208 0 208 208 0 185 185 0 207 207 0 187 187 0 186 186 0 209 209 0 209 209 0 186 186 0 208 208 0 188 188 0 187 187 0 210 210 0 210 210 0 187 187 0 209 209 0 189 189 0 188 188 0 211 211 0 211 211 0 188 188 0 210 210 0 191 191 0 189 189 0 212 212 0 212 212 0 189 189 0 211 211 0 213 213 0 192 192 0 191 191 0 212 212 0 213 213 0 191 191 0 215 215 0 194 194 0 193 193 0 214 214 0 215 215 0 193 193 0 195 195 0 194 194 0 216 216 0 216 216 0 194 194 0 215 215 0 196 196 0 195 195 0 217 217 0 217 217 0 195 195 0 216 216 0 197 197 0 196 196 0 218 218 0 218 218 0 196 196 0 217 217 0 198 198 0 197 197 0 219 219 0 219 219 0 197 197 0 218 218 0 199 199 0 198 198 0 220 220 0 220 220 0 198 198 0 219 219 0 200 200 0 199 199 0 221 221 0 221 221 0 199 199 0 220 220 0 222 222 0 202 202 0 200 200 0 221 221 0 222 222 0 200 200 0 206 206 0 205 205 0 223 223 0 223 223 0 224 224 0 225 225 0 223 223 0 225 225 0 206 206 0 206 206 0 225 225 0 207 207 0 208 208 0 207 207 0 226 226 0 226 226 0 207 207 0 225 225 0 209 209 0 208 208 0 227 227 0 227 227 0 208 208 0 226 226 0 210 210 0 209 209 0 228 228 0 228 228 0 209 209 0 227 227 0 211 211 0 210 210 0 229 229 0 229 229 0 210 210 0 228 228 0 212 212 0 211 211 0 230 230 0 230 230 0 211 211 0 229 229 0 231 231 0 213 213 0 212 212 0 230 230 0 231 231 0 212 212 0 234 234 0 232 232 0 233 233 0 214 214 0 232 232 0 234 234 0 214 214 0 234 234 0 215 215 0 215 215 0 234 234 0 235 235 0 216 216 0 215 215 0 236 236 0 236 236 0 215 215 0 235 235 0 217 217 0 216 216 0 237 237 0 237 237 0 216 216 0 236 236 0 218 218 0 217 217 0 238 238 0 238 238 0 217 217 0 237 237 0 219 219 0 218 218 0 239 239 0 239 239 0 218 218 0 238 238 0 220 220 0 219 219 0 240 240 0 240 240 0 219 219 0 239 239 0 221 221 0 220 220 0 241 241 0 241 241 0 220 220 0 240 240 0 242 242 0 222 222 0 221 221 0 241 241 0 242 242 0 221 221 0 225 225 0 224 224 0 243 243 0 243 243 0 244 244 0 245 245 0 243 243 0 245 245 0 225 225 0 225 225 0 245 245 0 226 226 0 227 227 0 226 226 0 246 246 0 246 246 0 226 226 0 245 245 0 228 228 0 227 227 0 247 247 0 247 247 0 227 227 0 246 246 0 229 229 0 228 228 0 248 248 0 248 248 0 228 228 0 247 247 0 230 230 0 229 229 0 249 249 0 249 249 0 229 229 0 248 248 0 250 250 0 231 231 0 230 230 0 249 249 0 250 250 0 230 230 0 252 252 0 234 234 0 233 233 0 251 251 0 252 252 0 233 233 0 235 235 0 234 234 0 253 253 0 253 253 0 234 234 0 252 252 0 236 236 0 235 235 0 254 254 0 254 254 0 235 235 0 253 253 0 237 237 0 236 236 0 255 255 0 255 255 0 236 236 0 254 254 0 238 238 0 237 237 0 256 256 0 256 256 0 237 237 0 255 255 0 239 239 0 238 238 0 257 257 0 257 257 0 238 238 0 256 256 0 240 240 0 239 239 0 258 258 0 258 258 0 239 239 0 257 257 0 241 241 0 240 240 0 259 259 0 259 259 0 240 240 0 258 258 0 260 260 0 242 242 0 241 241 0 259 259 0 260 260 0 241 241 0 262 262 0 245 245 0 244 244 0 261 261 0 262 262 0 244 244 0 246 246 0 245 245 0 263 263 0 263 263 0 245 245 0 262 262 0 247 247 0 246 246 0 264 264 0 264 264 0 246 246 0 263 263 0 248 248 0 247 247 0 265 265 0 265 265 0 247 247 0 264 264 0 249 249 0 248 248 0 266 266 0 266 266 0 248 248 0 265 265 0 267 267 0 250 250 0 249 249 0 266 266 0 267 267 0 249 249 0 252 252 0 251 251 0 268 268 0 268 268 0 269 269 0 270 270 0 268 268 0 270 270 0 252 252 0 252 252 0 270 270 0 253 253 0 254 254 0 253 253 0 271 271 0 271 271 0 253 253 0 270 270 0 255 255 0 254 254 0 272 272 0 272 272 0 254 254 0 271 271 0 256 256 0 255 255 0 273 273 0 273 273 0 255 255 0 272 272 0 257 257 0 256 256 0 274 274 0 274 274 0 256 256 0 273 273 0 258 258 0 257 257 0 275 275 0 275 275 0 257 257 0 274 274 0 259 259 0 258 258 0 276 276 0 276 276 0 258 258 0 275 275 0 277 277 0 260 260 0 259 259 0 277 277 0 259 259 0 278 278 0 278 278 0 259 259 0 276 276 0 277 277 0 278 278 0 279 279 0 282 282 0 280 280 0 281 281 0 261 261 0 280 280 0 282 282 0 261 261 0 282 282 0 262 262 0 262 262 0 282 282 0 283 283 0 263 263 0 262 262 0 284 284 0 284 284 0 262 262 0 283 283 0 264 264 0 263 263 0 285 285 0 285 285 0 263 263 0 284 284 0 265 265 0 264 264 0 286 286 0 286 286 0 264 264 0 285 285 0 266 266 0 265 265 0 287 287 0 287 287 0 265 265 0 286 286 0 288 288 0 267 267 0 266 266 0 287 287 0 288 288 0 266 266 0 290 290 0 270 270 0 269 269 0 289 289 0 290 290 0 269 269 0 271 271 0 270 270 0 291 291 0 291 291 0 270 270 0 290 290 0 272 272 0 271 271 0 292 292 0 292 292 0 271 271 0 291 291 0 273 273 0 272 272 0 293 293 0 293 293 0 272 272 0 292 292 0 274 274 0 273 273 0 294 294 0 294 294 0 273 273 0 293 293 0 275 275 0 274 274 0 295 295 0 295 295 0 274 274 0 294 294 0 276 276 0 275 275 0 296 296 0 296 296 0 275 275 0 295 295 0 278 278 0 276 276 0 297 297 0 297 297 0 276 276 0 296 296 0 298 298 0 279 279 0 278 278 0 298 298 0 278 278 0 299 299 0 299 299 0 278 278 0 297 297 0 299 299 0 301 301 0 300 300 0 298 298 0 299 299 0 300 300 0 300 300 0 301 301 0 302 302 0 305 305 0 303 303 0 304 304 0 305 305 0 307 307 0 306 306 0 303 303 0 305 305 0 306 306 0 307 307 0 309 309 0 308 308 0 306 306 0 307 307 0 308 308 0 281 281 0 308 308 0 309 309 0 281 281 0 309 309 0 282 282 0 282 282 0 309 309 0 310 310 0 283 283 0 282 282 0 311 311 0 311 311 0 282 282 0 310 310 0 284 284 0 283 283 0 312 312 0 312 312 0 283 283 0 311 311 0 285 285 0 284 284 0 313 313 0 313 313 0 284 284 0 312 312 0 286 286 0 285 285 0 314 314 0 314 314 0 285 285 0 313 313 0 316 316 0 315 315 0 287 287 0 316 316 0 287 287 0 314 314 0 314 314 0 287 287 0 286 286 0 288 288 0 287 287 0 315 315 0 290 290 0 289 289 0 317 317 0 317 317 0 318 318 0 319 319 0 317 317 0 319 319 0 290 290 0 290 290 0 319 319 0 291 291 0 292 292 0 291 291 0 320 320 0 320 320 0 291 291 0 319 319 0 293 293 0 292 292 0 321 321 0 321 321 0 292 292 0 320 320 0 294 294 0 293 293 0 322 322 0 322 322 0 293 293 0 321 321 0 295 295 0 294 294 0 323 323 0 323 323 0 294 294 0 322 322 0 296 296 0 295 295 0 324 324 0 324 324 0 295 295 0 323 323 0 297 297 0 296 296 0 325 325 0 325 325 0 296 296 0 324 324 0 299 299 0 297 297 0 326 326 0 326 326 0 297 297 0 325 325 0 301 301 0 299 299 0 327 327 0 327 327 0 299 299 0 326 326 0 328 328 0 302 302 0 301 301 0 328 328 0 301 301 0 329 329 0 329 329 0 301 301 0 327 327 0 329 329 0 331 331 0 330 330 0 328 328 0 329 329 0 330 330 0 330 330 0 331 331 0 332 332 0 335 335 0 333 333 0 334 334 0 304 304 0 333 333 0 335 335 0 304 304 0 335 335 0 305 305 0 305 305 0 335 335 0 336 336 0 307 307 0 305 305 0 337 337 0 337 337 0 305 305 0 336 336 0 309 309 0 307 307 0 338 338 0 338 338 0 307 307 0 337 337 0 310 310 0 309 309 0 339 339 0 339 339 0 309 309 0 338 338 0 311 311 0 310 310 0 340 340 0 340 340 0 310 310 0 339 339 0 342 342 0 341 341 0 312 312 0 342 342 0 312 312 0 340 340 0 340 340 0 312 312 0 311 311 0 341 341 0 343 343 0 344 344 0 341 341 0 344 344 0 312 312 0 312 312 0 344 344 0 313 313 0 346 346 0 345 345 0 314 314 0 346 346 0 314 314 0 344 344 0 344 344 0 314 314 0 313 313 0 316 316 0 314 314 0 345 345 0 319 319 0 318 318 0 347 347 0 347 347 0 348 348 0 349 349 0 347 347 0 349 349 0 319 319 0 319 319 0 349 349 0 320 320 0 321 321 0 320 320 0 350 350 0 350 350 0 320 320 0 349 349 0 322 322 0 321 321 0 351 351 0 351 351 0 321 321 0 350 350 0 323 323 0 322 322 0 352 352 0 352 352 0 322 322 0 351 351 0 324 324 0 323 323 0 353 353 0 353 353 0 323 323 0 352 352 0 325 325 0 324 324 0 354 354 0 354 354 0 324 324 0 353 353 0 326 326 0 325 325 0 355 355 0 355 355 0 325 325 0 354 354 0 327 327 0 326 326 0 356 356 0 356 356 0 326 326 0 355 355 0 329 329 0 327 327 0 357 357 0 357 357 0 327 327 0 356 356 0 331 331 0 329 329 0 358 358 0 358 358 0 329 329 0 357 357 0 359 359 0 332 332 0 331 331 0 359 359 0 331 331 0 360 360 0 360 360 0 331 331 0 358 358 0 334 334 0 359 359 0 360 360 0 334 334 0 360 360 0 335 335 0 335 335 0 360 360 0 361 361 0 336 336 0 335 335 0 362 362 0 362 362 0 335 335 0 361 361 0 337 337 0 336 336 0 363 363 0 363 363 0 336 336 0 362 362 0 338 338 0 337 337 0 364 364 0 364 364 0 337 337 0 363 363 0 339 339 0 338 338 0 365 365 0 365 365 0 338 338 0 364 364 0 340 340 0 339 339 0 366 366 0 366 366 0 339 339 0 365 365 0 367 367 0 342 342 0 340 340 0 366 366 0 367 367 0 340 340 0 344 344 0 343 343 0 368 368 0 346 346 0 344 344 0 368 368 0 349 349 0 348 348 0 369 369 0 369 369 0 370 370 0 371 371 0 369 369 0 371 371 0 349 349 0 349 349 0 371 371 0 350 350 0 351 351 0 350 350 0 372 372 0 372 372 0 350 350 0 371 371 0 352 352 0 351 351 0 373 373 0 373 373 0 351 351 0 372 372 0 353 353 0 352 352 0 374 374 0 374 374 0 352 352 0 373 373 0 354 354 0 353 353 0 375 375 0 375 375 0 353 353 0 374 374 0 355 355 0 354 354 0 376 376 0 376 376 0 354 354 0 375 375 0 356 356 0 355 355 0 377 377 0 377 377 0 355 355 0 376 376 0 357 357 0 356 356 0 378 378 0 378 378 0 356 356 0 377 377 0 358 358 0 357 357 0 379 379 0 379 379 0 357 357 0 378 378 0 360 360 0 358 358 0 380 380 0 380 380 0 358 358 0 379 379 0 361 361 0 360 360 0 381 381 0 381 381 0 360 360 0 380 380 0 362 362 0 361 361 0 382 382 0 382 382 0 361 361 0 381 381 0 363 363 0 362 362 0 383 383 0 383 383 0 362 362 0 382 382 0 364 364 0 363 363 0 384 384 0 384 384 0 363 363 0 383 383 0 365 365 0 364 364 0 385 385 0 385 385 0 364 364 0 384 384 0 366 366 0 365 365 0 386 386 0 386 386 0 365 365 0 385 385 0 387 387 0 367 367 0 366 366 0 386 386 0 387 387 0 366 366 0 371 371 0 370 370 0 388 388 0 388 388 0 389 389 0 390 390 0 388 388 0 390 390 0 371 371 0 371 371 0 390 390 0 372 372 0 373 373 0 372 372 0 391 391 0 391 391 0 372 372 0 390 390 0 374 374 0 373 373 0 392 392 0 392 392 0 373 373 0 391 391 0 375 375 0 374 374 0 393 393 0 393 393 0 374 374 0 392 392 0 376 376 0 375 375 0 394 394 0 394 394 0 375 375 0 393 393 0 377 377 0 376 376 0 395 395 0 395 395 0 376 376 0 394 394 0 378 378 0 377 377 0 396 396 0 396 396 0 377 377 0 395 395 0 379 379 0 378 378 0 397 397 0 397 397 0 378 378 0 396 396 0 380 380 0 379 379 0 398 398 0 398 398 0 379 379 0 397 397 0 381 381 0 380 380 0 399 399 0 399 399 0 380 380 0 398 398 0 382 382 0 381 381 0 400 400 0 400 400 0 381 381 0 399 399 0 383 383 0 382 382 0 401 401 0 401 401 0 382 382 0 400 400 0 384 384 0 383 383 0 402 402 0 402 402 0 383 383 0 401 401 0 385 385 0 384 384 0 403 403 0 403 403 0 384 384 0 402 402 0 386 386 0 385 385 0 404 404 0 404 404 0 385 385 0 403 403 0 405 405 0 387 387 0 386 386 0 404 404 0 405 405 0 386 386 0 390 390 0 389 389 0 406 406 0 391 391 0 390 390 0 406 406 0 407 407 0 391 391 0 406 406 0 407 407 0 408 408 0 409 409 0 407 407 0 409 409 0 391 391 0 391 391 0 409 409 0 392 392 0 393 393 0 392 392 0 410 410 0 410 410 0 392 392 0 409 409 0 394 394 0 393 393 0 411 411 0 411 411 0 393 393 0 410 410 0 395 395 0 394 394 0 412 412 0 412 412 0 394 394 0 411 411 0 396 396 0 395 395 0 413 413 0 413 413 0 395 395 0 412 412 0 397 397 0 396 396 0 414 414 0 414 414 0 396 396 0 413 413 0 398 398 0 397 397 0 415 415 0 415 415 0 397 397 0 414 414 0 399 399 0 398 398 0 416 416 0 416 416 0 398 398 0 415 415 0 400 400 0 399 399 0 417 417 0 417 417 0 399 399 0 416 416 0 401 401 0 400 400 0 418 418 0 418 418 0 400 400 0 417 417 0 402 402 0 401 401 0 419 419 0 419 419 0 401 401 0 418 418 0 403 403 0 402 402 0 420 420 0 420 420 0 402 402 0 419 419 0 404 404 0 403 403 0 421 421 0 421 421 0 403 403 0 420 420 0 422 422 0 405 405 0 404 404 0 421 421 0 422 422 0 404 404 0 409 409 0 408 408 0 423 423 0 410 410 0 409 409 0 423 423 0 424 424 0 410 410 0 423 423 0 411 411 0 410 410 0 424 424 0 425 425 0 411 411 0 424 424 0 425 425 0 426 426 0 427 427 0 425 425 0 427 427 0 411 411 0 411 411 0 427 427 0 412 412 0 413 413 0 412 412 0 428 428 0 428 428 0 412 412 0 427 427 0 414 414 0 413 413 0 429 429 0 429 429 0 413 413 0 428 428 0 415 415 0 414 414 0 430 430 0 430 430 0 414 414 0 429 429 0 416 416 0 415 415 0 431 431 0 431 431 0 415 415 0 430 430 0 417 417 0 416 416 0 432 432 0 432 432 0 416 416 0 431 431 0 418 418 0 417 417 0 433 433 0 433 433 0 417 417 0 432 432 0 419 419 0 418 418 0 434 434 0 434 434 0 418 418 0 433 433 0 420 420 0 419 419 0 435 435 0 435 435 0 419 419 0 434 434 0 437 437 0 436 436 0 421 421 0 437 437 0 421 421 0 435 435 0 435 435 0 421 421 0 420 420 0 422 422 0 421 421 0 436 436 0 439 439 0 427 427 0 426 426 0 438 438 0 439 439 0 426 426 0 428 428 0 427 427 0 440 440 0 440 440 0 427 427 0 439 439 0 429 429 0 428 428 0 441 441 0 441 441 0 428 428 0 440 440 0 430 430 0 429 429 0 442 442 0 442 442 0 429 429 0 441 441 0 431 431 0 430 430 0 443 443 0 443 443 0 430 430 0 442 442 0 432 432 0 431 431 0 444 444 0 444 444 0 431 431 0 443 443 0 446 446 0 445 445 0 433 433 0 446 446 0 433 433 0 444 444 0 444 444 0 433 433 0 432 432 0 434 434 0 433 433 0 445 445 0 447 447 0 434 434 0 445 445 0 435 435 0 434 434 0 447 447 0 448 448 0 435 435 0 447 447 0 437 437 0 435 435 0 448 448 0 439 439 0 438 438 0 449 449 0 449 449 0 450 450 0 451 451 0 449 449 0 451 451 0 439 439 0 439 439 0 451 451 0 440 440 0 441 441 0 440 440 0 452 452 0 452 452 0 440 440 0 451 451 0 442 442 0 441 441 0 453 453 0 453 453 0 441 441 0 452 452 0 443 443 0 442 442 0 454 454 0 454 454 0 442 442 0 453 453 0 456 456 0 455 455 0 444 444 0 456 456 0 444 444 0 454 454 0 454 454 0 444 444 0 443 443 0 446 446 0 444 444 0 455 455 0 451 451 0 450 450 0 457 457 0 452 452 0 451 451 0 457 457 0 458 458 0 452 452 0 457 457 0 453 453 0 452 452 0 458 458 0 459 459 0 453 453 0 458 458 0 454 454 0 453 453 0 459 459 0 460 460 0 454 454 0 459 459 0 456 456 0 454 454 0 460 460 0 463 463 0 461 461 0 462 462 0 463 463 0 465 465 0 464 464 0 461 461 0 463 463 0 464 464 0 465 465 0 467 467 0 466 466 0 464 464 0 465 465 0 466 466 0 467 467 0 469 469 0 468 468 0 466 466 0 467 467 0 468 468 0 469 469 0 471 471 0 470 470 0 468 468 0 469 469 0 470 470 0 471 471 0 473 473 0 472 472 0 470 470 0 471 471 0 472 472 0 472 472 0 473 473 0 474 474 0 477 477 0 475 475 0 476 476 0 477 477 0 479 479 0 478 478 0 475 475 0 477 477 0 478 478 0 479 479 0 481 481 0 480 480 0 478 478 0 479 479 0 480 480 0 462 462 0 480 480 0 481 481 0 463 463 0 462 462 0 481 481 0 463 463 0 481 481 0 1 1 0 463 463 0 1 1 0 0 0 0 3 3 0 463 463 0 0 0 0 465 465 0 463 463 0 3 3 0 5 5 0 465 465 0 3 3 0 467 467 0 465 465 0 5 5 0 7 7 0 467 467 0 5 5 0 469 469 0 467 467 0 7 7 0 9 9 0 469 469 0 7 7 0 471 471 0 469 469 0 9 9 0 11 11 0 471 471 0 9 9 0 473 473 0 471 471 0 11 11 0 473 473 0 482 482 0 474 474 0 473 473 0 11 11 0 482 482 0 11 11 0 13 13 0 482 482 0 15 15 0 484 484 0 483 483 0 15 15 0 483 483 0 13 13 0 13 13 0 483 483 0 482 482 0 484 484 0 486 486 0 485 485 0 483 483 0 484 484 0 485 485 0 485 485 0 486 486 0 487 487 0 490 490 0 488 488 0 489 489 0 490 490 0 492 492 0 491 491 0 488 488 0 490 490 0 491 491 0 476 476 0 491 491 0 492 492 0 477 477 0 476 476 0 492 492 0 477 477 0 492 492 0 17 17 0 477 477 0 17 17 0 16 16 0 19 19 0 477 477 0 16 16 0 479 479 0 477 477 0 19 19 0 21 21 0 479 479 0 19 19 0 481 481 0 479 479 0 21 21 0 1 1 0 481 481 0 21 21 0 15 15 0 30 30 0 484 484 0 32 32 0 484 484 0 30 30 0 486 486 0 484 484 0 32 32 0 486 486 0 493 493 0 487 487 0 486 486 0 32 32 0 493 493 0 32 32 0 34 34 0 493 493 0 36 36 0 495 495 0 494 494 0 36 36 0 494 494 0 34 34 0 34 34 0 494 494 0 493 493 0 494 494 0 495 495 0 496 496 0 499 499 0 497 497 0 498 498 0 489 489 0 497 497 0 499 499 0 489 489 0 499 499 0 490 490 0 490 490 0 499 499 0 500 500 0 37 37 0 500 500 0 38 38 0 37 37 0 492 492 0 500 500 0 492 492 0 490 490 0 500 500 0 17 17 0 492 492 0 37 37 0 36 36 0 53 53 0 495 495 0 55 55 0 502 502 0 501 501 0 53 53 0 55 55 0 501 501 0 53 53 0 501 501 0 496 496 0 53 53 0 496 496 0 495 495 0 501 501 0 502 502 0 503 503 0 506 506 0 504 504 0 505 505 0 498 498 0 504 504 0 506 506 0 498 498 0 506 506 0 499 499 0 499 499 0 506 506 0 507 507 0 56 56 0 507 507 0 57 57 0 56 56 0 500 500 0 507 507 0 500 500 0 499 499 0 507 507 0 38 38 0 500 500 0 56 56 0 502 502 0 74 74 0 508 508 0 55 55 0 74 74 0 502 502 0 509 509 0 503 503 0 502 502 0 508 508 0 509 509 0 502 502 0 511 511 0 506 506 0 505 505 0 510 510 0 511 511 0 505 505 0 75 75 0 511 511 0 76 76 0 75 75 0 507 507 0 511 511 0 507 507 0 506 506 0 511 511 0 57 57 0 507 507 0 75 75 0 74 74 0 94 94 0 508 508 0 96 96 0 513 513 0 512 512 0 94 94 0 96 96 0 512 512 0 94 94 0 512 512 0 509 509 0 94 94 0 509 509 0 508 508 0 512 512 0 513 513 0 514 514 0 517 517 0 515 515 0 516 516 0 510 510 0 515 515 0 517 517 0 511 511 0 510 510 0 517 517 0 511 511 0 517 517 0 98 98 0 511 511 0 98 98 0 97 97 0 76 76 0 511 511 0 97 97 0 513 513 0 118 118 0 518 518 0 96 96 0 118 118 0 513 513 0 519 519 0 514 514 0 513 513 0 518 518 0 519 519 0 513 513 0 521 521 0 517 517 0 516 516 0 520 520 0 521 521 0 516 516 0 98 98 0 521 521 0 119 119 0 517 517 0 521 521 0 98 98 0 518 518 0 139 139 0 522 522 0 118 118 0 139 139 0 518 518 0 523 523 0 519 519 0 518 518 0 523 523 0 518 518 0 524 524 0 524 524 0 518 518 0 522 522 0 523 523 0 524 524 0 525 525 0 528 528 0 526 526 0 527 527 0 520 520 0 526 526 0 528 528 0 521 521 0 520 520 0 528 528 0 521 521 0 528 528 0 141 141 0 521 521 0 141 141 0 140 140 0 119 119 0 521 521 0 140 140 0 151 151 0 152 152 0 529 529 0 151 151 0 530 530 0 153 153 0 529 529 0 530 530 0 151 151 0 153 153 0 531 531 0 154 154 0 530 530 0 531 531 0 153 153 0 154 154 0 532 532 0 155 155 0 531 531 0 532 532 0 154 154 0 155 155 0 532 532 0 156 156 0 139 139 0 164 164 0 522 522 0 166 166 0 522 522 0 164 164 0 524 524 0 522 522 0 166 166 0 168 168 0 534 534 0 533 533 0 166 166 0 168 168 0 533 533 0 166 166 0 533 533 0 525 525 0 166 166 0 525 525 0 524 524 0 533 533 0 534 534 0 535 535 0 537 537 0 528 528 0 527 527 0 536 536 0 537 537 0 527 527 0 141 141 0 537 537 0 169 169 0 528 528 0 537 537 0 141 141 0 178 178 0 179 179 0 538 538 0 178 178 0 529 529 0 152 152 0 178 178 0 538 538 0 529 529 0 538 538 0 539 539 0 529 529 0 530 530 0 529 529 0 540 540 0 540 540 0 529 529 0 539 539 0 531 531 0 530 530 0 541 541 0 541 541 0 530 530 0 540 540 0 532 532 0 531 531 0 542 542 0 542 542 0 531 531 0 541 541 0 156 156 0 543 543 0 180 180 0 156 156 0 532 532 0 543 543 0 532 532 0 542 542 0 543 543 0 180 180 0 543 543 0 181 181 0 168 168 0 190 190 0 534 534 0 534 534 0 190 190 0 192 192 0 534 534 0 192 192 0 535 535 0 535 535 0 192 192 0 544 544 0 546 546 0 537 537 0 536 536 0 545 545 0 546 546 0 536 536 0 169 169 0 546 546 0 193 193 0 537 537 0 546 546 0 169 169 0 201 201 0 202 202 0 547 547 0 201 201 0 538 538 0 179 179 0 201 201 0 547 547 0 538 538 0 547 547 0 548 548 0 538 538 0 539 539 0 538 538 0 549 549 0 549 549 0 538 538 0 548 548 0 540 540 0 539 539 0 550 550 0 550 550 0 539 539 0 549 549 0 541 541 0 540 540 0 551 551 0 551 551 0 540 540 0 550 550 0 542 542 0 541 541 0 552 552 0 552 552 0 541 541 0 551 551 0 543 543 0 542 542 0 553 553 0 553 553 0 542 542 0 552 552 0 181 181 0 554 554 0 203 203 0 181 181 0 543 543 0 554 554 0 543 543 0 553 553 0 554 554 0 203 203 0 555 555 0 204 204 0 554 554 0 555 555 0 203 203 0 204 204 0 555 555 0 205 205 0 556 556 0 213 213 0 557 557 0 556 556 0 544 544 0 213 213 0 544 544 0 192 192 0 213 213 0 556 556 0 557 557 0 558 558 0 560 560 0 546 546 0 545 545 0 559 559 0 560 560 0 545 545 0 193 193 0 560 560 0 214 214 0 546 546 0 560 560 0 193 193 0 547 547 0 222 222 0 561 561 0 202 202 0 222 222 0 547 547 0 548 548 0 547 547 0 562 562 0 562 562 0 547 547 0 561 561 0 549 549 0 548 548 0 563 563 0 563 563 0 548 548 0 562 562 0 550 550 0 549 549 0 564 564 0 564 564 0 549 549 0 563 563 0 551 551 0 550 550 0 565 565 0 565 565 0 550 550 0 564 564 0 552 552 0 551 551 0 566 566 0 566 566 0 551 551 0 565 565 0 553 553 0 552 552 0 567 567 0 567 567 0 552 552 0 566 566 0 554 554 0 553 553 0 568 568 0 568 568 0 553 553 0 567 567 0 555 555 0 554 554 0 569 569 0 569 569 0 554 554 0 568 568 0 205 205 0 570 570 0 223 223 0 205 205 0 555 555 0 570 570 0 555 555 0 569 569 0 570 570 0 223 223 0 570 570 0 224 224 0 557 557 0 231 231 0 571 571 0 213 213 0 231 231 0 557 557 0 572 572 0 558 558 0 557 557 0 571 571 0 572 572 0 557 557 0 232 232 0 560 560 0 559 559 0 232 232 0 559 559 0 233 233 0 233 233 0 559 559 0 573 573 0 214 214 0 560 560 0 232 232 0 561 561 0 242 242 0 574 574 0 222 222 0 242 242 0 561 561 0 562 562 0 561 561 0 575 575 0 575 575 0 561 561 0 574 574 0 563 563 0 562 562 0 576 576 0 576 576 0 562 562 0 575 575 0 564 564 0 563 563 0 577 577 0 577 577 0 563 563 0 576 576 0 565 565 0 564 564 0 578 578 0 578 578 0 564 564 0 577 577 0 566 566 0 565 565 0 579 579 0 579 579 0 565 565 0 578 578 0 567 567 0 566 566 0 580 580 0 580 580 0 566 566 0 579 579 0 568 568 0 567 567 0 581 581 0 581 581 0 567 567 0 580 580 0 569 569 0 568 568 0 582 582 0 582 582 0 568 568 0 581 581 0 570 570 0 569 569 0 583 583 0 583 583 0 569 569 0 582 582 0 224 224 0 584 584 0 243 243 0 224 224 0 570 570 0 584 584 0 570 570 0 583 583 0 584 584 0 243 243 0 584 584 0 244 244 0 571 571 0 250 250 0 585 585 0 231 231 0 250 250 0 571 571 0 586 586 0 572 572 0 571 571 0 585 585 0 586 586 0 571 571 0 233 233 0 573 573 0 251 251 0 573 573 0 587 587 0 251 251 0 574 574 0 260 260 0 588 588 0 242 242 0 260 260 0 574 574 0 575 575 0 574 574 0 589 589 0 589 589 0 574 574 0 588 588 0 576 576 0 575 575 0 590 590 0 590 590 0 575 575 0 589 589 0 577 577 0 576 576 0 591 591 0 591 591 0 576 576 0 590 590 0 578 578 0 577 577 0 592 592 0 592 592 0 577 577 0 591 591 0 579 579 0 578 578 0 593 593 0 593 593 0 578 578 0 592 592 0 580 580 0 579 579 0 594 594 0 594 594 0 579 579 0 593 593 0 581 581 0 580 580 0 595 595 0 595 595 0 580 580 0 594 594 0 582 582 0 581 581 0 596 596 0 596 596 0 581 581 0 595 595 0 583 583 0 582 582 0 597 597 0 597 597 0 582 582 0 596 596 0 584 584 0 583 583 0 598 598 0 598 598 0 583 583 0 597 597 0 244 244 0 598 598 0 261 261 0 584 584 0 598 598 0 244 244 0 585 585 0 267 267 0 599 599 0 250 250 0 267 267 0 585 585 0 600 600 0 586 586 0 585 585 0 599 599 0 600 600 0 585 585 0 602 602 0 268 268 0 251 251 0 602 602 0 251 251 0 601 601 0 601 601 0 251 251 0 587 587 0 268 268 0 602 602 0 269 269 0 260 260 0 277 277 0 588 588 0 279 279 0 588 588 0 277 277 0 279 279 0 603 603 0 588 588 0 603 603 0 589 589 0 588 588 0 590 590 0 589 589 0 604 604 0 604 604 0 589 589 0 603 603 0 591 591 0 590 590 0 605 605 0 605 605 0 590 590 0 604 604 0 592 592 0 591 591 0 606 606 0 606 606 0 591 591 0 605 605 0 593 593 0 592 592 0 607 607 0 607 607 0 592 592 0 606 606 0 594 594 0 593 593 0 608 608 0 608 608 0 593 593 0 607 607 0 595 595 0 594 594 0 609 609 0 609 609 0 594 594 0 608 608 0 596 596 0 595 595 0 610 610 0 610 610 0 595 595 0 609 609 0 597 597 0 596 596 0 611 611 0 611 611 0 596 596 0 610 610 0 280 280 0 611 611 0 281 281 0 280 280 0 598 598 0 611 611 0 598 598 0 597 597 0 611 611 0 261 261 0 598 598 0 280 280 0 599 599 0 613 613 0 612 612 0 599 599 0 267 267 0 613 613 0 267 267 0 288 288 0 613 613 0 600 600 0 599 599 0 612 612 0 615 615 0 602 602 0 601 601 0 614 614 0 615 615 0 601 601 0 269 269 0 615 615 0 289 289 0 602 602 0 615 615 0 269 269 0 279 279 0 298 298 0 603 603 0 300 300 0 603 603 0 298 298 0 604 604 0 603 603 0 300 300 0 302 302 0 604 604 0 300 300 0 302 302 0 616 616 0 604 604 0 616 616 0 605 605 0 604 604 0 606 606 0 605 605 0 617 617 0 617 617 0 605 605 0 616 616 0 607 607 0 606 606 0 618 618 0 618 618 0 606 606 0 617 617 0 608 608 0 607 607 0 619 619 0 619 619 0 607 607 0 618 618 0 303 303 0 619 619 0 304 304 0 303 303 0 609 609 0 619 619 0 609 609 0 608 608 0 619 619 0 306 306 0 609 609 0 303 303 0 610 610 0 609 609 0 306 306 0 308 308 0 610 610 0 306 306 0 611 611 0 610 610 0 308 308 0 281 281 0 611 611 0 308 308 0 315 315 0 316 316 0 620 620 0 315 315 0 620 620 0 621 621 0 315 315 0 621 621 0 288 288 0 288 288 0 621 621 0 613 613 0 615 615 0 614 614 0 622 622 0 624 624 0 622 622 0 623 623 0 317 317 0 622 622 0 624 624 0 317 317 0 615 615 0 622 622 0 317 317 0 289 289 0 615 615 0 317 317 0 624 624 0 318 318 0 302 302 0 328 328 0 616 616 0 330 330 0 616 616 0 328 328 0 617 617 0 616 616 0 330 330 0 332 332 0 617 617 0 330 330 0 332 332 0 625 625 0 617 617 0 625 625 0 618 618 0 617 617 0 333 333 0 625 625 0 334 334 0 333 333 0 619 619 0 625 625 0 619 619 0 618 618 0 625 625 0 304 304 0 619 619 0 333 333 0 341 341 0 342 342 0 626 626 0 341 341 0 626 626 0 343 343 0 345 345 0 346 346 0 627 627 0 345 345 0 627 627 0 629 629 0 316 316 0 345 345 0 629 629 0 316 316 0 629 629 0 628 628 0 316 316 0 628 628 0 620 620 0 621 621 0 620 620 0 628 628 0 631 631 0 624 624 0 623 623 0 630 630 0 631 631 0 623 623 0 318 318 0 632 632 0 347 347 0 318 318 0 624 624 0 632 632 0 624 624 0 631 631 0 632 632 0 347 347 0 632 632 0 348 348 0 332 332 0 359 359 0 625 625 0 334 334 0 625 625 0 359 359 0 626 626 0 367 367 0 633 633 0 342 342 0 367 367 0 626 626 0 343 343 0 634 634 0 368 368 0 343 343 0 626 626 0 634 634 0 626 626 0 633 633 0 634 634 0 368 368 0 634 634 0 636 636 0 346 346 0 368 368 0 636 636 0 346 346 0 636 636 0 635 635 0 346 346 0 635 635 0 627 627 0 629 629 0 627 627 0 635 635 0 631 631 0 630 630 0 637 637 0 637 637 0 638 638 0 639 639 0 637 637 0 639 639 0 631 631 0 631 631 0 639 639 0 632 632 0 348 348 0 640 640 0 369 369 0 348 348 0 632 632 0 640 640 0 632 632 0 639 639 0 640 640 0 369 369 0 640 640 0 370 370 0 633 633 0 387 387 0 641 641 0 367 367 0 387 387 0 633 633 0 634 634 0 633 633 0 642 642 0 642 642 0 633 633 0 641 641 0 643 643 0 636 636 0 634 634 0 642 642 0 643 643 0 634 634 0 639 639 0 638 638 0 644 644 0 644 644 0 645 645 0 646 646 0 644 644 0 646 646 0 639 639 0 639 639 0 646 646 0 640 640 0 370 370 0 647 647 0 388 388 0 370 370 0 640 640 0 647 647 0 640 640 0 646 646 0 647 647 0 388 388 0 647 647 0 389 389 0 641 641 0 405 405 0 648 648 0 387 387 0 405 405 0 641 641 0 650 650 0 649 649 0 642 642 0 650 650 0 642 642 0 648 648 0 648 648 0 642 642 0 641 641 0 643 643 0 642 642 0 649 649 0 646 646 0 645 645 0 651 651 0 651 651 0 652 652 0 653 653 0 651 651 0 653 653 0 646 646 0 646 646 0 653 653 0 647 647 0 389 389 0 654 654 0 406 406 0 389 389 0 647 647 0 654 654 0 647 647 0 653 653 0 654 654 0 406 406 0 655 655 0 407 407 0 654 654 0 655 655 0 406 406 0 407 407 0 655 655 0 408 408 0 648 648 0 422 422 0 656 656 0 405 405 0 422 422 0 648 648 0 657 657 0 650 650 0 648 648 0 656 656 0 657 657 0 648 648 0 653 653 0 652 652 0 658 658 0 658 658 0 659 659 0 660 660 0 658 658 0 660 660 0 653 653 0 653 653 0 660 660 0 654 654 0 655 655 0 654 654 0 661 661 0 661 661 0 654 654 0 660 660 0 408 408 0 662 662 0 423 423 0 408 408 0 655 655 0 662 662 0 655 655 0 661 661 0 662 662 0 423 423 0 663 663 0 424 424 0 662 662 0 663 663 0 423 423 0 424 424 0 664 664 0 425 425 0 663 663 0 664 664 0 424 424 0 425 425 0 664 664 0 426 426 0 436 436 0 437 437 0 665 665 0 436 436 0 665 665 0 667 667 0 422 422 0 436 436 0 667 667 0 422 422 0 667 667 0 666 666 0 422 422 0 666 666 0 656 656 0 657 657 0 656 656 0 666 666 0 660 660 0 659 659 0 668 668 0 661 661 0 660 660 0 668 668 0 669 669 0 661 661 0 668 668 0 669 669 0 670 670 0 671 671 0 669 669 0 671 671 0 661 661 0 661 661 0 671 671 0 662 662 0 663 663 0 662 662 0 672 672 0 672 672 0 662 662 0 671 671 0 664 664 0 663 663 0 673 673 0 673 673 0 663 663 0 672 672 0 426 426 0 673 673 0 438 438 0 664 664 0 673 673 0 426 426 0 445 445 0 446 446 0 674 674 0 445 445 0 675 675 0 447 447 0 674 674 0 675 675 0 445 445 0 677 677 0 447 447 0 675 675 0 677 677 0 676 676 0 447 447 0 676 676 0 448 448 0 447 447 0 665 665 0 437 437 0 448 448 0 665 665 0 448 448 0 678 678 0 678 678 0 448 448 0 676 676 0 667 667 0 665 665 0 678 678 0 671 671 0 670 670 0 679 679 0 672 672 0 671 671 0 679 679 0 680 680 0 672 672 0 679 679 0 680 680 0 681 681 0 682 682 0 680 680 0 682 682 0 672 672 0 672 672 0 682 682 0 673 673 0 438 438 0 683 683 0 449 449 0 438 438 0 673 673 0 683 683 0 673 673 0 682 682 0 683 683 0 449 449 0 683 683 0 450 450 0 455 455 0 456 456 0 684 684 0 455 455 0 684 684 0 686 686 0 446 446 0 455 455 0 686 686 0 446 446 0 686 686 0 685 685 0 446 446 0 685 685 0 674 674 0 675 675 0 674 674 0 685 685 0 687 687 0 675 675 0 685 685 0 677 677 0 675 675 0 687 687 0 682 682 0 681 681 0 688 688 0 683 683 0 682 682 0 688 688 0 689 689 0 683 683 0 688 688 0 691 691 0 689 689 0 690 690 0 457 457 0 689 689 0 691 691 0 457 457 0 683 683 0 689 689 0 457 457 0 450 450 0 683 683 0 457 457 0 692 692 0 458 458 0 691 691 0 692 692 0 457 457 0 458 458 0 693 693 0 459 459 0 692 692 0 693 693 0 458 458 0 695 695 0 459 459 0 693 693 0 695 695 0 694 694 0 459 459 0 694 694 0 460 460 0 459 459 0 684 684 0 456 456 0 460 460 0 684 684 0 460 460 0 696 696 0 696 696 0 460 460 0 694 694 0 686 686 0 684 684 0 696 696 0 691 691 0 690 690 0 697 697 0 692 692 0 691 691 0 697 697 0 698 698 0 692 692 0 697 697 0 693 693 0 692 692 0 698 698 0 699 699 0 693 693 0 698 698 0 695 695 0 693 693 0 699 699 0 702 702 0 700 700 0 701 701 0 702 702 0 704 704 0 703 703 0 700 700 0 702 702 0 703 703 0 704 704 0 462 462 0 461 461 0 704 704 0 461 461 0 703 703 0 703 703 0 461 461 0 705 705 0 464 464 0 706 706 0 461 461 0 461 461 0 706 706 0 705 705 0 466 466 0 707 707 0 464 464 0 464 464 0 707 707 0 706 706 0 468 468 0 708 708 0 466 466 0 466 466 0 708 708 0 707 707 0 470 470 0 709 709 0 468 468 0 468 468 0 709 709 0 708 708 0 472 472 0 710 710 0 470 470 0 470 470 0 710 710 0 709 709 0 474 474 0 712 712 0 711 711 0 474 474 0 711 711 0 472 472 0 472 472 0 711 711 0 710 710 0 712 712 0 714 714 0 713 713 0 711 711 0 712 712 0 713 713 0 713 713 0 714 714 0 715 715 0 718 718 0 716 716 0 717 717 0 718 718 0 476 476 0 475 475 0 718 718 0 475 475 0 716 716 0 716 716 0 475 475 0 719 719 0 701 701 0 478 478 0 702 702 0 701 701 0 719 719 0 478 478 0 719 719 0 475 475 0 478 478 0 480 480 0 702 702 0 478 478 0 704 704 0 702 702 0 480 480 0 462 462 0 704 704 0 480 480 0 474 474 0 482 482 0 712 712 0 483 483 0 712 712 0 482 482 0 714 714 0 712 712 0 483 483 0 714 714 0 720 720 0 715 715 0 714 714 0 483 483 0 720 720 0 483 483 0 485 485 0 720 720 0 487 487 0 722 722 0 721 721 0 487 487 0 721 721 0 485 485 0 485 485 0 721 721 0 720 720 0 721 721 0 722 722 0 723 723 0 726 726 0 724 724 0 725 725 0 726 726 0 489 489 0 488 488 0 726 726 0 488 488 0 724 724 0 724 724 0 488 488 0 727 727 0 717 717 0 491 491 0 718 718 0 717 717 0 727 727 0 491 491 0 727 727 0 488 488 0 491 491 0 476 476 0 718 718 0 491 491 0 487 487 0 493 493 0 722 722 0 722 722 0 728 728 0 723 723 0 722 722 0 493 493 0 728 728 0 493 493 0 494 494 0 728 728 0 496 496 0 730 730 0 729 729 0 496 496 0 729 729 0 494 494 0 494 494 0 729 729 0 728 728 0 729 729 0 730 730 0 731 731 0 734 734 0 732 732 0 733 733 0 725 725 0 732 732 0 734 734 0 726 726 0 725 725 0 734 734 0 726 726 0 734 734 0 498 498 0 726 726 0 498 498 0 497 497 0 489 489 0 726 726 0 497 497 0 496 496 0 501 501 0 730 730 0 730 730 0 501 501 0 503 503 0 730 730 0 503 503 0 731 731 0 731 731 0 503 503 0 735 735 0 504 504 0 734 734 0 733 733 0 504 504 0 733 733 0 505 505 0 505 505 0 733 733 0 736 736 0 498 498 0 734 734 0 504 504 0 737 737 0 509 509 0 738 738 0 737 737 0 735 735 0 509 509 0 735 735 0 503 503 0 509 509 0 737 737 0 738 738 0 739 739 0 742 742 0 740 740 0 741 741 0 742 742 0 736 736 0 740 740 0 742 742 0 510 510 0 736 736 0 510 510 0 505 505 0 736 736 0 509 509 0 512 512 0 738 738 0 514 514 0 744 744 0 743 743 0 512 512 0 514 514 0 743 743 0 512 512 0 743 743 0 739 739 0 512 512 0 739 739 0 738 738 0 743 743 0 744 744 0 745 745 0 515 515 0 742 742 0 741 741 0 515 515 0 741 741 0 516 516 0 516 516 0 741 741 0 746 746 0 510 510 0 742 742 0 515 515 0 744 744 0 519 519 0 747 747 0 514 514 0 519 519 0 744 744 0 748 748 0 745 745 0 744 744 0 747 747 0 748 748 0 744 744 0 751 751 0 749 749 0 750 750 0 751 751 0 746 746 0 749 749 0 751 751 0 520 520 0 746 746 0 520 520 0 516 516 0 746 746 0 519 519 0 523 523 0 747 747 0 525 525 0 753 753 0 752 752 0 523 523 0 525 525 0 752 752 0 523 523 0 752 752 0 748 748 0 523 523 0 748 748 0 747 747 0 752 752 0 753 753 0 754 754 0 526 526 0 751 751 0 750 750 0 526 526 0 750 750 0 527 527 0 527 527 0 750 750 0 755 755 0 520 520 0 751 751 0 526 526 0 525 525 0 533 533 0 753 753 0 753 753 0 533 533 0 535 535 0 753 753 0 535 535 0 754 754 0 754 754 0 535 535 0 756 756 0 527 527 0 755 755 0 536 536 0 755 755 0 757 757 0 536 536 0 758 758 0 544 544 0 759 759 0 758 758 0 756 756 0 544 544 0 756 756 0 535 535 0 544 544 0 758 758 0 759 759 0 760 760 0 536 536 0 757 757 0 545 545 0 757 757 0 761 761 0 545 545 0 544 544 0 556 556 0 759 759 0 759 759 0 556 556 0 558 558 0 759 759 0 558 558 0 760 760 0 760 760 0 558 558 0 762 762 0 545 545 0 761 761 0 559 559 0 761 761 0 763 763 0 559 559 0 558 558 0 572 572 0 762 762 0 762 762 0 572 572 0 764 764 0 559 559 0 763 763 0 573 573 0 763 763 0 765 765 0 573 573 0 572 572 0 586 586 0 764 764 0 764 764 0 586 586 0 766 766 0 573 573 0 765 765 0 587 587 0 765 765 0 767 767 0 587 587 0 586 586 0 600 600 0 766 766 0 766 766 0 600 600 0 768 768 0 587 587 0 767 767 0 601 601 0 767 767 0 769 769 0 601 601 0 612 612 0 613 613 0 770 770 0 612 612 0 770 770 0 771 771 0 612 612 0 771 771 0 600 600 0 600 600 0 771 771 0 768 768 0 601 601 0 769 769 0 614 614 0 769 769 0 772 772 0 614 614 0 770 770 0 774 774 0 773 773 0 770 770 0 613 613 0 774 774 0 613 613 0 621 621 0 774 774 0 771 771 0 770 770 0 773 773 0 776 776 0 622 622 0 614 614 0 776 776 0 614 614 0 775 775 0 775 775 0 614 614 0 772 772 0 622 622 0 776 776 0 623 623 0 628 628 0 629 629 0 777 777 0 628 628 0 777 777 0 778 778 0 628 628 0 778 778 0 621 621 0 621 621 0 778 778 0 774 774 0 776 776 0 775 775 0 779 779 0 779 779 0 623 623 0 776 776 0 779 779 0 780 780 0 623 623 0 780 780 0 630 630 0 623 623 0 635 635 0 636 636 0 781 781 0 635 635 0 781 781 0 783 783 0 629 629 0 635 635 0 783 783 0 629 629 0 783 783 0 782 782 0 629 629 0 782 782 0 777 777 0 778 778 0 777 777 0 782 782 0 785 785 0 637 637 0 630 630 0 785 785 0 630 630 0 784 784 0 784 784 0 630 630 0 780 780 0 637 637 0 785 785 0 638 638 0 781 781 0 643 643 0 786 786 0 636 636 0 643 643 0 781 781 0 787 787 0 783 783 0 781 781 0 786 786 0 787 787 0 781 781 0 785 785 0 784 784 0 788 788 0 790 790 0 788 788 0 789 789 0 644 644 0 788 788 0 790 790 0 644 644 0 785 785 0 788 788 0 644 644 0 638 638 0 785 785 0 644 644 0 790 790 0 645 645 0 649 649 0 650 650 0 791 791 0 649 649 0 791 791 0 793 793 0 643 643 0 649 649 0 793 793 0 643 643 0 793 793 0 792 792 0 643 643 0 792 792 0 786 786 0 787 787 0 786 786 0 792 792 0 795 795 0 790 790 0 789 789 0 794 794 0 795 795 0 789 789 0 645 645 0 796 796 0 651 651 0 645 645 0 790 790 0 796 796 0 790 790 0 795 795 0 796 796 0 651 651 0 796 796 0 652 652 0 791 791 0 798 798 0 797 797 0 791 791 0 650 650 0 798 798 0 650 650 0 657 657 0 798 798 0 793 793 0 791 791 0 797 797 0 795 795 0 794 794 0 799 799 0 799 799 0 800 800 0 801 801 0 799 799 0 801 801 0 795 795 0 795 795 0 801 801 0 796 796 0 652 652 0 802 802 0 658 658 0 652 652 0 796 796 0 802 802 0 796 796 0 801 801 0 802 802 0 658 658 0 802 802 0 659 659 0 666 666 0 804 804 0 803 803 0 667 667 0 804 804 0 666 666 0 798 798 0 657 657 0 666 666 0 803 803 0 798 798 0 666 666 0 801 801 0 800 800 0 805 805 0 802 802 0 801 801 0 805 805 0 806 806 0 802 802 0 805 805 0 808 808 0 806 806 0 807 807 0 668 668 0 806 806 0 808 808 0 668 668 0 802 802 0 806 806 0 668 668 0 659 659 0 802 802 0 668 668 0 809 809 0 669 669 0 808 808 0 809 809 0 668 668 0 669 669 0 809 809 0 670 670 0 676 676 0 677 677 0 810 810 0 812 812 0 676 676 0 810 810 0 812 812 0 811 811 0 676 676 0 811 811 0 678 678 0 676 676 0 804 804 0 667 667 0 678 678 0 811 811 0 804 804 0 678 678 0 808 808 0 807 807 0 813 813 0 809 809 0 808 808 0 813 813 0 814 814 0 809 809 0 813 813 0 816 816 0 814 814 0 815 815 0 679 679 0 814 814 0 816 816 0 679 679 0 809 809 0 814 814 0 679 679 0 670 670 0 809 809 0 679 679 0 817 817 0 680 680 0 816 816 0 817 817 0 679 679 0 680 680 0 817 817 0 681 681 0 685 685 0 686 686 0 818 818 0 820 820 0 685 685 0 818 818 0 820 820 0 819 819 0 685 685 0 819 819 0 687 687 0 685 685 0 810 810 0 677 677 0 687 687 0 810 810 0 687 687 0 821 821 0 821 821 0 687 687 0 819 819 0 812 812 0 810 810 0 821 821 0 816 816 0 815 815 0 822 822 0 817 817 0 816 816 0 822 822 0 823 823 0 817 817 0 822 822 0 681 681 0 817 817 0 823 823 0 681 681 0 823 823 0 688 688 0 688 688 0 823 823 0 824 824 0 826 826 0 824 824 0 825 825 0 826 826 0 689 689 0 824 824 0 689 689 0 688 688 0 824 824 0 689 689 0 826 826 0 690 690 0 694 694 0 695 695 0 827 827 0 829 829 0 694 694 0 827 827 0 829 829 0 828 828 0 694 694 0 828 828 0 696 696 0 694 694 0 818 818 0 686 686 0 696 696 0 818 818 0 696 696 0 830 830 0 830 830 0 696 696 0 828 828 0 820 820 0 818 818 0 830 830 0 826 826 0 825 825 0 831 831 0 690 690 0 826 826 0 831 831 0 690 690 0 831 831 0 697 697 0 697 697 0 831 831 0 832 832 0 698 698 0 697 697 0 833 833 0 697 697 0 832 832 0 833 833 0 699 699 0 698 698 0 834 834 0 698 698 0 833 833 0 834 834 0 827 827 0 695 695 0 699 699 0 827 827 0 699 699 0 835 835 0 835 835 0 699 699 0 834 834 0 829 829 0 827 827 0 835 835 0 838 838 0 836 836 0 837 837 0 838 838 0 840 840 0 839 839 0 836 836 0 838 838 0 839 839 0 840 840 0 842 842 0 841 841 0 839 839 0 840 840 0 841 841 0 842 842 0 844 844 0 843 843 0 841 841 0 842 842 0 843 843 0 844 844 0 846 846 0 845 845 0 843 843 0 844 844 0 845 845 0 846 846 0 848 848 0 847 847 0 845 845 0 846 846 0 847 847 0 847 847 0 848 848 0 849 849 0 852 852 0 850 850 0 851 851 0 852 852 0 701 701 0 700 700 0 852 852 0 700 700 0 850 850 0 850 850 0 700 700 0 853 853 0 703 703 0 854 854 0 700 700 0 700 700 0 854 854 0 853 853 0 837 837 0 705 705 0 838 838 0 837 837 0 854 854 0 705 705 0 854 854 0 703 703 0 705 705 0 706 706 0 838 838 0 705 705 0 840 840 0 838 838 0 706 706 0 707 707 0 840 840 0 706 706 0 842 842 0 840 840 0 707 707 0 708 708 0 842 842 0 707 707 0 844 844 0 842 842 0 708 708 0 709 709 0 844 844 0 708 708 0 846 846 0 844 844 0 709 709 0 710 710 0 846 846 0 709 709 0 848 848 0 846 846 0 710 710 0 848 848 0 855 855 0 849 849 0 848 848 0 710 710 0 855 855 0 710 710 0 711 711 0 855 855 0 713 713 0 856 856 0 711 711 0 711 711 0 856 856 0 855 855 0 715 715 0 858 858 0 857 857 0 715 715 0 857 857 0 713 713 0 713 713 0 857 857 0 856 856 0 857 857 0 858 858 0 859 859 0 862 862 0 860 860 0 861 861 0 862 862 0 717 717 0 716 716 0 862 862 0 716 716 0 860 860 0 860 860 0 716 716 0 863 863 0 851 851 0 719 719 0 852 852 0 851 851 0 863 863 0 719 719 0 863 863 0 716 716 0 719 719 0 701 701 0 852 852 0 719 719 0 715 715 0 720 720 0 858 858 0 858 858 0 864 864 0 859 859 0 858 858 0 720 720 0 864 864 0 720 720 0 721 721 0 864 864 0 723 723 0 866 866 0 865 865 0 723 723 0 865 865 0 721 721 0 721 721 0 865 865 0 864 864 0 865 865 0 866 866 0 867 867 0 724 724 0 868 868 0 869 869 0 725 725 0 724 724 0 869 869 0 861 861 0 727 727 0 862 862 0 861 861 0 868 868 0 727 727 0 868 868 0 724 724 0 727 727 0 717 717 0 862 862 0 727 727 0 723 723 0 728 728 0 866 866 0 866 866 0 870 870 0 867 867 0 866 866 0 728 728 0 870 870 0 728 728 0 729 729 0 870 870 0 870 870 0 729 729 0 731 731 0 871 871 0 870 870 0 731 731 0 732 732 0 872 872 0 873 873 0 733 733 0 732 732 0 873 873 0 869 869 0 732 732 0 725 725 0 872 872 0 732 732 0 869 869 0 874 874 0 735 735 0 875 875 0 874 874 0 871 871 0 735 735 0 871 871 0 731 731 0 735 735 0 874 874 0 875 875 0 876 876 0 879 879 0 877 877 0 878 878 0 879 879 0 873 873 0 877 877 0 879 879 0 736 736 0 873 873 0 736 736 0 733 733 0 873 873 0 735 735 0 737 737 0 875 875 0 739 739 0 881 881 0 880 880 0 737 737 0 739 739 0 880 880 0 737 737 0 880 880 0 876 876 0 737 737 0 876 876 0 875 875 0 880 880 0 881 881 0 882 882 0 740 740 0 879 879 0 878 878 0 740 740 0 878 878 0 741 741 0 741 741 0 878 878 0 883 883 0 736 736 0 879 879 0 740 740 0 739 739 0 743 743 0 881 881 0 881 881 0 743 743 0 745 745 0 881 881 0 745 745 0 882 882 0 882 882 0 745 745 0 884 884 0 887 887 0 885 885 0 886 886 0 887 887 0 883 883 0 885 885 0 887 887 0 746 746 0 883 883 0 746 746 0 741 741 0 883 883 0 888 888 0 748 748 0 889 889 0 888 888 0 884 884 0 748 748 0 884 884 0 745 745 0 748 748 0 888 888 0 889 889 0 890 890 0 749 749 0 887 887 0 886 886 0 749 749 0 886 886 0 750 750 0 750 750 0 886 886 0 891 891 0 746 746 0 887 887 0 749 749 0 748 748 0 752 752 0 889 889 0 889 889 0 752 752 0 754 754 0 889 889 0 754 754 0 890 890 0 890 890 0 754 754 0 892 892 0 750 750 0 891 891 0 755 755 0 891 891 0 893 893 0 755 755 0 894 894 0 756 756 0 895 895 0 894 894 0 892 892 0 756 756 0 892 892 0 754 754 0 756 756 0 894 894 0 895 895 0 896 896 0 755 755 0 893 893 0 757 757 0 893 893 0 897 897 0 757 757 0 756 756 0 758 758 0 895 895 0 895 895 0 758 758 0 760 760 0 895 895 0 760 760 0 896 896 0 896 896 0 760 760 0 898 898 0 757 757 0 897 897 0 761 761 0 897 897 0 899 899 0 761 761 0 760 760 0 762 762 0 898 898 0 898 898 0 762 762 0 900 900 0 903 903 0 901 901 0 902 902 0 903 903 0 899 899 0 901 901 0 903 903 0 763 763 0 899 899 0 763 763 0 761 761 0 899 899 0 762 762 0 764 764 0 900 900 0 900 900 0 764 764 0 904 904 0 906 906 0 903 903 0 902 902 0 905 905 0 906 906 0 902 902 0 763 763 0 906 906 0 765 765 0 903 903 0 906 906 0 763 763 0 764 764 0 766 766 0 904 904 0 904 904 0 766 766 0 907 907 0 909 909 0 906 906 0 905 905 0 908 908 0 909 909 0 905 905 0 765 765 0 909 909 0 767 767 0 906 906 0 909 909 0 765 765 0 766 766 0 768 768 0 907 907 0 907 907 0 768 768 0 910 910 0 912 912 0 909 909 0 908 908 0 911 911 0 912 912 0 908 908 0 767 767 0 912 912 0 769 769 0 909 909 0 912 912 0 767 767 0 768 768 0 771 771 0 910 910 0 910 910 0 771 771 0 913 913 0 912 912 0 911 911 0 914 914 0 914 914 0 769 769 0 912 912 0 914 914 0 915 915 0 769 769 0 915 915 0 772 772 0 769 769 0 773 773 0 774 774 0 916 916 0 773 773 0 916 916 0 917 917 0 773 773 0 917 917 0 771 771 0 771 771 0 917 917 0 913 913 0 772 772 0 915 915 0 775 775 0 915 915 0 918 918 0 775 775 0 916 916 0 920 920 0 919 919 0 916 916 0 774 774 0 920 920 0 774 774 0 778 778 0 920 920 0 917 917 0 916 916 0 919 919 0 922 922 0 779 779 0 775 775 0 922 922 0 775 775 0 921 921 0 921 921 0 775 775 0 918 918 0 779 779 0 922 922 0 780 780 0 782 782 0 783 783 0 923 923 0 782 782 0 923 923 0 924 924 0 782 782 0 924 924 0 778 778 0 778 778 0 924 924 0 920 920 0 926 926 0 922 922 0 921 921 0 925 925 0 926 926 0 921 921 0 780 780 0 926 926 0 784 784 0 922 922 0 926 926 0 780 780 0 923 923 0 928 928 0 927 927 0 923 923 0 783 783 0 928 928 0 783 783 0 787 787 0 928 928 0 924 924 0 923 923 0 927 927 0 926 926 0 925 925 0 929 929 0 931 931 0 929 929 0 930 930 0 788 788 0 929 929 0 931 931 0 788 788 0 926 926 0 929 929 0 788 788 0 784 784 0 926 926 0 788 788 0 931 931 0 789 789 0 792 792 0 933 933 0 932 932 0 793 793 0 933 933 0 792 792 0 928 928 0 787 787 0 792 792 0 932 932 0 928 928 0 792 792 0 931 931 0 930 930 0 934 934 0 934 934 0 789 789 0 931 931 0 934 934 0 935 935 0 789 789 0 935 935 0 794 794 0 789 789 0 797 797 0 798 798 0 936 936 0 797 797 0 936 936 0 937 937 0 797 797 0 937 937 0 793 793 0 793 793 0 937 937 0 933 933 0 794 794 0 935 935 0 938 938 0 799 799 0 794 794 0 938 938 0 938 938 0 800 800 0 799 799 0 939 939 0 800 800 0 938 938 0 803 803 0 804 804 0 940 940 0 803 803 0 940 940 0 942 942 0 798 798 0 803 803 0 942 942 0 798 798 0 942 942 0 941 941 0 798 798 0 941 941 0 936 936 0 937 937 0 936 936 0 941 941 0 800 800 0 939 939 0 943 943 0 805 805 0 800 800 0 943 943 0 945 945 0 943 943 0 944 944 0 945 945 0 806 806 0 943 943 0 806 806 0 805 805 0 943 943 0 806 806 0 945 945 0 807 807 0 811 811 0 812 812 0 946 946 0 811 811 0 946 946 0 948 948 0 804 804 0 811 811 0 948 948 0 804 804 0 948 948 0 947 947 0 804 804 0 947 947 0 940 940 0 942 942 0 940 940 0 947 947 0 945 945 0 944 944 0 949 949 0 807 807 0 945 945 0 949 949 0 807 807 0 949 949 0 813 813 0 813 813 0 949 949 0 950 950 0 952 952 0 950 950 0 951 951 0 952 952 0 814 814 0 950 950 0 814 814 0 813 813 0 950 950 0 814 814 0 952 952 0 815 815 0 819 819 0 820 820 0 953 953 0 955 955 0 819 819 0 953 953 0 955 955 0 954 954 0 819 819 0 954 954 0 821 821 0 819 819 0 946 946 0 812 812 0 821 821 0 946 946 0 821 821 0 956 956 0 956 956 0 821 821 0 954 954 0 948 948 0 946 946 0 956 956 0 952 952 0 951 951 0 957 957 0 815 815 0 952 952 0 957 957 0 815 815 0 957 957 0 822 822 0 822 822 0 957 957 0 958 958 0 960 960 0 958 958 0 959 959 0 960 960 0 823 823 0 958 958 0 823 823 0 822 822 0 958 958 0 823 823 0 961 961 0 824 824 0 960 960 0 961 961 0 823 823 0 824 824 0 961 961 0 825 825 0 828 828 0 829 829 0 962 962 0 964 964 0 828 828 0 962 962 0 964 964 0 963 963 0 828 828 0 963 963 0 830 830 0 828 828 0 953 953 0 820 820 0 830 830 0 953 953 0 830 830 0 965 965 0 965 965 0 830 830 0 963 963 0 955 955 0 953 953 0 965 965 0 960 960 0 959 959 0 966 966 0 961 961 0 960 960 0 966 966 0 967 967 0 961 961 0 966 966 0 825 825 0 961 961 0 967 967 0 825 825 0 967 967 0 831 831 0 831 831 0 967 967 0 968 968 0 832 832 0 831 831 0 969 969 0 831 831 0 968 968 0 969 969 0 833 833 0 832 832 0 970 970 0 832 832 0 969 969 0 970 970 0 834 834 0 833 833 0 971 971 0 833 833 0 970 970 0 971 971 0 835 835 0 834 834 0 972 972 0 834 834 0 971 971 0 972 972 0 962 962 0 829 829 0 835 835 0 962 962 0 835 835 0 973 973 0 973 973 0 835 835 0 972 972 0 964 964 0 962 962 0 973 973 0 976 976 0 974 974 0 975 975 0 976 976 0 837 837 0 836 836 0 976 976 0 836 836 0 974 974 0 974 974 0 836 836 0 977 977 0 839 839 0 978 978 0 836 836 0 836 836 0 978 978 0 977 977 0 841 841 0 979 979 0 839 839 0 839 839 0 979 979 0 978 978 0 843 843 0 980 980 0 841 841 0 841 841 0 980 980 0 979 979 0 845 845 0 981 981 0 843 843 0 843 843 0 981 981 0 980 980 0 847 847 0 982 982 0 845 845 0 845 845 0 982 982 0 981 981 0 849 849 0 984 984 0 983 983 0 849 849 0 983 983 0 847 847 0 847 847 0 983 983 0 982 982 0 983 983 0 984 984 0 985 985 0 988 988 0 986 986 0 987 987 0 988 988 0 851 851 0 850 850 0 988 988 0 850 850 0 986 986 0 986 986 0 850 850 0 989 989 0 853 853 0 990 990 0 850 850 0 850 850 0 990 990 0 989 989 0 975 975 0 854 854 0 976 976 0 975 975 0 990 990 0 854 854 0 990 990 0 853 853 0 854 854 0 837 837 0 976 976 0 854 854 0 849 849 0 855 855 0 984 984 0 984 984 0 991 991 0 985 985 0 984 984 0 855 855 0 991 991 0 855 855 0 856 856 0 991 991 0 857 857 0 992 992 0 856 856 0 856 856 0 992 992 0 991 991 0 859 859 0 994 994 0 993 993 0 859 859 0 993 993 0 857 857 0 857 857 0 993 993 0 992 992 0 993 993 0 994 994 0 995 995 0 860 860 0 996 996 0 997 997 0 861 861 0 860 860 0 997 997 0 987 987 0 863 863 0 988 988 0 987 987 0 996 996 0 863 863 0 996 996 0 860 860 0 863 863 0 851 851 0 988 988 0 863 863 0 859 859 0 864 864 0 994 994 0 994 994 0 998 998 0 995 995 0 994 994 0 864 864 0 998 998 0 864 864 0 865 865 0 998 998 0 998 998 0 865 865 0 867 867 0 999 999 0 998 998 0 867 867 0 868 868 0 1000 1000 0 1001 1001 0 869 869 0 868 868 0 1001 1001 0 997 997 0 868 868 0 861 861 0 1000 1000 0 868 868 0 997 997 0 867 867 0 1002 1002 0 999 999 0 870 870 0 1002 1002 0 867 867 0 1002 1002 0 870 870 0 871 871 0 1003 1003 0 1002 1002 0 871 871 0 872 872 0 1004 1004 0 1005 1005 0 873 873 0 872 872 0 1005 1005 0 1001 1001 0 872 872 0 869 869 0 1004 1004 0 872 872 0 1001 1001 0 871 871 0 1006 1006 0 1003 1003 0 874 874 0 1006 1006 0 871 871 0 1006 1006 0 874 874 0 876 876 0 1007 1007 0 1006 1006 0 876 876 0 877 877 0 1008 1008 0 1009 1009 0 878 878 0 877 877 0 1009 1009 0 1005 1005 0 877 877 0 873 873 0 1008 1008 0 877 877 0 1005 1005 0 876 876 0 1010 1010 0 1007 1007 0 880 880 0 1010 1010 0 876 876 0 1010 1010 0 880 880 0 882 882 0 1011 1011 0 1010 1010 0 882 882 0 878 878 0 1009 1009 0 883 883 0 1009 1009 0 1012 1012 0 883 883 0 1013 1013 0 884 884 0 1014 1014 0 1013 1013 0 1011 1011 0 884 884 0 1011 1011 0 882 882 0 884 884 0 1013 1013 0 1014 1014 0 1015 1015 0 885 885 0 1016 1016 0 1017 1017 0 886 886 0 885 885 0 1017 1017 0 1012 1012 0 885 885 0 883 883 0 1016 1016 0 885 885 0 1012 1012 0 884 884 0 888 888 0 1014 1014 0 1014 1014 0 888 888 0 890 890 0 1014 1014 0 890 890 0 1015 1015 0 1015 1015 0 890 890 0 1018 1018 0 886 886 0 1017 1017 0 891 891 0 1017 1017 0 1019 1019 0 891 891 0 1020 1020 0 892 892 0 1021 1021 0 1020 1020 0 1018 1018 0 892 892 0 1018 1018 0 890 890 0 892 892 0 1020 1020 0 1021 1021 0 1022 1022 0 1025 1025 0 1023 1023 0 1024 1024 0 1025 1025 0 1019 1019 0 1023 1023 0 1025 1025 0 893 893 0 1019 1019 0 893 893 0 891 891 0 1019 1019 0 892 892 0 894 894 0 1021 1021 0 1021 1021 0 894 894 0 896 896 0 1021 1021 0 896 896 0 1022 1022 0 1022 1022 0 896 896 0 1026 1026 0 1028 1028 0 1025 1025 0 1024 1024 0 1027 1027 0 1028 1028 0 1024 1024 0 893 893 0 1028 1028 0 897 897 0 1025 1025 0 1028 1028 0 893 893 0 896 896 0 898 898 0 1026 1026 0 1026 1026 0 898 898 0 1029 1029 0 1031 1031 0 1028 1028 0 1027 1027 0 1030 1030 0 1031 1031 0 1027 1027 0 897 897 0 1031 1031 0 899 899 0 1028 1028 0 1031 1031 0 897 897 0 898 898 0 900 900 0 1029 1029 0 1029 1029 0 900 900 0 1032 1032 0 901 901 0 1031 1031 0 1030 1030 0 901 901 0 1030 1030 0 902 902 0 902 902 0 1030 1030 0 1033 1033 0 899 899 0 1031 1031 0 901 901 0 900 900 0 904 904 0 1032 1032 0 1032 1032 0 904 904 0 1034 1034 0 902 902 0 1033 1033 0 905 905 0 1033 1033 0 1035 1035 0 905 905 0 904 904 0 907 907 0 1034 1034 0 1034 1034 0 907 907 0 1036 1036 0 905 905 0 1035 1035 0 908 908 0 1035 1035 0 1037 1037 0 908 908 0 907 907 0 910 910 0 1036 1036 0 1036 1036 0 910 910 0 1038 1038 0 908 908 0 1037 1037 0 911 911 0 1037 1037 0 1039 1039 0 911 911 0 910 910 0 913 913 0 1038 1038 0 1038 1038 0 913 913 0 1040 1040 0 1042 1042 0 914 914 0 911 911 0 1042 1042 0 911 911 0 1041 1041 0 1041 1041 0 911 911 0 1039 1039 0 914 914 0 1042 1042 0 915 915 0 913 913 0 917 917 0 1040 1040 0 1040 1040 0 917 917 0 1043 1043 0 1045 1045 0 1042 1042 0 1041 1041 0 1044 1044 0 1045 1045 0 1041 1041 0 915 915 0 1045 1045 0 918 918 0 1042 1042 0 1045 1045 0 915 915 0 919 919 0 920 920 0 1046 1046 0 919 919 0 1046 1046 0 1047 1047 0 919 919 0 1047 1047 0 917 917 0 917 917 0 1047 1047 0 1043 1043 0 1045 1045 0 1044 1044 0 1048 1048 0 1048 1048 0 918 918 0 1045 1045 0 1048 1048 0 1049 1049 0 918 918 0 1049 1049 0 921 921 0 918 918 0 1046 1046 0 1051 1051 0 1050 1050 0 1046 1046 0 920 920 0 1051 1051 0 920 920 0 924 924 0 1051 1051 0 1047 1047 0 1046 1046 0 1050 1050 0 921 921 0 1049 1049 0 925 925 0 1049 1049 0 1052 1052 0 925 925 0 927 927 0 928 928 0 1053 1053 0 927 927 0 1053 1053 0 1054 1054 0 927 927 0 1054 1054 0 924 924 0 924 924 0 1054 1054 0 1051 1051 0 925 925 0 1052 1052 0 1055 1055 0 929 929 0 925 925 0 1055 1055 0 1055 1055 0 930 930 0 929 929 0 1056 1056 0 930 930 0 1055 1055 0 932 932 0 933 933 0 1057 1057 0 932 932 0 1057 1057 0 1059 1059 0 928 928 0 932 932 0 1059 1059 0 928 928 0 1059 1059 0 1058 1058 0 928 928 0 1058 1058 0 1053 1053 0 1054 1054 0 1053 1053 0 1058 1058 0 1061 1061 0 934 934 0 930 930 0 1061 1061 0 930 930 0 1060 1060 0 1060 1060 0 930 930 0 1056 1056 0 934 934 0 1061 1061 0 935 935 0 1057 1057 0 1063 1063 0 1062 1062 0 1057 1057 0 933 933 0 1063 1063 0 933 933 0 937 937 0 1063 1063 0 1059 1059 0 1057 1057 0 1062 1062 0 1061 1061 0 1060 1060 0 1064 1064 0 1066 1066 0 1064 1064 0 1065 1065 0 938 938 0 1064 1064 0 1066 1066 0 938 938 0 1061 1061 0 1064 1064 0 938 938 0 935 935 0 1061 1061 0 938 938 0 1066 1066 0 939 939 0 941 941 0 1068 1068 0 1067 1067 0 942 942 0 1068 1068 0 941 941 0 1063 1063 0 937 937 0 941 941 0 1067 1067 0 1063 1063 0 941 941 0 1066 1066 0 1065 1065 0 1069 1069 0 939 939 0 1066 1066 0 1069 1069 0 939 939 0 1069 1069 0 943 943 0 943 943 0 1069 1069 0 1070 1070 0 1070 1070 0 944 944 0 943 943 0 1071 1071 0 944 944 0 1070 1070 0 947 947 0 1073 1073 0 1072 1072 0 948 948 0 1073 1073 0 947 947 0 1068 1068 0 942 942 0 947 947 0 1072 1072 0 1068 1068 0 947 947 0 944 944 0 1071 1071 0 1074 1074 0 949 949 0 944 944 0 1074 1074 0 1076 1076 0 1074 1074 0 1075 1075 0 1076 1076 0 950 950 0 1074 1074 0 950 950 0 949 949 0 1074 1074 0 950 950 0 1076 1076 0 951 951 0 954 954 0 955 955 0 1077 1077 0 1079 1079 0 954 954 0 1077 1077 0 1079 1079 0 1078 1078 0 954 954 0 1078 1078 0 956 956 0 954 954 0 1073 1073 0 948 948 0 956 956 0 1078 1078 0 1073 1073 0 956 956 0 1076 1076 0 1075 1075 0 1080 1080 0 951 951 0 1076 1076 0 1080 1080 0 951 951 0 1080 1080 0 957 957 0 957 957 0 1080 1080 0 1081 1081 0 1083 1083 0 1081 1081 0 1082 1082 0 1083 1083 0 958 958 0 1081 1081 0 958 958 0 957 957 0 1081 1081 0 958 958 0 1083 1083 0 959 959 0 963 963 0 964 964 0 1084 1084 0 1086 1086 0 963 963 0 1084 1084 0 1086 1086 0 1085 1085 0 963 963 0 1085 1085 0 965 965 0 963 963 0 1077 1077 0 955 955 0 965 965 0 1077 1077 0 965 965 0 1087 1087 0 1087 1087 0 965 965 0 1085 1085 0 1079 1079 0 1077 1077 0 1087 1087 0 1083 1083 0 1082 1082 0 1088 1088 0 959 959 0 1083 1083 0 1088 1088 0 959 959 0 1088 1088 0 966 966 0 966 966 0 1088 1088 0 1089 1089 0 967 967 0 966 966 0 1090 1090 0 966 966 0 1089 1089 0 1090 1090 0 1092 1092 0 1090 1090 0 1091 1091 0 1092 1092 0 968 968 0 1090 1090 0 968 968 0 967 967 0 1090 1090 0 968 968 0 1093 1093 0 969 969 0 1092 1092 0 1093 1093 0 968 968 0 969 969 0 1094 1094 0 970 970 0 1093 1093 0 1094 1094 0 969 969 0 1096 1096 0 970 970 0 1094 1094 0 1096 1096 0 1095 1095 0 970 970 0 1095 1095 0 971 971 0 970 970 0 972 972 0 971 971 0 1097 1097 0 971 971 0 1095 1095 0 1097 1097 0 973 973 0 972 972 0 1098 1098 0 972 972 0 1097 1097 0 1098 1098 0 1084 1084 0 964 964 0 973 973 0 1084 1084 0 973 973 0 1099 1099 0 1099 1099 0 973 973 0 1098 1098 0 1086 1086 0 1084 1084 0 1099 1099 0 1092 1092 0 1091 1091 0 1100 1100 0 1093 1093 0 1092 1092 0 1100 1100 0 1101 1101 0 1093 1093 0 1100 1100 0 1094 1094 0 1093 1093 0 1101 1101 0 1102 1102 0 1094 1094 0 1101 1101 0 1096 1096 0 1094 1094 0 1102 1102 0 1105 1105 0 1103 1103 0 1104 1104 0 1105 1105 0 975 975 0 974 974 0 1105 1105 0 974 974 0 1103 1103 0 1103 1103 0 974 974 0 1106 1106 0 977 977 0 1107 1107 0 974 974 0 974 974 0 1107 1107 0 1106 1106 0 978 978 0 1108 1108 0 977 977 0 977 977 0 1108 1108 0 1107 1107 0 979 979 0 1109 1109 0 978 978 0 978 978 0 1109 1109 0 1108 1108 0 980 980 0 1110 1110 0 979 979 0 979 979 0 1110 1110 0 1109 1109 0 981 981 0 1111 1111 0 980 980 0 980 980 0 1111 1111 0 1110 1110 0 982 982 0 1112 1112 0 981 981 0 981 981 0 1112 1112 0 1111 1111 0 983 983 0 1113 1113 0 982 982 0 982 982 0 1113 1113 0 1112 1112 0 985 985 0 1115 1115 0 1114 1114 0 985 985 0 1114 1114 0 983 983 0 983 983 0 1114 1114 0 1113 1113 0 1114 1114 0 1115 1115 0 1116 1116 0 986 986 0 1117 1117 0 1118 1118 0 987 987 0 986 986 0 1118 1118 0 989 989 0 1119 1119 0 986 986 0 986 986 0 1119 1119 0 1117 1117 0 1104 1104 0 990 990 0 1105 1105 0 1104 1104 0 1119 1119 0 990 990 0 1119 1119 0 989 989 0 990 990 0 975 975 0 1105 1105 0 990 990 0 985 985 0 991 991 0 1115 1115 0 1115 1115 0 1120 1120 0 1116 1116 0 1115 1115 0 991 991 0 1120 1120 0 991 991 0 992 992 0 1120 1120 0 993 993 0 1121 1121 0 992 992 0 992 992 0 1121 1121 0 1120 1120 0 1121 1121 0 993 993 0 995 995 0 1122 1122 0 1121 1121 0 995 995 0 1125 1125 0 1123 1123 0 1124 1124 0 1125 1125 0 997 997 0 996 996 0 1125 1125 0 996 996 0 1123 1123 0 1123 1123 0 996 996 0 1126 1126 0 1118 1118 0 996 996 0 987 987 0 1126 1126 0 996 996 0 1118 1118 0 995 995 0 1127 1127 0 1122 1122 0 998 998 0 1127 1127 0 995 995 0 1127 1127 0 998 998 0 999 999 0 1128 1128 0 1127 1127 0 999 999 0 1131 1131 0 1129 1129 0 1130 1130 0 1124 1124 0 1129 1129 0 1131 1131 0 1125 1125 0 1124 1124 0 1131 1131 0 1125 1125 0 1131 1131 0 1001 1001 0 1125 1125 0 1001 1001 0 1000 1000 0 997 997 0 1125 1125 0 1000 1000 0 999 999 0 1132 1132 0 1128 1128 0 1002 1002 0 1132 1132 0 999 999 0 1003 1003 0 1134 1134 0 1133 1133 0 1003 1003 0 1133 1133 0 1002 1002 0 1002 1002 0 1133 1133 0 1132 1132 0 1133 1133 0 1134 1134 0 1135 1135 0 1138 1138 0 1136 1136 0 1137 1137 0 1130 1130 0 1136 1136 0 1138 1138 0 1131 1131 0 1130 1130 0 1138 1138 0 1131 1131 0 1138 1138 0 1005 1005 0 1131 1131 0 1005 1005 0 1004 1004 0 1001 1001 0 1131 1131 0 1004 1004 0 1003 1003 0 1006 1006 0 1134 1134 0 1007 1007 0 1140 1140 0 1139 1139 0 1006 1006 0 1007 1007 0 1139 1139 0 1006 1006 0 1139 1139 0 1135 1135 0 1006 1006 0 1135 1135 0 1134 1134 0 1139 1139 0 1140 1140 0 1141 1141 0 1008 1008 0 1138 1138 0 1137 1137 0 1008 1008 0 1137 1137 0 1009 1009 0 1009 1009 0 1137 1137 0 1142 1142 0 1005 1005 0 1138 1138 0 1008 1008 0 1007 1007 0 1010 1010 0 1140 1140 0 1140 1140 0 1010 1010 0 1011 1011 0 1140 1140 0 1011 1011 0 1141 1141 0 1141 1141 0 1011 1011 0 1143 1143 0 1146 1146 0 1144 1144 0 1145 1145 0 1146 1146 0 1142 1142 0 1144 1144 0 1146 1146 0 1012 1012 0 1142 1142 0 1012 1012 0 1009 1009 0 1142 1142 0 1011 1011 0 1147 1147 0 1143 1143 0 1013 1013 0 1147 1147 0 1011 1011 0 1147 1147 0 1013 1013 0 1015 1015 0 1148 1148 0 1147 1147 0 1015 1015 0 1016 1016 0 1146 1146 0 1145 1145 0 1016 1016 0 1145 1145 0 1017 1017 0 1017 1017 0 1145 1145 0 1149 1149 0 1012 1012 0 1146 1146 0 1016 1016 0 1015 1015 0 1018 1018 0 1148 1148 0 1148 1148 0 1018 1018 0 1150 1150 0 1017 1017 0 1149 1149 0 1019 1019 0 1149 1149 0 1151 1151 0 1019 1019 0 1018 1018 0 1152 1152 0 1150 1150 0 1020 1020 0 1152 1152 0 1018 1018 0 1152 1152 0 1020 1020 0 1022 1022 0 1153 1153 0 1152 1152 0 1022 1022 0 1023 1023 0 1154 1154 0 1155 1155 0 1024 1024 0 1023 1023 0 1155 1155 0 1151 1151 0 1023 1023 0 1019 1019 0 1154 1154 0 1023 1023 0 1151 1151 0 1022 1022 0 1026 1026 0 1153 1153 0 1153 1153 0 1026 1026 0 1156 1156 0 1024 1024 0 1155 1155 0 1027 1027 0 1155 1155 0 1157 1157 0 1027 1027 0 1158 1158 0 1029 1029 0 1159 1159 0 1158 1158 0 1156 1156 0 1029 1029 0 1156 1156 0 1026 1026 0 1029 1029 0 1158 1158 0 1159 1159 0 1160 1160 0 1027 1027 0 1157 1157 0 1030 1030 0 1157 1157 0 1161 1161 0 1030 1030 0 1159 1159 0 1032 1032 0 1162 1162 0 1029 1029 0 1032 1032 0 1159 1159 0 1163 1163 0 1160 1160 0 1159 1159 0 1162 1162 0 1163 1163 0 1159 1159 0 1030 1030 0 1161 1161 0 1033 1033 0 1161 1161 0 1164 1164 0 1033 1033 0 1162 1162 0 1034 1034 0 1165 1165 0 1032 1032 0 1034 1034 0 1162 1162 0 1166 1166 0 1163 1163 0 1162 1162 0 1165 1165 0 1166 1166 0 1162 1162 0 1033 1033 0 1164 1164 0 1035 1035 0 1164 1164 0 1167 1167 0 1035 1035 0 1165 1165 0 1036 1036 0 1168 1168 0 1034 1034 0 1036 1036 0 1165 1165 0 1169 1169 0 1166 1166 0 1165 1165 0 1168 1168 0 1169 1169 0 1165 1165 0 1035 1035 0 1167 1167 0 1037 1037 0 1167 1167 0 1170 1170 0 1037 1037 0 1168 1168 0 1038 1038 0 1171 1171 0 1036 1036 0 1038 1038 0 1168 1168 0 1172 1172 0 1169 1169 0 1168 1168 0 1171 1171 0 1172 1172 0 1168 1168 0 1037 1037 0 1170 1170 0 1039 1039 0 1170 1170 0 1173 1173 0 1039 1039 0 1171 1171 0 1175 1175 0 1174 1174 0 1171 1171 0 1038 1038 0 1175 1175 0 1038 1038 0 1040 1040 0 1175 1175 0 1172 1172 0 1171 1171 0 1174 1174 0 1039 1039 0 1173 1173 0 1041 1041 0 1173 1173 0 1176 1176 0 1041 1041 0 1040 1040 0 1043 1043 0 1175 1175 0 1175 1175 0 1043 1043 0 1177 1177 0 1041 1041 0 1176 1176 0 1044 1044 0 1176 1176 0 1178 1178 0 1044 1044 0 1043 1043 0 1047 1047 0 1177 1177 0 1177 1177 0 1047 1047 0 1179 1179 0 1044 1044 0 1178 1178 0 1180 1180 0 1048 1048 0 1044 1044 0 1180 1180 0 1180 1180 0 1049 1049 0 1048 1048 0 1181 1181 0 1049 1049 0 1180 1180 0 1050 1050 0 1183 1183 0 1182 1182 0 1051 1051 0 1183 1183 0 1050 1050 0 1179 1179 0 1047 1047 0 1050 1050 0 1182 1182 0 1179 1179 0 1050 1050 0 1049 1049 0 1181 1181 0 1052 1052 0 1181 1181 0 1184 1184 0 1052 1052 0 1051 1051 0 1054 1054 0 1183 1183 0 1183 1183 0 1054 1054 0 1185 1185 0 1052 1052 0 1184 1184 0 1186 1186 0 1055 1055 0 1052 1052 0 1186 1186 0 1186 1186 0 1056 1056 0 1055 1055 0 1187 1187 0 1056 1056 0 1186 1186 0 1058 1058 0 1189 1189 0 1188 1188 0 1059 1059 0 1189 1189 0 1058 1058 0 1185 1185 0 1054 1054 0 1058 1058 0 1188 1188 0 1185 1185 0 1058 1058 0 1056 1056 0 1187 1187 0 1060 1060 0 1187 1187 0 1190 1190 0 1060 1060 0 1062 1062 0 1192 1192 0 1191 1191 0 1063 1063 0 1192 1192 0 1062 1062 0 1189 1189 0 1059 1059 0 1062 1062 0 1191 1191 0 1189 1189 0 1062 1062 0 1060 1060 0 1190 1190 0 1193 1193 0 1064 1064 0 1060 1060 0 1193 1193 0 1193 1193 0 1065 1065 0 1064 1064 0 1194 1194 0 1065 1065 0 1193 1193 0 1067 1067 0 1196 1196 0 1195 1195 0 1068 1068 0 1196 1196 0 1067 1067 0 1192 1192 0 1063 1063 0 1067 1067 0 1195 1195 0 1192 1192 0 1067 1067 0 1065 1065 0 1194 1194 0 1197 1197 0 1069 1069 0 1065 1065 0 1197 1197 0 1199 1199 0 1197 1197 0 1198 1198 0 1199 1199 0 1070 1070 0 1197 1197 0 1070 1070 0 1069 1069 0 1197 1197 0 1070 1070 0 1199 1199 0 1071 1071 0 1072 1072 0 1201 1201 0 1200 1200 0 1073 1073 0 1201 1201 0 1072 1072 0 1196 1196 0 1068 1068 0 1072 1072 0 1200 1200 0 1196 1196 0 1072 1072 0 1199 1199 0 1198 1198 0 1202 1202 0 1071 1071 0 1199 1199 0 1202 1202 0 1071 1071 0 1202 1202 0 1074 1074 0 1074 1074 0 1202 1202 0 1203 1203 0 1203 1203 0 1075 1075 0 1074 1074 0 1204 1204 0 1075 1075 0 1203 1203 0 1078 1078 0 1206 1206 0 1205 1205 0 1079 1079 0 1206 1206 0 1078 1078 0 1201 1201 0 1073 1073 0 1078 1078 0 1205 1205 0 1201 1201 0 1078 1078 0 1075 1075 0 1204 1204 0 1207 1207 0 1080 1080 0 1075 1075 0 1207 1207 0 1081 1081 0 1080 1080 0 1208 1208 0 1080 1080 0 1207 1207 0 1208 1208 0 1208 1208 0 1082 1082 0 1081 1081 0 1209 1209 0 1082 1082 0 1208 1208 0 1085 1085 0 1211 1211 0 1210 1210 0 1086 1086 0 1211 1211 0 1085 1085 0 1087 1087 0 1085 1085 0 1212 1212 0 1085 1085 0 1210 1210 0 1212 1212 0 1206 1206 0 1079 1079 0 1087 1087 0 1212 1212 0 1206 1206 0 1087 1087 0 1082 1082 0 1209 1209 0 1213 1213 0 1088 1088 0 1082 1082 0 1213 1213 0 1089 1089 0 1088 1088 0 1214 1214 0 1088 1088 0 1213 1213 0 1214 1214 0 1216 1216 0 1214 1214 0 1215 1215 0 1216 1216 0 1090 1090 0 1214 1214 0 1090 1090 0 1089 1089 0 1214 1214 0 1090 1090 0 1216 1216 0 1091 1091 0 1095 1095 0 1096 1096 0 1217 1217 0 1219 1219 0 1095 1095 0 1217 1217 0 1219 1219 0 1218 1218 0 1095 1095 0 1218 1218 0 1097 1097 0 1095 1095 0 1098 1098 0 1097 1097 0 1220 1220 0 1097 1097 0 1218 1218 0 1220 1220 0 1099 1099 0 1098 1098 0 1221 1221 0 1098 1098 0 1220 1220 0 1221 1221 0 1211 1211 0 1086 1086 0 1099 1099 0 1221 1221 0 1211 1211 0 1099 1099 0 1216 1216 0 1215 1215 0 1222 1222 0 1091 1091 0 1216 1216 0 1222 1222 0 1091 1091 0 1222 1222 0 1100 1100 0 1100 1100 0 1222 1222 0 1223 1223 0 1101 1101 0 1100 1100 0 1224 1224 0 1100 1100 0 1223 1223 0 1224 1224 0 1102 1102 0 1101 1101 0 1225 1225 0 1101 1101 0 1224 1224 0 1225 1225 0 1217 1217 0 1096 1096 0 1102 1102 0 1217 1217 0 1102 1102 0 1226 1226 0 1226 1226 0 1102 1102 0 1225 1225 0 1219 1219 0 1217 1217 0 1226 1226 0 1229 1229 0 1227 1227 0 1228 1228 0 1229 1229 0 1231 1231 0 1230 1230 0 1227 1227 0 1229 1229 0 1230 1230 0 1231 1231 0 1233 1233 0 1232 1232 0 1230 1230 0 1231 1231 0 1232 1232 0 1232 1232 0 1233 1233 0 1234 1234 0 1103 1103 0 1235 1235 0 1236 1236 0 1104 1104 0 1103 1103 0 1236 1236 0 1106 1106 0 1237 1237 0 1103 1103 0 1103 1103 0 1237 1237 0 1235 1235 0 1107 1107 0 1238 1238 0 1106 1106 0 1106 1106 0 1238 1238 0 1237 1237 0 1108 1108 0 1239 1239 0 1107 1107 0 1107 1107 0 1239 1239 0 1238 1238 0 1228 1228 0 1109 1109 0 1229 1229 0 1228 1228 0 1239 1239 0 1109 1109 0 1239 1239 0 1108 1108 0 1109 1109 0 1110 1110 0 1229 1229 0 1109 1109 0 1231 1231 0 1229 1229 0 1110 1110 0 1111 1111 0 1231 1231 0 1110 1110 0 1233 1233 0 1231 1231 0 1111 1111 0 1233 1233 0 1240 1240 0 1234 1234 0 1233 1233 0 1111 1111 0 1240 1240 0 1111 1111 0 1112 1112 0 1240 1240 0 1113 1113 0 1241 1241 0 1112 1112 0 1112 1112 0 1241 1241 0 1240 1240 0 1114 1114 0 1242 1242 0 1113 1113 0 1113 1113 0 1242 1242 0 1241 1241 0 1242 1242 0 1114 1114 0 1116 1116 0 1243 1243 0 1242 1242 0 1116 1116 0 1117 1117 0 1244 1244 0 1245 1245 0 1118 1118 0 1117 1117 0 1245 1245 0 1119 1119 0 1246 1246 0 1117 1117 0 1117 1117 0 1246 1246 0 1244 1244 0 1236 1236 0 1119 1119 0 1104 1104 0 1246 1246 0 1119 1119 0 1236 1236 0 1116 1116 0 1247 1247 0 1243 1243 0 1120 1120 0 1247 1247 0 1116 1116 0 1121 1121 0 1248 1248 0 1120 1120 0 1120 1120 0 1248 1248 0 1247 1247 0 1248 1248 0 1121 1121 0 1122 1122 0 1249 1249 0 1248 1248 0 1122 1122 0 1123 1123 0 1250 1250 0 1251 1251 0 1124 1124 0 1123 1123 0 1251 1251 0 1126 1126 0 1252 1252 0 1123 1123 0 1123 1123 0 1252 1252 0 1250 1250 0 1245 1245 0 1126 1126 0 1118 1118 0 1252 1252 0 1126 1126 0 1245 1245 0 1122 1122 0 1253 1253 0 1249 1249 0 1127 1127 0 1253 1253 0 1122 1122 0 1128 1128 0 1255 1255 0 1254 1254 0 1128 1128 0 1254 1254 0 1127 1127 0 1127 1127 0 1254 1254 0 1253 1253 0 1254 1254 0 1255 1255 0 1256 1256 0 1129 1129 0 1257 1257 0 1258 1258 0 1130 1130 0 1129 1129 0 1258 1258 0 1251 1251 0 1129 1129 0 1124 1124 0 1257 1257 0 1129 1129 0 1251 1251 0 1128 1128 0 1132 1132 0 1255 1255 0 1255 1255 0 1259 1259 0 1256 1256 0 1255 1255 0 1132 1132 0 1259 1259 0 1132 1132 0 1133 1133 0 1259 1259 0 1259 1259 0 1133 1133 0 1135 1135 0 1260 1260 0 1259 1259 0 1135 1135 0 1136 1136 0 1261 1261 0 1262 1262 0 1137 1137 0 1136 1136 0 1262 1262 0 1258 1258 0 1136 1136 0 1130 1130 0 1261 1261 0 1136 1136 0 1258 1258 0 1135 1135 0 1263 1263 0 1260 1260 0 1139 1139 0 1263 1263 0 1135 1135 0 1263 1263 0 1139 1139 0 1141 1141 0 1264 1264 0 1263 1263 0 1141 1141 0 1137 1137 0 1262 1262 0 1142 1142 0 1262 1262 0 1265 1265 0 1142 1142 0 1141 1141 0 1143 1143 0 1264 1264 0 1264 1264 0 1143 1143 0 1266 1266 0 1144 1144 0 1267 1267 0 1268 1268 0 1145 1145 0 1144 1144 0 1268 1268 0 1265 1265 0 1144 1144 0 1142 1142 0 1267 1267 0 1144 1144 0 1265 1265 0 1143 1143 0 1269 1269 0 1266 1266 0 1147 1147 0 1269 1269 0 1143 1143 0 1269 1269 0 1147 1147 0 1148 1148 0 1270 1270 0 1269 1269 0 1148 1148 0 1145 1145 0 1268 1268 0 1149 1149 0 1268 1268 0 1271 1271 0 1149 1149 0 1272 1272 0 1150 1150 0 1273 1273 0 1272 1272 0 1270 1270 0 1150 1150 0 1270 1270 0 1148 1148 0 1150 1150 0 1272 1272 0 1273 1273 0 1274 1274 0 1277 1277 0 1275 1275 0 1276 1276 0 1277 1277 0 1271 1271 0 1275 1275 0 1277 1277 0 1151 1151 0 1271 1271 0 1151 1151 0 1149 1149 0 1271 1271 0 1150 1150 0 1152 1152 0 1273 1273 0 1273 1273 0 1152 1152 0 1153 1153 0 1273 1273 0 1153 1153 0 1274 1274 0 1274 1274 0 1153 1153 0 1278 1278 0 1154 1154 0 1277 1277 0 1276 1276 0 1154 1154 0 1276 1276 0 1155 1155 0 1155 1155 0 1276 1276 0 1279 1279 0 1151 1151 0 1277 1277 0 1154 1154 0 1153 1153 0 1156 1156 0 1278 1278 0 1278 1278 0 1156 1156 0 1280 1280 0 1155 1155 0 1279 1279 0 1157 1157 0 1279 1279 0 1281 1281 0 1157 1157 0 1156 1156 0 1282 1282 0 1280 1280 0 1158 1158 0 1282 1282 0 1156 1156 0 1282 1282 0 1158 1158 0 1160 1160 0 1283 1283 0 1282 1282 0 1160 1160 0 1157 1157 0 1281 1281 0 1161 1161 0 1281 1281 0 1284 1284 0 1161 1161 0 1160 1160 0 1163 1163 0 1283 1283 0 1283 1283 0 1163 1163 0 1285 1285 0 1161 1161 0 1284 1284 0 1164 1164 0 1284 1284 0 1286 1286 0 1164 1164 0 1163 1163 0 1166 1166 0 1285 1285 0 1285 1285 0 1166 1166 0 1287 1287 0 1290 1290 0 1288 1288 0 1289 1289 0 1290 1290 0 1286 1286 0 1288 1288 0 1290 1290 0 1167 1167 0 1286 1286 0 1167 1167 0 1164 1164 0 1286 1286 0 1166 1166 0 1169 1169 0 1287 1287 0 1287 1287 0 1169 1169 0 1291 1291 0 1290 1290 0 1289 1289 0 1292 1292 0 1292 1292 0 1167 1167 0 1290 1290 0 1292 1292 0 1293 1293 0 1167 1167 0 1293 1293 0 1170 1170 0 1167 1167 0 1169 1169 0 1172 1172 0 1291 1291 0 1291 1291 0 1172 1172 0 1294 1294 0 1170 1170 0 1293 1293 0 1173 1173 0 1293 1293 0 1295 1295 0 1173 1173 0 1174 1174 0 1175 1175 0 1296 1296 0 1174 1174 0 1296 1296 0 1297 1297 0 1174 1174 0 1297 1297 0 1172 1172 0 1172 1172 0 1297 1297 0 1294 1294 0 1173 1173 0 1295 1295 0 1176 1176 0 1295 1295 0 1298 1298 0 1176 1176 0 1296 1296 0 1300 1300 0 1299 1299 0 1296 1296 0 1175 1175 0 1300 1300 0 1175 1175 0 1177 1177 0 1300 1300 0 1297 1297 0 1296 1296 0 1299 1299 0 1176 1176 0 1298 1298 0 1178 1178 0 1298 1298 0 1301 1301 0 1178 1178 0 1177 1177 0 1179 1179 0 1300 1300 0 1300 1300 0 1179 1179 0 1302 1302 0 1178 1178 0 1301 1301 0 1303 1303 0 1180 1180 0 1178 1178 0 1303 1303 0 1303 1303 0 1181 1181 0 1180 1180 0 1304 1304 0 1181 1181 0 1303 1303 0 1182 1182 0 1183 1183 0 1305 1305 0 1182 1182 0 1305 1305 0 1306 1306 0 1182 1182 0 1306 1306 0 1179 1179 0 1179 1179 0 1306 1306 0 1302 1302 0 1181 1181 0 1304 1304 0 1184 1184 0 1304 1304 0 1307 1307 0 1184 1184 0 1305 1305 0 1309 1309 0 1308 1308 0 1305 1305 0 1183 1183 0 1309 1309 0 1183 1183 0 1185 1185 0 1309 1309 0 1306 1306 0 1305 1305 0 1308 1308 0 1311 1311 0 1186 1186 0 1184 1184 0 1311 1311 0 1184 1184 0 1310 1310 0 1310 1310 0 1184 1184 0 1307 1307 0 1186 1186 0 1311 1311 0 1187 1187 0 1188 1188 0 1313 1313 0 1312 1312 0 1189 1189 0 1313 1313 0 1188 1188 0 1309 1309 0 1185 1185 0 1188 1188 0 1312 1312 0 1309 1309 0 1188 1188 0 1311 1311 0 1310 1310 0 1314 1314 0 1314 1314 0 1187 1187 0 1311 1311 0 1314 1314 0 1315 1315 0 1187 1187 0 1315 1315 0 1190 1190 0 1187 1187 0 1191 1191 0 1192 1192 0 1316 1316 0 1191 1191 0 1316 1316 0 1317 1317 0 1191 1191 0 1317 1317 0 1189 1189 0 1189 1189 0 1317 1317 0 1313 1313 0 1190 1190 0 1315 1315 0 1318 1318 0 1193 1193 0 1190 1190 0 1318 1318 0 1318 1318 0 1194 1194 0 1193 1193 0 1319 1319 0 1194 1194 0 1318 1318 0 1195 1195 0 1196 1196 0 1320 1320 0 1195 1195 0 1320 1320 0 1322 1322 0 1192 1192 0 1195 1195 0 1322 1322 0 1192 1192 0 1322 1322 0 1321 1321 0 1192 1192 0 1321 1321 0 1316 1316 0 1317 1317 0 1316 1316 0 1321 1321 0 1194 1194 0 1319 1319 0 1323 1323 0 1197 1197 0 1194 1194 0 1323 1323 0 1323 1323 0 1198 1198 0 1197 1197 0 1324 1324 0 1198 1198 0 1323 1323 0 1200 1200 0 1201 1201 0 1325 1325 0 1200 1200 0 1325 1325 0 1327 1327 0 1196 1196 0 1200 1200 0 1327 1327 0 1196 1196 0 1327 1327 0 1326 1326 0 1196 1196 0 1326 1326 0 1320 1320 0 1322 1322 0 1320 1320 0 1326 1326 0 1198 1198 0 1324 1324 0 1328 1328 0 1202 1202 0 1198 1198 0 1328 1328 0 1330 1330 0 1328 1328 0 1329 1329 0 1330 1330 0 1203 1203 0 1328 1328 0 1203 1203 0 1202 1202 0 1328 1328 0 1203 1203 0 1330 1330 0 1204 1204 0 1205 1205 0 1332 1332 0 1331 1331 0 1206 1206 0 1332 1332 0 1205 1205 0 1325 1325 0 1201 1201 0 1205 1205 0 1325 1325 0 1205 1205 0 1333 1333 0 1333 1333 0 1205 1205 0 1331 1331 0 1327 1327 0 1325 1325 0 1333 1333 0 1330 1330 0 1329 1329 0 1334 1334 0 1204 1204 0 1330 1330 0 1334 1334 0 1204 1204 0 1334 1334 0 1207 1207 0 1207 1207 0 1334 1334 0 1335 1335 0 1337 1337 0 1335 1335 0 1336 1336 0 1337 1337 0 1208 1208 0 1335 1335 0 1208 1208 0 1207 1207 0 1335 1335 0 1208 1208 0 1337 1337 0 1209 1209 0 1210 1210 0 1211 1211 0 1338 1338 0 1340 1340 0 1210 1210 0 1338 1338 0 1340 1340 0 1339 1339 0 1210 1210 0 1339 1339 0 1212 1212 0 1210 1210 0 1332 1332 0 1206 1206 0 1212 1212 0 1339 1339 0 1332 1332 0 1212 1212 0 1337 1337 0 1336 1336 0 1341 1341 0 1209 1209 0 1337 1337 0 1341 1341 0 1209 1209 0 1341 1341 0 1213 1213 0 1213 1213 0 1341 1341 0 1342 1342 0 1214 1214 0 1213 1213 0 1343 1343 0 1213 1213 0 1342 1342 0 1343 1343 0 1343 1343 0 1215 1215 0 1214 1214 0 1344 1344 0 1215 1215 0 1343 1343 0 1218 1218 0 1219 1219 0 1345 1345 0 1347 1347 0 1218 1218 0 1345 1345 0 1347 1347 0 1346 1346 0 1218 1218 0 1346 1346 0 1220 1220 0 1218 1218 0 1221 1221 0 1220 1220 0 1348 1348 0 1220 1220 0 1346 1346 0 1348 1348 0 1338 1338 0 1211 1211 0 1221 1221 0 1338 1338 0 1221 1221 0 1349 1349 0 1349 1349 0 1221 1221 0 1348 1348 0 1340 1340 0 1338 1338 0 1349 1349 0 1215 1215 0 1344 1344 0 1350 1350 0 1222 1222 0 1215 1215 0 1350 1350 0 1223 1223 0 1222 1222 0 1351 1351 0 1222 1222 0 1350 1350 0 1351 1351 0 1224 1224 0 1223 1223 0 1352 1352 0 1223 1223 0 1351 1351 0 1352 1352 0 1225 1225 0 1224 1224 0 1353 1353 0 1224 1224 0 1352 1352 0 1353 1353 0 1226 1226 0 1225 1225 0 1354 1354 0 1225 1225 0 1353 1353 0 1354 1354 0 1345 1345 0 1219 1219 0 1226 1226 0 1345 1345 0 1226 1226 0 1355 1355 0 1355 1355 0 1226 1226 0 1354 1354 0 1347 1347 0 1345 1345 0 1355 1355 0 1358 1358 0 1356 1356 0 1357 1357 0 1358 1358 0 1228 1228 0 1227 1227 0 1358 1358 0 1227 1227 0 1356 1356 0 1356 1356 0 1227 1227 0 1359 1359 0 1230 1230 0 1360 1360 0 1227 1227 0 1227 1227 0 1360 1360 0 1359 1359 0 1232 1232 0 1361 1361 0 1230 1230 0 1230 1230 0 1361 1361 0 1360 1360 0 1234 1234 0 1363 1363 0 1362 1362 0 1234 1234 0 1362 1362 0 1232 1232 0 1232 1232 0 1362 1362 0 1361 1361 0 1362 1362 0 1363 1363 0 1364 1364 0 1235 1235 0 1365 1365 0 1366 1366 0 1236 1236 0 1235 1235 0 1366 1366 0 1237 1237 0 1367 1367 0 1235 1235 0 1235 1235 0 1367 1367 0 1365 1365 0 1238 1238 0 1368 1368 0 1237 1237 0 1237 1237 0 1368 1368 0 1367 1367 0 1357 1357 0 1239 1239 0 1358 1358 0 1357 1357 0 1368 1368 0 1239 1239 0 1368 1368 0 1238 1238 0 1239 1239 0 1228 1228 0 1358 1358 0 1239 1239 0 1234 1234 0 1240 1240 0 1363 1363 0 1363 1363 0 1369 1369 0 1364 1364 0 1363 1363 0 1240 1240 0 1369 1369 0 1240 1240 0 1241 1241 0 1369 1369 0 1242 1242 0 1370 1370 0 1241 1241 0 1241 1241 0 1370 1370 0 1369 1369 0 1370 1370 0 1242 1242 0 1243 1243 0 1371 1371 0 1370 1370 0 1243 1243 0 1244 1244 0 1372 1372 0 1373 1373 0 1245 1245 0 1244 1244 0 1373 1373 0 1246 1246 0 1374 1374 0 1244 1244 0 1244 1244 0 1374 1374 0 1372 1372 0 1366 1366 0 1246 1246 0 1236 1236 0 1374 1374 0 1246 1246 0 1366 1366 0 1243 1243 0 1375 1375 0 1371 1371 0 1247 1247 0 1375 1375 0 1243 1243 0 1248 1248 0 1376 1376 0 1247 1247 0 1247 1247 0 1376 1376 0 1375 1375 0 1249 1249 0 1378 1378 0 1377 1377 0 1249 1249 0 1377 1377 0 1248 1248 0 1248 1248 0 1377 1377 0 1376 1376 0 1377 1377 0 1378 1378 0 1379 1379 0 1250 1250 0 1380 1380 0 1381 1381 0 1251 1251 0 1250 1250 0 1381 1381 0 1252 1252 0 1382 1382 0 1250 1250 0 1250 1250 0 1382 1382 0 1380 1380 0 1373 1373 0 1252 1252 0 1245 1245 0 1382 1382 0 1252 1252 0 1373 1373 0 1249 1249 0 1253 1253 0 1378 1378 0 1378 1378 0 1383 1383 0 1379 1379 0 1378 1378 0 1253 1253 0 1383 1383 0 1253 1253 0 1254 1254 0 1383 1383 0 1383 1383 0 1254 1254 0 1256 1256 0 1384 1384 0 1383 1383 0 1256 1256 0 1257 1257 0 1385 1385 0 1386 1386 0 1258 1258 0 1257 1257 0 1386 1386 0 1381 1381 0 1257 1257 0 1251 1251 0 1385 1385 0 1257 1257 0 1381 1381 0 1256 1256 0 1387 1387 0 1384 1384 0 1259 1259 0 1387 1387 0 1256 1256 0 1387 1387 0 1259 1259 0 1260 1260 0 1388 1388 0 1387 1387 0 1260 1260 0 1261 1261 0 1389 1389 0 1390 1390 0 1262 1262 0 1261 1261 0 1390 1390 0 1386 1386 0 1261 1261 0 1258 1258 0 1389 1389 0 1261 1261 0 1386 1386 0 1260 1260 0 1391 1391 0 1388 1388 0 1263 1263 0 1391 1391 0 1260 1260 0 1391 1391 0 1263 1263 0 1264 1264 0 1392 1392 0 1391 1391 0 1264 1264 0 1395 1395 0 1393 1393 0 1394 1394 0 1395 1395 0 1390 1390 0 1393 1393 0 1395 1395 0 1265 1265 0 1390 1390 0 1265 1265 0 1262 1262 0 1390 1390 0 1396 1396 0 1266 1266 0 1397 1397 0 1396 1396 0 1392 1392 0 1266 1266 0 1392 1392 0 1264 1264 0 1266 1266 0 1396 1396 0 1397 1397 0 1398 1398 0 1267 1267 0 1395 1395 0 1394 1394 0 1267 1267 0 1394 1394 0 1268 1268 0 1268 1268 0 1394 1394 0 1399 1399 0 1265 1265 0 1395 1395 0 1267 1267 0 1266 1266 0 1269 1269 0 1397 1397 0 1397 1397 0 1269 1269 0 1270 1270 0 1397 1397 0 1270 1270 0 1398 1398 0 1398 1398 0 1270 1270 0 1400 1400 0 1268 1268 0 1399 1399 0 1271 1271 0 1399 1399 0 1401 1401 0 1271 1271 0 1270 1270 0 1402 1402 0 1400 1400 0 1272 1272 0 1402 1402 0 1270 1270 0 1402 1402 0 1272 1272 0 1274 1274 0 1403 1403 0 1402 1402 0 1274 1274 0 1275 1275 0 1404 1404 0 1405 1405 0 1276 1276 0 1275 1275 0 1405 1405 0 1401 1401 0 1275 1275 0 1271 1271 0 1404 1404 0 1275 1275 0 1401 1401 0 1274 1274 0 1278 1278 0 1403 1403 0 1403 1403 0 1278 1278 0 1406 1406 0 1276 1276 0 1405 1405 0 1279 1279 0 1405 1405 0 1407 1407 0 1279 1279 0 1278 1278 0 1280 1280 0 1406 1406 0 1406 1406 0 1280 1280 0 1408 1408 0 1279 1279 0 1407 1407 0 1281 1281 0 1407 1407 0 1409 1409 0 1281 1281 0 1280 1280 0 1410 1410 0 1408 1408 0 1282 1282 0 1410 1410 0 1280 1280 0 1410 1410 0 1282 1282 0 1283 1283 0 1411 1411 0 1410 1410 0 1283 1283 0 1281 1281 0 1409 1409 0 1284 1284 0 1409 1409 0 1412 1412 0 1284 1284 0 1283 1283 0 1285 1285 0 1411 1411 0 1411 1411 0 1285 1285 0 1413 1413 0 1416 1416 0 1414 1414 0 1415 1415 0 1416 1416 0 1412 1412 0 1414 1414 0 1416 1416 0 1286 1286 0 1412 1412 0 1286 1286 0 1284 1284 0 1412 1412 0 1285 1285 0 1287 1287 0 1413 1413 0 1413 1413 0 1287 1287 0 1417 1417 0 1288 1288 0 1416 1416 0 1415 1415 0 1288 1288 0 1415 1415 0 1289 1289 0 1289 1289 0 1415 1415 0 1418 1418 0 1286 1286 0 1416 1416 0 1288 1288 0 1287 1287 0 1291 1291 0 1417 1417 0 1417 1417 0 1291 1291 0 1419 1419 0 1421 1421 0 1292 1292 0 1289 1289 0 1421 1421 0 1289 1289 0 1420 1420 0 1420 1420 0 1289 1289 0 1418 1418 0 1292 1292 0 1421 1421 0 1293 1293 0 1291 1291 0 1294 1294 0 1419 1419 0 1419 1419 0 1294 1294 0 1422 1422 0 1421 1421 0 1420 1420 0 1423 1423 0 1423 1423 0 1293 1293 0 1421 1421 0 1423 1423 0 1424 1424 0 1293 1293 0 1424 1424 0 1295 1295 0 1293 1293 0 1294 1294 0 1297 1297 0 1422 1422 0 1422 1422 0 1297 1297 0 1425 1425 0 1295 1295 0 1424 1424 0 1298 1298 0 1424 1424 0 1426 1426 0 1298 1298 0 1299 1299 0 1428 1428 0 1427 1427 0 1300 1300 0 1428 1428 0 1299 1299 0 1425 1425 0 1297 1297 0 1299 1299 0 1427 1427 0 1425 1425 0 1299 1299 0 1298 1298 0 1426 1426 0 1301 1301 0 1426 1426 0 1429 1429 0 1301 1301 0 1300 1300 0 1302 1302 0 1428 1428 0 1428 1428 0 1302 1302 0 1430 1430 0 1301 1301 0 1429 1429 0 1431 1431 0 1303 1303 0 1301 1301 0 1431 1431 0 1431 1431 0 1304 1304 0 1303 1303 0 1432 1432 0 1304 1304 0 1431 1431 0 1302 1302 0 1306 1306 0 1430 1430 0 1430 1430 0 1306 1306 0 1433 1433 0 1304 1304 0 1432 1432 0 1307 1307 0 1432 1432 0 1434 1434 0 1307 1307 0 1308 1308 0 1436 1436 0 1435 1435 0 1309 1309 0 1436 1436 0 1308 1308 0 1433 1433 0 1306 1306 0 1308 1308 0 1435 1435 0 1433 1433 0 1308 1308 0 1307 1307 0 1434 1434 0 1310 1310 0 1434 1434 0 1437 1437 0 1310 1310 0 1312 1312 0 1313 1313 0 1438 1438 0 1312 1312 0 1438 1438 0 1439 1439 0 1312 1312 0 1439 1439 0 1309 1309 0 1309 1309 0 1439 1439 0 1436 1436 0 1310 1310 0 1437 1437 0 1440 1440 0 1314 1314 0 1310 1310 0 1440 1440 0 1440 1440 0 1315 1315 0 1314 1314 0 1441 1441 0 1315 1315 0 1440 1440 0 1438 1438 0 1443 1443 0 1442 1442 0 1438 1438 0 1313 1313 0 1443 1443 0 1313 1313 0 1317 1317 0 1443 1443 0 1439 1439 0 1438 1438 0 1442 1442 0 1315 1315 0 1441 1441 0 1444 1444 0 1318 1318 0 1315 1315 0 1444 1444 0 1444 1444 0 1319 1319 0 1318 1318 0 1445 1445 0 1319 1319 0 1444 1444 0 1321 1321 0 1447 1447 0 1446 1446 0 1322 1322 0 1447 1447 0 1321 1321 0 1443 1443 0 1317 1317 0 1321 1321 0 1446 1446 0 1443 1443 0 1321 1321 0 1319 1319 0 1445 1445 0 1448 1448 0 1323 1323 0 1319 1319 0 1448 1448 0 1448 1448 0 1324 1324 0 1323 1323 0 1449 1449 0 1324 1324 0 1448 1448 0 1326 1326 0 1451 1451 0 1450 1450 0 1327 1327 0 1451 1451 0 1326 1326 0 1447 1447 0 1322 1322 0 1326 1326 0 1450 1450 0 1447 1447 0 1326 1326 0 1324 1324 0 1449 1449 0 1452 1452 0 1328 1328 0 1324 1324 0 1452 1452 0 1452 1452 0 1329 1329 0 1328 1328 0 1453 1453 0 1329 1329 0 1452 1452 0 1331 1331 0 1332 1332 0 1454 1454 0 1456 1456 0 1331 1331 0 1454 1454 0 1456 1456 0 1455 1455 0 1331 1331 0 1455 1455 0 1333 1333 0 1331 1331 0 1451 1451 0 1327 1327 0 1333 1333 0 1455 1455 0 1451 1451 0 1333 1333 0 1329 1329 0 1453 1453 0 1457 1457 0 1334 1334 0 1329 1329 0 1457 1457 0 1335 1335 0 1334 1334 0 1458 1458 0 1334 1334 0 1457 1457 0 1458 1458 0 1458 1458 0 1336 1336 0 1335 1335 0 1459 1459 0 1336 1336 0 1458 1458 0 1339 1339 0 1461 1461 0 1460 1460 0 1340 1340 0 1461 1461 0 1339 1339 0 1454 1454 0 1332 1332 0 1339 1339 0 1454 1454 0 1339 1339 0 1462 1462 0 1462 1462 0 1339 1339 0 1460 1460 0 1456 1456 0 1454 1454 0 1462 1462 0 1336 1336 0 1459 1459 0 1463 1463 0 1341 1341 0 1336 1336 0 1463 1463 0 1342 1342 0 1341 1341 0 1464 1464 0 1341 1341 0 1463 1463 0 1464 1464 0 1343 1343 0 1342 1342 0 1465 1465 0 1342 1342 0 1464 1464 0 1465 1465 0 1465 1465 0 1344 1344 0 1343 1343 0 1466 1466 0 1344 1344 0 1465 1465 0 1346 1346 0 1468 1468 0 1467 1467 0 1347 1347 0 1468 1468 0 1346 1346 0 1348 1348 0 1346 1346 0 1469 1469 0 1346 1346 0 1467 1467 0 1469 1469 0 1349 1349 0 1348 1348 0 1470 1470 0 1348 1348 0 1469 1469 0 1470 1470 0 1461 1461 0 1340 1340 0 1349 1349 0 1470 1470 0 1461 1461 0 1349 1349 0 1344 1344 0 1466 1466 0 1471 1471 0 1350 1350 0 1344 1344 0 1471 1471 0 1351 1351 0 1350 1350 0 1472 1472 0 1350 1350 0 1471 1471 0 1472 1472 0 1352 1352 0 1351 1351 0 1473 1473 0 1351 1351 0 1472 1472 0 1473 1473 0 1353 1353 0 1352 1352 0 1474 1474 0 1352 1352 0 1473 1473 0 1474 1474 0 1354 1354 0 1353 1353 0 1475 1475 0 1353 1353 0 1474 1474 0 1475 1475 0 1355 1355 0 1354 1354 0 1476 1476 0 1354 1354 0 1475 1475 0 1476 1476 0 1468 1468 0 1347 1347 0 1355 1355 0 1476 1476 0 1468 1468 0 1355 1355 0 1356 1356 0 1477 1477 0 1478 1478 0 1357 1357 0 1356 1356 0 1478 1478 0 1359 1359 0 1479 1479 0 1356 1356 0 1356 1356 0 1479 1479 0 1477 1477 0 1360 1360 0 1480 1480 0 1359 1359 0 1359 1359 0 1480 1480 0 1479 1479 0 1361 1361 0 1481 1481 0 1360 1360 0 1360 1360 0 1481 1481 0 1480 1480 0 1483 1483 0 1482 1482 0 1481 1481 0 1483 1483 0 1481 1481 0 1362 1362 0 1362 1362 0 1481 1481 0 1361 1361 0 1362 1362 0 1364 1364 0 1483 1483 0 1365 1365 0 1484 1484 0 1485 1485 0 1366 1366 0 1365 1365 0 1485 1485 0 1367 1367 0 1486 1486 0 1365 1365 0 1365 1365 0 1486 1486 0 1484 1484 0 1368 1368 0 1487 1487 0 1367 1367 0 1367 1367 0 1487 1487 0 1486 1486 0 1478 1478 0 1368 1368 0 1357 1357 0 1487 1487 0 1368 1368 0 1478 1478 0 1483 1483 0 1488 1488 0 1482 1482 0 1364 1364 0 1488 1488 0 1483 1483 0 1364 1364 0 1369 1369 0 1488 1488 0 1369 1369 0 1489 1489 0 1488 1488 0 1370 1370 0 1490 1490 0 1369 1369 0 1369 1369 0 1490 1490 0 1489 1489 0 1490 1490 0 1370 1370 0 1371 1371 0 1491 1491 0 1490 1490 0 1371 1371 0 1372 1372 0 1492 1492 0 1493 1493 0 1373 1373 0 1372 1372 0 1493 1493 0 1374 1374 0 1494 1494 0 1372 1372 0 1372 1372 0 1494 1494 0 1492 1492 0 1485 1485 0 1374 1374 0 1366 1366 0 1494 1494 0 1374 1374 0 1485 1485 0 1371 1371 0 1495 1495 0 1491 1491 0 1375 1375 0 1495 1495 0 1371 1371 0 1376 1376 0 1496 1496 0 1375 1375 0 1375 1375 0 1496 1496 0 1495 1495 0 1377 1377 0 1497 1497 0 1376 1376 0 1376 1376 0 1497 1497 0 1496 1496 0 1497 1497 0 1377 1377 0 1379 1379 0 1498 1498 0 1497 1497 0 1379 1379 0 1380 1380 0 1499 1499 0 1500 1500 0 1381 1381 0 1380 1380 0 1500 1500 0 1382 1382 0 1501 1501 0 1380 1380 0 1380 1380 0 1501 1501 0 1499 1499 0 1493 1493 0 1382 1382 0 1373 1373 0 1501 1501 0 1382 1382 0 1493 1493 0 1379 1379 0 1502 1502 0 1498 1498 0 1383 1383 0 1502 1502 0 1379 1379 0 1502 1502 0 1383 1383 0 1384 1384 0 1503 1503 0 1502 1502 0 1384 1384 0 1385 1385 0 1504 1504 0 1505 1505 0 1386 1386 0 1385 1385 0 1505 1505 0 1500 1500 0 1385 1385 0 1381 1381 0 1504 1504 0 1385 1385 0 1500 1500 0 1384 1384 0 1506 1506 0 1503 1503 0 1387 1387 0 1506 1506 0 1384 1384 0 1506 1506 0 1387 1387 0 1388 1388 0 1507 1507 0 1506 1506 0 1388 1388 0 1389 1389 0 1508 1508 0 1509 1509 0 1390 1390 0 1389 1389 0 1509 1509 0 1505 1505 0 1389 1389 0 1386 1386 0 1508 1508 0 1389 1389 0 1505 1505 0 1388 1388 0 1510 1510 0 1507 1507 0 1391 1391 0 1510 1510 0 1388 1388 0 1510 1510 0 1391 1391 0 1392 1392 0 1511 1511 0 1510 1510 0 1392 1392 0 1393 1393 0 1512 1512 0 1513 1513 0 1394 1394 0 1393 1393 0 1513 1513 0 1509 1509 0 1393 1393 0 1390 1390 0 1512 1512 0 1393 1393 0 1509 1509 0 1392 1392 0 1514 1514 0 1511 1511 0 1396 1396 0 1514 1514 0 1392 1392 0 1514 1514 0 1396 1396 0 1398 1398 0 1515 1515 0 1514 1514 0 1398 1398 0 1394 1394 0 1513 1513 0 1399 1399 0 1513 1513 0 1516 1516 0 1399 1399 0 1398 1398 0 1400 1400 0 1515 1515 0 1515 1515 0 1400 1400 0 1517 1517 0 1399 1399 0 1516 1516 0 1401 1401 0 1516 1516 0 1518 1518 0 1401 1401 0 1400 1400 0 1519 1519 0 1517 1517 0 1402 1402 0 1519 1519 0 1400 1400 0 1519 1519 0 1402 1402 0 1403 1403 0 1520 1520 0 1519 1519 0 1403 1403 0 1404 1404 0 1521 1521 0 1522 1522 0 1405 1405 0 1404 1404 0 1522 1522 0 1518 1518 0 1404 1404 0 1401 1401 0 1521 1521 0 1404 1404 0 1518 1518 0 1403 1403 0 1406 1406 0 1520 1520 0 1520 1520 0 1406 1406 0 1523 1523 0 1405 1405 0 1522 1522 0 1407 1407 0 1522 1522 0 1524 1524 0 1407 1407 0 1406 1406 0 1408 1408 0 1523 1523 0 1523 1523 0 1408 1408 0 1525 1525 0 1407 1407 0 1524 1524 0 1409 1409 0 1524 1524 0 1526 1526 0 1409 1409 0 1408 1408 0 1527 1527 0 1525 1525 0 1410 1410 0 1527 1527 0 1408 1408 0 1527 1527 0 1410 1410 0 1411 1411 0 1528 1528 0 1527 1527 0 1411 1411 0 1409 1409 0 1526 1526 0 1412 1412 0 1526 1526 0 1529 1529 0 1412 1412 0 1411 1411 0 1413 1413 0 1528 1528 0 1528 1528 0 1413 1413 0 1530 1530 0 1414 1414 0 1531 1531 0 1532 1532 0 1415 1415 0 1414 1414 0 1532 1532 0 1529 1529 0 1414 1414 0 1412 1412 0 1531 1531 0 1414 1414 0 1529 1529 0 1413 1413 0 1417 1417 0 1530 1530 0 1530 1530 0 1417 1417 0 1533 1533 0 1415 1415 0 1532 1532 0 1418 1418 0 1532 1532 0 1534 1534 0 1418 1418 0 1417 1417 0 1419 1419 0 1533 1533 0 1533 1533 0 1419 1419 0 1535 1535 0 1536 1536 0 1537 1537 0 1420 1420 0 1536 1536 0 1420 1420 0 1534 1534 0 1534 1534 0 1420 1420 0 1418 1418 0 1536 1536 0 1538 1538 0 1537 1537 0 1419 1419 0 1422 1422 0 1535 1535 0 1535 1535 0 1422 1422 0 1539 1539 0 1420 1420 0 1537 1537 0 1423 1423 0 1537 1537 0 1424 1424 0 1423 1423 0 1537 1537 0 1538 1538 0 1424 1424 0 1538 1538 0 1540 1540 0 1424 1424 0 1422 1422 0 1425 1425 0 1539 1539 0 1539 1539 0 1425 1425 0 1541 1541 0 1424 1424 0 1540 1540 0 1426 1426 0 1540 1540 0 1542 1542 0 1426 1426 0 1427 1427 0 1544 1544 0 1543 1543 0 1428 1428 0 1544 1544 0 1427 1427 0 1541 1541 0 1425 1425 0 1427 1427 0 1543 1543 0 1541 1541 0 1427 1427 0 1426 1426 0 1542 1542 0 1429 1429 0 1542 1542 0 1545 1545 0 1429 1429 0 1428 1428 0 1430 1430 0 1544 1544 0 1544 1544 0 1430 1430 0 1546 1546 0 1429 1429 0 1545 1545 0 1547 1547 0 1431 1431 0 1429 1429 0 1547 1547 0 1547 1547 0 1432 1432 0 1431 1431 0 1548 1548 0 1432 1432 0 1547 1547 0 1430 1430 0 1433 1433 0 1546 1546 0 1546 1546 0 1433 1433 0 1549 1549 0 1432 1432 0 1548 1548 0 1434 1434 0 1548 1548 0 1550 1550 0 1434 1434 0 1435 1435 0 1552 1552 0 1551 1551 0 1436 1436 0 1552 1552 0 1435 1435 0 1549 1549 0 1433 1433 0 1435 1435 0 1551 1551 0 1549 1549 0 1435 1435 0 1434 1434 0 1550 1550 0 1437 1437 0 1550 1550 0 1553 1553 0 1437 1437 0 1436 1436 0 1439 1439 0 1552 1552 0 1552 1552 0 1439 1439 0 1554 1554 0 1437 1437 0 1553 1553 0 1555 1555 0 1440 1440 0 1437 1437 0 1555 1555 0 1555 1555 0 1441 1441 0 1440 1440 0 1556 1556 0 1441 1441 0 1555 1555 0 1442 1442 0 1558 1558 0 1557 1557 0 1443 1443 0 1558 1558 0 1442 1442 0 1554 1554 0 1439 1439 0 1442 1442 0 1557 1557 0 1554 1554 0 1442 1442 0 1441 1441 0 1556 1556 0 1559 1559 0 1444 1444 0 1441 1441 0 1559 1559 0 1559 1559 0 1445 1445 0 1444 1444 0 1560 1560 0 1445 1445 0 1559 1559 0 1446 1446 0 1562 1562 0 1561 1561 0 1447 1447 0 1562 1562 0 1446 1446 0 1558 1558 0 1443 1443 0 1446 1446 0 1561 1561 0 1558 1558 0 1446 1446 0 1445 1445 0 1560 1560 0 1563 1563 0 1448 1448 0 1445 1445 0 1563 1563 0 1563 1563 0 1449 1449 0 1448 1448 0 1564 1564 0 1449 1449 0 1563 1563 0 1450 1450 0 1566 1566 0 1565 1565 0 1451 1451 0 1566 1566 0 1450 1450 0 1562 1562 0 1447 1447 0 1450 1450 0 1565 1565 0 1562 1562 0 1450 1450 0 1449 1449 0 1564 1564 0 1567 1567 0 1452 1452 0 1449 1449 0 1567 1567 0 1567 1567 0 1453 1453 0 1452 1452 0 1568 1568 0 1453 1453 0 1567 1567 0 1455 1455 0 1570 1570 0 1569 1569 0 1456 1456 0 1570 1570 0 1455 1455 0 1566 1566 0 1451 1451 0 1455 1455 0 1569 1569 0 1566 1566 0 1455 1455 0 1453 1453 0 1568 1568 0 1571 1571 0 1457 1457 0 1453 1453 0 1571 1571 0 1458 1458 0 1457 1457 0 1572 1572 0 1457 1457 0 1571 1571 0 1572 1572 0 1572 1572 0 1459 1459 0 1458 1458 0 1573 1573 0 1459 1459 0 1572 1572 0 1460 1460 0 1575 1575 0 1574 1574 0 1461 1461 0 1575 1575 0 1460 1460 0 1462 1462 0 1460 1460 0 1576 1576 0 1460 1460 0 1574 1574 0 1576 1576 0 1570 1570 0 1456 1456 0 1462 1462 0 1576 1576 0 1570 1570 0 1462 1462 0 1459 1459 0 1573 1573 0 1577 1577 0 1463 1463 0 1459 1459 0 1577 1577 0 1464 1464 0 1463 1463 0 1578 1578 0 1463 1463 0 1577 1577 0 1578 1578 0 1465 1465 0 1464 1464 0 1579 1579 0 1464 1464 0 1578 1578 0 1579 1579 0 1579 1579 0 1466 1466 0 1465 1465 0 1580 1580 0 1466 1466 0 1579 1579 0 1467 1467 0 1582 1582 0 1581 1581 0 1468 1468 0 1582 1582 0 1467 1467 0 1469 1469 0 1467 1467 0 1583 1583 0 1467 1467 0 1581 1581 0 1583 1583 0 1470 1470 0 1469 1469 0 1584 1584 0 1469 1469 0 1583 1583 0 1584 1584 0 1575 1575 0 1461 1461 0 1470 1470 0 1584 1584 0 1575 1575 0 1470 1470 0 1466 1466 0 1580 1580 0 1585 1585 0 1471 1471 0 1466 1466 0 1585 1585 0 1472 1472 0 1471 1471 0 1586 1586 0 1471 1471 0 1585 1585 0 1586 1586 0 1473 1473 0 1472 1472 0 1587 1587 0 1472 1472 0 1586 1586 0 1587 1587 0 1474 1474 0 1473 1473 0 1588 1588 0 1473 1473 0 1587 1587 0 1588 1588 0 1475 1475 0 1474 1474 0 1589 1589 0 1474 1474 0 1588 1588 0 1589 1589 0 1476 1476 0 1475 1475 0 1590 1590 0 1475 1475 0 1589 1589 0 1590 1590 0 1582 1582 0 1468 1468 0 1476 1476 0 1590 1590 0 1582 1582 0 1476 1476 0 1477 1477 0 1591 1591 0 1478 1478 0 1477 1477 0 1479 1479 0 1592 1592 0 1591 1591 0 1477 1477 0 1592 1592 0 1479 1479 0 1480 1480 0 1593 1593 0 1592 1592 0 1479 1479 0 1593 1593 0 1480 1480 0 1481 1481 0 1594 1594 0 1593 1593 0 1480 1480 0 1594 1594 0 1481 1481 0 1482 1482 0 1594 1594 0 1484 1484 0 1595 1595 0 1596 1596 0 1485 1485 0 1484 1484 0 1596 1596 0 1486 1486 0 1597 1597 0 1484 1484 0 1484 1484 0 1597 1597 0 1595 1595 0 1487 1487 0 1598 1598 0 1486 1486 0 1486 1486 0 1598 1598 0 1597 1597 0 1591 1591 0 1487 1487 0 1478 1478 0 1591 1591 0 1599 1599 0 1487 1487 0 1599 1599 0 1598 1598 0 1487 1487 0 1592 1592 0 1599 1599 0 1591 1591 0 1600 1600 0 1599 1599 0 1592 1592 0 1593 1593 0 1600 1600 0 1592 1592 0 1601 1601 0 1600 1600 0 1593 1593 0 1594 1594 0 1601 1601 0 1593 1593 0 1602 1602 0 1601 1601 0 1594 1594 0 1482 1482 0 1602 1602 0 1594 1594 0 1482 1482 0 1488 1488 0 1602 1602 0 1488 1488 0 1603 1603 0 1602 1602 0 1489 1489 0 1604 1604 0 1488 1488 0 1488 1488 0 1604 1604 0 1603 1603 0 1490 1490 0 1605 1605 0 1489 1489 0 1489 1489 0 1605 1605 0 1604 1604 0 1605 1605 0 1490 1490 0 1491 1491 0 1606 1606 0 1605 1605 0 1491 1491 0 1492 1492 0 1607 1607 0 1608 1608 0 1493 1493 0 1492 1492 0 1608 1608 0 1494 1494 0 1609 1609 0 1492 1492 0 1492 1492 0 1609 1609 0 1607 1607 0 1596 1596 0 1494 1494 0 1485 1485 0 1609 1609 0 1494 1494 0 1596 1596 0 1491 1491 0 1610 1610 0 1606 1606 0 1495 1495 0 1610 1610 0 1491 1491 0 1496 1496 0 1611 1611 0 1495 1495 0 1495 1495 0 1611 1611 0 1610 1610 0 1613 1613 0 1612 1612 0 1611 1611 0 1613 1613 0 1611 1611 0 1497 1497 0 1497 1497 0 1611 1611 0 1496 1496 0 1497 1497 0 1498 1498 0 1613 1613 0 1499 1499 0 1614 1614 0 1615 1615 0 1500 1500 0 1499 1499 0 1615 1615 0 1501 1501 0 1616 1616 0 1499 1499 0 1499 1499 0 1616 1616 0 1614 1614 0 1608 1608 0 1501 1501 0 1493 1493 0 1616 1616 0 1501 1501 0 1608 1608 0 1613 1613 0 1617 1617 0 1612 1612 0 1498 1498 0 1617 1617 0 1613 1613 0 1498 1498 0 1502 1502 0 1617 1617 0 1502 1502 0 1618 1618 0 1617 1617 0 1618 1618 0 1502 1502 0 1503 1503 0 1619 1619 0 1618 1618 0 1503 1503 0 1504 1504 0 1620 1620 0 1621 1621 0 1505 1505 0 1504 1504 0 1621 1621 0 1615 1615 0 1504 1504 0 1500 1500 0 1620 1620 0 1504 1504 0 1615 1615 0 1503 1503 0 1622 1622 0 1619 1619 0 1506 1506 0 1622 1622 0 1503 1503 0 1622 1622 0 1506 1506 0 1507 1507 0 1623 1623 0 1622 1622 0 1507 1507 0 1508 1508 0 1624 1624 0 1625 1625 0 1509 1509 0 1508 1508 0 1625 1625 0 1621 1621 0 1508 1508 0 1505 1505 0 1624 1624 0 1508 1508 0 1621 1621 0 1507 1507 0 1626 1626 0 1623 1623 0 1510 1510 0 1626 1626 0 1507 1507 0 1626 1626 0 1510 1510 0 1511 1511 0 1627 1627 0 1626 1626 0 1511 1511 0 1512 1512 0 1628 1628 0 1513 1513 0 1512 1512 0 1629 1629 0 1628 1628 0 1512 1512 0 1509 1509 0 1629 1629 0 1509 1509 0 1625 1625 0 1629 1629 0 1631 1631 0 1511 1511 0 1514 1514 0 1631 1631 0 1630 1630 0 1511 1511 0 1630 1630 0 1627 1627 0 1511 1511 0 1514 1514 0 1515 1515 0 1631 1631 0 1628 1628 0 1632 1632 0 1633 1633 0 1628 1628 0 1633 1633 0 1513 1513 0 1513 1513 0 1633 1633 0 1516 1516 0 1629 1629 0 1632 1632 0 1628 1628 0 1631 1631 0 1634 1634 0 1630 1630 0 1634 1634 0 1631 1631 0 1515 1515 0 1634 1634 0 1515 1515 0 1635 1635 0 1635 1635 0 1515 1515 0 1517 1517 0 1516 1516 0 1633 1633 0 1518 1518 0 1633 1633 0 1636 1636 0 1518 1518 0 1517 1517 0 1637 1637 0 1635 1635 0 1519 1519 0 1637 1637 0 1517 1517 0 1637 1637 0 1519 1519 0 1520 1520 0 1638 1638 0 1637 1637 0 1520 1520 0 1521 1521 0 1639 1639 0 1640 1640 0 1522 1522 0 1521 1521 0 1640 1640 0 1636 1636 0 1521 1521 0 1518 1518 0 1639 1639 0 1521 1521 0 1636 1636 0 1520 1520 0 1523 1523 0 1638 1638 0 1638 1638 0 1523 1523 0 1641 1641 0 1522 1522 0 1640 1640 0 1524 1524 0 1640 1640 0 1642 1642 0 1524 1524 0 1523 1523 0 1525 1525 0 1641 1641 0 1641 1641 0 1525 1525 0 1643 1643 0 1524 1524 0 1642 1642 0 1526 1526 0 1642 1642 0 1644 1644 0 1526 1526 0 1646 1646 0 1525 1525 0 1527 1527 0 1646 1646 0 1645 1645 0 1525 1525 0 1645 1645 0 1643 1643 0 1525 1525 0 1527 1527 0 1528 1528 0 1646 1646 0 1526 1526 0 1644 1644 0 1529 1529 0 1644 1644 0 1647 1647 0 1529 1529 0 1646 1646 0 1648 1648 0 1645 1645 0 1648 1648 0 1646 1646 0 1528 1528 0 1648 1648 0 1528 1528 0 1649 1649 0 1649 1649 0 1528 1528 0 1530 1530 0 1531 1531 0 1650 1650 0 1532 1532 0 1531 1531 0 1651 1651 0 1650 1650 0 1531 1531 0 1529 1529 0 1651 1651 0 1529 1529 0 1647 1647 0 1651 1651 0 1530 1530 0 1533 1533 0 1649 1649 0 1649 1649 0 1533 1533 0 1652 1652 0 1650 1650 0 1653 1653 0 1534 1534 0 1532 1532 0 1650 1650 0 1534 1534 0 1654 1654 0 1650 1650 0 1651 1651 0 1653 1653 0 1650 1650 0 1654 1654 0 1533 1533 0 1535 1535 0 1652 1652 0 1652 1652 0 1535 1535 0 1655 1655 0 1534 1534 0 1653 1653 0 1536 1536 0 1653 1653 0 1538 1538 0 1536 1536 0 1653 1653 0 1654 1654 0 1538 1538 0 1654 1654 0 1656 1656 0 1538 1538 0 1535 1535 0 1539 1539 0 1655 1655 0 1655 1655 0 1539 1539 0 1657 1657 0 1538 1538 0 1656 1656 0 1540 1540 0 1656 1656 0 1658 1658 0 1540 1540 0 1661 1661 0 1660 1660 0 1659 1659 0 1661 1661 0 1659 1659 0 1657 1657 0 1661 1661 0 1657 1657 0 1541 1541 0 1541 1541 0 1657 1657 0 1539 1539 0 1540 1540 0 1658 1658 0 1542 1542 0 1658 1658 0 1662 1662 0 1542 1542 0 1543 1543 0 1660 1660 0 1661 1661 0 1543 1543 0 1544 1544 0 1660 1660 0 1544 1544 0 1663 1663 0 1660 1660 0 1541 1541 0 1543 1543 0 1661 1661 0 1542 1542 0 1662 1662 0 1545 1545 0 1662 1662 0 1664 1664 0 1545 1545 0 1544 1544 0 1546 1546 0 1663 1663 0 1663 1663 0 1546 1546 0 1665 1665 0 1545 1545 0 1664 1664 0 1666 1666 0 1547 1547 0 1545 1545 0 1666 1666 0 1666 1666 0 1548 1548 0 1547 1547 0 1667 1667 0 1548 1548 0 1666 1666 0 1546 1546 0 1549 1549 0 1665 1665 0 1665 1665 0 1549 1549 0 1668 1668 0 1548 1548 0 1667 1667 0 1550 1550 0 1667 1667 0 1669 1669 0 1550 1550 0 1551 1551 0 1671 1671 0 1670 1670 0 1552 1552 0 1671 1671 0 1551 1551 0 1668 1668 0 1549 1549 0 1551 1551 0 1670 1670 0 1668 1668 0 1551 1551 0 1550 1550 0 1669 1669 0 1553 1553 0 1669 1669 0 1672 1672 0 1553 1553 0 1675 1675 0 1674 1674 0 1673 1673 0 1675 1675 0 1673 1673 0 1671 1671 0 1675 1675 0 1671 1671 0 1554 1554 0 1554 1554 0 1671 1671 0 1552 1552 0 1553 1553 0 1672 1672 0 1676 1676 0 1555 1555 0 1553 1553 0 1676 1676 0 1676 1676 0 1556 1556 0 1555 1555 0 1677 1677 0 1556 1556 0 1676 1676 0 1557 1557 0 1674 1674 0 1675 1675 0 1557 1557 0 1558 1558 0 1674 1674 0 1558 1558 0 1678 1678 0 1674 1674 0 1554 1554 0 1557 1557 0 1675 1675 0 1556 1556 0 1677 1677 0 1679 1679 0 1559 1559 0 1556 1556 0 1679 1679 0 1679 1679 0 1560 1560 0 1559 1559 0 1680 1680 0 1560 1560 0 1679 1679 0 1561 1561 0 1682 1682 0 1681 1681 0 1562 1562 0 1682 1682 0 1561 1561 0 1678 1678 0 1558 1558 0 1561 1561 0 1681 1681 0 1678 1678 0 1561 1561 0 1560 1560 0 1680 1680 0 1683 1683 0 1563 1563 0 1560 1560 0 1683 1683 0 1683 1683 0 1564 1564 0 1563 1563 0 1684 1684 0 1564 1564 0 1683 1683 0 1565 1565 0 1686 1686 0 1685 1685 0 1566 1566 0 1686 1686 0 1565 1565 0 1682 1682 0 1562 1562 0 1565 1565 0 1685 1685 0 1682 1682 0 1565 1565 0 1564 1564 0 1684 1684 0 1687 1687 0 1567 1567 0 1564 1564 0 1687 1687 0 1568 1568 0 1688 1688 0 1689 1689 0 1568 1568 0 1567 1567 0 1688 1688 0 1567 1567 0 1687 1687 0 1688 1688 0 1688 1688 0 1690 1690 0 1689 1689 0 1569 1569 0 1692 1692 0 1691 1691 0 1570 1570 0 1692 1692 0 1569 1569 0 1686 1686 0 1566 1566 0 1569 1569 0 1691 1691 0 1686 1686 0 1569 1569 0 1568 1568 0 1689 1689 0 1571 1571 0 1689 1689 0 1690 1690 0 1693 1693 0 1689 1689 0 1693 1693 0 1571 1571 0 1571 1571 0 1693 1693 0 1572 1572 0 1693 1693 0 1573 1573 0 1572 1572 0 1694 1694 0 1573 1573 0 1693 1693 0 1574 1574 0 1696 1696 0 1695 1695 0 1575 1575 0 1696 1696 0 1574 1574 0 1576 1576 0 1574 1574 0 1697 1697 0 1574 1574 0 1695 1695 0 1697 1697 0 1692 1692 0 1570 1570 0 1576 1576 0 1697 1697 0 1692 1692 0 1576 1576 0 1573 1573 0 1694 1694 0 1698 1698 0 1577 1577 0 1573 1573 0 1698 1698 0 1578 1578 0 1577 1577 0 1699 1699 0 1577 1577 0 1698 1698 0 1699 1699 0 1579 1579 0 1578 1578 0 1700 1700 0 1578 1578 0 1699 1699 0 1700 1700 0 1700 1700 0 1580 1580 0 1579 1579 0 1701 1701 0 1580 1580 0 1700 1700 0 1581 1581 0 1703 1703 0 1702 1702 0 1582 1582 0 1703 1703 0 1581 1581 0 1583 1583 0 1581 1581 0 1704 1704 0 1581 1581 0 1702 1702 0 1704 1704 0 1584 1584 0 1583 1583 0 1705 1705 0 1583 1583 0 1704 1704 0 1705 1705 0 1696 1696 0 1575 1575 0 1584 1584 0 1705 1705 0 1696 1696 0 1584 1584 0 1580 1580 0 1701 1701 0 1706 1706 0 1585 1585 0 1580 1580 0 1706 1706 0 1586 1586 0 1585 1585 0 1707 1707 0 1585 1585 0 1706 1706 0 1707 1707 0 1587 1587 0 1586 1586 0 1708 1708 0 1586 1586 0 1707 1707 0 1708 1708 0 1588 1588 0 1587 1587 0 1709 1709 0 1587 1587 0 1708 1708 0 1709 1709 0 1589 1589 0 1588 1588 0 1710 1710 0 1588 1588 0 1709 1709 0 1710 1710 0 1590 1590 0 1589 1589 0 1711 1711 0 1589 1589 0 1710 1710 0 1711 1711 0 1703 1703 0 1582 1582 0 1590 1590 0 1711 1711 0 1703 1703 0 1590 1590 0 1595 1595 0 1712 1712 0 1713 1713 0 1596 1596 0 1595 1595 0 1713 1713 0 1597 1597 0 1714 1714 0 1595 1595 0 1595 1595 0 1714 1714 0 1712 1712 0 1598 1598 0 1715 1715 0 1597 1597 0 1597 1597 0 1715 1715 0 1714 1714 0 1599 1599 0 1716 1716 0 1598 1598 0 1598 1598 0 1716 1716 0 1715 1715 0 1600 1600 0 1717 1717 0 1599 1599 0 1599 1599 0 1717 1717 0 1716 1716 0 1601 1601 0 1718 1718 0 1600 1600 0 1600 1600 0 1718 1718 0 1717 1717 0 1602 1602 0 1719 1719 0 1601 1601 0 1601 1601 0 1719 1719 0 1718 1718 0 1603 1603 0 1720 1720 0 1602 1602 0 1602 1602 0 1720 1720 0 1719 1719 0 1604 1604 0 1721 1721 0 1603 1603 0 1603 1603 0 1721 1721 0 1720 1720 0 1605 1605 0 1722 1722 0 1604 1604 0 1604 1604 0 1722 1722 0 1721 1721 0 1722 1722 0 1605 1605 0 1606 1606 0 1723 1723 0 1722 1722 0 1606 1606 0 1607 1607 0 1724 1724 0 1725 1725 0 1608 1608 0 1607 1607 0 1725 1725 0 1609 1609 0 1726 1726 0 1607 1607 0 1607 1607 0 1726 1726 0 1724 1724 0 1713 1713 0 1609 1609 0 1596 1596 0 1726 1726 0 1609 1609 0 1713 1713 0 1606 1606 0 1727 1727 0 1723 1723 0 1610 1610 0 1727 1727 0 1606 1606 0 1611 1611 0 1728 1728 0 1610 1610 0 1610 1610 0 1728 1728 0 1727 1727 0 1728 1728 0 1611 1611 0 1612 1612 0 1729 1729 0 1728 1728 0 1612 1612 0 1614 1614 0 1730 1730 0 1615 1615 0 1732 1732 0 1730 1730 0 1614 1614 0 1732 1732 0 1614 1614 0 1731 1731 0 1731 1731 0 1614 1614 0 1616 1616 0 1725 1725 0 1616 1616 0 1608 1608 0 1731 1731 0 1616 1616 0 1725 1725 0 1612 1612 0 1733 1733 0 1729 1729 0 1617 1617 0 1733 1733 0 1612 1612 0 1735 1735 0 1734 1734 0 1733 1733 0 1735 1735 0 1733 1733 0 1618 1618 0 1618 1618 0 1733 1733 0 1617 1617 0 1618 1618 0 1619 1619 0 1735 1735 0 1620 1620 0 1736 1736 0 1621 1621 0 1620 1620 0 1738 1738 0 1736 1736 0 1615 1615 0 1738 1738 0 1620 1620 0 1615 1615 0 1737 1737 0 1738 1738 0 1615 1615 0 1730 1730 0 1737 1737 0 1732 1732 0 1737 1737 0 1730 1730 0 1735 1735 0 1739 1739 0 1734 1734 0 1619 1619 0 1739 1739 0 1735 1735 0 1619 1619 0 1622 1622 0 1739 1739 0 1622 1622 0 1740 1740 0 1739 1739 0 1740 1740 0 1622 1622 0 1623 1623 0 1741 1741 0 1740 1740 0 1623 1623 0 1624 1624 0 1742 1742 0 1625 1625 0 1624 1624 0 1744 1744 0 1742 1742 0 1621 1621 0 1744 1744 0 1624 1624 0 1621 1621 0 1743 1743 0 1744 1744 0 1621 1621 0 1736 1736 0 1743 1743 0 1738 1738 0 1743 1743 0 1736 1736 0 1746 1746 0 1623 1623 0 1626 1626 0 1746 1746 0 1745 1745 0 1623 1623 0 1745 1745 0 1741 1741 0 1623 1623 0 1626 1626 0 1627 1627 0 1746 1746 0 1742 1742 0 1747 1747 0 1748 1748 0 1742 1742 0 1748 1748 0 1625 1625 0 1625 1625 0 1748 1748 0 1629 1629 0 1744 1744 0 1747 1747 0 1742 1742 0 1746 1746 0 1749 1749 0 1745 1745 0 1749 1749 0 1746 1746 0 1627 1627 0 1749 1749 0 1627 1627 0 1750 1750 0 1750 1750 0 1627 1627 0 1630 1630 0 1632 1632 0 1751 1751 0 1752 1752 0 1633 1633 0 1632 1632 0 1752 1752 0 1748 1748 0 1632 1632 0 1629 1629 0 1751 1751 0 1632 1632 0 1748 1748 0 1630 1630 0 1753 1753 0 1750 1750 0 1634 1634 0 1753 1753 0 1630 1630 0 1753 1753 0 1634 1634 0 1635 1635 0 1754 1754 0 1753 1753 0 1635 1635 0 1633 1633 0 1752 1752 0 1636 1636 0 1752 1752 0 1755 1755 0 1636 1636 0 1757 1757 0 1635 1635 0 1637 1637 0 1757 1757 0 1756 1756 0 1635 1635 0 1756 1756 0 1754 1754 0 1635 1635 0 1637 1637 0 1638 1638 0 1757 1757 0 1639 1639 0 1758 1758 0 1759 1759 0 1640 1640 0 1639 1639 0 1759 1759 0 1755 1755 0 1639 1639 0 1636 1636 0 1758 1758 0 1639 1639 0 1755 1755 0 1757 1757 0 1760 1760 0 1756 1756 0 1760 1760 0 1757 1757 0 1638 1638 0 1760 1760 0 1638 1638 0 1761 1761 0 1761 1761 0 1638 1638 0 1641 1641 0 1640 1640 0 1759 1759 0 1642 1642 0 1759 1759 0 1762 1762 0 1642 1642 0 1641 1641 0 1643 1643 0 1761 1761 0 1761 1761 0 1643 1643 0 1763 1763 0 1642 1642 0 1762 1762 0 1644 1644 0 1762 1762 0 1764 1764 0 1644 1644 0 1643 1643 0 1645 1645 0 1763 1763 0 1763 1763 0 1645 1645 0 1765 1765 0 1644 1644 0 1764 1764 0 1647 1647 0 1764 1764 0 1766 1766 0 1647 1647 0 1768 1768 0 1645 1645 0 1648 1648 0 1768 1768 0 1767 1767 0 1645 1645 0 1767 1767 0 1765 1765 0 1645 1645 0 1648 1648 0 1649 1649 0 1768 1768 0 1647 1647 0 1766 1766 0 1651 1651 0 1766 1766 0 1769 1769 0 1651 1651 0 1768 1768 0 1770 1770 0 1767 1767 0 1770 1770 0 1768 1768 0 1649 1649 0 1770 1770 0 1649 1649 0 1771 1771 0 1771 1771 0 1649 1649 0 1652 1652 0 1651 1651 0 1769 1769 0 1654 1654 0 1769 1769 0 1772 1772 0 1654 1654 0 1652 1652 0 1655 1655 0 1771 1771 0 1771 1771 0 1655 1655 0 1773 1773 0 1654 1654 0 1772 1772 0 1656 1656 0 1772 1772 0 1774 1774 0 1656 1656 0 1777 1777 0 1776 1776 0 1775 1775 0 1777 1777 0 1775 1775 0 1773 1773 0 1777 1777 0 1773 1773 0 1657 1657 0 1657 1657 0 1773 1773 0 1655 1655 0 1656 1656 0 1774 1774 0 1658 1658 0 1774 1774 0 1778 1778 0 1658 1658 0 1659 1659 0 1776 1776 0 1777 1777 0 1659 1659 0 1660 1660 0 1776 1776 0 1660 1660 0 1779 1779 0 1776 1776 0 1657 1657 0 1659 1659 0 1777 1777 0 1658 1658 0 1778 1778 0 1662 1662 0 1778 1778 0 1780 1780 0 1662 1662 0 1660 1660 0 1663 1663 0 1779 1779 0 1779 1779 0 1663 1663 0 1781 1781 0 1662 1662 0 1780 1780 0 1664 1664 0 1780 1780 0 1782 1782 0 1664 1664 0 1663 1663 0 1665 1665 0 1781 1781 0 1781 1781 0 1665 1665 0 1783 1783 0 1664 1664 0 1782 1782 0 1784 1784 0 1666 1666 0 1664 1664 0 1784 1784 0 1784 1784 0 1667 1667 0 1666 1666 0 1785 1785 0 1667 1667 0 1784 1784 0 1788 1788 0 1787 1787 0 1786 1786 0 1788 1788 0 1786 1786 0 1783 1783 0 1788 1788 0 1783 1783 0 1668 1668 0 1668 1668 0 1783 1783 0 1665 1665 0 1667 1667 0 1785 1785 0 1669 1669 0 1785 1785 0 1789 1789 0 1669 1669 0 1670 1670 0 1787 1787 0 1788 1788 0 1670 1670 0 1671 1671 0 1787 1787 0 1671 1671 0 1790 1790 0 1787 1787 0 1668 1668 0 1670 1670 0 1788 1788 0 1791 1791 0 1792 1792 0 1672 1672 0 1791 1791 0 1672 1672 0 1789 1789 0 1789 1789 0 1672 1672 0 1669 1669 0 1791 1791 0 1793 1793 0 1792 1792 0 1673 1673 0 1795 1795 0 1794 1794 0 1674 1674 0 1795 1795 0 1673 1673 0 1790 1790 0 1671 1671 0 1673 1673 0 1794 1794 0 1790 1790 0 1673 1673 0 1672 1672 0 1792 1792 0 1676 1676 0 1792 1792 0 1677 1677 0 1676 1676 0 1792 1792 0 1793 1793 0 1677 1677 0 1793 1793 0 1796 1796 0 1677 1677 0 1799 1799 0 1798 1798 0 1797 1797 0 1799 1799 0 1797 1797 0 1795 1795 0 1799 1799 0 1795 1795 0 1678 1678 0 1678 1678 0 1795 1795 0 1674 1674 0 1677 1677 0 1796 1796 0 1800 1800 0 1679 1679 0 1677 1677 0 1800 1800 0 1800 1800 0 1680 1680 0 1679 1679 0 1801 1801 0 1680 1680 0 1800 1800 0 1681 1681 0 1798 1798 0 1799 1799 0 1681 1681 0 1682 1682 0 1798 1798 0 1682 1682 0 1802 1802 0 1798 1798 0 1678 1678 0 1681 1681 0 1799 1799 0 1680 1680 0 1801 1801 0 1803 1803 0 1683 1683 0 1680 1680 0 1803 1803 0 1684 1684 0 1804 1804 0 1805 1805 0 1684 1684 0 1683 1683 0 1804 1804 0 1683 1683 0 1803 1803 0 1804 1804 0 1804 1804 0 1806 1806 0 1805 1805 0 1685 1685 0 1808 1808 0 1807 1807 0 1686 1686 0 1808 1808 0 1685 1685 0 1802 1802 0 1682 1682 0 1685 1685 0 1807 1807 0 1802 1802 0 1685 1685 0 1684 1684 0 1805 1805 0 1687 1687 0 1805 1805 0 1806 1806 0 1809 1809 0 1805 1805 0 1809 1809 0 1687 1687 0 1687 1687 0 1809 1809 0 1688 1688 0 1809 1809 0 1690 1690 0 1688 1688 0 1810 1810 0 1690 1690 0 1809 1809 0 1813 1813 0 1812 1812 0 1811 1811 0 1813 1813 0 1691 1691 0 1692 1692 0 1813 1813 0 1811 1811 0 1691 1691 0 1811 1811 0 1814 1814 0 1691 1691 0 1808 1808 0 1686 1686 0 1691 1691 0 1814 1814 0 1808 1808 0 1691 1691 0 1690 1690 0 1810 1810 0 1815 1815 0 1693 1693 0 1690 1690 0 1815 1815 0 1694 1694 0 1816 1816 0 1817 1817 0 1694 1694 0 1693 1693 0 1816 1816 0 1693 1693 0 1815 1815 0 1816 1816 0 1816 1816 0 1818 1818 0 1817 1817 0 1695 1695 0 1820 1820 0 1819 1819 0 1696 1696 0 1820 1820 0 1695 1695 0 1812 1812 0 1813 1813 0 1697 1697 0 1812 1812 0 1697 1697 0 1819 1819 0 1819 1819 0 1697 1697 0 1695 1695 0 1692 1692 0 1697 1697 0 1813 1813 0 1694 1694 0 1817 1817 0 1698 1698 0 1817 1817 0 1818 1818 0 1821 1821 0 1817 1817 0 1821 1821 0 1698 1698 0 1698 1698 0 1821 1821 0 1699 1699 0 1700 1700 0 1699 1699 0 1822 1822 0 1699 1699 0 1821 1821 0 1822 1822 0 1701 1701 0 1823 1823 0 1824 1824 0 1701 1701 0 1700 1700 0 1823 1823 0 1700 1700 0 1822 1822 0 1823 1823 0 1823 1823 0 1825 1825 0 1824 1824 0 1828 1828 0 1827 1827 0 1826 1826 0 1828 1828 0 1702 1702 0 1703 1703 0 1828 1828 0 1826 1826 0 1702 1702 0 1826 1826 0 1829 1829 0 1702 1702 0 1704 1704 0 1702 1702 0 1830 1830 0 1702 1702 0 1829 1829 0 1830 1830 0 1705 1705 0 1704 1704 0 1831 1831 0 1704 1704 0 1830 1830 0 1831 1831 0 1820 1820 0 1696 1696 0 1705 1705 0 1831 1831 0 1820 1820 0 1705 1705 0 1701 1701 0 1824 1824 0 1706 1706 0 1824 1824 0 1825 1825 0 1832 1832 0 1824 1824 0 1832 1832 0 1706 1706 0 1706 1706 0 1832 1832 0 1707 1707 0 1708 1708 0 1707 1707 0 1833 1833 0 1707 1707 0 1832 1832 0 1833 1833 0 1709 1709 0 1708 1708 0 1834 1834 0 1708 1708 0 1833 1833 0 1834 1834 0 1710 1710 0 1709 1709 0 1835 1835 0 1709 1709 0 1834 1834 0 1835 1835 0 1827 1827 0 1828 1828 0 1711 1711 0 1827 1827 0 1711 1711 0 1835 1835 0 1835 1835 0 1711 1711 0 1710 1710 0 1703 1703 0 1711 1711 0 1828 1828 0 1712 1712 0 1836 1836 0 1713 1713 0 1712 1712 0 1714 1714 0 1837 1837 0 1836 1836 0 1712 1712 0 1837 1837 0 1839 1839 0 1837 1837 0 1714 1714 0 1839 1839 0 1714 1714 0 1838 1838 0 1838 1838 0 1714 1714 0 1715 1715 0 1716 1716 0 1840 1840 0 1715 1715 0 1715 1715 0 1840 1840 0 1838 1838 0 1717 1717 0 1841 1841 0 1716 1716 0 1716 1716 0 1841 1841 0 1840 1840 0 1718 1718 0 1842 1842 0 1717 1717 0 1717 1717 0 1842 1842 0 1841 1841 0 1719 1719 0 1843 1843 0 1718 1718 0 1718 1718 0 1843 1843 0 1842 1842 0 1720 1720 0 1844 1844 0 1719 1719 0 1719 1719 0 1844 1844 0 1843 1843 0 1846 1846 0 1845 1845 0 1844 1844 0 1846 1846 0 1844 1844 0 1721 1721 0 1721 1721 0 1844 1844 0 1720 1720 0 1721 1721 0 1722 1722 0 1847 1847 0 1846 1846 0 1721 1721 0 1847 1847 0 1722 1722 0 1723 1723 0 1847 1847 0 1724 1724 0 1848 1848 0 1725 1725 0 1850 1850 0 1848 1848 0 1724 1724 0 1850 1850 0 1724 1724 0 1849 1849 0 1849 1849 0 1724 1724 0 1726 1726 0 1836 1836 0 1726 1726 0 1713 1713 0 1836 1836 0 1851 1851 0 1726 1726 0 1851 1851 0 1849 1849 0 1726 1726 0 1837 1837 0 1851 1851 0 1836 1836 0 1852 1852 0 1851 1851 0 1837 1837 0 1839 1839 0 1852 1852 0 1837 1837 0 1846 1846 0 1853 1853 0 1845 1845 0 1847 1847 0 1853 1853 0 1846 1846 0 1854 1854 0 1853 1853 0 1847 1847 0 1723 1723 0 1854 1854 0 1847 1847 0 1723 1723 0 1727 1727 0 1854 1854 0 1727 1727 0 1855 1855 0 1854 1854 0 1857 1857 0 1856 1856 0 1855 1855 0 1857 1857 0 1855 1855 0 1728 1728 0 1728 1728 0 1855 1855 0 1727 1727 0 1728 1728 0 1729 1729 0 1857 1857 0 1731 1731 0 1858 1858 0 1859 1859 0 1732 1732 0 1731 1731 0 1859 1859 0 1848 1848 0 1731 1731 0 1725 1725 0 1848 1848 0 1860 1860 0 1731 1731 0 1860 1860 0 1858 1858 0 1731 1731 0 1850 1850 0 1860 1860 0 1848 1848 0 1857 1857 0 1861 1861 0 1856 1856 0 1729 1729 0 1861 1861 0 1857 1857 0 1729 1729 0 1733 1733 0 1861 1861 0 1733 1733 0 1862 1862 0 1861 1861 0 1862 1862 0 1733 1733 0 1734 1734 0 1863 1863 0 1862 1862 0 1734 1734 0 1737 1737 0 1864 1864 0 1865 1865 0 1738 1738 0 1737 1737 0 1865 1865 0 1859 1859 0 1737 1737 0 1732 1732 0 1864 1864 0 1737 1737 0 1859 1859 0 1734 1734 0 1866 1866 0 1863 1863 0 1739 1739 0 1866 1866 0 1734 1734 0 1868 1868 0 1867 1867 0 1866 1866 0 1868 1868 0 1866 1866 0 1740 1740 0 1740 1740 0 1866 1866 0 1739 1739 0 1740 1740 0 1741 1741 0 1868 1868 0 1743 1743 0 1869 1869 0 1870 1870 0 1744 1744 0 1743 1743 0 1870 1870 0 1865 1865 0 1743 1743 0 1738 1738 0 1869 1869 0 1743 1743 0 1865 1865 0 1868 1868 0 1871 1871 0 1867 1867 0 1871 1871 0 1868 1868 0 1741 1741 0 1871 1871 0 1741 1741 0 1872 1872 0 1872 1872 0 1741 1741 0 1745 1745 0 1747 1747 0 1873 1873 0 1874 1874 0 1748 1748 0 1747 1747 0 1874 1874 0 1870 1870 0 1747 1747 0 1744 1744 0 1873 1873 0 1747 1747 0 1870 1870 0 1745 1745 0 1875 1875 0 1872 1872 0 1749 1749 0 1875 1875 0 1745 1745 0 1875 1875 0 1749 1749 0 1750 1750 0 1876 1876 0 1875 1875 0 1750 1750 0 1751 1751 0 1877 1877 0 1752 1752 0 1751 1751 0 1878 1878 0 1877 1877 0 1751 1751 0 1748 1748 0 1878 1878 0 1748 1748 0 1874 1874 0 1878 1878 0 1750 1750 0 1879 1879 0 1876 1876 0 1753 1753 0 1879 1879 0 1750 1750 0 1879 1879 0 1753 1753 0 1754 1754 0 1880 1880 0 1879 1879 0 1754 1754 0 1877 1877 0 1881 1881 0 1882 1882 0 1877 1877 0 1882 1882 0 1752 1752 0 1752 1752 0 1882 1882 0 1755 1755 0 1878 1878 0 1881 1881 0 1877 1877 0 1754 1754 0 1756 1756 0 1880 1880 0 1880 1880 0 1756 1756 0 1883 1883 0 1758 1758 0 1884 1884 0 1759 1759 0 1758 1758 0 1885 1885 0 1884 1884 0 1758 1758 0 1755 1755 0 1885 1885 0 1755 1755 0 1882 1882 0 1885 1885 0 1887 1887 0 1756 1756 0 1760 1760 0 1887 1887 0 1886 1886 0 1756 1756 0 1886 1886 0 1883 1883 0 1756 1756 0 1760 1760 0 1761 1761 0 1887 1887 0 1884 1884 0 1888 1888 0 1889 1889 0 1884 1884 0 1889 1889 0 1759 1759 0 1759 1759 0 1889 1889 0 1762 1762 0 1885 1885 0 1888 1888 0 1884 1884 0 1887 1887 0 1890 1890 0 1886 1886 0 1890 1890 0 1887 1887 0 1761 1761 0 1890 1890 0 1761 1761 0 1891 1891 0 1891 1891 0 1761 1761 0 1763 1763 0 1762 1762 0 1889 1889 0 1764 1764 0 1889 1889 0 1892 1892 0 1764 1764 0 1763 1763 0 1765 1765 0 1891 1891 0 1891 1891 0 1765 1765 0 1893 1893 0 1764 1764 0 1892 1892 0 1766 1766 0 1892 1892 0 1894 1894 0 1766 1766 0 1765 1765 0 1767 1767 0 1893 1893 0 1893 1893 0 1767 1767 0 1895 1895 0 1766 1766 0 1894 1894 0 1769 1769 0 1894 1894 0 1896 1896 0 1769 1769 0 1898 1898 0 1767 1767 0 1770 1770 0 1898 1898 0 1897 1897 0 1767 1767 0 1897 1897 0 1895 1895 0 1767 1767 0 1770 1770 0 1771 1771 0 1898 1898 0 1769 1769 0 1896 1896 0 1772 1772 0 1896 1896 0 1899 1899 0 1772 1772 0 1901 1901 0 1897 1897 0 1898 1898 0 1900 1900 0 1897 1897 0 1901 1901 0 1771 1771 0 1773 1773 0 1901 1901 0 1898 1898 0 1771 1771 0 1901 1901 0 1772 1772 0 1899 1899 0 1774 1774 0 1899 1899 0 1902 1902 0 1774 1774 0 1775 1775 0 1900 1900 0 1901 1901 0 1775 1775 0 1776 1776 0 1900 1900 0 1776 1776 0 1903 1903 0 1900 1900 0 1773 1773 0 1775 1775 0 1901 1901 0 1774 1774 0 1902 1902 0 1778 1778 0 1902 1902 0 1904 1904 0 1778 1778 0 1776 1776 0 1779 1779 0 1903 1903 0 1903 1903 0 1779 1779 0 1905 1905 0 1778 1778 0 1904 1904 0 1780 1780 0 1904 1904 0 1906 1906 0 1780 1780 0 1779 1779 0 1781 1781 0 1905 1905 0 1905 1905 0 1781 1781 0 1907 1907 0 1908 1908 0 1909 1909 0 1782 1782 0 1908 1908 0 1782 1782 0 1906 1906 0 1906 1906 0 1782 1782 0 1780 1780 0 1908 1908 0 1910 1910 0 1909 1909 0 1781 1781 0 1783 1783 0 1907 1907 0 1907 1907 0 1783 1783 0 1911 1911 0 1782 1782 0 1909 1909 0 1784 1784 0 1909 1909 0 1785 1785 0 1784 1784 0 1909 1909 0 1910 1910 0 1785 1785 0 1910 1910 0 1912 1912 0 1785 1785 0 1786 1786 0 1914 1914 0 1913 1913 0 1787 1787 0 1914 1914 0 1786 1786 0 1911 1911 0 1783 1783 0 1786 1786 0 1913 1913 0 1911 1911 0 1786 1786 0 1785 1785 0 1912 1912 0 1789 1789 0 1912 1912 0 1915 1915 0 1789 1789 0 1787 1787 0 1790 1790 0 1914 1914 0 1914 1914 0 1790 1790 0 1916 1916 0 1789 1789 0 1915 1915 0 1917 1917 0 1791 1791 0 1789 1789 0 1917 1917 0 1917 1917 0 1793 1793 0 1791 1791 0 1918 1918 0 1793 1793 0 1917 1917 0 1794 1794 0 1920 1920 0 1919 1919 0 1795 1795 0 1920 1920 0 1794 1794 0 1916 1916 0 1790 1790 0 1794 1794 0 1919 1919 0 1916 1916 0 1794 1794 0 1921 1921 0 1922 1922 0 1796 1796 0 1921 1921 0 1796 1796 0 1918 1918 0 1918 1918 0 1796 1796 0 1793 1793 0 1921 1921 0 1923 1923 0 1922 1922 0 1797 1797 0 1925 1925 0 1924 1924 0 1798 1798 0 1925 1925 0 1797 1797 0 1920 1920 0 1795 1795 0 1797 1797 0 1924 1924 0 1920 1920 0 1797 1797 0 1796 1796 0 1922 1922 0 1800 1800 0 1801 1801 0 1926 1926 0 1927 1927 0 1800 1800 0 1926 1926 0 1801 1801 0 1800 1800 0 1923 1923 0 1926 1926 0 1800 1800 0 1922 1922 0 1923 1923 0 1926 1926 0 1928 1928 0 1927 1927 0 1931 1931 0 1930 1930 0 1929 1929 0 1931 1931 0 1929 1929 0 1925 1925 0 1931 1931 0 1925 1925 0 1802 1802 0 1802 1802 0 1925 1925 0 1798 1798 0 1801 1801 0 1927 1927 0 1803 1803 0 1927 1927 0 1928 1928 0 1932 1932 0 1927 1927 0 1932 1932 0 1803 1803 0 1803 1803 0 1932 1932 0 1804 1804 0 1932 1932 0 1806 1806 0 1804 1804 0 1933 1933 0 1806 1806 0 1932 1932 0 1936 1936 0 1935 1935 0 1934 1934 0 1930 1930 0 1936 1936 0 1934 1934 0 1931 1931 0 1936 1936 0 1930 1930 0 1931 1931 0 1808 1808 0 1936 1936 0 1931 1931 0 1807 1807 0 1808 1808 0 1802 1802 0 1807 1807 0 1931 1931 0 1806 1806 0 1933 1933 0 1937 1937 0 1809 1809 0 1806 1806 0 1937 1937 0 1937 1937 0 1810 1810 0 1809 1809 0 1938 1938 0 1810 1810 0 1937 1937 0 1811 1811 0 1940 1940 0 1939 1939 0 1812 1812 0 1940 1940 0 1811 1811 0 1935 1935 0 1936 1936 0 1814 1814 0 1935 1935 0 1814 1814 0 1939 1939 0 1939 1939 0 1814 1814 0 1811 1811 0 1808 1808 0 1814 1814 0 1936 1936 0 1810 1810 0 1938 1938 0 1941 1941 0 1815 1815 0 1810 1810 0 1941 1941 0 1816 1816 0 1815 1815 0 1942 1942 0 1815 1815 0 1941 1941 0 1942 1942 0 1942 1942 0 1818 1818 0 1816 1816 0 1943 1943 0 1818 1818 0 1942 1942 0 1946 1946 0 1945 1945 0 1944 1944 0 1946 1946 0 1819 1819 0 1820 1820 0 1946 1946 0 1944 1944 0 1819 1819 0 1944 1944 0 1947 1947 0 1819 1819 0 1940 1940 0 1812 1812 0 1819 1819 0 1947 1947 0 1940 1940 0 1819 1819 0 1818 1818 0 1943 1943 0 1948 1948 0 1821 1821 0 1818 1818 0 1948 1948 0 1822 1822 0 1821 1821 0 1949 1949 0 1821 1821 0 1948 1948 0 1949 1949 0 1823 1823 0 1822 1822 0 1950 1950 0 1822 1822 0 1949 1949 0 1950 1950 0 1825 1825 0 1951 1951 0 1952 1952 0 1825 1825 0 1823 1823 0 1951 1951 0 1823 1823 0 1950 1950 0 1951 1951 0 1952 1952 0 1953 1953 0 1954 1954 0 1951 1951 0 1953 1953 0 1952 1952 0 1954 1954 0 1955 1955 0 1956 1956 0 1953 1953 0 1955 1955 0 1954 1954 0 1956 1956 0 1957 1957 0 1958 1958 0 1955 1955 0 1957 1957 0 1956 1956 0 1958 1958 0 1826 1826 0 1827 1827 0 1958 1958 0 1957 1957 0 1826 1826 0 1957 1957 0 1959 1959 0 1826 1826 0 1829 1829 0 1826 1826 0 1960 1960 0 1826 1826 0 1959 1959 0 1960 1960 0 1830 1830 0 1829 1829 0 1961 1961 0 1829 1829 0 1960 1960 0 1961 1961 0 1945 1945 0 1946 1946 0 1831 1831 0 1945 1945 0 1831 1831 0 1961 1961 0 1961 1961 0 1831 1831 0 1830 1830 0 1820 1820 0 1831 1831 0 1946 1946 0 1825 1825 0 1952 1952 0 1832 1832 0 1833 1833 0 1832 1832 0 1952 1952 0 1954 1954 0 1833 1833 0 1952 1952 0 1834 1834 0 1833 1833 0 1954 1954 0 1956 1956 0 1834 1834 0 1954 1954 0 1835 1835 0 1834 1834 0 1956 1956 0 1958 1958 0 1835 1835 0 1956 1956 0 1827 1827 0 1835 1835 0 1958 1958 0 1838 1838 0 1962 1962 0 1839 1839 0 1838 1838 0 1840 1840 0 1963 1963 0 1962 1962 0 1838 1838 0 1963 1963 0 1840 1840 0 1841 1841 0 1964 1964 0 1963 1963 0 1840 1840 0 1964 1964 0 1841 1841 0 1842 1842 0 1965 1965 0 1964 1964 0 1841 1841 0 1965 1965 0 1842 1842 0 1843 1843 0 1966 1966 0 1965 1965 0 1842 1842 0 1966 1966 0 1843 1843 0 1844 1844 0 1967 1967 0 1966 1966 0 1843 1843 0 1967 1967 0 1844 1844 0 1845 1845 0 1967 1967 0 1849 1849 0 1968 1968 0 1850 1850 0 1970 1970 0 1968 1968 0 1849 1849 0 1970 1970 0 1849 1849 0 1969 1969 0 1969 1969 0 1849 1849 0 1851 1851 0 1852 1852 0 1971 1971 0 1851 1851 0 1851 1851 0 1971 1971 0 1969 1969 0 1962 1962 0 1852 1852 0 1839 1839 0 1962 1962 0 1972 1972 0 1852 1852 0 1972 1972 0 1971 1971 0 1852 1852 0 1963 1963 0 1972 1972 0 1962 1962 0 1973 1973 0 1972 1972 0 1963 1963 0 1964 1964 0 1973 1973 0 1963 1963 0 1974 1974 0 1973 1973 0 1964 1964 0 1965 1965 0 1974 1974 0 1964 1964 0 1975 1975 0 1974 1974 0 1965 1965 0 1966 1966 0 1975 1975 0 1965 1965 0 1976 1976 0 1975 1975 0 1966 1966 0 1967 1967 0 1976 1976 0 1966 1966 0 1977 1977 0 1976 1976 0 1967 1967 0 1845 1845 0 1977 1977 0 1967 1967 0 1845 1845 0 1853 1853 0 1977 1977 0 1853 1853 0 1978 1978 0 1977 1977 0 1854 1854 0 1979 1979 0 1853 1853 0 1853 1853 0 1979 1979 0 1978 1978 0 1855 1855 0 1980 1980 0 1854 1854 0 1854 1854 0 1980 1980 0 1979 1979 0 1980 1980 0 1855 1855 0 1856 1856 0 1981 1981 0 1980 1980 0 1856 1856 0 1858 1858 0 1982 1982 0 1859 1859 0 1984 1984 0 1982 1982 0 1858 1858 0 1984 1984 0 1858 1858 0 1983 1983 0 1983 1983 0 1858 1858 0 1860 1860 0 1968 1968 0 1860 1860 0 1850 1850 0 1968 1968 0 1985 1985 0 1860 1860 0 1985 1985 0 1983 1983 0 1860 1860 0 1970 1970 0 1985 1985 0 1968 1968 0 1856 1856 0 1986 1986 0 1981 1981 0 1861 1861 0 1986 1986 0 1856 1856 0 1988 1988 0 1987 1987 0 1986 1986 0 1988 1988 0 1986 1986 0 1862 1862 0 1862 1862 0 1986 1986 0 1861 1861 0 1862 1862 0 1863 1863 0 1988 1988 0 1864 1864 0 1989 1989 0 1865 1865 0 1864 1864 0 1991 1991 0 1989 1989 0 1859 1859 0 1991 1991 0 1864 1864 0 1859 1859 0 1990 1990 0 1991 1991 0 1859 1859 0 1982 1982 0 1990 1990 0 1984 1984 0 1990 1990 0 1982 1982 0 1988 1988 0 1992 1992 0 1987 1987 0 1863 1863 0 1992 1992 0 1988 1988 0 1863 1863 0 1866 1866 0 1992 1992 0 1866 1866 0 1993 1993 0 1992 1992 0 1993 1993 0 1866 1866 0 1867 1867 0 1994 1994 0 1993 1993 0 1867 1867 0 1869 1869 0 1995 1995 0 1870 1870 0 1869 1869 0 1997 1997 0 1995 1995 0 1865 1865 0 1997 1997 0 1869 1869 0 1865 1865 0 1996 1996 0 1997 1997 0 1865 1865 0 1989 1989 0 1996 1996 0 1991 1991 0 1996 1996 0 1989 1989 0 1867 1867 0 1998 1998 0 1994 1994 0 1871 1871 0 1998 1998 0 1867 1867 0 1998 1998 0 1871 1871 0 1872 1872 0 1999 1999 0 1998 1998 0 1872 1872 0 1873 1873 0 2000 2000 0 1874 1874 0 1873 1873 0 2002 2002 0 2000 2000 0 1870 1870 0 2002 2002 0 1873 1873 0 1870 1870 0 2001 2001 0 2002 2002 0 1870 1870 0 1995 1995 0 2001 2001 0 1997 1997 0 2001 2001 0 1995 1995 0 2004 2004 0 1872 1872 0 1875 1875 0 2004 2004 0 2003 2003 0 1872 1872 0 2003 2003 0 1999 1999 0 1872 1872 0 1875 1875 0 1876 1876 0 2004 2004 0 2000 2000 0 2005 2005 0 2006 2006 0 2000 2000 0 2006 2006 0 1874 1874 0 1874 1874 0 2006 2006 0 1878 1878 0 2002 2002 0 2005 2005 0 2000 2000 0 2004 2004 0 2007 2007 0 2003 2003 0 2009 2009 0 2008 2008 0 2007 2007 0 1879 1879 0 2009 2009 0 2007 2007 0 1879 1879 0 2007 2007 0 2004 2004 0 1879 1879 0 2004 2004 0 1876 1876 0 1879 1879 0 1880 1880 0 2009 2009 0 1881 1881 0 2010 2010 0 1882 1882 0 1881 1881 0 2011 2011 0 2010 2010 0 1881 1881 0 1878 1878 0 2011 2011 0 1878 1878 0 2006 2006 0 2011 2011 0 2009 2009 0 2012 2012 0 2008 2008 0 2012 2012 0 2009 2009 0 1880 1880 0 2012 2012 0 1880 1880 0 2013 2013 0 2013 2013 0 1880 1880 0 1883 1883 0 2010 2010 0 2014 2014 0 2015 2015 0 2010 2010 0 2015 2015 0 1882 1882 0 1882 1882 0 2015 2015 0 1885 1885 0 2011 2011 0 2014 2014 0 2010 2010 0 1883 1883 0 1886 1886 0 2013 2013 0 2013 2013 0 1886 1886 0 2016 2016 0 1888 1888 0 2017 2017 0 1889 1889 0 1888 1888 0 2018 2018 0 2017 2017 0 1888 1888 0 1885 1885 0 2018 2018 0 1885 1885 0 2015 2015 0 2018 2018 0 2020 2020 0 1886 1886 0 1890 1890 0 2020 2020 0 2019 2019 0 1886 1886 0 2019 2019 0 2016 2016 0 1886 1886 0 1890 1890 0 1891 1891 0 2020 2020 0 2017 2017 0 2021 2021 0 1892 1892 0 1889 1889 0 2017 2017 0 1892 1892 0 2022 2022 0 2017 2017 0 2018 2018 0 2021 2021 0 2017 2017 0 2022 2022 0 2020 2020 0 2023 2023 0 2019 2019 0 2023 2023 0 2020 2020 0 1891 1891 0 2023 2023 0 1891 1891 0 2024 2024 0 2024 2024 0 1891 1891 0 1893 1893 0 2021 2021 0 2025 2025 0 2026 2026 0 2021 2021 0 2026 2026 0 1892 1892 0 1892 1892 0 2026 2026 0 1894 1894 0 2022 2022 0 2025 2025 0 2021 2021 0 1893 1893 0 1895 1895 0 2024 2024 0 2024 2024 0 1895 1895 0 2027 2027 0 1894 1894 0 2026 2026 0 1896 1896 0 2026 2026 0 2028 2028 0 1896 1896 0 1895 1895 0 1897 1897 0 2027 2027 0 2027 2027 0 1897 1897 0 2029 2029 0 1896 1896 0 2028 2028 0 1899 1899 0 2028 2028 0 2030 2030 0 1899 1899 0 1897 1897 0 1900 1900 0 2029 2029 0 2029 2029 0 1900 1900 0 2031 2031 0 1899 1899 0 2030 2030 0 1902 1902 0 2030 2030 0 2032 2032 0 1902 1902 0 1900 1900 0 1903 1903 0 2031 2031 0 2031 2031 0 1903 1903 0 2033 2033 0 2034 2034 0 2035 2035 0 1904 1904 0 2034 2034 0 1904 1904 0 2032 2032 0 2032 2032 0 1904 1904 0 1902 1902 0 2034 2034 0 2036 2036 0 2035 2035 0 1903 1903 0 1905 1905 0 2033 2033 0 2033 2033 0 1905 1905 0 2037 2037 0 2035 2035 0 2038 2038 0 1906 1906 0 1904 1904 0 2035 2035 0 1906 1906 0 2039 2039 0 2035 2035 0 2036 2036 0 2038 2038 0 2035 2035 0 2039 2039 0 2042 2042 0 2041 2041 0 2040 2040 0 2042 2042 0 2040 2040 0 2037 2037 0 2042 2042 0 2037 2037 0 1907 1907 0 1907 1907 0 2037 2037 0 1905 1905 0 1906 1906 0 2038 2038 0 1908 1908 0 2038 2038 0 1910 1910 0 1908 1908 0 2038 2038 0 2039 2039 0 1910 1910 0 2039 2039 0 2043 2043 0 1910 1910 0 2045 2045 0 2041 2041 0 2042 2042 0 2044 2044 0 2041 2041 0 2045 2045 0 1907 1907 0 1911 1911 0 2045 2045 0 2042 2042 0 1907 1907 0 2045 2045 0 1910 1910 0 2043 2043 0 1912 1912 0 2043 2043 0 2046 2046 0 1912 1912 0 1913 1913 0 2044 2044 0 2045 2045 0 1913 1913 0 1914 1914 0 2044 2044 0 1914 1914 0 2047 2047 0 2044 2044 0 1911 1911 0 1913 1913 0 2045 2045 0 2048 2048 0 2049 2049 0 1915 1915 0 2048 2048 0 1915 1915 0 2046 2046 0 2046 2046 0 1915 1915 0 1912 1912 0 2048 2048 0 2050 2050 0 2049 2049 0 2053 2053 0 2052 2052 0 2051 2051 0 2053 2053 0 2051 2051 0 2047 2047 0 2053 2053 0 2047 2047 0 1916 1916 0 1916 1916 0 2047 2047 0 1914 1914 0 1915 1915 0 2049 2049 0 1917 1917 0 1918 1918 0 2054 2054 0 2055 2055 0 1917 1917 0 2054 2054 0 1918 1918 0 1917 1917 0 2050 2050 0 2054 2054 0 1917 1917 0 2049 2049 0 2050 2050 0 2054 2054 0 2056 2056 0 2055 2055 0 2059 2059 0 2058 2058 0 2057 2057 0 2052 2052 0 2059 2059 0 2057 2057 0 2053 2053 0 2059 2059 0 2052 2052 0 2053 2053 0 1920 1920 0 2059 2059 0 2053 2053 0 1919 1919 0 1920 1920 0 1916 1916 0 1919 1919 0 2053 2053 0 1918 1918 0 2055 2055 0 1921 1921 0 2055 2055 0 1923 1923 0 1921 1921 0 2055 2055 0 2056 2056 0 1923 1923 0 2056 2056 0 2060 2060 0 1923 1923 0 1924 1924 0 2058 2058 0 2059 2059 0 1924 1924 0 1925 1925 0 2058 2058 0 1925 1925 0 2061 2061 0 2058 2058 0 1920 1920 0 1924 1924 0 2059 2059 0 1923 1923 0 2060 2060 0 2062 2062 0 1926 1926 0 1923 1923 0 2062 2062 0 2062 2062 0 1928 1928 0 1926 1926 0 2063 2063 0 1928 1928 0 2062 2062 0 1929 1929 0 2065 2065 0 2064 2064 0 1930 1930 0 2065 2065 0 1929 1929 0 2061 2061 0 1925 1925 0 1929 1929 0 2064 2064 0 2061 2061 0 1929 1929 0 1928 1928 0 2063 2063 0 2066 2066 0 1932 1932 0 1928 1928 0 2066 2066 0 1933 1933 0 2067 2067 0 2068 2068 0 1933 1933 0 1932 1932 0 2067 2067 0 1932 1932 0 2066 2066 0 2067 2067 0 2067 2067 0 2069 2069 0 2068 2068 0 1934 1934 0 2071 2071 0 2070 2070 0 1935 1935 0 2071 2071 0 1934 1934 0 2065 2065 0 1930 1930 0 1934 1934 0 2070 2070 0 2065 2065 0 1934 1934 0 1933 1933 0 2068 2068 0 1937 1937 0 1938 1938 0 2072 2072 0 2073 2073 0 1937 1937 0 2072 2072 0 1938 1938 0 1937 1937 0 2069 2069 0 2072 2072 0 1937 1937 0 2068 2068 0 2069 2069 0 2072 2072 0 2074 2074 0 2073 2073 0 2077 2077 0 2076 2076 0 2075 2075 0 2077 2077 0 1939 1939 0 1940 1940 0 2077 2077 0 2075 2075 0 1939 1939 0 2075 2075 0 2078 2078 0 1939 1939 0 2071 2071 0 1935 1935 0 1939 1939 0 2078 2078 0 2071 2071 0 1939 1939 0 1938 1938 0 2073 2073 0 1941 1941 0 2073 2073 0 2074 2074 0 2079 2079 0 2073 2073 0 2079 2079 0 1941 1941 0 1941 1941 0 2079 2079 0 1942 1942 0 1943 1943 0 2080 2080 0 2081 2081 0 1943 1943 0 1942 1942 0 2080 2080 0 1942 1942 0 2079 2079 0 2080 2080 0 2080 2080 0 2082 2082 0 2081 2081 0 2085 2085 0 2084 2084 0 2083 2083 0 2085 2085 0 1944 1944 0 1945 1945 0 2085 2085 0 2083 2083 0 1944 1944 0 2083 2083 0 2086 2086 0 1944 1944 0 2076 2076 0 2077 2077 0 1947 1947 0 2076 2076 0 1947 1947 0 2086 2086 0 2086 2086 0 1947 1947 0 1944 1944 0 1940 1940 0 1947 1947 0 2077 2077 0 1943 1943 0 2081 2081 0 1948 1948 0 2081 2081 0 2082 2082 0 2087 2087 0 2081 2081 0 2087 2087 0 1948 1948 0 1948 1948 0 2087 2087 0 1949 1949 0 1950 1950 0 1949 1949 0 2088 2088 0 1949 1949 0 2087 2087 0 2088 2088 0 1951 1951 0 1950 1950 0 2089 2089 0 1950 1950 0 2088 2088 0 2089 2089 0 1953 1953 0 1951 1951 0 2090 2090 0 1951 1951 0 2089 2089 0 2090 2090 0 1955 1955 0 1953 1953 0 2091 2091 0 1953 1953 0 2090 2090 0 2091 2091 0 1957 1957 0 1955 1955 0 2092 2092 0 1955 1955 0 2091 2091 0 2092 2092 0 1959 1959 0 1957 1957 0 2093 2093 0 1957 1957 0 2092 2092 0 2093 2093 0 1960 1960 0 1959 1959 0 2094 2094 0 1959 1959 0 2093 2093 0 2094 2094 0 2084 2084 0 2085 2085 0 1961 1961 0 2084 2084 0 1961 1961 0 2094 2094 0 2094 2094 0 1961 1961 0 1960 1960 0 1945 1945 0 1961 1961 0 2085 2085 0 1969 1969 0 2095 2095 0 1970 1970 0 2097 2097 0 2095 2095 0 1969 1969 0 2097 2097 0 1969 1969 0 2096 2096 0 2096 2096 0 1969 1969 0 1971 1971 0 1972 1972 0 2098 2098 0 1971 1971 0 1971 1971 0 2098 2098 0 2096 2096 0 1973 1973 0 2099 2099 0 1972 1972 0 1972 1972 0 2099 2099 0 2098 2098 0 1974 1974 0 2100 2100 0 1973 1973 0 1973 1973 0 2100 2100 0 2099 2099 0 1975 1975 0 2101 2101 0 1974 1974 0 1974 1974 0 2101 2101 0 2100 2100 0 1976 1976 0 2102 2102 0 1975 1975 0 1975 1975 0 2102 2102 0 2101 2101 0 1977 1977 0 2103 2103 0 1976 1976 0 1976 1976 0 2103 2103 0 2102 2102 0 1978 1978 0 2104 2104 0 1977 1977 0 1977 1977 0 2104 2104 0 2103 2103 0 2106 2106 0 2105 2105 0 2104 2104 0 2106 2106 0 2104 2104 0 1979 1979 0 1979 1979 0 2104 2104 0 1978 1978 0 1979 1979 0 1980 1980 0 2107 2107 0 2106 2106 0 1979 1979 0 2107 2107 0 1980 1980 0 1981 1981 0 2107 2107 0 1983 1983 0 2108 2108 0 1984 1984 0 2110 2110 0 2108 2108 0 1983 1983 0 2110 2110 0 1983 1983 0 2109 2109 0 2109 2109 0 1983 1983 0 1985 1985 0 2095 2095 0 1985 1985 0 1970 1970 0 2095 2095 0 2111 2111 0 1985 1985 0 2111 2111 0 2109 2109 0 1985 1985 0 2097 2097 0 2111 2111 0 2095 2095 0 2106 2106 0 2112 2112 0 2105 2105 0 2107 2107 0 2112 2112 0 2106 2106 0 2113 2113 0 2112 2112 0 2107 2107 0 2115 2115 0 2114 2114 0 2113 2113 0 1986 1986 0 2115 2115 0 2113 2113 0 1986 1986 0 2113 2113 0 2107 2107 0 1986 1986 0 2107 2107 0 1981 1981 0 1986 1986 0 1987 1987 0 2115 2115 0 1990 1990 0 2116 2116 0 1991 1991 0 1990 1990 0 2118 2118 0 2116 2116 0 1984 1984 0 2118 2118 0 1990 1990 0 1984 1984 0 2117 2117 0 2118 2118 0 1984 1984 0 2108 2108 0 2117 2117 0 2110 2110 0 2117 2117 0 2108 2108 0 2115 2115 0 2119 2119 0 2114 2114 0 1987 1987 0 2119 2119 0 2115 2115 0 1987 1987 0 1992 1992 0 2119 2119 0 1992 1992 0 2120 2120 0 2119 2119 0 2122 2122 0 2121 2121 0 2120 2120 0 2122 2122 0 2120 2120 0 1993 1993 0 1993 1993 0 2120 2120 0 1992 1992 0 1993 1993 0 1994 1994 0 2122 2122 0 1996 1996 0 2123 2123 0 2124 2124 0 1997 1997 0 1996 1996 0 2124 2124 0 2116 2116 0 1996 1996 0 1991 1991 0 2116 2116 0 2125 2125 0 1996 1996 0 2125 2125 0 2123 2123 0 1996 1996 0 2118 2118 0 2125 2125 0 2116 2116 0 2122 2122 0 2126 2126 0 2121 2121 0 2128 2128 0 2127 2127 0 2126 2126 0 1998 1998 0 2128 2128 0 2126 2126 0 1998 1998 0 2126 2126 0 2122 2122 0 1998 1998 0 2122 2122 0 1994 1994 0 1998 1998 0 1999 1999 0 2128 2128 0 2001 2001 0 2129 2129 0 2130 2130 0 2002 2002 0 2001 2001 0 2130 2130 0 2124 2124 0 2001 2001 0 1997 1997 0 2129 2129 0 2001 2001 0 2124 2124 0 2128 2128 0 2131 2131 0 2127 2127 0 2131 2131 0 2128 2128 0 1999 1999 0 2131 2131 0 1999 1999 0 2132 2132 0 2132 2132 0 1999 1999 0 2003 2003 0 2005 2005 0 2133 2133 0 2006 2006 0 2005 2005 0 2134 2134 0 2133 2133 0 2005 2005 0 2002 2002 0 2134 2134 0 2002 2002 0 2130 2130 0 2134 2134 0 2003 2003 0 2135 2135 0 2132 2132 0 2007 2007 0 2135 2135 0 2003 2003 0 2135 2135 0 2007 2007 0 2008 2008 0 2136 2136 0 2135 2135 0 2008 2008 0 2133 2133 0 2137 2137 0 2138 2138 0 2133 2133 0 2138 2138 0 2006 2006 0 2006 2006 0 2138 2138 0 2011 2011 0 2134 2134 0 2137 2137 0 2133 2133 0 2140 2140 0 2008 2008 0 2012 2012 0 2140 2140 0 2139 2139 0 2008 2008 0 2139 2139 0 2136 2136 0 2008 2008 0 2012 2012 0 2013 2013 0 2140 2140 0 2014 2014 0 2141 2141 0 2015 2015 0 2014 2014 0 2142 2142 0 2141 2141 0 2014 2014 0 2011 2011 0 2142 2142 0 2011 2011 0 2138 2138 0 2142 2142 0 2140 2140 0 2143 2143 0 2139 2139 0 2143 2143 0 2140 2140 0 2013 2013 0 2143 2143 0 2013 2013 0 2144 2144 0 2144 2144 0 2013 2013 0 2016 2016 0 2141 2141 0 2145 2145 0 2146 2146 0 2141 2141 0 2146 2146 0 2015 2015 0 2015 2015 0 2146 2146 0 2018 2018 0 2142 2142 0 2145 2145 0 2141 2141 0 2016 2016 0 2019 2019 0 2144 2144 0 2144 2144 0 2019 2019 0 2147 2147 0 2018 2018 0 2146 2146 0 2022 2022 0 2146 2146 0 2148 2148 0 2022 2022 0 2150 2150 0 2019 2019 0 2023 2023 0 2150 2150 0 2149 2149 0 2019 2019 0 2149 2149 0 2147 2147 0 2019 2019 0 2023 2023 0 2024 2024 0 2150 2150 0 2025 2025 0 2151 2151 0 2026 2026 0 2025 2025 0 2152 2152 0 2151 2151 0 2025 2025 0 2022 2022 0 2152 2152 0 2022 2022 0 2148 2148 0 2152 2152 0 2150 2150 0 2153 2153 0 2149 2149 0 2153 2153 0 2150 2150 0 2024 2024 0 2153 2153 0 2024 2024 0 2154 2154 0 2154 2154 0 2024 2024 0 2027 2027 0 2151 2151 0 2155 2155 0 2028 2028 0 2026 2026 0 2151 2151 0 2028 2028 0 2156 2156 0 2151 2151 0 2152 2152 0 2155 2155 0 2151 2151 0 2156 2156 0 2027 2027 0 2029 2029 0 2154 2154 0 2154 2154 0 2029 2029 0 2157 2157 0 2155 2155 0 2158 2158 0 2030 2030 0 2028 2028 0 2155 2155 0 2030 2030 0 2159 2159 0 2155 2155 0 2156 2156 0 2158 2158 0 2155 2155 0 2159 2159 0 2029 2029 0 2031 2031 0 2157 2157 0 2157 2157 0 2031 2031 0 2160 2160 0 2158 2158 0 2161 2161 0 2032 2032 0 2030 2030 0 2158 2158 0 2032 2032 0 2162 2162 0 2158 2158 0 2159 2159 0 2161 2161 0 2158 2158 0 2162 2162 0 2165 2165 0 2164 2164 0 2163 2163 0 2165 2165 0 2163 2163 0 2160 2160 0 2165 2165 0 2160 2160 0 2033 2033 0 2033 2033 0 2160 2160 0 2031 2031 0 2032 2032 0 2161 2161 0 2034 2034 0 2161 2161 0 2036 2036 0 2034 2034 0 2161 2161 0 2162 2162 0 2036 2036 0 2162 2162 0 2166 2166 0 2036 2036 0 2168 2168 0 2164 2164 0 2165 2165 0 2167 2167 0 2164 2164 0 2168 2168 0 2033 2033 0 2037 2037 0 2168 2168 0 2165 2165 0 2033 2033 0 2168 2168 0 2036 2036 0 2166 2166 0 2039 2039 0 2166 2166 0 2169 2169 0 2039 2039 0 2040 2040 0 2167 2167 0 2168 2168 0 2040 2040 0 2041 2041 0 2167 2167 0 2041 2041 0 2170 2170 0 2167 2167 0 2037 2037 0 2040 2040 0 2168 2168 0 2171 2171 0 2172 2172 0 2043 2043 0 2171 2171 0 2043 2043 0 2169 2169 0 2169 2169 0 2043 2043 0 2039 2039 0 2171 2171 0 2173 2173 0 2172 2172 0 2041 2041 0 2044 2044 0 2170 2170 0 2170 2170 0 2044 2044 0 2174 2174 0 2172 2172 0 2175 2175 0 2046 2046 0 2043 2043 0 2172 2172 0 2046 2046 0 2176 2176 0 2172 2172 0 2173 2173 0 2175 2175 0 2172 2172 0 2176 2176 0 2179 2179 0 2178 2178 0 2177 2177 0 2179 2179 0 2177 2177 0 2174 2174 0 2179 2179 0 2174 2174 0 2047 2047 0 2047 2047 0 2174 2174 0 2044 2044 0 2046 2046 0 2175 2175 0 2048 2048 0 2050 2050 0 2180 2180 0 2181 2181 0 2048 2048 0 2180 2180 0 2050 2050 0 2048 2048 0 2176 2176 0 2180 2180 0 2048 2048 0 2175 2175 0 2176 2176 0 2180 2180 0 2182 2182 0 2181 2181 0 2051 2051 0 2178 2178 0 2179 2179 0 2051 2051 0 2052 2052 0 2178 2178 0 2052 2052 0 2183 2183 0 2178 2178 0 2047 2047 0 2051 2051 0 2179 2179 0 2050 2050 0 2181 2181 0 2054 2054 0 2181 2181 0 2056 2056 0 2054 2054 0 2181 2181 0 2182 2182 0 2056 2056 0 2182 2182 0 2184 2184 0 2056 2056 0 2057 2057 0 2186 2186 0 2185 2185 0 2058 2058 0 2186 2186 0 2057 2057 0 2183 2183 0 2052 2052 0 2057 2057 0 2185 2185 0 2183 2183 0 2057 2057 0 2187 2187 0 2188 2188 0 2060 2060 0 2187 2187 0 2060 2060 0 2184 2184 0 2184 2184 0 2060 2060 0 2056 2056 0 2187 2187 0 2189 2189 0 2188 2188 0 2192 2192 0 2191 2191 0 2190 2190 0 2192 2192 0 2190 2190 0 2186 2186 0 2192 2192 0 2186 2186 0 2061 2061 0 2061 2061 0 2186 2186 0 2058 2058 0 2060 2060 0 2188 2188 0 2062 2062 0 2063 2063 0 2193 2193 0 2194 2194 0 2062 2062 0 2193 2193 0 2063 2063 0 2062 2062 0 2189 2189 0 2193 2193 0 2062 2062 0 2188 2188 0 2189 2189 0 2193 2193 0 2195 2195 0 2194 2194 0 2198 2198 0 2197 2197 0 2196 2196 0 2191 2191 0 2198 2198 0 2196 2196 0 2192 2192 0 2198 2198 0 2191 2191 0 2192 2192 0 2065 2065 0 2198 2198 0 2192 2192 0 2064 2064 0 2065 2065 0 2061 2061 0 2064 2064 0 2192 2192 0 2063 2063 0 2194 2194 0 2066 2066 0 2194 2194 0 2195 2195 0 2199 2199 0 2194 2194 0 2199 2199 0 2066 2066 0 2066 2066 0 2199 2199 0 2067 2067 0 2199 2199 0 2069 2069 0 2067 2067 0 2200 2200 0 2069 2069 0 2199 2199 0 2203 2203 0 2202 2202 0 2201 2201 0 2197 2197 0 2203 2203 0 2201 2201 0 2198 2198 0 2203 2203 0 2197 2197 0 2198 2198 0 2071 2071 0 2203 2203 0 2198 2198 0 2070 2070 0 2071 2071 0 2065 2065 0 2070 2070 0 2198 2198 0 2069 2069 0 2200 2200 0 2204 2204 0 2072 2072 0 2069 2069 0 2204 2204 0 2074 2074 0 2205 2205 0 2206 2206 0 2074 2074 0 2072 2072 0 2205 2205 0 2072 2072 0 2204 2204 0 2205 2205 0 2205 2205 0 2207 2207 0 2206 2206 0 2210 2210 0 2209 2209 0 2208 2208 0 2210 2210 0 2075 2075 0 2076 2076 0 2210 2210 0 2208 2208 0 2075 2075 0 2208 2208 0 2211 2211 0 2075 2075 0 2202 2202 0 2203 2203 0 2078 2078 0 2202 2202 0 2078 2078 0 2211 2211 0 2211 2211 0 2078 2078 0 2075 2075 0 2071 2071 0 2078 2078 0 2203 2203 0 2074 2074 0 2206 2206 0 2079 2079 0 2206 2206 0 2207 2207 0 2212 2212 0 2206 2206 0 2212 2212 0 2079 2079 0 2079 2079 0 2212 2212 0 2080 2080 0 2082 2082 0 2213 2213 0 2214 2214 0 2082 2082 0 2080 2080 0 2213 2213 0 2080 2080 0 2212 2212 0 2213 2213 0 2214 2214 0 2215 2215 0 2216 2216 0 2213 2213 0 2215 2215 0 2214 2214 0 2216 2216 0 2217 2217 0 2218 2218 0 2215 2215 0 2217 2217 0 2216 2216 0 2217 2217 0 2219 2219 0 2218 2218 0 2222 2222 0 2221 2221 0 2220 2220 0 2222 2222 0 2223 2223 0 2224 2224 0 2220 2220 0 2223 2223 0 2222 2222 0 2224 2224 0 2225 2225 0 2226 2226 0 2223 2223 0 2225 2225 0 2224 2224 0 2226 2226 0 2083 2083 0 2084 2084 0 2226 2226 0 2225 2225 0 2083 2083 0 2225 2225 0 2227 2227 0 2083 2083 0 2209 2209 0 2210 2210 0 2086 2086 0 2209 2209 0 2086 2086 0 2227 2227 0 2227 2227 0 2086 2086 0 2083 2083 0 2076 2076 0 2086 2086 0 2210 2210 0 2082 2082 0 2214 2214 0 2087 2087 0 2088 2088 0 2087 2087 0 2214 2214 0 2216 2216 0 2088 2088 0 2214 2214 0 2089 2089 0 2088 2088 0 2216 2216 0 2218 2218 0 2089 2089 0 2216 2216 0 2218 2218 0 2219 2219 0 2228 2228 0 2218 2218 0 2228 2228 0 2089 2089 0 2089 2089 0 2228 2228 0 2090 2090 0 2091 2091 0 2090 2090 0 2229 2229 0 2090 2090 0 2228 2228 0 2229 2229 0 2221 2221 0 2222 2222 0 2092 2092 0 2221 2221 0 2092 2092 0 2229 2229 0 2229 2229 0 2092 2092 0 2091 2091 0 2093 2093 0 2092 2092 0 2222 2222 0 2224 2224 0 2093 2093 0 2222 2222 0 2094 2094 0 2093 2093 0 2224 2224 0 2226 2226 0 2094 2094 0 2224 2224 0 2084 2084 0 2094 2094 0 2226 2226 0 2096 2096 0 2230 2230 0 2097 2097 0 2096 2096 0 2098 2098 0 2231 2231 0 2230 2230 0 2096 2096 0 2231 2231 0 2098 2098 0 2099 2099 0 2232 2232 0 2231 2231 0 2098 2098 0 2232 2232 0 2099 2099 0 2100 2100 0 2233 2233 0 2232 2232 0 2099 2099 0 2233 2233 0 2235 2235 0 2233 2233 0 2100 2100 0 2235 2235 0 2100 2100 0 2234 2234 0 2234 2234 0 2100 2100 0 2101 2101 0 2237 2237 0 2236 2236 0 2234 2234 0 2237 2237 0 2234 2234 0 2102 2102 0 2102 2102 0 2234 2234 0 2101 2101 0 2102 2102 0 2103 2103 0 2238 2238 0 2237 2237 0 2102 2102 0 2238 2238 0 2103 2103 0 2104 2104 0 2239 2239 0 2238 2238 0 2103 2103 0 2239 2239 0 2104 2104 0 2105 2105 0 2239 2239 0 2109 2109 0 2240 2240 0 2110 2110 0 2242 2242 0 2240 2240 0 2109 2109 0 2242 2242 0 2109 2109 0 2241 2241 0 2241 2241 0 2109 2109 0 2111 2111 0 2230 2230 0 2111 2111 0 2097 2097 0 2230 2230 0 2243 2243 0 2111 2111 0 2243 2243 0 2241 2241 0 2111 2111 0 2231 2231 0 2243 2243 0 2230 2230 0 2244 2244 0 2243 2243 0 2231 2231 0 2232 2232 0 2244 2244 0 2231 2231 0 2245 2245 0 2244 2244 0 2232 2232 0 2233 2233 0 2245 2245 0 2232 2232 0 2246 2246 0 2245 2245 0 2233 2233 0 2235 2235 0 2246 2246 0 2233 2233 0 2237 2237 0 2247 2247 0 2236 2236 0 2238 2238 0 2247 2247 0 2237 2237 0 2248 2248 0 2247 2247 0 2238 2238 0 2239 2239 0 2248 2248 0 2238 2238 0 2249 2249 0 2248 2248 0 2239 2239 0 2105 2105 0 2249 2249 0 2239 2239 0 2105 2105 0 2112 2112 0 2249 2249 0 2112 2112 0 2250 2250 0 2249 2249 0 2252 2252 0 2251 2251 0 2250 2250 0 2252 2252 0 2250 2250 0 2113 2113 0 2113 2113 0 2250 2250 0 2112 2112 0 2113 2113 0 2114 2114 0 2252 2252 0 2117 2117 0 2253 2253 0 2118 2118 0 2117 2117 0 2255 2255 0 2253 2253 0 2110 2110 0 2255 2255 0 2117 2117 0 2110 2110 0 2254 2254 0 2255 2255 0 2110 2110 0 2240 2240 0 2254 2254 0 2242 2242 0 2254 2254 0 2240 2240 0 2252 2252 0 2256 2256 0 2251 2251 0 2114 2114 0 2256 2256 0 2252 2252 0 2114 2114 0 2119 2119 0 2256 2256 0 2119 2119 0 2257 2257 0 2256 2256 0 2259 2259 0 2258 2258 0 2257 2257 0 2259 2259 0 2257 2257 0 2120 2120 0 2120 2120 0 2257 2257 0 2119 2119 0 2120 2120 0 2121 2121 0 2259 2259 0 2123 2123 0 2260 2260 0 2124 2124 0 2262 2262 0 2260 2260 0 2123 2123 0 2262 2262 0 2123 2123 0 2261 2261 0 2261 2261 0 2123 2123 0 2125 2125 0 2253 2253 0 2125 2125 0 2118 2118 0 2253 2253 0 2263 2263 0 2125 2125 0 2263 2263 0 2261 2261 0 2125 2125 0 2255 2255 0 2263 2263 0 2253 2253 0 2259 2259 0 2264 2264 0 2258 2258 0 2266 2266 0 2265 2265 0 2264 2264 0 2126 2126 0 2266 2266 0 2264 2264 0 2126 2126 0 2264 2264 0 2259 2259 0 2126 2126 0 2259 2259 0 2121 2121 0 2126 2126 0 2127 2127 0 2266 2266 0 2129 2129 0 2267 2267 0 2130 2130 0 2129 2129 0 2269 2269 0 2267 2267 0 2124 2124 0 2269 2269 0 2129 2129 0 2124 2124 0 2268 2268 0 2269 2269 0 2124 2124 0 2260 2260 0 2268 2268 0 2262 2262 0 2268 2268 0 2260 2260 0 2266 2266 0 2270 2270 0 2265 2265 0 2272 2272 0 2271 2271 0 2270 2270 0 2131 2131 0 2272 2272 0 2270 2270 0 2131 2131 0 2270 2270 0 2266 2266 0 2131 2131 0 2266 2266 0 2127 2127 0 2131 2131 0 2132 2132 0 2272 2272 0 2267 2267 0 2273 2273 0 2274 2274 0 2267 2267 0 2274 2274 0 2130 2130 0 2130 2130 0 2274 2274 0 2134 2134 0 2269 2269 0 2273 2273 0 2267 2267 0 2272 2272 0 2275 2275 0 2271 2271 0 2277 2277 0 2276 2276 0 2275 2275 0 2135 2135 0 2277 2277 0 2275 2275 0 2135 2135 0 2275 2275 0 2272 2272 0 2135 2135 0 2272 2272 0 2132 2132 0 2135 2135 0 2136 2136 0 2277 2277 0 2137 2137 0 2278 2278 0 2138 2138 0 2137 2137 0 2279 2279 0 2278 2278 0 2137 2137 0 2134 2134 0 2279 2279 0 2134 2134 0 2274 2274 0 2279 2279 0 2277 2277 0 2280 2280 0 2276 2276 0 2280 2280 0 2277 2277 0 2136 2136 0 2280 2280 0 2136 2136 0 2281 2281 0 2281 2281 0 2136 2136 0 2139 2139 0 2278 2278 0 2282 2282 0 2283 2283 0 2278 2278 0 2283 2283 0 2138 2138 0 2138 2138 0 2283 2283 0 2142 2142 0 2279 2279 0 2282 2282 0 2278 2278 0 2285 2285 0 2139 2139 0 2143 2143 0 2285 2285 0 2284 2284 0 2139 2139 0 2284 2284 0 2281 2281 0 2139 2139 0 2143 2143 0 2144 2144 0 2285 2285 0 2145 2145 0 2286 2286 0 2146 2146 0 2145 2145 0 2287 2287 0 2286 2286 0 2145 2145 0 2142 2142 0 2287 2287 0 2142 2142 0 2283 2283 0 2287 2287 0 2289 2289 0 2284 2284 0 2285 2285 0 2288 2288 0 2284 2284 0 2289 2289 0 2144 2144 0 2147 2147 0 2289 2289 0 2285 2285 0 2144 2144 0 2289 2289 0 2286 2286 0 2290 2290 0 2148 2148 0 2146 2146 0 2286 2286 0 2148 2148 0 2291 2291 0 2286 2286 0 2287 2287 0 2290 2290 0 2286 2286 0 2291 2291 0 2289 2289 0 2292 2292 0 2288 2288 0 2292 2292 0 2289 2289 0 2147 2147 0 2292 2292 0 2147 2147 0 2293 2293 0 2293 2293 0 2147 2147 0 2149 2149 0 2290 2290 0 2294 2294 0 2295 2295 0 2290 2290 0 2295 2295 0 2148 2148 0 2148 2148 0 2295 2295 0 2152 2152 0 2291 2291 0 2294 2294 0 2290 2290 0 2297 2297 0 2149 2149 0 2153 2153 0 2297 2297 0 2296 2296 0 2149 2149 0 2296 2296 0 2293 2293 0 2149 2149 0 2153 2153 0 2154 2154 0 2297 2297 0 2152 2152 0 2295 2295 0 2156 2156 0 2295 2295 0 2298 2298 0 2156 2156 0 2300 2300 0 2296 2296 0 2297 2297 0 2299 2299 0 2296 2296 0 2300 2300 0 2154 2154 0 2157 2157 0 2300 2300 0 2297 2297 0 2154 2154 0 2300 2300 0 2156 2156 0 2298 2298 0 2159 2159 0 2298 2298 0 2301 2301 0 2159 2159 0 2303 2303 0 2299 2299 0 2300 2300 0 2302 2302 0 2299 2299 0 2303 2303 0 2157 2157 0 2160 2160 0 2303 2303 0 2300 2300 0 2157 2157 0 2303 2303 0 2159 2159 0 2301 2301 0 2162 2162 0 2301 2301 0 2304 2304 0 2162 2162 0 2163 2163 0 2302 2302 0 2303 2303 0 2163 2163 0 2164 2164 0 2302 2302 0 2164 2164 0 2305 2305 0 2302 2302 0 2160 2160 0 2163 2163 0 2303 2303 0 2306 2306 0 2307 2307 0 2166 2166 0 2306 2306 0 2166 2166 0 2304 2304 0 2304 2304 0 2166 2166 0 2162 2162 0 2306 2306 0 2308 2308 0 2307 2307 0 2164 2164 0 2167 2167 0 2305 2305 0 2305 2305 0 2167 2167 0 2309 2309 0 2307 2307 0 2310 2310 0 2169 2169 0 2166 2166 0 2307 2307 0 2169 2169 0 2311 2311 0 2307 2307 0 2308 2308 0 2310 2310 0 2307 2307 0 2311 2311 0 2314 2314 0 2313 2313 0 2312 2312 0 2314 2314 0 2312 2312 0 2309 2309 0 2314 2314 0 2309 2309 0 2170 2170 0 2170 2170 0 2309 2309 0 2167 2167 0 2169 2169 0 2310 2310 0 2171 2171 0 2310 2310 0 2173 2173 0 2171 2171 0 2310 2310 0 2311 2311 0 2173 2173 0 2311 2311 0 2315 2315 0 2173 2173 0 2317 2317 0 2313 2313 0 2314 2314 0 2316 2316 0 2313 2313 0 2317 2317 0 2170 2170 0 2174 2174 0 2317 2317 0 2314 2314 0 2170 2170 0 2317 2317 0 2318 2318 0 2319 2319 0 2176 2176 0 2318 2318 0 2176 2176 0 2315 2315 0 2315 2315 0 2176 2176 0 2173 2173 0 2318 2318 0 2320 2320 0 2319 2319 0 2177 2177 0 2316 2316 0 2317 2317 0 2177 2177 0 2178 2178 0 2316 2316 0 2178 2178 0 2321 2321 0 2316 2316 0 2174 2174 0 2177 2177 0 2317 2317 0 2176 2176 0 2319 2319 0 2180 2180 0 2319 2319 0 2182 2182 0 2180 2180 0 2319 2319 0 2320 2320 0 2182 2182 0 2320 2320 0 2322 2322 0 2182 2182 0 2325 2325 0 2324 2324 0 2323 2323 0 2325 2325 0 2323 2323 0 2321 2321 0 2325 2325 0 2321 2321 0 2183 2183 0 2183 2183 0 2321 2321 0 2178 2178 0 2326 2326 0 2327 2327 0 2184 2184 0 2326 2326 0 2184 2184 0 2322 2322 0 2322 2322 0 2184 2184 0 2182 2182 0 2326 2326 0 2328 2328 0 2327 2327 0 2331 2331 0 2330 2330 0 2329 2329 0 2324 2324 0 2331 2331 0 2329 2329 0 2325 2325 0 2331 2331 0 2324 2324 0 2325 2325 0 2186 2186 0 2331 2331 0 2325 2325 0 2185 2185 0 2186 2186 0 2183 2183 0 2185 2185 0 2325 2325 0 2184 2184 0 2327 2327 0 2187 2187 0 2189 2189 0 2332 2332 0 2333 2333 0 2187 2187 0 2332 2332 0 2189 2189 0 2187 2187 0 2328 2328 0 2332 2332 0 2187 2187 0 2327 2327 0 2328 2328 0 2332 2332 0 2334 2334 0 2333 2333 0 2337 2337 0 2336 2336 0 2335 2335 0 2330 2330 0 2337 2337 0 2335 2335 0 2331 2331 0 2337 2337 0 2330 2330 0 2331 2331 0 2191 2191 0 2337 2337 0 2331 2331 0 2190 2190 0 2191 2191 0 2186 2186 0 2190 2190 0 2331 2331 0 2189 2189 0 2333 2333 0 2193 2193 0 2195 2195 0 2338 2338 0 2339 2339 0 2193 2193 0 2338 2338 0 2195 2195 0 2193 2193 0 2334 2334 0 2338 2338 0 2193 2193 0 2333 2333 0 2334 2334 0 2338 2338 0 2340 2340 0 2339 2339 0 2343 2343 0 2342 2342 0 2341 2341 0 2336 2336 0 2343 2343 0 2341 2341 0 2337 2337 0 2343 2343 0 2336 2336 0 2337 2337 0 2197 2197 0 2343 2343 0 2337 2337 0 2196 2196 0 2197 2197 0 2191 2191 0 2196 2196 0 2337 2337 0 2195 2195 0 2339 2339 0 2199 2199 0 2200 2200 0 2344 2344 0 2345 2345 0 2199 2199 0 2344 2344 0 2200 2200 0 2199 2199 0 2340 2340 0 2344 2344 0 2199 2199 0 2339 2339 0 2340 2340 0 2344 2344 0 2346 2346 0 2345 2345 0 2349 2349 0 2348 2348 0 2347 2347 0 2342 2342 0 2349 2349 0 2347 2347 0 2343 2343 0 2349 2349 0 2342 2342 0 2343 2343 0 2202 2202 0 2349 2349 0 2343 2343 0 2201 2201 0 2202 2202 0 2197 2197 0 2201 2201 0 2343 2343 0 2200 2200 0 2345 2345 0 2204 2204 0 2345 2345 0 2346 2346 0 2350 2350 0 2345 2345 0 2350 2350 0 2204 2204 0 2204 2204 0 2350 2350 0 2205 2205 0 2207 2207 0 2351 2351 0 2352 2352 0 2207 2207 0 2205 2205 0 2351 2351 0 2205 2205 0 2350 2350 0 2351 2351 0 2352 2352 0 2353 2353 0 2354 2354 0 2351 2351 0 2353 2353 0 2352 2352 0 2353 2353 0 2355 2355 0 2354 2354 0 2358 2358 0 2357 2357 0 2356 2356 0 2358 2358 0 2359 2359 0 2360 2360 0 2356 2356 0 2359 2359 0 2358 2358 0 2360 2360 0 2208 2208 0 2209 2209 0 2360 2360 0 2359 2359 0 2208 2208 0 2359 2359 0 2361 2361 0 2208 2208 0 2348 2348 0 2349 2349 0 2211 2211 0 2348 2348 0 2211 2211 0 2361 2361 0 2361 2361 0 2211 2211 0 2208 2208 0 2202 2202 0 2211 2211 0 2349 2349 0 2207 2207 0 2352 2352 0 2212 2212 0 2213 2213 0 2212 2212 0 2352 2352 0 2354 2354 0 2213 2213 0 2352 2352 0 2354 2354 0 2355 2355 0 2362 2362 0 2354 2354 0 2362 2362 0 2213 2213 0 2213 2213 0 2362 2362 0 2215 2215 0 2217 2217 0 2215 2215 0 2363 2363 0 2215 2215 0 2362 2362 0 2363 2363 0 2219 2219 0 2364 2364 0 2365 2365 0 2219 2219 0 2217 2217 0 2364 2364 0 2217 2217 0 2363 2363 0 2364 2364 0 2365 2365 0 2366 2366 0 2367 2367 0 2364 2364 0 2366 2366 0 2365 2365 0 2367 2367 0 2220 2220 0 2221 2221 0 2367 2367 0 2366 2366 0 2220 2220 0 2366 2366 0 2368 2368 0 2220 2220 0 2223 2223 0 2220 2220 0 2369 2369 0 2220 2220 0 2368 2368 0 2369 2369 0 2357 2357 0 2358 2358 0 2225 2225 0 2357 2357 0 2225 2225 0 2369 2369 0 2369 2369 0 2225 2225 0 2223 2223 0 2227 2227 0 2225 2225 0 2358 2358 0 2360 2360 0 2227 2227 0 2358 2358 0 2209 2209 0 2227 2227 0 2360 2360 0 2219 2219 0 2365 2365 0 2228 2228 0 2229 2229 0 2228 2228 0 2365 2365 0 2367 2367 0 2229 2229 0 2365 2365 0 2221 2221 0 2229 2229 0 2367 2367 0 2234 2234 0 2370 2370 0 2235 2235 0 2234 2234 0 2236 2236 0 2370 2370 0 2241 2241 0 2371 2371 0 2242 2242 0 2241 2241 0 2243 2243 0 2372 2372 0 2371 2371 0 2241 2241 0 2372 2372 0 2374 2374 0 2372 2372 0 2243 2243 0 2374 2374 0 2243 2243 0 2373 2373 0 2373 2373 0 2243 2243 0 2244 2244 0 2245 2245 0 2375 2375 0 2244 2244 0 2244 2244 0 2375 2375 0 2373 2373 0 2246 2246 0 2376 2376 0 2245 2245 0 2245 2245 0 2376 2376 0 2375 2375 0 2370 2370 0 2246 2246 0 2235 2235 0 2370 2370 0 2377 2377 0 2246 2246 0 2377 2377 0 2376 2376 0 2246 2246 0 2236 2236 0 2377 2377 0 2370 2370 0 2236 2236 0 2247 2247 0 2377 2377 0 2247 2247 0 2378 2378 0 2377 2377 0 2248 2248 0 2379 2379 0 2247 2247 0 2247 2247 0 2379 2379 0 2378 2378 0 2381 2381 0 2380 2380 0 2379 2379 0 2381 2381 0 2379 2379 0 2249 2249 0 2249 2249 0 2379 2379 0 2248 2248 0 2249 2249 0 2250 2250 0 2382 2382 0 2381 2381 0 2249 2249 0 2382 2382 0 2250 2250 0 2251 2251 0 2382 2382 0 2254 2254 0 2383 2383 0 2255 2255 0 2254 2254 0 2385 2385 0 2383 2383 0 2242 2242 0 2385 2385 0 2254 2254 0 2242 2242 0 2384 2384 0 2385 2385 0 2242 2242 0 2371 2371 0 2384 2384 0 2372 2372 0 2384 2384 0 2371 2371 0 2386 2386 0 2384 2384 0 2372 2372 0 2374 2374 0 2386 2386 0 2372 2372 0 2381 2381 0 2387 2387 0 2380 2380 0 2382 2382 0 2387 2387 0 2381 2381 0 2388 2388 0 2387 2387 0 2382 2382 0 2251 2251 0 2388 2388 0 2382 2382 0 2251 2251 0 2256 2256 0 2388 2388 0 2256 2256 0 2389 2389 0 2388 2388 0 2391 2391 0 2390 2390 0 2389 2389 0 2391 2391 0 2389 2389 0 2257 2257 0 2257 2257 0 2389 2389 0 2256 2256 0 2257 2257 0 2258 2258 0 2391 2391 0 2261 2261 0 2392 2392 0 2262 2262 0 2394 2394 0 2392 2392 0 2261 2261 0 2394 2394 0 2261 2261 0 2393 2393 0 2393 2393 0 2261 2261 0 2263 2263 0 2383 2383 0 2263 2263 0 2255 2255 0 2383 2383 0 2395 2395 0 2263 2263 0 2395 2395 0 2393 2393 0 2263 2263 0 2385 2385 0 2395 2395 0 2383 2383 0 2391 2391 0 2396 2396 0 2390 2390 0 2398 2398 0 2397 2397 0 2396 2396 0 2264 2264 0 2398 2398 0 2396 2396 0 2264 2264 0 2396 2396 0 2391 2391 0 2264 2264 0 2391 2391 0 2258 2258 0 2264 2264 0 2265 2265 0 2398 2398 0 2268 2268 0 2399 2399 0 2269 2269 0 2268 2268 0 2401 2401 0 2399 2399 0 2262 2262 0 2401 2401 0 2268 2268 0 2262 2262 0 2400 2400 0 2401 2401 0 2262 2262 0 2392 2392 0 2400 2400 0 2394 2394 0 2400 2400 0 2392 2392 0 2398 2398 0 2402 2402 0 2397 2397 0 2404 2404 0 2403 2403 0 2402 2402 0 2270 2270 0 2404 2404 0 2402 2402 0 2270 2270 0 2402 2402 0 2398 2398 0 2270 2270 0 2398 2398 0 2265 2265 0 2270 2270 0 2271 2271 0 2404 2404 0 2273 2273 0 2405 2405 0 2274 2274 0 2273 2273 0 2407 2407 0 2405 2405 0 2269 2269 0 2407 2407 0 2273 2273 0 2269 2269 0 2406 2406 0 2407 2407 0 2269 2269 0 2399 2399 0 2406 2406 0 2401 2401 0 2406 2406 0 2399 2399 0 2404 2404 0 2408 2408 0 2403 2403 0 2410 2410 0 2409 2409 0 2408 2408 0 2275 2275 0 2410 2410 0 2408 2408 0 2275 2275 0 2408 2408 0 2404 2404 0 2275 2275 0 2404 2404 0 2271 2271 0 2275 2275 0 2276 2276 0 2410 2410 0 2405 2405 0 2411 2411 0 2279 2279 0 2274 2274 0 2405 2405 0 2279 2279 0 2412 2412 0 2405 2405 0 2407 2407 0 2411 2411 0 2405 2405 0 2412 2412 0 2410 2410 0 2413 2413 0 2409 2409 0 2415 2415 0 2414 2414 0 2413 2413 0 2280 2280 0 2415 2415 0 2413 2413 0 2280 2280 0 2413 2413 0 2410 2410 0 2280 2280 0 2410 2410 0 2276 2276 0 2280 2280 0 2281 2281 0 2415 2415 0 2282 2282 0 2416 2416 0 2283 2283 0 2282 2282 0 2418 2418 0 2416 2416 0 2279 2279 0 2418 2418 0 2282 2282 0 2279 2279 0 2417 2417 0 2418 2418 0 2279 2279 0 2411 2411 0 2417 2417 0 2412 2412 0 2417 2417 0 2411 2411 0 2420 2420 0 2414 2414 0 2415 2415 0 2419 2419 0 2414 2414 0 2420 2420 0 2281 2281 0 2284 2284 0 2420 2420 0 2415 2415 0 2281 2281 0 2420 2420 0 2416 2416 0 2421 2421 0 2287 2287 0 2283 2283 0 2416 2416 0 2287 2287 0 2422 2422 0 2416 2416 0 2418 2418 0 2421 2421 0 2416 2416 0 2422 2422 0 2420 2420 0 2423 2423 0 2419 2419 0 2423 2423 0 2420 2420 0 2284 2284 0 2423 2423 0 2284 2284 0 2424 2424 0 2424 2424 0 2284 2284 0 2288 2288 0 2421 2421 0 2425 2425 0 2426 2426 0 2421 2421 0 2426 2426 0 2287 2287 0 2287 2287 0 2426 2426 0 2291 2291 0 2422 2422 0 2425 2425 0 2421 2421 0 2428 2428 0 2288 2288 0 2292 2292 0 2428 2428 0 2427 2427 0 2288 2288 0 2427 2427 0 2424 2424 0 2288 2288 0 2292 2292 0 2293 2293 0 2428 2428 0 2294 2294 0 2429 2429 0 2295 2295 0 2294 2294 0 2430 2430 0 2429 2429 0 2294 2294 0 2291 2291 0 2430 2430 0 2291 2291 0 2426 2426 0 2430 2430 0 2432 2432 0 2427 2427 0 2428 2428 0 2431 2431 0 2427 2427 0 2432 2432 0 2293 2293 0 2296 2296 0 2432 2432 0 2428 2428 0 2293 2293 0 2432 2432 0 2429 2429 0 2433 2433 0 2298 2298 0 2295 2295 0 2429 2429 0 2298 2298 0 2434 2434 0 2429 2429 0 2430 2430 0 2433 2433 0 2429 2429 0 2434 2434 0 2436 2436 0 2431 2431 0 2432 2432 0 2435 2435 0 2431 2431 0 2436 2436 0 2296 2296 0 2299 2299 0 2436 2436 0 2432 2432 0 2296 2296 0 2436 2436 0 2433 2433 0 2437 2437 0 2301 2301 0 2298 2298 0 2433 2433 0 2301 2301 0 2438 2438 0 2433 2433 0 2434 2434 0 2437 2437 0 2433 2433 0 2438 2438 0 2440 2440 0 2435 2435 0 2436 2436 0 2439 2439 0 2435 2435 0 2440 2440 0 2299 2299 0 2302 2302 0 2440 2440 0 2436 2436 0 2299 2299 0 2440 2440 0 2437 2437 0 2441 2441 0 2304 2304 0 2301 2301 0 2437 2437 0 2304 2304 0 2442 2442 0 2437 2437 0 2438 2438 0 2441 2441 0 2437 2437 0 2442 2442 0 2444 2444 0 2439 2439 0 2440 2440 0 2443 2443 0 2439 2439 0 2444 2444 0 2302 2302 0 2305 2305 0 2444 2444 0 2440 2440 0 2302 2302 0 2444 2444 0 2304 2304 0 2441 2441 0 2306 2306 0 2441 2441 0 2308 2308 0 2306 2306 0 2441 2441 0 2442 2442 0 2308 2308 0 2442 2442 0 2445 2445 0 2308 2308 0 2447 2447 0 2443 2443 0 2444 2444 0 2446 2446 0 2443 2443 0 2447 2447 0 2305 2305 0 2309 2309 0 2447 2447 0 2444 2444 0 2305 2305 0 2447 2447 0 2448 2448 0 2449 2449 0 2311 2311 0 2448 2448 0 2311 2311 0 2445 2445 0 2445 2445 0 2311 2311 0 2308 2308 0 2448 2448 0 2450 2450 0 2449 2449 0 2312 2312 0 2446 2446 0 2447 2447 0 2312 2312 0 2313 2313 0 2446 2446 0 2313 2313 0 2451 2451 0 2446 2446 0 2309 2309 0 2312 2312 0 2447 2447 0 2449 2449 0 2452 2452 0 2315 2315 0 2311 2311 0 2449 2449 0 2315 2315 0 2453 2453 0 2449 2449 0 2450 2450 0 2452 2452 0 2449 2449 0 2453 2453 0 2456 2456 0 2455 2455 0 2454 2454 0 2456 2456 0 2454 2454 0 2451 2451 0 2456 2456 0 2451 2451 0 2316 2316 0 2316 2316 0 2451 2451 0 2313 2313 0 2315 2315 0 2452 2452 0 2318 2318 0 2452 2452 0 2320 2320 0 2318 2318 0 2452 2452 0 2453 2453 0 2320 2320 0 2453 2453 0 2457 2457 0 2320 2320 0 2459 2459 0 2455 2455 0 2456 2456 0 2458 2458 0 2455 2455 0 2459 2459 0 2316 2316 0 2321 2321 0 2459 2459 0 2456 2456 0 2316 2316 0 2459 2459 0 2460 2460 0 2461 2461 0 2322 2322 0 2460 2460 0 2322 2322 0 2457 2457 0 2457 2457 0 2322 2322 0 2320 2320 0 2460 2460 0 2462 2462 0 2461 2461 0 2465 2465 0 2464 2464 0 2463 2463 0 2458 2458 0 2465 2465 0 2463 2463 0 2459 2459 0 2465 2465 0 2458 2458 0 2459 2459 0 2324 2324 0 2465 2465 0 2459 2459 0 2323 2323 0 2324 2324 0 2321 2321 0 2323 2323 0 2459 2459 0 2322 2322 0 2461 2461 0 2326 2326 0 2328 2328 0 2466 2466 0 2467 2467 0 2326 2326 0 2466 2466 0 2328 2328 0 2326 2326 0 2462 2462 0 2466 2466 0 2326 2326 0 2461 2461 0 2462 2462 0 2466 2466 0 2468 2468 0 2467 2467 0 2471 2471 0 2470 2470 0 2469 2469 0 2464 2464 0 2471 2471 0 2469 2469 0 2465 2465 0 2471 2471 0 2464 2464 0 2465 2465 0 2330 2330 0 2471 2471 0 2465 2465 0 2329 2329 0 2330 2330 0 2324 2324 0 2329 2329 0 2465 2465 0 2328 2328 0 2467 2467 0 2332 2332 0 2334 2334 0 2472 2472 0 2473 2473 0 2332 2332 0 2472 2472 0 2334 2334 0 2332 2332 0 2468 2468 0 2472 2472 0 2332 2332 0 2467 2467 0 2468 2468 0 2472 2472 0 2474 2474 0 2473 2473 0 2477 2477 0 2476 2476 0 2475 2475 0 2470 2470 0 2477 2477 0 2475 2475 0 2471 2471 0 2477 2477 0 2470 2470 0 2471 2471 0 2336 2336 0 2477 2477 0 2471 2471 0 2335 2335 0 2336 2336 0 2330 2330 0 2335 2335 0 2471 2471 0 2334 2334 0 2473 2473 0 2338 2338 0 2340 2340 0 2478 2478 0 2479 2479 0 2338 2338 0 2478 2478 0 2340 2340 0 2338 2338 0 2474 2474 0 2478 2478 0 2338 2338 0 2473 2473 0 2474 2474 0 2478 2478 0 2480 2480 0 2479 2479 0 2483 2483 0 2482 2482 0 2481 2481 0 2476 2476 0 2483 2483 0 2481 2481 0 2477 2477 0 2483 2483 0 2476 2476 0 2477 2477 0 2342 2342 0 2483 2483 0 2477 2477 0 2341 2341 0 2342 2342 0 2336 2336 0 2341 2341 0 2477 2477 0 2340 2340 0 2479 2479 0 2344 2344 0 2346 2346 0 2484 2484 0 2485 2485 0 2344 2344 0 2484 2484 0 2346 2346 0 2344 2344 0 2480 2480 0 2484 2484 0 2344 2344 0 2479 2479 0 2480 2480 0 2485 2485 0 2486 2486 0 2487 2487 0 2484 2484 0 2486 2486 0 2485 2485 0 2486 2486 0 2488 2488 0 2487 2487 0 2491 2491 0 2490 2490 0 2489 2489 0 2491 2491 0 2492 2492 0 2493 2493 0 2489 2489 0 2492 2492 0 2491 2491 0 2482 2482 0 2493 2493 0 2492 2492 0 2483 2483 0 2493 2493 0 2482 2482 0 2483 2483 0 2348 2348 0 2493 2493 0 2483 2483 0 2347 2347 0 2348 2348 0 2342 2342 0 2347 2347 0 2483 2483 0 2346 2346 0 2485 2485 0 2350 2350 0 2351 2351 0 2350 2350 0 2485 2485 0 2487 2487 0 2351 2351 0 2485 2485 0 2487 2487 0 2488 2488 0 2494 2494 0 2487 2487 0 2494 2494 0 2351 2351 0 2351 2351 0 2494 2494 0 2353 2353 0 2355 2355 0 2495 2495 0 2496 2496 0 2355 2355 0 2353 2353 0 2495 2495 0 2353 2353 0 2494 2494 0 2495 2495 0 2496 2496 0 2497 2497 0 2498 2498 0 2495 2495 0 2497 2497 0 2496 2496 0 2498 2498 0 2499 2499 0 2500 2500 0 2497 2497 0 2499 2499 0 2498 2498 0 2500 2500 0 2501 2501 0 2502 2502 0 2499 2499 0 2501 2501 0 2500 2500 0 2502 2502 0 2503 2503 0 2504 2504 0 2501 2501 0 2503 2503 0 2502 2502 0 2504 2504 0 2505 2505 0 2506 2506 0 2503 2503 0 2505 2505 0 2504 2504 0 2506 2506 0 2356 2356 0 2357 2357 0 2506 2506 0 2505 2505 0 2356 2356 0 2505 2505 0 2507 2507 0 2356 2356 0 2490 2490 0 2491 2491 0 2359 2359 0 2490 2490 0 2359 2359 0 2507 2507 0 2507 2507 0 2359 2359 0 2356 2356 0 2361 2361 0 2359 2359 0 2491 2491 0 2493 2493 0 2361 2361 0 2491 2491 0 2348 2348 0 2361 2361 0 2493 2493 0 2355 2355 0 2496 2496 0 2362 2362 0 2363 2363 0 2362 2362 0 2496 2496 0 2498 2498 0 2363 2363 0 2496 2496 0 2364 2364 0 2363 2363 0 2498 2498 0 2500 2500 0 2364 2364 0 2498 2498 0 2366 2366 0 2364 2364 0 2500 2500 0 2502 2502 0 2366 2366 0 2500 2500 0 2368 2368 0 2366 2366 0 2502 2502 0 2504 2504 0 2368 2368 0 2502 2502 0 2369 2369 0 2368 2368 0 2504 2504 0 2506 2506 0 2369 2369 0 2504 2504 0 2357 2357 0 2369 2369 0 2506 2506 0 2373 2373 0 2508 2508 0 2374 2374 0 2373 2373 0 2375 2375 0 2509 2509 0 2508 2508 0 2373 2373 0 2509 2509 0 2375 2375 0 2376 2376 0 2510 2510 0 2509 2509 0 2375 2375 0 2510 2510 0 2376 2376 0 2377 2377 0 2511 2511 0 2510 2510 0 2376 2376 0 2511 2511 0 2377 2377 0 2378 2378 0 2512 2512 0 2511 2511 0 2377 2377 0 2512 2512 0 2378 2378 0 2379 2379 0 2513 2513 0 2512 2512 0 2378 2378 0 2513 2513 0 2379 2379 0 2380 2380 0 2513 2513 0 2384 2384 0 2514 2514 0 2385 2385 0 2516 2516 0 2514 2514 0 2384 2384 0 2516 2516 0 2384 2384 0 2515 2515 0 2515 2515 0 2384 2384 0 2386 2386 0 2508 2508 0 2386 2386 0 2374 2374 0 2508 2508 0 2517 2517 0 2386 2386 0 2517 2517 0 2515 2515 0 2386 2386 0 2509 2509 0 2517 2517 0 2508 2508 0 2518 2518 0 2517 2517 0 2509 2509 0 2510 2510 0 2518 2518 0 2509 2509 0 2519 2519 0 2518 2518 0 2510 2510 0 2511 2511 0 2519 2519 0 2510 2510 0 2520 2520 0 2519 2519 0 2511 2511 0 2512 2512 0 2520 2520 0 2511 2511 0 2521 2521 0 2520 2520 0 2512 2512 0 2513 2513 0 2521 2521 0 2512 2512 0 2522 2522 0 2521 2521 0 2513 2513 0 2380 2380 0 2522 2522 0 2513 2513 0 2380 2380 0 2387 2387 0 2522 2522 0 2387 2387 0 2523 2523 0 2522 2522 0 2525 2525 0 2524 2524 0 2523 2523 0 2525 2525 0 2523 2523 0 2388 2388 0 2388 2388 0 2523 2523 0 2387 2387 0 2388 2388 0 2389 2389 0 2526 2526 0 2525 2525 0 2388 2388 0 2526 2526 0 2389 2389 0 2390 2390 0 2526 2526 0 2393 2393 0 2527 2527 0 2394 2394 0 2393 2393 0 2395 2395 0 2528 2528 0 2527 2527 0 2393 2393 0 2528 2528 0 2395 2395 0 2530 2530 0 2528 2528 0 2385 2385 0 2530 2530 0 2395 2395 0 2385 2385 0 2529 2529 0 2530 2530 0 2385 2385 0 2514 2514 0 2529 2529 0 2516 2516 0 2529 2529 0 2514 2514 0 2525 2525 0 2531 2531 0 2524 2524 0 2526 2526 0 2531 2531 0 2525 2525 0 2532 2532 0 2531 2531 0 2526 2526 0 2534 2534 0 2533 2533 0 2532 2532 0 2396 2396 0 2534 2534 0 2532 2532 0 2396 2396 0 2532 2532 0 2526 2526 0 2396 2396 0 2526 2526 0 2390 2390 0 2396 2396 0 2397 2397 0 2534 2534 0 2400 2400 0 2535 2535 0 2401 2401 0 2400 2400 0 2537 2537 0 2535 2535 0 2394 2394 0 2537 2537 0 2400 2400 0 2394 2394 0 2536 2536 0 2537 2537 0 2394 2394 0 2527 2527 0 2536 2536 0 2528 2528 0 2536 2536 0 2527 2527 0 2538 2538 0 2536 2536 0 2528 2528 0 2530 2530 0 2538 2538 0 2528 2528 0 2534 2534 0 2539 2539 0 2533 2533 0 2541 2541 0 2540 2540 0 2539 2539 0 2402 2402 0 2541 2541 0 2539 2539 0 2402 2402 0 2539 2539 0 2534 2534 0 2402 2402 0 2534 2534 0 2397 2397 0 2402 2402 0 2403 2403 0 2541 2541 0 2406 2406 0 2542 2542 0 2407 2407 0 2406 2406 0 2544 2544 0 2542 2542 0 2401 2401 0 2544 2544 0 2406 2406 0 2401 2401 0 2543 2543 0 2544 2544 0 2401 2401 0 2535 2535 0 2543 2543 0 2537 2537 0 2543 2543 0 2535 2535 0 2541 2541 0 2545 2545 0 2540 2540 0 2547 2547 0 2546 2546 0 2545 2545 0 2408 2408 0 2547 2547 0 2545 2545 0 2408 2408 0 2545 2545 0 2541 2541 0 2408 2408 0 2541 2541 0 2403 2403 0 2408 2408 0 2409 2409 0 2547 2547 0 2542 2542 0 2548 2548 0 2549 2549 0 2542 2542 0 2549 2549 0 2407 2407 0 2407 2407 0 2549 2549 0 2412 2412 0 2544 2544 0 2548 2548 0 2542 2542 0 2547 2547 0 2550 2550 0 2546 2546 0 2552 2552 0 2551 2551 0 2550 2550 0 2413 2413 0 2552 2552 0 2550 2550 0 2413 2413 0 2550 2550 0 2547 2547 0 2413 2413 0 2547 2547 0 2409 2409 0 2413 2413 0 2414 2414 0 2552 2552 0 2417 2417 0 2553 2553 0 2418 2418 0 2417 2417 0 2554 2554 0 2553 2553 0 2417 2417 0 2412 2412 0 2554 2554 0 2412 2412 0 2549 2549 0 2554 2554 0 2556 2556 0 2551 2551 0 2552 2552 0 2555 2555 0 2551 2551 0 2556 2556 0 2414 2414 0 2419 2419 0 2556 2556 0 2552 2552 0 2414 2414 0 2556 2556 0 2553 2553 0 2557 2557 0 2422 2422 0 2418 2418 0 2553 2553 0 2422 2422 0 2558 2558 0 2553 2553 0 2554 2554 0 2557 2557 0 2553 2553 0 2558 2558 0 2556 2556 0 2559 2559 0 2555 2555 0 2561 2561 0 2560 2560 0 2559 2559 0 2423 2423 0 2561 2561 0 2559 2559 0 2423 2423 0 2559 2559 0 2556 2556 0 2423 2423 0 2556 2556 0 2419 2419 0 2423 2423 0 2424 2424 0 2561 2561 0 2425 2425 0 2562 2562 0 2426 2426 0 2425 2425 0 2564 2564 0 2562 2562 0 2422 2422 0 2564 2564 0 2425 2425 0 2422 2422 0 2563 2563 0 2564 2564 0 2422 2422 0 2557 2557 0 2563 2563 0 2558 2558 0 2563 2563 0 2557 2557 0 2566 2566 0 2560 2560 0 2561 2561 0 2565 2565 0 2560 2560 0 2566 2566 0 2424 2424 0 2427 2427 0 2566 2566 0 2561 2561 0 2424 2424 0 2566 2566 0 2562 2562 0 2567 2567 0 2430 2430 0 2426 2426 0 2562 2562 0 2430 2430 0 2568 2568 0 2562 2562 0 2564 2564 0 2567 2567 0 2562 2562 0 2568 2568 0 2570 2570 0 2565 2565 0 2566 2566 0 2569 2569 0 2565 2565 0 2570 2570 0 2427 2427 0 2431 2431 0 2570 2570 0 2566 2566 0 2427 2427 0 2570 2570 0 2567 2567 0 2571 2571 0 2434 2434 0 2430 2430 0 2567 2567 0 2434 2434 0 2572 2572 0 2567 2567 0 2568 2568 0 2571 2571 0 2567 2567 0 2572 2572 0 2570 2570 0 2573 2573 0 2569 2569 0 2573 2573 0 2570 2570 0 2431 2431 0 2573 2573 0 2431 2431 0 2574 2574 0 2574 2574 0 2431 2431 0 2435 2435 0 2571 2571 0 2575 2575 0 2438 2438 0 2434 2434 0 2571 2571 0 2438 2438 0 2576 2576 0 2571 2571 0 2572 2572 0 2575 2575 0 2571 2571 0 2576 2576 0 2435 2435 0 2439 2439 0 2574 2574 0 2574 2574 0 2439 2439 0 2577 2577 0 2575 2575 0 2578 2578 0 2442 2442 0 2438 2438 0 2575 2575 0 2442 2442 0 2579 2579 0 2575 2575 0 2576 2576 0 2578 2578 0 2575 2575 0 2579 2579 0 2439 2439 0 2443 2443 0 2577 2577 0 2577 2577 0 2443 2443 0 2580 2580 0 2578 2578 0 2581 2581 0 2445 2445 0 2442 2442 0 2578 2578 0 2445 2445 0 2582 2582 0 2578 2578 0 2579 2579 0 2581 2581 0 2578 2578 0 2582 2582 0 2585 2585 0 2584 2584 0 2583 2583 0 2585 2585 0 2583 2583 0 2580 2580 0 2585 2585 0 2580 2580 0 2446 2446 0 2446 2446 0 2580 2580 0 2443 2443 0 2445 2445 0 2581 2581 0 2448 2448 0 2581 2581 0 2450 2450 0 2448 2448 0 2581 2581 0 2582 2582 0 2450 2450 0 2582 2582 0 2586 2586 0 2450 2450 0 2588 2588 0 2584 2584 0 2585 2585 0 2587 2587 0 2584 2584 0 2588 2588 0 2446 2446 0 2451 2451 0 2588 2588 0 2585 2585 0 2446 2446 0 2588 2588 0 2589 2589 0 2590 2590 0 2453 2453 0 2589 2589 0 2453 2453 0 2586 2586 0 2586 2586 0 2453 2453 0 2450 2450 0 2589 2589 0 2591 2591 0 2590 2590 0 2594 2594 0 2593 2593 0 2592 2592 0 2587 2587 0 2594 2594 0 2592 2592 0 2588 2588 0 2594 2594 0 2587 2587 0 2588 2588 0 2455 2455 0 2594 2594 0 2588 2588 0 2454 2454 0 2455 2455 0 2451 2451 0 2454 2454 0 2588 2588 0 2590 2590 0 2595 2595 0 2457 2457 0 2453 2453 0 2590 2590 0 2457 2457 0 2596 2596 0 2590 2590 0 2591 2591 0 2595 2595 0 2590 2590 0 2596 2596 0 2598 2598 0 2593 2593 0 2594 2594 0 2597 2597 0 2593 2593 0 2598 2598 0 2455 2455 0 2458 2458 0 2598 2598 0 2594 2594 0 2455 2455 0 2598 2598 0 2457 2457 0 2595 2595 0 2460 2460 0 2462 2462 0 2599 2599 0 2600 2600 0 2460 2460 0 2599 2599 0 2462 2462 0 2460 2460 0 2596 2596 0 2599 2599 0 2460 2460 0 2595 2595 0 2596 2596 0 2599 2599 0 2601 2601 0 2600 2600 0 2604 2604 0 2603 2603 0 2602 2602 0 2597 2597 0 2604 2604 0 2602 2602 0 2598 2598 0 2604 2604 0 2597 2597 0 2598 2598 0 2464 2464 0 2604 2604 0 2598 2598 0 2463 2463 0 2464 2464 0 2458 2458 0 2463 2463 0 2598 2598 0 2462 2462 0 2600 2600 0 2466 2466 0 2468 2468 0 2605 2605 0 2606 2606 0 2466 2466 0 2605 2605 0 2468 2468 0 2466 2466 0 2601 2601 0 2605 2605 0 2466 2466 0 2600 2600 0 2601 2601 0 2605 2605 0 2607 2607 0 2606 2606 0 2610 2610 0 2609 2609 0 2608 2608 0 2603 2603 0 2610 2610 0 2608 2608 0 2604 2604 0 2610 2610 0 2603 2603 0 2604 2604 0 2470 2470 0 2610 2610 0 2604 2604 0 2469 2469 0 2470 2470 0 2464 2464 0 2469 2469 0 2604 2604 0 2468 2468 0 2606 2606 0 2472 2472 0 2474 2474 0 2611 2611 0 2612 2612 0 2472 2472 0 2611 2611 0 2474 2474 0 2472 2472 0 2607 2607 0 2611 2611 0 2472 2472 0 2606 2606 0 2607 2607 0 2611 2611 0 2613 2613 0 2612 2612 0 2616 2616 0 2615 2615 0 2614 2614 0 2609 2609 0 2616 2616 0 2614 2614 0 2610 2610 0 2616 2616 0 2609 2609 0 2610 2610 0 2476 2476 0 2616 2616 0 2610 2610 0 2475 2475 0 2476 2476 0 2470 2470 0 2475 2475 0 2610 2610 0 2474 2474 0 2612 2612 0 2478 2478 0 2480 2480 0 2617 2617 0 2618 2618 0 2478 2478 0 2617 2617 0 2480 2480 0 2478 2478 0 2613 2613 0 2617 2617 0 2478 2478 0 2612 2612 0 2613 2613 0 2618 2618 0 2619 2619 0 2620 2620 0 2617 2617 0 2619 2619 0 2618 2618 0 2619 2619 0 2621 2621 0 2620 2620 0 2624 2624 0 2623 2623 0 2622 2622 0 2624 2624 0 2625 2625 0 2626 2626 0 2622 2622 0 2625 2625 0 2624 2624 0 2615 2615 0 2626 2626 0 2625 2625 0 2616 2616 0 2626 2626 0 2615 2615 0 2616 2616 0 2482 2482 0 2626 2626 0 2616 2616 0 2481 2481 0 2482 2482 0 2476 2476 0 2481 2481 0 2616 2616 0 2480 2480 0 2618 2618 0 2484 2484 0 2486 2486 0 2484 2484 0 2618 2618 0 2620 2620 0 2486 2486 0 2618 2618 0 2488 2488 0 2627 2627 0 2628 2628 0 2486 2486 0 2627 2627 0 2488 2488 0 2486 2486 0 2621 2621 0 2627 2627 0 2486 2486 0 2620 2620 0 2621 2621 0 2628 2628 0 2629 2629 0 2630 2630 0 2627 2627 0 2629 2629 0 2628 2628 0 2630 2630 0 2631 2631 0 2632 2632 0 2629 2629 0 2631 2631 0 2630 2630 0 2631 2631 0 2633 2633 0 2632 2632 0 2636 2636 0 2635 2635 0 2634 2634 0 2636 2636 0 2637 2637 0 2638 2638 0 2634 2634 0 2637 2637 0 2636 2636 0 2638 2638 0 2639 2639 0 2640 2640 0 2637 2637 0 2639 2639 0 2638 2638 0 2623 2623 0 2640 2640 0 2639 2639 0 2624 2624 0 2640 2640 0 2623 2623 0 2624 2624 0 2490 2490 0 2640 2640 0 2624 2624 0 2489 2489 0 2490 2490 0 2492 2492 0 2489 2489 0 2624 2624 0 2626 2626 0 2492 2492 0 2624 2624 0 2482 2482 0 2492 2492 0 2626 2626 0 2488 2488 0 2628 2628 0 2494 2494 0 2495 2495 0 2494 2494 0 2628 2628 0 2630 2630 0 2495 2495 0 2628 2628 0 2497 2497 0 2495 2495 0 2630 2630 0 2632 2632 0 2497 2497 0 2630 2630 0 2632 2632 0 2633 2633 0 2641 2641 0 2632 2632 0 2641 2641 0 2497 2497 0 2497 2497 0 2641 2641 0 2499 2499 0 2501 2501 0 2499 2499 0 2642 2642 0 2499 2499 0 2641 2641 0 2642 2642 0 2635 2635 0 2636 2636 0 2503 2503 0 2635 2635 0 2503 2503 0 2642 2642 0 2642 2642 0 2503 2503 0 2501 2501 0 2505 2505 0 2503 2503 0 2636 2636 0 2638 2638 0 2505 2505 0 2636 2636 0 2507 2507 0 2505 2505 0 2638 2638 0 2640 2640 0 2507 2507 0 2638 2638 0 2490 2490 0 2507 2507 0 2640 2640 0 2515 2515 0 2643 2643 0 2516 2516 0 2515 2515 0 2517 2517 0 2644 2644 0 2643 2643 0 2515 2515 0 2644 2644 0 2517 2517 0 2518 2518 0 2645 2645 0 2644 2644 0 2517 2517 0 2645 2645 0 2518 2518 0 2519 2519 0 2646 2646 0 2645 2645 0 2518 2518 0 2646 2646 0 2519 2519 0 2520 2520 0 2647 2647 0 2646 2646 0 2519 2519 0 2647 2647 0 2520 2520 0 2521 2521 0 2648 2648 0 2647 2647 0 2520 2520 0 2648 2648 0 2521 2521 0 2522 2522 0 2649 2649 0 2648 2648 0 2521 2521 0 2649 2649 0 2522 2522 0 2523 2523 0 2650 2650 0 2649 2649 0 2522 2522 0 2650 2650 0 2523 2523 0 2524 2524 0 2650 2650 0 2529 2529 0 2651 2651 0 2530 2530 0 2529 2529 0 2653 2653 0 2651 2651 0 2516 2516 0 2653 2653 0 2529 2529 0 2516 2516 0 2652 2652 0 2653 2653 0 2516 2516 0 2643 2643 0 2652 2652 0 2644 2644 0 2652 2652 0 2643 2643 0 2654 2654 0 2652 2652 0 2644 2644 0 2645 2645 0 2654 2654 0 2644 2644 0 2655 2655 0 2654 2654 0 2645 2645 0 2646 2646 0 2655 2655 0 2645 2645 0 2656 2656 0 2655 2655 0 2646 2646 0 2647 2647 0 2656 2656 0 2646 2646 0 2657 2657 0 2656 2656 0 2647 2647 0 2648 2648 0 2657 2657 0 2647 2647 0 2658 2658 0 2657 2657 0 2648 2648 0 2649 2649 0 2658 2658 0 2648 2648 0 2659 2659 0 2658 2658 0 2649 2649 0 2650 2650 0 2659 2659 0 2649 2649 0 2660 2660 0 2659 2659 0 2650 2650 0 2662 2662 0 2661 2661 0 2660 2660 0 2531 2531 0 2662 2662 0 2660 2660 0 2531 2531 0 2660 2660 0 2650 2650 0 2531 2531 0 2650 2650 0 2524 2524 0 2531 2531 0 2532 2532 0 2663 2663 0 2662 2662 0 2531 2531 0 2663 2663 0 2532 2532 0 2533 2533 0 2663 2663 0 2536 2536 0 2664 2664 0 2537 2537 0 2536 2536 0 2538 2538 0 2665 2665 0 2664 2664 0 2536 2536 0 2665 2665 0 2538 2538 0 2667 2667 0 2665 2665 0 2530 2530 0 2667 2667 0 2538 2538 0 2530 2530 0 2666 2666 0 2667 2667 0 2530 2530 0 2651 2651 0 2666 2666 0 2653 2653 0 2666 2666 0 2651 2651 0 2662 2662 0 2668 2668 0 2661 2661 0 2668 2668 0 2670 2670 0 2669 2669 0 2668 2668 0 2662 2662 0 2670 2670 0 2662 2662 0 2663 2663 0 2670 2670 0 2533 2533 0 2539 2539 0 2671 2671 0 2533 2533 0 2671 2671 0 2663 2663 0 2663 2663 0 2671 2671 0 2670 2670 0 2539 2539 0 2540 2540 0 2671 2671 0 2543 2543 0 2672 2672 0 2544 2544 0 2543 2543 0 2537 2537 0 2664 2664 0 2543 2543 0 2664 2664 0 2672 2672 0 2672 2672 0 2664 2664 0 2673 2673 0 2675 2675 0 2665 2665 0 2674 2674 0 2675 2675 0 2673 2673 0 2665 2665 0 2673 2673 0 2664 2664 0 2665 2665 0 2667 2667 0 2674 2674 0 2665 2665 0 2670 2670 0 2676 2676 0 2669 2669 0 2671 2671 0 2676 2676 0 2670 2670 0 2677 2677 0 2676 2676 0 2671 2671 0 2679 2679 0 2678 2678 0 2677 2677 0 2545 2545 0 2679 2679 0 2677 2677 0 2545 2545 0 2677 2677 0 2671 2671 0 2545 2545 0 2671 2671 0 2540 2540 0 2545 2545 0 2546 2546 0 2679 2679 0 2548 2548 0 2680 2680 0 2549 2549 0 2548 2548 0 2544 2544 0 2672 2672 0 2548 2548 0 2672 2672 0 2680 2680 0 2680 2680 0 2672 2672 0 2681 2681 0 2683 2683 0 2673 2673 0 2682 2682 0 2683 2683 0 2681 2681 0 2673 2673 0 2681 2681 0 2672 2672 0 2673 2673 0 2675 2675 0 2682 2682 0 2673 2673 0 2685 2685 0 2678 2678 0 2679 2679 0 2684 2684 0 2678 2678 0 2685 2685 0 2546 2546 0 2550 2550 0 2686 2686 0 2546 2546 0 2686 2686 0 2679 2679 0 2679 2679 0 2686 2686 0 2685 2685 0 2550 2550 0 2551 2551 0 2686 2686 0 2680 2680 0 2687 2687 0 2554 2554 0 2549 2549 0 2680 2680 0 2554 2554 0 2689 2689 0 2681 2681 0 2688 2688 0 2689 2689 0 2687 2687 0 2681 2681 0 2687 2687 0 2680 2680 0 2681 2681 0 2683 2683 0 2688 2688 0 2681 2681 0 2685 2685 0 2690 2690 0 2684 2684 0 2690 2690 0 2692 2692 0 2691 2691 0 2690 2690 0 2685 2685 0 2692 2692 0 2685 2685 0 2686 2686 0 2692 2692 0 2551 2551 0 2555 2555 0 2692 2692 0 2686 2686 0 2551 2551 0 2692 2692 0 2687 2687 0 2693 2693 0 2694 2694 0 2687 2687 0 2694 2694 0 2554 2554 0 2554 2554 0 2694 2694 0 2558 2558 0 2689 2689 0 2693 2693 0 2687 2687 0 2692 2692 0 2695 2695 0 2691 2691 0 2697 2697 0 2696 2696 0 2695 2695 0 2559 2559 0 2697 2697 0 2695 2695 0 2559 2559 0 2695 2695 0 2692 2692 0 2559 2559 0 2692 2692 0 2555 2555 0 2559 2559 0 2560 2560 0 2697 2697 0 2563 2563 0 2698 2698 0 2564 2564 0 2563 2563 0 2699 2699 0 2698 2698 0 2563 2563 0 2558 2558 0 2699 2699 0 2558 2558 0 2694 2694 0 2699 2699 0 2701 2701 0 2696 2696 0 2697 2697 0 2700 2700 0 2696 2696 0 2701 2701 0 2560 2560 0 2565 2565 0 2701 2701 0 2697 2697 0 2560 2560 0 2701 2701 0 2698 2698 0 2702 2702 0 2568 2568 0 2564 2564 0 2698 2698 0 2568 2568 0 2703 2703 0 2698 2698 0 2699 2699 0 2702 2702 0 2698 2698 0 2703 2703 0 2705 2705 0 2700 2700 0 2701 2701 0 2704 2704 0 2700 2700 0 2705 2705 0 2565 2565 0 2569 2569 0 2705 2705 0 2701 2701 0 2565 2565 0 2705 2705 0 2702 2702 0 2706 2706 0 2572 2572 0 2568 2568 0 2702 2702 0 2572 2572 0 2707 2707 0 2702 2702 0 2703 2703 0 2706 2706 0 2702 2702 0 2707 2707 0 2705 2705 0 2708 2708 0 2704 2704 0 2710 2710 0 2709 2709 0 2708 2708 0 2573 2573 0 2710 2710 0 2708 2708 0 2573 2573 0 2708 2708 0 2705 2705 0 2573 2573 0 2705 2705 0 2569 2569 0 2573 2573 0 2574 2574 0 2710 2710 0 2706 2706 0 2711 2711 0 2576 2576 0 2572 2572 0 2706 2706 0 2576 2576 0 2712 2712 0 2706 2706 0 2707 2707 0 2711 2711 0 2706 2706 0 2712 2712 0 2714 2714 0 2709 2709 0 2710 2710 0 2713 2713 0 2709 2709 0 2714 2714 0 2574 2574 0 2577 2577 0 2714 2714 0 2710 2710 0 2574 2574 0 2714 2714 0 2711 2711 0 2715 2715 0 2579 2579 0 2576 2576 0 2711 2711 0 2579 2579 0 2716 2716 0 2711 2711 0 2712 2712 0 2715 2715 0 2711 2711 0 2716 2716 0 2718 2718 0 2713 2713 0 2714 2714 0 2717 2717 0 2713 2713 0 2718 2718 0 2577 2577 0 2580 2580 0 2718 2718 0 2714 2714 0 2577 2577 0 2718 2718 0 2715 2715 0 2719 2719 0 2582 2582 0 2579 2579 0 2715 2715 0 2582 2582 0 2720 2720 0 2715 2715 0 2716 2716 0 2719 2719 0 2715 2715 0 2720 2720 0 2723 2723 0 2722 2722 0 2721 2721 0 2717 2717 0 2723 2723 0 2721 2721 0 2718 2718 0 2723 2723 0 2717 2717 0 2718 2718 0 2584 2584 0 2723 2723 0 2718 2718 0 2583 2583 0 2584 2584 0 2580 2580 0 2583 2583 0 2718 2718 0 2719 2719 0 2724 2724 0 2586 2586 0 2582 2582 0 2719 2719 0 2586 2586 0 2725 2725 0 2719 2719 0 2720 2720 0 2724 2724 0 2719 2719 0 2725 2725 0 2727 2727 0 2722 2722 0 2723 2723 0 2726 2726 0 2722 2722 0 2727 2727 0 2584 2584 0 2587 2587 0 2727 2727 0 2723 2723 0 2584 2584 0 2727 2727 0 2586 2586 0 2724 2724 0 2589 2589 0 2591 2591 0 2728 2728 0 2729 2729 0 2589 2589 0 2728 2728 0 2591 2591 0 2589 2589 0 2725 2725 0 2728 2728 0 2589 2589 0 2724 2724 0 2725 2725 0 2728 2728 0 2730 2730 0 2729 2729 0 2733 2733 0 2732 2732 0 2731 2731 0 2726 2726 0 2733 2733 0 2731 2731 0 2727 2727 0 2733 2733 0 2726 2726 0 2727 2727 0 2593 2593 0 2733 2733 0 2727 2727 0 2592 2592 0 2593 2593 0 2587 2587 0 2592 2592 0 2727 2727 0 2729 2729 0 2734 2734 0 2596 2596 0 2591 2591 0 2729 2729 0 2596 2596 0 2735 2735 0 2729 2729 0 2730 2730 0 2735 2735 0 2736 2736 0 2729 2729 0 2736 2736 0 2734 2734 0 2729 2729 0 2735 2735 0 2737 2737 0 2736 2736 0 2739 2739 0 2732 2732 0 2733 2733 0 2738 2738 0 2732 2732 0 2739 2739 0 2593 2593 0 2597 2597 0 2739 2739 0 2733 2733 0 2593 2593 0 2739 2739 0 2596 2596 0 2734 2734 0 2599 2599 0 2601 2601 0 2599 2599 0 2734 2734 0 2601 2601 0 2734 2734 0 2740 2740 0 2740 2740 0 2734 2734 0 2736 2736 0 2741 2741 0 2736 2736 0 2737 2737 0 2740 2740 0 2736 2736 0 2741 2741 0 2744 2744 0 2743 2743 0 2742 2742 0 2738 2738 0 2744 2744 0 2742 2742 0 2739 2739 0 2744 2744 0 2738 2738 0 2739 2739 0 2603 2603 0 2744 2744 0 2739 2739 0 2602 2602 0 2603 2603 0 2597 2597 0 2602 2602 0 2739 2739 0 2601 2601 0 2740 2740 0 2605 2605 0 2607 2607 0 2745 2745 0 2746 2746 0 2605 2605 0 2745 2745 0 2607 2607 0 2605 2605 0 2741 2741 0 2745 2745 0 2605 2605 0 2740 2740 0 2741 2741 0 2746 2746 0 2747 2747 0 2748 2748 0 2745 2745 0 2747 2747 0 2746 2746 0 2747 2747 0 2749 2749 0 2748 2748 0 2752 2752 0 2751 2751 0 2750 2750 0 2743 2743 0 2752 2752 0 2750 2750 0 2744 2744 0 2752 2752 0 2743 2743 0 2744 2744 0 2609 2609 0 2752 2752 0 2744 2744 0 2608 2608 0 2609 2609 0 2603 2603 0 2608 2608 0 2744 2744 0 2607 2607 0 2746 2746 0 2611 2611 0 2613 2613 0 2611 2611 0 2746 2746 0 2613 2613 0 2746 2746 0 2753 2753 0 2753 2753 0 2746 2746 0 2748 2748 0 2754 2754 0 2748 2748 0 2749 2749 0 2754 2754 0 2755 2755 0 2748 2748 0 2755 2755 0 2753 2753 0 2748 2748 0 2754 2754 0 2756 2756 0 2755 2755 0 2759 2759 0 2758 2758 0 2757 2757 0 2759 2759 0 2760 2760 0 2761 2761 0 2757 2757 0 2760 2760 0 2759 2759 0 2751 2751 0 2761 2761 0 2760 2760 0 2752 2752 0 2761 2761 0 2751 2751 0 2752 2752 0 2615 2615 0 2761 2761 0 2752 2752 0 2614 2614 0 2615 2615 0 2609 2609 0 2614 2614 0 2752 2752 0 2613 2613 0 2753 2753 0 2617 2617 0 2619 2619 0 2617 2617 0 2753 2753 0 2755 2755 0 2619 2619 0 2753 2753 0 2621 2621 0 2762 2762 0 2763 2763 0 2619 2619 0 2762 2762 0 2621 2621 0 2619 2619 0 2756 2756 0 2762 2762 0 2619 2619 0 2755 2755 0 2756 2756 0 2763 2763 0 2764 2764 0 2765 2765 0 2762 2762 0 2764 2764 0 2763 2763 0 2765 2765 0 2766 2766 0 2767 2767 0 2764 2764 0 2766 2766 0 2765 2765 0 2767 2767 0 2768 2768 0 2769 2769 0 2766 2766 0 2768 2768 0 2767 2767 0 2769 2769 0 2770 2770 0 2771 2771 0 2768 2768 0 2770 2770 0 2769 2769 0 2771 2771 0 2772 2772 0 2773 2773 0 2770 2770 0 2772 2772 0 2771 2771 0 2773 2773 0 2774 2774 0 2775 2775 0 2772 2772 0 2774 2774 0 2773 2773 0 2775 2775 0 2776 2776 0 2777 2777 0 2774 2774 0 2776 2776 0 2775 2775 0 2758 2758 0 2777 2777 0 2776 2776 0 2759 2759 0 2777 2777 0 2758 2758 0 2759 2759 0 2623 2623 0 2777 2777 0 2759 2759 0 2622 2622 0 2623 2623 0 2625 2625 0 2622 2622 0 2759 2759 0 2761 2761 0 2625 2625 0 2759 2759 0 2615 2615 0 2625 2625 0 2761 2761 0 2621 2621 0 2763 2763 0 2627 2627 0 2629 2629 0 2627 2627 0 2763 2763 0 2765 2765 0 2629 2629 0 2763 2763 0 2631 2631 0 2629 2629 0 2765 2765 0 2767 2767 0 2631 2631 0 2765 2765 0 2633 2633 0 2631 2631 0 2767 2767 0 2633 2633 0 2767 2767 0 2778 2778 0 2778 2778 0 2767 2767 0 2769 2769 0 2771 2771 0 2779 2779 0 2769 2769 0 2779 2779 0 2778 2778 0 2769 2769 0 2634 2634 0 2635 2635 0 2779 2779 0 2634 2634 0 2779 2779 0 2773 2773 0 2773 2773 0 2779 2779 0 2771 2771 0 2637 2637 0 2634 2634 0 2773 2773 0 2775 2775 0 2637 2637 0 2773 2773 0 2639 2639 0 2637 2637 0 2775 2775 0 2777 2777 0 2639 2639 0 2775 2775 0 2623 2623 0 2639 2639 0 2777 2777 0 2633 2633 0 2778 2778 0 2641 2641 0 2642 2642 0 2641 2641 0 2778 2778 0 2779 2779 0 2642 2642 0 2778 2778 0 2635 2635 0 2642 2642 0 2779 2779 0 2652 2652 0 2780 2780 0 2653 2653 0 2652 2652 0 2654 2654 0 2781 2781 0 2780 2780 0 2652 2652 0 2781 2781 0 2654 2654 0 2655 2655 0 2782 2782 0 2781 2781 0 2654 2654 0 2782 2782 0 2655 2655 0 2656 2656 0 2783 2783 0 2782 2782 0 2655 2655 0 2783 2783 0 2656 2656 0 2657 2657 0 2784 2784 0 2783 2783 0 2656 2656 0 2784 2784 0 2657 2657 0 2658 2658 0 2785 2785 0 2784 2784 0 2657 2657 0 2785 2785 0 2658 2658 0 2659 2659 0 2786 2786 0 2785 2785 0 2658 2658 0 2786 2786 0 2659 2659 0 2660 2660 0 2787 2787 0 2786 2786 0 2659 2659 0 2787 2787 0 2660 2660 0 2661 2661 0 2787 2787 0 2666 2666 0 2788 2788 0 2667 2667 0 2666 2666 0 2653 2653 0 2780 2780 0 2666 2666 0 2780 2780 0 2788 2788 0 2788 2788 0 2780 2780 0 2789 2789 0 2791 2791 0 2781 2781 0 2790 2790 0 2791 2791 0 2789 2789 0 2781 2781 0 2789 2789 0 2780 2780 0 2781 2781 0 2782 2782 0 2790 2790 0 2781 2781 0 2792 2792 0 2790 2790 0 2782 2782 0 2783 2783 0 2792 2792 0 2782 2782 0 2793 2793 0 2792 2792 0 2783 2783 0 2784 2784 0 2793 2793 0 2783 2783 0 2794 2794 0 2793 2793 0 2784 2784 0 2785 2785 0 2794 2794 0 2784 2784 0 2795 2795 0 2794 2794 0 2785 2785 0 2786 2786 0 2795 2795 0 2785 2785 0 2796 2796 0 2795 2795 0 2786 2786 0 2796 2796 0 2798 2798 0 2797 2797 0 2796 2796 0 2786 2786 0 2798 2798 0 2786 2786 0 2787 2787 0 2798 2798 0 2661 2661 0 2668 2668 0 2799 2799 0 2661 2661 0 2799 2799 0 2787 2787 0 2787 2787 0 2799 2799 0 2798 2798 0 2668 2668 0 2669 2669 0 2799 2799 0 2674 2674 0 2800 2800 0 2675 2675 0 2674 2674 0 2802 2802 0 2800 2800 0 2667 2667 0 2802 2802 0 2674 2674 0 2667 2667 0 2801 2801 0 2802 2802 0 2667 2667 0 2788 2788 0 2801 2801 0 2789 2789 0 2801 2801 0 2788 2788 0 2803 2803 0 2801 2801 0 2789 2789 0 2791 2791 0 2803 2803 0 2789 2789 0 2798 2798 0 2804 2804 0 2797 2797 0 2799 2799 0 2804 2804 0 2798 2798 0 2805 2805 0 2804 2804 0 2799 2799 0 2807 2807 0 2806 2806 0 2805 2805 0 2676 2676 0 2807 2807 0 2805 2805 0 2676 2676 0 2805 2805 0 2799 2799 0 2676 2676 0 2799 2799 0 2669 2669 0 2676 2676 0 2677 2677 0 2808 2808 0 2807 2807 0 2676 2676 0 2808 2808 0 2677 2677 0 2678 2678 0 2808 2808 0 2682 2682 0 2809 2809 0 2683 2683 0 2682 2682 0 2811 2811 0 2809 2809 0 2675 2675 0 2811 2811 0 2682 2682 0 2675 2675 0 2810 2810 0 2811 2811 0 2675 2675 0 2800 2800 0 2810 2810 0 2802 2802 0 2810 2810 0 2800 2800 0 2807 2807 0 2812 2812 0 2806 2806 0 2812 2812 0 2814 2814 0 2813 2813 0 2812 2812 0 2807 2807 0 2814 2814 0 2807 2807 0 2808 2808 0 2814 2814 0 2678 2678 0 2684 2684 0 2814 2814 0 2808 2808 0 2678 2678 0 2814 2814 0 2688 2688 0 2815 2815 0 2689 2689 0 2688 2688 0 2817 2817 0 2815 2815 0 2683 2683 0 2817 2817 0 2688 2688 0 2683 2683 0 2816 2816 0 2817 2817 0 2683 2683 0 2809 2809 0 2816 2816 0 2811 2811 0 2816 2816 0 2809 2809 0 2814 2814 0 2818 2818 0 2813 2813 0 2820 2820 0 2819 2819 0 2818 2818 0 2690 2690 0 2820 2820 0 2818 2818 0 2690 2690 0 2818 2818 0 2814 2814 0 2690 2690 0 2814 2814 0 2684 2684 0 2690 2690 0 2691 2691 0 2820 2820 0 2693 2693 0 2821 2821 0 2694 2694 0 2693 2693 0 2689 2689 0 2815 2815 0 2693 2693 0 2815 2815 0 2821 2821 0 2821 2821 0 2815 2815 0 2822 2822 0 2823 2823 0 2815 2815 0 2817 2817 0 2822 2822 0 2815 2815 0 2823 2823 0 2825 2825 0 2819 2819 0 2820 2820 0 2824 2824 0 2819 2819 0 2825 2825 0 2691 2691 0 2695 2695 0 2826 2826 0 2691 2691 0 2826 2826 0 2820 2820 0 2820 2820 0 2826 2826 0 2825 2825 0 2695 2695 0 2696 2696 0 2826 2826 0 2821 2821 0 2827 2827 0 2699 2699 0 2694 2694 0 2821 2821 0 2699 2699 0 2829 2829 0 2822 2822 0 2828 2828 0 2829 2829 0 2827 2827 0 2822 2822 0 2827 2827 0 2821 2821 0 2822 2822 0 2823 2823 0 2828 2828 0 2822 2822 0 2825 2825 0 2830 2830 0 2824 2824 0 2830 2830 0 2832 2832 0 2831 2831 0 2830 2830 0 2825 2825 0 2832 2832 0 2825 2825 0 2826 2826 0 2832 2832 0 2696 2696 0 2700 2700 0 2832 2832 0 2826 2826 0 2696 2696 0 2832 2832 0 2827 2827 0 2833 2833 0 2703 2703 0 2699 2699 0 2827 2827 0 2703 2703 0 2834 2834 0 2827 2827 0 2829 2829 0 2833 2833 0 2827 2827 0 2834 2834 0 2836 2836 0 2831 2831 0 2832 2832 0 2835 2835 0 2831 2831 0 2836 2836 0 2700 2700 0 2704 2704 0 2836 2836 0 2832 2832 0 2700 2700 0 2836 2836 0 2833 2833 0 2837 2837 0 2707 2707 0 2703 2703 0 2833 2833 0 2707 2707 0 2838 2838 0 2833 2833 0 2834 2834 0 2837 2837 0 2833 2833 0 2838 2838 0 2840 2840 0 2835 2835 0 2836 2836 0 2839 2839 0 2835 2835 0 2840 2840 0 2704 2704 0 2708 2708 0 2841 2841 0 2704 2704 0 2841 2841 0 2836 2836 0 2836 2836 0 2841 2841 0 2840 2840 0 2708 2708 0 2709 2709 0 2841 2841 0 2837 2837 0 2842 2842 0 2712 2712 0 2707 2707 0 2837 2837 0 2712 2712 0 2843 2843 0 2837 2837 0 2838 2838 0 2842 2842 0 2837 2837 0 2843 2843 0 2845 2845 0 2839 2839 0 2840 2840 0 2844 2844 0 2839 2839 0 2845 2845 0 2841 2841 0 2846 2846 0 2840 2840 0 2846 2846 0 2845 2845 0 2840 2840 0 2709 2709 0 2713 2713 0 2846 2846 0 2841 2841 0 2709 2709 0 2846 2846 0 2842 2842 0 2847 2847 0 2716 2716 0 2712 2712 0 2842 2842 0 2716 2716 0 2848 2848 0 2842 2842 0 2843 2843 0 2847 2847 0 2842 2842 0 2848 2848 0 2850 2850 0 2844 2844 0 2845 2845 0 2849 2849 0 2844 2844 0 2850 2850 0 2846 2846 0 2851 2851 0 2845 2845 0 2851 2851 0 2850 2850 0 2845 2845 0 2713 2713 0 2717 2717 0 2851 2851 0 2846 2846 0 2713 2713 0 2851 2851 0 2847 2847 0 2852 2852 0 2720 2720 0 2716 2716 0 2847 2847 0 2720 2720 0 2853 2853 0 2847 2847 0 2848 2848 0 2852 2852 0 2847 2847 0 2853 2853 0 2855 2855 0 2849 2849 0 2850 2850 0 2854 2854 0 2849 2849 0 2855 2855 0 2721 2721 0 2722 2722 0 2855 2855 0 2721 2721 0 2855 2855 0 2851 2851 0 2851 2851 0 2855 2855 0 2850 2850 0 2717 2717 0 2721 2721 0 2851 2851 0 2852 2852 0 2856 2856 0 2725 2725 0 2720 2720 0 2852 2852 0 2725 2725 0 2857 2857 0 2852 2852 0 2853 2853 0 2857 2857 0 2858 2858 0 2852 2852 0 2858 2858 0 2856 2856 0 2852 2852 0 2857 2857 0 2859 2859 0 2858 2858 0 2862 2862 0 2861 2861 0 2860 2860 0 2854 2854 0 2862 2862 0 2860 2860 0 2854 2854 0 2855 2855 0 2862 2862 0 2855 2855 0 2863 2863 0 2862 2862 0 2722 2722 0 2726 2726 0 2863 2863 0 2855 2855 0 2722 2722 0 2863 2863 0 2725 2725 0 2856 2856 0 2728 2728 0 2730 2730 0 2728 2728 0 2856 2856 0 2730 2730 0 2856 2856 0 2864 2864 0 2864 2864 0 2856 2856 0 2858 2858 0 2865 2865 0 2858 2858 0 2859 2859 0 2864 2864 0 2858 2858 0 2865 2865 0 2867 2867 0 2861 2861 0 2862 2862 0 2866 2866 0 2861 2861 0 2867 2867 0 2731 2731 0 2732 2732 0 2867 2867 0 2731 2731 0 2867 2867 0 2863 2863 0 2863 2863 0 2867 2867 0 2862 2862 0 2726 2726 0 2731 2731 0 2863 2863 0 2730 2730 0 2864 2864 0 2735 2735 0 2737 2737 0 2868 2868 0 2869 2869 0 2735 2735 0 2868 2868 0 2737 2737 0 2735 2735 0 2865 2865 0 2868 2868 0 2735 2735 0 2864 2864 0 2865 2865 0 2868 2868 0 2870 2870 0 2869 2869 0 2873 2873 0 2872 2872 0 2871 2871 0 2866 2866 0 2873 2873 0 2871 2871 0 2866 2866 0 2867 2867 0 2873 2873 0 2867 2867 0 2874 2874 0 2873 2873 0 2732 2732 0 2738 2738 0 2874 2874 0 2867 2867 0 2732 2732 0 2874 2874 0 2869 2869 0 2875 2875 0 2741 2741 0 2737 2737 0 2869 2869 0 2741 2741 0 2876 2876 0 2869 2869 0 2870 2870 0 2876 2876 0 2877 2877 0 2869 2869 0 2877 2877 0 2875 2875 0 2869 2869 0 2876 2876 0 2878 2878 0 2877 2877 0 2881 2881 0 2880 2880 0 2879 2879 0 2872 2872 0 2881 2881 0 2879 2879 0 2872 2872 0 2873 2873 0 2881 2881 0 2873 2873 0 2882 2882 0 2881 2881 0 2742 2742 0 2743 2743 0 2882 2882 0 2742 2742 0 2882 2882 0 2874 2874 0 2874 2874 0 2882 2882 0 2873 2873 0 2738 2738 0 2742 2742 0 2874 2874 0 2741 2741 0 2875 2875 0 2745 2745 0 2747 2747 0 2745 2745 0 2875 2875 0 2877 2877 0 2747 2747 0 2875 2875 0 2749 2749 0 2883 2883 0 2884 2884 0 2747 2747 0 2883 2883 0 2749 2749 0 2747 2747 0 2878 2878 0 2883 2883 0 2747 2747 0 2877 2877 0 2878 2878 0 2884 2884 0 2885 2885 0 2886 2886 0 2883 2883 0 2885 2885 0 2884 2884 0 2885 2885 0 2887 2887 0 2886 2886 0 2890 2890 0 2889 2889 0 2888 2888 0 2890 2890 0 2891 2891 0 2892 2892 0 2888 2888 0 2891 2891 0 2890 2890 0 2880 2880 0 2892 2892 0 2891 2891 0 2880 2880 0 2881 2881 0 2892 2892 0 2881 2881 0 2893 2893 0 2892 2892 0 2750 2750 0 2751 2751 0 2893 2893 0 2750 2750 0 2893 2893 0 2882 2882 0 2882 2882 0 2893 2893 0 2881 2881 0 2743 2743 0 2750 2750 0 2882 2882 0 2749 2749 0 2884 2884 0 2754 2754 0 2756 2756 0 2754 2754 0 2884 2884 0 2756 2756 0 2884 2884 0 2894 2894 0 2894 2894 0 2884 2884 0 2886 2886 0 2895 2895 0 2886 2886 0 2887 2887 0 2895 2895 0 2896 2896 0 2886 2886 0 2896 2896 0 2894 2894 0 2886 2886 0 2896 2896 0 2897 2897 0 2898 2898 0 2895 2895 0 2897 2897 0 2896 2896 0 2898 2898 0 2899 2899 0 2900 2900 0 2897 2897 0 2899 2899 0 2898 2898 0 2900 2900 0 2901 2901 0 2902 2902 0 2899 2899 0 2901 2901 0 2900 2900 0 2902 2902 0 2903 2903 0 2904 2904 0 2901 2901 0 2903 2903 0 2902 2902 0 2904 2904 0 2905 2905 0 2906 2906 0 2903 2903 0 2905 2905 0 2904 2904 0 2889 2889 0 2906 2906 0 2905 2905 0 2889 2889 0 2890 2890 0 2906 2906 0 2890 2890 0 2907 2907 0 2906 2906 0 2757 2757 0 2758 2758 0 2907 2907 0 2757 2757 0 2907 2907 0 2892 2892 0 2892 2892 0 2907 2907 0 2890 2890 0 2760 2760 0 2757 2757 0 2892 2892 0 2893 2893 0 2760 2760 0 2892 2892 0 2751 2751 0 2760 2760 0 2893 2893 0 2756 2756 0 2894 2894 0 2762 2762 0 2764 2764 0 2762 2762 0 2894 2894 0 2896 2896 0 2764 2764 0 2894 2894 0 2766 2766 0 2764 2764 0 2896 2896 0 2898 2898 0 2766 2766 0 2896 2896 0 2768 2768 0 2766 2766 0 2898 2898 0 2900 2900 0 2768 2768 0 2898 2898 0 2770 2770 0 2768 2768 0 2900 2900 0 2902 2902 0 2770 2770 0 2900 2900 0 2772 2772 0 2770 2770 0 2902 2902 0 2904 2904 0 2772 2772 0 2902 2902 0 2774 2774 0 2772 2772 0 2904 2904 0 2906 2906 0 2774 2774 0 2904 2904 0 2776 2776 0 2774 2774 0 2906 2906 0 2907 2907 0 2776 2776 0 2906 2906 0 2758 2758 0 2776 2776 0 2907 2907 0 2790 2790 0 2908 2908 0 2791 2791 0 2790 2790 0 2792 2792 0 2909 2909 0 2908 2908 0 2790 2790 0 2909 2909 0 2792 2792 0 2793 2793 0 2910 2910 0 2909 2909 0 2792 2792 0 2910 2910 0 2793 2793 0 2794 2794 0 2911 2911 0 2910 2910 0 2793 2793 0 2911 2911 0 2794 2794 0 2795 2795 0 2912 2912 0 2911 2911 0 2794 2794 0 2912 2912 0 2795 2795 0 2796 2796 0 2913 2913 0 2912 2912 0 2795 2795 0 2913 2913 0 2796 2796 0 2797 2797 0 2913 2913 0 2801 2801 0 2914 2914 0 2802 2802 0 2801 2801 0 2803 2803 0 2915 2915 0 2914 2914 0 2801 2801 0 2915 2915 0 2803 2803 0 2791 2791 0 2908 2908 0 2803 2803 0 2908 2908 0 2915 2915 0 2915 2915 0 2908 2908 0 2916 2916 0 2909 2909 0 2917 2917 0 2908 2908 0 2917 2917 0 2916 2916 0 2908 2908 0 2919 2919 0 2910 2910 0 2918 2918 0 2919 2919 0 2917 2917 0 2910 2910 0 2917 2917 0 2909 2909 0 2910 2910 0 2911 2911 0 2918 2918 0 2910 2910 0 2920 2920 0 2918 2918 0 2911 2911 0 2920 2920 0 2922 2922 0 2921 2921 0 2920 2920 0 2911 2911 0 2922 2922 0 2911 2911 0 2912 2912 0 2922 2922 0 2913 2913 0 2923 2923 0 2912 2912 0 2923 2923 0 2922 2922 0 2912 2912 0 2797 2797 0 2804 2804 0 2924 2924 0 2797 2797 0 2924 2924 0 2913 2913 0 2913 2913 0 2924 2924 0 2923 2923 0 2804 2804 0 2805 2805 0 2925 2925 0 2924 2924 0 2804 2804 0 2925 2925 0 2805 2805 0 2806 2806 0 2925 2925 0 2810 2810 0 2926 2926 0 2811 2811 0 2810 2810 0 2802 2802 0 2914 2914 0 2810 2810 0 2914 2914 0 2926 2926 0 2926 2926 0 2914 2914 0 2927 2927 0 2915 2915 0 2928 2928 0 2914 2914 0 2928 2928 0 2927 2927 0 2914 2914 0 2930 2930 0 2916 2916 0 2929 2929 0 2930 2930 0 2928 2928 0 2916 2916 0 2928 2928 0 2915 2915 0 2916 2916 0 2917 2917 0 2929 2929 0 2916 2916 0 2931 2931 0 2929 2929 0 2917 2917 0 2919 2919 0 2931 2931 0 2917 2917 0 2922 2922 0 2932 2932 0 2921 2921 0 2923 2923 0 2932 2932 0 2922 2922 0 2933 2933 0 2932 2932 0 2923 2923 0 2933 2933 0 2935 2935 0 2934 2934 0 2933 2933 0 2923 2923 0 2935 2935 0 2923 2923 0 2924 2924 0 2935 2935 0 2925 2925 0 2936 2936 0 2924 2924 0 2936 2936 0 2935 2935 0 2924 2924 0 2806 2806 0 2812 2812 0 2937 2937 0 2806 2806 0 2937 2937 0 2925 2925 0 2925 2925 0 2937 2937 0 2936 2936 0 2812 2812 0 2813 2813 0 2937 2937 0 2816 2816 0 2938 2938 0 2817 2817 0 2816 2816 0 2811 2811 0 2926 2926 0 2816 2816 0 2926 2926 0 2938 2938 0 2938 2938 0 2926 2926 0 2939 2939 0 2941 2941 0 2927 2927 0 2940 2940 0 2941 2941 0 2939 2939 0 2927 2927 0 2939 2939 0 2926 2926 0 2927 2927 0 2928 2928 0 2940 2940 0 2927 2927 0 2942 2942 0 2940 2940 0 2928 2928 0 2930 2930 0 2942 2942 0 2928 2928 0 2935 2935 0 2943 2943 0 2934 2934 0 2943 2943 0 2945 2945 0 2944 2944 0 2943 2943 0 2935 2935 0 2945 2945 0 2935 2935 0 2936 2936 0 2945 2945 0 2937 2937 0 2946 2946 0 2936 2936 0 2946 2946 0 2945 2945 0 2936 2936 0 2813 2813 0 2818 2818 0 2947 2947 0 2813 2813 0 2947 2947 0 2937 2937 0 2937 2937 0 2947 2947 0 2946 2946 0 2818 2818 0 2819 2819 0 2947 2947 0 2938 2938 0 2948 2948 0 2823 2823 0 2817 2817 0 2938 2938 0 2823 2823 0 2939 2939 0 2949 2949 0 2938 2938 0 2949 2949 0 2948 2948 0 2938 2938 0 2950 2950 0 2939 2939 0 2941 2941 0 2949 2949 0 2939 2939 0 2950 2950 0 2945 2945 0 2951 2951 0 2944 2944 0 2951 2951 0 2953 2953 0 2952 2952 0 2951 2951 0 2945 2945 0 2953 2953 0 2945 2945 0 2946 2946 0 2953 2953 0 2947 2947 0 2954 2954 0 2946 2946 0 2954 2954 0 2953 2953 0 2946 2946 0 2819 2819 0 2824 2824 0 2954 2954 0 2947 2947 0 2819 2819 0 2954 2954 0 2828 2828 0 2955 2955 0 2829 2829 0 2828 2828 0 2823 2823 0 2948 2948 0 2828 2828 0 2948 2948 0 2955 2955 0 2955 2955 0 2948 2948 0 2956 2956 0 2958 2958 0 2949 2949 0 2957 2957 0 2958 2958 0 2956 2956 0 2949 2949 0 2956 2956 0 2948 2948 0 2949 2949 0 2950 2950 0 2957 2957 0 2949 2949 0 2953 2953 0 2959 2959 0 2952 2952 0 2959 2959 0 2961 2961 0 2960 2960 0 2959 2959 0 2953 2953 0 2961 2961 0 2953 2953 0 2954 2954 0 2961 2961 0 2824 2824 0 2830 2830 0 2962 2962 0 2824 2824 0 2962 2962 0 2954 2954 0 2954 2954 0 2962 2962 0 2961 2961 0 2830 2830 0 2831 2831 0 2962 2962 0 2955 2955 0 2963 2963 0 2834 2834 0 2829 2829 0 2955 2955 0 2834 2834 0 2956 2956 0 2964 2964 0 2955 2955 0 2964 2964 0 2963 2963 0 2955 2955 0 2965 2965 0 2956 2956 0 2958 2958 0 2964 2964 0 2956 2956 0 2965 2965 0 2967 2967 0 2960 2960 0 2961 2961 0 2966 2966 0 2960 2960 0 2967 2967 0 2962 2962 0 2968 2968 0 2961 2961 0 2968 2968 0 2967 2967 0 2961 2961 0 2831 2831 0 2835 2835 0 2968 2968 0 2962 2962 0 2831 2831 0 2968 2968 0 2963 2963 0 2969 2969 0 2838 2838 0 2834 2834 0 2963 2963 0 2838 2838 0 2964 2964 0 2970 2970 0 2963 2963 0 2970 2970 0 2969 2969 0 2963 2963 0 2971 2971 0 2964 2964 0 2965 2965 0 2970 2970 0 2964 2964 0 2971 2971 0 2973 2973 0 2966 2966 0 2967 2967 0 2972 2972 0 2966 2966 0 2973 2973 0 2968 2968 0 2974 2974 0 2967 2967 0 2974 2974 0 2973 2973 0 2967 2967 0 2835 2835 0 2839 2839 0 2974 2974 0 2968 2968 0 2835 2835 0 2974 2974 0 2969 2969 0 2975 2975 0 2843 2843 0 2838 2838 0 2969 2969 0 2843 2843 0 2970 2970 0 2976 2976 0 2969 2969 0 2976 2976 0 2975 2975 0 2969 2969 0 2977 2977 0 2970 2970 0 2971 2971 0 2976 2976 0 2970 2970 0 2977 2977 0 2979 2979 0 2972 2972 0 2973 2973 0 2978 2978 0 2972 2972 0 2979 2979 0 2974 2974 0 2980 2980 0 2973 2973 0 2980 2980 0 2979 2979 0 2973 2973 0 2839 2839 0 2844 2844 0 2980 2980 0 2974 2974 0 2839 2839 0 2980 2980 0 2975 2975 0 2981 2981 0 2848 2848 0 2843 2843 0 2975 2975 0 2848 2848 0 2976 2976 0 2982 2982 0 2975 2975 0 2982 2982 0 2981 2981 0 2975 2975 0 2983 2983 0 2976 2976 0 2977 2977 0 2982 2982 0 2976 2976 0 2983 2983 0 2985 2985 0 2978 2978 0 2979 2979 0 2984 2984 0 2978 2978 0 2985 2985 0 2980 2980 0 2986 2986 0 2979 2979 0 2986 2986 0 2985 2985 0 2979 2979 0 2844 2844 0 2849 2849 0 2986 2986 0 2980 2980 0 2844 2844 0 2986 2986 0 2981 2981 0 2987 2987 0 2853 2853 0 2848 2848 0 2981 2981 0 2853 2853 0 2982 2982 0 2988 2988 0 2981 2981 0 2988 2988 0 2987 2987 0 2981 2981 0 2989 2989 0 2982 2982 0 2983 2983 0 2988 2988 0 2982 2982 0 2989 2989 0 2991 2991 0 2984 2984 0 2985 2985 0 2990 2990 0 2984 2984 0 2991 2991 0 2986 2986 0 2992 2992 0 2985 2985 0 2992 2992 0 2991 2991 0 2985 2985 0 2849 2849 0 2854 2854 0 2992 2992 0 2986 2986 0 2849 2849 0 2992 2992 0 2853 2853 0 2987 2987 0 2857 2857 0 2859 2859 0 2857 2857 0 2987 2987 0 2859 2859 0 2987 2987 0 2993 2993 0 2993 2993 0 2987 2987 0 2988 2988 0 2994 2994 0 2988 2988 0 2989 2989 0 2994 2994 0 2995 2995 0 2988 2988 0 2995 2995 0 2993 2993 0 2988 2988 0 2994 2994 0 2996 2996 0 2995 2995 0 2998 2998 0 2990 2990 0 2991 2991 0 2997 2997 0 2990 2990 0 2998 2998 0 2860 2860 0 2861 2861 0 2998 2998 0 2860 2860 0 2998 2998 0 2992 2992 0 2992 2992 0 2998 2998 0 2991 2991 0 2854 2854 0 2860 2860 0 2992 2992 0 2993 2993 0 2999 2999 0 2865 2865 0 2859 2859 0 2993 2993 0 2865 2865 0 2995 2995 0 3000 3000 0 2993 2993 0 3000 3000 0 2999 2999 0 2993 2993 0 3001 3001 0 2995 2995 0 2996 2996 0 3000 3000 0 2995 2995 0 3001 3001 0 3004 3004 0 3003 3003 0 3002 3002 0 2997 2997 0 3004 3004 0 3002 3002 0 2997 2997 0 2998 2998 0 3004 3004 0 2998 2998 0 3005 3005 0 3004 3004 0 2861 2861 0 2866 2866 0 3005 3005 0 2998 2998 0 2861 2861 0 3005 3005 0 2865 2865 0 2999 2999 0 2868 2868 0 2870 2870 0 2868 2868 0 2999 2999 0 2870 2870 0 2999 2999 0 3006 3006 0 3006 3006 0 2999 2999 0 3000 3000 0 3007 3007 0 3000 3000 0 3001 3001 0 3007 3007 0 3008 3008 0 3000 3000 0 3008 3008 0 3006 3006 0 3000 3000 0 3008 3008 0 3009 3009 0 3010 3010 0 3007 3007 0 3009 3009 0 3008 3008 0 3009 3009 0 3011 3011 0 3010 3010 0 3014 3014 0 3013 3013 0 3012 3012 0 3003 3003 0 3014 3014 0 3012 3012 0 3003 3003 0 3004 3004 0 3014 3014 0 3004 3004 0 3015 3015 0 3014 3014 0 2871 2871 0 2872 2872 0 3015 3015 0 2871 2871 0 3015 3015 0 3005 3005 0 3005 3005 0 3015 3015 0 3004 3004 0 2866 2866 0 2871 2871 0 3005 3005 0 2870 2870 0 3006 3006 0 2876 2876 0 2878 2878 0 2876 2876 0 3006 3006 0 2878 2878 0 3006 3006 0 3016 3016 0 3016 3016 0 3006 3006 0 3008 3008 0 3010 3010 0 3017 3017 0 3008 3008 0 3017 3017 0 3016 3016 0 3008 3008 0 3018 3018 0 3010 3010 0 3011 3011 0 3018 3018 0 3019 3019 0 3010 3010 0 3019 3019 0 3017 3017 0 3010 3010 0 3019 3019 0 3020 3020 0 3021 3021 0 3018 3018 0 3020 3020 0 3019 3019 0 3021 3021 0 3022 3022 0 3023 3023 0 3020 3020 0 3022 3022 0 3021 3021 0 3023 3023 0 3024 3024 0 3025 3025 0 3022 3022 0 3024 3024 0 3023 3023 0 3025 3025 0 3026 3026 0 3027 3027 0 3024 3024 0 3026 3026 0 3025 3025 0 3027 3027 0 3028 3028 0 3029 3029 0 3026 3026 0 3028 3028 0 3027 3027 0 3029 3029 0 3030 3030 0 3031 3031 0 3028 3028 0 3030 3030 0 3029 3029 0 3013 3013 0 3031 3031 0 3030 3030 0 3013 3013 0 3014 3014 0 3031 3031 0 3014 3014 0 3032 3032 0 3031 3031 0 2879 2879 0 2880 2880 0 3032 3032 0 2879 2879 0 3032 3032 0 3015 3015 0 3015 3015 0 3032 3032 0 3014 3014 0 2872 2872 0 2879 2879 0 3015 3015 0 2878 2878 0 3016 3016 0 2883 2883 0 2885 2885 0 2883 2883 0 3016 3016 0 3017 3017 0 2885 2885 0 3016 3016 0 2887 2887 0 2885 2885 0 3017 3017 0 2887 2887 0 3017 3017 0 3033 3033 0 3033 3033 0 3017 3017 0 3019 3019 0 3021 3021 0 3034 3034 0 3019 3019 0 3034 3034 0 3033 3033 0 3019 3019 0 3023 3023 0 3035 3035 0 3021 3021 0 3035 3035 0 3034 3034 0 3021 3021 0 3025 3025 0 3036 3036 0 3023 3023 0 3036 3036 0 3035 3035 0 3023 3023 0 3027 3027 0 3037 3037 0 3025 3025 0 3037 3037 0 3036 3036 0 3025 3025 0 3029 3029 0 3038 3038 0 3027 3027 0 3038 3038 0 3037 3037 0 3027 3027 0 2888 2888 0 2889 2889 0 3038 3038 0 2888 2888 0 3038 3038 0 3031 3031 0 3031 3031 0 3038 3038 0 3029 3029 0 2891 2891 0 2888 2888 0 3031 3031 0 3032 3032 0 2891 2891 0 3031 3031 0 2880 2880 0 2891 2891 0 3032 3032 0 2887 2887 0 3033 3033 0 2895 2895 0 2897 2897 0 2895 2895 0 3033 3033 0 3034 3034 0 2897 2897 0 3033 3033 0 2899 2899 0 2897 2897 0 3034 3034 0 3035 3035 0 2899 2899 0 3034 3034 0 2901 2901 0 2899 2899 0 3035 3035 0 3036 3036 0 2901 2901 0 3035 3035 0 2903 2903 0 2901 2901 0 3036 3036 0 3037 3037 0 2903 2903 0 3036 3036 0 2905 2905 0 2903 2903 0 3037 3037 0 3038 3038 0 2905 2905 0 3037 3037 0 2889 2889 0 2905 2905 0 3038 3038 0 2918 2918 0 3039 3039 0 2919 2919 0 2918 2918 0 2920 2920 0 3040 3040 0 3039 3039 0 2918 2918 0 3040 3040 0 2920 2920 0 2921 2921 0 3040 3040 0 2929 2929 0 3041 3041 0 2930 2930 0 2929 2929 0 2931 2931 0 3042 3042 0 3041 3041 0 2929 2929 0 3042 3042 0 2931 2931 0 2919 2919 0 3039 3039 0 2931 2931 0 3039 3039 0 3042 3042 0 3042 3042 0 3039 3039 0 3043 3043 0 3040 3040 0 3044 3044 0 3039 3039 0 3044 3044 0 3043 3043 0 3039 3039 0 2921 2921 0 2932 2932 0 3045 3045 0 2921 2921 0 3045 3045 0 3040 3040 0 3040 3040 0 3045 3045 0 3044 3044 0 2932 2932 0 2933 2933 0 3046 3046 0 3045 3045 0 2932 2932 0 3046 3046 0 2933 2933 0 2934 2934 0 3046 3046 0 2940 2940 0 3047 3047 0 2941 2941 0 2940 2940 0 2942 2942 0 3048 3048 0 3047 3047 0 2940 2940 0 3048 3048 0 2942 2942 0 2930 2930 0 3041 3041 0 2942 2942 0 3041 3041 0 3048 3048 0 3048 3048 0 3041 3041 0 3049 3049 0 3042 3042 0 3050 3050 0 3041 3041 0 3050 3050 0 3049 3049 0 3041 3041 0 3043 3043 0 3051 3051 0 3042 3042 0 3051 3051 0 3050 3050 0 3042 3042 0 3044 3044 0 3052 3052 0 3043 3043 0 3052 3052 0 3051 3051 0 3043 3043 0 3045 3045 0 3053 3053 0 3044 3044 0 3053 3053 0 3052 3052 0 3044 3044 0 3046 3046 0 3054 3054 0 3045 3045 0 3054 3054 0 3053 3053 0 3045 3045 0 2934 2934 0 2943 2943 0 3055 3055 0 2934 2934 0 3055 3055 0 3046 3046 0 3046 3046 0 3055 3055 0 3054 3054 0 2943 2943 0 2944 2944 0 3055 3055 0 3047 3047 0 3056 3056 0 2950 2950 0 2941 2941 0 3047 3047 0 2950 2950 0 3048 3048 0 3057 3057 0 3047 3047 0 3057 3057 0 3056 3056 0 3047 3047 0 3049 3049 0 3058 3058 0 3048 3048 0 3058 3058 0 3057 3057 0 3048 3048 0 3050 3050 0 3059 3059 0 3049 3049 0 3059 3059 0 3058 3058 0 3049 3049 0 3061 3061 0 3051 3051 0 3060 3060 0 3061 3061 0 3059 3059 0 3051 3051 0 3059 3059 0 3050 3050 0 3051 3051 0 3052 3052 0 3060 3060 0 3051 3051 0 3062 3062 0 3060 3060 0 3052 3052 0 3062 3062 0 3064 3064 0 3063 3063 0 3062 3062 0 3052 3052 0 3064 3064 0 3052 3052 0 3053 3053 0 3064 3064 0 3054 3054 0 3065 3065 0 3053 3053 0 3065 3065 0 3064 3064 0 3053 3053 0 3055 3055 0 3066 3066 0 3054 3054 0 3066 3066 0 3065 3065 0 3054 3054 0 2944 2944 0 2951 2951 0 3067 3067 0 2944 2944 0 3067 3067 0 3055 3055 0 3055 3055 0 3067 3067 0 3066 3066 0 2951 2951 0 2952 2952 0 3067 3067 0 2957 2957 0 3068 3068 0 2958 2958 0 2957 2957 0 2950 2950 0 3056 3056 0 2957 2957 0 3056 3056 0 3068 3068 0 3068 3068 0 3056 3056 0 3069 3069 0 3057 3057 0 3070 3070 0 3056 3056 0 3070 3070 0 3069 3069 0 3056 3056 0 3058 3058 0 3071 3071 0 3057 3057 0 3071 3071 0 3070 3070 0 3057 3057 0 3073 3073 0 3059 3059 0 3072 3072 0 3073 3073 0 3071 3071 0 3059 3059 0 3071 3071 0 3058 3058 0 3059 3059 0 3061 3061 0 3072 3072 0 3059 3059 0 3064 3064 0 3074 3074 0 3063 3063 0 3074 3074 0 3076 3076 0 3075 3075 0 3074 3074 0 3064 3064 0 3076 3076 0 3064 3064 0 3065 3065 0 3076 3076 0 3066 3066 0 3077 3077 0 3065 3065 0 3077 3077 0 3076 3076 0 3065 3065 0 3067 3067 0 3078 3078 0 3066 3066 0 3078 3078 0 3077 3077 0 3066 3066 0 2952 2952 0 2959 2959 0 3079 3079 0 2952 2952 0 3079 3079 0 3067 3067 0 3067 3067 0 3079 3079 0 3078 3078 0 2959 2959 0 2960 2960 0 3079 3079 0 3068 3068 0 3080 3080 0 2965 2965 0 2958 2958 0 3068 3068 0 2965 2965 0 3069 3069 0 3081 3081 0 3068 3068 0 3081 3081 0 3080 3080 0 3068 3068 0 3070 3070 0 3082 3082 0 3069 3069 0 3082 3082 0 3081 3081 0 3069 3069 0 3084 3084 0 3071 3071 0 3083 3083 0 3084 3084 0 3082 3082 0 3071 3071 0 3082 3082 0 3070 3070 0 3071 3071 0 3073 3073 0 3083 3083 0 3071 3071 0 3076 3076 0 3085 3085 0 3075 3075 0 3085 3085 0 3087 3087 0 3086 3086 0 3085 3085 0 3076 3076 0 3087 3087 0 3076 3076 0 3077 3077 0 3087 3087 0 3078 3078 0 3088 3088 0 3077 3077 0 3088 3088 0 3087 3087 0 3077 3077 0 3079 3079 0 3089 3089 0 3078 3078 0 3089 3089 0 3088 3088 0 3078 3078 0 2960 2960 0 2966 2966 0 3089 3089 0 3079 3079 0 2960 2960 0 3089 3089 0 3080 3080 0 3090 3090 0 2971 2971 0 2965 2965 0 3080 3080 0 2971 2971 0 3081 3081 0 3091 3091 0 3080 3080 0 3091 3091 0 3090 3090 0 3080 3080 0 3082 3082 0 3092 3092 0 3081 3081 0 3092 3092 0 3091 3091 0 3081 3081 0 3093 3093 0 3082 3082 0 3084 3084 0 3092 3092 0 3082 3082 0 3093 3093 0 3095 3095 0 3086 3086 0 3087 3087 0 3094 3094 0 3086 3086 0 3095 3095 0 3088 3088 0 3096 3096 0 3087 3087 0 3096 3096 0 3095 3095 0 3087 3087 0 3089 3089 0 3097 3097 0 3088 3088 0 3097 3097 0 3096 3096 0 3088 3088 0 2966 2966 0 2972 2972 0 3097 3097 0 3089 3089 0 2966 2966 0 3097 3097 0 3090 3090 0 3098 3098 0 2977 2977 0 2971 2971 0 3090 3090 0 2977 2977 0 3091 3091 0 3099 3099 0 3090 3090 0 3099 3099 0 3098 3098 0 3090 3090 0 3092 3092 0 3100 3100 0 3091 3091 0 3100 3100 0 3099 3099 0 3091 3091 0 3101 3101 0 3092 3092 0 3093 3093 0 3100 3100 0 3092 3092 0 3101 3101 0 3103 3103 0 3094 3094 0 3095 3095 0 3102 3102 0 3094 3094 0 3103 3103 0 3096 3096 0 3104 3104 0 3095 3095 0 3104 3104 0 3103 3103 0 3095 3095 0 3097 3097 0 3105 3105 0 3096 3096 0 3105 3105 0 3104 3104 0 3096 3096 0 2972 2972 0 2978 2978 0 3105 3105 0 3097 3097 0 2972 2972 0 3105 3105 0 3098 3098 0 3106 3106 0 2983 2983 0 2977 2977 0 3098 3098 0 2983 2983 0 3099 3099 0 3107 3107 0 3098 3098 0 3107 3107 0 3106 3106 0 3098 3098 0 3100 3100 0 3108 3108 0 3099 3099 0 3108 3108 0 3107 3107 0 3099 3099 0 3109 3109 0 3100 3100 0 3101 3101 0 3108 3108 0 3100 3100 0 3109 3109 0 3111 3111 0 3102 3102 0 3103 3103 0 3110 3110 0 3102 3102 0 3111 3111 0 3104 3104 0 3112 3112 0 3103 3103 0 3112 3112 0 3111 3111 0 3103 3103 0 3105 3105 0 3113 3113 0 3104 3104 0 3113 3113 0 3112 3112 0 3104 3104 0 2978 2978 0 2984 2984 0 3113 3113 0 3105 3105 0 2978 2978 0 3113 3113 0 3106 3106 0 3114 3114 0 2989 2989 0 2983 2983 0 3106 3106 0 2989 2989 0 3107 3107 0 3115 3115 0 3106 3106 0 3115 3115 0 3114 3114 0 3106 3106 0 3108 3108 0 3116 3116 0 3107 3107 0 3116 3116 0 3115 3115 0 3107 3107 0 3117 3117 0 3108 3108 0 3109 3109 0 3117 3117 0 3118 3118 0 3108 3108 0 3118 3118 0 3116 3116 0 3108 3108 0 3117 3117 0 3119 3119 0 3118 3118 0 3122 3122 0 3121 3121 0 3120 3120 0 3110 3110 0 3122 3122 0 3120 3120 0 3110 3110 0 3111 3111 0 3122 3122 0 3111 3111 0 3123 3123 0 3122 3122 0 3112 3112 0 3124 3124 0 3111 3111 0 3124 3124 0 3123 3123 0 3111 3111 0 3113 3113 0 3125 3125 0 3112 3112 0 3125 3125 0 3124 3124 0 3112 3112 0 2984 2984 0 2990 2990 0 3125 3125 0 3113 3113 0 2984 2984 0 3125 3125 0 2989 2989 0 3114 3114 0 2994 2994 0 2996 2996 0 2994 2994 0 3114 3114 0 2996 2996 0 3114 3114 0 3126 3126 0 3126 3126 0 3114 3114 0 3115 3115 0 3116 3116 0 3127 3127 0 3115 3115 0 3127 3127 0 3126 3126 0 3115 3115 0 3118 3118 0 3128 3128 0 3116 3116 0 3128 3128 0 3127 3127 0 3116 3116 0 3129 3129 0 3118 3118 0 3119 3119 0 3129 3129 0 3130 3130 0 3118 3118 0 3130 3130 0 3128 3128 0 3118 3118 0 3130 3130 0 3131 3131 0 3132 3132 0 3129 3129 0 3131 3131 0 3130 3130 0 3132 3132 0 3133 3133 0 3134 3134 0 3131 3131 0 3133 3133 0 3132 3132 0 3134 3134 0 3135 3135 0 3136 3136 0 3133 3133 0 3135 3135 0 3134 3134 0 3121 3121 0 3136 3136 0 3135 3135 0 3121 3121 0 3122 3122 0 3136 3136 0 3122 3122 0 3137 3137 0 3136 3136 0 3123 3123 0 3138 3138 0 3122 3122 0 3138 3138 0 3137 3137 0 3122 3122 0 3124 3124 0 3139 3139 0 3123 3123 0 3139 3139 0 3138 3138 0 3123 3123 0 3125 3125 0 3140 3140 0 3124 3124 0 3140 3140 0 3139 3139 0 3124 3124 0 2990 2990 0 2997 2997 0 3140 3140 0 3125 3125 0 2990 2990 0 3140 3140 0 3126 3126 0 3141 3141 0 3001 3001 0 2996 2996 0 3126 3126 0 3001 3001 0 3127 3127 0 3142 3142 0 3126 3126 0 3142 3142 0 3141 3141 0 3126 3126 0 3128 3128 0 3143 3143 0 3127 3127 0 3143 3143 0 3142 3142 0 3127 3127 0 3130 3130 0 3144 3144 0 3128 3128 0 3144 3144 0 3143 3143 0 3128 3128 0 3132 3132 0 3145 3145 0 3130 3130 0 3145 3145 0 3144 3144 0 3130 3130 0 3134 3134 0 3146 3146 0 3132 3132 0 3146 3146 0 3145 3145 0 3132 3132 0 3136 3136 0 3147 3147 0 3134 3134 0 3147 3147 0 3146 3146 0 3134 3134 0 3137 3137 0 3148 3148 0 3136 3136 0 3148 3148 0 3147 3147 0 3136 3136 0 3138 3138 0 3149 3149 0 3137 3137 0 3149 3149 0 3148 3148 0 3137 3137 0 3139 3139 0 3150 3150 0 3138 3138 0 3150 3150 0 3149 3149 0 3138 3138 0 3002 3002 0 3003 3003 0 3150 3150 0 3002 3002 0 3150 3150 0 3140 3140 0 3140 3140 0 3150 3150 0 3139 3139 0 2997 2997 0 3002 3002 0 3140 3140 0 3001 3001 0 3141 3141 0 3007 3007 0 3009 3009 0 3007 3007 0 3141 3141 0 3142 3142 0 3009 3009 0 3141 3141 0 3011 3011 0 3009 3009 0 3142 3142 0 3011 3011 0 3142 3142 0 3151 3151 0 3151 3151 0 3142 3142 0 3143 3143 0 3144 3144 0 3152 3152 0 3143 3143 0 3152 3152 0 3151 3151 0 3143 3143 0 3145 3145 0 3153 3153 0 3144 3144 0 3153 3153 0 3152 3152 0 3144 3144 0 3146 3146 0 3154 3154 0 3145 3145 0 3154 3154 0 3153 3153 0 3145 3145 0 3147 3147 0 3155 3155 0 3146 3146 0 3155 3155 0 3154 3154 0 3146 3146 0 3148 3148 0 3156 3156 0 3147 3147 0 3156 3156 0 3155 3155 0 3147 3147 0 3149 3149 0 3157 3157 0 3148 3148 0 3157 3157 0 3156 3156 0 3148 3148 0 3012 3012 0 3013 3013 0 3157 3157 0 3012 3012 0 3157 3157 0 3150 3150 0 3150 3150 0 3157 3157 0 3149 3149 0 3003 3003 0 3012 3012 0 3150 3150 0 3011 3011 0 3151 3151 0 3018 3018 0 3020 3020 0 3018 3018 0 3151 3151 0 3152 3152 0 3020 3020 0 3151 3151 0 3022 3022 0 3020 3020 0 3152 3152 0 3153 3153 0 3022 3022 0 3152 3152 0 3024 3024 0 3022 3022 0 3153 3153 0 3154 3154 0 3024 3024 0 3153 3153 0 3026 3026 0 3024 3024 0 3154 3154 0 3155 3155 0 3026 3026 0 3154 3154 0 3028 3028 0 3026 3026 0 3155 3155 0 3156 3156 0 3028 3028 0 3155 3155 0 3030 3030 0 3028 3028 0 3156 3156 0 3157 3157 0 3030 3030 0 3156 3156 0 3013 3013 0 3030 3030 0 3157 3157 0 3060 3060 0 3158 3158 0 3061 3061 0 3060 3060 0 3062 3062 0 3159 3159 0 3158 3158 0 3060 3060 0 3159 3159 0 3062 3062 0 3063 3063 0 3159 3159 0 3072 3072 0 3160 3160 0 3073 3073 0 3072 3072 0 3061 3061 0 3158 3158 0 3072 3072 0 3158 3158 0 3160 3160 0 3160 3160 0 3158 3158 0 3161 3161 0 3159 3159 0 3162 3162 0 3158 3158 0 3162 3162 0 3161 3161 0 3158 3158 0 3063 3063 0 3074 3074 0 3163 3163 0 3063 3063 0 3163 3163 0 3159 3159 0 3159 3159 0 3163 3163 0 3162 3162 0 3074 3074 0 3075 3075 0 3163 3163 0 3083 3083 0 3164 3164 0 3084 3084 0 3083 3083 0 3073 3073 0 3160 3160 0 3083 3083 0 3160 3160 0 3164 3164 0 3164 3164 0 3160 3160 0 3165 3165 0 3161 3161 0 3166 3166 0 3160 3160 0 3166 3166 0 3165 3165 0 3160 3160 0 3162 3162 0 3167 3167 0 3161 3161 0 3167 3167 0 3166 3166 0 3161 3161 0 3163 3163 0 3168 3168 0 3162 3162 0 3168 3168 0 3167 3167 0 3162 3162 0 3075 3075 0 3085 3085 0 3169 3169 0 3075 3075 0 3169 3169 0 3163 3163 0 3163 3163 0 3169 3169 0 3168 3168 0 3085 3085 0 3086 3086 0 3169 3169 0 3164 3164 0 3170 3170 0 3093 3093 0 3084 3084 0 3164 3164 0 3093 3093 0 3165 3165 0 3171 3171 0 3164 3164 0 3171 3171 0 3170 3170 0 3164 3164 0 3166 3166 0 3172 3172 0 3165 3165 0 3172 3172 0 3171 3171 0 3165 3165 0 3167 3167 0 3173 3173 0 3166 3166 0 3173 3173 0 3172 3172 0 3166 3166 0 3168 3168 0 3174 3174 0 3167 3167 0 3174 3174 0 3173 3173 0 3167 3167 0 3169 3169 0 3175 3175 0 3168 3168 0 3175 3175 0 3174 3174 0 3168 3168 0 3086 3086 0 3094 3094 0 3175 3175 0 3169 3169 0 3086 3086 0 3175 3175 0 3170 3170 0 3176 3176 0 3101 3101 0 3093 3093 0 3170 3170 0 3101 3101 0 3171 3171 0 3177 3177 0 3170 3170 0 3177 3177 0 3176 3176 0 3170 3170 0 3172 3172 0 3178 3178 0 3171 3171 0 3178 3178 0 3177 3177 0 3171 3171 0 3173 3173 0 3179 3179 0 3172 3172 0 3179 3179 0 3178 3178 0 3172 3172 0 3174 3174 0 3180 3180 0 3173 3173 0 3180 3180 0 3179 3179 0 3173 3173 0 3175 3175 0 3181 3181 0 3174 3174 0 3181 3181 0 3180 3180 0 3174 3174 0 3094 3094 0 3102 3102 0 3181 3181 0 3175 3175 0 3094 3094 0 3181 3181 0 3176 3176 0 3182 3182 0 3109 3109 0 3101 3101 0 3176 3176 0 3109 3109 0 3177 3177 0 3183 3183 0 3176 3176 0 3183 3183 0 3182 3182 0 3176 3176 0 3178 3178 0 3184 3184 0 3177 3177 0 3184 3184 0 3183 3183 0 3177 3177 0 3179 3179 0 3185 3185 0 3178 3178 0 3185 3185 0 3184 3184 0 3178 3178 0 3180 3180 0 3186 3186 0 3179 3179 0 3186 3186 0 3185 3185 0 3179 3179 0 3181 3181 0 3187 3187 0 3180 3180 0 3187 3187 0 3186 3186 0 3180 3180 0 3102 3102 0 3110 3110 0 3187 3187 0 3181 3181 0 3102 3102 0 3187 3187 0 3109 3109 0 3182 3182 0 3117 3117 0 3119 3119 0 3117 3117 0 3182 3182 0 3119 3119 0 3182 3182 0 3188 3188 0 3188 3188 0 3182 3182 0 3183 3183 0 3184 3184 0 3189 3189 0 3183 3183 0 3189 3189 0 3188 3188 0 3183 3183 0 3185 3185 0 3190 3190 0 3184 3184 0 3190 3190 0 3189 3189 0 3184 3184 0 3186 3186 0 3191 3191 0 3185 3185 0 3191 3191 0 3190 3190 0 3185 3185 0 3120 3120 0 3121 3121 0 3191 3191 0 3120 3120 0 3191 3191 0 3187 3187 0 3187 3187 0 3191 3191 0 3186 3186 0 3110 3110 0 3120 3120 0 3187 3187 0 3119 3119 0 3188 3188 0 3129 3129 0 3131 3131 0 3129 3129 0 3188 3188 0 3189 3189 0 3131 3131 0 3188 3188 0 3133 3133 0 3131 3131 0 3189 3189 0 3190 3190 0 3133 3133 0 3189 3189 0 3135 3135 0 3133 3133 0 3190 3190 0 3191 3191 0 3135 3135 0 3190 3190 0 3121 3121 0 3135 3135 0 3191 3191 0 3192 3192 0 3193 3192 0 3194 3192 0</p>
        </polylist>
      </mesh>
    </geometry>

    <geometry id="floor-mesh" name="floor">
      <mesh>
        <source id="floor-mesh-positions">
          <float_array id="floor-mesh-positions-array" count="12">4 0 -4 4 0 4 -4 0 4 -4 0 -4</float_array>
          <technique_common>
            <accessor source="#floor-mesh-positions-array" count="4" stride="3">
              <param name="X" type="float"/>
              <param name="Y" type="float"/>
              <param name="Z" type="float"/>
            </accessor>
          </technique_common>
        </source>
        <source id="floor-mesh-normals">
          <float_array id="floor-mesh-normals-array" count="6">0 1 0 0 1 0</float_array>
          <technique_common>
            <accessor source="#floor-mesh-normals-array" count="2" stride="3">
              <param name="X" type="float"/>
              <param name="Y" type="float"/>
              <param name="Z" type="float"/>
            </accessor>
          </technique_common>
        </source>
        <source id="floor-mesh-map-0">
          <float_array id="floor-mesh-map-0-array" count="12">0 1 0 1 0 1 0 1 0 1 0 1</float_array>
          <technique_common>
            <accessor source="#floor-mesh-map-0-array" count="6" stride="2">
              <param name="S" type="float"/>
              <param name="T" type="float"/>
            </accessor>
          </technique_common>
        </source>
        <vertices id="floor-mesh-vertices">
          <input semantic="POSITION" source="#floor-mesh-positions"/>
        </vertices>
        <polylist material="floor-material" count="2">
          <input semantic="VERTEX" source="#floor-mesh-vertices" offset="0"/>
          <input semantic="NORMAL" source="#floor-mesh-normals" offset="1"/>
          <input semantic="TEXCOORD" source="#floor-mesh-map-0" offset="2" set="0"/>
          <vcount>3 3 </vcount>
          <p>0 0 0 1 0 1 2 0 2 3 1 3 0 1 4 2 1 5</p>
        </polylist>
      </mesh>
    </geometry>
  </library_geometries>

  <library_visual_scenes>
    <visual_scene id="Scene" name="Scene">
      <node id="Camera" name="Camera" type="NODE">
        <matrix sid="transform">1 0 0 0 0 1 0 1 0 0 1 2.732 0 0 0 1</matrix>
        <instance_camera url="#Camera-camera"/>
      </node>

      <node id="Area" name="Area" type="NODE">
        <matrix sid="transform">0.3 0 0 2 0 0.3 0 3 0 0 0.3 2 0 0 0 1</matrix>
        <instance_light url="#Area-light"/>
      </node>

      <node id="Slime" name="Slime" type="NODE">
        <matrix sid="transform">1 0 0 0 0 1 0 0 0 0 1 0 0 0 0 1</matrix>
        <instance_geometry url="#Slime-data">
          <bind_material>
            <technique_common>
              <instance_material symbol="slime-material" target="#slime-material"/>
            </technique_common>
          </bind_material>
        </instance_geometry>
      </node>
    </visual_scene>
  </library_visual_scenes>

  <scene>
    <instance_visual_scene url="#Scene"/>
  </scene>
</COLLADA>
