<?xml version="1.0" encoding="utf-8"?>
<COLLADA xmlns="http://www.collada.org/2005/11/COLLADASchema" version="1.4.1">
  <asset>
    <contributor><author>Slimelight</author></contributor>
    <created>2026-04-20T00:00:00</created>
    <modified>2026-04-20T00:00:00</modified>
    <unit name="meter" meter="1"/>
    <up_axis>Y_UP</up_axis>
  </asset>

  <library_lights>
    <light id="Area-light" name="Light">
      <technique_common>
        <point>
          <color sid="color">0 0 0</color>
          <constant_attenuation>1</constant_attenuation>
          <linear_attenuation>0</linear_attenuation>
          <quadratic_attenuation>0.001599967</quadratic_attenuation>
        </point>
      </technique_common>
      <extra>
        <technique profile="CGL">
          <area>
            <color sid="color">0 0 0</color>
          </area>
        </technique>
      </extra>
    </light>
  </library_lights>

  <library_cameras>
    <camera id="Camera-camera" name="Camera">
      <optics>
        <technique_common>
          <perspective>
            <xfov sid="xfov">42.0</xfov>
            <aspect_ratio>1.333333</aspect_ratio>
            <znear sid="znear">0.1</znear>
            <zfar sid="zfar">100</zfar>
          </perspective>
        </technique_common>
      </optics>
    </camera>
  </library_cameras>

  <library_images/>

  <library_effects>
    <effect id="slime-effect">
      <profile_COMMON>
        <technique sid="common">
          <phong>
            <emission><color sid="emission">0 0 0 1</color></emission>
            <ambient><color sid="ambient">0 0 0 1</color></ambient>
            <diffuse><color sid="diffuse">0.5 0.3 0.7 1</color></diffuse>
            <specular><color sid="specular">0.5 0.5 0.5 1</color></specular>
            <shininess><float sid="shininess">50</float></shininess>
            <index_of_refraction><float sid="ior">1.4</float></index_of_refraction>
          </phong>
        </technique>
      </profile_COMMON>
      <extra>
        <technique profile="CGL">
          <glass>
            <reflectance>1 1 1</reflectance>
            <transmittance>1 1 1</transmittance>
            <roughness>0</roughness>
            <ior>1.2</ior>
            <dispersion>0.005</dispersion>
            <sigma_a>0.5 0.05 0.5</sigma_a>
            <sigma_s>0.05 0.05 0.05</sigma_s>
            <phase_g>0.0</phase_g>
          </glass>
        </technique>
      </extra>
    </effect>

    <effect id="floor-effect">
      <profile_COMMON>
        <technique sid="common">
          <phong>
            <emission><color sid="emission">0 0 0 1</color></emission>
            <ambient><color sid="ambient">0 0 0 1</color></ambient>
            <diffuse><color sid="diffuse">0.7 0.7 0.7 1</color></diffuse>
            <specular><color sid="specular">0 0 0 1</color></specular>
            <shininess><float sid="shininess">1</float></shininess>
            <index_of_refraction><float sid="ior">1</float></index_of_refraction>
          </phong>
        </technique>
      </profile_COMMON>
    </effect>
  </library_effects>

  <library_materials>
    <material id="slime-material" name="slime">
      <instance_effect url="#slime-effect"/>
    </material>
    <material id="floor-material" name="floor">
      <instance_effect url="#floor-effect"/>
    </material>
  </library_materials>

  <library_geometries>
    <geometry id="Slime-data" name="Slime">
      <mesh>
        <source id="Slime-positions">
          <float_array id="Slime-positions-array" count="17199">-1.264246 0.157662 1.700274 -1.301487 0.156242 1.677960 -1.252558 0.137796 1.675877 -1.215529 0.159721 1.710122 -1.178371 0.134945 1.691359 -1.144233 0.158508 1.718080 -1.104816 0.133901 1.700071 -1.069953 0.160297 1.724595 -1.028528 0.134202 1.705942 -0.990023 0.163353 1.730038 -0.949836 0.134686 1.710327 -0.907642 0.164621 1.734988 -0.870631 0.134532 1.713772 -0.827255 0.163870 1.739218 -0.792233 0.134037 1.716412 -0.749145 0.163425 1.742409 -0.714726 0.133742 1.718355 -0.672181 0.163484 1.744812 -0.637805 0.133762 1.719767 -0.595937 0.163954 1.746632 -0.561219 0.134051 1.720741 -0.520125 0.164754 1.747828 -0.484687 0.134503 1.721278 -0.444139 0.165757 1.748231 -0.407902 0.134936 1.721395 -0.367351 0.166557 1.747932 -0.330704 0.135140 1.721225 -0.289708 0.166716 1.747334 -0.253173 0.135024 1.720953 -0.211631 0.166261 1.746788 -0.175511 0.134695 1.720700 -0.133527 0.165581 1.746404 -0.097882 0.134339 1.720508 -0.055590 0.164995 1.746163 -0.020355 0.134082 1.720378 0.022145 0.164618 1.746028 0.057065 0.133957 1.720301 0.099713 0.164429 1.745952 0.134407 0.133926 1.720264 0.177179 0.164330 1.745892 0.211704 0.133914 1.720252 0.254603 0.164189 1.745824 0.288980 0.133835 1.720248 0.332011 0.163877 1.745744 0.366242 0.133616 1.720236 0.409390 0.163301 1.745649 0.443474 0.133215 1.720195 0.486702 0.162424 1.745523 0.520648 0.132627 1.720103 0.563885 0.161255 1.745339 0.597712 0.131862 1.719929 0.640855 0.159817 1.745047 0.674577 0.130930 1.719618 0.717474 0.158114 1.744552 0.751100 0.129836 1.719058 0.793499 0.156136 1.743662 0.827056 0.128625 1.718066 0.868387 0.153893 1.742069 0.902180 0.127467 1.716399 0.940807 0.151623 1.739405 0.976928 0.126820 1.713798 1.013810 0.151471 1.734942 1.052139 0.126512 1.710323 1.090260 0.150599 1.729487 1.126499 0.125723 1.706440 1.164100 0.146640 1.724533 1.196350 0.124931 1.702312 1.228693 0.142715 1.719676 1.257568 0.125817 1.697561 1.275452 0.139879 1.713752 1.308719 0.130894 1.692207 1.311101 0.146250 1.710173 1.350324 0.140695 1.685705 1.341061 0.152982 1.702076 -1.343663 0.154544 1.653222 -1.379635 0.153390 1.622168 -1.322996 0.132140 1.628648 -1.259099 0.116441 1.633529 -1.201969 0.114598 1.649886 -1.131928 0.112391 1.660236 -1.057767 0.111097 1.666714 -0.981240 0.110462 1.670989 -0.903521 0.109981 1.673975 -0.825619 0.109446 1.676125 -0.748031 0.108978 1.677669 -0.670807 0.108710 1.678762 -0.593830 0.108655 1.679519 -0.516956 0.108753 1.679999 -0.440033 0.108906 1.680233 -0.362947 0.109005 1.680270 -0.285681 0.108978 1.680187 -0.208300 0.108833 1.680060 -0.130894 0.108646 1.679935 -0.053524 0.108494 1.679833 0.023791 0.108420 1.679762 0.101056 0.108419 1.679724 0.178287 0.108458 1.679717 0.255500 0.108486 1.679729 0.332703 0.108457 1.679747 0.409894 0.108338 1.679749 0.487060 0.108119 1.679718 0.564176 0.107802 1.679633 0.641195 0.107395 1.679464 0.718044 0.106904 1.679152 0.794621 0.106359 1.678596 0.870838 0.105847 1.677654 0.946759 0.105545 1.676176 1.022544 0.105567 1.674102 1.097773 0.105872 1.671511 1.170878 0.106725 1.668449 1.239529 0.109128 1.664701 1.301729 0.114651 1.659888 1.356490 0.124628 1.653523 1.375767 0.153956 1.679650 1.404248 0.140022 1.644976 1.417882 0.158873 1.647435 -1.421057 0.153248 1.590354 -1.456356 0.153051 1.554804 -1.399684 0.129739 1.564987 -1.336034 0.111482 1.571441 -1.281502 0.105462 1.588935 -1.218567 0.099168 1.599651 -1.151148 0.095842 1.608910 -1.078735 0.093645 1.615269 -1.003552 0.092232 1.619385 -0.926895 0.091283 1.622057 -0.849611 0.090555 1.623837 -0.772223 0.089966 1.625048 -0.694946 0.089533 1.625876 -0.617807 0.089267 1.626440 -0.540751 0.089139 1.626812 -0.463709 0.089094 1.627035 -0.386618 0.089071 1.627135 -0.309448 0.089024 1.627147 -0.232210 0.088939 1.627106 -0.154941 0.088838 1.627042 -0.077675 0.088757 1.626976 -0.000433 0.088721 1.626921 0.076784 0.088738 1.626886 0.153981 0.088793 1.626873 0.231164 0.088863 1.626880 0.308341 0.088923 1.626897 0.385512 0.088953 1.626913 0.462673 0.088944 1.626912 0.539814 0.088898 1.626880 0.616913 0.088818 1.626801 0.693937 0.088706 1.626647 0.770837 0.088576 1.626366 0.847573 0.088471 1.625882 0.924141 0.088483 1.625102 1.000551 0.088738 1.623956 1.076618 0.089388 1.622410 1.151663 0.090748 1.620412 1.224445 0.093527 1.617766 1.293421 0.098870 1.614077 1.357037 0.107995 1.608819 1.413666 0.121521 1.601552 1.444011 0.148270 1.623905 1.460904 0.138130 1.592306 1.466581 0.148938 1.604034 -1.497529 0.153549 1.519238 -1.531918 0.153561 1.481568 -1.476126 0.129347 1.493700 -1.413341 0.109987 1.501195 -1.359350 0.102530 1.520510 -1.297773 0.094037 1.532233 -1.233332 0.088188 1.542169 -1.164839 0.083964 1.549503 -1.092962 0.081214 1.554902 -1.018485 0.079376 1.558535 -0.942454 0.078115 1.560860 -0.865626 0.077205 1.562333 -0.788479 0.076514 1.563276 -0.711269 0.075986 1.563890 -0.634093 0.075602 1.564295 -0.556960 0.075339 1.564561 -0.479848 0.075165 1.564731 -0.402729 0.075042 1.564827 -0.325582 0.074944 1.564869 -0.248403 0.074856 1.564870 -0.171204 0.074780 1.564847 -0.093998 0.074729 1.564813 -0.016800 0.074714 1.564778 0.060388 0.074740 1.564751 0.137565 0.074801 1.564736 0.214734 0.074887 1.564735 0.291899 0.074985 1.564745 0.369062 0.075086 1.564758 0.446220 0.075187 1.564766 0.523372 0.075290 1.564759 0.600507 0.075397 1.564729 0.677612 0.075508 1.564662 0.754666 0.075626 1.564535 0.831648 0.075766 1.564309 0.908546 0.075977 1.563934 0.985349 0.076352 1.563356 1.061970 0.077052 1.562526 1.138109 0.078377 1.561369 1.213132 0.080890 1.559716 1.286048 0.085503 1.557222 1.355534 0.093344 1.553355 1.419826 0.105355 1.547542 1.475921 0.121615 1.539763 1.492075 0.153362 1.574542 1.514342 0.139870 1.533267 1.531648 0.156818 1.526904 -1.571640 0.154133 1.444346 -1.603363 0.154069 1.405893 -1.549900 0.129769 1.419314 -1.489270 0.109958 1.427086 -1.436342 0.101888 1.447202 -1.375475 0.092496 1.459723 -1.311841 0.085452 1.470405 -1.244722 0.079801 1.478263 -1.174804 0.075689 1.484157 -1.102361 0.072801 1.488392 -1.027931 0.070823 1.491306 -0.952136 0.069444 1.493196 -0.875548 0.068450 1.494372 -0.798572 0.067701 1.495093 -0.721445 0.067125 1.495540 -0.644284 0.066681 1.495821 -0.567131 0.066345 1.496001 -0.489988 0.066092 1.496116 -0.412847 0.065900 1.496187 -0.335699 0.065752 1.496226 -0.258540 0.065637 1.496241 -0.181370 0.065554 1.496238 -0.104195 0.065505 1.496225 -0.027020 0.065494 1.496207 0.050151 0.065521 1.496190 0.127317 0.065583 1.496178 0.204480 0.065675 1.496174 0.281640 0.065790 1.496177 0.358799 0.065926 1.496184 0.435956 0.066082 1.496191 0.513111 0.066261 1.496193 0.590261 0.066468 1.496184 0.667400 0.066703 1.496159 0.744519 0.066961 1.496107 0.821610 0.067245 1.496012 0.898663 0.067573 1.495850 0.975669 0.068002 1.495587 1.052587 0.068652 1.495188 1.129281 0.069761 1.494595 1.205433 0.071773 1.493689 1.280453 0.075420 1.492217 1.353411 0.081710 1.489727 1.422999 0.091735 1.485536 1.487676 0.106392 1.478748 1.547000 0.126811 1.468245 1.561806 0.147605 1.482290 -1.639118 0.154357 1.367898 -1.664531 0.153681 1.329063 -1.616731 0.130575 1.345368 -1.561525 0.110786 1.352240 -1.511245 0.102294 1.372049 -1.451893 0.092408 1.384655 -1.389093 0.084798 1.395657 -1.322573 0.078471 1.403880 -1.253345 0.073583 1.410094 -1.181834 0.069907 1.414596 -1.108475 0.067251 1.417788 -1.033658 0.065368 1.419969 -0.957790 0.064026 1.421392 -0.881257 0.063042 1.422277 -0.804356 0.062293 1.422808 -0.727283 0.061705 1.423124 -0.650146 0.061237 1.423313 -0.572994 0.060863 1.423429 -0.495841 0.060566 1.423502 -0.418690 0.060330 1.423547 -0.341538 0.060143 1.423575 -0.264383 0.059999 1.423589 -0.187223 0.059896 1.423593 -0.110060 0.059834 1.423590 -0.032897 0.059814 1.423582 0.044265 0.059835 1.423574 0.121426 0.059894 1.423566 0.198585 0.059989 1.423562 0.275743 0.060115 1.423561 0.352901 0.060270 1.423564 0.430058 0.060456 1.423568 0.507214 0.060675 1.423571 0.584368 0.060933 1.423570 0.661520 0.061231 1.423562 0.738664 0.061566 1.423544 0.815798 0.061933 1.423508 0.892917 0.062333 1.423445 0.970013 0.062792 1.423338 1.047068 0.063384 1.423169 1.124013 0.064280 1.422906 1.200678 0.065810 1.422484 1.276702 0.068549 1.421759 1.351430 0.073346 1.420439 1.423831 0.081241 1.417999 1.492577 0.093180 1.413531 1.556586 0.109625 1.405315 1.595860 0.141286 1.435521 1.616333 0.129608 1.388904 1.634782 0.148288 1.394403 -1.691405 0.151509 1.287391 -1.701961 0.143915 1.247260 -1.666941 0.131475 1.279697 -1.625709 0.113140 1.280475 -1.581415 0.103917 1.297732 -1.525676 0.093360 1.309240 -1.464833 0.085173 1.319828 -1.399348 0.078367 1.327991 -1.330691 0.073045 1.334303 -1.259599 0.068936 1.338944 -1.186687 0.065854 1.342266 -1.112383 0.063586 1.344571 -1.037031 0.061936 1.346121 -0.960925 0.060728 1.347126 -0.884319 0.059818 1.347749 -0.807418 0.059108 1.348120 -0.730363 0.058535 1.348334 -0.653240 0.058064 1.348458 -0.576093 0.057674 1.348530 -0.498939 0.057352 1.348573 -0.421785 0.057088 1.348600 -0.344630 0.056873 1.348616 -0.267474 0.056704 1.348626 -0.190317 0.056579 1.348630 -0.113159 0.056499 1.348630 -0.036001 0.056464 1.348628 0.041158 0.056475 1.348625 0.118316 0.056528 1.348621 0.195474 0.056623 1.348618 0.272631 0.056755 1.348617 0.349788 0.056925 1.348617 0.426944 0.057130 1.348619 0.504101 0.057374 1.348621 0.581257 0.057659 1.348621 0.658412 0.057989 1.348620 0.735565 0.058364 1.348614 0.812714 0.058776 1.348603 0.889858 0.059221 1.348580 0.966991 0.059705 1.348543 1.044101 0.060268 1.348482 1.121147 0.061019 1.348388 1.198020 0.062198 1.348240 1.274469 0.064243 1.347987 1.349988 0.067855 1.347509 1.423688 0.073964 1.346552 1.494228 0.083525 1.344627 1.559950 0.097081 1.340807 1.619309 0.114115 1.333370 1.662145 0.142303 1.356649 1.671402 0.132482 1.319938 1.692364 0.147194 1.323647 1.704363 0.143176 1.295681 1.711674 0.153650 1.295211 -1.709465 0.138271 1.200459 -1.684560 0.124096 1.215727 -1.643828 0.109239 1.227420 -1.594327 0.096550 1.235679 -1.537552 0.086968 1.244583 -1.474439 0.079254 1.251941 -1.407042 0.073347 1.257923 -1.336589 0.068850 1.262474 -1.264021 0.065479 1.265808 -1.189963 0.062971 1.268156 -1.114850 0.061114 1.269755 -1.038986 0.059734 1.270809 -0.962600 0.058692 1.271482 -0.885867 0.057881 1.271895 -0.808921 0.057227 1.272139 -0.731858 0.056683 1.272277 -0.654737 0.056222 1.272355 -0.577592 0.055828 1.272398 -0.500439 0.055493 1.272422 -0.423284 0.055209 1.272437 -0.346128 0.054974 1.272446 -0.268972 0.054784 1.272451 -0.191816 0.054640 1.272454 -0.114659 0.054542 1.272455 -0.037502 0.054491 1.272455 0.039655 0.054488 1.272454 0.116812 0.054532 1.272452 0.193969 0.054623 1.272451 0.271126 0.054759 1.272450 0.348283 0.054939 1.272450 0.425439 0.055160 1.272450 0.502596 0.055422 1.272451 0.579752 0.055726 1.272452 0.656908 0.056075 1.272451 0.734064 0.056469 1.272450 0.811218 0.056904 1.272447 0.888370 0.057374 1.272440 0.965516 0.057880 1.272429 1.042646 0.058438 1.272414 1.119728 0.059117 1.272396 1.196678 0.060086 1.272385 1.273292 0.061683 1.272392 1.349133 0.064485 1.272431 1.423385 0.069319 1.272489 1.494694 0.077136 1.272489 1.561112 0.088664 1.272226 1.620174 0.103844 1.271333 1.668906 0.121219 1.269492 1.702474 0.137279 1.267244 1.716122 0.149068 1.270331 -1.718879 0.143744 1.152423 -1.694820 0.122239 1.156513 -1.655740 0.105632 1.164281 -1.605080 0.092310 1.171064 -1.546312 0.082226 1.176817 -1.481580 0.074871 1.181855 -1.412593 0.069533 1.185926 -1.340763 0.065691 1.189053 -1.267059 0.062913 1.191332 -1.192128 0.060887 1.192921 -1.116388 0.059384 1.193985 -1.040112 0.058245 1.194673 -0.963479 0.057357 1.195103 -0.886616 0.056639 1.195363 -0.809612 0.056041 1.195514 -0.732527 0.055528 1.195599 -0.655401 0.055081 1.195645 -0.578256 0.054690 1.195670 -0.501103 0.054349 1.195683 -0.423948 0.054054 1.195691 -0.346791 0.053805 1.195696 -0.269635 0.053600 1.195698 -0.192479 0.053439 1.195700 -0.115322 0.053325 1.195701 -0.038166 0.053258 1.195701 0.038991 0.053241 1.195700 0.116148 0.053273 1.195700 0.193304 0.053356 1.195699 0.270461 0.053489 1.195699 0.347617 0.053672 1.195699 0.424774 0.053904 1.195699 0.501930 0.054181 1.195699 0.579087 0.054502 1.195699 0.656243 0.054866 1.195699 0.733399 0.055272 1.195699 0.810555 0.055719 1.195698 0.887709 0.056202 1.195697 0.964860 0.056721 1.195696 1.041996 0.057285 1.195697 1.119091 0.057939 1.195710 1.196069 0.058806 1.195759 1.272746 0.060153 1.195894 1.348721 0.062467 1.196211 1.423217 0.066495 1.196859 1.494897 0.073180 1.198048 1.561723 0.083403 1.200040 1.620946 0.097532 1.203188 1.669243 0.114881 1.208123 1.702871 0.133408 1.216283 1.718443 0.150402 1.231317 -1.726756 0.149377 1.085407 -1.702494 0.123926 1.092468 -1.663548 0.104368 1.097711 -1.612574 0.089756 1.102509 -1.552707 0.079168 1.106510 -1.486674 0.071791 1.109794 -1.416493 0.066772 1.112440 -1.343629 0.063365 1.114469 -1.269092 0.061019 1.115947 -1.193529 0.059352 1.116972 -1.117337 0.058119 1.117651 -1.040758 0.057164 1.118081 -0.963939 0.056394 1.118345 -0.886971 0.055749 1.118501 -0.809915 0.055195 1.118590 -0.732807 0.054708 1.118640 -0.655672 0.054276 1.118666 -0.578524 0.053892 1.118680 -0.501371 0.053552 1.118687 -0.424215 0.053255 1.118690 -0.347059 0.052999 1.118692 -0.269903 0.052785 1.118694 -0.192746 0.052614 1.118695 -0.115590 0.052487 1.118695 -0.038433 0.052407 1.118695 0.038723 0.052375 1.118695 0.115880 0.052392 1.118695 0.193036 0.052460 1.118695 0.270193 0.052583 1.118694 0.347349 0.052760 1.118695 0.424506 0.052993 1.118695 0.501662 0.053277 1.118695 0.578819 0.053611 1.118695 0.655975 0.053990 1.118695 0.733131 0.054409 1.118695 0.810287 0.054866 1.118695 0.887442 0.055357 1.118695 0.964594 0.055882 1.118696 1.041733 0.056452 1.118703 1.118833 0.057101 1.118728 1.195823 0.057928 1.118801 1.272529 0.059156 1.118994 1.348571 0.061211 1.119448 1.423205 0.064782 1.120407 1.495127 0.070797 1.122245 1.562304 0.080244 1.125482 1.621933 0.093802 1.130801 1.670609 0.111359 1.139177 1.704732 0.131610 1.152197 1.721245 0.152156 1.172305 -1.733290 0.152072 1.012208 -1.708366 0.125923 1.021892 -1.668998 0.104552 1.027399 -1.617592 0.088573 1.031127 -1.557059 0.077317 1.033945 -1.490169 0.069753 1.036111 -1.419136 0.064842 1.037776 -1.345537 0.061687 1.039031 -1.270413 0.059619 1.039941 -1.194412 0.058197 1.040568 -1.117912 0.057148 1.040980 -1.041129 0.056320 1.041239 -0.964181 0.055630 1.041394 -0.887140 0.055034 1.041484 -0.810044 0.054509 1.041534 -0.732917 0.054042 1.041561 -0.655774 0.053624 1.041575 -0.578624 0.053251 1.041582 -0.501470 0.052920 1.041586 -0.424314 0.052628 1.041588 -0.347158 0.052374 1.041589 -0.270001 0.052160 1.041589 -0.192845 0.051985 1.041590 -0.115688 0.051853 1.041590 -0.038532 0.051763 1.041590 0.038625 0.051718 1.041590 0.115781 0.051719 1.041590 0.192938 0.051769 1.041590 0.270094 0.051872 1.041590 0.347251 0.052032 1.041590 0.424407 0.052251 1.041590 0.501564 0.052530 1.041590 0.578720 0.052867 1.041590 0.655876 0.053255 1.041590 0.733033 0.053687 1.041590 0.810189 0.054157 1.041590 0.887344 0.054657 1.041591 0.964496 0.055189 1.041593 1.041636 0.055761 1.041602 1.118738 0.056410 1.041630 1.195734 0.057225 1.041713 1.272459 0.058405 1.041933 1.348546 0.060340 1.042454 1.423282 0.063680 1.043573 1.495403 0.069338 1.045760 1.562929 0.078355 1.049664 1.623098 0.091598 1.056098 1.672520 0.109359 1.066032 1.707585 0.130984 1.080823 1.725122 0.154429 1.102930 -1.738130 0.153983 0.939772 -1.712796 0.127403 0.948506 -1.672905 0.105110 0.954114 -1.620991 0.088162 0.957506 -1.559927 0.076271 0.959679 -1.492462 0.068441 0.961164 -1.420860 0.063515 0.962217 -1.346763 0.060479 0.962972 -1.271246 0.058574 0.963506 -1.194955 0.057302 0.963871 -1.118254 0.056370 0.964109 -1.041338 0.055621 0.964257 -0.964310 0.054980 0.964344 -0.887221 0.054412 0.964394 -0.810099 0.053905 0.964421 -0.732959 0.053452 0.964435 -0.655811 0.053049 0.964442 -0.578658 0.052691 0.964446 -0.501503 0.052374 0.964448 -0.424347 0.052097 0.964449 -0.347190 0.051856 0.964449 -0.270034 0.051651 0.964449 -0.192877 0.051482 0.964449 -0.115721 0.051350 0.964450 -0.038565 0.051257 0.964450 0.038592 0.051203 0.964450 0.115748 0.051189 0.964449 0.192905 0.051219 0.964449 0.270061 0.051297 0.964450 0.347218 0.051429 0.964450 0.424374 0.051620 0.964450 0.501531 0.051877 0.964450 0.578687 0.052199 0.964450 0.655844 0.052584 0.964450 0.733000 0.053023 0.964450 0.810156 0.053505 0.964450 0.887311 0.054020 0.964450 0.964463 0.054562 0.964453 1.041603 0.055140 0.964462 1.118707 0.055789 0.964492 1.195707 0.056599 0.964580 1.272444 0.057763 0.964811 1.348564 0.059653 0.965367 1.423379 0.062897 0.966577 1.495670 0.068393 0.968968 1.563522 0.077206 0.973280 1.624257 0.090285 0.980400 1.674581 0.108100 0.991224 1.710967 0.130411 1.006522 1.730141 0.156444 1.027345 -1.741487 0.157615 0.866499 -1.715994 0.129011 0.874145 -1.675700 0.105743 0.879267 -1.623328 0.088073 0.882386 -1.561818 0.075675 0.884220 -1.493931 0.067581 0.885324 -1.421947 0.062585 0.886020 -1.347525 0.059590 0.886477 -1.271754 0.057770 0.886783 -1.195278 0.056585 0.886986 -1.118452 0.055721 0.887116 -1.041456 0.055018 0.887196 -0.964378 0.054405 0.887243 -0.887260 0.053854 0.887269 -0.810123 0.053358 0.887284 -0.732975 0.052917 0.887291 -0.655823 0.052528 0.887294 -0.578669 0.052188 0.887296 -0.501513 0.051893 0.887297 -0.424357 0.051637 0.887297 -0.347200 0.051417 0.887297 -0.270044 0.051230 0.887297 -0.192887 0.051076 0.887298 -0.115731 0.050954 0.887298 -0.038575 0.050864 0.887298 0.038582 0.050807 0.887298 0.115738 0.050783 0.887297 0.192895 0.050794 0.887297 0.270051 0.050845 0.887298 0.347208 0.050943 0.887298 0.424364 0.051097 0.887298 0.501521 0.051314 0.887298 0.578677 0.051603 0.887298 0.655833 0.051966 0.887298 0.732990 0.052397 0.887298 0.810146 0.052884 0.887298 0.887301 0.053412 0.887298 0.964453 0.053969 0.887301 1.041593 0.054559 0.887310 1.118698 0.055213 0.887341 1.195701 0.056022 0.887430 1.272445 0.057180 0.887668 1.348588 0.059058 0.888244 1.423461 0.062276 0.889508 1.495883 0.067730 0.892031 1.564002 0.076496 0.896628 1.625228 0.089559 0.904288 1.676389 0.107412 0.915989 1.714135 0.129740 0.932310 1.735512 0.155710 0.952619 -1.744446 0.160596 0.790075 -1.718352 0.130796 0.798613 -1.677681 0.106481 0.803553 -1.624941 0.088131 0.806417 -1.563076 0.075305 0.808023 -1.494874 0.066979 0.808908 -1.422622 0.061897 0.809405 -1.347987 0.058904 0.809695 -1.272054 0.057124 0.809871 -1.195465 0.055986 0.809982 -1.118563 0.055161 0.810050 -1.041520 0.054486 0.810091 -0.964413 0.053889 0.810115 -0.887279 0.053350 0.810129 -0.810133 0.052864 0.810136 -0.732982 0.052435 0.810139 -0.655827 0.052062 0.810141 -0.578672 0.051744 0.810142 -0.501516 0.051473 0.810142 -0.424359 0.051244 0.810142 -0.347203 0.051051 0.810142 -0.270047 0.050889 0.810142 -0.192890 0.050757 0.810142 -0.115734 0.050650 0.810142 -0.038577 0.050571 0.810142 0.038579 0.050516 0.810142 0.115736 0.050488 0.810142 0.192892 0.050486 0.810142 0.270049 0.050514 0.810142 0.347205 0.050578 0.810142 0.424361 0.050689 0.810142 0.501518 0.050858 0.810142 0.578674 0.051098 0.810142 0.655831 0.051419 0.810142 0.732987 0.051821 0.810142 0.810143 0.052297 0.810142 0.887299 0.052830 0.810143 0.964450 0.053402 0.810146 1.041591 0.054009 0.810155 1.118695 0.054676 0.810186 1.195700 0.055490 0.810276 1.272449 0.056647 0.810518 1.348607 0.058524 0.811104 1.423517 0.061746 0.812399 1.496030 0.067220 0.815004 1.564340 0.076042 0.819795 1.625931 0.089233 0.827869 1.677721 0.107315 0.840387 1.716486 0.129865 0.858282 1.739543 0.155107 0.881687 -1.747134 0.162740 0.713017 -1.720253 0.132276 0.722067 -1.679118 0.107214 0.727183 -1.626054 0.088269 0.729950 -1.563917 0.075061 0.731407 -1.495483 0.066525 0.732157 -1.423043 0.061354 0.732540 -1.348265 0.058344 0.732738 -1.272230 0.056582 0.732846 -1.195571 0.055469 0.732906 -1.118624 0.054667 0.732941 -1.041553 0.054009 0.732962 -0.964431 0.053427 0.732973 -0.887289 0.052898 0.732980 -0.810138 0.052425 0.732983 -0.732984 0.052010 0.732985 -0.655829 0.051657 0.732985 -0.578673 0.051362 0.732986 -0.501517 0.051118 0.732986 -0.424360 0.050918 0.732986 -0.347204 0.050755 0.732986 -0.270047 0.050622 0.732986 -0.192891 0.050514 0.732986 -0.115734 0.050428 0.732986 -0.038578 0.050362 0.732986 0.038579 0.050315 0.732986 0.115735 0.050287 0.732986 0.192891 0.050278 0.732986 0.270048 0.050290 0.732986 0.347204 0.050327 0.732986 0.424361 0.050399 0.732986 0.501517 0.050519 0.732986 0.578674 0.050703 0.732986 0.655830 0.050967 0.732986 0.732986 0.051321 0.732986 0.810143 0.051764 0.732986 0.887298 0.052285 0.732987 0.964450 0.052865 0.732990 1.041590 0.053489 0.732999 1.118695 0.054174 0.733030 1.195700 0.055001 0.733120 1.272452 0.056165 0.733363 1.348618 0.058045 0.733955 1.423552 0.061280 0.735265 1.496122 0.066794 0.737915 1.564556 0.075718 0.742815 1.626386 0.089124 0.751141 1.678589 0.107606 0.764195 1.717989 0.130824 0.783222 1.741861 0.157235 0.809298 -1.749574 0.164295 0.636291 -1.721876 0.133369 0.645229 -1.680224 0.107805 0.650405 -1.626839 0.088415 0.653165 -1.564482 0.074889 0.654552 -1.495879 0.066164 0.655221 -1.423308 0.060905 0.655536 -1.348434 0.057869 0.655684 -1.272332 0.056110 0.655755 -1.195630 0.055011 0.655790 -1.118657 0.054225 0.655809 -1.041571 0.053581 0.655819 -0.964441 0.053012 0.655824 -0.887293 0.052498 0.655827 -0.810140 0.052042 0.655828 -0.732985 0.051647 0.655829 -0.655829 0.051316 0.655830 -0.578673 0.051046 0.655830 -0.501517 0.050831 0.655830 -0.424360 0.050660 0.655830 -0.347204 0.050526 0.655830 -0.270047 0.050420 0.655830 -0.192891 0.050336 0.655830 -0.115734 0.050270 0.655830 -0.038578 0.050220 0.655830 0.038578 0.050184 0.655830 0.115735 0.050161 0.655830 0.192891 0.050149 0.655830 0.270048 0.050151 0.655830 0.347204 0.050170 0.655830 0.424361 0.050213 0.655830 0.501517 0.050291 0.655830 0.578673 0.050421 0.655830 0.655830 0.050624 0.655830 0.732986 0.050917 0.655830 0.810142 0.051311 0.655830 0.887298 0.051801 0.655831 0.964450 0.052371 0.655833 1.041590 0.053004 0.655843 1.118695 0.053710 0.655874 1.195700 0.054556 0.655964 1.272453 0.055734 0.656208 1.348623 0.057622 0.656801 1.423570 0.060870 0.658118 1.496175 0.066424 0.660785 1.564686 0.075451 0.665731 1.626665 0.089085 0.674162 1.679122 0.108010 0.687449 1.718897 0.131997 0.706947 1.743244 0.159632 0.733833 -1.751766 0.165572 0.559952 -1.723325 0.134175 0.568437 -1.681144 0.108231 0.573481 -1.627430 0.088521 0.576204 -1.564872 0.074751 0.577556 -1.496138 0.065870 0.578183 -1.423476 0.060528 0.578460 -1.348538 0.057459 0.578580 -1.272393 0.055695 0.578631 -1.195664 0.054602 0.578653 -1.118675 0.053826 0.578663 -1.041580 0.053195 0.578668 -0.964445 0.052642 0.578671 -0.887295 0.052147 0.578672 -0.810141 0.051713 0.578673 -0.732986 0.051343 0.578673 -0.655829 0.051038 0.578673 -0.578673 0.050795 0.578673 -0.501517 0.050607 0.578673 -0.424360 0.050464 0.578673 -0.347204 0.050356 0.578673 -0.270047 0.050274 0.578673 -0.192891 0.050212 0.578673 -0.115735 0.050165 0.578673 -0.038578 0.050129 0.578673 0.038578 0.050103 0.578673 0.115735 0.050086 0.578673 0.192891 0.050076 0.578673 0.270048 0.050074 0.578673 0.347204 0.050082 0.578673 0.424361 0.050104 0.578673 0.501517 0.050151 0.578673 0.578673 0.050238 0.578673 0.655830 0.050386 0.578673 0.732986 0.050617 0.578673 0.810142 0.050951 0.578673 0.887298 0.051394 0.578674 0.964450 0.051937 0.578677 1.041590 0.052566 0.578686 1.118695 0.053284 0.578717 1.195700 0.054152 0.578808 1.272452 0.055350 0.579052 1.348625 0.057255 0.579646 1.423578 0.060517 0.580965 1.496204 0.066100 0.583637 1.564764 0.075204 0.588591 1.626842 0.089026 0.597034 1.679463 0.108349 0.610342 1.719456 0.133067 0.629889 1.744047 0.161863 0.656881 -1.753757 0.166665 0.483516 -1.724682 0.134785 0.491689 -1.681983 0.108528 0.496529 -1.627926 0.088580 0.499169 -1.565166 0.074631 0.500486 -1.496316 0.065628 0.501089 -1.423584 0.060213 0.501346 -1.348602 0.057108 0.501449 -1.272429 0.055332 0.501490 -1.195683 0.054239 0.501506 -1.118685 0.053470 0.501512 -1.041585 0.052852 0.501515 -0.964447 0.052315 0.501516 -0.887297 0.051842 0.501516 -0.810142 0.051434 0.501517 -0.732986 0.051091 0.501517 -0.655829 0.050815 0.501517 -0.578673 0.050600 0.501517 -0.501517 0.050439 0.501517 -0.424360 0.050320 0.501517 -0.347204 0.050235 0.501517 -0.270047 0.050173 0.501517 -0.192891 0.050129 0.501517 -0.115735 0.050096 0.501517 -0.038578 0.050072 0.501517 0.038578 0.050055 0.501517 0.115735 0.050044 0.501517 0.192891 0.050036 0.501517 0.270048 0.050034 0.501517 0.347204 0.050036 0.501517 0.424360 0.050048 0.501517 0.501517 0.050075 0.501517 0.578673 0.050131 0.501517 0.655830 0.050236 0.501517 0.732986 0.050412 0.501517 0.810142 0.050686 0.501517 0.887298 0.051074 0.501518 0.964449 0.051576 0.501520 1.041590 0.052186 0.501530 1.118694 0.052905 0.501561 1.195699 0.053790 0.501652 1.272451 0.055012 0.501896 1.348623 0.056938 0.502491 1.423580 0.060218 0.503811 1.496216 0.065822 0.506485 1.564809 0.074973 0.511436 1.626964 0.088917 0.519856 1.679722 0.108525 0.533082 1.719896 0.133840 0.552427 1.744617 0.163719 0.579067 -1.755814 0.167053 0.406964 -1.726032 0.135145 0.414949 -1.682809 0.108712 0.419586 -1.628396 0.088603 0.422113 -1.565421 0.074527 0.423382 -1.496453 0.065432 0.423965 -1.423659 0.059956 0.424210 -1.348643 0.056816 0.424306 -1.272452 0.055022 0.424341 -1.195695 0.053924 0.424353 -1.118691 0.053158 0.424358 -1.041588 0.052549 0.424359 -0.964448 0.052030 0.424360 -0.887297 0.051580 0.424360 -0.810142 0.051199 0.424360 -0.732986 0.050886 0.424360 -0.655830 0.050639 0.424360 -0.578673 0.050453 0.424360 -0.501517 0.050316 0.424360 -0.424360 0.050219 0.424360 -0.347204 0.050153 0.424360 -0.270047 0.050107 0.424360 -0.192891 0.050076 0.424360 -0.115735 0.050054 0.424360 -0.038578 0.050039 0.424360 0.038578 0.050028 0.424360 0.115735 0.050021 0.424360 0.192891 0.050016 0.424360 0.270048 0.050014 0.424360 0.347204 0.050015 0.424360 0.424360 0.050021 0.424360 0.501517 0.050038 0.424360 0.578673 0.050074 0.424360 0.655830 0.050148 0.424360 0.732986 0.050283 0.424360 0.810142 0.050505 0.424361 0.887298 0.050838 0.424361 0.964449 0.051293 0.424364 1.041590 0.051871 0.424373 1.118694 0.052580 0.424404 1.195698 0.053473 0.424495 1.272450 0.054714 0.424740 1.348620 0.056664 0.425335 1.423575 0.059966 0.426658 1.496215 0.065588 0.429335 1.564828 0.074763 0.434288 1.627044 0.088765 0.442695 1.679940 0.108526 0.455842 1.720352 0.134206 0.474922 1.745326 0.164900 0.500908 -1.757836 0.166849 0.331206 -1.727375 0.135233 0.338407 -1.683642 0.108788 0.342707 -1.628871 0.088597 0.345072 -1.565672 0.074441 0.346271 -1.496579 0.065281 0.346829 -1.423720 0.059758 0.347065 -1.348673 0.056584 0.347156 -1.272466 0.054769 0.347188 -1.195702 0.053660 0.347199 -1.118694 0.052893 0.347202 -1.041589 0.052291 0.347203 -0.964449 0.051786 0.347204 -0.887297 0.051358 0.347204 -0.810142 0.051003 0.347204 -0.732986 0.050720 0.347204 -0.655829 0.050502 0.347204 -0.578673 0.050342 0.347204 -0.501517 0.050228 0.347204 -0.424360 0.050150 0.347204 -0.347204 0.050099 0.347204 -0.270047 0.050065 0.347204 -0.192891 0.050044 0.347204 -0.115735 0.050029 0.347204 -0.038578 0.050020 0.347204 0.038578 0.050014 0.347204 0.115735 0.050009 0.347204 0.192891 0.050007 0.347204 0.270048 0.050006 0.347204 0.347204 0.050006 0.347204 0.424360 0.050010 0.347204 0.501517 0.050021 0.347204 0.578673 0.050047 0.347204 0.655830 0.050102 0.347204 0.732986 0.050208 0.347204 0.810142 0.050390 0.347204 0.887298 0.050676 0.347205 0.964449 0.051085 0.347207 1.041590 0.051626 0.347217 1.118694 0.052314 0.347248 1.195697 0.053205 0.347339 1.272448 0.054459 0.347583 1.348616 0.056430 0.348180 1.423567 0.059754 0.349504 1.496203 0.065394 0.352186 1.564823 0.074582 0.357149 1.627076 0.088600 0.365567 1.680090 0.108408 0.378700 1.720785 0.134218 0.397645 1.746285 0.165246 0.423099 -1.759279 0.167177 0.256166 -1.728537 0.135325 0.262203 -1.684424 0.108827 0.265961 -1.629340 0.088584 0.268081 -1.565926 0.074377 0.269175 -1.496704 0.065174 0.269693 -1.423779 0.059616 0.269915 -1.348698 0.056413 0.270002 -1.272477 0.054576 0.270033 -1.195707 0.053451 0.270043 -1.118696 0.052677 0.270046 -1.041590 0.052078 0.270047 -0.964449 0.051584 0.270047 -0.887297 0.051174 0.270047 -0.810142 0.050844 0.270047 -0.732986 0.050587 0.270047 -0.655829 0.050395 0.270047 -0.578673 0.050258 0.270047 -0.501517 0.050165 0.270047 -0.424360 0.050103 0.270047 -0.347204 0.050064 0.270047 -0.270047 0.050039 0.270047 -0.192891 0.050024 0.270047 -0.115735 0.050015 0.270047 -0.038578 0.050010 0.270047 0.038578 0.050006 0.270047 0.115735 0.050004 0.270047 0.192891 0.050002 0.270047 0.270048 0.050002 0.270047 0.347204 0.050003 0.270047 0.424361 0.050006 0.270047 0.501517 0.050015 0.270047 0.578673 0.050036 0.270047 0.655830 0.050080 0.270047 0.732986 0.050168 0.270047 0.810142 0.050323 0.270048 0.887298 0.050573 0.270048 0.964449 0.050941 0.270051 1.041590 0.051446 0.270060 1.118693 0.052109 0.270091 1.195696 0.052989 0.270182 1.272445 0.054248 0.270427 1.348610 0.056235 0.271024 1.423555 0.059578 0.272350 1.496184 0.065234 0.275036 1.564798 0.074430 0.280011 1.627062 0.088447 0.288454 1.680144 0.108249 0.301629 1.721053 0.134061 0.320616 1.747118 0.165081 0.346002 -1.760094 0.168109 0.180572 -1.729351 0.135677 0.186053 -1.685057 0.108944 0.189312 -1.629756 0.088603 0.191147 -1.566167 0.074345 0.192105 -1.496828 0.065109 0.192565 -1.423837 0.059526 0.192768 -1.348723 0.056301 0.192849 -1.272487 0.054442 0.192878 -1.195711 0.053301 0.192887 -1.118698 0.052515 0.192890 -1.041591 0.051911 0.192891 -0.964450 0.051424 0.192891 -0.887297 0.051028 0.192891 -0.810142 0.050717 0.192891 -0.732986 0.050483 0.192891 -0.655829 0.050313 0.192891 -0.578673 0.050197 0.192891 -0.501517 0.050120 0.192891 -0.424360 0.050071 0.192891 -0.347204 0.050041 0.192891 -0.270047 0.050024 0.192891 -0.192891 0.050014 0.192891 -0.115735 0.050008 0.192891 -0.038578 0.050005 0.192891 0.038578 0.050002 0.192891 0.115735 0.050001 0.192891 0.192891 0.050001 0.192891 0.270048 0.050001 0.192891 0.347204 0.050002 0.192891 0.424360 0.050005 0.192891 0.501517 0.050014 0.192891 0.578673 0.050033 0.192891 0.655830 0.050073 0.192891 0.732986 0.050150 0.192891 0.810142 0.050289 0.192891 0.887298 0.050514 0.192892 0.964449 0.050852 0.192894 1.041589 0.051326 0.192904 1.118693 0.051964 0.192935 1.195695 0.052831 0.193026 1.272442 0.054089 0.193271 1.348603 0.056084 0.193867 1.423542 0.059442 0.195194 1.496160 0.065109 0.197883 1.564761 0.074308 0.202865 1.627016 0.088315 0.211328 1.680115 0.108094 0.224554 1.721117 0.133881 0.243651 1.747475 0.164865 0.269270 -1.760535 0.169002 0.104077 -1.729822 0.136195 0.109593 -1.685481 0.109177 0.112618 -1.630071 0.088685 0.114230 -1.566367 0.074355 0.115053 -1.496940 0.065085 0.115448 -1.423892 0.059481 0.115624 -1.348748 0.056241 0.115696 -1.272497 0.054365 0.115722 -1.195714 0.053207 0.115731 -1.118699 0.052406 0.115734 -1.041591 0.051794 0.115734 -0.964450 0.051305 0.115735 -0.887298 0.050917 0.115735 -0.810142 0.050620 0.115735 -0.732986 0.050403 0.115735 -0.655830 0.050252 0.115735 -0.578673 0.050152 0.115735 -0.501517 0.050088 0.115735 -0.424360 0.050050 0.115735 -0.347204 0.050027 0.115735 -0.270047 0.050015 0.115735 -0.192891 0.050007 0.115735 -0.115735 0.050004 0.115735 -0.038578 0.050002 0.115735 0.038578 0.050000 0.115735 0.115735 0.050000 0.115735 0.192891 0.050000 0.115735 0.270048 0.050000 0.115735 0.347204 0.050002 0.115735 0.424360 0.050006 0.115735 0.501517 0.050016 0.115735 0.578673 0.050035 0.115735 0.655830 0.050075 0.115735 0.732986 0.050149 0.115735 0.810142 0.050279 0.115735 0.887298 0.050490 0.115735 0.964449 0.050809 0.115738 1.041589 0.051260 0.115747 1.118692 0.051877 0.115778 1.195693 0.052730 0.115869 1.272438 0.053984 0.116114 1.348595 0.055984 0.116711 1.423525 0.059350 0.118038 1.496131 0.065023 0.120728 1.564715 0.074218 0.125712 1.626953 0.088206 0.134183 1.680044 0.107952 0.147431 1.721068 0.133704 0.166593 1.747501 0.164689 0.192388 -1.760635 0.169690 0.027176 -1.730000 0.136694 0.032798 -1.685692 0.109469 0.035776 -1.630262 0.088826 0.037275 -1.566506 0.074411 0.038000 -1.497026 0.065100 0.038336 -1.423938 0.059478 0.038483 -1.348770 0.056226 0.038544 -1.272506 0.054338 0.038567 -1.195718 0.053166 0.038575 -1.118700 0.052350 0.038577 -1.041592 0.051725 0.038578 -0.964450 0.051229 0.038578 -0.887298 0.050841 0.038578 -0.810142 0.050551 0.038578 -0.732986 0.050345 0.038578 -0.655829 0.050207 0.038578 -0.578673 0.050119 0.038578 -0.501517 0.050066 0.038578 -0.424360 0.050035 0.038578 -0.347204 0.050018 0.038578 -0.270047 0.050009 0.038578 -0.192891 0.050004 0.038578 -0.115735 0.050002 0.038578 -0.038578 0.050000 0.038578 0.038578 0.050000 0.038578 0.115735 0.050000 0.038578 0.192891 0.050000 0.038578 0.270048 0.050001 0.038578 0.347204 0.050004 0.038578 0.424360 0.050009 0.038578 0.501517 0.050020 0.038578 0.578673 0.050042 0.038578 0.655830 0.050084 0.038578 0.732986 0.050160 0.038578 0.810142 0.050289 0.038578 0.887298 0.050495 0.038579 0.964449 0.050803 0.038582 1.041589 0.051241 0.038591 1.118692 0.051843 0.038622 1.195692 0.052685 0.038713 1.272435 0.053934 0.038958 1.348587 0.055936 0.039555 1.423508 0.059306 0.040882 1.496099 0.064981 0.043572 1.564662 0.074164 0.048557 1.626878 0.088122 0.057026 1.679956 0.107820 0.070269 1.720990 0.133512 0.089425 1.747468 0.164461 0.115227 -1.760347 0.170218 -0.049797 -1.729891 0.137116 -0.044173 -1.685700 0.109759 -0.041201 -1.630322 0.089000 -0.039746 -1.566574 0.074505 -0.039075 -1.497078 0.065152 -0.038781 -1.423970 0.059510 -0.038657 -1.348786 0.056250 -0.038607 -1.272514 0.054356 -0.038588 -1.195721 0.053175 -0.038581 -1.118701 0.052345 -0.038579 -1.041592 0.051705 -0.038579 -0.964450 0.051195 -0.038578 -0.887298 0.050799 -0.038578 -0.810142 0.050509 -0.038578 -0.732986 0.050307 -0.038578 -0.655829 0.050177 -0.038578 -0.578673 0.050097 -0.038578 -0.501517 0.050051 -0.038578 -0.424360 0.050026 -0.038578 -0.347204 0.050012 -0.038578 -0.270047 0.050006 -0.038578 -0.192891 0.050002 -0.038578 -0.115735 0.050000 -0.038578 -0.038578 0.050000 -0.038578 0.038578 0.050000 -0.038578 0.115735 0.050000 -0.038578 0.192891 0.050001 -0.038578 0.270048 0.050002 -0.038578 0.347204 0.050006 -0.038578 0.424361 0.050013 -0.038578 0.501517 0.050027 -0.038578 0.578673 0.050053 -0.038578 0.655830 0.050101 -0.038578 0.732986 0.050183 -0.038578 0.810142 0.050317 -0.038578 0.887298 0.050526 -0.038577 0.964449 0.050833 -0.038575 1.041589 0.051264 -0.038565 1.118692 0.051858 -0.038535 1.195692 0.052693 -0.038444 1.272432 0.053938 -0.038199 1.348580 0.055941 -0.037601 1.423492 0.059313 -0.036273 1.496065 0.064985 -0.033581 1.564603 0.074151 -0.028594 1.626791 0.088068 -0.020126 1.679851 0.107696 -0.006895 1.720897 0.133296 0.012218 1.747444 0.164152 0.037923 -1.759626 0.170700 -0.126718 -1.729477 0.137492 -0.121200 -1.685504 0.110039 -0.118257 -1.630255 0.089192 -0.116823 -1.566568 0.074632 -0.116178 -1.497092 0.065238 -0.115907 -1.423985 0.059576 -0.115799 -1.348796 0.056309 -0.115758 -1.272519 0.054414 -0.115742 -1.195723 0.053227 -0.115737 -1.118702 0.052388 -0.115735 -1.041592 0.051732 -0.115735 -0.964450 0.051205 -0.115735 -0.887298 0.050794 -0.115735 -0.810142 0.050493 -0.115735 -0.732986 0.050288 -0.115735 -0.655829 0.050159 -0.115735 -0.578673 0.050083 -0.115735 -0.501517 0.050041 -0.115735 -0.424360 0.050019 -0.115735 -0.347204 0.050009 -0.115735 -0.270047 0.050003 -0.115735 -0.192891 0.050001 -0.115735 -0.115735 0.050000 -0.115735 -0.038578 0.050000 -0.115735 0.038578 0.050000 -0.115735 0.115735 0.050000 -0.115735 0.192891 0.050002 -0.115735 0.270048 0.050005 -0.115735 0.347204 0.050011 -0.115735 0.424360 0.050021 -0.115735 0.501517 0.050039 -0.115735 0.578673 0.050071 -0.115735 0.655830 0.050127 -0.115735 0.732986 0.050219 -0.115735 0.810142 0.050364 -0.115735 0.887298 0.050582 -0.115734 0.964449 0.050895 -0.115731 1.041589 0.051328 -0.115722 1.118691 0.051920 -0.115691 1.195691 0.052751 -0.115600 1.272430 0.053993 -0.115355 1.348574 0.055995 -0.114758 1.423478 0.059367 -0.113428 1.496034 0.065032 -0.110733 1.564543 0.074177 -0.105739 1.626694 0.088044 -0.097260 1.679723 0.107585 -0.084023 1.720774 0.133059 -0.064938 1.747391 0.163767 -0.039350 -1.758435 0.171238 -0.203653 -1.728744 0.137869 -0.198266 -1.685100 0.110324 -0.195359 -1.630060 0.089408 -0.193938 -1.566488 0.074794 -0.193304 -1.497067 0.065361 -0.193044 -1.423981 0.059679 -0.192945 -1.348798 0.056406 -0.192910 -1.272521 0.054510 -0.192897 -1.195725 0.053323 -0.192893 -1.118703 0.052476 -0.192892 -1.041592 0.051806 -0.192891 -0.964450 0.051259 -0.192891 -0.887298 0.050826 -0.192891 -0.810142 0.050506 -0.192891 -0.732986 0.050289 -0.192891 -0.655830 0.050154 -0.192891 -0.578673 0.050077 -0.192891 -0.501517 0.050036 -0.192891 -0.424360 0.050016 -0.192891 -0.347204 0.050006 -0.192891 -0.270047 0.050002 -0.192891 -0.192891 0.050000 -0.192891 -0.115735 0.050000 -0.192891 -0.038578 0.050000 -0.192891 0.038578 0.050001 -0.192891 0.115735 0.050002 -0.192891 0.192891 0.050005 -0.192891 0.270048 0.050009 -0.192891 0.347204 0.050017 -0.192891 0.424360 0.050032 -0.192891 0.501517 0.050057 -0.192891 0.578673 0.050098 -0.192891 0.655830 0.050165 -0.192891 0.732986 0.050270 -0.192891 0.810142 0.050430 -0.192891 0.887298 0.050663 -0.192890 0.964449 0.050989 -0.192888 1.041589 0.051432 -0.192878 1.118691 0.052028 -0.192848 1.195690 0.052858 -0.192757 1.272428 0.054097 -0.192513 1.348569 0.056096 -0.191915 1.423466 0.059463 -0.190585 1.496006 0.065117 -0.187885 1.564486 0.074237 -0.182879 1.626592 0.088050 -0.174375 1.679571 0.107493 -0.161100 1.720602 0.132812 -0.141977 1.747282 0.163308 -0.116424 -1.756743 0.171784 -0.280912 -1.727696 0.138235 -0.275470 -1.684498 0.110617 -0.272526 -1.629743 0.089652 -0.271087 -1.566338 0.074995 -0.270449 -1.497004 0.065528 -0.270191 -1.423958 0.059824 -0.270096 -1.348792 0.056541 -0.270063 -1.272520 0.054645 -0.270052 -1.195725 0.053459 -0.270049 -1.118703 0.052609 -0.270048 -1.041592 0.051926 -0.270048 -0.964450 0.051356 -0.270048 -0.887298 0.050896 -0.270048 -0.810142 0.050551 -0.270048 -0.732986 0.050312 -0.270048 -0.655829 0.050164 -0.270048 -0.578673 0.050079 -0.270048 -0.501517 0.050035 -0.270048 -0.424360 0.050015 -0.270048 -0.347204 0.050006 -0.270048 -0.270047 0.050002 -0.270048 -0.192891 0.050001 -0.270048 -0.115735 0.050000 -0.270048 -0.038578 0.050001 -0.270048 0.038578 0.050003 -0.270048 0.115735 0.050005 -0.270048 0.192891 0.050009 -0.270048 0.270048 0.050016 -0.270048 0.347204 0.050028 -0.270048 0.424360 0.050048 -0.270048 0.501517 0.050082 -0.270048 0.578673 0.050135 -0.270048 0.655830 0.050217 -0.270048 0.732986 0.050341 -0.270048 0.810142 0.050521 -0.270047 0.887298 0.050775 -0.270047 0.964449 0.051119 -0.270044 1.041588 0.051576 -0.270035 1.118690 0.052180 -0.270005 1.195688 0.053013 -0.269914 1.272424 0.054249 -0.269671 1.348562 0.056241 -0.269074 1.423453 0.059598 -0.267744 1.495980 0.065236 -0.265042 1.564432 0.074324 -0.260024 1.626488 0.088080 -0.251486 1.679396 0.107421 -0.238140 1.720362 0.132575 -0.218898 1.747059 0.162820 -0.193203 -1.754604 0.171795 -0.358898 -1.726376 0.138424 -0.352968 -1.683728 0.110866 -0.349815 -1.629324 0.089911 -0.348286 -1.566127 0.075236 -0.347615 -1.496908 0.065744 -0.347347 -1.423919 0.060018 -0.347250 -1.348778 0.056722 -0.347218 -1.272516 0.054823 -0.347208 -1.195724 0.053639 -0.347205 -1.118703 0.052787 -0.347204 -1.041592 0.052094 -0.347204 -0.964450 0.051502 -0.347204 -0.887298 0.051011 -0.347204 -0.810142 0.050632 -0.347204 -0.732986 0.050363 -0.347204 -0.655829 0.050191 -0.347204 -0.578673 0.050093 -0.347204 -0.501517 0.050041 -0.347204 -0.424360 0.050017 -0.347204 -0.347204 0.050007 -0.347204 -0.270047 0.050003 -0.347204 -0.192891 0.050002 -0.347204 -0.115735 0.050003 -0.347204 -0.038578 0.050004 -0.347204 0.038578 0.050006 -0.347204 0.115735 0.050011 -0.347204 0.192891 0.050017 -0.347204 0.270048 0.050028 -0.347204 0.347204 0.050046 -0.347204 0.424361 0.050074 -0.347204 0.501517 0.050119 -0.347204 0.578673 0.050188 -0.347204 0.655830 0.050290 -0.347204 0.732986 0.050437 -0.347204 0.810142 0.050642 -0.347204 0.887297 0.050921 -0.347203 0.964449 0.051287 -0.347201 1.041587 0.051762 -0.347192 1.118687 0.052378 -0.347161 1.195683 0.053215 -0.347072 1.272416 0.054450 -0.346830 1.348548 0.056432 -0.346237 1.423430 0.059773 -0.344911 1.495944 0.065387 -0.342210 1.564372 0.074436 -0.337184 1.626380 0.088129 -0.328615 1.679203 0.107368 -0.315187 1.720049 0.132363 -0.295774 1.746649 0.162367 -0.269774 -1.752091 0.170822 -0.437530 -1.724852 0.138215 -0.430818 -1.682840 0.110977 -0.427269 -1.628834 0.090147 -0.425557 -1.565875 0.075507 -0.424809 -1.496788 0.066008 -0.424514 -1.423867 0.060264 -0.424408 -1.348757 0.056954 -0.424374 -1.272509 0.055049 -0.424364 -1.195721 0.053865 -0.424361 -1.118702 0.053013 -0.424361 -1.041592 0.052312 -0.424361 -0.964450 0.051701 -0.424360 -0.887298 0.051177 -0.424360 -0.810142 0.050757 -0.424360 -0.732986 0.050449 -0.424360 -0.655829 0.050244 -0.424360 -0.578673 0.050122 -0.424360 -0.501517 0.050057 -0.424360 -0.424360 0.050025 -0.424360 -0.347204 0.050012 -0.424360 -0.270047 0.050007 -0.424360 -0.192891 0.050006 -0.424360 -0.115735 0.050007 -0.424360 -0.038578 0.050010 -0.424360 0.038578 0.050015 -0.424360 0.115735 0.050021 -0.424360 0.192891 0.050032 -0.424360 0.270048 0.050048 -0.424360 0.347204 0.050073 -0.424360 0.424360 0.050113 -0.424360 0.501517 0.050172 -0.424360 0.578673 0.050261 -0.424360 0.655830 0.050387 -0.424360 0.732986 0.050562 -0.424360 0.810142 0.050797 -0.424360 0.887297 0.051105 -0.424360 0.964448 0.051498 -0.424357 1.041585 0.051994 -0.424348 1.118683 0.052624 -0.424318 1.195674 0.053468 -0.424230 1.272400 0.054700 -0.423992 1.348521 0.056672 -0.423405 1.423388 0.059993 -0.422089 1.495881 0.065577 -0.419400 1.564280 0.074581 -0.414378 1.626241 0.088204 -0.405790 1.678978 0.107336 -0.392293 1.719676 0.132174 -0.372711 1.746057 0.161965 -0.346364 -1.749294 0.169264 -0.516376 -1.723197 0.137595 -0.508892 -1.681885 0.110896 -0.504863 -1.628307 0.090325 -0.502900 -1.565600 0.075788 -0.502035 -1.496653 0.066315 -0.501693 -1.423806 0.060565 -0.501571 -1.348732 0.057242 -0.501532 -1.272499 0.055327 -0.501521 -1.195718 0.054140 -0.501518 -1.118701 0.053290 -0.501517 -1.041592 0.052584 -0.501517 -0.964450 0.051957 -0.501517 -0.887298 0.051403 -0.501517 -0.810142 0.050939 -0.501517 -0.732986 0.050583 -0.501517 -0.655830 0.050335 -0.501517 -0.578673 0.050179 -0.501517 -0.501517 0.050090 -0.501517 -0.424360 0.050045 -0.501517 -0.347204 0.050024 -0.501517 -0.270047 0.050016 -0.501517 -0.192891 0.050015 -0.501517 -0.115735 0.050017 -0.501517 -0.038578 0.050022 -0.501517 0.038578 0.050030 -0.501517 0.115735 0.050041 -0.501517 0.192891 0.050058 -0.501517 0.270048 0.050083 -0.501517 0.347204 0.050118 -0.501517 0.424360 0.050171 -0.501517 0.501517 0.050249 -0.501517 0.578673 0.050360 -0.501517 0.655830 0.050515 -0.501517 0.732986 0.050721 -0.501517 0.810142 0.050990 -0.501517 0.887296 0.051331 -0.501516 0.964446 0.051754 -0.501513 1.041581 0.052274 -0.501503 1.118675 0.052920 -0.501473 1.195659 0.053772 -0.501386 1.272371 0.055003 -0.501152 1.348472 0.056964 -0.500577 1.423309 0.060264 -0.499282 1.495766 0.065813 -0.496622 1.564119 0.074768 -0.491630 1.626023 0.088317 -0.483052 1.678675 0.107336 -0.469514 1.719226 0.132011 -0.449797 1.745350 0.161589 -0.423158 -1.746566 0.167552 -0.595264 -1.721507 0.136774 -0.587011 -1.680902 0.110676 -0.582516 -1.627765 0.090443 -0.580286 -1.565317 0.076068 -0.579287 -1.496514 0.066655 -0.578884 -1.423742 0.060914 -0.578738 -1.348705 0.057582 -0.578691 -1.272488 0.055657 -0.578678 -1.195714 0.054467 -0.578675 -1.118700 0.053618 -0.578674 -1.041592 0.052912 -0.578673 -0.964450 0.052275 -0.578673 -0.887298 0.051695 -0.578673 -0.810142 0.051191 -0.578673 -0.732986 0.050783 -0.578673 -0.655829 0.050481 -0.578673 -0.578673 0.050279 -0.578673 -0.501517 0.050155 -0.578673 -0.424360 0.050087 -0.578673 -0.347204 0.050053 -0.578673 -0.270047 0.050038 -0.578673 -0.192891 0.050035 -0.578673 -0.115735 0.050037 -0.578673 -0.038578 0.050046 -0.578673 0.038578 0.050058 -0.578673 0.115735 0.050077 -0.578673 0.192891 0.050103 -0.578673 0.270048 0.050139 -0.578673 0.347204 0.050189 -0.578673 0.424360 0.050259 -0.578673 0.501517 0.050357 -0.578673 0.578673 0.050494 -0.578673 0.655830 0.050679 -0.578673 0.732986 0.050920 -0.578673 0.810141 0.051226 -0.578673 0.887295 0.051603 -0.578671 0.964443 0.052058 -0.578667 1.041574 0.052604 -0.578656 1.118661 0.053269 -0.578624 1.195632 0.054132 -0.578536 1.272322 0.055364 -0.578306 1.348389 0.057315 -0.577745 1.423177 0.060591 -0.576483 1.495567 0.066102 -0.573880 1.563841 0.075005 -0.568964 1.625657 0.088483 -0.560454 1.678208 0.107395 -0.546929 1.718620 0.131903 -0.527121 1.744516 0.161243 -0.500249 -1.744210 0.165877 -0.673951 -1.719875 0.135969 -0.665041 -1.679906 0.110440 -0.660142 -1.627209 0.090551 -0.657674 -1.565029 0.076356 -0.656546 -1.496374 0.067023 -0.656081 -1.423678 0.061306 -0.655909 -1.348677 0.057972 -0.655852 -1.272478 0.056039 -0.655836 -1.195710 0.054843 -0.655831 -1.118699 0.053994 -0.655830 -1.041591 0.053293 -0.655830 -0.964450 0.052653 -0.655830 -0.887298 0.052057 -0.655830 -0.810142 0.051519 -0.655830 -0.732986 0.051062 -0.655830 -0.655830 0.050703 -0.655830 -0.578673 0.050444 -0.655830 -0.501517 0.050273 -0.655830 -0.424360 0.050170 -0.655830 -0.347204 0.050114 -0.655830 -0.270047 0.050086 -0.655830 -0.192891 0.050076 -0.655830 -0.115735 0.050078 -0.655830 -0.038578 0.050089 -0.655830 0.038578 0.050108 -0.655830 0.115735 0.050136 -0.655830 0.192891 0.050175 -0.655830 0.270048 0.050227 -0.655830 0.347204 0.050296 -0.655830 0.424361 0.050388 -0.655830 0.501517 0.050511 -0.655830 0.578673 0.050675 -0.655830 0.655830 0.050891 -0.655830 0.732985 0.051167 -0.655829 0.810140 0.051510 -0.655828 0.887293 0.051923 -0.655826 0.964437 0.052411 -0.655819 1.041562 0.052985 -0.655804 1.118636 0.053673 -0.655766 1.195585 0.054551 -0.655671 1.272239 0.055791 -0.655439 1.348251 0.057735 -0.654889 1.422961 0.060986 -0.653668 1.495248 0.066449 -0.651152 1.563394 0.075287 -0.646380 1.625064 0.088695 -0.638045 1.677463 0.107524 -0.624650 1.717718 0.131891 -0.604827 1.743416 0.160989 -0.577741 -1.742012 0.164589 -0.752071 -1.718243 0.135372 -0.742869 -1.678859 0.110318 -0.737685 -1.626610 0.090721 -0.735031 -1.564717 0.076685 -0.733796 -1.496225 0.067427 -0.733277 -1.423612 0.061739 -0.733080 -1.348650 0.058408 -0.733013 -1.272467 0.056468 -0.732993 -1.195707 0.055266 -0.732988 -1.118698 0.054417 -0.732986 -1.041591 0.053721 -0.732986 -0.964450 0.053086 -0.732986 -0.887298 0.052486 -0.732986 -0.810142 0.051926 -0.732986 -0.732986 0.051430 -0.732986 -0.655830 0.051016 -0.732986 -0.578673 0.050696 -0.732986 -0.501517 0.050468 -0.732986 -0.424360 0.050318 -0.732986 -0.347204 0.050227 -0.732986 -0.270048 0.050179 -0.732986 -0.192891 0.050157 -0.732986 -0.115735 0.050154 -0.732986 -0.038578 0.050167 -0.732986 0.038578 0.050193 -0.732986 0.115735 0.050233 -0.732986 0.192891 0.050287 -0.732986 0.270048 0.050360 -0.732986 0.347204 0.050452 -0.732986 0.424360 0.050570 -0.732986 0.501517 0.050721 -0.732986 0.578673 0.050915 -0.732986 0.655829 0.051162 -0.732986 0.732985 0.051471 -0.732985 0.810139 0.051847 -0.732983 0.887288 0.052294 -0.732979 0.964428 0.052815 -0.732968 1.041542 0.053419 -0.732944 1.118594 0.054135 -0.732893 1.195505 0.055038 -0.732779 1.272099 0.056296 -0.732527 1.348023 0.058245 -0.731970 1.422615 0.061471 -0.730778 1.494749 0.066871 -0.728366 1.562708 0.075606 -0.723805 1.624159 0.088905 -0.715803 1.676324 0.107666 -0.702783 1.716356 0.131980 -0.683156 1.741841 0.160910 -0.655894 -1.739429 0.164024 -0.829803 -1.716377 0.135146 -0.820535 -1.677650 0.110414 -0.815153 -1.625908 0.091023 -0.812350 -1.564349 0.077094 -0.811029 -1.496050 0.067883 -0.810466 -1.423536 0.062213 -0.810249 -1.348619 0.058885 -0.810174 -1.272456 0.056940 -0.810151 -1.195703 0.055733 -0.810144 -1.118697 0.054882 -0.810143 -1.041591 0.054190 -0.810142 -0.964450 0.053564 -0.810142 -0.887298 0.052969 -0.810142 -0.810143 0.052404 -0.810142 -0.732987 0.051883 -0.810142 -0.655830 0.051426 -0.810142 -0.578674 0.051051 -0.810142 -0.501517 0.050763 -0.810142 -0.424361 0.050557 -0.810142 -0.347205 0.050422 -0.810142 -0.270048 0.050341 -0.810142 -0.192892 0.050299 -0.810142 -0.115735 0.050287 -0.810142 -0.038579 0.050298 -0.810142 0.038578 0.050330 -0.810142 0.115734 0.050382 -0.810142 0.192891 0.050455 -0.810142 0.270047 0.050551 -0.810142 0.347203 0.050670 -0.810142 0.424360 0.050819 -0.810142 0.501516 0.051001 -0.810142 0.578673 0.051227 -0.810142 0.655828 0.051503 -0.810142 0.732983 0.051841 -0.810140 0.810135 0.052246 -0.810137 0.887281 0.052722 -0.810129 0.964412 0.053273 -0.810111 1.041507 0.053910 -0.810073 1.118525 0.054662 -0.809995 1.195375 0.055605 -0.809839 1.271870 0.056902 -0.809532 1.347651 0.058877 -0.808923 1.422056 0.062092 -0.807716 1.493967 0.067413 -0.805376 1.561672 0.075985 -0.801050 1.622837 0.089060 -0.793522 1.674675 0.107650 -0.781236 1.714362 0.132016 -0.762385 1.739585 0.161032 -0.735226 -1.735890 0.164216 -0.908374 -1.714007 0.135279 -0.898388 -1.676148 0.110750 -0.892647 -1.625032 0.091496 -0.889659 -1.563885 0.077617 -0.888250 -1.495828 0.068412 -0.887647 -1.423440 0.062735 -0.887414 -1.348583 0.059401 -0.887333 -1.272444 0.057453 -0.887307 -1.195701 0.056241 -0.887300 -1.118697 0.055387 -0.887298 -1.041593 0.054698 -0.887298 -0.964452 0.054080 -0.887298 -0.887300 0.053496 -0.887298 -0.810145 0.052936 -0.887298 -0.732989 0.052408 -0.887298 -0.655832 0.051927 -0.887298 -0.578676 0.051510 -0.887298 -0.501520 0.051169 -0.887298 -0.424363 0.050908 -0.887298 -0.347207 0.050722 -0.887298 -0.270050 0.050601 -0.887298 -0.192894 0.050531 -0.887298 -0.115737 0.050502 -0.887298 -0.038581 0.050507 -0.887298 0.038576 0.050541 -0.887298 0.115732 0.050604 -0.887298 0.192888 0.050695 -0.887298 0.270045 0.050814 -0.887298 0.347201 0.050963 -0.887298 0.424358 0.051144 -0.887297 0.501514 0.051360 -0.887297 0.578670 0.051617 -0.887296 0.655825 0.051923 -0.887295 0.732979 0.052287 -0.887293 0.810128 0.052715 -0.887288 0.887268 0.053215 -0.887275 0.964384 0.053793 -0.887246 1.041452 0.054464 -0.887184 1.118416 0.055263 -0.887062 1.195171 0.056269 -0.886830 1.271511 0.057638 -0.886411 1.347063 0.059679 -0.885665 1.421166 0.062918 -0.884336 1.492733 0.068167 -0.881967 1.560088 0.076516 -0.877802 1.620913 0.089197 -0.870759 1.672389 0.107307 -0.859463 1.711628 0.131434 -0.842222 1.736332 0.161173 -0.816793 -1.731360 0.163154 -0.988821 -1.711057 0.135322 -0.976771 -1.674296 0.111222 -0.970271 -1.623944 0.092134 -0.966984 -1.563298 0.078277 -0.965460 -1.495543 0.069035 -0.964816 -1.423317 0.063318 -0.964570 -1.348538 0.059961 -0.964485 -1.272433 0.058004 -0.964458 -1.195702 0.056789 -0.964451 -1.118703 0.055934 -0.964449 -1.041600 0.055244 -0.964449 -0.964460 0.054631 -0.964449 -0.887308 0.054057 -0.964449 -0.810152 0.053510 -0.964449 -0.732996 0.052988 -0.964450 -0.655840 0.052501 -0.964449 -0.578683 0.052062 -0.964449 -0.501527 0.051685 -0.964450 -0.424371 0.051378 -0.964450 -0.347214 0.051144 -0.964450 -0.270058 0.050980 -0.964450 -0.192901 0.050876 -0.964450 -0.115745 0.050825 -0.964450 -0.038588 0.050818 -0.964449 0.038568 0.050850 -0.964449 0.115725 0.050919 -0.964450 0.192881 0.051025 -0.964449 0.270037 0.051166 -0.964449 0.347194 0.051343 -0.964449 0.424350 0.051555 -0.964448 0.501506 0.051804 -0.964447 0.578662 0.052093 -0.964446 0.655816 0.052427 -0.964444 0.732968 0.052814 -0.964440 0.810112 0.053262 -0.964431 0.887242 0.053780 -0.964410 0.964337 0.054384 -0.964364 1.041363 0.055095 -0.964269 1.118248 0.055957 -0.964081 1.194863 0.057054 -0.963731 1.270974 0.058546 -0.963120 1.346177 0.060715 -0.962103 1.419807 0.064041 -0.960467 1.490815 0.069261 -0.957851 1.557631 0.077376 -0.953644 1.618036 0.089526 -0.946910 1.669205 0.106775 -0.936500 1.708098 0.129848 -0.921183 1.732146 0.159061 -0.899446 -1.726529 0.160654 -1.068673 -1.707780 0.134927 -1.055082 -1.672190 0.111729 -1.047811 -1.622680 0.092944 -1.044228 -1.562603 0.079113 -1.042609 -1.495200 0.069794 -1.041944 -1.423173 0.063992 -1.041698 -1.348493 0.060582 -1.041616 -1.272431 0.058604 -1.041592 -1.195718 0.057384 -1.041587 -1.118725 0.056529 -1.041587 -1.041623 0.055840 -1.041588 -0.964483 0.055229 -1.041589 -0.887331 0.054662 -1.041589 -0.810176 0.054126 -1.041590 -0.733020 0.053616 -1.041590 -0.655864 0.053137 -1.041590 -0.578707 0.052696 -1.041590 -0.501551 0.052302 -1.041590 -0.424394 0.051966 -1.041590 -0.347238 0.051696 -1.041590 -0.270081 0.051493 -1.041590 -0.192925 0.051356 -1.041590 -0.115768 0.051279 -1.041590 -0.038612 0.051256 -1.041590 0.038545 0.051281 -1.041590 0.115701 0.051352 -1.041590 0.192857 0.051466 -1.041589 0.270014 0.051624 -1.041589 0.347170 0.051824 -1.041588 0.424326 0.052064 -1.041586 0.501481 0.052343 -1.041584 0.578636 0.052662 -1.041581 0.655789 0.053023 -1.041576 0.732937 0.053431 -1.041568 0.810075 0.053896 -1.041552 0.887188 0.054433 -1.041519 0.964252 0.055061 -1.041449 1.041215 0.055818 -1.041307 1.117987 0.056762 -1.041029 1.194407 0.057990 -1.040516 1.270199 0.059665 -1.039623 1.344913 0.062052 -1.038170 1.417850 0.065570 -1.035951 1.487979 0.070854 -1.032713 1.553878 0.078781 -1.028077 1.613610 0.090377 -1.021326 1.664535 0.106553 -1.011381 1.703451 0.127922 -0.997372 1.727378 0.154670 -0.978893 -1.722365 0.158569 -1.144760 -1.704642 0.134641 -1.131615 -1.670051 0.112503 -1.124463 -1.621351 0.094097 -1.120999 -1.561860 0.080266 -1.119499 -1.494841 0.070801 -1.118924 -1.423038 0.064842 -1.118733 -1.348475 0.061324 -1.118681 -1.272469 0.059293 -1.118673 -1.195778 0.058059 -1.118676 -1.118792 0.057205 -1.118681 -1.041692 0.056518 -1.118685 -0.964553 0.055908 -1.118689 -0.887400 0.055344 -1.118692 -0.810245 0.054815 -1.118693 -0.733088 0.054318 -1.118694 -0.655932 0.053852 -1.118695 -0.578776 0.053420 -1.118695 -0.501619 0.053027 -1.118695 -0.424462 0.052682 -1.118695 -0.347306 0.052391 -1.118695 -0.270149 0.052162 -1.118695 -0.192993 0.051998 -1.118694 -0.115837 0.051897 -1.118694 -0.038680 0.051856 -1.118694 0.038476 0.051871 -1.118694 0.115633 0.051938 -1.118694 0.192789 0.052056 -1.118693 0.269945 0.052223 -1.118692 0.347100 0.052439 -1.118689 0.424256 0.052700 -1.118685 0.501410 0.053005 -1.118680 0.578563 0.053351 -1.118672 0.655713 0.053737 -1.118662 0.732856 0.054167 -1.118646 0.809982 0.054650 -1.118617 0.887072 0.055204 -1.118564 0.964090 0.055860 -1.118458 1.040965 0.056670 -1.118251 1.117579 0.057712 -1.117856 1.193731 0.059108 -1.117134 1.269096 0.061035 -1.115882 1.343171 0.063747 -1.113834 1.415186 0.067602 -1.110711 1.484082 0.073114 -1.106330 1.548483 0.080953 -1.100533 1.606856 0.092048 -1.093244 1.657323 0.107214 -1.083446 1.696782 0.126718 -1.069699 1.721532 0.150656 -1.052439 -1.719231 0.157532 -1.215338 -1.701977 0.135420 -1.204387 -1.668091 0.114231 -1.198883 -1.620080 0.096078 -1.196505 -1.561154 0.082091 -1.195678 -1.494534 0.072320 -1.195491 -1.422981 0.066068 -1.195509 -1.348557 0.062339 -1.195560 -1.272618 0.060190 -1.195602 -1.195954 0.058908 -1.195631 -1.118977 0.058044 -1.195651 -1.041878 0.057361 -1.195667 -0.964737 0.056755 -1.195679 -0.887583 0.056193 -1.195688 -0.810426 0.055668 -1.195694 -0.733269 0.055178 -1.195697 -0.656112 0.054725 -1.195699 -0.578955 0.054307 -1.195700 -0.501799 0.053926 -1.195700 -0.424642 0.053584 -1.195700 -0.347485 0.053289 -1.195699 -0.270329 0.053047 -1.195699 -0.193172 0.052865 -1.195699 -0.116016 0.052746 -1.195699 -0.038859 0.052689 -1.195698 0.038297 0.052693 -1.195698 0.115453 0.052754 -1.195698 0.192609 0.052870 -1.195696 0.269764 0.053040 -1.195693 0.346919 0.053263 -1.195688 0.424072 0.053539 -1.195679 0.501223 0.053864 -1.195667 0.578372 0.054233 -1.195649 0.655516 0.054644 -1.195625 0.732649 0.055097 -1.195593 0.809758 0.055600 -1.195542 0.886816 0.056174 -1.195454 0.963770 0.056860 -1.195294 1.040526 0.057726 -1.194995 1.116927 0.058878 -1.194447 1.192721 0.060466 -1.193470 1.267527 0.062695 -1.191795 1.340785 0.065832 -1.189058 1.411688 0.070197 -1.184809 1.479041 0.076144 -1.178673 1.541499 0.084210 -1.170875 1.597295 0.094689 -1.161271 1.645918 0.109059 -1.152012 1.686407 0.127149 -1.138463 1.713419 0.147988 -1.119527 -1.716548 0.158592 -1.280003 -1.699732 0.138097 -1.271150 -1.666350 0.117879 -1.269312 -1.618900 0.099716 -1.269536 -1.560532 0.085250 -1.270339 -1.494361 0.074867 -1.271111 -1.423113 0.068069 -1.271653 -1.348871 0.063946 -1.271973 -1.273024 0.061558 -1.272147 -1.196399 0.060157 -1.272244 -1.119432 0.059249 -1.272305 -1.042331 0.058558 -1.272350 -0.965182 0.057957 -1.272385 -0.888022 0.057399 -1.272412 -0.810861 0.056877 -1.272430 -0.733701 0.056393 -1.272442 -0.656543 0.055949 -1.272448 -0.579385 0.055544 -1.272451 -0.502228 0.055177 -1.272452 -0.425071 0.054847 -1.272452 -0.347915 0.054557 -1.272452 -0.270758 0.054313 -1.272451 -0.193601 0.054123 -1.272450 -0.116444 0.053993 -1.272450 -0.039288 0.053925 -1.272449 0.037868 0.053918 -1.272448 0.115024 0.053971 -1.272447 0.192179 0.054082 -1.272445 0.269333 0.054249 -1.272440 0.346485 0.054472 -1.272430 0.423634 0.054753 -1.272413 0.500779 0.055090 -1.272386 0.577919 0.055480 -1.272348 0.655051 0.055916 -1.272298 0.732167 0.056395 -1.272232 0.809249 0.056921 -1.272140 0.886261 0.057518 -1.271996 0.963131 0.058231 -1.271751 1.039734 0.059149 -1.271321 1.115862 0.060403 -1.270569 1.191200 0.062180 -1.269279 1.265293 0.064723 -1.267120 1.337505 0.068322 -1.263638 1.407041 0.073323 -1.258279 1.472822 0.080025 -1.250229 1.532782 0.088399 -1.238857 1.586450 0.099660 -1.227156 1.628806 0.110465 -1.209344 1.668233 0.130690 -1.210110 1.702099 0.147701 -1.178753 -1.711269 0.155182 -1.325990 -1.697602 0.142640 -1.326616 -1.664754 0.124604 -1.333486 -1.617642 0.106080 -1.338520 -1.559914 0.090688 -1.342277 -1.494349 0.079245 -1.344863 -1.423563 0.071509 -1.346455 -1.349623 0.066694 -1.347346 -1.273946 0.063868 -1.347816 -1.197398 0.062229 -1.348069 -1.120451 0.061212 -1.348225 -1.043340 0.060484 -1.348338 -0.966172 0.059879 -1.348428 -0.888992 0.059326 -1.348500 -0.811816 0.058811 -1.348553 -0.734647 0.058334 -1.348587 -0.657484 0.057898 -1.348607 -0.580325 0.057505 -1.348617 -0.503166 0.057152 -1.348621 -0.426008 0.056836 -1.348622 -0.348850 0.056557 -1.348622 -0.271692 0.056318 -1.348621 -0.194535 0.056127 -1.348620 -0.117377 0.055990 -1.348619 -0.040221 0.055913 -1.348617 0.036936 0.055897 -1.348615 0.114091 0.055941 -1.348613 0.191244 0.056042 -1.348609 0.268396 0.056201 -1.348601 0.345544 0.056417 -1.348584 0.422685 0.056693 -1.348554 0.499817 0.057032 -1.348504 0.576939 0.057434 -1.348430 0.654046 0.057892 -1.348330 0.731130 0.058398 -1.348203 0.808170 0.058950 -1.348035 0.885117 0.059566 -1.347799 0.961881 0.060299 -1.347427 1.038298 0.061246 -1.346811 1.114100 0.062566 -1.345782 1.188887 0.064485 -1.344097 1.262118 0.067293 -1.341387 1.333071 0.071314 -1.337107 1.400802 0.076876 -1.330601 1.464566 0.084479 -1.321359 1.523639 0.094288 -1.307178 1.570734 0.103414 -1.284705 1.620624 0.124275 -1.281653 1.689719 0.152563 -1.223119 1.663614 0.149856 -1.265437 -1.697059 0.149709 -1.358220 -1.681385 0.157650 -1.395998 -1.663948 0.136951 -1.390349 -1.615744 0.116230 -1.402017 -1.558957 0.099429 -1.409957 -1.494373 0.086463 -1.415371 -1.424405 0.077303 -1.418731 -1.351067 0.071389 -1.420647 -1.275767 0.067841 -1.421685 -1.199411 0.065790 -1.422254 -1.122527 0.064574 -1.422604 -1.045406 0.063769 -1.422860 -0.968193 0.063145 -1.423069 -0.890962 0.062597 -1.423242 -0.813745 0.062093 -1.423375 -0.736550 0.061627 -1.423467 -0.659371 0.061205 -1.423523 -0.582204 0.060827 -1.423554 -0.505042 0.060490 -1.423568 -0.427881 0.060190 -1.423573 -0.350720 0.059924 -1.423575 -0.273559 0.059694 -1.423575 -0.196398 0.059505 -1.423573 -0.119238 0.059364 -1.423571 -0.042079 0.059278 -1.423567 0.035078 0.059251 -1.423563 0.112232 0.059283 -1.423558 0.189383 0.059372 -1.423552 0.266530 0.059515 -1.423539 0.343670 0.059713 -1.423514 0.420799 0.059970 -1.423465 0.497910 0.060294 -1.423381 0.574997 0.060690 -1.423252 0.652059 0.061156 -1.423071 0.729086 0.061679 -1.422836 0.806056 0.062249 -1.422541 0.882910 0.062870 -1.422156 0.959537 0.063595 -1.421601 1.035742 0.064529 -1.420732 1.111189 0.065844 -1.419335 1.185368 0.067799 -1.417133 1.257606 0.070732 -1.413761 1.327124 0.075044 -1.408684 1.392947 0.081071 -1.401003 1.453389 0.088889 -1.389856 1.509360 0.100140 -1.377424 1.567108 0.116148 -1.353914 1.633375 0.152757 -1.322264 1.603897 0.138259 -1.354260 -1.662792 0.162343 -1.445604 -1.647820 0.147649 -1.449244 -1.610597 0.129523 -1.459818 -1.556924 0.112010 -1.471649 -1.494043 0.097460 -1.480840 -1.425509 0.086449 -1.486763 -1.353387 0.078983 -1.490262 -1.278945 0.074373 -1.492237 -1.203080 0.071709 -1.493360 -1.126401 0.070200 -1.494062 -1.049297 0.069290 -1.494581 -0.972002 0.068650 -1.495017 -0.894658 0.068119 -1.495391 -0.817339 0.067637 -1.495693 -0.740073 0.067195 -1.495913 -0.662853 0.066796 -1.496056 -0.585665 0.066443 -1.496137 -0.508492 0.066130 -1.496178 -0.431324 0.065853 -1.496197 -0.354156 0.065607 -1.496205 -0.276986 0.065390 -1.496208 -0.199815 0.065208 -1.496209 -0.122646 0.065066 -1.496206 -0.045480 0.064971 -1.496201 0.031681 0.064930 -1.496193 0.108835 0.064945 -1.496184 0.185982 0.065013 -1.496173 0.263120 0.065130 -1.496154 0.340248 0.065296 -1.496117 0.417357 0.065514 -1.496045 0.494436 0.065792 -1.495917 0.571472 0.066145 -1.495712 0.648456 0.066581 -1.495413 0.725385 0.067089 -1.495015 0.802243 0.067646 -1.494519 0.878963 0.068234 -1.493903 0.955414 0.068893 -1.493091 1.031373 0.069734 -1.491905 1.106466 0.070940 -1.490058 1.180065 0.072767 -1.487190 1.251288 0.075588 -1.482956 1.319143 0.079863 -1.476943 1.382899 0.086161 -1.468568 1.441748 0.094692 -1.455792 1.488464 0.102792 -1.435595 1.532695 0.120677 -1.437425 1.573752 0.138415 -1.410856 -1.638333 0.159396 -1.484599 -1.613459 0.157933 -1.518685 -1.603716 0.145281 -1.508800 -1.553935 0.127998 -1.524459 -1.492863 0.112809 -1.539207 -1.426302 0.099696 -1.548457 -1.356467 0.090283 -1.554018 -1.283853 0.084307 -1.557298 -1.209141 0.080859 -1.559248 -1.133027 0.079006 -1.560505 -1.056067 0.078024 -1.561452 -0.978661 0.077442 -1.562270 -0.901093 0.076994 -1.563002 -0.823551 0.076579 -1.563622 -0.746119 0.076185 -1.564097 -0.668802 0.075828 -1.564420 -0.591563 0.075518 -1.564614 -0.514365 0.075249 -1.564719 -0.437181 0.075011 -1.564770 -0.359997 0.074798 -1.564795 -0.282807 0.074609 -1.564810 -0.205613 0.074443 -1.564820 -0.128418 0.074307 -1.564825 -0.051229 0.074206 -1.564822 0.025949 0.074148 -1.564811 0.103110 0.074137 -1.564795 0.180253 0.074173 -1.564775 0.257376 0.074252 -1.564746 0.334480 0.074369 -1.564694 0.411559 0.074520 -1.564596 0.488596 0.074713 -1.564416 0.565564 0.074964 -1.564119 0.642436 0.075295 -1.563669 0.719210 0.075716 -1.563049 0.795891 0.076195 -1.562262 0.872432 0.076681 -1.561311 0.948669 0.077171 -1.560144 1.024328 0.077781 -1.558581 1.099047 0.078724 -1.556263 1.172202 0.080242 -1.552667 1.242619 0.082634 -1.547294 1.308957 0.086467 -1.540000 1.369725 0.092145 -1.530383 1.425790 0.101154 -1.519363 1.482440 0.114824 -1.499480 1.551531 0.138533 -1.455649 1.520592 0.139571 -1.501709 -1.584677 0.156767 -1.545912 -1.551317 0.155060 -1.576110 -1.552914 0.143917 -1.560261 -1.491084 0.133209 -1.589175 -1.425204 0.117208 -1.601952 -1.359481 0.105481 -1.609482 -1.290511 0.098009 -1.614196 -1.218236 0.093759 -1.617165 -1.143447 0.091633 -1.619159 -1.066979 0.090735 -1.620706 -0.989505 0.090414 -1.622090 -0.911563 0.090244 -1.623390 -0.833576 0.090023 -1.624550 -0.755793 0.089739 -1.625479 -0.678264 0.089460 -1.626138 -0.600920 0.089224 -1.626552 -0.523672 0.089031 -1.626787 -0.446458 0.088864 -1.626911 -0.369244 0.088714 -1.626976 -0.292016 0.088576 -1.627019 -0.214771 0.088451 -1.627055 -0.137517 0.088338 -1.627083 -0.060268 0.088243 -1.627099 0.016959 0.088171 -1.627095 0.094153 0.088129 -1.627073 0.171304 0.088119 -1.627039 0.248410 0.088140 -1.626993 0.325473 0.088185 -1.626922 0.402496 0.088243 -1.626792 0.479472 0.088307 -1.626554 0.556364 0.088384 -1.626153 0.633111 0.088502 -1.625532 0.709670 0.088704 -1.624647 0.786077 0.088997 -1.623488 0.862375 0.089290 -1.622084 0.938411 0.089481 -1.620439 1.013768 0.089638 -1.618423 1.087993 0.090064 -1.615678 1.160718 0.091092 -1.611529 1.231007 0.092861 -1.605039 1.296187 0.095531 -1.595637 1.355546 0.100677 -1.584794 1.403310 0.105967 -1.569037 1.448421 0.119914 -1.567835 1.485085 0.131397 -1.548542 -1.517328 0.150415 -1.596545 -1.466972 0.150299 -1.627769 -1.426518 0.153780 -1.656890 -1.416692 0.138110 -1.647073 -1.360195 0.123510 -1.654458 -1.298309 0.114841 -1.660165 -1.230696 0.110124 -1.664091 -1.158584 0.108035 -1.666866 -1.083335 0.107544 -1.669108 -1.006042 0.107870 -1.671212 -0.927583 0.108388 -1.673309 -0.848784 0.108658 -1.675299 -0.770301 0.108615 -1.676973 -0.692361 0.108461 -1.678197 -0.614828 0.108347 -1.678988 -0.537500 0.108286 -1.679454 -0.460241 0.108249 -1.679714 -0.382983 0.108214 -1.679862 -0.305692 0.108175 -1.679962 -0.228355 0.108131 -1.680049 -0.150983 0.108080 -1.680135 -0.073603 0.108019 -1.680208 0.003749 0.107949 -1.680245 0.081041 0.107877 -1.680234 0.158249 0.107810 -1.680186 0.235358 0.107750 -1.680117 0.312363 0.107693 -1.680019 0.389286 0.107626 -1.679851 0.466150 0.107525 -1.679549 0.542949 0.107370 -1.679033 0.619599 0.107162 -1.678225 0.695951 0.106955 -1.677055 0.771956 0.106864 -1.675479 0.847843 0.106880 -1.673517 0.923732 0.106708 -1.671257 0.999066 0.106175 -1.668686 1.072804 0.105618 -1.665517 1.144552 0.105808 -1.661163 1.214765 0.107019 -1.654374 1.282166 0.108722 -1.643214 1.336346 0.109745 -1.626563 1.394976 0.121672 -1.618950 1.469186 0.134248 -1.578440 1.443764 0.136484 -1.605697 -1.386467 0.154368 -1.679873 -1.346044 0.153340 -1.702593 -1.355008 0.140951 -1.686530 -1.306145 0.132722 -1.692747 -1.246511 0.128524 -1.697302 -1.179083 0.127156 -1.700640 -1.106229 0.127600 -1.703476 -1.029745 0.129091 -1.706320 -0.950826 0.130977 -1.709380 -0.870673 0.132392 -1.712532 -0.790809 0.132834 -1.715356 -0.712101 0.132803 -1.717463 -0.634302 0.132845 -1.718823 -0.556894 0.133002 -1.719640 -0.479592 0.133195 -1.720118 -0.402279 0.133369 -1.720409 -0.324900 0.133510 -1.720613 -0.247427 0.133625 -1.720792 -0.169856 0.133705 -1.720980 -0.092226 0.133733 -1.721173 -0.014612 0.133700 -1.721325 0.062912 0.133616 -1.721385 0.140297 0.133491 -1.721344 0.217496 0.133329 -1.721247 0.294475 0.133131 -1.721120 0.371246 0.132895 -1.720921 0.447891 0.132597 -1.720552 0.524500 0.132184 -1.719908 0.601073 0.131599 -1.718888 0.677406 0.130825 -1.717410 0.753044 0.129983 -1.715424 0.828079 0.129511 -1.712860 0.903585 0.129182 -1.709824 0.979518 0.127966 -1.706583 1.053889 0.125944 -1.702963 1.124119 0.124121 -1.698391 1.191717 0.124768 -1.692479 1.260794 0.126470 -1.682419 1.333184 0.128066 -1.663664 1.417053 0.138473 -1.633795 1.386265 0.141622 -1.655812 -1.313935 0.148470 -1.710167 -1.265781 0.146457 -1.715011 -1.205415 0.146939 -1.718353 -1.136387 0.149085 -1.721354 -1.061661 0.152271 -1.724713 -0.983020 0.156121 -1.728705 -0.901089 0.160087 -1.733262 -0.818305 0.161747 -1.737832 -0.738028 0.161432 -1.741331 -0.660043 0.161556 -1.743435 -0.582704 0.162035 -1.744674 -0.505432 0.162616 -1.745433 -0.428074 0.163154 -1.745940 -0.350594 0.163613 -1.746321 -0.272953 0.164010 -1.746647 -0.195107 0.164344 -1.746977 -0.117075 0.164569 -1.747359 -0.038983 0.164645 -1.747749 0.039004 0.164582 -1.748014 0.116784 0.164417 -1.748057 0.194290 0.164153 -1.747938 0.271409 0.163775 -1.747783 0.348057 0.163296 -1.747592 0.424337 0.162741 -1.747202 0.500517 0.162061 -1.746431 0.576832 0.161138 -1.745165 0.653309 0.159837 -1.743314 0.729447 0.158056 -1.740844 0.803339 0.155963 -1.737856 0.876626 0.155956 -1.733877 0.953603 0.155212 -1.729611 1.030834 0.151260 -1.725736 1.103812 0.146989 -1.720935 1.163384 0.141996 -1.714502 1.226193 0.149301 -1.710116 1.297414 0.146671 -1.695598 1.347280 0.147790 -1.681464 -1.280308 0.165798 1.699143 -1.255106 0.171531 1.708156 -1.173259 0.181321 1.720140 -1.220101 0.180333 1.714611 -1.106722 0.185297 1.726001 -1.029410 0.191455 1.731493 -0.939143 0.200026 1.737345 -0.853171 0.196797 1.744193 -0.774451 0.195829 1.749093 -0.697473 0.195871 1.752809 -0.621398 0.196506 1.755816 -0.546444 0.197506 1.758263 -0.472165 0.199080 1.759588 -0.396771 0.201083 1.759290 -0.319311 0.202215 1.758032 -0.240592 0.201803 1.756819 -0.161673 0.200624 1.756007 -0.083021 0.199496 1.755527 -0.004714 0.198686 1.755280 0.073277 0.198187 1.755174 0.151048 0.197894 1.755069 0.228727 0.197640 1.754888 0.306400 0.197226 1.754643 0.384064 0.196485 1.754385 0.461655 0.195323 1.754140 0.539089 0.193729 1.753895 0.616277 0.191743 1.753609 0.693105 0.189396 1.753207 0.769418 0.186683 1.752541 0.844961 0.183531 1.751310 0.918766 0.179689 1.749002 0.980990 0.174008 1.745546 1.056398 0.182397 1.736571 1.140894 0.173626 1.729688 1.211219 0.165361 1.724865 1.273175 0.157404 1.719917 1.306197 0.169965 1.708396 1.316359 0.158644 1.712720 -1.360832 0.163017 1.647817 -1.287741 0.179025 1.686270 -1.334790 0.170350 1.662166 -1.245306 0.187857 1.702366 1.347529 0.166567 1.694434 1.385261 0.166084 1.673304 1.403676 0.173172 1.651621 -1.437650 0.162592 1.583372 -1.370562 0.174772 1.632253 -1.411460 0.169366 1.601812 1.438775 0.173126 1.617620 1.459260 0.158401 1.611511 -1.513790 0.163258 1.511386 -1.445514 0.175247 1.567195 -1.487397 0.170027 1.531960 1.481096 0.169191 1.580575 1.505608 0.176020 1.545560 1.511222 0.165130 1.552525 -1.587260 0.163883 1.435916 -1.520803 0.176142 1.494818 -1.561816 0.170760 1.457412 1.530536 0.170167 1.522726 1.561021 0.166376 1.482368 -1.653350 0.163807 1.358286 -1.593031 0.176730 1.418859 -1.630757 0.170971 1.380129 1.600903 0.157766 1.435712 1.635502 0.164199 1.390813 -1.706086 0.160451 1.264438 -1.657200 0.176307 1.339528 -1.687330 0.169640 1.297276 1.672188 0.157422 1.351413 1.690815 0.166336 1.322560 1.700456 0.157431 1.318885 -1.702513 0.176705 1.257100 -1.716387 0.160900 1.214507 1.707694 0.163350 1.298811 1.714660 0.163828 1.261877 -1.726572 0.171348 1.148072 1.718607 0.170459 1.202372 -1.734521 0.182466 1.070537 1.723363 0.176581 1.134853 -1.743037 0.176828 0.994194 1.729619 0.182685 1.059284 -1.746389 0.185031 0.931346 1.737979 0.188200 0.973395 -1.750468 0.190538 0.853862 1.745856 0.178500 0.907496 -1.754668 0.194143 0.775468 1.748618 0.184191 0.844074 -1.758579 0.196657 0.698206 1.750448 0.188500 0.769126 -1.762189 0.198580 0.622318 1.751476 0.192294 0.692180 -1.765124 0.200646 0.547122 1.752045 0.195735 0.614019 -1.767551 0.202823 0.470401 1.752684 0.198565 0.534726 -1.770857 0.201938 0.393689 1.754225 0.199866 0.455339 -1.773601 0.200984 0.320606 1.756382 0.199569 0.377586 -1.774640 0.202866 0.247464 1.757602 0.199142 0.301351 -1.775333 0.204508 0.171370 1.757745 0.199105 0.224988 -1.775765 0.205636 0.094361 1.757756 0.198957 0.147872 -1.775775 0.206394 0.017293 1.757897 0.198586 0.070380 -1.775275 0.206969 -0.059560 1.758011 0.198066 -0.007155 -1.774210 0.207582 -0.136132 1.758060 0.197386 -0.084478 -1.772479 0.208478 -0.212620 1.758057 0.196538 -0.161251 -1.769855 0.209708 -0.289986 1.757747 0.195701 -0.237382 -1.766598 0.208924 -0.369266 1.756940 0.195019 -0.313312 -1.762492 0.206245 -0.449108 1.755817 0.194410 -0.389546 -1.757733 0.203658 -0.528937 1.754588 0.193784 -0.466230 -1.753816 0.200664 -0.609310 1.753194 0.193184 -0.543337 -1.751065 0.197676 -0.688907 1.751371 0.192745 -0.620986 -1.748618 0.195518 -0.766844 1.748850 0.192622 -0.699595 -1.745456 0.194878 -0.843687 1.745560 0.192989 -0.779966 -1.740081 0.197478 -0.924224 1.740116 0.195516 -0.868121 -1.733219 0.190897 -1.011060 1.734296 0.186422 -0.955869 -1.726341 0.186417 -1.091116 1.729126 0.178707 -1.032692 -1.721822 0.181490 -1.166451 1.722736 0.172340 -1.100828 -1.718840 0.177625 -1.232297 1.714056 0.167434 -1.159763 -1.716272 0.175802 -1.278188 -1.712513 0.167981 -1.315644 -1.703102 0.182702 -1.305897 1.700827 0.179914 -1.194341 1.680485 0.172737 -1.242202 1.703625 0.163897 -1.202795 -1.703939 0.160861 -1.350525 -1.689535 0.176346 -1.356822 1.654261 0.168636 -1.293319 -1.669026 0.173573 -1.416162 1.627023 0.174852 -1.333538 1.597533 0.162522 -1.384804 -1.657977 0.171237 -1.452296 -1.654123 0.166082 -1.466870 -1.639409 0.171516 -1.478261 1.565637 0.179809 -1.427634 1.540079 0.178685 -1.472160 1.557757 0.157464 -1.456199 -1.617928 0.167229 -1.510081 -1.604502 0.162724 -1.530658 -1.588172 0.169420 -1.536832 1.510324 0.186753 -1.501949 1.479987 0.179731 -1.550251 1.519379 0.165688 -1.513030 -1.557059 0.165547 -1.568384 -1.532040 0.160613 -1.591671 -1.525907 0.169950 -1.587880 1.450399 0.172464 -1.596331 1.478987 0.151752 -1.570655 -1.497482 0.162705 -1.611019 -1.444359 0.166651 -1.640055 -1.413381 0.161203 -1.665993 -1.392871 0.170195 -1.667918 1.418524 0.178731 -1.623151 1.392648 0.174216 -1.650403 1.424662 0.156584 -1.631278 -1.351175 0.165124 -1.696065 -1.323273 0.159415 -1.712248 -1.316727 0.169568 -1.706518 1.247228 0.185481 -1.704243 1.220955 0.173188 -1.715284 1.271486 0.167162 -1.707110 1.295365 0.184297 -1.689807 1.325905 0.164338 -1.691646 1.349887 0.180074 -1.670150 1.374879 0.160614 -1.669437 -1.289217 0.161008 -1.717108 -1.238377 0.164719 -1.719316 -1.174359 0.169585 -1.721620 -1.102133 0.175061 -1.724882 -1.024751 0.180988 -1.729571 -0.943364 0.187731 -1.735363 -0.854217 0.195898 -1.742252 -0.769205 0.192308 -1.748553 -0.692061 0.192171 -1.751387 -0.615428 0.193118 -1.752918 -0.538432 0.194330 -1.753907 -0.461084 0.195470 -1.754667 -0.383486 0.196446 -1.755327 -0.305667 0.197300 -1.755907 -0.227538 0.198081 -1.756421 -0.148987 0.198715 -1.756993 -0.070130 0.199047 -1.757733 0.008676 0.199055 -1.758448 0.087168 0.198869 -1.758784 0.165317 0.198543 -1.758674 0.243001 0.197994 -1.758438 0.319841 0.197171 -1.758335 0.395707 0.196210 -1.758112 0.471080 0.195211 -1.757319 0.546639 0.194022 -1.755790 0.622838 0.192403 -1.753493 0.699932 0.190095 -1.750359 0.777273 0.186577 -1.746515 0.843269 0.180451 -1.743182 0.915862 0.189579 -1.735639 1.003369 0.180927 -1.731918 1.078697 0.174072 -1.728182 1.158886 0.168253 -1.721163 -1.198581 0.201378 1.702337 -1.139969 0.203302 1.713611 -1.070052 0.217748 1.712018 -0.987860 0.222747 1.723052 -0.866457 0.229364 1.731272 -0.925434 0.232045 1.724977 -0.791286 0.228193 1.738061 -0.715173 0.228319 1.743326 -0.639163 0.229231 1.747628 -0.563967 0.230462 1.751672 -0.492110 0.231615 1.755438 -0.420855 0.234987 1.756195 -0.344751 0.239108 1.753704 -0.264952 0.239454 1.751004 -0.184544 0.237363 1.749268 -0.104746 0.235343 1.748306 -0.025523 0.233903 1.747753 0.053207 0.232905 1.747620 0.131482 0.232240 1.747566 0.209538 0.231757 1.747275 0.287612 0.231198 1.746736 0.365760 0.230297 1.746110 0.443869 0.228867 1.745556 0.521779 0.226853 1.745122 0.599366 0.224300 1.744764 0.676527 0.221283 1.744416 0.753154 0.217848 1.743988 0.829173 0.213987 1.743305 0.905049 0.209617 1.741928 0.986429 0.204356 1.738361 1.023751 0.229395 1.717316 1.064309 0.216154 1.721524 1.130238 0.203495 1.716723 1.201045 0.191435 1.711853 1.264084 0.179466 1.708942 -1.324345 0.195143 1.642937 -1.252655 0.205991 1.671862 -1.202859 0.218852 1.675986 -1.141758 0.228978 1.679173 -1.006132 0.245366 1.692750 -1.067403 0.243359 1.679585 -0.947910 0.246549 1.706021 1.068784 0.236765 1.701562 1.095468 0.247844 1.675623 1.126729 0.232531 1.688428 1.197429 0.218261 1.681782 1.265288 0.203014 1.678067 1.327150 0.185647 1.678617 1.373025 0.176686 1.669929 -1.391734 0.197026 1.586434 -1.330920 0.216089 1.600956 -1.283254 0.219578 1.627099 -1.211750 0.235974 1.631167 -1.092256 0.253538 1.648401 -1.139959 0.251109 1.631850 1.138275 0.250320 1.654376 1.165751 0.257726 1.620999 1.195670 0.243428 1.638493 1.266488 0.227075 1.631918 1.333514 0.208932 1.629123 1.393676 0.188896 1.629138 -1.465777 0.198469 1.517626 -1.404255 0.218665 1.534090 -1.357316 0.224044 1.560907 -1.286899 0.240535 1.567851 -1.162732 0.259354 1.592560 -1.212504 0.255926 1.571204 1.208120 0.257608 1.595038 1.233790 0.262491 1.557264 1.266056 0.249046 1.575615 1.338006 0.230834 1.569335 1.404062 0.210526 1.567404 1.463136 0.188171 1.564610 -1.539294 0.199449 1.443665 -1.478776 0.220150 1.461958 -1.431993 0.226053 1.490497 -1.361994 0.243283 1.498221 -1.237004 0.262804 1.525922 -1.287795 0.258817 1.502070 1.276374 0.261057 1.523830 1.300613 0.266684 1.468950 1.340227 0.250762 1.499311 1.411585 0.230431 1.499526 1.474293 0.208893 1.498495 1.527337 0.185554 1.496021 -1.607950 0.199750 1.365873 -1.550541 0.220991 1.387091 -1.505696 0.227246 1.417004 -1.436808 0.244862 1.425708 -1.312727 0.264849 1.454232 -1.363538 0.260569 1.429552 1.322848 0.271882 1.414185 1.362916 0.262128 1.423133 1.420236 0.246904 1.426740 1.483804 0.227384 1.427862 1.542286 0.205128 1.426591 1.593378 0.179977 1.420217 -1.667336 0.198331 1.283101 -1.616199 0.221648 1.305127 -1.574279 0.227864 1.341477 -1.508555 0.245743 1.352585 -1.388389 0.266140 1.380880 -1.438180 0.261673 1.356286 1.364721 0.270241 1.374986 1.386483 0.274385 1.319840 1.424820 0.261170 1.351942 1.490916 0.243280 1.355309 1.551625 0.223058 1.356527 1.606018 0.200405 1.355542 1.654567 0.177333 1.347223 -1.705775 0.192591 1.208195 -1.680240 0.212831 1.226741 -1.640272 0.231161 1.237536 -1.570588 0.245840 1.282672 -1.462051 0.266935 1.307922 -1.509132 0.262092 1.284208 1.411114 0.278325 1.263463 1.445322 0.269482 1.279280 1.497358 0.256495 1.283855 1.557878 0.238663 1.284480 1.613200 0.217188 1.288643 1.659222 0.194706 1.292438 1.692648 0.175447 1.294198 -1.720072 0.198382 1.139531 -1.686984 0.225024 1.165549 -1.589444 0.257971 1.205361 -1.640708 0.248080 1.174362 -1.533432 0.266369 1.235622 1.452134 0.275673 1.231902 1.481938 0.276265 1.189677 1.496264 0.267499 1.225893 1.561373 0.253861 1.207837 1.619267 0.231863 1.216814 1.664803 0.208330 1.228108 1.697291 0.185080 1.242077 -1.717055 0.216752 1.090442 -1.660543 0.250547 1.125608 -1.690264 0.240074 1.098627 1.533923 0.269159 1.165218 1.583841 0.260730 1.142957 1.613887 0.259511 1.102035 1.628190 0.245745 1.139988 1.671586 0.220845 1.156400 1.702586 0.194904 1.176811 -1.704612 0.237519 1.046150 -1.731970 0.210615 1.005280 1.646687 0.251575 1.081089 1.668816 0.249083 1.042146 1.680851 0.233374 1.079918 1.709359 0.204628 1.103725 -1.736777 0.220050 0.914634 1.695368 0.237938 1.021845 1.710900 0.233249 0.983555 1.718243 0.214945 1.024199 -1.743428 0.225076 0.831562 1.728663 0.217646 0.960266 1.738045 0.209656 0.897179 -1.749293 0.228640 0.752598 1.740236 0.216051 0.813889 -1.754854 0.231214 0.676140 1.741414 0.221453 0.736001 -1.760140 0.233132 0.602900 1.741888 0.226636 0.657771 -1.762640 0.237426 0.530516 1.742063 0.231732 0.577815 -1.764510 0.243699 0.447690 1.742766 0.236220 0.495096 -1.772897 0.231178 0.372763 1.747281 0.235881 0.413994 -1.772812 0.237215 0.310203 1.751560 0.233779 0.338656 -1.773354 0.240398 0.233819 1.751637 0.234349 0.264171 -1.774246 0.242130 0.155923 1.751378 0.234708 0.187175 -1.774758 0.243174 0.078363 1.751821 0.234361 0.109221 -1.774690 0.243839 0.001327 1.752367 0.233676 0.031275 -1.774030 0.244370 -0.075089 1.752535 0.232908 -0.046588 -1.772760 0.245117 -0.150709 1.752893 0.231690 -0.123946 -1.770592 0.246782 -0.225664 1.753298 0.230142 -0.199777 -1.766158 0.251633 -0.303681 1.752595 0.229008 -0.274486 -1.762377 0.244569 -0.387288 1.750859 0.228239 -0.349619 -1.754344 0.241791 -0.466095 1.748948 0.227379 -0.425692 -1.746645 0.238155 -0.548683 1.747080 0.226386 -0.502340 -1.742558 0.232755 -0.632080 1.744981 0.225427 -0.579333 -1.740320 0.228086 -0.712039 1.742133 0.224755 -0.656890 -1.738271 0.224828 -0.788220 1.738268 0.224532 -0.735593 -1.735545 0.223520 -0.858935 1.735432 0.223844 -0.811560 -1.731500 0.225605 -0.910625 -1.727866 0.219220 -0.965206 -1.714952 0.238681 -0.934085 1.716691 0.244986 -0.836397 1.706511 0.245466 -0.891895 1.730358 0.226379 -0.869299 -1.713751 0.218415 -1.041996 -1.702119 0.239902 -0.985119 1.695528 0.241491 -0.962196 1.725901 0.218545 -0.928857 -1.707305 0.208765 -1.126168 -1.687877 0.241871 -1.036021 -1.676920 0.236813 -1.096267 -1.661311 0.252185 -1.058534 1.684578 0.238497 -1.025275 1.715634 0.212454 -1.013567 -1.703438 0.200506 -1.199769 -1.671728 0.225429 -1.174248 -1.641389 0.254336 -1.096831 -1.627105 0.249151 -1.155323 -1.607786 0.262020 -1.119509 1.655861 0.248534 -1.055380 1.638664 0.246381 -1.102792 1.684650 0.223209 -1.095127 1.717086 0.196428 -1.079792 -1.701695 0.192252 -1.262698 -1.668635 0.214230 -1.247689 -1.622191 0.237106 -1.231686 -1.582522 0.262941 -1.160621 -1.566450 0.257187 -1.219918 -1.543609 0.268428 -1.186335 1.534942 0.267222 -1.164073 1.511681 0.264058 -1.213880 1.572360 0.246634 -1.213929 1.589317 0.257396 -1.133677 1.641041 0.230507 -1.166818 1.680556 0.212811 -1.155883 1.704510 0.193684 -1.144538 -1.668288 0.199770 -1.320776 -1.618510 0.224493 -1.306089 -1.561800 0.244878 -1.295397 -1.515407 0.268115 -1.229225 -1.498633 0.261834 -1.288433 -1.473518 0.271940 -1.256754 1.465834 0.270115 -1.238095 1.443185 0.265976 -1.288004 1.512300 0.249508 -1.286180 1.575466 0.231880 -1.277442 1.620573 0.220253 -1.244798 1.671861 0.200958 -1.207668 -1.652025 0.191015 -1.393980 -1.612482 0.211667 -1.378190 -1.557491 0.231773 -1.368670 -1.494387 0.249146 -1.362482 -1.443936 0.270655 -1.300121 -1.426808 0.263786 -1.358447 -1.401017 0.273318 -1.327914 1.394700 0.271295 -1.313064 1.371089 0.266767 -1.363668 1.444053 0.251437 -1.361827 1.510703 0.235255 -1.355358 1.556473 0.225006 -1.330129 1.599243 0.214060 -1.303027 1.638978 0.193020 -1.286929 -1.641670 0.181860 -1.447927 -1.604964 0.198387 -1.443244 -1.552824 0.217157 -1.437872 -1.490698 0.234740 -1.433905 -1.422748 0.250122 -1.430962 -1.370904 0.271283 -1.370494 -1.352262 0.263611 -1.428005 -1.328664 0.273270 -1.396241 1.320857 0.271490 -1.388830 1.296324 0.266445 -1.439380 1.372375 0.251888 -1.438243 1.442894 0.237162 -1.431957 1.491192 0.228357 -1.407621 1.536820 0.218247 -1.382470 1.585056 0.196710 -1.364330 -1.601349 0.182020 -1.497328 -1.548712 0.200187 -1.499865 -1.487665 0.217668 -1.500488 -1.419945 0.233736 -1.500310 -1.348204 0.248153 -1.499332 -1.294800 0.270848 -1.438067 -1.273011 0.261534 -1.497866 -1.240427 0.273893 -1.462552 -1.209315 0.268317 -1.513826 -1.184941 0.276123 -1.491341 1.244642 0.270568 -1.463772 1.219294 0.264581 -1.512797 1.297235 0.250670 -1.513309 1.371533 0.236549 -1.510263 1.424219 0.229175 -1.484618 1.472642 0.221212 -1.458419 1.524721 0.202443 -1.443751 -1.544553 0.181120 -1.552359 -1.485729 0.197796 -1.558740 -1.418296 0.213777 -1.564139 -1.347146 0.229339 -1.565207 -1.273002 0.243181 -1.565763 -1.194643 0.256229 -1.568611 -1.155553 0.269831 -1.542096 1.166798 0.267933 -1.535349 1.141083 0.260502 -1.580550 1.219554 0.246831 -1.582644 1.295958 0.233854 -1.582546 1.349461 0.228629 -1.561164 1.406152 0.218371 -1.542905 1.467033 0.205265 -1.512305 -1.487611 0.178430 -1.598774 -1.417472 0.189000 -1.622022 -1.346484 0.207164 -1.623885 -1.275593 0.221894 -1.624225 -1.200935 0.234648 -1.626275 -1.131439 0.261815 -1.588480 -1.122987 0.247045 -1.631649 -1.090949 0.260548 -1.614299 1.088611 0.262812 -1.600360 1.063026 0.253030 -1.639624 1.140659 0.240092 -1.641066 1.214989 0.227512 -1.644829 1.272732 0.222687 -1.629433 1.333961 0.216096 -1.611855 1.381579 0.211186 -1.589309 1.429110 0.194813 -1.581940 -1.340609 0.183181 -1.675109 -1.278494 0.198858 -1.671930 -1.209409 0.210821 -1.672606 -1.134127 0.221758 -1.675947 -1.063076 0.253018 -1.645011 -1.052088 0.233515 -1.681972 -1.009667 0.253156 -1.662860 -0.973902 0.237476 -1.699697 -0.956946 0.253954 -1.678915 1.011184 0.253903 -1.656138 0.985427 0.241846 -1.686810 1.061917 0.228150 -1.687583 1.140341 0.216603 -1.689145 1.188063 0.217876 -1.675621 1.247908 0.205602 -1.676756 1.315063 0.201134 -1.656064 1.377272 0.194279 -1.630721 -1.280243 0.177792 -1.704469 -1.221074 0.186704 -1.704697 -1.151329 0.195143 -1.706958 -1.075006 0.203551 -1.711407 -0.995455 0.211453 -1.719036 -0.924272 0.244462 -1.703473 -0.914725 0.221678 -1.726128 -0.874802 0.243426 -1.713317 -0.851060 0.225445 -1.734551 -0.824455 0.240507 -1.724092 0.934900 0.240519 -1.699166 0.907036 0.223111 -1.721203 0.981142 0.215525 -1.717093 1.049502 0.199703 -1.721103 1.114765 0.197506 -1.713905 1.189982 0.195425 -1.704646 -0.797876 0.220934 -1.740964 -0.729231 0.221316 -1.743097 -0.655169 0.223230 -1.744212 -0.578965 0.225463 -1.745119 -0.501726 0.227540 -1.746052 -0.423951 0.229309 -1.747082 -0.345903 0.230828 -1.748131 -0.267580 0.232263 -1.748995 -0.188623 0.233667 -1.749636 -0.108752 0.234635 -1.750581 -0.028549 0.234807 -1.752059 0.051101 0.234529 -1.753186 0.130162 0.234173 -1.753282 0.209020 0.233633 -1.752712 0.287038 0.232470 -1.752577 0.362935 0.230751 -1.753024 0.437056 0.229187 -1.752672 0.511086 0.227773 -1.750948 0.586065 0.226020 -1.748163 0.662593 0.223662 -1.744338 0.742388 0.220426 -1.739197 0.833598 0.215052 -1.732762 -0.879069 0.258081 1.699666 -0.802058 0.257576 1.710417 -0.727475 0.258154 1.717557 -0.652136 0.259548 1.723090 -0.575830 0.261420 1.728170 -0.500038 0.262961 1.734459 -0.440651 0.260904 1.742491 -0.370804 0.273993 1.737220 -0.288716 0.278673 1.731580 -0.204891 0.273928 1.727426 -0.123249 0.270144 1.726066 -0.042911 0.268017 1.724572 0.037076 0.266434 1.724181 0.116189 0.265128 1.724517 0.194695 0.264219 1.724315 0.273228 0.263423 1.723405 0.352073 0.262357 1.722090 0.431057 0.260690 1.720858 0.509814 0.258272 1.719977 0.588103 0.255149 1.719393 0.665813 0.251442 1.718987 0.742863 0.247260 1.718686 0.819136 0.242668 1.718442 0.894381 0.237706 1.718220 0.967254 0.232596 1.717958 -1.021372 0.266459 1.642226 -0.935940 0.269741 1.664314 -0.863422 0.281896 1.658022 -0.806887 0.281900 1.669741 -0.736483 0.283403 1.678082 -0.663016 0.285434 1.684921 -0.587516 0.288044 1.690406 -0.507612 0.291233 1.696032 -0.415666 0.294632 1.707625 -0.323190 0.298912 1.722852 -0.358833 0.300060 1.718571 -0.284447 0.305358 1.712099 -0.279595 0.317250 1.693142 -0.225892 0.309694 1.689924 -0.139568 0.301266 1.692382 -0.059904 0.298903 1.688873 0.022292 0.297624 1.685990 0.103149 0.295078 1.687965 0.182037 0.293417 1.688499 0.260783 0.292228 1.687412 0.340337 0.291001 1.685048 0.420676 0.289185 1.682410 0.500891 0.286384 1.680592 0.580347 0.282662 1.679565 0.658939 0.278242 1.678949 0.736646 0.273283 1.678623 0.813437 0.267908 1.678528 0.889181 0.262182 1.678774 0.963597 0.256101 1.679748 1.036994 0.249289 1.683053 -1.086127 0.272752 1.588991 -1.007649 0.285221 1.588240 -0.949522 0.288002 1.606755 -0.880493 0.293985 1.616410 -0.813671 0.299613 1.621639 -0.745463 0.303189 1.628236 -0.673016 0.306270 1.635734 -0.600566 0.308994 1.643605 -0.525042 0.313117 1.646466 -0.440751 0.318235 1.649656 -0.354152 0.311896 1.699363 -0.351991 0.324249 1.657801 -0.314838 0.319673 1.689426 -0.268837 0.329290 1.653672 -0.199962 0.332777 1.638732 -0.143122 0.326538 1.648021 -0.080937 0.320630 1.654706 0.004843 0.328696 1.629308 0.091874 0.321657 1.640371 0.170361 0.318723 1.642970 0.248559 0.316953 1.642212 0.327960 0.315480 1.639080 0.410030 0.313854 1.633607 0.492963 0.310853 1.629551 0.574253 0.306331 1.628059 0.654175 0.301119 1.627011 0.732813 0.295317 1.626607 0.810285 0.289123 1.626483 0.886656 0.282625 1.626709 0.961799 0.275849 1.627577 1.035595 0.268744 1.629489 1.108239 0.261346 1.632169 -1.158490 0.276252 1.523810 -1.079360 0.288941 1.522094 -1.022072 0.293939 1.539063 -0.957618 0.300449 1.550483 -0.893095 0.306145 1.561369 -0.827596 0.311861 1.569027 -0.759452 0.317673 1.571734 -0.684991 0.322756 1.576359 -0.609417 0.326006 1.587759 -0.547113 0.326935 1.601588 -0.468245 0.336981 1.583627 -0.377527 0.340600 1.593334 -0.294796 0.344212 1.597232 -0.218017 0.346488 1.595862 -0.146198 0.345664 1.596781 -0.068550 0.342038 1.602278 0.043770 0.348994 1.576041 -0.001783 0.348870 1.579099 0.087581 0.357813 1.545515 0.089547 0.343236 1.588853 0.159873 0.340077 1.591738 0.236032 0.337910 1.591033 0.314093 0.336025 1.587975 0.394451 0.334293 1.581647 0.484858 0.333368 1.567066 0.568610 0.326683 1.568383 0.650377 0.320658 1.565729 0.730302 0.313782 1.565550 0.808479 0.306677 1.565505 0.885472 0.299378 1.565556 0.961311 0.291884 1.566093 1.035709 0.284175 1.567493 1.108144 0.276195 1.569803 1.177821 0.267777 1.572109 -1.233783 0.278158 1.452627 -1.154221 0.290469 1.450787 -1.096276 0.295777 1.468632 -1.031936 0.302892 1.480226 -0.968711 0.309343 1.492304 -0.905107 0.315569 1.503232 -0.839978 0.321920 1.510392 -0.781692 0.326178 1.520997 -0.706725 0.336494 1.503130 -0.619432 0.340764 1.521155 -0.534688 0.343854 1.538051 -0.395380 0.355579 1.528033 -0.460322 0.353675 1.518658 -0.316435 0.358190 1.535620 -0.238524 0.360355 1.539289 -0.162446 0.361113 1.541562 -0.087728 0.360039 1.545465 -0.027795 0.358222 1.550579 0.147505 0.357751 1.539478 0.222498 0.356068 1.536399 0.299855 0.353848 1.533275 0.377251 0.351362 1.528765 0.452573 0.349025 1.521417 0.512625 0.348303 1.508935 0.555289 0.353823 1.471492 0.563331 0.342910 1.512326 0.646651 0.338802 1.495267 0.729091 0.329827 1.497781 0.807567 0.321577 1.498518 0.884875 0.313425 1.498463 0.961344 0.305190 1.498500 1.036663 0.296813 1.499329 1.110197 0.288221 1.501383 1.180386 0.279272 1.505025 1.238513 0.270334 1.511793 -1.309936 0.279350 1.379060 -1.230575 0.291316 1.376775 -1.172345 0.296531 1.394970 -1.107682 0.303550 1.406949 -1.044279 0.310169 1.419702 -0.980868 0.316793 1.431857 -0.916129 0.323691 1.441521 -0.857917 0.328633 1.456015 -0.778268 0.339407 1.444506 -0.631529 0.353887 1.448820 -0.697018 0.350514 1.431271 -0.553350 0.357530 1.466528 -0.488954 0.360075 1.479727 0.612539 0.352009 1.454158 0.671312 0.350099 1.433517 0.707632 0.354176 1.392783 0.731977 0.344465 1.425537 0.808002 0.334970 1.428101 0.884612 0.325942 1.428155 0.961317 0.316982 1.427451 1.037544 0.307927 1.427350 1.112628 0.298709 1.428583 1.186111 0.289139 1.431573 1.259667 0.278412 1.437041 -1.385484 0.280211 1.305315 -1.307107 0.292011 1.302114 -1.249104 0.297086 1.320036 -1.184452 0.303885 1.331939 -1.120907 0.310350 1.344956 -1.057318 0.316951 1.357712 -0.992441 0.324058 1.368548 -0.934034 0.329423 1.384992 -0.853694 0.340850 1.377043 -0.722529 0.355584 1.385269 -0.773112 0.352507 1.367187 0.751547 0.353337 1.368522 0.782884 0.357133 1.326957 0.810160 0.347740 1.356813 0.884643 0.337910 1.357151 0.960827 0.328335 1.355201 1.037781 0.318646 1.353508 1.114189 0.308784 1.353522 1.189409 0.298753 1.355266 1.262526 0.288374 1.359067 1.324100 0.278618 1.365079 -1.458891 0.280669 1.232829 -1.382792 0.292680 1.228145 -1.325547 0.297684 1.245246 -1.261317 0.304297 1.256565 -1.197945 0.310567 1.269363 -1.134392 0.317009 1.282228 -1.069456 0.324074 1.293564 -1.010862 0.329540 1.310946 -0.930311 0.341444 1.304941 -0.797000 0.357425 1.318346 -0.849163 0.353786 1.297382 0.827347 0.355961 1.300111 0.858694 0.359441 1.257649 0.885059 0.349872 1.287872 0.959059 0.339913 1.284457 1.036958 0.329884 1.278813 1.114811 0.319248 1.277526 1.191555 0.308609 1.277992 1.267823 0.297744 1.280035 1.346278 0.285746 1.284571 -1.605534 0.268939 1.124841 -1.526059 0.280268 1.163690 -1.456945 0.293154 1.155690 -1.401061 0.298359 1.171467 -1.337593 0.304887 1.181751 -1.274631 0.310960 1.193875 -1.211359 0.317210 1.206408 -1.146625 0.324146 1.217766 -1.088112 0.329575 1.235499 -1.007612 0.341705 1.230479 -0.873968 0.358545 1.246880 -0.926544 0.354512 1.224429 0.902747 0.357657 1.231510 0.938901 0.360348 1.187506 0.952908 0.350936 1.225692 1.033791 0.342821 1.201127 1.114943 0.330629 1.200746 1.192491 0.319211 1.200721 1.269314 0.307983 1.201301 1.346339 0.296509 1.202542 1.423459 0.284533 1.202703 -1.657187 0.263399 1.051590 -1.597067 0.283244 1.055813 -1.544096 0.290247 1.082523 -1.477914 0.298517 1.098107 -1.413577 0.305649 1.107624 -1.350663 0.311642 1.118990 -1.287636 0.317649 1.130893 -1.223191 0.324356 1.141905 -1.165017 0.329666 1.159592 -1.084852 0.341803 1.154959 -0.951664 0.359251 1.172961 -1.004181 0.354936 1.149514 0.998000 0.355702 1.160949 1.056988 0.350749 1.134142 1.092766 0.352742 1.089602 1.117673 0.342752 1.122821 1.193518 0.330587 1.123817 1.269909 0.318850 1.123794 1.346393 0.307200 1.123926 1.422862 0.295162 1.124188 1.500343 0.281714 1.124765 1.572387 0.269976 1.103724 -1.700615 0.249965 0.971290 -1.655484 0.276556 0.974130 -1.610594 0.288569 0.997085 -1.553311 0.298996 1.013805 -1.491493 0.306238 1.030451 -1.426847 0.312647 1.043561 -1.363235 0.318515 1.055640 -1.298736 0.324884 1.066336 -1.240882 0.329924 1.083761 -1.161004 0.341822 1.079170 -1.029327 0.359458 1.097824 -1.081280 0.354870 1.074133 1.136521 0.350074 1.062329 1.167102 0.352509 1.018535 1.195270 0.342514 1.048053 1.270325 0.330291 1.047498 1.346172 0.318249 1.046856 1.421593 0.306042 1.046768 1.495514 0.293115 1.046900 1.565391 0.279218 1.044845 1.626697 0.263253 1.047355 -1.713948 0.253630 0.879244 -1.670649 0.277903 0.910223 -1.619955 0.295117 0.929461 -1.563373 0.306132 0.946962 -1.501408 0.313994 0.962626 -1.438027 0.319980 0.978098 -1.373122 0.325989 0.990470 -1.315382 0.330612 1.008135 -1.235358 0.342017 1.003372 -1.105227 0.359233 1.022540 -1.155893 0.354702 0.998549 1.211208 0.349845 0.988979 1.240554 0.352171 0.944960 1.270326 0.342184 0.972795 1.345687 0.329676 0.970847 1.420796 0.316987 0.970309 1.493686 0.303651 0.971275 1.562430 0.288960 0.973394 1.624287 0.272020 0.978090 1.677011 0.251846 0.987466 -1.722449 0.257757 0.798476 -1.681221 0.282006 0.834267 -1.630297 0.300202 0.859804 -1.573233 0.312671 0.878529 -1.511142 0.321321 0.893869 -1.445117 0.327934 0.909796 -1.387632 0.331961 0.931951 -1.307477 0.342614 0.927970 -1.178384 0.359033 0.946703 -1.228234 0.354693 0.922678 1.284155 0.349400 0.914420 1.310964 0.351639 0.871032 1.344014 0.341565 0.895818 1.420151 0.328177 0.893729 1.493006 0.314085 0.895422 1.561268 0.298610 0.899104 1.622860 0.280698 0.905782 1.674651 0.259740 0.916963 1.711949 0.236878 0.932936 -1.729671 0.261320 0.720662 -1.689277 0.286590 0.757586 -1.638853 0.305520 0.787373 -1.582504 0.318692 0.809501 -1.522618 0.327805 0.826086 -1.456277 0.335561 0.837523 -1.374738 0.343469 0.856105 -1.249199 0.358904 0.871661 -1.298739 0.355101 0.845906 1.354706 0.349099 0.835866 1.380406 0.353170 0.778135 1.419582 0.340066 0.814066 1.493306 0.324542 0.819026 1.560947 0.308266 0.823651 1.622404 0.289333 0.831199 1.674582 0.266897 0.843701 1.713970 0.240723 0.863341 -1.737712 0.263513 0.645023 -1.697022 0.290945 0.679091 -1.644980 0.311363 0.712784 -1.589908 0.324586 0.741157 -1.531167 0.334126 0.759173 -1.477153 0.340132 0.776943 -1.405954 0.351051 0.764463 -1.323407 0.360647 0.780197 1.405869 0.356770 0.720769 1.442406 0.347274 0.735782 1.497192 0.334353 0.743756 1.561125 0.318021 0.748301 1.622038 0.298248 0.755307 1.674636 0.274505 0.767848 1.715006 0.246894 0.787059 -1.746929 0.262253 0.581039 -1.710021 0.293150 0.594816 -1.648741 0.319177 0.630373 -1.591030 0.331685 0.671885 -1.541842 0.338715 0.701483 -1.468622 0.350249 0.699163 -1.347426 0.365649 0.715099 -1.394851 0.361687 0.691141 1.447832 0.353227 0.687238 1.472562 0.353662 0.646213 1.499068 0.343978 0.674406 1.560148 0.328140 0.675930 1.620824 0.307936 0.678789 1.674146 0.282672 0.690504 1.715345 0.253470 0.709598 -1.740328 0.276804 0.518594 -1.667360 0.321189 0.560846 -1.704979 0.305831 0.531669 -1.625370 0.334608 0.576035 -1.587784 0.346167 0.552651 -1.587096 0.340294 0.605574 -1.524006 0.348909 0.635034 -1.413301 0.364806 0.643536 -1.458394 0.360340 0.624752 1.511190 0.348668 0.620728 1.539506 0.346785 0.580208 1.554113 0.338284 0.617156 1.616994 0.319992 0.599851 1.672875 0.292001 0.611275 1.715055 0.260481 0.630494 -1.745325 0.280147 0.450344 -1.715868 0.303820 0.474940 -1.535508 0.354760 0.562216 -1.479262 0.362143 0.579440 1.587397 0.336463 0.558301 1.632086 0.324194 0.536807 1.653147 0.320234 0.499286 1.672382 0.303295 0.530124 1.714485 0.268399 0.547813 -1.726965 0.299013 0.416830 -1.755363 0.269072 0.379359 1.678065 0.308392 0.473341 1.682286 0.307726 0.431437 1.713103 0.278808 0.453188 -1.754216 0.274537 0.292226 1.565087 0.355743 0.372269 1.560892 0.359720 0.320763 1.607516 0.344183 0.329363 1.606563 0.341749 0.389736 1.653780 0.323807 0.341564 1.652594 0.323532 0.406540 1.698301 0.296316 0.371019 1.733130 0.263489 0.375775 -1.756038 0.276550 0.210625 1.572450 0.358681 0.268556 1.601417 0.348555 0.285259 1.646232 0.329504 0.270911 1.694888 0.299807 0.287547 1.731069 0.267247 0.310241 -1.757390 0.277746 0.131820 1.612043 0.346112 0.239723 1.647947 0.331047 0.213335 1.657916 0.326087 0.161225 1.689481 0.304857 0.204963 1.729082 0.269419 0.233274 -1.757957 0.278483 0.054277 1.659060 0.325026 0.094109 1.697970 0.299968 0.121355 1.729549 0.269564 0.153831 -1.757860 0.278890 -0.022381 1.657372 0.325255 0.021025 1.699586 0.298643 0.044938 1.731582 0.268245 0.074947 -1.757293 0.279166 -0.097902 1.653885 0.326114 -0.053590 1.698361 0.298515 -0.032873 1.732049 0.267422 -0.003038 -1.756401 0.279676 -0.171325 1.647105 0.328545 -0.116574 1.694573 0.299545 -0.118780 1.731685 0.266649 -0.082057 -1.755002 0.281188 -0.239746 1.564594 0.360730 -0.175664 1.554505 0.361054 -0.239331 1.610585 0.340963 -0.220096 1.607396 0.345366 -0.146153 1.664053 0.316768 -0.189275 1.709633 0.287577 -0.191657 1.733806 0.263831 -0.159330 -1.751965 0.285328 -0.289200 -1.751639 0.278278 -0.340711 -1.735018 0.300642 -0.310959 1.546349 0.359184 -0.315323 1.604550 0.339387 -0.295635 1.657691 0.316618 -0.273682 1.702778 0.290087 -0.254179 1.734985 0.261270 -0.231950 -1.742521 0.276019 -0.407874 -1.724652 0.302013 -0.359849 1.536044 0.357060 -0.391640 1.596701 0.337486 -0.373916 1.651742 0.315355 -0.351642 1.697780 0.289805 -0.328976 1.732211 0.260760 -0.304433 -1.723506 0.278190 -0.487578 -1.711694 0.302632 -0.419703 -1.592995 0.346582 -0.439197 -1.613115 0.338034 -0.468532 -1.566028 0.347062 -0.491370 -1.554940 0.354296 -0.447096 1.524984 0.355517 -0.455030 1.586317 0.335333 -0.459849 1.646308 0.313209 -0.430426 1.693552 0.288452 -0.405609 1.729131 0.259906 -0.379670 -1.716410 0.268385 -0.581484 -1.691103 0.307360 -0.467293 -1.671483 0.303581 -0.538055 -1.652542 0.324073 -0.473132 -1.605057 0.330730 -0.531770 -1.547753 0.343801 -0.549649 -1.525154 0.356825 -0.483559 -1.513816 0.353685 -0.530541 -1.485377 0.361962 -0.507687 1.486732 0.363766 -0.484876 1.472527 0.361116 -0.548743 1.541994 0.344205 -0.527737 1.603317 0.324639 -0.534303 1.645444 0.309318 -0.507804 1.690596 0.286310 -0.482501 1.726431 0.258599 -0.456017 -1.714496 0.260266 -0.666347 -1.672230 0.290404 -0.630602 -1.615941 0.315983 -0.609960 -1.553899 0.334802 -0.604380 -1.493218 0.349390 -0.597413 -1.459833 0.360698 -0.560881 1.457250 0.358093 -0.612304 1.523203 0.341046 -0.618372 1.590864 0.323931 -0.596598 1.644134 0.305584 -0.580239 1.688302 0.283822 -0.558147 1.724045 0.257029 -0.532529 -1.713578 0.254018 -0.745073 -1.672947 0.281210 -0.712229 -1.619436 0.304944 -0.689718 -1.557723 0.324325 -0.677098 -1.493659 0.339895 -0.669557 -1.438753 0.358279 -0.613220 -1.437944 0.352176 -0.661406 -1.399188 0.361336 -0.649647 1.415386 0.364609 -0.641967 1.397412 0.360601 -0.705821 1.471806 0.346401 -0.685180 1.537656 0.330415 -0.692606 1.585492 0.319689 -0.669210 1.638342 0.303049 -0.650645 1.684540 0.281749 -0.632180 1.721158 0.255579 -0.608857 -1.712669 0.249131 -0.818711 -1.673189 0.273772 -0.789117 -1.620764 0.295819 -0.767529 -1.559302 0.314561 -0.753537 -1.492231 0.330481 -0.745144 -1.419645 0.345452 -0.738741 -1.378757 0.357967 -0.704517 1.377948 0.356184 -0.769645 1.447665 0.340777 -0.776158 1.521947 0.327545 -0.753871 1.581629 0.314445 -0.738200 1.632589 0.300043 -0.719219 1.678363 0.280498 -0.704195 1.716688 0.254707 -0.685794 -1.712327 0.244843 -0.884560 -1.673565 0.266836 -0.863016 -1.621189 0.287567 -0.843589 -1.559948 0.305404 -0.830073 -1.492760 0.320772 -0.821747 -1.422062 0.334627 -0.817184 -1.357050 0.354343 -0.760601 -1.350379 0.347562 -0.817624 -1.315952 0.357204 -0.795741 1.333729 0.361969 -0.795835 1.315891 0.358567 -0.844030 1.387746 0.343504 -0.847231 1.461334 0.328941 -0.849804 1.514028 0.321077 -0.826043 1.574202 0.309091 -0.806870 1.628820 0.294839 -0.786966 1.668616 0.281128 -0.763208 1.708995 0.255156 -0.768479 -1.676543 0.258219 -0.938729 -1.621196 0.279549 -0.918821 -1.559766 0.296667 -0.906054 -1.492546 0.311362 -0.898124 -1.421697 0.324663 -0.893532 -1.350397 0.337327 -0.890691 -1.293682 0.355298 -0.837423 -1.290460 0.348689 -0.885532 -1.251341 0.357971 -0.873133 1.269908 0.364210 -0.870909 1.245887 0.358767 -0.935429 1.324930 0.345953 -0.915321 1.393303 0.331639 -0.925104 1.447476 0.324048 -0.907811 1.507835 0.314145 -0.893869 1.566075 0.303145 -0.876602 1.623072 0.288764 -0.858117 1.677665 0.269208 -0.832288 -1.664502 0.256278 -1.010269 -1.619030 0.272532 -0.992837 -1.558760 0.288364 -0.981317 -1.491731 0.302244 -0.974185 -1.420491 0.314902 -0.970101 -1.346435 0.327297 -0.967747 -1.268213 0.340784 -0.964909 -1.226868 0.353581 -0.930522 1.221365 0.352871 -0.999310 1.292389 0.338326 -1.005206 1.370411 0.327294 -0.984548 1.435386 0.317257 -0.973304 1.496687 0.307672 -0.959490 1.555581 0.297343 -0.943338 1.611416 0.284043 -0.928900 1.664151 0.266251 -0.912061 -1.618273 0.265473 -1.064194 -1.557551 0.280430 -1.055444 -1.490652 0.293466 -1.049614 -1.419552 0.305334 -1.046327 -1.345531 0.316882 -1.044861 -1.269132 0.328824 -1.044754 -1.201387 0.348930 -0.988350 -1.190936 0.341203 -1.047937 -1.157374 0.351112 -1.023698 1.174438 0.357613 -1.025618 1.153211 0.353029 -1.073751 1.226895 0.338842 -1.075962 1.301503 0.325550 -1.076344 1.356243 0.319569 -1.053558 1.419159 0.310961 -1.037408 1.481972 0.300899 -1.026516 1.545283 0.289902 -1.011067 1.595306 0.281049 -0.986718 1.647974 0.262074 -0.990740 -1.557233 0.272493 -1.128593 -1.489639 0.285001 -1.124217 -1.418688 0.296137 -1.121817 -1.345070 0.306831 -1.121017 -1.269437 0.317781 -1.121363 -1.192627 0.329306 -1.122769 -1.130587 0.348672 -1.066705 -1.116447 0.341363 -1.124712 -1.087273 0.351280 -1.096505 1.105866 0.357838 -1.096595 1.082875 0.352908 -1.144437 1.156654 0.338878 -1.148559 1.231165 0.325650 -1.150809 1.285665 0.319562 -1.131753 1.345851 0.311690 -1.116990 1.406301 0.303471 -1.102408 1.460643 0.296315 -1.084337 1.527390 0.281016 -1.091674 1.603033 0.267519 -1.054428 -1.488745 0.276676 -1.198147 -1.417886 0.287312 -1.196346 -1.344804 0.297245 -1.196201 -1.269652 0.307289 -1.197149 -1.193083 0.317931 -1.198468 -1.116065 0.329306 -1.199672 -1.057743 0.348878 -1.139708 -1.039773 0.341457 -1.199515 -1.014487 0.351553 -1.166882 1.035199 0.357416 -1.165540 1.008528 0.352611 -1.212878 1.084053 0.338586 -1.219110 1.158161 0.325482 -1.223904 1.213228 0.319532 -1.206118 1.273648 0.311821 -1.192736 1.334067 0.304032 -1.178811 1.388812 0.297698 -1.159516 1.462346 0.283527 -1.161892 -1.416893 0.278654 -1.269777 -1.344927 0.288054 -1.269748 -1.270464 0.297232 -1.271904 -1.193851 0.306961 -1.274198 -1.116299 0.317492 -1.275652 -1.038067 0.328790 -1.276662 -0.979258 0.349521 -1.210983 -0.956609 0.341186 -1.277315 -0.920696 0.354492 -1.237372 -0.875967 0.349468 -1.301270 -0.862102 0.359214 -1.263186 0.880763 0.364206 -1.260689 0.852909 0.358663 -1.307358 0.923217 0.345808 -1.317049 0.945043 0.358582 -1.237046 1.012763 0.338004 -1.284855 1.083006 0.325168 -1.294656 1.138477 0.319259 -1.278924 1.199432 0.311666 -1.266989 1.260525 0.304099 -1.253915 1.316030 0.298112 -1.234921 1.391382 0.284812 -1.236251 -1.345192 0.279083 -1.340231 -1.273070 0.287447 -1.343718 -1.195906 0.296107 -1.349683 -1.117495 0.305906 -1.351549 -1.039301 0.316306 -1.352586 -0.960672 0.327090 -1.354313 -0.882414 0.337452 -1.359640 -0.826223 0.356405 -1.306345 -0.808415 0.347936 -1.361956 -0.782825 0.358155 -1.331109 0.803997 0.362301 -1.325563 0.776757 0.356548 -1.371492 0.854311 0.343638 -1.380489 0.930860 0.331574 -1.385863 0.990027 0.327055 -1.363352 1.058826 0.319210 -1.349870 1.122458 0.311339 -1.339869 1.184804 0.303816 -1.328109 1.241299 0.298029 -1.309842 1.317956 0.285204 -1.311478 -1.280485 0.278580 -1.401847 -1.201722 0.284295 -1.426823 -1.119328 0.294090 -1.427737 -1.040845 0.303981 -1.427441 -0.963090 0.313987 -1.427995 -0.885386 0.324019 -1.429622 -0.808460 0.334091 -1.430914 -0.751513 0.354330 -1.372213 -0.732837 0.344754 -1.428843 -0.708223 0.355502 -1.395957 0.646277 0.364774 -1.415223 0.618822 0.357996 -1.459754 0.691666 0.346586 -1.471515 0.711868 0.360897 -1.393728 0.783129 0.341127 -1.442585 0.855869 0.329298 -1.454096 0.912549 0.324291 -1.439497 0.976575 0.317352 -1.427887 1.040246 0.310821 -1.413128 1.105919 0.303223 -1.401404 1.164220 0.297508 -1.383914 1.242327 0.284876 -1.386518 -1.119580 0.281179 -1.505895 -1.041857 0.291211 -1.500900 -0.965437 0.300543 -1.499989 -0.888454 0.309897 -1.500172 -0.810989 0.319252 -1.500642 -0.732679 0.328731 -1.500352 -0.672615 0.351245 -1.436687 -0.650313 0.339039 -1.498342 -0.614340 0.353703 -1.457766 -0.567606 0.344090 -1.516326 -0.557323 0.356078 -1.476099 0.568810 0.359930 -1.475699 0.541044 0.351812 -1.519075 0.621468 0.340588 -1.530571 0.701522 0.330567 -1.538382 0.762415 0.328081 -1.518230 0.832946 0.321817 -1.506741 0.898640 0.314799 -1.498824 0.961237 0.308503 -1.486818 1.025968 0.301443 -1.475171 1.084793 0.296234 -1.457240 1.164687 0.283606 -1.460210 -1.096459 0.270335 -1.574991 -1.040260 0.277972 -1.568769 -0.968351 0.285919 -1.568521 -0.892830 0.294434 -1.567971 -0.816031 0.302931 -1.567826 -0.738211 0.311321 -1.567749 -0.658720 0.319407 -1.568151 -0.577340 0.326563 -1.571550 -0.516376 0.350370 -1.514281 -0.493505 0.334539 -1.571928 -0.457203 0.351735 -1.528869 -0.405243 0.336606 -1.588941 -0.382845 0.354942 -1.540279 -0.328442 0.339675 -1.598230 -0.308216 0.357719 -1.551801 -0.260559 0.343198 -1.603788 -0.248115 0.357599 -1.567230 0.405976 0.353931 -1.554739 0.377066 0.343071 -1.594367 0.450723 0.332353 -1.608015 0.473631 0.353055 -1.537184 0.546559 0.331893 -1.585986 0.622975 0.321376 -1.599912 0.683327 0.319255 -1.588333 0.750579 0.314871 -1.578834 0.816916 0.310304 -1.566335 0.882519 0.304732 -1.554957 0.947814 0.298034 -1.544832 1.006222 0.293326 -1.528377 1.086277 0.280740 -1.530958 -1.044917 0.265064 -1.618906 -0.974537 0.268703 -1.632202 -0.899694 0.276955 -1.629966 -0.823882 0.284185 -1.629985 -0.747028 0.291810 -1.628962 -0.669264 0.298783 -1.628953 -0.590050 0.305006 -1.630269 -0.509320 0.310550 -1.632634 -0.427372 0.314709 -1.638023 -0.347297 0.317845 -1.644860 -0.271568 0.321755 -1.648225 -0.213338 0.347910 -1.601388 -0.198531 0.328791 -1.644359 -0.172918 0.344496 -1.615630 0.326347 0.342260 -1.605527 0.296338 0.329306 -1.639702 0.374850 0.317938 -1.654014 0.455426 0.308562 -1.665657 0.520397 0.309933 -1.651931 0.596123 0.306798 -1.645548 0.667644 0.302564 -1.641217 0.736458 0.299301 -1.631982 0.803472 0.296145 -1.620375 0.869839 0.291427 -1.609199 0.928652 0.287969 -1.593828 1.008599 0.275327 -1.595908 -0.909547 0.259502 -1.677761 -0.836073 0.261307 -1.686462 -0.759202 0.269395 -1.681641 -0.683446 0.275450 -1.680577 -0.606164 0.280639 -1.680998 -0.527519 0.285101 -1.682432 -0.447984 0.288775 -1.685004 -0.368517 0.291782 -1.688446 -0.290063 0.294811 -1.691109 -0.211623 0.298941 -1.691019 -0.140291 0.332060 -1.645000 -0.127046 0.305243 -1.687451 -0.082001 0.328238 -1.654143 -0.038325 0.301153 -1.697214 -0.007574 0.327019 -1.657764 0.041970 0.299971 -1.700103 0.069910 0.326796 -1.657703 0.121529 0.299649 -1.699424 0.148848 0.327007 -1.654359 0.202985 0.299744 -1.696048 0.228815 0.327748 -1.647692 0.293359 0.300605 -1.690019 0.366089 0.288030 -1.706084 0.428875 0.288553 -1.701997 0.499549 0.286507 -1.699024 0.571627 0.284691 -1.692892 0.645649 0.281743 -1.687200 0.719609 0.278668 -1.679821 0.792444 0.276759 -1.668540 0.852806 0.277452 -1.652457 0.932523 0.266007 -1.652160 -0.772784 0.245107 -1.720821 -0.702386 0.249303 -1.719848 -0.627230 0.253167 -1.720033 -0.550129 0.256610 -1.720867 -0.472020 0.259525 -1.722239 -0.393486 0.261947 -1.724038 -0.314939 0.264144 -1.725775 -0.236139 0.266523 -1.726732 -0.155669 0.269138 -1.726879 -0.073098 0.269982 -1.728929 0.008757 0.269151 -1.732060 0.088716 0.268613 -1.733006 0.168574 0.268248 -1.732055 0.249582 0.267601 -1.730369 0.327907 0.264595 -1.732078 0.400363 0.261374 -1.734054 0.471491 0.259860 -1.732269 0.544380 0.258084 -1.728964 0.618879 0.255815 -1.724455 0.695369 0.252986 -1.718719 0.775530 0.250281 -1.710281 0.862391 0.250982 -1.695349 -0.331067 0.310786 1.710395 -0.306206 0.312537 1.708244 0.036958 0.363377 1.529605 -0.416782 0.369318 1.459801 -0.335494 0.371550 1.472185 -0.259177 0.373738 1.478681 -0.182498 0.375516 1.481657 -0.103910 0.376014 1.484674 -0.019602 0.374698 1.490369 0.055866 0.379366 1.470617 0.118769 0.373566 1.487024 0.205495 0.372921 1.479302 0.285360 0.370585 1.475302 0.363420 0.367352 1.471739 0.439033 0.363500 1.467949 0.507498 0.359083 1.465542 -0.650090 0.365995 1.372009 -0.566968 0.370261 1.395109 -0.482295 0.374434 1.412402 -0.409179 0.383913 1.395048 -0.348959 0.384976 1.408894 -0.278455 0.386691 1.418904 -0.205617 0.389444 1.421144 -0.127087 0.391865 1.420959 -0.045685 0.392319 1.423781 0.033496 0.392798 1.421942 0.109031 0.392191 1.419994 0.188034 0.390405 1.417807 0.270433 0.387830 1.413760 0.350400 0.383796 1.411126 0.428832 0.379015 1.407634 0.505066 0.372944 1.406062 0.581028 0.364562 1.410786 0.658356 0.359463 1.395149 -0.718266 0.369161 1.309748 -0.639509 0.379856 1.305183 -0.579965 0.382677 1.326133 -0.508414 0.386853 1.342142 -0.436128 0.392924 1.345369 -0.364002 0.398394 1.346947 -0.292220 0.400583 1.358274 -0.231297 0.400529 1.371982 -0.156912 0.409050 1.352212 -0.069264 0.409543 1.359397 0.011310 0.409602 1.361893 0.089568 0.409154 1.361110 0.168337 0.408180 1.357203 0.256314 0.407692 1.344953 0.337420 0.401222 1.349251 0.417517 0.396147 1.344055 0.498233 0.389545 1.339686 0.576510 0.381015 1.339476 0.652849 0.372242 1.337334 0.725557 0.362814 1.337491 -0.794828 0.371323 1.240195 -0.716240 0.383652 1.235168 -0.658829 0.387949 1.253233 -0.593774 0.394300 1.263379 -0.524825 0.399609 1.276961 -0.463696 0.402012 1.294803 -0.392205 0.412905 1.278975 -0.308007 0.416229 1.293381 -0.224914 0.417918 1.307773 -0.088553 0.427829 1.294680 -0.153489 0.427641 1.286987 -0.009603 0.427681 1.300150 0.068972 0.427070 1.301833 0.146374 0.425858 1.300310 0.221189 0.424303 1.295303 0.280233 0.424023 1.284813 0.321852 0.431953 1.248565 0.329467 0.418180 1.291978 0.401244 0.413724 1.285455 0.489804 0.409479 1.266833 0.572440 0.398498 1.269628 0.650161 0.388111 1.268987 0.726155 0.377377 1.268062 0.800197 0.365970 1.269538 -0.872714 0.372626 1.168563 -0.797175 0.385367 1.165683 -0.739750 0.391629 1.180114 -0.672816 0.399284 1.191878 -0.616243 0.402701 1.212651 -0.546952 0.414222 1.204404 -0.459619 0.418738 1.229156 -0.327335 0.433041 1.227088 -0.390200 0.430403 1.214345 -0.250019 0.435808 1.239688 -0.184969 0.437095 1.249810 0.380724 0.430637 1.235108 0.453439 0.426760 1.221626 0.513839 0.424429 1.203673 0.550652 0.430729 1.164412 0.572769 0.417295 1.199170 0.647745 0.405654 1.199829 0.725752 0.394111 1.196112 0.802833 0.381386 1.195940 0.878307 0.368303 1.197927 -0.950460 0.373580 1.093895 -0.873899 0.387031 1.094009 -0.818041 0.393165 1.112302 -0.763413 0.399221 1.127416 -0.697544 0.412263 1.119832 -0.611801 0.418810 1.149126 -0.482536 0.435141 1.158131 -0.543847 0.431566 1.139725 -0.420773 0.438167 1.174847 0.593117 0.430012 1.144075 0.629239 0.435676 1.103407 0.642309 0.422331 1.141654 0.723364 0.413791 1.120242 0.804477 0.398722 1.120922 0.882274 0.384357 1.121006 0.962676 0.369753 1.120731 1.042928 0.360312 1.095938 -1.028495 0.373265 1.019475 -0.953584 0.388267 1.015327 -0.893636 0.395534 1.036590 -0.836828 0.401253 1.059603 -0.767030 0.414699 1.058882 -0.635136 0.434216 1.076418 -0.696323 0.429200 1.053978 -0.573850 0.438615 1.097522 0.687863 0.431626 1.080079 0.747206 0.426976 1.055306 0.783526 0.431541 1.012022 0.808337 0.417346 1.044730 0.884311 0.401688 1.045468 0.961009 0.386740 1.043604 1.037383 0.373149 1.037139 1.109968 0.360330 1.032514 -1.101654 0.372839 0.944971 -1.028211 0.387270 0.944396 -0.981138 0.392466 0.967027 -0.915592 0.407417 0.961256 -0.833287 0.416653 0.996535 -0.724058 0.435573 1.010016 -0.769739 0.431354 0.990851 0.827993 0.429196 0.985427 0.859480 0.433854 0.942032 0.887380 0.419641 0.971250 0.962139 0.403517 0.969754 1.036991 0.388226 0.966505 1.110576 0.373843 0.962895 1.182570 0.360153 0.960740 -1.172750 0.372479 0.868185 -1.096704 0.387120 0.868945 -1.049979 0.391850 0.896414 -0.980719 0.407023 0.896426 -0.855096 0.430019 0.922011 -0.912661 0.422819 0.896085 -0.796660 0.436973 0.946692 0.904635 0.431044 0.912712 0.935507 0.435059 0.868421 0.964203 0.420771 0.896657 1.038260 0.404028 0.893942 1.111890 0.388141 0.891069 1.184119 0.373211 0.889119 1.254013 0.359462 0.888219 -1.240704 0.371268 0.798141 -1.172787 0.384949 0.790341 -1.116727 0.393661 0.808372 -1.043238 0.406159 0.829751 -0.936162 0.427280 0.851763 -0.979163 0.422096 0.827034 0.980508 0.431438 0.838025 1.010564 0.434578 0.793336 1.039661 0.420382 0.821107 1.113403 0.402988 0.817971 1.186765 0.386515 0.815857 1.257818 0.371217 0.816188 1.316681 0.358532 0.821824 -1.274694 0.378830 0.706683 -1.195535 0.390340 0.729949 -1.139304 0.398687 0.750595 -1.076403 0.414312 0.745936 -1.003255 0.428451 0.768014 1.054824 0.430110 0.762429 1.083374 0.432343 0.717896 1.113630 0.418362 0.744724 1.188309 0.400324 0.741155 1.263262 0.383158 0.740175 1.340365 0.366382 0.742925 -1.339285 0.377159 0.637192 -1.266899 0.390359 0.634995 -1.211175 0.398617 0.656769 -1.135724 0.411668 0.681304 -1.026518 0.434450 0.708174 -1.070329 0.428564 0.678457 1.126474 0.427183 0.686466 1.151732 0.428882 0.642735 1.186407 0.414856 0.666184 1.263989 0.395943 0.662753 1.339989 0.378460 0.663535 1.415571 0.362876 0.662281 -1.672464 0.324919 0.496360 -1.624465 0.339287 0.523435 -1.404754 0.374837 0.568706 -1.332236 0.387703 0.563233 -1.280538 0.395363 0.580215 -1.229435 0.403412 0.597737 -1.165601 0.418946 0.593887 -1.092292 0.433968 0.617282 1.194743 0.423670 0.605716 1.216728 0.427758 0.544976 1.262671 0.409412 0.580633 1.340529 0.389330 0.586356 1.413147 0.372662 0.589104 1.484666 0.357497 0.590207 -1.680764 0.325023 0.419300 -1.621986 0.344051 0.454151 -1.557350 0.356668 0.490860 -1.470155 0.370617 0.507407 -1.398882 0.384214 0.491216 -1.343928 0.392374 0.507327 -1.292181 0.400065 0.526306 -1.223307 0.415248 0.526117 -1.112650 0.439082 0.555025 -1.154769 0.432250 0.526938 1.234484 0.433838 0.472325 1.285994 0.416121 0.492425 1.347015 0.398042 0.507606 1.413098 0.381083 0.516886 1.480716 0.365507 0.518844 1.552591 0.348947 0.519685 1.616210 0.333517 0.503169 -1.715736 0.307896 0.345813 -1.666344 0.334886 0.350067 -1.621573 0.348561 0.379186 -1.560125 0.362072 0.405058 -1.489787 0.374286 0.425020 -1.419564 0.386031 0.434809 -1.353656 0.397773 0.440367 -1.280363 0.411001 0.458214 -1.170244 0.435160 0.479037 -1.212771 0.427745 0.451823 1.252252 0.436792 0.413264 1.296398 0.422545 0.421323 1.356184 0.404954 0.428858 1.420552 0.386977 0.442588 1.472426 0.372903 0.460029 1.542063 0.357307 0.441545 1.605795 0.339336 0.452373 1.651077 0.323681 0.459779 -1.721948 0.307353 0.256471 -1.675299 0.333027 0.286479 -1.622024 0.351873 0.307016 -1.562762 0.365905 0.327847 -1.496557 0.378405 0.346595 -1.428296 0.390209 0.363732 -1.372742 0.399353 0.383107 -1.304162 0.414844 0.371314 -1.230971 0.430617 0.389189 1.292518 0.429663 0.372488 1.308492 0.430926 0.316087 1.354883 0.413665 0.349394 1.429617 0.391935 0.361490 1.501099 0.371839 0.383414 -1.724887 0.308096 0.176191 -1.679745 0.333220 0.209872 -1.625579 0.352966 0.233799 -1.565322 0.368399 0.252428 -1.500249 0.381631 0.269162 -1.431194 0.394539 0.285953 -1.355665 0.408718 0.308016 -1.246695 0.432793 0.326563 -1.286648 0.425150 0.298638 1.323013 0.431711 0.259743 1.367143 0.417234 0.269127 1.431165 0.397813 0.277737 1.510264 0.375098 0.289173 -1.726306 0.308791 0.098122 -1.682021 0.333813 0.132356 -1.628147 0.353767 0.157688 -1.567769 0.369816 0.176525 -1.503215 0.383686 0.192008 -1.435908 0.397085 0.206666 -1.366511 0.411271 0.222061 -1.297130 0.426884 0.235108 1.360154 0.423272 0.218737 1.370661 0.423520 0.159729 1.422706 0.405446 0.194078 1.498957 0.382217 0.204937 1.571371 0.360213 0.210458 1.622753 0.342843 0.193293 -1.726809 0.309131 0.021030 -1.683062 0.334157 0.055102 -1.629532 0.354239 0.080721 -1.569328 0.370582 0.099790 -1.505159 0.384836 0.114882 -1.438966 0.398578 0.128492 -1.371953 0.412949 0.142367 -1.305078 0.428528 0.156974 1.374860 0.425262 0.085707 1.432338 0.406290 0.105884 1.494235 0.386466 0.124129 1.558659 0.365730 0.136330 1.615242 0.345553 0.144641 -1.726840 0.309064 -0.055107 -1.683461 0.333990 -0.021688 -1.630091 0.354163 0.003600 -1.569951 0.370721 0.022589 -1.505970 0.385245 0.037545 -1.440358 0.399248 0.050736 -1.374507 0.413830 0.063975 -1.309238 0.429555 0.078359 1.375590 0.426536 0.010159 1.433736 0.407556 0.028139 1.493294 0.388374 0.044935 1.553614 0.368375 0.060705 1.610410 0.347403 0.075900 -1.726894 0.308631 -0.129596 -1.683852 0.333160 -0.097660 -1.630356 0.353333 -0.073428 -1.569909 0.370100 -0.054952 -1.505747 0.384898 -0.040157 -1.440305 0.399152 -0.027070 -1.375011 0.413940 -0.014101 -1.310546 0.429869 -0.000091 1.374121 0.426697 -0.065874 1.431604 0.408258 -0.045800 1.489736 0.389661 -0.030967 1.549798 0.369704 -0.016495 1.606725 0.348609 0.002004 -1.727597 0.307824 -0.200604 -1.685138 0.331447 -0.172037 -1.631156 0.351487 -0.150139 -1.569728 0.368489 -0.132947 -1.504660 0.383658 -0.118564 -1.438870 0.398236 -0.105360 -1.373834 0.413238 -0.092241 -1.309812 0.429352 -0.078507 1.369813 0.425882 -0.143179 1.431213 0.406611 -0.121539 1.480205 0.391734 -0.094223 1.543499 0.370389 -0.101201 1.603323 0.349057 -0.072410 -1.729791 0.306131 -0.263728 -1.688736 0.328243 -0.243619 -1.633838 0.348195 -0.226160 -1.570428 0.365519 -0.211674 -1.503094 0.381260 -0.198311 -1.435805 0.396391 -0.184982 -1.370777 0.411681 -0.170884 -1.307506 0.427867 -0.156742 1.362417 0.425015 -0.207698 1.426599 0.404012 -0.209153 1.500155 0.382409 -0.171325 -1.697116 0.321639 -0.314013 -1.640436 0.342854 -0.300140 -1.573789 0.360626 -0.292166 -1.502329 0.377239 -0.279868 -1.430759 0.393402 -0.267645 -1.364400 0.409373 -0.251538 -1.303309 0.425449 -0.234383 1.325829 0.435050 -0.239694 1.314676 0.433264 -0.303917 1.380800 0.413885 -0.278274 1.443223 0.393853 -0.284936 1.493682 0.379853 -0.258789 -1.687027 0.321585 -0.380306 -1.651924 0.336504 -0.356289 -1.583742 0.352620 -0.381145 -1.503323 0.371290 -0.363673 -1.427660 0.388258 -0.352033 -1.348799 0.406870 -0.342251 -1.295743 0.422558 -0.309773 1.300763 0.429781 -0.380062 1.363287 0.412002 -0.359137 1.425541 0.394273 -0.345954 1.486489 0.376779 -0.334606 -1.679316 0.320011 -0.429168 -1.639448 0.335680 -0.416285 -1.501123 0.364798 -0.447493 -1.426305 0.381108 -0.436035 -1.351792 0.398487 -0.426526 -1.282275 0.421093 -0.369733 -1.287313 0.414789 -0.420054 -1.242479 0.427421 -0.412244 1.286784 0.426536 -0.442392 1.348790 0.407341 -0.441624 1.406273 0.394028 -0.407992 1.470168 0.374924 -0.413998 -1.423544 0.372595 -0.521219 -1.347610 0.390275 -0.509587 -1.271375 0.409432 -0.501409 -1.225779 0.425419 -0.468989 1.247368 0.434883 -0.474609 1.229209 0.431070 -0.537967 1.298352 0.413562 -0.510138 1.361856 0.394610 -0.513540 1.421537 0.381771 -0.482405 -1.400401 0.367496 -0.600666 -1.340779 0.381326 -0.591415 -1.269929 0.398734 -0.583579 -1.207407 0.422933 -0.525962 -1.207920 0.415399 -0.576647 -1.165822 0.428333 -0.566607 1.209817 0.426506 -0.601531 1.274964 0.407219 -0.599274 1.337223 0.394500 -0.565989 1.402126 0.376540 -0.571248 -1.337453 0.370948 -0.671371 -1.263568 0.388289 -0.664738 -1.186482 0.407916 -0.659319 -1.144632 0.424954 -0.623938 1.168738 0.434083 -0.631529 1.151932 0.430368 -0.677982 1.216089 0.411843 -0.673105 1.284848 0.392947 -0.671434 1.347985 0.381400 -0.639614 -1.318123 0.363752 -0.748270 -1.258546 0.377161 -0.743119 -1.186182 0.394128 -0.741235 -1.120509 0.421286 -0.682718 -1.110234 0.412680 -0.743529 -1.077220 0.426346 -0.718570 1.110391 0.437378 -0.706897 1.086349 0.431368 -0.768574 1.157657 0.415839 -0.741818 1.218497 0.398254 -0.744721 1.261431 0.390866 -0.721613 1.323814 0.374387 -0.727562 -1.258678 0.365544 -0.815973 -1.185245 0.380952 -0.818427 -1.110988 0.398087 -0.819219 -1.050811 0.424745 -0.762582 -1.036857 0.416083 -0.821677 -1.007297 0.429890 -0.793675 1.059870 0.424988 -0.831179 1.126676 0.406767 -0.829748 1.193279 0.395726 -0.795378 1.264337 0.377898 -0.795252 -1.185745 0.367267 -0.896754 -1.109531 0.384000 -0.894949 -1.035924 0.400785 -0.895934 -0.977978 0.427803 -0.838637 -0.962285 0.418262 -0.898157 -0.933244 0.432355 -0.869550 1.013715 0.431226 -0.860188 0.990286 0.426089 -0.907363 1.058881 0.408643 -0.904062 1.131325 0.390826 -0.901934 1.199765 0.380650 -0.868742 -1.162838 0.358375 -0.974932 -1.104131 0.371063 -0.969794 -1.033622 0.386106 -0.969798 -0.960578 0.402112 -0.971715 -0.902799 0.429372 -0.914795 -0.886572 0.418892 -0.974052 -0.857439 0.433061 -0.945547 0.944653 0.431905 -0.932077 0.920528 0.425939 -0.977940 0.988614 0.409373 -0.976560 1.057599 0.393078 -0.975741 1.103769 0.387198 -0.952264 1.168361 0.371373 -0.957600 -1.100699 0.358760 -1.040591 -1.031373 0.372191 -1.041724 -0.959044 0.386578 -1.044437 -0.884814 0.401888 -1.047230 -0.826621 0.429161 -0.990404 -0.810158 0.417922 -1.048995 -0.781216 0.431945 -1.020413 0.874764 0.431128 -1.000058 0.846247 0.425069 -1.045301 0.917073 0.408596 -1.046617 0.987348 0.393028 -1.046463 1.034105 0.388006 -1.023110 1.103709 0.372478 -1.024354 -1.030850 0.359038 -1.110556 -0.959326 0.371795 -1.114742 -0.883888 0.385383 -1.120625 -0.808058 0.400254 -1.122224 -0.750302 0.427301 -1.064231 -0.733125 0.415557 -1.122093 -0.705417 0.429331 -1.092469 0.723916 0.437770 -1.092678 0.692844 0.431072 -1.134877 0.757278 0.416263 -1.141974 0.784640 0.431664 -1.070006 0.843605 0.406882 -1.113394 0.914161 0.390775 -1.120063 0.963894 0.387108 -1.092980 1.034742 0.372402 -1.093747 -0.965008 0.359127 -1.173097 -0.885636 0.368603 -1.197108 -0.806320 0.383179 -1.196602 -0.730107 0.397416 -1.195779 -0.674113 0.424212 -1.134691 -0.654179 0.412035 -1.193176 -0.630188 0.425924 -1.159297 0.571724 0.440677 -1.175792 0.540427 0.433096 -1.216100 0.606588 0.419044 -1.226563 0.632465 0.436110 -1.155896 0.691955 0.412677 -1.197541 0.758352 0.398859 -1.204343 0.808501 0.396006 -1.180453 0.880283 0.380676 -1.189032 0.968302 0.371227 -1.158592 -0.802411 0.367207 -1.272397 -0.728192 0.380225 -1.269373 -0.651386 0.393077 -1.268520 -0.593144 0.420907 -1.201077 -0.568210 0.406750 -1.267113 -0.531973 0.425227 -1.222066 -0.478703 0.413956 -1.289429 -0.458578 0.431763 -1.238758 -0.406602 0.420896 -1.299321 -0.398719 0.435149 -1.255861 0.418852 0.440455 -1.249651 0.387514 0.432185 -1.288058 0.453916 0.419570 -1.301658 0.479558 0.437067 -1.233541 0.538562 0.414532 -1.278499 0.605555 0.400960 -1.291069 0.668200 0.396665 -1.270790 0.731021 0.392121 -1.248279 0.805582 0.378295 -1.253754 -0.726340 0.364724 -1.340402 -0.653411 0.375663 -1.339679 -0.575209 0.386136 -1.342738 -0.494096 0.395477 -1.348832 -0.413670 0.403196 -1.357231 -0.357207 0.428327 -1.295445 -0.333427 0.412543 -1.356154 -0.300105 0.429903 -1.311107 -0.252480 0.416541 -1.368810 -0.243147 0.430963 -1.325515 0.182725 0.438618 -1.326151 0.152167 0.428526 -1.362297 0.221464 0.418671 -1.381589 0.247139 0.437728 -1.315135 0.302965 0.416771 -1.367041 0.324723 0.435061 -1.301268 0.386942 0.413084 -1.351162 0.455169 0.401879 -1.362609 0.513267 0.399031 -1.346656 0.573398 0.394376 -1.333448 0.643392 0.381265 -1.346281 0.733777 0.375253 -1.315539 -0.659124 0.361609 -1.398311 -0.581462 0.367784 -1.415066 -0.503966 0.377528 -1.413402 -0.425970 0.384699 -1.419398 -0.344166 0.390961 -1.426774 -0.260536 0.397246 -1.430482 -0.201654 0.422767 -1.362222 -0.176465 0.405222 -1.423821 -0.141839 0.423263 -1.372507 -0.087093 0.406355 -1.434167 -0.066404 0.425308 -1.376072 -0.007047 0.407779 -1.435661 0.011329 0.427028 -1.375073 0.072177 0.408682 -1.432457 0.088838 0.428118 -1.369852 0.156332 0.408956 -1.424433 0.226585 0.400286 -1.442171 0.283603 0.400226 -1.429012 0.355399 0.396395 -1.420848 0.431094 0.390584 -1.414152 0.492503 0.387795 -1.398371 0.568609 0.376983 -1.404833 -0.508951 0.362248 -1.471920 -0.439722 0.367619 -1.477921 -0.361635 0.372167 -1.487861 -0.271024 0.374590 -1.505132 -0.186711 0.382323 -1.497593 -0.105799 0.386803 -1.495291 -0.025594 0.388730 -1.496019 0.052962 0.389721 -1.494154 0.130661 0.389900 -1.489573 0.203008 0.388231 -1.486730 0.269127 0.385089 -1.484754 0.327196 0.384030 -1.473370 0.402115 0.373557 -1.487034 0.496452 0.370756 -1.462721 -0.190341 0.360929 -1.566547 -0.117990 0.366703 -1.557442 -0.042617 0.369219 -1.555308 0.034584 0.370384 -1.553617 0.111905 0.370954 -1.549572 0.186993 0.371255 -1.542461 0.248291 0.372545 -1.530114 0.326480 0.363895 -1.541110 -0.126326 0.347871 -1.610247 -0.059357 0.349083 -1.609671 0.015405 0.349737 -1.609187 0.092709 0.350206 -1.606554 0.171336 0.350755 -1.600471 0.255316 0.351963 -1.588669 -0.113530 0.447279 1.228670 -0.029684 0.446836 1.238124 0.049075 0.446128 1.242028 0.127134 0.444762 1.242271 0.203515 0.442260 1.240719 0.273147 0.438193 1.240286 -0.353684 0.450032 1.160581 -0.272765 0.453940 1.174122 -0.184572 0.457702 1.184206 -0.109159 0.468085 1.166328 -0.045988 0.466713 1.177423 0.029706 0.466064 1.182648 0.107706 0.464891 1.183720 0.187390 0.462748 1.181477 0.266431 0.457934 1.181109 0.346471 0.448813 1.187655 0.432744 0.444401 1.171689 0.503014 0.437855 1.163270 -0.506780 0.451748 1.088410 -0.420458 0.457261 1.110988 -0.349136 0.469922 1.099566 -0.298469 0.468422 1.121450 -0.225013 0.479443 1.109897 -0.138824 0.483134 1.118091 -0.064057 0.486023 1.120604 0.009824 0.486409 1.124627 0.086817 0.485679 1.126139 0.166037 0.484084 1.123818 0.253751 0.482539 1.113331 0.334790 0.472943 1.119410 0.416382 0.465479 1.113122 0.497047 0.456670 1.105663 0.570877 0.443981 1.108921 -0.659885 0.449766 1.004012 -0.574188 0.457290 1.032939 -0.503747 0.471512 1.026194 -0.452216 0.471460 1.051901 -0.381398 0.485049 1.041879 -0.293773 0.489280 1.061514 -0.163251 0.502849 1.058784 -0.225726 0.501356 1.048145 -0.088393 0.505100 1.065472 -0.012866 0.506944 1.067835 0.064671 0.507109 1.068874 0.142640 0.505429 1.068731 0.217851 0.502966 1.065132 0.277088 0.502155 1.055309 0.318286 0.511298 1.019764 0.326795 0.494466 1.062144 0.399211 0.488001 1.055145 0.488408 0.481615 1.035357 0.571210 0.466305 1.037941 0.652203 0.450348 1.039634 0.732987 0.440615 1.017336 -0.728940 0.453150 0.941708 -0.656958 0.468899 0.940949 -0.606094 0.470250 0.970792 -0.536783 0.485220 0.965695 -0.450805 0.491972 0.990740 -0.321263 0.509495 0.995897 -0.384700 0.506229 0.980231 -0.257747 0.511669 1.011020 0.377716 0.509135 1.005596 0.451351 0.503618 0.991145 0.512277 0.500048 0.972567 0.549142 0.507284 0.932985 0.571587 0.490285 0.967379 0.647283 0.474360 0.967127 0.726054 0.459496 0.958932 0.801059 0.443538 0.955319 -0.875809 0.442670 0.849618 -0.797036 0.453775 0.882069 -0.742018 0.467562 0.879935 -0.686878 0.481135 0.877982 -0.604331 0.489969 0.909114 -0.480217 0.509922 0.924302 -0.540360 0.505379 0.903525 -0.418888 0.514336 0.942500 0.591770 0.505734 0.912122 0.627898 0.511730 0.870978 0.641063 0.495411 0.909139 0.721491 0.483511 0.886395 0.801075 0.464042 0.884912 0.875925 0.445664 0.883789 -0.932247 0.442072 0.790501 -0.871709 0.458757 0.788650 -0.825517 0.463854 0.816692 -0.755640 0.481847 0.817379 -0.631803 0.506071 0.839913 -0.689444 0.499701 0.815181 -0.573069 0.512190 0.862607 0.686167 0.505514 0.847291 0.744419 0.498626 0.822479 0.779482 0.502691 0.779828 0.803775 0.485755 0.811412 0.877377 0.465488 0.811211 0.951219 0.446030 0.809694 -0.961687 0.452248 0.708520 -0.897342 0.463073 0.741125 -0.827127 0.481764 0.745677 -0.716422 0.505859 0.771337 -0.760585 0.500039 0.748986 0.822092 0.498550 0.753519 0.851130 0.502347 0.711274 0.878996 0.485720 0.738867 0.951695 0.464722 0.736832 1.024826 0.444492 0.734762 -1.020701 0.449209 0.641688 -0.957682 0.468337 0.638938 -0.893233 0.480188 0.672953 -0.783565 0.505799 0.703765 -0.828182 0.499458 0.675919 0.893278 0.497527 0.682155 0.919127 0.500583 0.639819 0.951017 0.483823 0.663973 1.024276 0.461696 0.661477 1.094772 0.441165 0.661019 -1.048576 0.457258 0.556067 -0.987098 0.470066 0.586865 -0.924694 0.489821 0.586038 -0.854274 0.505931 0.615575 0.961301 0.495376 0.605145 0.985009 0.500677 0.547636 1.024848 0.479335 0.582762 1.095426 0.455633 0.589170 1.153740 0.437257 0.594672 -1.101566 0.453723 0.483411 -1.041740 0.469552 0.497824 -0.982651 0.485676 0.513248 -0.877448 0.512399 0.554121 -0.917962 0.505582 0.522311 1.006080 0.505538 0.491172 1.047167 0.489054 0.501469 1.105726 0.467552 0.510364 1.166018 0.446011 0.524812 -1.157922 0.447718 0.409858 -1.091729 0.467898 0.406236 -1.032886 0.481733 0.440206 -0.933109 0.509610 0.475156 -0.971879 0.501648 0.444231 1.047199 0.499027 0.450594 1.064655 0.503025 0.391724 1.110563 0.480852 0.426408 1.187163 0.453520 0.437678 -1.182077 0.450789 0.321503 -1.113815 0.469141 0.341861 -1.050321 0.487635 0.358166 -0.987061 0.506253 0.381055 1.078349 0.509234 0.319970 1.129170 0.487823 0.339151 1.189109 0.464810 0.353979 1.249004 0.444146 0.362798 -1.227841 0.443572 0.255740 -1.165495 0.461996 0.251164 -1.128861 0.470825 0.280435 -1.069013 0.490653 0.277860 -1.003964 0.510485 0.304066 1.091937 0.512199 0.261716 1.135361 0.495001 0.268416 1.193665 0.473115 0.274383 1.262387 0.448780 0.283500 -1.239103 0.445378 0.173175 -1.175031 0.463392 0.188697 -1.111237 0.482196 0.212236 -1.017598 0.512447 0.240667 -1.052943 0.502440 0.210181 1.128080 0.503370 0.219949 1.138489 0.504758 0.160931 1.187267 0.483425 0.195198 1.255563 0.458239 0.206028 1.315010 0.438030 0.211734 -1.245089 0.446539 0.094404 -1.182444 0.464640 0.111944 -1.121318 0.483622 0.131243 -1.062007 0.503348 0.149063 1.144023 0.507570 0.085674 1.198838 0.485415 0.108224 1.256315 0.463388 0.128348 1.315525 0.442283 0.143174 -1.247343 0.447083 0.015759 -1.185778 0.465420 0.033745 -1.125952 0.484640 0.053588 -1.068095 0.504409 0.074480 1.146885 0.509230 0.007880 1.202798 0.487178 0.029459 1.259474 0.465694 0.049614 1.317237 0.444931 0.067990 -1.246790 0.446875 -0.063294 -1.185444 0.465608 -0.045448 -1.126354 0.485184 -0.024855 -1.068891 0.505515 -0.002581 1.146994 0.509374 -0.069462 1.202783 0.487956 -0.047239 1.259552 0.466827 -0.027620 1.317496 0.446214 -0.008676 -1.244684 0.445561 -0.142446 -1.181899 0.465033 -0.126461 -1.122693 0.485166 -0.105069 -1.066770 0.505668 -0.081147 1.144450 0.507900 -0.146314 1.199606 0.487570 -0.121256 1.255350 0.467293 -0.102844 1.314451 0.446541 -0.086200 -1.241957 0.442868 -0.220563 -1.179068 0.462396 -0.207171 -1.110941 0.485526 -0.193356 -1.062271 0.504772 -0.157281 1.139102 0.504983 -0.223082 1.197640 0.484270 -0.196413 1.244940 0.468490 -0.165937 1.305746 0.446426 -0.169299 -1.238547 0.438938 -0.296095 -1.177362 0.457700 -0.285260 -1.115706 0.478361 -0.273515 -1.052471 0.505024 -0.216620 -1.059514 0.498583 -0.265737 -1.017549 0.514858 -0.257378 1.130700 0.502421 -0.285587 1.190321 0.479661 -0.282352 1.262258 0.457022 -0.240559 -1.235977 0.433889 -0.364569 -1.175478 0.451533 -0.361332 -1.111427 0.472472 -0.351970 -1.053405 0.493816 -0.336570 -1.004030 0.514097 -0.315899 1.095864 0.512289 -0.318122 1.081629 0.509146 -0.380439 1.144428 0.489150 -0.350472 1.201063 0.467541 -0.354200 1.251558 0.452433 -0.327877 -1.179795 0.441879 -0.438031 -1.107707 0.464383 -0.431580 -1.036338 0.489077 -0.422846 -0.990424 0.510253 -0.388551 1.062369 0.504020 -0.457769 1.126782 0.484106 -0.430820 1.179159 0.468898 -0.403762 1.236363 0.447905 -0.408137 -1.164641 0.435913 -0.516711 -1.104179 0.454385 -0.510719 -1.036490 0.476718 -0.504128 -0.974401 0.507471 -0.448037 -0.977018 0.498026 -0.498137 -0.934931 0.514746 -0.489563 1.044136 0.499190 -0.521558 1.104996 0.477304 -0.517454 1.183786 0.456091 -0.476920 -1.102809 0.442191 -0.590210 -1.031173 0.464791 -0.583454 -0.959680 0.489110 -0.577362 -0.917119 0.510315 -0.545853 1.004770 0.507657 -0.552296 0.987650 0.503539 -0.598937 1.049610 0.482908 -0.590284 1.105262 0.465614 -0.578467 1.158665 0.449048 -0.568543 -1.082072 0.434290 -0.668706 -1.024364 0.452082 -0.661441 -0.956796 0.473596 -0.656351 -0.898167 0.505185 -0.601718 -0.897511 0.494114 -0.650667 -0.857042 0.510076 -0.641085 0.946609 0.511601 -0.626577 0.926383 0.506671 -0.673560 0.990704 0.486339 -0.665606 1.049231 0.469762 -0.650759 1.105750 0.453176 -0.638863 -1.020475 0.438376 -0.735562 -0.950251 0.458563 -0.734014 -0.875018 0.482045 -0.730245 -0.835455 0.503547 -0.695905 0.883711 0.512835 -0.704041 0.856570 0.504898 -0.763074 0.926778 0.489503 -0.736700 0.986820 0.469320 -0.739375 1.049248 0.456379 -0.709057 -0.948413 0.442012 -0.809712 -0.873884 0.462470 -0.809947 -0.810730 0.496706 -0.751834 -0.797416 0.484098 -0.811439 -0.768647 0.500878 -0.783596 0.828503 0.496989 -0.819500 0.888799 0.478593 -0.819351 0.952532 0.466852 -0.790956 1.013609 0.447093 -0.794695 -0.873102 0.443858 -0.885701 -0.796843 0.463404 -0.887257 -0.737242 0.497767 -0.825779 -0.716907 0.484191 -0.889486 -0.680574 0.505838 -0.852002 -0.638208 0.497588 -0.913979 -0.623601 0.513334 -0.877329 0.785529 0.502215 -0.843892 0.760491 0.495523 -0.886358 0.825757 0.478061 -0.883700 0.884734 0.463757 -0.875562 0.945872 0.449327 -0.864334 -0.797011 0.443562 -0.961488 -0.721036 0.461431 -0.963676 -0.645117 0.478065 -0.969850 -0.589189 0.508541 -0.919466 -0.572528 0.494465 -0.973329 -0.546655 0.510771 -0.943763 0.644987 0.508749 -0.934952 0.611823 0.502063 -0.975324 0.674482 0.485131 -0.981858 0.703550 0.501959 -0.912209 0.760230 0.475437 -0.947576 0.819177 0.462457 -0.940539 0.878428 0.448771 -0.933943 -0.721606 0.441338 -1.035100 -0.647785 0.457279 -1.036530 -0.573404 0.472581 -1.039482 -0.516309 0.504039 -0.983828 -0.498029 0.488512 -1.039524 -0.473410 0.505272 -1.006805 0.488946 0.512708 -1.015485 0.456963 0.503864 -1.054192 0.520733 0.488576 -1.063857 0.550362 0.507802 -0.995852 0.608183 0.480993 -1.036165 0.667089 0.469118 -1.033740 0.725994 0.457089 -1.029900 0.812606 0.447370 -0.995610 -0.648239 0.437820 -1.103858 -0.577140 0.451749 -1.104339 -0.499691 0.464642 -1.110217 -0.437118 0.498114 -1.047145 -0.413697 0.479425 -1.111874 -0.375653 0.502007 -1.066827 -0.322885 0.486673 -1.132043 -0.301673 0.508218 -1.081743 -0.250345 0.493927 -1.138900 -0.242223 0.510964 -1.096255 0.334322 0.510560 -1.085918 0.302648 0.500704 -1.122005 0.366920 0.487262 -1.135622 0.395711 0.507616 -1.070535 0.454361 0.482074 -1.113681 0.513757 0.471585 -1.114613 0.573290 0.460821 -1.114177 0.660307 0.453222 -1.085607 -0.581998 0.434242 -1.160954 -0.512129 0.443296 -1.171765 -0.424082 0.451603 -1.190963 -0.338752 0.463505 -1.192131 -0.257432 0.472112 -1.196741 -0.200941 0.502139 -1.132070 -0.177096 0.482543 -1.190064 -0.142158 0.503411 -1.141923 -0.090197 0.484789 -1.199915 -0.068020 0.506364 -1.145366 -0.012522 0.486926 -1.201263 0.008449 0.508388 -1.145082 0.061506 0.487908 -1.198843 0.085813 0.508261 -1.143454 0.135871 0.485721 -1.198281 0.163900 0.505980 -1.140376 0.215654 0.481952 -1.194456 0.240893 0.503000 -1.132756 0.301584 0.479166 -1.179672 0.360619 0.470095 -1.185179 0.420101 0.460692 -1.188648 0.507356 0.455039 -1.165470 -0.347599 0.442794 -1.252320 -0.267129 0.447828 -1.265312 -0.188560 0.457565 -1.258020 -0.110166 0.463026 -1.257510 -0.031333 0.465810 -1.258277 0.044341 0.467727 -1.254699 0.107026 0.469986 -1.244845 0.181492 0.460009 -1.262596 0.270690 0.457830 -1.248585 0.354633 0.453530 -1.234873 -0.194547 0.437455 -1.317389 -0.125048 0.441994 -1.317132 -0.048737 0.445063 -1.317147 0.029377 0.447046 -1.314249 0.112179 0.448539 -1.305715 -0.190203 0.523753 0.997046 -0.112759 0.524539 1.010652 -0.039683 0.527237 1.012885 0.039713 0.529745 1.010056 0.121489 0.528216 1.011054 0.198779 0.524094 1.012518 0.268744 0.518897 1.012375 -0.352532 0.530201 0.927950 -0.259010 0.534531 0.949960 -0.186643 0.546321 0.940273 -0.127634 0.544957 0.956256 -0.068354 0.543292 0.969386 0.003893 0.553630 0.949308 0.100446 0.554950 0.945318 0.182590 0.547361 0.955562 0.259381 0.540882 0.957066 0.341136 0.531009 0.959505 0.429662 0.525301 0.941359 0.501000 0.516445 0.932568 -0.508517 0.529072 0.853704 -0.427370 0.533058 0.886819 -0.366400 0.555661 0.855636 -0.291348 0.557554 0.880428 -0.214504 0.562341 0.892760 -0.142470 0.565663 0.901884 -0.066049 0.565811 0.913964 0.061532 0.576716 0.894334 -0.000458 0.576915 0.893073 0.121790 0.577612 0.889504 0.163416 0.588620 0.857657 0.172462 0.570319 0.900717 0.243345 0.564606 0.900996 0.322083 0.557986 0.895931 0.412483 0.551818 0.878483 0.494624 0.538101 0.876084 0.569147 0.522690 0.876887 -0.656563 0.522741 0.767811 -0.581072 0.529724 0.804409 -0.519785 0.553704 0.777003 -0.438555 0.558398 0.813021 -0.314658 0.578832 0.818105 -0.374387 0.574904 0.802778 -0.241469 0.582881 0.833574 -0.166466 0.586257 0.845816 -0.093759 0.587472 0.857435 -0.033634 0.587812 0.864435 0.224081 0.587289 0.848966 0.300400 0.582042 0.841569 0.376640 0.575489 0.832090 0.436763 0.571373 0.817890 0.478214 0.577850 0.779456 0.487390 0.560654 0.820130 0.568480 0.549375 0.802263 0.651187 0.527783 0.806336 0.730439 0.514253 0.785132 -0.719397 0.523981 0.706025 -0.660390 0.538967 0.712817 -0.596757 0.553328 0.722014 -0.466433 0.578027 0.743922 -0.527066 0.572182 0.720347 -0.407154 0.582836 0.765510 0.534528 0.572312 0.761300 0.591791 0.566559 0.739715 0.626414 0.571741 0.698869 0.650843 0.553996 0.730215 0.724766 0.534034 0.727451 0.795556 0.514681 0.724597 -0.781227 0.522759 0.641790 -0.726413 0.539026 0.645953 -0.667821 0.554753 0.653561 -0.556979 0.578878 0.678405 -0.602640 0.573395 0.656524 0.668184 0.568439 0.673752 0.696304 0.573014 0.632877 0.724127 0.556006 0.659183 0.794982 0.534614 0.656679 0.863738 0.513564 0.656010 -0.818390 0.530025 0.563308 -0.735340 0.553549 0.581432 -0.627127 0.579937 0.612244 -0.670844 0.573404 0.587825 0.737354 0.568780 0.604596 0.761949 0.572327 0.563630 0.794013 0.554974 0.586334 0.865114 0.531506 0.585051 0.923541 0.510980 0.591322 -0.869252 0.529956 0.484309 -0.789086 0.554370 0.502924 -0.691467 0.579088 0.542364 -0.732031 0.572699 0.512133 0.803149 0.567427 0.528793 0.824605 0.573773 0.470373 0.867564 0.550198 0.505494 0.943356 0.522027 0.513969 -0.920730 0.524849 0.413110 -0.870793 0.541972 0.420340 -0.820591 0.559719 0.424713 -0.753765 0.578839 0.451702 0.841771 0.583076 0.399533 0.890839 0.561048 0.419148 0.947126 0.537266 0.434839 1.004476 0.515504 0.442345 -0.938576 0.531160 0.328447 -0.869053 0.552828 0.360056 -0.773795 0.583669 0.392941 -0.811452 0.574972 0.361580 0.858917 0.588592 0.340971 0.901626 0.571060 0.348736 0.957778 0.548202 0.356375 1.014515 0.524434 0.371981 -0.956938 0.534910 0.239944 -0.888757 0.557345 0.273905 -0.825707 0.578808 0.299650 0.898074 0.581265 0.299943 0.913377 0.584029 0.243291 0.957367 0.561562 0.277106 1.030597 0.531754 0.286819 -1.001581 0.523980 0.172624 -0.944650 0.546348 0.166898 -0.897800 0.562451 0.194432 -0.838766 0.583213 0.221932 0.927676 0.586032 0.186439 0.968871 0.567999 0.197770 1.025102 0.544157 0.207370 1.083845 0.520761 0.213322 -1.013137 0.524046 0.095484 -0.958808 0.544594 0.107670 -0.904144 0.565629 0.120562 -0.848132 0.586597 0.144110 0.963234 0.576029 0.146595 0.973954 0.576053 0.086736 1.020405 0.554089 0.126283 1.084151 0.527224 0.143005 -1.013807 0.525964 0.021957 -0.970564 0.542333 0.048434 -0.914311 0.565133 0.042868 -0.856069 0.587997 0.067912 0.979428 0.577071 0.010200 1.032587 0.554318 0.038328 1.087575 0.530884 0.064271 -1.009110 0.527886 -0.057709 -0.949243 0.551918 -0.025066 -0.862602 0.587479 0.005726 -0.893119 0.575245 -0.024684 0.980888 0.577003 -0.068169 1.036026 0.554442 -0.041808 1.091254 0.531761 -0.015825 -1.008176 0.526055 -0.137750 -0.944012 0.552373 -0.120425 -0.894621 0.574076 -0.085098 0.977576 0.576033 -0.144330 1.033999 0.553695 -0.121074 1.090958 0.531271 -0.094619 -1.009517 0.521622 -0.208331 -0.953688 0.544057 -0.200415 -0.889107 0.574565 -0.143507 -0.898877 0.567310 -0.192611 -0.857093 0.585449 -0.184224 0.970675 0.574966 -0.205218 1.025144 0.552485 -0.204155 1.086549 0.529502 -0.173902 -0.959395 0.534926 -0.279404 -0.897857 0.561384 -0.263116 -0.846367 0.584579 -0.243553 0.937133 0.585490 -0.236904 0.923688 0.583111 -0.300114 0.986679 0.561916 -0.268550 1.033509 0.543878 -0.261833 1.079468 0.525844 -0.255078 -0.940462 0.531846 -0.366764 -0.887965 0.555763 -0.342842 -0.835881 0.580058 -0.319291 0.905144 0.578901 -0.378463 0.970408 0.557126 -0.352217 1.038691 0.534519 -0.320232 -0.930524 0.524686 -0.440217 -0.866501 0.550313 -0.432714 -0.822972 0.574233 -0.395039 0.887279 0.574977 -0.441808 0.945532 0.552424 -0.439881 1.016577 0.530299 -0.406752 -0.872747 0.532378 -0.514595 -0.805230 0.570770 -0.455306 -0.800513 0.560130 -0.513166 -0.766710 0.578530 -0.490813 0.849245 0.583792 -0.470855 0.833064 0.580028 -0.515171 0.892195 0.559106 -0.509217 0.945041 0.541101 -0.500080 0.995395 0.523484 -0.491091 -0.856906 0.521297 -0.592474 -0.798447 0.543186 -0.586751 -0.746298 0.576797 -0.531641 -0.742731 0.565697 -0.579103 -0.705782 0.582774 -0.565141 0.792577 0.587767 -0.542580 0.766984 0.581245 -0.600483 0.837265 0.563497 -0.575061 0.889495 0.546058 -0.569861 0.943611 0.528324 -0.560297 -0.794659 0.525054 -0.663406 -0.719630 0.552249 -0.656371 -0.681952 0.575887 -0.620227 0.740770 0.573279 -0.659556 0.799364 0.555718 -0.651768 0.881985 0.532097 -0.634281 -0.774951 0.511916 -0.736667 -0.716711 0.530943 -0.732744 -0.656500 0.568226 -0.675612 -0.642868 0.553565 -0.734831 -0.614492 0.572289 -0.706102 0.697945 0.578451 -0.687766 0.675169 0.571358 -0.731489 0.740902 0.552299 -0.727114 0.824998 0.529962 -0.711372 -0.720863 0.512815 -0.790856 -0.644745 0.528019 -0.812520 -0.582968 0.568103 -0.747408 -0.562350 0.551941 -0.810601 -0.526625 0.575749 -0.771521 -0.483918 0.565854 -0.830968 -0.470670 0.582707 -0.793816 0.630765 0.576869 -0.753082 0.602037 0.570201 -0.793923 0.669752 0.550830 -0.796081 0.730999 0.535962 -0.788308 0.785179 0.520439 -0.785537 -0.564012 0.525516 -0.886704 -0.489595 0.543810 -0.886983 -0.436284 0.576987 -0.833193 -0.417154 0.561036 -0.886101 -0.395054 0.578852 -0.852706 0.410606 0.588157 -0.857873 0.378366 0.579256 -0.894641 0.440000 0.563761 -0.906636 0.470648 0.583099 -0.840704 0.520321 0.556398 -0.883198 0.542547 0.576476 -0.816477 0.595129 0.551574 -0.849482 0.653751 0.526787 -0.877310 0.727178 0.519297 -0.841975 -0.490606 0.520248 -0.952965 -0.418860 0.536113 -0.951062 -0.359199 0.571391 -0.890694 -0.336948 0.551204 -0.952167 -0.298695 0.575116 -0.907673 -0.245856 0.557629 -0.972135 -0.222982 0.581425 -0.919110 -0.167755 0.564305 -0.978956 -0.147673 0.586171 -0.928483 -0.098334 0.569798 -0.980294 -0.088776 0.586984 -0.938955 0.177206 0.587699 -0.931720 0.145725 0.576303 -0.965577 0.212036 0.565077 -0.981522 0.240371 0.586412 -0.920779 0.291111 0.561929 -0.968487 0.316758 0.582926 -0.907360 0.374581 0.556722 -0.952688 0.432929 0.546021 -0.955762 0.491377 0.534731 -0.955952 0.581188 0.527065 -0.925224 -0.424911 0.514513 -1.007546 -0.353859 0.524019 -1.016528 -0.265311 0.530547 -1.035409 -0.183964 0.540912 -1.034109 -0.108411 0.547586 -1.033735 -0.049182 0.576462 -0.970702 -0.029017 0.554996 -1.024691 0.009155 0.575419 -0.975849 0.059213 0.553624 -1.029167 0.083285 0.575832 -0.972761 0.146201 0.553102 -1.022941 0.217180 0.542891 -1.036445 0.265457 0.545534 -1.017787 0.336670 0.533535 -1.025456 0.425345 0.528028 -1.004927 -0.193033 0.518989 -1.089124 -0.123884 0.524619 -1.089757 -0.048114 0.529043 -1.088623 0.031684 0.530914 -1.087080 0.113201 0.529907 -1.085281 0.191922 0.526510 -1.082663 0.269882 0.523358 -1.072665 0.032344 0.599682 0.838507 0.111880 0.596287 0.844157 -0.345159 0.597579 0.756977 -0.269184 0.603005 0.773736 -0.192556 0.607918 0.785177 -0.113762 0.609881 0.798599 -0.039699 0.608030 0.814253 0.022708 0.626723 0.772673 0.105655 0.623146 0.778703 0.188064 0.610024 0.799210 0.278346 0.605909 0.786773 0.359397 0.598395 0.778051 0.430040 0.588409 0.774409 -0.494412 0.595397 0.676079 -0.410928 0.603826 0.705925 -0.343911 0.619030 0.700896 -0.295288 0.618385 0.724584 -0.225400 0.630510 0.717761 -0.138206 0.632966 0.735272 -0.050724 0.634593 0.747140 0.075087 0.645428 0.726228 0.015938 0.646716 0.723259 0.131667 0.644553 0.724170 0.173885 0.653713 0.692590 0.180735 0.636014 0.736465 0.254896 0.629726 0.732774 0.345346 0.624854 0.712712 0.427397 0.610236 0.713977 0.503192 0.593491 0.718858 0.578596 0.582239 0.702415 -0.562355 0.598331 0.612929 -0.492142 0.616035 0.617031 -0.442860 0.617822 0.647209 -0.375252 0.633473 0.643407 -0.291970 0.639845 0.667904 -0.162465 0.655172 0.671414 -0.226417 0.653210 0.657922 -0.082451 0.656985 0.684127 -0.016861 0.657483 0.692592 0.233255 0.651343 0.682572 0.306351 0.646491 0.670697 0.366743 0.643877 0.652598 0.402288 0.650894 0.613813 0.426901 0.634605 0.645501 0.500970 0.617527 0.648038 0.573411 0.601047 0.646251 0.642067 0.584115 0.645279 -0.628954 0.597940 0.547368 -0.573261 0.613525 0.553564 -0.518868 0.628167 0.555780 -0.439829 0.638140 0.588220 -0.317743 0.658481 0.602343 -0.377165 0.653779 0.583230 -0.257715 0.662437 0.619883 0.445054 0.649658 0.590859 0.475207 0.655305 0.550613 0.502156 0.639765 0.579115 0.573147 0.621434 0.579494 0.641926 0.602973 0.579559 0.708004 0.584316 0.579872 -0.685866 0.596072 0.481464 -0.634279 0.612020 0.488972 -0.579761 0.627741 0.495243 -0.462383 0.653583 0.520658 -0.517361 0.646136 0.496622 -0.406435 0.660380 0.542676 0.518457 0.652768 0.523890 0.547968 0.656697 0.481817 0.575159 0.641312 0.510038 0.644034 0.621211 0.510677 0.708784 0.601159 0.513573 0.764327 0.582919 0.518008 -0.714863 0.604693 0.395787 -0.638414 0.624455 0.429987 -0.539565 0.650947 0.454645 -0.579581 0.644466 0.429884 0.590925 0.652426 0.453456 0.619264 0.654635 0.410546 0.646933 0.639084 0.438885 0.715311 0.616615 0.441056 0.775576 0.594593 0.451558 -0.762564 0.598697 0.331182 -0.715048 0.615904 0.338051 -0.666102 0.632490 0.344495 -0.600191 0.650174 0.371506 0.661163 0.648641 0.381211 0.686223 0.649656 0.338368 0.717997 0.633122 0.364583 0.794162 0.606158 0.367090 -0.777057 0.604490 0.250041 -0.711463 0.626064 0.280555 -0.618216 0.655325 0.312579 -0.655156 0.647254 0.281739 0.726964 0.642574 0.303848 0.747438 0.645102 0.245875 0.788812 0.623888 0.282689 0.854505 0.598835 0.290313 -0.788849 0.608310 0.170076 -0.727785 0.629889 0.197199 -0.667188 0.650573 0.220897 0.763640 0.647662 0.189296 0.805219 0.630898 0.199976 0.867712 0.605848 0.209061 -0.797242 0.610694 0.090083 -0.737244 0.632986 0.117256 -0.677103 0.654197 0.144191 0.799290 0.639497 0.148967 0.808114 0.640796 0.090197 0.856598 0.619346 0.126212 0.919628 0.594099 0.136206 -0.804362 0.611110 0.004194 -0.742248 0.635080 0.036787 -0.682719 0.656930 0.064785 0.809134 0.643917 0.016109 0.865417 0.621638 0.038092 0.921223 0.598498 0.063252 -0.840577 0.596752 -0.061725 -0.784011 0.619888 -0.068471 -0.740347 0.637255 -0.041505 -0.684258 0.658506 -0.014856 0.805796 0.646329 -0.046541 0.864379 0.623882 -0.048490 0.924327 0.599936 -0.016852 -0.846506 0.592399 -0.134988 -0.791931 0.614807 -0.129123 -0.737214 0.637168 -0.114856 -0.682669 0.658456 -0.092894 0.772594 0.657756 -0.077551 0.766545 0.657181 -0.141391 0.826835 0.637004 -0.113619 0.882479 0.615727 -0.119593 0.926448 0.598754 -0.095084 -0.799772 0.606645 -0.206443 -0.736797 0.633054 -0.188942 -0.680136 0.655898 -0.169347 0.758653 0.654253 -0.219033 0.818984 0.634941 -0.192208 0.866765 0.619166 -0.167408 0.921083 0.597336 -0.172459 -0.782893 0.604201 -0.295490 -0.729158 0.628448 -0.269211 -0.675213 0.651438 -0.245594 0.744937 0.650638 -0.296188 0.809042 0.630416 -0.272013 0.877684 0.608337 -0.238308 -0.771619 0.597494 -0.375343 -0.708126 0.624464 -0.359147 -0.664985 0.646642 -0.320157 0.728900 0.647593 -0.358759 0.787811 0.626410 -0.358653 0.858284 0.604776 -0.326415 -0.765408 0.588132 -0.444143 -0.708479 0.610164 -0.438616 -0.648286 0.644208 -0.379229 -0.643700 0.634715 -0.435894 -0.610523 0.651366 -0.413366 0.690237 0.655863 -0.387398 0.675569 0.652190 -0.432525 0.736400 0.632937 -0.426650 0.789357 0.616040 -0.418417 0.839194 0.598848 -0.410366 -0.712123 0.593913 -0.509081 -0.644178 0.617801 -0.507446 -0.590973 0.649684 -0.453128 -0.588309 0.639196 -0.499448 -0.551623 0.654280 -0.485355 0.635873 0.658538 -0.460101 0.615262 0.651343 -0.516845 0.684215 0.636189 -0.491972 0.736493 0.620793 -0.485197 0.789523 0.603988 -0.476901 -0.642449 0.598399 -0.584555 -0.565113 0.625535 -0.575769 -0.529284 0.647659 -0.537519 0.589719 0.644329 -0.572494 0.651098 0.625496 -0.574706 0.731827 0.607961 -0.543324 -0.621244 0.584401 -0.658951 -0.562342 0.603435 -0.653257 -0.500750 0.640955 -0.591021 -0.484162 0.625311 -0.654441 -0.446210 0.647273 -0.618296 -0.406802 0.638545 -0.675876 -0.393273 0.653475 -0.639422 0.480740 0.657981 -0.619218 0.451721 0.651343 -0.659846 0.514274 0.635835 -0.665057 0.535368 0.651240 -0.598259 0.591410 0.626171 -0.633114 0.643871 0.611772 -0.632048 0.695927 0.596844 -0.627490 -0.566885 0.584325 -0.711871 -0.491507 0.598216 -0.731338 -0.413846 0.617379 -0.731420 -0.360166 0.648682 -0.677614 -0.341898 0.633916 -0.729456 -0.319909 0.650166 -0.696111 0.330827 0.660520 -0.695302 0.299637 0.651801 -0.732641 0.363402 0.637634 -0.745915 0.391576 0.656233 -0.678408 0.450397 0.630303 -0.721988 0.519795 0.615631 -0.722296 0.566602 0.614055 -0.693014 0.634526 0.596574 -0.689409 -0.414254 0.593826 -0.798919 -0.343572 0.609897 -0.793962 -0.284953 0.643108 -0.732767 -0.263829 0.623972 -0.792037 -0.225423 0.645502 -0.748018 -0.173115 0.627984 -0.811292 -0.150161 0.650278 -0.756276 -0.091443 0.632507 -0.817292 -0.072776 0.654861 -0.758837 -0.014285 0.636731 -0.815349 0.004296 0.658146 -0.757502 0.059159 0.638937 -0.811174 0.081683 0.659088 -0.754633 0.133068 0.637299 -0.809532 0.160220 0.657383 -0.750998 0.212531 0.633558 -0.805210 0.237717 0.654403 -0.743441 0.298157 0.630408 -0.790450 0.356424 0.620693 -0.795871 0.413939 0.609723 -0.798545 0.494987 0.601904 -0.776029 0.570556 0.593529 -0.750137 -0.348319 0.588381 -0.850810 -0.279349 0.597822 -0.855841 -0.199300 0.604647 -0.865768 -0.109821 0.607092 -0.881586 -0.030187 0.614485 -0.873170 0.043257 0.618117 -0.866524 0.104774 0.621136 -0.855734 0.177848 0.610776 -0.871759 0.266032 0.608256 -0.857710 0.348881 0.603163 -0.844217 -0.039715 0.593219 -0.928308 0.029353 0.596304 -0.922848 0.109013 0.598385 -0.913565 0.052060 0.666505 0.670290 0.125712 0.661395 0.679201 -0.192633 0.675396 0.606100 -0.107071 0.678628 0.619102 -0.016325 0.679532 0.630547 0.061001 0.687967 0.609264 0.124295 0.682129 0.619519 0.200925 0.671793 0.632684 0.285893 0.666010 0.621255 0.354685 0.658668 0.614078 -0.344007 0.675552 0.533551 -0.257552 0.682362 0.558471 -0.197252 0.691826 0.555971 -0.135964 0.699653 0.549688 -0.048774 0.700933 0.563295 0.032589 0.703106 0.563522 0.115960 0.704485 0.553716 0.194018 0.695717 0.561783 0.273332 0.686614 0.560778 0.349496 0.676227 0.558194 0.419447 0.663563 0.560354 -0.481634 0.667230 0.452624 -0.405480 0.677766 0.482026 -0.349880 0.690390 0.479160 -0.288942 0.701122 0.478064 -0.200004 0.707066 0.503399 -0.068785 0.719635 0.499536 -0.131781 0.718776 0.488697 0.007653 0.720182 0.506814 0.080662 0.720323 0.506669 0.137423 0.720883 0.498501 0.176728 0.727430 0.463891 0.186515 0.714814 0.504403 0.266284 0.708977 0.489892 0.345640 0.695543 0.492327 0.419425 0.681647 0.493083 0.490852 0.666503 0.494736 -0.534077 0.666029 0.395279 -0.475010 0.683270 0.393186 -0.430247 0.688149 0.419742 -0.357518 0.704259 0.417891 -0.222299 0.723586 0.431996 -0.284988 0.719442 0.411936 -0.160217 0.726765 0.449516 0.231710 0.725425 0.448822 0.288108 0.723072 0.429725 0.322012 0.727514 0.390198 0.346491 0.714742 0.421711 0.419268 0.699354 0.423507 0.491404 0.683210 0.424029 0.562567 0.666180 0.424754 -0.556797 0.674636 0.314353 -0.496940 0.686736 0.346145 -0.425892 0.704541 0.347850 -0.309879 0.725593 0.367289 -0.355866 0.720940 0.347009 0.363596 0.725516 0.366215 0.391339 0.728504 0.325651 0.419574 0.716183 0.353045 0.491259 0.699045 0.352321 0.562372 0.681050 0.352732 0.631133 0.662640 0.354040 -0.605665 0.668998 0.249352 -0.546328 0.688815 0.245742 -0.485912 0.701486 0.276342 -0.375258 0.725656 0.300232 -0.419304 0.719561 0.274254 0.432266 0.725122 0.297794 0.455952 0.726775 0.256540 0.488904 0.714070 0.279982 0.561853 0.694752 0.278549 0.631146 0.675105 0.281956 0.688889 0.657289 0.289154 -0.617343 0.673637 0.171540 -0.567956 0.688099 0.196490 -0.507273 0.707131 0.189647 -0.437771 0.723500 0.211210 0.495934 0.722080 0.221792 0.514033 0.724359 0.163516 0.558816 0.707846 0.198615 0.632301 0.685954 0.205875 0.703622 0.663787 0.212537 -0.621866 0.677678 0.092591 -0.554979 0.698210 0.124055 -0.453579 0.726269 0.149015 -0.492317 0.717900 0.120213 0.525864 0.727702 0.093907 0.576082 0.712767 0.113538 0.633509 0.694606 0.128463 0.696853 0.674466 0.137075 0.755667 0.655292 0.141371 -0.625351 0.679477 0.011584 -0.564513 0.699390 0.037554 -0.501802 0.718147 0.056962 0.537074 0.728655 0.037153 0.580614 0.716622 0.044885 0.634450 0.700218 0.054317 0.693422 0.681306 0.064038 0.753495 0.661019 0.073098 -0.624153 0.679927 -0.069337 -0.565725 0.699987 -0.043251 -0.507620 0.717972 -0.019458 0.571249 0.721128 -0.002994 0.576531 0.719372 -0.060608 0.628959 0.704168 -0.023406 0.684221 0.686902 0.001627 0.748245 0.665899 -0.007101 -0.621955 0.677763 -0.149025 -0.556445 0.700649 -0.129671 -0.507090 0.717397 -0.092970 0.573175 0.718719 -0.121520 0.636014 0.700301 -0.120056 0.707642 0.679070 -0.076890 -0.619113 0.672978 -0.226167 -0.561048 0.693655 -0.208617 -0.498908 0.717730 -0.149882 -0.506360 0.711732 -0.197566 -0.463725 0.724390 -0.188980 0.536823 0.726625 -0.150992 0.524728 0.724881 -0.212924 0.592862 0.708945 -0.190740 0.655638 0.690312 -0.196369 0.705384 0.676272 -0.166703 -0.613429 0.666785 -0.300700 -0.555078 0.687056 -0.285078 -0.499543 0.706105 -0.265984 -0.450786 0.721934 -0.244446 0.508456 0.721140 -0.287694 0.574271 0.706446 -0.270705 0.637517 0.690057 -0.257962 0.698310 0.672441 -0.243655 -0.608401 0.659407 -0.367435 -0.550398 0.677689 -0.360418 -0.479790 0.699283 -0.349455 -0.437322 0.716862 -0.311907 0.492555 0.716691 -0.349454 0.556521 0.700385 -0.350664 0.615940 0.688785 -0.319833 0.678707 0.669178 -0.322979 -0.555917 0.664109 -0.430654 -0.483318 0.683543 -0.429054 -0.417926 0.713154 -0.367592 -0.408241 0.703252 -0.425889 -0.378962 0.717045 -0.397067 0.450305 0.722030 -0.375140 0.432056 0.717304 -0.421014 0.503084 0.701471 -0.420053 0.565896 0.688623 -0.407429 0.625318 0.674306 -0.393553 -0.489449 0.665887 -0.504626 -0.411190 0.684847 -0.501876 -0.350342 0.714607 -0.436219 -0.331667 0.702765 -0.497696 -0.296742 0.719695 -0.456909 -0.253716 0.712485 -0.514186 -0.243996 0.724312 -0.473595 0.386655 0.721808 -0.441061 0.362103 0.716067 -0.484703 0.434140 0.701029 -0.491778 0.509528 0.684166 -0.494498 0.573478 0.675386 -0.461942 -0.476396 0.654398 -0.566540 -0.413621 0.665378 -0.578636 -0.337773 0.682075 -0.572347 -0.261581 0.695071 -0.571990 -0.205472 0.720439 -0.510512 -0.182638 0.706486 -0.569304 -0.149197 0.722909 -0.522954 -0.098740 0.710775 -0.582239 -0.079711 0.726428 -0.530800 -0.028831 0.714824 -0.583517 -0.022385 0.727648 -0.539305 0.163815 0.726806 -0.532321 0.136214 0.718771 -0.568211 0.202917 0.709305 -0.585501 0.224697 0.724768 -0.519857 0.281331 0.705180 -0.570575 0.299672 0.720528 -0.502741 0.365536 0.698531 -0.550485 0.425533 0.687681 -0.553641 0.480217 0.674947 -0.558442 0.551503 0.664263 -0.534767 -0.338372 0.662834 -0.642827 -0.268959 0.675617 -0.636438 -0.194718 0.685155 -0.636429 -0.116522 0.691941 -0.639059 -0.038054 0.696681 -0.639778 0.019289 0.720000 -0.571572 0.043233 0.702197 -0.628302 0.076834 0.718827 -0.573925 0.138413 0.700301 -0.628003 0.211376 0.691145 -0.643765 0.259209 0.692625 -0.624114 0.331108 0.680630 -0.631299 0.418771 0.673186 -0.608619 -0.274100 0.657923 -0.693066 -0.207431 0.665134 -0.696008 -0.132409 0.671365 -0.698999 -0.054770 0.676132 -0.699891 0.024299 0.679382 -0.697014 0.106392 0.679849 -0.693268 0.187218 0.676700 -0.691677 0.265859 0.673199 -0.681736 -0.089388 0.736586 0.432463 -0.009193 0.736442 0.445290 0.064371 0.735113 0.451467 0.130410 0.732353 0.455058 -0.240731 0.738629 0.357049 -0.152732 0.743543 0.382236 -0.078248 0.752799 0.367861 -0.018232 0.751643 0.381238 0.054188 0.749637 0.389123 0.126754 0.745658 0.395060 0.199960 0.738489 0.404519 0.274312 0.733535 0.391834 -0.303986 0.740572 0.295574 -0.230912 0.753953 0.290656 -0.171892 0.757560 0.308727 -0.099100 0.762366 0.315836 -0.027295 0.764805 0.318514 0.045170 0.763362 0.323391 0.119903 0.759212 0.327989 0.194258 0.752688 0.332708 0.267242 0.744859 0.334304 0.336694 0.735511 0.336368 -0.363686 0.738492 0.230754 -0.297523 0.753807 0.222027 -0.246562 0.760464 0.238889 -0.184892 0.767804 0.245577 -0.116249 0.773115 0.251316 -0.042712 0.776032 0.256169 0.033508 0.775976 0.256391 0.111750 0.772111 0.257468 0.188734 0.765036 0.261591 0.263056 0.756237 0.265440 0.333929 0.746242 0.268918 0.401581 0.735109 0.271802 -0.386491 0.742984 0.142044 -0.313917 0.757187 0.162325 -0.251631 0.767613 0.176569 -0.201949 0.773149 0.194945 -0.134531 0.782282 0.180345 -0.058684 0.785885 0.192199 0.015436 0.786928 0.193490 0.100687 0.785322 0.180492 0.182689 0.776548 0.187256 0.259410 0.766489 0.192483 0.332066 0.755506 0.197935 0.399054 0.743934 0.204228 0.456104 0.732611 0.210379 -0.434974 0.735502 0.078016 -0.370119 0.751826 0.067536 -0.318872 0.761670 0.089112 -0.255278 0.772692 0.107341 -0.185552 0.782141 0.127263 -0.067616 0.793919 0.128800 -0.119535 0.791552 0.113979 -0.002496 0.795423 0.135236 0.063944 0.795096 0.132572 0.118847 0.794001 0.117909 0.146623 0.795866 0.080466 0.177440 0.787481 0.110374 0.255318 0.775532 0.115888 0.330394 0.763279 0.123314 0.401193 0.750511 0.131223 0.463201 0.737606 0.144140 -0.445912 0.734704 -0.002403 -0.381862 0.750286 0.007339 -0.319405 0.763795 0.017173 -0.257716 0.775376 0.033406 -0.194678 0.785541 0.050489 -0.132252 0.793798 0.061018 0.184274 0.792939 0.052058 0.198296 0.792975 -0.003969 0.248716 0.783093 0.033352 0.327674 0.769289 0.046085 0.399972 0.755953 0.055511 0.474872 0.740832 0.062623 -0.450817 0.732808 -0.076187 -0.388060 0.747850 -0.065188 -0.322285 0.762061 -0.055257 -0.255533 0.775142 -0.042794 -0.193279 0.786485 -0.023946 -0.135972 0.795246 -0.004849 0.199210 0.792496 -0.072878 0.261957 0.783187 -0.055202 0.328318 0.771873 -0.033439 0.395503 0.759597 -0.017833 0.461492 0.746343 -0.010780 0.524399 0.732648 -0.009999 -0.453989 0.729611 -0.142594 -0.392834 0.743481 -0.138076 -0.325162 0.757641 -0.129970 -0.254472 0.771120 -0.120744 -0.177493 0.784904 -0.108770 -0.130654 0.794959 -0.071500 0.191618 0.791210 -0.130851 0.259082 0.781172 -0.139954 0.330786 0.770656 -0.113629 0.396794 0.759156 -0.091941 0.449374 0.749221 -0.069961 0.514836 0.734420 -0.081841 -0.402200 0.735863 -0.212415 -0.328547 0.750888 -0.204697 -0.256849 0.763884 -0.197541 -0.182209 0.776007 -0.190215 -0.114011 0.793990 -0.126031 -0.104952 0.787491 -0.183782 -0.075564 0.796069 -0.152828 0.152692 0.794099 -0.149366 0.135772 0.791408 -0.189359 0.207973 0.783021 -0.203238 0.281262 0.773326 -0.211244 0.332566 0.766725 -0.189248 0.397410 0.755871 -0.169077 0.469718 0.742182 -0.144325 -0.388818 0.730393 -0.291273 -0.328666 0.742969 -0.278717 -0.259153 0.754946 -0.272146 -0.185781 0.765804 -0.266625 -0.108860 0.775416 -0.260888 -0.046162 0.793257 -0.189263 -0.026152 0.783416 -0.252372 0.010061 0.793394 -0.201209 0.062564 0.783663 -0.262704 0.078536 0.792863 -0.199352 0.146733 0.781519 -0.256826 0.218107 0.773528 -0.276726 0.271300 0.769080 -0.265080 0.329470 0.761746 -0.254632 0.389066 0.751992 -0.242490 0.456043 0.739245 -0.228401 -0.381390 0.723874 -0.352914 -0.327154 0.734364 -0.347402 -0.261234 0.744808 -0.343898 -0.189683 0.754614 -0.339615 -0.114682 0.762967 -0.335721 -0.037269 0.769465 -0.330965 0.042292 0.772334 -0.329392 0.122295 0.771147 -0.329408 0.197582 0.767077 -0.328872 0.262538 0.761912 -0.323817 0.321923 0.755284 -0.314480 0.372860 0.748776 -0.299318 0.437083 0.734525 -0.308662 -0.333812 0.724821 -0.401270 -0.265392 0.732737 -0.414719 -0.194654 0.742649 -0.408015 -0.120866 0.749867 -0.406936 -0.044974 0.755856 -0.403135 0.028238 0.759905 -0.396531 0.102168 0.759612 -0.395726 0.179008 0.756248 -0.394219 0.251979 0.752190 -0.383882 0.308249 0.748847 -0.366005 0.379843 0.736189 -0.370759 -0.198373 0.730961 -0.467613 -0.131886 0.736519 -0.470252 -0.049918 0.740243 -0.478196 0.022986 0.746337 -0.462217 0.081576 0.749520 -0.448449 0.155922 0.742443 -0.466640 0.239360 0.739302 -0.451216 0.319344 0.734397 -0.430123 0.024328 0.732167 -0.524633 0.095265 0.734455 -0.512652 -0.072801 0.799064 0.068362 -0.013554 0.801205 0.076865 0.047215 0.801200 0.081037 0.103262 0.799351 0.080786 -0.078629 0.801175 0.008129 -0.020923 0.804269 0.018090 0.037203 0.804707 0.025426 0.094343 0.802743 0.030358 0.145848 0.798659 0.037214 -0.079993 0.801226 -0.053322 -0.025362 0.804777 -0.040972 0.029736 0.805844 -0.030711 0.085998 0.804148 -0.025667 0.143797 0.799744 -0.020028 -0.077370 0.799486 -0.109613 -0.027595 0.802944 -0.098757 0.027492 0.804289 -0.087739 0.073875 0.804001 -0.073172 0.134556 0.799208 -0.086739 -0.032411 0.798976 -0.150627 0.024323 0.800054 -0.146119 0.089988 0.799352 -0.133751 0.000000 3.820146 0.000000 0.000100 3.820146 0.000000 0.000000 3.820146 0.000100</float_array>
          <technique_common>
            <accessor source="#Slime-positions-array" count="5733" stride="3">
              <param name="X" type="float"/>
              <param name="Y" type="float"/>
              <param name="Z" type="float"/>
            </accessor>
          </technique_common>
        </source>
        <source id="Slime-normals">
          <float_array id="Slime-normals-array" count="16860">-0.229700 -0.608500 0.759500 -0.449400 -0.459500 0.766100 -0.191000 -0.824900 0.532100 -0.130200 -0.495600 0.858800 -0.108100 -0.784100 0.611100 -0.087500 -0.438800 0.894300 -0.060800 -0.759200 0.648000 -0.059000 -0.393700 0.917300 -0.036600 -0.738300 0.673500 -0.048600 -0.366600 0.929100 -0.032700 -0.729100 0.683600 -0.058900 -0.375200 0.925100 -0.032600 -0.735300 0.676900 -0.048000 -0.416500 0.907900 -0.025100 -0.746700 0.664700 -0.035000 -0.443900 0.895400 -0.016700 -0.754200 0.656400 -0.024800 -0.463100 0.885900 -0.009500 -0.758400 0.651700 -0.016200 -0.478600 0.877900 -0.003300 -0.759900 0.650100 -0.005100 -0.489000 0.872300 0.002100 -0.758000 0.652300 0.006500 -0.487000 0.873400 0.004500 -0.753200 0.657700 0.010500 -0.473800 0.880600 0.003200 -0.748500 0.663100 0.007100 -0.461000 0.887400 0.000400 -0.746300 0.665700 0.002700 -0.454800 0.890600 -0.001500 -0.746600 0.665300 0.000300 -0.453600 0.891200 -0.001700 -0.748000 0.663600 -0.000400 -0.454300 0.890900 -0.001100 -0.749600 0.661900 -0.000400 -0.455600 0.890200 -0.000300 -0.750700 0.660700 0.000100 -0.456600 0.889700 -0.000000 -0.751300 0.659900 0.000400 -0.456500 0.889700 -0.000300 -0.751800 0.659400 0.000100 -0.455500 0.890300 -0.001300 -0.752500 0.658600 -0.001000 -0.454400 0.890800 -0.002800 -0.753900 0.657000 -0.002400 -0.454500 0.890700 -0.004400 -0.756500 0.654000 -0.003700 -0.456500 0.889700 -0.005700 -0.760200 0.649700 -0.004600 -0.460400 0.887700 -0.006700 -0.764900 0.644100 -0.004600 -0.466100 0.884700 -0.007000 -0.770600 0.637300 -0.003200 -0.473700 0.880700 -0.005900 -0.777100 0.629400 0.000900 -0.483200 0.875500 -0.002300 -0.784100 0.620600 0.009900 -0.494500 0.869100 0.006100 -0.790800 0.612000 0.026100 -0.510700 0.859300 0.024800 -0.787500 0.615800 0.080100 -0.465800 0.881300 0.030200 -0.776300 0.629700 0.051300 -0.405500 0.912700 0.022800 -0.782300 0.622500 0.042500 -0.422400 0.905400 0.033800 -0.811000 0.584000 0.056700 -0.477000 0.877100 0.081000 -0.848400 0.523200 0.128900 -0.578900 0.805100 0.206500 -0.829400 0.519100 0.235800 -0.518200 0.822100 0.371800 -0.711600 0.596100 0.456200 -0.192800 0.868700 -0.409700 -0.570400 0.711900 -0.551600 -0.500100 0.667600 -0.284100 -0.852200 0.439300 -0.191300 -0.899600 0.392600 -0.116300 -0.903900 0.411700 -0.069000 -0.904200 0.421600 -0.040000 -0.899800 0.434400 -0.026000 -0.895500 0.444400 -0.020900 -0.894300 0.446900 -0.017300 -0.895900 0.443900 -0.012400 -0.897800 0.440300 -0.007400 -0.898600 0.438700 -0.003300 -0.898500 0.439100 -0.000300 -0.897400 0.441200 0.001200 -0.895800 0.444500 0.001000 -0.894200 0.447600 -0.000200 -0.893500 0.449100 -0.001300 -0.893600 0.448800 -0.001500 -0.894300 0.447500 -0.001000 -0.895000 0.446100 -0.000200 -0.895500 0.445100 0.000300 -0.895800 0.444400 0.000400 -0.896100 0.443800 -0.000100 -0.896500 0.443000 -0.001000 -0.897300 0.441500 -0.002100 -0.898500 0.439000 -0.003100 -0.900200 0.435400 -0.003900 -0.902500 0.430700 -0.004400 -0.905100 0.425100 -0.004300 -0.908100 0.418700 -0.003000 -0.911200 0.411900 0.000800 -0.914000 0.405700 0.008000 -0.915200 0.402900 0.015400 -0.914900 0.403500 0.021200 -0.916800 0.398900 0.035600 -0.923100 0.382800 0.074700 -0.929300 0.361600 0.154900 -0.919600 0.361200 0.277600 -0.868000 0.411800 0.533600 -0.271400 0.801000 0.454200 -0.680300 0.575200 0.640000 -0.003100 0.768400 -0.493100 -0.572300 0.655200 -0.602300 -0.483600 0.635100 -0.334700 -0.857400 0.391000 -0.239700 -0.917200 0.318200 -0.180100 -0.939400 0.291700 -0.109500 -0.957400 0.267200 -0.067900 -0.960300 0.270400 -0.042200 -0.960800 0.274000 -0.026500 -0.960100 0.278400 -0.018200 -0.959500 0.281200 -0.013700 -0.959400 0.281700 -0.010300 -0.959700 0.280900 -0.007000 -0.959800 0.280600 -0.004100 -0.959600 0.281300 -0.002000 -0.959200 0.282800 -0.000800 -0.958600 0.284700 -0.000400 -0.958100 0.286500 -0.000700 -0.957800 0.287600 -0.001000 -0.957700 0.287700 -0.001000 -0.957900 0.287100 -0.000600 -0.958100 0.286300 -0.000000 -0.958300 0.285700 0.000500 -0.958400 0.285300 0.000800 -0.958500 0.285000 0.000700 -0.958600 0.284600 0.000400 -0.958900 0.283700 -0.000000 -0.959300 0.282300 -0.000400 -0.960000 0.280100 -0.000800 -0.960800 0.277200 -0.001100 -0.961800 0.273600 -0.001100 -0.963000 0.269500 -0.000600 -0.964200 0.265100 0.001100 -0.965300 0.261000 0.004600 -0.966100 0.258100 0.010100 -0.966400 0.256800 0.018100 -0.966600 0.255500 0.033200 -0.967000 0.252600 0.064000 -0.965900 0.251000 0.120500 -0.957900 0.260700 0.208200 -0.932100 0.296400 0.320300 -0.872900 0.368000 0.585500 -0.433500 0.685000 0.458700 -0.783600 0.419000 0.688400 -0.366100 0.626200 -0.533100 -0.562800 0.631700 -0.632700 -0.472800 0.613400 -0.363100 -0.854900 0.370500 -0.262200 -0.922100 0.284500 -0.209300 -0.945800 0.248200 -0.145100 -0.968600 0.201700 -0.100100 -0.978300 0.181300 -0.064200 -0.983000 0.172200 -0.041200 -0.984400 0.170900 -0.026700 -0.984800 0.171400 -0.018000 -0.984900 0.172200 -0.012800 -0.984900 0.172700 -0.009500 -0.984900 0.172700 -0.007000 -0.984900 0.172700 -0.004900 -0.984900 0.173200 -0.003200 -0.984700 0.174100 -0.002100 -0.984500 0.175200 -0.001500 -0.984300 0.176300 -0.001200 -0.984200 0.177100 -0.001000 -0.984100 0.177400 -0.000800 -0.984100 0.177400 -0.000400 -0.984200 0.177100 0.000100 -0.984200 0.176900 0.000600 -0.984300 0.176700 0.000900 -0.984300 0.176600 0.001200 -0.984300 0.176300 0.001200 -0.984400 0.175900 0.001200 -0.984500 0.175200 0.001200 -0.984700 0.174000 0.001300 -0.985000 0.172400 0.001400 -0.985400 0.170400 0.001500 -0.985800 0.168000 0.001800 -0.986200 0.165400 0.002600 -0.986600 0.162900 0.004500 -0.986900 0.161000 0.008100 -0.987100 0.160100 0.014700 -0.986900 0.160600 0.027100 -0.986300 0.162600 0.050800 -0.984400 0.168200 0.092600 -0.978900 0.182200 0.158600 -0.964300 0.212000 0.251600 -0.931100 0.263900 0.376800 -0.862400 0.338000 0.725700 -0.208000 0.655900 0.581800 -0.660400 0.474700 0.791900 -0.122100 0.598300 -0.563400 -0.555000 0.612000 -0.673900 -0.456400 0.581000 -0.384800 -0.851700 0.355800 -0.277200 -0.922200 0.269500 -0.224100 -0.947000 0.230300 -0.161700 -0.970800 0.177100 -0.119500 -0.982100 0.146000 -0.084000 -0.988800 0.123600 -0.057300 -0.992100 0.111800 -0.038100 -0.993600 0.106200 -0.025500 -0.994300 0.103900 -0.017500 -0.994500 0.103000 -0.012500 -0.994600 0.102700 -0.009300 -0.994700 0.102500 -0.007100 -0.994700 0.102500 -0.005300 -0.994700 0.102700 -0.004000 -0.994700 0.103200 -0.002900 -0.994600 0.103800 -0.002200 -0.994500 0.104500 -0.001700 -0.994500 0.105100 -0.001300 -0.994400 0.105400 -0.000900 -0.994400 0.105600 -0.000400 -0.994400 0.105700 0.000100 -0.994400 0.105700 0.000600 -0.994400 0.105700 0.001000 -0.994400 0.105600 0.001300 -0.994400 0.105500 0.001600 -0.994400 0.105300 0.001900 -0.994500 0.104900 0.002100 -0.994500 0.104300 0.002400 -0.994600 0.103500 0.002800 -0.994700 0.102400 0.003100 -0.994900 0.101100 0.003500 -0.995000 0.099700 0.004000 -0.995200 0.098200 0.005000 -0.995300 0.097000 0.007200 -0.995300 0.096500 0.011700 -0.995200 0.097400 0.020800 -0.994700 0.100400 0.038200 -0.993500 0.107200 0.069000 -0.990200 0.121000 0.119000 -0.982100 0.146300 0.193200 -0.962900 0.188300 0.296900 -0.920800 0.252700 0.457000 -0.805800 0.376600 0.738500 -0.347500 0.577900 -0.617700 -0.532400 0.578800 -0.763900 -0.416500 0.492900 -0.417200 -0.845500 0.333200 -0.297100 -0.919600 0.257100 -0.237200 -0.946200 0.220000 -0.172000 -0.970900 0.166500 -0.129300 -0.982700 0.132600 -0.094500 -0.990000 0.105000 -0.068300 -0.993900 0.086200 -0.048100 -0.996100 0.073900 -0.033300 -0.997200 0.066800 -0.023000 -0.997800 0.062900 -0.016200 -0.998000 0.060800 -0.011800 -0.998100 0.059700 -0.009000 -0.998200 0.059200 -0.007000 -0.998200 0.058900 -0.005600 -0.998200 0.059000 -0.004400 -0.998200 0.059200 -0.003500 -0.998200 0.059600 -0.002700 -0.998200 0.060000 -0.002100 -0.998200 0.060400 -0.001600 -0.998200 0.060700 -0.001100 -0.998100 0.061000 -0.000500 -0.998100 0.061200 -0.000000 -0.998100 0.061300 0.000500 -0.998100 0.061400 0.001000 -0.998100 0.061400 0.001400 -0.998100 0.061400 0.001800 -0.998100 0.061200 0.002200 -0.998100 0.061000 0.002600 -0.998200 0.060700 0.003100 -0.998200 0.060200 0.003600 -0.998200 0.059700 0.004100 -0.998200 0.059000 0.004500 -0.998300 0.058200 0.004900 -0.998300 0.057400 0.005500 -0.998400 0.056600 0.006800 -0.998400 0.056300 0.009700 -0.998300 0.056900 0.015800 -0.998100 0.059300 0.028000 -0.997500 0.064900 0.050400 -0.995800 0.075900 0.087900 -0.991500 0.095500 0.144800 -0.981200 0.127500 0.224000 -0.958500 0.176200 0.324000 -0.913200 0.247300 0.661500 -0.517400 0.542900 0.469300 -0.804700 0.363600 0.731600 -0.293500 0.615400 -0.765700 -0.452800 0.456800 -0.740900 -0.630800 0.230500 -0.470200 -0.834300 0.287900 -0.334800 -0.914300 0.228000 -0.260200 -0.944100 0.202600 -0.186800 -0.970000 0.155600 -0.139000 -0.982400 0.124700 -0.101700 -0.990000 0.097200 -0.074600 -0.994300 0.076600 -0.054100 -0.996700 0.061000 -0.038900 -0.998000 0.050200 -0.027600 -0.998700 0.043100 -0.019700 -0.999100 0.038700 -0.014400 -0.999200 0.036200 -0.010800 -0.999300 0.034800 -0.008500 -0.999400 0.034000 -0.006900 -0.999400 0.033600 -0.005600 -0.999400 0.033500 -0.004600 -0.999400 0.033500 -0.003800 -0.999400 0.033700 -0.003100 -0.999400 0.034000 -0.002500 -0.999400 0.034300 -0.001900 -0.999400 0.034600 -0.001300 -0.999400 0.034900 -0.000700 -0.999400 0.035100 -0.000200 -0.999400 0.035300 0.000400 -0.999400 0.035400 0.001000 -0.999400 0.035500 0.001500 -0.999400 0.035500 0.002000 -0.999400 0.035400 0.002400 -0.999400 0.035300 0.002900 -0.999400 0.035000 0.003400 -0.999400 0.034700 0.004000 -0.999400 0.034400 0.004500 -0.999400 0.034100 0.005100 -0.999400 0.033700 0.005500 -0.999400 0.033200 0.006000 -0.999400 0.032800 0.006800 -0.999500 0.032500 0.008500 -0.999400 0.032700 0.012500 -0.999300 0.034100 0.020900 -0.999100 0.037800 0.037200 -0.998300 0.045300 0.065500 -0.996100 0.059000 0.109900 -0.990600 0.081100 0.172900 -0.978300 0.114000 0.252700 -0.954500 0.158400 0.340400 -0.916400 0.210800 0.645300 -0.572800 0.505400 0.439300 -0.859300 0.262000 0.673400 -0.547700 0.496500 0.642100 -0.717500 0.270100 0.945200 -0.119000 0.304100 -0.777000 -0.612200 0.146400 -0.472400 -0.865600 0.165900 -0.329900 -0.931300 0.154200 -0.224900 -0.965700 0.129700 -0.160500 -0.980800 0.110700 -0.114100 -0.989500 0.089100 -0.082000 -0.994100 0.070900 -0.059000 -0.996700 0.055600 -0.042500 -0.998100 0.043700 -0.030700 -0.998900 0.034900 -0.022300 -0.999300 0.028900 -0.016400 -0.999600 0.025000 -0.012400 -0.999700 0.022500 -0.009700 -0.999700 0.021100 -0.007900 -0.999800 0.020300 -0.006600 -0.999800 0.019800 -0.005600 -0.999800 0.019600 -0.004700 -0.999800 0.019600 -0.004000 -0.999800 0.019700 -0.003400 -0.999800 0.019900 -0.002700 -0.999800 0.020100 -0.002200 -0.999800 0.020300 -0.001600 -0.999800 0.020600 -0.001000 -0.999800 0.020800 -0.000300 -0.999800 0.021000 0.000300 -0.999800 0.021200 0.000900 -0.999800 0.021300 0.001500 -0.999800 0.021400 0.002000 -0.999800 0.021300 0.002600 -0.999800 0.021200 0.003100 -0.999800 0.021100 0.003700 -0.999800 0.020800 0.004200 -0.999800 0.020600 0.004800 -0.999800 0.020400 0.005400 -0.999800 0.020200 0.005900 -0.999800 0.019900 0.006300 -0.999800 0.019700 0.006900 -0.999800 0.019500 0.008000 -0.999800 0.019500 0.010700 -0.999700 0.020100 0.016600 -0.999600 0.022100 0.028800 -0.999200 0.026600 0.050900 -0.998100 0.035200 0.087100 -0.995000 0.049300 0.140700 -0.987600 0.069800 0.212100 -0.972500 0.095900 0.297400 -0.947000 0.121700 0.392400 -0.910300 0.131900 0.546500 -0.832200 0.093300 0.942900 -0.312000 0.116300 -0.862000 -0.500100 0.082500 -0.541500 -0.837900 0.068800 -0.334600 -0.938600 0.084500 -0.221200 -0.971900 0.080900 -0.147200 -0.986500 0.072300 -0.099900 -0.993100 0.061700 -0.068500 -0.996400 0.050300 -0.047700 -0.998100 0.040000 -0.033700 -0.998900 0.031500 -0.024300 -0.999400 0.025000 -0.017900 -0.999600 0.020300 -0.013600 -0.999800 0.017200 -0.010700 -0.999800 0.015200 -0.008700 -0.999900 0.014000 -0.007300 -0.999900 0.013300 -0.006300 -0.999900 0.012900 -0.005500 -0.999900 0.012700 -0.004800 -0.999900 0.012600 -0.004100 -0.999900 0.012600 -0.003500 -0.999900 0.012700 -0.002900 -0.999900 0.012900 -0.002400 -0.999900 0.013000 -0.001800 -0.999900 0.013200 -0.001200 -0.999900 0.013400 -0.000500 -0.999900 0.013600 0.000100 -0.999900 0.013700 0.000700 -0.999900 0.013900 0.001400 -0.999900 0.014100 0.002000 -0.999900 0.014100 0.002700 -0.999900 0.014200 0.003300 -0.999900 0.014100 0.003900 -0.999900 0.013900 0.004400 -0.999900 0.013700 0.005000 -0.999900 0.013500 0.005500 -0.999900 0.013400 0.006000 -0.999900 0.013200 0.006500 -0.999900 0.013100 0.007000 -0.999900 0.013000 0.007900 -0.999900 0.012900 0.009800 -0.999900 0.013100 0.014400 -0.999800 0.014000 0.023900 -0.999600 0.016400 0.042100 -0.998900 0.021200 0.073200 -0.996900 0.029500 0.121600 -0.991700 0.041700 0.190500 -0.980100 0.056600 0.282300 -0.956800 0.069600 0.404400 -0.911900 0.070500 0.607400 -0.792900 0.049000 0.949700 -0.307100 0.061800 -0.893800 -0.444400 0.059900 -0.602000 -0.797700 0.033900 -0.365700 -0.929900 0.038700 -0.227900 -0.972600 0.045300 -0.145100 -0.988400 0.044800 -0.093100 -0.994800 0.040600 -0.060500 -0.997600 0.034700 -0.040200 -0.998800 0.028400 -0.027500 -0.999400 0.022800 -0.019700 -0.999600 0.018300 -0.014700 -0.999800 0.015000 -0.011500 -0.999900 0.012800 -0.009400 -0.999900 0.011400 -0.007900 -0.999900 0.010500 -0.006800 -0.999900 0.010000 -0.006000 -0.999900 0.009700 -0.005300 -0.999900 0.009500 -0.004700 -0.999900 0.009300 -0.004100 -0.999900 0.009300 -0.003600 -1.000000 0.009300 -0.003000 -1.000000 0.009300 -0.002500 -1.000000 0.009300 -0.001900 -1.000000 0.009400 -0.001300 -1.000000 0.009600 -0.000700 -1.000000 0.009700 -0.000100 -1.000000 0.009900 0.000500 -0.999900 0.010100 0.001200 -0.999900 0.010300 0.001900 -0.999900 0.010500 0.002600 -0.999900 0.010600 0.003300 -0.999900 0.010700 0.004000 -0.999900 0.010700 0.004600 -0.999900 0.010600 0.005200 -0.999900 0.010400 0.005700 -0.999900 0.010300 0.006100 -0.999900 0.010100 0.006600 -0.999900 0.010000 0.007100 -0.999900 0.009900 0.007900 -0.999900 0.009900 0.009600 -0.999900 0.009900 0.013300 -0.999900 0.010200 0.021500 -0.999700 0.011300 0.037300 -0.999200 0.013700 0.065300 -0.997700 0.018200 0.110700 -0.993500 0.025100 0.179000 -0.983300 0.033700 0.277200 -0.959900 0.041400 0.419500 -0.906800 0.042600 0.645700 -0.762800 0.035400 0.947000 -0.316900 0.053300 -0.871000 -0.486100 0.071300 -0.617700 -0.786000 0.026900 -0.390800 -0.920300 0.018900 -0.240800 -0.970300 0.023200 -0.148300 -0.988600 0.026200 -0.091300 -0.995500 0.025900 -0.056500 -0.998100 0.023400 -0.035700 -0.999200 0.020000 -0.023500 -0.999600 0.016600 -0.016500 -0.999800 0.013800 -0.012500 -0.999900 0.011700 -0.010000 -0.999900 0.010200 -0.008500 -0.999900 0.009300 -0.007300 -0.999900 0.008700 -0.006500 -0.999900 0.008400 -0.005700 -1.000000 0.008200 -0.005100 -1.000000 0.008000 -0.004600 -1.000000 0.007800 -0.004000 -1.000000 0.007600 -0.003500 -1.000000 0.007500 -0.003000 -1.000000 0.007400 -0.002500 -1.000000 0.007300 -0.002000 -1.000000 0.007300 -0.001400 -1.000000 0.007400 -0.000900 -1.000000 0.007500 -0.000300 -1.000000 0.007600 0.000300 -1.000000 0.007800 0.001000 -1.000000 0.008100 0.001700 -1.000000 0.008300 0.002400 -1.000000 0.008600 0.003200 -1.000000 0.008900 0.004000 -1.000000 0.009100 0.004700 -0.999900 0.009200 0.005300 -0.999900 0.009100 0.005800 -0.999900 0.009000 0.006300 -0.999900 0.008800 0.006700 -0.999900 0.008700 0.007200 -0.999900 0.008600 0.007900 -0.999900 0.008500 0.009500 -0.999900 0.008500 0.013000 -0.999900 0.008600 0.020400 -0.999800 0.009000 0.035000 -0.999300 0.010100 0.061200 -0.998000 0.012200 0.104800 -0.994400 0.015700 0.172500 -0.984800 0.020700 0.273900 -0.961400 0.026300 0.427000 -0.903700 0.031300 0.664000 -0.746900 0.035200 0.941800 -0.331100 0.057700 -0.879000 -0.476100 0.024800 -0.620500 -0.784000 0.017800 -0.403400 -0.915000 0.010800 -0.251600 -0.967800 0.012200 -0.153400 -0.988100 0.015100 -0.092100 -0.995600 0.016400 -0.055000 -0.998400 0.015900 -0.033300 -0.999300 0.014300 -0.021200 -0.999700 0.012400 -0.014600 -0.999800 0.010700 -0.011100 -0.999900 0.009400 -0.009100 -0.999900 0.008600 -0.007900 -0.999900 0.008000 -0.007000 -0.999900 0.007700 -0.006200 -1.000000 0.007500 -0.005600 -1.000000 0.007300 -0.004900 -1.000000 0.007100 -0.004400 -1.000000 0.006900 -0.003800 -1.000000 0.006600 -0.003300 -1.000000 0.006400 -0.002900 -1.000000 0.006200 -0.002400 -1.000000 0.006000 -0.001900 -1.000000 0.005900 -0.001500 -1.000000 0.005800 -0.001000 -1.000000 0.005800 -0.000400 -1.000000 0.005900 0.000100 -1.000000 0.006100 0.000700 -1.000000 0.006300 0.001300 -1.000000 0.006700 0.002100 -1.000000 0.007100 0.002900 -1.000000 0.007500 0.003700 -1.000000 0.007900 0.004600 -1.000000 0.008200 0.005300 -1.000000 0.008400 0.006000 -0.999900 0.008400 0.006500 -0.999900 0.008200 0.006800 -0.999900 0.008100 0.007300 -0.999900 0.007900 0.008000 -0.999900 0.007800 0.009500 -0.999900 0.007800 0.012800 -0.999900 0.007800 0.020000 -0.999800 0.007900 0.034000 -0.999400 0.008300 0.059400 -0.998200 0.009100 0.102000 -0.994700 0.010600 0.168900 -0.985500 0.012900 0.270400 -0.962600 0.016600 0.424600 -0.905100 0.023900 0.661400 -0.748900 0.041500 0.932700 -0.354100 0.068600 -0.887400 -0.460600 0.018800 -0.635100 -0.772400 0.004300 -0.413500 -0.910500 0.004400 -0.259500 -0.965700 0.006500 -0.158100 -0.987400 0.009100 -0.093800 -0.995500 0.010800 -0.054800 -0.998400 0.011100 -0.032200 -0.999400 0.010600 -0.019900 -0.999800 0.009600 -0.013500 -0.999900 0.008700 -0.010300 -0.999900 0.007900 -0.008600 -0.999900 0.007400 -0.007600 -0.999900 0.007100 -0.006800 -1.000000 0.006900 -0.006100 -1.000000 0.006800 -0.005400 -1.000000 0.006600 -0.004700 -1.000000 0.006400 -0.004100 -1.000000 0.006100 -0.003600 -1.000000 0.005800 -0.003100 -1.000000 0.005500 -0.002600 -1.000000 0.005200 -0.002200 -1.000000 0.004900 -0.001800 -1.000000 0.004700 -0.001400 -1.000000 0.004500 -0.001000 -1.000000 0.004500 -0.000500 -1.000000 0.004500 -0.000100 -1.000000 0.004600 0.000400 -1.000000 0.004800 0.001000 -1.000000 0.005100 0.001600 -1.000000 0.005500 0.002400 -1.000000 0.006100 0.003300 -1.000000 0.006600 0.004200 -1.000000 0.007100 0.005100 -1.000000 0.007600 0.005900 -1.000000 0.007800 0.006600 -0.999900 0.007800 0.007000 -0.999900 0.007700 0.007400 -0.999900 0.007500 0.008100 -0.999900 0.007300 0.009500 -0.999900 0.007200 0.012800 -0.999900 0.007200 0.019800 -0.999800 0.007200 0.033700 -0.999400 0.007300 0.058900 -0.998200 0.007400 0.101200 -0.994800 0.007700 0.167900 -0.985800 0.008100 0.268700 -0.963200 0.009200 0.418600 -0.908100 0.013600 0.639600 -0.768100 0.030900 0.906400 -0.414200 0.082300 -0.882800 -0.469300 0.020100 -0.644900 -0.764300 0.001700 -0.424100 -0.905600 -0.000000 -0.266600 -0.963800 0.003000 -0.162200 -0.986700 0.005900 -0.095600 -0.995400 0.007600 -0.055100 -0.998400 0.008300 -0.031800 -0.999500 0.008200 -0.019200 -0.999800 0.007800 -0.012800 -0.999900 0.007300 -0.009800 -0.999900 0.006900 -0.008300 -0.999900 0.006600 -0.007400 -1.000000 0.006400 -0.006600 -1.000000 0.006200 -0.005900 -1.000000 0.006000 -0.005200 -1.000000 0.005900 -0.004500 -1.000000 0.005600 -0.003800 -1.000000 0.005300 -0.003200 -1.000000 0.005000 -0.002700 -1.000000 0.004700 -0.002300 -1.000000 0.004300 -0.001900 -1.000000 0.003900 -0.001500 -1.000000 0.003600 -0.001200 -1.000000 0.003400 -0.000900 -1.000000 0.003300 -0.000500 -1.000000 0.003200 -0.000200 -1.000000 0.003200 0.000200 -1.000000 0.003400 0.000600 -1.000000 0.003600 0.001100 -1.000000 0.004000 0.001800 -1.000000 0.004500 0.002600 -1.000000 0.005200 0.003600 -1.000000 0.005800 0.004700 -1.000000 0.006500 0.005700 -1.000000 0.007000 0.006500 -1.000000 0.007300 0.007200 -0.999900 0.007300 0.007600 -0.999900 0.007200 0.008300 -0.999900 0.006900 0.009600 -0.999900 0.006700 0.012800 -0.999900 0.006600 0.019800 -0.999800 0.006600 0.033700 -0.999400 0.006500 0.059000 -0.998200 0.006400 0.101600 -0.994800 0.006100 0.168700 -0.985600 0.005300 0.270100 -0.962800 0.004300 0.418800 -0.908100 0.004000 0.628700 -0.777600 0.008300 0.873500 -0.486100 0.024400 -0.874200 -0.485100 0.020600 -0.646900 -0.762500 0.002900 -0.431700 -0.902000 -0.000900 -0.272800 -0.962100 0.001200 -0.165900 -0.986100 0.003900 -0.097400 -0.995200 0.005700 -0.055700 -0.998400 0.006600 -0.031700 -0.999500 0.006800 -0.018900 -0.999800 0.006600 -0.012500 -0.999900 0.006400 -0.009500 -0.999900 0.006100 -0.008100 -1.000000 0.005900 -0.007200 -1.000000 0.005700 -0.006500 -1.000000 0.005500 -0.005700 -1.000000 0.005300 -0.005000 -1.000000 0.005100 -0.004200 -1.000000 0.004800 -0.003500 -1.000000 0.004500 -0.002900 -1.000000 0.004200 -0.002400 -1.000000 0.003800 -0.001900 -1.000000 0.003400 -0.001600 -1.000000 0.003000 -0.001300 -1.000000 0.002700 -0.001000 -1.000000 0.002500 -0.000700 -1.000000 0.002300 -0.000500 -1.000000 0.002200 -0.000200 -1.000000 0.002100 -0.000000 -1.000000 0.002200 0.000300 -1.000000 0.002400 0.000700 -1.000000 0.002600 0.001200 -1.000000 0.003100 0.002000 -1.000000 0.003700 0.002900 -1.000000 0.004400 0.004000 -1.000000 0.005200 0.005200 -1.000000 0.005900 0.006300 -1.000000 0.006400 0.007100 -1.000000 0.006700 0.007800 -0.999900 0.006700 0.008500 -0.999900 0.006500 0.009800 -0.999900 0.006300 0.012900 -0.999900 0.006000 0.019900 -0.999800 0.005900 0.033800 -0.999400 0.005800 0.059400 -0.998200 0.005600 0.102400 -0.994700 0.005100 0.170700 -0.985300 0.003900 0.273900 -0.961800 0.001800 0.425000 -0.905200 -0.001100 0.637300 -0.770600 -0.002100 0.883600 -0.468200 0.007200 -0.864900 -0.501600 0.019900 -0.645300 -0.763900 0.004400 -0.435900 -0.900000 -0.000200 -0.277600 -0.960700 0.000600 -0.169200 -0.985600 0.002800 -0.099200 -0.995100 0.004500 -0.056400 -0.998400 0.005400 -0.031800 -0.999500 0.005800 -0.018700 -0.999800 0.005800 -0.012300 -0.999900 0.005600 -0.009300 -0.999900 0.005500 -0.007900 -1.000000 0.005300 -0.007000 -1.000000 0.005100 -0.006300 -1.000000 0.004900 -0.005500 -1.000000 0.004600 -0.004700 -1.000000 0.004300 -0.003900 -1.000000 0.004000 -0.003100 -1.000000 0.003700 -0.002500 -1.000000 0.003300 -0.002000 -1.000000 0.003000 -0.001600 -1.000000 0.002600 -0.001200 -1.000000 0.002300 -0.001000 -1.000000 0.002000 -0.000800 -1.000000 0.001700 -0.000600 -1.000000 0.001500 -0.000400 -1.000000 0.001400 -0.000200 -1.000000 0.001300 -0.000100 -1.000000 0.001300 0.000100 -1.000000 0.001400 0.000400 -1.000000 0.001600 0.000800 -1.000000 0.001900 0.001300 -1.000000 0.002400 0.002200 -1.000000 0.003000 0.003200 -1.000000 0.003800 0.004500 -1.000000 0.004600 0.005700 -1.000000 0.005300 0.006900 -1.000000 0.005800 0.007800 -1.000000 0.006000 0.008700 -0.999900 0.006000 0.010100 -0.999900 0.005800 0.013200 -0.999900 0.005500 0.020000 -0.999800 0.005300 0.034000 -0.999400 0.005100 0.059700 -0.998200 0.004900 0.103300 -0.994600 0.004500 0.172800 -0.984900 0.003400 0.278200 -0.960500 0.001100 0.432700 -0.901500 -0.002600 0.647700 -0.761800 -0.006000 0.890200 -0.455500 -0.000900 -0.859100 -0.511500 0.016800 -0.643200 -0.765700 0.005400 -0.437900 -0.899000 0.000900 -0.280700 -0.959800 0.000800 -0.171700 -0.985100 0.002200 -0.100700 -0.994900 0.003600 -0.057100 -0.998400 0.004500 -0.032000 -0.999500 0.004900 -0.018700 -0.999800 0.005000 -0.012200 -0.999900 0.005000 -0.009100 -0.999900 0.004900 -0.007700 -1.000000 0.004700 -0.006800 -1.000000 0.004500 -0.006000 -1.000000 0.004200 -0.005200 -1.000000 0.003900 -0.004400 -1.000000 0.003600 -0.003500 -1.000000 0.003200 -0.002800 -1.000000 0.002900 -0.002100 -1.000000 0.002500 -0.001600 -1.000000 0.002200 -0.001200 -1.000000 0.001900 -0.000900 -1.000000 0.001600 -0.000700 -1.000000 0.001400 -0.000500 -1.000000 0.001100 -0.000400 -1.000000 0.001000 -0.000300 -1.000000 0.000800 -0.000200 -1.000000 0.000800 -0.000100 -1.000000 0.000700 -0.000000 -1.000000 0.000800 0.000200 -1.000000 0.000900 0.000500 -1.000000 0.001100 0.000900 -1.000000 0.001400 0.001500 -1.000000 0.001900 0.002500 -1.000000 0.002500 0.003700 -1.000000 0.003300 0.005000 -1.000000 0.004000 0.006400 -1.000000 0.004700 0.007600 -1.000000 0.005100 0.008700 -0.999900 0.005300 0.010300 -0.999900 0.005200 0.013400 -0.999900 0.005000 0.020300 -0.999800 0.004700 0.034200 -0.999400 0.004400 0.060000 -0.998200 0.004200 0.104000 -0.994600 0.003900 0.174500 -0.984600 0.003100 0.282000 -0.959400 0.001400 0.439700 -0.898100 -0.001700 0.657500 -0.753400 -0.005500 0.896100 -0.443800 -0.003800 -0.857300 -0.514600 0.016400 -0.641500 -0.767100 0.006600 -0.438600 -0.898700 0.002000 -0.282600 -0.959200 0.001200 -0.173500 -0.984800 0.001900 -0.102000 -0.994800 0.002900 -0.057800 -0.998300 0.003700 -0.032300 -0.999500 0.004200 -0.018800 -0.999800 0.004400 -0.012100 -0.999900 0.004400 -0.009000 -1.000000 0.004300 -0.007500 -1.000000 0.004200 -0.006500 -1.000000 0.004000 -0.005700 -1.000000 0.003700 -0.004900 -1.000000 0.003300 -0.004000 -1.000000 0.003000 -0.003200 -1.000000 0.002600 -0.002400 -1.000000 0.002200 -0.001800 -1.000000 0.001900 -0.001300 -1.000000 0.001600 -0.001000 -1.000000 0.001300 -0.000700 -1.000000 0.001100 -0.000500 -1.000000 0.000900 -0.000400 -1.000000 0.000700 -0.000300 -1.000000 0.000600 -0.000200 -1.000000 0.000500 -0.000100 -1.000000 0.000400 -0.000000 -1.000000 0.000400 0.000100 -1.000000 0.000400 0.000300 -1.000000 0.000500 0.000500 -1.000000 0.000700 0.001000 -1.000000 0.001100 0.001800 -1.000000 0.001500 0.002900 -1.000000 0.002200 0.004300 -1.000000 0.002900 0.005800 -1.000000 0.003600 0.007200 -1.000000 0.004200 0.008600 -1.000000 0.004500 0.010400 -0.999900 0.004600 0.013700 -0.999900 0.004400 0.020600 -0.999800 0.004100 0.034500 -0.999400 0.003800 0.060200 -0.998200 0.003600 0.104500 -0.994500 0.003300 0.175600 -0.984500 0.002900 0.284400 -0.958700 0.002000 0.444500 -0.895800 0.000400 0.664600 -0.747200 -0.001600 0.900900 -0.434000 -0.001100 -0.845500 -0.533400 0.025600 -0.636600 -0.771100 0.009700 -0.437900 -0.899000 0.003400 -0.283500 -0.959000 0.001600 -0.174700 -0.984600 0.001700 -0.102900 -0.994700 0.002400 -0.058400 -0.998300 0.003000 -0.032700 -0.999500 0.003400 -0.018900 -0.999800 0.003600 -0.012100 -0.999900 0.003700 -0.008900 -1.000000 0.003700 -0.007300 -1.000000 0.003600 -0.006300 -1.000000 0.003400 -0.005400 -1.000000 0.003100 -0.004500 -1.000000 0.002800 -0.003600 -1.000000 0.002400 -0.002800 -1.000000 0.002000 -0.002100 -1.000000 0.001700 -0.001500 -1.000000 0.001400 -0.001100 -1.000000 0.001100 -0.000700 -1.000000 0.000900 -0.000500 -1.000000 0.000700 -0.000400 -1.000000 0.000600 -0.000200 -1.000000 0.000400 -0.000200 -1.000000 0.000300 -0.000100 -1.000000 0.000300 -0.000100 -1.000000 0.000200 -0.000000 -1.000000 0.000200 0.000100 -1.000000 0.000200 0.000300 -1.000000 0.000400 0.000700 -1.000000 0.000500 0.001400 -1.000000 0.000900 0.002300 -1.000000 0.001300 0.003600 -1.000000 0.001900 0.005100 -1.000000 0.002600 0.006700 -1.000000 0.003200 0.008400 -1.000000 0.003600 0.010400 -0.999900 0.003800 0.013900 -0.999900 0.003800 0.020900 -0.999800 0.003600 0.034800 -0.999400 0.003300 0.060500 -0.998200 0.003000 0.104800 -0.994500 0.002800 0.176100 -0.984400 0.002500 0.285400 -0.958400 0.002300 0.446200 -0.894900 0.002100 0.666500 -0.745500 0.003200 0.901500 -0.432700 0.007700 -0.832700 -0.553300 0.022100 -0.628700 -0.777500 0.011000 -0.435500 -0.900200 0.004400 -0.283400 -0.959000 0.002000 -0.175300 -0.984500 0.001500 -0.103600 -0.994600 0.001800 -0.058900 -0.998300 0.002200 -0.033000 -0.999500 0.002600 -0.019100 -0.999800 0.002900 -0.012200 -0.999900 0.003100 -0.008900 -1.000000 0.003100 -0.007200 -1.000000 0.003000 -0.006000 -1.000000 0.002900 -0.005100 -1.000000 0.002600 -0.004100 -1.000000 0.002300 -0.003300 -1.000000 0.001900 -0.002500 -1.000000 0.001600 -0.001800 -1.000000 0.001300 -0.001300 -1.000000 0.001000 -0.000800 -1.000000 0.000800 -0.000600 -1.000000 0.000600 -0.000400 -1.000000 0.000400 -0.000100 -1.000000 0.000100 -0.000000 -1.000000 0.000100 0.000100 -1.000000 0.000100 0.000200 -1.000000 0.000100 0.000500 -1.000000 0.000300 0.001000 -1.000000 0.000400 0.001900 -1.000000 0.000700 0.003000 -1.000000 0.001200 0.004500 -1.000000 0.001700 0.006200 -1.000000 0.002300 0.008000 -1.000000 0.002700 0.010300 -0.999900 0.003000 0.014000 -0.999900 0.003100 0.021100 -0.999800 0.003000 0.035100 -0.999400 0.002800 0.060800 -0.998100 0.002500 0.105000 -0.994500 0.002300 0.176300 -0.984300 0.002100 0.285500 -0.958400 0.002100 0.445700 -0.895200 0.002500 0.663400 -0.748300 0.005000 0.895300 -0.445300 0.014200 -0.836200 -0.548400 0.006100 -0.626000 -0.779800 0.006300 -0.433500 -0.901100 0.003500 -0.283000 -0.959100 0.001700 -0.175500 -0.984500 0.001200 -0.104000 -0.994600 0.001300 -0.059300 -0.998200 0.001500 -0.033400 -0.999400 0.001800 -0.019400 -0.999800 0.002100 -0.012300 -0.999900 0.002300 -0.008900 -1.000000 0.002400 -0.007100 -1.000000 0.002500 -0.005900 -1.000000 0.002300 -0.004800 -1.000000 0.002100 -0.003800 -1.000000 0.001900 -0.002900 -1.000000 0.001500 -0.002100 -1.000000 0.001200 -0.001500 -1.000000 0.000900 -0.001000 -1.000000 0.000700 -0.000700 -1.000000 0.000500 -0.000300 -1.000000 0.000300 -0.000200 -1.000000 0.000200 -0.000000 -1.000000 -0.000000 0.000100 -1.000000 -0.000000 0.000200 -1.000000 -0.000000 0.000400 -1.000000 0.000100 0.000900 -1.000000 0.000200 0.001600 -1.000000 0.000400 0.002600 -1.000000 0.000700 0.004000 -1.000000 0.001000 0.005700 -1.000000 0.001500 0.007600 -1.000000 0.001900 0.010000 -0.999900 0.002200 0.013900 -0.999900 0.002400 0.021200 -0.999800 0.002400 0.035300 -0.999400 0.002200 0.061100 -0.998100 0.002000 0.105200 -0.994500 0.001800 0.176300 -0.984300 0.001700 0.285300 -0.958400 0.001700 0.444700 -0.895700 0.002000 0.659400 -0.751800 0.003500 0.886600 -0.462400 0.009800 -0.841400 -0.540300 0.000100 -0.629500 -0.777000 0.000400 -0.434200 -0.900800 0.000900 -0.283100 -0.959100 0.000800 -0.175700 -0.984400 0.000700 -0.104200 -0.994600 0.000700 -0.059600 -0.998200 0.000900 -0.033600 -0.999400 0.001100 -0.019600 -0.999800 0.001400 -0.012500 -0.999900 0.001600 -0.009000 -1.000000 0.001800 -0.007100 -1.000000 0.001800 -0.005700 -1.000000 0.001800 -0.004600 -1.000000 0.001700 -0.003500 -1.000000 0.001500 -0.002600 -1.000000 0.001200 -0.001900 -1.000000 0.000900 -0.001300 -1.000000 0.000700 -0.000800 -1.000000 0.000500 -0.000500 -1.000000 0.000400 -0.000300 -1.000000 0.000200 0.000400 -1.000000 -0.000000 0.000800 -1.000000 -0.000000 0.001400 -1.000000 0.000100 0.002400 -1.000000 0.000300 0.003700 -1.000000 0.000500 0.005300 -1.000000 0.000800 0.007200 -1.000000 0.001200 0.009800 -1.000000 0.001500 0.013800 -0.999900 0.001700 0.021300 -0.999800 0.001700 0.035500 -0.999400 0.001600 0.061200 -0.998100 0.001500 0.105300 -0.994400 0.001300 0.176300 -0.984300 0.001300 0.285100 -0.958500 0.001300 0.444000 -0.896000 0.001500 0.657500 -0.753500 0.001800 0.882700 -0.469900 0.002700 -0.843700 -0.536800 -0.002300 -0.633500 -0.773700 -0.002700 -0.436700 -0.899600 -0.001500 -0.284200 -0.958800 -0.000500 -0.176200 -0.984400 -0.000100 -0.104500 -0.994500 0.000200 -0.059800 -0.998200 0.000300 -0.033800 -0.999400 0.000500 -0.019800 -0.999800 0.000700 -0.012700 -0.999900 0.000900 -0.009200 -1.000000 0.001100 -0.007100 -1.000000 0.001200 -0.005700 -1.000000 0.001300 -0.004400 -1.000000 0.001200 -0.003300 -1.000000 0.001100 -0.002400 -1.000000 0.000900 -0.001600 -1.000000 0.000700 -0.001100 -1.000000 0.000500 -0.000700 -1.000000 0.000400 -0.000400 -1.000000 0.000200 0.000400 -1.000000 -0.000100 0.000700 -1.000000 -0.000100 0.001300 -1.000000 -0.000100 0.002200 -1.000000 -0.000000 0.003400 -1.000000 0.000100 0.005000 -1.000000 0.000300 0.006900 -1.000000 0.000500 0.009600 -1.000000 0.000800 0.013700 -0.999900 0.000900 0.021300 -0.999800 0.001000 0.035600 -0.999400 0.001000 0.061400 -0.998100 0.000900 0.105400 -0.994400 0.000800 0.176200 -0.984300 0.000800 0.284800 -0.958600 0.001000 0.443400 -0.896300 0.001200 0.656700 -0.754200 0.001300 0.882300 -0.470600 0.001000 -0.845200 -0.534400 -0.005000 -0.636500 -0.771200 -0.004400 -0.439400 -0.898300 -0.002900 -0.285700 -0.958300 -0.001600 -0.176900 -0.984200 -0.000800 -0.104800 -0.994500 -0.000400 -0.060000 -0.998200 -0.000200 -0.034000 -0.999400 -0.000100 -0.020000 -0.999800 0.000100 -0.012900 -0.999900 0.000200 -0.009400 -1.000000 0.000400 -0.007300 -1.000000 0.000600 -0.005700 -1.000000 0.000700 -0.004400 -1.000000 0.000800 -0.003200 -1.000000 0.000700 -0.002200 -1.000000 0.000600 -0.001500 -1.000000 0.000500 -0.000900 -1.000000 0.000400 -0.000600 -1.000000 0.000200 -0.000200 -1.000000 0.000100 0.000200 -1.000000 -0.000100 0.000800 -1.000000 -0.000200 0.001300 -1.000000 -0.000200 0.002200 -1.000000 -0.000300 0.003300 -1.000000 -0.000200 0.004800 -1.000000 -0.000200 0.006700 -1.000000 -0.000000 0.009400 -1.000000 0.000100 0.013600 -0.999900 0.000200 0.021300 -0.999800 0.000300 0.035600 -0.999400 0.000300 0.061400 -0.998100 0.000200 0.105400 -0.994400 0.000200 0.176000 -0.984400 0.000300 0.284300 -0.958700 0.000600 0.442600 -0.896700 0.001100 0.655500 -0.755200 0.001500 0.881400 -0.472400 0.001800 -0.847400 -0.530900 -0.008800 -0.639500 -0.768800 -0.006200 -0.441900 -0.897100 -0.004000 -0.287300 -0.957800 -0.002400 -0.177800 -0.984100 -0.001400 -0.105200 -0.994500 -0.000900 -0.060100 -0.998200 -0.000600 -0.034100 -0.999400 -0.000500 -0.020100 -0.999800 -0.000500 -0.013100 -0.999900 -0.000400 -0.009500 -1.000000 -0.000200 -0.007500 -1.000000 -0.000000 -0.005900 -1.000000 0.000200 -0.004500 -1.000000 0.000300 -0.003200 -1.000000 0.000400 -0.002200 -1.000000 0.000400 -0.001400 -1.000000 0.000300 -0.000800 -1.000000 0.000200 -0.000500 -1.000000 0.000200 -0.000300 -1.000000 0.000100 -0.000100 -1.000000 -0.000000 0.000100 -1.000000 -0.000100 0.000300 -1.000000 -0.000100 0.000500 -1.000000 -0.000200 0.000800 -1.000000 -0.000300 0.001400 -1.000000 -0.000400 0.002200 -1.000000 -0.000500 0.003300 -1.000000 -0.000600 0.004800 -1.000000 -0.000600 0.006700 -1.000000 -0.000600 0.009300 -1.000000 -0.000500 0.013500 -0.999900 -0.000400 0.021300 -0.999800 -0.000400 0.035600 -0.999400 -0.000400 0.061500 -0.998100 -0.000400 0.105300 -0.994400 -0.000400 0.175700 -0.984400 -0.000200 0.283600 -0.958900 0.000200 0.441300 -0.897300 0.000900 0.653700 -0.756700 0.001600 0.879500 -0.476000 0.002100 -0.851000 -0.524900 -0.013900 -0.643300 -0.765600 -0.008700 -0.444500 -0.895800 -0.005200 -0.288900 -0.957300 -0.003100 -0.178700 -0.983900 -0.002000 -0.105600 -0.994400 -0.001400 -0.060300 -0.998200 -0.001100 -0.034100 -0.999400 -0.001000 -0.020100 -0.999800 -0.001000 -0.013200 -0.999900 -0.001000 -0.009700 -1.000000 -0.000800 -0.007700 -1.000000 -0.000600 -0.006100 -1.000000 -0.000400 -0.004600 -1.000000 -0.000200 -0.003300 -1.000000 -0.000000 -0.002200 -1.000000 0.000100 -0.001300 -1.000000 0.000100 -0.000800 -1.000000 0.000100 -0.000400 -1.000000 0.000100 0.000300 -1.000000 -0.000200 0.000600 -1.000000 -0.000300 0.001000 -1.000000 -0.000400 0.001500 -1.000000 -0.000600 0.002400 -1.000000 -0.000700 0.003400 -1.000000 -0.000900 0.004800 -1.000000 -0.001000 0.006700 -1.000000 -0.001100 0.009200 -1.000000 -0.001100 0.013500 -0.999900 -0.001100 0.021200 -0.999800 -0.001000 0.035600 -0.999400 -0.001000 0.061400 -0.998100 -0.001000 0.105200 -0.994500 -0.000900 0.175300 -0.984500 -0.000600 0.282800 -0.959200 -0.000200 0.439800 -0.898100 0.000500 0.651500 -0.758700 0.001400 0.877300 -0.480000 0.002000 -0.857100 -0.514700 -0.020000 -0.648700 -0.761000 -0.011600 -0.447600 -0.894200 -0.006500 -0.290600 -0.956800 -0.003900 -0.179600 -0.983700 -0.002600 -0.106100 -0.994400 -0.002000 -0.060500 -0.998200 -0.001600 -0.034200 -0.999400 -0.001500 -0.020100 -0.999800 -0.001500 -0.013200 -0.999900 -0.001500 -0.009800 -1.000000 -0.001400 -0.007900 -1.000000 -0.001200 -0.006400 -1.000000 -0.001000 -0.004900 -1.000000 -0.000700 -0.003500 -1.000000 -0.000400 -0.002300 -1.000000 -0.000200 -0.001400 -1.000000 -0.000000 -0.000800 -1.000000 -0.000000 -0.000400 -1.000000 -0.000000 -0.000200 -1.000000 -0.000000 0.000400 -1.000000 -0.000300 0.000700 -1.000000 -0.000400 0.001100 -1.000000 -0.000600 0.001700 -1.000000 -0.000800 0.002600 -1.000000 -0.001000 0.003600 -1.000000 -0.001300 0.005000 -1.000000 -0.001500 0.006700 -1.000000 -0.001600 0.009300 -1.000000 -0.001700 0.013500 -0.999900 -0.001700 0.021200 -0.999800 -0.001700 0.035600 -0.999400 -0.001600 0.061300 -0.998100 -0.001500 0.105000 -0.994500 -0.001300 0.174900 -0.984600 -0.001000 0.281900 -0.959500 -0.000500 0.438200 -0.898900 0.000100 0.649000 -0.760800 0.000900 0.874700 -0.484600 0.001700 -0.866700 -0.498200 -0.025200 -0.655700 -0.754900 -0.013800 -0.451200 -0.892400 -0.007600 -0.292300 -0.956300 -0.004700 -0.180500 -0.983600 -0.003300 -0.106600 -0.994300 -0.002600 -0.060700 -0.998200 -0.002200 -0.034200 -0.999400 -0.002100 -0.020100 -0.999800 -0.002000 -0.013200 -0.999900 -0.002000 -0.010000 -0.999900 -0.002000 -0.008100 -1.000000 -0.001800 -0.006700 -1.000000 -0.001600 -0.005200 -1.000000 -0.001200 -0.003800 -1.000000 -0.000800 -0.002500 -1.000000 -0.000500 -0.001500 -1.000000 -0.000200 -0.000800 -1.000000 -0.000100 -0.000000 -1.000000 -0.000100 0.000200 -1.000000 -0.000200 0.000600 -1.000000 -0.000400 0.000900 -1.000000 -0.000600 0.001300 -1.000000 -0.000800 0.002000 -1.000000 -0.001100 0.002800 -1.000000 -0.001400 0.003900 -1.000000 -0.001700 0.005200 -1.000000 -0.001900 0.006900 -1.000000 -0.002100 0.009300 -1.000000 -0.002300 0.013500 -0.999900 -0.002300 0.021100 -0.999800 -0.002300 0.035500 -0.999400 -0.002200 0.061200 -0.998100 -0.002000 0.104700 -0.994500 -0.001700 0.174400 -0.984700 -0.001400 0.281000 -0.959700 -0.000800 0.436800 -0.899500 -0.000300 0.647000 -0.762500 -0.000100 0.872400 -0.488800 -0.000500 -0.874600 -0.484300 -0.024600 -0.661900 -0.749400 -0.013200 -0.454300 -0.890800 -0.007400 -0.293700 -0.955900 -0.005000 -0.181300 -0.983400 -0.003900 -0.107100 -0.994200 -0.003300 -0.061000 -0.998100 -0.002900 -0.034300 -0.999400 -0.002700 -0.020200 -0.999800 -0.002600 -0.013200 -0.999900 -0.002600 -0.010000 -0.999900 -0.002600 -0.008300 -1.000000 -0.002500 -0.007000 -1.000000 -0.002200 -0.005700 -1.000000 -0.001800 -0.004200 -1.000000 -0.001300 -0.002900 -1.000000 -0.000900 -0.001800 -1.000000 -0.000500 -0.001000 -1.000000 -0.000300 -0.000500 -1.000000 -0.000100 -0.000200 -1.000000 -0.000100 0.000100 -1.000000 -0.000200 0.000300 -1.000000 -0.000300 0.000500 -1.000000 -0.000400 0.000800 -1.000000 -0.000600 0.001100 -1.000000 -0.000800 0.001600 -1.000000 -0.001100 0.002300 -1.000000 -0.001400 0.003100 -1.000000 -0.001800 0.004200 -1.000000 -0.002100 0.005400 -1.000000 -0.002500 0.007100 -1.000000 -0.002700 0.009400 -1.000000 -0.002900 0.013500 -0.999900 -0.002900 0.021100 -0.999800 -0.002900 0.035300 -0.999400 -0.002800 0.060900 -0.998100 -0.002600 0.104300 -0.994500 -0.002200 0.173800 -0.984800 -0.001800 0.280100 -0.960000 -0.001200 0.435800 -0.900100 -0.000700 0.646200 -0.763100 -0.001200 0.872100 -0.489300 -0.003900 -0.881900 -0.470800 -0.024500 -0.665200 -0.746600 -0.010400 -0.455300 -0.890300 -0.005900 -0.294200 -0.955700 -0.004600 -0.181600 -0.983400 -0.004200 -0.107400 -0.994200 -0.003900 -0.061300 -0.998100 -0.003600 -0.034500 -0.999400 -0.003400 -0.020200 -0.999800 -0.003300 -0.013200 -0.999900 -0.003300 -0.010100 -0.999900 -0.003300 -0.008500 -1.000000 -0.003200 -0.007400 -1.000000 -0.002900 -0.006100 -1.000000 -0.002500 -0.004700 -1.000000 -0.002000 -0.003300 -1.000000 -0.001400 -0.002100 -1.000000 -0.000900 -0.001200 -1.000000 -0.000600 -0.000600 -1.000000 -0.000300 -0.000300 -1.000000 -0.000200 -0.000100 -1.000000 -0.000100 0.000200 -1.000000 -0.000300 0.000300 -1.000000 -0.000400 0.000400 -1.000000 -0.000500 0.000700 -1.000000 -0.000600 0.001000 -1.000000 -0.000900 0.001400 -1.000000 -0.001100 0.002000 -1.000000 -0.001500 0.002700 -1.000000 -0.001900 0.003500 -1.000000 -0.002300 0.004500 -1.000000 -0.002700 0.005800 -1.000000 -0.003000 0.007300 -1.000000 -0.003300 0.009600 -0.999900 -0.003500 0.013500 -0.999900 -0.003600 0.021000 -0.999800 -0.003600 0.035100 -0.999400 -0.003400 0.060600 -0.998200 -0.003200 0.103900 -0.994600 -0.002800 0.173100 -0.984900 -0.002400 0.279200 -0.960200 -0.001800 0.434900 -0.900500 -0.001300 0.646500 -0.762900 -0.002100 0.874300 -0.485300 -0.006300 -0.892700 -0.449800 -0.026600 -0.667200 -0.744900 -0.008400 -0.454200 -0.890900 -0.004100 -0.293200 -0.956000 -0.003900 -0.181300 -0.983400 -0.004200 -0.107500 -0.994200 -0.004300 -0.061500 -0.998100 -0.004300 -0.034700 -0.999400 -0.004100 -0.020300 -0.999800 -0.004000 -0.013200 -0.999900 -0.003900 -0.010100 -0.999900 -0.003900 -0.008600 -1.000000 -0.003900 -0.007700 -1.000000 -0.003700 -0.006600 -1.000000 -0.003300 -0.005300 -1.000000 -0.002800 -0.003900 -1.000000 -0.002200 -0.002600 -1.000000 -0.001500 -0.001600 -1.000000 -0.001000 -0.000900 -1.000000 -0.000600 -0.000400 -1.000000 -0.000400 -0.000200 -1.000000 -0.000300 -0.000100 -1.000000 -0.000200 -0.000000 -1.000000 -0.000200 0.000100 -1.000000 -0.000300 0.000200 -1.000000 -0.000400 0.000300 -1.000000 -0.000500 0.000400 -1.000000 -0.000600 0.000600 -1.000000 -0.000800 0.000900 -1.000000 -0.001000 0.001200 -1.000000 -0.001200 0.001700 -1.000000 -0.001500 0.002400 -1.000000 -0.001900 0.003100 -1.000000 -0.002300 0.004000 -1.000000 -0.002800 0.005000 -1.000000 -0.003200 0.006100 -1.000000 -0.003600 0.007600 -1.000000 -0.003900 0.009700 -0.999900 -0.004200 0.013600 -0.999900 -0.004300 0.020900 -0.999800 -0.004300 0.034900 -0.999400 -0.004200 0.060300 -0.998200 -0.003900 0.103400 -0.994600 -0.003600 0.172400 -0.985000 -0.003200 0.278300 -0.960500 -0.002800 0.434100 -0.900900 -0.002500 0.647100 -0.762400 -0.003400 0.877600 -0.479400 -0.007700 -0.900400 -0.434500 -0.022700 -0.668600 -0.743600 -0.007400 -0.451900 -0.892100 -0.003200 -0.291200 -0.956600 -0.003400 -0.180300 -0.983600 -0.004200 -0.107200 -0.994200 -0.004700 -0.061500 -0.998100 -0.004800 -0.034800 -0.999400 -0.004700 -0.020400 -0.999800 -0.004600 -0.013300 -0.999900 -0.004600 -0.010100 -0.999900 -0.004600 -0.008700 -1.000000 -0.004600 -0.007900 -1.000000 -0.004500 -0.007000 -1.000000 -0.004200 -0.005900 -1.000000 -0.003700 -0.004600 -1.000000 -0.003100 -0.003300 -1.000000 -0.002400 -0.002100 -1.000000 -0.001700 -0.001200 -1.000000 -0.001200 -0.000700 -1.000000 -0.000800 -0.000300 -1.000000 -0.000600 -0.000100 -1.000000 -0.000500 -0.000000 -1.000000 -0.000400 0.000100 -1.000000 -0.000400 0.000200 -1.000000 -0.000500 0.000300 -1.000000 -0.000600 0.000400 -1.000000 -0.000800 0.000600 -1.000000 -0.000900 0.000800 -1.000000 -0.001200 0.001100 -1.000000 -0.001400 0.001500 -1.000000 -0.001700 0.002100 -1.000000 -0.002100 0.002800 -1.000000 -0.002400 0.003500 -1.000000 -0.002900 0.004400 -1.000000 -0.003400 0.005400 -1.000000 -0.003800 0.006500 -1.000000 -0.004300 0.007800 -1.000000 -0.004600 0.009900 -0.999900 -0.004900 0.013600 -0.999900 -0.005100 0.020900 -0.999800 -0.005100 0.034700 -0.999400 -0.005000 0.059900 -0.998200 -0.004800 0.102900 -0.994700 -0.004400 0.171900 -0.985100 -0.004100 0.277700 -0.960700 -0.004100 0.433600 -0.901100 -0.004600 0.647900 -0.761700 -0.006100 0.880800 -0.473500 -0.010100 -0.902300 -0.430700 -0.018400 -0.668000 -0.744100 -0.007500 -0.449300 -0.893400 -0.003800 -0.289000 -0.957300 -0.003700 -0.179000 -0.983800 -0.004500 -0.106700 -0.994300 -0.005100 -0.061400 -0.998100 -0.005400 -0.034900 -0.999400 -0.005400 -0.020500 -0.999800 -0.005300 -0.013300 -0.999900 -0.005200 -0.010100 -0.999900 -0.005200 -0.008700 -0.999900 -0.005200 -0.008000 -1.000000 -0.005300 -0.007400 -1.000000 -0.005100 -0.006500 -1.000000 -0.004800 -0.005300 -1.000000 -0.004200 -0.004000 -1.000000 -0.003500 -0.002800 -1.000000 -0.002700 -0.001800 -1.000000 -0.002000 -0.001000 -1.000000 -0.001500 -0.000500 -1.000000 -0.001100 -0.000200 -1.000000 -0.000900 -0.000000 -1.000000 -0.000800 0.000100 -1.000000 -0.000800 0.000200 -1.000000 -0.000800 0.000300 -1.000000 -0.000900 0.000400 -1.000000 -0.001000 0.000600 -1.000000 -0.001200 0.000800 -1.000000 -0.001400 0.001100 -1.000000 -0.001700 0.001400 -1.000000 -0.002000 0.001900 -1.000000 -0.002400 0.002500 -1.000000 -0.002700 0.003200 -1.000000 -0.003100 0.004000 -1.000000 -0.003600 0.004900 -1.000000 -0.004000 0.005800 -1.000000 -0.004500 0.006900 -1.000000 -0.004900 0.008200 -1.000000 -0.005300 0.010200 -0.999900 -0.005600 0.013800 -0.999900 -0.005900 0.020900 -0.999800 -0.006100 0.034600 -0.999400 -0.006100 0.059500 -0.998200 -0.005900 0.102300 -0.994700 -0.005400 0.171300 -0.985200 -0.005100 0.277500 -0.960700 -0.005400 0.434000 -0.900900 -0.007200 0.649600 -0.760200 -0.010400 0.884100 -0.467000 -0.015200 -0.902500 -0.430100 -0.021600 -0.667100 -0.744900 -0.010700 -0.447500 -0.894300 -0.006100 -0.287300 -0.957800 -0.005200 -0.177900 -0.984000 -0.005300 -0.106100 -0.994300 -0.005700 -0.061300 -0.998100 -0.005900 -0.034900 -0.999400 -0.005900 -0.020600 -0.999800 -0.005800 -0.013300 -0.999900 -0.005800 -0.010000 -0.999900 -0.005800 -0.008600 -0.999900 -0.005800 -0.008000 -1.000000 -0.005900 -0.007500 -1.000000 -0.005900 -0.006800 -1.000000 -0.005700 -0.005900 -1.000000 -0.005300 -0.004800 -1.000000 -0.004700 -0.003500 -1.000000 -0.003900 -0.002400 -1.000000 -0.003200 -0.001600 -1.000000 -0.002500 -0.000900 -1.000000 -0.002000 -0.000500 -1.000000 -0.001700 -0.000200 -1.000000 -0.001400 0.000100 -1.000000 -0.001400 0.000300 -1.000000 -0.001400 0.000400 -1.000000 -0.001400 0.000600 -1.000000 -0.001600 0.000800 -1.000000 -0.001800 0.001100 -1.000000 -0.002100 0.001400 -1.000000 -0.002400 0.001800 -1.000000 -0.002800 0.002200 -1.000000 -0.003200 0.002900 -1.000000 -0.003600 0.003600 -1.000000 -0.004000 0.004400 -1.000000 -0.004400 0.005300 -1.000000 -0.004800 0.006300 -1.000000 -0.005200 0.007300 -1.000000 -0.005600 0.008600 -0.999900 -0.006000 0.010500 -0.999900 -0.006400 0.014100 -0.999900 -0.006900 0.021100 -0.999800 -0.007300 0.034500 -0.999400 -0.007500 0.059100 -0.998200 -0.007500 0.101400 -0.994800 -0.006900 0.170300 -0.985400 -0.006200 0.277200 -0.960800 -0.006300 0.435700 -0.900000 -0.009200 0.653400 -0.756900 -0.015600 0.888700 -0.458000 -0.022900 -0.906400 -0.421100 -0.033500 -0.670100 -0.742100 -0.017900 -0.447700 -0.894100 -0.010300 -0.286800 -0.958000 -0.007600 -0.177500 -0.984100 -0.006800 -0.105900 -0.994400 -0.006600 -0.061200 -0.998100 -0.006500 -0.035000 -0.999400 -0.006400 -0.020600 -0.999800 -0.006400 -0.013400 -0.999900 -0.006300 -0.010000 -0.999900 -0.006300 -0.008500 -0.999900 -0.006300 -0.007900 -0.999900 -0.006400 -0.007500 -1.000000 -0.006500 -0.007000 -1.000000 -0.006500 -0.006300 -1.000000 -0.006300 -0.005400 -1.000000 -0.005900 -0.004300 -1.000000 -0.005300 -0.003200 -1.000000 -0.004500 -0.002200 -1.000000 -0.003800 -0.001400 -1.000000 -0.003200 -0.000800 -1.000000 -0.002700 -0.000300 -1.000000 -0.002400 -0.000000 -1.000000 -0.002300 0.000300 -1.000000 -0.002200 0.000600 -1.000000 -0.002300 0.000800 -1.000000 -0.002400 0.001100 -1.000000 -0.002600 0.001400 -1.000000 -0.003000 0.001700 -1.000000 -0.003300 0.002200 -1.000000 -0.003700 0.002600 -1.000000 -0.004100 0.003300 -1.000000 -0.004500 0.004000 -1.000000 -0.004900 0.004800 -1.000000 -0.005300 0.005700 -1.000000 -0.005600 0.006700 -1.000000 -0.006000 0.007700 -1.000000 -0.006300 0.009000 -0.999900 -0.006800 0.011100 -0.999900 -0.007400 0.014700 -0.999900 -0.008100 0.021600 -0.999700 -0.008900 0.034800 -0.999400 -0.009600 0.058700 -0.998200 -0.009900 0.100000 -0.994900 -0.009500 0.168000 -0.985700 -0.008300 0.275300 -0.961300 -0.007200 0.437300 -0.899300 -0.009200 0.660700 -0.750400 -0.019700 0.894800 -0.445300 -0.031800 -0.921000 -0.386400 -0.050100 -0.680100 -0.732700 -0.026100 -0.450700 -0.892600 -0.014800 -0.287600 -0.957700 -0.010500 -0.177900 -0.984000 -0.008700 -0.106200 -0.994300 -0.007700 -0.061400 -0.998100 -0.007200 -0.035000 -0.999400 -0.007000 -0.020700 -0.999800 -0.006900 -0.013400 -0.999900 -0.006900 -0.010000 -0.999900 -0.006800 -0.008500 -0.999900 -0.006800 -0.007800 -0.999900 -0.006900 -0.007400 -0.999900 -0.007100 -0.007000 -0.999900 -0.007200 -0.006500 -1.000000 -0.007200 -0.005800 -1.000000 -0.007000 -0.004900 -1.000000 -0.006600 -0.003900 -1.000000 -0.006000 -0.002900 -1.000000 -0.005300 -0.002000 -1.000000 -0.004700 -0.001200 -1.000000 -0.004200 -0.000600 -1.000000 -0.003700 -0.000100 -1.000000 -0.003500 0.000300 -1.000000 -0.003400 0.000600 -1.000000 -0.003400 0.001000 -1.000000 -0.003500 0.001400 -1.000000 -0.003700 0.001700 -1.000000 -0.004000 0.002100 -1.000000 -0.004400 0.002600 -1.000000 -0.004800 0.003100 -1.000000 -0.005200 0.003600 -1.000000 -0.005600 0.004300 -1.000000 -0.006000 0.005100 -1.000000 -0.006300 0.006000 -1.000000 -0.006600 0.007000 -1.000000 -0.006900 0.008100 -0.999900 -0.007200 0.009600 -0.999900 -0.007700 0.011800 -0.999900 -0.008500 0.015700 -0.999800 -0.009600 0.022700 -0.999700 -0.010900 0.035600 -0.999300 -0.012400 0.058800 -0.998200 -0.013600 0.098600 -0.995000 -0.013900 0.164500 -0.986300 -0.012900 0.270000 -0.962800 -0.010500 0.433700 -0.901000 -0.009100 0.667200 -0.744700 -0.016800 0.906700 -0.419600 -0.042800 -0.930900 -0.361700 -0.050800 -0.687400 -0.725700 -0.027600 -0.453500 -0.891100 -0.017700 -0.289100 -0.957200 -0.013400 -0.179100 -0.983800 -0.011000 -0.107100 -0.994200 -0.009300 -0.061900 -0.998000 -0.008200 -0.035300 -0.999300 -0.007700 -0.020800 -0.999800 -0.007500 -0.013500 -0.999900 -0.007400 -0.010000 -0.999900 -0.007400 -0.008400 -0.999900 -0.007400 -0.007700 -0.999900 -0.007400 -0.007300 -0.999900 -0.007600 -0.006900 -0.999900 -0.007700 -0.006500 -0.999900 -0.007800 -0.006000 -1.000000 -0.007800 -0.005300 -1.000000 -0.007700 -0.004400 -1.000000 -0.007400 -0.003500 -1.000000 -0.006900 -0.002600 -1.000000 -0.006300 -0.001700 -1.000000 -0.005800 -0.001000 -1.000000 -0.005400 -0.000400 -1.000000 -0.005000 0.000200 -1.000000 -0.004900 0.000700 -1.000000 -0.004800 0.001100 -1.000000 -0.004900 0.001600 -1.000000 -0.005000 0.002100 -1.000000 -0.005300 0.002500 -1.000000 -0.005600 0.003000 -1.000000 -0.006000 0.003500 -1.000000 -0.006400 0.004000 -1.000000 -0.006800 0.004700 -1.000000 -0.007100 0.005400 -1.000000 -0.007400 0.006300 -1.000000 -0.007700 0.007300 -0.999900 -0.007900 0.008600 -0.999900 -0.008300 0.010300 -0.999900 -0.008900 0.012900 -0.999900 -0.009900 0.017200 -0.999800 -0.011500 0.024600 -0.999600 -0.013600 0.037400 -0.999200 -0.016300 0.059900 -0.998000 -0.018900 0.097900 -0.995000 -0.020700 0.160600 -0.986800 -0.021100 0.261200 -0.965100 -0.019100 0.420900 -0.907000 -0.015100 0.659800 -0.751300 -0.014900 0.914800 -0.402300 -0.035000 -0.940800 -0.334600 -0.053900 -0.686500 -0.726700 -0.025900 -0.452400 -0.891600 -0.019600 -0.290000 -0.956900 -0.016800 -0.180800 -0.983400 -0.014200 -0.108700 -0.994000 -0.011800 -0.063000 -0.998000 -0.010000 -0.035800 -0.999300 -0.008900 -0.020900 -0.999700 -0.008400 -0.013500 -0.999900 -0.008200 -0.010000 -0.999900 -0.008200 -0.008400 -0.999900 -0.008300 -0.007600 -0.999900 -0.008300 -0.007100 -0.999900 -0.008300 -0.006800 -0.999900 -0.008500 -0.006400 -0.999900 -0.008600 -0.006000 -0.999900 -0.008800 -0.005400 -0.999900 -0.008800 -0.004700 -1.000000 -0.008700 -0.003900 -1.000000 -0.008500 -0.003000 -1.000000 -0.008100 -0.002200 -1.000000 -0.007700 -0.001400 -1.000000 -0.007300 -0.000600 -1.000000 -0.007000 -0.000000 -1.000000 -0.006700 0.000600 -1.000000 -0.006600 0.001200 -1.000000 -0.006600 0.001800 -1.000000 -0.006700 0.002300 -1.000000 -0.006900 0.002800 -1.000000 -0.007100 0.003400 -1.000000 -0.007400 0.003900 -1.000000 -0.007800 0.004400 -1.000000 -0.008200 0.005000 -1.000000 -0.008500 0.005700 -0.999900 -0.008800 0.006500 -0.999900 -0.009000 0.007600 -0.999900 -0.009300 0.009100 -0.999900 -0.009600 0.011200 -0.999900 -0.010400 0.014400 -0.999800 -0.011600 0.019400 -0.999700 -0.013800 0.027600 -0.999500 -0.016900 0.040900 -0.998900 -0.021100 0.062900 -0.997700 -0.025900 0.099200 -0.994600 -0.030400 0.158100 -0.986800 -0.033800 0.252000 -0.967100 -0.035200 0.401100 -0.915500 -0.032800 0.634200 -0.772600 -0.028400 0.906300 -0.420700 -0.039700 -0.945500 -0.322500 -0.045300 -0.679800 -0.732800 -0.028900 -0.447700 -0.893800 -0.025800 -0.290500 -0.956600 -0.023900 -0.183400 -0.982800 -0.020500 -0.111400 -0.993600 -0.016600 -0.065000 -0.997800 -0.013500 -0.036900 -0.999300 -0.011400 -0.021400 -0.999700 -0.010300 -0.013600 -0.999900 -0.009900 -0.010000 -0.999900 -0.009800 -0.008400 -0.999900 -0.009900 -0.007600 -0.999900 -0.009900 -0.007100 -0.999900 -0.009900 -0.006600 -0.999900 -0.010000 -0.006200 -0.999900 -0.010100 -0.005800 -0.999900 -0.010300 -0.005300 -0.999900 -0.010500 -0.004800 -0.999900 -0.010500 -0.004100 -0.999900 -0.010500 -0.003400 -0.999900 -0.010300 -0.002500 -0.999900 -0.010100 -0.001700 -1.000000 -0.009800 -0.000900 -1.000000 -0.009500 -0.000200 -1.000000 -0.009300 0.000500 -1.000000 -0.009200 0.001200 -1.000000 -0.009100 0.001800 -1.000000 -0.009100 0.002500 -1.000000 -0.009200 0.003100 -1.000000 -0.009300 0.003700 -0.999900 -0.009600 0.004200 -0.999900 -0.009900 0.004700 -0.999900 -0.010200 0.005300 -0.999900 -0.010500 0.005900 -0.999900 -0.010800 0.006700 -0.999900 -0.011100 0.007900 -0.999900 -0.011300 0.009600 -0.999900 -0.011800 0.012200 -0.999800 -0.012600 0.016200 -0.999800 -0.014100 0.022400 -0.999600 -0.016700 0.031900 -0.999300 -0.020800 0.046500 -0.998600 -0.026800 0.068900 -0.997000 -0.034400 0.104100 -0.993600 -0.043000 0.159200 -0.985900 -0.051400 0.247000 -0.967200 -0.059200 0.381400 -0.922100 -0.065300 0.596400 -0.800300 -0.061800 0.884700 -0.461500 -0.065200 -0.943300 -0.328800 -0.044500 -0.665800 -0.745000 -0.040200 -0.442400 -0.895800 -0.042800 -0.292900 -0.955300 -0.039800 -0.188600 -0.981500 -0.033400 -0.116400 -0.992800 -0.026600 -0.068700 -0.997400 -0.020900 -0.039200 -0.999100 -0.017000 -0.022500 -0.999600 -0.014700 -0.014000 -0.999800 -0.013600 -0.010000 -0.999900 -0.013300 -0.008400 -0.999900 -0.013200 -0.007600 -0.999900 -0.013300 -0.007000 -0.999900 -0.013300 -0.006600 -0.999900 -0.013400 -0.006100 -0.999900 -0.013500 -0.005600 -0.999900 -0.013600 -0.005200 -0.999900 -0.013800 -0.004700 -0.999900 -0.014000 -0.004100 -0.999900 -0.014100 -0.003500 -0.999900 -0.014100 -0.002700 -0.999900 -0.014000 -0.001900 -0.999900 -0.013800 -0.001100 -0.999900 -0.013600 -0.000300 -0.999900 -0.013500 0.000400 -0.999900 -0.013300 0.001100 -0.999900 -0.013200 0.001900 -0.999900 -0.013200 0.002500 -0.999900 -0.013200 0.003200 -0.999900 -0.013200 0.003900 -0.999900 -0.013400 0.004500 -0.999900 -0.013600 0.005100 -0.999900 -0.013900 0.005600 -0.999900 -0.014200 0.006200 -0.999900 -0.014500 0.007000 -0.999900 -0.014800 0.008200 -0.999900 -0.015100 0.010200 -0.999800 -0.015600 0.013400 -0.999800 -0.016400 0.018400 -0.999700 -0.018000 0.026000 -0.999400 -0.020900 0.037400 -0.999000 -0.025700 0.054300 -0.998000 -0.033200 0.078900 -0.995900 -0.043900 0.114800 -0.991700 -0.057500 0.169300 -0.982700 -0.074800 0.248100 -0.964400 -0.091500 0.375400 -0.919700 -0.114600 0.549700 -0.826300 -0.122500 0.845400 -0.521400 -0.115700 -0.946100 -0.314600 -0.077300 -0.647900 -0.758700 -0.067800 -0.439700 -0.894800 -0.077400 -0.301300 -0.950900 -0.070800 -0.199400 -0.978200 -0.058300 -0.125900 -0.991000 -0.045700 -0.075600 -0.996500 -0.035500 -0.043600 -0.998600 -0.028300 -0.024900 -0.999400 -0.024000 -0.015000 -0.999700 -0.021700 -0.010400 -0.999700 -0.020700 -0.008400 -0.999800 -0.020400 -0.007500 -0.999800 -0.020400 -0.007000 -0.999800 -0.020500 -0.006500 -0.999800 -0.020500 -0.006000 -0.999800 -0.020600 -0.005500 -0.999800 -0.020700 -0.005000 -0.999800 -0.020900 -0.004500 -0.999800 -0.021100 -0.004000 -0.999800 -0.021200 -0.003500 -0.999800 -0.021400 -0.002800 -0.999800 -0.021400 -0.002100 -0.999800 -0.021300 -0.001300 -0.999800 -0.021200 -0.000500 -0.999800 -0.021100 0.000300 -0.999800 -0.021000 0.001100 -0.999800 -0.020900 0.001800 -0.999800 -0.020800 0.002500 -0.999800 -0.020700 0.003300 -0.999800 -0.020700 0.004000 -0.999800 -0.020700 0.004700 -0.999800 -0.020800 0.005400 -0.999800 -0.021000 0.006000 -0.999800 -0.021300 0.006500 -0.999700 -0.021700 0.007300 -0.999700 -0.022100 0.008600 -0.999700 -0.022400 0.010700 -0.999700 -0.022800 0.014400 -0.999600 -0.023500 0.020500 -0.999500 -0.024900 0.029800 -0.999200 -0.027700 0.043700 -0.998500 -0.032700 0.063800 -0.997100 -0.040800 0.093000 -0.994200 -0.053700 0.133300 -0.988300 -0.073700 0.190300 -0.976900 -0.097100 0.278600 -0.950000 -0.140700 0.372800 -0.912500 -0.168400 0.528700 -0.817200 -0.229700 0.778500 -0.594800 -0.200300 -0.925900 -0.329000 -0.185800 -0.597600 -0.792400 -0.122400 -0.444800 -0.884100 -0.143500 -0.322000 -0.938600 -0.123800 -0.220200 -0.970200 -0.100700 -0.143000 -0.986500 -0.079100 -0.088000 -0.994200 -0.061700 -0.051600 -0.997500 -0.049300 -0.029500 -0.998700 -0.041600 -0.017300 -0.999200 -0.037300 -0.011300 -0.999300 -0.035300 -0.008700 -0.999400 -0.034500 -0.007500 -0.999400 -0.034400 -0.006900 -0.999400 -0.034400 -0.006400 -0.999400 -0.034500 -0.005900 -0.999400 -0.034600 -0.005400 -0.999400 -0.034800 -0.004800 -0.999400 -0.034900 -0.004300 -0.999400 -0.035100 -0.003900 -0.999400 -0.035300 -0.003400 -0.999400 -0.035500 -0.002800 -0.999400 -0.035600 -0.002100 -0.999400 -0.035600 -0.001400 -0.999400 -0.035600 -0.000600 -0.999400 -0.035500 0.000200 -0.999400 -0.035300 0.000900 -0.999400 -0.035200 0.001700 -0.999400 -0.035100 0.002400 -0.999400 -0.034900 0.003200 -0.999400 -0.034800 0.004000 -0.999400 -0.034600 0.004800 -0.999400 -0.034600 0.005600 -0.999400 -0.034700 0.006300 -0.999400 -0.034900 0.006900 -0.999400 -0.035300 0.007700 -0.999300 -0.035600 0.008900 -0.999300 -0.035900 0.011200 -0.999300 -0.036100 0.015300 -0.999200 -0.036500 0.022200 -0.999100 -0.037400 0.033200 -0.998700 -0.039500 0.049900 -0.997800 -0.043900 0.073800 -0.995900 -0.052100 0.108200 -0.992000 -0.065100 0.159700 -0.983300 -0.087200 0.229300 -0.964900 -0.128300 0.315200 -0.935600 -0.159100 0.489600 -0.832900 -0.257900 0.788000 -0.444900 -0.425700 0.766200 -0.494600 -0.410300 -0.759000 -0.560800 -0.330800 -0.899400 -0.177900 -0.399200 -0.549600 -0.789300 -0.273700 -0.367600 -0.908100 -0.200400 -0.255600 -0.952700 -0.164300 -0.171400 -0.976400 -0.131800 -0.108800 -0.988600 -0.104300 -0.065200 -0.994300 -0.084300 -0.037400 -0.996700 -0.071800 -0.021500 -0.997700 -0.064800 -0.013200 -0.998000 -0.061400 -0.009300 -0.998100 -0.060100 -0.007700 -0.998200 -0.059800 -0.006900 -0.998200 -0.059800 -0.006300 -0.998200 -0.059900 -0.005800 -0.998200 -0.060100 -0.005200 -0.998200 -0.060300 -0.004600 -0.998200 -0.060600 -0.004100 -0.998100 -0.060800 -0.003700 -0.998100 -0.061100 -0.003200 -0.998100 -0.061300 -0.002700 -0.998100 -0.061500 -0.002100 -0.998100 -0.061600 -0.001500 -0.998100 -0.061600 -0.000700 -0.998100 -0.061500 -0.000000 -0.998100 -0.061300 0.000800 -0.998100 -0.061200 0.001500 -0.998100 -0.061000 0.002200 -0.998200 -0.060700 0.002900 -0.998200 -0.060400 0.003800 -0.998200 -0.060000 0.004700 -0.998200 -0.059700 0.005700 -0.998200 -0.059500 0.006600 -0.998200 -0.059400 0.007300 -0.998200 -0.059600 0.007900 -0.998200 -0.059800 0.009000 -0.998200 -0.059800 0.011300 -0.998200 -0.059600 0.015600 -0.998100 -0.059300 0.023200 -0.998000 -0.059300 0.035600 -0.997600 -0.060100 0.055000 -0.996500 -0.062900 0.083600 -0.994000 -0.069900 0.123500 -0.988800 -0.084300 0.180700 -0.978100 -0.103400 0.277100 -0.950100 -0.143600 0.408400 -0.886500 -0.217500 0.796900 -0.383700 -0.466600 0.663600 -0.640500 -0.386600 -0.911000 -0.187500 -0.367400 -0.602500 -0.723000 -0.338200 -0.420600 -0.860800 -0.286500 -0.302200 -0.920700 -0.246900 -0.212700 -0.954800 -0.207600 -0.140800 -0.975700 -0.168000 -0.086600 -0.986700 -0.137900 -0.050100 -0.991600 -0.118900 -0.028000 -0.993700 -0.108700 -0.016100 -0.994400 -0.104100 -0.010400 -0.994700 -0.102600 -0.007900 -0.994700 -0.102500 -0.006900 -0.994700 -0.102800 -0.006300 -0.994600 -0.103100 -0.005600 -0.994600 -0.103400 -0.005000 -0.994600 -0.103700 -0.004300 -0.994600 -0.104100 -0.003800 -0.994500 -0.104500 -0.003400 -0.994500 -0.104900 -0.003000 -0.994400 -0.105300 -0.002600 -0.994400 -0.105600 -0.002100 -0.994400 -0.105800 -0.001500 -0.994400 -0.105800 -0.000900 -0.994400 -0.105800 -0.000200 -0.994400 -0.105600 0.000500 -0.994400 -0.105300 0.001200 -0.994500 -0.105000 0.001800 -0.994500 -0.104600 0.002500 -0.994600 -0.104100 0.003300 -0.994600 -0.103400 0.004200 -0.994700 -0.102600 0.005300 -0.994800 -0.101800 0.006500 -0.994800 -0.101200 0.007400 -0.994900 -0.100800 0.008000 -0.994900 -0.100500 0.008800 -0.994900 -0.100000 0.010900 -0.995000 -0.098900 0.015200 -0.995100 -0.097500 0.023200 -0.995100 -0.096200 0.036500 -0.994800 -0.095400 0.057900 -0.993700 -0.095700 0.090800 -0.990900 -0.099200 0.140900 -0.983700 -0.111600 0.209200 -0.967200 -0.143800 0.292100 -0.941400 -0.168800 0.437900 -0.864700 -0.246100 0.715200 -0.592400 -0.370800 -0.775000 -0.266400 -0.573000 -0.752300 -0.328800 -0.570900 -0.478200 -0.787700 -0.388300 -0.351200 -0.871700 -0.341700 -0.266200 -0.912300 -0.311100 -0.186800 -0.948100 -0.257200 -0.118100 -0.969800 -0.213200 -0.068500 -0.980000 -0.186900 -0.037300 -0.984100 -0.173900 -0.019900 -0.985400 -0.169100 -0.011300 -0.985600 -0.168800 -0.007900 -0.985400 -0.170200 -0.006900 -0.985100 -0.171700 -0.006400 -0.985000 -0.172500 -0.005700 -0.984900 -0.172800 -0.004800 -0.984900 -0.173100 -0.004000 -0.984800 -0.173600 -0.003400 -0.984700 -0.174300 -0.002900 -0.984600 -0.175000 -0.002600 -0.984500 -0.175600 -0.002300 -0.984400 -0.176200 -0.001900 -0.984300 -0.176600 -0.001500 -0.984200 -0.176800 -0.001000 -0.984200 -0.176800 -0.000400 -0.984300 -0.176600 0.000200 -0.984300 -0.176300 0.000700 -0.984400 -0.175800 0.001300 -0.984500 -0.175200 0.001800 -0.984700 -0.174300 0.002400 -0.984900 -0.173300 0.003200 -0.985100 -0.171900 0.004400 -0.985400 -0.170300 0.005900 -0.985700 -0.168500 0.007200 -0.985900 -0.167100 0.008000 -0.986100 -0.166100 0.008300 -0.986300 -0.164800 0.009600 -0.986700 -0.162300 0.013800 -0.987200 -0.158800 0.022400 -0.987600 -0.155400 0.036400 -0.987600 -0.152900 0.058500 -0.986900 -0.150500 0.095300 -0.983900 -0.151000 0.149200 -0.976400 -0.156400 0.242300 -0.953400 -0.179900 0.390900 -0.889200 -0.237600 0.709900 -0.560500 -0.426500 0.714700 -0.516800 -0.471400 -0.663900 -0.217200 -0.715600 -0.623800 -0.275200 -0.731500 -0.427200 -0.773100 -0.468700 -0.327500 -0.825400 -0.459900 -0.249900 -0.891200 -0.378600 -0.161500 -0.936300 -0.311800 -0.092700 -0.956000 -0.278200 -0.048800 -0.962800 -0.265800 -0.023900 -0.964200 -0.264200 -0.011600 -0.963400 -0.267900 -0.007100 -0.961900 -0.273200 -0.006600 -0.960700 -0.277600 -0.007100 -0.960100 -0.279500 -0.006500 -0.960100 -0.279500 -0.005100 -0.960200 -0.279300 -0.003800 -0.960100 -0.279700 -0.002800 -0.959800 -0.280700 -0.002200 -0.959500 -0.281800 -0.001900 -0.959100 -0.282900 -0.001700 -0.958900 -0.283900 -0.001600 -0.958600 -0.284700 -0.001400 -0.958500 -0.285100 -0.001100 -0.958400 -0.285300 -0.000700 -0.958500 -0.285100 -0.000300 -0.958600 -0.284700 0.000200 -0.958800 -0.284000 0.000500 -0.959100 -0.283100 0.000900 -0.959400 -0.281900 0.001300 -0.959900 -0.280500 0.001900 -0.960400 -0.278500 0.002800 -0.961200 -0.276000 0.004400 -0.962000 -0.272800 0.006600 -0.962900 -0.269700 0.008200 -0.963500 -0.267500 0.008200 -0.964000 -0.265900 0.007800 -0.964900 -0.262500 0.010800 -0.966700 -0.255700 0.020600 -0.968600 -0.247600 0.037300 -0.969400 -0.242800 0.060600 -0.968600 -0.241000 0.097400 -0.967000 -0.235500 0.167000 -0.954200 -0.248100 0.236500 -0.936500 -0.259100 0.350700 -0.883100 -0.311700 0.654600 -0.628400 -0.420200 -0.446000 -0.531300 -0.720300 -0.487000 -0.368900 -0.791700 -0.551600 -0.259500 -0.792700 -0.342200 -0.753300 -0.561600 -0.218800 -0.873800 -0.434300 -0.119800 -0.910900 -0.394800 -0.059700 -0.917600 -0.393100 -0.026900 -0.914700 -0.403300 -0.010900 -0.909300 -0.416000 -0.005400 -0.903700 -0.428200 -0.006700 -0.899200 -0.437600 -0.009900 -0.897500 -0.440900 -0.010100 -0.898500 -0.438800 -0.007400 -0.899900 -0.436100 -0.004400 -0.900200 -0.435500 -0.002400 -0.899700 -0.436600 -0.001400 -0.898900 -0.438200 -0.001000 -0.898000 -0.439900 -0.000900 -0.897300 -0.441500 -0.001000 -0.896700 -0.442700 -0.001200 -0.896300 -0.443400 -0.001200 -0.896200 -0.443600 -0.001000 -0.896400 -0.443300 -0.000700 -0.896700 -0.442700 -0.000500 -0.897100 -0.441800 -0.000300 -0.897700 -0.440600 -0.000100 -0.898500 -0.439000 0.000300 -0.899400 -0.437100 0.000700 -0.900400 -0.435000 0.001500 -0.901700 -0.432300 0.002800 -0.903500 -0.428600 0.005400 -0.905800 -0.423700 0.009700 -0.907700 -0.419400 0.011700 -0.907900 -0.419000 0.008700 -0.908200 -0.418500 0.007200 -0.912000 -0.410100 0.015500 -0.919100 -0.393800 0.039600 -0.924000 -0.380300 0.070500 -0.922100 -0.380500 0.111400 -0.916900 -0.383400 0.177800 -0.913900 -0.365000 0.279800 -0.868500 -0.409100 0.664600 -0.498500 -0.556600 0.612000 -0.513200 -0.601700 -0.488500 -0.117500 -0.864600 -0.421300 -0.209700 -0.882400 -0.306900 -0.732100 -0.608100 -0.142300 -0.823100 -0.549700 -0.064000 -0.811600 -0.580600 -0.027900 -0.786400 -0.617100 -0.012900 -0.765700 -0.643000 -0.008600 -0.751700 -0.659400 -0.010900 -0.742300 -0.670000 -0.019400 -0.740000 -0.672400 -0.022200 -0.748000 -0.663300 -0.014800 -0.757400 -0.652800 -0.007700 -0.760100 -0.649800 -0.003400 -0.759400 -0.650600 -0.001300 -0.757800 -0.652400 -0.000500 -0.756300 -0.654200 -0.000400 -0.755000 -0.655700 -0.000700 -0.753900 -0.657000 -0.001300 -0.753400 -0.657600 -0.001900 -0.753700 -0.657200 -0.001800 -0.754800 -0.655900 -0.001200 -0.756000 -0.654600 -0.000800 -0.756900 -0.653500 -0.000900 -0.757900 -0.652400 -0.001000 -0.759500 -0.650600 -0.000400 -0.761400 -0.648300 0.000900 -0.762900 -0.646500 0.002500 -0.763900 -0.645400 0.004300 -0.764800 -0.644200 0.006700 -0.766900 -0.641700 0.011400 -0.771300 -0.636400 0.023900 -0.771200 -0.636100 0.022400 -0.761000 -0.648400 0.009900 -0.761000 -0.648700 0.012900 -0.777500 -0.628800 0.031400 -0.800400 -0.598600 0.092300 -0.800300 -0.592400 0.123300 -0.794100 -0.595100 0.210600 -0.809400 -0.548200 0.533800 -0.499900 -0.682000 0.461200 -0.526400 -0.714300 -0.167300 -0.543400 -0.822600 -0.065100 -0.481700 -0.873900 -0.037100 -0.410500 -0.911100 -0.030900 -0.376700 -0.925800 -0.033500 -0.371300 -0.927900 -0.036700 -0.380700 -0.924000 -0.041500 -0.392600 -0.918800 -0.051000 -0.422300 -0.905000 -0.030400 -0.459600 -0.887600 -0.015600 -0.465500 -0.884900 -0.007800 -0.463800 -0.885900 -0.004200 -0.461900 -0.886900 -0.002800 -0.461600 -0.887100 -0.002100 -0.462200 -0.886800 -0.002000 -0.462900 -0.886400 -0.002800 -0.463700 -0.886000 -0.004400 -0.466200 -0.884700 -0.004800 -0.471000 -0.882100 -0.002900 -0.476000 -0.879400 -0.000600 -0.478500 -0.878100 -0.000100 -0.479100 -0.877800 -0.001100 -0.480700 -0.876900 -0.000400 -0.484400 -0.874800 0.003200 -0.486700 -0.873500 0.008100 -0.484700 -0.874700 0.013100 -0.478600 -0.877900 0.018400 -0.470300 -0.882300 0.023400 -0.463000 -0.886100 0.028900 -0.468900 -0.882800 0.069400 -0.429300 -0.900500 0.029300 -0.390500 -0.920100 0.027200 -0.420700 -0.906800 0.049400 -0.446400 -0.893500 0.084500 -0.495100 -0.864700 0.130600 -0.435900 -0.890500 0.221100 -0.484700 -0.846300 0.358100 -0.402300 -0.842600 -0.506700 -0.061100 0.860000 -0.296300 0.060600 0.953200 -0.136500 0.144900 0.980000 -0.161000 0.200700 0.966300 -0.085700 0.145200 0.985700 -0.097400 0.148400 0.984100 -0.075900 0.138200 0.987500 -0.067500 0.073900 0.995000 -0.054900 0.028800 0.998100 -0.044400 -0.005600 0.999000 -0.037800 -0.037000 0.998600 -0.029400 -0.072800 0.996900 -0.007000 -0.103300 0.994600 0.014700 -0.098400 0.995000 0.018700 -0.071300 0.997300 0.014300 -0.049100 0.998700 0.008900 -0.035900 0.999300 0.005300 -0.028700 0.999600 0.002400 -0.025200 0.999700 0.001400 -0.024700 0.999700 0.002300 -0.023600 0.999700 0.003600 -0.019300 0.999800 0.004300 -0.012600 0.999900 0.004300 -0.005600 1.000000 0.004300 -0.000000 1.000000 0.004800 0.003500 1.000000 0.005900 0.005000 1.000000 0.008200 0.004100 1.000000 0.013000 -0.000100 0.999900 0.022800 -0.009400 0.999700 0.041400 -0.024400 0.998800 0.077000 -0.069600 0.994600 0.111200 0.115400 0.987100 0.095900 0.150200 0.984000 0.097700 0.155600 0.983000 0.131700 0.076500 0.988300 0.194900 0.637400 0.745500 0.290700 0.124100 0.948700 -0.629600 -0.069300 0.773800 -0.510400 0.495500 0.702900 -0.507100 0.233500 0.829700 -0.296600 0.642900 0.706200 0.410700 0.496800 0.764500 0.551900 0.315500 0.771900 0.515200 0.642400 0.567400 -0.696800 -0.056800 0.715000 -0.628800 0.413600 0.658400 -0.599800 0.235500 0.764700 0.500500 0.677700 0.538700 0.666600 0.237400 0.706600 -0.728400 -0.046000 0.683600 -0.663600 0.433800 0.609400 -0.638500 0.245100 0.729600 0.614800 0.540500 0.574300 0.504300 0.745000 0.436700 0.729800 0.289500 0.619300 -0.762200 -0.032000 0.646500 -0.685300 0.442500 0.578500 -0.668100 0.254400 0.699200 0.698200 0.515200 0.497100 0.741300 0.377800 0.554800 -0.824200 -0.005500 0.566300 -0.711900 0.459600 0.531100 -0.713400 0.279300 0.642700 0.765300 0.166400 0.621800 0.701000 0.410000 0.583600 -0.938500 -0.071500 0.337900 -0.767900 0.470700 0.434500 -0.825200 0.272400 0.494800 0.746000 0.171700 0.643400 0.594200 0.668600 0.447200 0.839800 0.080400 0.536900 -0.818600 0.500900 0.281100 -0.981600 -0.030000 0.188800 0.798500 0.528800 0.287600 0.890200 0.436400 0.130700 -0.988900 0.024400 0.146300 0.926000 0.363400 0.102500 -0.989600 0.097200 0.106000 0.952200 0.287800 0.102500 -0.996300 -0.026400 0.081500 0.971200 0.211100 0.110400 -0.998100 0.027100 0.055600 0.985100 0.127700 0.115400 -0.998300 0.002100 0.058200 0.997300 -0.026500 0.068700 -0.997900 -0.037300 0.053600 0.999300 0.013000 0.035400 -0.995700 -0.077400 0.050000 0.999500 0.021900 0.021800 -0.992000 -0.118100 0.045400 0.999600 0.025800 0.013300 -0.990700 -0.132500 0.030900 0.999500 0.029300 0.010400 -0.991100 -0.129400 0.030400 0.999500 0.029500 0.014900 -0.980200 -0.189000 0.058200 0.999500 0.007300 0.029300 -0.979800 -0.199300 0.017600 0.998900 -0.036800 0.027400 -0.983900 -0.178500 0.006900 0.998200 -0.059200 0.005900 -0.984400 -0.175800 0.005300 0.998400 -0.056300 -0.000000 -0.984200 -0.177200 0.001500 0.998300 -0.057800 0.002100 -0.984200 -0.177000 -0.004000 0.997900 -0.064700 0.002800 -0.984600 -0.174500 -0.010600 0.997500 -0.070200 0.001100 -0.985400 -0.169500 -0.018300 0.997200 -0.075200 0.001300 -0.987000 -0.158500 -0.028200 0.996500 -0.083300 -0.000000 -0.990700 -0.130400 -0.039700 0.996200 -0.086300 -0.007200 -0.992900 -0.110600 -0.042800 0.997000 -0.076700 -0.014200 -0.996300 -0.059000 -0.061900 0.998000 -0.060700 -0.016500 -0.998100 0.001800 -0.061700 0.998800 -0.045300 -0.017700 -0.998400 0.032700 -0.045500 0.999300 -0.031200 -0.021300 -0.998600 0.040600 -0.034700 0.999500 -0.014900 -0.028800 -0.998500 0.042000 -0.035700 0.999200 0.006300 -0.038300 -0.997700 0.047900 -0.047400 0.998800 0.019700 -0.044500 -0.992500 0.095500 -0.076200 0.995400 0.065800 -0.069800 -0.980900 0.163300 -0.105700 0.991900 0.090600 -0.088500 -0.965600 0.243600 -0.090400 0.992200 0.094200 -0.081700 -0.955000 0.287000 -0.075100 0.988300 0.049300 -0.144200 -0.943200 0.324500 -0.071400 0.981200 0.022400 -0.191600 -0.918000 0.381000 -0.110200 -0.923400 0.323300 -0.206900 -0.636500 0.742300 -0.209600 0.807200 0.510100 -0.297000 0.839200 0.272000 -0.471000 0.932300 -0.061000 -0.356600 -0.915200 0.136500 -0.379300 -0.670000 0.677300 -0.303800 0.862700 0.145400 -0.484400 -0.764400 0.577100 -0.287500 0.799500 0.328200 -0.503100 0.866200 0.073900 -0.494200 -0.754900 0.572600 -0.319700 -0.844200 0.058400 -0.532900 -0.596000 0.612400 -0.519300 0.723000 0.540000 -0.431000 0.714500 0.537800 -0.447600 0.862100 0.002000 -0.506800 -0.674300 0.505100 -0.538800 -0.687900 0.159100 -0.708200 -0.472000 0.657800 -0.586900 0.564700 0.704300 -0.430200 0.614000 0.611900 -0.498500 0.802200 0.182500 -0.568500 -0.569300 0.497700 -0.654300 -0.555400 0.111900 -0.824000 -0.395800 0.712600 -0.579200 0.658700 0.492100 -0.569100 0.810100 0.045000 -0.584600 -0.491300 0.278100 -0.825400 -0.476900 0.515100 -0.712200 -0.483800 0.274400 -0.831100 -0.329700 0.680300 -0.654600 0.534900 0.630300 -0.562700 0.508000 0.539300 -0.671600 0.677700 0.099000 -0.728600 -0.391000 0.539000 -0.746100 -0.278400 0.115300 -0.953500 -0.192500 0.708200 -0.679300 0.184800 0.608000 -0.772100 0.117900 0.176100 -0.977300 0.234600 0.091300 -0.967800 0.255700 0.657100 -0.709100 0.329300 0.168000 -0.929200 0.350100 0.656600 -0.668100 0.509800 0.108300 -0.853400 -0.108900 0.164800 -0.980300 -0.070800 0.227900 -0.971100 -0.065800 0.237200 -0.969200 -0.073000 0.213800 -0.974100 -0.084900 0.162100 -0.983100 -0.087000 0.105800 -0.990600 -0.087900 0.047500 -0.995000 -0.044700 -0.020900 -0.998800 -0.025400 -0.013900 -0.999600 -0.016600 -0.007700 -0.999800 -0.012500 -0.008000 -0.999900 -0.010600 -0.013600 -0.999900 -0.009500 -0.022200 -0.999700 -0.008000 -0.030500 -0.999500 -0.007100 -0.036300 -0.999300 -0.008800 -0.042000 -0.999100 -0.010800 -0.052300 -0.998600 -0.007900 -0.065000 -0.997900 -0.001100 -0.071800 -0.997400 0.003400 -0.070000 -0.997500 0.002000 -0.067200 -0.997700 -0.000000 -0.071500 -0.997400 0.005600 -0.077400 -0.997000 0.016000 -0.072700 -0.997200 0.026200 -0.056700 -0.998000 0.036900 -0.033700 -0.998800 0.048500 -0.004700 -0.998800 0.057100 0.023900 -0.998100 0.067200 0.003100 -0.997700 0.078800 0.151300 -0.985300 0.050100 0.123500 -0.991100 0.082800 0.085200 -0.992900 0.101800 0.087200 -0.991000 -0.171400 0.704600 0.688600 -0.129700 0.614300 0.778300 -0.131000 0.642200 0.755200 -0.126200 0.563700 0.816300 -0.070000 0.536000 0.841300 -0.080800 0.578600 0.811600 -0.065000 0.485000 0.872100 -0.057700 0.448700 0.891800 -0.054600 0.418100 0.906800 -0.055300 0.382200 0.922400 -0.045800 0.324200 0.944900 -0.005500 0.274400 0.961600 0.023800 0.288300 0.957200 0.036100 0.321800 0.946100 0.025200 0.359400 0.932900 0.018200 0.377500 0.925800 0.010200 0.391100 0.920300 0.004900 0.395900 0.918300 0.005200 0.397300 0.917700 0.008100 0.402700 0.915300 0.011400 0.413000 0.910600 0.013800 0.426000 0.904600 0.015900 0.438400 0.898600 0.018300 0.449000 0.893300 0.021100 0.458200 0.888600 0.024600 0.465800 0.884600 0.029300 0.470500 0.881900 0.037000 0.469000 0.882400 0.051400 0.454200 0.889400 0.078400 0.408700 0.909300 0.076000 0.713100 0.696900 0.153500 0.531800 0.832900 0.159800 0.568400 0.807100 0.155700 0.619000 0.769800 0.161700 0.642000 0.749500 -0.382300 0.749000 0.541200 -0.287200 0.819900 0.495300 -0.211500 0.852400 0.478300 -0.166700 0.846100 0.506300 -0.139100 0.831700 0.537600 -0.147800 0.849900 0.505800 -0.117900 0.802200 0.585300 0.138200 0.777800 0.613100 0.128700 0.893000 0.431400 0.204900 0.770300 0.603900 0.208600 0.797100 0.566700 0.216200 0.819800 0.530200 0.248000 0.820000 0.515800 0.331700 0.775600 0.537000 -0.423900 0.756600 0.497800 -0.309200 0.860300 0.405400 -0.268500 0.873900 0.405100 -0.211600 0.908800 0.359500 -0.158000 0.918300 0.362900 -0.177000 0.920900 0.347400 0.180200 0.891100 0.416400 0.162200 0.939700 0.301100 0.231300 0.876500 0.422200 0.244900 0.881000 0.404800 0.269700 0.877600 0.396400 0.333100 0.856100 0.395200 -0.446600 0.758100 0.475100 -0.330300 0.865700 0.376000 -0.296500 0.886000 0.356600 -0.224600 0.926300 0.302400 -0.174000 0.946700 0.270900 -0.187100 0.944500 0.270200 0.203700 0.932500 0.298400 0.189200 0.954900 0.228800 0.248100 0.918400 0.308200 0.269600 0.910600 0.313300 0.314500 0.888900 0.333100 0.393300 0.835500 0.383700 -0.470100 0.757900 0.452200 -0.347400 0.865500 0.360800 -0.311700 0.887500 0.339500 -0.235200 0.932400 0.274300 -0.178400 0.957300 0.227600 -0.189900 0.953600 0.233500 0.217600 0.950400 0.222100 0.192800 0.964900 0.178600 0.247100 0.939000 0.239200 0.288800 0.917800 0.272600 0.353500 0.882800 0.309400 0.476500 0.804000 0.355700 -0.509900 0.757400 0.407900 -0.378400 0.858900 0.345200 -0.329400 0.885600 0.327400 -0.244700 0.933600 0.261700 -0.179400 0.961700 0.207300 -0.192200 0.957100 0.216800 0.173800 0.972500 0.154800 0.219400 0.956900 0.190200 0.259800 0.940100 0.220800 0.313800 0.913900 0.257600 0.397200 0.864900 0.306800 0.546400 0.716400 0.433900 -0.589500 0.733200 0.339000 -0.436800 0.846200 0.305200 -0.366700 0.878200 0.307100 -0.262700 0.931300 0.252300 -0.181400 0.963200 0.198300 -0.198800 0.957400 0.209500 0.189700 0.969600 0.154600 0.178400 0.973100 0.146100 0.224900 0.957700 0.179600 0.276200 0.936900 0.214300 0.340300 0.906200 0.251000 0.416900 0.856900 0.303300 0.524200 0.751900 0.399900 -0.822800 0.523700 0.220900 -0.602500 0.747700 0.279200 -0.414800 0.871800 0.260700 -0.303000 0.923400 0.235500 -0.189400 0.962600 0.193600 -0.218700 0.954400 0.202900 0.167700 0.975800 0.140200 0.202800 0.965600 0.162900 0.250000 0.949800 0.187800 0.308500 0.927400 0.211500 0.377800 0.895500 0.235400 0.448700 0.856800 0.254000 0.533000 0.814200 0.230300 -0.861700 0.472600 0.184600 -0.597700 0.771500 0.218000 -0.279500 0.938600 0.202100 -0.380500 0.899300 0.215800 -0.219800 0.957800 0.185400 0.182700 0.972400 0.144800 0.186200 0.972300 0.141000 0.223600 0.960300 0.166900 0.284200 0.939200 0.192900 0.368500 0.906500 0.206000 0.467100 0.861000 0.201200 0.611900 0.771600 0.173600 -0.807200 0.573600 0.139100 -0.404900 0.895800 0.183300 -0.568100 0.807300 0.160000 0.221300 0.962100 0.159300 0.278700 0.942400 0.185100 0.297600 0.940200 0.165700 0.379400 0.901600 0.207700 0.500200 0.844700 0.190700 0.672800 0.723600 0.154400 -0.642100 0.760000 0.100700 -0.876500 0.472900 0.090600 0.393100 0.900900 0.184000 0.417400 0.896600 0.148000 0.547100 0.812900 0.199600 0.733900 0.660900 0.157000 -0.873400 0.476500 0.100600 0.581000 0.796500 0.167600 0.636700 0.762300 0.116200 0.799900 0.577100 0.164600 -0.898700 0.429100 0.090400 0.845200 0.525300 0.098900 0.886700 0.457900 0.064200 -0.918100 0.388100 0.080800 0.875300 0.480600 0.052800 -0.936500 0.342000 0.078000 0.877400 0.477900 0.042300 -0.956500 0.282700 0.071700 0.881800 0.470300 0.035500 -0.956600 0.288600 0.039700 0.887800 0.459100 0.034000 -0.956900 0.284900 0.055900 0.894800 0.444800 0.039600 -0.982000 0.183000 0.046600 0.918800 0.391000 0.054800 -0.970600 0.240200 0.016200 0.940000 0.340900 0.015500 -0.969700 0.243800 0.018500 0.935300 0.353800 -0.000700 -0.971700 0.236000 0.013700 0.934300 0.356500 0.002000 -0.972800 0.231600 0.005600 0.938400 0.345500 0.005400 -0.973200 0.230100 -0.002600 0.941600 0.336700 0.000500 -0.973300 0.229300 -0.009800 0.941300 0.337600 -0.003200 -0.973700 0.227100 -0.016700 0.943400 0.331700 0.000100 -0.974200 0.224300 -0.026400 0.947400 0.319900 -0.006200 -0.968200 0.245400 -0.049700 0.944300 0.328400 -0.021900 -0.956600 0.277600 -0.088600 0.935600 0.352100 -0.027100 -0.915700 0.385700 -0.113000 0.927000 0.373900 -0.027600 -0.884500 0.457500 -0.091300 0.919500 0.392000 -0.028300 -0.871900 0.485500 -0.063600 0.911700 0.409500 -0.033000 -0.867100 0.495600 -0.050000 0.900600 0.432600 -0.041400 -0.863600 0.502100 -0.046400 0.883400 0.466200 -0.047400 -0.859800 0.508300 -0.048000 0.885900 0.462100 -0.039500 -0.840700 0.536800 -0.071500 -0.839900 0.527200 -0.129100 -0.603400 0.790200 -0.106900 0.657600 0.750800 -0.062100 0.598500 0.791100 -0.126800 0.854100 0.509700 -0.103600 -0.763100 0.630900 -0.140100 -0.574700 0.809300 -0.121300 0.584300 0.799800 -0.137700 0.845100 0.519000 -0.128300 -0.716100 0.687400 -0.121600 -0.546900 0.825500 -0.139400 -0.519300 0.839100 -0.161700 -0.392300 0.910500 -0.130700 0.564500 0.811800 -0.149500 0.803700 0.580700 -0.129400 -0.667500 0.736200 -0.111900 -0.481000 0.863800 -0.149700 -0.367300 0.917800 -0.150700 -0.360000 0.917700 -0.167800 -0.272000 0.953100 -0.132600 0.415500 0.893500 -0.170200 0.390300 0.900500 -0.191900 0.578500 0.795700 -0.179300 0.837000 0.527200 -0.146900 -0.610000 0.782300 -0.125800 -0.450000 0.879000 -0.157800 -0.348500 0.922200 -0.167800 -0.262600 0.953600 -0.147400 -0.268200 0.948800 -0.167100 -0.205600 0.969400 -0.133800 0.245000 0.954600 -0.169500 0.239900 0.954500 -0.177200 0.315600 0.928500 -0.195900 0.299700 0.936500 -0.182300 0.413500 0.883700 -0.219200 0.570600 0.789200 -0.227300 0.789600 0.582600 -0.192900 -0.456000 0.867300 -0.199600 -0.348500 0.919300 -0.182900 -0.270800 0.946200 -0.177200 -0.202800 0.968200 -0.146200 -0.213400 0.962300 -0.168600 -0.167800 0.976300 -0.136900 0.208400 0.962700 -0.172300 0.209900 0.961600 -0.177100 0.264300 0.944000 -0.197700 0.346900 0.910800 -0.223600 0.449400 0.858400 -0.247400 0.587200 0.751500 -0.300800 -0.460900 0.859600 -0.220500 -0.347000 0.914700 -0.207100 -0.274800 0.940600 -0.199600 -0.220600 0.956700 -0.189700 -0.168600 0.974200 -0.150200 -0.181700 0.967100 -0.178200 -0.147600 0.978400 -0.144500 0.188300 0.966900 -0.172300 0.189800 0.965400 -0.178800 0.229800 0.953500 -0.194800 0.295400 0.929500 -0.220700 0.377200 0.888200 -0.262300 0.472000 0.829600 -0.298100 0.634800 0.684000 -0.359400 -0.429300 0.863600 -0.264300 -0.340000 0.905000 -0.255600 -0.279800 0.929100 -0.241800 -0.229500 0.946500 -0.226800 -0.191500 0.958300 -0.212100 -0.151300 0.975100 -0.162400 -0.165500 0.966000 -0.198800 -0.139100 0.977300 -0.160100 0.173400 0.968900 -0.176400 0.174100 0.966400 -0.189300 0.203500 0.958400 -0.200100 0.252800 0.942800 -0.217400 0.317900 0.915800 -0.245400 0.410600 0.867600 -0.280400 0.594300 0.705000 -0.387000 -0.373000 0.859700 -0.348900 -0.295100 0.904200 -0.308700 -0.244200 0.926800 -0.285500 -0.205000 0.942400 -0.264400 -0.176500 0.953200 -0.245500 -0.142700 0.972600 -0.183600 -0.159700 0.960200 -0.229300 -0.134100 0.975000 -0.177100 -0.150200 0.963500 -0.221800 -0.122000 0.977100 -0.174400 0.160600 0.968400 -0.190700 0.160500 0.962600 -0.218200 0.178900 0.958800 -0.220600 0.222100 0.947800 -0.228800 0.272500 0.929500 -0.248500 0.340900 0.900100 -0.271500 0.471200 0.822200 -0.319200 -0.339200 0.847800 -0.407600 -0.266000 0.892300 -0.364800 -0.226300 0.912600 -0.340600 -0.191400 0.930700 -0.311700 -0.170500 0.940000 -0.295500 -0.167300 0.942300 -0.290000 -0.138300 0.965600 -0.220100 0.151000 0.962800 -0.224000 0.150200 0.949500 -0.275300 0.159400 0.948200 -0.274600 0.180700 0.944300 -0.275000 0.220700 0.938700 -0.265000 0.303700 0.908500 -0.287100 0.392800 0.857100 -0.333300 -0.317500 0.799000 -0.510600 -0.272700 0.850100 -0.450600 -0.210900 0.894300 -0.394600 -0.174500 0.909200 -0.378100 -0.164400 0.909300 -0.382200 -0.166900 0.940700 -0.295300 -0.178100 0.895700 -0.407400 -0.151800 0.935300 -0.319500 0.141900 0.946900 -0.288600 0.140000 0.912000 -0.385600 0.137300 0.916400 -0.375900 0.159800 0.916100 -0.367700 0.181300 0.915000 -0.360600 0.232600 0.905800 -0.354100 0.299400 0.891800 -0.339200 0.422800 0.820500 -0.384900 -0.232400 0.838000 -0.493800 -0.167100 0.861300 -0.479800 -0.145000 0.853200 -0.501100 -0.148500 0.832100 -0.534300 -0.159800 0.890200 -0.426600 -0.162500 0.800600 -0.576800 -0.140900 0.891300 -0.431000 -0.165200 0.754000 -0.635800 -0.131200 0.889300 -0.438100 0.135200 0.905100 -0.403100 0.126400 0.821100 -0.556600 0.128300 0.812900 -0.568200 0.111700 0.816800 -0.566000 0.142400 0.852400 -0.503100 0.179600 0.840300 -0.511500 0.239100 0.848500 -0.472100 0.329200 0.830200 -0.449900 -0.122700 0.740400 -0.660900 -0.108000 0.711700 -0.694100 -0.109500 0.675100 -0.729500 -0.122800 0.627800 -0.768600 -0.140900 0.551100 -0.822400 -0.121700 0.782300 -0.610900 -0.128700 0.509700 -0.850600 -0.102600 0.784600 -0.611500 -0.113100 0.477900 -0.871100 -0.050100 0.752000 -0.657300 0.103900 0.796100 -0.596200 0.084200 0.582800 -0.808300 0.103800 0.592800 -0.798700 0.098400 0.543200 -0.833800 0.107600 0.569600 -0.814900 0.109000 0.642900 -0.758200 -0.043800 0.423100 -0.905000 -0.031000 0.446500 -0.894300 -0.027100 0.452200 -0.891500 -0.025000 0.446300 -0.894500 -0.023500 0.433900 -0.900700 -0.022300 0.417000 -0.908600 -0.020200 0.398600 -0.916900 -0.016600 0.384000 -0.923200 -0.014400 0.375900 -0.926500 -0.017400 0.365300 -0.930700 -0.016500 0.347000 -0.937700 -0.005400 0.334000 -0.942600 0.006200 0.335900 -0.941900 0.010600 0.347900 -0.937500 0.003600 0.351000 -0.936400 0.004800 0.339300 -0.940700 0.021400 0.338800 -0.940600 0.036300 0.358300 -0.932900 0.050300 0.385400 -0.921400 0.065300 0.416300 -0.906900 0.082000 0.453000 -0.887700 0.084000 0.489900 -0.867700 -0.082700 0.814200 0.574700 -0.070500 0.767600 0.637000 -0.064400 0.741000 0.668400 -0.062100 0.720300 0.690800 -0.066500 0.702900 0.708200 -0.078900 0.674600 0.734000 -0.054000 0.596900 0.800500 -0.054600 0.542600 0.838200 0.091000 0.523400 0.847200 0.050700 0.633100 0.772400 0.037100 0.649500 0.759500 0.024400 0.669000 0.742800 0.011000 0.679100 0.733900 0.008900 0.679000 0.734100 0.012900 0.682600 0.730600 0.018800 0.691400 0.722200 0.024000 0.704100 0.709700 0.027900 0.717200 0.696300 0.032000 0.728500 0.684300 0.036600 0.738400 0.673400 0.041200 0.747400 0.663100 0.045700 0.755400 0.653700 0.050300 0.760800 0.647000 0.055400 0.760100 0.647400 0.060500 0.743000 0.666600 -0.135600 0.926900 0.350000 -0.120600 0.909700 0.397300 -0.103900 0.914100 0.392000 -0.076700 0.895400 0.438500 -0.069400 0.881600 0.466800 -0.067100 0.868700 0.490800 -0.065800 0.859000 0.507700 -0.078600 0.855200 0.512200 -0.117400 0.831500 0.543000 0.021600 0.594500 0.803800 -0.145900 0.732400 0.665100 0.185600 0.677000 0.712200 0.110300 0.899500 0.422800 0.086400 0.828000 0.554000 0.051100 0.806800 0.588600 0.044500 0.814600 0.578200 0.018800 0.830200 0.557100 0.013300 0.827300 0.561500 0.017200 0.829200 0.558700 0.024800 0.834600 0.550400 0.033200 0.843300 0.536400 0.039000 0.854100 0.518600 0.044100 0.863300 0.502800 0.050000 0.870700 0.489300 0.055400 0.877500 0.476300 0.060300 0.883700 0.464100 0.064300 0.889300 0.452700 0.067100 0.894000 0.443100 0.067200 0.897500 0.436000 0.063500 0.902000 0.427100 -0.150300 0.955300 0.254600 -0.139700 0.957700 0.251700 -0.124100 0.952300 0.278900 -0.115500 0.951900 0.283700 -0.088100 0.949800 0.300100 -0.075600 0.943600 0.322200 -0.073500 0.936800 0.342000 -0.069300 0.928600 0.364400 -0.063900 0.927100 0.369200 -0.081100 0.932000 0.353300 -0.175300 0.914300 0.365200 -0.097100 0.954400 0.282200 -0.040200 0.956200 0.289900 0.021500 0.952000 0.305300 0.027300 0.931500 0.362600 0.041000 0.906800 0.419600 0.046400 0.888900 0.455800 0.027100 0.906400 0.421500 0.019600 0.899600 0.436300 0.022300 0.901400 0.432400 0.028900 0.904900 0.424700 0.039000 0.909400 0.414100 0.049200 0.916300 0.397400 0.055000 0.923800 0.378900 0.062300 0.929300 0.364000 0.068100 0.934700 0.348800 0.073200 0.939000 0.335900 0.077500 0.943000 0.323700 0.080600 0.946600 0.312000 0.082900 0.950000 0.301100 0.085100 0.953200 0.290200 0.097400 0.955400 0.278800 -0.154100 0.966700 0.204100 -0.145900 0.970400 0.192300 -0.139100 0.971000 0.194200 -0.125100 0.971500 0.201200 -0.115400 0.970600 0.211400 -0.101400 0.970000 0.221000 -0.084300 0.968900 0.232600 -0.080600 0.966300 0.244500 -0.076600 0.961700 0.263400 -0.064900 0.956400 0.284900 -0.065100 0.960900 0.269100 -0.065300 0.963500 0.259500 -0.040100 0.966300 0.254300 -0.005900 0.962600 0.270700 0.016700 0.951900 0.306100 0.023200 0.939200 0.342600 0.018300 0.943800 0.330100 0.020700 0.943400 0.331100 0.025500 0.955400 0.294200 0.026800 0.935800 0.351500 0.028700 0.937200 0.347700 0.032700 0.939600 0.340600 0.040700 0.942200 0.332400 0.052700 0.944800 0.323200 0.065400 0.949600 0.306700 0.076800 0.953300 0.292100 0.081300 0.959100 0.271300 0.085500 0.962700 0.256800 0.089600 0.965600 0.244300 0.092800 0.968200 0.232500 0.095200 0.970500 0.221600 0.098300 0.972300 0.211900 0.104900 0.973400 0.203700 0.127500 0.970500 0.204500 -0.152700 0.971800 0.179900 -0.142300 0.976100 0.164400 -0.139900 0.977000 0.161100 -0.133200 0.978400 0.157800 -0.127200 0.978800 0.160400 -0.118800 0.978800 0.166600 -0.108800 0.978800 0.173600 -0.095700 0.978200 0.184300 -0.092200 0.977400 0.190100 -0.083500 0.974300 0.209100 -0.073200 0.971300 0.226500 -0.059200 0.971800 0.228200 -0.065600 0.972100 0.225100 -0.047500 0.972100 0.229500 -0.027600 0.971300 0.236100 -0.006800 0.967600 0.252400 0.005500 0.961800 0.273700 0.009300 0.958400 0.285100 0.031500 0.955400 0.293500 0.036200 0.956300 0.290200 0.043200 0.958100 0.283300 0.051900 0.960200 0.274600 0.061200 0.962200 0.265400 0.074600 0.963500 0.257000 0.089400 0.970200 0.225100 0.091100 0.962200 0.256700 0.099000 0.967300 0.233700 0.099400 0.971600 0.214900 0.101600 0.974400 0.200700 0.104000 0.976500 0.188500 0.106000 0.978400 0.177500 0.108300 0.979800 0.168000 0.113000 0.980500 0.160600 0.123800 0.979800 0.157300 0.153400 0.973900 0.167100 -0.151100 0.974000 0.168800 -0.137700 0.978700 0.152100 -0.135600 0.979700 0.147400 -0.132000 0.981000 0.142000 -0.130800 0.981400 0.140500 -0.127900 0.981600 0.141600 -0.123300 0.981700 0.145300 -0.114800 0.981800 0.151400 -0.108700 0.980800 0.161700 -0.093500 0.978300 0.185100 -0.103400 0.979300 0.173900 -0.083800 0.976600 0.198200 -0.074100 0.975700 0.206400 0.101400 0.970600 0.218300 0.112600 0.970800 0.211700 0.118600 0.973600 0.194800 0.116800 0.972900 0.199400 0.115000 0.976400 0.182800 0.115400 0.978700 0.169500 0.116300 0.980600 0.158000 0.117400 0.982000 0.148100 0.120100 0.982800 0.140200 0.127200 0.982500 0.136100 0.145000 0.979200 0.141800 -0.152000 0.974700 0.163900 -0.134700 0.979900 0.147000 -0.131400 0.981100 0.141700 -0.128400 0.982300 0.136200 -0.129100 0.982500 0.134600 -0.129800 0.982400 0.134500 -0.130400 0.982000 0.136700 -0.127100 0.982000 0.139800 -0.123900 0.981000 0.149000 -0.112500 0.979500 0.166900 -0.121800 0.979400 0.160800 0.129400 0.972700 0.192400 0.133200 0.973200 0.187500 0.129600 0.974800 0.181500 0.127500 0.977600 0.167400 0.126900 0.979700 0.155200 0.126700 0.981400 0.144500 0.127300 0.982600 0.135500 0.130300 0.983000 0.129400 0.137900 0.982100 0.128000 0.154600 0.979000 0.133200 -0.162100 0.973500 0.161400 -0.135300 0.980000 0.145900 -0.128600 0.981800 0.139700 -0.124800 0.983100 0.133700 -0.126200 0.983100 0.132300 -0.128600 0.982700 0.132900 -0.132400 0.981800 0.136000 -0.133100 0.981400 0.138600 -0.134600 0.979900 0.147000 -0.128600 0.978300 0.162600 -0.135600 0.978000 0.158400 0.142000 0.972100 0.186500 0.146700 0.971200 0.187700 0.140500 0.974300 0.175900 0.138100 0.977000 0.162500 0.136900 0.978900 0.151400 0.135700 0.980700 0.140900 0.135700 0.981800 0.132800 0.139400 0.981900 0.128300 0.150400 0.980000 0.130100 -0.268800 0.948400 0.168200 -0.192500 0.967800 0.162200 -0.146000 0.978200 0.147900 -0.129500 0.981500 0.140700 -0.121900 0.983600 0.133200 -0.122600 0.983800 0.131100 -0.126100 0.983200 0.131700 -0.131900 0.982000 0.135500 -0.135300 0.981000 0.139000 -0.141100 0.978900 0.148100 -0.141900 0.976200 0.164100 -0.145900 0.976300 0.160100 0.153300 0.970400 0.186700 0.158600 0.969200 0.188500 0.149800 0.973000 0.175600 0.149900 0.974900 0.164700 0.145700 0.977700 0.151400 0.143100 0.979500 0.141600 0.143000 0.980500 0.134500 0.148000 0.980300 0.131000 0.160300 0.978300 0.131300 -0.402200 0.905600 0.134900 -0.259800 0.953000 0.155700 -0.185300 0.970200 0.156200 -0.144300 0.979100 0.143400 -0.123300 0.983200 0.134500 -0.118900 0.984200 0.131400 -0.121900 0.983900 0.130700 -0.129100 0.982500 0.134200 -0.134900 0.981200 0.137800 -0.144500 0.978500 0.147300 -0.152000 0.974400 0.165600 -0.153600 0.975000 0.160500 0.161300 0.970000 0.182100 0.162600 0.971000 0.175200 0.166900 0.970200 0.175800 0.157500 0.973800 0.163800 0.152200 0.976600 0.152000 0.149500 0.978400 0.143000 0.151200 0.979000 0.136600 0.161200 0.977900 0.133000 0.184400 0.973800 0.133000 0.225400 0.964500 0.137400 -0.627700 0.769500 0.117400 -0.416000 0.899400 0.134500 -0.273000 0.951600 0.141200 -0.182900 0.973300 0.138600 -0.139300 0.980700 0.136900 -0.120900 0.983800 0.132400 -0.117500 0.984400 0.130700 -0.123600 0.983400 0.132900 -0.131400 0.982000 0.135700 -0.144200 0.979000 0.144200 -0.159800 0.973600 0.162900 -0.157700 0.974900 0.157000 0.169200 0.970200 0.173400 0.172400 0.969800 0.172300 0.163400 0.973100 0.162400 0.158100 0.975800 0.151300 0.157400 0.977200 0.142800 0.164600 0.976900 0.136200 0.184200 0.974200 0.130700 0.221800 0.967300 0.123200 0.291200 0.949300 0.118300 -0.671300 0.732400 0.113800 -0.457500 0.881600 0.116300 -0.290500 0.949400 0.119100 -0.191500 0.973300 0.126300 -0.140200 0.981800 0.128300 -0.120500 0.984300 0.129300 -0.118500 0.984200 0.131200 -0.124900 0.983200 0.133400 -0.139500 0.980300 0.140000 -0.163000 0.974000 0.157300 -0.157000 0.975900 0.151300 0.174100 0.970100 0.169400 0.176400 0.970200 0.165900 0.168800 0.972800 0.158900 0.165800 0.975000 0.148100 0.171300 0.975300 0.139300 0.190400 0.972900 0.131200 0.229300 0.965700 0.121400 0.298000 0.948400 0.107900 0.416600 0.904300 0.093500 -0.696400 0.710600 0.100400 -0.480600 0.870300 0.107300 -0.315600 0.942500 0.110100 -0.205800 0.971700 0.116200 -0.146600 0.981700 0.121600 -0.123500 0.984400 0.125500 -0.120500 0.984300 0.129000 -0.132200 0.982000 0.134800 -0.161000 0.975400 0.150400 -0.151300 0.977800 0.144800 0.178300 0.970400 0.162800 0.180100 0.970900 0.157600 0.176400 0.972400 0.153000 0.180200 0.973300 0.142200 0.199100 0.971000 0.132400 0.239800 0.963200 0.121200 0.311500 0.944300 0.106400 0.429900 0.898900 0.085000 0.626500 0.777300 0.056900 -0.719200 0.688500 0.093900 -0.499200 0.860800 0.099100 -0.335000 0.936500 0.103900 -0.222500 0.968700 0.109900 -0.157500 0.980700 0.116000 -0.129100 0.984200 0.121400 -0.127800 0.983400 0.128600 -0.154300 0.977700 0.142600 -0.143000 0.980100 0.137700 0.185000 0.970600 0.153800 0.188900 0.970700 0.148700 0.190800 0.970700 0.145800 0.209400 0.968500 0.135000 0.252000 0.959900 0.122800 0.327200 0.938900 0.107200 0.450700 0.888300 0.088400 0.646900 0.759200 0.071500 -0.750000 0.654300 0.096400 -0.517600 0.849900 0.098300 -0.349400 0.931600 0.100300 -0.237300 0.965700 0.105200 -0.167800 0.979600 0.110500 -0.137600 0.983700 0.115400 -0.134700 0.983300 0.122100 -0.147100 0.980000 0.133700 0.190600 0.971700 0.139300 0.200700 0.969000 0.144400 0.221500 0.965200 0.139000 0.265700 0.955700 0.126900 0.343100 0.932900 0.109600 0.465900 0.880300 0.089100 0.650400 0.756400 0.069500 -0.798000 0.597300 0.080200 -0.565300 0.817400 0.111000 -0.360300 0.925600 0.116000 -0.240200 0.965100 0.104700 -0.177800 0.978400 0.105600 -0.144500 0.983000 0.113500 -0.151100 0.980200 0.128000 -0.144200 0.981900 0.122700 0.199500 0.970500 0.135700 0.199700 0.972300 0.121600 0.226500 0.964100 0.138300 0.276900 0.951600 0.133300 0.359600 0.925800 0.116500 0.483100 0.870800 0.090800 0.661100 0.747400 0.065100 -0.768700 0.635100 0.075500 -0.398300 0.910400 0.111700 -0.547600 0.831100 0.096900 -0.285900 0.951800 0.111400 -0.210200 0.973800 0.086500 -0.221700 0.967900 0.118200 -0.169500 0.979600 0.108300 -0.147600 0.982100 0.116900 -0.149800 0.982400 0.111900 0.222000 0.967400 0.121400 0.232200 0.967500 0.100400 0.273400 0.952800 0.132400 0.369900 0.919300 0.134100 0.504300 0.857700 0.100700 0.676600 0.733600 0.063900 -0.790800 0.608800 0.063000 -0.569200 0.819600 0.064900 -0.171700 0.980500 0.095400 -0.155700 0.982500 0.102600 0.286400 0.951200 0.115000 0.396000 0.907100 0.142300 0.440200 0.891700 0.105800 0.551700 0.824400 0.126300 0.701900 0.709000 0.068000 -0.618900 0.785300 0.014200 -0.827200 0.561500 0.019300 0.588000 0.804300 0.085800 0.572100 0.819900 0.021300 0.731000 0.679500 0.062300 -0.803600 0.594300 0.031500 0.279000 0.958500 0.057700 0.281000 0.958400 0.050100 0.354000 0.934300 0.042500 0.328500 0.943600 0.041800 0.457500 0.888900 0.021600 0.423900 0.905700 0.006600 0.609700 0.792500 0.014800 0.787700 0.614900 0.037400 -0.810800 0.584700 0.027100 0.289900 0.956600 0.029800 0.350900 0.935600 0.039700 0.461000 0.886900 0.029700 0.596900 0.802300 0.009500 0.769900 0.638200 0.004600 -0.814700 0.579600 0.016500 0.363000 0.931400 0.026900 0.474000 0.880200 0.025700 0.488400 0.872600 0.000300 0.601500 0.798700 0.015600 0.762900 0.646500 0.001400 -0.816200 0.577800 0.006200 0.483100 0.875500 -0.005600 0.621500 0.783400 0.005400 0.771700 0.635900 0.010400 -0.816700 0.577100 -0.001700 0.480500 0.876900 -0.009400 0.618500 0.785800 -0.006000 0.782600 0.622600 0.002700 -0.817800 0.575500 -0.006200 0.476300 0.879200 -0.013700 0.612000 0.790700 -0.013300 0.781200 0.624300 -0.006600 -0.821300 0.570500 -0.007300 0.461900 0.886600 -0.024900 0.597400 0.801900 -0.013300 0.773900 0.633300 -0.009200 -0.827800 0.561000 -0.007200 0.338700 0.940100 -0.038000 0.329900 0.942600 -0.051800 0.391100 0.919300 -0.042700 0.386100 0.921800 -0.033200 0.485600 0.873600 -0.032100 0.631200 0.775400 -0.017400 0.784900 0.619600 0.001000 -0.820100 0.571400 -0.031200 -0.829400 0.549400 -0.101300 -0.621200 0.780100 -0.074500 0.319800 0.945400 -0.062800 0.374700 0.925600 -0.053800 0.466600 0.883400 -0.043800 0.603000 0.796900 -0.037900 0.788500 0.614500 -0.025300 -0.784700 0.605500 -0.132800 -0.603300 0.790400 -0.106300 0.304800 0.949700 -0.071700 0.358100 0.931600 -0.061900 0.448600 0.892200 -0.052000 0.585600 0.809400 -0.044100 0.769000 0.638300 -0.035800 -0.691800 0.706000 -0.151600 -0.589500 0.796900 -0.132400 -0.240100 0.967000 -0.085300 -0.281800 0.951300 -0.125000 -0.232000 0.965100 -0.121800 -0.204200 0.975500 -0.082300 0.289700 0.953800 -0.079400 0.335800 0.939700 -0.065100 0.429100 0.901600 -0.053900 0.567900 0.821800 -0.045700 0.752000 0.658100 -0.037700 -0.651900 0.751200 -0.103300 -0.510300 0.842200 -0.173900 -0.454800 0.878400 -0.147000 -0.360600 0.920500 -0.150600 -0.303700 0.942000 -0.143100 -0.233400 0.963800 -0.128700 -0.198000 0.974800 -0.102700 -0.202600 0.972000 -0.119200 -0.190300 0.976000 -0.105600 0.266700 0.959400 -0.091700 0.253000 0.962300 -0.100300 0.280900 0.956200 -0.082100 0.335100 0.940000 -0.063800 0.421400 0.905500 -0.049800 0.554900 0.830800 -0.043400 0.737900 0.674000 -0.036600 -0.639200 0.765200 -0.076900 -0.454200 0.884500 -0.106600 -0.326200 0.937000 -0.125200 -0.246100 0.960500 -0.130100 -0.204800 0.970600 -0.126400 -0.193100 0.973800 -0.119700 0.237500 0.965300 -0.108600 0.252300 0.963200 -0.092400 0.306600 0.948800 -0.076500 0.405900 0.911900 -0.060800 0.543400 0.838200 -0.046500 0.726000 0.686600 -0.037500 -0.625800 0.777300 -0.064500 -0.442300 0.892400 -0.089600 -0.322800 0.940100 -0.109800 -0.248000 0.961100 -0.121900 -0.207000 0.970100 -0.126700 -0.193800 0.973000 -0.125200 -0.193200 0.972700 -0.128600 -0.193700 0.972600 -0.128800 0.230800 0.965700 -0.119300 0.219500 0.967200 -0.127900 0.222600 0.968700 -0.110000 0.240800 0.965800 -0.095700 0.289300 0.953800 -0.081000 0.380800 0.922200 -0.067300 0.523700 0.850100 -0.054700 0.711600 0.701200 -0.043700 -0.607600 0.792100 -0.058200 -0.424100 0.901800 -0.082700 -0.311300 0.944800 -0.102100 -0.241500 0.963500 -0.115300 -0.202100 0.971600 -0.123400 -0.187600 0.973600 -0.130200 -0.191400 0.972300 -0.134100 0.208200 0.968800 -0.134500 0.203500 0.971600 -0.120700 0.223200 0.968800 -0.108100 0.271500 0.957600 -0.096500 0.354200 0.931900 -0.078200 0.496500 0.865900 -0.061800 0.689100 0.722800 -0.051900 -0.581600 0.811400 -0.057800 -0.402200 0.911800 -0.083100 -0.297600 0.949400 -0.100100 -0.232400 0.966100 -0.112200 -0.195400 0.973200 -0.121200 -0.179700 0.975300 -0.128700 -0.187900 0.972500 -0.137800 -0.180100 0.974000 -0.137300 -0.188100 0.971800 -0.142000 0.211400 0.967000 -0.142300 0.205400 0.967400 -0.148400 0.192700 0.972100 -0.134000 0.192700 0.973600 -0.122500 0.213100 0.970300 -0.114300 0.257700 0.960200 -0.107600 0.335400 0.936500 -0.102200 0.453300 0.887400 -0.084000 0.643700 0.763200 -0.055900 -0.397000 0.913200 -0.091800 -0.287300 0.952500 -0.100600 -0.223000 0.968500 -0.110700 -0.187200 0.975000 -0.119700 -0.171700 0.976800 -0.127900 -0.170300 0.975900 -0.136300 -0.187200 0.971200 -0.147200 -0.178300 0.973200 -0.145400 -0.188400 0.970200 -0.152100 0.210900 0.964900 -0.156200 0.201500 0.966000 -0.162200 0.190700 0.970700 -0.146300 0.180600 0.974000 -0.137100 0.184800 0.974000 -0.131200 0.203600 0.971200 -0.123500 0.247100 0.962100 -0.115400 0.327400 0.938600 -0.108500 0.456000 0.885100 -0.093500 -0.375100 0.922200 -0.093600 -0.271600 0.957600 -0.096000 -0.212500 0.971100 -0.108200 -0.178500 0.976900 -0.117600 -0.163100 0.978500 -0.126200 -0.161200 0.977600 -0.135100 -0.168900 0.974700 -0.146400 -0.182900 0.970700 -0.155600 0.192000 0.967200 -0.166500 0.180400 0.971500 -0.153500 0.175900 0.974000 -0.142800 0.179200 0.974100 -0.137900 0.195500 0.971300 -0.135500 0.232100 0.964100 -0.129200 0.306900 0.943800 -0.122500 0.420200 0.899400 -0.120400 -0.265300 0.958600 -0.103500 -0.202700 0.973400 -0.106600 -0.169600 0.978800 -0.114700 -0.154200 0.980300 -0.123100 -0.151500 0.979600 -0.132300 -0.156600 0.977300 -0.142500 -0.176900 0.971500 -0.158100 -0.166100 0.973900 -0.154400 -0.176600 0.970800 -0.162500 0.193400 0.965600 -0.174000 0.186500 0.966200 -0.178100 0.176800 0.970600 -0.163200 0.169900 0.973600 -0.152300 0.170800 0.974200 -0.147500 0.175700 0.973900 -0.143700 0.193400 0.970300 -0.145300 0.226000 0.962500 -0.150300 0.282400 0.948400 -0.144000 0.388700 0.911100 -0.136800 -0.198400 0.973900 -0.110300 -0.162200 0.980300 -0.112700 -0.145800 0.982100 -0.119600 -0.141900 0.981600 -0.128100 -0.145900 0.979600 -0.138000 -0.153800 0.976800 -0.148800 -0.174500 0.970500 -0.166300 -0.163400 0.973300 -0.161400 -0.173300 0.970100 -0.169800 0.185100 0.965000 -0.185600 0.177700 0.966000 -0.187700 0.170900 0.970100 -0.172300 0.165100 0.973100 -0.160400 0.165500 0.973900 -0.155500 0.166900 0.974400 -0.150700 0.174600 0.973100 -0.150500 0.190400 0.970000 -0.151300 0.227500 0.960900 -0.157700 0.292100 0.942700 -0.161400 -0.159300 0.980400 -0.116300 -0.139100 0.983200 -0.117800 -0.133200 0.983300 -0.124300 -0.135800 0.981800 -0.133100 -0.142700 0.979300 -0.143400 -0.150800 0.976400 -0.154700 -0.170600 0.970000 -0.173100 -0.159200 0.972900 -0.167700 -0.168400 0.969800 -0.176200 0.174500 0.965300 -0.194500 0.167400 0.966700 -0.193500 0.162900 0.970300 -0.178700 0.158900 0.973100 -0.167000 0.160000 0.973700 -0.161900 0.160600 0.974500 -0.156600 0.165300 0.974000 -0.155000 0.174200 0.972500 -0.154500 0.196300 0.967700 -0.158300 -0.137400 0.982900 -0.122900 -0.126800 0.984200 -0.123700 -0.126800 0.983300 -0.130200 -0.132300 0.981400 -0.139200 -0.139500 0.978900 -0.149500 -0.146400 0.976000 -0.161000 -0.164700 0.969900 -0.179400 -0.153000 0.972600 -0.175000 -0.163300 0.968800 -0.186600 -0.153900 0.970100 -0.187500 -0.159900 0.968100 -0.192900 0.158600 0.964600 -0.210700 0.151700 0.967000 -0.204800 0.149400 0.970000 -0.191700 0.164000 0.965500 -0.202300 0.154800 0.971000 -0.182400 0.151900 0.973300 -0.171900 0.153600 0.973900 -0.167100 0.154400 0.974700 -0.161700 0.158000 0.974500 -0.159200 0.164000 0.973700 -0.157900 0.178100 0.970800 -0.160500 -0.126400 0.983100 -0.132400 -0.120300 0.983800 -0.132500 -0.123500 0.982500 -0.139600 -0.129200 0.980500 -0.148300 -0.135000 0.978100 -0.158400 -0.139400 0.975600 -0.169900 -0.142300 0.972900 -0.182500 -0.155100 0.968100 -0.196800 -0.144600 0.969800 -0.196500 -0.147500 0.968900 -0.198700 0.146200 0.966900 -0.209300 0.139200 0.968800 -0.204800 0.139400 0.971500 -0.191700 0.141100 0.973200 -0.181500 0.144600 0.973400 -0.177600 0.146900 0.974100 -0.172000 0.148100 0.974800 -0.167100 0.151400 0.974700 -0.164300 0.156100 0.974300 -0.162400 0.165900 0.972500 -0.163500 -0.121400 0.981800 -0.146400 -0.118200 0.981700 -0.149100 -0.120700 0.980500 -0.155200 -0.124900 0.978600 -0.163500 -0.128300 0.976400 -0.173800 -0.130100 0.974000 -0.185400 -0.130600 0.971300 -0.198800 -0.144000 0.967700 -0.206800 -0.132400 0.967600 -0.215000 -0.134500 0.968400 -0.209800 0.123600 0.967400 -0.221100 0.115100 0.966800 -0.228200 0.116200 0.969600 -0.215400 0.131900 0.968100 -0.213100 0.127500 0.971700 -0.198700 0.130300 0.973200 -0.189600 0.136600 0.973400 -0.183800 0.139900 0.973800 -0.179200 0.142600 0.974100 -0.175700 0.146000 0.974000 -0.173100 0.149500 0.973900 -0.170800 0.156000 0.972900 -0.170600 -0.115100 0.977500 -0.176800 -0.115600 0.976700 -0.180700 -0.117700 0.974600 -0.190600 -0.118500 0.972200 -0.201900 -0.117300 0.969600 -0.214600 -0.115300 0.966500 -0.229100 -0.128900 0.965300 -0.227200 -0.115600 0.961800 -0.248300 -0.119700 0.964600 -0.235100 -0.110100 0.955900 -0.272400 -0.110300 0.963600 -0.243500 0.105100 0.965700 -0.237400 0.094400 0.960800 -0.260700 0.097800 0.963600 -0.248700 0.104100 0.966600 -0.234400 0.116900 0.969300 -0.216300 0.124000 0.970600 -0.206400 0.132200 0.970900 -0.199700 0.137700 0.971200 -0.194200 0.142800 0.971100 -0.191200 0.145200 0.971400 -0.188000 0.147900 0.971100 -0.187300 -0.121000 0.966700 -0.225600 -0.106200 0.970500 -0.216400 -0.107000 0.968100 -0.226600 -0.106100 0.965600 -0.237500 -0.104600 0.962200 -0.251500 -0.100700 0.958800 -0.265500 -0.096800 0.954500 -0.281900 -0.094400 0.947600 -0.305200 -0.097800 0.956200 -0.275900 -0.088300 0.941600 -0.325000 -0.088300 0.953800 -0.287100 -0.082300 0.933600 -0.348700 -0.084000 0.950500 -0.299100 -0.078100 0.927400 -0.365900 -0.079300 0.948200 -0.307500 -0.075800 0.921100 -0.381900 -0.067100 0.947600 -0.312300 0.078700 0.952300 -0.294800 0.066700 0.935400 -0.347100 0.071400 0.936000 -0.344600 0.086800 0.956300 -0.279000 0.080800 0.948400 -0.306700 0.080900 0.948700 -0.305500 0.094400 0.953100 -0.287600 0.107500 0.957200 -0.268600 0.118700 0.961200 -0.249000 0.128400 0.963000 -0.237000 0.139400 0.963000 -0.230600 0.143100 0.964000 -0.224200 0.141800 0.964700 -0.222000 -0.111200 0.949700 -0.292700 -0.104800 0.949400 -0.296000 -0.090200 0.950800 -0.296200 -0.089700 0.943800 -0.318000 -0.085800 0.938900 -0.333400 -0.080800 0.932900 -0.350800 -0.076600 0.925400 -0.371000 -0.072900 0.917000 -0.392200 -0.072600 0.905400 -0.418300 -0.068300 0.892500 -0.445800 -0.062600 0.881100 -0.468800 -0.059700 0.926400 -0.371800 -0.057300 0.875100 -0.480600 -0.044300 0.921400 -0.386200 0.055000 0.931200 -0.360300 0.038600 0.897800 -0.438700 0.046600 0.893600 -0.446500 0.052800 0.894100 -0.444700 0.072200 0.910700 -0.406700 0.072300 0.915400 -0.396000 0.086500 0.918400 -0.386100 0.097900 0.926300 -0.363800 0.109700 0.936200 -0.334000 0.128600 0.942100 -0.309600 0.138600 0.945600 -0.294400 0.135700 0.947700 -0.289000 -0.081700 0.914000 -0.397300 -0.067700 0.900500 -0.429500 -0.064900 0.892700 -0.445900 -0.062500 0.882000 -0.467200 -0.059500 0.871000 -0.487600 -0.056700 0.859300 -0.508300 -0.055500 0.845000 -0.531900 -0.053600 0.827600 -0.558800 -0.047000 0.811200 -0.582900 -0.038300 0.800700 -0.597800 -0.032400 0.877200 -0.479000 -0.032100 0.796500 -0.603800 -0.015400 0.873900 -0.485800 -0.019000 0.784200 -0.620200 -0.004500 0.874600 -0.484800 -0.000800 0.785500 -0.618900 0.009500 0.876900 -0.480600 0.016000 0.791600 -0.610800 0.023700 0.881400 -0.471800 0.027400 0.802300 -0.596300 0.032100 0.889700 -0.455400 0.025200 0.820000 -0.571800 0.020800 0.800100 -0.599600 0.035700 0.810600 -0.584500 0.060300 0.821700 -0.566800 0.069700 0.837700 -0.541700 0.079100 0.845900 -0.527400 0.093200 0.855600 -0.509300 0.101600 0.871800 -0.479200 0.122500 0.896100 -0.426600 0.121600 0.905500 -0.406600 -0.037000 0.764700 -0.643300 -0.040600 0.755500 -0.653900 -0.041100 0.742800 -0.668300 -0.039900 0.728400 -0.684000 -0.038700 0.711500 -0.701700 -0.037200 0.691500 -0.721400 -0.033100 0.671500 -0.740300 -0.026400 0.657500 -0.753000 -0.022800 0.652000 -0.757900 -0.026200 0.637500 -0.770000 -0.013000 0.622100 -0.782900 0.004300 0.622200 -0.782900 0.017300 0.633200 -0.773800 0.018800 0.651300 -0.758600 0.002700 0.645500 -0.763700 0.022700 0.632900 -0.773900 0.040300 0.648200 -0.760400 0.057500 0.669100 -0.740900 0.069900 0.690500 -0.719900 0.085600 0.709400 -0.699600 0.099900 0.732300 -0.673600 0.092800 0.789500 -0.606800 -0.074100 0.840300 0.537000 0.054600 0.826000 0.561000 0.014600 0.960600 0.277600 -0.065500 0.975100 0.211900 -0.053700 0.974100 0.219700 -0.039700 0.973200 0.226500 -0.023300 0.971300 0.236900 -0.008000 0.968300 0.249800 0.004000 0.965500 0.260400 0.014500 0.964500 0.263900 0.025900 0.962900 0.268500 0.036800 0.962800 0.267700 0.047000 0.963900 0.262200 0.057100 0.965800 0.253000 0.066600 0.968200 0.241100 0.075600 0.970900 0.227100 -0.107800 0.977800 0.179900 -0.095000 0.976700 0.192600 -0.081400 0.975500 0.204400 -0.072800 0.973500 0.216800 -0.062000 0.972900 0.223000 -0.049800 0.971900 0.229900 -0.037200 0.970300 0.239200 -0.021400 0.968000 0.249900 -0.006500 0.965900 0.258800 0.007600 0.964400 0.264300 0.022400 0.963400 0.267200 0.036400 0.963100 0.266800 0.050700 0.963700 0.262200 0.063800 0.965400 0.253000 0.076200 0.967500 0.241300 0.088100 0.969800 0.227500 0.099300 0.972000 0.212800 0.110800 0.973200 0.201400 -0.125000 0.976100 0.177600 -0.119500 0.973900 0.193000 -0.108900 0.973700 0.200300 -0.096400 0.972900 0.210100 -0.085300 0.971300 0.222100 -0.073300 0.969500 0.233800 -0.060500 0.968400 0.241800 -0.048400 0.967800 0.246900 -0.036800 0.964500 0.261600 -0.017600 0.962800 0.269600 -0.000100 0.961500 0.274700 0.017200 0.960600 0.277400 0.034600 0.960000 0.277700 0.054000 0.959700 0.275800 0.070000 0.961600 0.265400 0.085500 0.963300 0.254400 0.099700 0.965300 0.241400 0.111800 0.967700 0.225800 0.121600 0.969800 0.211500 0.128400 0.972000 0.196900 -0.142300 0.973400 0.179600 -0.139200 0.970700 0.195900 -0.129900 0.970600 0.202500 -0.123500 0.969200 0.213300 -0.110800 0.968500 0.223100 -0.098400 0.968200 0.229900 -0.090000 0.964800 0.247100 -0.073300 0.963300 0.258100 -0.055900 0.962200 0.266700 -0.027400 0.957800 0.286000 -0.044500 0.958600 0.281300 -0.008300 0.956900 0.290200 0.011300 0.956200 0.292500 0.030500 0.955800 0.292600 0.048300 0.955600 0.290700 0.065100 0.954900 0.289500 0.078600 0.953200 0.292000 0.076700 0.956300 0.282100 0.092700 0.957500 0.273200 0.112300 0.958200 0.263000 0.124900 0.961400 0.245000 0.135000 0.964000 0.229000 0.142200 0.966500 0.213800 0.145900 0.969200 0.198600 -0.156500 0.970800 0.181700 -0.157000 0.967700 0.197400 -0.151700 0.966600 0.206500 -0.144400 0.965200 0.218200 -0.135000 0.965300 0.223700 -0.128400 0.962300 0.239800 -0.109900 0.961900 0.250300 -0.087500 0.957600 0.274500 -0.102000 0.958200 0.267200 -0.071300 0.956500 0.283000 -0.054900 0.955700 0.289300 0.095800 0.952600 0.288700 0.111600 0.952900 0.282100 0.129500 0.951600 0.278600 0.140400 0.950300 0.277700 0.141100 0.953300 0.267200 0.149600 0.956900 0.248800 0.156600 0.959800 0.232800 0.160600 0.963000 0.216600 0.160800 0.966300 0.200900 -0.168800 0.968800 0.181200 -0.172200 0.965000 0.198000 -0.168800 0.963600 0.207300 -0.164300 0.962300 0.216600 -0.162100 0.958900 0.232800 -0.147300 0.958500 0.244000 -0.127500 0.955200 0.267000 -0.141400 0.955200 0.260100 -0.112700 0.955000 0.274200 0.157100 0.947800 0.277300 0.166400 0.946900 0.275200 0.163800 0.949700 0.267100 0.173900 0.951700 0.253100 0.176000 0.956200 0.233700 0.176200 0.960100 0.217000 0.173000 0.964500 0.199800 0.172200 0.967100 0.187100 -0.177100 0.968600 0.174700 -0.187700 0.963000 0.193600 -0.184700 0.961200 0.204900 -0.181300 0.959600 0.215300 -0.180100 0.955800 0.232500 -0.165200 0.951900 0.258200 -0.176800 0.951900 0.250400 -0.152000 0.951900 0.266200 0.179800 0.945900 0.270200 0.191300 0.945200 0.264600 0.199100 0.944600 0.261000 0.194600 0.948300 0.250700 0.192800 0.953600 0.231300 0.189900 0.958200 0.214000 0.185400 0.962300 0.198700 0.178700 0.966600 0.183900 -0.180000 0.969500 0.166300 -0.195700 0.963300 0.183900 -0.195800 0.961700 0.191800 -0.204500 0.956000 0.210600 -0.197000 0.953500 0.228200 -0.186500 0.949500 0.252200 -0.197800 0.949000 0.245500 0.211000 0.942600 0.258800 0.216200 0.943100 0.252800 0.211800 0.946200 0.244600 0.207000 0.952100 0.225000 0.201000 0.957300 0.207600 0.193100 0.962200 0.191800 0.183700 0.966900 0.177300 -0.177500 0.971600 0.156400 -0.198200 0.964800 0.172700 -0.202500 0.962500 0.180600 -0.215100 0.956000 0.199400 -0.216600 0.948600 0.230800 -0.222100 0.950300 0.218300 -0.208400 0.947400 0.242900 0.227400 0.941300 0.249600 0.231700 0.942600 0.240300 0.226600 0.945300 0.234600 0.218500 0.952000 0.214500 0.208900 0.958000 0.196700 0.197900 0.963300 0.181100 0.186200 0.968100 0.167500 -0.167500 0.974800 0.147000 -0.191300 0.968800 0.157800 -0.207500 0.963600 0.168500 -0.221000 0.957200 0.187000 -0.231100 0.949500 0.212000 -0.234100 0.950800 0.203000 0.241700 0.941200 0.235900 0.245000 0.943500 0.223200 0.238600 0.945900 0.219900 0.226600 0.953300 0.199500 0.213300 0.959900 0.182000 0.199500 0.965500 0.167300 0.187800 0.969600 0.156600 -0.174000 0.974900 0.139100 -0.195500 0.968200 0.156300 -0.213300 0.962600 0.167300 -0.233400 0.955700 0.179200 -0.244100 0.949700 0.196300 0.253000 0.942700 0.217700 0.255200 0.945500 0.202500 0.247000 0.948000 0.200800 0.230500 0.956200 0.180300 0.213300 0.963200 0.163500 0.196700 0.969000 0.149500 -0.164200 0.978300 0.126200 -0.187500 0.972700 0.136600 -0.206700 0.967200 0.147500 -0.227600 0.959500 0.165800 -0.253500 0.948900 0.187900 -0.248700 0.951900 0.179000 0.261000 0.945300 0.195900 0.262400 0.948000 0.179900 0.251200 0.951600 0.177300 0.230100 0.960400 0.157300 0.211200 0.967100 0.142100 0.196200 0.972200 0.127900 -0.387500 0.919900 0.059900 -0.277800 0.958300 0.067300 -0.159300 0.981000 0.110600 -0.176500 0.976800 0.121300 -0.193100 0.972300 0.131800 -0.211500 0.967000 0.142100 -0.236400 0.959600 0.152500 -0.254900 0.952100 0.168800 0.265400 0.949200 0.169200 0.271100 0.950300 0.153200 0.250200 0.956600 0.149200 0.227200 0.964800 0.132400 0.211000 0.970300 0.118000 0.205200 0.973400 0.102200 -0.417200 0.907900 0.040200 -0.278200 0.959000 0.054800 -0.197800 0.977700 0.071200 -0.166300 0.981800 0.091400 -0.172300 0.979800 0.101200 -0.183100 0.976600 0.112700 -0.199400 0.972100 0.123800 -0.226100 0.964800 0.134500 -0.260900 0.952600 0.156400 -0.251300 0.956600 0.147200 0.281500 0.949200 0.140600 0.263900 0.955400 0.132500 0.242400 0.962700 0.120100 0.225800 0.968200 0.107400 0.221900 0.970600 0.093300 0.238300 0.968000 0.078600 0.300800 0.950700 0.075700 -0.588600 0.808000 0.027200 -0.398400 0.916300 0.040200 -0.284300 0.957200 0.054700 -0.213500 0.975000 0.062300 -0.181700 0.980400 0.075700 -0.178200 0.980100 0.087300 -0.191700 0.976500 0.098400 -0.213900 0.970300 0.113200 -0.254800 0.957900 0.132100 -0.241800 0.962500 0.123000 0.287600 0.949600 0.125000 0.276800 0.953500 0.119400 0.257800 0.960300 0.106400 0.240500 0.966200 0.093400 0.234100 0.968500 0.085300 0.251300 0.965500 0.068400 0.293300 0.955000 0.043300 0.400100 0.915900 0.032900 -0.602900 0.797100 0.032900 -0.423200 0.905600 0.029200 -0.291700 0.955900 0.035000 -0.222300 0.973800 0.048100 -0.192600 0.979500 0.058800 -0.187700 0.979600 0.071300 -0.194600 0.977300 0.083600 -0.219300 0.971500 0.090300 -0.244300 0.964000 0.104900 0.288000 0.951100 0.111300 0.292800 0.951300 0.096200 0.276100 0.956500 0.093900 0.257500 0.963100 0.078900 0.248500 0.966300 0.066900 -0.605800 0.795300 0.023300 -0.428500 0.903200 0.023600 -0.304100 0.952300 0.024500 -0.231500 0.972300 0.032100 -0.201100 0.978700 0.041800 -0.197500 0.978900 0.052400 -0.209800 0.975400 0.067600 -0.247700 0.965000 0.086100 -0.234900 0.969100 0.075100 0.297500 0.951300 0.080900 0.289200 0.954100 0.077500 0.274400 0.959400 0.065300 0.266200 0.962700 0.049400 -0.606400 0.795100 0.012300 -0.429300 0.903000 0.014700 -0.308500 0.951100 0.016100 -0.238500 0.970900 0.020000 -0.208100 0.977700 0.026600 -0.204800 0.978200 0.034900 -0.217700 0.975000 0.045300 -0.239700 0.969300 0.055500 0.298900 0.952000 0.066600 0.303000 0.951700 0.048800 0.291400 0.955200 0.051100 0.286100 0.957400 0.039000 0.303800 0.952600 0.019300 0.376400 0.926400 0.004200 -0.605700 0.795700 0.002900 -0.428500 0.903500 0.005000 -0.309600 0.950900 0.006500 -0.241900 0.970300 0.009200 -0.212700 0.977000 0.013500 -0.210000 0.977500 0.019300 -0.223300 0.974400 0.026700 -0.244600 0.969000 0.035300 0.308900 0.950600 0.029700 0.300500 0.953300 0.030800 0.299100 0.953800 0.026700 0.317500 0.948100 0.015200 0.374700 0.927100 -0.001400 -0.603800 0.797100 -0.003300 -0.425900 0.904700 -0.003900 -0.308700 0.951100 -0.003800 -0.243000 0.970000 -0.002000 -0.215300 0.976600 0.001200 -0.213400 0.977000 0.005300 -0.227100 0.973800 0.010400 -0.248600 0.968500 0.016700 0.313000 0.949700 0.007900 0.305600 0.952100 0.010600 0.307900 0.951400 0.010600 0.328100 0.944600 0.006600 0.381800 0.924300 -0.001500 -0.600800 0.799400 -0.005400 -0.420700 0.907100 -0.010900 -0.305700 0.952000 -0.014200 -0.242600 0.970000 -0.014000 -0.216400 0.976200 -0.011600 -0.215200 0.976500 -0.008400 -0.229300 0.973300 -0.004800 -0.251100 0.968000 -0.000500 0.315200 0.948900 -0.015700 0.307500 0.951500 -0.010300 0.311900 0.950100 -0.007400 0.332200 0.943200 -0.007400 0.384800 0.923000 -0.007100 -0.596200 0.802800 -0.004200 -0.412100 0.911000 -0.016600 -0.300200 0.953500 -0.024900 -0.240600 0.970200 -0.027300 -0.216500 0.975900 -0.025900 -0.216100 0.976100 -0.023100 -0.230300 0.972900 -0.020300 -0.252100 0.967500 -0.017400 0.315900 0.948000 -0.038600 0.307700 0.950900 -0.033200 0.310800 0.950200 -0.024700 0.330400 0.943500 -0.024300 0.379500 0.925000 -0.017200 -0.587200 0.809400 -0.009200 -0.402700 0.915000 -0.026400 -0.293600 0.955200 -0.036600 -0.237100 0.970600 -0.041600 -0.215600 0.975600 -0.041700 -0.216200 0.975500 -0.039600 -0.230400 0.972400 -0.037100 -0.251700 0.967200 -0.035000 0.314400 0.947400 -0.059100 0.305100 0.950800 -0.054300 0.310400 0.949700 -0.041800 -0.422400 0.904900 -0.053100 -0.293500 0.954800 -0.047700 -0.233300 0.970800 -0.055800 -0.213400 0.975200 -0.058500 -0.215600 0.974800 -0.057900 -0.230300 0.971500 -0.055800 -0.250400 0.966700 -0.053200 0.319400 0.945000 -0.070500 0.315800 0.944500 -0.090400 0.304500 0.949500 -0.076000 0.296300 0.952600 -0.069500 0.304100 0.950800 -0.058600 -0.424300 0.901600 -0.084000 -0.306200 0.950100 -0.060000 -0.230000 0.971000 -0.064800 -0.208500 0.975200 -0.074000 -0.213200 0.974000 -0.077000 -0.231000 0.969800 -0.078300 -0.249300 0.965800 -0.071300 0.309800 0.944500 -0.109200 0.297100 0.950000 -0.096200 0.288800 0.953700 -0.084500 0.294300 0.952900 -0.073600 -0.416900 0.901200 -0.118200 -0.299200 0.950300 -0.086600 -0.195400 0.976900 -0.086200 -0.206800 0.973800 -0.094600 -0.224400 0.969600 -0.097600 -0.250400 0.964000 -0.089100 -0.244800 0.964200 -0.101700 -0.257600 0.961000 -0.101100 0.303600 0.944500 -0.125700 0.286000 0.951500 -0.113500 0.280800 0.954800 -0.097700 0.278800 0.956500 -0.086300 -0.199900 0.973400 -0.111900 -0.219100 0.968800 -0.115700 -0.241600 0.962800 -0.121300 -0.258100 0.958900 -0.117600 0.309400 0.941100 -0.136500 0.302100 0.941200 -0.151100 0.288000 0.948300 -0.133700 0.269300 0.955400 -0.121100 0.265600 0.958400 -0.104900 -0.198300 0.972100 -0.125400 -0.213300 0.968300 -0.129900 -0.232200 0.963100 -0.136000 -0.258000 0.956900 -0.133600 -0.251400 0.957200 -0.143700 -0.260900 0.954500 -0.144500 0.294700 0.941200 -0.165200 0.274300 0.950000 -0.149000 0.263800 0.955500 -0.131600 0.248300 0.961500 -0.117400 -0.204500 0.969200 -0.137500 -0.223500 0.963600 -0.146900 -0.244000 0.956800 -0.158100 -0.259100 0.952700 -0.158800 0.298200 0.938200 -0.175500 0.291800 0.937900 -0.187500 0.275600 0.946200 -0.169800 0.254500 0.955000 -0.152700 0.244700 0.960100 -0.135300 -0.197100 0.969900 -0.143000 -0.212700 0.965100 -0.152900 -0.229600 0.959200 -0.164800 -0.257000 0.950900 -0.172600 -0.247000 0.952100 -0.180200 -0.255500 0.949800 -0.180500 0.291600 0.935900 -0.197700 0.279200 0.937700 -0.206700 0.273600 0.943500 -0.187100 0.255800 0.951800 -0.169400 0.249200 0.955000 -0.160900 0.228700 0.962600 -0.145000 -0.199400 0.967800 -0.153500 -0.215200 0.962100 -0.167200 -0.230200 0.955900 -0.182200 -0.254700 0.947200 -0.194500 -0.243900 0.949100 -0.199300 -0.250200 0.947400 -0.199600 0.266600 0.939500 -0.215200 0.254100 0.947300 -0.195300 0.249000 0.952200 -0.177000 0.230000 0.960100 -0.158900 -0.199100 0.965900 -0.165600 -0.214000 0.959800 -0.181700 -0.226200 0.953800 -0.197900 -0.248400 0.944900 -0.213100 -0.236500 0.947400 -0.215800 -0.241100 0.945800 -0.217600 0.261700 0.938500 -0.225200 0.252700 0.938700 -0.234400 0.244800 0.945900 -0.212900 0.233200 0.953400 -0.191500 0.228700 0.957800 -0.174300 -0.187100 0.968200 -0.166200 -0.199200 0.963400 -0.179200 -0.209800 0.958200 -0.194500 -0.218500 0.952700 -0.211200 -0.238300 0.943700 -0.229300 -0.225400 0.946900 -0.229400 -0.228500 0.945300 -0.233000 0.244600 0.938500 -0.243900 0.234800 0.938900 -0.251600 0.230500 0.945600 -0.229700 0.222600 0.952600 -0.207300 0.225100 0.954000 -0.198100 0.210900 0.960800 -0.180100 -0.184500 0.967300 -0.174300 -0.194100 0.962600 -0.189000 -0.201700 0.957800 -0.204800 -0.207300 0.952800 -0.221700 -0.224800 0.943800 -0.242300 -0.211200 0.947500 -0.240100 -0.213100 0.945800 -0.245200 0.225100 0.938900 -0.260500 0.214000 0.940100 -0.265200 0.213100 0.946100 -0.243700 0.208000 0.952600 -0.221900 0.213600 0.953400 -0.213000 0.204400 0.959700 -0.192800 -0.179400 0.966900 -0.181600 -0.186000 0.962700 -0.196600 -0.190400 0.958500 -0.212200 -0.193000 0.953900 -0.229600 -0.208600 0.944800 -0.252500 -0.194400 0.948900 -0.248400 -0.195500 0.947100 -0.254600 0.195200 0.937400 -0.288400 0.184800 0.939900 -0.287200 0.185600 0.944800 -0.269900 0.204500 0.938900 -0.276800 0.194700 0.947900 -0.252300 0.192000 0.953500 -0.232400 0.198700 0.954000 -0.224700 0.193200 0.959600 -0.204500 -0.172700 0.967100 -0.186800 -0.173300 0.964300 -0.200100 -0.176100 0.960000 -0.217700 -0.175900 0.955900 -0.235200 -0.190300 0.946400 -0.260900 -0.174300 0.951200 -0.254800 -0.176400 0.948600 -0.262700 0.162200 0.939500 -0.301600 0.152700 0.943000 -0.295600 0.156900 0.947300 -0.279300 0.174100 0.939700 -0.294500 0.170500 0.947800 -0.269500 0.169500 0.952700 -0.252200 0.176900 0.952800 -0.246600 0.175200 0.957800 -0.227900 0.181000 0.960500 -0.211300 -0.159800 0.965700 -0.204700 -0.159400 0.962100 -0.221400 -0.155800 0.958600 -0.238500 -0.167200 0.948800 -0.267900 -0.149700 0.954500 -0.257800 -0.153200 0.949500 -0.273700 -0.135700 0.952800 -0.271500 -0.142200 0.948300 -0.283600 -0.123700 0.951000 -0.283400 -0.127600 0.948700 -0.289300 0.125400 0.943900 -0.305400 0.114900 0.947600 -0.298200 0.124400 0.950700 -0.284100 0.139800 0.943500 -0.300500 0.140600 0.951000 -0.275500 0.143600 0.955300 -0.258300 0.153000 0.955600 -0.251800 0.161500 0.955900 -0.245100 0.160600 0.960400 -0.227800 -0.144200 0.967300 -0.208900 -0.140600 0.964300 -0.224600 -0.134000 0.961300 -0.240600 -0.124800 0.958600 -0.256100 -0.113200 0.956100 -0.270400 -0.114700 0.949500 -0.292200 -0.100800 0.953200 -0.285000 -0.100000 0.950000 -0.295900 -0.083500 0.952100 -0.294300 -0.083900 0.950600 -0.298800 0.053800 0.949400 -0.309400 0.041400 0.951900 -0.303600 0.061200 0.954100 -0.293200 0.075700 0.948900 -0.306400 0.084600 0.954200 -0.287000 0.097100 0.948200 -0.302400 0.105100 0.954300 -0.279700 0.114800 0.957000 -0.266500 0.124100 0.957600 -0.259800 0.134800 0.958300 -0.251800 0.135800 0.962500 -0.235000 0.147400 0.963200 -0.224900 -0.128500 0.967700 -0.217100 -0.120200 0.965700 -0.230300 -0.112400 0.962800 -0.245700 -0.103000 0.960000 -0.260300 -0.091000 0.957600 -0.273500 -0.076300 0.955800 -0.283900 -0.069800 0.951300 -0.300400 -0.057900 0.954100 -0.293800 -0.050500 0.951900 -0.302100 -0.034100 0.954100 -0.297500 -0.029100 0.952000 -0.304700 -0.010800 0.954300 -0.298700 -0.005100 0.952000 -0.306000 0.012600 0.954600 -0.297700 0.019000 0.951900 -0.305800 0.036800 0.955400 -0.293100 0.055500 0.957200 -0.284100 0.073500 0.957700 -0.278400 0.089900 0.958200 -0.271500 0.103100 0.959500 -0.262300 0.113200 0.960800 -0.253000 0.119000 0.964000 -0.237800 -0.099800 0.963800 -0.247400 -0.093800 0.960400 -0.262300 -0.085400 0.957900 -0.274000 -0.070500 0.956600 -0.282800 -0.053600 0.955200 -0.291000 -0.035200 0.953900 -0.298000 -0.015200 0.953000 -0.302700 0.005300 0.953000 -0.303000 0.024600 0.953900 -0.299000 0.043200 0.955200 -0.292800 0.064000 0.956300 -0.285200 0.078900 0.957300 -0.278100 0.087300 0.959100 -0.269200 0.100400 0.962900 -0.250300 -0.043800 0.949900 -0.309300 -0.029400 0.948100 -0.316700 -0.015000 0.945400 -0.325700 0.001300 0.944300 -0.329100 0.018400 0.944900 -0.327000 0.034500 0.946600 -0.320700 0.053100 0.949800 -0.308300 0.065900 0.951500 -0.300600 -0.018500 0.928400 -0.371100 -0.010800 0.924300 -0.381600 -0.000000 0.922600 -0.385800 0.014600 0.923200 -0.384000 0.029400 0.926100 -0.376100 0.042600 0.934000 -0.354800 -0.040800 0.952200 0.302800 -0.017600 0.951500 0.307100 0.004700 0.951000 0.309200 0.026900 0.950700 0.308900 0.048000 0.950900 0.305900 0.066500 0.951700 0.299600 -0.104000 0.951400 0.289900 -0.085600 0.950300 0.299200 -0.063600 0.949100 0.308500 -0.045800 0.945900 0.321300 -0.025600 0.945900 0.323600 -0.002300 0.945600 0.325300 0.022200 0.945300 0.325400 0.047100 0.945200 0.323200 0.071500 0.945400 0.318000 0.092600 0.947600 0.305700 0.114900 0.947900 0.297100 0.131000 0.949000 0.286900 -0.144900 0.948300 0.282200 -0.125600 0.947600 0.293600 -0.113200 0.944400 0.308600 -0.098600 0.945200 0.311400 -0.083100 0.942300 0.324200 -0.058700 0.941700 0.331200 -0.035300 0.941000 0.336500 -0.010500 0.940700 0.339000 0.015500 0.940300 0.339900 0.042400 0.939600 0.339600 0.072500 0.938200 0.338400 0.098300 0.939800 0.327300 0.121600 0.940700 0.316600 0.141600 0.942100 0.304000 0.155500 0.945400 0.286500 -0.183900 0.945500 0.268700 -0.167000 0.944400 0.283200 -0.157300 0.941100 0.299200 -0.142100 0.942000 0.304100 -0.129300 0.938900 0.319100 -0.106900 0.938300 0.328900 -0.070400 0.936100 0.344500 -0.091200 0.935700 0.340700 -0.046500 0.936200 0.348500 -0.020100 0.936100 0.351100 0.007300 0.935900 0.352100 0.034600 0.935500 0.351500 0.060200 0.934800 0.350200 0.084600 0.933100 0.349600 0.103000 0.932600 0.346000 0.104400 0.933000 0.344300 0.127000 0.933600 0.335200 0.153200 0.933000 0.325600 0.171300 0.936300 0.306600 0.183400 0.940400 0.286400 0.195300 0.942200 0.272300 -0.205700 0.942800 0.262300 -0.199800 0.938800 0.280600 -0.184800 0.939300 0.289000 -0.175200 0.935900 0.305400 -0.154300 0.935000 0.319200 -0.122200 0.932600 0.339500 -0.141500 0.931900 0.333900 -0.103200 0.932900 0.344900 0.126000 0.930700 0.343300 0.147000 0.929300 0.338900 0.170300 0.926200 0.336300 0.182800 0.927100 0.327300 0.188800 0.926300 0.326100 0.201500 0.930700 0.305200 0.210300 0.934800 0.286300 0.213600 0.939900 0.266300 -0.235400 0.944400 0.229400 -0.226000 0.941500 0.249900 -0.223200 0.938200 0.264500 -0.218400 0.934800 0.280100 -0.200500 0.933000 0.298900 -0.172700 0.930000 0.324500 -0.190700 0.929600 0.315400 -0.154900 0.930100 0.333000 0.203900 0.923300 0.325400 0.214300 0.925500 0.312300 0.216900 0.923100 0.317600 0.230200 0.925500 0.300700 0.233300 0.932000 0.277500 0.231700 0.938600 0.255700 -0.248200 0.944700 0.214200 -0.253000 0.939400 0.231100 -0.243100 0.939100 0.243000 -0.243000 0.933500 0.263900 -0.220500 0.929100 0.296900 -0.236100 0.929100 0.284800 -0.205000 0.928900 0.308400 0.231600 0.923100 0.307200 0.247500 0.920800 0.301400 0.255800 0.923800 0.284900 0.256600 0.922900 0.287000 0.253900 0.930900 0.262600 0.247300 0.938800 0.239600 -0.265400 0.942400 0.203400 -0.263400 0.939300 0.219700 -0.265700 0.933300 0.241400 -0.249600 0.929200 0.272600 -0.264800 0.927800 0.262600 0.272200 0.920400 0.280700 0.275800 0.925200 0.260800 0.278000 0.923100 0.265700 0.270200 0.932100 0.241300 0.259500 0.940600 0.218800 -0.268900 0.945100 0.185500 -0.281100 0.938800 0.199200 -0.281100 0.934800 0.217200 -0.275300 0.929000 0.247400 -0.286800 0.928800 0.234800 0.291800 0.921700 0.255700 0.294600 0.926300 0.234900 0.294900 0.925300 0.238700 0.281400 0.935200 0.215000 0.267800 0.943500 0.195300 -0.280700 0.944700 0.169500 -0.288400 0.939400 0.185400 -0.299200 0.933000 0.200200 -0.298200 0.929000 0.219000 0.308500 0.924300 0.224700 0.313100 0.927300 0.205100 0.304600 0.930000 0.205900 0.287400 0.939300 0.187400 0.273300 0.946200 0.173300 -0.278100 0.949400 0.145800 -0.293200 0.942700 0.159400 -0.305000 0.936300 0.173900 -0.308200 0.929300 0.203300 -0.314100 0.930000 0.191100 0.318700 0.929000 0.188000 0.320700 0.928400 0.187600 0.304900 0.936400 0.173600 0.286600 0.944400 0.161000 -0.269400 0.955500 0.120200 -0.293500 0.947200 0.129100 -0.305900 0.940800 0.145800 -0.320200 0.931700 0.171200 -0.321800 0.933600 0.157700 0.329200 0.928400 0.172500 0.334400 0.929900 0.153200 0.322900 0.933400 0.156200 0.300600 0.943000 0.142700 -0.274000 0.957100 0.094100 -0.295800 0.949000 0.109200 -0.314100 0.941600 0.121800 -0.327400 0.935100 0.135800 0.342400 0.929600 0.136500 0.334600 0.932800 0.133700 0.317300 0.939900 0.125800 0.298200 0.947500 0.115200 -0.263600 0.962100 0.070000 -0.289200 0.954200 0.076400 -0.299400 0.950000 0.088200 -0.319900 0.942600 0.095600 -0.333400 0.936100 0.112100 0.347300 0.930500 0.116200 0.345900 0.931300 0.114400 0.329800 0.938200 0.105400 0.309000 0.946200 0.096200 -0.268600 0.962200 0.045600 -0.292600 0.954600 0.055300 -0.313100 0.947200 0.069500 -0.338200 0.936900 0.088800 -0.332800 0.940000 0.075300 0.353100 0.930500 0.097300 0.356300 0.931400 0.073700 0.343700 0.935500 0.082300 0.323700 0.943000 0.077400 0.306400 0.949300 0.069700 -0.272500 0.961900 0.024400 -0.296000 0.954600 0.033100 -0.317400 0.947300 0.043400 -0.336100 0.940300 0.053000 0.361000 0.931300 0.047700 0.348900 0.935700 0.052600 0.332000 0.941700 0.053800 0.315400 0.947600 0.051400 -0.275200 0.961400 0.004900 -0.298900 0.954200 0.011500 -0.320700 0.947000 0.019800 -0.339600 0.940100 0.029300 0.364600 0.931000 0.018000 0.352900 0.935300 0.023900 0.338000 0.940800 0.027700 0.322000 0.946300 0.029200 -0.276400 0.960900 -0.014000 -0.300500 0.953700 -0.009600 -0.323000 0.946400 -0.003300 -0.342700 0.939400 0.004800 0.366200 0.930400 -0.013700 0.355500 0.934700 -0.005400 0.341900 0.939700 0.000300 0.326400 0.945200 0.004300 -0.275900 0.960600 -0.033300 -0.300500 0.953300 -0.031000 -0.323900 0.945700 -0.026700 -0.344200 0.938700 -0.019700 0.366000 0.929500 -0.045500 0.355800 0.933900 -0.034900 0.344300 0.938500 -0.026900 0.328800 0.944200 -0.021900 -0.273400 0.960500 -0.052900 -0.298000 0.953100 -0.053400 -0.324500 0.944400 -0.053400 -0.344200 0.937900 -0.043000 0.365000 0.928000 -0.074900 0.354000 0.933000 -0.064400 0.344700 0.937300 -0.051500 0.328500 0.943200 -0.049500 -0.269100 0.960400 -0.072100 -0.291900 0.953500 -0.074500 -0.315600 0.945800 -0.076700 -0.344600 0.936500 -0.064700 -0.338000 0.937700 -0.081200 -0.348700 0.933700 -0.080600 0.363000 0.926300 -0.100600 0.350800 0.931700 -0.094400 0.335700 0.938900 -0.076000 -0.264000 0.960400 -0.089500 -0.285100 0.953800 -0.095200 -0.307900 0.946200 -0.099700 -0.330600 0.938100 -0.103300 -0.346300 0.932400 -0.103000 0.362100 0.924900 -0.116000 0.357000 0.923800 -0.138300 0.353400 0.927500 -0.122100 0.341200 0.932900 -0.115400 0.330400 0.938200 -0.102800 -0.274200 0.954900 -0.114100 -0.298000 0.946700 -0.122100 -0.323400 0.937200 -0.130600 -0.341200 0.931700 -0.124800 0.351000 0.922600 -0.160000 0.345100 0.927100 -0.146400 0.338200 0.931600 -0.133500 0.323200 0.938000 -0.125500 -0.267900 0.954100 -0.133700 -0.286400 0.947500 -0.142100 -0.307500 0.939300 -0.152200 -0.337800 0.929600 -0.147800 -0.327900 0.930300 -0.164400 -0.332500 0.928400 -0.166100 0.345600 0.920800 -0.180900 0.336500 0.926300 -0.169600 0.325700 0.933700 -0.148700 -0.272500 0.949100 -0.157900 -0.292500 0.941000 -0.170500 -0.313800 0.931100 -0.186100 -0.326300 0.926700 -0.186300 0.339500 0.920400 -0.194000 0.333000 0.918200 -0.214200 0.330500 0.923000 -0.197300 0.324500 0.928100 -0.182400 0.314700 0.933900 -0.169900 -0.263100 0.949100 -0.172900 -0.276400 0.943200 -0.184200 -0.292800 0.935000 -0.200300 -0.319400 0.925200 -0.205000 -0.308200 0.926100 -0.217600 -0.307100 0.925800 -0.220600 0.322500 0.919500 -0.224600 0.315500 0.917500 -0.242000 0.317000 0.921400 -0.224900 0.315200 0.926000 -0.207800 0.310300 0.930900 -0.193000 -0.260200 0.946200 -0.192500 -0.273100 0.938900 -0.209400 -0.288500 0.929100 -0.231400 -0.299100 0.924600 -0.235900 0.303100 0.918900 -0.252400 0.291800 0.919000 -0.265200 0.301100 0.920700 -0.248300 0.298800 0.925700 -0.231800 0.301000 0.929100 -0.214700 -0.253400 0.943600 -0.213200 -0.263300 0.936000 -0.233400 -0.291600 0.922600 -0.252500 -0.273200 0.926400 -0.259100 -0.277100 0.924500 -0.261900 0.279100 0.919100 -0.278100 0.279600 0.923600 -0.262100 0.286200 0.926200 -0.245500 0.280900 0.932400 -0.227500 -0.242100 0.942200 -0.231700 -0.247800 0.935200 -0.253100 -0.269200 0.922100 -0.278000 -0.250500 0.927300 -0.278000 -0.256000 0.923400 -0.285900 -0.242600 0.923400 -0.297500 -0.242600 0.924700 -0.293400 0.264500 0.919900 -0.289700 0.252200 0.919300 -0.302200 0.259600 0.923400 -0.282700 0.264600 0.927200 -0.265200 0.266000 0.931900 -0.246700 -0.227000 0.942200 -0.246600 -0.228200 0.936200 -0.267300 -0.225800 0.930500 -0.288500 -0.233900 0.922500 -0.307100 -0.220300 0.924900 -0.310000 -0.215600 0.925900 -0.310200 0.221100 0.920100 -0.323500 0.207400 0.920400 -0.331500 0.218300 0.922800 -0.317400 0.236800 0.919600 -0.313500 0.235600 0.924600 -0.299400 0.242000 0.928100 -0.283000 0.246400 0.932200 -0.265000 -0.209000 0.943400 -0.257500 -0.206500 0.938500 -0.276600 -0.200500 0.933500 -0.297200 -0.209200 0.923500 -0.321700 -0.192400 0.927900 -0.319300 -0.189300 0.927000 -0.323800 0.173000 0.922000 -0.346500 0.160300 0.923500 -0.348600 0.174800 0.925000 -0.337500 0.190800 0.921200 -0.339100 0.194800 0.925100 -0.325800 0.204800 0.927300 -0.313200 0.212200 0.930600 -0.298200 0.225900 0.933200 -0.279700 -0.189300 0.945400 -0.265400 -0.183300 0.941400 -0.283000 -0.172800 0.937700 -0.301400 -0.177500 0.926500 -0.331900 -0.158700 0.933500 -0.321400 -0.155700 0.928900 -0.336100 -0.135400 0.932700 -0.334200 -0.136200 0.929700 -0.342200 -0.113900 0.931500 -0.345400 -0.113600 0.931400 -0.345900 0.121500 0.927200 -0.354300 0.108500 0.929100 -0.353600 0.128100 0.930000 -0.344400 0.141300 0.925400 -0.351600 0.151800 0.928800 -0.338000 0.164800 0.930000 -0.328600 0.175100 0.932100 -0.317100 0.192100 0.932700 -0.305200 -0.170300 0.947100 -0.272100 -0.160100 0.945000 -0.285100 -0.143800 0.943300 -0.299200 -0.127400 0.940100 -0.316100 -0.105700 0.938400 -0.329000 -0.093900 0.931400 -0.351700 -0.079500 0.936200 -0.342300 -0.067500 0.933100 -0.353400 -0.046800 0.937200 -0.345500 -0.039000 0.933800 -0.355700 -0.016200 0.937600 -0.347300 -0.007500 0.934200 -0.356700 0.014200 0.937700 -0.347200 0.025000 0.933900 -0.356600 0.044900 0.937300 -0.345600 0.056400 0.932600 -0.356400 0.074600 0.936200 -0.343400 0.084800 0.930800 -0.355500 0.102700 0.934500 -0.340800 0.120600 0.935300 -0.332700 0.134900 0.936600 -0.323300 0.155400 0.935900 -0.316000 -0.117100 0.947200 -0.298500 -0.097700 0.946200 -0.308600 -0.076600 0.943600 -0.322200 -0.050400 0.942900 -0.329300 -0.022200 0.942400 -0.333700 0.006200 0.941800 -0.336100 0.032100 0.941100 -0.336500 0.058700 0.943100 -0.327400 0.087600 0.942100 -0.323700 0.112800 0.941200 -0.318400 -0.070600 0.949500 -0.305600 -0.050200 0.948400 -0.313000 -0.025700 0.947900 -0.317700 0.001300 0.947500 -0.319900 0.030600 0.947100 -0.319300 -0.085200 0.930900 0.355300 -0.058700 0.931200 0.359800 -0.031100 0.931400 0.362700 -0.001500 0.931500 0.363600 0.028600 0.931500 0.362700 0.057200 0.932000 0.357900 0.082800 0.932900 0.350500 -0.139800 0.927200 0.347600 -0.111900 0.927400 0.356900 -0.090100 0.926000 0.366600 -0.067100 0.927100 0.368800 -0.043200 0.927900 0.370300 -0.015100 0.926300 0.376400 0.021900 0.925800 0.377400 0.055600 0.927500 0.369600 0.086600 0.928400 0.361300 0.116100 0.929200 0.350900 0.145800 0.927600 0.344000 0.167200 0.927900 0.333200 -0.193900 0.925800 0.324500 -0.168100 0.925400 0.339800 -0.156700 0.921300 0.355900 -0.128800 0.922600 0.363500 -0.102800 0.923900 0.368600 -0.075700 0.924600 0.373500 -0.046100 0.924300 0.378800 0.006500 0.924100 0.382100 -0.018700 0.923800 0.382400 0.033200 0.923700 0.381800 0.056500 0.926700 0.371600 0.058700 0.923400 0.379400 0.086700 0.925200 0.369600 0.115800 0.925100 0.361800 0.148800 0.922800 0.355500 0.177300 0.923500 0.340300 0.196800 0.925900 0.322500 -0.242300 0.925800 0.290100 -0.220200 0.925300 0.308800 -0.215500 0.920300 0.326500 -0.187700 0.920100 0.343700 -0.141600 0.921300 0.362200 -0.167100 0.919500 0.355800 -0.115200 0.922600 0.368200 -0.088500 0.923800 0.372400 -0.061400 0.924100 0.377100 -0.034000 0.924600 0.379400 0.085800 0.925900 0.367800 0.112000 0.925800 0.361200 0.136400 0.924800 0.355100 0.162800 0.921900 0.351400 0.183400 0.925700 0.330800 0.188600 0.918200 0.348300 0.214900 0.918200 0.332700 0.230600 0.922300 0.310300 0.244700 0.924500 0.292400 -0.269500 0.925300 0.266900 -0.258100 0.923300 0.284300 -0.245600 0.920000 0.305400 -0.206700 0.920100 0.332800 -0.228900 0.918400 0.322700 -0.184400 0.921100 0.342900 0.205500 0.922200 0.327600 0.230700 0.916700 0.326100 0.240700 0.922300 0.302300 0.253500 0.914100 0.316500 0.261200 0.920000 0.292200 0.265900 0.925100 0.271300 -0.292800 0.925500 0.240200 -0.287100 0.923100 0.255900 -0.278500 0.919900 0.276100 -0.242500 0.921200 0.304400 -0.265100 0.917900 0.295300 0.265800 0.916400 0.299400 0.268500 0.923700 0.273200 0.284600 0.913900 0.289400 0.285900 0.920800 0.265200 0.284800 0.926600 0.245600 -0.310800 0.925200 0.217800 -0.308500 0.919500 0.243500 -0.275900 0.921300 0.274200 -0.298200 0.917400 0.263500 0.294400 0.916800 0.269800 0.297300 0.922900 0.244600 0.310100 0.915600 0.256000 0.304000 0.923700 0.233300 0.300800 0.928000 0.219900 -0.325100 0.926500 0.189400 -0.328400 0.920300 0.212500 -0.307800 0.920700 0.240000 -0.325400 0.918300 0.225500 0.320100 0.918200 0.233100 0.322900 0.923100 0.208800 0.324400 0.920700 0.217100 0.315300 0.927200 0.202400 -0.334900 0.929200 0.156000 -0.341600 0.924500 0.169500 -0.343100 0.921600 0.181800 -0.333700 0.920900 0.201600 0.328800 0.924700 0.192000 0.337800 0.921200 0.192900 0.332100 0.924900 0.185200 0.325900 0.929300 0.173800 -0.344900 0.930100 0.126600 -0.353000 0.924100 0.146100 -0.343800 0.922400 0.175900 -0.356000 0.921400 0.156100 0.333700 0.926900 0.171800 0.350300 0.920400 0.173600 0.347800 0.923100 0.163800 0.338800 0.927800 0.156300 -0.352300 0.930900 0.096500 -0.360800 0.925500 0.115000 -0.362400 0.923200 0.128000 0.353300 0.922800 0.153800 0.356800 0.924800 0.132000 0.362000 0.921500 0.140900 0.350600 0.927200 0.131900 -0.349700 0.934400 0.067600 -0.362800 0.929100 0.072000 -0.366100 0.926600 0.085800 -0.367900 0.924500 0.099500 0.359700 0.926900 0.107400 0.373700 0.920600 0.113300 0.365000 0.924900 0.106600 0.354000 0.930100 0.098600 -0.354600 0.934100 0.040500 -0.365800 0.929400 0.048600 -0.371400 0.926700 0.057200 -0.372300 0.925500 0.069900 0.375500 0.922800 0.085700 0.376400 0.924800 0.055100 0.376500 0.923500 0.073800 0.364400 0.928300 0.074100 -0.358700 0.933300 0.014700 -0.368100 0.929400 0.026100 -0.377400 0.925600 0.029000 -0.375800 0.925700 0.042500 0.377600 0.925700 0.023300 0.378300 0.925000 0.035400 0.370600 0.927800 0.043700 -0.361300 0.932400 -0.012300 -0.376100 0.926600 0.000500 -0.378200 0.925500 0.018400 -0.382600 0.923900 0.004200 0.379500 0.925100 -0.011000 0.379400 0.925200 -0.000400 0.373800 0.927500 0.010100 -0.360800 0.931800 -0.039500 -0.379400 0.924600 -0.034200 -0.384400 0.923000 -0.018900 0.379700 0.924000 -0.045200 0.380100 0.924300 -0.036000 0.374600 0.926900 -0.024300 -0.355100 0.932700 -0.063600 -0.372400 0.925700 -0.066100 -0.385800 0.921500 -0.044300 -0.384700 0.920500 -0.069100 -0.376300 0.924200 -0.065500 0.377100 0.923000 -0.076700 0.378700 0.922700 -0.071500 0.373700 0.925800 -0.057700 -0.361600 0.927500 -0.094700 -0.375800 0.921700 -0.096100 -0.374100 0.922700 -0.093000 0.365700 0.925700 -0.096200 0.362400 0.923900 -0.122500 0.371400 0.922200 -0.107900 0.373100 0.922500 -0.099200 0.370600 0.924300 -0.091000 -0.354100 0.926800 -0.125600 -0.368800 0.921000 -0.125600 -0.370500 0.921100 -0.120100 0.359400 0.921500 -0.147300 0.365400 0.920600 -0.138000 0.365700 0.922500 -0.123500 -0.343000 0.927300 -0.150000 -0.360300 0.918800 -0.161100 -0.366100 0.918800 -0.147300 0.355800 0.918400 -0.173200 0.358900 0.918400 -0.166400 0.359000 0.921100 -0.150700 -0.337500 0.922700 -0.186200 -0.364000 0.914100 -0.178900 -0.354200 0.911700 -0.208200 -0.343300 0.918700 -0.195300 0.342000 0.920800 -0.187700 0.335000 0.917300 -0.215100 0.345800 0.916400 -0.201800 0.350000 0.917400 -0.189200 0.350700 0.919600 -0.177300 -0.318200 0.925000 -0.207600 -0.329500 0.916500 -0.227000 -0.339100 0.913800 -0.223400 -0.334100 0.910200 -0.244900 -0.313100 0.920200 -0.235000 0.317700 0.920300 -0.228300 0.309100 0.917500 -0.250200 0.326200 0.915200 -0.236600 0.334000 0.915300 -0.224900 0.337200 0.917700 -0.210000 -0.304000 0.922300 -0.238600 -0.312800 0.912800 -0.262600 -0.309100 0.915500 -0.257400 0.301200 0.914300 -0.270700 0.310800 0.913900 -0.261100 0.317600 0.917100 -0.241100 -0.285300 0.925200 -0.250200 -0.286000 0.920000 -0.268000 -0.305300 0.909900 -0.280900 -0.288600 0.910500 -0.296100 -0.281900 0.914400 -0.290400 0.281900 0.917000 -0.282200 0.273100 0.913200 -0.302400 0.288100 0.913800 -0.286400 0.298300 0.917100 -0.264500 -0.267700 0.924800 -0.270400 -0.260500 0.920600 -0.290800 -0.271800 0.910400 -0.312000 -0.254400 0.913600 -0.317200 -0.248100 0.916400 -0.314100 -0.236000 0.912100 -0.335100 -0.226100 0.921300 -0.316300 0.250700 0.916900 -0.310600 0.237100 0.914100 -0.329000 0.256300 0.914000 -0.314700 0.268600 0.916700 -0.295700 0.279900 0.917500 -0.282500 -0.231600 0.922800 -0.308000 -0.221100 0.917500 -0.330600 -0.215100 0.916200 -0.338100 -0.202300 0.914000 -0.351500 -0.189000 0.921000 -0.340600 0.162400 0.922000 -0.351400 0.145000 0.920800 -0.362100 0.172000 0.918400 -0.356200 0.187500 0.919300 -0.345900 0.199400 0.916500 -0.346700 0.212200 0.917100 -0.337400 0.226500 0.914700 -0.334600 0.233800 0.917700 -0.321200 0.255100 0.917600 -0.304700 -0.202300 0.925200 -0.321000 -0.186100 0.922000 -0.339500 -0.174500 0.917300 -0.357900 -0.160100 0.920800 -0.355600 -0.144800 0.922500 -0.357900 -0.125800 0.924200 -0.360500 -0.117100 0.926200 -0.358300 -0.094600 0.926000 -0.365500 -0.088400 0.929300 -0.358500 -0.064300 0.925600 -0.373100 -0.058800 0.931500 -0.359000 0.066400 0.929300 -0.363200 0.050700 0.927500 -0.370200 0.080400 0.926400 -0.367800 0.092800 0.927300 -0.362700 0.112000 0.924400 -0.364700 0.119000 0.924100 -0.363200 0.140200 0.920800 -0.364000 0.163100 0.919200 -0.358500 0.183200 0.919000 -0.349200 0.207800 0.918700 -0.335900 -0.175700 0.927100 -0.331100 -0.156000 0.926500 -0.342300 -0.127100 0.928200 -0.349700 -0.096500 0.928000 -0.359900 -0.062600 0.927900 -0.367700 -0.034700 0.927500 -0.372300 -0.024700 0.927300 -0.373500 -0.004500 0.928400 -0.371500 0.014400 0.928300 -0.371400 0.023800 0.928400 -0.370800 0.049400 0.927400 -0.370700 0.078500 0.926500 -0.368100 0.102500 0.925600 -0.364300 0.126600 0.924300 -0.360200 0.154300 0.921600 -0.356100 -0.092500 0.931900 -0.350600 -0.064800 0.931100 -0.358800 -0.032500 0.931000 -0.363600 0.002300 0.931200 -0.364600 0.036000 0.930500 -0.364600 0.067900 0.928700 -0.364700 0.099600 0.927100 -0.361300 -0.003100 0.925600 0.378500 0.029600 0.927000 0.373800 -0.161200 0.922100 0.351600 -0.128300 0.923100 0.362600 -0.100000 0.925100 0.366400 -0.071000 0.925900 0.371100 -0.038500 0.925800 0.375900 -0.009600 0.925500 0.378600 0.032800 0.924600 0.379600 0.072700 0.926600 0.368800 0.110200 0.927100 0.358300 0.137700 0.928000 0.346200 0.160400 0.929400 0.332400 -0.225000 0.921600 0.316400 -0.193600 0.922600 0.333600 -0.170100 0.925300 0.339000 -0.141700 0.925200 0.352000 -0.114200 0.927200 0.356600 -0.082200 0.928600 0.361900 -0.049700 0.928400 0.368300 0.015600 0.931200 0.364200 -0.015600 0.931500 0.363400 0.047800 0.929200 0.366400 0.076500 0.937100 0.340500 0.079700 0.925600 0.370000 0.110100 0.926900 0.358800 0.145500 0.926600 0.346700 0.173100 0.928800 0.327800 0.195400 0.929700 0.312100 0.216400 0.929000 0.300000 -0.257300 0.922200 0.288600 -0.237300 0.923400 0.301800 -0.209900 0.924100 0.319200 -0.184900 0.927900 0.323800 -0.149700 0.929500 0.337100 -0.089800 0.933900 0.346000 -0.118500 0.932100 0.342300 -0.062500 0.935600 0.347500 -0.034600 0.937200 0.347100 0.104700 0.935200 0.338200 0.128700 0.933000 0.335900 0.160700 0.928500 0.334800 0.174200 0.936500 0.304200 0.193000 0.924900 0.327700 0.210800 0.928400 0.306000 0.225900 0.930800 0.287500 0.243000 0.930400 0.274600 -0.291300 0.921700 0.256200 -0.274300 0.922600 0.271400 -0.252000 0.926200 0.280500 -0.219000 0.928300 0.300400 -0.163700 0.935700 0.312500 -0.189300 0.933000 0.305900 -0.137800 0.937300 0.320000 0.203800 0.931400 0.301600 0.206200 0.940900 0.268700 0.230500 0.926600 0.297000 0.243500 0.929200 0.278200 0.255400 0.931000 0.260700 0.269900 0.930300 0.248300 -0.319000 0.922100 0.219100 -0.306200 0.922900 0.233400 -0.288000 0.925100 0.247400 -0.232500 0.933800 0.271900 -0.259600 0.929800 0.260900 -0.206300 0.937000 0.281900 0.234700 0.934400 0.267900 0.235600 0.942400 0.237500 0.261600 0.928000 0.265500 0.273000 0.929400 0.248300 0.282000 0.930900 0.232300 0.296400 0.928700 0.223100 -0.334400 0.923400 0.188400 -0.318700 0.924800 0.207800 -0.273900 0.933400 0.231700 -0.301100 0.928800 0.216200 0.264200 0.934800 0.237200 0.265000 0.941400 0.208800 0.291500 0.927300 0.234900 0.300400 0.928700 0.217400 0.307400 0.928900 0.206500 -0.354700 0.923100 0.148300 -0.346400 0.924100 0.161200 -0.332900 0.926800 0.173600 -0.308800 0.932400 0.187600 0.294600 0.932700 0.208200 0.296300 0.937800 0.181000 0.319800 0.925700 0.202000 0.321000 0.928700 0.185400 -0.363600 0.924500 0.114000 -0.354400 0.925900 0.130500 -0.315800 0.935300 0.159700 -0.339500 0.930400 0.138100 0.323700 0.930300 0.172200 0.321400 0.936000 0.143400 0.337700 0.927400 0.160800 0.336700 0.929600 0.149800 -0.369200 0.925700 0.082300 -0.361300 0.927600 0.095400 -0.345900 0.932300 0.105500 0.320600 0.939900 0.117400 0.350400 0.927700 0.128600 0.349500 0.929100 0.120800 -0.372400 0.926700 0.051000 -0.364300 0.929200 0.062500 -0.349700 0.934000 0.073000 0.346800 0.933300 0.093600 0.345800 0.936400 0.059800 0.360400 0.929200 0.082000 0.360500 0.929300 0.080200 -0.373900 0.927300 0.019700 -0.365300 0.930400 0.031500 -0.350300 0.935700 0.041100 0.344700 0.938200 0.029900 0.361800 0.931400 0.039100 0.367700 0.928700 0.048300 -0.378800 0.925400 -0.009800 -0.373400 0.927600 -0.011900 -0.362100 0.932100 0.000700 -0.348400 0.937300 0.008900 0.344100 0.938900 0.000100 0.362200 0.932100 0.000700 0.371400 0.928400 0.013400 -0.375700 0.925900 -0.039400 -0.373300 0.926700 -0.043200 -0.360300 0.932100 -0.035900 -0.344900 0.938300 -0.025300 0.324400 0.945700 -0.020600 0.325800 0.944000 -0.052000 0.346500 0.937300 -0.037400 0.364800 0.930400 -0.034600 0.374700 0.926900 -0.022100 -0.368800 0.926300 -0.076900 -0.361200 0.929800 -0.070400 -0.343200 0.937300 -0.060700 0.328900 0.940400 -0.085900 0.342600 0.936200 -0.078200 0.355800 0.932100 -0.067600 0.369600 0.927000 -0.063800 -0.364700 0.924200 -0.113300 -0.359800 0.927200 -0.104600 -0.341300 0.935400 -0.092700 0.327200 0.937600 -0.117700 0.344300 0.932300 -0.111000 0.355700 0.929300 -0.099400 -0.357100 0.922900 -0.144400 -0.354900 0.923500 -0.145500 -0.339800 0.932600 -0.121900 0.323000 0.935200 -0.145400 0.339700 0.929700 -0.142400 0.352200 0.926800 -0.130400 -0.345200 0.922900 -0.170600 -0.339300 0.923000 -0.181500 -0.339600 0.927400 -0.156900 -0.338000 0.920100 -0.197700 -0.305100 0.936500 -0.172700 0.301100 0.940200 -0.159200 0.296600 0.936200 -0.188300 0.319500 0.930300 -0.180200 0.334800 0.926600 -0.171100 0.346600 0.924100 -0.161000 -0.320500 0.924100 -0.208000 -0.318100 0.920300 -0.227700 -0.301200 0.931400 -0.204400 -0.307600 0.921000 -0.239100 -0.264900 0.940200 -0.214300 0.275000 0.940100 -0.201500 0.270600 0.935100 -0.228700 0.296500 0.929400 -0.219800 0.313500 0.925900 -0.210800 0.326800 0.923700 -0.199800 -0.296700 0.922400 -0.247200 -0.290000 0.919500 -0.265400 -0.269600 0.931400 -0.244600 0.259200 0.931500 -0.255300 0.283800 0.926000 -0.249000 0.303800 0.923100 -0.235700 -0.282100 0.921800 -0.266000 -0.267400 0.923000 -0.276600 -0.268100 0.922000 -0.279500 -0.253800 0.920100 -0.298400 -0.231800 0.931800 -0.279300 -0.225400 0.922500 -0.313300 -0.201200 0.940700 -0.273100 0.203500 0.938700 -0.278300 0.186500 0.934300 -0.303800 0.217500 0.929200 -0.298800 0.231200 0.935000 -0.268900 0.251700 0.926700 -0.279000 0.273800 0.922400 -0.272400 0.290200 0.920400 -0.262000 -0.257100 0.921900 -0.289900 -0.237400 0.923000 -0.302700 -0.216200 0.922000 -0.321300 -0.191100 0.932800 -0.305600 -0.185100 0.922900 -0.337700 -0.160200 0.938000 -0.307500 0.136900 0.939800 -0.313200 0.117000 0.934700 -0.335800 0.151400 0.930900 -0.332600 0.161700 0.937500 -0.308300 0.183200 0.928100 -0.324300 0.210500 0.924200 -0.318700 0.239000 0.923000 -0.301400 0.261000 0.920000 -0.292400 -0.199900 0.925600 -0.321300 -0.172700 0.925700 -0.336400 -0.145000 0.930500 -0.336400 -0.135800 0.927900 -0.347300 -0.111100 0.936100 -0.333800 -0.094700 0.932900 -0.347400 -0.082000 0.939500 -0.332400 -0.059500 0.936100 -0.346700 -0.051100 0.941400 -0.333400 -0.025200 0.937600 -0.346900 -0.017200 0.942500 -0.333900 0.009200 0.938000 -0.346400 0.018700 0.942100 -0.334900 0.046100 0.936100 -0.348700 0.052800 0.939400 -0.338600 0.078600 0.932500 -0.352500 0.085500 0.936700 -0.339700 0.111800 0.929800 -0.350600 0.141700 0.927300 -0.346400 0.169100 0.925000 -0.340300 0.197600 0.921700 -0.333800 0.230200 0.919200 -0.319500 -0.165200 0.925600 -0.340500 -0.138700 0.927000 -0.348300 -0.106500 0.930200 -0.351300 -0.068100 0.933900 -0.351100 -0.030900 0.934600 -0.354300 0.002700 0.933600 -0.358200 0.034200 0.933200 -0.357800 0.067100 0.931200 -0.358400 0.099700 0.928300 -0.358200 0.132700 0.925100 -0.355800 -0.029200 0.933600 -0.357100 0.001500 0.931800 -0.363000 0.034600 0.930900 -0.363500 0.006100 0.941100 0.338200 0.043400 0.941600 0.333900 -0.103700 0.940800 0.322700 -0.068200 0.942500 0.327100 -0.031800 0.944300 0.327500 0.012400 0.946500 0.322400 0.053000 0.945400 0.321700 0.090100 0.944700 0.315300 0.120900 0.944000 0.307000 0.144600 0.943500 0.298100 -0.173400 0.943100 0.283700 -0.143700 0.944900 0.294100 -0.113400 0.946900 0.300800 -0.079000 0.949600 0.303500 -0.043900 0.950500 0.307600 -0.005700 0.952200 0.305400 0.047900 0.950300 0.307700 0.095300 0.947500 0.305100 0.126000 0.948300 0.291300 0.151700 0.949100 0.276100 0.175300 0.947900 0.266100 -0.243600 0.940200 0.238300 -0.210100 0.943700 0.255400 -0.182100 0.948900 0.257700 -0.155000 0.951800 0.264800 -0.121300 0.953700 0.275300 -0.048100 0.959400 0.277900 -0.080100 0.958100 0.275100 -0.017100 0.960700 0.277200 0.016800 0.960600 0.277400 0.055600 0.958600 0.279400 0.082700 0.966500 0.243200 0.100100 0.951300 0.291500 0.137000 0.950000 0.280600 0.164600 0.950200 0.264400 0.186500 0.950600 0.248100 0.205500 0.949800 0.236000 -0.278500 0.939400 0.199700 -0.248400 0.946300 0.206900 -0.219100 0.949400 0.224900 -0.194600 0.953300 0.230900 -0.129300 0.961200 0.243500 -0.158500 0.958200 0.238100 -0.099400 0.963600 0.248200 0.112500 0.962400 0.247100 0.145900 0.956300 0.253400 0.154300 0.964000 0.216400 0.183400 0.949700 0.253700 0.203000 0.950600 0.234800 0.218200 0.951200 0.218100 0.234200 0.950000 0.206400 -0.290400 0.943000 0.162700 -0.263600 0.948600 0.175000 -0.231000 0.954500 0.188800 -0.171800 0.962700 0.209000 -0.202400 0.958800 0.199300 0.186500 0.958300 0.216400 0.185200 0.966000 0.180300 0.220700 0.950800 0.217300 0.234300 0.951400 0.199900 0.245000 0.951600 0.185400 0.261000 0.948900 0.177500 -0.318300 0.939600 0.125700 -0.287800 0.948300 0.133400 -0.262200 0.953600 0.148200 -0.211500 0.963300 0.165500 -0.239100 0.959300 0.150400 0.219100 0.958900 0.180600 0.218200 0.964700 0.147400 0.251200 0.951700 0.176500 0.257900 0.952700 0.160900 0.268000 0.951300 0.152300 0.287300 0.946000 0.150100 -0.329700 0.940300 0.084300 -0.305900 0.947000 0.098300 -0.276100 0.955400 0.104700 -0.244200 0.962500 0.117900 0.249100 0.958800 0.136300 0.241700 0.965100 0.101000 0.267400 0.955000 0.128400 0.277200 0.952500 0.126000 0.292100 0.948400 0.123200 -0.329600 0.942700 0.051500 -0.304900 0.950200 0.064300 -0.249900 0.964500 0.085400 -0.277500 0.958600 0.064700 0.234400 0.969400 0.073200 0.268400 0.959200 0.088900 0.283900 0.954200 0.094000 0.296700 0.950600 0.091500 0.313300 0.945800 0.085000 -0.330600 0.943600 0.018100 -0.307900 0.951000 0.029000 -0.279800 0.959500 0.033500 0.232600 0.971600 0.043300 0.272600 0.960700 0.052200 0.288400 0.956000 0.053700 0.304400 0.950800 0.057200 0.320200 0.945800 0.054300 -0.328100 0.944500 -0.017300 -0.308700 0.951100 -0.006300 -0.279400 0.960200 0.004200 0.264000 0.964400 0.015200 0.264300 0.964300 -0.014600 0.290100 0.957000 0.004600 0.303500 0.952600 0.019400 0.319900 0.947300 0.018000 -0.324800 0.944300 -0.052900 -0.308200 0.950200 -0.045700 -0.278600 0.960100 -0.023900 0.263000 0.964000 -0.040000 0.290500 0.956200 -0.036100 0.306100 0.951800 -0.019700 -0.319200 0.943600 -0.087800 -0.303300 0.949000 -0.086200 -0.276400 0.959500 -0.054100 -0.283900 0.954700 -0.089200 -0.239400 0.967500 -0.080900 0.237400 0.969700 -0.056900 0.235300 0.968300 -0.084100 0.267400 0.960800 -0.073400 0.292700 0.953600 -0.070400 0.311000 0.948700 -0.056300 -0.309000 0.943900 -0.116300 -0.289700 0.949400 -0.121400 -0.274400 0.953900 -0.121400 -0.238100 0.965300 -0.107700 0.231500 0.966000 -0.115100 0.255900 0.960600 -0.108600 0.284100 0.953300 -0.103000 0.310700 0.945600 -0.096300 -0.297400 0.944400 -0.140400 -0.273200 0.950200 -0.150000 -0.264000 0.951100 -0.160400 -0.242200 0.960900 -0.134300 0.228000 0.962200 -0.148600 0.249500 0.957200 -0.146900 0.274100 0.952300 -0.134100 0.299200 0.945300 -0.130000 -0.260800 0.949000 -0.176900 -0.245000 0.950600 -0.190600 -0.246700 0.953200 -0.174600 -0.236100 0.947900 -0.214000 -0.212200 0.958800 -0.189100 0.203900 0.965300 -0.163300 0.197400 0.960800 -0.194500 0.225200 0.955800 -0.189200 0.250400 0.952000 -0.176300 0.274300 0.947400 -0.164900 -0.233500 0.948300 -0.215100 -0.212900 0.950300 -0.227400 -0.200300 0.953600 -0.224800 -0.187900 0.951100 -0.245300 -0.163100 0.962000 -0.218800 -0.152700 0.954100 -0.257800 -0.135900 0.967100 -0.215000 0.168300 0.964600 -0.202900 0.154800 0.960500 -0.231100 0.192300 0.955300 -0.224600 0.220700 0.950700 -0.217800 0.250300 0.946500 -0.203700 -0.232000 0.941700 -0.243500 -0.202300 0.948400 -0.244100 -0.175700 0.951400 -0.253000 -0.145900 0.952300 -0.267900 -0.115900 0.961600 -0.248800 -0.109100 0.954600 -0.277100 -0.087800 0.965000 -0.247100 -0.074400 0.956700 -0.281300 -0.065800 0.967300 -0.244900 -0.044100 0.956500 -0.288300 -0.039400 0.968700 -0.245200 0.062900 0.968100 -0.242600 0.043600 0.961200 -0.272400 0.079500 0.958500 -0.273700 0.093300 0.966400 -0.239500 0.120700 0.957300 -0.262600 0.124000 0.963800 -0.236000 0.151500 0.954400 -0.257100 0.178900 0.951300 -0.251100 0.207300 0.946000 -0.249200 0.238900 0.942100 -0.235500 -0.164500 0.949400 -0.267400 -0.136800 0.951000 -0.277200 -0.107800 0.951200 -0.289100 -0.076900 0.951400 -0.298300 -0.041300 0.951200 -0.305900 -0.011000 0.960400 -0.278500 -0.000400 0.951700 -0.307100 0.017300 0.960800 -0.276700 0.040000 0.952100 -0.303000 0.074700 0.949600 -0.304500 0.109900 0.951200 -0.288300 0.140000 0.947700 -0.286800 0.169700 0.945300 -0.278500 -0.129100 0.945600 -0.298600 -0.104600 0.946100 -0.306700 -0.077300 0.946500 -0.313400 -0.045400 0.946800 -0.318500 -0.009100 0.947200 -0.320400 0.026600 0.946700 -0.321000 0.061700 0.943900 -0.324500 0.104100 0.943200 -0.315500 -0.056800 0.968200 0.243700 -0.019200 0.969200 0.245700 0.013400 0.970900 0.239000 0.044400 0.972200 0.229900 -0.137000 0.967800 0.211000 -0.095800 0.970400 0.221600 -0.052700 0.974500 0.218300 -0.014200 0.975200 0.220700 0.020000 0.976900 0.212800 0.052900 0.977700 0.203200 0.085900 0.975800 0.201000 0.114900 0.973300 0.198900 -0.178900 0.968500 0.173200 -0.141500 0.972300 0.185900 -0.102000 0.975100 0.196700 -0.064000 0.978900 0.194200 -0.015400 0.981000 0.193300 0.025200 0.981300 0.190600 0.059200 0.981500 0.182300 0.088600 0.980600 0.174800 0.113600 0.979400 0.167100 0.143100 0.975500 0.166800 -0.213900 0.968400 0.127900 -0.191200 0.972500 0.133200 -0.156900 0.976200 0.149700 -0.110000 0.980900 0.160600 -0.072000 0.983400 0.166300 -0.026100 0.984700 0.172100 0.024500 0.984800 0.172200 0.065400 0.984200 0.164600 0.096000 0.983500 0.153300 0.120200 0.982300 0.143500 0.143100 0.980100 0.137400 0.171500 0.975500 0.137700 -0.224500 0.970800 0.084000 -0.201300 0.975200 0.092300 -0.166700 0.980700 0.101700 -0.129100 0.984100 0.121900 -0.091500 0.987400 0.129200 -0.043300 0.988200 0.146900 0.011300 0.987500 0.157100 0.071400 0.984900 0.157500 0.108300 0.984700 0.136700 0.130100 0.984100 0.120600 0.149500 0.982400 0.111700 0.170400 0.979500 0.107600 0.201500 0.973300 0.109800 -0.246600 0.968100 0.043400 -0.222300 0.974100 0.041000 -0.198900 0.978600 0.053600 -0.171800 0.983100 0.063200 -0.135700 0.987200 0.083900 -0.056000 0.992100 0.112700 -0.099400 0.990700 0.092900 -0.012300 0.992200 0.124200 0.034700 0.990100 0.136300 0.092800 0.985200 0.144000 0.115700 0.988400 0.098800 0.139200 0.982400 0.124900 0.145900 0.984700 0.095300 0.159100 0.983500 0.085700 0.177300 0.980800 0.080600 0.201400 0.976000 0.083000 -0.249100 0.968500 0.006800 -0.224900 0.974400 0.003100 -0.198300 0.980100 0.005900 -0.177500 0.984000 0.017600 -0.152600 0.987600 0.035800 -0.118000 0.991800 0.049700 0.155600 0.985000 0.074400 0.145400 0.989200 0.017400 0.163600 0.985000 0.054700 0.167300 0.984400 0.053900 0.183100 0.981600 0.053300 0.202300 0.977900 0.052400 -0.242400 0.969900 -0.022900 -0.217400 0.975600 -0.029300 -0.195900 0.980100 -0.033500 -0.177600 0.983600 -0.031900 -0.162100 0.986600 -0.017900 -0.128600 0.991700 0.006900 0.132000 0.991000 -0.023000 0.159900 0.987100 -0.003400 0.170900 0.985200 0.012200 0.184400 0.982700 0.018900 0.204800 0.978600 0.019900 0.223600 0.974600 0.009500 -0.231600 0.971600 -0.049100 -0.207300 0.976500 -0.059300 -0.187400 0.980100 -0.065700 -0.170000 0.982800 -0.071700 -0.162200 0.983700 -0.077200 -0.140200 0.989300 -0.039400 0.122100 0.990700 -0.059600 0.146300 0.987900 -0.051400 0.170600 0.984900 -0.030300 0.187600 0.982000 -0.022600 0.204900 0.978700 -0.013500 0.227600 0.973500 -0.020600 -0.202000 0.975400 -0.088600 -0.178800 0.979500 -0.092900 -0.158100 0.982300 -0.100900 -0.141200 0.983500 -0.113400 -0.147200 0.984300 -0.097700 -0.127400 0.981200 -0.144700 -0.099600 0.987800 -0.119300 0.087200 0.993000 -0.079800 0.067900 0.990900 -0.116200 0.107600 0.989100 -0.100400 0.139600 0.986700 -0.083000 0.170400 0.983200 -0.064900 0.193600 0.979400 -0.057100 0.212000 0.975900 -0.051300 -0.197900 0.973400 -0.115500 -0.169100 0.978800 -0.115200 -0.146600 0.981400 -0.123700 -0.124200 0.983100 -0.134600 -0.097600 0.983800 -0.150500 -0.073000 0.984500 -0.159300 -0.053300 0.984500 -0.167000 -0.012700 0.989200 -0.145800 0.008900 0.987100 -0.159500 0.030200 0.991200 -0.128800 0.059100 0.988100 -0.142400 0.090700 0.986800 -0.134100 0.126600 0.984700 -0.119500 0.162500 0.981200 -0.104400 0.193100 0.976800 -0.092500 0.212700 0.973200 -0.087300 -0.197800 0.969800 -0.143100 -0.160300 0.977100 -0.139800 -0.137100 0.979700 -0.146000 -0.113400 0.981600 -0.153800 -0.087600 0.982600 -0.164000 -0.054100 0.983700 -0.171500 -0.009000 0.984900 -0.172900 0.036600 0.984800 -0.170000 0.072700 0.983200 -0.167700 0.112200 0.981100 -0.157900 0.151400 0.977800 -0.145000 0.182500 0.974400 -0.131500 0.203800 0.970700 -0.127100 -0.165000 0.970700 -0.174800 -0.135300 0.975300 -0.174300 -0.106900 0.978900 -0.174200 -0.080600 0.979800 -0.182800 -0.053300 0.980500 -0.189200 -0.017200 0.981900 -0.188800 0.027700 0.981400 -0.189800 0.064500 0.978800 -0.194200 0.100700 0.976300 -0.191800 0.139000 0.974000 -0.179000 0.172500 0.970500 -0.168200 -0.102800 0.974000 -0.201800 -0.078500 0.975300 -0.206700 -0.050500 0.976200 -0.210700 -0.018300 0.977000 -0.212300 0.017200 0.977500 -0.210100 0.057800 0.974800 -0.215500 0.095700 0.972000 -0.214700 0.134500 0.969700 -0.204000 -0.007400 0.972100 -0.234300 0.023900 0.971600 -0.235300 -0.069300 0.995500 0.064700 -0.025600 0.996600 0.078700 0.015000 0.996300 0.084900 0.057000 0.994700 0.086000 -0.082000 0.996400 0.022000 -0.034800 0.998800 0.033100 0.009900 0.999200 0.039300 0.052800 0.997900 0.037000 0.101200 0.994100 0.039000 -0.087100 0.996000 -0.017400 -0.039300 0.999200 -0.010100 0.004600 1.000000 -0.002700 0.053800 0.998500 -0.000200 0.097800 0.995200 -0.001400 -0.087400 0.994400 -0.058700 -0.035500 0.998000 -0.051800 0.004200 0.998700 -0.050800 0.044000 0.998300 -0.039000 0.086300 0.995500 -0.039500 -0.036600 0.994200 -0.101200 0.006700 0.995500 -0.095000 0.046200 0.995700 -0.080900 0.000000 1.000000 0.000000</float_array>
          <technique_common>
            <accessor source="#Slime-normals-array" count="5620" stride="3">
              <param name="X" type="float"/>
              <param name="Y" type="float"/>
              <param name="Z" type="float"/>
            </accessor>
          </technique_common>
        </source>
        <source id="Slime-map-0">
          <float_array id="Slime-map-0-array" count="2">0.000000 0.000000</float_array>
          <technique_common>
            <accessor source="#Slime-map-0-array" count="1" stride="2">
              <param name="S" type="float"/>
              <param name="T" type="float"/>
            </accessor>
          </technique_common>
        </source>
        <vertices id="Slime-vertices">
          <input semantic="POSITION" source="#Slime-positions"/>
        </vertices>
        <polylist material="slime-material" count="11457">
          <input semantic="VERTEX" source="#Slime-vertices" offset="0"/>
          <input semantic="NORMAL" source="#Slime-normals" offset="1"/>
          <input semantic="TEXCOORD" source="#Slime-map-0" offset="2" set="0"/>
          <vcount>3 3 3 3 3 3 3 3 3 3 3 3 3 3 3 3 3 3 3 3 3 3 3 3 3 3 3 3 3 3 3 3 3 3 3 3 3 3 3 3 3 3 3 3 3 3 3 3 3 3 3 3 3 3 3 3 3 3 3 3 3 3 3 3 3 3 3 3 3 3 3 3 3 3 3 3 3 3 3 3 3 3 3 3 3 3 3 3 3 3 3 3 3 3 3 3 3 3 3 3 3 3 3 3 3 3 3 3 3 3 3 3 3 3 3 3 3 3 3 3 3 3 3 3 3 3 3 3 3 3 3 3 3 3 3 3 3 3 3 3 3 3 3 3 3 3 3 3 3 3 3 3 3 3 3 3 3 3 3 3 3 3 3 3 3 3 3 3 3 3 3 3 3 3 3 3 3 3 3 3 3 3 3 3 3 3 3 3 3 3 3 3 3 3 3 3 3 3 3 3 3 3 3 3 3 3 3 3 3 3 3 3 3 3 3 3 3 3 3 3 3 3 3 3 3 3 3 3 3 3 3 3 3 3 3 3 3 3 3 3 3 3 3 3 3 3 3 3 3 3 3 3 3 3 3 3 3 3 3 3 3 3 3 3 3 3 3 3 3 3 3 3 3 3 3 3 3 3 3 3 3 3 3 3 3 3 3 3 3 3 3 3 3 3 3 3 3 3 3 3 3 3 3 3 3 3 3 3 3 3 3 3 3 3 3 3 3 3 3 3 3 3 3 3 3 3 3 3 3 3 3 3 3 3 3 3 3 3 3 3 3 3 3 3 3 3 3 3 3 3 3 3 3 3 3 3 3 3 3 3 3 3 3 3 3 3 3 3 3 3 3 3 3 3 3 3 3 3 3 3 3 3 3 3 3 3 3 3 3 3 3 3 3 3 3 3 3 3 3 3 3 3 3 3 3 3 3 3 3 3 3 3 3 3 3 3 3 3 3 3 3 3 3 3 3 3 3 3 3 3 3 3 3 3 3 3 3 3 3 3 3 3 3 3 3 3 3 3 3 3 3 3 3 3 3 3 3 3 3 3 3 3 3 3 3 3 3 3 3 3 3 3 3 3 3 3 3 3 3 3 3 3 3 3 3 3 3 3 3 3 3 3 3 3 3 3 3 3 3 3 3 3 3 3 3 3 3 3 3 3 3 3 3 3 3 3 3 3 3 3 3 3 3 3 3 3 3 3 3 3 3 3 3 3 3 3 3 3 3 3 3 3 3 3 3 3 3 3 3 3 3 3 3 3 3 3 3 3 3 3 3 3 3 3 3 3 3 3 3 3 3 3 3 3 3 3 3 3 3 3 3 3 3 3 3 3 3 3 3 3 3 3 3 3 3 3 3 3 3 3 3 3 3 3 3 3 3 3 3 3 3 3 3 3 3 3 3 3 3 3 3 3 3 3 3 3 3 3 3 3 3 3 3 3 3 3 3 3 3 3 3 3 3 3 3 3 3 3 3 3 3 3 3 3 3 3 3 3 3 3 3 3 3 3 3 3 3 3 3 3 3 3 3 3 3 3 3 3 3 3 3 3 3 3 3 3 3 3 3 3 3 3 3 3 3 3 3 3 3 3 3 3 3 3 3 3 3 3 3 3 3 3 3 3 3 3 3 3 3 3 3 3 3 3 3 3 3 3 3 3 3 3 3 3 3 3 3 3 3 3 3 3 3 3 3 3 3 3 3 3 3 3 3 3 3 3 3 3 3 3 3 3 3 3 3 3 3 3 3 3 3 3 3 3 3 3 3 3 3 3 3 3 3 3 3 3 3 3 3 3 3 3 3 3 3 3 3 3 3 3 3 3 3 3 3 3 3 3 3 3 3 3 3 3 3 3 3 3 3 3 3 3 3 3 3 3 3 3 3 3 3 3 3 3 3 3 3 3 3 3 3 3 3 3 3 3 3 3 3 3 3 3 3 3 3 3 3 3 3 3 3 3 3 3 3 3 3 3 3 3 3 3 3 3 3 3 3 3 3 3 3 3 3 3 3 3 3 3 3 3 3 3 3 3 3 3 3 3 3 3 3 3 3 3 3 3 3 3 3 3 3 3 3 3 3 3 3 3 3 3 3 3 3 3 3 3 3 3 3 3 3 3 3 3 3 3 3 3 3 3 3 3 3 3 3 3 3 3 3 3 3 3 3 3 3 3 3 3 3 3 3 3 3 3 3 3 3 3 3 3 3 3 3 3 3 3 3 3 3 3 3 3 3 3 3 3 3 3 3 3 3 3 3 3 3 3 3 3 3 3 3 3 3 3 3 3 3 3 3 3 3 3 3 3 3 3 3 3 3 3 3 3 3 3 3 3 3 3 3 3 3 3 3 3 3 3 3 3 3 3 3 3 3 3 3 3 3 3 3 3 3 3 3 3 3 3 3 3 3 3 3 3 3 3 3 3 3 3 3 3 3 3 3 3 3 3 3 3 3 3 3 3 3 3 3 3 3 3 3 3 3 3 3 3 3 3 3 3 3 3 3 3 3 3 3 3 3 3 3 3 3 3 3 3 3 3 3 3 3 3 3 3 3 3 3 3 3 3 3 3 3 3 3 3 3 3 3 3 3 3 3 3 3 3 3 3 3 3 3 3 3 3 3 3 3 3 3 3 3 3 3 3 3 3 3 3 3 3 3 3 3 3 3 3 3 3 3 3 3 3 3 3 3 3 3 3 3 3 3 3 3 3 3 3 3 3 3 3 3 3 3 3 3 3 3 3 3 3 3 3 3 3 3 3 3 3 3 3 3 3 3 3 3 3 3 3 3 3 3 3 3 3 3 3 3 3 3 3 3 3 3 3 3 3 3 3 3 3 3 3 3 3 3 3 3 3 3 3 3 3 3 3 3 3 3 3 3 3 3 3 3 3 3 3 3 3 3 3 3 3 3 3 3 3 3 3 3 3 3 3 3 3 3 3 3 3 3 3 3 3 3 3 3 3 3 3 3 3 3 3 3 3 3 3 3 3 3 3 3 3 3 3 3 3 3 3 3 3 3 3 3 3 3 3 3 3 3 3 3 3 3 3 3 3 3 3 3 3 3 3 3 3 3 3 3 3 3 3 3 3 3 3 3 3 3 3 3 3 3 3 3 3 3 3 3 3 3 3 3 3 3 3 3 3 3 3 3 3 3 3 3 3 3 3 3 3 3 3 3 3 3 3 3 3 3 3 3 3 3 3 3 3 3 3 3 3 3 3 3 3 3 3 3 3 3 3 3 3 3 3 3 3 3 3 3 3 3 3 3 3 3 3 3 3 3 3 3 3 3 3 3 3 3 3 3 3 3 3 3 3 3 3 3 3 3 3 3 3 3 3 3 3 3 3 3 3 3 3 3 3 3 3 3 3 3 3 3 3 3 3 3 3 3 3 3 3 3 3 3 3 3 3 3 3 3 3 3 3 3 3 3 3 3 3 3 3 3 3 3 3 3 3 3 3 3 3 3 3 3 3 3 3 3 3 3 3 3 3 3 3 3 3 3 3 3 3 3 3 3 3 3 3 3 3 3 3 3 3 3 3 3 3 3 3 3 3 3 3 3 3 3 3 3 3 3 3 3 3 3 3 3 3 3 3 3 3 3 3 3 3 3 3 3 3 3 3 3 3 3 3 3 3 3 3 3 3 3 3 3 3 3 3 3 3 3 3 3 3 3 3 3 3 3 3 3 3 3 3 3 3 3 3 3 3 3 3 3 3 3 3 3 3 3 3 3 3 3 3 3 3 3 3 3 3 3 3 3 3 3 3 3 3 3 3 3 3 3 3 3 3 3 3 3 3 3 3 3 3 3 3 3 3 3 3 3 3 3 3 3 3 3 3 3 3 3 3 3 3 3 3 3 3 3 3 3 3 3 3 3 3 3 3 3 3 3 3 3 3 3 3 3 3 3 3 3 3 3 3 3 3 3 3 3 3 3 3 3 3 3 3 3 3 3 3 3 3 3 3 3 3 3 3 3 3 3 3 3 3 3 3 3 3 3 3 3 3 3 3 3 3 3 3 3 3 3 3 3 3 3 3 3 3 3 3 3 3 3 3 3 3 3 3 3 3 3 3 3 3 3 3 3 3 3 3 3 3 3 3 3 3 3 3 3 3 3 3 3 3 3 3 3 3 3 3 3 3 3 3 3 3 3 3 3 3 3 3 3 3 3 3 3 3 3 3 3 3 3 3 3 3 3 3 3 3 3 3 3 3 3 3 3 3 3 3 3 3 3 3 3 3 3 3 3 3 3 3 3 3 3 3 3 3 3 3 3 3 3 3 3 3 3 3 3 3 3 3 3 3 3 3 3 3 3 3 3 3 3 3 3 3 3 3 3 3 3 3 3 3 3 3 3 3 3 3 3 3 3 3 3 3 3 3 3 3 3 3 3 3 3 3 3 3 3 3 3 3 3 3 3 3 3 3 3 3 3 3 3 3 3 3 3 3 3 3 3 3 3 3 3 3 3 3 3 3 3 3 3 3 3 3 3 3 3 3 3 3 3 3 3 3 3 3 3 3 3 3 3 3 3 3 3 3 3 3 3 3 3 3 3 3 3 3 3 3 3 3 3 3 3 3 3 3 3 3 3 3 3 3 3 3 3 3 3 3 3 3 3 3 3 3 3 3 3 3 3 3 3 3 3 3 3 3 3 3 3 3 3 3 3 3 3 3 3 3 3 3 3 3 3 3 3 3 3 3 3 3 3 3 3 3 3 3 3 3 3 3 3 3 3 3 3 3 3 3 3 3 3 3 3 3 3 3 3 3 3 3 3 3 3 3 3 3 3 3 3 3 3 3 3 3 3 3 3 3 3 3 3 3 3 3 3 3 3 3 3 3 3 3 3 3 3 3 3 3 3 3 3 3 3 3 3 3 3 3 3 3 3 3 3 3 3 3 3 3 3 3 3 3 3 3 3 3 3 3 3 3 3 3 3 3 3 3 3 3 3 3 3 3 3 3 3 3 3 3 3 3 3 3 3 3 3 3 3 3 3 3 3 3 3 3 3 3 3 3 3 3 3 3 3 3 3 3 3 3 3 3 3 3 3 3 3 3 3 3 3 3 3 3 3 3 3 3 3 3 3 3 3 3 3 3 3 3 3 3 3 3 3 3 3 3 3 3 3 3 3 3 3 3 3 3 3 3 3 3 3 3 3 3 3 3 3 3 3 3 3 3 3 3 3 3 3 3 3 3 3 3 3 3 3 3 3 3 3 3 3 3 3 3 3 3 3 3 3 3 3 3 3 3 3 3 3 3 3 3 3 3 3 3 3 3 3 3 3 3 3 3 3 3 3 3 3 3 3 3 3 3 3 3 3 3 3 3 3 3 3 3 3 3 3 3 3 3 3 3 3 3 3 3 3 3 3 3 3 3 3 3 3 3 3 3 3 3 3 3 3 3 3 3 3 3 3 3 3 3 3 3 3 3 3 3 3 3 3 3 3 3 3 3 3 3 3 3 3 3 3 3 3 3 3 3 3 3 3 3 3 3 3 3 3 3 3 3 3 3 3 3 3 3 3 3 3 3 3 3 3 3 3 3 3 3 3 3 3 3 3 3 3 3 3 3 3 3 3 3 3 3 3 3 3 3 3 3 3 3 3 3 3 3 3 3 3 3 3 3 3 3 3 3 3 3 3 3 3 3 3 3 3 3 3 3 3 3 3 3 3 3 3 3 3 3 3 3 3 3 3 3 3 3 3 3 3 3 3 3 3 3 3 3 3 3 3 3 3 3 3 3 3 3 3 3 3 3 3 3 3 3 3 3 3 3 3 3 3 3 3 3 3 3 3 3 3 3 3 3 3 3 3 3 3 3 3 3 3 3 3 3 3 3 3 3 3 3 3 3 3 3 3 3 3 3 3 3 3 3 3 3 3 3 3 3 3 3 3 3 3 3 3 3 3 3 3 3 3 3 3 3 3 3 3 3 3 3 3 3 3 3 3 3 3 3 3 3 3 3 3 3 3 3 3 3 3 3 3 3 3 3 3 3 3 3 3 3 3 3 3 3 3 3 3 3 3 3 3 3 3 3 3 3 3 3 3 3 3 3 3 3 3 3 3 3 3 3 3 3 3 3 3 3 3 3 3 3 3 3 3 3 3 3 3 3 3 3 3 3 3 3 3 3 3 3 3 3 3 3 3 3 3 3 3 3 3 3 3 3 3 3 3 3 3 3 3 3 3 3 3 3 3 3 3 3 3 3 3 3 3 3 3 3 3 3 3 3 3 3 3 3 3 3 3 3 3 3 3 3 3 3 3 3 3 3 3 3 3 3 3 3 3 3 3 3 3 3 3 3 3 3 3 3 3 3 3 3 3 3 3 3 3 3 3 3 3 3 3 3 3 3 3 3 3 3 3 3 3 3 3 3 3 3 3 3 3 3 3 3 3 3 3 3 3 3 3 3 3 3 3 3 3 3 3 3 3 3 3 3 3 3 3 3 3 3 3 3 3 3 3 3 3 3 3 3 3 3 3 3 3 3 3 3 3 3 3 3 3 3 3 3 3 3 3 3 3 3 3 3 3 3 3 3 3 3 3 3 3 3 3 3 3 3 3 3 3 3 3 3 3 3 3 3 3 3 3 3 3 3 3 3 3 3 3 3 3 3 3 3 3 3 3 3 3 3 3 3 3 3 3 3 3 3 3 3 3 3 3 3 3 3 3 3 3 3 3 3 3 3 3 3 3 3 3 3 3 3 3 3 3 3 3 3 3 3 3 3 3 3 3 3 3 3 3 3 3 3 3 3 3 3 3 3 3 3 3 3 3 3 3 3 3 3 3 3 3 3 3 3 3 3 3 3 3 3 3 3 3 3 3 3 3 3 3 3 3 3 3 3 3 3 3 3 3 3 3 3 3 3 3 3 3 3 3 3 3 3 3 3 3 3 3 3 3 3 3 3 3 3 3 3 3 3 3 3 3 3 3 3 3 3 3 3 3 3 3 3 3 3 3 3 3 3 3 3 3 3 3 3 3 3 3 3 3 3 3 3 3 3 3 3 3 3 3 3 3 3 3 3 3 3 3 3 3 3 3 3 3 3 3 3 3 3 3 3 3 3 3 3 3 3 3 3 3 3 3 3 3 3 3 3 3 3 3 3 3 3 3 3 3 3 3 3 3 3 3 3 3 3 3 3 3 3 3 3 3 3 3 3 3 3 3 3 3 3 3 3 3 3 3 3 3 3 3 3 3 3 3 3 3 3 3 3 3 3 3 3 3 3 3 3 3 3 3 3 3 3 3 3 3 3 3 3 3 3 3 3 3 3 3 3 3 3 3 3 3 3 3 3 3 3 3 3 3 3 3 3 3 3 3 3 3 3 3 3 3 3 3 3 3 3 3 3 3 3 3 3 3 3 3 3 3 3 3 3 3 3 3 3 3 3 3 3 3 3 3 3 3 3 3 3 3 3 3 3 3 3 3 3 3 3 3 3 3 3 3 3 3 3 3 3 3 3 3 3 3 3 3 3 3 3 3 3 3 3 3 3 3 3 3 3 3 3 3 3 3 3 3 3 3 3 3 3 3 3 3 3 3 3 3 3 3 3 3 3 3 3 3 3 3 3 3 3 3 3 3 3 3 3 3 3 3 3 3 3 3 3 3 3 3 3 3 3 3 3 3 3 3 3 3 3 3 3 3 3 3 3 3 3 3 3 3 3 3 3 3 3 3 3 3 3 3 3 3 3 3 3 3 3 3 3 3 3 3 3 3 3 3 3 3 3 3 3 3 3 3 3 3 3 3 3 3 3 3 3 3 3 3 3 3 3 3 3 3 3 3 3 3 3 3 3 3 3 3 3 3 3 3 3 3 3 3 3 3 3 3 3 3 3 3 3 3 3 3 3 3 3 3 3 3 3 3 3 3 3 3 3 3 3 3 3 3 3 3 3 3 3 3 3 3 3 3 3 3 3 3 3 3 3 3 3 3 3 3 3 3 3 3 3 3 3 3 3 3 3 3 3 3 3 3 3 3 3 3 3 3 3 3 3 3 3 3 3 3 3 3 3 3 3 3 3 3 3 3 3 3 3 3 3 3 3 3 3 3 3 3 3 3 3 3 3 3 3 3 3 3 3 3 3 3 3 3 3 3 3 3 3 3 3 3 3 3 3 3 3 3 3 3 3 3 3 3 3 3 3 3 3 3 3 3 3 3 3 3 3 3 3 3 3 3 3 3 3 3 3 3 3 3 3 3 3 3 3 3 3 3 3 3 3 3 3 3 3 3 3 3 3 3 3 3 3 3 3 3 3 3 3 3 3 3 3 3 3 3 3 3 3 3 3 3 3 3 3 3 3 3 3 3 3 3 3 3 3 3 3 3 3 3 3 3 3 3 3 3 3 3 3 3 3 3 3 3 3 3 3 3 3 3 3 3 3 3 3 3 3 3 3 3 3 3 3 3 3 3 3 3 3 3 3 3 3 3 3 3 3 3 3 3 3 3 3 3 3 3 3 3 3 3 3 3 3 3 3 3 3 3 3 3 3 3 3 3 3 3 3 3 3 3 3 3 3 3 3 3 3 3 3 3 3 3 3 3 3 3 3 3 3 3 3 3 3 3 3 3 3 3 3 3 3 3 3 3 3 3 3 3 3 3 3 3 3 3 3 3 3 3 3 3 3 3 3 3 3 3 3 3 3 3 3 3 3 3 3 3 3 3 3 3 3 3 3 3 3 3 3 3 3 3 3 3 3 3 3 3 3 3 3 3 3 3 3 3 3 3 3 3 3 3 3 3 3 3 3 3 3 3 3 3 3 3 3 3 3 3 3 3 3 3 3 3 3 3 3 3 3 3 3 3 3 3 3 3 3 3 3 3 3 3 3 3 3 3 3 3 3 3 3 3 3 3 3 3 3 3 3 3 3 3 3 3 3 3 3 3 3 3 3 3 3 3 3 3 3 3 3 3 3 3 3 3 3 3 3 3 3 3 3 3 3 3 3 3 3 3 3 3 3 3 3 3 3 3 3 3 3 3 3 3 3 3 3 3 3 3 3 3 3 3 3 3 3 3 3 3 3 3 3 3 3 3 3 3 3 3 3 3 3 3 3 3 3 3 3 3 3 3 3 3 3 3 3 3 3 3 3 3 3 3 3 3 3 3 3 3 3 3 3 3 3 3 3 3 3 3 3 3 3 3 3 3 3 3 3 3 3 3 3 3 3 3 3 3 3 3 3 3 3 3 3 3 3 3 3 3 3 3 3 3 3 3 3 3 3 3 3 3 3 3 3 3 3 3 3 3 3 3 3 3 3 3 3 3 3 3 3 3 3 3 3 3 3 3 3 3 3 3 3 3 3 3 3 3 3 3 3 3 3 3 3 3 3 3 3 3 3 3 3 3 3 3 3 3 3 3 3 3 3 3 3 3 3 3 3 3 3 3 3 3 3 3 3 3 3 3 3 3 3 3 3 3 3 3 3 3 3 3 3 3 3 3 3 3 3 3 3 3 3 3 3 3 3 3 3 3 3 3 3 3 3 3 3 3 3 3 3 3 3 3 3 3 3 3 3 3 3 3 3 3 3 3 3 3 3 3 3 3 3 3 3 3 3 3 3 3 3 3 3 3 3 3 3 3 3 3 3 3 3 3 3 3 3 3 3 3 3 3 3 3 3 3 3 3 3 3 3 3 3 3 3 3 3 3 3 3 3 3 3 3 3 3 3 3 3 3 3 3 3 3 3 3 3 3 3 3 3 3 3 3 3 3 3 3 3 3 3 3 3 3 3 3 3 3 3 3 3 3 3 3 3 3 3 3 3 3 3 3 3 3 3 3 3 3 3 3 3 3 3 3 3 3 3 3 3 3 3 3 3 3 3 3 3 3 3 3 3 3 3 3 3 3 3 3 3 3 3 3 3 3 3 3 3 3 3 3 3 3 3 3 3 3 3 3 3 3 3 3 3 3 3 3 3 3 3 3 3 3 3 3 3 3 3 3 3 3 3 3 3 3 3 3 3 3 3 3 3 3 3 3 3 3 3 3 3 3 3 3 3 3 3 3 3 3 3 3 3 3 3 3 3 3 3 3 3 3 3 3 3 3 3 3 3 3 3 3 3 3 3 3 3 3 3 3 3 3 3 3 3 3 3 3 3 3 3 3 3 3 3 3 3 3 3 3 3 3 3 3 3 3 3 3 3 3 3 3 3 3 3 3 3 3 3 3 3 3 3 3 3 3 3 3 3 3 3 3 3 3 3 3 3 3 3 3 3 3 3 3 3 3 3 3 3 3 3 3 3 3 3 3 3 3 3 3 3 3 3 3 3 3 3 3 3 3 3 3 3 3 3 3 3 3 3 3 3 3 3 3 3 3 3 3 3 3 3 3 3 3 3 3 3 3 3 3 3 3 3 3 3 3 3 3 3 3 3 3 3 3 3 3 3 3 3 3 3 3 3 3 3 3 3 3 3 3 3 3 3 3 3 3 3 3 3 3 3 3 3 3 3 3 3 3 3 3 3 3 3 3 3 3 3 3 3 3 3 3 3 3 3 3 3 3 3 3 3 3 3 3 3 3 3 3 3 3 3 3 3 3 3 3 3 3 3 3 3 3 3 3 3 3 3 3 3 3 3 3 3 3 3 3 3 3 3 3 3 3 3 3 3 3 3 3 3 3 3 3 3 3 3 3 3 3 3 3 3 3 3 3 3 3 3 3 3 3 3 3 3 3 3 3 3 3 3 3 3 3 3 3 3 3 3 3 3 3 3 3 3 3 3 3 3 3 3 3 3 3 3 3 3 3 3 3 3 3 3 3 3 3 3 3 3 3 3 3 3 3 3 3 3 3 3 3 3 3 3 3 3 3 3 3 3 3 3 3 3 3 3 3 3 3 3 3 3 3 3 3 3 3 3 3 3 3 3 3 3 3 3 3 3 3 3 3 3 3 3 3 3 3 3 3 3 3 3 3 3 3 3 3 3 3 3 3 3 3 3 3 3 3 3 3 3 3 3 3 3 3 3 3 3 3 3 3 3 3 3 3 3 3 3 3 3 3 3 3 3 3 3 3 3 3 3 3 3 3 3 3 3 3 3 3 3 3 3 3 3 3 3 3 3 3 3 3 3 3 3 3 3 3 3 3 3 3 3 3 3 3 3 3 3 3 3 3 3 3 3 3 3 3 3 3 3 3 3 3 3 3 3 3 3 3 3 3 3 3 3 3 3 3 3 3 3 3 3 3 3 3 3 3 3 3 3 3 3 3 3 3 3 3 3 3 3 3 3 3 3 3 3 3 3 3 3 3 3 3 3 3 3 3 3 3 3 3 3 3 3 3 3 3 3 3 3 3 3 3 3 3 3 3 3 3 3 3 3 3 3 3 3 3 3 3 3 3 3 3 3 3 3 3 3 3 3 3 3 3 3 3 3 3 3 3 3 3 3 3 3 3 3 3 3 3 3 3 3 3 3 3 3 3 3 3 3 3 3 3 3 3 3 3 3 3 3 3 3 3 3 3 3 3 3 3 3 3 3 3 3 3 3 3 3 3 3 3 3 3 3 3 3 3 3 3 3 3 3 3 3 3 3 3 3 3 3 3 3 3 3 3 3 3 3 3 3 3 3 3 3 3 3 3 3 3 3 3 3 3 3 3 3 3 3 3 3 3 3 3 3 3 3 3 3 3 3 3 3 3 3 3 3 3 3 3 3 3 3 3 3 3 3 3 3 3 3 3 3 3 3 3 3 3 3 3 3 3 3 3 3 3 3 3 3 3 3 3 3 3 3 3 3 3 3 3 3 3 3 3 3 3 3 3 3 3 3 3 3 3 3 3 3 3 3 3 3 3 3 3 3 3 3 3 3 3 3 3 3 3 3 3 3 3 3 3 3 3 3 3 3 3 3 3 3 3 3 3 3 3 3 3 3 3 3 3 3 3 3 3 3 3 3 3 3 3 3 3 3 3 3 3 3 3 3 3 3 3 3 3 3 3 3 3 3 3 3 3 3 3 3 3 3 3 3 3 3 3 3 3 3 3 3 3 3 3 3 3 3 3 3 3 3 3 3 3 3 3 3 3 3 3 3 3 3 3 3 3 3 3 3 3 3 3 3 3 3 3 3 3 3 3 3 3 3 3 3 3 3 3 3 3 3 3 3 3 3 3 3 3 3 3 3 3 3 3 3 3 3 3 3 3 3 3 3 3 3 3 3 3 3 3 3 3 3 3 3 3 3 3 3 3 3 3 3 3 3 3 3 3 3 3 3 3 3 3 3 3 3 3 3 3 3 3 3 3 3 3 3 3 3 3 3 3 3 3 3 3 3 3 3 3 3 3 3 3 3 3 3 3 3 3 3 3 3 3 3 3 3 3 3 3 3 3 3 3 3 3 3 3 3 3 3 3 3 3 3 3 3 3 3 3 3 3 3 3 3 3 3 3 3 3 3 3 3 3 3 3 3 3 3 3 3 3 3 3 3 3 3 3 3 3 3 3 3 3 3 3 3 3 3 3 3 3 3 3 3 3 3 3 3 3 3 3 3 3 3 3 3 3 3 3 3 3 3 3 3 3 3 3 3 3 3 3 3 3 3 3 3 3 3 3 3 3 3 3 3 3 3 3 3 3 3 3 3 3 3 3 3 3 3 3 3 3 3 3 3 3 3 3 3 3 3 3 3 3 3 3 3 3 3 3 3 3 3 3 3 3 3 3 3 3 3 3 3 3 3 3 3 3 3 3 3 3 3 3 3 3 3 3 3 3 3 3 3 3 3 3 3 3 3 3 3 3 3 3 3 3 3 3 3 3 3 3 3 3 3 3 3 3 3 3 3 3 3 3 3 3 3 3 3 3 3 3 3 3 3 3 3 3 3 3 3 3 3 3 3 3 3 3 3 3 3 3 3 3 3 3 3 3 3 3 3 3 3 3 3 3 3 3 3 3 3 3 3 3 3 3 3 3 3 3 3 3 3 3 3 3 3 3 3 3 3 3 3 3 3 3 3 3 3 3 3 3 3 3 3 3 3 3 3 3 3 3 3 3 3 3 3 3 3 3 3 3 3 3 3 3 3 3 3 3 3 3 3 3 3 3 3 3 3 3 3 3 3 3 3 3 3 3 3 3 3 3 3 3 3 3 3 3 3 3 3 3 3 3 3 3 3 3 3 3 3 3 3 3 3 3 3 3 3 3 3 3 3 3 3 3 3 3 3 3 3 3 3 3 3 3 3 3 3 3 3 3 3 3 3 3 3 3 3 3 3 3 3 3 3 3 3 3 3 3 3 3 3 3 3 3 3 3 3 3 3 3 3 3 3 3 3 3 3 3 3 3 3 3 3 3 3 3 3 3 3 3 3 3 3 3 3 3 3 3 3 3 3 3 3 3 3 3 3 3 3 3 3 3 3 3 3 3 3 3 3 3 3 3 3 3 3 3 3 3 3 3 3 3 3 3 3 3 3 3 3 3 3 3 3 3 3 3 3 3 3 3 3 3 3 3 3 3 3 3 3 3 3 3 3 3 3 3 3 3 3 3 3 3 3 3 3 3 3 3 3 3 3 3 3 3 3 3 3 3 3 3 3 3 3 3 3 3 3 3 3 3 3 3 3 3 3 3 3 3 3 3 3 3 3 3 3 3 3 3 3 3 3 3 3 3 3 3 3 3 3 3 3 3 3 3 3 3 3 3 3 3 3 3 3 3 3 3 3 3 3 3 3 3 3 3 3 3 3 3 3 3 3 3 3 3 3 3 3 3 3 3 3 3 3 3 3 3 3 3 3 3 3 3 3 3 3 3 3 3 3 3 3 3 3 3 3 3 3 3 3 3 3 3 3 3 3 3 3 3 3 3 3 3 3 3 3 3 3 3 3 3 3 3 3 3 3 3 3 3 3 3 3 3 3 3 3 3 3 3 3 3 3 3 3 3 3 3 3 3 3 3 3 3 3 3 3 3 3 3 3 3 3 3 3 3 3 3 3 3 3 3 3 3 3 3 3 3 3 3 3 3 3 3 3 3 3 3 3 3 3 3 3 3 3 3 3 3 3 3 3 3 3 3 3 3 3 3 3 3 3 3 3 3 3 3 3 3 3 3 3 3 3 3 3 3 3 3 3 3 3 3 3 3 3 3 3 3 3 3 3 3 3 3 3 3 3 3 3 3 3 3 3 3 3 3 3 3 3 3 3 3 3 3 3 3 3 3 3 3 3 3 3 3 3 3 3 3 3 3 3 3 3 3 3 3 3 3 3 3 3 3 3 3 3 3 3 3 3 3 3 3 3 3 3 3 3 3 3 3 3 3 3 3 3 3 3 3 3 3 3 3 3 3 3 3 3 3 3 3 3 3 3 3 3 3 3 3 3 3 3 3 3 3 3 3 3 3 3 3 3 3 3 3 3 3 3 3 3 3 3 3 3 3 3 3 3 3 3 3 3 3 3 3 3 3 3 3 3 3 3 3 3 3 3 3 3 3 3 3 3 3 3 3 3 3 3 3 3 3 3 3 3 3 3 3 3 3 3 3 3 3 3 3 3 3 3 3 3 3 3 3 3 3 3 3 3 3 3 3 3 3 3 3 3 3 3 3 3 3 3 3 3 3 3 3 3 3 3 3 3 3 3 3 3 3 3 3 3 3 3 3 3 3 3 3 3 3 3 3 3 3 3 3 3 3 3 3 3 3 3 3 3 3 3 3 3 3 3 3 3 3 3 3 3 3 3 3 3 3 3 3 3 3 3 3 3 3 3 3 3 3 3 3 3 3 3 3 3 3 3 3 3 3 3 3 3 3 3 3 3 3 3 3 3 3 3 3 3 3 3 3 3 3 3 3 3 3 3 3 3 3 3 3 3 3 3 3 3 3 3 3 3 3 3 3 3 3 3 3 3 3 3 3 3 3 3 3 3 3 3 3 3 3 3 3 3 3 3 3 3 3 3 3 3 3 3 3 3 3 3 3 3 3 3 3 3 3 3 3 3 3 3 3 3 3 3 3 3 3 3 3 3 3 3 3 3 3 3 3 3 3 3 3 3 3 3 3 3 3 3 3 3 3 3 3 3 3 3 3 3 3 3 3 3 3 3 3 3 3 3 3 3 3 3 3 3 3 3 3 3 3 3 3 3 3 3 3 3 3 3 3 3 3 3 3 3 3 3 3 3 3 3 3 3 3 3 3 3 3 3 3 3 3 3 3 3 3 3 3 3 3 3 3 3 3 3 3 3 3 3 3 3 3 3 3 3 3 3 3 3 3 3 3 3 3 3 3 3 3 3 3 3 3 3 3 3 3 3 3 3 3 3 3 3 3 3 3 3 3 3 3 3 3 3 3 3 3 3 3 3 3 3 3 3 3 3 3 3 3 3 3 3 3 3 3 3 3 3 3 3 3 3 3 3 3 3 3 3 3 3 3 3 3 3 3 3 3 3 3 3 3 3 3 3 3 3 3 3 3 3 3 3 3 3 3 3 3 3 3 3 3 3 3 3 3 3 3 3 3 3 3 3 3 3 3 3 3 3 3 3 3 3 3 3 3 3 3 3 3 3 3 3 3 3 3 3 3 3 3 3 3 3 3 3 3 3 3 3 3 3 3 3 3 3 3 3 3 3 3 3 3 3 3 3 3 3 3 3 3 3 3 3 3 3 3 3 3 3 3 3 3 3 3 3 3 3 3 3 3 3 3 3 3 3 3 3 3 3 3 3 3 3 3 3 3 3 3 3 3 3 3 3 3 3 3 3 3 3 3 3 3 3 3 3 3 3 3 3 3 3 3 3 3 3 3 3 3 3 3 3 3 3 3 3 3 3 3 3 3 3 3 3 3 3 3 3 3 3 3 3 3 3 3 3 3 3 3 3 3 3 3 3 3 3 3 3 3 3 3 3 3 3 3 3 3 3 3 3 3 3 3 3 3 3 3 3 3 3 3 3 3 3 3 3 3 3 3 3 3 3 3 3 3 3 3 3 3 3 3 3 3 3 3 3 3 3 3 3 3 3 3 3 3 3 3 3 3 3 3 3 3 3 3 3 3 3 3 3 3 3 3 3 3 3 3 3 3 3 3 3 3 3 3 3 3 3 3 3 3 3 3 3 3 3 3 3 3 3 3 3 3 3 3 3 3 3 3 3 3 3 3 3 3 3 3 3 3 3 3 3 3 3 3 3 3 3 3 3 3 3 3 3 3 3 3 3 3 3 3 3 3 3 3 3 3 3 3 3 3 3 3 3 3 3 3 3 3 3 3 3 3 3 3 3 3 3 3 3 3 3 3 3 3 3 3 3 3 3 3 3 3 3 3 3 3 3 3 3 3 3 3 3 3 3 3 3 3 3 3 3 3 3 3 3 3 3 3 3 3 3 3 3 3 3 3 3 3 3 3 3 3 3 3 3 3 3 3 3 3 3 3 3 3 3 3 3 3 3 3 3 3 3 3 3 3 3 3 3 3 3 3 3 3 3 3 3 3 3 3 3 3 3 3 3 3 3 3 3 3 3 3 3 3 3 3 3 3 3 3 3 3 3 3 3 3 3 3 3 3 3 3 3 3 3 3 3 3 3 3 3 3 3 3 3 3 3 3 3 3 3 3 3 3 3 3 3 3 3 3 3 3 3 3 3 3 3 3 3 3 3 3 3 3 3 3 3 3 3 3 3 3 3 3 3 3 3 3 3 3 3 3 3 3 3 3 3 3 3 3 3 3 3 3 3 3 3 3 3 3 3 3 3 3 3 3 3 3 3 3 3 3 3 3 3 3 3 3 3 3 3 3 3 3 3 3 3 3 3 3 3 3 3 3 3 3 3 3 3 3 3 3 3 3 3 3 3 3 3 3 3 3 3 3 3 3 3 3 3 3 3 3 3 3 3 3 3 3 3 3 3 3 3 3 3 3 3 3 3 3 3 3 3 3 3 3 3 3 3 3 3 3 3 3 3 3 3 3 3 3 3 3 3 3 3 3 3 3 3 3 3 3 3 3 3 3 3 3 3 3 3 3 3 3 3 3 3 3 3 3 3 3 3 3 3 3 3 3 3 3 3 3 3 3 3 3 3 3 3 3 3 3 3 3 3 3 3 3 3 3 3 3 3 3 3 3 3 3 3 3 3 3 3 3 3 3 3 3 3 3 3 3 3 3 3 3 3 3 3 3 3 3 3 3 3 3 3 3 3 3 3 3 3 3 3 3 3 3 3 3 3 3 3 3 3 3 3 3 3 3 3 3 3 3 3 3 3 3 3 3 3 3 3 3 3 3 3 3 3 3 3 3 3 3 3 3 3 3 3 3 3 3 3 3 3 3 3 3 3 3 3 3 3 3 3 3 3 3 3 3 3 3 3 3 3 3 3 3 3 3 3 3 3 3 3 3 3 3 3 3 3 3 3 3 3 3 3 3 3 3 3 3 3 3 3 3 3 3 3 3 3 3 3 3 3 3 3 3 3 3 3 3 3 3 3 3 3 3 3 3 3 3 3 3 3 3 3 3 3 3 3 3 3 3 3 3 3 3 3 3 3 3 3 3 3 3 3 3 3 3 3 3 3 3 3 3 3 3 3 3 3 3 3 3 3 3 3 3 3 3 3 3 3 3 3 3 3 3 3 3 3 3 3 3 3 3 3 3 3 3 3 3 3 3 3 3 3 3 3 3 3 3 3 3 3 3 3 3 3 3 3 3 3 3 3 3 3 3 3 3 3 3 3 3 3 3 3 3 3 3 3 3 3 3 3 3 3 3 3 3 3 3 3 3 3 3 3 3 3 3 3 3 3 3 3 3 3 3 3 3 3 3 3 3 3 3 3 3 3 3 3 3 3 3 3 3 3 3 3 3 3 3 3 3 3 3 3 3 3 3 3 3 3 3 3 3 3 3 3 3 3 3 3 3 3 3 3 3 3 3 3 3 3 3 3 3 3 3 3 3 3 3 3 3 3 3 3 3 3 3 3 3 3 3 3 3 3 3 3 3 3 3 3 3 3 3 3 3 3 3 3 3 3 3 3 3 3 3 3 3 3 3 3 3 3 3 3 3 3 3 3 3 3 3 3 3 3 3 3 3 3 3 3 3 3 3 3 3 3 3 3 3 3 3 3 3 3 3 3 3 3 3 3 3 3 3 3 3 3 3 3 3 3 3 3 3 3 3 3 3 3 3 3 3 3 3 3 3 3 3 3 3 3 3 3 3 3 3 3 3 3 3 3 3 3 3 3 3 3 3 3 3 3 3 3 3 3 3 3 3 3 3 3 3 3 3 3 3 3 3 3 3 3 3 3 3 3 3 3 3 3 3 3 3 3 3 3 3 3 3 3 3 3 3 3 3 3 3 3 3 3 3 3 3 3 3 3 3 3 3 3 3 3 3 3 3 3 3 3 3 3 3 3 3 3 3 3 3 3 3 3 3 3 3 3 3 3 3 3 3 3 3 3 3 3 3 3 3 3 3 3 3 3 3 3 3 3 3 3 3 3 3 3 3 3 3 3 3 3 3 3 3 3 3 3 3 3 3 3 3 3 3 3 3 3 3 3 3 3 3 3 3 3 3 3 3 3 3 3 3 3 3 3 3 3 3 3 3 3 3 3 3 3 3 3 3 3 3 3 3 3 3 3 3 3 3 3 3 3 3 3 3 3 3 3 3 3 3 3 3 3 3 3 3 3 3 3 3 3 3 3 3 3 3 3 3 3 3 3 3 3 3 3 3 3 3 3 3 3 3 3 3 3 3 3 3 3 3 3 3 3 3 3 3 3 3 3 3 3 3 3 3 3 3 3 3 3 3 3 3 3 3 3 3 3 3 3 3 3 3 3 3 3 3 3 3 3 3 3 3 3 3 3 3 3 3 3 3 3 3 3 3 3 3 3 3 3 3 3 3 3 3 3 3 3 3 3 3 3 3 3 3 3 3 3 3 3 3 3 3 3 3 3 3 3 3 3 3 3 3 3 3 3 3 3 3 3 3 3 3 3 3 3 3 3 3 3 3 3 3 3 3 3 3 3 3 3 3 3 3 3 3 3 3 3 3 3 3 3 3 3 3 3 3 3 3 3 3 3 3 3 3 3 3 3 3 3 3 3 3 3 3 3 3 3 3 3 3 3 3 3 3 3 3 3 3 3 3 3 3 3 3 3 3 3 3 3 3 3 3 3 3 3 3 3 3 3 3 3 3 3 3 3 3 3 3 3 3 3 3 3 3 3 3 3 3 3 3 3 3 3 3 3 3 3 3 3 3 3 3 3 3 3 3 3 3 3 3 3 3 3 3 3 3 3 3 3 3 3 3 3 3 3 3 3 3 3 3 3 3 3 3 3 3 3 3 3 3 3 3 3 3 3 3 3 3 3 3 3 3 3 3 3 3 3 3 3 3 3 3 3 3 3 3 3 3 3 3 3 3 3 3 3 3 3 3 3 3 3 3 3 3 3 3 3 3 3 3 3 3 3 3 3 3 3 3 3 3 3 3 3 3 3 3 3 3 3 3 3 3 3 3 3 3 3 3 3 3 3 3 3 3 3 3 3 3 3 3 3 3 3 3 3 3 3 3 3 3 3 3 3 3 3 3 3 3 3 3 3 3 3 3 3 3 3 3 3 3 3 3 3 3 3 3 3 3 3 3 3 3 3 3 3 3 3 3 3 3 3 3 3 3 3 3 3 3 3 3 3 3 3 3 3 3 3 3 3 3 3 3 3 3 3 3 3 3 3 3 3 3 3 3 3 3 3 3 3 3 3 3 3 3 3 3 3 3 3 3 3 3 3 3 3 3 3 3 3 3 3 3 3 3 3 3 3 3 3 3 3 3 3 3 3 3 3 3 3 3 3 3 3 3 3 3 3 3 3 3 3 3 3 3 3 3 3 3 3 3 3 3 3 3 3 3 3 3 3 3 3 3 3 3 3 3 3 3 3 3 3 3 3 3 3 3 3 3 3 3 3 3 3 3 3 3 3 3 3 3 3 3 3 3 3 3 3 3 3 3 3 3 3 3 3 3 3 3 3 3 3 3 3 3 3 3 3 3 3 3 3 3 3 3 3 3 3 3 3 3 3 3 3 3 3 3 3 3 3 3 3 3 3 3 3 3 3 3 3 3 3 3 3 3 3 3 3 3 3 3 3 3 3 3 3 3 3 3 3 3 3 3 3 3 3 3 3 3 3 3 3 3 3 3 3 3 3 3 3 3 3 3 3 3 3 3 3 3 3 3 3 3 3 3 3 3 3 3 3 3 3 3 3 3 3 3 3 3 3 3 3 3 3 3 3 3 3 3 3 3 3 3 3 3 3 3 3 3 3 3 3 3 3 3 3 3 3 3 3 3 3 3 3 3 3 3 3 3 3 3 3 3 3 3 3 3 3 3 3 3 3 3 3 3 3 3 3 3 3 3 3 3 3 3 3 3 3 3 3 3 3 3 3 3 3 3 3 3 3 3 3 3 3 3 3 3 3 3 3 3 3 3 3 3 3 3 3 3 3 3 3 3 3 3 3 3 3 3 3 3 3 3 3 3 3 3 3 3 3 3 3 3 3 3 3 3 3 3 3 3 3 3 3 3 3 3 3 3 3 3 3 3 3 3 3 3 3 3 3 3 3 3 3 3 3 3 3 3 3 3 3 3 3 3 3 3 3 3 3 3 3 3 3 3 3 3 3 3 3 3 3 3 3 3 3 3 3 3 3 3 3 3 3 3 3 3 3 3 3 3 3 3 3 3 3 3 3 3 3 3 3 3 3 3 3 3 3 3 3 3 3 3 3 3 3 3 3 3 3 3 3 3 3 3 3 3 3 3 3 3 3 3 3 3 3 3 3 3 3 3 3 3 3 3 3 3 3 3 3 3 3 3 3 3 3 3 3 3 3 3 3 3 3 3 3 3 3 3 3 3 3 3 3 3 3 3 3 3 3 3 3 3 3 3 3 3 3 3 3 3 3 3 3 3 3 3 3 3 3 3 3 3 3 3 3 3 3 3 3 3 3 3 3 3 3 3 3 3 3 3 3 3 3 3 3 3 3 3 3 3 3 3 3 3 3 3 3 3 3 3 3 3 3 3 3 3 3 3 3 3 3 3 3 3 3 3 3 3 3 3 3 3 3 3 3 3 3 3 3 3 3 3 3 3 3 3 3 3 3 3 3 3 3 3 3 3 3 3 3 3 3 3 3 3 3 3 3 3 3 3 3 3 3 3 3 3 3 3 3 3 3 3 3 3 3 3 3 3 3 3 3 3 3 3 3 3 3 3 3 3 3 3 3 3 3 3 3 3 3 3 3 3 3 3 3 3 3 3 3 3 3 3 3 3 3 3 3 3 3 3 3 3 3 3 3 3 3 3 3 3 3 3 3 3 3 3 3 3 3 3 3 3 3 3 3 3 3 3 3 3 3 3 3 3 3 3 3 3 3 3 3 3 3 3 3 3 3 3 3 3 3 3 3 3 3 3 3 3 3 3 3 3 3 3 3 3 3 3 3 3 3 3 3 3 3 3 3 3 3 3 3 3 3 3 3 3 3 3 3 3 3 3 3 3 3 3 3 3 3 3 3 3 3 3 3 3 3 3 3 3 3 3 3 3 3 3 3 3 3 3 3 3 3 3 3 3 3 3 3 3 3 3 3 3 3 3 3 3 3 3 3 3 3 3 3 3 3 3 3 3 3 3 3 3 3 3 3 3 3 3 3 3 3 3 3 3 3 3 3 3 3 3 3 3 3 3 3 3 3 3 3 3 3 3 3 3 3 3 3 3 3 3 3 3 3 3 3 3 3 3 3 3 3 3 3 3 3 3 3 3 3 3 3 3 3 3 3 3 3 3 3 3 3 3 3 3 3 3 3 3 3 3 3 3 3 3 3 3 3 3 3 3 3 3 3 3 3 3 3 3 3 3 3 3 3 3 3 3 3 3 3 3 3 3 3 3 3 3 3 3 3 3 3 3 3 3 3 3 3 3 3 3 3 3 3 3 3 3 3 3 3 3 3 3 3 3 3 3 3 3 3 3 3 3 3 3 3 3 3 3 3 3 3 3 3 3 3 3 3 3 3 3 3 3 3 3 3 3 3 3 3 3 3 3 3 3 3 3 3 3 3 3 3 3 3 3 3 3 3 3 3 3 3 3 3 3 3 3 3 3 3 3 3 3 3 3 3 3 3 3 3 3 3 3 3 3 3 3 3 3 3 3 3 3 3 3 3 3 3 3 3 3 3 3 3 3 3 3 3 3 3 3 3 3 3 3 3 3 3 3 3 3 3 3 3 3 3 3 3 3 3 3 3 3 3 3 3 3 3 3 3 3 3 3 3 3 3 3 3 3 3 3 3 3 3 3 3 3 3 3 3 3 3 3 3 3 3 3 3 3 3 3 3 3 3 3 3 3 3 3 3 3 3 3 3 3 3 3 3 3 3 3 3 3 3 3 3 3 3 3 3 3 3 3 3 3 3 3 3 3 3 3 3 3 3 3 3 3 3 3 3 3 3 3 3 3 3 3 3 3 3 3 3 3 3 3 3 3 3 3 3 3 3 3 3 3 3 3 3 3 3 3 3 3 3 3 3 3 3 3 3 3 3 3 3 3 3 3 3 3 3 3 3 3 3 3 3 3 3 3 3 3 3 3 3 3 3 3 3 3 3 3 3 3 3 3 3 3 3 3 3 3 3 3 3 3 3 3 3 3 3 3 3 3 3 3 3 3 3 3 3 3 3 3 3 3 3 3 3 3 3 3 3 3 3 3 3 3 3 3 3 3 3 3 3 3 3 3 3 3 3 3 3 3 3 3 3 3 3 3 3 3 3 3 3 3 3 3 3 3 3 3 3 3 3 3 3 3 3 3 3 3 3 3 3 3 3 3 3 3 3 3 3 3 3 3 3 3 3 3 3 3 3 3 3 3 3 3 3 3 3 3 3 3 3 3 3 3 3 3 3 3 3 3 3 3 3 3 3 3 3 3 3 3 3 3 3 3 3 3 3 3 3 3 3 3 3 3 3 3 3 3 3 3 3 3 3 3 3 3 3 3 3 3 3 3 3 3 3 3 3 3 3 3 3 3 3 3 3 3 3 3 3 3 3 3 3 3 3 3 3 3 3 3 3 3 3 3 3 3 3 3 3 3 3 3 3 3 3 3 3 3 3 3 3 3 3 3 3 3 3 3 3 3 3 3 3 3 3 3 3 3 3 3 3 3 3 3 3 3 3 3 3 3 3 3 3 3 3 3 3 3 3 3 3 3 3 3 3 3 3 3 3 3 3 3 3 3 3 3 3 3 3 3 3 3 3 3 3 3 3 3 3 3 3 3 3 3 3 3 3 3 3 3 3 3 3 3 3 3 3 3 3 3 3 3 3 3 3 3 3 3 3 3 3 3 3 3 3 3 3 3 3 3 3 3 3 3 3 3 3 3 3 3 3 3 3 3 3 3 3 3 3 3 3 3 3 3 3 3 3 3 3 3 3 3 3 3 3 3 3 3 3 3 3 3 3 3 3 3 3 3 3 3 3 3 3 3 3 3 3 3 3 3 3 3 3 3 3 3 3 3 3 3 3 3 3 3 3 3 3 3 3 3 3 3 3 3 3 3 3 3 3 3 3 3 3 3 3 3 3 3 3 3 3 3 3 3 3 3 3 3 3 3 3 3 3 3 3 3 3 3 3 3 3 3 3 3 3 3 3 3 3 3 3 3 3 3 3 3 3 3 3 3 3 3 3 3 3 3 3 3 3 3 3 3 3 3 3 3 3 3 3 3 3 3 3 3 3 3 3 3 3 3 3 3 3 3 3 3 3 3 3 3 3 3 3 3 3 3 3 3 3 3 3 3 3 3 3 3 3 3 3 3 3 3 3 3 3 3 3 3 3 3 3 3 3 3 3 3 3 3 3 3 3 3 3 3 3 3 3 3 3 3 3 3 3 3 3 3 3 3 3 3 3 3 3 3 3 3 3 3 3 3 3 3 3 3 3 3 3 3 3 3 3 3 3 3 3 3 3 3 3 3 3 3 3 3 3 3 3 3 3 3 3 3 3 3 3 3 3 3 3 3 3 3 3 3 3 3 3 3 3 3 3 3 3 3 3 3 3 3 3 3 3 3 3 3 3 3 3 3 3 3 3 3 3 3 3 3 3 3 3 3 3 3 3 3 3 3 3 3 3 3 3 3 3 3 3 3 3 3 3 3 3 3 3 3 3 3 3 3 3 3 3 3 3 3 3 3 3 3 3 3 3 3 3 3 3 3 3 3 3 3 3 3 3 3 3 3 3 3 3 3 3 3 3 3 3 3 3 3 3 3 3 3 3 3 3 3 3 3 3 3 3 3 3 3 3 3 3 3 3 3 3 3 3 3 3 3 3 3 3 3 3 3 3 3 3 3 3 3 3 3 3 3 3 3 3 3 3 3 3 3 3 3 3 3 3 3 3 3 3 3 3 3 3 3 3 3 3 3 3 3 3 3 3 3 3 3 3 3 3 3 3 3 3 3 3 3 3 3 3 3 3 3 3 3 3 3 3 3 3 3 3 3 3 3 3 3 3 3 3 3 3 3 3 3 3 3 3 3 3 3 3 3 3 3 3 3 3 3 3 3 3 3 3 3 3 3 3 3 3 3 3 3 3 3 3 3 3 3 3 3 3 3 3 3 3 3 3 3 3 3 3 3 3 3 3 3 3 3 3 3 3 3 3 3 3 3 3 3 3 3 3 3 3 3 3 3 3 3 3 3 3 3 3 3 3 3 3 3 3 3 3 3 3 3 3 3 3 3 3 3 3 3 3 3 3 3 3 3 3 3 3 3 3 3 3 3 3 3 3 3 3 3 3 3 3 3 3 3 3 3 3 3 3 3 3 3 3 3 3 3 3 3 3 3 3 3 3 3 3 3 3 3 3 3 3 3 3 3 3 3 3 3 3 3 3 3 3 3 3 3 3 3 3 3 3 3 3 3 3 3 3 3 3 3 3 3 3 3 3 3 3 3 3 3 3 3 3 3 3 3 3 3 3 3 3 3 3 3 3 3 3 3 3 3 3 3 3 3 3 3 3 3 3 3 3 3 3 3 3 3 3 3 3 3 3 3 3 3 3 3 3 3 3 3 3 3 3 3 3 3 3 3 3 3 3 3 3 3 3 3 3 3 3 3 3 3 3 3 3 3 3 3 3 3 3 3 3 3 3 3 3 3 3 3 3 3 3 3 3 3 3 3 3 3 3 3 3 3 3 3 3 3 3 3 3 3 3 3 3 3 3 3 3 3 3 3 3 3 3 3 3 3 3 3 3 3 3 3 3 3 3 3 3 3 3 3 3 3 3 3 3 3 3 3 3 3 3 3 3 3 3 3 3 3 3 3 3 3 3 3 3 3 3 3 3 3 3 3 3 3 3 3 3 3 3 3 3 3 3 3 3 3 3 3 3 3 3 3 3 3 3 3 3 3 3 3 3 3 3 3 3 3 3 3 3 3 3 3 3 3 3 3 3 3 3 3 3 3 3 3 3 3 3 3 3 3 3 3 3 3 3 3 3 3 3 3 3 3 3 3 3 3 3 3 3 3 3 3 3 3 3 3 3 3 3 3 3 3 3 3 3 3 3 3 3 3 3 3 3 3 3 3 3 3 3 3 3 3 3 3 3 3 3 3 3 3 3 3 3 3 3 3 3 3 3 3 3 3 3 3 3 3 3 3 3 3 3 3 3 3 3 3 3 3 3 3 3 3 3 3 3 3 3 3 3 3 3 3 3 3 3 3 3 3 3 3 3 3 3 3 3 3 3 3 3 3 3 3 3 3 3 3 3 3 3 3 3 3 3 3 3 3 3 3 3 3 3 3 3 3 3 3 3 3 3 3 3 3 3 3 3 3 3 3 3 3 3 3 3 3 3 3 3 3 3 3 3 3 3 3 3 3 3 3 3 3 3 3 3 3 3 3 3 3 3 3 3 3 3 3 3 3 3 3 3 3 3 3 3 3 3 3 3 3 3 3</vcount>
          <p>2 2 0 0 0 0 1 1 0 2 2 0 4 4 0 3 3 0 0 0 0 2 2 0 3 3 0 4 4 0 6 6 0 5 5 0 3 3 0 4 4 0 5 5 0 6 6 0 8 8 0 7 7 0 5 5 0 6 6 0 7 7 0 8 8 0 10 10 0 9 9 0 7 7 0 8 8 0 9 9 0 10 10 0 12 12 0 11 11 0 9 9 0 10 10 0 11 11 0 12 12 0 14 14 0 13 13 0 11 11 0 12 12 0 13 13 0 14 14 0 16 16 0 15 15 0 13 13 0 14 14 0 15 15 0 16 16 0 18 18 0 17 17 0 15 15 0 16 16 0 17 17 0 18 18 0 20 20 0 19 19 0 17 17 0 18 18 0 19 19 0 20 20 0 22 22 0 21 21 0 19 19 0 20 20 0 21 21 0 22 22 0 24 24 0 23 23 0 21 21 0 22 22 0 23 23 0 24 24 0 26 26 0 25 25 0 23 23 0 24 24 0 25 25 0 26 26 0 28 28 0 27 27 0 25 25 0 26 26 0 27 27 0 28 28 0 30 30 0 29 29 0 27 27 0 28 28 0 29 29 0 30 30 0 32 32 0 31 31 0 29 29 0 30 30 0 31 31 0 32 32 0 34 34 0 33 33 0 31 31 0 32 32 0 33 33 0 34 34 0 36 36 0 35 35 0 33 33 0 34 34 0 35 35 0 36 36 0 38 38 0 37 37 0 35 35 0 36 36 0 37 37 0 38 38 0 40 40 0 39 39 0 37 37 0 38 38 0 39 39 0 40 40 0 42 42 0 41 41 0 39 39 0 40 40 0 41 41 0 42 42 0 44 44 0 43 43 0 41 41 0 42 42 0 43 43 0 44 44 0 46 46 0 45 45 0 43 43 0 44 44 0 45 45 0 46 46 0 48 48 0 47 47 0 45 45 0 46 46 0 47 47 0 48 48 0 50 50 0 49 49 0 47 47 0 48 48 0 49 49 0 50 50 0 52 52 0 51 51 0 49 49 0 50 50 0 51 51 0 52 52 0 54 54 0 53 53 0 51 51 0 52 52 0 53 53 0 54 54 0 56 56 0 55 55 0 53 53 0 54 54 0 55 55 0 56 56 0 58 58 0 57 57 0 55 55 0 56 56 0 57 57 0 58 58 0 60 60 0 59 59 0 57 57 0 58 58 0 59 59 0 60 60 0 62 62 0 61 61 0 59 59 0 60 60 0 61 61 0 62 62 0 64 64 0 63 63 0 61 61 0 62 62 0 63 63 0 64 64 0 66 66 0 65 65 0 63 63 0 64 64 0 65 65 0 66 66 0 68 68 0 67 67 0 65 65 0 66 66 0 67 67 0 68 68 0 70 70 0 69 69 0 67 67 0 68 68 0 69 69 0 70 70 0 72 72 0 71 71 0 69 69 0 70 70 0 71 71 0 71 71 0 72 72 0 73 73 0 76 76 0 74 74 0 75 75 0 1 1 0 74 74 0 76 76 0 1 1 0 76 76 0 2 2 0 2 2 0 76 76 0 77 77 0 4 4 0 2 2 0 78 78 0 78 78 0 2 2 0 77 77 0 6 6 0 4 4 0 79 79 0 79 79 0 4 4 0 78 78 0 8 8 0 6 6 0 80 80 0 80 80 0 6 6 0 79 79 0 10 10 0 8 8 0 81 81 0 81 81 0 8 8 0 80 80 0 12 12 0 10 10 0 82 82 0 82 82 0 10 10 0 81 81 0 14 14 0 12 12 0 83 83 0 83 83 0 12 12 0 82 82 0 16 16 0 14 14 0 84 84 0 84 84 0 14 14 0 83 83 0 18 18 0 16 16 0 85 85 0 85 85 0 16 16 0 84 84 0 20 20 0 18 18 0 86 86 0 86 86 0 18 18 0 85 85 0 22 22 0 20 20 0 87 87 0 87 87 0 20 20 0 86 86 0 24 24 0 22 22 0 88 88 0 88 88 0 22 22 0 87 87 0 26 26 0 24 24 0 89 89 0 89 89 0 24 24 0 88 88 0 28 28 0 26 26 0 90 90 0 90 90 0 26 26 0 89 89 0 30 30 0 28 28 0 91 91 0 91 91 0 28 28 0 90 90 0 32 32 0 30 30 0 92 92 0 92 92 0 30 30 0 91 91 0 34 34 0 32 32 0 93 93 0 93 93 0 32 32 0 92 92 0 36 36 0 34 34 0 94 94 0 94 94 0 34 34 0 93 93 0 38 38 0 36 36 0 95 95 0 95 95 0 36 36 0 94 94 0 40 40 0 38 38 0 96 96 0 96 96 0 38 38 0 95 95 0 42 42 0 40 40 0 97 97 0 97 97 0 40 40 0 96 96 0 44 44 0 42 42 0 98 98 0 98 98 0 42 42 0 97 97 0 46 46 0 44 44 0 99 99 0 99 99 0 44 44 0 98 98 0 48 48 0 46 46 0 100 100 0 100 100 0 46 46 0 99 99 0 50 50 0 48 48 0 101 101 0 101 101 0 48 48 0 100 100 0 52 52 0 50 50 0 102 102 0 102 102 0 50 50 0 101 101 0 54 54 0 52 52 0 103 103 0 103 103 0 52 52 0 102 102 0 56 56 0 54 54 0 104 104 0 104 104 0 54 54 0 103 103 0 58 58 0 56 56 0 105 105 0 105 105 0 56 56 0 104 104 0 60 60 0 58 58 0 106 106 0 106 106 0 58 58 0 105 105 0 62 62 0 60 60 0 107 107 0 107 107 0 60 60 0 106 106 0 64 64 0 62 62 0 108 108 0 108 108 0 62 62 0 107 107 0 66 66 0 64 64 0 109 109 0 109 109 0 64 64 0 108 108 0 68 68 0 66 66 0 110 110 0 110 110 0 66 66 0 109 109 0 70 70 0 68 68 0 111 111 0 111 111 0 68 68 0 110 110 0 72 72 0 70 70 0 112 112 0 112 112 0 70 70 0 111 111 0 113 113 0 73 73 0 72 72 0 113 113 0 72 72 0 114 114 0 114 114 0 72 72 0 112 112 0 113 113 0 114 114 0 115 115 0 118 118 0 116 116 0 117 117 0 75 75 0 116 116 0 118 118 0 75 75 0 118 118 0 76 76 0 76 76 0 118 118 0 119 119 0 77 77 0 76 76 0 120 120 0 120 120 0 76 76 0 119 119 0 78 78 0 77 77 0 121 121 0 121 121 0 77 77 0 120 120 0 79 79 0 78 78 0 122 122 0 122 122 0 78 78 0 121 121 0 80 80 0 79 79 0 123 123 0 123 123 0 79 79 0 122 122 0 81 81 0 80 80 0 124 124 0 124 124 0 80 80 0 123 123 0 82 82 0 81 81 0 125 125 0 125 125 0 81 81 0 124 124 0 83 83 0 82 82 0 126 126 0 126 126 0 82 82 0 125 125 0 84 84 0 83 83 0 127 127 0 127 127 0 83 83 0 126 126 0 85 85 0 84 84 0 128 128 0 128 128 0 84 84 0 127 127 0 86 86 0 85 85 0 129 129 0 129 129 0 85 85 0 128 128 0 87 87 0 86 86 0 130 130 0 130 130 0 86 86 0 129 129 0 88 88 0 87 87 0 131 131 0 131 131 0 87 87 0 130 130 0 89 89 0 88 88 0 132 132 0 132 132 0 88 88 0 131 131 0 90 90 0 89 89 0 133 133 0 133 133 0 89 89 0 132 132 0 91 91 0 90 90 0 134 134 0 134 134 0 90 90 0 133 133 0 92 92 0 91 91 0 135 135 0 135 135 0 91 91 0 134 134 0 93 93 0 92 92 0 136 136 0 136 136 0 92 92 0 135 135 0 94 94 0 93 93 0 137 137 0 137 137 0 93 93 0 136 136 0 95 95 0 94 94 0 138 138 0 138 138 0 94 94 0 137 137 0 96 96 0 95 95 0 139 139 0 139 139 0 95 95 0 138 138 0 97 97 0 96 96 0 140 140 0 140 140 0 96 96 0 139 139 0 98 98 0 97 97 0 141 141 0 141 141 0 97 97 0 140 140 0 99 99 0 98 98 0 142 142 0 142 142 0 98 98 0 141 141 0 100 100 0 99 99 0 143 143 0 143 143 0 99 99 0 142 142 0 101 101 0 100 100 0 144 144 0 144 144 0 100 100 0 143 143 0 102 102 0 101 101 0 145 145 0 145 145 0 101 101 0 144 144 0 103 103 0 102 102 0 146 146 0 146 146 0 102 102 0 145 145 0 104 104 0 103 103 0 147 147 0 147 147 0 103 103 0 146 146 0 105 105 0 104 104 0 148 148 0 148 148 0 104 104 0 147 147 0 106 106 0 105 105 0 149 149 0 149 149 0 105 105 0 148 148 0 107 107 0 106 106 0 150 150 0 150 150 0 106 106 0 149 149 0 108 108 0 107 107 0 151 151 0 151 151 0 107 107 0 150 150 0 109 109 0 108 108 0 152 152 0 152 152 0 108 108 0 151 151 0 110 110 0 109 109 0 153 153 0 153 153 0 109 109 0 152 152 0 111 111 0 110 110 0 154 154 0 154 154 0 110 110 0 153 153 0 112 112 0 111 111 0 155 155 0 155 155 0 111 111 0 154 154 0 114 114 0 112 112 0 156 156 0 156 156 0 112 112 0 155 155 0 157 157 0 115 115 0 114 114 0 157 157 0 114 114 0 158 158 0 158 158 0 114 114 0 156 156 0 157 157 0 158 158 0 159 159 0 162 162 0 160 160 0 161 161 0 117 117 0 160 160 0 162 162 0 117 117 0 162 162 0 118 118 0 118 118 0 162 162 0 163 163 0 119 119 0 118 118 0 164 164 0 164 164 0 118 118 0 163 163 0 120 120 0 119 119 0 165 165 0 165 165 0 119 119 0 164 164 0 121 121 0 120 120 0 166 166 0 166 166 0 120 120 0 165 165 0 122 122 0 121 121 0 167 167 0 167 167 0 121 121 0 166 166 0 123 123 0 122 122 0 168 168 0 168 168 0 122 122 0 167 167 0 124 124 0 123 123 0 169 169 0 169 169 0 123 123 0 168 168 0 125 125 0 124 124 0 170 170 0 170 170 0 124 124 0 169 169 0 126 126 0 125 125 0 171 171 0 171 171 0 125 125 0 170 170 0 127 127 0 126 126 0 172 172 0 172 172 0 126 126 0 171 171 0 128 128 0 127 127 0 173 173 0 173 173 0 127 127 0 172 172 0 129 129 0 128 128 0 174 174 0 174 174 0 128 128 0 173 173 0 130 130 0 129 129 0 175 175 0 175 175 0 129 129 0 174 174 0 131 131 0 130 130 0 176 176 0 176 176 0 130 130 0 175 175 0 132 132 0 131 131 0 177 177 0 177 177 0 131 131 0 176 176 0 133 133 0 132 132 0 178 178 0 178 178 0 132 132 0 177 177 0 134 134 0 133 133 0 179 179 0 179 179 0 133 133 0 178 178 0 135 135 0 134 134 0 180 180 0 180 180 0 134 134 0 179 179 0 136 136 0 135 135 0 181 181 0 181 181 0 135 135 0 180 180 0 137 137 0 136 136 0 182 182 0 182 182 0 136 136 0 181 181 0 138 138 0 137 137 0 183 183 0 183 183 0 137 137 0 182 182 0 139 139 0 138 138 0 184 184 0 184 184 0 138 138 0 183 183 0 140 140 0 139 139 0 185 185 0 185 185 0 139 139 0 184 184 0 141 141 0 140 140 0 186 186 0 186 186 0 140 140 0 185 185 0 142 142 0 141 141 0 187 187 0 187 187 0 141 141 0 186 186 0 143 143 0 142 142 0 188 188 0 188 188 0 142 142 0 187 187 0 144 144 0 143 143 0 189 189 0 189 189 0 143 143 0 188 188 0 145 145 0 144 144 0 190 190 0 190 190 0 144 144 0 189 189 0 146 146 0 145 145 0 191 191 0 191 191 0 145 145 0 190 190 0 147 147 0 146 146 0 192 192 0 192 192 0 146 146 0 191 191 0 148 148 0 147 147 0 193 193 0 193 193 0 147 147 0 192 192 0 149 149 0 148 148 0 194 194 0 194 194 0 148 148 0 193 193 0 150 150 0 149 149 0 195 195 0 195 195 0 149 149 0 194 194 0 151 151 0 150 150 0 196 196 0 196 196 0 150 150 0 195 195 0 152 152 0 151 151 0 197 197 0 197 197 0 151 151 0 196 196 0 153 153 0 152 152 0 198 198 0 198 198 0 152 152 0 197 197 0 154 154 0 153 153 0 199 199 0 199 199 0 153 153 0 198 198 0 155 155 0 154 154 0 200 200 0 200 200 0 154 154 0 199 199 0 156 156 0 155 155 0 201 201 0 201 201 0 155 155 0 200 200 0 158 158 0 156 156 0 202 202 0 202 202 0 156 156 0 201 201 0 203 203 0 159 159 0 158 158 0 203 203 0 158 158 0 204 204 0 204 204 0 158 158 0 202 202 0 203 203 0 204 204 0 205 205 0 208 208 0 206 206 0 207 207 0 161 161 0 206 206 0 208 208 0 161 161 0 208 208 0 162 162 0 162 162 0 208 208 0 209 209 0 163 163 0 162 162 0 210 210 0 210 210 0 162 162 0 209 209 0 164 164 0 163 163 0 211 211 0 211 211 0 163 163 0 210 210 0 165 165 0 164 164 0 212 212 0 212 212 0 164 164 0 211 211 0 166 166 0 165 165 0 213 213 0 213 213 0 165 165 0 212 212 0 167 167 0 166 166 0 214 214 0 214 214 0 166 166 0 213 213 0 168 168 0 167 167 0 215 215 0 215 215 0 167 167 0 214 214 0 169 169 0 168 168 0 216 216 0 216 216 0 168 168 0 215 215 0 170 170 0 169 169 0 217 217 0 217 217 0 169 169 0 216 216 0 171 171 0 170 170 0 218 218 0 218 218 0 170 170 0 217 217 0 172 172 0 171 171 0 219 219 0 219 219 0 171 171 0 218 218 0 173 173 0 172 172 0 220 220 0 220 220 0 172 172 0 219 219 0 174 174 0 173 173 0 221 221 0 221 221 0 173 173 0 220 220 0 175 175 0 174 174 0 222 222 0 222 222 0 174 174 0 221 221 0 176 176 0 175 175 0 223 223 0 223 223 0 175 175 0 222 222 0 177 177 0 176 176 0 224 224 0 224 224 0 176 176 0 223 223 0 178 178 0 177 177 0 225 225 0 225 225 0 177 177 0 224 224 0 179 179 0 178 178 0 226 226 0 226 226 0 178 178 0 225 225 0 180 180 0 179 179 0 227 227 0 227 227 0 179 179 0 226 226 0 181 181 0 180 180 0 228 228 0 228 228 0 180 180 0 227 227 0 182 182 0 181 181 0 229 229 0 229 229 0 181 181 0 228 228 0 183 183 0 182 182 0 230 230 0 230 230 0 182 182 0 229 229 0 184 184 0 183 183 0 231 231 0 231 231 0 183 183 0 230 230 0 185 185 0 184 184 0 232 232 0 232 232 0 184 184 0 231 231 0 186 186 0 185 185 0 233 233 0 233 233 0 185 185 0 232 232 0 187 187 0 186 186 0 234 234 0 234 234 0 186 186 0 233 233 0 188 188 0 187 187 0 235 235 0 235 235 0 187 187 0 234 234 0 189 189 0 188 188 0 236 236 0 236 236 0 188 188 0 235 235 0 190 190 0 189 189 0 237 237 0 237 237 0 189 189 0 236 236 0 191 191 0 190 190 0 238 238 0 238 238 0 190 190 0 237 237 0 192 192 0 191 191 0 239 239 0 239 239 0 191 191 0 238 238 0 193 193 0 192 192 0 240 240 0 240 240 0 192 192 0 239 239 0 194 194 0 193 193 0 241 241 0 241 241 0 193 193 0 240 240 0 195 195 0 194 194 0 242 242 0 242 242 0 194 194 0 241 241 0 196 196 0 195 195 0 243 243 0 243 243 0 195 195 0 242 242 0 197 197 0 196 196 0 244 244 0 244 244 0 196 196 0 243 243 0 198 198 0 197 197 0 245 245 0 245 245 0 197 197 0 244 244 0 199 199 0 198 198 0 246 246 0 246 246 0 198 198 0 245 245 0 200 200 0 199 199 0 247 247 0 247 247 0 199 199 0 246 246 0 201 201 0 200 200 0 248 248 0 248 248 0 200 200 0 247 247 0 202 202 0 201 201 0 249 249 0 249 249 0 201 201 0 248 248 0 204 204 0 202 202 0 250 250 0 250 250 0 202 202 0 249 249 0 251 251 0 205 205 0 204 204 0 250 250 0 251 251 0 204 204 0 254 254 0 252 252 0 253 253 0 207 207 0 252 252 0 254 254 0 207 207 0 254 254 0 208 208 0 208 208 0 254 254 0 255 255 0 209 209 0 208 208 0 256 256 0 256 256 0 208 208 0 255 255 0 210 210 0 209 209 0 257 257 0 257 257 0 209 209 0 256 256 0 211 211 0 210 210 0 258 258 0 258 258 0 210 210 0 257 257 0 212 212 0 211 211 0 259 259 0 259 259 0 211 211 0 258 258 0 213 213 0 212 212 0 260 260 0 260 260 0 212 212 0 259 259 0 214 214 0 213 213 0 261 261 0 261 261 0 213 213 0 260 260 0 215 215 0 214 214 0 262 262 0 262 262 0 214 214 0 261 261 0 216 216 0 215 215 0 263 263 0 263 263 0 215 215 0 262 262 0 217 217 0 216 216 0 264 264 0 264 264 0 216 216 0 263 263 0 218 218 0 217 217 0 265 265 0 265 265 0 217 217 0 264 264 0 219 219 0 218 218 0 266 266 0 266 266 0 218 218 0 265 265 0 220 220 0 219 219 0 267 267 0 267 267 0 219 219 0 266 266 0 221 221 0 220 220 0 268 268 0 268 268 0 220 220 0 267 267 0 222 222 0 221 221 0 269 269 0 269 269 0 221 221 0 268 268 0 223 223 0 222 222 0 270 270 0 270 270 0 222 222 0 269 269 0 224 224 0 223 223 0 271 271 0 271 271 0 223 223 0 270 270 0 225 225 0 224 224 0 272 272 0 272 272 0 224 224 0 271 271 0 226 226 0 225 225 0 273 273 0 273 273 0 225 225 0 272 272 0 227 227 0 226 226 0 274 274 0 274 274 0 226 226 0 273 273 0 228 228 0 227 227 0 275 275 0 275 275 0 227 227 0 274 274 0 229 229 0 228 228 0 276 276 0 276 276 0 228 228 0 275 275 0 230 230 0 229 229 0 277 277 0 277 277 0 229 229 0 276 276 0 231 231 0 230 230 0 278 278 0 278 278 0 230 230 0 277 277 0 232 232 0 231 231 0 279 279 0 279 279 0 231 231 0 278 278 0 233 233 0 232 232 0 280 280 0 280 280 0 232 232 0 279 279 0 234 234 0 233 233 0 281 281 0 281 281 0 233 233 0 280 280 0 235 235 0 234 234 0 282 282 0 282 282 0 234 234 0 281 281 0 236 236 0 235 235 0 283 283 0 283 283 0 235 235 0 282 282 0 237 237 0 236 236 0 284 284 0 284 284 0 236 236 0 283 283 0 238 238 0 237 237 0 285 285 0 285 285 0 237 237 0 284 284 0 239 239 0 238 238 0 286 286 0 286 286 0 238 238 0 285 285 0 240 240 0 239 239 0 287 287 0 287 287 0 239 239 0 286 286 0 241 241 0 240 240 0 288 288 0 288 288 0 240 240 0 287 287 0 242 242 0 241 241 0 289 289 0 289 289 0 241 241 0 288 288 0 243 243 0 242 242 0 290 290 0 290 290 0 242 242 0 289 289 0 244 244 0 243 243 0 291 291 0 291 291 0 243 243 0 290 290 0 245 245 0 244 244 0 292 292 0 292 292 0 244 244 0 291 291 0 246 246 0 245 245 0 293 293 0 293 293 0 245 245 0 292 292 0 247 247 0 246 246 0 294 294 0 294 294 0 246 246 0 293 293 0 248 248 0 247 247 0 295 295 0 295 295 0 247 247 0 294 294 0 249 249 0 248 248 0 296 296 0 296 296 0 248 248 0 295 295 0 250 250 0 249 249 0 297 297 0 297 297 0 249 249 0 296 296 0 298 298 0 251 251 0 250 250 0 298 298 0 250 250 0 299 299 0 299 299 0 250 250 0 297 297 0 298 298 0 299 299 0 300 300 0 303 303 0 301 301 0 302 302 0 253 253 0 301 301 0 303 303 0 253 253 0 303 303 0 254 254 0 254 254 0 303 303 0 304 304 0 255 255 0 254 254 0 305 305 0 305 305 0 254 254 0 304 304 0 256 256 0 255 255 0 306 306 0 306 306 0 255 255 0 305 305 0 257 257 0 256 256 0 307 307 0 307 307 0 256 256 0 306 306 0 258 258 0 257 257 0 308 308 0 308 308 0 257 257 0 307 307 0 259 259 0 258 258 0 309 309 0 309 309 0 258 258 0 308 308 0 260 260 0 259 259 0 310 310 0 310 310 0 259 259 0 309 309 0 261 261 0 260 260 0 311 311 0 311 311 0 260 260 0 310 310 0 262 262 0 261 261 0 312 312 0 312 312 0 261 261 0 311 311 0 263 263 0 262 262 0 313 313 0 313 313 0 262 262 0 312 312 0 264 264 0 263 263 0 314 314 0 314 314 0 263 263 0 313 313 0 265 265 0 264 264 0 315 315 0 315 315 0 264 264 0 314 314 0 266 266 0 265 265 0 316 316 0 316 316 0 265 265 0 315 315 0 267 267 0 266 266 0 317 317 0 317 317 0 266 266 0 316 316 0 268 268 0 267 267 0 318 318 0 318 318 0 267 267 0 317 317 0 269 269 0 268 268 0 319 319 0 319 319 0 268 268 0 318 318 0 270 270 0 269 269 0 320 320 0 320 320 0 269 269 0 319 319 0 271 271 0 270 270 0 321 321 0 321 321 0 270 270 0 320 320 0 272 272 0 271 271 0 322 322 0 322 322 0 271 271 0 321 321 0 273 273 0 272 272 0 323 323 0 323 323 0 272 272 0 322 322 0 274 274 0 273 273 0 324 324 0 324 324 0 273 273 0 323 323 0 275 275 0 274 274 0 325 325 0 325 325 0 274 274 0 324 324 0 276 276 0 275 275 0 326 326 0 326 326 0 275 275 0 325 325 0 277 277 0 276 276 0 327 327 0 327 327 0 276 276 0 326 326 0 278 278 0 277 277 0 328 328 0 328 328 0 277 277 0 327 327 0 279 279 0 278 278 0 329 329 0 329 329 0 278 278 0 328 328 0 280 280 0 279 279 0 330 330 0 330 330 0 279 279 0 329 329 0 281 281 0 280 280 0 331 331 0 331 331 0 280 280 0 330 330 0 282 282 0 281 281 0 332 332 0 332 332 0 281 281 0 331 331 0 283 283 0 282 282 0 333 333 0 333 333 0 282 282 0 332 332 0 284 284 0 283 283 0 334 334 0 334 334 0 283 283 0 333 333 0 285 285 0 284 284 0 335 335 0 335 335 0 284 284 0 334 334 0 286 286 0 285 285 0 336 336 0 336 336 0 285 285 0 335 335 0 287 287 0 286 286 0 337 337 0 337 337 0 286 286 0 336 336 0 288 288 0 287 287 0 338 338 0 338 338 0 287 287 0 337 337 0 289 289 0 288 288 0 339 339 0 339 339 0 288 288 0 338 338 0 290 290 0 289 289 0 340 340 0 340 340 0 289 289 0 339 339 0 291 291 0 290 290 0 341 341 0 341 341 0 290 290 0 340 340 0 292 292 0 291 291 0 342 342 0 342 342 0 291 291 0 341 341 0 293 293 0 292 292 0 343 343 0 343 343 0 292 292 0 342 342 0 294 294 0 293 293 0 344 344 0 344 344 0 293 293 0 343 343 0 295 295 0 294 294 0 345 345 0 345 345 0 294 294 0 344 344 0 296 296 0 295 295 0 346 346 0 346 346 0 295 295 0 345 345 0 297 297 0 296 296 0 347 347 0 347 347 0 296 296 0 346 346 0 299 299 0 297 297 0 348 348 0 348 348 0 297 297 0 347 347 0 349 349 0 300 300 0 299 299 0 349 349 0 299 299 0 350 350 0 350 350 0 299 299 0 348 348 0 350 350 0 352 352 0 351 351 0 349 349 0 350 350 0 351 351 0 351 351 0 352 352 0 353 353 0 355 355 0 303 303 0 302 302 0 354 354 0 355 355 0 302 302 0 304 304 0 303 303 0 356 356 0 356 356 0 303 303 0 355 355 0 305 305 0 304 304 0 357 357 0 357 357 0 304 304 0 356 356 0 306 306 0 305 305 0 358 358 0 358 358 0 305 305 0 357 357 0 307 307 0 306 306 0 359 359 0 359 359 0 306 306 0 358 358 0 308 308 0 307 307 0 360 360 0 360 360 0 307 307 0 359 359 0 309 309 0 308 308 0 361 361 0 361 361 0 308 308 0 360 360 0 310 310 0 309 309 0 362 362 0 362 362 0 309 309 0 361 361 0 311 311 0 310 310 0 363 363 0 363 363 0 310 310 0 362 362 0 312 312 0 311 311 0 364 364 0 364 364 0 311 311 0 363 363 0 313 313 0 312 312 0 365 365 0 365 365 0 312 312 0 364 364 0 314 314 0 313 313 0 366 366 0 366 366 0 313 313 0 365 365 0 315 315 0 314 314 0 367 367 0 367 367 0 314 314 0 366 366 0 316 316 0 315 315 0 368 368 0 368 368 0 315 315 0 367 367 0 317 317 0 316 316 0 369 369 0 369 369 0 316 316 0 368 368 0 318 318 0 317 317 0 370 370 0 370 370 0 317 317 0 369 369 0 319 319 0 318 318 0 371 371 0 371 371 0 318 318 0 370 370 0 320 320 0 319 319 0 372 372 0 372 372 0 319 319 0 371 371 0 321 321 0 320 320 0 373 373 0 373 373 0 320 320 0 372 372 0 322 322 0 321 321 0 374 374 0 374 374 0 321 321 0 373 373 0 323 323 0 322 322 0 375 375 0 375 375 0 322 322 0 374 374 0 324 324 0 323 323 0 376 376 0 376 376 0 323 323 0 375 375 0 325 325 0 324 324 0 377 377 0 377 377 0 324 324 0 376 376 0 326 326 0 325 325 0 378 378 0 378 378 0 325 325 0 377 377 0 327 327 0 326 326 0 379 379 0 379 379 0 326 326 0 378 378 0 328 328 0 327 327 0 380 380 0 380 380 0 327 327 0 379 379 0 329 329 0 328 328 0 381 381 0 381 381 0 328 328 0 380 380 0 330 330 0 329 329 0 382 382 0 382 382 0 329 329 0 381 381 0 331 331 0 330 330 0 383 383 0 383 383 0 330 330 0 382 382 0 332 332 0 331 331 0 384 384 0 384 384 0 331 331 0 383 383 0 333 333 0 332 332 0 385 385 0 385 385 0 332 332 0 384 384 0 334 334 0 333 333 0 386 386 0 386 386 0 333 333 0 385 385 0 335 335 0 334 334 0 387 387 0 387 387 0 334 334 0 386 386 0 336 336 0 335 335 0 388 388 0 388 388 0 335 335 0 387 387 0 337 337 0 336 336 0 389 389 0 389 389 0 336 336 0 388 388 0 338 338 0 337 337 0 390 390 0 390 390 0 337 337 0 389 389 0 339 339 0 338 338 0 391 391 0 391 391 0 338 338 0 390 390 0 340 340 0 339 339 0 392 392 0 392 392 0 339 339 0 391 391 0 341 341 0 340 340 0 393 393 0 393 393 0 340 340 0 392 392 0 342 342 0 341 341 0 394 394 0 394 394 0 341 341 0 393 393 0 343 343 0 342 342 0 395 395 0 395 395 0 342 342 0 394 394 0 344 344 0 343 343 0 396 396 0 396 396 0 343 343 0 395 395 0 345 345 0 344 344 0 397 397 0 397 397 0 344 344 0 396 396 0 346 346 0 345 345 0 398 398 0 398 398 0 345 345 0 397 397 0 347 347 0 346 346 0 399 399 0 399 399 0 346 346 0 398 398 0 348 348 0 347 347 0 400 400 0 400 400 0 347 347 0 399 399 0 350 350 0 348 348 0 401 401 0 401 401 0 348 348 0 400 400 0 352 352 0 350 350 0 402 402 0 402 402 0 350 350 0 401 401 0 403 403 0 353 353 0 352 352 0 402 402 0 403 403 0 352 352 0 405 405 0 355 355 0 354 354 0 404 404 0 405 405 0 354 354 0 356 356 0 355 355 0 406 406 0 406 406 0 355 355 0 405 405 0 357 357 0 356 356 0 407 407 0 407 407 0 356 356 0 406 406 0 358 358 0 357 357 0 408 408 0 408 408 0 357 357 0 407 407 0 359 359 0 358 358 0 409 409 0 409 409 0 358 358 0 408 408 0 360 360 0 359 359 0 410 410 0 410 410 0 359 359 0 409 409 0 361 361 0 360 360 0 411 411 0 411 411 0 360 360 0 410 410 0 362 362 0 361 361 0 412 412 0 412 412 0 361 361 0 411 411 0 363 363 0 362 362 0 413 413 0 413 413 0 362 362 0 412 412 0 364 364 0 363 363 0 414 414 0 414 414 0 363 363 0 413 413 0 365 365 0 364 364 0 415 415 0 415 415 0 364 364 0 414 414 0 366 366 0 365 365 0 416 416 0 416 416 0 365 365 0 415 415 0 367 367 0 366 366 0 417 417 0 417 417 0 366 366 0 416 416 0 368 368 0 367 367 0 418 418 0 418 418 0 367 367 0 417 417 0 369 369 0 368 368 0 419 419 0 419 419 0 368 368 0 418 418 0 370 370 0 369 369 0 420 420 0 420 420 0 369 369 0 419 419 0 371 371 0 370 370 0 421 421 0 421 421 0 370 370 0 420 420 0 372 372 0 371 371 0 422 422 0 422 422 0 371 371 0 421 421 0 373 373 0 372 372 0 423 423 0 423 423 0 372 372 0 422 422 0 374 374 0 373 373 0 424 424 0 424 424 0 373 373 0 423 423 0 375 375 0 374 374 0 425 425 0 425 425 0 374 374 0 424 424 0 376 376 0 375 375 0 426 426 0 426 426 0 375 375 0 425 425 0 377 377 0 376 376 0 427 427 0 427 427 0 376 376 0 426 426 0 378 378 0 377 377 0 428 428 0 428 428 0 377 377 0 427 427 0 379 379 0 378 378 0 429 429 0 429 429 0 378 378 0 428 428 0 380 380 0 379 379 0 430 430 0 430 430 0 379 379 0 429 429 0 381 381 0 380 380 0 431 431 0 431 431 0 380 380 0 430 430 0 382 382 0 381 381 0 432 432 0 432 432 0 381 381 0 431 431 0 383 383 0 382 382 0 433 433 0 433 433 0 382 382 0 432 432 0 384 384 0 383 383 0 434 434 0 434 434 0 383 383 0 433 433 0 385 385 0 384 384 0 435 435 0 435 435 0 384 384 0 434 434 0 386 386 0 385 385 0 436 436 0 436 436 0 385 385 0 435 435 0 387 387 0 386 386 0 437 437 0 437 437 0 386 386 0 436 436 0 388 388 0 387 387 0 438 438 0 438 438 0 387 387 0 437 437 0 389 389 0 388 388 0 439 439 0 439 439 0 388 388 0 438 438 0 390 390 0 389 389 0 440 440 0 440 440 0 389 389 0 439 439 0 391 391 0 390 390 0 441 441 0 441 441 0 390 390 0 440 440 0 392 392 0 391 391 0 442 442 0 442 442 0 391 391 0 441 441 0 393 393 0 392 392 0 443 443 0 443 443 0 392 392 0 442 442 0 394 394 0 393 393 0 444 444 0 444 444 0 393 393 0 443 443 0 395 395 0 394 394 0 445 445 0 445 445 0 394 394 0 444 444 0 396 396 0 395 395 0 446 446 0 446 446 0 395 395 0 445 445 0 397 397 0 396 396 0 447 447 0 447 447 0 396 396 0 446 446 0 398 398 0 397 397 0 448 448 0 448 448 0 397 397 0 447 447 0 399 399 0 398 398 0 449 449 0 449 449 0 398 398 0 448 448 0 400 400 0 399 399 0 450 450 0 450 450 0 399 399 0 449 449 0 401 401 0 400 400 0 451 451 0 451 451 0 400 400 0 450 450 0 402 402 0 401 401 0 452 452 0 452 452 0 401 401 0 451 451 0 453 453 0 403 403 0 402 402 0 452 452 0 453 453 0 402 402 0 455 455 0 405 405 0 404 404 0 454 454 0 455 455 0 404 404 0 406 406 0 405 405 0 456 456 0 456 456 0 405 405 0 455 455 0 407 407 0 406 406 0 457 457 0 457 457 0 406 406 0 456 456 0 408 408 0 407 407 0 458 458 0 458 458 0 407 407 0 457 457 0 409 409 0 408 408 0 459 459 0 459 459 0 408 408 0 458 458 0 410 410 0 409 409 0 460 460 0 460 460 0 409 409 0 459 459 0 411 411 0 410 410 0 461 461 0 461 461 0 410 410 0 460 460 0 412 412 0 411 411 0 462 462 0 462 462 0 411 411 0 461 461 0 413 413 0 412 412 0 463 463 0 463 463 0 412 412 0 462 462 0 414 414 0 413 413 0 464 464 0 464 464 0 413 413 0 463 463 0 415 415 0 414 414 0 465 465 0 465 465 0 414 414 0 464 464 0 416 416 0 415 415 0 466 466 0 466 466 0 415 415 0 465 465 0 417 417 0 416 416 0 467 467 0 467 467 0 416 416 0 466 466 0 418 418 0 417 417 0 468 468 0 468 468 0 417 417 0 467 467 0 419 419 0 418 418 0 469 469 0 469 469 0 418 418 0 468 468 0 420 420 0 419 419 0 470 470 0 470 470 0 419 419 0 469 469 0 421 421 0 420 420 0 471 471 0 471 471 0 420 420 0 470 470 0 422 422 0 421 421 0 472 472 0 472 472 0 421 421 0 471 471 0 423 423 0 422 422 0 473 473 0 473 473 0 422 422 0 472 472 0 424 424 0 423 423 0 474 474 0 474 474 0 423 423 0 473 473 0 425 425 0 424 424 0 475 475 0 475 475 0 424 424 0 474 474 0 426 426 0 425 425 0 476 476 0 476 476 0 425 425 0 475 475 0 427 427 0 426 426 0 477 477 0 477 477 0 426 426 0 476 476 0 428 428 0 427 427 0 478 478 0 478 478 0 427 427 0 477 477 0 429 429 0 428 428 0 479 479 0 479 479 0 428 428 0 478 478 0 430 430 0 429 429 0 480 480 0 480 480 0 429 429 0 479 479 0 431 431 0 430 430 0 481 481 0 481 481 0 430 430 0 480 480 0 432 432 0 431 431 0 482 482 0 482 482 0 431 431 0 481 481 0 433 433 0 432 432 0 483 483 0 483 483 0 432 432 0 482 482 0 434 434 0 433 433 0 484 484 0 484 484 0 433 433 0 483 483 0 435 435 0 434 434 0 485 485 0 485 485 0 434 434 0 484 484 0 436 436 0 435 435 0 486 486 0 486 486 0 435 435 0 485 485 0 437 437 0 436 436 0 487 487 0 487 487 0 436 436 0 486 486 0 438 438 0 437 437 0 488 488 0 488 488 0 437 437 0 487 487 0 439 439 0 438 438 0 489 489 0 489 489 0 438 438 0 488 488 0 440 440 0 439 439 0 490 490 0 490 490 0 439 439 0 489 489 0 441 441 0 440 440 0 491 491 0 491 491 0 440 440 0 490 490 0 442 442 0 441 441 0 492 492 0 492 492 0 441 441 0 491 491 0 443 443 0 442 442 0 493 493 0 493 493 0 442 442 0 492 492 0 444 444 0 443 443 0 494 494 0 494 494 0 443 443 0 493 493 0 445 445 0 444 444 0 495 495 0 495 495 0 444 444 0 494 494 0 446 446 0 445 445 0 496 496 0 496 496 0 445 445 0 495 495 0 447 447 0 446 446 0 497 497 0 497 497 0 446 446 0 496 496 0 448 448 0 447 447 0 498 498 0 498 498 0 447 447 0 497 497 0 449 449 0 448 448 0 499 499 0 499 499 0 448 448 0 498 498 0 450 450 0 449 449 0 500 500 0 500 500 0 449 449 0 499 499 0 451 451 0 450 450 0 501 501 0 501 501 0 450 450 0 500 500 0 452 452 0 451 451 0 502 502 0 502 502 0 451 451 0 501 501 0 503 503 0 453 453 0 452 452 0 502 502 0 503 503 0 452 452 0 505 505 0 455 455 0 454 454 0 504 504 0 505 505 0 454 454 0 456 456 0 455 455 0 506 506 0 506 506 0 455 455 0 505 505 0 457 457 0 456 456 0 507 507 0 507 507 0 456 456 0 506 506 0 458 458 0 457 457 0 508 508 0 508 508 0 457 457 0 507 507 0 459 459 0 458 458 0 509 509 0 509 509 0 458 458 0 508 508 0 460 460 0 459 459 0 510 510 0 510 510 0 459 459 0 509 509 0 461 461 0 460 460 0 511 511 0 511 511 0 460 460 0 510 510 0 462 462 0 461 461 0 512 512 0 512 512 0 461 461 0 511 511 0 463 463 0 462 462 0 513 513 0 513 513 0 462 462 0 512 512 0 464 464 0 463 463 0 514 514 0 514 514 0 463 463 0 513 513 0 465 465 0 464 464 0 515 515 0 515 515 0 464 464 0 514 514 0 466 466 0 465 465 0 516 516 0 516 516 0 465 465 0 515 515 0 467 467 0 466 466 0 517 517 0 517 517 0 466 466 0 516 516 0 468 468 0 467 467 0 518 518 0 518 518 0 467 467 0 517 517 0 469 469 0 468 468 0 519 519 0 519 519 0 468 468 0 518 518 0 470 470 0 469 469 0 520 520 0 520 520 0 469 469 0 519 519 0 471 471 0 470 470 0 521 521 0 521 521 0 470 470 0 520 520 0 472 472 0 471 471 0 522 522 0 522 522 0 471 471 0 521 521 0 473 473 0 472 472 0 523 523 0 523 523 0 472 472 0 522 522 0 474 474 0 473 473 0 524 524 0 524 524 0 473 473 0 523 523 0 475 475 0 474 474 0 525 525 0 525 525 0 474 474 0 524 524 0 476 476 0 475 475 0 526 526 0 526 526 0 475 475 0 525 525 0 477 477 0 476 476 0 527 527 0 527 527 0 476 476 0 526 526 0 478 478 0 477 477 0 528 528 0 528 528 0 477 477 0 527 527 0 479 479 0 478 478 0 529 529 0 529 529 0 478 478 0 528 528 0 480 480 0 479 479 0 530 530 0 530 530 0 479 479 0 529 529 0 481 481 0 480 480 0 531 531 0 531 531 0 480 480 0 530 530 0 482 482 0 481 481 0 532 532 0 532 532 0 481 481 0 531 531 0 483 483 0 482 482 0 533 533 0 533 533 0 482 482 0 532 532 0 484 484 0 483 483 0 534 534 0 534 534 0 483 483 0 533 533 0 485 485 0 484 484 0 535 535 0 535 535 0 484 484 0 534 534 0 486 486 0 485 485 0 536 536 0 536 536 0 485 485 0 535 535 0 487 487 0 486 486 0 537 537 0 537 537 0 486 486 0 536 536 0 488 488 0 487 487 0 538 538 0 538 538 0 487 487 0 537 537 0 489 489 0 488 488 0 539 539 0 539 539 0 488 488 0 538 538 0 490 490 0 489 489 0 540 540 0 540 540 0 489 489 0 539 539 0 491 491 0 490 490 0 541 541 0 541 541 0 490 490 0 540 540 0 492 492 0 491 491 0 542 542 0 542 542 0 491 491 0 541 541 0 493 493 0 492 492 0 543 543 0 543 543 0 492 492 0 542 542 0 494 494 0 493 493 0 544 544 0 544 544 0 493 493 0 543 543 0 495 495 0 494 494 0 545 545 0 545 545 0 494 494 0 544 544 0 496 496 0 495 495 0 546 546 0 546 546 0 495 495 0 545 545 0 497 497 0 496 496 0 547 547 0 547 547 0 496 496 0 546 546 0 498 498 0 497 497 0 548 548 0 548 548 0 497 497 0 547 547 0 499 499 0 498 498 0 549 549 0 549 549 0 498 498 0 548 548 0 500 500 0 499 499 0 550 550 0 550 550 0 499 499 0 549 549 0 501 501 0 500 500 0 551 551 0 551 551 0 500 500 0 550 550 0 502 502 0 501 501 0 552 552 0 552 552 0 501 501 0 551 551 0 553 553 0 503 503 0 502 502 0 552 552 0 553 553 0 502 502 0 555 555 0 505 505 0 504 504 0 554 554 0 555 555 0 504 504 0 506 506 0 505 505 0 556 556 0 556 556 0 505 505 0 555 555 0 507 507 0 506 506 0 557 557 0 557 557 0 506 506 0 556 556 0 508 508 0 507 507 0 558 558 0 558 558 0 507 507 0 557 557 0 509 509 0 508 508 0 559 559 0 559 559 0 508 508 0 558 558 0 510 510 0 509 509 0 560 560 0 560 560 0 509 509 0 559 559 0 511 511 0 510 510 0 561 561 0 561 561 0 510 510 0 560 560 0 512 512 0 511 511 0 562 562 0 562 562 0 511 511 0 561 561 0 513 513 0 512 512 0 563 563 0 563 563 0 512 512 0 562 562 0 514 514 0 513 513 0 564 564 0 564 564 0 513 513 0 563 563 0 515 515 0 514 514 0 565 565 0 565 565 0 514 514 0 564 564 0 516 516 0 515 515 0 566 566 0 566 566 0 515 515 0 565 565 0 517 517 0 516 516 0 567 567 0 567 567 0 516 516 0 566 566 0 518 518 0 517 517 0 568 568 0 568 568 0 517 517 0 567 567 0 519 519 0 518 518 0 569 569 0 569 569 0 518 518 0 568 568 0 520 520 0 519 519 0 570 570 0 570 570 0 519 519 0 569 569 0 521 521 0 520 520 0 571 571 0 571 571 0 520 520 0 570 570 0 522 522 0 521 521 0 572 572 0 572 572 0 521 521 0 571 571 0 523 523 0 522 522 0 573 573 0 573 573 0 522 522 0 572 572 0 524 524 0 523 523 0 574 574 0 574 574 0 523 523 0 573 573 0 525 525 0 524 524 0 575 575 0 575 575 0 524 524 0 574 574 0 526 526 0 525 525 0 576 576 0 576 576 0 525 525 0 575 575 0 527 527 0 526 526 0 577 577 0 577 577 0 526 526 0 576 576 0 528 528 0 527 527 0 578 578 0 578 578 0 527 527 0 577 577 0 529 529 0 528 528 0 579 579 0 579 579 0 528 528 0 578 578 0 530 530 0 529 529 0 580 580 0 580 580 0 529 529 0 579 579 0 531 531 0 530 530 0 581 581 0 581 581 0 530 530 0 580 580 0 532 532 0 531 531 0 582 582 0 582 582 0 531 531 0 581 581 0 533 533 0 532 532 0 583 583 0 583 583 0 532 532 0 582 582 0 534 534 0 533 533 0 584 584 0 584 584 0 533 533 0 583 583 0 535 535 0 534 534 0 585 585 0 585 585 0 534 534 0 584 584 0 536 536 0 535 535 0 586 586 0 586 586 0 535 535 0 585 585 0 537 537 0 536 536 0 587 587 0 587 587 0 536 536 0 586 586 0 538 538 0 537 537 0 588 588 0 588 588 0 537 537 0 587 587 0 539 539 0 538 538 0 589 589 0 589 589 0 538 538 0 588 588 0 540 540 0 539 539 0 590 590 0 590 590 0 539 539 0 589 589 0 541 541 0 540 540 0 591 591 0 591 591 0 540 540 0 590 590 0 542 542 0 541 541 0 592 592 0 592 592 0 541 541 0 591 591 0 543 543 0 542 542 0 593 593 0 593 593 0 542 542 0 592 592 0 544 544 0 543 543 0 594 594 0 594 594 0 543 543 0 593 593 0 545 545 0 544 544 0 595 595 0 595 595 0 544 544 0 594 594 0 546 546 0 545 545 0 596 596 0 596 596 0 545 545 0 595 595 0 547 547 0 546 546 0 597 597 0 597 597 0 546 546 0 596 596 0 548 548 0 547 547 0 598 598 0 598 598 0 547 547 0 597 597 0 549 549 0 548 548 0 599 599 0 599 599 0 548 548 0 598 598 0 550 550 0 549 549 0 600 600 0 600 600 0 549 549 0 599 599 0 551 551 0 550 550 0 601 601 0 601 601 0 550 550 0 600 600 0 552 552 0 551 551 0 602 602 0 602 602 0 551 551 0 601 601 0 603 603 0 553 553 0 552 552 0 602 602 0 603 603 0 552 552 0 605 605 0 555 555 0 554 554 0 604 604 0 605 605 0 554 554 0 556 556 0 555 555 0 606 606 0 606 606 0 555 555 0 605 605 0 557 557 0 556 556 0 607 607 0 607 607 0 556 556 0 606 606 0 558 558 0 557 557 0 608 608 0 608 608 0 557 557 0 607 607 0 559 559 0 558 558 0 609 609 0 609 609 0 558 558 0 608 608 0 560 560 0 559 559 0 610 610 0 610 610 0 559 559 0 609 609 0 561 561 0 560 560 0 611 611 0 611 611 0 560 560 0 610 610 0 562 562 0 561 561 0 612 612 0 612 612 0 561 561 0 611 611 0 563 563 0 562 562 0 613 613 0 613 613 0 562 562 0 612 612 0 564 564 0 563 563 0 614 614 0 614 614 0 563 563 0 613 613 0 565 565 0 564 564 0 615 615 0 615 615 0 564 564 0 614 614 0 566 566 0 565 565 0 616 616 0 616 616 0 565 565 0 615 615 0 567 567 0 566 566 0 617 617 0 617 617 0 566 566 0 616 616 0 568 568 0 567 567 0 618 618 0 618 618 0 567 567 0 617 617 0 569 569 0 568 568 0 619 619 0 619 619 0 568 568 0 618 618 0 570 570 0 569 569 0 620 620 0 620 620 0 569 569 0 619 619 0 571 571 0 570 570 0 621 621 0 621 621 0 570 570 0 620 620 0 572 572 0 571 571 0 622 622 0 622 622 0 571 571 0 621 621 0 573 573 0 572 572 0 623 623 0 623 623 0 572 572 0 622 622 0 574 574 0 573 573 0 624 624 0 624 624 0 573 573 0 623 623 0 575 575 0 574 574 0 625 625 0 625 625 0 574 574 0 624 624 0 576 576 0 575 575 0 626 626 0 626 626 0 575 575 0 625 625 0 577 577 0 576 576 0 627 627 0 627 627 0 576 576 0 626 626 0 578 578 0 577 577 0 628 628 0 628 628 0 577 577 0 627 627 0 579 579 0 578 578 0 629 629 0 629 629 0 578 578 0 628 628 0 580 580 0 579 579 0 630 630 0 630 630 0 579 579 0 629 629 0 581 581 0 580 580 0 631 631 0 631 631 0 580 580 0 630 630 0 582 582 0 581 581 0 632 632 0 632 632 0 581 581 0 631 631 0 583 583 0 582 582 0 633 633 0 633 633 0 582 582 0 632 632 0 584 584 0 583 583 0 634 634 0 634 634 0 583 583 0 633 633 0 585 585 0 584 584 0 635 635 0 635 635 0 584 584 0 634 634 0 586 586 0 585 585 0 636 636 0 636 636 0 585 585 0 635 635 0 587 587 0 586 586 0 637 637 0 637 637 0 586 586 0 636 636 0 588 588 0 587 587 0 638 638 0 638 638 0 587 587 0 637 637 0 589 589 0 588 588 0 639 639 0 639 639 0 588 588 0 638 638 0 590 590 0 589 589 0 640 640 0 640 640 0 589 589 0 639 639 0 591 591 0 590 590 0 641 641 0 641 641 0 590 590 0 640 640 0 592 592 0 591 591 0 642 642 0 642 642 0 591 591 0 641 641 0 593 593 0 592 592 0 643 643 0 643 643 0 592 592 0 642 642 0 594 594 0 593 593 0 644 644 0 644 644 0 593 593 0 643 643 0 595 595 0 594 594 0 645 645 0 645 645 0 594 594 0 644 644 0 596 596 0 595 595 0 646 646 0 646 646 0 595 595 0 645 645 0 597 597 0 596 596 0 647 647 0 647 647 0 596 596 0 646 646 0 598 598 0 597 597 0 648 648 0 648 648 0 597 597 0 647 647 0 599 599 0 598 598 0 649 649 0 649 649 0 598 598 0 648 648 0 600 600 0 599 599 0 650 650 0 650 650 0 599 599 0 649 649 0 601 601 0 600 600 0 651 651 0 651 651 0 600 600 0 650 650 0 602 602 0 601 601 0 652 652 0 652 652 0 601 601 0 651 651 0 653 653 0 603 603 0 602 602 0 652 652 0 653 653 0 602 602 0 655 655 0 605 605 0 604 604 0 654 654 0 655 655 0 604 604 0 606 606 0 605 605 0 656 656 0 656 656 0 605 605 0 655 655 0 607 607 0 606 606 0 657 657 0 657 657 0 606 606 0 656 656 0 608 608 0 607 607 0 658 658 0 658 658 0 607 607 0 657 657 0 609 609 0 608 608 0 659 659 0 659 659 0 608 608 0 658 658 0 610 610 0 609 609 0 660 660 0 660 660 0 609 609 0 659 659 0 611 611 0 610 610 0 661 661 0 661 661 0 610 610 0 660 660 0 612 612 0 611 611 0 662 662 0 662 662 0 611 611 0 661 661 0 613 613 0 612 612 0 663 663 0 663 663 0 612 612 0 662 662 0 614 614 0 613 613 0 664 664 0 664 664 0 613 613 0 663 663 0 615 615 0 614 614 0 665 665 0 665 665 0 614 614 0 664 664 0 616 616 0 615 615 0 666 666 0 666 666 0 615 615 0 665 665 0 617 617 0 616 616 0 667 667 0 667 667 0 616 616 0 666 666 0 618 618 0 617 617 0 668 668 0 668 668 0 617 617 0 667 667 0 619 619 0 618 618 0 669 669 0 669 669 0 618 618 0 668 668 0 620 620 0 619 619 0 670 670 0 670 670 0 619 619 0 669 669 0 621 621 0 620 620 0 671 671 0 671 671 0 620 620 0 670 670 0 622 622 0 621 621 0 672 672 0 672 672 0 621 621 0 671 671 0 623 623 0 622 622 0 673 673 0 673 673 0 622 622 0 672 672 0 624 624 0 623 623 0 674 674 0 674 674 0 623 623 0 673 673 0 625 625 0 624 624 0 675 675 0 675 675 0 624 624 0 674 674 0 626 626 0 625 625 0 676 676 0 676 676 0 625 625 0 675 675 0 627 627 0 626 626 0 677 677 0 677 677 0 626 626 0 676 676 0 628 628 0 627 627 0 678 678 0 678 678 0 627 627 0 677 677 0 629 629 0 628 628 0 679 679 0 679 679 0 628 628 0 678 678 0 630 630 0 629 629 0 680 680 0 680 680 0 629 629 0 679 679 0 631 631 0 630 630 0 681 681 0 681 681 0 630 630 0 680 680 0 632 632 0 631 631 0 682 682 0 682 682 0 631 631 0 681 681 0 633 633 0 632 632 0 683 683 0 683 683 0 632 632 0 682 682 0 634 634 0 633 633 0 684 684 0 684 684 0 633 633 0 683 683 0 635 635 0 634 634 0 685 685 0 685 685 0 634 634 0 684 684 0 636 636 0 635 635 0 686 686 0 686 686 0 635 635 0 685 685 0 637 637 0 636 636 0 687 687 0 687 687 0 636 636 0 686 686 0 638 638 0 637 637 0 688 688 0 688 688 0 637 637 0 687 687 0 639 639 0 638 638 0 689 689 0 689 689 0 638 638 0 688 688 0 640 640 0 639 639 0 690 690 0 690 690 0 639 639 0 689 689 0 641 641 0 640 640 0 691 691 0 691 691 0 640 640 0 690 690 0 642 642 0 641 641 0 692 692 0 692 692 0 641 641 0 691 691 0 643 643 0 642 642 0 693 693 0 693 693 0 642 642 0 692 692 0 644 644 0 643 643 0 694 694 0 694 694 0 643 643 0 693 693 0 645 645 0 644 644 0 695 695 0 695 695 0 644 644 0 694 694 0 646 646 0 645 645 0 696 696 0 696 696 0 645 645 0 695 695 0 647 647 0 646 646 0 697 697 0 697 697 0 646 646 0 696 696 0 648 648 0 647 647 0 698 698 0 698 698 0 647 647 0 697 697 0 649 649 0 648 648 0 699 699 0 699 699 0 648 648 0 698 698 0 650 650 0 649 649 0 700 700 0 700 700 0 649 649 0 699 699 0 651 651 0 650 650 0 701 701 0 701 701 0 650 650 0 700 700 0 652 652 0 651 651 0 702 702 0 702 702 0 651 651 0 701 701 0 703 703 0 653 653 0 652 652 0 702 702 0 703 703 0 652 652 0 705 705 0 655 655 0 654 654 0 704 704 0 705 705 0 654 654 0 656 656 0 655 655 0 706 706 0 706 706 0 655 655 0 705 705 0 657 657 0 656 656 0 707 707 0 707 707 0 656 656 0 706 706 0 658 658 0 657 657 0 708 708 0 708 708 0 657 657 0 707 707 0 659 659 0 658 658 0 709 709 0 709 709 0 658 658 0 708 708 0 660 660 0 659 659 0 710 710 0 710 710 0 659 659 0 709 709 0 661 661 0 660 660 0 711 711 0 711 711 0 660 660 0 710 710 0 662 662 0 661 661 0 712 712 0 712 712 0 661 661 0 711 711 0 663 663 0 662 662 0 713 713 0 713 713 0 662 662 0 712 712 0 664 664 0 663 663 0 714 714 0 714 714 0 663 663 0 713 713 0 665 665 0 664 664 0 715 715 0 715 715 0 664 664 0 714 714 0 666 666 0 665 665 0 716 716 0 716 716 0 665 665 0 715 715 0 667 667 0 666 666 0 717 717 0 717 717 0 666 666 0 716 716 0 668 668 0 667 667 0 718 718 0 718 718 0 667 667 0 717 717 0 669 669 0 668 668 0 719 719 0 719 719 0 668 668 0 718 718 0 670 670 0 669 669 0 720 720 0 720 720 0 669 669 0 719 719 0 671 671 0 670 670 0 721 721 0 721 721 0 670 670 0 720 720 0 672 672 0 671 671 0 722 722 0 722 722 0 671 671 0 721 721 0 673 673 0 672 672 0 723 723 0 723 723 0 672 672 0 722 722 0 674 674 0 673 673 0 724 724 0 724 724 0 673 673 0 723 723 0 675 675 0 674 674 0 725 725 0 725 725 0 674 674 0 724 724 0 676 676 0 675 675 0 726 726 0 726 726 0 675 675 0 725 725 0 677 677 0 676 676 0 727 727 0 727 727 0 676 676 0 726 726 0 678 678 0 677 677 0 728 728 0 728 728 0 677 677 0 727 727 0 679 679 0 678 678 0 729 729 0 729 729 0 678 678 0 728 728 0 680 680 0 679 679 0 730 730 0 730 730 0 679 679 0 729 729 0 681 681 0 680 680 0 731 731 0 731 731 0 680 680 0 730 730 0 682 682 0 681 681 0 732 732 0 732 732 0 681 681 0 731 731 0 683 683 0 682 682 0 733 733 0 733 733 0 682 682 0 732 732 0 684 684 0 683 683 0 734 734 0 734 734 0 683 683 0 733 733 0 685 685 0 684 684 0 735 735 0 735 735 0 684 684 0 734 734 0 686 686 0 685 685 0 736 736 0 736 736 0 685 685 0 735 735 0 687 687 0 686 686 0 737 737 0 737 737 0 686 686 0 736 736 0 688 688 0 687 687 0 738 738 0 738 738 0 687 687 0 737 737 0 689 689 0 688 688 0 739 739 0 739 739 0 688 688 0 738 738 0 690 690 0 689 689 0 740 740 0 740 740 0 689 689 0 739 739 0 691 691 0 690 690 0 741 741 0 741 741 0 690 690 0 740 740 0 692 692 0 691 691 0 742 742 0 742 742 0 691 691 0 741 741 0 693 693 0 692 692 0 743 743 0 743 743 0 692 692 0 742 742 0 694 694 0 693 693 0 744 744 0 744 744 0 693 693 0 743 743 0 695 695 0 694 694 0 745 745 0 745 745 0 694 694 0 744 744 0 696 696 0 695 695 0 746 746 0 746 746 0 695 695 0 745 745 0 697 697 0 696 696 0 747 747 0 747 747 0 696 696 0 746 746 0 698 698 0 697 697 0 748 748 0 748 748 0 697 697 0 747 747 0 699 699 0 698 698 0 749 749 0 749 749 0 698 698 0 748 748 0 700 700 0 699 699 0 750 750 0 750 750 0 699 699 0 749 749 0 701 701 0 700 700 0 751 751 0 751 751 0 700 700 0 750 750 0 702 702 0 701 701 0 752 752 0 752 752 0 701 701 0 751 751 0 753 753 0 703 703 0 702 702 0 752 752 0 753 753 0 702 702 0 755 755 0 705 705 0 704 704 0 754 754 0 755 755 0 704 704 0 706 706 0 705 705 0 756 756 0 756 756 0 705 705 0 755 755 0 707 707 0 706 706 0 757 757 0 757 757 0 706 706 0 756 756 0 708 708 0 707 707 0 758 758 0 758 758 0 707 707 0 757 757 0 709 709 0 708 708 0 759 759 0 759 759 0 708 708 0 758 758 0 710 710 0 709 709 0 760 760 0 760 760 0 709 709 0 759 759 0 711 711 0 710 710 0 761 761 0 761 761 0 710 710 0 760 760 0 712 712 0 711 711 0 762 762 0 762 762 0 711 711 0 761 761 0 713 713 0 712 712 0 763 763 0 763 763 0 712 712 0 762 762 0 714 714 0 713 713 0 764 764 0 764 764 0 713 713 0 763 763 0 715 715 0 714 714 0 765 765 0 765 765 0 714 714 0 764 764 0 716 716 0 715 715 0 766 766 0 766 766 0 715 715 0 765 765 0 717 717 0 716 716 0 767 767 0 767 767 0 716 716 0 766 766 0 718 718 0 717 717 0 768 768 0 768 768 0 717 717 0 767 767 0 719 719 0 718 718 0 769 769 0 769 769 0 718 718 0 768 768 0 720 720 0 719 719 0 770 770 0 770 770 0 719 719 0 769 769 0 721 721 0 720 720 0 771 771 0 771 771 0 720 720 0 770 770 0 722 722 0 721 721 0 772 772 0 772 772 0 721 721 0 771 771 0 723 723 0 722 722 0 773 773 0 773 773 0 722 722 0 772 772 0 724 724 0 723 723 0 774 774 0 774 774 0 723 723 0 773 773 0 725 725 0 724 724 0 775 775 0 775 775 0 724 724 0 774 774 0 726 726 0 725 725 0 776 776 0 776 776 0 725 725 0 775 775 0 727 727 0 726 726 0 777 777 0 777 777 0 726 726 0 776 776 0 728 728 0 727 727 0 778 778 0 778 778 0 727 727 0 777 777 0 729 729 0 728 728 0 779 779 0 779 779 0 728 728 0 778 778 0 730 730 0 729 729 0 780 780 0 780 780 0 729 729 0 779 779 0 731 731 0 730 730 0 781 781 0 781 781 0 730 730 0 780 780 0 732 732 0 731 731 0 782 782 0 782 782 0 731 731 0 781 781 0 733 733 0 732 732 0 783 783 0 783 783 0 732 732 0 782 782 0 734 734 0 733 733 0 784 784 0 784 784 0 733 733 0 783 783 0 735 735 0 734 734 0 785 785 0 785 785 0 734 734 0 784 784 0 736 736 0 735 735 0 786 786 0 786 786 0 735 735 0 785 785 0 737 737 0 736 736 0 787 787 0 787 787 0 736 736 0 786 786 0 738 738 0 737 737 0 788 788 0 788 788 0 737 737 0 787 787 0 739 739 0 738 738 0 789 789 0 789 789 0 738 738 0 788 788 0 740 740 0 739 739 0 790 790 0 790 790 0 739 739 0 789 789 0 741 741 0 740 740 0 791 791 0 791 791 0 740 740 0 790 790 0 742 742 0 741 741 0 792 792 0 792 792 0 741 741 0 791 791 0 743 743 0 742 742 0 793 793 0 793 793 0 742 742 0 792 792 0 744 744 0 743 743 0 794 794 0 794 794 0 743 743 0 793 793 0 745 745 0 744 744 0 795 795 0 795 795 0 744 744 0 794 794 0 746 746 0 745 745 0 796 796 0 796 796 0 745 745 0 795 795 0 747 747 0 746 746 0 797 797 0 797 797 0 746 746 0 796 796 0 748 748 0 747 747 0 798 798 0 798 798 0 747 747 0 797 797 0 749 749 0 748 748 0 799 799 0 799 799 0 748 748 0 798 798 0 750 750 0 749 749 0 800 800 0 800 800 0 749 749 0 799 799 0 751 751 0 750 750 0 801 801 0 801 801 0 750 750 0 800 800 0 752 752 0 751 751 0 802 802 0 802 802 0 751 751 0 801 801 0 803 803 0 753 753 0 752 752 0 802 802 0 803 803 0 752 752 0 805 805 0 755 755 0 754 754 0 804 804 0 805 805 0 754 754 0 756 756 0 755 755 0 806 806 0 806 806 0 755 755 0 805 805 0 757 757 0 756 756 0 807 807 0 807 807 0 756 756 0 806 806 0 758 758 0 757 757 0 808 808 0 808 808 0 757 757 0 807 807 0 759 759 0 758 758 0 809 809 0 809 809 0 758 758 0 808 808 0 760 760 0 759 759 0 810 810 0 810 810 0 759 759 0 809 809 0 761 761 0 760 760 0 811 811 0 811 811 0 760 760 0 810 810 0 762 762 0 761 761 0 812 812 0 812 812 0 761 761 0 811 811 0 763 763 0 762 762 0 813 813 0 813 813 0 762 762 0 812 812 0 764 764 0 763 763 0 814 814 0 814 814 0 763 763 0 813 813 0 765 765 0 764 764 0 815 815 0 815 815 0 764 764 0 814 814 0 766 766 0 765 765 0 816 816 0 816 816 0 765 765 0 815 815 0 767 767 0 766 766 0 817 817 0 817 817 0 766 766 0 816 816 0 768 768 0 767 767 0 818 818 0 818 818 0 767 767 0 817 817 0 769 769 0 768 768 0 819 819 0 819 819 0 768 768 0 818 818 0 770 770 0 769 769 0 820 820 0 820 820 0 769 769 0 819 819 0 771 771 0 770 770 0 821 821 0 821 821 0 770 770 0 820 820 0 772 772 0 771 771 0 822 822 0 822 822 0 771 771 0 821 821 0 773 773 0 772 772 0 823 823 0 823 823 0 772 772 0 822 822 0 774 774 0 773 773 0 824 824 0 824 824 0 773 773 0 823 823 0 775 775 0 774 774 0 825 825 0 825 825 0 774 774 0 824 824 0 776 776 0 775 775 0 826 826 0 826 826 0 775 775 0 825 825 0 777 777 0 776 776 0 827 827 0 827 827 0 776 776 0 826 826 0 778 778 0 777 777 0 828 828 0 828 828 0 777 777 0 827 827 0 779 779 0 778 778 0 829 829 0 829 829 0 778 778 0 828 828 0 780 780 0 779 779 0 830 830 0 830 830 0 779 779 0 829 829 0 781 781 0 780 780 0 831 831 0 831 831 0 780 780 0 830 830 0 782 782 0 781 781 0 832 832 0 832 832 0 781 781 0 831 831 0 783 783 0 782 782 0 833 833 0 833 833 0 782 782 0 832 832 0 784 784 0 783 783 0 834 834 0 834 834 0 783 783 0 833 833 0 785 785 0 784 784 0 835 835 0 835 835 0 784 784 0 834 834 0 786 786 0 785 785 0 836 836 0 836 836 0 785 785 0 835 835 0 787 787 0 786 786 0 837 837 0 837 837 0 786 786 0 836 836 0 788 788 0 787 787 0 838 838 0 838 838 0 787 787 0 837 837 0 789 789 0 788 788 0 839 839 0 839 839 0 788 788 0 838 838 0 790 790 0 789 789 0 840 840 0 840 840 0 789 789 0 839 839 0 791 791 0 790 790 0 841 841 0 841 841 0 790 790 0 840 840 0 792 792 0 791 791 0 842 842 0 842 842 0 791 791 0 841 841 0 793 793 0 792 792 0 843 843 0 843 843 0 792 792 0 842 842 0 794 794 0 793 793 0 844 844 0 844 844 0 793 793 0 843 843 0 795 795 0 794 794 0 845 845 0 845 845 0 794 794 0 844 844 0 796 796 0 795 795 0 846 846 0 846 846 0 795 795 0 845 845 0 797 797 0 796 796 0 847 847 0 847 847 0 796 796 0 846 846 0 798 798 0 797 797 0 848 848 0 848 848 0 797 797 0 847 847 0 799 799 0 798 798 0 849 849 0 849 849 0 798 798 0 848 848 0 800 800 0 799 799 0 850 850 0 850 850 0 799 799 0 849 849 0 801 801 0 800 800 0 851 851 0 851 851 0 800 800 0 850 850 0 802 802 0 801 801 0 852 852 0 852 852 0 801 801 0 851 851 0 853 853 0 803 803 0 802 802 0 852 852 0 853 853 0 802 802 0 855 855 0 805 805 0 804 804 0 854 854 0 855 855 0 804 804 0 806 806 0 805 805 0 856 856 0 856 856 0 805 805 0 855 855 0 807 807 0 806 806 0 857 857 0 857 857 0 806 806 0 856 856 0 808 808 0 807 807 0 858 858 0 858 858 0 807 807 0 857 857 0 809 809 0 808 808 0 859 859 0 859 859 0 808 808 0 858 858 0 810 810 0 809 809 0 860 860 0 860 860 0 809 809 0 859 859 0 811 811 0 810 810 0 861 861 0 861 861 0 810 810 0 860 860 0 812 812 0 811 811 0 862 862 0 862 862 0 811 811 0 861 861 0 813 813 0 812 812 0 863 863 0 863 863 0 812 812 0 862 862 0 814 814 0 813 813 0 864 864 0 864 864 0 813 813 0 863 863 0 815 815 0 814 814 0 865 865 0 865 865 0 814 814 0 864 864 0 816 816 0 815 815 0 866 866 0 866 866 0 815 815 0 865 865 0 817 817 0 816 816 0 867 867 0 867 867 0 816 816 0 866 866 0 818 818 0 817 817 0 868 868 0 868 868 0 817 817 0 867 867 0 819 819 0 818 818 0 869 869 0 869 869 0 818 818 0 868 868 0 820 820 0 819 819 0 870 870 0 870 870 0 819 819 0 869 869 0 821 821 0 820 820 0 871 871 0 871 871 0 820 820 0 870 870 0 822 822 0 821 821 0 872 872 0 872 872 0 821 821 0 871 871 0 823 823 0 822 822 0 873 873 0 873 873 0 822 822 0 872 872 0 824 824 0 823 823 0 874 874 0 874 874 0 823 823 0 873 873 0 825 825 0 824 824 0 875 875 0 875 875 0 824 824 0 874 874 0 826 826 0 825 825 0 876 876 0 876 876 0 825 825 0 875 875 0 827 827 0 826 826 0 877 877 0 877 877 0 826 826 0 876 876 0 828 828 0 827 827 0 878 878 0 878 878 0 827 827 0 877 877 0 829 829 0 828 828 0 879 879 0 879 879 0 828 828 0 878 878 0 830 830 0 829 829 0 880 880 0 880 880 0 829 829 0 879 879 0 831 831 0 830 830 0 881 880 0 881 880 0 830 830 0 880 880 0 832 832 0 831 831 0 882 881 0 882 881 0 831 831 0 881 880 0 833 833 0 832 832 0 883 882 0 883 882 0 832 832 0 882 881 0 834 834 0 833 833 0 884 883 0 884 883 0 833 833 0 883 882 0 835 835 0 834 834 0 885 884 0 885 884 0 834 834 0 884 883 0 836 836 0 835 835 0 886 885 0 886 885 0 835 835 0 885 884 0 837 837 0 836 836 0 887 886 0 887 886 0 836 836 0 886 885 0 838 838 0 837 837 0 888 887 0 888 887 0 837 837 0 887 886 0 839 839 0 838 838 0 889 888 0 889 888 0 838 838 0 888 887 0 840 840 0 839 839 0 890 889 0 890 889 0 839 839 0 889 888 0 841 841 0 840 840 0 891 890 0 891 890 0 840 840 0 890 889 0 842 842 0 841 841 0 892 891 0 892 891 0 841 841 0 891 890 0 843 843 0 842 842 0 893 892 0 893 892 0 842 842 0 892 891 0 844 844 0 843 843 0 894 893 0 894 893 0 843 843 0 893 892 0 845 845 0 844 844 0 895 894 0 895 894 0 844 844 0 894 893 0 846 846 0 845 845 0 896 895 0 896 895 0 845 845 0 895 894 0 847 847 0 846 846 0 897 896 0 897 896 0 846 846 0 896 895 0 848 848 0 847 847 0 898 897 0 898 897 0 847 847 0 897 896 0 849 849 0 848 848 0 899 898 0 899 898 0 848 848 0 898 897 0 850 850 0 849 849 0 900 899 0 900 899 0 849 849 0 899 898 0 851 851 0 850 850 0 901 900 0 901 900 0 850 850 0 900 899 0 852 852 0 851 851 0 902 901 0 902 901 0 851 851 0 901 900 0 903 902 0 853 853 0 852 852 0 902 901 0 903 902 0 852 852 0 905 904 0 855 855 0 854 854 0 904 903 0 905 904 0 854 854 0 856 856 0 855 855 0 906 905 0 906 905 0 855 855 0 905 904 0 857 857 0 856 856 0 907 906 0 907 906 0 856 856 0 906 905 0 858 858 0 857 857 0 908 907 0 908 907 0 857 857 0 907 906 0 859 859 0 858 858 0 909 908 0 909 908 0 858 858 0 908 907 0 860 860 0 859 859 0 910 909 0 910 909 0 859 859 0 909 908 0 861 861 0 860 860 0 911 910 0 911 910 0 860 860 0 910 909 0 862 862 0 861 861 0 912 911 0 912 911 0 861 861 0 911 910 0 863 863 0 862 862 0 913 912 0 913 912 0 862 862 0 912 911 0 864 864 0 863 863 0 914 913 0 914 913 0 863 863 0 913 912 0 865 865 0 864 864 0 915 914 0 915 914 0 864 864 0 914 913 0 866 866 0 865 865 0 916 915 0 916 915 0 865 865 0 915 914 0 867 867 0 866 866 0 917 916 0 917 916 0 866 866 0 916 915 0 868 868 0 867 867 0 918 917 0 918 917 0 867 867 0 917 916 0 869 869 0 868 868 0 919 918 0 919 918 0 868 868 0 918 917 0 870 870 0 869 869 0 920 919 0 920 919 0 869 869 0 919 918 0 871 871 0 870 870 0 921 920 0 921 920 0 870 870 0 920 919 0 872 872 0 871 871 0 922 921 0 922 921 0 871 871 0 921 920 0 873 873 0 872 872 0 923 922 0 923 922 0 872 872 0 922 921 0 874 874 0 873 873 0 924 923 0 924 923 0 873 873 0 923 922 0 875 875 0 874 874 0 925 924 0 925 924 0 874 874 0 924 923 0 876 876 0 875 875 0 926 925 0 926 925 0 875 875 0 925 924 0 877 877 0 876 876 0 927 926 0 927 926 0 876 876 0 926 925 0 878 878 0 877 877 0 928 927 0 928 927 0 877 877 0 927 926 0 879 879 0 878 878 0 929 928 0 929 928 0 878 878 0 928 927 0 880 880 0 879 879 0 930 929 0 930 929 0 879 879 0 929 928 0 881 880 0 880 880 0 931 930 0 931 930 0 880 880 0 930 929 0 882 881 0 881 880 0 932 930 0 932 930 0 881 880 0 931 930 0 883 882 0 882 881 0 933 930 0 933 930 0 882 881 0 932 930 0 884 883 0 883 882 0 934 931 0 934 931 0 883 882 0 933 930 0 885 884 0 884 883 0 935 932 0 935 932 0 884 883 0 934 931 0 886 885 0 885 884 0 936 933 0 936 933 0 885 884 0 935 932 0 887 886 0 886 885 0 937 934 0 937 934 0 886 885 0 936 933 0 888 887 0 887 886 0 938 935 0 938 935 0 887 886 0 937 934 0 889 888 0 888 887 0 939 936 0 939 936 0 888 887 0 938 935 0 890 889 0 889 888 0 940 937 0 940 937 0 889 888 0 939 936 0 891 890 0 890 889 0 941 938 0 941 938 0 890 889 0 940 937 0 892 891 0 891 890 0 942 939 0 942 939 0 891 890 0 941 938 0 893 892 0 892 891 0 943 940 0 943 940 0 892 891 0 942 939 0 894 893 0 893 892 0 944 941 0 944 941 0 893 892 0 943 940 0 895 894 0 894 893 0 945 942 0 945 942 0 894 893 0 944 941 0 896 895 0 895 894 0 946 943 0 946 943 0 895 894 0 945 942 0 897 896 0 896 895 0 947 944 0 947 944 0 896 895 0 946 943 0 898 897 0 897 896 0 948 945 0 948 945 0 897 896 0 947 944 0 899 898 0 898 897 0 949 946 0 949 946 0 898 897 0 948 945 0 900 899 0 899 898 0 950 947 0 950 947 0 899 898 0 949 946 0 901 900 0 900 899 0 951 948 0 951 948 0 900 899 0 950 947 0 902 901 0 901 900 0 952 949 0 952 949 0 901 900 0 951 948 0 953 950 0 903 902 0 902 901 0 952 949 0 953 950 0 902 901 0 955 952 0 905 904 0 904 903 0 954 951 0 955 952 0 904 903 0 906 905 0 905 904 0 956 953 0 956 953 0 905 904 0 955 952 0 907 906 0 906 905 0 957 954 0 957 954 0 906 905 0 956 953 0 908 907 0 907 906 0 958 955 0 958 955 0 907 906 0 957 954 0 909 908 0 908 907 0 959 956 0 959 956 0 908 907 0 958 955 0 910 909 0 909 908 0 960 957 0 960 957 0 909 908 0 959 956 0 911 910 0 910 909 0 961 958 0 961 958 0 910 909 0 960 957 0 912 911 0 911 910 0 962 959 0 962 959 0 911 910 0 961 958 0 913 912 0 912 911 0 963 960 0 963 960 0 912 911 0 962 959 0 914 913 0 913 912 0 964 961 0 964 961 0 913 912 0 963 960 0 915 914 0 914 913 0 965 962 0 965 962 0 914 913 0 964 961 0 916 915 0 915 914 0 966 963 0 966 963 0 915 914 0 965 962 0 917 916 0 916 915 0 967 964 0 967 964 0 916 915 0 966 963 0 918 917 0 917 916 0 968 965 0 968 965 0 917 916 0 967 964 0 919 918 0 918 917 0 969 966 0 969 966 0 918 917 0 968 965 0 920 919 0 919 918 0 970 967 0 970 967 0 919 918 0 969 966 0 921 920 0 920 919 0 971 968 0 971 968 0 920 919 0 970 967 0 922 921 0 921 920 0 972 969 0 972 969 0 921 920 0 971 968 0 923 922 0 922 921 0 973 970 0 973 970 0 922 921 0 972 969 0 924 923 0 923 922 0 974 971 0 974 971 0 923 922 0 973 970 0 925 924 0 924 923 0 975 972 0 975 972 0 924 923 0 974 971 0 926 925 0 925 924 0 976 927 0 976 927 0 925 924 0 975 972 0 927 926 0 926 925 0 977 927 0 977 927 0 926 925 0 976 927 0 928 927 0 927 926 0 978 929 0 978 929 0 927 926 0 977 927 0 929 928 0 928 927 0 979 973 0 979 973 0 928 927 0 978 929 0 930 929 0 929 928 0 980 974 0 980 974 0 929 928 0 979 973 0 931 930 0 930 929 0 981 974 0 981 974 0 930 929 0 980 974 0 932 930 0 931 930 0 982 974 0 982 974 0 931 930 0 981 974 0 933 930 0 932 930 0 983 974 0 983 974 0 932 930 0 982 974 0 934 931 0 933 930 0 984 975 0 984 975 0 933 930 0 983 974 0 935 932 0 934 931 0 985 976 0 985 976 0 934 931 0 984 975 0 936 933 0 935 932 0 986 977 0 986 977 0 935 932 0 985 976 0 937 934 0 936 933 0 987 978 0 987 978 0 936 933 0 986 977 0 938 935 0 937 934 0 988 979 0 988 979 0 937 934 0 987 978 0 939 936 0 938 935 0 989 980 0 989 980 0 938 935 0 988 979 0 940 937 0 939 936 0 990 981 0 990 981 0 939 936 0 989 980 0 941 938 0 940 937 0 991 982 0 991 982 0 940 937 0 990 981 0 942 939 0 941 938 0 992 983 0 992 983 0 941 938 0 991 982 0 943 940 0 942 939 0 993 984 0 993 984 0 942 939 0 992 983 0 944 941 0 943 940 0 994 985 0 994 985 0 943 940 0 993 984 0 945 942 0 944 941 0 995 986 0 995 986 0 944 941 0 994 985 0 946 943 0 945 942 0 996 987 0 996 987 0 945 942 0 995 986 0 947 944 0 946 943 0 997 988 0 997 988 0 946 943 0 996 987 0 948 945 0 947 944 0 998 989 0 998 989 0 947 944 0 997 988 0 949 946 0 948 945 0 999 990 0 999 990 0 948 945 0 998 989 0 950 947 0 949 946 0 1000 991 0 1000 991 0 949 946 0 999 990 0 951 948 0 950 947 0 1001 992 0 1001 992 0 950 947 0 1000 991 0 952 949 0 951 948 0 1002 993 0 1002 993 0 951 948 0 1001 992 0 1003 994 0 953 950 0 952 949 0 1002 993 0 1003 994 0 952 949 0 1005 996 0 955 952 0 954 951 0 1004 995 0 1005 996 0 954 951 0 956 953 0 955 952 0 1006 997 0 1006 997 0 955 952 0 1005 996 0 957 954 0 956 953 0 1007 998 0 1007 998 0 956 953 0 1006 997 0 958 955 0 957 954 0 1008 999 0 1008 999 0 957 954 0 1007 998 0 959 956 0 958 955 0 1009 1000 0 1009 1000 0 958 955 0 1008 999 0 960 957 0 959 956 0 1010 1001 0 1010 1001 0 959 956 0 1009 1000 0 961 958 0 960 957 0 1011 1002 0 1011 1002 0 960 957 0 1010 1001 0 962 959 0 961 958 0 1012 1003 0 1012 1003 0 961 958 0 1011 1002 0 963 960 0 962 959 0 1013 1004 0 1013 1004 0 962 959 0 1012 1003 0 964 961 0 963 960 0 1014 1005 0 1014 1005 0 963 960 0 1013 1004 0 965 962 0 964 961 0 1015 1006 0 1015 1006 0 964 961 0 1014 1005 0 966 963 0 965 962 0 1016 1007 0 1016 1007 0 965 962 0 1015 1006 0 967 964 0 966 963 0 1017 1008 0 1017 1008 0 966 963 0 1016 1007 0 968 965 0 967 964 0 1018 1009 0 1018 1009 0 967 964 0 1017 1008 0 969 966 0 968 965 0 1019 1010 0 1019 1010 0 968 965 0 1018 1009 0 970 967 0 969 966 0 1020 1011 0 1020 1011 0 969 966 0 1019 1010 0 971 968 0 970 967 0 1021 1012 0 1021 1012 0 970 967 0 1020 1011 0 972 969 0 971 968 0 1022 1013 0 1022 1013 0 971 968 0 1021 1012 0 973 970 0 972 969 0 1023 1014 0 1023 1014 0 972 969 0 1022 1013 0 974 971 0 973 970 0 1024 972 0 1024 972 0 973 970 0 1023 1014 0 975 972 0 974 971 0 1025 1015 0 1025 1015 0 974 971 0 1024 972 0 976 927 0 975 972 0 1026 1016 0 1026 1016 0 975 972 0 1025 1015 0 977 927 0 976 927 0 1027 973 0 1027 973 0 976 927 0 1026 1016 0 978 929 0 977 927 0 1028 973 0 1028 973 0 977 927 0 1027 973 0 979 973 0 978 929 0 1029 974 0 1029 974 0 978 929 0 1028 973 0 980 974 0 979 973 0 1030 974 0 1030 974 0 979 973 0 1029 974 0 981 974 0 980 974 0 1031 1017 0 1031 1017 0 980 974 0 1030 974 0 982 974 0 981 974 0 1032 1017 0 1032 1017 0 981 974 0 1031 1017 0 983 974 0 982 974 0 1033 1017 0 1033 1017 0 982 974 0 1032 1017 0 984 975 0 983 974 0 1034 1018 0 1034 1018 0 983 974 0 1033 1017 0 985 976 0 984 975 0 1035 1019 0 1035 1019 0 984 975 0 1034 1018 0 986 977 0 985 976 0 1036 1020 0 1036 1020 0 985 976 0 1035 1019 0 987 978 0 986 977 0 1037 1021 0 1037 1021 0 986 977 0 1036 1020 0 988 979 0 987 978 0 1038 1022 0 1038 1022 0 987 978 0 1037 1021 0 989 980 0 988 979 0 1039 1023 0 1039 1023 0 988 979 0 1038 1022 0 990 981 0 989 980 0 1040 1024 0 1040 1024 0 989 980 0 1039 1023 0 991 982 0 990 981 0 1041 1025 0 1041 1025 0 990 981 0 1040 1024 0 992 983 0 991 982 0 1042 1026 0 1042 1026 0 991 982 0 1041 1025 0 993 984 0 992 983 0 1043 1027 0 1043 1027 0 992 983 0 1042 1026 0 994 985 0 993 984 0 1044 1028 0 1044 1028 0 993 984 0 1043 1027 0 995 986 0 994 985 0 1045 1029 0 1045 1029 0 994 985 0 1044 1028 0 996 987 0 995 986 0 1046 1030 0 1046 1030 0 995 986 0 1045 1029 0 997 988 0 996 987 0 1047 1031 0 1047 1031 0 996 987 0 1046 1030 0 998 989 0 997 988 0 1048 1032 0 1048 1032 0 997 988 0 1047 1031 0 999 990 0 998 989 0 1049 1033 0 1049 1033 0 998 989 0 1048 1032 0 1000 991 0 999 990 0 1050 1034 0 1050 1034 0 999 990 0 1049 1033 0 1001 992 0 1000 991 0 1051 1035 0 1051 1035 0 1000 991 0 1050 1034 0 1002 993 0 1001 992 0 1052 1036 0 1052 1036 0 1001 992 0 1051 1035 0 1053 1037 0 1003 994 0 1002 993 0 1052 1036 0 1053 1037 0 1002 993 0 1055 1039 0 1005 996 0 1004 995 0 1054 1038 0 1055 1039 0 1004 995 0 1006 997 0 1005 996 0 1056 1040 0 1056 1040 0 1005 996 0 1055 1039 0 1007 998 0 1006 997 0 1057 1041 0 1057 1041 0 1006 997 0 1056 1040 0 1008 999 0 1007 998 0 1058 1042 0 1058 1042 0 1007 998 0 1057 1041 0 1009 1000 0 1008 999 0 1059 1043 0 1059 1043 0 1008 999 0 1058 1042 0 1010 1001 0 1009 1000 0 1060 1044 0 1060 1044 0 1009 1000 0 1059 1043 0 1011 1002 0 1010 1001 0 1061 1045 0 1061 1045 0 1010 1001 0 1060 1044 0 1012 1003 0 1011 1002 0 1062 1046 0 1062 1046 0 1011 1002 0 1061 1045 0 1013 1004 0 1012 1003 0 1063 1047 0 1063 1047 0 1012 1003 0 1062 1046 0 1014 1005 0 1013 1004 0 1064 1048 0 1064 1048 0 1013 1004 0 1063 1047 0 1015 1006 0 1014 1005 0 1065 1049 0 1065 1049 0 1014 1005 0 1064 1048 0 1016 1007 0 1015 1006 0 1066 1050 0 1066 1050 0 1015 1006 0 1065 1049 0 1017 1008 0 1016 1007 0 1067 1051 0 1067 1051 0 1016 1007 0 1066 1050 0 1018 1009 0 1017 1008 0 1068 1052 0 1068 1052 0 1017 1008 0 1067 1051 0 1019 1010 0 1018 1009 0 1069 1053 0 1069 1053 0 1018 1009 0 1068 1052 0 1020 1011 0 1019 1010 0 1070 1054 0 1070 1054 0 1019 1010 0 1069 1053 0 1021 1012 0 1020 1011 0 1071 1055 0 1071 1055 0 1020 1011 0 1070 1054 0 1022 1013 0 1021 1012 0 1072 1056 0 1072 1056 0 1021 1012 0 1071 1055 0 1023 1014 0 1022 1013 0 1073 1057 0 1073 1057 0 1022 1013 0 1072 1056 0 1024 972 0 1023 1014 0 1074 1058 0 1074 1058 0 1023 1014 0 1073 1057 0 1025 1015 0 1024 972 0 1075 1016 0 1075 1016 0 1024 972 0 1074 1058 0 1026 1016 0 1025 1015 0 1076 973 0 1076 973 0 1025 1015 0 1075 1016 0 1027 973 0 1026 1016 0 1077 973 0 1077 973 0 1026 1016 0 1076 973 0 1028 973 0 1027 973 0 1078 974 0 1078 974 0 1027 973 0 1077 973 0 1029 974 0 1028 973 0 1079 1017 0 1079 1017 0 1028 973 0 1078 974 0 1030 974 0 1029 974 0 1080 1017 0 1080 1017 0 1029 974 0 1079 1017 0 1031 1017 0 1030 974 0 1081 1017 0 1081 1017 0 1030 974 0 1080 1017 0 1032 1017 0 1031 1017 0 1082 1017 0 1082 1017 0 1031 1017 0 1081 1017 0 1033 1017 0 1032 1017 0 1083 1017 0 1083 1017 0 1032 1017 0 1082 1017 0 1034 1018 0 1033 1017 0 1084 1018 0 1084 1018 0 1033 1017 0 1083 1017 0 1035 1019 0 1034 1018 0 1085 1019 0 1085 1019 0 1034 1018 0 1084 1018 0 1036 1020 0 1035 1019 0 1086 1059 0 1086 1059 0 1035 1019 0 1085 1019 0 1037 1021 0 1036 1020 0 1087 1060 0 1087 1060 0 1036 1020 0 1086 1059 0 1038 1022 0 1037 1021 0 1088 1061 0 1088 1061 0 1037 1021 0 1087 1060 0 1039 1023 0 1038 1022 0 1089 1062 0 1089 1062 0 1038 1022 0 1088 1061 0 1040 1024 0 1039 1023 0 1090 1063 0 1090 1063 0 1039 1023 0 1089 1062 0 1041 1025 0 1040 1024 0 1091 1064 0 1091 1064 0 1040 1024 0 1090 1063 0 1042 1026 0 1041 1025 0 1092 1065 0 1092 1065 0 1041 1025 0 1091 1064 0 1043 1027 0 1042 1026 0 1093 1066 0 1093 1066 0 1042 1026 0 1092 1065 0 1044 1028 0 1043 1027 0 1094 1067 0 1094 1067 0 1043 1027 0 1093 1066 0 1045 1029 0 1044 1028 0 1095 1068 0 1095 1068 0 1044 1028 0 1094 1067 0 1046 1030 0 1045 1029 0 1096 1069 0 1096 1069 0 1045 1029 0 1095 1068 0 1047 1031 0 1046 1030 0 1097 1070 0 1097 1070 0 1046 1030 0 1096 1069 0 1048 1032 0 1047 1031 0 1098 1071 0 1098 1071 0 1047 1031 0 1097 1070 0 1049 1033 0 1048 1032 0 1099 1072 0 1099 1072 0 1048 1032 0 1098 1071 0 1050 1034 0 1049 1033 0 1100 1073 0 1100 1073 0 1049 1033 0 1099 1072 0 1051 1035 0 1050 1034 0 1101 1074 0 1101 1074 0 1050 1034 0 1100 1073 0 1052 1036 0 1051 1035 0 1102 1075 0 1102 1075 0 1051 1035 0 1101 1074 0 1103 1076 0 1053 1037 0 1052 1036 0 1102 1075 0 1103 1076 0 1052 1036 0 1105 1078 0 1055 1039 0 1054 1038 0 1104 1077 0 1105 1078 0 1054 1038 0 1056 1040 0 1055 1039 0 1106 1079 0 1106 1079 0 1055 1039 0 1105 1078 0 1057 1041 0 1056 1040 0 1107 1080 0 1107 1080 0 1056 1040 0 1106 1079 0 1058 1042 0 1057 1041 0 1108 1081 0 1108 1081 0 1057 1041 0 1107 1080 0 1059 1043 0 1058 1042 0 1109 1082 0 1109 1082 0 1058 1042 0 1108 1081 0 1060 1044 0 1059 1043 0 1110 1083 0 1110 1083 0 1059 1043 0 1109 1082 0 1061 1045 0 1060 1044 0 1111 1084 0 1111 1084 0 1060 1044 0 1110 1083 0 1062 1046 0 1061 1045 0 1112 1085 0 1112 1085 0 1061 1045 0 1111 1084 0 1063 1047 0 1062 1046 0 1113 1086 0 1113 1086 0 1062 1046 0 1112 1085 0 1064 1048 0 1063 1047 0 1114 1087 0 1114 1087 0 1063 1047 0 1113 1086 0 1065 1049 0 1064 1048 0 1115 1088 0 1115 1088 0 1064 1048 0 1114 1087 0 1066 1050 0 1065 1049 0 1116 1089 0 1116 1089 0 1065 1049 0 1115 1088 0 1067 1051 0 1066 1050 0 1117 1090 0 1117 1090 0 1066 1050 0 1116 1089 0 1068 1052 0 1067 1051 0 1118 1091 0 1118 1091 0 1067 1051 0 1117 1090 0 1069 1053 0 1068 1052 0 1119 1092 0 1119 1092 0 1068 1052 0 1118 1091 0 1070 1054 0 1069 1053 0 1120 1093 0 1120 1093 0 1069 1053 0 1119 1092 0 1071 1055 0 1070 1054 0 1121 1094 0 1121 1094 0 1070 1054 0 1120 1093 0 1072 1056 0 1071 1055 0 1122 1095 0 1122 1095 0 1071 1055 0 1121 1094 0 1073 1057 0 1072 1056 0 1123 1096 0 1123 1096 0 1072 1056 0 1122 1095 0 1074 1058 0 1073 1057 0 1124 1016 0 1124 1016 0 1073 1057 0 1123 1096 0 1075 1016 0 1074 1058 0 1125 973 0 1125 973 0 1074 1058 0 1124 1016 0 1076 973 0 1075 1016 0 1126 973 0 1126 973 0 1075 1016 0 1125 973 0 1077 973 0 1076 973 0 1127 1017 0 1127 1017 0 1076 973 0 1126 973 0 1078 974 0 1077 973 0 1128 1017 0 1128 1017 0 1077 973 0 1127 1017 0 1079 1017 0 1078 974 0 1129 1017 0 1129 1017 0 1078 974 0 1128 1017 0 1080 1017 0 1079 1017 0 1130 1017 0 1130 1017 0 1079 1017 0 1129 1017 0 1081 1017 0 1080 1017 0 1131 1017 0 1131 1017 0 1080 1017 0 1130 1017 0 1082 1017 0 1081 1017 0 1132 1017 0 1132 1017 0 1081 1017 0 1131 1017 0 1083 1017 0 1082 1017 0 1133 1017 0 1133 1017 0 1082 1017 0 1132 1017 0 1084 1018 0 1083 1017 0 1134 1018 0 1134 1018 0 1083 1017 0 1133 1017 0 1085 1019 0 1084 1018 0 1135 1019 0 1135 1019 0 1084 1018 0 1134 1018 0 1086 1059 0 1085 1019 0 1136 1097 0 1136 1097 0 1085 1019 0 1135 1019 0 1087 1060 0 1086 1059 0 1137 1098 0 1137 1098 0 1086 1059 0 1136 1097 0 1088 1061 0 1087 1060 0 1138 1099 0 1138 1099 0 1087 1060 0 1137 1098 0 1089 1062 0 1088 1061 0 1139 1100 0 1139 1100 0 1088 1061 0 1138 1099 0 1090 1063 0 1089 1062 0 1140 1101 0 1140 1101 0 1089 1062 0 1139 1100 0 1091 1064 0 1090 1063 0 1141 1102 0 1141 1102 0 1090 1063 0 1140 1101 0 1092 1065 0 1091 1064 0 1142 1103 0 1142 1103 0 1091 1064 0 1141 1102 0 1093 1066 0 1092 1065 0 1143 1104 0 1143 1104 0 1092 1065 0 1142 1103 0 1094 1067 0 1093 1066 0 1144 1105 0 1144 1105 0 1093 1066 0 1143 1104 0 1095 1068 0 1094 1067 0 1145 1106 0 1145 1106 0 1094 1067 0 1144 1105 0 1096 1069 0 1095 1068 0 1146 1107 0 1146 1107 0 1095 1068 0 1145 1106 0 1097 1070 0 1096 1069 0 1147 1108 0 1147 1108 0 1096 1069 0 1146 1107 0 1098 1071 0 1097 1070 0 1148 1109 0 1148 1109 0 1097 1070 0 1147 1108 0 1099 1072 0 1098 1071 0 1149 1110 0 1149 1110 0 1098 1071 0 1148 1109 0 1100 1073 0 1099 1072 0 1150 1111 0 1150 1111 0 1099 1072 0 1149 1110 0 1101 1074 0 1100 1073 0 1151 1112 0 1151 1112 0 1100 1073 0 1150 1111 0 1102 1075 0 1101 1074 0 1152 1113 0 1152 1113 0 1101 1074 0 1151 1112 0 1153 1114 0 1103 1076 0 1102 1075 0 1152 1113 0 1153 1114 0 1102 1075 0 1155 1116 0 1105 1078 0 1104 1077 0 1154 1115 0 1155 1116 0 1104 1077 0 1106 1079 0 1105 1078 0 1156 1117 0 1156 1117 0 1105 1078 0 1155 1116 0 1107 1080 0 1106 1079 0 1157 1118 0 1157 1118 0 1106 1079 0 1156 1117 0 1108 1081 0 1107 1080 0 1158 1119 0 1158 1119 0 1107 1080 0 1157 1118 0 1109 1082 0 1108 1081 0 1159 1120 0 1159 1120 0 1108 1081 0 1158 1119 0 1110 1083 0 1109 1082 0 1160 1121 0 1160 1121 0 1109 1082 0 1159 1120 0 1111 1084 0 1110 1083 0 1161 1122 0 1161 1122 0 1110 1083 0 1160 1121 0 1112 1085 0 1111 1084 0 1162 1123 0 1162 1123 0 1111 1084 0 1161 1122 0 1113 1086 0 1112 1085 0 1163 1124 0 1163 1124 0 1112 1085 0 1162 1123 0 1114 1087 0 1113 1086 0 1164 1125 0 1164 1125 0 1113 1086 0 1163 1124 0 1115 1088 0 1114 1087 0 1165 1126 0 1165 1126 0 1114 1087 0 1164 1125 0 1116 1089 0 1115 1088 0 1166 1127 0 1166 1127 0 1115 1088 0 1165 1126 0 1117 1090 0 1116 1089 0 1167 1128 0 1167 1128 0 1116 1089 0 1166 1127 0 1118 1091 0 1117 1090 0 1168 1129 0 1168 1129 0 1117 1090 0 1167 1128 0 1119 1092 0 1118 1091 0 1169 1130 0 1169 1130 0 1118 1091 0 1168 1129 0 1120 1093 0 1119 1092 0 1170 1131 0 1170 1131 0 1119 1092 0 1169 1130 0 1121 1094 0 1120 1093 0 1171 1132 0 1171 1132 0 1120 1093 0 1170 1131 0 1122 1095 0 1121 1094 0 1172 1133 0 1172 1133 0 1121 1094 0 1171 1132 0 1123 1096 0 1122 1095 0 1173 1058 0 1173 1058 0 1122 1095 0 1172 1133 0 1124 1016 0 1123 1096 0 1174 1134 0 1174 1134 0 1123 1096 0 1173 1058 0 1125 973 0 1124 1016 0 1175 973 0 1175 973 0 1124 1016 0 1174 1134 0 1126 973 0 1125 973 0 1176 1017 0 1176 1017 0 1125 973 0 1175 973 0 1127 1017 0 1126 973 0 1177 1017 0 1177 1017 0 1126 973 0 1176 1017 0 1128 1017 0 1127 1017 0 1178 1017 0 1178 1017 0 1127 1017 0 1177 1017 0 1129 1017 0 1128 1017 0 1179 1017 0 1179 1017 0 1128 1017 0 1178 1017 0 1130 1017 0 1129 1017 0 1180 1017 0 1180 1017 0 1129 1017 0 1179 1017 0 1131 1017 0 1130 1017 0 1181 1017 0 1181 1017 0 1130 1017 0 1180 1017 0 1132 1017 0 1131 1017 0 1182 1017 0 1182 1017 0 1131 1017 0 1181 1017 0 1133 1017 0 1132 1017 0 1183 1018 0 1183 1018 0 1132 1017 0 1182 1017 0 1134 1018 0 1133 1017 0 1184 1018 0 1184 1018 0 1133 1017 0 1183 1018 0 1135 1019 0 1134 1018 0 1185 1135 0 1185 1135 0 1134 1018 0 1184 1018 0 1136 1097 0 1135 1019 0 1186 1097 0 1186 1097 0 1135 1019 0 1185 1135 0 1137 1098 0 1136 1097 0 1187 1136 0 1187 1136 0 1136 1097 0 1186 1097 0 1138 1099 0 1137 1098 0 1188 1137 0 1188 1137 0 1137 1098 0 1187 1136 0 1139 1100 0 1138 1099 0 1189 1138 0 1189 1138 0 1138 1099 0 1188 1137 0 1140 1101 0 1139 1100 0 1190 1139 0 1190 1139 0 1139 1100 0 1189 1138 0 1141 1102 0 1140 1101 0 1191 1140 0 1191 1140 0 1140 1101 0 1190 1139 0 1142 1103 0 1141 1102 0 1192 1141 0 1192 1141 0 1141 1102 0 1191 1140 0 1143 1104 0 1142 1103 0 1193 1142 0 1193 1142 0 1142 1103 0 1192 1141 0 1144 1105 0 1143 1104 0 1194 1143 0 1194 1143 0 1143 1104 0 1193 1142 0 1145 1106 0 1144 1105 0 1195 1144 0 1195 1144 0 1144 1105 0 1194 1143 0 1146 1107 0 1145 1106 0 1196 1145 0 1196 1145 0 1145 1106 0 1195 1144 0 1147 1108 0 1146 1107 0 1197 1146 0 1197 1146 0 1146 1107 0 1196 1145 0 1148 1109 0 1147 1108 0 1198 1147 0 1198 1147 0 1147 1108 0 1197 1146 0 1149 1110 0 1148 1109 0 1199 1148 0 1199 1148 0 1148 1109 0 1198 1147 0 1150 1111 0 1149 1110 0 1200 1149 0 1200 1149 0 1149 1110 0 1199 1148 0 1151 1112 0 1150 1111 0 1201 1150 0 1201 1150 0 1150 1111 0 1200 1149 0 1152 1113 0 1151 1112 0 1202 1151 0 1202 1151 0 1151 1112 0 1201 1150 0 1203 1152 0 1153 1114 0 1152 1113 0 1202 1151 0 1203 1152 0 1152 1113 0 1205 1154 0 1155 1116 0 1154 1115 0 1204 1153 0 1205 1154 0 1154 1115 0 1156 1117 0 1155 1116 0 1206 1155 0 1206 1155 0 1155 1116 0 1205 1154 0 1157 1118 0 1156 1117 0 1207 1156 0 1207 1156 0 1156 1117 0 1206 1155 0 1158 1119 0 1157 1118 0 1208 1157 0 1208 1157 0 1157 1118 0 1207 1156 0 1159 1120 0 1158 1119 0 1209 1158 0 1209 1158 0 1158 1119 0 1208 1157 0 1160 1121 0 1159 1120 0 1210 1159 0 1210 1159 0 1159 1120 0 1209 1158 0 1161 1122 0 1160 1121 0 1211 1160 0 1211 1160 0 1160 1121 0 1210 1159 0 1162 1123 0 1161 1122 0 1212 1161 0 1212 1161 0 1161 1122 0 1211 1160 0 1163 1124 0 1162 1123 0 1213 1162 0 1213 1162 0 1162 1123 0 1212 1161 0 1164 1125 0 1163 1124 0 1214 1163 0 1214 1163 0 1163 1124 0 1213 1162 0 1165 1126 0 1164 1125 0 1215 1164 0 1215 1164 0 1164 1125 0 1214 1163 0 1166 1127 0 1165 1126 0 1216 1165 0 1216 1165 0 1165 1126 0 1215 1164 0 1167 1128 0 1166 1127 0 1217 1166 0 1217 1166 0 1166 1127 0 1216 1165 0 1168 1129 0 1167 1128 0 1218 1167 0 1218 1167 0 1167 1128 0 1217 1166 0 1169 1130 0 1168 1129 0 1219 1168 0 1219 1168 0 1168 1129 0 1218 1167 0 1170 1131 0 1169 1130 0 1220 1169 0 1220 1169 0 1169 1130 0 1219 1168 0 1171 1132 0 1170 1131 0 1221 1170 0 1221 1170 0 1170 1131 0 1220 1169 0 1172 1133 0 1171 1132 0 1222 1171 0 1222 1171 0 1171 1132 0 1221 1170 0 1173 1058 0 1172 1133 0 1223 1172 0 1223 1172 0 1172 1133 0 1222 1171 0 1174 1134 0 1173 1058 0 1224 973 0 1224 973 0 1173 1058 0 1223 1172 0 1175 973 0 1174 1134 0 1225 1173 0 1225 1173 0 1174 1134 0 1224 973 0 1176 1017 0 1175 973 0 1226 1017 0 1226 1017 0 1175 973 0 1225 1173 0 1177 1017 0 1176 1017 0 1227 1017 0 1227 1017 0 1176 1017 0 1226 1017 0 1178 1017 0 1177 1017 0 1228 1017 0 1228 1017 0 1177 1017 0 1227 1017 0 1179 1017 0 1178 1017 0 1229 1017 0 1229 1017 0 1178 1017 0 1228 1017 0 1180 1017 0 1179 1017 0 1230 1017 0 1230 1017 0 1179 1017 0 1229 1017 0 1181 1017 0 1180 1017 0 1231 1017 0 1231 1017 0 1180 1017 0 1230 1017 0 1182 1017 0 1181 1017 0 1232 1017 0 1232 1017 0 1181 1017 0 1231 1017 0 1183 1018 0 1182 1017 0 1233 1018 0 1233 1018 0 1182 1017 0 1232 1017 0 1184 1018 0 1183 1018 0 1234 1174 0 1234 1174 0 1183 1018 0 1233 1018 0 1185 1135 0 1184 1018 0 1235 1175 0 1235 1175 0 1184 1018 0 1234 1174 0 1186 1097 0 1185 1135 0 1236 1176 0 1236 1176 0 1185 1135 0 1235 1175 0 1187 1136 0 1186 1097 0 1237 1177 0 1237 1177 0 1186 1097 0 1236 1176 0 1188 1137 0 1187 1136 0 1238 1178 0 1238 1178 0 1187 1136 0 1237 1177 0 1189 1138 0 1188 1137 0 1239 1179 0 1239 1179 0 1188 1137 0 1238 1178 0 1190 1139 0 1189 1138 0 1240 1180 0 1240 1180 0 1189 1138 0 1239 1179 0 1191 1140 0 1190 1139 0 1241 1181 0 1241 1181 0 1190 1139 0 1240 1180 0 1192 1141 0 1191 1140 0 1242 1182 0 1242 1182 0 1191 1140 0 1241 1181 0 1193 1142 0 1192 1141 0 1243 1183 0 1243 1183 0 1192 1141 0 1242 1182 0 1194 1143 0 1193 1142 0 1244 1184 0 1244 1184 0 1193 1142 0 1243 1183 0 1195 1144 0 1194 1143 0 1245 1185 0 1245 1185 0 1194 1143 0 1244 1184 0 1196 1145 0 1195 1144 0 1246 1186 0 1246 1186 0 1195 1144 0 1245 1185 0 1197 1146 0 1196 1145 0 1247 1187 0 1247 1187 0 1196 1145 0 1246 1186 0 1198 1147 0 1197 1146 0 1248 1188 0 1248 1188 0 1197 1146 0 1247 1187 0 1199 1148 0 1198 1147 0 1249 1189 0 1249 1189 0 1198 1147 0 1248 1188 0 1200 1149 0 1199 1148 0 1250 1190 0 1250 1190 0 1199 1148 0 1249 1189 0 1201 1150 0 1200 1149 0 1251 1191 0 1251 1191 0 1200 1149 0 1250 1190 0 1202 1151 0 1201 1150 0 1252 1192 0 1252 1192 0 1201 1150 0 1251 1191 0 1253 1193 0 1203 1152 0 1202 1151 0 1252 1192 0 1253 1193 0 1202 1151 0 1255 1195 0 1205 1154 0 1204 1153 0 1254 1194 0 1255 1195 0 1204 1153 0 1206 1155 0 1205 1154 0 1256 1196 0 1256 1196 0 1205 1154 0 1255 1195 0 1207 1156 0 1206 1155 0 1257 1197 0 1257 1197 0 1206 1155 0 1256 1196 0 1208 1157 0 1207 1156 0 1258 1198 0 1258 1198 0 1207 1156 0 1257 1197 0 1209 1158 0 1208 1157 0 1259 1199 0 1259 1199 0 1208 1157 0 1258 1198 0 1210 1159 0 1209 1158 0 1260 1200 0 1260 1200 0 1209 1158 0 1259 1199 0 1211 1160 0 1210 1159 0 1261 1201 0 1261 1201 0 1210 1159 0 1260 1200 0 1212 1161 0 1211 1160 0 1262 1202 0 1262 1202 0 1211 1160 0 1261 1201 0 1213 1162 0 1212 1161 0 1263 1203 0 1263 1203 0 1212 1161 0 1262 1202 0 1214 1163 0 1213 1162 0 1264 1204 0 1264 1204 0 1213 1162 0 1263 1203 0 1215 1164 0 1214 1163 0 1265 1205 0 1265 1205 0 1214 1163 0 1264 1204 0 1216 1165 0 1215 1164 0 1266 1206 0 1266 1206 0 1215 1164 0 1265 1205 0 1217 1166 0 1216 1165 0 1267 1207 0 1267 1207 0 1216 1165 0 1266 1206 0 1218 1167 0 1217 1166 0 1268 1208 0 1268 1208 0 1217 1166 0 1267 1207 0 1219 1168 0 1218 1167 0 1269 1209 0 1269 1209 0 1218 1167 0 1268 1208 0 1220 1169 0 1219 1168 0 1270 1210 0 1270 1210 0 1219 1168 0 1269 1209 0 1221 1170 0 1220 1169 0 1271 1211 0 1271 1211 0 1220 1169 0 1270 1210 0 1222 1171 0 1221 1170 0 1272 1212 0 1272 1212 0 1221 1170 0 1271 1211 0 1223 1172 0 1222 1171 0 1273 1134 0 1273 1134 0 1222 1171 0 1272 1212 0 1224 973 0 1223 1172 0 1274 1173 0 1274 1173 0 1223 1172 0 1273 1134 0 1225 1173 0 1224 973 0 1275 1173 0 1275 1173 0 1224 973 0 1274 1173 0 1226 1017 0 1225 1173 0 1276 1017 0 1276 1017 0 1225 1173 0 1275 1173 0 1227 1017 0 1226 1017 0 1277 1017 0 1277 1017 0 1226 1017 0 1276 1017 0 1228 1017 0 1227 1017 0 1278 1017 0 1278 1017 0 1227 1017 0 1277 1017 0 1229 1017 0 1228 1017 0 1279 1017 0 1279 1017 0 1228 1017 0 1278 1017 0 1230 1017 0 1229 1017 0 1280 1017 0 1280 1017 0 1229 1017 0 1279 1017 0 1231 1017 0 1230 1017 0 1281 1017 0 1281 1017 0 1230 1017 0 1280 1017 0 1232 1017 0 1231 1017 0 1282 1018 0 1282 1018 0 1231 1017 0 1281 1017 0 1233 1018 0 1232 1017 0 1283 1174 0 1283 1174 0 1232 1017 0 1282 1018 0 1234 1174 0 1233 1018 0 1284 1135 0 1284 1135 0 1233 1018 0 1283 1174 0 1235 1175 0 1234 1174 0 1285 1213 0 1285 1213 0 1234 1174 0 1284 1135 0 1236 1176 0 1235 1175 0 1286 1214 0 1286 1214 0 1235 1175 0 1285 1213 0 1237 1177 0 1236 1176 0 1287 1215 0 1287 1215 0 1236 1176 0 1286 1214 0 1238 1178 0 1237 1177 0 1288 1216 0 1288 1216 0 1237 1177 0 1287 1215 0 1239 1179 0 1238 1178 0 1289 1217 0 1289 1217 0 1238 1178 0 1288 1216 0 1240 1180 0 1239 1179 0 1290 1218 0 1290 1218 0 1239 1179 0 1289 1217 0 1241 1181 0 1240 1180 0 1291 1219 0 1291 1219 0 1240 1180 0 1290 1218 0 1242 1182 0 1241 1181 0 1292 1220 0 1292 1220 0 1241 1181 0 1291 1219 0 1243 1183 0 1242 1182 0 1293 1221 0 1293 1221 0 1242 1182 0 1292 1220 0 1244 1184 0 1243 1183 0 1294 1222 0 1294 1222 0 1243 1183 0 1293 1221 0 1245 1185 0 1244 1184 0 1295 1223 0 1295 1223 0 1244 1184 0 1294 1222 0 1246 1186 0 1245 1185 0 1296 1224 0 1296 1224 0 1245 1185 0 1295 1223 0 1247 1187 0 1246 1186 0 1297 1225 0 1297 1225 0 1246 1186 0 1296 1224 0 1248 1188 0 1247 1187 0 1298 1226 0 1298 1226 0 1247 1187 0 1297 1225 0 1249 1189 0 1248 1188 0 1299 1227 0 1299 1227 0 1248 1188 0 1298 1226 0 1250 1190 0 1249 1189 0 1300 1228 0 1300 1228 0 1249 1189 0 1299 1227 0 1251 1191 0 1250 1190 0 1301 1229 0 1301 1229 0 1250 1190 0 1300 1228 0 1252 1192 0 1251 1191 0 1302 1230 0 1302 1230 0 1251 1191 0 1301 1229 0 1303 1231 0 1253 1193 0 1252 1192 0 1302 1230 0 1303 1231 0 1252 1192 0 1305 1233 0 1255 1195 0 1254 1194 0 1304 1232 0 1305 1233 0 1254 1194 0 1256 1196 0 1255 1195 0 1306 1234 0 1306 1234 0 1255 1195 0 1305 1233 0 1257 1197 0 1256 1196 0 1307 1235 0 1307 1235 0 1256 1196 0 1306 1234 0 1258 1198 0 1257 1197 0 1308 1236 0 1308 1236 0 1257 1197 0 1307 1235 0 1259 1199 0 1258 1198 0 1309 1237 0 1309 1237 0 1258 1198 0 1308 1236 0 1260 1200 0 1259 1199 0 1310 1238 0 1310 1238 0 1259 1199 0 1309 1237 0 1261 1201 0 1260 1200 0 1311 1239 0 1311 1239 0 1260 1200 0 1310 1238 0 1262 1202 0 1261 1201 0 1312 1240 0 1312 1240 0 1261 1201 0 1311 1239 0 1263 1203 0 1262 1202 0 1313 1241 0 1313 1241 0 1262 1202 0 1312 1240 0 1264 1204 0 1263 1203 0 1314 1242 0 1314 1242 0 1263 1203 0 1313 1241 0 1265 1205 0 1264 1204 0 1315 1243 0 1315 1243 0 1264 1204 0 1314 1242 0 1266 1206 0 1265 1205 0 1316 1244 0 1316 1244 0 1265 1205 0 1315 1243 0 1267 1207 0 1266 1206 0 1317 1245 0 1317 1245 0 1266 1206 0 1316 1244 0 1268 1208 0 1267 1207 0 1318 1246 0 1318 1246 0 1267 1207 0 1317 1245 0 1269 1209 0 1268 1208 0 1319 1247 0 1319 1247 0 1268 1208 0 1318 1246 0 1270 1210 0 1269 1209 0 1320 1248 0 1320 1248 0 1269 1209 0 1319 1247 0 1271 1211 0 1270 1210 0 1321 1249 0 1321 1249 0 1270 1210 0 1320 1248 0 1272 1212 0 1271 1211 0 1322 1250 0 1322 1250 0 1271 1211 0 1321 1249 0 1273 1134 0 1272 1212 0 1323 1251 0 1323 1251 0 1272 1212 0 1322 1250 0 1274 1173 0 1273 1134 0 1324 1173 0 1324 1173 0 1273 1134 0 1323 1251 0 1275 1173 0 1274 1173 0 1325 1017 0 1325 1017 0 1274 1173 0 1324 1173 0 1276 1017 0 1275 1173 0 1326 1017 0 1326 1017 0 1275 1173 0 1325 1017 0 1277 1017 0 1276 1017 0 1327 1017 0 1327 1017 0 1276 1017 0 1326 1017 0 1278 1017 0 1277 1017 0 1328 1017 0 1328 1017 0 1277 1017 0 1327 1017 0 1279 1017 0 1278 1017 0 1329 1017 0 1329 1017 0 1278 1017 0 1328 1017 0 1280 1017 0 1279 1017 0 1330 1017 0 1330 1017 0 1279 1017 0 1329 1017 0 1281 1017 0 1280 1017 0 1331 1017 0 1331 1017 0 1280 1017 0 1330 1017 0 1282 1018 0 1281 1017 0 1332 1174 0 1332 1174 0 1281 1017 0 1331 1017 0 1283 1174 0 1282 1018 0 1333 1135 0 1333 1135 0 1282 1018 0 1332 1174 0 1284 1135 0 1283 1174 0 1334 1213 0 1334 1213 0 1283 1174 0 1333 1135 0 1285 1213 0 1284 1135 0 1335 1252 0 1335 1252 0 1284 1135 0 1334 1213 0 1286 1214 0 1285 1213 0 1336 1253 0 1336 1253 0 1285 1213 0 1335 1252 0 1287 1215 0 1286 1214 0 1337 1254 0 1337 1254 0 1286 1214 0 1336 1253 0 1288 1216 0 1287 1215 0 1338 1255 0 1338 1255 0 1287 1215 0 1337 1254 0 1289 1217 0 1288 1216 0 1339 1256 0 1339 1256 0 1288 1216 0 1338 1255 0 1290 1218 0 1289 1217 0 1340 1257 0 1340 1257 0 1289 1217 0 1339 1256 0 1291 1219 0 1290 1218 0 1341 1258 0 1341 1258 0 1290 1218 0 1340 1257 0 1292 1220 0 1291 1219 0 1342 1259 0 1342 1259 0 1291 1219 0 1341 1258 0 1293 1221 0 1292 1220 0 1343 1260 0 1343 1260 0 1292 1220 0 1342 1259 0 1294 1222 0 1293 1221 0 1344 1261 0 1344 1261 0 1293 1221 0 1343 1260 0 1295 1223 0 1294 1222 0 1345 1262 0 1345 1262 0 1294 1222 0 1344 1261 0 1296 1224 0 1295 1223 0 1346 1263 0 1346 1263 0 1295 1223 0 1345 1262 0 1297 1225 0 1296 1224 0 1347 1264 0 1347 1264 0 1296 1224 0 1346 1263 0 1298 1226 0 1297 1225 0 1348 1265 0 1348 1265 0 1297 1225 0 1347 1264 0 1299 1227 0 1298 1226 0 1349 1266 0 1349 1266 0 1298 1226 0 1348 1265 0 1300 1228 0 1299 1227 0 1350 1267 0 1350 1267 0 1299 1227 0 1349 1266 0 1301 1229 0 1300 1228 0 1351 1268 0 1351 1268 0 1300 1228 0 1350 1267 0 1302 1230 0 1301 1229 0 1352 1269 0 1352 1269 0 1301 1229 0 1351 1268 0 1353 1270 0 1303 1231 0 1302 1230 0 1352 1269 0 1353 1270 0 1302 1230 0 1355 1272 0 1305 1233 0 1304 1232 0 1354 1271 0 1355 1272 0 1304 1232 0 1306 1234 0 1305 1233 0 1356 1273 0 1356 1273 0 1305 1233 0 1355 1272 0 1307 1235 0 1306 1234 0 1357 1274 0 1357 1274 0 1306 1234 0 1356 1273 0 1308 1236 0 1307 1235 0 1358 1275 0 1358 1275 0 1307 1235 0 1357 1274 0 1309 1237 0 1308 1236 0 1359 1276 0 1359 1276 0 1308 1236 0 1358 1275 0 1310 1238 0 1309 1237 0 1360 1277 0 1360 1277 0 1309 1237 0 1359 1276 0 1311 1239 0 1310 1238 0 1361 1278 0 1361 1278 0 1310 1238 0 1360 1277 0 1312 1240 0 1311 1239 0 1362 1279 0 1362 1279 0 1311 1239 0 1361 1278 0 1313 1241 0 1312 1240 0 1363 1280 0 1363 1280 0 1312 1240 0 1362 1279 0 1314 1242 0 1313 1241 0 1364 1281 0 1364 1281 0 1313 1241 0 1363 1280 0 1315 1243 0 1314 1242 0 1365 1282 0 1365 1282 0 1314 1242 0 1364 1281 0 1316 1244 0 1315 1243 0 1366 1283 0 1366 1283 0 1315 1243 0 1365 1282 0 1317 1245 0 1316 1244 0 1367 1284 0 1367 1284 0 1316 1244 0 1366 1283 0 1318 1246 0 1317 1245 0 1368 1285 0 1368 1285 0 1317 1245 0 1367 1284 0 1319 1247 0 1318 1246 0 1369 1286 0 1369 1286 0 1318 1246 0 1368 1285 0 1320 1248 0 1319 1247 0 1370 1287 0 1370 1287 0 1319 1247 0 1369 1286 0 1321 1249 0 1320 1248 0 1371 1288 0 1371 1288 0 1320 1248 0 1370 1287 0 1322 1250 0 1321 1249 0 1372 1250 0 1372 1250 0 1321 1249 0 1371 1288 0 1323 1251 0 1322 1250 0 1373 1251 0 1373 1251 0 1322 1250 0 1372 1250 0 1324 1173 0 1323 1251 0 1374 1173 0 1374 1173 0 1323 1251 0 1373 1251 0 1325 1017 0 1324 1173 0 1375 1017 0 1375 1017 0 1324 1173 0 1374 1173 0 1326 1017 0 1325 1017 0 1376 1017 0 1376 1017 0 1325 1017 0 1375 1017 0 1327 1017 0 1326 1017 0 1377 1017 0 1377 1017 0 1326 1017 0 1376 1017 0 1328 1017 0 1327 1017 0 1378 1017 0 1378 1017 0 1327 1017 0 1377 1017 0 1329 1017 0 1328 1017 0 1379 1017 0 1379 1017 0 1328 1017 0 1378 1017 0 1330 1017 0 1329 1017 0 1380 1289 0 1380 1289 0 1329 1017 0 1379 1017 0 1331 1017 0 1330 1017 0 1381 1174 0 1381 1174 0 1330 1017 0 1380 1289 0 1332 1174 0 1331 1017 0 1382 1174 0 1382 1174 0 1331 1017 0 1381 1174 0 1333 1135 0 1332 1174 0 1383 1290 0 1383 1290 0 1332 1174 0 1382 1174 0 1334 1213 0 1333 1135 0 1384 1252 0 1384 1252 0 1333 1135 0 1383 1290 0 1335 1252 0 1334 1213 0 1385 1291 0 1385 1291 0 1334 1213 0 1384 1252 0 1336 1253 0 1335 1252 0 1386 1292 0 1386 1292 0 1335 1252 0 1385 1291 0 1337 1254 0 1336 1253 0 1387 1293 0 1387 1293 0 1336 1253 0 1386 1292 0 1338 1255 0 1337 1254 0 1388 1294 0 1388 1294 0 1337 1254 0 1387 1293 0 1339 1256 0 1338 1255 0 1389 1295 0 1389 1295 0 1338 1255 0 1388 1294 0 1340 1257 0 1339 1256 0 1390 1296 0 1390 1296 0 1339 1256 0 1389 1295 0 1341 1258 0 1340 1257 0 1391 1297 0 1391 1297 0 1340 1257 0 1390 1296 0 1342 1259 0 1341 1258 0 1392 1298 0 1392 1298 0 1341 1258 0 1391 1297 0 1343 1260 0 1342 1259 0 1393 1299 0 1393 1299 0 1342 1259 0 1392 1298 0 1344 1261 0 1343 1260 0 1394 1300 0 1394 1300 0 1343 1260 0 1393 1299 0 1345 1262 0 1344 1261 0 1395 1301 0 1395 1301 0 1344 1261 0 1394 1300 0 1346 1263 0 1345 1262 0 1396 1302 0 1396 1302 0 1345 1262 0 1395 1301 0 1347 1264 0 1346 1263 0 1397 1303 0 1397 1303 0 1346 1263 0 1396 1302 0 1348 1265 0 1347 1264 0 1398 1304 0 1398 1304 0 1347 1264 0 1397 1303 0 1349 1266 0 1348 1265 0 1399 1305 0 1399 1305 0 1348 1265 0 1398 1304 0 1350 1267 0 1349 1266 0 1400 1306 0 1400 1306 0 1349 1266 0 1399 1305 0 1351 1268 0 1350 1267 0 1401 1307 0 1401 1307 0 1350 1267 0 1400 1306 0 1352 1269 0 1351 1268 0 1402 1308 0 1402 1308 0 1351 1268 0 1401 1307 0 1403 1309 0 1353 1270 0 1352 1269 0 1402 1308 0 1403 1309 0 1352 1269 0 1405 1311 0 1355 1272 0 1354 1271 0 1404 1310 0 1405 1311 0 1354 1271 0 1356 1273 0 1355 1272 0 1406 1312 0 1406 1312 0 1355 1272 0 1405 1311 0 1357 1274 0 1356 1273 0 1407 1313 0 1407 1313 0 1356 1273 0 1406 1312 0 1358 1275 0 1357 1274 0 1408 1314 0 1408 1314 0 1357 1274 0 1407 1313 0 1359 1276 0 1358 1275 0 1409 1315 0 1409 1315 0 1358 1275 0 1408 1314 0 1360 1277 0 1359 1276 0 1410 1316 0 1410 1316 0 1359 1276 0 1409 1315 0 1361 1278 0 1360 1277 0 1411 1317 0 1411 1317 0 1360 1277 0 1410 1316 0 1362 1279 0 1361 1278 0 1412 1318 0 1412 1318 0 1361 1278 0 1411 1317 0 1363 1280 0 1362 1279 0 1413 1319 0 1413 1319 0 1362 1279 0 1412 1318 0 1364 1281 0 1363 1280 0 1414 1320 0 1414 1320 0 1363 1280 0 1413 1319 0 1365 1282 0 1364 1281 0 1415 1321 0 1415 1321 0 1364 1281 0 1414 1320 0 1366 1283 0 1365 1282 0 1416 1322 0 1416 1322 0 1365 1282 0 1415 1321 0 1367 1284 0 1366 1283 0 1417 1323 0 1417 1323 0 1366 1283 0 1416 1322 0 1368 1285 0 1367 1284 0 1418 1324 0 1418 1324 0 1367 1284 0 1417 1323 0 1369 1286 0 1368 1285 0 1419 1325 0 1419 1325 0 1368 1285 0 1418 1324 0 1370 1287 0 1369 1286 0 1420 1326 0 1420 1326 0 1369 1286 0 1419 1325 0 1371 1288 0 1370 1287 0 1421 1327 0 1421 1327 0 1370 1287 0 1420 1326 0 1372 1250 0 1371 1288 0 1422 1328 0 1422 1328 0 1371 1288 0 1421 1327 0 1373 1251 0 1372 1250 0 1423 1329 0 1423 1329 0 1372 1250 0 1422 1328 0 1374 1173 0 1373 1251 0 1424 1173 0 1424 1173 0 1373 1251 0 1423 1329 0 1375 1017 0 1374 1173 0 1425 1017 0 1425 1017 0 1374 1173 0 1424 1173 0 1376 1017 0 1375 1017 0 1426 1017 0 1426 1017 0 1375 1017 0 1425 1017 0 1377 1017 0 1376 1017 0 1427 1017 0 1427 1017 0 1376 1017 0 1426 1017 0 1378 1017 0 1377 1017 0 1428 1289 0 1428 1289 0 1377 1017 0 1427 1017 0 1379 1017 0 1378 1017 0 1429 1289 0 1429 1289 0 1378 1017 0 1428 1289 0 1380 1289 0 1379 1017 0 1430 1174 0 1430 1174 0 1379 1017 0 1429 1289 0 1381 1174 0 1380 1289 0 1431 1330 0 1431 1330 0 1380 1289 0 1430 1174 0 1382 1174 0 1381 1174 0 1432 1290 0 1432 1290 0 1381 1174 0 1431 1330 0 1383 1290 0 1382 1174 0 1433 1331 0 1433 1331 0 1382 1174 0 1432 1290 0 1384 1252 0 1383 1290 0 1434 1332 0 1434 1332 0 1383 1290 0 1433 1331 0 1385 1291 0 1384 1252 0 1435 1333 0 1435 1333 0 1384 1252 0 1434 1332 0 1386 1292 0 1385 1291 0 1436 1334 0 1436 1334 0 1385 1291 0 1435 1333 0 1387 1293 0 1386 1292 0 1437 1335 0 1437 1335 0 1386 1292 0 1436 1334 0 1388 1294 0 1387 1293 0 1438 1336 0 1438 1336 0 1387 1293 0 1437 1335 0 1389 1295 0 1388 1294 0 1439 1337 0 1439 1337 0 1388 1294 0 1438 1336 0 1390 1296 0 1389 1295 0 1440 1338 0 1440 1338 0 1389 1295 0 1439 1337 0 1391 1297 0 1390 1296 0 1441 1339 0 1441 1339 0 1390 1296 0 1440 1338 0 1392 1298 0 1391 1297 0 1442 1340 0 1442 1340 0 1391 1297 0 1441 1339 0 1393 1299 0 1392 1298 0 1443 1341 0 1443 1341 0 1392 1298 0 1442 1340 0 1394 1300 0 1393 1299 0 1444 1342 0 1444 1342 0 1393 1299 0 1443 1341 0 1395 1301 0 1394 1300 0 1445 1343 0 1445 1343 0 1394 1300 0 1444 1342 0 1396 1302 0 1395 1301 0 1446 1344 0 1446 1344 0 1395 1301 0 1445 1343 0 1397 1303 0 1396 1302 0 1447 1345 0 1447 1345 0 1396 1302 0 1446 1344 0 1398 1304 0 1397 1303 0 1448 1346 0 1448 1346 0 1397 1303 0 1447 1345 0 1399 1305 0 1398 1304 0 1449 1347 0 1449 1347 0 1398 1304 0 1448 1346 0 1400 1306 0 1399 1305 0 1450 1348 0 1450 1348 0 1399 1305 0 1449 1347 0 1401 1307 0 1400 1306 0 1451 1349 0 1451 1349 0 1400 1306 0 1450 1348 0 1402 1308 0 1401 1307 0 1452 1350 0 1452 1350 0 1401 1307 0 1451 1349 0 1453 1351 0 1403 1309 0 1402 1308 0 1452 1350 0 1453 1351 0 1402 1308 0 1455 1353 0 1405 1311 0 1404 1310 0 1454 1352 0 1455 1353 0 1404 1310 0 1406 1312 0 1405 1311 0 1456 1354 0 1456 1354 0 1405 1311 0 1455 1353 0 1407 1313 0 1406 1312 0 1457 1355 0 1457 1355 0 1406 1312 0 1456 1354 0 1408 1314 0 1407 1313 0 1458 1356 0 1458 1356 0 1407 1313 0 1457 1355 0 1409 1315 0 1408 1314 0 1459 1357 0 1459 1357 0 1408 1314 0 1458 1356 0 1410 1316 0 1409 1315 0 1460 1358 0 1460 1358 0 1409 1315 0 1459 1357 0 1411 1317 0 1410 1316 0 1461 1359 0 1461 1359 0 1410 1316 0 1460 1358 0 1412 1318 0 1411 1317 0 1462 1360 0 1462 1360 0 1411 1317 0 1461 1359 0 1413 1319 0 1412 1318 0 1463 1361 0 1463 1361 0 1412 1318 0 1462 1360 0 1414 1320 0 1413 1319 0 1464 1362 0 1464 1362 0 1413 1319 0 1463 1361 0 1415 1321 0 1414 1320 0 1465 1363 0 1465 1363 0 1414 1320 0 1464 1362 0 1416 1322 0 1415 1321 0 1466 1364 0 1466 1364 0 1415 1321 0 1465 1363 0 1417 1323 0 1416 1322 0 1467 1365 0 1467 1365 0 1416 1322 0 1466 1364 0 1418 1324 0 1417 1323 0 1468 1366 0 1468 1366 0 1417 1323 0 1467 1365 0 1419 1325 0 1418 1324 0 1469 1367 0 1469 1367 0 1418 1324 0 1468 1366 0 1420 1326 0 1419 1325 0 1470 1368 0 1470 1368 0 1419 1325 0 1469 1367 0 1421 1327 0 1420 1326 0 1471 1369 0 1471 1369 0 1420 1326 0 1470 1368 0 1422 1328 0 1421 1327 0 1472 1370 0 1472 1370 0 1421 1327 0 1471 1369 0 1423 1329 0 1422 1328 0 1473 1371 0 1473 1371 0 1422 1328 0 1472 1370 0 1424 1173 0 1423 1329 0 1474 1372 0 1474 1372 0 1423 1329 0 1473 1371 0 1425 1017 0 1424 1173 0 1475 1289 0 1475 1289 0 1424 1173 0 1474 1372 0 1426 1017 0 1425 1017 0 1476 1289 0 1476 1289 0 1425 1017 0 1475 1289 0 1427 1017 0 1426 1017 0 1477 1289 0 1477 1289 0 1426 1017 0 1476 1289 0 1428 1289 0 1427 1017 0 1478 1174 0 1478 1174 0 1427 1017 0 1477 1289 0 1429 1289 0 1428 1289 0 1479 1330 0 1479 1330 0 1428 1289 0 1478 1174 0 1430 1174 0 1429 1289 0 1480 1330 0 1480 1330 0 1429 1289 0 1479 1330 0 1431 1330 0 1430 1174 0 1481 1373 0 1481 1373 0 1430 1174 0 1480 1330 0 1432 1290 0 1431 1330 0 1482 1374 0 1482 1374 0 1431 1330 0 1481 1373 0 1433 1331 0 1432 1290 0 1483 1375 0 1483 1375 0 1432 1290 0 1482 1374 0 1434 1332 0 1433 1331 0 1484 1376 0 1484 1376 0 1433 1331 0 1483 1375 0 1435 1333 0 1434 1332 0 1485 1377 0 1485 1377 0 1434 1332 0 1484 1376 0 1436 1334 0 1435 1333 0 1486 1378 0 1486 1378 0 1435 1333 0 1485 1377 0 1437 1335 0 1436 1334 0 1487 1379 0 1487 1379 0 1436 1334 0 1486 1378 0 1438 1336 0 1437 1335 0 1488 1380 0 1488 1380 0 1437 1335 0 1487 1379 0 1439 1337 0 1438 1336 0 1489 1381 0 1489 1381 0 1438 1336 0 1488 1380 0 1440 1338 0 1439 1337 0 1490 1382 0 1490 1382 0 1439 1337 0 1489 1381 0 1441 1339 0 1440 1338 0 1491 1383 0 1491 1383 0 1440 1338 0 1490 1382 0 1442 1340 0 1441 1339 0 1492 1384 0 1492 1384 0 1441 1339 0 1491 1383 0 1443 1341 0 1442 1340 0 1493 1385 0 1493 1385 0 1442 1340 0 1492 1384 0 1444 1342 0 1443 1341 0 1494 1386 0 1494 1386 0 1443 1341 0 1493 1385 0 1445 1343 0 1444 1342 0 1495 1387 0 1495 1387 0 1444 1342 0 1494 1386 0 1446 1344 0 1445 1343 0 1496 1388 0 1496 1388 0 1445 1343 0 1495 1387 0 1447 1345 0 1446 1344 0 1497 1389 0 1497 1389 0 1446 1344 0 1496 1388 0 1448 1346 0 1447 1345 0 1498 1390 0 1498 1390 0 1447 1345 0 1497 1389 0 1449 1347 0 1448 1346 0 1499 1391 0 1499 1391 0 1448 1346 0 1498 1390 0 1450 1348 0 1449 1347 0 1500 1392 0 1500 1392 0 1449 1347 0 1499 1391 0 1451 1349 0 1450 1348 0 1501 1393 0 1501 1393 0 1450 1348 0 1500 1392 0 1452 1350 0 1451 1349 0 1502 1394 0 1502 1394 0 1451 1349 0 1501 1393 0 1503 1395 0 1453 1351 0 1452 1350 0 1502 1394 0 1503 1395 0 1452 1350 0 1505 1397 0 1455 1353 0 1454 1352 0 1504 1396 0 1505 1397 0 1454 1352 0 1456 1354 0 1455 1353 0 1506 1398 0 1506 1398 0 1455 1353 0 1505 1397 0 1457 1355 0 1456 1354 0 1507 1399 0 1507 1399 0 1456 1354 0 1506 1398 0 1458 1356 0 1457 1355 0 1508 1400 0 1508 1400 0 1457 1355 0 1507 1399 0 1459 1357 0 1458 1356 0 1509 1401 0 1509 1401 0 1458 1356 0 1508 1400 0 1460 1358 0 1459 1357 0 1510 1402 0 1510 1402 0 1459 1357 0 1509 1401 0 1461 1359 0 1460 1358 0 1511 1403 0 1511 1403 0 1460 1358 0 1510 1402 0 1462 1360 0 1461 1359 0 1512 1404 0 1512 1404 0 1461 1359 0 1511 1403 0 1463 1361 0 1462 1360 0 1513 1405 0 1513 1405 0 1462 1360 0 1512 1404 0 1464 1362 0 1463 1361 0 1514 1406 0 1514 1406 0 1463 1361 0 1513 1405 0 1465 1363 0 1464 1362 0 1515 1407 0 1515 1407 0 1464 1362 0 1514 1406 0 1466 1364 0 1465 1363 0 1516 1408 0 1516 1408 0 1465 1363 0 1515 1407 0 1467 1365 0 1466 1364 0 1517 1409 0 1517 1409 0 1466 1364 0 1516 1408 0 1468 1366 0 1467 1365 0 1518 1410 0 1518 1410 0 1467 1365 0 1517 1409 0 1469 1367 0 1468 1366 0 1519 1411 0 1519 1411 0 1468 1366 0 1518 1410 0 1470 1368 0 1469 1367 0 1520 1412 0 1520 1412 0 1469 1367 0 1519 1411 0 1471 1369 0 1470 1368 0 1521 1413 0 1521 1413 0 1470 1368 0 1520 1412 0 1472 1370 0 1471 1369 0 1522 1414 0 1522 1414 0 1471 1369 0 1521 1413 0 1473 1371 0 1472 1370 0 1523 1415 0 1523 1415 0 1472 1370 0 1522 1414 0 1474 1372 0 1473 1371 0 1524 1416 0 1524 1416 0 1473 1371 0 1523 1415 0 1475 1289 0 1474 1372 0 1525 1417 0 1525 1417 0 1474 1372 0 1524 1416 0 1476 1289 0 1475 1289 0 1526 1418 0 1526 1418 0 1475 1289 0 1525 1417 0 1477 1289 0 1476 1289 0 1527 1330 0 1527 1330 0 1476 1289 0 1526 1418 0 1478 1174 0 1477 1289 0 1528 1330 0 1528 1330 0 1477 1289 0 1527 1330 0 1479 1330 0 1478 1174 0 1529 1419 0 1529 1419 0 1478 1174 0 1528 1330 0 1480 1330 0 1479 1330 0 1530 1420 0 1530 1420 0 1479 1330 0 1529 1419 0 1481 1373 0 1480 1330 0 1531 1421 0 1531 1421 0 1480 1330 0 1530 1420 0 1482 1374 0 1481 1373 0 1532 1422 0 1532 1422 0 1481 1373 0 1531 1421 0 1483 1375 0 1482 1374 0 1533 1423 0 1533 1423 0 1482 1374 0 1532 1422 0 1484 1376 0 1483 1375 0 1534 1424 0 1534 1424 0 1483 1375 0 1533 1423 0 1485 1377 0 1484 1376 0 1535 1425 0 1535 1425 0 1484 1376 0 1534 1424 0 1486 1378 0 1485 1377 0 1536 1426 0 1536 1426 0 1485 1377 0 1535 1425 0 1487 1379 0 1486 1378 0 1537 1427 0 1537 1427 0 1486 1378 0 1536 1426 0 1488 1380 0 1487 1379 0 1538 1428 0 1538 1428 0 1487 1379 0 1537 1427 0 1489 1381 0 1488 1380 0 1539 1429 0 1539 1429 0 1488 1380 0 1538 1428 0 1490 1382 0 1489 1381 0 1540 1430 0 1540 1430 0 1489 1381 0 1539 1429 0 1491 1383 0 1490 1382 0 1541 1431 0 1541 1431 0 1490 1382 0 1540 1430 0 1492 1384 0 1491 1383 0 1542 1432 0 1542 1432 0 1491 1383 0 1541 1431 0 1493 1385 0 1492 1384 0 1543 1433 0 1543 1433 0 1492 1384 0 1542 1432 0 1494 1386 0 1493 1385 0 1544 1434 0 1544 1434 0 1493 1385 0 1543 1433 0 1495 1387 0 1494 1386 0 1545 1435 0 1545 1435 0 1494 1386 0 1544 1434 0 1496 1388 0 1495 1387 0 1546 1436 0 1546 1436 0 1495 1387 0 1545 1435 0 1497 1389 0 1496 1388 0 1547 1437 0 1547 1437 0 1496 1388 0 1546 1436 0 1498 1390 0 1497 1389 0 1548 1438 0 1548 1438 0 1497 1389 0 1547 1437 0 1499 1391 0 1498 1390 0 1549 1439 0 1549 1439 0 1498 1390 0 1548 1438 0 1500 1392 0 1499 1391 0 1550 1440 0 1550 1440 0 1499 1391 0 1549 1439 0 1501 1393 0 1500 1392 0 1551 1441 0 1551 1441 0 1500 1392 0 1550 1440 0 1502 1394 0 1501 1393 0 1552 1442 0 1552 1442 0 1501 1393 0 1551 1441 0 1553 1443 0 1503 1395 0 1502 1394 0 1552 1442 0 1553 1443 0 1502 1394 0 1555 1445 0 1505 1397 0 1504 1396 0 1554 1444 0 1555 1445 0 1504 1396 0 1506 1398 0 1505 1397 0 1556 1446 0 1556 1446 0 1505 1397 0 1555 1445 0 1507 1399 0 1506 1398 0 1557 1447 0 1557 1447 0 1506 1398 0 1556 1446 0 1508 1400 0 1507 1399 0 1558 1448 0 1558 1448 0 1507 1399 0 1557 1447 0 1509 1401 0 1508 1400 0 1559 1449 0 1559 1449 0 1508 1400 0 1558 1448 0 1510 1402 0 1509 1401 0 1560 1450 0 1560 1450 0 1509 1401 0 1559 1449 0 1511 1403 0 1510 1402 0 1561 1451 0 1561 1451 0 1510 1402 0 1560 1450 0 1512 1404 0 1511 1403 0 1562 1452 0 1562 1452 0 1511 1403 0 1561 1451 0 1513 1405 0 1512 1404 0 1563 1453 0 1563 1453 0 1512 1404 0 1562 1452 0 1514 1406 0 1513 1405 0 1564 1454 0 1564 1454 0 1513 1405 0 1563 1453 0 1515 1407 0 1514 1406 0 1565 1455 0 1565 1455 0 1514 1406 0 1564 1454 0 1516 1408 0 1515 1407 0 1566 1456 0 1566 1456 0 1515 1407 0 1565 1455 0 1517 1409 0 1516 1408 0 1567 1457 0 1567 1457 0 1516 1408 0 1566 1456 0 1518 1410 0 1517 1409 0 1568 1458 0 1568 1458 0 1517 1409 0 1567 1457 0 1519 1411 0 1518 1410 0 1569 1459 0 1569 1459 0 1518 1410 0 1568 1458 0 1520 1412 0 1519 1411 0 1570 1460 0 1570 1460 0 1519 1411 0 1569 1459 0 1521 1413 0 1520 1412 0 1571 1461 0 1571 1461 0 1520 1412 0 1570 1460 0 1522 1414 0 1521 1413 0 1572 1462 0 1572 1462 0 1521 1413 0 1571 1461 0 1523 1415 0 1522 1414 0 1573 1463 0 1573 1463 0 1522 1414 0 1572 1462 0 1524 1416 0 1523 1415 0 1574 1464 0 1574 1464 0 1523 1415 0 1573 1463 0 1525 1417 0 1524 1416 0 1575 1465 0 1575 1465 0 1524 1416 0 1574 1464 0 1526 1418 0 1525 1417 0 1576 1466 0 1576 1466 0 1525 1417 0 1575 1465 0 1527 1330 0 1526 1418 0 1577 1467 0 1577 1467 0 1526 1418 0 1576 1466 0 1528 1330 0 1527 1330 0 1578 1467 0 1578 1467 0 1527 1330 0 1577 1467 0 1529 1419 0 1528 1330 0 1579 1468 0 1579 1468 0 1528 1330 0 1578 1467 0 1530 1420 0 1529 1419 0 1580 1469 0 1580 1469 0 1529 1419 0 1579 1468 0 1531 1421 0 1530 1420 0 1581 1470 0 1581 1470 0 1530 1420 0 1580 1469 0 1532 1422 0 1531 1421 0 1582 1471 0 1582 1471 0 1531 1421 0 1581 1470 0 1533 1423 0 1532 1422 0 1583 1472 0 1583 1472 0 1532 1422 0 1582 1471 0 1534 1424 0 1533 1423 0 1584 1473 0 1584 1473 0 1533 1423 0 1583 1472 0 1535 1425 0 1534 1424 0 1585 1474 0 1585 1474 0 1534 1424 0 1584 1473 0 1536 1426 0 1535 1425 0 1586 1475 0 1586 1475 0 1535 1425 0 1585 1474 0 1537 1427 0 1536 1426 0 1587 1476 0 1587 1476 0 1536 1426 0 1586 1475 0 1538 1428 0 1537 1427 0 1588 1477 0 1588 1477 0 1537 1427 0 1587 1476 0 1539 1429 0 1538 1428 0 1589 1478 0 1589 1478 0 1538 1428 0 1588 1477 0 1540 1430 0 1539 1429 0 1590 1479 0 1590 1479 0 1539 1429 0 1589 1478 0 1541 1431 0 1540 1430 0 1591 1480 0 1591 1480 0 1540 1430 0 1590 1479 0 1542 1432 0 1541 1431 0 1592 1481 0 1592 1481 0 1541 1431 0 1591 1480 0 1543 1433 0 1542 1432 0 1593 1482 0 1593 1482 0 1542 1432 0 1592 1481 0 1544 1434 0 1543 1433 0 1594 1483 0 1594 1483 0 1543 1433 0 1593 1482 0 1545 1435 0 1544 1434 0 1595 1484 0 1595 1484 0 1544 1434 0 1594 1483 0 1546 1436 0 1545 1435 0 1596 1485 0 1596 1485 0 1545 1435 0 1595 1484 0 1547 1437 0 1546 1436 0 1597 1486 0 1597 1486 0 1546 1436 0 1596 1485 0 1548 1438 0 1547 1437 0 1598 1487 0 1598 1487 0 1547 1437 0 1597 1486 0 1549 1439 0 1548 1438 0 1599 1488 0 1599 1488 0 1548 1438 0 1598 1487 0 1550 1440 0 1549 1439 0 1600 1489 0 1600 1489 0 1549 1439 0 1599 1488 0 1551 1441 0 1550 1440 0 1601 1490 0 1601 1490 0 1550 1440 0 1600 1489 0 1552 1442 0 1551 1441 0 1602 1491 0 1602 1491 0 1551 1441 0 1601 1490 0 1603 1492 0 1553 1443 0 1552 1442 0 1602 1491 0 1603 1492 0 1552 1442 0 1605 1494 0 1555 1445 0 1554 1444 0 1604 1493 0 1605 1494 0 1554 1444 0 1556 1446 0 1555 1445 0 1606 1495 0 1606 1495 0 1555 1445 0 1605 1494 0 1557 1447 0 1556 1446 0 1607 1496 0 1607 1496 0 1556 1446 0 1606 1495 0 1558 1448 0 1557 1447 0 1608 1497 0 1608 1497 0 1557 1447 0 1607 1496 0 1559 1449 0 1558 1448 0 1609 1498 0 1609 1498 0 1558 1448 0 1608 1497 0 1560 1450 0 1559 1449 0 1610 1499 0 1610 1499 0 1559 1449 0 1609 1498 0 1561 1451 0 1560 1450 0 1611 1500 0 1611 1500 0 1560 1450 0 1610 1499 0 1562 1452 0 1561 1451 0 1612 1501 0 1612 1501 0 1561 1451 0 1611 1500 0 1563 1453 0 1562 1452 0 1613 1502 0 1613 1502 0 1562 1452 0 1612 1501 0 1564 1454 0 1563 1453 0 1614 1503 0 1614 1503 0 1563 1453 0 1613 1502 0 1565 1455 0 1564 1454 0 1615 1504 0 1615 1504 0 1564 1454 0 1614 1503 0 1566 1456 0 1565 1455 0 1616 1505 0 1616 1505 0 1565 1455 0 1615 1504 0 1567 1457 0 1566 1456 0 1617 1506 0 1617 1506 0 1566 1456 0 1616 1505 0 1568 1458 0 1567 1457 0 1618 1507 0 1618 1507 0 1567 1457 0 1617 1506 0 1569 1459 0 1568 1458 0 1619 1508 0 1619 1508 0 1568 1458 0 1618 1507 0 1570 1460 0 1569 1459 0 1620 1509 0 1620 1509 0 1569 1459 0 1619 1508 0 1571 1461 0 1570 1460 0 1621 1510 0 1621 1510 0 1570 1460 0 1620 1509 0 1572 1462 0 1571 1461 0 1622 1511 0 1622 1511 0 1571 1461 0 1621 1510 0 1573 1463 0 1572 1462 0 1623 1512 0 1623 1512 0 1572 1462 0 1622 1511 0 1574 1464 0 1573 1463 0 1624 1513 0 1624 1513 0 1573 1463 0 1623 1512 0 1575 1465 0 1574 1464 0 1625 1514 0 1625 1514 0 1574 1464 0 1624 1513 0 1576 1466 0 1575 1465 0 1626 1515 0 1626 1515 0 1575 1465 0 1625 1514 0 1577 1467 0 1576 1466 0 1627 1516 0 1627 1516 0 1576 1466 0 1626 1515 0 1578 1467 0 1577 1467 0 1628 1517 0 1628 1517 0 1577 1467 0 1627 1516 0 1579 1468 0 1578 1467 0 1629 1518 0 1629 1518 0 1578 1467 0 1628 1517 0 1580 1469 0 1579 1468 0 1630 1519 0 1630 1519 0 1579 1468 0 1629 1518 0 1581 1470 0 1580 1469 0 1631 1520 0 1631 1520 0 1580 1469 0 1630 1519 0 1582 1471 0 1581 1470 0 1632 1521 0 1632 1521 0 1581 1470 0 1631 1520 0 1583 1472 0 1582 1471 0 1633 1522 0 1633 1522 0 1582 1471 0 1632 1521 0 1584 1473 0 1583 1472 0 1634 1523 0 1634 1523 0 1583 1472 0 1633 1522 0 1585 1474 0 1584 1473 0 1635 1524 0 1635 1524 0 1584 1473 0 1634 1523 0 1586 1475 0 1585 1474 0 1636 1525 0 1636 1525 0 1585 1474 0 1635 1524 0 1587 1476 0 1586 1475 0 1637 1526 0 1637 1526 0 1586 1475 0 1636 1525 0 1588 1477 0 1587 1476 0 1638 1527 0 1638 1527 0 1587 1476 0 1637 1526 0 1589 1478 0 1588 1477 0 1639 1528 0 1639 1528 0 1588 1477 0 1638 1527 0 1590 1479 0 1589 1478 0 1640 1529 0 1640 1529 0 1589 1478 0 1639 1528 0 1591 1480 0 1590 1479 0 1641 1530 0 1641 1530 0 1590 1479 0 1640 1529 0 1592 1481 0 1591 1480 0 1642 1531 0 1642 1531 0 1591 1480 0 1641 1530 0 1593 1482 0 1592 1481 0 1643 1532 0 1643 1532 0 1592 1481 0 1642 1531 0 1594 1483 0 1593 1482 0 1644 1533 0 1644 1533 0 1593 1482 0 1643 1532 0 1595 1484 0 1594 1483 0 1645 1534 0 1645 1534 0 1594 1483 0 1644 1533 0 1596 1485 0 1595 1484 0 1646 1535 0 1646 1535 0 1595 1484 0 1645 1534 0 1597 1486 0 1596 1485 0 1647 1536 0 1647 1536 0 1596 1485 0 1646 1535 0 1598 1487 0 1597 1486 0 1648 1537 0 1648 1537 0 1597 1486 0 1647 1536 0 1599 1488 0 1598 1487 0 1649 1538 0 1649 1538 0 1598 1487 0 1648 1537 0 1600 1489 0 1599 1488 0 1650 1539 0 1650 1539 0 1599 1488 0 1649 1538 0 1601 1490 0 1600 1489 0 1651 1540 0 1651 1540 0 1600 1489 0 1650 1539 0 1602 1491 0 1601 1490 0 1652 1541 0 1652 1541 0 1601 1490 0 1651 1540 0 1653 1542 0 1603 1492 0 1602 1491 0 1652 1541 0 1653 1542 0 1602 1491 0 1655 1544 0 1605 1494 0 1604 1493 0 1654 1543 0 1655 1544 0 1604 1493 0 1606 1495 0 1605 1494 0 1656 1545 0 1656 1545 0 1605 1494 0 1655 1544 0 1607 1496 0 1606 1495 0 1657 1546 0 1657 1546 0 1606 1495 0 1656 1545 0 1608 1497 0 1607 1496 0 1658 1547 0 1658 1547 0 1607 1496 0 1657 1546 0 1609 1498 0 1608 1497 0 1659 1548 0 1659 1548 0 1608 1497 0 1658 1547 0 1610 1499 0 1609 1498 0 1660 1549 0 1660 1549 0 1609 1498 0 1659 1548 0 1611 1500 0 1610 1499 0 1661 1550 0 1661 1550 0 1610 1499 0 1660 1549 0 1612 1501 0 1611 1500 0 1662 1551 0 1662 1551 0 1611 1500 0 1661 1550 0 1613 1502 0 1612 1501 0 1663 1552 0 1663 1552 0 1612 1501 0 1662 1551 0 1614 1503 0 1613 1502 0 1664 1553 0 1664 1553 0 1613 1502 0 1663 1552 0 1615 1504 0 1614 1503 0 1665 1554 0 1665 1554 0 1614 1503 0 1664 1553 0 1616 1505 0 1615 1504 0 1666 1555 0 1666 1555 0 1615 1504 0 1665 1554 0 1617 1506 0 1616 1505 0 1667 1556 0 1667 1556 0 1616 1505 0 1666 1555 0 1618 1507 0 1617 1506 0 1668 1557 0 1668 1557 0 1617 1506 0 1667 1556 0 1619 1508 0 1618 1507 0 1669 1558 0 1669 1558 0 1618 1507 0 1668 1557 0 1620 1509 0 1619 1508 0 1670 1559 0 1670 1559 0 1619 1508 0 1669 1558 0 1621 1510 0 1620 1509 0 1671 1560 0 1671 1560 0 1620 1509 0 1670 1559 0 1622 1511 0 1621 1510 0 1672 1561 0 1672 1561 0 1621 1510 0 1671 1560 0 1623 1512 0 1622 1511 0 1673 1562 0 1673 1562 0 1622 1511 0 1672 1561 0 1624 1513 0 1623 1512 0 1674 1563 0 1674 1563 0 1623 1512 0 1673 1562 0 1625 1514 0 1624 1513 0 1675 1564 0 1675 1564 0 1624 1513 0 1674 1563 0 1626 1515 0 1625 1514 0 1676 1565 0 1676 1565 0 1625 1514 0 1675 1564 0 1627 1516 0 1626 1515 0 1677 1566 0 1677 1566 0 1626 1515 0 1676 1565 0 1628 1517 0 1627 1516 0 1678 1567 0 1678 1567 0 1627 1516 0 1677 1566 0 1629 1518 0 1628 1517 0 1679 1568 0 1679 1568 0 1628 1517 0 1678 1567 0 1630 1519 0 1629 1518 0 1680 1569 0 1680 1569 0 1629 1518 0 1679 1568 0 1631 1520 0 1630 1519 0 1681 1570 0 1681 1570 0 1630 1519 0 1680 1569 0 1632 1521 0 1631 1520 0 1682 1571 0 1682 1571 0 1631 1520 0 1681 1570 0 1633 1522 0 1632 1521 0 1683 1572 0 1683 1572 0 1632 1521 0 1682 1571 0 1634 1523 0 1633 1522 0 1684 1573 0 1684 1573 0 1633 1522 0 1683 1572 0 1635 1524 0 1634 1523 0 1685 1574 0 1685 1574 0 1634 1523 0 1684 1573 0 1636 1525 0 1635 1524 0 1686 1575 0 1686 1575 0 1635 1524 0 1685 1574 0 1637 1526 0 1636 1525 0 1687 1576 0 1687 1576 0 1636 1525 0 1686 1575 0 1638 1527 0 1637 1526 0 1688 1577 0 1688 1577 0 1637 1526 0 1687 1576 0 1639 1528 0 1638 1527 0 1689 1578 0 1689 1578 0 1638 1527 0 1688 1577 0 1640 1529 0 1639 1528 0 1690 1579 0 1690 1579 0 1639 1528 0 1689 1578 0 1641 1530 0 1640 1529 0 1691 1580 0 1691 1580 0 1640 1529 0 1690 1579 0 1642 1531 0 1641 1530 0 1692 1581 0 1692 1581 0 1641 1530 0 1691 1580 0 1643 1532 0 1642 1531 0 1693 1582 0 1693 1582 0 1642 1531 0 1692 1581 0 1644 1533 0 1643 1532 0 1694 1583 0 1694 1583 0 1643 1532 0 1693 1582 0 1645 1534 0 1644 1533 0 1695 1584 0 1695 1584 0 1644 1533 0 1694 1583 0 1646 1535 0 1645 1534 0 1696 1585 0 1696 1585 0 1645 1534 0 1695 1584 0 1647 1536 0 1646 1535 0 1697 1586 0 1697 1586 0 1646 1535 0 1696 1585 0 1648 1537 0 1647 1536 0 1698 1587 0 1698 1587 0 1647 1536 0 1697 1586 0 1649 1538 0 1648 1537 0 1699 1588 0 1699 1588 0 1648 1537 0 1698 1587 0 1650 1539 0 1649 1538 0 1700 1589 0 1700 1589 0 1649 1538 0 1699 1588 0 1651 1540 0 1650 1539 0 1701 1590 0 1701 1590 0 1650 1539 0 1700 1589 0 1652 1541 0 1651 1540 0 1702 1591 0 1702 1591 0 1651 1540 0 1701 1590 0 1703 1592 0 1653 1542 0 1652 1541 0 1702 1591 0 1703 1592 0 1652 1541 0 1705 1594 0 1655 1544 0 1654 1543 0 1704 1593 0 1705 1594 0 1654 1543 0 1656 1545 0 1655 1544 0 1706 1595 0 1706 1595 0 1655 1544 0 1705 1594 0 1657 1546 0 1656 1545 0 1707 1596 0 1707 1596 0 1656 1545 0 1706 1595 0 1658 1547 0 1657 1546 0 1708 1597 0 1708 1597 0 1657 1546 0 1707 1596 0 1659 1548 0 1658 1547 0 1709 1598 0 1709 1598 0 1658 1547 0 1708 1597 0 1660 1549 0 1659 1548 0 1710 1599 0 1710 1599 0 1659 1548 0 1709 1598 0 1661 1550 0 1660 1549 0 1711 1600 0 1711 1600 0 1660 1549 0 1710 1599 0 1662 1551 0 1661 1550 0 1712 1601 0 1712 1601 0 1661 1550 0 1711 1600 0 1663 1552 0 1662 1551 0 1713 1602 0 1713 1602 0 1662 1551 0 1712 1601 0 1664 1553 0 1663 1552 0 1714 1603 0 1714 1603 0 1663 1552 0 1713 1602 0 1665 1554 0 1664 1553 0 1715 1604 0 1715 1604 0 1664 1553 0 1714 1603 0 1666 1555 0 1665 1554 0 1716 1605 0 1716 1605 0 1665 1554 0 1715 1604 0 1667 1556 0 1666 1555 0 1717 1606 0 1717 1606 0 1666 1555 0 1716 1605 0 1668 1557 0 1667 1556 0 1718 1607 0 1718 1607 0 1667 1556 0 1717 1606 0 1669 1558 0 1668 1557 0 1719 1608 0 1719 1608 0 1668 1557 0 1718 1607 0 1670 1559 0 1669 1558 0 1720 1609 0 1720 1609 0 1669 1558 0 1719 1608 0 1671 1560 0 1670 1559 0 1721 1610 0 1721 1610 0 1670 1559 0 1720 1609 0 1672 1561 0 1671 1560 0 1722 1611 0 1722 1611 0 1671 1560 0 1721 1610 0 1673 1562 0 1672 1561 0 1723 1612 0 1723 1612 0 1672 1561 0 1722 1611 0 1674 1563 0 1673 1562 0 1724 1613 0 1724 1613 0 1673 1562 0 1723 1612 0 1675 1564 0 1674 1563 0 1725 1614 0 1725 1614 0 1674 1563 0 1724 1613 0 1676 1565 0 1675 1564 0 1726 1615 0 1726 1615 0 1675 1564 0 1725 1614 0 1677 1566 0 1676 1565 0 1727 1616 0 1727 1616 0 1676 1565 0 1726 1615 0 1678 1567 0 1677 1566 0 1728 1617 0 1728 1617 0 1677 1566 0 1727 1616 0 1679 1568 0 1678 1567 0 1729 1618 0 1729 1618 0 1678 1567 0 1728 1617 0 1680 1569 0 1679 1568 0 1730 1619 0 1730 1619 0 1679 1568 0 1729 1618 0 1681 1570 0 1680 1569 0 1731 1620 0 1731 1620 0 1680 1569 0 1730 1619 0 1682 1571 0 1681 1570 0 1732 1621 0 1732 1621 0 1681 1570 0 1731 1620 0 1683 1572 0 1682 1571 0 1733 1622 0 1733 1622 0 1682 1571 0 1732 1621 0 1684 1573 0 1683 1572 0 1734 1623 0 1734 1623 0 1683 1572 0 1733 1622 0 1685 1574 0 1684 1573 0 1735 1624 0 1735 1624 0 1684 1573 0 1734 1623 0 1686 1575 0 1685 1574 0 1736 1625 0 1736 1625 0 1685 1574 0 1735 1624 0 1687 1576 0 1686 1575 0 1737 1626 0 1737 1626 0 1686 1575 0 1736 1625 0 1688 1577 0 1687 1576 0 1738 1627 0 1738 1627 0 1687 1576 0 1737 1626 0 1689 1578 0 1688 1577 0 1739 1628 0 1739 1628 0 1688 1577 0 1738 1627 0 1690 1579 0 1689 1578 0 1740 1629 0 1740 1629 0 1689 1578 0 1739 1628 0 1691 1580 0 1690 1579 0 1741 1630 0 1741 1630 0 1690 1579 0 1740 1629 0 1692 1581 0 1691 1580 0 1742 1631 0 1742 1631 0 1691 1580 0 1741 1630 0 1693 1582 0 1692 1581 0 1743 1632 0 1743 1632 0 1692 1581 0 1742 1631 0 1694 1583 0 1693 1582 0 1744 1633 0 1744 1633 0 1693 1582 0 1743 1632 0 1695 1584 0 1694 1583 0 1745 1634 0 1745 1634 0 1694 1583 0 1744 1633 0 1696 1585 0 1695 1584 0 1746 1635 0 1746 1635 0 1695 1584 0 1745 1634 0 1697 1586 0 1696 1585 0 1747 1636 0 1747 1636 0 1696 1585 0 1746 1635 0 1698 1587 0 1697 1586 0 1748 1637 0 1748 1637 0 1697 1586 0 1747 1636 0 1699 1588 0 1698 1587 0 1749 1638 0 1749 1638 0 1698 1587 0 1748 1637 0 1700 1589 0 1699 1588 0 1750 1639 0 1750 1639 0 1699 1588 0 1749 1638 0 1701 1590 0 1700 1589 0 1751 1640 0 1751 1640 0 1700 1589 0 1750 1639 0 1702 1591 0 1701 1590 0 1752 1641 0 1752 1641 0 1701 1590 0 1751 1640 0 1753 1642 0 1703 1592 0 1702 1591 0 1752 1641 0 1753 1642 0 1702 1591 0 1755 1644 0 1705 1594 0 1704 1593 0 1754 1643 0 1755 1644 0 1704 1593 0 1706 1595 0 1705 1594 0 1756 1645 0 1756 1645 0 1705 1594 0 1755 1644 0 1707 1596 0 1706 1595 0 1757 1646 0 1757 1646 0 1706 1595 0 1756 1645 0 1708 1597 0 1707 1596 0 1758 1647 0 1758 1647 0 1707 1596 0 1757 1646 0 1709 1598 0 1708 1597 0 1759 1648 0 1759 1648 0 1708 1597 0 1758 1647 0 1710 1599 0 1709 1598 0 1760 1649 0 1760 1649 0 1709 1598 0 1759 1648 0 1711 1600 0 1710 1599 0 1761 1650 0 1761 1650 0 1710 1599 0 1760 1649 0 1712 1601 0 1711 1600 0 1762 1651 0 1762 1651 0 1711 1600 0 1761 1650 0 1713 1602 0 1712 1601 0 1763 1652 0 1763 1652 0 1712 1601 0 1762 1651 0 1714 1603 0 1713 1602 0 1764 1653 0 1764 1653 0 1713 1602 0 1763 1652 0 1715 1604 0 1714 1603 0 1765 1654 0 1765 1654 0 1714 1603 0 1764 1653 0 1716 1605 0 1715 1604 0 1766 1655 0 1766 1655 0 1715 1604 0 1765 1654 0 1717 1606 0 1716 1605 0 1767 1656 0 1767 1656 0 1716 1605 0 1766 1655 0 1718 1607 0 1717 1606 0 1768 1657 0 1768 1657 0 1717 1606 0 1767 1656 0 1719 1608 0 1718 1607 0 1769 1658 0 1769 1658 0 1718 1607 0 1768 1657 0 1720 1609 0 1719 1608 0 1770 1659 0 1770 1659 0 1719 1608 0 1769 1658 0 1721 1610 0 1720 1609 0 1771 1660 0 1771 1660 0 1720 1609 0 1770 1659 0 1722 1611 0 1721 1610 0 1772 1661 0 1772 1661 0 1721 1610 0 1771 1660 0 1723 1612 0 1722 1611 0 1773 1662 0 1773 1662 0 1722 1611 0 1772 1661 0 1724 1613 0 1723 1612 0 1774 1663 0 1774 1663 0 1723 1612 0 1773 1662 0 1725 1614 0 1724 1613 0 1775 1664 0 1775 1664 0 1724 1613 0 1774 1663 0 1726 1615 0 1725 1614 0 1776 1665 0 1776 1665 0 1725 1614 0 1775 1664 0 1727 1616 0 1726 1615 0 1777 1666 0 1777 1666 0 1726 1615 0 1776 1665 0 1728 1617 0 1727 1616 0 1778 1667 0 1778 1667 0 1727 1616 0 1777 1666 0 1729 1618 0 1728 1617 0 1779 1668 0 1779 1668 0 1728 1617 0 1778 1667 0 1730 1619 0 1729 1618 0 1780 1669 0 1780 1669 0 1729 1618 0 1779 1668 0 1731 1620 0 1730 1619 0 1781 1670 0 1781 1670 0 1730 1619 0 1780 1669 0 1732 1621 0 1731 1620 0 1782 1671 0 1782 1671 0 1731 1620 0 1781 1670 0 1733 1622 0 1732 1621 0 1783 1672 0 1783 1672 0 1732 1621 0 1782 1671 0 1734 1623 0 1733 1622 0 1784 1673 0 1784 1673 0 1733 1622 0 1783 1672 0 1735 1624 0 1734 1623 0 1785 1674 0 1785 1674 0 1734 1623 0 1784 1673 0 1736 1625 0 1735 1624 0 1786 1675 0 1786 1675 0 1735 1624 0 1785 1674 0 1737 1626 0 1736 1625 0 1787 1676 0 1787 1676 0 1736 1625 0 1786 1675 0 1738 1627 0 1737 1626 0 1788 1677 0 1788 1677 0 1737 1626 0 1787 1676 0 1739 1628 0 1738 1627 0 1789 1678 0 1789 1678 0 1738 1627 0 1788 1677 0 1740 1629 0 1739 1628 0 1790 1679 0 1790 1679 0 1739 1628 0 1789 1678 0 1741 1630 0 1740 1629 0 1791 1680 0 1791 1680 0 1740 1629 0 1790 1679 0 1742 1631 0 1741 1630 0 1792 1681 0 1792 1681 0 1741 1630 0 1791 1680 0 1743 1632 0 1742 1631 0 1793 1682 0 1793 1682 0 1742 1631 0 1792 1681 0 1744 1633 0 1743 1632 0 1794 1683 0 1794 1683 0 1743 1632 0 1793 1682 0 1745 1634 0 1744 1633 0 1795 1684 0 1795 1684 0 1744 1633 0 1794 1683 0 1746 1635 0 1745 1634 0 1796 1685 0 1796 1685 0 1745 1634 0 1795 1684 0 1747 1636 0 1746 1635 0 1797 1686 0 1797 1686 0 1746 1635 0 1796 1685 0 1748 1637 0 1747 1636 0 1798 1687 0 1798 1687 0 1747 1636 0 1797 1686 0 1749 1638 0 1748 1637 0 1799 1688 0 1799 1688 0 1748 1637 0 1798 1687 0 1750 1639 0 1749 1638 0 1800 1689 0 1800 1689 0 1749 1638 0 1799 1688 0 1751 1640 0 1750 1639 0 1801 1690 0 1801 1690 0 1750 1639 0 1800 1689 0 1752 1641 0 1751 1640 0 1802 1691 0 1802 1691 0 1751 1640 0 1801 1690 0 1803 1692 0 1753 1642 0 1752 1641 0 1802 1691 0 1803 1692 0 1752 1641 0 1805 1694 0 1755 1644 0 1754 1643 0 1804 1693 0 1805 1694 0 1754 1643 0 1756 1645 0 1755 1644 0 1806 1695 0 1806 1695 0 1755 1644 0 1805 1694 0 1757 1646 0 1756 1645 0 1807 1696 0 1807 1696 0 1756 1645 0 1806 1695 0 1758 1647 0 1757 1646 0 1808 1697 0 1808 1697 0 1757 1646 0 1807 1696 0 1759 1648 0 1758 1647 0 1809 1698 0 1809 1698 0 1758 1647 0 1808 1697 0 1760 1649 0 1759 1648 0 1810 1699 0 1810 1699 0 1759 1648 0 1809 1698 0 1761 1650 0 1760 1649 0 1811 1700 0 1811 1700 0 1760 1649 0 1810 1699 0 1762 1651 0 1761 1650 0 1812 1701 0 1812 1701 0 1761 1650 0 1811 1700 0 1763 1652 0 1762 1651 0 1813 1702 0 1813 1702 0 1762 1651 0 1812 1701 0 1764 1653 0 1763 1652 0 1814 1703 0 1814 1703 0 1763 1652 0 1813 1702 0 1765 1654 0 1764 1653 0 1815 1704 0 1815 1704 0 1764 1653 0 1814 1703 0 1766 1655 0 1765 1654 0 1816 1705 0 1816 1705 0 1765 1654 0 1815 1704 0 1767 1656 0 1766 1655 0 1817 1706 0 1817 1706 0 1766 1655 0 1816 1705 0 1768 1657 0 1767 1656 0 1818 1707 0 1818 1707 0 1767 1656 0 1817 1706 0 1769 1658 0 1768 1657 0 1819 1708 0 1819 1708 0 1768 1657 0 1818 1707 0 1770 1659 0 1769 1658 0 1820 1709 0 1820 1709 0 1769 1658 0 1819 1708 0 1771 1660 0 1770 1659 0 1821 1710 0 1821 1710 0 1770 1659 0 1820 1709 0 1772 1661 0 1771 1660 0 1822 1711 0 1822 1711 0 1771 1660 0 1821 1710 0 1773 1662 0 1772 1661 0 1823 1712 0 1823 1712 0 1772 1661 0 1822 1711 0 1774 1663 0 1773 1662 0 1824 1713 0 1824 1713 0 1773 1662 0 1823 1712 0 1775 1664 0 1774 1663 0 1825 1714 0 1825 1714 0 1774 1663 0 1824 1713 0 1776 1665 0 1775 1664 0 1826 1715 0 1826 1715 0 1775 1664 0 1825 1714 0 1777 1666 0 1776 1665 0 1827 1716 0 1827 1716 0 1776 1665 0 1826 1715 0 1778 1667 0 1777 1666 0 1828 1717 0 1828 1717 0 1777 1666 0 1827 1716 0 1779 1668 0 1778 1667 0 1829 1718 0 1829 1718 0 1778 1667 0 1828 1717 0 1780 1669 0 1779 1668 0 1830 1719 0 1830 1719 0 1779 1668 0 1829 1718 0 1781 1670 0 1780 1669 0 1831 1720 0 1831 1720 0 1780 1669 0 1830 1719 0 1782 1671 0 1781 1670 0 1832 1721 0 1832 1721 0 1781 1670 0 1831 1720 0 1783 1672 0 1782 1671 0 1833 1722 0 1833 1722 0 1782 1671 0 1832 1721 0 1784 1673 0 1783 1672 0 1834 1723 0 1834 1723 0 1783 1672 0 1833 1722 0 1785 1674 0 1784 1673 0 1835 1724 0 1835 1724 0 1784 1673 0 1834 1723 0 1786 1675 0 1785 1674 0 1836 1725 0 1836 1725 0 1785 1674 0 1835 1724 0 1787 1676 0 1786 1675 0 1837 1726 0 1837 1726 0 1786 1675 0 1836 1725 0 1788 1677 0 1787 1676 0 1838 1727 0 1838 1727 0 1787 1676 0 1837 1726 0 1789 1678 0 1788 1677 0 1839 1728 0 1839 1728 0 1788 1677 0 1838 1727 0 1790 1679 0 1789 1678 0 1840 1729 0 1840 1729 0 1789 1678 0 1839 1728 0 1791 1680 0 1790 1679 0 1841 1730 0 1841 1730 0 1790 1679 0 1840 1729 0 1792 1681 0 1791 1680 0 1842 1731 0 1842 1731 0 1791 1680 0 1841 1730 0 1793 1682 0 1792 1681 0 1843 1732 0 1843 1732 0 1792 1681 0 1842 1731 0 1794 1683 0 1793 1682 0 1844 1733 0 1844 1733 0 1793 1682 0 1843 1732 0 1795 1684 0 1794 1683 0 1845 1734 0 1845 1734 0 1794 1683 0 1844 1733 0 1796 1685 0 1795 1684 0 1846 1735 0 1846 1735 0 1795 1684 0 1845 1734 0 1797 1686 0 1796 1685 0 1847 1736 0 1847 1736 0 1796 1685 0 1846 1735 0 1798 1687 0 1797 1686 0 1848 1737 0 1848 1737 0 1797 1686 0 1847 1736 0 1799 1688 0 1798 1687 0 1849 1738 0 1849 1738 0 1798 1687 0 1848 1737 0 1800 1689 0 1799 1688 0 1850 1739 0 1850 1739 0 1799 1688 0 1849 1738 0 1801 1690 0 1800 1689 0 1851 1740 0 1851 1740 0 1800 1689 0 1850 1739 0 1802 1691 0 1801 1690 0 1852 1741 0 1852 1741 0 1801 1690 0 1851 1740 0 1853 1742 0 1803 1692 0 1802 1691 0 1852 1741 0 1853 1742 0 1802 1691 0 1855 1744 0 1805 1694 0 1804 1693 0 1854 1743 0 1855 1744 0 1804 1693 0 1806 1695 0 1805 1694 0 1856 1745 0 1856 1745 0 1805 1694 0 1855 1744 0 1807 1696 0 1806 1695 0 1857 1746 0 1857 1746 0 1806 1695 0 1856 1745 0 1808 1697 0 1807 1696 0 1858 1747 0 1858 1747 0 1807 1696 0 1857 1746 0 1809 1698 0 1808 1697 0 1859 1748 0 1859 1748 0 1808 1697 0 1858 1747 0 1810 1699 0 1809 1698 0 1860 1749 0 1860 1749 0 1809 1698 0 1859 1748 0 1811 1700 0 1810 1699 0 1861 1750 0 1861 1750 0 1810 1699 0 1860 1749 0 1812 1701 0 1811 1700 0 1862 1751 0 1862 1751 0 1811 1700 0 1861 1750 0 1813 1702 0 1812 1701 0 1863 1752 0 1863 1752 0 1812 1701 0 1862 1751 0 1814 1703 0 1813 1702 0 1864 1753 0 1864 1753 0 1813 1702 0 1863 1752 0 1815 1704 0 1814 1703 0 1865 1754 0 1865 1754 0 1814 1703 0 1864 1753 0 1816 1705 0 1815 1704 0 1866 1755 0 1866 1755 0 1815 1704 0 1865 1754 0 1817 1706 0 1816 1705 0 1867 1756 0 1867 1756 0 1816 1705 0 1866 1755 0 1818 1707 0 1817 1706 0 1868 1757 0 1868 1757 0 1817 1706 0 1867 1756 0 1819 1708 0 1818 1707 0 1869 1758 0 1869 1758 0 1818 1707 0 1868 1757 0 1820 1709 0 1819 1708 0 1870 1759 0 1870 1759 0 1819 1708 0 1869 1758 0 1821 1710 0 1820 1709 0 1871 1760 0 1871 1760 0 1820 1709 0 1870 1759 0 1822 1711 0 1821 1710 0 1872 1761 0 1872 1761 0 1821 1710 0 1871 1760 0 1823 1712 0 1822 1711 0 1873 1762 0 1873 1762 0 1822 1711 0 1872 1761 0 1824 1713 0 1823 1712 0 1874 1763 0 1874 1763 0 1823 1712 0 1873 1762 0 1825 1714 0 1824 1713 0 1875 1764 0 1875 1764 0 1824 1713 0 1874 1763 0 1826 1715 0 1825 1714 0 1876 1765 0 1876 1765 0 1825 1714 0 1875 1764 0 1827 1716 0 1826 1715 0 1877 1766 0 1877 1766 0 1826 1715 0 1876 1765 0 1828 1717 0 1827 1716 0 1878 1767 0 1878 1767 0 1827 1716 0 1877 1766 0 1829 1718 0 1828 1717 0 1879 1768 0 1879 1768 0 1828 1717 0 1878 1767 0 1830 1719 0 1829 1718 0 1880 1769 0 1880 1769 0 1829 1718 0 1879 1768 0 1831 1720 0 1830 1719 0 1881 1770 0 1881 1770 0 1830 1719 0 1880 1769 0 1832 1721 0 1831 1720 0 1882 1771 0 1882 1771 0 1831 1720 0 1881 1770 0 1833 1722 0 1832 1721 0 1883 1772 0 1883 1772 0 1832 1721 0 1882 1771 0 1834 1723 0 1833 1722 0 1884 1773 0 1884 1773 0 1833 1722 0 1883 1772 0 1835 1724 0 1834 1723 0 1885 1774 0 1885 1774 0 1834 1723 0 1884 1773 0 1836 1725 0 1835 1724 0 1886 1775 0 1886 1775 0 1835 1724 0 1885 1774 0 1837 1726 0 1836 1725 0 1887 1776 0 1887 1776 0 1836 1725 0 1886 1775 0 1838 1727 0 1837 1726 0 1888 1777 0 1888 1777 0 1837 1726 0 1887 1776 0 1839 1728 0 1838 1727 0 1889 1778 0 1889 1778 0 1838 1727 0 1888 1777 0 1840 1729 0 1839 1728 0 1890 1779 0 1890 1779 0 1839 1728 0 1889 1778 0 1841 1730 0 1840 1729 0 1891 1780 0 1891 1780 0 1840 1729 0 1890 1779 0 1842 1731 0 1841 1730 0 1892 1781 0 1892 1781 0 1841 1730 0 1891 1780 0 1843 1732 0 1842 1731 0 1893 1782 0 1893 1782 0 1842 1731 0 1892 1781 0 1844 1733 0 1843 1732 0 1894 1783 0 1894 1783 0 1843 1732 0 1893 1782 0 1845 1734 0 1844 1733 0 1895 1784 0 1895 1784 0 1844 1733 0 1894 1783 0 1846 1735 0 1845 1734 0 1896 1785 0 1896 1785 0 1845 1734 0 1895 1784 0 1847 1736 0 1846 1735 0 1897 1786 0 1897 1786 0 1846 1735 0 1896 1785 0 1848 1737 0 1847 1736 0 1898 1787 0 1898 1787 0 1847 1736 0 1897 1786 0 1849 1738 0 1848 1737 0 1899 1788 0 1899 1788 0 1848 1737 0 1898 1787 0 1850 1739 0 1849 1738 0 1900 1789 0 1900 1789 0 1849 1738 0 1899 1788 0 1851 1740 0 1850 1739 0 1901 1790 0 1901 1790 0 1850 1739 0 1900 1789 0 1852 1741 0 1851 1740 0 1902 1791 0 1902 1791 0 1851 1740 0 1901 1790 0 1903 1792 0 1853 1742 0 1852 1741 0 1902 1791 0 1903 1792 0 1852 1741 0 1905 1794 0 1855 1744 0 1854 1743 0 1904 1793 0 1905 1794 0 1854 1743 0 1856 1745 0 1855 1744 0 1906 1795 0 1906 1795 0 1855 1744 0 1905 1794 0 1857 1746 0 1856 1745 0 1907 1796 0 1907 1796 0 1856 1745 0 1906 1795 0 1858 1747 0 1857 1746 0 1908 1797 0 1908 1797 0 1857 1746 0 1907 1796 0 1859 1748 0 1858 1747 0 1909 1798 0 1909 1798 0 1858 1747 0 1908 1797 0 1860 1749 0 1859 1748 0 1910 1799 0 1910 1799 0 1859 1748 0 1909 1798 0 1861 1750 0 1860 1749 0 1911 1800 0 1911 1800 0 1860 1749 0 1910 1799 0 1862 1751 0 1861 1750 0 1912 1801 0 1912 1801 0 1861 1750 0 1911 1800 0 1863 1752 0 1862 1751 0 1913 1802 0 1913 1802 0 1862 1751 0 1912 1801 0 1864 1753 0 1863 1752 0 1914 1803 0 1914 1803 0 1863 1752 0 1913 1802 0 1865 1754 0 1864 1753 0 1915 1804 0 1915 1804 0 1864 1753 0 1914 1803 0 1866 1755 0 1865 1754 0 1916 1805 0 1916 1805 0 1865 1754 0 1915 1804 0 1867 1756 0 1866 1755 0 1917 1806 0 1917 1806 0 1866 1755 0 1916 1805 0 1868 1757 0 1867 1756 0 1918 1807 0 1918 1807 0 1867 1756 0 1917 1806 0 1869 1758 0 1868 1757 0 1919 1808 0 1919 1808 0 1868 1757 0 1918 1807 0 1870 1759 0 1869 1758 0 1920 1809 0 1920 1809 0 1869 1758 0 1919 1808 0 1871 1760 0 1870 1759 0 1921 1810 0 1921 1810 0 1870 1759 0 1920 1809 0 1872 1761 0 1871 1760 0 1922 1811 0 1922 1811 0 1871 1760 0 1921 1810 0 1873 1762 0 1872 1761 0 1923 1812 0 1923 1812 0 1872 1761 0 1922 1811 0 1874 1763 0 1873 1762 0 1924 1813 0 1924 1813 0 1873 1762 0 1923 1812 0 1875 1764 0 1874 1763 0 1925 1814 0 1925 1814 0 1874 1763 0 1924 1813 0 1876 1765 0 1875 1764 0 1926 1815 0 1926 1815 0 1875 1764 0 1925 1814 0 1877 1766 0 1876 1765 0 1927 1816 0 1927 1816 0 1876 1765 0 1926 1815 0 1878 1767 0 1877 1766 0 1928 1817 0 1928 1817 0 1877 1766 0 1927 1816 0 1879 1768 0 1878 1767 0 1929 1818 0 1929 1818 0 1878 1767 0 1928 1817 0 1880 1769 0 1879 1768 0 1930 1819 0 1930 1819 0 1879 1768 0 1929 1818 0 1881 1770 0 1880 1769 0 1931 1820 0 1931 1820 0 1880 1769 0 1930 1819 0 1882 1771 0 1881 1770 0 1932 1821 0 1932 1821 0 1881 1770 0 1931 1820 0 1883 1772 0 1882 1771 0 1933 1822 0 1933 1822 0 1882 1771 0 1932 1821 0 1884 1773 0 1883 1772 0 1934 1823 0 1934 1823 0 1883 1772 0 1933 1822 0 1885 1774 0 1884 1773 0 1935 1824 0 1935 1824 0 1884 1773 0 1934 1823 0 1886 1775 0 1885 1774 0 1936 1825 0 1936 1825 0 1885 1774 0 1935 1824 0 1887 1776 0 1886 1775 0 1937 1826 0 1937 1826 0 1886 1775 0 1936 1825 0 1888 1777 0 1887 1776 0 1938 1827 0 1938 1827 0 1887 1776 0 1937 1826 0 1889 1778 0 1888 1777 0 1939 1828 0 1939 1828 0 1888 1777 0 1938 1827 0 1890 1779 0 1889 1778 0 1940 1829 0 1940 1829 0 1889 1778 0 1939 1828 0 1891 1780 0 1890 1779 0 1941 1830 0 1941 1830 0 1890 1779 0 1940 1829 0 1892 1781 0 1891 1780 0 1942 1831 0 1942 1831 0 1891 1780 0 1941 1830 0 1893 1782 0 1892 1781 0 1943 1832 0 1943 1832 0 1892 1781 0 1942 1831 0 1894 1783 0 1893 1782 0 1944 1833 0 1944 1833 0 1893 1782 0 1943 1832 0 1895 1784 0 1894 1783 0 1945 1834 0 1945 1834 0 1894 1783 0 1944 1833 0 1896 1785 0 1895 1784 0 1946 1835 0 1946 1835 0 1895 1784 0 1945 1834 0 1897 1786 0 1896 1785 0 1947 1836 0 1947 1836 0 1896 1785 0 1946 1835 0 1898 1787 0 1897 1786 0 1948 1837 0 1948 1837 0 1897 1786 0 1947 1836 0 1899 1788 0 1898 1787 0 1949 1838 0 1949 1838 0 1898 1787 0 1948 1837 0 1900 1789 0 1899 1788 0 1950 1839 0 1950 1839 0 1899 1788 0 1949 1838 0 1901 1790 0 1900 1789 0 1951 1840 0 1951 1840 0 1900 1789 0 1950 1839 0 1902 1791 0 1901 1790 0 1952 1841 0 1952 1841 0 1901 1790 0 1951 1840 0 1953 1842 0 1903 1792 0 1902 1791 0 1952 1841 0 1953 1842 0 1902 1791 0 1955 1844 0 1905 1794 0 1904 1793 0 1954 1843 0 1955 1844 0 1904 1793 0 1906 1795 0 1905 1794 0 1956 1845 0 1956 1845 0 1905 1794 0 1955 1844 0 1907 1796 0 1906 1795 0 1957 1846 0 1957 1846 0 1906 1795 0 1956 1845 0 1908 1797 0 1907 1796 0 1958 1847 0 1958 1847 0 1907 1796 0 1957 1846 0 1909 1798 0 1908 1797 0 1959 1848 0 1959 1848 0 1908 1797 0 1958 1847 0 1910 1799 0 1909 1798 0 1960 1849 0 1960 1849 0 1909 1798 0 1959 1848 0 1911 1800 0 1910 1799 0 1961 1850 0 1961 1850 0 1910 1799 0 1960 1849 0 1912 1801 0 1911 1800 0 1962 1851 0 1962 1851 0 1911 1800 0 1961 1850 0 1913 1802 0 1912 1801 0 1963 1852 0 1963 1852 0 1912 1801 0 1962 1851 0 1914 1803 0 1913 1802 0 1964 1853 0 1964 1853 0 1913 1802 0 1963 1852 0 1915 1804 0 1914 1803 0 1965 1854 0 1965 1854 0 1914 1803 0 1964 1853 0 1916 1805 0 1915 1804 0 1966 1855 0 1966 1855 0 1915 1804 0 1965 1854 0 1917 1806 0 1916 1805 0 1967 1856 0 1967 1856 0 1916 1805 0 1966 1855 0 1918 1807 0 1917 1806 0 1968 1857 0 1968 1857 0 1917 1806 0 1967 1856 0 1919 1808 0 1918 1807 0 1969 1858 0 1969 1858 0 1918 1807 0 1968 1857 0 1920 1809 0 1919 1808 0 1970 1859 0 1970 1859 0 1919 1808 0 1969 1858 0 1921 1810 0 1920 1809 0 1971 1860 0 1971 1860 0 1920 1809 0 1970 1859 0 1922 1811 0 1921 1810 0 1972 1861 0 1972 1861 0 1921 1810 0 1971 1860 0 1923 1812 0 1922 1811 0 1973 1862 0 1973 1862 0 1922 1811 0 1972 1861 0 1924 1813 0 1923 1812 0 1974 1863 0 1974 1863 0 1923 1812 0 1973 1862 0 1925 1814 0 1924 1813 0 1975 1864 0 1975 1864 0 1924 1813 0 1974 1863 0 1926 1815 0 1925 1814 0 1976 1865 0 1976 1865 0 1925 1814 0 1975 1864 0 1927 1816 0 1926 1815 0 1977 1866 0 1977 1866 0 1926 1815 0 1976 1865 0 1928 1817 0 1927 1816 0 1978 1867 0 1978 1867 0 1927 1816 0 1977 1866 0 1929 1818 0 1928 1817 0 1979 1868 0 1979 1868 0 1928 1817 0 1978 1867 0 1930 1819 0 1929 1818 0 1980 1869 0 1980 1869 0 1929 1818 0 1979 1868 0 1931 1820 0 1930 1819 0 1981 1870 0 1981 1870 0 1930 1819 0 1980 1869 0 1932 1821 0 1931 1820 0 1982 1871 0 1982 1871 0 1931 1820 0 1981 1870 0 1933 1822 0 1932 1821 0 1983 1872 0 1983 1872 0 1932 1821 0 1982 1871 0 1934 1823 0 1933 1822 0 1984 1873 0 1984 1873 0 1933 1822 0 1983 1872 0 1935 1824 0 1934 1823 0 1985 1874 0 1985 1874 0 1934 1823 0 1984 1873 0 1936 1825 0 1935 1824 0 1986 1875 0 1986 1875 0 1935 1824 0 1985 1874 0 1937 1826 0 1936 1825 0 1987 1876 0 1987 1876 0 1936 1825 0 1986 1875 0 1938 1827 0 1937 1826 0 1988 1877 0 1988 1877 0 1937 1826 0 1987 1876 0 1939 1828 0 1938 1827 0 1989 1878 0 1989 1878 0 1938 1827 0 1988 1877 0 1940 1829 0 1939 1828 0 1990 1879 0 1990 1879 0 1939 1828 0 1989 1878 0 1941 1830 0 1940 1829 0 1991 1880 0 1991 1880 0 1940 1829 0 1990 1879 0 1942 1831 0 1941 1830 0 1992 1881 0 1992 1881 0 1941 1830 0 1991 1880 0 1943 1832 0 1942 1831 0 1993 1882 0 1993 1882 0 1942 1831 0 1992 1881 0 1944 1833 0 1943 1832 0 1994 1883 0 1994 1883 0 1943 1832 0 1993 1882 0 1945 1834 0 1944 1833 0 1995 1884 0 1995 1884 0 1944 1833 0 1994 1883 0 1946 1835 0 1945 1834 0 1996 1885 0 1996 1885 0 1945 1834 0 1995 1884 0 1947 1836 0 1946 1835 0 1997 1886 0 1997 1886 0 1946 1835 0 1996 1885 0 1948 1837 0 1947 1836 0 1998 1887 0 1998 1887 0 1947 1836 0 1997 1886 0 1949 1838 0 1948 1837 0 1999 1888 0 1999 1888 0 1948 1837 0 1998 1887 0 1950 1839 0 1949 1838 0 2000 1889 0 2000 1889 0 1949 1838 0 1999 1888 0 1951 1840 0 1950 1839 0 2001 1890 0 2001 1890 0 1950 1839 0 2000 1889 0 1952 1841 0 1951 1840 0 2002 1891 0 2002 1891 0 1951 1840 0 2001 1890 0 2003 1892 0 1953 1842 0 1952 1841 0 2002 1891 0 2003 1892 0 1952 1841 0 2005 1894 0 1955 1844 0 1954 1843 0 2004 1893 0 2005 1894 0 1954 1843 0 1956 1845 0 1955 1844 0 2006 1895 0 2006 1895 0 1955 1844 0 2005 1894 0 1957 1846 0 1956 1845 0 2007 1896 0 2007 1896 0 1956 1845 0 2006 1895 0 1958 1847 0 1957 1846 0 2008 1897 0 2008 1897 0 1957 1846 0 2007 1896 0 1959 1848 0 1958 1847 0 2009 1898 0 2009 1898 0 1958 1847 0 2008 1897 0 1960 1849 0 1959 1848 0 2010 1899 0 2010 1899 0 1959 1848 0 2009 1898 0 1961 1850 0 1960 1849 0 2011 1900 0 2011 1900 0 1960 1849 0 2010 1899 0 1962 1851 0 1961 1850 0 2012 1901 0 2012 1901 0 1961 1850 0 2011 1900 0 1963 1852 0 1962 1851 0 2013 1902 0 2013 1902 0 1962 1851 0 2012 1901 0 1964 1853 0 1963 1852 0 2014 1903 0 2014 1903 0 1963 1852 0 2013 1902 0 1965 1854 0 1964 1853 0 2015 1904 0 2015 1904 0 1964 1853 0 2014 1903 0 1966 1855 0 1965 1854 0 2016 1905 0 2016 1905 0 1965 1854 0 2015 1904 0 1967 1856 0 1966 1855 0 2017 1906 0 2017 1906 0 1966 1855 0 2016 1905 0 1968 1857 0 1967 1856 0 2018 1907 0 2018 1907 0 1967 1856 0 2017 1906 0 1969 1858 0 1968 1857 0 2019 1908 0 2019 1908 0 1968 1857 0 2018 1907 0 1970 1859 0 1969 1858 0 2020 1909 0 2020 1909 0 1969 1858 0 2019 1908 0 1971 1860 0 1970 1859 0 2021 1910 0 2021 1910 0 1970 1859 0 2020 1909 0 1972 1861 0 1971 1860 0 2022 1911 0 2022 1911 0 1971 1860 0 2021 1910 0 1973 1862 0 1972 1861 0 2023 1912 0 2023 1912 0 1972 1861 0 2022 1911 0 1974 1863 0 1973 1862 0 2024 1913 0 2024 1913 0 1973 1862 0 2023 1912 0 1975 1864 0 1974 1863 0 2025 1914 0 2025 1914 0 1974 1863 0 2024 1913 0 1976 1865 0 1975 1864 0 2026 1915 0 2026 1915 0 1975 1864 0 2025 1914 0 1977 1866 0 1976 1865 0 2027 1916 0 2027 1916 0 1976 1865 0 2026 1915 0 1978 1867 0 1977 1866 0 2028 1917 0 2028 1917 0 1977 1866 0 2027 1916 0 1979 1868 0 1978 1867 0 2029 1918 0 2029 1918 0 1978 1867 0 2028 1917 0 1980 1869 0 1979 1868 0 2030 1919 0 2030 1919 0 1979 1868 0 2029 1918 0 1981 1870 0 1980 1869 0 2031 1920 0 2031 1920 0 1980 1869 0 2030 1919 0 1982 1871 0 1981 1870 0 2032 1921 0 2032 1921 0 1981 1870 0 2031 1920 0 1983 1872 0 1982 1871 0 2033 1922 0 2033 1922 0 1982 1871 0 2032 1921 0 1984 1873 0 1983 1872 0 2034 1923 0 2034 1923 0 1983 1872 0 2033 1922 0 1985 1874 0 1984 1873 0 2035 1924 0 2035 1924 0 1984 1873 0 2034 1923 0 1986 1875 0 1985 1874 0 2036 1925 0 2036 1925 0 1985 1874 0 2035 1924 0 1987 1876 0 1986 1875 0 2037 1926 0 2037 1926 0 1986 1875 0 2036 1925 0 1988 1877 0 1987 1876 0 2038 1927 0 2038 1927 0 1987 1876 0 2037 1926 0 1989 1878 0 1988 1877 0 2039 1928 0 2039 1928 0 1988 1877 0 2038 1927 0 1990 1879 0 1989 1878 0 2040 1929 0 2040 1929 0 1989 1878 0 2039 1928 0 1991 1880 0 1990 1879 0 2041 1930 0 2041 1930 0 1990 1879 0 2040 1929 0 1992 1881 0 1991 1880 0 2042 1931 0 2042 1931 0 1991 1880 0 2041 1930 0 1993 1882 0 1992 1881 0 2043 1932 0 2043 1932 0 1992 1881 0 2042 1931 0 1994 1883 0 1993 1882 0 2044 1933 0 2044 1933 0 1993 1882 0 2043 1932 0 1995 1884 0 1994 1883 0 2045 1934 0 2045 1934 0 1994 1883 0 2044 1933 0 1996 1885 0 1995 1884 0 2046 1935 0 2046 1935 0 1995 1884 0 2045 1934 0 1997 1886 0 1996 1885 0 2047 1936 0 2047 1936 0 1996 1885 0 2046 1935 0 1998 1887 0 1997 1886 0 2048 1937 0 2048 1937 0 1997 1886 0 2047 1936 0 1999 1888 0 1998 1887 0 2049 1938 0 2049 1938 0 1998 1887 0 2048 1937 0 2000 1889 0 1999 1888 0 2050 1939 0 2050 1939 0 1999 1888 0 2049 1938 0 2001 1890 0 2000 1889 0 2051 1940 0 2051 1940 0 2000 1889 0 2050 1939 0 2002 1891 0 2001 1890 0 2052 1941 0 2052 1941 0 2001 1890 0 2051 1940 0 2053 1942 0 2003 1892 0 2002 1891 0 2052 1941 0 2053 1942 0 2002 1891 0 2055 1944 0 2005 1894 0 2004 1893 0 2054 1943 0 2055 1944 0 2004 1893 0 2006 1895 0 2005 1894 0 2056 1945 0 2056 1945 0 2005 1894 0 2055 1944 0 2007 1896 0 2006 1895 0 2057 1946 0 2057 1946 0 2006 1895 0 2056 1945 0 2008 1897 0 2007 1896 0 2058 1947 0 2058 1947 0 2007 1896 0 2057 1946 0 2009 1898 0 2008 1897 0 2059 1948 0 2059 1948 0 2008 1897 0 2058 1947 0 2010 1899 0 2009 1898 0 2060 1949 0 2060 1949 0 2009 1898 0 2059 1948 0 2011 1900 0 2010 1899 0 2061 1950 0 2061 1950 0 2010 1899 0 2060 1949 0 2012 1901 0 2011 1900 0 2062 1951 0 2062 1951 0 2011 1900 0 2061 1950 0 2013 1902 0 2012 1901 0 2063 1952 0 2063 1952 0 2012 1901 0 2062 1951 0 2014 1903 0 2013 1902 0 2064 1953 0 2064 1953 0 2013 1902 0 2063 1952 0 2015 1904 0 2014 1903 0 2065 1954 0 2065 1954 0 2014 1903 0 2064 1953 0 2016 1905 0 2015 1904 0 2066 1955 0 2066 1955 0 2015 1904 0 2065 1954 0 2017 1906 0 2016 1905 0 2067 1956 0 2067 1956 0 2016 1905 0 2066 1955 0 2018 1907 0 2017 1906 0 2068 1957 0 2068 1957 0 2017 1906 0 2067 1956 0 2019 1908 0 2018 1907 0 2069 1958 0 2069 1958 0 2018 1907 0 2068 1957 0 2020 1909 0 2019 1908 0 2070 1959 0 2070 1959 0 2019 1908 0 2069 1958 0 2021 1910 0 2020 1909 0 2071 1960 0 2071 1960 0 2020 1909 0 2070 1959 0 2022 1911 0 2021 1910 0 2072 1961 0 2072 1961 0 2021 1910 0 2071 1960 0 2023 1912 0 2022 1911 0 2073 1962 0 2073 1962 0 2022 1911 0 2072 1961 0 2024 1913 0 2023 1912 0 2074 1963 0 2074 1963 0 2023 1912 0 2073 1962 0 2025 1914 0 2024 1913 0 2075 1964 0 2075 1964 0 2024 1913 0 2074 1963 0 2026 1915 0 2025 1914 0 2076 1965 0 2076 1965 0 2025 1914 0 2075 1964 0 2027 1916 0 2026 1915 0 2077 1966 0 2077 1966 0 2026 1915 0 2076 1965 0 2028 1917 0 2027 1916 0 2078 1967 0 2078 1967 0 2027 1916 0 2077 1966 0 2029 1918 0 2028 1917 0 2079 1968 0 2079 1968 0 2028 1917 0 2078 1967 0 2030 1919 0 2029 1918 0 2080 1969 0 2080 1969 0 2029 1918 0 2079 1968 0 2031 1920 0 2030 1919 0 2081 1970 0 2081 1970 0 2030 1919 0 2080 1969 0 2032 1921 0 2031 1920 0 2082 1971 0 2082 1971 0 2031 1920 0 2081 1970 0 2033 1922 0 2032 1921 0 2083 1972 0 2083 1972 0 2032 1921 0 2082 1971 0 2034 1923 0 2033 1922 0 2084 1973 0 2084 1973 0 2033 1922 0 2083 1972 0 2035 1924 0 2034 1923 0 2085 1974 0 2085 1974 0 2034 1923 0 2084 1973 0 2036 1925 0 2035 1924 0 2086 1975 0 2086 1975 0 2035 1924 0 2085 1974 0 2037 1926 0 2036 1925 0 2087 1976 0 2087 1976 0 2036 1925 0 2086 1975 0 2038 1927 0 2037 1926 0 2088 1977 0 2088 1977 0 2037 1926 0 2087 1976 0 2039 1928 0 2038 1927 0 2089 1978 0 2089 1978 0 2038 1927 0 2088 1977 0 2040 1929 0 2039 1928 0 2090 1979 0 2090 1979 0 2039 1928 0 2089 1978 0 2041 1930 0 2040 1929 0 2091 1980 0 2091 1980 0 2040 1929 0 2090 1979 0 2042 1931 0 2041 1930 0 2092 1981 0 2092 1981 0 2041 1930 0 2091 1980 0 2043 1932 0 2042 1931 0 2093 1982 0 2093 1982 0 2042 1931 0 2092 1981 0 2044 1933 0 2043 1932 0 2094 1983 0 2094 1983 0 2043 1932 0 2093 1982 0 2045 1934 0 2044 1933 0 2095 1984 0 2095 1984 0 2044 1933 0 2094 1983 0 2046 1935 0 2045 1934 0 2096 1985 0 2096 1985 0 2045 1934 0 2095 1984 0 2047 1936 0 2046 1935 0 2097 1986 0 2097 1986 0 2046 1935 0 2096 1985 0 2048 1937 0 2047 1936 0 2098 1987 0 2098 1987 0 2047 1936 0 2097 1986 0 2049 1938 0 2048 1937 0 2099 1988 0 2099 1988 0 2048 1937 0 2098 1987 0 2050 1939 0 2049 1938 0 2100 1989 0 2100 1989 0 2049 1938 0 2099 1988 0 2051 1940 0 2050 1939 0 2101 1990 0 2101 1990 0 2050 1939 0 2100 1989 0 2103 1992 0 2102 1991 0 2052 1941 0 2103 1992 0 2052 1941 0 2101 1990 0 2101 1990 0 2052 1941 0 2051 1940 0 2053 1942 0 2052 1941 0 2102 1991 0 2055 1944 0 2054 1943 0 2104 1993 0 2104 1993 0 2105 1994 0 2106 1995 0 2104 1993 0 2106 1995 0 2055 1944 0 2055 1944 0 2106 1995 0 2056 1945 0 2057 1946 0 2056 1945 0 2107 1996 0 2107 1996 0 2056 1945 0 2106 1995 0 2058 1947 0 2057 1946 0 2108 1997 0 2108 1997 0 2057 1946 0 2107 1996 0 2059 1948 0 2058 1947 0 2109 1998 0 2109 1998 0 2058 1947 0 2108 1997 0 2060 1949 0 2059 1948 0 2110 1999 0 2110 1999 0 2059 1948 0 2109 1998 0 2061 1950 0 2060 1949 0 2111 2000 0 2111 2000 0 2060 1949 0 2110 1999 0 2062 1951 0 2061 1950 0 2112 2001 0 2112 2001 0 2061 1950 0 2111 2000 0 2063 1952 0 2062 1951 0 2113 2002 0 2113 2002 0 2062 1951 0 2112 2001 0 2064 1953 0 2063 1952 0 2114 2003 0 2114 2003 0 2063 1952 0 2113 2002 0 2065 1954 0 2064 1953 0 2115 2004 0 2115 2004 0 2064 1953 0 2114 2003 0 2066 1955 0 2065 1954 0 2116 2005 0 2116 2005 0 2065 1954 0 2115 2004 0 2067 1956 0 2066 1955 0 2117 2006 0 2117 2006 0 2066 1955 0 2116 2005 0 2068 1957 0 2067 1956 0 2118 2007 0 2118 2007 0 2067 1956 0 2117 2006 0 2069 1958 0 2068 1957 0 2119 2008 0 2119 2008 0 2068 1957 0 2118 2007 0 2070 1959 0 2069 1958 0 2120 2009 0 2120 2009 0 2069 1958 0 2119 2008 0 2071 1960 0 2070 1959 0 2121 2010 0 2121 2010 0 2070 1959 0 2120 2009 0 2072 1961 0 2071 1960 0 2122 2011 0 2122 2011 0 2071 1960 0 2121 2010 0 2073 1962 0 2072 1961 0 2123 2012 0 2123 2012 0 2072 1961 0 2122 2011 0 2074 1963 0 2073 1962 0 2124 2013 0 2124 2013 0 2073 1962 0 2123 2012 0 2075 1964 0 2074 1963 0 2125 2014 0 2125 2014 0 2074 1963 0 2124 2013 0 2076 1965 0 2075 1964 0 2126 2015 0 2126 2015 0 2075 1964 0 2125 2014 0 2077 1966 0 2076 1965 0 2127 2016 0 2127 2016 0 2076 1965 0 2126 2015 0 2078 1967 0 2077 1966 0 2128 2017 0 2128 2017 0 2077 1966 0 2127 2016 0 2079 1968 0 2078 1967 0 2129 2018 0 2129 2018 0 2078 1967 0 2128 2017 0 2080 1969 0 2079 1968 0 2130 2019 0 2130 2019 0 2079 1968 0 2129 2018 0 2081 1970 0 2080 1969 0 2131 2020 0 2131 2020 0 2080 1969 0 2130 2019 0 2082 1971 0 2081 1970 0 2132 2021 0 2132 2021 0 2081 1970 0 2131 2020 0 2083 1972 0 2082 1971 0 2133 2022 0 2133 2022 0 2082 1971 0 2132 2021 0 2084 1973 0 2083 1972 0 2134 2023 0 2134 2023 0 2083 1972 0 2133 2022 0 2085 1974 0 2084 1973 0 2135 2024 0 2135 2024 0 2084 1973 0 2134 2023 0 2086 1975 0 2085 1974 0 2136 2025 0 2136 2025 0 2085 1974 0 2135 2024 0 2087 1976 0 2086 1975 0 2137 2026 0 2137 2026 0 2086 1975 0 2136 2025 0 2088 1977 0 2087 1976 0 2138 2027 0 2138 2027 0 2087 1976 0 2137 2026 0 2089 1978 0 2088 1977 0 2139 2028 0 2139 2028 0 2088 1977 0 2138 2027 0 2090 1979 0 2089 1978 0 2140 2029 0 2140 2029 0 2089 1978 0 2139 2028 0 2091 1980 0 2090 1979 0 2141 2030 0 2141 2030 0 2090 1979 0 2140 2029 0 2092 1981 0 2091 1980 0 2142 2031 0 2142 2031 0 2091 1980 0 2141 2030 0 2093 1982 0 2092 1981 0 2143 2032 0 2143 2032 0 2092 1981 0 2142 2031 0 2094 1983 0 2093 1982 0 2144 2033 0 2144 2033 0 2093 1982 0 2143 2032 0 2095 1984 0 2094 1983 0 2145 2034 0 2145 2034 0 2094 1983 0 2144 2033 0 2096 1985 0 2095 1984 0 2146 2035 0 2146 2035 0 2095 1984 0 2145 2034 0 2097 1986 0 2096 1985 0 2147 2036 0 2147 2036 0 2096 1985 0 2146 2035 0 2098 1987 0 2097 1986 0 2148 2037 0 2148 2037 0 2097 1986 0 2147 2036 0 2099 1988 0 2098 1987 0 2149 2038 0 2149 2038 0 2098 1987 0 2148 2037 0 2100 1989 0 2099 1988 0 2150 2039 0 2150 2039 0 2099 1988 0 2149 2038 0 2152 2041 0 2151 2040 0 2101 1990 0 2152 2041 0 2101 1990 0 2150 2039 0 2150 2039 0 2101 1990 0 2100 1989 0 2103 1992 0 2101 1990 0 2151 2040 0 2154 2043 0 2106 1995 0 2105 1994 0 2153 2042 0 2154 2043 0 2105 1994 0 2107 1996 0 2106 1995 0 2155 2044 0 2155 2044 0 2106 1995 0 2154 2043 0 2108 1997 0 2107 1996 0 2156 2045 0 2156 2045 0 2107 1996 0 2155 2044 0 2109 1998 0 2108 1997 0 2157 2046 0 2157 2046 0 2108 1997 0 2156 2045 0 2110 1999 0 2109 1998 0 2158 2047 0 2158 2047 0 2109 1998 0 2157 2046 0 2111 2000 0 2110 1999 0 2159 2048 0 2159 2048 0 2110 1999 0 2158 2047 0 2112 2001 0 2111 2000 0 2160 2049 0 2160 2049 0 2111 2000 0 2159 2048 0 2113 2002 0 2112 2001 0 2161 2050 0 2161 2050 0 2112 2001 0 2160 2049 0 2114 2003 0 2113 2002 0 2162 2051 0 2162 2051 0 2113 2002 0 2161 2050 0 2115 2004 0 2114 2003 0 2163 2052 0 2163 2052 0 2114 2003 0 2162 2051 0 2116 2005 0 2115 2004 0 2164 2053 0 2164 2053 0 2115 2004 0 2163 2052 0 2117 2006 0 2116 2005 0 2165 2054 0 2165 2054 0 2116 2005 0 2164 2053 0 2118 2007 0 2117 2006 0 2166 2055 0 2166 2055 0 2117 2006 0 2165 2054 0 2119 2008 0 2118 2007 0 2167 2056 0 2167 2056 0 2118 2007 0 2166 2055 0 2120 2009 0 2119 2008 0 2168 2057 0 2168 2057 0 2119 2008 0 2167 2056 0 2121 2010 0 2120 2009 0 2169 2058 0 2169 2058 0 2120 2009 0 2168 2057 0 2122 2011 0 2121 2010 0 2170 2059 0 2170 2059 0 2121 2010 0 2169 2058 0 2123 2012 0 2122 2011 0 2171 2060 0 2171 2060 0 2122 2011 0 2170 2059 0 2124 2013 0 2123 2012 0 2172 2061 0 2172 2061 0 2123 2012 0 2171 2060 0 2125 2014 0 2124 2013 0 2173 2062 0 2173 2062 0 2124 2013 0 2172 2061 0 2126 2015 0 2125 2014 0 2174 2063 0 2174 2063 0 2125 2014 0 2173 2062 0 2127 2016 0 2126 2015 0 2175 2064 0 2175 2064 0 2126 2015 0 2174 2063 0 2128 2017 0 2127 2016 0 2176 2065 0 2176 2065 0 2127 2016 0 2175 2064 0 2129 2018 0 2128 2017 0 2177 2066 0 2177 2066 0 2128 2017 0 2176 2065 0 2130 2019 0 2129 2018 0 2178 2067 0 2178 2067 0 2129 2018 0 2177 2066 0 2131 2020 0 2130 2019 0 2179 2068 0 2179 2068 0 2130 2019 0 2178 2067 0 2132 2021 0 2131 2020 0 2180 2069 0 2180 2069 0 2131 2020 0 2179 2068 0 2133 2022 0 2132 2021 0 2181 2070 0 2181 2070 0 2132 2021 0 2180 2069 0 2134 2023 0 2133 2022 0 2182 2071 0 2182 2071 0 2133 2022 0 2181 2070 0 2135 2024 0 2134 2023 0 2183 2072 0 2183 2072 0 2134 2023 0 2182 2071 0 2136 2025 0 2135 2024 0 2184 2073 0 2184 2073 0 2135 2024 0 2183 2072 0 2137 2026 0 2136 2025 0 2185 2074 0 2185 2074 0 2136 2025 0 2184 2073 0 2138 2027 0 2137 2026 0 2186 2075 0 2186 2075 0 2137 2026 0 2185 2074 0 2139 2028 0 2138 2027 0 2187 2076 0 2187 2076 0 2138 2027 0 2186 2075 0 2140 2029 0 2139 2028 0 2188 2077 0 2188 2077 0 2139 2028 0 2187 2076 0 2141 2030 0 2140 2029 0 2189 2078 0 2189 2078 0 2140 2029 0 2188 2077 0 2142 2031 0 2141 2030 0 2190 2079 0 2190 2079 0 2141 2030 0 2189 2078 0 2143 2032 0 2142 2031 0 2191 2080 0 2191 2080 0 2142 2031 0 2190 2079 0 2144 2033 0 2143 2032 0 2192 2081 0 2192 2081 0 2143 2032 0 2191 2080 0 2145 2034 0 2144 2033 0 2193 2082 0 2193 2082 0 2144 2033 0 2192 2081 0 2146 2035 0 2145 2034 0 2194 2083 0 2194 2083 0 2145 2034 0 2193 2082 0 2147 2036 0 2146 2035 0 2195 2084 0 2195 2084 0 2146 2035 0 2194 2083 0 2148 2037 0 2147 2036 0 2196 2085 0 2196 2085 0 2147 2036 0 2195 2084 0 2149 2038 0 2148 2037 0 2197 2086 0 2197 2086 0 2148 2037 0 2196 2085 0 2150 2039 0 2149 2038 0 2198 2087 0 2198 2087 0 2149 2038 0 2197 2086 0 2199 2088 0 2152 2041 0 2150 2039 0 2198 2087 0 2199 2088 0 2150 2039 0 2154 2043 0 2153 2042 0 2200 2089 0 2200 2089 0 2201 2090 0 2202 2091 0 2200 2089 0 2202 2091 0 2154 2043 0 2154 2043 0 2202 2091 0 2155 2044 0 2156 2045 0 2155 2044 0 2203 2092 0 2203 2092 0 2155 2044 0 2202 2091 0 2157 2046 0 2156 2045 0 2204 2093 0 2204 2093 0 2156 2045 0 2203 2092 0 2158 2047 0 2157 2046 0 2205 2094 0 2205 2094 0 2157 2046 0 2204 2093 0 2159 2048 0 2158 2047 0 2206 2095 0 2206 2095 0 2158 2047 0 2205 2094 0 2160 2049 0 2159 2048 0 2207 2096 0 2207 2096 0 2159 2048 0 2206 2095 0 2161 2050 0 2160 2049 0 2208 2097 0 2208 2097 0 2160 2049 0 2207 2096 0 2162 2051 0 2161 2050 0 2209 2098 0 2209 2098 0 2161 2050 0 2208 2097 0 2163 2052 0 2162 2051 0 2210 2099 0 2210 2099 0 2162 2051 0 2209 2098 0 2164 2053 0 2163 2052 0 2211 2100 0 2211 2100 0 2163 2052 0 2210 2099 0 2165 2054 0 2164 2053 0 2212 2101 0 2212 2101 0 2164 2053 0 2211 2100 0 2166 2055 0 2165 2054 0 2213 2102 0 2213 2102 0 2165 2054 0 2212 2101 0 2167 2056 0 2166 2055 0 2214 2103 0 2214 2103 0 2166 2055 0 2213 2102 0 2168 2057 0 2167 2056 0 2215 2104 0 2215 2104 0 2167 2056 0 2214 2103 0 2169 2058 0 2168 2057 0 2216 2105 0 2216 2105 0 2168 2057 0 2215 2104 0 2170 2059 0 2169 2058 0 2217 2106 0 2217 2106 0 2169 2058 0 2216 2105 0 2171 2060 0 2170 2059 0 2218 2107 0 2218 2107 0 2170 2059 0 2217 2106 0 2172 2061 0 2171 2060 0 2219 2108 0 2219 2108 0 2171 2060 0 2218 2107 0 2173 2062 0 2172 2061 0 2220 2109 0 2220 2109 0 2172 2061 0 2219 2108 0 2174 2063 0 2173 2062 0 2221 2110 0 2221 2110 0 2173 2062 0 2220 2109 0 2175 2064 0 2174 2063 0 2222 2111 0 2222 2111 0 2174 2063 0 2221 2110 0 2176 2065 0 2175 2064 0 2223 2112 0 2223 2112 0 2175 2064 0 2222 2111 0 2177 2066 0 2176 2065 0 2224 2113 0 2224 2113 0 2176 2065 0 2223 2112 0 2178 2067 0 2177 2066 0 2225 2114 0 2225 2114 0 2177 2066 0 2224 2113 0 2179 2068 0 2178 2067 0 2226 2115 0 2226 2115 0 2178 2067 0 2225 2114 0 2180 2069 0 2179 2068 0 2227 2116 0 2227 2116 0 2179 2068 0 2226 2115 0 2181 2070 0 2180 2069 0 2228 2117 0 2228 2117 0 2180 2069 0 2227 2116 0 2182 2071 0 2181 2070 0 2229 2118 0 2229 2118 0 2181 2070 0 2228 2117 0 2183 2072 0 2182 2071 0 2230 2119 0 2230 2119 0 2182 2071 0 2229 2118 0 2184 2073 0 2183 2072 0 2231 2120 0 2231 2120 0 2183 2072 0 2230 2119 0 2185 2074 0 2184 2073 0 2232 2121 0 2232 2121 0 2184 2073 0 2231 2120 0 2186 2075 0 2185 2074 0 2233 2122 0 2233 2122 0 2185 2074 0 2232 2121 0 2187 2076 0 2186 2075 0 2234 2123 0 2234 2123 0 2186 2075 0 2233 2122 0 2188 2077 0 2187 2076 0 2235 2124 0 2235 2124 0 2187 2076 0 2234 2123 0 2189 2078 0 2188 2077 0 2236 2125 0 2236 2125 0 2188 2077 0 2235 2124 0 2190 2079 0 2189 2078 0 2237 2126 0 2237 2126 0 2189 2078 0 2236 2125 0 2191 2080 0 2190 2079 0 2238 2127 0 2238 2127 0 2190 2079 0 2237 2126 0 2192 2081 0 2191 2080 0 2239 2128 0 2239 2128 0 2191 2080 0 2238 2127 0 2193 2082 0 2192 2081 0 2240 2129 0 2240 2129 0 2192 2081 0 2239 2128 0 2194 2083 0 2193 2082 0 2241 2130 0 2241 2130 0 2193 2082 0 2240 2129 0 2195 2084 0 2194 2083 0 2242 2131 0 2242 2131 0 2194 2083 0 2241 2130 0 2196 2085 0 2195 2084 0 2243 2132 0 2243 2132 0 2195 2084 0 2242 2131 0 2197 2086 0 2196 2085 0 2244 2133 0 2244 2133 0 2196 2085 0 2243 2132 0 2246 2135 0 2245 2134 0 2198 2087 0 2246 2135 0 2198 2087 0 2244 2133 0 2244 2133 0 2198 2087 0 2197 2086 0 2199 2088 0 2198 2087 0 2245 2134 0 2202 2091 0 2201 2090 0 2247 2136 0 2247 2136 0 2248 2137 0 2249 2138 0 2247 2136 0 2249 2138 0 2202 2091 0 2202 2091 0 2249 2138 0 2203 2092 0 2204 2093 0 2203 2092 0 2250 2139 0 2250 2139 0 2203 2092 0 2249 2138 0 2205 2094 0 2204 2093 0 2251 2140 0 2251 2140 0 2204 2093 0 2250 2139 0 2206 2095 0 2205 2094 0 2252 2141 0 2252 2141 0 2205 2094 0 2251 2140 0 2207 2096 0 2206 2095 0 2253 2142 0 2253 2142 0 2206 2095 0 2252 2141 0 2208 2097 0 2207 2096 0 2254 2143 0 2254 2143 0 2207 2096 0 2253 2142 0 2209 2098 0 2208 2097 0 2255 2144 0 2255 2144 0 2208 2097 0 2254 2143 0 2210 2099 0 2209 2098 0 2256 2145 0 2256 2145 0 2209 2098 0 2255 2144 0 2211 2100 0 2210 2099 0 2257 2146 0 2257 2146 0 2210 2099 0 2256 2145 0 2212 2101 0 2211 2100 0 2258 2147 0 2258 2147 0 2211 2100 0 2257 2146 0 2213 2102 0 2212 2101 0 2259 2148 0 2259 2148 0 2212 2101 0 2258 2147 0 2214 2103 0 2213 2102 0 2260 2149 0 2260 2149 0 2213 2102 0 2259 2148 0 2215 2104 0 2214 2103 0 2261 2150 0 2261 2150 0 2214 2103 0 2260 2149 0 2216 2105 0 2215 2104 0 2262 2151 0 2262 2151 0 2215 2104 0 2261 2150 0 2217 2106 0 2216 2105 0 2263 2152 0 2263 2152 0 2216 2105 0 2262 2151 0 2218 2107 0 2217 2106 0 2264 2153 0 2264 2153 0 2217 2106 0 2263 2152 0 2219 2108 0 2218 2107 0 2265 2154 0 2265 2154 0 2218 2107 0 2264 2153 0 2220 2109 0 2219 2108 0 2266 2155 0 2266 2155 0 2219 2108 0 2265 2154 0 2221 2110 0 2220 2109 0 2267 2156 0 2267 2156 0 2220 2109 0 2266 2155 0 2222 2111 0 2221 2110 0 2268 2157 0 2268 2157 0 2221 2110 0 2267 2156 0 2223 2112 0 2222 2111 0 2269 2158 0 2269 2158 0 2222 2111 0 2268 2157 0 2224 2113 0 2223 2112 0 2270 2159 0 2270 2159 0 2223 2112 0 2269 2158 0 2225 2114 0 2224 2113 0 2271 2160 0 2271 2160 0 2224 2113 0 2270 2159 0 2226 2115 0 2225 2114 0 2272 2161 0 2272 2161 0 2225 2114 0 2271 2160 0 2227 2116 0 2226 2115 0 2273 2162 0 2273 2162 0 2226 2115 0 2272 2161 0 2228 2117 0 2227 2116 0 2274 2163 0 2274 2163 0 2227 2116 0 2273 2162 0 2229 2118 0 2228 2117 0 2275 2164 0 2275 2164 0 2228 2117 0 2274 2163 0 2230 2119 0 2229 2118 0 2276 2165 0 2276 2165 0 2229 2118 0 2275 2164 0 2231 2120 0 2230 2119 0 2277 2166 0 2277 2166 0 2230 2119 0 2276 2165 0 2232 2121 0 2231 2120 0 2278 2167 0 2278 2167 0 2231 2120 0 2277 2166 0 2233 2122 0 2232 2121 0 2279 2168 0 2279 2168 0 2232 2121 0 2278 2167 0 2234 2123 0 2233 2122 0 2280 2169 0 2280 2169 0 2233 2122 0 2279 2168 0 2235 2124 0 2234 2123 0 2281 2170 0 2281 2170 0 2234 2123 0 2280 2169 0 2236 2125 0 2235 2124 0 2282 2171 0 2282 2171 0 2235 2124 0 2281 2170 0 2237 2126 0 2236 2125 0 2283 2172 0 2283 2172 0 2236 2125 0 2282 2171 0 2238 2127 0 2237 2126 0 2284 2173 0 2284 2173 0 2237 2126 0 2283 2172 0 2239 2128 0 2238 2127 0 2285 2174 0 2285 2174 0 2238 2127 0 2284 2173 0 2240 2129 0 2239 2128 0 2286 2175 0 2286 2175 0 2239 2128 0 2285 2174 0 2241 2130 0 2240 2129 0 2287 2176 0 2287 2176 0 2240 2129 0 2286 2175 0 2242 2131 0 2241 2130 0 2288 2177 0 2288 2177 0 2241 2130 0 2287 2176 0 2243 2132 0 2242 2131 0 2289 2178 0 2289 2178 0 2242 2131 0 2288 2177 0 2244 2133 0 2243 2132 0 2290 2179 0 2290 2179 0 2243 2132 0 2289 2178 0 2291 2180 0 2246 2135 0 2244 2133 0 2290 2179 0 2291 2180 0 2244 2133 0 2249 2138 0 2248 2137 0 2292 2181 0 2250 2139 0 2249 2138 0 2292 2181 0 2293 2182 0 2250 2139 0 2292 2181 0 2293 2182 0 2294 2183 0 2295 2184 0 2293 2182 0 2295 2184 0 2250 2139 0 2250 2139 0 2295 2184 0 2251 2140 0 2252 2141 0 2251 2140 0 2296 2185 0 2296 2185 0 2251 2140 0 2295 2184 0 2253 2142 0 2252 2141 0 2297 2186 0 2297 2186 0 2252 2141 0 2296 2185 0 2254 2143 0 2253 2142 0 2298 2187 0 2298 2187 0 2253 2142 0 2297 2186 0 2255 2144 0 2254 2143 0 2299 2188 0 2299 2188 0 2254 2143 0 2298 2187 0 2256 2145 0 2255 2144 0 2300 2189 0 2300 2189 0 2255 2144 0 2299 2188 0 2257 2146 0 2256 2145 0 2301 2190 0 2301 2190 0 2256 2145 0 2300 2189 0 2258 2147 0 2257 2146 0 2302 2191 0 2302 2191 0 2257 2146 0 2301 2190 0 2259 2148 0 2258 2147 0 2303 2192 0 2303 2192 0 2258 2147 0 2302 2191 0 2260 2149 0 2259 2148 0 2304 2193 0 2304 2193 0 2259 2148 0 2303 2192 0 2261 2150 0 2260 2149 0 2305 2194 0 2305 2194 0 2260 2149 0 2304 2193 0 2262 2151 0 2261 2150 0 2306 2195 0 2306 2195 0 2261 2150 0 2305 2194 0 2263 2152 0 2262 2151 0 2307 2196 0 2307 2196 0 2262 2151 0 2306 2195 0 2264 2153 0 2263 2152 0 2308 2197 0 2308 2197 0 2263 2152 0 2307 2196 0 2265 2154 0 2264 2153 0 2309 2198 0 2309 2198 0 2264 2153 0 2308 2197 0 2266 2155 0 2265 2154 0 2310 2199 0 2310 2199 0 2265 2154 0 2309 2198 0 2267 2156 0 2266 2155 0 2311 2200 0 2311 2200 0 2266 2155 0 2310 2199 0 2268 2157 0 2267 2156 0 2312 2201 0 2312 2201 0 2267 2156 0 2311 2200 0 2269 2158 0 2268 2157 0 2313 2202 0 2313 2202 0 2268 2157 0 2312 2201 0 2270 2159 0 2269 2158 0 2314 2203 0 2314 2203 0 2269 2158 0 2313 2202 0 2271 2160 0 2270 2159 0 2315 2204 0 2315 2204 0 2270 2159 0 2314 2203 0 2272 2161 0 2271 2160 0 2316 2205 0 2316 2205 0 2271 2160 0 2315 2204 0 2273 2162 0 2272 2161 0 2317 2206 0 2317 2206 0 2272 2161 0 2316 2205 0 2274 2163 0 2273 2162 0 2318 2207 0 2318 2207 0 2273 2162 0 2317 2206 0 2275 2164 0 2274 2163 0 2319 2208 0 2319 2208 0 2274 2163 0 2318 2207 0 2276 2165 0 2275 2164 0 2320 2209 0 2320 2209 0 2275 2164 0 2319 2208 0 2277 2166 0 2276 2165 0 2321 2210 0 2321 2210 0 2276 2165 0 2320 2209 0 2278 2167 0 2277 2166 0 2322 2211 0 2322 2211 0 2277 2166 0 2321 2210 0 2279 2168 0 2278 2167 0 2323 2212 0 2323 2212 0 2278 2167 0 2322 2211 0 2280 2169 0 2279 2168 0 2324 2213 0 2324 2213 0 2279 2168 0 2323 2212 0 2281 2170 0 2280 2169 0 2325 2214 0 2325 2214 0 2280 2169 0 2324 2213 0 2282 2171 0 2281 2170 0 2326 2215 0 2326 2215 0 2281 2170 0 2325 2214 0 2283 2172 0 2282 2171 0 2327 2216 0 2327 2216 0 2282 2171 0 2326 2215 0 2284 2173 0 2283 2172 0 2328 2217 0 2328 2217 0 2283 2172 0 2327 2216 0 2285 2174 0 2284 2173 0 2329 2218 0 2329 2218 0 2284 2173 0 2328 2217 0 2286 2175 0 2285 2174 0 2330 2219 0 2330 2219 0 2285 2174 0 2329 2218 0 2287 2176 0 2286 2175 0 2331 2220 0 2331 2220 0 2286 2175 0 2330 2219 0 2288 2177 0 2287 2176 0 2332 2221 0 2332 2221 0 2287 2176 0 2331 2220 0 2289 2178 0 2288 2177 0 2333 2222 0 2333 2222 0 2288 2177 0 2332 2221 0 2335 2224 0 2334 2223 0 2290 2179 0 2335 2224 0 2290 2179 0 2333 2222 0 2333 2222 0 2290 2179 0 2289 2178 0 2291 2180 0 2290 2179 0 2334 2223 0 2295 2184 0 2294 2183 0 2336 2225 0 2336 2225 0 2337 2226 0 2338 2227 0 2336 2225 0 2338 2227 0 2295 2184 0 2295 2184 0 2338 2227 0 2296 2185 0 2297 2186 0 2296 2185 0 2339 2228 0 2339 2228 0 2296 2185 0 2338 2227 0 2298 2187 0 2297 2186 0 2340 2229 0 2340 2229 0 2297 2186 0 2339 2228 0 2299 2188 0 2298 2187 0 2341 2230 0 2341 2230 0 2298 2187 0 2340 2229 0 2300 2189 0 2299 2188 0 2342 2231 0 2342 2231 0 2299 2188 0 2341 2230 0 2301 2190 0 2300 2189 0 2343 2232 0 2343 2232 0 2300 2189 0 2342 2231 0 2302 2191 0 2301 2190 0 2344 2233 0 2344 2233 0 2301 2190 0 2343 2232 0 2303 2192 0 2302 2191 0 2345 2234 0 2345 2234 0 2302 2191 0 2344 2233 0 2304 2193 0 2303 2192 0 2346 2235 0 2346 2235 0 2303 2192 0 2345 2234 0 2305 2194 0 2304 2193 0 2347 2236 0 2347 2236 0 2304 2193 0 2346 2235 0 2306 2195 0 2305 2194 0 2348 2237 0 2348 2237 0 2305 2194 0 2347 2236 0 2307 2196 0 2306 2195 0 2349 2238 0 2349 2238 0 2306 2195 0 2348 2237 0 2308 2197 0 2307 2196 0 2350 2239 0 2350 2239 0 2307 2196 0 2349 2238 0 2309 2198 0 2308 2197 0 2351 2240 0 2351 2240 0 2308 2197 0 2350 2239 0 2310 2199 0 2309 2198 0 2352 2241 0 2352 2241 0 2309 2198 0 2351 2240 0 2311 2200 0 2310 2199 0 2353 2242 0 2353 2242 0 2310 2199 0 2352 2241 0 2312 2201 0 2311 2200 0 2354 2243 0 2354 2243 0 2311 2200 0 2353 2242 0 2313 2202 0 2312 2201 0 2355 2244 0 2355 2244 0 2312 2201 0 2354 2243 0 2314 2203 0 2313 2202 0 2356 2245 0 2356 2245 0 2313 2202 0 2355 2244 0 2315 2204 0 2314 2203 0 2357 2246 0 2357 2246 0 2314 2203 0 2356 2245 0 2316 2205 0 2315 2204 0 2358 2247 0 2358 2247 0 2315 2204 0 2357 2246 0 2317 2206 0 2316 2205 0 2359 2248 0 2359 2248 0 2316 2205 0 2358 2247 0 2318 2207 0 2317 2206 0 2360 2249 0 2360 2249 0 2317 2206 0 2359 2248 0 2319 2208 0 2318 2207 0 2361 2250 0 2361 2250 0 2318 2207 0 2360 2249 0 2320 2209 0 2319 2208 0 2362 2251 0 2362 2251 0 2319 2208 0 2361 2250 0 2321 2210 0 2320 2209 0 2363 2252 0 2363 2252 0 2320 2209 0 2362 2251 0 2322 2211 0 2321 2210 0 2364 2253 0 2364 2253 0 2321 2210 0 2363 2252 0 2323 2212 0 2322 2211 0 2365 2254 0 2365 2254 0 2322 2211 0 2364 2253 0 2324 2213 0 2323 2212 0 2366 2255 0 2366 2255 0 2323 2212 0 2365 2254 0 2325 2214 0 2324 2213 0 2367 2256 0 2367 2256 0 2324 2213 0 2366 2255 0 2326 2215 0 2325 2214 0 2368 2257 0 2368 2257 0 2325 2214 0 2367 2256 0 2327 2216 0 2326 2215 0 2369 2258 0 2369 2258 0 2326 2215 0 2368 2257 0 2328 2217 0 2327 2216 0 2370 2259 0 2370 2259 0 2327 2216 0 2369 2258 0 2329 2218 0 2328 2217 0 2371 2260 0 2371 2260 0 2328 2217 0 2370 2259 0 2330 2219 0 2329 2218 0 2372 2261 0 2372 2261 0 2329 2218 0 2371 2260 0 2331 2220 0 2330 2219 0 2373 2262 0 2373 2262 0 2330 2219 0 2372 2261 0 2332 2221 0 2331 2220 0 2374 2263 0 2374 2263 0 2331 2220 0 2373 2262 0 2376 2265 0 2375 2264 0 2333 2222 0 2376 2265 0 2333 2222 0 2374 2263 0 2374 2263 0 2333 2222 0 2332 2221 0 2335 2224 0 2333 2222 0 2375 2264 0 2338 2227 0 2337 2226 0 2377 2266 0 2339 2228 0 2338 2227 0 2377 2266 0 2378 2267 0 2339 2228 0 2377 2266 0 2340 2229 0 2339 2228 0 2378 2267 0 2379 2268 0 2340 2229 0 2378 2267 0 2341 2230 0 2340 2229 0 2379 2268 0 2380 2269 0 2341 2230 0 2379 2268 0 2342 2231 0 2341 2230 0 2380 2269 0 2381 2270 0 2342 2231 0 2380 2269 0 2343 2232 0 2342 2231 0 2381 2270 0 2382 2271 0 2343 2232 0 2381 2270 0 2344 2233 0 2343 2232 0 2382 2271 0 2383 2272 0 2344 2233 0 2382 2271 0 2345 2234 0 2344 2233 0 2383 2272 0 2384 2273 0 2345 2234 0 2383 2272 0 2346 2235 0 2345 2234 0 2384 2273 0 2385 2274 0 2346 2235 0 2384 2273 0 2347 2236 0 2346 2235 0 2385 2274 0 2386 2275 0 2347 2236 0 2385 2274 0 2348 2237 0 2347 2236 0 2386 2275 0 2387 2276 0 2348 2237 0 2386 2275 0 2349 2238 0 2348 2237 0 2387 2276 0 2388 2277 0 2349 2238 0 2387 2276 0 2350 2239 0 2349 2238 0 2388 2277 0 2389 2278 0 2350 2239 0 2388 2277 0 2351 2240 0 2350 2239 0 2389 2278 0 2390 2279 0 2351 2240 0 2389 2278 0 2352 2241 0 2351 2240 0 2390 2279 0 2391 2280 0 2352 2241 0 2390 2279 0 2353 2242 0 2352 2241 0 2391 2280 0 2392 2281 0 2353 2242 0 2391 2280 0 2354 2243 0 2353 2242 0 2392 2281 0 2393 2282 0 2354 2243 0 2392 2281 0 2355 2244 0 2354 2243 0 2393 2282 0 2394 2283 0 2355 2244 0 2393 2282 0 2356 2245 0 2355 2244 0 2394 2283 0 2395 2284 0 2356 2245 0 2394 2283 0 2357 2246 0 2356 2245 0 2395 2284 0 2396 2285 0 2357 2246 0 2395 2284 0 2358 2247 0 2357 2246 0 2396 2285 0 2397 2286 0 2358 2247 0 2396 2285 0 2359 2248 0 2358 2247 0 2397 2286 0 2398 2287 0 2359 2248 0 2397 2286 0 2360 2249 0 2359 2248 0 2398 2287 0 2399 2288 0 2360 2249 0 2398 2287 0 2361 2250 0 2360 2249 0 2399 2288 0 2400 2289 0 2361 2250 0 2399 2288 0 2362 2251 0 2361 2250 0 2400 2289 0 2401 2290 0 2362 2251 0 2400 2289 0 2363 2252 0 2362 2251 0 2401 2290 0 2402 2291 0 2363 2252 0 2401 2290 0 2364 2253 0 2363 2252 0 2402 2291 0 2403 2292 0 2364 2253 0 2402 2291 0 2365 2254 0 2364 2253 0 2403 2292 0 2404 2293 0 2365 2254 0 2403 2292 0 2366 2255 0 2365 2254 0 2404 2293 0 2405 2294 0 2366 2255 0 2404 2293 0 2367 2256 0 2366 2255 0 2405 2294 0 2406 2295 0 2367 2256 0 2405 2294 0 2368 2257 0 2367 2256 0 2406 2295 0 2407 2296 0 2368 2257 0 2406 2295 0 2369 2258 0 2368 2257 0 2407 2296 0 2408 2297 0 2369 2258 0 2407 2296 0 2370 2259 0 2369 2258 0 2408 2297 0 2409 2298 0 2370 2259 0 2408 2297 0 2371 2260 0 2370 2259 0 2409 2298 0 2410 2299 0 2371 2260 0 2409 2298 0 2372 2261 0 2371 2260 0 2410 2299 0 2411 2300 0 2372 2261 0 2410 2299 0 2373 2262 0 2372 2261 0 2411 2300 0 2412 2301 0 2373 2262 0 2411 2300 0 2374 2263 0 2373 2262 0 2412 2301 0 2413 2302 0 2374 2263 0 2412 2301 0 2376 2265 0 2374 2263 0 2413 2302 0 0 0 0 2414 2303 0 1 1 0 0 0 0 3 3 0 2415 2304 0 2414 2303 0 0 0 0 2415 2304 0 2417 2306 0 2415 2304 0 3 3 0 2417 2306 0 3 3 0 2416 2305 0 2416 2305 0 3 3 0 5 5 0 7 7 0 2418 2307 0 5 5 0 5 5 0 2418 2307 0 2416 2305 0 9 9 0 2419 2308 0 7 7 0 7 7 0 2419 2308 0 2418 2307 0 11 11 0 2420 2309 0 9 9 0 9 9 0 2420 2309 0 2419 2308 0 13 13 0 2421 2310 0 11 11 0 11 11 0 2421 2310 0 2420 2309 0 15 15 0 2422 2311 0 13 13 0 13 13 0 2422 2311 0 2421 2310 0 17 17 0 2423 2312 0 15 15 0 15 15 0 2423 2312 0 2422 2311 0 19 19 0 2424 2313 0 17 17 0 17 17 0 2424 2313 0 2423 2312 0 21 21 0 2425 2314 0 19 19 0 19 19 0 2425 2314 0 2424 2313 0 23 23 0 2426 2315 0 21 21 0 21 21 0 2426 2315 0 2425 2314 0 25 25 0 2427 2316 0 23 23 0 23 23 0 2427 2316 0 2426 2315 0 27 27 0 2428 2317 0 25 25 0 25 25 0 2428 2317 0 2427 2316 0 29 29 0 2429 2318 0 27 27 0 27 27 0 2429 2318 0 2428 2317 0 31 31 0 2430 2319 0 29 29 0 29 29 0 2430 2319 0 2429 2318 0 33 33 0 2431 2320 0 31 31 0 31 31 0 2431 2320 0 2430 2319 0 35 35 0 2432 2321 0 33 33 0 33 33 0 2432 2321 0 2431 2320 0 37 37 0 2433 2322 0 35 35 0 35 35 0 2433 2322 0 2432 2321 0 39 39 0 2434 2323 0 37 37 0 37 37 0 2434 2323 0 2433 2322 0 41 41 0 2435 2324 0 39 39 0 39 39 0 2435 2324 0 2434 2323 0 43 43 0 2436 2325 0 41 41 0 41 41 0 2436 2325 0 2435 2324 0 45 45 0 2437 2326 0 43 43 0 43 43 0 2437 2326 0 2436 2325 0 47 47 0 2438 2327 0 45 45 0 45 45 0 2438 2327 0 2437 2326 0 49 49 0 2439 2328 0 47 47 0 47 47 0 2439 2328 0 2438 2327 0 51 51 0 2440 2329 0 49 49 0 49 49 0 2440 2329 0 2439 2328 0 53 53 0 2441 2330 0 51 51 0 51 51 0 2441 2330 0 2440 2329 0 55 55 0 2442 2331 0 53 53 0 53 53 0 2442 2331 0 2441 2330 0 57 57 0 2443 2332 0 55 55 0 55 55 0 2443 2332 0 2442 2331 0 59 59 0 2444 2333 0 57 57 0 57 57 0 2444 2333 0 2443 2332 0 61 61 0 2445 2334 0 59 59 0 59 59 0 2445 2334 0 2444 2333 0 63 63 0 2446 2335 0 61 61 0 61 61 0 2446 2335 0 2445 2334 0 65 65 0 2447 2336 0 63 63 0 63 63 0 2447 2336 0 2446 2335 0 67 67 0 2448 2337 0 65 65 0 65 65 0 2448 2337 0 2447 2336 0 69 69 0 2449 2338 0 67 67 0 67 67 0 2449 2338 0 2448 2337 0 2451 2340 0 2450 2339 0 2449 2338 0 2451 2340 0 2449 2338 0 71 71 0 71 71 0 2449 2338 0 69 69 0 71 71 0 73 73 0 2451 2340 0 74 74 0 2452 2341 0 75 75 0 74 74 0 2454 2343 0 2452 2341 0 1 1 0 2454 2343 0 74 74 0 1 1 0 2453 2342 0 2454 2343 0 1 1 0 2414 2303 0 2453 2342 0 2415 2304 0 2453 2342 0 2414 2303 0 2455 2344 0 2453 2342 0 2415 2304 0 2417 2306 0 2455 2344 0 2415 2304 0 2451 2340 0 2456 2345 0 2450 2339 0 73 73 0 2456 2345 0 2451 2340 0 73 73 0 113 113 0 2456 2345 0 113 113 0 2457 2346 0 2456 2345 0 2457 2346 0 113 113 0 115 115 0 2458 2347 0 2457 2346 0 115 115 0 116 116 0 2459 2348 0 117 117 0 116 116 0 2461 2350 0 2459 2348 0 75 75 0 2461 2350 0 116 116 0 75 75 0 2460 2349 0 2461 2350 0 75 75 0 2452 2341 0 2460 2349 0 2454 2343 0 2460 2349 0 2452 2341 0 2463 2352 0 115 115 0 157 157 0 2463 2352 0 2462 2351 0 115 115 0 2462 2351 0 2458 2347 0 115 115 0 157 157 0 159 159 0 2463 2352 0 160 160 0 2464 2353 0 161 161 0 160 160 0 2466 2355 0 2464 2353 0 117 117 0 2466 2355 0 160 160 0 117 117 0 2465 2354 0 2466 2355 0 117 117 0 2459 2348 0 2465 2354 0 2461 2350 0 2465 2354 0 2459 2348 0 2463 2352 0 2467 2356 0 2462 2351 0 2469 2358 0 2468 2357 0 2467 2356 0 203 203 0 2469 2358 0 2467 2356 0 203 203 0 2467 2356 0 2463 2352 0 203 203 0 2463 2352 0 159 159 0 203 203 0 205 205 0 2469 2358 0 206 206 0 2470 2359 0 207 207 0 206 206 0 2472 2361 0 2470 2359 0 161 161 0 2472 2361 0 206 206 0 161 161 0 2471 2360 0 2472 2361 0 161 161 0 2464 2353 0 2471 2360 0 2466 2355 0 2471 2360 0 2464 2353 0 2469 2358 0 2473 2362 0 2468 2357 0 2473 2362 0 2469 2358 0 205 205 0 2473 2362 0 205 205 0 2474 2363 0 2474 2363 0 205 205 0 251 251 0 252 252 0 2475 2364 0 253 253 0 252 252 0 2477 2366 0 2475 2364 0 207 207 0 2477 2366 0 252 252 0 207 207 0 2476 2365 0 2477 2366 0 207 207 0 2470 2359 0 2476 2365 0 2472 2361 0 2476 2365 0 2470 2359 0 251 251 0 2478 2367 0 2474 2363 0 298 298 0 2478 2367 0 251 251 0 2478 2367 0 298 298 0 300 300 0 2479 2368 0 2478 2367 0 300 300 0 301 301 0 2480 2369 0 302 302 0 301 301 0 2482 2371 0 2480 2369 0 253 253 0 2482 2371 0 301 301 0 253 253 0 2481 2370 0 2482 2371 0 253 253 0 2475 2364 0 2481 2370 0 2477 2366 0 2481 2370 0 2475 2364 0 300 300 0 2483 2372 0 2479 2368 0 349 349 0 2483 2372 0 300 300 0 2485 2374 0 2484 2373 0 2483 2372 0 2485 2374 0 2483 2372 0 351 351 0 351 351 0 2483 2372 0 349 349 0 351 351 0 353 353 0 2485 2374 0 2480 2369 0 2486 2375 0 2487 2376 0 2480 2369 0 2487 2376 0 302 302 0 302 302 0 2487 2376 0 354 354 0 2482 2371 0 2486 2375 0 2480 2369 0 2485 2374 0 2488 2377 0 2484 2373 0 2488 2377 0 2485 2374 0 353 353 0 2488 2377 0 353 353 0 2489 2378 0 2489 2378 0 353 353 0 403 403 0 354 354 0 2487 2376 0 404 404 0 2487 2376 0 2490 2379 0 404 404 0 403 403 0 453 453 0 2489 2378 0 2489 2378 0 453 453 0 2491 2380 0 404 404 0 2490 2379 0 454 454 0 2490 2379 0 2492 2381 0 454 454 0 453 453 0 503 503 0 2491 2380 0 2491 2380 0 503 503 0 2493 2382 0 454 454 0 2492 2381 0 504 504 0 2492 2381 0 2494 2383 0 504 504 0 503 503 0 553 553 0 2493 2382 0 2493 2382 0 553 553 0 2495 2384 0 504 504 0 2494 2383 0 554 554 0 2494 2383 0 2496 2385 0 554 554 0 553 553 0 603 603 0 2495 2384 0 2495 2384 0 603 603 0 2497 2386 0 554 554 0 2496 2385 0 604 604 0 2496 2385 0 2498 2387 0 604 604 0 603 603 0 653 653 0 2497 2386 0 2497 2386 0 653 653 0 2499 2388 0 604 604 0 2498 2387 0 654 654 0 2498 2387 0 2500 2389 0 654 654 0 653 653 0 703 703 0 2499 2388 0 2499 2388 0 703 703 0 2501 2390 0 654 654 0 2500 2389 0 704 704 0 2500 2389 0 2502 2391 0 704 704 0 703 703 0 753 753 0 2501 2390 0 2501 2390 0 753 753 0 2503 2392 0 704 704 0 2502 2391 0 754 754 0 2502 2391 0 2504 2393 0 754 754 0 753 753 0 803 803 0 2503 2392 0 2503 2392 0 803 803 0 2505 2394 0 754 754 0 2504 2393 0 804 804 0 2504 2393 0 2506 2395 0 804 804 0 803 803 0 853 853 0 2505 2394 0 2505 2394 0 853 853 0 2507 2396 0 804 804 0 2506 2395 0 854 854 0 2506 2395 0 2508 2397 0 854 854 0 853 853 0 903 902 0 2507 2396 0 2507 2396 0 903 902 0 2509 2398 0 854 854 0 2508 2397 0 904 903 0 2508 2397 0 2510 2399 0 904 903 0 903 902 0 953 950 0 2509 2398 0 2509 2398 0 953 950 0 2511 2400 0 904 903 0 2510 2399 0 954 951 0 2510 2399 0 2512 2401 0 954 951 0 953 950 0 1003 994 0 2511 2400 0 2511 2400 0 1003 994 0 2513 2402 0 954 951 0 2512 2401 0 1004 995 0 2512 2401 0 2514 2403 0 1004 995 0 1003 994 0 1053 1037 0 2513 2402 0 2513 2402 0 1053 1037 0 2515 2404 0 1004 995 0 2514 2403 0 1054 1038 0 2514 2403 0 2516 2405 0 1054 1038 0 1053 1037 0 1103 1076 0 2515 2404 0 2515 2404 0 1103 1076 0 2517 2406 0 1054 1038 0 2516 2405 0 1104 1077 0 2516 2405 0 2518 2407 0 1104 1077 0 1103 1076 0 1153 1114 0 2517 2406 0 2517 2406 0 1153 1114 0 2519 2408 0 1104 1077 0 2518 2407 0 1154 1115 0 2518 2407 0 2520 2409 0 1154 1115 0 1153 1114 0 1203 1152 0 2519 2408 0 2519 2408 0 1203 1152 0 2521 2410 0 1154 1115 0 2520 2409 0 1204 1153 0 2520 2409 0 2522 2411 0 1204 1153 0 1203 1152 0 1253 1193 0 2521 2410 0 2521 2410 0 1253 1193 0 2523 2412 0 1204 1153 0 2522 2411 0 1254 1194 0 2522 2411 0 2524 2413 0 1254 1194 0 1253 1193 0 1303 1231 0 2523 2412 0 2523 2412 0 1303 1231 0 2525 2414 0 1254 1194 0 2524 2413 0 1304 1232 0 2524 2413 0 2526 2415 0 1304 1232 0 1303 1231 0 1353 1270 0 2525 2414 0 2525 2414 0 1353 1270 0 2527 2416 0 1304 1232 0 2526 2415 0 1354 1271 0 2526 2415 0 2528 2417 0 1354 1271 0 1353 1270 0 1403 1309 0 2527 2416 0 2527 2416 0 1403 1309 0 2529 2418 0 1354 1271 0 2528 2417 0 1404 1310 0 2528 2417 0 2530 2419 0 1404 1310 0 1403 1309 0 1453 1351 0 2529 2418 0 2529 2418 0 1453 1351 0 2531 2420 0 1404 1310 0 2530 2419 0 1454 1352 0 2530 2419 0 2532 2421 0 1454 1352 0 1453 1351 0 1503 1395 0 2531 2420 0 2531 2420 0 1503 1395 0 2533 2422 0 1454 1352 0 2532 2421 0 1504 1396 0 2532 2421 0 2534 2423 0 1504 1396 0 1503 1395 0 1553 1443 0 2533 2422 0 2533 2422 0 1553 1443 0 2535 2424 0 1504 1396 0 2534 2423 0 1554 1444 0 2534 2423 0 2536 2425 0 1554 1444 0 1553 1443 0 1603 1492 0 2535 2424 0 2535 2424 0 1603 1492 0 2537 2426 0 1554 1444 0 2536 2425 0 1604 1493 0 2536 2425 0 2538 2427 0 1604 1493 0 1603 1492 0 1653 1542 0 2537 2426 0 2537 2426 0 1653 1542 0 2539 2428 0 1604 1493 0 2538 2427 0 1654 1543 0 2538 2427 0 2540 2429 0 1654 1543 0 1653 1542 0 1703 1592 0 2539 2428 0 2539 2428 0 1703 1592 0 2541 2430 0 1654 1543 0 2540 2429 0 1704 1593 0 2540 2429 0 2542 2431 0 1704 1593 0 1703 1592 0 1753 1642 0 2541 2430 0 2541 2430 0 1753 1642 0 2543 2432 0 1704 1593 0 2542 2431 0 1754 1643 0 2542 2431 0 2544 2433 0 1754 1643 0 1753 1642 0 1803 1692 0 2543 2432 0 2543 2432 0 1803 1692 0 2545 2434 0 1754 1643 0 2544 2433 0 1804 1693 0 2544 2433 0 2546 2435 0 1804 1693 0 1803 1692 0 1853 1742 0 2545 2434 0 2545 2434 0 1853 1742 0 2547 2436 0 1804 1693 0 2546 2435 0 1854 1743 0 2546 2435 0 2548 2437 0 1854 1743 0 1853 1742 0 1903 1792 0 2547 2436 0 2547 2436 0 1903 1792 0 2549 2438 0 1854 1743 0 2548 2437 0 1904 1793 0 2548 2437 0 2550 2439 0 1904 1793 0 1903 1792 0 1953 1842 0 2549 2438 0 2549 2438 0 1953 1842 0 2551 2440 0 1904 1793 0 2550 2439 0 1954 1843 0 2550 2439 0 2552 2441 0 1954 1843 0 1953 1842 0 2003 1892 0 2551 2440 0 2551 2440 0 2003 1892 0 2553 2442 0 2554 2443 0 2555 2444 0 2004 1893 0 2554 2443 0 2004 1893 0 2552 2441 0 2552 2441 0 2004 1893 0 1954 1843 0 2554 2443 0 2556 2445 0 2555 2444 0 2559 2448 0 2558 2447 0 2557 2446 0 2559 2448 0 2557 2446 0 2553 2442 0 2559 2448 0 2553 2442 0 2053 1942 0 2053 1942 0 2553 2442 0 2003 1892 0 2555 2444 0 2560 2449 0 2054 1943 0 2004 1893 0 2555 2444 0 2054 1943 0 2561 2450 0 2555 2444 0 2556 2445 0 2560 2449 0 2555 2444 0 2561 2450 0 2102 1991 0 2558 2447 0 2559 2448 0 2102 1991 0 2103 1992 0 2558 2447 0 2103 1992 0 2562 2451 0 2558 2447 0 2053 1942 0 2102 1991 0 2559 2448 0 2054 1943 0 2560 2449 0 2104 1993 0 2560 2449 0 2105 1994 0 2104 1993 0 2560 2449 0 2561 2450 0 2105 1994 0 2561 2450 0 2563 2452 0 2105 1994 0 2151 2040 0 2565 2454 0 2564 2453 0 2152 2041 0 2565 2454 0 2151 2040 0 2562 2451 0 2103 1992 0 2151 2040 0 2564 2453 0 2562 2451 0 2151 2040 0 2566 2455 0 2567 2456 0 2153 2042 0 2566 2455 0 2153 2042 0 2563 2452 0 2563 2452 0 2153 2042 0 2105 1994 0 2566 2455 0 2568 2457 0 2567 2456 0 2571 2460 0 2570 2459 0 2569 2458 0 2571 2460 0 2569 2458 0 2565 2454 0 2571 2460 0 2565 2454 0 2199 2088 0 2199 2088 0 2565 2454 0 2152 2041 0 2153 2042 0 2567 2456 0 2200 2089 0 2201 2090 0 2572 2461 0 2573 2462 0 2200 2089 0 2572 2461 0 2201 2090 0 2200 2089 0 2568 2457 0 2572 2461 0 2200 2089 0 2567 2456 0 2568 2457 0 2572 2461 0 2574 2463 0 2573 2462 0 2577 2466 0 2576 2465 0 2575 2464 0 2570 2459 0 2577 2466 0 2575 2464 0 2571 2460 0 2577 2466 0 2570 2459 0 2571 2460 0 2246 2135 0 2577 2466 0 2571 2460 0 2245 2134 0 2246 2135 0 2199 2088 0 2245 2134 0 2571 2460 0 2201 2090 0 2573 2462 0 2247 2136 0 2248 2137 0 2578 2467 0 2579 2468 0 2247 2136 0 2578 2467 0 2248 2137 0 2247 2136 0 2574 2463 0 2578 2467 0 2247 2136 0 2573 2462 0 2574 2463 0 2578 2467 0 2580 2469 0 2579 2468 0 2582 2471 0 2576 2465 0 2577 2466 0 2581 2470 0 2576 2465 0 2582 2471 0 2246 2135 0 2291 2180 0 2582 2471 0 2577 2466 0 2246 2135 0 2582 2471 0 2248 2137 0 2579 2468 0 2292 2181 0 2579 2468 0 2580 2469 0 2583 2472 0 2579 2468 0 2583 2472 0 2292 2181 0 2292 2181 0 2583 2472 0 2293 2182 0 2294 2183 0 2584 2473 0 2585 2474 0 2294 2183 0 2293 2182 0 2584 2473 0 2293 2182 0 2583 2472 0 2584 2473 0 2584 2473 0 2586 2475 0 2585 2474 0 2589 2478 0 2588 2477 0 2587 2476 0 2581 2470 0 2589 2478 0 2587 2476 0 2582 2471 0 2589 2478 0 2581 2470 0 2582 2471 0 2335 2224 0 2589 2478 0 2582 2471 0 2334 2223 0 2335 2224 0 2291 2180 0 2334 2223 0 2582 2471 0 2294 2183 0 2585 2474 0 2336 2225 0 2337 2226 0 2590 2479 0 2591 2480 0 2336 2225 0 2590 2479 0 2337 2226 0 2336 2225 0 2586 2475 0 2590 2479 0 2336 2225 0 2585 2474 0 2586 2475 0 2590 2479 0 2592 2481 0 2591 2480 0 2595 2484 0 2594 2483 0 2593 2482 0 2595 2484 0 2596 2485 0 2597 2486 0 2593 2482 0 2596 2485 0 2595 2484 0 2597 2486 0 2598 2487 0 2599 2488 0 2596 2485 0 2598 2487 0 2597 2486 0 2588 2477 0 2599 2488 0 2598 2487 0 2589 2478 0 2599 2488 0 2588 2477 0 2589 2478 0 2376 2265 0 2599 2488 0 2589 2478 0 2375 2264 0 2376 2265 0 2335 2224 0 2375 2264 0 2589 2478 0 2337 2226 0 2591 2480 0 2377 2266 0 2591 2480 0 2592 2481 0 2600 2489 0 2591 2480 0 2600 2489 0 2377 2266 0 2377 2266 0 2600 2489 0 2378 2267 0 2379 2268 0 2378 2267 0 2601 2490 0 2378 2267 0 2600 2489 0 2601 2490 0 2380 2269 0 2379 2268 0 2602 2491 0 2379 2268 0 2601 2490 0 2602 2491 0 2381 2270 0 2380 2269 0 2603 2492 0 2380 2269 0 2602 2491 0 2603 2492 0 2382 2271 0 2381 2270 0 2604 2493 0 2381 2270 0 2603 2492 0 2604 2493 0 2383 2272 0 2382 2271 0 2605 2494 0 2382 2271 0 2604 2493 0 2605 2494 0 2384 2273 0 2383 2272 0 2606 2495 0 2383 2272 0 2605 2494 0 2606 2495 0 2385 2274 0 2384 2273 0 2607 2496 0 2384 2273 0 2606 2495 0 2607 2496 0 2386 2275 0 2385 2274 0 2608 2497 0 2385 2274 0 2607 2496 0 2608 2497 0 2387 2276 0 2386 2275 0 2609 2498 0 2386 2275 0 2608 2497 0 2609 2498 0 2388 2277 0 2387 2276 0 2610 2499 0 2387 2276 0 2609 2498 0 2610 2499 0 2389 2278 0 2388 2277 0 2611 2500 0 2388 2277 0 2610 2499 0 2611 2500 0 2390 2279 0 2389 2278 0 2612 2501 0 2389 2278 0 2611 2500 0 2612 2501 0 2391 2280 0 2390 2279 0 2613 2502 0 2390 2279 0 2612 2501 0 2613 2502 0 2392 2281 0 2391 2280 0 2614 2503 0 2391 2280 0 2613 2502 0 2614 2503 0 2393 2282 0 2392 2281 0 2615 2504 0 2392 2281 0 2614 2503 0 2615 2504 0 2394 2283 0 2393 2282 0 2616 2505 0 2393 2282 0 2615 2504 0 2616 2505 0 2395 2284 0 2394 2283 0 2617 2506 0 2394 2283 0 2616 2505 0 2617 2506 0 2396 2285 0 2395 2284 0 2618 2507 0 2395 2284 0 2617 2506 0 2618 2507 0 2397 2286 0 2396 2285 0 2619 2508 0 2396 2285 0 2618 2507 0 2619 2508 0 2398 2287 0 2397 2286 0 2620 2509 0 2397 2286 0 2619 2508 0 2620 2509 0 2399 2288 0 2398 2287 0 2621 2510 0 2398 2287 0 2620 2509 0 2621 2510 0 2400 2289 0 2399 2288 0 2622 2511 0 2399 2288 0 2621 2510 0 2622 2511 0 2401 2290 0 2400 2289 0 2623 2512 0 2400 2289 0 2622 2511 0 2623 2512 0 2402 2291 0 2401 2290 0 2624 2513 0 2401 2290 0 2623 2512 0 2624 2513 0 2403 2292 0 2402 2291 0 2625 2514 0 2402 2291 0 2624 2513 0 2625 2514 0 2404 2293 0 2403 2292 0 2626 2515 0 2403 2292 0 2625 2514 0 2626 2515 0 2405 2294 0 2404 2293 0 2627 2516 0 2404 2293 0 2626 2515 0 2627 2516 0 2406 2295 0 2405 2294 0 2628 2517 0 2405 2294 0 2627 2516 0 2628 2517 0 2407 2296 0 2406 2295 0 2629 2518 0 2406 2295 0 2628 2517 0 2629 2518 0 2408 2297 0 2407 2296 0 2630 2519 0 2407 2296 0 2629 2518 0 2630 2519 0 2409 2298 0 2408 2297 0 2631 2520 0 2408 2297 0 2630 2519 0 2631 2520 0 2410 2299 0 2409 2298 0 2632 2521 0 2409 2298 0 2631 2520 0 2632 2521 0 2594 2483 0 2595 2484 0 2411 2300 0 2594 2483 0 2411 2300 0 2632 2521 0 2632 2521 0 2411 2300 0 2410 2299 0 2412 2301 0 2411 2300 0 2595 2484 0 2597 2486 0 2412 2301 0 2595 2484 0 2413 2302 0 2412 2301 0 2597 2486 0 2599 2488 0 2413 2302 0 2597 2486 0 2376 2265 0 2413 2302 0 2599 2488 0 2416 2305 0 2633 2522 0 2417 2306 0 2416 2305 0 2418 2307 0 2634 2523 0 2633 2522 0 2416 2305 0 2634 2523 0 2418 2307 0 2419 2308 0 2635 2524 0 2634 2523 0 2418 2307 0 2635 2524 0 2419 2308 0 2420 2309 0 2636 2525 0 2635 2524 0 2419 2308 0 2636 2525 0 2638 2527 0 2636 2525 0 2420 2309 0 2638 2527 0 2420 2309 0 2637 2526 0 2637 2526 0 2420 2309 0 2421 2310 0 2422 2311 0 2639 2528 0 2421 2310 0 2421 2310 0 2639 2528 0 2637 2526 0 2423 2312 0 2640 2529 0 2422 2311 0 2422 2311 0 2640 2529 0 2639 2528 0 2424 2313 0 2641 2530 0 2423 2312 0 2423 2312 0 2641 2530 0 2640 2529 0 2425 2314 0 2642 2531 0 2424 2313 0 2424 2313 0 2642 2531 0 2641 2530 0 2426 2315 0 2643 2532 0 2425 2314 0 2425 2314 0 2643 2532 0 2642 2531 0 2427 2316 0 2644 2533 0 2426 2315 0 2426 2315 0 2644 2533 0 2643 2532 0 2428 2317 0 2645 2534 0 2427 2316 0 2427 2316 0 2645 2534 0 2644 2533 0 2429 2318 0 2646 2535 0 2428 2317 0 2428 2317 0 2646 2535 0 2645 2534 0 2430 2319 0 2647 2536 0 2429 2318 0 2429 2318 0 2647 2536 0 2646 2535 0 2431 2320 0 2648 2537 0 2430 2319 0 2430 2319 0 2648 2537 0 2647 2536 0 2432 2321 0 2649 2538 0 2431 2320 0 2431 2320 0 2649 2538 0 2648 2537 0 2433 2322 0 2650 2539 0 2432 2321 0 2432 2321 0 2650 2539 0 2649 2538 0 2434 2323 0 2651 2540 0 2433 2322 0 2433 2322 0 2651 2540 0 2650 2539 0 2435 2324 0 2652 2541 0 2434 2323 0 2434 2323 0 2652 2541 0 2651 2540 0 2436 2325 0 2653 2542 0 2435 2324 0 2435 2324 0 2653 2542 0 2652 2541 0 2437 2326 0 2654 2543 0 2436 2325 0 2436 2325 0 2654 2543 0 2653 2542 0 2438 2327 0 2655 2544 0 2437 2326 0 2437 2326 0 2655 2544 0 2654 2543 0 2439 2328 0 2656 2545 0 2438 2327 0 2438 2327 0 2656 2545 0 2655 2544 0 2440 2329 0 2657 2546 0 2439 2328 0 2439 2328 0 2657 2546 0 2656 2545 0 2441 2330 0 2658 2547 0 2440 2329 0 2440 2329 0 2658 2547 0 2657 2546 0 2442 2331 0 2659 2548 0 2441 2330 0 2441 2330 0 2659 2548 0 2658 2547 0 2443 2332 0 2660 2549 0 2442 2331 0 2442 2331 0 2660 2549 0 2659 2548 0 2444 2333 0 2661 2550 0 2443 2332 0 2443 2332 0 2661 2550 0 2660 2549 0 2445 2334 0 2662 2551 0 2444 2333 0 2444 2333 0 2662 2551 0 2661 2550 0 2664 2553 0 2663 2552 0 2662 2551 0 2664 2553 0 2662 2551 0 2446 2335 0 2446 2335 0 2662 2551 0 2445 2334 0 2446 2335 0 2447 2336 0 2665 2554 0 2664 2553 0 2446 2335 0 2665 2554 0 2447 2336 0 2448 2337 0 2666 2555 0 2665 2554 0 2447 2336 0 2666 2555 0 2448 2337 0 2449 2338 0 2667 2556 0 2666 2555 0 2448 2337 0 2667 2556 0 2449 2338 0 2450 2339 0 2667 2556 0 2453 2342 0 2668 2557 0 2454 2343 0 2453 2342 0 2455 2344 0 2669 2558 0 2668 2557 0 2453 2342 0 2669 2558 0 2455 2344 0 2417 2306 0 2633 2522 0 2455 2344 0 2633 2522 0 2669 2558 0 2669 2558 0 2633 2522 0 2670 2559 0 2634 2523 0 2671 2560 0 2633 2522 0 2671 2560 0 2670 2559 0 2633 2522 0 2673 2562 0 2635 2524 0 2672 2561 0 2673 2562 0 2671 2560 0 2635 2524 0 2671 2560 0 2634 2523 0 2635 2524 0 2636 2525 0 2672 2561 0 2635 2524 0 2674 2563 0 2672 2561 0 2636 2525 0 2638 2527 0 2674 2563 0 2636 2525 0 2664 2553 0 2675 2564 0 2663 2552 0 2675 2564 0 2677 2566 0 2676 2565 0 2675 2564 0 2664 2553 0 2677 2566 0 2664 2553 0 2665 2554 0 2677 2566 0 2666 2555 0 2678 2567 0 2665 2554 0 2678 2567 0 2677 2566 0 2665 2554 0 2667 2556 0 2679 2568 0 2666 2555 0 2679 2568 0 2678 2567 0 2666 2555 0 2450 2339 0 2456 2345 0 2680 2569 0 2450 2339 0 2680 2569 0 2667 2556 0 2667 2556 0 2680 2569 0 2679 2568 0 2456 2345 0 2457 2346 0 2681 2570 0 2680 2569 0 2456 2345 0 2681 2570 0 2457 2346 0 2458 2347 0 2681 2570 0 2460 2349 0 2682 2571 0 2461 2350 0 2460 2349 0 2454 2343 0 2668 2557 0 2460 2349 0 2668 2557 0 2682 2571 0 2682 2571 0 2668 2557 0 2683 2572 0 2669 2558 0 2684 2573 0 2668 2557 0 2684 2573 0 2683 2572 0 2668 2557 0 2670 2559 0 2685 2574 0 2669 2558 0 2685 2574 0 2684 2573 0 2669 2558 0 2687 2576 0 2671 2560 0 2686 2575 0 2687 2576 0 2685 2574 0 2671 2560 0 2685 2574 0 2670 2559 0 2671 2560 0 2673 2562 0 2686 2575 0 2671 2560 0 2677 2566 0 2688 2577 0 2676 2565 0 2688 2577 0 2690 2579 0 2689 2578 0 2688 2577 0 2677 2566 0 2690 2579 0 2677 2566 0 2678 2567 0 2690 2579 0 2679 2568 0 2691 2580 0 2678 2567 0 2691 2580 0 2690 2579 0 2678 2567 0 2680 2569 0 2692 2581 0 2679 2568 0 2692 2581 0 2691 2580 0 2679 2568 0 2681 2570 0 2693 2582 0 2680 2569 0 2693 2582 0 2692 2581 0 2680 2569 0 2458 2347 0 2462 2351 0 2693 2582 0 2681 2570 0 2458 2347 0 2693 2582 0 2465 2354 0 2694 2583 0 2466 2355 0 2465 2354 0 2461 2350 0 2682 2571 0 2465 2354 0 2682 2571 0 2694 2583 0 2694 2583 0 2682 2571 0 2695 2584 0 2683 2572 0 2696 2585 0 2682 2571 0 2696 2585 0 2695 2584 0 2682 2571 0 2684 2573 0 2697 2586 0 2683 2572 0 2697 2586 0 2696 2585 0 2683 2572 0 2699 2588 0 2685 2574 0 2698 2587 0 2699 2588 0 2697 2586 0 2685 2574 0 2697 2586 0 2684 2573 0 2685 2574 0 2687 2576 0 2698 2587 0 2685 2574 0 2690 2579 0 2700 2589 0 2689 2578 0 2700 2589 0 2702 2591 0 2701 2590 0 2700 2589 0 2690 2579 0 2702 2591 0 2690 2579 0 2691 2580 0 2702 2591 0 2692 2581 0 2703 2592 0 2691 2580 0 2703 2592 0 2702 2591 0 2691 2580 0 2693 2582 0 2704 2593 0 2692 2581 0 2704 2593 0 2703 2592 0 2692 2581 0 2462 2351 0 2467 2356 0 2705 2594 0 2462 2351 0 2705 2594 0 2693 2582 0 2693 2582 0 2705 2594 0 2704 2593 0 2467 2356 0 2468 2357 0 2705 2594 0 2471 2360 0 2706 2595 0 2472 2361 0 2471 2360 0 2466 2355 0 2694 2583 0 2471 2360 0 2694 2583 0 2706 2595 0 2706 2595 0 2694 2583 0 2707 2596 0 2695 2584 0 2708 2597 0 2694 2583 0 2708 2597 0 2707 2596 0 2694 2583 0 2696 2585 0 2709 2598 0 2695 2584 0 2709 2598 0 2708 2597 0 2695 2584 0 2711 2600 0 2697 2586 0 2710 2599 0 2711 2600 0 2709 2598 0 2697 2586 0 2709 2598 0 2696 2585 0 2697 2586 0 2699 2588 0 2710 2599 0 2697 2586 0 2702 2591 0 2712 2601 0 2701 2590 0 2712 2601 0 2714 2603 0 2713 2602 0 2712 2601 0 2702 2591 0 2714 2603 0 2702 2591 0 2703 2592 0 2714 2603 0 2704 2593 0 2715 2604 0 2703 2592 0 2715 2604 0 2714 2603 0 2703 2592 0 2705 2594 0 2716 2605 0 2704 2593 0 2716 2605 0 2715 2604 0 2704 2593 0 2468 2357 0 2473 2362 0 2717 2606 0 2468 2357 0 2717 2606 0 2705 2594 0 2705 2594 0 2717 2606 0 2716 2605 0 2473 2362 0 2474 2363 0 2717 2606 0 2476 2365 0 2718 2607 0 2477 2366 0 2476 2365 0 2472 2361 0 2706 2595 0 2476 2365 0 2706 2595 0 2718 2607 0 2718 2607 0 2706 2595 0 2719 2608 0 2707 2596 0 2720 2609 0 2706 2595 0 2720 2609 0 2719 2608 0 2706 2595 0 2708 2597 0 2721 2610 0 2707 2596 0 2721 2610 0 2720 2609 0 2707 2596 0 2723 2612 0 2709 2598 0 2722 2611 0 2723 2612 0 2721 2610 0 2709 2598 0 2721 2610 0 2708 2597 0 2709 2598 0 2711 2600 0 2722 2611 0 2709 2598 0 2725 2614 0 2713 2602 0 2714 2603 0 2724 2613 0 2713 2602 0 2725 2614 0 2715 2604 0 2726 2615 0 2714 2603 0 2726 2615 0 2725 2614 0 2714 2603 0 2716 2605 0 2727 2616 0 2715 2604 0 2727 2616 0 2726 2615 0 2715 2604 0 2717 2606 0 2728 2617 0 2716 2605 0 2728 2617 0 2727 2616 0 2716 2605 0 2474 2363 0 2478 2367 0 2729 2618 0 2474 2363 0 2729 2618 0 2717 2606 0 2717 2606 0 2729 2618 0 2728 2617 0 2478 2367 0 2479 2368 0 2729 2618 0 2481 2370 0 2730 2619 0 2482 2371 0 2481 2370 0 2477 2366 0 2718 2607 0 2481 2370 0 2718 2607 0 2730 2619 0 2730 2619 0 2718 2607 0 2731 2620 0 2719 2608 0 2732 2621 0 2718 2607 0 2732 2621 0 2731 2620 0 2718 2607 0 2720 2609 0 2733 2622 0 2719 2608 0 2733 2622 0 2732 2621 0 2719 2608 0 2735 2624 0 2721 2610 0 2734 2623 0 2735 2624 0 2733 2622 0 2721 2610 0 2733 2622 0 2720 2609 0 2721 2610 0 2723 2612 0 2734 2623 0 2721 2610 0 2725 2614 0 2736 2625 0 2724 2613 0 2736 2625 0 2738 2627 0 2737 2626 0 2736 2625 0 2725 2614 0 2738 2627 0 2725 2614 0 2726 2615 0 2738 2627 0 2727 2616 0 2739 2628 0 2726 2615 0 2739 2628 0 2738 2627 0 2726 2615 0 2728 2617 0 2740 2629 0 2727 2616 0 2740 2629 0 2739 2628 0 2727 2616 0 2729 2618 0 2741 2630 0 2728 2617 0 2741 2630 0 2740 2629 0 2728 2617 0 2479 2368 0 2483 2372 0 2742 2631 0 2479 2368 0 2742 2631 0 2729 2618 0 2729 2618 0 2742 2631 0 2741 2630 0 2483 2372 0 2484 2373 0 2742 2631 0 2486 2375 0 2743 2632 0 2487 2376 0 2486 2375 0 2482 2371 0 2730 2619 0 2486 2375 0 2730 2619 0 2743 2632 0 2743 2632 0 2730 2619 0 2744 2633 0 2731 2620 0 2745 2634 0 2730 2619 0 2745 2634 0 2744 2633 0 2730 2619 0 2732 2621 0 2746 2635 0 2731 2620 0 2746 2635 0 2745 2634 0 2731 2620 0 2748 2637 0 2733 2622 0 2747 2636 0 2748 2637 0 2746 2635 0 2733 2622 0 2746 2635 0 2732 2621 0 2733 2622 0 2735 2624 0 2747 2636 0 2733 2622 0 2750 2639 0 2737 2626 0 2738 2627 0 2749 2638 0 2737 2626 0 2750 2639 0 2739 2628 0 2751 2640 0 2738 2627 0 2751 2640 0 2750 2639 0 2738 2627 0 2740 2629 0 2752 2641 0 2739 2628 0 2752 2641 0 2751 2640 0 2739 2628 0 2741 2630 0 2753 2642 0 2740 2629 0 2753 2642 0 2752 2641 0 2740 2629 0 2742 2631 0 2754 2643 0 2741 2630 0 2754 2643 0 2753 2642 0 2741 2630 0 2484 2373 0 2488 2377 0 2755 2644 0 2484 2373 0 2755 2644 0 2742 2631 0 2742 2631 0 2755 2644 0 2754 2643 0 2488 2377 0 2489 2378 0 2755 2644 0 2743 2632 0 2756 2645 0 2490 2379 0 2487 2376 0 2743 2632 0 2490 2379 0 2744 2633 0 2757 2646 0 2743 2632 0 2757 2646 0 2756 2645 0 2743 2632 0 2759 2648 0 2745 2634 0 2758 2647 0 2759 2648 0 2757 2646 0 2745 2634 0 2757 2646 0 2744 2633 0 2745 2634 0 2746 2635 0 2758 2647 0 2745 2634 0 2760 2649 0 2758 2647 0 2746 2635 0 2748 2637 0 2760 2649 0 2746 2635 0 2750 2639 0 2761 2650 0 2749 2638 0 2761 2650 0 2763 2652 0 2762 2651 0 2761 2650 0 2750 2639 0 2763 2652 0 2750 2639 0 2751 2640 0 2763 2652 0 2752 2641 0 2764 2653 0 2751 2640 0 2764 2653 0 2763 2652 0 2751 2640 0 2753 2642 0 2765 2654 0 2752 2641 0 2765 2654 0 2764 2653 0 2752 2641 0 2754 2643 0 2766 2655 0 2753 2642 0 2766 2655 0 2765 2654 0 2753 2642 0 2755 2644 0 2767 2656 0 2754 2643 0 2767 2656 0 2766 2655 0 2754 2643 0 2489 2378 0 2491 2380 0 2767 2656 0 2755 2644 0 2489 2378 0 2767 2656 0 2756 2645 0 2768 2657 0 2492 2381 0 2490 2379 0 2756 2645 0 2492 2381 0 2770 2659 0 2757 2646 0 2769 2658 0 2770 2659 0 2768 2657 0 2757 2646 0 2768 2657 0 2756 2645 0 2757 2646 0 2759 2648 0 2769 2658 0 2757 2646 0 2763 2652 0 2771 2660 0 2762 2651 0 2764 2653 0 2771 2660 0 2763 2652 0 2772 2661 0 2771 2660 0 2764 2653 0 2772 2661 0 2774 2663 0 2773 2662 0 2772 2661 0 2764 2653 0 2774 2663 0 2764 2653 0 2765 2654 0 2774 2663 0 2766 2655 0 2775 2664 0 2765 2654 0 2775 2664 0 2774 2663 0 2765 2654 0 2767 2656 0 2776 2665 0 2766 2655 0 2776 2665 0 2775 2664 0 2766 2655 0 2491 2380 0 2493 2382 0 2776 2665 0 2767 2656 0 2491 2380 0 2776 2665 0 2768 2657 0 2777 2666 0 2778 2667 0 2768 2657 0 2778 2667 0 2492 2381 0 2492 2381 0 2778 2667 0 2494 2383 0 2770 2659 0 2777 2666 0 2768 2657 0 2774 2663 0 2779 2668 0 2773 2662 0 2779 2668 0 2781 2670 0 2780 2669 0 2779 2668 0 2774 2663 0 2781 2670 0 2774 2663 0 2775 2664 0 2781 2670 0 2776 2665 0 2782 2671 0 2775 2664 0 2782 2671 0 2781 2670 0 2775 2664 0 2493 2382 0 2495 2384 0 2782 2671 0 2776 2665 0 2493 2382 0 2782 2671 0 2494 2383 0 2778 2667 0 2496 2385 0 2778 2667 0 2783 2672 0 2496 2385 0 2781 2670 0 2784 2673 0 2780 2669 0 2784 2673 0 2786 2675 0 2785 2674 0 2784 2673 0 2781 2670 0 2786 2675 0 2781 2670 0 2782 2671 0 2786 2675 0 2495 2384 0 2497 2386 0 2786 2675 0 2782 2671 0 2495 2384 0 2786 2675 0 2496 2385 0 2783 2672 0 2498 2387 0 2783 2672 0 2787 2676 0 2498 2387 0 2786 2675 0 2788 2677 0 2785 2674 0 2788 2677 0 2786 2675 0 2497 2386 0 2788 2677 0 2497 2386 0 2789 2678 0 2789 2678 0 2497 2386 0 2499 2388 0 2498 2387 0 2787 2676 0 2500 2389 0 2787 2676 0 2790 2679 0 2500 2389 0 2499 2388 0 2501 2390 0 2789 2678 0 2789 2678 0 2501 2390 0 2791 2680 0 2500 2389 0 2790 2679 0 2502 2391 0 2790 2679 0 2792 2681 0 2502 2391 0 2501 2390 0 2503 2392 0 2791 2680 0 2791 2680 0 2503 2392 0 2793 2682 0 2502 2391 0 2792 2681 0 2504 2393 0 2792 2681 0 2794 2683 0 2504 2393 0 2503 2392 0 2505 2394 0 2793 2682 0 2793 2682 0 2505 2394 0 2795 2684 0 2504 2393 0 2794 2683 0 2506 2395 0 2794 2683 0 2796 2685 0 2506 2395 0 2505 2394 0 2507 2396 0 2795 2684 0 2795 2684 0 2507 2396 0 2797 2686 0 2506 2395 0 2796 2685 0 2508 2397 0 2796 2685 0 2798 2687 0 2508 2397 0 2507 2396 0 2509 2398 0 2797 2686 0 2797 2686 0 2509 2398 0 2799 2688 0 2508 2397 0 2798 2687 0 2510 2399 0 2798 2687 0 2800 2689 0 2510 2399 0 2509 2398 0 2511 2400 0 2799 2688 0 2799 2688 0 2511 2400 0 2801 2690 0 2510 2399 0 2800 2689 0 2512 2401 0 2800 2689 0 2802 2691 0 2512 2401 0 2511 2400 0 2513 2402 0 2801 2690 0 2801 2690 0 2513 2402 0 2803 2692 0 2512 2401 0 2802 2691 0 2514 2403 0 2802 2691 0 2804 2693 0 2514 2403 0 2513 2402 0 2515 2404 0 2803 2692 0 2803 2692 0 2515 2404 0 2805 2694 0 2514 2403 0 2804 2693 0 2516 2405 0 2804 2693 0 2806 2695 0 2516 2405 0 2515 2404 0 2517 2406 0 2805 2694 0 2805 2694 0 2517 2406 0 2807 2696 0 2516 2405 0 2806 2695 0 2518 2407 0 2806 2695 0 2808 2697 0 2518 2407 0 2517 2406 0 2519 2408 0 2807 2696 0 2807 2696 0 2519 2408 0 2809 2698 0 2518 2407 0 2808 2697 0 2520 2409 0 2808 2697 0 2810 2699 0 2520 2409 0 2519 2408 0 2521 2410 0 2809 2698 0 2809 2698 0 2521 2410 0 2811 2700 0 2520 2409 0 2810 2699 0 2522 2411 0 2810 2699 0 2812 2701 0 2522 2411 0 2521 2410 0 2523 2412 0 2811 2700 0 2811 2700 0 2523 2412 0 2813 2702 0 2522 2411 0 2812 2701 0 2524 2413 0 2812 2701 0 2814 2703 0 2524 2413 0 2523 2412 0 2525 2414 0 2813 2702 0 2813 2702 0 2525 2414 0 2815 2704 0 2524 2413 0 2814 2703 0 2526 2415 0 2814 2703 0 2816 2705 0 2526 2415 0 2525 2414 0 2527 2416 0 2815 2704 0 2815 2704 0 2527 2416 0 2817 2706 0 2526 2415 0 2816 2705 0 2528 2417 0 2816 2705 0 2818 2707 0 2528 2417 0 2527 2416 0 2529 2418 0 2817 2706 0 2817 2706 0 2529 2418 0 2819 2708 0 2528 2417 0 2818 2707 0 2530 2419 0 2818 2707 0 2820 2709 0 2530 2419 0 2529 2418 0 2531 2420 0 2819 2708 0 2819 2708 0 2531 2420 0 2821 2710 0 2530 2419 0 2820 2709 0 2532 2421 0 2820 2709 0 2822 2711 0 2532 2421 0 2531 2420 0 2533 2422 0 2821 2710 0 2821 2710 0 2533 2422 0 2823 2712 0 2532 2421 0 2822 2711 0 2534 2423 0 2822 2711 0 2824 2713 0 2534 2423 0 2533 2422 0 2535 2424 0 2823 2712 0 2823 2712 0 2535 2424 0 2825 2714 0 2534 2423 0 2824 2713 0 2536 2425 0 2824 2713 0 2826 2715 0 2536 2425 0 2535 2424 0 2537 2426 0 2825 2714 0 2825 2714 0 2537 2426 0 2827 2716 0 2536 2425 0 2826 2715 0 2538 2427 0 2826 2715 0 2828 2717 0 2538 2427 0 2537 2426 0 2539 2428 0 2827 2716 0 2827 2716 0 2539 2428 0 2829 2718 0 2538 2427 0 2828 2717 0 2540 2429 0 2828 2717 0 2830 2719 0 2540 2429 0 2539 2428 0 2541 2430 0 2829 2718 0 2829 2718 0 2541 2430 0 2831 2720 0 2540 2429 0 2830 2719 0 2542 2431 0 2830 2719 0 2832 2721 0 2542 2431 0 2541 2430 0 2543 2432 0 2831 2720 0 2831 2720 0 2543 2432 0 2833 2722 0 2834 2723 0 2835 2724 0 2544 2433 0 2834 2723 0 2544 2433 0 2832 2721 0 2832 2721 0 2544 2433 0 2542 2431 0 2834 2723 0 2836 2725 0 2835 2724 0 2839 2728 0 2838 2727 0 2837 2726 0 2839 2728 0 2837 2726 0 2833 2722 0 2839 2728 0 2833 2722 0 2545 2434 0 2545 2434 0 2833 2722 0 2543 2432 0 2835 2724 0 2840 2729 0 2546 2435 0 2544 2433 0 2835 2724 0 2546 2435 0 2841 2730 0 2835 2724 0 2836 2725 0 2840 2729 0 2835 2724 0 2841 2730 0 2843 2732 0 2838 2727 0 2839 2728 0 2842 2731 0 2838 2727 0 2843 2732 0 2545 2434 0 2547 2436 0 2843 2732 0 2839 2728 0 2545 2434 0 2843 2732 0 2840 2729 0 2844 2733 0 2548 2437 0 2546 2435 0 2840 2729 0 2548 2437 0 2845 2734 0 2840 2729 0 2841 2730 0 2845 2734 0 2846 2735 0 2840 2729 0 2846 2735 0 2844 2733 0 2840 2729 0 2845 2734 0 2847 2736 0 2846 2735 0 2849 2738 0 2842 2731 0 2843 2732 0 2848 2737 0 2842 2731 0 2849 2738 0 2547 2436 0 2549 2438 0 2849 2738 0 2843 2732 0 2547 2436 0 2849 2738 0 2844 2733 0 2850 2739 0 2550 2439 0 2548 2437 0 2844 2733 0 2550 2439 0 2846 2735 0 2851 2740 0 2844 2733 0 2851 2740 0 2850 2739 0 2844 2733 0 2852 2741 0 2846 2735 0 2847 2736 0 2852 2741 0 2853 2742 0 2846 2735 0 2853 2742 0 2851 2740 0 2846 2735 0 2852 2741 0 2854 2743 0 2853 2742 0 2857 2746 0 2856 2745 0 2855 2744 0 2848 2737 0 2857 2746 0 2855 2744 0 2848 2737 0 2849 2738 0 2857 2746 0 2849 2738 0 2858 2747 0 2857 2746 0 2549 2438 0 2551 2440 0 2858 2747 0 2849 2738 0 2549 2438 0 2858 2747 0 2850 2739 0 2859 2748 0 2552 2441 0 2550 2439 0 2850 2739 0 2552 2441 0 2851 2740 0 2860 2749 0 2850 2739 0 2860 2749 0 2859 2748 0 2850 2739 0 2853 2742 0 2861 2750 0 2851 2740 0 2861 2750 0 2860 2749 0 2851 2740 0 2862 2751 0 2853 2742 0 2854 2743 0 2862 2751 0 2863 2752 0 2853 2742 0 2863 2752 0 2861 2750 0 2853 2742 0 2862 2751 0 2864 2753 0 2863 2752 0 2867 2756 0 2866 2755 0 2865 2754 0 2867 2756 0 2868 2757 0 2869 2758 0 2865 2754 0 2868 2757 0 2867 2756 0 2856 2745 0 2869 2758 0 2868 2757 0 2856 2745 0 2857 2746 0 2869 2758 0 2857 2746 0 2870 2759 0 2869 2758 0 2858 2747 0 2871 2760 0 2857 2746 0 2871 2760 0 2870 2759 0 2857 2746 0 2551 2440 0 2553 2442 0 2871 2760 0 2858 2747 0 2551 2440 0 2871 2760 0 2552 2441 0 2859 2748 0 2554 2443 0 2556 2445 0 2554 2443 0 2859 2748 0 2556 2445 0 2859 2748 0 2872 2761 0 2872 2761 0 2859 2748 0 2860 2749 0 2861 2750 0 2873 2762 0 2860 2749 0 2873 2762 0 2872 2761 0 2860 2749 0 2863 2752 0 2874 2763 0 2861 2750 0 2874 2763 0 2873 2762 0 2861 2750 0 2875 2764 0 2863 2752 0 2864 2753 0 2875 2764 0 2876 2765 0 2863 2752 0 2876 2765 0 2874 2763 0 2863 2752 0 2875 2764 0 2877 2766 0 2876 2765 0 2880 2769 0 2879 2768 0 2878 2767 0 2866 2755 0 2880 2769 0 2878 2767 0 2866 2755 0 2867 2756 0 2880 2769 0 2867 2756 0 2881 2770 0 2880 2769 0 2869 2758 0 2882 2771 0 2867 2756 0 2882 2771 0 2881 2770 0 2867 2756 0 2870 2759 0 2883 2772 0 2869 2758 0 2883 2772 0 2882 2771 0 2869 2758 0 2557 2446 0 2558 2447 0 2883 2772 0 2557 2446 0 2883 2772 0 2871 2760 0 2871 2760 0 2883 2772 0 2870 2759 0 2553 2442 0 2557 2446 0 2871 2760 0 2872 2761 0 2884 2773 0 2561 2450 0 2556 2445 0 2872 2761 0 2561 2450 0 2873 2762 0 2885 2774 0 2872 2761 0 2885 2774 0 2884 2773 0 2872 2761 0 2874 2763 0 2886 2775 0 2873 2762 0 2886 2775 0 2885 2774 0 2873 2762 0 2876 2765 0 2887 2776 0 2874 2763 0 2887 2776 0 2886 2775 0 2874 2763 0 2888 2777 0 2876 2765 0 2877 2766 0 2888 2777 0 2889 2778 0 2876 2765 0 2889 2778 0 2887 2776 0 2876 2765 0 2888 2777 0 2890 2779 0 2889 2778 0 2893 2782 0 2892 2781 0 2891 2780 0 2879 2768 0 2893 2782 0 2891 2780 0 2879 2768 0 2880 2769 0 2893 2782 0 2880 2769 0 2894 2783 0 2893 2782 0 2881 2770 0 2895 2784 0 2880 2769 0 2895 2784 0 2894 2783 0 2880 2769 0 2882 2771 0 2896 2785 0 2881 2770 0 2896 2785 0 2895 2784 0 2881 2770 0 2883 2772 0 2897 2786 0 2882 2771 0 2897 2786 0 2896 2785 0 2882 2771 0 2558 2447 0 2562 2451 0 2897 2786 0 2883 2772 0 2558 2447 0 2897 2786 0 2884 2773 0 2898 2787 0 2563 2452 0 2561 2450 0 2884 2773 0 2563 2452 0 2885 2774 0 2899 2788 0 2884 2773 0 2899 2788 0 2898 2787 0 2884 2773 0 2886 2775 0 2900 2789 0 2885 2774 0 2900 2789 0 2899 2788 0 2885 2774 0 2887 2776 0 2901 2790 0 2886 2775 0 2901 2790 0 2900 2789 0 2886 2775 0 2889 2778 0 2902 2791 0 2887 2776 0 2902 2791 0 2901 2790 0 2887 2776 0 2903 2792 0 2889 2778 0 2890 2779 0 2903 2792 0 2904 2793 0 2889 2778 0 2904 2793 0 2902 2791 0 2889 2778 0 2903 2792 0 2905 2794 0 2904 2793 0 2908 2797 0 2907 2796 0 2906 2795 0 2892 2781 0 2908 2797 0 2906 2795 0 2892 2781 0 2893 2782 0 2908 2797 0 2893 2782 0 2909 2798 0 2908 2797 0 2894 2783 0 2910 2799 0 2893 2782 0 2910 2799 0 2909 2798 0 2893 2782 0 2895 2784 0 2911 2800 0 2894 2783 0 2911 2800 0 2910 2799 0 2894 2783 0 2896 2785 0 2912 2801 0 2895 2784 0 2912 2801 0 2911 2800 0 2895 2784 0 2564 2453 0 2565 2454 0 2912 2801 0 2564 2453 0 2912 2801 0 2897 2786 0 2897 2786 0 2912 2801 0 2896 2785 0 2562 2451 0 2564 2453 0 2897 2786 0 2563 2452 0 2898 2787 0 2566 2455 0 2568 2457 0 2566 2455 0 2898 2787 0 2568 2457 0 2898 2787 0 2913 2802 0 2913 2802 0 2898 2787 0 2899 2788 0 2900 2789 0 2914 2803 0 2899 2788 0 2914 2803 0 2913 2802 0 2899 2788 0 2901 2790 0 2915 2804 0 2900 2789 0 2915 2804 0 2914 2803 0 2900 2789 0 2902 2791 0 2916 2805 0 2901 2790 0 2916 2805 0 2915 2804 0 2901 2790 0 2904 2793 0 2917 2806 0 2902 2791 0 2917 2806 0 2916 2805 0 2902 2791 0 2918 2807 0 2904 2793 0 2905 2794 0 2918 2807 0 2919 2808 0 2904 2793 0 2919 2808 0 2917 2806 0 2904 2793 0 2919 2808 0 2920 2809 0 2921 2810 0 2918 2807 0 2920 2809 0 2919 2808 0 2920 2809 0 2922 2811 0 2921 2810 0 2925 2814 0 2924 2813 0 2923 2812 0 2907 2796 0 2925 2814 0 2923 2812 0 2907 2796 0 2908 2797 0 2925 2814 0 2908 2797 0 2926 2815 0 2925 2814 0 2909 2798 0 2927 2816 0 2908 2797 0 2927 2816 0 2926 2815 0 2908 2797 0 2910 2799 0 2928 2817 0 2909 2798 0 2928 2817 0 2927 2816 0 2909 2798 0 2911 2800 0 2929 2818 0 2910 2799 0 2929 2818 0 2928 2817 0 2910 2799 0 2569 2458 0 2570 2459 0 2929 2818 0 2569 2458 0 2929 2818 0 2912 2801 0 2912 2801 0 2929 2818 0 2911 2800 0 2565 2454 0 2569 2458 0 2912 2801 0 2568 2457 0 2913 2802 0 2572 2461 0 2574 2463 0 2572 2461 0 2913 2802 0 2574 2463 0 2913 2802 0 2930 2819 0 2930 2819 0 2913 2802 0 2914 2803 0 2915 2804 0 2931 2820 0 2914 2803 0 2931 2820 0 2930 2819 0 2914 2803 0 2916 2805 0 2932 2821 0 2915 2804 0 2932 2821 0 2931 2820 0 2915 2804 0 2917 2806 0 2933 2822 0 2916 2805 0 2933 2822 0 2932 2821 0 2916 2805 0 2919 2808 0 2934 2823 0 2917 2806 0 2934 2823 0 2933 2822 0 2917 2806 0 2921 2810 0 2935 2824 0 2919 2808 0 2935 2824 0 2934 2823 0 2919 2808 0 2936 2825 0 2921 2810 0 2922 2811 0 2935 2824 0 2921 2810 0 2936 2825 0 2939 2828 0 2938 2827 0 2937 2826 0 2924 2813 0 2939 2828 0 2937 2826 0 2924 2813 0 2925 2814 0 2939 2828 0 2925 2814 0 2940 2829 0 2939 2828 0 2926 2815 0 2941 2830 0 2925 2814 0 2941 2830 0 2940 2829 0 2925 2814 0 2927 2816 0 2942 2831 0 2926 2815 0 2942 2831 0 2941 2830 0 2926 2815 0 2928 2817 0 2943 2832 0 2927 2816 0 2943 2832 0 2942 2831 0 2927 2816 0 2575 2464 0 2576 2465 0 2943 2832 0 2575 2464 0 2943 2832 0 2929 2818 0 2929 2818 0 2943 2832 0 2928 2817 0 2570 2459 0 2575 2464 0 2929 2818 0 2574 2463 0 2930 2819 0 2578 2467 0 2580 2469 0 2578 2467 0 2930 2819 0 2580 2469 0 2930 2819 0 2944 2833 0 2944 2833 0 2930 2819 0 2931 2820 0 2932 2821 0 2945 2834 0 2931 2820 0 2945 2834 0 2944 2833 0 2931 2820 0 2933 2822 0 2946 2835 0 2932 2821 0 2946 2835 0 2945 2834 0 2932 2821 0 2934 2823 0 2947 2836 0 2933 2822 0 2947 2836 0 2946 2835 0 2933 2822 0 2935 2824 0 2948 2837 0 2934 2823 0 2948 2837 0 2947 2836 0 2934 2823 0 2949 2838 0 2935 2824 0 2936 2825 0 2949 2838 0 2950 2839 0 2935 2824 0 2950 2839 0 2948 2837 0 2935 2824 0 2949 2838 0 2951 2840 0 2950 2839 0 2954 2843 0 2953 2842 0 2952 2841 0 2938 2827 0 2954 2843 0 2952 2841 0 2938 2827 0 2939 2828 0 2954 2843 0 2939 2828 0 2955 2844 0 2954 2843 0 2940 2829 0 2956 2845 0 2939 2828 0 2956 2845 0 2955 2844 0 2939 2828 0 2941 2830 0 2957 2846 0 2940 2829 0 2957 2846 0 2956 2845 0 2940 2829 0 2942 2831 0 2958 2847 0 2941 2830 0 2958 2847 0 2957 2846 0 2941 2830 0 2943 2832 0 2959 2848 0 2942 2831 0 2959 2848 0 2958 2847 0 2942 2831 0 2576 2465 0 2581 2470 0 2959 2848 0 2943 2832 0 2576 2465 0 2959 2848 0 2580 2469 0 2944 2833 0 2583 2472 0 2584 2473 0 2583 2472 0 2944 2833 0 2945 2834 0 2584 2473 0 2944 2833 0 2586 2475 0 2584 2473 0 2945 2834 0 2586 2475 0 2945 2834 0 2960 2849 0 2960 2849 0 2945 2834 0 2946 2835 0 2947 2836 0 2961 2850 0 2946 2835 0 2961 2850 0 2960 2849 0 2946 2835 0 2948 2837 0 2962 2851 0 2947 2836 0 2962 2851 0 2961 2850 0 2947 2836 0 2950 2839 0 2963 2852 0 2948 2837 0 2963 2852 0 2962 2851 0 2948 2837 0 2964 2853 0 2950 2839 0 2951 2840 0 2964 2853 0 2965 2854 0 2950 2839 0 2965 2854 0 2963 2852 0 2950 2839 0 2965 2854 0 2966 2855 0 2967 2856 0 2964 2853 0 2966 2855 0 2965 2854 0 2966 2855 0 2968 2857 0 2967 2856 0 2971 2860 0 2970 2859 0 2969 2858 0 2953 2842 0 2971 2860 0 2969 2858 0 2953 2842 0 2954 2843 0 2971 2860 0 2954 2843 0 2972 2861 0 2971 2860 0 2955 2844 0 2973 2862 0 2954 2843 0 2973 2862 0 2972 2861 0 2954 2843 0 2956 2845 0 2974 2863 0 2955 2844 0 2974 2863 0 2973 2862 0 2955 2844 0 2957 2846 0 2975 2864 0 2956 2845 0 2975 2864 0 2974 2863 0 2956 2845 0 2958 2847 0 2976 2865 0 2957 2846 0 2976 2865 0 2975 2864 0 2957 2846 0 2587 2476 0 2588 2477 0 2976 2865 0 2587 2476 0 2976 2865 0 2959 2848 0 2959 2848 0 2976 2865 0 2958 2847 0 2581 2470 0 2587 2476 0 2959 2848 0 2586 2475 0 2960 2849 0 2590 2479 0 2592 2481 0 2590 2479 0 2960 2849 0 2592 2481 0 2960 2849 0 2977 2866 0 2977 2866 0 2960 2849 0 2961 2850 0 2962 2851 0 2978 2867 0 2961 2850 0 2978 2867 0 2977 2866 0 2961 2850 0 2963 2852 0 2979 2868 0 2962 2851 0 2979 2868 0 2978 2867 0 2962 2851 0 2965 2854 0 2980 2869 0 2963 2852 0 2980 2869 0 2979 2868 0 2963 2852 0 2967 2856 0 2981 2870 0 2965 2854 0 2981 2870 0 2980 2869 0 2965 2854 0 2982 2871 0 2967 2856 0 2968 2857 0 2982 2871 0 2983 2872 0 2967 2856 0 2983 2872 0 2981 2870 0 2967 2856 0 2983 2872 0 2984 2873 0 2985 2874 0 2982 2871 0 2984 2873 0 2983 2872 0 2984 2873 0 2986 2875 0 2985 2874 0 2989 2878 0 2988 2877 0 2987 2876 0 2970 2859 0 2989 2878 0 2987 2876 0 2970 2859 0 2971 2860 0 2989 2878 0 2971 2860 0 2990 2879 0 2989 2878 0 2972 2861 0 2991 2880 0 2971 2860 0 2991 2880 0 2990 2879 0 2971 2860 0 2973 2862 0 2992 2881 0 2972 2861 0 2992 2881 0 2991 2880 0 2972 2861 0 2593 2482 0 2594 2483 0 2992 2881 0 2593 2482 0 2992 2881 0 2974 2863 0 2974 2863 0 2992 2881 0 2973 2862 0 2596 2485 0 2593 2482 0 2974 2863 0 2975 2864 0 2596 2485 0 2974 2863 0 2598 2487 0 2596 2485 0 2975 2864 0 2976 2865 0 2598 2487 0 2975 2864 0 2588 2477 0 2598 2487 0 2976 2865 0 2592 2481 0 2977 2866 0 2600 2489 0 2601 2490 0 2600 2489 0 2977 2866 0 2978 2867 0 2601 2490 0 2977 2866 0 2602 2491 0 2601 2490 0 2978 2867 0 2979 2868 0 2602 2491 0 2978 2867 0 2603 2492 0 2602 2491 0 2979 2868 0 2980 2869 0 2603 2492 0 2979 2868 0 2604 2493 0 2603 2492 0 2980 2869 0 2981 2870 0 2604 2493 0 2980 2869 0 2605 2494 0 2604 2493 0 2981 2870 0 2983 2872 0 2605 2494 0 2981 2870 0 2606 2495 0 2605 2494 0 2983 2872 0 2985 2874 0 2606 2495 0 2983 2872 0 2985 2874 0 2986 2875 0 2993 2882 0 2985 2874 0 2993 2882 0 2606 2495 0 2606 2495 0 2993 2882 0 2607 2496 0 2608 2497 0 2607 2496 0 2994 2883 0 2607 2496 0 2993 2882 0 2994 2883 0 2609 2498 0 2608 2497 0 2995 2884 0 2608 2497 0 2994 2883 0 2995 2884 0 2610 2499 0 2609 2498 0 2996 2885 0 2609 2498 0 2995 2884 0 2996 2885 0 2611 2500 0 2610 2499 0 2997 2886 0 2610 2499 0 2996 2885 0 2997 2886 0 2612 2501 0 2611 2500 0 2998 2887 0 2611 2500 0 2997 2886 0 2998 2887 0 2613 2502 0 2612 2501 0 2999 2888 0 2612 2501 0 2998 2887 0 2999 2888 0 2614 2503 0 2613 2502 0 3000 2889 0 2613 2502 0 2999 2888 0 3000 2889 0 2615 2504 0 2614 2503 0 3001 2890 0 2614 2503 0 3000 2889 0 3001 2890 0 2616 2505 0 2615 2504 0 3002 2891 0 2615 2504 0 3001 2890 0 3002 2891 0 2617 2506 0 2616 2505 0 3003 2892 0 2616 2505 0 3002 2891 0 3003 2892 0 2618 2507 0 2617 2506 0 3004 2893 0 2617 2506 0 3003 2892 0 3004 2893 0 2619 2508 0 2618 2507 0 3005 2894 0 2618 2507 0 3004 2893 0 3005 2894 0 2620 2509 0 2619 2508 0 3006 2895 0 2619 2508 0 3005 2894 0 3006 2895 0 2621 2510 0 2620 2509 0 3007 2896 0 2620 2509 0 3006 2895 0 3007 2896 0 2622 2511 0 2621 2510 0 3008 2897 0 2621 2510 0 3007 2896 0 3008 2897 0 2623 2512 0 2622 2511 0 3009 2898 0 2622 2511 0 3008 2897 0 3009 2898 0 2624 2513 0 2623 2512 0 3010 2899 0 2623 2512 0 3009 2898 0 3010 2899 0 2625 2514 0 2624 2513 0 3011 2900 0 2624 2513 0 3010 2899 0 3011 2900 0 2626 2515 0 2625 2514 0 3012 2901 0 2625 2514 0 3011 2900 0 3012 2901 0 2627 2516 0 2626 2515 0 3013 2902 0 2626 2515 0 3012 2901 0 3013 2902 0 2628 2517 0 2627 2516 0 3014 2903 0 2627 2516 0 3013 2902 0 3014 2903 0 2988 2877 0 2989 2878 0 2629 2518 0 2988 2877 0 2629 2518 0 3014 2903 0 3014 2903 0 2629 2518 0 2628 2517 0 2630 2519 0 2629 2518 0 2989 2878 0 2990 2879 0 2630 2519 0 2989 2878 0 2631 2520 0 2630 2519 0 2990 2879 0 2991 2880 0 2631 2520 0 2990 2879 0 2632 2521 0 2631 2520 0 2991 2880 0 2992 2881 0 2632 2521 0 2991 2880 0 2594 2483 0 2632 2521 0 2992 2881 0 2637 2526 0 3015 2904 0 2638 2527 0 2637 2526 0 2639 2528 0 3016 2905 0 3015 2904 0 2637 2526 0 3016 2905 0 2639 2528 0 2640 2529 0 3017 2906 0 3016 2905 0 2639 2528 0 3017 2906 0 2640 2529 0 2641 2530 0 3018 2907 0 3017 2906 0 2640 2529 0 3018 2907 0 2641 2530 0 2642 2531 0 3019 2908 0 3018 2907 0 2641 2530 0 3019 2908 0 2642 2531 0 2643 2532 0 3020 2909 0 3019 2908 0 2642 2531 0 3020 2909 0 2643 2532 0 2644 2533 0 3021 2910 0 3020 2909 0 2643 2532 0 3021 2910 0 2644 2533 0 2645 2534 0 3022 2911 0 3021 2910 0 2644 2533 0 3022 2911 0 2645 2534 0 2646 2535 0 3023 2912 0 3022 2911 0 2645 2534 0 3023 2912 0 2646 2535 0 2647 2536 0 3024 2913 0 3023 2912 0 2646 2535 0 3024 2913 0 2647 2536 0 2648 2537 0 3025 2914 0 3024 2913 0 2647 2536 0 3025 2914 0 2648 2537 0 2649 2538 0 3026 2915 0 3025 2914 0 2648 2537 0 3026 2915 0 2649 2538 0 2650 2539 0 3027 2916 0 3026 2915 0 2649 2538 0 3027 2916 0 2650 2539 0 2651 2540 0 3028 2917 0 3027 2916 0 2650 2539 0 3028 2917 0 2651 2540 0 2652 2541 0 3029 2918 0 3028 2917 0 2651 2540 0 3029 2918 0 2652 2541 0 2653 2542 0 3030 2919 0 3029 2918 0 2652 2541 0 3030 2919 0 2653 2542 0 2654 2543 0 3031 2920 0 3030 2919 0 2653 2542 0 3031 2920 0 2654 2543 0 2655 2544 0 3032 2921 0 3031 2920 0 2654 2543 0 3032 2921 0 2655 2544 0 2656 2545 0 3033 2922 0 3032 2921 0 2655 2544 0 3033 2922 0 2656 2545 0 2657 2546 0 3034 2923 0 3033 2922 0 2656 2545 0 3034 2923 0 2657 2546 0 2658 2547 0 3035 2924 0 3034 2923 0 2657 2546 0 3035 2924 0 2658 2547 0 2659 2548 0 3036 2925 0 3035 2924 0 2658 2547 0 3036 2925 0 2659 2548 0 2660 2549 0 3037 2926 0 3036 2925 0 2659 2548 0 3037 2926 0 2660 2549 0 2661 2550 0 3038 2927 0 3037 2926 0 2660 2549 0 3038 2927 0 2661 2550 0 2662 2551 0 3039 2928 0 3038 2927 0 2661 2550 0 3039 2928 0 2662 2551 0 2663 2552 0 3039 2928 0 2672 2561 0 3040 2929 0 2673 2562 0 2672 2561 0 2674 2563 0 3041 2930 0 3040 2929 0 2672 2561 0 3041 2930 0 2674 2563 0 2638 2527 0 3015 2904 0 2674 2563 0 3015 2904 0 3041 2930 0 3041 2930 0 3015 2904 0 3042 2931 0 3016 2905 0 3043 2932 0 3015 2904 0 3043 2932 0 3042 2931 0 3015 2904 0 3017 2906 0 3044 2933 0 3016 2905 0 3044 2933 0 3043 2932 0 3016 2905 0 3018 2907 0 3045 2934 0 3017 2906 0 3045 2934 0 3044 2933 0 3017 2906 0 3019 2908 0 3046 2935 0 3018 2907 0 3046 2935 0 3045 2934 0 3018 2907 0 3020 2909 0 3047 2936 0 3019 2908 0 3047 2936 0 3046 2935 0 3019 2908 0 3021 2910 0 3048 2937 0 3020 2909 0 3048 2937 0 3047 2936 0 3020 2909 0 3050 2939 0 3022 2911 0 3049 2938 0 3050 2939 0 3048 2937 0 3022 2911 0 3048 2937 0 3021 2910 0 3022 2911 0 3023 2912 0 3049 2938 0 3022 2911 0 3051 2940 0 3049 2938 0 3023 2912 0 3051 2940 0 3053 2942 0 3052 2941 0 3051 2940 0 3023 2912 0 3053 2942 0 3023 2912 0 3024 2913 0 3053 2942 0 3025 2914 0 3054 2943 0 3024 2913 0 3054 2943 0 3053 2942 0 3024 2913 0 3026 2915 0 3055 2944 0 3025 2914 0 3055 2944 0 3054 2943 0 3025 2914 0 3027 2916 0 3056 2945 0 3026 2915 0 3056 2945 0 3055 2944 0 3026 2915 0 3028 2917 0 3057 2946 0 3027 2916 0 3057 2946 0 3056 2945 0 3027 2916 0 3029 2918 0 3058 2947 0 3028 2917 0 3058 2947 0 3057 2946 0 3028 2917 0 3030 2919 0 3059 2948 0 3029 2918 0 3059 2948 0 3058 2947 0 3029 2918 0 3031 2920 0 3060 2949 0 3030 2919 0 3060 2949 0 3059 2948 0 3030 2919 0 3032 2921 0 3061 2950 0 3031 2920 0 3061 2950 0 3060 2949 0 3031 2920 0 3033 2922 0 3062 2951 0 3032 2921 0 3062 2951 0 3061 2950 0 3032 2921 0 3034 2923 0 3063 2952 0 3033 2922 0 3063 2952 0 3062 2951 0 3033 2922 0 3035 2924 0 3064 2953 0 3034 2923 0 3064 2953 0 3063 2952 0 3034 2923 0 3036 2925 0 3065 2954 0 3035 2924 0 3065 2954 0 3064 2953 0 3035 2924 0 3037 2926 0 3066 2955 0 3036 2925 0 3066 2955 0 3065 2954 0 3036 2925 0 3038 2927 0 3067 2956 0 3037 2926 0 3067 2956 0 3066 2955 0 3037 2926 0 3039 2928 0 3068 2957 0 3038 2927 0 3068 2957 0 3067 2956 0 3038 2927 0 2663 2552 0 2675 2564 0 3069 2958 0 2663 2552 0 3069 2958 0 3039 2928 0 3039 2928 0 3069 2958 0 3068 2957 0 2675 2564 0 2676 2565 0 3069 2958 0 2686 2575 0 3070 2959 0 2687 2576 0 2686 2575 0 2673 2562 0 3040 2929 0 2686 2575 0 3040 2929 0 3070 2959 0 3070 2959 0 3040 2929 0 3071 2960 0 3041 2930 0 3072 2961 0 3040 2929 0 3072 2961 0 3071 2960 0 3040 2929 0 3042 2931 0 3073 2962 0 3041 2930 0 3073 2962 0 3072 2961 0 3041 2930 0 3043 2932 0 3074 2963 0 3042 2931 0 3074 2963 0 3073 2962 0 3042 2931 0 3044 2933 0 3075 2964 0 3043 2932 0 3075 2964 0 3074 2963 0 3043 2932 0 3045 2934 0 3076 2965 0 3044 2933 0 3076 2965 0 3075 2964 0 3044 2933 0 3046 2935 0 3077 2966 0 3045 2934 0 3077 2966 0 3076 2965 0 3045 2934 0 3047 2936 0 3078 2967 0 3046 2935 0 3078 2967 0 3077 2966 0 3046 2935 0 3048 2937 0 3079 2968 0 3047 2936 0 3079 2968 0 3078 2967 0 3047 2936 0 3080 2969 0 3048 2937 0 3050 2939 0 3080 2969 0 3081 2970 0 3048 2937 0 3081 2970 0 3079 2968 0 3048 2937 0 3081 2970 0 3082 2971 0 3083 2972 0 3080 2969 0 3082 2971 0 3081 2970 0 3052 2941 0 3083 2972 0 3082 2971 0 3052 2941 0 3053 2942 0 3083 2972 0 3053 2942 0 3084 2973 0 3083 2972 0 3054 2943 0 3085 2974 0 3053 2942 0 3085 2974 0 3084 2973 0 3053 2942 0 3055 2944 0 3086 2975 0 3054 2943 0 3086 2975 0 3085 2974 0 3054 2943 0 3056 2945 0 3087 2976 0 3055 2944 0 3087 2976 0 3086 2975 0 3055 2944 0 3057 2946 0 3088 2977 0 3056 2945 0 3088 2977 0 3087 2976 0 3056 2945 0 3058 2947 0 3089 2978 0 3057 2946 0 3089 2978 0 3088 2977 0 3057 2946 0 3059 2948 0 3090 2979 0 3058 2947 0 3090 2979 0 3089 2978 0 3058 2947 0 3060 2949 0 3091 2980 0 3059 2948 0 3091 2980 0 3090 2979 0 3059 2948 0 3061 2950 0 3092 2981 0 3060 2949 0 3092 2981 0 3091 2980 0 3060 2949 0 3062 2951 0 3093 2982 0 3061 2950 0 3093 2982 0 3092 2981 0 3061 2950 0 3063 2952 0 3094 2983 0 3062 2951 0 3094 2983 0 3093 2982 0 3062 2951 0 3064 2953 0 3095 2984 0 3063 2952 0 3095 2984 0 3094 2983 0 3063 2952 0 3065 2954 0 3096 2985 0 3064 2953 0 3096 2985 0 3095 2984 0 3064 2953 0 3066 2955 0 3097 2986 0 3065 2954 0 3097 2986 0 3096 2985 0 3065 2954 0 3067 2956 0 3098 2987 0 3066 2955 0 3098 2987 0 3097 2986 0 3066 2955 0 3068 2957 0 3099 2988 0 3067 2956 0 3099 2988 0 3098 2987 0 3067 2956 0 3069 2958 0 3100 2989 0 3068 2957 0 3100 2989 0 3099 2988 0 3068 2957 0 2676 2565 0 2688 2577 0 3101 2990 0 2676 2565 0 3101 2990 0 3069 2958 0 3069 2958 0 3101 2990 0 3100 2989 0 2688 2577 0 2689 2578 0 3101 2990 0 2698 2587 0 3102 2991 0 2699 2588 0 2698 2587 0 2687 2576 0 3070 2959 0 2698 2587 0 3070 2959 0 3102 2991 0 3102 2991 0 3070 2959 0 3103 2992 0 3071 2960 0 3104 2993 0 3070 2959 0 3104 2993 0 3103 2992 0 3070 2959 0 3072 2961 0 3105 2994 0 3071 2960 0 3105 2994 0 3104 2993 0 3071 2960 0 3073 2962 0 3106 2995 0 3072 2961 0 3106 2995 0 3105 2994 0 3072 2961 0 3074 2963 0 3107 2996 0 3073 2962 0 3107 2996 0 3106 2995 0 3073 2962 0 3075 2964 0 3108 2997 0 3074 2963 0 3108 2997 0 3107 2996 0 3074 2963 0 3076 2965 0 3109 2998 0 3075 2964 0 3109 2998 0 3108 2997 0 3075 2964 0 3077 2966 0 3110 2999 0 3076 2965 0 3110 2999 0 3109 2998 0 3076 2965 0 3078 2967 0 3111 3000 0 3077 2966 0 3111 3000 0 3110 2999 0 3077 2966 0 3079 2968 0 3112 3001 0 3078 2967 0 3112 3001 0 3111 3000 0 3078 2967 0 3081 2970 0 3113 3002 0 3079 2968 0 3113 3002 0 3112 3001 0 3079 2968 0 3083 2972 0 3114 3003 0 3081 2970 0 3114 3003 0 3113 3002 0 3081 2970 0 3084 2973 0 3115 3004 0 3083 2972 0 3115 3004 0 3114 3003 0 3083 2972 0 3085 2974 0 3116 3005 0 3084 2973 0 3116 3005 0 3115 3004 0 3084 2973 0 3086 2975 0 3117 3006 0 3085 2974 0 3117 3006 0 3116 3005 0 3085 2974 0 3119 3008 0 3087 2976 0 3118 3007 0 3119 3008 0 3117 3006 0 3087 2976 0 3117 3006 0 3086 2975 0 3087 2976 0 3118 3007 0 3121 3010 0 3120 3009 0 3118 3007 0 3087 2976 0 3121 3010 0 3087 2976 0 3088 2977 0 3121 3010 0 3089 2978 0 3122 3011 0 3088 2977 0 3122 3011 0 3121 3010 0 3088 2977 0 3090 2979 0 3123 3012 0 3089 2978 0 3123 3012 0 3122 3011 0 3089 2978 0 3091 2980 0 3124 3013 0 3090 2979 0 3124 3013 0 3123 3012 0 3090 2979 0 3092 2981 0 3125 3014 0 3091 2980 0 3125 3014 0 3124 3013 0 3091 2980 0 3093 2982 0 3126 3015 0 3092 2981 0 3126 3015 0 3125 3014 0 3092 2981 0 3094 2983 0 3127 3016 0 3093 2982 0 3127 3016 0 3126 3015 0 3093 2982 0 3095 2984 0 3128 3017 0 3094 2983 0 3128 3017 0 3127 3016 0 3094 2983 0 3096 2985 0 3129 3018 0 3095 2984 0 3129 3018 0 3128 3017 0 3095 2984 0 3097 2986 0 3130 3019 0 3096 2985 0 3130 3019 0 3129 3018 0 3096 2985 0 3098 2987 0 3131 3020 0 3097 2986 0 3131 3020 0 3130 3019 0 3097 2986 0 3099 2988 0 3132 3021 0 3098 2987 0 3132 3021 0 3131 3020 0 3098 2987 0 3100 2989 0 3133 3022 0 3099 2988 0 3133 3022 0 3132 3021 0 3099 2988 0 3101 2990 0 3134 3023 0 3100 2989 0 3134 3023 0 3133 3022 0 3100 2989 0 2689 2578 0 2700 2589 0 3135 3024 0 2689 2578 0 3135 3024 0 3101 2990 0 3101 2990 0 3135 3024 0 3134 3023 0 2700 2589 0 2701 2590 0 3135 3024 0 2710 2599 0 3136 3025 0 2711 2600 0 2710 2599 0 2699 2588 0 3102 2991 0 2710 2599 0 3102 2991 0 3136 3025 0 3136 3025 0 3102 2991 0 3137 3026 0 3103 2992 0 3138 3027 0 3102 2991 0 3138 3027 0 3137 3026 0 3102 2991 0 3104 2993 0 3139 3028 0 3103 2992 0 3139 3028 0 3138 3027 0 3103 2992 0 3105 2994 0 3140 3029 0 3104 2993 0 3140 3029 0 3139 3028 0 3104 2993 0 3106 2995 0 3141 3030 0 3105 2994 0 3141 3030 0 3140 3029 0 3105 2994 0 3107 2996 0 3142 3031 0 3106 2995 0 3142 3031 0 3141 3030 0 3106 2995 0 3108 2997 0 3143 3032 0 3107 2996 0 3143 3032 0 3142 3031 0 3107 2996 0 3109 2998 0 3144 3033 0 3108 2997 0 3144 3033 0 3143 3032 0 3108 2997 0 3110 2999 0 3145 3034 0 3109 2998 0 3145 3034 0 3144 3033 0 3109 2998 0 3111 3000 0 3146 3035 0 3110 2999 0 3146 3035 0 3145 3034 0 3110 2999 0 3148 3037 0 3112 3001 0 3147 3036 0 3148 3037 0 3146 3035 0 3112 3001 0 3146 3035 0 3111 3000 0 3112 3001 0 3113 3002 0 3147 3036 0 3112 3001 0 3149 3038 0 3147 3036 0 3113 3002 0 3114 3003 0 3149 3038 0 3113 3002 0 3150 3039 0 3149 3038 0 3114 3003 0 3115 3004 0 3150 3039 0 3114 3003 0 3151 3040 0 3150 3039 0 3115 3004 0 3116 3005 0 3151 3040 0 3115 3004 0 3152 3041 0 3151 3040 0 3116 3005 0 3117 3006 0 3152 3041 0 3116 3005 0 3153 3042 0 3152 3041 0 3117 3006 0 3119 3008 0 3153 3042 0 3117 3006 0 3121 3010 0 3154 3043 0 3120 3009 0 3122 3011 0 3154 3043 0 3121 3010 0 3155 3044 0 3154 3043 0 3122 3011 0 3123 3012 0 3155 3044 0 3122 3011 0 3156 3045 0 3155 3044 0 3123 3012 0 3124 3013 0 3156 3045 0 3123 3012 0 3157 3046 0 3156 3045 0 3124 3013 0 3125 3014 0 3157 3046 0 3124 3013 0 3158 3047 0 3157 3046 0 3125 3014 0 3126 3015 0 3158 3047 0 3125 3014 0 3159 3048 0 3158 3047 0 3126 3015 0 3159 3048 0 3161 3050 0 3160 3049 0 3159 3048 0 3126 3015 0 3161 3050 0 3126 3015 0 3127 3016 0 3161 3050 0 3128 3017 0 3162 3051 0 3127 3016 0 3162 3051 0 3161 3050 0 3127 3016 0 3129 3018 0 3163 3052 0 3128 3017 0 3163 3052 0 3162 3051 0 3128 3017 0 3130 3019 0 3164 3053 0 3129 3018 0 3164 3053 0 3163 3052 0 3129 3018 0 3131 3020 0 3165 3054 0 3130 3019 0 3165 3054 0 3164 3053 0 3130 3019 0 3132 3021 0 3166 3055 0 3131 3020 0 3166 3055 0 3165 3054 0 3131 3020 0 3133 3022 0 3167 3056 0 3132 3021 0 3167 3056 0 3166 3055 0 3132 3021 0 3134 3023 0 3168 3057 0 3133 3022 0 3168 3057 0 3167 3056 0 3133 3022 0 3135 3024 0 3169 3058 0 3134 3023 0 3169 3058 0 3168 3057 0 3134 3023 0 2701 2590 0 2712 2601 0 3170 3059 0 2701 2590 0 3170 3059 0 3135 3024 0 3135 3024 0 3170 3059 0 3169 3058 0 2712 2601 0 2713 2602 0 3170 3059 0 2722 2611 0 3171 3060 0 2723 2612 0 2722 2611 0 2711 2600 0 3136 3025 0 2722 2611 0 3136 3025 0 3171 3060 0 3171 3060 0 3136 3025 0 3172 3061 0 3137 3026 0 3173 3062 0 3136 3025 0 3173 3062 0 3172 3061 0 3136 3025 0 3138 3027 0 3174 3063 0 3137 3026 0 3174 3063 0 3173 3062 0 3137 3026 0 3139 3028 0 3175 3064 0 3138 3027 0 3175 3064 0 3174 3063 0 3138 3027 0 3140 3029 0 3176 3065 0 3139 3028 0 3176 3065 0 3175 3064 0 3139 3028 0 3141 3030 0 3177 3066 0 3140 3029 0 3177 3066 0 3176 3065 0 3140 3029 0 3142 3031 0 3178 3067 0 3141 3030 0 3178 3067 0 3177 3066 0 3141 3030 0 3143 3032 0 3179 3068 0 3142 3031 0 3179 3068 0 3178 3067 0 3142 3031 0 3181 3070 0 3144 3033 0 3180 3069 0 3181 3070 0 3179 3068 0 3144 3033 0 3179 3068 0 3143 3032 0 3144 3033 0 3145 3034 0 3180 3069 0 3144 3033 0 3182 3071 0 3180 3069 0 3145 3034 0 3146 3035 0 3182 3071 0 3145 3034 0 3183 3072 0 3182 3071 0 3146 3035 0 3148 3037 0 3183 3072 0 3146 3035 0 3161 3050 0 3184 3073 0 3160 3049 0 3162 3051 0 3184 3073 0 3161 3050 0 3185 3074 0 3184 3073 0 3162 3051 0 3185 3074 0 3187 3076 0 3186 3075 0 3185 3074 0 3162 3051 0 3187 3076 0 3162 3051 0 3163 3052 0 3187 3076 0 3164 3053 0 3188 3077 0 3163 3052 0 3188 3077 0 3187 3076 0 3163 3052 0 3165 3054 0 3189 3078 0 3164 3053 0 3189 3078 0 3188 3077 0 3164 3053 0 3166 3055 0 3190 3079 0 3165 3054 0 3190 3079 0 3189 3078 0 3165 3054 0 3167 3056 0 3191 3080 0 3166 3055 0 3191 3080 0 3190 3079 0 3166 3055 0 3168 3057 0 3192 3081 0 3167 3056 0 3192 3081 0 3191 3080 0 3167 3056 0 3169 3058 0 3193 3082 0 3168 3057 0 3193 3082 0 3192 3081 0 3168 3057 0 3170 3059 0 3194 3083 0 3169 3058 0 3194 3083 0 3193 3082 0 3169 3058 0 2713 2602 0 2724 2613 0 3194 3083 0 3170 3059 0 2713 2602 0 3194 3083 0 2734 2623 0 3195 3084 0 2735 2624 0 2734 2623 0 2723 2612 0 3171 3060 0 2734 2623 0 3171 3060 0 3195 3084 0 3195 3084 0 3171 3060 0 3196 3085 0 3172 3061 0 3197 3086 0 3171 3060 0 3197 3086 0 3196 3085 0 3171 3060 0 3173 3062 0 3198 3087 0 3172 3061 0 3198 3087 0 3197 3086 0 3172 3061 0 3174 3063 0 3199 3088 0 3173 3062 0 3199 3088 0 3198 3087 0 3173 3062 0 3175 3064 0 3200 3089 0 3174 3063 0 3200 3089 0 3199 3088 0 3174 3063 0 3176 3065 0 3201 3090 0 3175 3064 0 3201 3090 0 3200 3089 0 3175 3064 0 3177 3066 0 3202 3091 0 3176 3065 0 3202 3091 0 3201 3090 0 3176 3065 0 3178 3067 0 3203 3092 0 3177 3066 0 3203 3092 0 3202 3091 0 3177 3066 0 3205 3094 0 3179 3068 0 3204 3093 0 3205 3094 0 3203 3092 0 3179 3068 0 3203 3092 0 3178 3067 0 3179 3068 0 3181 3070 0 3204 3093 0 3179 3068 0 3187 3076 0 3206 3095 0 3186 3075 0 3206 3095 0 3208 3097 0 3207 3096 0 3206 3095 0 3187 3076 0 3208 3097 0 3187 3076 0 3188 3077 0 3208 3097 0 3189 3078 0 3209 3098 0 3188 3077 0 3209 3098 0 3208 3097 0 3188 3077 0 3190 3079 0 3210 3099 0 3189 3078 0 3210 3099 0 3209 3098 0 3189 3078 0 3191 3080 0 3211 3100 0 3190 3079 0 3211 3100 0 3210 3099 0 3190 3079 0 3192 3081 0 3212 3101 0 3191 3080 0 3212 3101 0 3211 3100 0 3191 3080 0 3193 3082 0 3213 3102 0 3192 3081 0 3213 3102 0 3212 3101 0 3192 3081 0 3194 3083 0 3214 3103 0 3193 3082 0 3214 3103 0 3213 3102 0 3193 3082 0 2724 2613 0 2736 2625 0 3215 3104 0 2724 2613 0 3215 3104 0 3194 3083 0 3194 3083 0 3215 3104 0 3214 3103 0 2736 2625 0 2737 2626 0 3215 3104 0 2747 2636 0 3216 3105 0 2748 2637 0 2747 2636 0 2735 2624 0 3195 3084 0 2747 2636 0 3195 3084 0 3216 3105 0 3216 3105 0 3195 3084 0 3217 3106 0 3196 3085 0 3218 3107 0 3195 3084 0 3218 3107 0 3217 3106 0 3195 3084 0 3197 3086 0 3219 3108 0 3196 3085 0 3219 3108 0 3218 3107 0 3196 3085 0 3198 3087 0 3220 3109 0 3197 3086 0 3220 3109 0 3219 3108 0 3197 3086 0 3199 3088 0 3221 3110 0 3198 3087 0 3221 3110 0 3220 3109 0 3198 3087 0 3200 3089 0 3222 3111 0 3199 3088 0 3222 3111 0 3221 3110 0 3199 3088 0 3201 3090 0 3223 3112 0 3200 3089 0 3223 3112 0 3222 3111 0 3200 3089 0 3202 3091 0 3224 3113 0 3201 3090 0 3224 3113 0 3223 3112 0 3201 3090 0 3226 3115 0 3203 3092 0 3225 3114 0 3226 3115 0 3224 3113 0 3203 3092 0 3224 3113 0 3202 3091 0 3203 3092 0 3205 3094 0 3225 3114 0 3203 3092 0 3208 3097 0 3227 3116 0 3207 3096 0 3227 3116 0 3229 3118 0 3228 3117 0 3227 3116 0 3208 3097 0 3229 3118 0 3208 3097 0 3209 3098 0 3229 3118 0 3210 3099 0 3230 3119 0 3209 3098 0 3230 3119 0 3229 3118 0 3209 3098 0 3211 3100 0 3231 3120 0 3210 3099 0 3231 3120 0 3230 3119 0 3210 3099 0 3212 3101 0 3232 3121 0 3211 3100 0 3232 3121 0 3231 3120 0 3211 3100 0 3213 3102 0 3233 3122 0 3212 3101 0 3233 3122 0 3232 3121 0 3212 3101 0 3214 3103 0 3234 3123 0 3213 3102 0 3234 3123 0 3233 3122 0 3213 3102 0 3215 3104 0 3235 3124 0 3214 3103 0 3235 3124 0 3234 3123 0 3214 3103 0 2737 2626 0 2749 2638 0 3235 3124 0 3215 3104 0 2737 2626 0 3235 3124 0 2758 2647 0 3236 3125 0 2759 2648 0 2758 2647 0 2760 2649 0 3237 3126 0 3236 3125 0 2758 2647 0 3237 3126 0 2760 2649 0 2748 2637 0 3216 3105 0 2760 2649 0 3216 3105 0 3237 3126 0 3237 3126 0 3216 3105 0 3238 3127 0 3217 3106 0 3239 3128 0 3216 3105 0 3239 3128 0 3238 3127 0 3216 3105 0 3218 3107 0 3240 3129 0 3217 3106 0 3240 3129 0 3239 3128 0 3217 3106 0 3219 3108 0 3241 3130 0 3218 3107 0 3241 3130 0 3240 3129 0 3218 3107 0 3220 3109 0 3242 3131 0 3219 3108 0 3242 3131 0 3241 3130 0 3219 3108 0 3221 3110 0 3243 3132 0 3220 3109 0 3243 3132 0 3242 3131 0 3220 3109 0 3222 3111 0 3244 3133 0 3221 3110 0 3244 3133 0 3243 3132 0 3221 3110 0 3223 3112 0 3245 3134 0 3222 3111 0 3245 3134 0 3244 3133 0 3222 3111 0 3247 3136 0 3224 3113 0 3246 3135 0 3247 3136 0 3245 3134 0 3224 3113 0 3245 3134 0 3223 3112 0 3224 3113 0 3226 3115 0 3246 3135 0 3224 3113 0 3229 3118 0 3248 3137 0 3228 3117 0 3248 3137 0 3250 3139 0 3249 3138 0 3248 3137 0 3229 3118 0 3250 3139 0 3229 3118 0 3230 3119 0 3250 3139 0 3231 3120 0 3251 3140 0 3230 3119 0 3251 3140 0 3250 3139 0 3230 3119 0 3232 3121 0 3252 3141 0 3231 3120 0 3252 3141 0 3251 3140 0 3231 3120 0 3233 3122 0 3253 3142 0 3232 3121 0 3253 3142 0 3252 3141 0 3232 3121 0 3234 3123 0 3254 3143 0 3233 3122 0 3254 3143 0 3253 3142 0 3233 3122 0 3235 3124 0 3255 3144 0 3234 3123 0 3255 3144 0 3254 3143 0 3234 3123 0 2749 2638 0 2761 2650 0 3256 3145 0 2749 2638 0 3256 3145 0 3235 3124 0 3235 3124 0 3256 3145 0 3255 3144 0 2761 2650 0 2762 2651 0 3256 3145 0 2769 2658 0 3257 3146 0 2770 2659 0 2769 2658 0 2759 2648 0 3236 3125 0 2769 2658 0 3236 3125 0 3257 3146 0 3257 3146 0 3236 3125 0 3258 3147 0 3237 3126 0 3259 3148 0 3236 3125 0 3259 3148 0 3258 3147 0 3236 3125 0 3238 3127 0 3260 3149 0 3237 3126 0 3260 3149 0 3259 3148 0 3237 3126 0 3239 3128 0 3261 3150 0 3238 3127 0 3261 3150 0 3260 3149 0 3238 3127 0 3240 3129 0 3262 3151 0 3239 3128 0 3262 3151 0 3261 3150 0 3239 3128 0 3241 3130 0 3263 3152 0 3240 3129 0 3263 3152 0 3262 3151 0 3240 3129 0 3242 3131 0 3264 3153 0 3241 3130 0 3264 3153 0 3263 3152 0 3241 3130 0 3243 3132 0 3265 3154 0 3242 3131 0 3265 3154 0 3264 3153 0 3242 3131 0 3244 3133 0 3266 3155 0 3243 3132 0 3266 3155 0 3265 3154 0 3243 3132 0 3268 3157 0 3245 3134 0 3267 3156 0 3268 3157 0 3266 3155 0 3245 3134 0 3266 3155 0 3244 3133 0 3245 3134 0 3247 3136 0 3267 3156 0 3245 3134 0 3250 3139 0 3269 3158 0 3249 3138 0 3251 3140 0 3269 3158 0 3250 3139 0 3270 3159 0 3269 3158 0 3251 3140 0 3270 3159 0 3272 3161 0 3271 3160 0 3270 3159 0 3251 3140 0 3272 3161 0 3251 3140 0 3252 3141 0 3272 3161 0 3253 3142 0 3273 3162 0 3252 3141 0 3273 3162 0 3272 3161 0 3252 3141 0 3254 3143 0 3274 3163 0 3253 3142 0 3274 3163 0 3273 3162 0 3253 3142 0 3255 3144 0 3275 3164 0 3254 3143 0 3275 3164 0 3274 3163 0 3254 3143 0 3256 3145 0 3276 3165 0 3255 3144 0 3276 3165 0 3275 3164 0 3255 3144 0 2762 2651 0 2771 2660 0 3277 3166 0 2762 2651 0 3277 3166 0 3256 3145 0 3256 3145 0 3277 3166 0 3276 3165 0 2771 2660 0 2772 2661 0 3278 3167 0 3277 3166 0 2771 2660 0 3278 3167 0 2772 2661 0 2773 2662 0 3278 3167 0 2777 2666 0 3279 3168 0 2778 2667 0 2777 2666 0 2770 2659 0 3257 3146 0 2777 2666 0 3257 3146 0 3279 3168 0 3279 3168 0 3257 3146 0 3280 3169 0 3258 3147 0 3281 3170 0 3257 3146 0 3281 3170 0 3280 3169 0 3257 3146 0 3259 3148 0 3282 3171 0 3258 3147 0 3282 3171 0 3281 3170 0 3258 3147 0 3260 3149 0 3283 3172 0 3259 3148 0 3283 3172 0 3282 3171 0 3259 3148 0 3261 3150 0 3284 3173 0 3260 3149 0 3284 3173 0 3283 3172 0 3260 3149 0 3262 3151 0 3285 3174 0 3261 3150 0 3285 3174 0 3284 3173 0 3261 3150 0 3263 3152 0 3286 3175 0 3262 3151 0 3286 3175 0 3285 3174 0 3262 3151 0 3264 3153 0 3287 3176 0 3263 3152 0 3287 3176 0 3286 3175 0 3263 3152 0 3265 3154 0 3288 3177 0 3264 3153 0 3288 3177 0 3287 3176 0 3264 3153 0 3290 3179 0 3266 3155 0 3289 3178 0 3290 3179 0 3288 3177 0 3266 3155 0 3288 3177 0 3265 3154 0 3266 3155 0 3268 3157 0 3289 3178 0 3266 3155 0 3272 3161 0 3291 3180 0 3271 3160 0 3291 3180 0 3293 3182 0 3292 3181 0 3291 3180 0 3272 3161 0 3293 3182 0 3272 3161 0 3273 3162 0 3293 3182 0 3274 3163 0 3294 3183 0 3273 3162 0 3294 3183 0 3293 3182 0 3273 3162 0 3275 3164 0 3295 3184 0 3274 3163 0 3295 3184 0 3294 3183 0 3274 3163 0 3276 3165 0 3296 3185 0 3275 3164 0 3296 3185 0 3295 3184 0 3275 3164 0 3277 3166 0 3297 3186 0 3276 3165 0 3297 3186 0 3296 3185 0 3276 3165 0 3278 3167 0 3298 3187 0 3277 3166 0 3298 3187 0 3297 3186 0 3277 3166 0 2773 2662 0 2779 2668 0 3299 3188 0 2773 2662 0 3299 3188 0 3278 3167 0 3278 3167 0 3299 3188 0 3298 3187 0 2779 2668 0 2780 2669 0 3299 3188 0 3279 3168 0 3300 3189 0 2783 2672 0 2778 2667 0 3279 3168 0 2783 2672 0 3280 3169 0 3301 3190 0 3279 3168 0 3301 3190 0 3300 3189 0 3279 3168 0 3281 3170 0 3302 3191 0 3280 3169 0 3302 3191 0 3301 3190 0 3280 3169 0 3282 3171 0 3303 3192 0 3281 3170 0 3303 3192 0 3302 3191 0 3281 3170 0 3283 3172 0 3304 3193 0 3282 3171 0 3304 3193 0 3303 3192 0 3282 3171 0 3284 3173 0 3305 3194 0 3283 3172 0 3305 3194 0 3304 3193 0 3283 3172 0 3285 3174 0 3306 3195 0 3284 3173 0 3306 3195 0 3305 3194 0 3284 3173 0 3286 3175 0 3307 3196 0 3285 3174 0 3307 3196 0 3306 3195 0 3285 3174 0 3287 3176 0 3308 3197 0 3286 3175 0 3308 3197 0 3307 3196 0 3286 3175 0 3310 3199 0 3288 3177 0 3309 3198 0 3310 3199 0 3308 3197 0 3288 3177 0 3308 3197 0 3287 3176 0 3288 3177 0 3290 3179 0 3309 3198 0 3288 3177 0 3293 3182 0 3311 3200 0 3292 3181 0 3311 3200 0 3313 3202 0 3312 3201 0 3311 3200 0 3293 3182 0 3313 3202 0 3293 3182 0 3294 3183 0 3313 3202 0 3295 3184 0 3314 3203 0 3294 3183 0 3314 3203 0 3313 3202 0 3294 3183 0 3296 3185 0 3315 3204 0 3295 3184 0 3315 3204 0 3314 3203 0 3295 3184 0 3297 3186 0 3316 3205 0 3296 3185 0 3316 3205 0 3315 3204 0 3296 3185 0 3298 3187 0 3317 3206 0 3297 3186 0 3317 3206 0 3316 3205 0 3297 3186 0 3299 3188 0 3318 3207 0 3298 3187 0 3318 3207 0 3317 3206 0 3298 3187 0 2780 2669 0 2784 2673 0 3319 3208 0 2780 2669 0 3319 3208 0 3299 3188 0 3299 3188 0 3319 3208 0 3318 3207 0 2784 2673 0 2785 2674 0 3319 3208 0 3300 3189 0 3320 3209 0 2787 2676 0 2783 2672 0 3300 3189 0 2787 2676 0 3301 3190 0 3321 3210 0 3300 3189 0 3321 3210 0 3320 3209 0 3300 3189 0 3302 3191 0 3322 3211 0 3301 3190 0 3322 3211 0 3321 3210 0 3301 3190 0 3303 3192 0 3323 3212 0 3302 3191 0 3323 3212 0 3322 3211 0 3302 3191 0 3304 3193 0 3324 3213 0 3303 3192 0 3324 3213 0 3323 3212 0 3303 3192 0 3305 3194 0 3325 3214 0 3304 3193 0 3325 3214 0 3324 3213 0 3304 3193 0 3306 3195 0 3326 3215 0 3305 3194 0 3326 3215 0 3325 3214 0 3305 3194 0 3307 3196 0 3327 3216 0 3306 3195 0 3327 3216 0 3326 3215 0 3306 3195 0 3329 3218 0 3308 3197 0 3328 3217 0 3329 3218 0 3327 3216 0 3308 3197 0 3327 3216 0 3307 3196 0 3308 3197 0 3310 3199 0 3328 3217 0 3308 3197 0 3313 3202 0 3330 3219 0 3312 3201 0 3330 3219 0 3332 3221 0 3331 3220 0 3330 3219 0 3313 3202 0 3332 3221 0 3313 3202 0 3314 3203 0 3332 3221 0 3315 3204 0 3333 3222 0 3314 3203 0 3333 3222 0 3332 3221 0 3314 3203 0 3316 3205 0 3334 3223 0 3315 3204 0 3334 3223 0 3333 3222 0 3315 3204 0 3317 3206 0 3335 3224 0 3316 3205 0 3335 3224 0 3334 3223 0 3316 3205 0 3318 3207 0 3336 3225 0 3317 3206 0 3336 3225 0 3335 3224 0 3317 3206 0 3319 3208 0 3337 3226 0 3318 3207 0 3337 3226 0 3336 3225 0 3318 3207 0 2785 2674 0 2788 2677 0 3338 3227 0 2785 2674 0 3338 3227 0 3319 3208 0 3319 3208 0 3338 3227 0 3337 3226 0 2788 2677 0 2789 2678 0 3338 3227 0 3320 3209 0 3339 3228 0 2790 2679 0 2787 2676 0 3320 3209 0 2790 2679 0 3321 3210 0 3340 3229 0 3320 3209 0 3340 3229 0 3339 3228 0 3320 3209 0 3322 3211 0 3341 3230 0 3321 3210 0 3341 3230 0 3340 3229 0 3321 3210 0 3323 3212 0 3342 3231 0 3322 3211 0 3342 3231 0 3341 3230 0 3322 3211 0 3324 3213 0 3343 3232 0 3323 3212 0 3343 3232 0 3342 3231 0 3323 3212 0 3325 3214 0 3344 3233 0 3324 3213 0 3344 3233 0 3343 3232 0 3324 3213 0 3326 3215 0 3345 3234 0 3325 3214 0 3345 3234 0 3344 3233 0 3325 3214 0 3347 3236 0 3327 3216 0 3346 3235 0 3347 3236 0 3345 3234 0 3327 3216 0 3345 3234 0 3326 3215 0 3327 3216 0 3329 3218 0 3346 3235 0 3327 3216 0 3332 3221 0 3348 3237 0 3331 3220 0 3348 3237 0 3350 3239 0 3349 3238 0 3348 3237 0 3332 3221 0 3350 3239 0 3332 3221 0 3333 3222 0 3350 3239 0 3334 3223 0 3351 3240 0 3333 3222 0 3351 3240 0 3350 3239 0 3333 3222 0 3335 3224 0 3352 3241 0 3334 3223 0 3352 3241 0 3351 3240 0 3334 3223 0 3336 3225 0 3353 3242 0 3335 3224 0 3353 3242 0 3352 3241 0 3335 3224 0 3337 3226 0 3354 3243 0 3336 3225 0 3354 3243 0 3353 3242 0 3336 3225 0 3338 3227 0 3355 3244 0 3337 3226 0 3355 3244 0 3354 3243 0 3337 3226 0 2789 2678 0 2791 2680 0 3355 3244 0 3338 3227 0 2789 2678 0 3355 3244 0 3339 3228 0 3356 3245 0 2792 2681 0 2790 2679 0 3339 3228 0 2792 2681 0 3340 3229 0 3357 3246 0 3339 3228 0 3357 3246 0 3356 3245 0 3339 3228 0 3341 3230 0 3358 3247 0 3340 3229 0 3358 3247 0 3357 3246 0 3340 3229 0 3342 3231 0 3359 3248 0 3341 3230 0 3359 3248 0 3358 3247 0 3341 3230 0 3343 3232 0 3360 3249 0 3342 3231 0 3360 3249 0 3359 3248 0 3342 3231 0 3344 3233 0 3361 3250 0 3343 3232 0 3361 3250 0 3360 3249 0 3343 3232 0 3345 3234 0 3362 3251 0 3344 3233 0 3362 3251 0 3361 3250 0 3344 3233 0 3363 3252 0 3345 3234 0 3347 3236 0 3362 3251 0 3345 3234 0 3363 3252 0 3365 3254 0 3349 3238 0 3350 3239 0 3364 3253 0 3349 3238 0 3365 3254 0 3351 3240 0 3366 3255 0 3350 3239 0 3366 3255 0 3365 3254 0 3350 3239 0 3352 3241 0 3367 3256 0 3351 3240 0 3367 3256 0 3366 3255 0 3351 3240 0 3353 3242 0 3368 3257 0 3352 3241 0 3368 3257 0 3367 3256 0 3352 3241 0 3354 3243 0 3369 3258 0 3353 3242 0 3369 3258 0 3368 3257 0 3353 3242 0 3355 3244 0 3370 3259 0 3354 3243 0 3370 3259 0 3369 3258 0 3354 3243 0 2791 2680 0 2793 2682 0 3370 3259 0 3355 3244 0 2791 2680 0 3370 3259 0 3356 3245 0 3371 3260 0 2794 2683 0 2792 2681 0 3356 3245 0 2794 2683 0 3357 3246 0 3372 3261 0 3356 3245 0 3372 3261 0 3371 3260 0 3356 3245 0 3358 3247 0 3373 3262 0 3357 3246 0 3373 3262 0 3372 3261 0 3357 3246 0 3359 3248 0 3374 3263 0 3358 3247 0 3374 3263 0 3373 3262 0 3358 3247 0 3360 3249 0 3375 3264 0 3359 3248 0 3375 3264 0 3374 3263 0 3359 3248 0 3361 3250 0 3376 3265 0 3360 3249 0 3376 3265 0 3375 3264 0 3360 3249 0 3378 3267 0 3362 3251 0 3377 3266 0 3378 3267 0 3376 3265 0 3362 3251 0 3376 3265 0 3361 3250 0 3362 3251 0 3363 3252 0 3377 3266 0 3362 3251 0 3365 3254 0 3379 3268 0 3364 3253 0 3379 3268 0 3381 3270 0 3380 3269 0 3379 3268 0 3365 3254 0 3381 3270 0 3365 3254 0 3366 3255 0 3381 3270 0 3367 3256 0 3382 3271 0 3366 3255 0 3382 3271 0 3381 3270 0 3366 3255 0 3368 3257 0 3383 3272 0 3367 3256 0 3383 3272 0 3382 3271 0 3367 3256 0 3369 3258 0 3384 3273 0 3368 3257 0 3384 3273 0 3383 3272 0 3368 3257 0 3370 3259 0 3385 3274 0 3369 3258 0 3385 3274 0 3384 3273 0 3369 3258 0 2793 2682 0 2795 2684 0 3385 3274 0 3370 3259 0 2793 2682 0 3385 3274 0 3371 3260 0 3386 3275 0 2796 2685 0 2794 2683 0 3371 3260 0 2796 2685 0 3388 3277 0 3372 3261 0 3387 3276 0 3388 3277 0 3386 3275 0 3372 3261 0 3386 3275 0 3371 3260 0 3372 3261 0 3373 3262 0 3387 3276 0 3372 3261 0 3389 3278 0 3387 3276 0 3373 3262 0 3389 3278 0 3391 3280 0 3390 3279 0 3389 3278 0 3373 3262 0 3391 3280 0 3373 3262 0 3374 3263 0 3391 3280 0 3375 3264 0 3392 3281 0 3374 3263 0 3392 3281 0 3391 3280 0 3374 3263 0 3394 3283 0 3376 3265 0 3393 3282 0 3394 3283 0 3392 3281 0 3376 3265 0 3392 3281 0 3375 3264 0 3376 3265 0 3378 3267 0 3393 3282 0 3376 3265 0 3381 3270 0 3395 3284 0 3380 3269 0 3395 3284 0 3397 3286 0 3396 3285 0 3395 3284 0 3381 3270 0 3397 3286 0 3381 3270 0 3382 3271 0 3397 3286 0 3383 3272 0 3398 3287 0 3382 3271 0 3398 3287 0 3397 3286 0 3382 3271 0 3384 3273 0 3399 3288 0 3383 3272 0 3399 3288 0 3398 3287 0 3383 3272 0 3385 3274 0 3400 3289 0 3384 3273 0 3400 3289 0 3399 3288 0 3384 3273 0 2795 2684 0 2797 2686 0 3400 3289 0 3385 3274 0 2795 2684 0 3400 3289 0 3386 3275 0 3401 3290 0 2798 2687 0 2796 2685 0 3386 3275 0 2798 2687 0 3402 3291 0 3386 3275 0 3388 3277 0 3401 3290 0 3386 3275 0 3402 3291 0 3391 3280 0 3403 3292 0 3390 3279 0 3392 3281 0 3403 3292 0 3391 3280 0 3404 3293 0 3403 3292 0 3392 3281 0 3394 3283 0 3404 3293 0 3392 3281 0 3397 3286 0 3405 3294 0 3396 3285 0 3398 3287 0 3405 3294 0 3397 3286 0 3406 3295 0 3405 3294 0 3398 3287 0 3406 3295 0 3408 3297 0 3407 3296 0 3406 3295 0 3398 3287 0 3408 3297 0 3398 3287 0 3399 3288 0 3408 3297 0 3400 3289 0 3409 3298 0 3399 3288 0 3409 3298 0 3408 3297 0 3399 3288 0 2797 2686 0 2799 2688 0 3409 3298 0 3400 3289 0 2797 2686 0 3409 3298 0 3401 3290 0 3410 3299 0 3411 3300 0 3401 3290 0 3411 3300 0 2798 2687 0 2798 2687 0 3411 3300 0 2800 2689 0 3402 3291 0 3410 3299 0 3401 3290 0 3408 3297 0 3412 3301 0 3407 3296 0 3412 3301 0 3414 3303 0 3413 3302 0 3412 3301 0 3408 3297 0 3414 3303 0 3408 3297 0 3409 3298 0 3414 3303 0 2799 2688 0 2801 2690 0 3414 3303 0 3409 3298 0 2799 2688 0 3414 3303 0 2800 2689 0 3411 3300 0 2802 2691 0 3411 3300 0 3415 3304 0 2802 2691 0 3418 3307 0 3417 3306 0 3416 3305 0 3418 3307 0 3419 3308 0 3420 3309 0 3416 3305 0 3419 3308 0 3418 3307 0 3420 3309 0 3421 3310 0 3422 3311 0 3419 3308 0 3421 3310 0 3420 3309 0 3413 3302 0 3422 3311 0 3421 3310 0 3413 3302 0 3414 3303 0 3422 3311 0 3414 3303 0 3423 3312 0 3422 3311 0 2801 2690 0 2803 2692 0 3423 3312 0 3414 3303 0 2801 2690 0 3423 3312 0 2802 2691 0 3415 3304 0 2804 2693 0 3415 3304 0 3424 3313 0 2804 2693 0 3426 3315 0 3417 3306 0 3418 3307 0 3425 3314 0 3417 3306 0 3426 3315 0 3420 3309 0 3427 3316 0 3418 3307 0 3427 3316 0 3426 3315 0 3418 3307 0 3422 3311 0 3428 3317 0 3420 3309 0 3428 3317 0 3427 3316 0 3420 3309 0 3423 3312 0 3429 3318 0 3422 3311 0 3429 3318 0 3428 3317 0 3422 3311 0 2803 2692 0 2805 2694 0 3429 3318 0 3423 3312 0 2803 2692 0 3429 3318 0 2804 2693 0 3424 3313 0 2806 2695 0 3424 3313 0 3430 3319 0 2806 2695 0 3426 3315 0 3431 3320 0 3425 3314 0 3427 3316 0 3431 3320 0 3426 3315 0 3432 3321 0 3431 3320 0 3427 3316 0 3432 3321 0 3434 3323 0 3433 3322 0 3432 3321 0 3427 3316 0 3434 3323 0 3427 3316 0 3428 3317 0 3434 3323 0 3429 3318 0 3435 3324 0 3428 3317 0 3435 3324 0 3434 3323 0 3428 3317 0 2805 2694 0 2807 2696 0 3435 3324 0 3429 3318 0 2805 2694 0 3435 3324 0 2806 2695 0 3430 3319 0 2808 2697 0 3430 3319 0 3436 3325 0 2808 2697 0 3438 3327 0 3433 3322 0 3434 3323 0 3437 3326 0 3433 3322 0 3438 3327 0 3435 3324 0 3439 3328 0 3434 3323 0 3439 3328 0 3438 3327 0 3434 3323 0 2807 2696 0 2809 2698 0 3439 3328 0 3435 3324 0 2807 2696 0 3439 3328 0 2808 2697 0 3436 3325 0 2810 2699 0 3436 3325 0 3440 3329 0 2810 2699 0 3442 3331 0 3437 3326 0 3438 3327 0 3441 3330 0 3437 3326 0 3442 3331 0 3439 3328 0 3443 3332 0 3438 3327 0 3443 3332 0 3442 3331 0 3438 3327 0 2809 2698 0 2811 2700 0 3443 3332 0 3439 3328 0 2809 2698 0 3443 3332 0 2810 2699 0 3440 3329 0 2812 2701 0 3440 3329 0 3444 3333 0 2812 2701 0 3446 3335 0 3441 3330 0 3442 3331 0 3445 3334 0 3441 3330 0 3446 3335 0 3443 3332 0 3447 3336 0 3442 3331 0 3447 3336 0 3446 3335 0 3442 3331 0 2811 2700 0 2813 2702 0 3447 3336 0 3443 3332 0 2811 2700 0 3447 3336 0 2812 2701 0 3444 3333 0 2814 2703 0 3444 3333 0 3448 3337 0 2814 2703 0 3450 3339 0 3445 3334 0 3446 3335 0 3449 3338 0 3445 3334 0 3450 3339 0 3447 3336 0 3451 3340 0 3446 3335 0 3451 3340 0 3450 3339 0 3446 3335 0 2813 2702 0 2815 2704 0 3451 3340 0 3447 3336 0 2813 2702 0 3451 3340 0 2814 2703 0 3448 3337 0 2816 2705 0 3448 3337 0 3452 3341 0 2816 2705 0 3455 3344 0 3454 3343 0 3453 3342 0 3455 3344 0 3456 3345 0 3457 3346 0 3453 3342 0 3456 3345 0 3455 3344 0 3449 3338 0 3457 3346 0 3456 3345 0 3449 3338 0 3450 3339 0 3457 3346 0 3450 3339 0 3458 3347 0 3457 3346 0 3451 3340 0 3459 3348 0 3450 3339 0 3459 3348 0 3458 3347 0 3450 3339 0 2815 2704 0 2817 2706 0 3459 3348 0 3451 3340 0 2815 2704 0 3459 3348 0 3460 3349 0 3461 3350 0 2818 2707 0 3460 3349 0 2818 2707 0 3452 3341 0 3452 3341 0 2818 2707 0 2816 2705 0 3460 3349 0 3462 3351 0 3461 3350 0 3464 3353 0 3454 3343 0 3455 3344 0 3463 3352 0 3454 3343 0 3464 3353 0 3457 3346 0 3465 3354 0 3455 3344 0 3465 3354 0 3464 3353 0 3455 3344 0 3458 3347 0 3466 3355 0 3457 3346 0 3466 3355 0 3465 3354 0 3457 3346 0 3459 3348 0 3467 3356 0 3458 3347 0 3467 3356 0 3466 3355 0 3458 3347 0 2817 2706 0 2819 2708 0 3467 3356 0 3459 3348 0 2817 2706 0 3467 3356 0 3461 3350 0 3468 3357 0 2820 2709 0 2818 2707 0 3461 3350 0 2820 2709 0 3469 3358 0 3461 3350 0 3462 3351 0 3468 3357 0 3461 3350 0 3469 3358 0 3471 3360 0 3463 3352 0 3464 3353 0 3470 3359 0 3463 3352 0 3471 3360 0 3465 3354 0 3472 3361 0 3464 3353 0 3472 3361 0 3471 3360 0 3464 3353 0 3466 3355 0 3473 3362 0 3465 3354 0 3473 3362 0 3472 3361 0 3465 3354 0 3467 3356 0 3474 3363 0 3466 3355 0 3474 3363 0 3473 3362 0 3466 3355 0 2819 2708 0 2821 2710 0 3474 3363 0 3467 3356 0 2819 2708 0 3474 3363 0 3468 3357 0 3475 3364 0 2822 2711 0 2820 2709 0 3468 3357 0 2822 2711 0 3476 3365 0 3468 3357 0 3469 3358 0 3475 3364 0 3468 3357 0 3476 3365 0 3479 3368 0 3478 3367 0 3477 3366 0 3477 3366 0 3480 3369 0 3479 3368 0 3482 3371 0 3470 3359 0 3471 3360 0 3481 3370 0 3470 3359 0 3482 3371 0 3472 3361 0 3483 3372 0 3471 3360 0 3483 3372 0 3482 3371 0 3471 3360 0 3473 3362 0 3484 3373 0 3472 3361 0 3484 3373 0 3483 3372 0 3472 3361 0 3474 3363 0 3485 3374 0 3473 3362 0 3485 3374 0 3484 3373 0 3473 3362 0 2821 2710 0 2823 2712 0 3485 3374 0 3474 3363 0 2821 2710 0 3485 3374 0 3475 3364 0 3486 3375 0 2824 2713 0 2822 2711 0 3475 3364 0 2824 2713 0 3487 3376 0 3475 3364 0 3476 3365 0 3487 3376 0 3488 3377 0 3475 3364 0 3488 3377 0 3486 3375 0 3475 3364 0 3488 3377 0 3489 3378 0 3490 3379 0 3487 3376 0 3489 3378 0 3488 3377 0 3478 3367 0 3490 3379 0 3489 3378 0 3478 3367 0 3479 3368 0 3490 3379 0 3479 3368 0 3491 3380 0 3490 3379 0 3492 3381 0 3479 3368 0 3480 3369 0 3492 3381 0 3493 3382 0 3479 3368 0 3493 3382 0 3491 3380 0 3479 3368 0 3492 3381 0 3494 3383 0 3493 3382 0 3497 3386 0 3496 3385 0 3495 3384 0 3481 3370 0 3497 3386 0 3495 3384 0 3481 3370 0 3482 3371 0 3497 3386 0 3482 3371 0 3498 3387 0 3497 3386 0 3483 3372 0 3499 3388 0 3482 3371 0 3499 3388 0 3498 3387 0 3482 3371 0 3484 3373 0 3500 3389 0 3483 3372 0 3500 3389 0 3499 3388 0 3483 3372 0 3485 3374 0 3501 3390 0 3484 3373 0 3501 3390 0 3500 3389 0 3484 3373 0 2823 2712 0 2825 2714 0 3501 3390 0 3485 3374 0 2823 2712 0 3501 3390 0 3486 3375 0 3502 3391 0 2826 2715 0 2824 2713 0 3486 3375 0 2826 2715 0 3488 3377 0 3503 3392 0 3486 3375 0 3503 3392 0 3502 3391 0 3486 3375 0 3490 3379 0 3504 3393 0 3488 3377 0 3504 3393 0 3503 3392 0 3488 3377 0 3491 3380 0 3505 3394 0 3490 3379 0 3505 3394 0 3504 3393 0 3490 3379 0 3493 3382 0 3506 3395 0 3491 3380 0 3506 3395 0 3505 3394 0 3491 3380 0 3507 3396 0 3493 3382 0 3494 3383 0 3506 3395 0 3493 3382 0 3507 3396 0 3509 3398 0 3496 3385 0 3497 3386 0 3508 3397 0 3496 3385 0 3509 3398 0 3498 3387 0 3510 3399 0 3497 3386 0 3510 3399 0 3509 3398 0 3497 3386 0 3499 3388 0 3511 3400 0 3498 3387 0 3511 3400 0 3510 3399 0 3498 3387 0 3500 3389 0 3512 3401 0 3499 3388 0 3512 3401 0 3511 3400 0 3499 3388 0 3501 3390 0 3513 3402 0 3500 3389 0 3513 3402 0 3512 3401 0 3500 3389 0 2825 2714 0 2827 2716 0 3513 3402 0 3501 3390 0 2825 2714 0 3513 3402 0 3502 3391 0 3514 3403 0 2828 2717 0 2826 2715 0 3502 3391 0 2828 2717 0 3503 3392 0 3515 3404 0 3502 3391 0 3515 3404 0 3514 3403 0 3502 3391 0 3504 3393 0 3516 3405 0 3503 3392 0 3516 3405 0 3515 3404 0 3503 3392 0 3505 3394 0 3517 3406 0 3504 3393 0 3517 3406 0 3516 3405 0 3504 3393 0 3506 3395 0 3518 3407 0 3505 3394 0 3518 3407 0 3517 3406 0 3505 3394 0 3519 3408 0 3506 3395 0 3507 3396 0 3519 3408 0 3520 3409 0 3506 3395 0 3520 3409 0 3518 3407 0 3506 3395 0 3519 3408 0 3521 3410 0 3520 3409 0 3524 3413 0 3523 3412 0 3522 3411 0 3508 3397 0 3524 3413 0 3522 3411 0 3508 3397 0 3509 3398 0 3524 3413 0 3509 3398 0 3525 3414 0 3524 3413 0 3510 3399 0 3526 3415 0 3509 3398 0 3526 3415 0 3525 3414 0 3509 3398 0 3511 3400 0 3527 3416 0 3510 3399 0 3527 3416 0 3526 3415 0 3510 3399 0 3512 3401 0 3528 3417 0 3511 3400 0 3528 3417 0 3527 3416 0 3511 3400 0 3513 3402 0 3529 3418 0 3512 3401 0 3529 3418 0 3528 3417 0 3512 3401 0 2827 2716 0 2829 2718 0 3529 3418 0 3513 3402 0 2827 2716 0 3529 3418 0 3514 3403 0 3530 3419 0 2830 2719 0 2828 2717 0 3514 3403 0 2830 2719 0 3515 3404 0 3531 3420 0 3514 3403 0 3531 3420 0 3530 3419 0 3514 3403 0 3516 3405 0 3532 3421 0 3515 3404 0 3532 3421 0 3531 3420 0 3515 3404 0 3517 3406 0 3533 3422 0 3516 3405 0 3533 3422 0 3532 3421 0 3516 3405 0 3518 3407 0 3534 3423 0 3517 3406 0 3534 3423 0 3533 3422 0 3517 3406 0 3520 3409 0 3535 3424 0 3518 3407 0 3535 3424 0 3534 3423 0 3518 3407 0 3536 3425 0 3520 3409 0 3521 3410 0 3535 3424 0 3520 3409 0 3536 3425 0 3538 3427 0 3523 3412 0 3524 3413 0 3537 3426 0 3523 3412 0 3538 3427 0 3525 3414 0 3539 3428 0 3524 3413 0 3539 3428 0 3538 3427 0 3524 3413 0 3526 3415 0 3540 3429 0 3525 3414 0 3540 3429 0 3539 3428 0 3525 3414 0 3527 3416 0 3541 3430 0 3526 3415 0 3541 3430 0 3540 3429 0 3526 3415 0 3528 3417 0 3542 3431 0 3527 3416 0 3542 3431 0 3541 3430 0 3527 3416 0 3529 3418 0 3543 3432 0 3528 3417 0 3543 3432 0 3542 3431 0 3528 3417 0 2829 2718 0 2831 2720 0 3543 3432 0 3529 3418 0 2829 2718 0 3543 3432 0 3530 3419 0 3544 3433 0 2832 2721 0 2830 2719 0 3530 3419 0 2832 2721 0 3531 3420 0 3545 3434 0 3530 3419 0 3545 3434 0 3544 3433 0 3530 3419 0 3532 3421 0 3546 3435 0 3531 3420 0 3546 3435 0 3545 3434 0 3531 3420 0 3533 3422 0 3547 3436 0 3532 3421 0 3547 3436 0 3546 3435 0 3532 3421 0 3534 3423 0 3548 3437 0 3533 3422 0 3548 3437 0 3547 3436 0 3533 3422 0 3535 3424 0 3549 3438 0 3534 3423 0 3549 3438 0 3548 3437 0 3534 3423 0 3550 3439 0 3535 3424 0 3536 3425 0 3550 3439 0 3551 3440 0 3535 3424 0 3551 3440 0 3549 3438 0 3535 3424 0 3550 3439 0 3552 3441 0 3551 3440 0 3555 3444 0 3554 3443 0 3553 3442 0 3537 3426 0 3555 3444 0 3553 3442 0 3537 3426 0 3538 3427 0 3555 3444 0 3538 3427 0 3556 3445 0 3555 3444 0 3539 3428 0 3557 3446 0 3538 3427 0 3557 3446 0 3556 3445 0 3538 3427 0 3540 3429 0 3558 3447 0 3539 3428 0 3558 3447 0 3557 3446 0 3539 3428 0 3541 3430 0 3559 3448 0 3540 3429 0 3559 3448 0 3558 3447 0 3540 3429 0 3542 3431 0 3560 3449 0 3541 3430 0 3560 3449 0 3559 3448 0 3541 3430 0 3543 3432 0 3561 3450 0 3542 3431 0 3561 3450 0 3560 3449 0 3542 3431 0 2831 2720 0 2833 2722 0 3561 3450 0 3543 3432 0 2831 2720 0 3561 3450 0 2832 2721 0 3544 3433 0 2834 2723 0 2836 2725 0 2834 2723 0 3544 3433 0 2836 2725 0 3544 3433 0 3562 3451 0 3562 3451 0 3544 3433 0 3545 3434 0 3546 3435 0 3563 3452 0 3545 3434 0 3563 3452 0 3562 3451 0 3545 3434 0 3547 3436 0 3564 3453 0 3546 3435 0 3564 3453 0 3563 3452 0 3546 3435 0 3548 3437 0 3565 3454 0 3547 3436 0 3565 3454 0 3564 3453 0 3547 3436 0 3549 3438 0 3566 3455 0 3548 3437 0 3566 3455 0 3565 3454 0 3548 3437 0 3551 3440 0 3567 3456 0 3549 3438 0 3567 3456 0 3566 3455 0 3549 3438 0 3568 3457 0 3551 3440 0 3552 3441 0 3568 3457 0 3569 3458 0 3551 3440 0 3569 3458 0 3567 3456 0 3551 3440 0 3568 3457 0 3570 3459 0 3569 3458 0 3573 3462 0 3572 3461 0 3571 3460 0 3554 3443 0 3573 3462 0 3571 3460 0 3554 3443 0 3555 3444 0 3573 3462 0 3555 3444 0 3574 3463 0 3573 3462 0 3556 3445 0 3575 3464 0 3555 3444 0 3575 3464 0 3574 3463 0 3555 3444 0 3557 3446 0 3576 3465 0 3556 3445 0 3576 3465 0 3575 3464 0 3556 3445 0 3558 3447 0 3577 3466 0 3557 3446 0 3577 3466 0 3576 3465 0 3557 3446 0 3559 3448 0 3578 3467 0 3558 3447 0 3578 3467 0 3577 3466 0 3558 3447 0 3560 3449 0 3579 3468 0 3559 3448 0 3579 3468 0 3578 3467 0 3559 3448 0 2837 2726 0 2838 2727 0 3579 3468 0 2837 2726 0 3579 3468 0 3561 3450 0 3561 3450 0 3579 3468 0 3560 3449 0 2833 2722 0 2837 2726 0 3561 3450 0 3562 3451 0 3580 3469 0 2841 2730 0 2836 2725 0 3562 3451 0 2841 2730 0 3563 3452 0 3581 3470 0 3562 3451 0 3581 3470 0 3580 3469 0 3562 3451 0 3564 3453 0 3582 3471 0 3563 3452 0 3582 3471 0 3581 3470 0 3563 3452 0 3565 3454 0 3583 3472 0 3564 3453 0 3583 3472 0 3582 3471 0 3564 3453 0 3566 3455 0 3584 3473 0 3565 3454 0 3584 3473 0 3583 3472 0 3565 3454 0 3567 3456 0 3585 3474 0 3566 3455 0 3585 3474 0 3584 3473 0 3566 3455 0 3569 3458 0 3586 3475 0 3567 3456 0 3586 3475 0 3585 3474 0 3567 3456 0 3587 3476 0 3569 3458 0 3570 3459 0 3586 3475 0 3569 3458 0 3587 3476 0 3589 3478 0 3572 3461 0 3573 3462 0 3588 3477 0 3572 3461 0 3589 3478 0 3574 3463 0 3590 3479 0 3573 3462 0 3590 3479 0 3589 3478 0 3573 3462 0 3575 3464 0 3591 3480 0 3574 3463 0 3591 3480 0 3590 3479 0 3574 3463 0 3576 3465 0 3592 3481 0 3575 3464 0 3592 3481 0 3591 3480 0 3575 3464 0 3577 3466 0 3593 3482 0 3576 3465 0 3593 3482 0 3592 3481 0 3576 3465 0 3578 3467 0 3594 3483 0 3577 3466 0 3594 3483 0 3593 3482 0 3577 3466 0 3579 3468 0 3595 3484 0 3578 3467 0 3595 3484 0 3594 3483 0 3578 3467 0 2838 2727 0 2842 2731 0 3595 3484 0 3579 3468 0 2838 2727 0 3595 3484 0 2841 2730 0 3580 3469 0 2845 2734 0 2847 2736 0 2845 2734 0 3580 3469 0 2847 2736 0 3580 3469 0 3596 3485 0 3596 3485 0 3580 3469 0 3581 3470 0 3582 3471 0 3597 3486 0 3581 3470 0 3597 3486 0 3596 3485 0 3581 3470 0 3583 3472 0 3598 3487 0 3582 3471 0 3598 3487 0 3597 3486 0 3582 3471 0 3584 3473 0 3599 3488 0 3583 3472 0 3599 3488 0 3598 3487 0 3583 3472 0 3585 3474 0 3600 3489 0 3584 3473 0 3600 3489 0 3599 3488 0 3584 3473 0 3586 3475 0 3601 3490 0 3585 3474 0 3601 3490 0 3600 3489 0 3585 3474 0 3602 3491 0 3586 3475 0 3587 3476 0 3602 3491 0 3603 3492 0 3586 3475 0 3603 3492 0 3601 3490 0 3586 3475 0 3602 3491 0 3604 3493 0 3603 3492 0 3607 3496 0 3606 3495 0 3605 3494 0 3588 3477 0 3607 3496 0 3605 3494 0 3588 3477 0 3589 3478 0 3607 3496 0 3589 3478 0 3608 3497 0 3607 3496 0 3590 3479 0 3609 3498 0 3589 3478 0 3609 3498 0 3608 3497 0 3589 3478 0 3591 3480 0 3610 3499 0 3590 3479 0 3610 3499 0 3609 3498 0 3590 3479 0 3592 3481 0 3611 3500 0 3591 3480 0 3611 3500 0 3610 3499 0 3591 3480 0 3593 3482 0 3612 3501 0 3592 3481 0 3612 3501 0 3611 3500 0 3592 3481 0 3594 3483 0 3613 3502 0 3593 3482 0 3613 3502 0 3612 3501 0 3593 3482 0 3595 3484 0 3614 3503 0 3594 3483 0 3614 3503 0 3613 3502 0 3594 3483 0 2842 2731 0 2848 2737 0 3614 3503 0 3595 3484 0 2842 2731 0 3614 3503 0 2847 2736 0 3596 3485 0 2852 2741 0 2854 2743 0 2852 2741 0 3596 3485 0 2854 2743 0 3596 3485 0 3615 3504 0 3615 3504 0 3596 3485 0 3597 3486 0 3598 3487 0 3616 3505 0 3597 3486 0 3616 3505 0 3615 3504 0 3597 3486 0 3599 3488 0 3617 3506 0 3598 3487 0 3617 3506 0 3616 3505 0 3598 3487 0 3600 3489 0 3618 3507 0 3599 3488 0 3618 3507 0 3617 3506 0 3599 3488 0 3601 3490 0 3619 3508 0 3600 3489 0 3619 3508 0 3618 3507 0 3600 3489 0 3603 3492 0 3620 3509 0 3601 3490 0 3620 3509 0 3619 3508 0 3601 3490 0 3621 3510 0 3603 3492 0 3604 3493 0 3621 3510 0 3622 3511 0 3603 3492 0 3622 3511 0 3620 3509 0 3603 3492 0 3621 3510 0 3623 3512 0 3622 3511 0 3626 3515 0 3625 3514 0 3624 3513 0 3606 3495 0 3626 3515 0 3624 3513 0 3606 3495 0 3607 3496 0 3626 3515 0 3607 3496 0 3627 3516 0 3626 3515 0 3608 3497 0 3628 3517 0 3607 3496 0 3628 3517 0 3627 3516 0 3607 3496 0 3609 3498 0 3629 3518 0 3608 3497 0 3629 3518 0 3628 3517 0 3608 3497 0 3610 3499 0 3630 3519 0 3609 3498 0 3630 3519 0 3629 3518 0 3609 3498 0 3611 3500 0 3631 3520 0 3610 3499 0 3631 3520 0 3630 3519 0 3610 3499 0 3612 3501 0 3632 3521 0 3611 3500 0 3632 3521 0 3631 3520 0 3611 3500 0 3613 3502 0 3633 3522 0 3612 3501 0 3633 3522 0 3632 3521 0 3612 3501 0 2855 2744 0 2856 2745 0 3633 3522 0 2855 2744 0 3633 3522 0 3614 3503 0 3614 3503 0 3633 3522 0 3613 3502 0 2848 2737 0 2855 2744 0 3614 3503 0 2854 2743 0 3615 3504 0 2862 2751 0 2864 2753 0 2862 2751 0 3615 3504 0 2864 2753 0 3615 3504 0 3634 3523 0 3634 3523 0 3615 3504 0 3616 3505 0 3617 3506 0 3635 3524 0 3616 3505 0 3635 3524 0 3634 3523 0 3616 3505 0 3618 3507 0 3636 3525 0 3617 3506 0 3636 3525 0 3635 3524 0 3617 3506 0 3619 3508 0 3637 3526 0 3618 3507 0 3637 3526 0 3636 3525 0 3618 3507 0 3620 3509 0 3638 3527 0 3619 3508 0 3638 3527 0 3637 3526 0 3619 3508 0 3622 3511 0 3639 3528 0 3620 3509 0 3639 3528 0 3638 3527 0 3620 3509 0 3640 3529 0 3622 3511 0 3623 3512 0 3640 3529 0 3641 3530 0 3622 3511 0 3641 3530 0 3639 3528 0 3622 3511 0 3640 3529 0 3642 3531 0 3641 3530 0 3645 3534 0 3644 3533 0 3643 3532 0 3625 3514 0 3645 3534 0 3643 3532 0 3625 3514 0 3626 3515 0 3645 3534 0 3626 3515 0 3646 3535 0 3645 3534 0 3627 3516 0 3647 3536 0 3626 3515 0 3647 3536 0 3646 3535 0 3626 3515 0 3628 3517 0 3648 3537 0 3627 3516 0 3648 3537 0 3647 3536 0 3627 3516 0 3629 3518 0 3649 3538 0 3628 3517 0 3649 3538 0 3648 3537 0 3628 3517 0 3630 3519 0 3650 3539 0 3629 3518 0 3650 3539 0 3649 3538 0 3629 3518 0 3631 3520 0 3651 3540 0 3630 3519 0 3651 3540 0 3650 3539 0 3630 3519 0 2865 2754 0 2866 2755 0 3651 3540 0 2865 2754 0 3651 3540 0 3632 3521 0 3632 3521 0 3651 3540 0 3631 3520 0 2868 2757 0 2865 2754 0 3632 3521 0 3633 3522 0 2868 2757 0 3632 3521 0 2856 2745 0 2868 2757 0 3633 3522 0 2864 2753 0 3634 3523 0 2875 2764 0 2877 2766 0 2875 2764 0 3634 3523 0 2877 2766 0 3634 3523 0 3652 3541 0 3652 3541 0 3634 3523 0 3635 3524 0 3636 3525 0 3653 3542 0 3635 3524 0 3653 3542 0 3652 3541 0 3635 3524 0 3637 3526 0 3654 3543 0 3636 3525 0 3654 3543 0 3653 3542 0 3636 3525 0 3638 3527 0 3655 3544 0 3637 3526 0 3655 3544 0 3654 3543 0 3637 3526 0 3639 3528 0 3656 3545 0 3638 3527 0 3656 3545 0 3655 3544 0 3638 3527 0 3641 3530 0 3657 3546 0 3639 3528 0 3657 3546 0 3656 3545 0 3639 3528 0 3658 3547 0 3641 3530 0 3642 3531 0 3658 3547 0 3659 3548 0 3641 3530 0 3659 3548 0 3657 3546 0 3641 3530 0 3659 3548 0 3660 3549 0 3661 3550 0 3658 3547 0 3660 3549 0 3659 3548 0 3660 3549 0 3662 3551 0 3661 3550 0 3665 3554 0 3664 3553 0 3663 3552 0 3665 3554 0 3666 3555 0 3667 3556 0 3663 3552 0 3666 3555 0 3665 3554 0 3644 3533 0 3667 3556 0 3666 3555 0 3644 3533 0 3645 3534 0 3667 3556 0 3645 3534 0 3668 3557 0 3667 3556 0 3646 3535 0 3669 3558 0 3645 3534 0 3669 3558 0 3668 3557 0 3645 3534 0 3647 3536 0 3670 3559 0 3646 3535 0 3670 3559 0 3669 3558 0 3646 3535 0 3648 3537 0 3671 3560 0 3647 3536 0 3671 3560 0 3670 3559 0 3647 3536 0 3649 3538 0 3672 3561 0 3648 3537 0 3672 3561 0 3671 3560 0 3648 3537 0 3650 3539 0 3673 3562 0 3649 3538 0 3673 3562 0 3672 3561 0 3649 3538 0 2878 2767 0 2879 2768 0 3673 3562 0 2878 2767 0 3673 3562 0 3651 3540 0 3651 3540 0 3673 3562 0 3650 3539 0 2866 2755 0 2878 2767 0 3651 3540 0 2877 2766 0 3652 3541 0 2888 2777 0 2890 2779 0 2888 2777 0 3652 3541 0 2890 2779 0 3652 3541 0 3674 3563 0 3674 3563 0 3652 3541 0 3653 3542 0 3654 3543 0 3675 3564 0 3653 3542 0 3675 3564 0 3674 3563 0 3653 3542 0 3655 3544 0 3676 3565 0 3654 3543 0 3676 3565 0 3675 3564 0 3654 3543 0 3656 3545 0 3677 3566 0 3655 3544 0 3677 3566 0 3676 3565 0 3655 3544 0 3657 3546 0 3678 3567 0 3656 3545 0 3678 3567 0 3677 3566 0 3656 3545 0 3659 3548 0 3679 3568 0 3657 3546 0 3679 3568 0 3678 3567 0 3657 3546 0 3661 3550 0 3680 3569 0 3659 3548 0 3680 3569 0 3679 3568 0 3659 3548 0 3681 3570 0 3661 3550 0 3662 3551 0 3681 3570 0 3682 3571 0 3661 3550 0 3682 3571 0 3680 3569 0 3661 3550 0 3681 3570 0 3683 3572 0 3682 3571 0 3686 3575 0 3685 3574 0 3684 3573 0 3664 3553 0 3686 3575 0 3684 3573 0 3664 3553 0 3665 3554 0 3686 3575 0 3665 3554 0 3687 3576 0 3686 3575 0 3667 3556 0 3688 3577 0 3665 3554 0 3688 3577 0 3687 3576 0 3665 3554 0 3668 3557 0 3689 3578 0 3667 3556 0 3689 3578 0 3688 3577 0 3667 3556 0 3669 3558 0 3690 3579 0 3668 3557 0 3690 3579 0 3689 3578 0 3668 3557 0 3670 3559 0 3691 3580 0 3669 3558 0 3691 3580 0 3690 3579 0 3669 3558 0 3671 3560 0 3692 3581 0 3670 3559 0 3692 3581 0 3691 3580 0 3670 3559 0 3672 3561 0 3693 3582 0 3671 3560 0 3693 3582 0 3692 3581 0 3671 3560 0 2891 2780 0 2892 2781 0 3693 3582 0 2891 2780 0 3693 3582 0 3673 3562 0 3673 3562 0 3693 3582 0 3672 3561 0 2879 2768 0 2891 2780 0 3673 3562 0 2890 2779 0 3674 3563 0 2903 2792 0 2905 2794 0 2903 2792 0 3674 3563 0 2905 2794 0 3674 3563 0 3694 3583 0 3694 3583 0 3674 3563 0 3675 3564 0 3676 3565 0 3695 3584 0 3675 3564 0 3695 3584 0 3694 3583 0 3675 3564 0 3677 3566 0 3696 3585 0 3676 3565 0 3696 3585 0 3695 3584 0 3676 3565 0 3678 3567 0 3697 3586 0 3677 3566 0 3697 3586 0 3696 3585 0 3677 3566 0 3679 3568 0 3698 3587 0 3678 3567 0 3698 3587 0 3697 3586 0 3678 3567 0 3680 3569 0 3699 3588 0 3679 3568 0 3699 3588 0 3698 3587 0 3679 3568 0 3682 3571 0 3700 3589 0 3680 3569 0 3700 3589 0 3699 3588 0 3680 3569 0 3701 3590 0 3682 3571 0 3683 3572 0 3701 3590 0 3702 3591 0 3682 3571 0 3702 3591 0 3700 3589 0 3682 3571 0 3701 3590 0 3703 3592 0 3702 3591 0 3706 3595 0 3705 3594 0 3704 3593 0 3706 3595 0 3707 3596 0 3708 3597 0 3704 3593 0 3707 3596 0 3706 3595 0 3685 3574 0 3708 3597 0 3707 3596 0 3685 3574 0 3686 3575 0 3708 3597 0 3686 3575 0 3709 3598 0 3708 3597 0 3687 3576 0 3710 3599 0 3686 3575 0 3710 3599 0 3709 3598 0 3686 3575 0 3688 3577 0 3711 3600 0 3687 3576 0 3711 3600 0 3710 3599 0 3687 3576 0 3689 3578 0 3712 3601 0 3688 3577 0 3712 3601 0 3711 3600 0 3688 3577 0 3690 3579 0 3713 3602 0 3689 3578 0 3713 3602 0 3712 3601 0 3689 3578 0 3691 3580 0 3714 3603 0 3690 3579 0 3714 3603 0 3713 3602 0 3690 3579 0 3692 3581 0 3715 3604 0 3691 3580 0 3715 3604 0 3714 3603 0 3691 3580 0 2906 2795 0 2907 2796 0 3715 3604 0 2906 2795 0 3715 3604 0 3693 3582 0 3693 3582 0 3715 3604 0 3692 3581 0 2892 2781 0 2906 2795 0 3693 3582 0 2905 2794 0 3694 3583 0 2918 2807 0 2920 2809 0 2918 2807 0 3694 3583 0 3695 3584 0 2920 2809 0 3694 3583 0 2922 2811 0 2920 2809 0 3695 3584 0 2922 2811 0 3695 3584 0 3716 3605 0 3716 3605 0 3695 3584 0 3696 3585 0 3697 3586 0 3717 3606 0 3696 3585 0 3717 3606 0 3716 3605 0 3696 3585 0 3698 3587 0 3718 3607 0 3697 3586 0 3718 3607 0 3717 3606 0 3697 3586 0 3699 3588 0 3719 3608 0 3698 3587 0 3719 3608 0 3718 3607 0 3698 3587 0 3700 3589 0 3720 3609 0 3699 3588 0 3720 3609 0 3719 3608 0 3699 3588 0 3702 3591 0 3721 3610 0 3700 3589 0 3721 3610 0 3720 3609 0 3700 3589 0 3722 3611 0 3702 3591 0 3703 3592 0 3722 3611 0 3723 3612 0 3702 3591 0 3723 3612 0 3721 3610 0 3702 3591 0 3723 3612 0 3724 3613 0 3725 3614 0 3722 3611 0 3724 3613 0 3723 3612 0 3724 3613 0 3726 3615 0 3725 3614 0 3729 3618 0 3728 3617 0 3727 3616 0 3705 3594 0 3729 3618 0 3727 3616 0 3705 3594 0 3706 3595 0 3729 3618 0 3706 3595 0 3730 3619 0 3729 3618 0 3708 3597 0 3731 3620 0 3706 3595 0 3731 3620 0 3730 3619 0 3706 3595 0 3709 3598 0 3732 3621 0 3708 3597 0 3732 3621 0 3731 3620 0 3708 3597 0 3710 3599 0 3733 3622 0 3709 3598 0 3733 3622 0 3732 3621 0 3709 3598 0 3711 3600 0 3734 3623 0 3710 3599 0 3734 3623 0 3733 3622 0 3710 3599 0 3712 3601 0 3735 3624 0 3711 3600 0 3735 3624 0 3734 3623 0 3711 3600 0 3713 3602 0 3736 3625 0 3712 3601 0 3736 3625 0 3735 3624 0 3712 3601 0 3714 3603 0 3737 3626 0 3713 3602 0 3737 3626 0 3736 3625 0 3713 3602 0 2923 2812 0 2924 2813 0 3737 3626 0 2923 2812 0 3737 3626 0 3715 3604 0 3715 3604 0 3737 3626 0 3714 3603 0 2907 2796 0 2923 2812 0 3715 3604 0 3716 3605 0 3738 3627 0 2936 2825 0 2922 2811 0 3716 3605 0 2936 2825 0 3717 3606 0 3739 3628 0 3716 3605 0 3739 3628 0 3738 3627 0 3716 3605 0 3718 3607 0 3740 3629 0 3717 3606 0 3740 3629 0 3739 3628 0 3717 3606 0 3719 3608 0 3741 3630 0 3718 3607 0 3741 3630 0 3740 3629 0 3718 3607 0 3720 3609 0 3742 3631 0 3719 3608 0 3742 3631 0 3741 3630 0 3719 3608 0 3721 3610 0 3743 3632 0 3720 3609 0 3743 3632 0 3742 3631 0 3720 3609 0 3723 3612 0 3744 3633 0 3721 3610 0 3744 3633 0 3743 3632 0 3721 3610 0 3725 3614 0 3745 3634 0 3723 3612 0 3745 3634 0 3744 3633 0 3723 3612 0 3746 3635 0 3725 3614 0 3726 3615 0 3746 3635 0 3747 3636 0 3725 3614 0 3747 3636 0 3745 3634 0 3725 3614 0 3747 3636 0 3748 3637 0 3749 3638 0 3746 3635 0 3748 3637 0 3747 3636 0 3749 3638 0 3750 3639 0 3751 3640 0 3748 3637 0 3750 3639 0 3749 3638 0 3751 3640 0 3752 3641 0 3753 3642 0 3750 3639 0 3752 3641 0 3751 3640 0 3752 3641 0 3754 3643 0 3753 3642 0 3757 3646 0 3756 3645 0 3755 3644 0 3757 3646 0 3758 3647 0 3759 3648 0 3755 3644 0 3758 3647 0 3757 3646 0 3728 3617 0 3759 3648 0 3758 3647 0 3728 3617 0 3729 3618 0 3759 3648 0 3729 3618 0 3760 3649 0 3759 3648 0 3730 3619 0 3761 3650 0 3729 3618 0 3761 3650 0 3760 3649 0 3729 3618 0 3731 3620 0 3762 3651 0 3730 3619 0 3762 3651 0 3761 3650 0 3730 3619 0 3732 3621 0 3763 3652 0 3731 3620 0 3763 3652 0 3762 3651 0 3731 3620 0 3733 3622 0 3764 3653 0 3732 3621 0 3764 3653 0 3763 3652 0 3732 3621 0 3734 3623 0 3765 3654 0 3733 3622 0 3765 3654 0 3764 3653 0 3733 3622 0 3735 3624 0 3766 3655 0 3734 3623 0 3766 3655 0 3765 3654 0 3734 3623 0 3736 3625 0 3767 3656 0 3735 3624 0 3767 3656 0 3766 3655 0 3735 3624 0 2937 2826 0 2938 2827 0 3767 3656 0 2937 2826 0 3767 3656 0 3737 3626 0 3737 3626 0 3767 3656 0 3736 3625 0 2924 2813 0 2937 2826 0 3737 3626 0 2936 2825 0 3738 3627 0 2949 2838 0 2951 2840 0 2949 2838 0 3738 3627 0 2951 2840 0 3738 3627 0 3768 3657 0 3768 3657 0 3738 3627 0 3739 3628 0 3740 3629 0 3769 3658 0 3739 3628 0 3769 3658 0 3768 3657 0 3739 3628 0 3741 3630 0 3770 3659 0 3740 3629 0 3770 3659 0 3769 3658 0 3740 3629 0 3742 3631 0 3771 3660 0 3741 3630 0 3771 3660 0 3770 3659 0 3741 3630 0 3743 3632 0 3772 3661 0 3742 3631 0 3772 3661 0 3771 3660 0 3742 3631 0 3744 3633 0 3773 3662 0 3743 3632 0 3773 3662 0 3772 3661 0 3743 3632 0 3745 3634 0 3774 3663 0 3744 3633 0 3774 3663 0 3773 3662 0 3744 3633 0 3747 3636 0 3775 3664 0 3745 3634 0 3775 3664 0 3774 3663 0 3745 3634 0 3749 3638 0 3776 3665 0 3747 3636 0 3776 3665 0 3775 3664 0 3747 3636 0 3751 3640 0 3777 3666 0 3749 3638 0 3777 3666 0 3776 3665 0 3749 3638 0 3753 3642 0 3778 3667 0 3751 3640 0 3778 3667 0 3777 3666 0 3751 3640 0 3779 3668 0 3753 3642 0 3754 3643 0 3779 3668 0 3780 3669 0 3753 3642 0 3780 3669 0 3778 3667 0 3753 3642 0 3779 3668 0 3781 3670 0 3780 3669 0 3784 3673 0 3783 3672 0 3782 3671 0 3756 3645 0 3784 3673 0 3782 3671 0 3756 3645 0 3757 3646 0 3784 3673 0 3757 3646 0 3785 3674 0 3784 3673 0 3759 3648 0 3786 3675 0 3757 3646 0 3786 3675 0 3785 3674 0 3757 3646 0 3760 3649 0 3787 3676 0 3759 3648 0 3787 3676 0 3786 3675 0 3759 3648 0 3761 3650 0 3788 3677 0 3760 3649 0 3788 3677 0 3787 3676 0 3760 3649 0 3762 3651 0 3789 3678 0 3761 3650 0 3789 3678 0 3788 3677 0 3761 3650 0 3763 3652 0 3790 3679 0 3762 3651 0 3790 3679 0 3789 3678 0 3762 3651 0 3764 3653 0 3791 3680 0 3763 3652 0 3791 3680 0 3790 3679 0 3763 3652 0 3765 3654 0 3792 3681 0 3764 3653 0 3792 3681 0 3791 3680 0 3764 3653 0 3766 3655 0 3793 3682 0 3765 3654 0 3793 3682 0 3792 3681 0 3765 3654 0 2952 2841 0 2953 2842 0 3793 3682 0 2952 2841 0 3793 3682 0 3767 3656 0 3767 3656 0 3793 3682 0 3766 3655 0 2938 2827 0 2952 2841 0 3767 3656 0 2951 2840 0 3768 3657 0 2964 2853 0 2966 2855 0 2964 2853 0 3768 3657 0 3769 3658 0 2966 2855 0 3768 3657 0 2968 2857 0 2966 2855 0 3769 3658 0 2968 2857 0 3769 3658 0 3794 3683 0 3794 3683 0 3769 3658 0 3770 3659 0 3771 3660 0 3795 3684 0 3770 3659 0 3795 3684 0 3794 3683 0 3770 3659 0 3772 3661 0 3796 3685 0 3771 3660 0 3796 3685 0 3795 3684 0 3771 3660 0 3773 3662 0 3797 3686 0 3772 3661 0 3797 3686 0 3796 3685 0 3772 3661 0 3774 3663 0 3798 3687 0 3773 3662 0 3798 3687 0 3797 3686 0 3773 3662 0 3775 3664 0 3799 3688 0 3774 3663 0 3799 3688 0 3798 3687 0 3774 3663 0 3776 3665 0 3800 3689 0 3775 3664 0 3800 3689 0 3799 3688 0 3775 3664 0 3777 3666 0 3801 3690 0 3776 3665 0 3801 3690 0 3800 3689 0 3776 3665 0 3778 3667 0 3802 3691 0 3777 3666 0 3802 3691 0 3801 3690 0 3777 3666 0 3780 3669 0 3803 3692 0 3778 3667 0 3803 3692 0 3802 3691 0 3778 3667 0 3804 3693 0 3780 3669 0 3781 3670 0 3804 3693 0 3805 3694 0 3780 3669 0 3805 3694 0 3803 3692 0 3780 3669 0 3805 3694 0 3806 3695 0 3807 3696 0 3804 3693 0 3806 3695 0 3805 3694 0 3807 3696 0 3808 3697 0 3809 3698 0 3806 3695 0 3808 3697 0 3807 3696 0 3809 3698 0 3810 3699 0 3811 3700 0 3808 3697 0 3810 3699 0 3809 3698 0 3811 3700 0 3812 3701 0 3813 3702 0 3810 3699 0 3812 3701 0 3811 3700 0 3813 3702 0 3814 3703 0 3815 3704 0 3812 3701 0 3814 3703 0 3813 3702 0 3783 3672 0 3815 3704 0 3814 3703 0 3783 3672 0 3784 3673 0 3815 3704 0 3784 3673 0 3816 3705 0 3815 3704 0 3785 3674 0 3817 3706 0 3784 3673 0 3817 3706 0 3816 3705 0 3784 3673 0 3786 3675 0 3818 3707 0 3785 3674 0 3818 3707 0 3817 3706 0 3785 3674 0 3787 3676 0 3819 3708 0 3786 3675 0 3819 3708 0 3818 3707 0 3786 3675 0 3788 3677 0 3820 3709 0 3787 3676 0 3820 3709 0 3819 3708 0 3787 3676 0 3789 3678 0 3821 3710 0 3788 3677 0 3821 3710 0 3820 3709 0 3788 3677 0 3790 3679 0 3822 3711 0 3789 3678 0 3822 3711 0 3821 3710 0 3789 3678 0 3791 3680 0 3823 3712 0 3790 3679 0 3823 3712 0 3822 3711 0 3790 3679 0 3792 3681 0 3824 3713 0 3791 3680 0 3824 3713 0 3823 3712 0 3791 3680 0 2969 2858 0 2970 2859 0 3824 3713 0 2969 2858 0 3824 3713 0 3793 3682 0 3793 3682 0 3824 3713 0 3792 3681 0 2953 2842 0 2969 2858 0 3793 3682 0 2968 2857 0 3794 3683 0 2982 2871 0 2984 2873 0 2982 2871 0 3794 3683 0 3795 3684 0 2984 2873 0 3794 3683 0 2986 2875 0 2984 2873 0 3795 3684 0 2986 2875 0 3795 3684 0 3825 3714 0 3825 3714 0 3795 3684 0 3796 3685 0 3797 3686 0 3826 3715 0 3796 3685 0 3826 3715 0 3825 3714 0 3796 3685 0 3798 3687 0 3827 3716 0 3797 3686 0 3827 3716 0 3826 3715 0 3797 3686 0 3799 3688 0 3828 3717 0 3798 3687 0 3828 3717 0 3827 3716 0 3798 3687 0 3800 3689 0 3829 3718 0 3799 3688 0 3829 3718 0 3828 3717 0 3799 3688 0 3801 3690 0 3830 3719 0 3800 3689 0 3830 3719 0 3829 3718 0 3800 3689 0 3802 3691 0 3831 3720 0 3801 3690 0 3831 3720 0 3830 3719 0 3801 3690 0 3803 3692 0 3832 3721 0 3802 3691 0 3832 3721 0 3831 3720 0 3802 3691 0 3805 3694 0 3833 3722 0 3803 3692 0 3833 3722 0 3832 3721 0 3803 3692 0 3807 3696 0 3834 3723 0 3805 3694 0 3834 3723 0 3833 3722 0 3805 3694 0 3809 3698 0 3835 3724 0 3807 3696 0 3835 3724 0 3834 3723 0 3807 3696 0 3811 3700 0 3836 3725 0 3809 3698 0 3836 3725 0 3835 3724 0 3809 3698 0 3813 3702 0 3837 3726 0 3811 3700 0 3837 3726 0 3836 3725 0 3811 3700 0 3815 3704 0 3838 3727 0 3813 3702 0 3838 3727 0 3837 3726 0 3813 3702 0 3816 3705 0 3839 3728 0 3815 3704 0 3839 3728 0 3838 3727 0 3815 3704 0 3817 3706 0 3840 3729 0 3816 3705 0 3840 3729 0 3839 3728 0 3816 3705 0 3818 3707 0 3841 3730 0 3817 3706 0 3841 3730 0 3840 3729 0 3817 3706 0 3819 3708 0 3842 3731 0 3818 3707 0 3842 3731 0 3841 3730 0 3818 3707 0 3820 3709 0 3843 3732 0 3819 3708 0 3843 3732 0 3842 3731 0 3819 3708 0 3821 3710 0 3844 3733 0 3820 3709 0 3844 3733 0 3843 3732 0 3820 3709 0 3822 3711 0 3845 3734 0 3821 3710 0 3845 3734 0 3844 3733 0 3821 3710 0 3823 3712 0 3846 3735 0 3822 3711 0 3846 3735 0 3845 3734 0 3822 3711 0 2987 2876 0 2988 2877 0 3846 3735 0 2987 2876 0 3846 3735 0 3824 3713 0 3824 3713 0 3846 3735 0 3823 3712 0 2970 2859 0 2987 2876 0 3824 3713 0 2986 2875 0 3825 3714 0 2993 2882 0 2994 2883 0 2993 2882 0 3825 3714 0 3826 3715 0 2994 2883 0 3825 3714 0 2995 2884 0 2994 2883 0 3826 3715 0 3827 3716 0 2995 2884 0 3826 3715 0 2996 2885 0 2995 2884 0 3827 3716 0 3828 3717 0 2996 2885 0 3827 3716 0 2997 2886 0 2996 2885 0 3828 3717 0 3829 3718 0 2997 2886 0 3828 3717 0 2998 2887 0 2997 2886 0 3829 3718 0 3830 3719 0 2998 2887 0 3829 3718 0 2999 2888 0 2998 2887 0 3830 3719 0 3831 3720 0 2999 2888 0 3830 3719 0 3000 2889 0 2999 2888 0 3831 3720 0 3832 3721 0 3000 2889 0 3831 3720 0 3001 2890 0 3000 2889 0 3832 3721 0 3833 3722 0 3001 2890 0 3832 3721 0 3002 2891 0 3001 2890 0 3833 3722 0 3834 3723 0 3002 2891 0 3833 3722 0 3003 2892 0 3002 2891 0 3834 3723 0 3835 3724 0 3003 2892 0 3834 3723 0 3004 2893 0 3003 2892 0 3835 3724 0 3836 3725 0 3004 2893 0 3835 3724 0 3005 2894 0 3004 2893 0 3836 3725 0 3837 3726 0 3005 2894 0 3836 3725 0 3006 2895 0 3005 2894 0 3837 3726 0 3838 3727 0 3006 2895 0 3837 3726 0 3007 2896 0 3006 2895 0 3838 3727 0 3839 3728 0 3007 2896 0 3838 3727 0 3008 2897 0 3007 2896 0 3839 3728 0 3840 3729 0 3008 2897 0 3839 3728 0 3009 2898 0 3008 2897 0 3840 3729 0 3841 3730 0 3009 2898 0 3840 3729 0 3010 2899 0 3009 2898 0 3841 3730 0 3842 3731 0 3010 2899 0 3841 3730 0 3011 2900 0 3010 2899 0 3842 3731 0 3843 3732 0 3011 2900 0 3842 3731 0 3012 2901 0 3011 2900 0 3843 3732 0 3844 3733 0 3012 2901 0 3843 3732 0 3013 2902 0 3012 2901 0 3844 3733 0 3845 3734 0 3013 2902 0 3844 3733 0 3014 2903 0 3013 2902 0 3845 3734 0 3846 3735 0 3014 2903 0 3845 3734 0 2988 2877 0 3014 2903 0 3846 3735 0 3049 2938 0 3847 3736 0 3050 2939 0 3049 2938 0 3051 2940 0 3848 3737 0 3847 3736 0 3049 2938 0 3848 3737 0 3051 2940 0 3052 2941 0 3848 3737 0 3050 2939 0 3847 3736 0 3080 2969 0 3082 2971 0 3080 2969 0 3847 3736 0 3848 3737 0 3082 2971 0 3847 3736 0 3052 2941 0 3082 2971 0 3848 3737 0 3118 3007 0 3849 3738 0 3119 3008 0 3118 3007 0 3120 3009 0 3849 3738 0 3147 3036 0 3850 3739 0 3148 3037 0 3147 3036 0 3149 3038 0 3851 3740 0 3850 3739 0 3147 3036 0 3851 3740 0 3149 3038 0 3150 3039 0 3852 3741 0 3851 3740 0 3149 3038 0 3852 3741 0 3150 3039 0 3151 3040 0 3853 3742 0 3852 3741 0 3150 3039 0 3853 3742 0 3151 3040 0 3152 3041 0 3854 3743 0 3853 3742 0 3151 3040 0 3854 3743 0 3152 3041 0 3153 3042 0 3855 3744 0 3854 3743 0 3152 3041 0 3855 3744 0 3153 3042 0 3119 3008 0 3849 3738 0 3153 3042 0 3849 3738 0 3855 3744 0 3855 3744 0 3849 3738 0 3856 3745 0 3120 3009 0 3154 3043 0 3857 3746 0 3120 3009 0 3857 3746 0 3849 3738 0 3849 3738 0 3857 3746 0 3856 3745 0 3154 3043 0 3155 3044 0 3858 3747 0 3857 3746 0 3154 3043 0 3858 3747 0 3155 3044 0 3156 3045 0 3859 3748 0 3858 3747 0 3155 3044 0 3859 3748 0 3156 3045 0 3157 3046 0 3860 3749 0 3859 3748 0 3156 3045 0 3860 3749 0 3157 3046 0 3158 3047 0 3861 3750 0 3860 3749 0 3157 3046 0 3861 3750 0 3158 3047 0 3159 3048 0 3862 3751 0 3861 3750 0 3158 3047 0 3862 3751 0 3159 3048 0 3160 3049 0 3862 3751 0 3180 3069 0 3863 3752 0 3181 3070 0 3180 3069 0 3182 3071 0 3864 3753 0 3863 3752 0 3180 3069 0 3864 3753 0 3182 3071 0 3183 3072 0 3865 3754 0 3864 3753 0 3182 3071 0 3865 3754 0 3183 3072 0 3148 3037 0 3850 3739 0 3183 3072 0 3850 3739 0 3865 3754 0 3865 3754 0 3850 3739 0 3866 3755 0 3851 3740 0 3867 3756 0 3850 3739 0 3867 3756 0 3866 3755 0 3850 3739 0 3852 3741 0 3868 3757 0 3851 3740 0 3868 3757 0 3867 3756 0 3851 3740 0 3853 3742 0 3869 3758 0 3852 3741 0 3869 3758 0 3868 3757 0 3852 3741 0 3854 3743 0 3870 3759 0 3853 3742 0 3870 3759 0 3869 3758 0 3853 3742 0 3855 3744 0 3871 3760 0 3854 3743 0 3871 3760 0 3870 3759 0 3854 3743 0 3856 3745 0 3872 3761 0 3855 3744 0 3872 3761 0 3871 3760 0 3855 3744 0 3857 3746 0 3873 3762 0 3856 3745 0 3873 3762 0 3872 3761 0 3856 3745 0 3858 3747 0 3874 3763 0 3857 3746 0 3874 3763 0 3873 3762 0 3857 3746 0 3859 3748 0 3875 3764 0 3858 3747 0 3875 3764 0 3874 3763 0 3858 3747 0 3860 3749 0 3876 3765 0 3859 3748 0 3876 3765 0 3875 3764 0 3859 3748 0 3861 3750 0 3877 3766 0 3860 3749 0 3877 3766 0 3876 3765 0 3860 3749 0 3862 3751 0 3878 3767 0 3861 3750 0 3878 3767 0 3877 3766 0 3861 3750 0 3160 3049 0 3184 3073 0 3879 3768 0 3160 3049 0 3879 3768 0 3862 3751 0 3862 3751 0 3879 3768 0 3878 3767 0 3184 3073 0 3185 3074 0 3880 3769 0 3879 3768 0 3184 3073 0 3880 3769 0 3185 3074 0 3186 3075 0 3880 3769 0 3204 3093 0 3881 3770 0 3205 3094 0 3204 3093 0 3181 3070 0 3863 3752 0 3204 3093 0 3863 3752 0 3881 3770 0 3881 3770 0 3863 3752 0 3882 3771 0 3864 3753 0 3883 3772 0 3863 3752 0 3883 3772 0 3882 3771 0 3863 3752 0 3865 3754 0 3884 3773 0 3864 3753 0 3884 3773 0 3883 3772 0 3864 3753 0 3866 3755 0 3885 3774 0 3865 3754 0 3885 3774 0 3884 3773 0 3865 3754 0 3867 3756 0 3886 3775 0 3866 3755 0 3886 3775 0 3885 3774 0 3866 3755 0 3868 3757 0 3887 3776 0 3867 3756 0 3887 3776 0 3886 3775 0 3867 3756 0 3869 3758 0 3888 3777 0 3868 3757 0 3888 3777 0 3887 3776 0 3868 3757 0 3870 3759 0 3889 3778 0 3869 3758 0 3889 3778 0 3888 3777 0 3869 3758 0 3871 3760 0 3890 3779 0 3870 3759 0 3890 3779 0 3889 3778 0 3870 3759 0 3872 3761 0 3891 3780 0 3871 3760 0 3891 3780 0 3890 3779 0 3871 3760 0 3873 3762 0 3892 3781 0 3872 3761 0 3892 3781 0 3891 3780 0 3872 3761 0 3874 3763 0 3893 3782 0 3873 3762 0 3893 3782 0 3892 3781 0 3873 3762 0 3875 3764 0 3894 3783 0 3874 3763 0 3894 3783 0 3893 3782 0 3874 3763 0 3876 3765 0 3895 3784 0 3875 3764 0 3895 3784 0 3894 3783 0 3875 3764 0 3877 3766 0 3896 3785 0 3876 3765 0 3896 3785 0 3895 3784 0 3876 3765 0 3878 3767 0 3897 3786 0 3877 3766 0 3897 3786 0 3896 3785 0 3877 3766 0 3879 3768 0 3898 3787 0 3878 3767 0 3898 3787 0 3897 3786 0 3878 3767 0 3880 3769 0 3899 3788 0 3879 3768 0 3899 3788 0 3898 3787 0 3879 3768 0 3186 3075 0 3206 3095 0 3900 3789 0 3186 3075 0 3900 3789 0 3880 3769 0 3880 3769 0 3900 3789 0 3899 3788 0 3206 3095 0 3207 3096 0 3900 3789 0 3225 3114 0 3901 3790 0 3226 3115 0 3225 3114 0 3205 3094 0 3881 3770 0 3225 3114 0 3881 3770 0 3901 3790 0 3901 3790 0 3881 3770 0 3902 3791 0 3882 3771 0 3903 3792 0 3881 3770 0 3903 3792 0 3902 3791 0 3881 3770 0 3883 3772 0 3904 3793 0 3882 3771 0 3904 3793 0 3903 3792 0 3882 3771 0 3884 3773 0 3905 3794 0 3883 3772 0 3905 3794 0 3904 3793 0 3883 3772 0 3885 3774 0 3906 3795 0 3884 3773 0 3906 3795 0 3905 3794 0 3884 3773 0 3886 3775 0 3907 3796 0 3885 3774 0 3907 3796 0 3906 3795 0 3885 3774 0 3887 3776 0 3908 3797 0 3886 3775 0 3908 3797 0 3907 3796 0 3886 3775 0 3888 3777 0 3909 3798 0 3887 3776 0 3909 3798 0 3908 3797 0 3887 3776 0 3911 3800 0 3889 3778 0 3910 3799 0 3911 3800 0 3909 3798 0 3889 3778 0 3909 3798 0 3888 3777 0 3889 3778 0 3890 3779 0 3910 3799 0 3889 3778 0 3912 3801 0 3910 3799 0 3890 3779 0 3891 3780 0 3912 3801 0 3890 3779 0 3913 3802 0 3912 3801 0 3891 3780 0 3892 3781 0 3913 3802 0 3891 3780 0 3914 3803 0 3913 3802 0 3892 3781 0 3893 3782 0 3914 3803 0 3892 3781 0 3915 3804 0 3914 3803 0 3893 3782 0 3894 3783 0 3915 3804 0 3893 3782 0 3916 3805 0 3915 3804 0 3894 3783 0 3916 3805 0 3918 3807 0 3917 3806 0 3916 3805 0 3894 3783 0 3918 3807 0 3894 3783 0 3895 3784 0 3918 3807 0 3896 3785 0 3919 3808 0 3895 3784 0 3919 3808 0 3918 3807 0 3895 3784 0 3897 3786 0 3920 3809 0 3896 3785 0 3920 3809 0 3919 3808 0 3896 3785 0 3898 3787 0 3921 3810 0 3897 3786 0 3921 3810 0 3920 3809 0 3897 3786 0 3899 3788 0 3922 3811 0 3898 3787 0 3922 3811 0 3921 3810 0 3898 3787 0 3900 3789 0 3923 3812 0 3899 3788 0 3923 3812 0 3922 3811 0 3899 3788 0 3207 3096 0 3227 3116 0 3924 3813 0 3207 3096 0 3924 3813 0 3900 3789 0 3900 3789 0 3924 3813 0 3923 3812 0 3227 3116 0 3228 3117 0 3924 3813 0 3246 3135 0 3925 3814 0 3247 3136 0 3246 3135 0 3226 3115 0 3901 3790 0 3246 3135 0 3901 3790 0 3925 3814 0 3925 3814 0 3901 3790 0 3926 3815 0 3902 3791 0 3927 3816 0 3901 3790 0 3927 3816 0 3926 3815 0 3901 3790 0 3903 3792 0 3928 3817 0 3902 3791 0 3928 3817 0 3927 3816 0 3902 3791 0 3904 3793 0 3929 3818 0 3903 3792 0 3929 3818 0 3928 3817 0 3903 3792 0 3905 3794 0 3930 3819 0 3904 3793 0 3930 3819 0 3929 3818 0 3904 3793 0 3906 3795 0 3931 3820 0 3905 3794 0 3931 3820 0 3930 3819 0 3905 3794 0 3933 3822 0 3907 3796 0 3932 3821 0 3933 3822 0 3931 3820 0 3907 3796 0 3931 3820 0 3906 3795 0 3907 3796 0 3908 3797 0 3932 3821 0 3907 3796 0 3934 3823 0 3932 3821 0 3908 3797 0 3909 3798 0 3934 3823 0 3908 3797 0 3935 3824 0 3934 3823 0 3909 3798 0 3911 3800 0 3935 3824 0 3909 3798 0 3918 3807 0 3936 3825 0 3917 3806 0 3919 3808 0 3936 3825 0 3918 3807 0 3937 3826 0 3936 3825 0 3919 3808 0 3920 3809 0 3937 3826 0 3919 3808 0 3938 3827 0 3937 3826 0 3920 3809 0 3938 3827 0 3940 3829 0 3939 3828 0 3938 3827 0 3920 3809 0 3940 3829 0 3920 3809 0 3921 3810 0 3940 3829 0 3922 3811 0 3941 3830 0 3921 3810 0 3941 3830 0 3940 3829 0 3921 3810 0 3923 3812 0 3942 3831 0 3922 3811 0 3942 3831 0 3941 3830 0 3922 3811 0 3924 3813 0 3943 3832 0 3923 3812 0 3943 3832 0 3942 3831 0 3923 3812 0 3228 3117 0 3248 3137 0 3944 3833 0 3228 3117 0 3944 3833 0 3924 3813 0 3924 3813 0 3944 3833 0 3943 3832 0 3248 3137 0 3249 3138 0 3944 3833 0 3267 3156 0 3945 3834 0 3268 3157 0 3267 3156 0 3247 3136 0 3925 3814 0 3267 3156 0 3925 3814 0 3945 3834 0 3945 3834 0 3925 3814 0 3946 3835 0 3926 3815 0 3947 3836 0 3925 3814 0 3947 3836 0 3946 3835 0 3925 3814 0 3927 3816 0 3948 3837 0 3926 3815 0 3948 3837 0 3947 3836 0 3926 3815 0 3928 3817 0 3949 3838 0 3927 3816 0 3949 3838 0 3948 3837 0 3927 3816 0 3929 3818 0 3950 3839 0 3928 3817 0 3950 3839 0 3949 3838 0 3928 3817 0 3952 3841 0 3930 3819 0 3951 3840 0 3952 3841 0 3950 3839 0 3930 3819 0 3950 3839 0 3929 3818 0 3930 3819 0 3931 3820 0 3951 3840 0 3930 3819 0 3953 3842 0 3951 3840 0 3931 3820 0 3933 3822 0 3953 3842 0 3931 3820 0 3940 3829 0 3954 3843 0 3939 3828 0 3954 3843 0 3956 3845 0 3955 3844 0 3954 3843 0 3940 3829 0 3956 3845 0 3940 3829 0 3941 3830 0 3956 3845 0 3942 3831 0 3957 3846 0 3941 3830 0 3957 3846 0 3956 3845 0 3941 3830 0 3943 3832 0 3958 3847 0 3942 3831 0 3958 3847 0 3957 3846 0 3942 3831 0 3944 3833 0 3959 3848 0 3943 3832 0 3959 3848 0 3958 3847 0 3943 3832 0 3249 3138 0 3269 3158 0 3960 3849 0 3249 3138 0 3960 3849 0 3944 3833 0 3944 3833 0 3960 3849 0 3959 3848 0 3269 3158 0 3270 3159 0 3961 3850 0 3960 3849 0 3269 3158 0 3961 3850 0 3270 3159 0 3271 3160 0 3961 3850 0 3289 3178 0 3962 3851 0 3290 3179 0 3289 3178 0 3268 3157 0 3945 3834 0 3289 3178 0 3945 3834 0 3962 3851 0 3962 3851 0 3945 3834 0 3963 3852 0 3946 3835 0 3964 3853 0 3945 3834 0 3964 3853 0 3963 3852 0 3945 3834 0 3947 3836 0 3965 3854 0 3946 3835 0 3965 3854 0 3964 3853 0 3946 3835 0 3948 3837 0 3966 3855 0 3947 3836 0 3966 3855 0 3965 3854 0 3947 3836 0 3968 3857 0 3949 3838 0 3967 3856 0 3968 3857 0 3966 3855 0 3949 3838 0 3966 3855 0 3948 3837 0 3949 3838 0 3950 3839 0 3967 3856 0 3949 3838 0 3969 3858 0 3967 3856 0 3950 3839 0 3952 3841 0 3969 3858 0 3950 3839 0 3956 3845 0 3970 3859 0 3955 3844 0 3957 3846 0 3970 3859 0 3956 3845 0 3971 3860 0 3970 3859 0 3957 3846 0 3971 3860 0 3973 3862 0 3972 3861 0 3971 3860 0 3957 3846 0 3973 3862 0 3957 3846 0 3958 3847 0 3973 3862 0 3959 3848 0 3974 3863 0 3958 3847 0 3974 3863 0 3973 3862 0 3958 3847 0 3960 3849 0 3975 3864 0 3959 3848 0 3975 3864 0 3974 3863 0 3959 3848 0 3961 3850 0 3976 3865 0 3960 3849 0 3976 3865 0 3975 3864 0 3960 3849 0 3271 3160 0 3291 3180 0 3977 3866 0 3271 3160 0 3977 3866 0 3961 3850 0 3961 3850 0 3977 3866 0 3976 3865 0 3291 3180 0 3292 3181 0 3977 3866 0 3309 3198 0 3978 3867 0 3310 3199 0 3309 3198 0 3290 3179 0 3962 3851 0 3309 3198 0 3962 3851 0 3978 3867 0 3978 3867 0 3962 3851 0 3979 3868 0 3963 3852 0 3980 3869 0 3962 3851 0 3980 3869 0 3979 3868 0 3962 3851 0 3964 3853 0 3981 3870 0 3963 3852 0 3981 3870 0 3980 3869 0 3963 3852 0 3965 3854 0 3982 3871 0 3964 3853 0 3982 3871 0 3981 3870 0 3964 3853 0 3984 3873 0 3966 3855 0 3983 3872 0 3984 3873 0 3982 3871 0 3966 3855 0 3982 3871 0 3965 3854 0 3966 3855 0 3968 3857 0 3983 3872 0 3966 3855 0 3973 3862 0 3985 3874 0 3972 3861 0 3985 3874 0 3987 3876 0 3986 3875 0 3985 3874 0 3973 3862 0 3987 3876 0 3973 3862 0 3974 3863 0 3987 3876 0 3975 3864 0 3988 3877 0 3974 3863 0 3988 3877 0 3987 3876 0 3974 3863 0 3976 3865 0 3989 3878 0 3975 3864 0 3989 3878 0 3988 3877 0 3975 3864 0 3977 3866 0 3990 3879 0 3976 3865 0 3990 3879 0 3989 3878 0 3976 3865 0 3292 3181 0 3311 3200 0 3991 3880 0 3292 3181 0 3991 3880 0 3977 3866 0 3977 3866 0 3991 3880 0 3990 3879 0 3311 3200 0 3312 3201 0 3991 3880 0 3328 3217 0 3992 3881 0 3329 3218 0 3328 3217 0 3310 3199 0 3978 3867 0 3328 3217 0 3978 3867 0 3992 3881 0 3992 3881 0 3978 3867 0 3993 3882 0 3979 3868 0 3994 3883 0 3978 3867 0 3994 3883 0 3993 3882 0 3978 3867 0 3980 3869 0 3995 3884 0 3979 3868 0 3995 3884 0 3994 3883 0 3979 3868 0 3997 3886 0 3981 3870 0 3996 3885 0 3997 3886 0 3995 3884 0 3981 3870 0 3995 3884 0 3980 3869 0 3981 3870 0 3982 3871 0 3996 3885 0 3981 3870 0 3998 3887 0 3996 3885 0 3982 3871 0 3984 3873 0 3998 3887 0 3982 3871 0 3987 3876 0 3999 3888 0 3986 3875 0 3999 3888 0 4001 3890 0 4000 3889 0 3999 3888 0 3987 3876 0 4001 3890 0 3987 3876 0 3988 3877 0 4001 3890 0 3989 3878 0 4002 3891 0 3988 3877 0 4002 3891 0 4001 3890 0 3988 3877 0 3990 3879 0 4003 3892 0 3989 3878 0 4003 3892 0 4002 3891 0 3989 3878 0 3991 3880 0 4004 3893 0 3990 3879 0 4004 3893 0 4003 3892 0 3990 3879 0 3312 3201 0 3330 3219 0 4005 3894 0 3312 3201 0 4005 3894 0 3991 3880 0 3991 3880 0 4005 3894 0 4004 3893 0 3330 3219 0 3331 3220 0 4005 3894 0 3346 3235 0 4006 3895 0 3347 3236 0 3346 3235 0 3329 3218 0 3992 3881 0 3346 3235 0 3992 3881 0 4006 3895 0 4006 3895 0 3992 3881 0 4007 3896 0 3993 3882 0 4008 3897 0 3992 3881 0 4008 3897 0 4007 3896 0 3992 3881 0 3994 3883 0 4009 3898 0 3993 3882 0 4009 3898 0 4008 3897 0 3993 3882 0 4011 3900 0 3995 3884 0 4010 3899 0 4011 3900 0 4009 3898 0 3995 3884 0 4009 3898 0 3994 3883 0 3995 3884 0 3997 3886 0 4010 3899 0 3995 3884 0 4001 3890 0 4012 3901 0 4000 3889 0 4012 3901 0 4014 3903 0 4013 3902 0 4012 3901 0 4001 3890 0 4014 3903 0 4001 3890 0 4002 3891 0 4014 3903 0 4003 3892 0 4015 3904 0 4002 3891 0 4015 3904 0 4014 3903 0 4002 3891 0 4004 3893 0 4016 3905 0 4003 3892 0 4016 3905 0 4015 3904 0 4003 3892 0 4005 3894 0 4017 3906 0 4004 3893 0 4017 3906 0 4016 3905 0 4004 3893 0 3331 3220 0 3348 3237 0 4018 3907 0 3331 3220 0 4018 3907 0 4005 3894 0 4005 3894 0 4018 3907 0 4017 3906 0 3348 3237 0 3349 3238 0 4018 3907 0 4006 3895 0 4019 3908 0 3363 3252 0 3347 3236 0 4006 3895 0 3363 3252 0 4007 3896 0 4020 3909 0 4006 3895 0 4020 3909 0 4019 3908 0 4006 3895 0 4008 3897 0 4021 3910 0 4007 3896 0 4021 3910 0 4020 3909 0 4007 3896 0 4009 3898 0 4022 3911 0 4008 3897 0 4022 3911 0 4021 3910 0 4008 3897 0 4023 3912 0 4009 3898 0 4011 3900 0 4022 3911 0 4009 3898 0 4023 3912 0 4014 3903 0 4024 3913 0 4013 3902 0 4024 3913 0 4026 3915 0 4025 3914 0 4024 3913 0 4014 3903 0 4026 3915 0 4014 3903 0 4015 3904 0 4026 3915 0 4016 3905 0 4027 3916 0 4015 3904 0 4027 3916 0 4026 3915 0 4015 3904 0 4017 3906 0 4028 3917 0 4016 3905 0 4028 3917 0 4027 3916 0 4016 3905 0 4018 3907 0 4029 3918 0 4017 3906 0 4029 3918 0 4028 3917 0 4017 3906 0 3349 3238 0 3364 3253 0 4029 3918 0 4018 3907 0 3349 3238 0 4029 3918 0 3377 3266 0 4030 3919 0 3378 3267 0 3377 3266 0 3363 3252 0 4019 3908 0 3377 3266 0 4019 3908 0 4030 3919 0 4030 3919 0 4019 3908 0 4031 3920 0 4020 3909 0 4032 3921 0 4019 3908 0 4032 3921 0 4031 3920 0 4019 3908 0 4021 3910 0 4033 3922 0 4020 3909 0 4033 3922 0 4032 3921 0 4020 3909 0 4035 3924 0 4022 3911 0 4034 3923 0 4035 3924 0 4033 3922 0 4022 3911 0 4033 3922 0 4021 3910 0 4022 3911 0 4023 3912 0 4034 3923 0 4022 3911 0 4026 3915 0 4036 3925 0 4025 3914 0 4036 3925 0 4038 3927 0 4037 3926 0 4036 3925 0 4026 3915 0 4038 3927 0 4026 3915 0 4027 3916 0 4038 3927 0 4028 3917 0 4039 3928 0 4027 3916 0 4039 3928 0 4038 3927 0 4027 3916 0 4029 3918 0 4040 3929 0 4028 3917 0 4040 3929 0 4039 3928 0 4028 3917 0 3364 3253 0 3379 3268 0 4041 3930 0 3364 3253 0 4041 3930 0 4029 3918 0 4029 3918 0 4041 3930 0 4040 3929 0 3379 3268 0 3380 3269 0 4041 3930 0 3387 3276 0 4042 3931 0 3388 3277 0 3387 3276 0 3389 3278 0 4043 3932 0 4042 3931 0 3387 3276 0 4043 3932 0 3389 3278 0 3390 3279 0 4043 3932 0 3393 3282 0 4044 3933 0 3394 3283 0 3393 3282 0 3378 3267 0 4030 3919 0 3393 3282 0 4030 3919 0 4044 3933 0 4044 3933 0 4030 3919 0 4045 3934 0 4031 3920 0 4046 3935 0 4030 3919 0 4046 3935 0 4045 3934 0 4030 3919 0 4032 3921 0 4047 3936 0 4031 3920 0 4047 3936 0 4046 3935 0 4031 3920 0 4033 3922 0 4048 3937 0 4032 3921 0 4048 3937 0 4047 3936 0 4032 3921 0 4049 3938 0 4033 3922 0 4035 3924 0 4048 3937 0 4033 3922 0 4049 3938 0 4038 3927 0 4050 3939 0 4037 3926 0 4050 3939 0 4052 3941 0 4051 3940 0 4050 3939 0 4038 3927 0 4052 3941 0 4038 3927 0 4039 3928 0 4052 3941 0 4040 3929 0 4053 3942 0 4039 3928 0 4053 3942 0 4052 3941 0 4039 3928 0 4041 3930 0 4054 3943 0 4040 3929 0 4054 3943 0 4053 3942 0 4040 3929 0 3380 3269 0 3395 3284 0 4055 3944 0 3380 3269 0 4055 3944 0 4041 3930 0 4041 3930 0 4055 3944 0 4054 3943 0 3395 3284 0 3396 3285 0 4055 3944 0 4042 3931 0 4056 3945 0 3402 3291 0 3388 3277 0 4042 3931 0 3402 3291 0 4043 3932 0 4057 3946 0 4042 3931 0 4057 3946 0 4056 3945 0 4042 3931 0 3390 3279 0 3403 3292 0 4058 3947 0 3390 3279 0 4058 3947 0 4043 3932 0 4043 3932 0 4058 3947 0 4057 3946 0 3403 3292 0 3404 3293 0 4059 3948 0 4058 3947 0 3403 3292 0 4059 3948 0 3404 3293 0 3394 3283 0 4044 3933 0 3404 3293 0 4044 3933 0 4059 3948 0 4059 3948 0 4044 3933 0 4060 3949 0 4045 3934 0 4061 3950 0 4044 3933 0 4061 3950 0 4060 3949 0 4044 3933 0 4046 3935 0 4062 3951 0 4045 3934 0 4062 3951 0 4061 3950 0 4045 3934 0 4047 3936 0 4063 3952 0 4046 3935 0 4063 3952 0 4062 3951 0 4046 3935 0 4065 3954 0 4048 3937 0 4064 3953 0 4065 3954 0 4063 3952 0 4048 3937 0 4063 3952 0 4047 3936 0 4048 3937 0 4049 3938 0 4064 3953 0 4048 3937 0 4067 3956 0 4051 3940 0 4052 3941 0 4066 3955 0 4051 3940 0 4067 3956 0 4053 3942 0 4068 3957 0 4052 3941 0 4068 3957 0 4067 3956 0 4052 3941 0 4054 3943 0 4069 3958 0 4053 3942 0 4069 3958 0 4068 3957 0 4053 3942 0 4055 3944 0 4070 3959 0 4054 3943 0 4070 3959 0 4069 3958 0 4054 3943 0 3396 3285 0 3405 3294 0 4071 3960 0 3396 3285 0 4071 3960 0 4055 3944 0 4055 3944 0 4071 3960 0 4070 3959 0 3405 3294 0 3406 3295 0 4072 3961 0 4071 3960 0 3405 3294 0 4072 3961 0 3406 3295 0 3407 3296 0 4072 3961 0 3410 3299 0 4073 3962 0 3411 3300 0 3410 3299 0 3402 3291 0 4056 3945 0 3410 3299 0 4056 3945 0 4073 3962 0 4073 3962 0 4056 3945 0 4074 3963 0 4057 3946 0 4075 3964 0 4056 3945 0 4075 3964 0 4074 3963 0 4056 3945 0 4058 3947 0 4076 3965 0 4057 3946 0 4076 3965 0 4075 3964 0 4057 3946 0 4059 3948 0 4077 3966 0 4058 3947 0 4077 3966 0 4076 3965 0 4058 3947 0 4060 3949 0 4078 3967 0 4059 3948 0 4078 3967 0 4077 3966 0 4059 3948 0 4061 3950 0 4079 3968 0 4060 3949 0 4079 3968 0 4078 3967 0 4060 3949 0 4062 3951 0 4080 3969 0 4061 3950 0 4080 3969 0 4079 3968 0 4061 3950 0 4082 3971 0 4063 3952 0 4081 3970 0 4082 3971 0 4080 3969 0 4063 3952 0 4080 3969 0 4062 3951 0 4063 3952 0 4065 3954 0 4081 3970 0 4063 3952 0 4084 3973 0 4066 3955 0 4067 3956 0 4083 3972 0 4066 3955 0 4084 3973 0 4068 3957 0 4085 3974 0 4067 3956 0 4085 3974 0 4084 3973 0 4067 3956 0 4069 3958 0 4086 3975 0 4068 3957 0 4086 3975 0 4085 3974 0 4068 3957 0 4070 3959 0 4087 3976 0 4069 3958 0 4087 3976 0 4086 3975 0 4069 3958 0 4071 3960 0 4088 3977 0 4070 3959 0 4088 3977 0 4087 3976 0 4070 3959 0 4072 3961 0 4089 3978 0 4071 3960 0 4089 3978 0 4088 3977 0 4071 3960 0 3407 3296 0 3412 3301 0 4090 3979 0 3407 3296 0 4090 3979 0 4072 3961 0 4072 3961 0 4090 3979 0 4089 3978 0 3412 3301 0 3413 3302 0 4090 3979 0 4073 3962 0 4091 3980 0 3415 3304 0 3411 3300 0 4073 3962 0 3415 3304 0 4074 3963 0 4092 3981 0 4073 3962 0 4092 3981 0 4091 3980 0 4073 3962 0 4075 3964 0 4093 3982 0 4074 3963 0 4093 3982 0 4092 3981 0 4074 3963 0 4076 3965 0 4094 3983 0 4075 3964 0 4094 3983 0 4093 3982 0 4075 3964 0 4077 3966 0 4095 3984 0 4076 3965 0 4095 3984 0 4094 3983 0 4076 3965 0 4078 3967 0 4096 3985 0 4077 3966 0 4096 3985 0 4095 3984 0 4077 3966 0 4079 3968 0 4097 3986 0 4078 3967 0 4097 3986 0 4096 3985 0 4078 3967 0 4080 3969 0 4098 3987 0 4079 3968 0 4098 3987 0 4097 3986 0 4079 3968 0 4099 3988 0 4080 3969 0 4082 3971 0 4098 3987 0 4080 3969 0 4099 3988 0 4084 3973 0 4100 3989 0 4083 3972 0 4100 3989 0 4102 3991 0 4101 3990 0 4100 3989 0 4084 3973 0 4102 3991 0 4084 3973 0 4085 3974 0 4102 3991 0 4086 3975 0 4103 3992 0 4085 3974 0 4103 3992 0 4102 3991 0 4085 3974 0 4087 3976 0 4104 3993 0 4086 3975 0 4104 3993 0 4103 3992 0 4086 3975 0 3416 3305 0 3417 3306 0 4104 3993 0 3416 3305 0 4104 3993 0 4088 3977 0 4088 3977 0 4104 3993 0 4087 3976 0 3419 3308 0 3416 3305 0 4088 3977 0 4089 3978 0 3419 3308 0 4088 3977 0 3421 3310 0 3419 3308 0 4089 3978 0 4090 3979 0 3421 3310 0 4089 3978 0 3413 3302 0 3421 3310 0 4090 3979 0 4091 3980 0 4105 3994 0 3424 3313 0 3415 3304 0 4091 3980 0 3424 3313 0 4092 3981 0 4106 3995 0 4091 3980 0 4106 3995 0 4105 3994 0 4091 3980 0 4093 3982 0 4107 3996 0 4092 3981 0 4107 3996 0 4106 3995 0 4092 3981 0 4094 3983 0 4108 3997 0 4093 3982 0 4108 3997 0 4107 3996 0 4093 3982 0 4095 3984 0 4109 3998 0 4094 3983 0 4109 3998 0 4108 3997 0 4094 3983 0 4096 3985 0 4110 3999 0 4095 3984 0 4110 3999 0 4109 3998 0 4095 3984 0 4097 3986 0 4111 4000 0 4096 3985 0 4111 4000 0 4110 3999 0 4096 3985 0 4113 4002 0 4098 3987 0 4112 4001 0 4113 4002 0 4111 4000 0 4098 3987 0 4111 4000 0 4097 3986 0 4098 3987 0 4099 3988 0 4112 4001 0 4098 3987 0 4115 4004 0 4101 3990 0 4102 3991 0 4114 4003 0 4101 3990 0 4115 4004 0 4103 3992 0 4116 4005 0 4102 3991 0 4116 4005 0 4115 4004 0 4102 3991 0 4104 3993 0 4117 4006 0 4103 3992 0 4117 4006 0 4116 4005 0 4103 3992 0 3417 3306 0 3425 3314 0 4117 4006 0 4104 3993 0 3417 3306 0 4117 4006 0 4105 3994 0 4118 4007 0 3430 3319 0 3424 3313 0 4105 3994 0 3430 3319 0 4106 3995 0 4119 4008 0 4105 3994 0 4119 4008 0 4118 4007 0 4105 3994 0 4107 3996 0 4120 4009 0 4106 3995 0 4120 4009 0 4119 4008 0 4106 3995 0 4108 3997 0 4121 4010 0 4107 3996 0 4121 4010 0 4120 4009 0 4107 3996 0 4109 3998 0 4122 4011 0 4108 3997 0 4122 4011 0 4121 4010 0 4108 3997 0 4110 3999 0 4123 4012 0 4109 3998 0 4123 4012 0 4122 4011 0 4109 3998 0 4111 4000 0 4124 4013 0 4110 3999 0 4124 4013 0 4123 4012 0 4110 3999 0 4125 4014 0 4111 4000 0 4113 4002 0 4124 4013 0 4111 4000 0 4125 4014 0 4115 4004 0 4126 4015 0 4114 4003 0 4126 4015 0 4128 4017 0 4127 4016 0 4126 4015 0 4115 4004 0 4128 4017 0 4115 4004 0 4116 4005 0 4128 4017 0 4117 4006 0 4129 4018 0 4116 4005 0 4129 4018 0 4128 4017 0 4116 4005 0 3425 3314 0 3431 3320 0 4130 4019 0 3425 3314 0 4130 4019 0 4117 4006 0 4117 4006 0 4130 4019 0 4129 4018 0 3431 3320 0 3432 3321 0 4131 4020 0 4130 4019 0 3431 3320 0 4131 4020 0 3432 3321 0 3433 3322 0 4131 4020 0 4118 4007 0 4132 4021 0 3436 3325 0 3430 3319 0 4118 4007 0 3436 3325 0 4119 4008 0 4133 4022 0 4118 4007 0 4133 4022 0 4132 4021 0 4118 4007 0 4120 4009 0 4134 4023 0 4119 4008 0 4134 4023 0 4133 4022 0 4119 4008 0 4121 4010 0 4135 4024 0 4120 4009 0 4135 4024 0 4134 4023 0 4120 4009 0 4122 4011 0 4136 4025 0 4121 4010 0 4136 4025 0 4135 4024 0 4121 4010 0 4123 4012 0 4137 4026 0 4122 4011 0 4137 4026 0 4136 4025 0 4122 4011 0 4124 4013 0 4138 4027 0 4123 4012 0 4138 4027 0 4137 4026 0 4123 4012 0 4139 4028 0 4124 4013 0 4125 4014 0 4138 4027 0 4124 4013 0 4139 4028 0 4141 4030 0 4127 4016 0 4128 4017 0 4140 4029 0 4127 4016 0 4141 4030 0 4129 4018 0 4142 4031 0 4128 4017 0 4142 4031 0 4141 4030 0 4128 4017 0 4130 4019 0 4143 4032 0 4129 4018 0 4143 4032 0 4142 4031 0 4129 4018 0 4131 4020 0 4144 4033 0 4130 4019 0 4144 4033 0 4143 4032 0 4130 4019 0 3433 3322 0 3437 3326 0 4144 4033 0 4131 4020 0 3433 3322 0 4144 4033 0 4132 4021 0 4145 4034 0 3440 3329 0 3436 3325 0 4132 4021 0 3440 3329 0 4133 4022 0 4146 4035 0 4132 4021 0 4146 4035 0 4145 4034 0 4132 4021 0 4134 4023 0 4147 4036 0 4133 4022 0 4147 4036 0 4146 4035 0 4133 4022 0 4135 4024 0 4148 4037 0 4134 4023 0 4148 4037 0 4147 4036 0 4134 4023 0 4136 4025 0 4149 4038 0 4135 4024 0 4149 4038 0 4148 4037 0 4135 4024 0 4137 4026 0 4150 4039 0 4136 4025 0 4150 4039 0 4149 4038 0 4136 4025 0 4138 4027 0 4151 4040 0 4137 4026 0 4151 4040 0 4150 4039 0 4137 4026 0 4152 4041 0 4138 4027 0 4139 4028 0 4151 4040 0 4138 4027 0 4152 4041 0 4154 4043 0 4140 4029 0 4141 4030 0 4153 4042 0 4140 4029 0 4154 4043 0 4142 4031 0 4155 4044 0 4141 4030 0 4155 4044 0 4154 4043 0 4141 4030 0 4143 4032 0 4156 4045 0 4142 4031 0 4156 4045 0 4155 4044 0 4142 4031 0 4144 4033 0 4157 4046 0 4143 4032 0 4157 4046 0 4156 4045 0 4143 4032 0 3437 3326 0 3441 3330 0 4157 4046 0 4144 4033 0 3437 3326 0 4157 4046 0 4145 4034 0 4158 4047 0 3444 3333 0 3440 3329 0 4145 4034 0 3444 3333 0 4146 4035 0 4159 4048 0 4145 4034 0 4159 4048 0 4158 4047 0 4145 4034 0 4147 4036 0 4160 4049 0 4146 4035 0 4160 4049 0 4159 4048 0 4146 4035 0 4148 4037 0 4161 4050 0 4147 4036 0 4161 4050 0 4160 4049 0 4147 4036 0 4149 4038 0 4162 4051 0 4148 4037 0 4162 4051 0 4161 4050 0 4148 4037 0 4150 4039 0 4163 4052 0 4149 4038 0 4163 4052 0 4162 4051 0 4149 4038 0 4151 4040 0 4164 4053 0 4150 4039 0 4164 4053 0 4163 4052 0 4150 4039 0 4165 4054 0 4151 4040 0 4152 4041 0 4164 4053 0 4151 4040 0 4165 4054 0 4167 4056 0 4153 4042 0 4154 4043 0 4166 4055 0 4153 4042 0 4167 4056 0 4155 4044 0 4168 4057 0 4154 4043 0 4168 4057 0 4167 4056 0 4154 4043 0 4156 4045 0 4169 4058 0 4155 4044 0 4169 4058 0 4168 4057 0 4155 4044 0 4157 4046 0 4170 4059 0 4156 4045 0 4170 4059 0 4169 4058 0 4156 4045 0 3441 3330 0 3445 3334 0 4170 4059 0 4157 4046 0 3441 3330 0 4170 4059 0 4158 4047 0 4171 4060 0 3448 3337 0 3444 3333 0 4158 4047 0 3448 3337 0 4159 4048 0 4172 4061 0 4158 4047 0 4172 4061 0 4171 4060 0 4158 4047 0 4160 4049 0 4173 4062 0 4159 4048 0 4173 4062 0 4172 4061 0 4159 4048 0 4161 4050 0 4174 4063 0 4160 4049 0 4174 4063 0 4173 4062 0 4160 4049 0 4162 4051 0 4175 4064 0 4161 4050 0 4175 4064 0 4174 4063 0 4161 4050 0 4163 4052 0 4176 4065 0 4162 4051 0 4176 4065 0 4175 4064 0 4162 4051 0 4164 4053 0 4177 4066 0 4163 4052 0 4177 4066 0 4176 4065 0 4163 4052 0 4178 4067 0 4164 4053 0 4165 4054 0 4177 4066 0 4164 4053 0 4178 4067 0 4180 4069 0 4166 4055 0 4167 4056 0 4179 4068 0 4166 4055 0 4180 4069 0 4168 4057 0 4181 4070 0 4167 4056 0 4181 4070 0 4180 4069 0 4167 4056 0 4169 4058 0 4182 4071 0 4168 4057 0 4182 4071 0 4181 4070 0 4168 4057 0 4170 4059 0 4183 4072 0 4169 4058 0 4183 4072 0 4182 4071 0 4169 4058 0 3445 3334 0 3449 3338 0 4183 4072 0 4170 4059 0 3445 3334 0 4183 4072 0 4171 4060 0 4184 4073 0 3452 3341 0 3448 3337 0 4171 4060 0 3452 3341 0 4172 4061 0 4185 4074 0 4171 4060 0 4185 4074 0 4184 4073 0 4171 4060 0 4173 4062 0 4186 4075 0 4172 4061 0 4186 4075 0 4185 4074 0 4172 4061 0 4174 4063 0 4187 4076 0 4173 4062 0 4187 4076 0 4186 4075 0 4173 4062 0 4175 4064 0 4188 4077 0 4174 4063 0 4188 4077 0 4187 4076 0 4174 4063 0 4176 4065 0 4189 4078 0 4175 4064 0 4189 4078 0 4188 4077 0 4175 4064 0 4177 4066 0 4190 4079 0 4176 4065 0 4190 4079 0 4189 4078 0 4176 4065 0 4191 4080 0 4177 4066 0 4178 4067 0 4190 4079 0 4177 4066 0 4191 4080 0 4193 4082 0 4179 4068 0 4180 4069 0 4192 4081 0 4179 4068 0 4193 4082 0 4181 4070 0 4194 4083 0 4180 4069 0 4194 4083 0 4193 4082 0 4180 4069 0 3453 3342 0 3454 3343 0 4194 4083 0 3453 3342 0 4194 4083 0 4182 4071 0 4182 4071 0 4194 4083 0 4181 4070 0 3456 3345 0 3453 3342 0 4182 4071 0 4183 4072 0 3456 3345 0 4182 4071 0 3449 3338 0 3456 3345 0 4183 4072 0 3452 3341 0 4184 4073 0 3460 3349 0 3462 3351 0 3460 3349 0 4184 4073 0 3462 3351 0 4184 4073 0 4195 4084 0 4195 4084 0 4184 4073 0 4185 4074 0 4186 4075 0 4196 4085 0 4185 4074 0 4196 4085 0 4195 4084 0 4185 4074 0 4187 4076 0 4197 4086 0 4186 4075 0 4197 4086 0 4196 4085 0 4186 4075 0 4188 4077 0 4198 4087 0 4187 4076 0 4198 4087 0 4197 4086 0 4187 4076 0 4189 4078 0 4199 4088 0 4188 4077 0 4199 4088 0 4198 4087 0 4188 4077 0 4190 4079 0 4200 4089 0 4189 4078 0 4200 4089 0 4199 4088 0 4189 4078 0 4201 4090 0 4190 4079 0 4191 4080 0 4200 4089 0 4190 4079 0 4201 4090 0 4204 4093 0 4203 4092 0 4202 4091 0 4192 4081 0 4204 4093 0 4202 4091 0 4192 4081 0 4193 4082 0 4204 4093 0 4193 4082 0 4205 4094 0 4204 4093 0 4194 4083 0 4206 4095 0 4193 4082 0 4206 4095 0 4205 4094 0 4193 4082 0 3454 3343 0 3463 3352 0 4206 4095 0 4194 4083 0 3454 3343 0 4206 4095 0 4195 4084 0 4207 4096 0 3469 3358 0 3462 3351 0 4195 4084 0 3469 3358 0 4196 4085 0 4208 4097 0 4195 4084 0 4208 4097 0 4207 4096 0 4195 4084 0 4197 4086 0 4209 4098 0 4196 4085 0 4209 4098 0 4208 4097 0 4196 4085 0 4198 4087 0 4210 4099 0 4197 4086 0 4210 4099 0 4209 4098 0 4197 4086 0 4199 4088 0 4211 4100 0 4198 4087 0 4211 4100 0 4210 4099 0 4198 4087 0 4200 4089 0 4212 4101 0 4199 4088 0 4212 4101 0 4211 4100 0 4199 4088 0 4213 4102 0 4200 4089 0 4201 4090 0 4212 4101 0 4200 4089 0 4213 4102 0 4215 4104 0 4203 4092 0 4204 4093 0 4214 4103 0 4203 4092 0 4215 4104 0 4205 4094 0 4216 4105 0 4204 4093 0 4216 4105 0 4215 4104 0 4204 4093 0 4206 4095 0 4217 4106 0 4205 4094 0 4217 4106 0 4216 4105 0 4205 4094 0 3463 3352 0 3470 3359 0 4217 4106 0 4206 4095 0 3463 3352 0 4217 4106 0 4207 4096 0 4218 4107 0 3476 3365 0 3469 3358 0 4207 4096 0 3476 3365 0 4208 4097 0 4219 4108 0 4207 4096 0 4219 4108 0 4218 4107 0 4207 4096 0 3477 3366 0 3478 3367 0 4219 4108 0 3477 3366 0 4219 4108 0 4209 4098 0 4209 4098 0 4219 4108 0 4208 4097 0 3480 3369 0 3477 3366 0 4209 4098 0 3480 3369 0 4209 4098 0 4220 4109 0 4220 4109 0 4209 4098 0 4210 4099 0 4211 4100 0 4221 4110 0 4210 4099 0 4221 4110 0 4220 4109 0 4210 4099 0 4212 4101 0 4222 4111 0 4211 4100 0 4222 4111 0 4221 4110 0 4211 4100 0 4223 4112 0 4212 4101 0 4213 4102 0 4223 4112 0 4224 4113 0 4212 4101 0 4224 4113 0 4222 4111 0 4212 4101 0 4223 4112 0 4225 4114 0 4224 4113 0 4227 4116 0 4214 4103 0 4215 4104 0 4226 4115 0 4214 4103 0 4227 4116 0 4216 4105 0 4228 4117 0 4215 4104 0 4228 4117 0 4227 4116 0 4215 4104 0 4217 4106 0 4229 4118 0 4216 4105 0 4229 4118 0 4228 4117 0 4216 4105 0 3470 3359 0 3481 3370 0 4229 4118 0 4217 4106 0 3470 3359 0 4229 4118 0 3476 3365 0 4218 4107 0 3487 3376 0 3489 3378 0 3487 3376 0 4218 4107 0 4219 4108 0 3489 3378 0 4218 4107 0 3478 3367 0 3489 3378 0 4219 4108 0 3480 3369 0 4220 4109 0 3492 3381 0 3494 3383 0 3492 3381 0 4220 4109 0 3494 3383 0 4220 4109 0 4230 4119 0 4230 4119 0 4220 4109 0 4221 4110 0 4222 4111 0 4231 4120 0 4221 4110 0 4231 4120 0 4230 4119 0 4221 4110 0 4224 4113 0 4232 4121 0 4222 4111 0 4232 4121 0 4231 4120 0 4222 4111 0 4233 4122 0 4224 4113 0 4225 4114 0 4232 4121 0 4224 4113 0 4233 4122 0 4236 4125 0 4235 4124 0 4234 4123 0 4226 4115 0 4236 4125 0 4234 4123 0 4226 4115 0 4227 4116 0 4236 4125 0 4227 4116 0 4237 4126 0 4236 4125 0 4228 4117 0 4238 4127 0 4227 4116 0 4238 4127 0 4237 4126 0 4227 4116 0 3495 3384 0 3496 3385 0 4238 4127 0 3495 3384 0 4238 4127 0 4229 4118 0 4229 4118 0 4238 4127 0 4228 4117 0 3481 3370 0 3495 3384 0 4229 4118 0 4230 4119 0 4239 4128 0 3507 3396 0 3494 3383 0 4230 4119 0 3507 3396 0 4231 4120 0 4240 4129 0 4230 4119 0 4240 4129 0 4239 4128 0 4230 4119 0 4232 4121 0 4241 4130 0 4231 4120 0 4241 4130 0 4240 4129 0 4231 4120 0 4242 4131 0 4232 4121 0 4233 4122 0 4242 4131 0 4243 4132 0 4232 4121 0 4243 4132 0 4241 4130 0 4232 4121 0 4242 4131 0 4244 4133 0 4243 4132 0 4246 4135 0 4235 4124 0 4236 4125 0 4245 4134 0 4235 4124 0 4246 4135 0 4237 4126 0 4247 4136 0 4236 4125 0 4247 4136 0 4246 4135 0 4236 4125 0 4238 4127 0 4248 4137 0 4237 4126 0 4248 4137 0 4247 4136 0 4237 4126 0 3496 3385 0 3508 3397 0 4248 4137 0 4238 4127 0 3496 3385 0 4248 4137 0 3507 3396 0 4239 4128 0 3519 3408 0 3521 3410 0 3519 3408 0 4239 4128 0 3521 3410 0 4239 4128 0 4249 4138 0 4249 4138 0 4239 4128 0 4240 4129 0 4241 4130 0 4250 4139 0 4240 4129 0 4250 4139 0 4249 4138 0 4240 4129 0 4243 4132 0 4251 4140 0 4241 4130 0 4251 4140 0 4250 4139 0 4241 4130 0 4252 4141 0 4243 4132 0 4244 4133 0 4251 4140 0 4243 4132 0 4252 4141 0 4255 4144 0 4254 4143 0 4253 4142 0 4245 4134 0 4255 4144 0 4253 4142 0 4245 4134 0 4246 4135 0 4255 4144 0 4246 4135 0 4256 4145 0 4255 4144 0 4247 4136 0 4257 4146 0 4246 4135 0 4257 4146 0 4256 4145 0 4246 4135 0 3522 3411 0 3523 3412 0 4257 4146 0 3522 3411 0 4257 4146 0 4248 4137 0 4248 4137 0 4257 4146 0 4247 4136 0 3508 3397 0 3522 3411 0 4248 4137 0 4249 4138 0 4258 4147 0 3536 3425 0 3521 3410 0 4249 4138 0 3536 3425 0 4250 4139 0 4259 4148 0 4249 4138 0 4259 4148 0 4258 4147 0 4249 4138 0 4251 4140 0 4260 4149 0 4250 4139 0 4260 4149 0 4259 4148 0 4250 4139 0 4261 4150 0 4251 4140 0 4252 4141 0 4261 4150 0 4262 4151 0 4251 4140 0 4262 4151 0 4260 4149 0 4251 4140 0 4261 4150 0 4263 4152 0 4262 4151 0 4266 4155 0 4265 4154 0 4264 4153 0 4254 4143 0 4266 4155 0 4264 4153 0 4254 4143 0 4255 4144 0 4266 4155 0 4255 4144 0 4267 4156 0 4266 4155 0 4256 4145 0 4268 4157 0 4255 4144 0 4268 4157 0 4267 4156 0 4255 4144 0 4257 4146 0 4269 4158 0 4256 4145 0 4269 4158 0 4268 4157 0 4256 4145 0 3523 3412 0 3537 3426 0 4269 4158 0 4257 4146 0 3523 3412 0 4269 4158 0 3536 3425 0 4258 4147 0 3550 3439 0 3552 3441 0 3550 3439 0 4258 4147 0 3552 3441 0 4258 4147 0 4270 4159 0 4270 4159 0 4258 4147 0 4259 4148 0 4260 4149 0 4271 4160 0 4259 4148 0 4271 4160 0 4270 4159 0 4259 4148 0 4262 4151 0 4272 4161 0 4260 4149 0 4272 4161 0 4271 4160 0 4260 4149 0 4273 4162 0 4262 4151 0 4263 4152 0 4273 4162 0 4274 4163 0 4262 4151 0 4274 4163 0 4272 4161 0 4262 4151 0 4273 4162 0 4275 4164 0 4274 4163 0 4277 4166 0 4265 4154 0 4266 4155 0 4276 4165 0 4265 4154 0 4277 4166 0 4267 4156 0 4278 4167 0 4266 4155 0 4278 4167 0 4277 4166 0 4266 4155 0 4268 4157 0 4279 4168 0 4267 4156 0 4279 4168 0 4278 4167 0 4267 4156 0 3553 3442 0 3554 3443 0 4279 4168 0 3553 3442 0 4279 4168 0 4269 4158 0 4269 4158 0 4279 4168 0 4268 4157 0 3537 3426 0 3553 3442 0 4269 4158 0 3552 3441 0 4270 4159 0 3568 3457 0 3570 3459 0 3568 3457 0 4270 4159 0 3570 3459 0 4270 4159 0 4280 4169 0 4280 4169 0 4270 4159 0 4271 4160 0 4272 4161 0 4281 4170 0 4271 4160 0 4281 4170 0 4280 4169 0 4271 4160 0 4274 4163 0 4282 4171 0 4272 4161 0 4282 4171 0 4281 4170 0 4272 4161 0 4283 4172 0 4274 4163 0 4275 4164 0 4283 4172 0 4284 4173 0 4274 4163 0 4284 4173 0 4282 4171 0 4274 4163 0 4283 4172 0 4285 4174 0 4284 4173 0 4288 4177 0 4287 4176 0 4286 4175 0 4276 4165 0 4288 4177 0 4286 4175 0 4276 4165 0 4277 4166 0 4288 4177 0 4277 4166 0 4289 4178 0 4288 4177 0 4278 4167 0 4290 4179 0 4277 4166 0 4290 4179 0 4289 4178 0 4277 4166 0 3571 3460 0 3572 3461 0 4290 4179 0 3571 3460 0 4290 4179 0 4279 4168 0 4279 4168 0 4290 4179 0 4278 4167 0 3554 3443 0 3571 3460 0 4279 4168 0 4280 4169 0 4291 4180 0 3587 3476 0 3570 3459 0 4280 4169 0 3587 3476 0 4281 4170 0 4292 4181 0 4280 4169 0 4292 4181 0 4291 4180 0 4280 4169 0 4282 4171 0 4293 4182 0 4281 4170 0 4293 4182 0 4292 4181 0 4281 4170 0 4284 4173 0 4294 4183 0 4282 4171 0 4294 4183 0 4293 4182 0 4282 4171 0 4295 4184 0 4284 4173 0 4285 4174 0 4295 4184 0 4296 4185 0 4284 4173 0 4296 4185 0 4294 4183 0 4284 4173 0 4295 4184 0 4297 4186 0 4296 4185 0 4300 4189 0 4299 4188 0 4298 4187 0 4287 4176 0 4300 4189 0 4298 4187 0 4287 4176 0 4288 4177 0 4300 4189 0 4288 4177 0 4301 4190 0 4300 4189 0 4289 4178 0 4302 4191 0 4288 4177 0 4302 4191 0 4301 4190 0 4288 4177 0 4290 4179 0 4303 4192 0 4289 4178 0 4303 4192 0 4302 4191 0 4289 4178 0 3572 3461 0 3588 3477 0 4303 4192 0 4290 4179 0 3572 3461 0 4303 4192 0 3587 3476 0 4291 4180 0 3602 3491 0 3604 3493 0 3602 3491 0 4291 4180 0 3604 3493 0 4291 4180 0 4304 4193 0 4304 4193 0 4291 4180 0 4292 4181 0 4293 4182 0 4305 4194 0 4292 4181 0 4305 4194 0 4304 4193 0 4292 4181 0 4294 4183 0 4306 4195 0 4293 4182 0 4306 4195 0 4305 4194 0 4293 4182 0 4296 4185 0 4307 4196 0 4294 4183 0 4307 4196 0 4306 4195 0 4294 4183 0 4308 4197 0 4296 4185 0 4297 4186 0 4308 4197 0 4309 4198 0 4296 4185 0 4309 4198 0 4307 4196 0 4296 4185 0 4308 4197 0 4310 4199 0 4309 4198 0 4313 4202 0 4312 4201 0 4311 4200 0 4299 4188 0 4313 4202 0 4311 4200 0 4299 4188 0 4300 4189 0 4313 4202 0 4300 4189 0 4314 4203 0 4313 4202 0 4301 4190 0 4315 4204 0 4300 4189 0 4315 4204 0 4314 4203 0 4300 4189 0 4302 4191 0 4316 4205 0 4301 4190 0 4316 4205 0 4315 4204 0 4301 4190 0 3605 3494 0 3606 3495 0 4316 4205 0 3605 3494 0 4316 4205 0 4303 4192 0 4303 4192 0 4316 4205 0 4302 4191 0 3588 3477 0 3605 3494 0 4303 4192 0 3604 3493 0 4304 4193 0 3621 3510 0 3623 3512 0 3621 3510 0 4304 4193 0 3623 3512 0 4304 4193 0 4317 4206 0 4317 4206 0 4304 4193 0 4305 4194 0 4306 4195 0 4318 4207 0 4305 4194 0 4318 4207 0 4317 4206 0 4305 4194 0 4307 4196 0 4319 4208 0 4306 4195 0 4319 4208 0 4318 4207 0 4306 4195 0 4309 4198 0 4320 4209 0 4307 4196 0 4320 4209 0 4319 4208 0 4307 4196 0 4321 4210 0 4309 4198 0 4310 4199 0 4321 4210 0 4322 4211 0 4309 4198 0 4322 4211 0 4320 4209 0 4309 4198 0 4321 4210 0 4323 4212 0 4322 4211 0 4326 4215 0 4325 4214 0 4324 4213 0 4326 4215 0 4327 4216 0 4328 4217 0 4324 4213 0 4327 4216 0 4326 4215 0 4312 4201 0 4328 4217 0 4327 4216 0 4312 4201 0 4313 4202 0 4328 4217 0 4313 4202 0 4329 4218 0 4328 4217 0 4314 4203 0 4330 4219 0 4313 4202 0 4330 4219 0 4329 4218 0 4313 4202 0 4315 4204 0 4331 4220 0 4314 4203 0 4331 4220 0 4330 4219 0 4314 4203 0 3624 3513 0 3625 3514 0 4331 4220 0 3624 3513 0 4331 4220 0 4316 4205 0 4316 4205 0 4331 4220 0 4315 4204 0 3606 3495 0 3624 3513 0 4316 4205 0 3623 3512 0 4317 4206 0 3640 3529 0 3642 3531 0 3640 3529 0 4317 4206 0 3642 3531 0 4317 4206 0 4332 4221 0 4332 4221 0 4317 4206 0 4318 4207 0 4319 4208 0 4333 4222 0 4318 4207 0 4333 4222 0 4332 4221 0 4318 4207 0 4320 4209 0 4334 4223 0 4319 4208 0 4334 4223 0 4333 4222 0 4319 4208 0 4322 4211 0 4335 4224 0 4320 4209 0 4335 4224 0 4334 4223 0 4320 4209 0 4336 4225 0 4322 4211 0 4323 4212 0 4336 4225 0 4337 4226 0 4322 4211 0 4337 4226 0 4335 4224 0 4322 4211 0 4336 4225 0 4338 4227 0 4337 4226 0 4341 4230 0 4340 4229 0 4339 4228 0 4341 4230 0 4342 4231 0 4343 4232 0 4339 4228 0 4342 4231 0 4341 4230 0 4325 4214 0 4343 4232 0 4342 4231 0 4325 4214 0 4326 4215 0 4343 4232 0 4326 4215 0 4344 4233 0 4343 4232 0 4328 4217 0 4345 4234 0 4326 4215 0 4345 4234 0 4344 4233 0 4326 4215 0 4329 4218 0 4346 4235 0 4328 4217 0 4346 4235 0 4345 4234 0 4328 4217 0 4330 4219 0 4347 4236 0 4329 4218 0 4347 4236 0 4346 4235 0 4329 4218 0 3643 3532 0 3644 3533 0 4347 4236 0 3643 3532 0 4347 4236 0 4331 4220 0 4331 4220 0 4347 4236 0 4330 4219 0 3625 3514 0 3643 3532 0 4331 4220 0 3642 3531 0 4332 4221 0 3658 3547 0 3660 3549 0 3658 3547 0 4332 4221 0 4333 4222 0 3660 3549 0 4332 4221 0 3662 3551 0 3660 3549 0 4333 4222 0 3662 3551 0 4333 4222 0 4348 4237 0 4348 4237 0 4333 4222 0 4334 4223 0 4335 4224 0 4349 4238 0 4334 4223 0 4349 4238 0 4348 4237 0 4334 4223 0 4337 4226 0 4350 4239 0 4335 4224 0 4350 4239 0 4349 4238 0 4335 4224 0 4351 4240 0 4337 4226 0 4338 4227 0 4351 4240 0 4352 4241 0 4337 4226 0 4352 4241 0 4350 4239 0 4337 4226 0 4352 4241 0 4353 4242 0 4354 4243 0 4351 4240 0 4353 4242 0 4352 4241 0 4354 4243 0 4355 4244 0 4356 4245 0 4353 4242 0 4355 4244 0 4354 4243 0 4355 4244 0 4357 4246 0 4356 4245 0 4360 4249 0 4359 4248 0 4358 4247 0 4360 4249 0 4361 4250 0 4362 4251 0 4358 4247 0 4361 4250 0 4360 4249 0 4340 4229 0 4362 4251 0 4361 4250 0 4340 4229 0 4341 4230 0 4362 4251 0 4341 4230 0 4363 4252 0 4362 4251 0 4343 4232 0 4364 4253 0 4341 4230 0 4364 4253 0 4363 4252 0 4341 4230 0 4344 4233 0 4365 4254 0 4343 4232 0 4365 4254 0 4364 4253 0 4343 4232 0 4345 4234 0 4366 4255 0 4344 4233 0 4366 4255 0 4365 4254 0 4344 4233 0 3663 3552 0 3664 3553 0 4366 4255 0 3663 3552 0 4366 4255 0 4346 4235 0 4346 4235 0 4366 4255 0 4345 4234 0 3666 3555 0 3663 3552 0 4346 4235 0 4347 4236 0 3666 3555 0 4346 4235 0 3644 3533 0 3666 3555 0 4347 4236 0 3662 3551 0 4348 4237 0 3681 3570 0 3683 3572 0 3681 3570 0 4348 4237 0 3683 3572 0 4348 4237 0 4367 4256 0 4367 4256 0 4348 4237 0 4349 4238 0 4350 4239 0 4368 4257 0 4349 4238 0 4368 4257 0 4367 4256 0 4349 4238 0 4352 4241 0 4369 4258 0 4350 4239 0 4369 4258 0 4368 4257 0 4350 4239 0 4354 4243 0 4370 4259 0 4352 4241 0 4370 4259 0 4369 4258 0 4352 4241 0 4356 4245 0 4371 4260 0 4354 4243 0 4371 4260 0 4370 4259 0 4354 4243 0 4372 4261 0 4356 4245 0 4357 4246 0 4372 4261 0 4373 4262 0 4356 4245 0 4373 4262 0 4371 4260 0 4356 4245 0 4373 4262 0 4374 4263 0 4375 4264 0 4372 4261 0 4374 4263 0 4373 4262 0 4374 4263 0 4376 4265 0 4375 4264 0 4379 4268 0 4378 4267 0 4377 4266 0 4379 4268 0 4380 4269 0 4381 4270 0 4377 4266 0 4380 4269 0 4379 4268 0 4381 4270 0 4382 4271 0 4383 4272 0 4380 4269 0 4382 4271 0 4381 4270 0 4359 4248 0 4383 4272 0 4382 4271 0 4359 4248 0 4360 4249 0 4383 4272 0 4360 4249 0 4384 4273 0 4383 4272 0 4362 4251 0 4385 4274 0 4360 4249 0 4385 4274 0 4384 4273 0 4360 4249 0 4363 4252 0 4386 4275 0 4362 4251 0 4386 4275 0 4385 4274 0 4362 4251 0 4364 4253 0 4387 4276 0 4363 4252 0 4387 4276 0 4386 4275 0 4363 4252 0 4365 4254 0 4388 4277 0 4364 4253 0 4388 4277 0 4387 4276 0 4364 4253 0 3684 3573 0 3685 3574 0 4388 4277 0 3684 3573 0 4388 4277 0 4366 4255 0 4366 4255 0 4388 4277 0 4365 4254 0 3664 3553 0 3684 3573 0 4366 4255 0 3683 3572 0 4367 4256 0 3701 3590 0 3703 3592 0 3701 3590 0 4367 4256 0 3703 3592 0 4367 4256 0 4389 4278 0 4389 4278 0 4367 4256 0 4368 4257 0 4369 4258 0 4390 4279 0 4368 4257 0 4390 4279 0 4389 4278 0 4368 4257 0 4370 4259 0 4391 4280 0 4369 4258 0 4391 4280 0 4390 4279 0 4369 4258 0 4371 4260 0 4392 4281 0 4370 4259 0 4392 4281 0 4391 4280 0 4370 4259 0 4373 4262 0 4393 4282 0 4371 4260 0 4393 4282 0 4392 4281 0 4371 4260 0 4375 4264 0 4394 4283 0 4373 4262 0 4394 4283 0 4393 4282 0 4373 4262 0 4395 4284 0 4375 4264 0 4376 4265 0 4395 4284 0 4396 4285 0 4375 4264 0 4396 4285 0 4394 4283 0 4375 4264 0 4396 4285 0 4397 4286 0 4398 4287 0 4395 4284 0 4397 4286 0 4396 4285 0 4398 4287 0 4399 4288 0 4400 4289 0 4397 4286 0 4399 4288 0 4398 4287 0 4400 4289 0 4401 4290 0 4402 4291 0 4399 4288 0 4401 4290 0 4400 4289 0 4402 4291 0 4403 4292 0 4404 4293 0 4401 4290 0 4403 4292 0 4402 4291 0 4378 4267 0 4404 4293 0 4403 4292 0 4378 4267 0 4379 4268 0 4404 4293 0 4379 4268 0 4405 4294 0 4404 4293 0 4381 4270 0 4406 4295 0 4379 4268 0 4406 4295 0 4405 4294 0 4379 4268 0 4383 4272 0 4407 4296 0 4381 4270 0 4407 4296 0 4406 4295 0 4381 4270 0 4384 4273 0 4408 4297 0 4383 4272 0 4408 4297 0 4407 4296 0 4383 4272 0 4385 4274 0 4409 4298 0 4384 4273 0 4409 4298 0 4408 4297 0 4384 4273 0 4386 4275 0 4410 4299 0 4385 4274 0 4410 4299 0 4409 4298 0 4385 4274 0 3704 3593 0 3705 3594 0 4410 4299 0 3704 3593 0 4410 4299 0 4387 4276 0 4387 4276 0 4410 4299 0 4386 4275 0 3707 3596 0 3704 3593 0 4387 4276 0 4388 4277 0 3707 3596 0 4387 4276 0 3685 3574 0 3707 3596 0 4388 4277 0 3703 3592 0 4389 4278 0 3722 3611 0 3724 3613 0 3722 3611 0 4389 4278 0 4390 4279 0 3724 3613 0 4389 4278 0 3726 3615 0 3724 3613 0 4390 4279 0 3726 3615 0 4390 4279 0 4411 4300 0 4411 4300 0 4390 4279 0 4391 4280 0 4392 4281 0 4412 4301 0 4391 4280 0 4412 4301 0 4411 4300 0 4391 4280 0 4393 4282 0 4413 4302 0 4392 4281 0 4413 4302 0 4412 4301 0 4392 4281 0 4394 4283 0 4414 4303 0 4393 4282 0 4414 4303 0 4413 4302 0 4393 4282 0 4396 4285 0 4415 4304 0 4394 4283 0 4415 4304 0 4414 4303 0 4394 4283 0 4398 4287 0 4416 4305 0 4396 4285 0 4416 4305 0 4415 4304 0 4396 4285 0 4400 4289 0 4417 4306 0 4398 4287 0 4417 4306 0 4416 4305 0 4398 4287 0 4402 4291 0 4418 4307 0 4400 4289 0 4418 4307 0 4417 4306 0 4400 4289 0 4404 4293 0 4419 4308 0 4402 4291 0 4419 4308 0 4418 4307 0 4402 4291 0 4405 4294 0 4420 4309 0 4404 4293 0 4420 4309 0 4419 4308 0 4404 4293 0 4406 4295 0 4421 4310 0 4405 4294 0 4421 4310 0 4420 4309 0 4405 4294 0 4407 4296 0 4422 4311 0 4406 4295 0 4422 4311 0 4421 4310 0 4406 4295 0 4408 4297 0 4423 4312 0 4407 4296 0 4423 4312 0 4422 4311 0 4407 4296 0 4409 4298 0 4424 4313 0 4408 4297 0 4424 4313 0 4423 4312 0 4408 4297 0 3727 3616 0 3728 3617 0 4424 4313 0 3727 3616 0 4424 4313 0 4410 4299 0 4410 4299 0 4424 4313 0 4409 4298 0 3705 3594 0 3727 3616 0 4410 4299 0 3726 3615 0 4411 4300 0 3746 3635 0 3748 3637 0 3746 3635 0 4411 4300 0 4412 4301 0 3748 3637 0 4411 4300 0 3750 3639 0 3748 3637 0 4412 4301 0 4413 4302 0 3750 3639 0 4412 4301 0 3752 3641 0 3750 3639 0 4413 4302 0 4414 4303 0 3752 3641 0 4413 4302 0 3754 3643 0 3752 3641 0 4414 4303 0 3754 3643 0 4414 4303 0 4425 4314 0 4425 4314 0 4414 4303 0 4415 4304 0 4416 4305 0 4426 4315 0 4415 4304 0 4426 4315 0 4425 4314 0 4415 4304 0 4417 4306 0 4427 4316 0 4416 4305 0 4427 4316 0 4426 4315 0 4416 4305 0 4418 4307 0 4428 4317 0 4417 4306 0 4428 4317 0 4427 4316 0 4417 4306 0 4419 4308 0 4429 4318 0 4418 4307 0 4429 4318 0 4428 4317 0 4418 4307 0 4420 4309 0 4430 4319 0 4419 4308 0 4430 4319 0 4429 4318 0 4419 4308 0 4421 4310 0 4431 4320 0 4420 4309 0 4431 4320 0 4430 4319 0 4420 4309 0 4422 4311 0 4432 4321 0 4421 4310 0 4432 4321 0 4431 4320 0 4421 4310 0 3755 3644 0 3756 3645 0 4432 4321 0 3755 3644 0 4432 4321 0 4423 4312 0 4423 4312 0 4432 4321 0 4422 4311 0 3758 3647 0 3755 3644 0 4423 4312 0 4424 4313 0 3758 3647 0 4423 4312 0 3728 3617 0 3758 3647 0 4424 4313 0 3754 3643 0 4425 4314 0 3779 3668 0 3781 3670 0 3779 3668 0 4425 4314 0 3781 3670 0 4425 4314 0 4433 4322 0 4433 4322 0 4425 4314 0 4426 4315 0 4427 4316 0 4434 4323 0 4426 4315 0 4434 4323 0 4433 4322 0 4426 4315 0 4428 4317 0 4435 4324 0 4427 4316 0 4435 4324 0 4434 4323 0 4427 4316 0 4429 4318 0 4436 4325 0 4428 4317 0 4436 4325 0 4435 4324 0 4428 4317 0 4430 4319 0 4437 4326 0 4429 4318 0 4437 4326 0 4436 4325 0 4429 4318 0 4431 4320 0 4438 4327 0 4430 4319 0 4438 4327 0 4437 4326 0 4430 4319 0 3782 3671 0 3783 3672 0 4438 4327 0 3782 3671 0 4438 4327 0 4432 4321 0 4432 4321 0 4438 4327 0 4431 4320 0 3756 3645 0 3782 3671 0 4432 4321 0 3781 3670 0 4433 4322 0 3804 3693 0 3806 3695 0 3804 3693 0 4433 4322 0 4434 4323 0 3806 3695 0 4433 4322 0 3808 3697 0 3806 3695 0 4434 4323 0 4435 4324 0 3808 3697 0 4434 4323 0 3810 3699 0 3808 3697 0 4435 4324 0 4436 4325 0 3810 3699 0 4435 4324 0 3812 3701 0 3810 3699 0 4436 4325 0 4437 4326 0 3812 3701 0 4436 4325 0 3814 3703 0 3812 3701 0 4437 4326 0 4438 4327 0 3814 3703 0 4437 4326 0 3783 3672 0 3814 3703 0 4438 4327 0 3910 3799 0 4439 4328 0 3911 3800 0 3910 3799 0 3912 3801 0 4440 4329 0 4439 4328 0 3910 3799 0 4440 4329 0 3912 3801 0 3913 3802 0 4441 4330 0 4440 4329 0 3912 3801 0 4441 4330 0 3913 3802 0 3914 3803 0 4442 4331 0 4441 4330 0 3913 3802 0 4442 4331 0 3914 3803 0 3915 3804 0 4443 4332 0 4442 4331 0 3914 3803 0 4443 4332 0 3915 3804 0 3916 3805 0 4444 4333 0 4443 4332 0 3915 3804 0 4444 4333 0 3916 3805 0 3917 3806 0 4444 4333 0 3932 3821 0 4445 4334 0 3933 3822 0 3932 3821 0 3934 3823 0 4446 4335 0 4445 4334 0 3932 3821 0 4446 4335 0 3934 3823 0 3935 3824 0 4447 4336 0 4446 4335 0 3934 3823 0 4447 4336 0 3935 3824 0 3911 3800 0 4439 4328 0 3935 3824 0 4439 4328 0 4447 4336 0 4447 4336 0 4439 4328 0 4448 4337 0 4440 4329 0 4449 4338 0 4439 4328 0 4449 4338 0 4448 4337 0 4439 4328 0 4441 4330 0 4450 4339 0 4440 4329 0 4450 4339 0 4449 4338 0 4440 4329 0 4442 4331 0 4451 4340 0 4441 4330 0 4451 4340 0 4450 4339 0 4441 4330 0 4443 4332 0 4452 4341 0 4442 4331 0 4452 4341 0 4451 4340 0 4442 4331 0 4444 4333 0 4453 4342 0 4443 4332 0 4453 4342 0 4452 4341 0 4443 4332 0 3917 3806 0 3936 3825 0 4454 4343 0 3917 3806 0 4454 4343 0 4444 4333 0 4444 4333 0 4454 4343 0 4453 4342 0 3936 3825 0 3937 3826 0 4455 4344 0 4454 4343 0 3936 3825 0 4455 4344 0 3937 3826 0 3938 3827 0 4456 4345 0 4455 4344 0 3937 3826 0 4456 4345 0 3938 3827 0 3939 3828 0 4456 4345 0 3951 3840 0 4457 4346 0 3952 3841 0 3951 3840 0 3953 3842 0 4458 4347 0 4457 4346 0 3951 3840 0 4458 4347 0 3953 3842 0 3933 3822 0 4445 4334 0 3953 3842 0 4445 4334 0 4458 4347 0 4458 4347 0 4445 4334 0 4459 4348 0 4446 4335 0 4460 4349 0 4445 4334 0 4460 4349 0 4459 4348 0 4445 4334 0 4447 4336 0 4461 4350 0 4446 4335 0 4461 4350 0 4460 4349 0 4446 4335 0 4448 4337 0 4462 4351 0 4447 4336 0 4462 4351 0 4461 4350 0 4447 4336 0 4449 4338 0 4463 4352 0 4448 4337 0 4463 4352 0 4462 4351 0 4448 4337 0 4450 4339 0 4464 4353 0 4449 4338 0 4464 4353 0 4463 4352 0 4449 4338 0 4451 4340 0 4465 4354 0 4450 4339 0 4465 4354 0 4464 4353 0 4450 4339 0 4452 4341 0 4466 4355 0 4451 4340 0 4466 4355 0 4465 4354 0 4451 4340 0 4453 4342 0 4467 4356 0 4452 4341 0 4467 4356 0 4466 4355 0 4452 4341 0 4454 4343 0 4468 4357 0 4453 4342 0 4468 4357 0 4467 4356 0 4453 4342 0 4455 4344 0 4469 4358 0 4454 4343 0 4469 4358 0 4468 4357 0 4454 4343 0 4456 4345 0 4470 4359 0 4455 4344 0 4470 4359 0 4469 4358 0 4455 4344 0 3939 3828 0 3954 3843 0 4471 4360 0 3939 3828 0 4471 4360 0 4456 4345 0 4456 4345 0 4471 4360 0 4470 4359 0 3954 3843 0 3955 3844 0 4471 4360 0 3967 3856 0 4472 4361 0 3968 3857 0 3967 3856 0 3969 3858 0 4473 4362 0 4472 4361 0 3967 3856 0 4473 4362 0 3969 3858 0 3952 3841 0 4457 4346 0 3969 3858 0 4457 4346 0 4473 4362 0 4473 4362 0 4457 4346 0 4474 4363 0 4458 4347 0 4475 4364 0 4457 4346 0 4475 4364 0 4474 4363 0 4457 4346 0 4459 4348 0 4476 4365 0 4458 4347 0 4476 4365 0 4475 4364 0 4458 4347 0 4460 4349 0 4477 4366 0 4459 4348 0 4477 4366 0 4476 4365 0 4459 4348 0 4479 4368 0 4461 4350 0 4478 4367 0 4479 4368 0 4477 4366 0 4461 4350 0 4477 4366 0 4460 4349 0 4461 4350 0 4462 4351 0 4478 4367 0 4461 4350 0 4480 4369 0 4478 4367 0 4462 4351 0 4463 4352 0 4480 4369 0 4462 4351 0 4481 4370 0 4480 4369 0 4463 4352 0 4464 4353 0 4481 4370 0 4463 4352 0 4482 4371 0 4481 4370 0 4464 4353 0 4465 4354 0 4482 4371 0 4464 4353 0 4483 4372 0 4482 4371 0 4465 4354 0 4466 4355 0 4483 4372 0 4465 4354 0 4484 4373 0 4483 4372 0 4466 4355 0 4467 4356 0 4484 4373 0 4466 4355 0 4485 4374 0 4484 4373 0 4467 4356 0 4485 4374 0 4487 4376 0 4486 4375 0 4485 4374 0 4467 4356 0 4487 4376 0 4467 4356 0 4468 4357 0 4487 4376 0 4469 4358 0 4488 4377 0 4468 4357 0 4488 4377 0 4487 4376 0 4468 4357 0 4470 4359 0 4489 4378 0 4469 4358 0 4489 4378 0 4488 4377 0 4469 4358 0 4471 4360 0 4490 4379 0 4470 4359 0 4490 4379 0 4489 4378 0 4470 4359 0 3955 3844 0 3970 3859 0 4491 4380 0 3955 3844 0 4491 4380 0 4471 4360 0 4471 4360 0 4491 4380 0 4490 4379 0 3970 3859 0 3971 3860 0 4492 4381 0 4491 4380 0 3970 3859 0 4492 4381 0 3971 3860 0 3972 3861 0 4492 4381 0 3983 3872 0 4493 4382 0 3984 3873 0 3983 3872 0 3968 3857 0 4472 4361 0 3983 3872 0 4472 4361 0 4493 4382 0 4493 4382 0 4472 4361 0 4494 4383 0 4473 4362 0 4495 4384 0 4472 4361 0 4495 4384 0 4494 4383 0 4472 4361 0 4474 4363 0 4496 4385 0 4473 4362 0 4496 4385 0 4495 4384 0 4473 4362 0 4475 4364 0 4497 4386 0 4474 4363 0 4497 4386 0 4496 4385 0 4474 4363 0 4499 4388 0 4476 4365 0 4498 4387 0 4499 4388 0 4497 4386 0 4476 4365 0 4497 4386 0 4475 4364 0 4476 4365 0 4477 4366 0 4498 4387 0 4476 4365 0 4500 4389 0 4498 4387 0 4477 4366 0 4479 4368 0 4500 4389 0 4477 4366 0 4487 4376 0 4501 4390 0 4486 4375 0 4488 4377 0 4501 4390 0 4487 4376 0 4502 4391 0 4501 4390 0 4488 4377 0 4489 4378 0 4502 4391 0 4488 4377 0 4503 4392 0 4502 4391 0 4489 4378 0 4503 4392 0 4505 4394 0 4504 4393 0 4503 4392 0 4489 4378 0 4505 4394 0 4489 4378 0 4490 4379 0 4505 4394 0 4491 4380 0 4506 4395 0 4490 4379 0 4506 4395 0 4505 4394 0 4490 4379 0 4492 4381 0 4507 4396 0 4491 4380 0 4507 4396 0 4506 4395 0 4491 4380 0 3972 3861 0 3985 3874 0 4508 4397 0 3972 3861 0 4508 4397 0 4492 4381 0 4492 4381 0 4508 4397 0 4507 4396 0 3985 3874 0 3986 3875 0 4508 4397 0 3996 3885 0 4509 4398 0 3997 3886 0 3996 3885 0 3998 3887 0 4510 4399 0 4509 4398 0 3996 3885 0 4510 4399 0 3998 3887 0 3984 3873 0 4493 4382 0 3998 3887 0 4493 4382 0 4510 4399 0 4510 4399 0 4493 4382 0 4511 4400 0 4494 4383 0 4512 4401 0 4493 4382 0 4512 4401 0 4511 4400 0 4493 4382 0 4495 4384 0 4513 4402 0 4494 4383 0 4513 4402 0 4512 4401 0 4494 4383 0 4515 4404 0 4496 4385 0 4514 4403 0 4515 4404 0 4513 4402 0 4496 4385 0 4513 4402 0 4495 4384 0 4496 4385 0 4497 4386 0 4514 4403 0 4496 4385 0 4516 4405 0 4514 4403 0 4497 4386 0 4499 4388 0 4516 4405 0 4497 4386 0 4505 4394 0 4517 4406 0 4504 4393 0 4517 4406 0 4519 4408 0 4518 4407 0 4517 4406 0 4505 4394 0 4519 4408 0 4505 4394 0 4506 4395 0 4519 4408 0 4507 4396 0 4520 4409 0 4506 4395 0 4520 4409 0 4519 4408 0 4506 4395 0 4508 4397 0 4521 4410 0 4507 4396 0 4521 4410 0 4520 4409 0 4507 4396 0 3986 3875 0 3999 3888 0 4522 4411 0 3986 3875 0 4522 4411 0 4508 4397 0 4508 4397 0 4522 4411 0 4521 4410 0 3999 3888 0 4000 3889 0 4522 4411 0 4010 3899 0 4523 4412 0 4011 3900 0 4010 3899 0 3997 3886 0 4509 4398 0 4010 3899 0 4509 4398 0 4523 4412 0 4523 4412 0 4509 4398 0 4524 4413 0 4510 4399 0 4525 4414 0 4509 4398 0 4525 4414 0 4524 4413 0 4509 4398 0 4511 4400 0 4526 4415 0 4510 4399 0 4526 4415 0 4525 4414 0 4510 4399 0 4528 4417 0 4512 4401 0 4527 4416 0 4528 4417 0 4526 4415 0 4512 4401 0 4526 4415 0 4511 4400 0 4512 4401 0 4513 4402 0 4527 4416 0 4512 4401 0 4529 4418 0 4527 4416 0 4513 4402 0 4515 4404 0 4529 4418 0 4513 4402 0 4519 4408 0 4530 4419 0 4518 4407 0 4520 4409 0 4530 4419 0 4519 4408 0 4531 4420 0 4530 4419 0 4520 4409 0 4531 4420 0 4533 4422 0 4532 4421 0 4531 4420 0 4520 4409 0 4533 4422 0 4520 4409 0 4521 4410 0 4533 4422 0 4522 4411 0 4534 4423 0 4521 4410 0 4534 4423 0 4533 4422 0 4521 4410 0 4000 3889 0 4012 3901 0 4535 4424 0 4000 3889 0 4535 4424 0 4522 4411 0 4522 4411 0 4535 4424 0 4534 4423 0 4012 3901 0 4013 3902 0 4535 4424 0 4523 4412 0 4536 4425 0 4023 3912 0 4011 3900 0 4523 4412 0 4023 3912 0 4524 4413 0 4537 4426 0 4523 4412 0 4537 4426 0 4536 4425 0 4523 4412 0 4525 4414 0 4538 4427 0 4524 4413 0 4538 4427 0 4537 4426 0 4524 4413 0 4540 4429 0 4526 4415 0 4539 4428 0 4540 4429 0 4538 4427 0 4526 4415 0 4538 4427 0 4525 4414 0 4526 4415 0 4528 4417 0 4539 4428 0 4526 4415 0 4533 4422 0 4541 4430 0 4532 4421 0 4541 4430 0 4543 4432 0 4542 4431 0 4541 4430 0 4533 4422 0 4543 4432 0 4533 4422 0 4534 4423 0 4543 4432 0 4535 4424 0 4544 4433 0 4534 4423 0 4544 4433 0 4543 4432 0 4534 4423 0 4013 3902 0 4024 3913 0 4545 4434 0 4013 3902 0 4545 4434 0 4535 4424 0 4535 4424 0 4545 4434 0 4544 4433 0 4024 3913 0 4025 3914 0 4545 4434 0 4034 3923 0 4546 4435 0 4035 3924 0 4034 3923 0 4023 3912 0 4536 4425 0 4034 3923 0 4536 4425 0 4546 4435 0 4546 4435 0 4536 4425 0 4547 4436 0 4537 4426 0 4548 4437 0 4536 4425 0 4548 4437 0 4547 4436 0 4536 4425 0 4550 4439 0 4538 4427 0 4549 4438 0 4550 4439 0 4548 4437 0 4538 4427 0 4548 4437 0 4537 4426 0 4538 4427 0 4540 4429 0 4549 4438 0 4538 4427 0 4543 4432 0 4551 4440 0 4542 4431 0 4551 4440 0 4553 4442 0 4552 4441 0 4551 4440 0 4543 4432 0 4553 4442 0 4543 4432 0 4544 4433 0 4553 4442 0 4545 4434 0 4554 4443 0 4544 4433 0 4554 4443 0 4553 4442 0 4544 4433 0 4025 3914 0 4036 3925 0 4555 4444 0 4025 3914 0 4555 4444 0 4545 4434 0 4545 4434 0 4555 4444 0 4554 4443 0 4036 3925 0 4037 3926 0 4555 4444 0 4546 4435 0 4556 4445 0 4049 3938 0 4035 3924 0 4546 4435 0 4049 3938 0 4547 4436 0 4557 4446 0 4546 4435 0 4557 4446 0 4556 4445 0 4546 4435 0 4548 4437 0 4558 4447 0 4547 4436 0 4558 4447 0 4557 4446 0 4547 4436 0 4559 4448 0 4548 4437 0 4550 4439 0 4558 4447 0 4548 4437 0 4559 4448 0 4553 4442 0 4560 4449 0 4552 4441 0 4560 4449 0 4562 4451 0 4561 4450 0 4560 4449 0 4553 4442 0 4562 4451 0 4553 4442 0 4554 4443 0 4562 4451 0 4555 4444 0 4563 4452 0 4554 4443 0 4563 4452 0 4562 4451 0 4554 4443 0 4037 3926 0 4050 3939 0 4564 4453 0 4037 3926 0 4564 4453 0 4555 4444 0 4555 4444 0 4564 4453 0 4563 4452 0 4050 3939 0 4051 3940 0 4564 4453 0 4064 3953 0 4565 4454 0 4065 3954 0 4064 3953 0 4049 3938 0 4556 4445 0 4064 3953 0 4556 4445 0 4565 4454 0 4565 4454 0 4556 4445 0 4566 4455 0 4557 4446 0 4567 4456 0 4556 4445 0 4567 4456 0 4566 4455 0 4556 4445 0 4569 4458 0 4558 4447 0 4568 4457 0 4569 4458 0 4567 4456 0 4558 4447 0 4567 4456 0 4557 4446 0 4558 4447 0 4559 4448 0 4568 4457 0 4558 4447 0 4571 4460 0 4561 4450 0 4562 4451 0 4570 4459 0 4561 4450 0 4571 4460 0 4563 4452 0 4572 4461 0 4562 4451 0 4572 4461 0 4571 4460 0 4562 4451 0 4564 4453 0 4573 4462 0 4563 4452 0 4573 4462 0 4572 4461 0 4563 4452 0 4051 3940 0 4066 3955 0 4573 4462 0 4564 4453 0 4051 3940 0 4573 4462 0 4081 3970 0 4574 4463 0 4082 3971 0 4081 3970 0 4065 3954 0 4565 4454 0 4081 3970 0 4565 4454 0 4574 4463 0 4574 4463 0 4565 4454 0 4575 4464 0 4566 4455 0 4576 4465 0 4565 4454 0 4576 4465 0 4575 4464 0 4565 4454 0 4578 4467 0 4567 4456 0 4577 4466 0 4578 4467 0 4576 4465 0 4567 4456 0 4576 4465 0 4566 4455 0 4567 4456 0 4569 4458 0 4577 4466 0 4567 4456 0 4571 4460 0 4579 4468 0 4570 4459 0 4579 4468 0 4581 4470 0 4580 4469 0 4579 4468 0 4571 4460 0 4581 4470 0 4571 4460 0 4572 4461 0 4581 4470 0 4573 4462 0 4582 4471 0 4572 4461 0 4582 4471 0 4581 4470 0 4572 4461 0 4066 3955 0 4083 3972 0 4582 4471 0 4573 4462 0 4066 3955 0 4582 4471 0 4574 4463 0 4583 4472 0 4099 3988 0 4082 3971 0 4574 4463 0 4099 3988 0 4575 4464 0 4584 4473 0 4574 4463 0 4584 4473 0 4583 4472 0 4574 4463 0 4576 4465 0 4585 4474 0 4575 4464 0 4585 4474 0 4584 4473 0 4575 4464 0 4586 4475 0 4576 4465 0 4578 4467 0 4585 4474 0 4576 4465 0 4586 4475 0 4588 4477 0 4580 4469 0 4581 4470 0 4587 4476 0 4580 4469 0 4588 4477 0 4582 4471 0 4589 4478 0 4581 4470 0 4589 4478 0 4588 4477 0 4581 4470 0 4083 3972 0 4100 3989 0 4590 4479 0 4083 3972 0 4590 4479 0 4582 4471 0 4582 4471 0 4590 4479 0 4589 4478 0 4100 3989 0 4101 3990 0 4590 4479 0 4112 4001 0 4591 4480 0 4113 4002 0 4112 4001 0 4099 3988 0 4583 4472 0 4112 4001 0 4583 4472 0 4591 4480 0 4591 4480 0 4583 4472 0 4592 4481 0 4584 4473 0 4593 4482 0 4583 4472 0 4593 4482 0 4592 4481 0 4583 4472 0 4585 4474 0 4594 4483 0 4584 4473 0 4594 4483 0 4593 4482 0 4584 4473 0 4595 4484 0 4585 4474 0 4586 4475 0 4594 4483 0 4585 4474 0 4595 4484 0 4597 4486 0 4587 4476 0 4588 4477 0 4596 4485 0 4587 4476 0 4597 4486 0 4589 4478 0 4598 4487 0 4588 4477 0 4598 4487 0 4597 4486 0 4588 4477 0 4590 4479 0 4599 4488 0 4589 4478 0 4599 4488 0 4598 4487 0 4589 4478 0 4101 3990 0 4114 4003 0 4599 4488 0 4590 4479 0 4101 3990 0 4599 4488 0 4591 4480 0 4600 4489 0 4125 4014 0 4113 4002 0 4591 4480 0 4125 4014 0 4592 4481 0 4601 4490 0 4591 4480 0 4601 4490 0 4600 4489 0 4591 4480 0 4593 4482 0 4602 4491 0 4592 4481 0 4602 4491 0 4601 4490 0 4592 4481 0 4604 4493 0 4594 4483 0 4603 4492 0 4604 4493 0 4602 4491 0 4594 4483 0 4602 4491 0 4593 4482 0 4594 4483 0 4595 4484 0 4603 4492 0 4594 4483 0 4597 4486 0 4605 4494 0 4596 4485 0 4605 4494 0 4607 4496 0 4606 4495 0 4605 4494 0 4597 4486 0 4607 4496 0 4597 4486 0 4598 4487 0 4607 4496 0 4599 4488 0 4608 4497 0 4598 4487 0 4608 4497 0 4607 4496 0 4598 4487 0 4114 4003 0 4126 4015 0 4609 4498 0 4114 4003 0 4609 4498 0 4599 4488 0 4599 4488 0 4609 4498 0 4608 4497 0 4126 4015 0 4127 4016 0 4609 4498 0 4600 4489 0 4610 4499 0 4139 4028 0 4125 4014 0 4600 4489 0 4139 4028 0 4601 4490 0 4611 4500 0 4600 4489 0 4611 4500 0 4610 4499 0 4600 4489 0 4602 4491 0 4612 4501 0 4601 4490 0 4612 4501 0 4611 4500 0 4601 4490 0 4613 4502 0 4602 4491 0 4604 4493 0 4612 4501 0 4602 4491 0 4613 4502 0 4615 4504 0 4606 4495 0 4607 4496 0 4614 4503 0 4606 4495 0 4615 4504 0 4608 4497 0 4616 4505 0 4607 4496 0 4616 4505 0 4615 4504 0 4607 4496 0 4609 4498 0 4617 4506 0 4608 4497 0 4617 4506 0 4616 4505 0 4608 4497 0 4127 4016 0 4140 4029 0 4617 4506 0 4609 4498 0 4127 4016 0 4617 4506 0 4610 4499 0 4618 4507 0 4152 4041 0 4139 4028 0 4610 4499 0 4152 4041 0 4611 4500 0 4619 4508 0 4610 4499 0 4619 4508 0 4618 4507 0 4610 4499 0 4612 4501 0 4620 4509 0 4611 4500 0 4620 4509 0 4619 4508 0 4611 4500 0 4621 4510 0 4612 4501 0 4613 4502 0 4620 4509 0 4612 4501 0 4621 4510 0 4623 4512 0 4614 4503 0 4615 4504 0 4622 4511 0 4614 4503 0 4623 4512 0 4616 4505 0 4624 4513 0 4615 4504 0 4624 4513 0 4623 4512 0 4615 4504 0 4617 4506 0 4625 4514 0 4616 4505 0 4625 4514 0 4624 4513 0 4616 4505 0 4140 4029 0 4153 4042 0 4625 4514 0 4617 4506 0 4140 4029 0 4625 4514 0 4618 4507 0 4626 4515 0 4165 4054 0 4152 4041 0 4618 4507 0 4165 4054 0 4619 4508 0 4627 4516 0 4618 4507 0 4627 4516 0 4626 4515 0 4618 4507 0 4620 4509 0 4628 4517 0 4619 4508 0 4628 4517 0 4627 4516 0 4619 4508 0 4629 4518 0 4620 4509 0 4621 4510 0 4628 4517 0 4620 4509 0 4629 4518 0 4631 4520 0 4622 4511 0 4623 4512 0 4630 4519 0 4622 4511 0 4631 4520 0 4624 4513 0 4632 4521 0 4623 4512 0 4632 4521 0 4631 4520 0 4623 4512 0 4625 4514 0 4633 4522 0 4624 4513 0 4633 4522 0 4632 4521 0 4624 4513 0 4153 4042 0 4166 4055 0 4633 4522 0 4625 4514 0 4153 4042 0 4633 4522 0 4626 4515 0 4634 4523 0 4178 4067 0 4165 4054 0 4626 4515 0 4178 4067 0 4627 4516 0 4635 4524 0 4626 4515 0 4635 4524 0 4634 4523 0 4626 4515 0 4628 4517 0 4636 4525 0 4627 4516 0 4636 4525 0 4635 4524 0 4627 4516 0 4637 4526 0 4628 4517 0 4629 4518 0 4636 4525 0 4628 4517 0 4637 4526 0 4639 4528 0 4630 4519 0 4631 4520 0 4638 4527 0 4630 4519 0 4639 4528 0 4632 4521 0 4640 4529 0 4631 4520 0 4640 4529 0 4639 4528 0 4631 4520 0 4633 4522 0 4641 4530 0 4632 4521 0 4641 4530 0 4640 4529 0 4632 4521 0 4166 4055 0 4179 4068 0 4641 4530 0 4633 4522 0 4166 4055 0 4641 4530 0 4634 4523 0 4642 4531 0 4191 4080 0 4178 4067 0 4634 4523 0 4191 4080 0 4635 4524 0 4643 4532 0 4634 4523 0 4643 4532 0 4642 4531 0 4634 4523 0 4636 4525 0 4644 4533 0 4635 4524 0 4644 4533 0 4643 4532 0 4635 4524 0 4645 4534 0 4636 4525 0 4637 4526 0 4644 4533 0 4636 4525 0 4645 4534 0 4647 4536 0 4638 4527 0 4639 4528 0 4646 4535 0 4638 4527 0 4647 4536 0 4640 4529 0 4648 4537 0 4639 4528 0 4648 4537 0 4647 4536 0 4639 4528 0 4641 4530 0 4649 4538 0 4640 4529 0 4649 4538 0 4648 4537 0 4640 4529 0 4179 4068 0 4192 4081 0 4649 4538 0 4641 4530 0 4179 4068 0 4649 4538 0 4642 4531 0 4650 4539 0 4201 4090 0 4191 4080 0 4642 4531 0 4201 4090 0 4643 4532 0 4651 4540 0 4642 4531 0 4651 4540 0 4650 4539 0 4642 4531 0 4644 4533 0 4652 4541 0 4643 4532 0 4652 4541 0 4651 4540 0 4643 4532 0 4653 4542 0 4644 4533 0 4645 4534 0 4653 4542 0 4654 4543 0 4644 4533 0 4654 4543 0 4652 4541 0 4644 4533 0 4653 4542 0 4655 4544 0 4654 4543 0 4657 4546 0 4646 4535 0 4647 4536 0 4656 4545 0 4646 4535 0 4657 4546 0 4648 4537 0 4658 4547 0 4647 4536 0 4658 4547 0 4657 4546 0 4647 4536 0 4202 4091 0 4203 4092 0 4658 4547 0 4202 4091 0 4658 4547 0 4649 4538 0 4649 4538 0 4658 4547 0 4648 4537 0 4192 4081 0 4202 4091 0 4649 4538 0 4650 4539 0 4659 4548 0 4213 4102 0 4201 4090 0 4650 4539 0 4213 4102 0 4651 4540 0 4660 4549 0 4650 4539 0 4660 4549 0 4659 4548 0 4650 4539 0 4652 4541 0 4661 4550 0 4651 4540 0 4661 4550 0 4660 4549 0 4651 4540 0 4654 4543 0 4662 4551 0 4652 4541 0 4662 4551 0 4661 4550 0 4652 4541 0 4663 4552 0 4654 4543 0 4655 4544 0 4662 4551 0 4654 4543 0 4663 4552 0 4666 4555 0 4665 4554 0 4664 4553 0 4656 4545 0 4666 4555 0 4664 4553 0 4656 4545 0 4657 4546 0 4666 4555 0 4657 4546 0 4667 4556 0 4666 4555 0 4658 4547 0 4668 4557 0 4657 4546 0 4668 4557 0 4667 4556 0 4657 4546 0 4203 4092 0 4214 4103 0 4668 4557 0 4658 4547 0 4203 4092 0 4668 4557 0 4213 4102 0 4659 4548 0 4223 4112 0 4225 4114 0 4223 4112 0 4659 4548 0 4225 4114 0 4659 4548 0 4669 4558 0 4669 4558 0 4659 4548 0 4660 4549 0 4661 4550 0 4670 4559 0 4660 4549 0 4670 4559 0 4669 4558 0 4660 4549 0 4662 4551 0 4671 4560 0 4661 4550 0 4671 4560 0 4670 4559 0 4661 4550 0 4672 4561 0 4662 4551 0 4663 4552 0 4671 4560 0 4662 4551 0 4672 4561 0 4674 4563 0 4665 4554 0 4666 4555 0 4673 4562 0 4665 4554 0 4674 4563 0 4667 4556 0 4675 4564 0 4666 4555 0 4675 4564 0 4674 4563 0 4666 4555 0 4668 4557 0 4676 4565 0 4667 4556 0 4676 4565 0 4675 4564 0 4667 4556 0 4214 4103 0 4226 4115 0 4676 4565 0 4668 4557 0 4214 4103 0 4676 4565 0 4669 4558 0 4677 4566 0 4233 4122 0 4225 4114 0 4669 4558 0 4233 4122 0 4670 4559 0 4678 4567 0 4669 4558 0 4678 4567 0 4677 4566 0 4669 4558 0 4671 4560 0 4679 4568 0 4670 4559 0 4679 4568 0 4678 4567 0 4670 4559 0 4680 4569 0 4671 4560 0 4672 4561 0 4680 4569 0 4681 4570 0 4671 4560 0 4681 4570 0 4679 4568 0 4671 4560 0 4680 4569 0 4682 4571 0 4681 4570 0 4684 4573 0 4673 4562 0 4674 4563 0 4683 4572 0 4673 4562 0 4684 4573 0 4675 4564 0 4685 4574 0 4674 4563 0 4685 4574 0 4684 4573 0 4674 4563 0 4234 4123 0 4235 4124 0 4685 4574 0 4234 4123 0 4685 4574 0 4676 4565 0 4676 4565 0 4685 4574 0 4675 4564 0 4226 4115 0 4234 4123 0 4676 4565 0 4233 4122 0 4677 4566 0 4242 4131 0 4244 4133 0 4242 4131 0 4677 4566 0 4244 4133 0 4677 4566 0 4686 4575 0 4686 4575 0 4677 4566 0 4678 4567 0 4679 4568 0 4687 4576 0 4678 4567 0 4687 4576 0 4686 4575 0 4678 4567 0 4681 4570 0 4688 4577 0 4679 4568 0 4688 4577 0 4687 4576 0 4679 4568 0 4689 4578 0 4681 4570 0 4682 4571 0 4688 4577 0 4681 4570 0 4689 4578 0 4692 4581 0 4691 4580 0 4690 4579 0 4683 4572 0 4692 4581 0 4690 4579 0 4683 4572 0 4684 4573 0 4692 4581 0 4684 4573 0 4693 4582 0 4692 4581 0 4685 4574 0 4694 4583 0 4684 4573 0 4694 4583 0 4693 4582 0 4684 4573 0 4235 4124 0 4245 4134 0 4694 4583 0 4685 4574 0 4235 4124 0 4694 4583 0 4686 4575 0 4695 4584 0 4252 4141 0 4244 4133 0 4686 4575 0 4252 4141 0 4687 4576 0 4696 4585 0 4686 4575 0 4696 4585 0 4695 4584 0 4686 4575 0 4688 4577 0 4697 4586 0 4687 4576 0 4697 4586 0 4696 4585 0 4687 4576 0 4698 4587 0 4688 4577 0 4689 4578 0 4698 4587 0 4699 4588 0 4688 4577 0 4699 4588 0 4697 4586 0 4688 4577 0 4698 4587 0 4700 4589 0 4699 4588 0 4703 4592 0 4702 4591 0 4701 4590 0 4691 4580 0 4703 4592 0 4701 4590 0 4691 4580 0 4692 4581 0 4703 4592 0 4692 4581 0 4704 4593 0 4703 4592 0 4693 4582 0 4705 4594 0 4692 4581 0 4705 4594 0 4704 4593 0 4692 4581 0 4253 4142 0 4254 4143 0 4705 4594 0 4253 4142 0 4705 4594 0 4694 4583 0 4694 4583 0 4705 4594 0 4693 4582 0 4245 4134 0 4253 4142 0 4694 4583 0 4252 4141 0 4695 4584 0 4261 4150 0 4263 4152 0 4261 4150 0 4695 4584 0 4263 4152 0 4695 4584 0 4706 4595 0 4706 4595 0 4695 4584 0 4696 4585 0 4697 4586 0 4707 4596 0 4696 4585 0 4707 4596 0 4706 4595 0 4696 4585 0 4699 4588 0 4708 4597 0 4697 4586 0 4708 4597 0 4707 4596 0 4697 4586 0 4709 4598 0 4699 4588 0 4700 4589 0 4708 4597 0 4699 4588 0 4709 4598 0 4712 4601 0 4711 4600 0 4710 4599 0 4702 4591 0 4712 4601 0 4710 4599 0 4702 4591 0 4703 4592 0 4712 4601 0 4703 4592 0 4713 4602 0 4712 4601 0 4704 4593 0 4714 4603 0 4703 4592 0 4714 4603 0 4713 4602 0 4703 4592 0 4264 4153 0 4265 4154 0 4714 4603 0 4264 4153 0 4714 4603 0 4705 4594 0 4705 4594 0 4714 4603 0 4704 4593 0 4254 4143 0 4264 4153 0 4705 4594 0 4263 4152 0 4706 4595 0 4273 4162 0 4275 4164 0 4273 4162 0 4706 4595 0 4275 4164 0 4706 4595 0 4715 4604 0 4715 4604 0 4706 4595 0 4707 4596 0 4708 4597 0 4716 4605 0 4707 4596 0 4716 4605 0 4715 4604 0 4707 4596 0 4717 4606 0 4708 4597 0 4709 4598 0 4717 4606 0 4718 4607 0 4708 4597 0 4718 4607 0 4716 4605 0 4708 4597 0 4717 4606 0 4719 4608 0 4718 4607 0 4721 4610 0 4711 4600 0 4712 4601 0 4720 4609 0 4711 4600 0 4721 4610 0 4713 4602 0 4722 4611 0 4712 4601 0 4722 4611 0 4721 4610 0 4712 4601 0 4714 4603 0 4723 4612 0 4713 4602 0 4723 4612 0 4722 4611 0 4713 4602 0 4265 4154 0 4276 4165 0 4723 4612 0 4714 4603 0 4265 4154 0 4723 4612 0 4275 4164 0 4715 4604 0 4283 4172 0 4285 4174 0 4283 4172 0 4715 4604 0 4285 4174 0 4715 4604 0 4724 4613 0 4724 4613 0 4715 4604 0 4716 4605 0 4718 4607 0 4725 4614 0 4716 4605 0 4725 4614 0 4724 4613 0 4716 4605 0 4726 4615 0 4718 4607 0 4719 4608 0 4726 4615 0 4727 4616 0 4718 4607 0 4727 4616 0 4725 4614 0 4718 4607 0 4727 4616 0 4728 4617 0 4729 4618 0 4726 4615 0 4728 4617 0 4727 4616 0 4728 4617 0 4730 4619 0 4729 4618 0 4733 4622 0 4732 4621 0 4731 4620 0 4720 4609 0 4733 4622 0 4731 4620 0 4720 4609 0 4721 4610 0 4733 4622 0 4721 4610 0 4734 4623 0 4733 4622 0 4722 4611 0 4735 4624 0 4721 4610 0 4735 4624 0 4734 4623 0 4721 4610 0 4286 4175 0 4287 4176 0 4735 4624 0 4286 4175 0 4735 4624 0 4723 4612 0 4723 4612 0 4735 4624 0 4722 4611 0 4276 4165 0 4286 4175 0 4723 4612 0 4285 4174 0 4724 4613 0 4295 4184 0 4297 4186 0 4295 4184 0 4724 4613 0 4297 4186 0 4724 4613 0 4736 4625 0 4736 4625 0 4724 4613 0 4725 4614 0 4727 4616 0 4737 4626 0 4725 4614 0 4737 4626 0 4736 4625 0 4725 4614 0 4729 4618 0 4738 4627 0 4727 4616 0 4738 4627 0 4737 4626 0 4727 4616 0 4739 4628 0 4729 4618 0 4730 4619 0 4739 4628 0 4740 4629 0 4729 4618 0 4740 4629 0 4738 4627 0 4729 4618 0 4739 4628 0 4741 4630 0 4740 4629 0 4744 4633 0 4743 4632 0 4742 4631 0 4744 4633 0 4745 4634 0 4746 4635 0 4742 4631 0 4745 4634 0 4744 4633 0 4732 4621 0 4746 4635 0 4745 4634 0 4732 4621 0 4733 4622 0 4746 4635 0 4733 4622 0 4747 4636 0 4746 4635 0 4734 4623 0 4748 4637 0 4733 4622 0 4748 4637 0 4747 4636 0 4733 4622 0 4298 4187 0 4299 4188 0 4748 4637 0 4298 4187 0 4748 4637 0 4735 4624 0 4735 4624 0 4748 4637 0 4734 4623 0 4287 4176 0 4298 4187 0 4735 4624 0 4297 4186 0 4736 4625 0 4308 4197 0 4310 4199 0 4308 4197 0 4736 4625 0 4310 4199 0 4736 4625 0 4749 4638 0 4749 4638 0 4736 4625 0 4737 4626 0 4738 4627 0 4750 4639 0 4737 4626 0 4750 4639 0 4749 4638 0 4737 4626 0 4740 4629 0 4751 4640 0 4738 4627 0 4751 4640 0 4750 4639 0 4738 4627 0 4752 4641 0 4740 4629 0 4741 4630 0 4752 4641 0 4753 4642 0 4740 4629 0 4753 4642 0 4751 4640 0 4740 4629 0 4752 4641 0 4754 4643 0 4753 4642 0 4757 4646 0 4756 4645 0 4755 4644 0 4757 4646 0 4758 4647 0 4759 4648 0 4755 4644 0 4758 4647 0 4757 4646 0 4743 4632 0 4759 4648 0 4758 4647 0 4743 4632 0 4744 4633 0 4759 4648 0 4744 4633 0 4760 4649 0 4759 4648 0 4746 4635 0 4761 4650 0 4744 4633 0 4761 4650 0 4760 4649 0 4744 4633 0 4747 4636 0 4762 4651 0 4746 4635 0 4762 4651 0 4761 4650 0 4746 4635 0 4311 4200 0 4312 4201 0 4762 4651 0 4311 4200 0 4762 4651 0 4748 4637 0 4748 4637 0 4762 4651 0 4747 4636 0 4299 4188 0 4311 4200 0 4748 4637 0 4310 4199 0 4749 4638 0 4321 4210 0 4323 4212 0 4321 4210 0 4749 4638 0 4323 4212 0 4749 4638 0 4763 4652 0 4763 4652 0 4749 4638 0 4750 4639 0 4751 4640 0 4764 4653 0 4750 4639 0 4764 4653 0 4763 4652 0 4750 4639 0 4753 4642 0 4765 4654 0 4751 4640 0 4765 4654 0 4764 4653 0 4751 4640 0 4766 4655 0 4753 4642 0 4754 4643 0 4766 4655 0 4767 4656 0 4753 4642 0 4767 4656 0 4765 4654 0 4753 4642 0 4767 4656 0 4768 4657 0 4769 4658 0 4766 4655 0 4768 4657 0 4767 4656 0 4769 4658 0 4770 4659 0 4771 4660 0 4768 4657 0 4770 4659 0 4769 4658 0 4770 4659 0 4772 4661 0 4771 4660 0 4775 4664 0 4774 4663 0 4773 4662 0 4775 4664 0 4776 4665 0 4777 4666 0 4773 4662 0 4776 4665 0 4775 4664 0 4756 4645 0 4777 4666 0 4776 4665 0 4756 4645 0 4757 4646 0 4777 4666 0 4757 4646 0 4778 4667 0 4777 4666 0 4759 4648 0 4779 4668 0 4757 4646 0 4779 4668 0 4778 4667 0 4757 4646 0 4760 4649 0 4780 4669 0 4759 4648 0 4780 4669 0 4779 4668 0 4759 4648 0 4324 4213 0 4325 4214 0 4780 4669 0 4324 4213 0 4780 4669 0 4761 4650 0 4761 4650 0 4780 4669 0 4760 4649 0 4327 4216 0 4324 4213 0 4761 4650 0 4762 4651 0 4327 4216 0 4761 4650 0 4312 4201 0 4327 4216 0 4762 4651 0 4323 4212 0 4763 4652 0 4336 4225 0 4338 4227 0 4336 4225 0 4763 4652 0 4338 4227 0 4763 4652 0 4781 4670 0 4781 4670 0 4763 4652 0 4764 4653 0 4765 4654 0 4782 4671 0 4764 4653 0 4782 4671 0 4781 4670 0 4764 4653 0 4767 4656 0 4783 4672 0 4765 4654 0 4783 4672 0 4782 4671 0 4765 4654 0 4769 4658 0 4784 4673 0 4767 4656 0 4784 4673 0 4783 4672 0 4767 4656 0 4771 4660 0 4785 4674 0 4769 4658 0 4785 4674 0 4784 4673 0 4769 4658 0 4786 4675 0 4771 4660 0 4772 4661 0 4786 4675 0 4787 4676 0 4771 4660 0 4787 4676 0 4785 4674 0 4771 4660 0 4787 4676 0 4788 4677 0 4789 4678 0 4786 4675 0 4788 4677 0 4787 4676 0 4789 4678 0 4790 4679 0 4791 4680 0 4788 4677 0 4790 4679 0 4789 4678 0 4791 4680 0 4792 4681 0 4793 4682 0 4790 4679 0 4792 4681 0 4791 4680 0 4793 4682 0 4794 4683 0 4795 4684 0 4792 4681 0 4794 4683 0 4793 4682 0 4795 4684 0 4796 4685 0 4797 4686 0 4794 4683 0 4796 4685 0 4795 4684 0 4797 4686 0 4798 4687 0 4799 4688 0 4796 4685 0 4798 4687 0 4797 4686 0 4774 4663 0 4799 4688 0 4798 4687 0 4774 4663 0 4775 4664 0 4799 4688 0 4775 4664 0 4800 4689 0 4799 4688 0 4777 4666 0 4801 4690 0 4775 4664 0 4801 4690 0 4800 4689 0 4775 4664 0 4778 4667 0 4802 4691 0 4777 4666 0 4802 4691 0 4801 4690 0 4777 4666 0 4339 4228 0 4340 4229 0 4802 4691 0 4339 4228 0 4802 4691 0 4779 4668 0 4779 4668 0 4802 4691 0 4778 4667 0 4342 4231 0 4339 4228 0 4779 4668 0 4780 4669 0 4342 4231 0 4779 4668 0 4325 4214 0 4342 4231 0 4780 4669 0 4338 4227 0 4781 4670 0 4351 4240 0 4353 4242 0 4351 4240 0 4781 4670 0 4782 4671 0 4353 4242 0 4781 4670 0 4355 4244 0 4353 4242 0 4782 4671 0 4783 4672 0 4355 4244 0 4782 4671 0 4357 4246 0 4355 4244 0 4783 4672 0 4357 4246 0 4783 4672 0 4803 4692 0 4803 4692 0 4783 4672 0 4784 4673 0 4785 4674 0 4804 4693 0 4784 4673 0 4804 4693 0 4803 4692 0 4784 4673 0 4787 4676 0 4805 4694 0 4785 4674 0 4805 4694 0 4804 4693 0 4785 4674 0 4789 4678 0 4806 4695 0 4787 4676 0 4806 4695 0 4805 4694 0 4787 4676 0 4791 4680 0 4807 4696 0 4789 4678 0 4807 4696 0 4806 4695 0 4789 4678 0 4793 4682 0 4808 4697 0 4791 4680 0 4808 4697 0 4807 4696 0 4791 4680 0 4795 4684 0 4809 4698 0 4793 4682 0 4809 4698 0 4808 4697 0 4793 4682 0 4797 4686 0 4810 4699 0 4795 4684 0 4810 4699 0 4809 4698 0 4795 4684 0 4799 4688 0 4811 4700 0 4797 4686 0 4811 4700 0 4810 4699 0 4797 4686 0 4800 4689 0 4812 4701 0 4799 4688 0 4812 4701 0 4811 4700 0 4799 4688 0 4358 4247 0 4359 4248 0 4812 4701 0 4358 4247 0 4812 4701 0 4801 4690 0 4801 4690 0 4812 4701 0 4800 4689 0 4361 4250 0 4358 4247 0 4801 4690 0 4802 4691 0 4361 4250 0 4801 4690 0 4340 4229 0 4361 4250 0 4802 4691 0 4357 4246 0 4803 4692 0 4372 4261 0 4374 4263 0 4372 4261 0 4803 4692 0 4804 4693 0 4374 4263 0 4803 4692 0 4376 4265 0 4374 4263 0 4804 4693 0 4376 4265 0 4804 4693 0 4813 4702 0 4813 4702 0 4804 4693 0 4805 4694 0 4806 4695 0 4814 4703 0 4805 4694 0 4814 4703 0 4813 4702 0 4805 4694 0 4807 4696 0 4815 4704 0 4806 4695 0 4815 4704 0 4814 4703 0 4806 4695 0 4808 4697 0 4816 4705 0 4807 4696 0 4816 4705 0 4815 4704 0 4807 4696 0 4809 4698 0 4817 4706 0 4808 4697 0 4817 4706 0 4816 4705 0 4808 4697 0 4377 4266 0 4378 4267 0 4817 4706 0 4377 4266 0 4817 4706 0 4810 4699 0 4810 4699 0 4817 4706 0 4809 4698 0 4380 4269 0 4377 4266 0 4810 4699 0 4811 4700 0 4380 4269 0 4810 4699 0 4382 4271 0 4380 4269 0 4811 4700 0 4812 4701 0 4382 4271 0 4811 4700 0 4359 4248 0 4382 4271 0 4812 4701 0 4376 4265 0 4813 4702 0 4395 4284 0 4397 4286 0 4395 4284 0 4813 4702 0 4814 4703 0 4397 4286 0 4813 4702 0 4399 4288 0 4397 4286 0 4814 4703 0 4815 4704 0 4399 4288 0 4814 4703 0 4401 4290 0 4399 4288 0 4815 4704 0 4816 4705 0 4401 4290 0 4815 4704 0 4403 4292 0 4401 4290 0 4816 4705 0 4817 4706 0 4403 4292 0 4816 4705 0 4378 4267 0 4403 4292 0 4817 4706 0 4478 4367 0 4818 4707 0 4479 4368 0 4478 4367 0 4480 4369 0 4819 4708 0 4818 4707 0 4478 4367 0 4819 4708 0 4480 4369 0 4481 4370 0 4820 4709 0 4819 4708 0 4480 4369 0 4820 4709 0 4481 4370 0 4482 4371 0 4821 4710 0 4820 4709 0 4481 4370 0 4821 4710 0 4482 4371 0 4483 4372 0 4822 4711 0 4821 4710 0 4482 4371 0 4822 4711 0 4483 4372 0 4484 4373 0 4823 4712 0 4822 4711 0 4483 4372 0 4823 4712 0 4484 4373 0 4485 4374 0 4824 4713 0 4823 4712 0 4484 4373 0 4824 4713 0 4485 4374 0 4486 4375 0 4824 4713 0 4498 4387 0 4825 4714 0 4499 4388 0 4498 4387 0 4500 4389 0 4826 4715 0 4825 4714 0 4498 4387 0 4826 4715 0 4500 4389 0 4479 4368 0 4818 4707 0 4500 4389 0 4818 4707 0 4826 4715 0 4826 4715 0 4818 4707 0 4827 4716 0 4819 4708 0 4828 4717 0 4818 4707 0 4828 4717 0 4827 4716 0 4818 4707 0 4820 4709 0 4829 4718 0 4819 4708 0 4829 4718 0 4828 4717 0 4819 4708 0 4821 4710 0 4830 4719 0 4820 4709 0 4830 4719 0 4829 4718 0 4820 4709 0 4822 4711 0 4831 4720 0 4821 4710 0 4831 4720 0 4830 4719 0 4821 4710 0 4823 4712 0 4832 4721 0 4822 4711 0 4832 4721 0 4831 4720 0 4822 4711 0 4824 4713 0 4833 4722 0 4823 4712 0 4833 4722 0 4832 4721 0 4823 4712 0 4486 4375 0 4501 4390 0 4834 4723 0 4486 4375 0 4834 4723 0 4824 4713 0 4824 4713 0 4834 4723 0 4833 4722 0 4501 4390 0 4502 4391 0 4835 4724 0 4834 4723 0 4501 4390 0 4835 4724 0 4502 4391 0 4503 4392 0 4836 4725 0 4835 4724 0 4502 4391 0 4836 4725 0 4503 4392 0 4504 4393 0 4836 4725 0 4514 4403 0 4837 4726 0 4515 4404 0 4514 4403 0 4516 4405 0 4838 4727 0 4837 4726 0 4514 4403 0 4838 4727 0 4516 4405 0 4499 4388 0 4825 4714 0 4516 4405 0 4825 4714 0 4838 4727 0 4838 4727 0 4825 4714 0 4839 4728 0 4826 4715 0 4840 4729 0 4825 4714 0 4840 4729 0 4839 4728 0 4825 4714 0 4827 4716 0 4841 4730 0 4826 4715 0 4841 4730 0 4840 4729 0 4826 4715 0 4828 4717 0 4842 4731 0 4827 4716 0 4842 4731 0 4841 4730 0 4827 4716 0 4829 4718 0 4843 4732 0 4828 4717 0 4843 4732 0 4842 4731 0 4828 4717 0 4845 4734 0 4830 4719 0 4844 4733 0 4845 4734 0 4843 4732 0 4830 4719 0 4843 4732 0 4829 4718 0 4830 4719 0 4831 4720 0 4844 4733 0 4830 4719 0 4846 4735 0 4844 4733 0 4831 4720 0 4846 4735 0 4848 4737 0 4847 4736 0 4846 4735 0 4831 4720 0 4848 4737 0 4831 4720 0 4832 4721 0 4848 4737 0 4833 4722 0 4849 4738 0 4832 4721 0 4849 4738 0 4848 4737 0 4832 4721 0 4834 4723 0 4850 4739 0 4833 4722 0 4850 4739 0 4849 4738 0 4833 4722 0 4835 4724 0 4851 4740 0 4834 4723 0 4851 4740 0 4850 4739 0 4834 4723 0 4836 4725 0 4852 4741 0 4835 4724 0 4852 4741 0 4851 4740 0 4835 4724 0 4504 4393 0 4517 4406 0 4853 4742 0 4504 4393 0 4853 4742 0 4836 4725 0 4836 4725 0 4853 4742 0 4852 4741 0 4517 4406 0 4518 4407 0 4853 4742 0 4527 4416 0 4854 4743 0 4528 4417 0 4527 4416 0 4529 4418 0 4855 4744 0 4854 4743 0 4527 4416 0 4855 4744 0 4529 4418 0 4515 4404 0 4837 4726 0 4529 4418 0 4837 4726 0 4855 4744 0 4855 4744 0 4837 4726 0 4856 4745 0 4838 4727 0 4857 4746 0 4837 4726 0 4857 4746 0 4856 4745 0 4837 4726 0 4859 4748 0 4839 4728 0 4858 4747 0 4859 4748 0 4857 4746 0 4839 4728 0 4857 4746 0 4838 4727 0 4839 4728 0 4840 4729 0 4858 4747 0 4839 4728 0 4860 4749 0 4858 4747 0 4840 4729 0 4841 4730 0 4860 4749 0 4840 4729 0 4861 4750 0 4860 4749 0 4841 4730 0 4842 4731 0 4861 4750 0 4841 4730 0 4862 4751 0 4861 4750 0 4842 4731 0 4843 4732 0 4862 4751 0 4842 4731 0 4863 4752 0 4862 4751 0 4843 4732 0 4845 4734 0 4863 4752 0 4843 4732 0 4848 4737 0 4864 4753 0 4847 4736 0 4849 4738 0 4864 4753 0 4848 4737 0 4865 4754 0 4864 4753 0 4849 4738 0 4850 4739 0 4865 4754 0 4849 4738 0 4866 4755 0 4865 4754 0 4850 4739 0 4851 4740 0 4866 4755 0 4850 4739 0 4867 4756 0 4866 4755 0 4851 4740 0 4867 4756 0 4869 4758 0 4868 4757 0 4867 4756 0 4851 4740 0 4869 4758 0 4851 4740 0 4852 4741 0 4869 4758 0 4853 4742 0 4870 4759 0 4852 4741 0 4870 4759 0 4869 4758 0 4852 4741 0 4518 4407 0 4530 4419 0 4871 4760 0 4518 4407 0 4871 4760 0 4853 4742 0 4853 4742 0 4871 4760 0 4870 4759 0 4530 4419 0 4531 4420 0 4872 4761 0 4871 4760 0 4530 4419 0 4872 4761 0 4531 4420 0 4532 4421 0 4872 4761 0 4539 4428 0 4873 4762 0 4540 4429 0 4539 4428 0 4528 4417 0 4854 4743 0 4539 4428 0 4854 4743 0 4873 4762 0 4873 4762 0 4854 4743 0 4874 4763 0 4855 4744 0 4875 4764 0 4854 4743 0 4875 4764 0 4874 4763 0 4854 4743 0 4877 4766 0 4856 4745 0 4876 4765 0 4877 4766 0 4875 4764 0 4856 4745 0 4875 4764 0 4855 4744 0 4856 4745 0 4857 4746 0 4876 4765 0 4856 4745 0 4878 4767 0 4876 4765 0 4857 4746 0 4859 4748 0 4878 4767 0 4857 4746 0 4869 4758 0 4879 4768 0 4868 4757 0 4870 4759 0 4879 4768 0 4869 4758 0 4880 4769 0 4879 4768 0 4870 4759 0 4880 4769 0 4882 4771 0 4881 4770 0 4880 4769 0 4870 4759 0 4882 4771 0 4870 4759 0 4871 4760 0 4882 4771 0 4872 4761 0 4883 4772 0 4871 4760 0 4883 4772 0 4882 4771 0 4871 4760 0 4532 4421 0 4541 4430 0 4884 4773 0 4532 4421 0 4884 4773 0 4872 4761 0 4872 4761 0 4884 4773 0 4883 4772 0 4541 4430 0 4542 4431 0 4884 4773 0 4549 4438 0 4885 4774 0 4550 4439 0 4549 4438 0 4540 4429 0 4873 4762 0 4549 4438 0 4873 4762 0 4885 4774 0 4885 4774 0 4873 4762 0 4886 4775 0 4874 4763 0 4887 4776 0 4873 4762 0 4887 4776 0 4886 4775 0 4873 4762 0 4889 4778 0 4875 4764 0 4888 4777 0 4889 4778 0 4887 4776 0 4875 4764 0 4887 4776 0 4874 4763 0 4875 4764 0 4877 4766 0 4888 4777 0 4875 4764 0 4882 4771 0 4890 4779 0 4881 4770 0 4890 4779 0 4892 4781 0 4891 4780 0 4890 4779 0 4882 4771 0 4892 4781 0 4882 4771 0 4883 4772 0 4892 4781 0 4884 4773 0 4893 4782 0 4883 4772 0 4893 4782 0 4892 4781 0 4883 4772 0 4542 4431 0 4551 4440 0 4894 4783 0 4542 4431 0 4894 4783 0 4884 4773 0 4884 4773 0 4894 4783 0 4893 4782 0 4551 4440 0 4552 4441 0 4894 4783 0 4885 4774 0 4895 4784 0 4559 4448 0 4550 4439 0 4885 4774 0 4559 4448 0 4886 4775 0 4896 4785 0 4885 4774 0 4896 4785 0 4895 4784 0 4885 4774 0 4898 4787 0 4887 4776 0 4897 4786 0 4898 4787 0 4896 4785 0 4887 4776 0 4896 4785 0 4886 4775 0 4887 4776 0 4889 4778 0 4897 4786 0 4887 4776 0 4892 4781 0 4899 4788 0 4891 4780 0 4899 4788 0 4901 4790 0 4900 4789 0 4899 4788 0 4892 4781 0 4901 4790 0 4892 4781 0 4893 4782 0 4901 4790 0 4894 4783 0 4902 4791 0 4893 4782 0 4902 4791 0 4901 4790 0 4893 4782 0 4552 4441 0 4560 4449 0 4903 4792 0 4552 4441 0 4903 4792 0 4894 4783 0 4894 4783 0 4903 4792 0 4902 4791 0 4560 4449 0 4561 4450 0 4903 4792 0 4568 4457 0 4904 4793 0 4569 4458 0 4568 4457 0 4559 4448 0 4895 4784 0 4568 4457 0 4895 4784 0 4904 4793 0 4904 4793 0 4895 4784 0 4905 4794 0 4907 4796 0 4896 4785 0 4906 4795 0 4907 4796 0 4905 4794 0 4896 4785 0 4905 4794 0 4895 4784 0 4896 4785 0 4898 4787 0 4906 4795 0 4896 4785 0 4901 4790 0 4908 4797 0 4900 4789 0 4908 4797 0 4910 4799 0 4909 4798 0 4908 4797 0 4901 4790 0 4910 4799 0 4901 4790 0 4902 4791 0 4910 4799 0 4903 4792 0 4911 4800 0 4902 4791 0 4911 4800 0 4910 4799 0 4902 4791 0 4561 4450 0 4570 4459 0 4911 4800 0 4903 4792 0 4561 4450 0 4911 4800 0 4577 4466 0 4912 4801 0 4578 4467 0 4577 4466 0 4569 4458 0 4904 4793 0 4577 4466 0 4904 4793 0 4912 4801 0 4912 4801 0 4904 4793 0 4913 4802 0 4905 4794 0 4914 4803 0 4904 4793 0 4914 4803 0 4913 4802 0 4904 4793 0 4915 4804 0 4905 4794 0 4907 4796 0 4914 4803 0 4905 4794 0 4915 4804 0 4917 4806 0 4909 4798 0 4910 4799 0 4916 4805 0 4909 4798 0 4917 4806 0 4911 4800 0 4918 4807 0 4910 4799 0 4918 4807 0 4917 4806 0 4910 4799 0 4570 4459 0 4579 4468 0 4919 4808 0 4570 4459 0 4919 4808 0 4911 4800 0 4911 4800 0 4919 4808 0 4918 4807 0 4579 4468 0 4580 4469 0 4919 4808 0 4912 4801 0 4920 4809 0 4586 4475 0 4578 4467 0 4912 4801 0 4586 4475 0 4913 4802 0 4921 4810 0 4912 4801 0 4921 4810 0 4920 4809 0 4912 4801 0 4923 4812 0 4914 4803 0 4922 4811 0 4923 4812 0 4921 4810 0 4914 4803 0 4921 4810 0 4913 4802 0 4914 4803 0 4915 4804 0 4922 4811 0 4914 4803 0 4925 4814 0 4916 4805 0 4917 4806 0 4924 4813 0 4916 4805 0 4925 4814 0 4918 4807 0 4926 4815 0 4917 4806 0 4926 4815 0 4925 4814 0 4917 4806 0 4919 4808 0 4927 4816 0 4918 4807 0 4927 4816 0 4926 4815 0 4918 4807 0 4580 4469 0 4587 4476 0 4927 4816 0 4919 4808 0 4580 4469 0 4927 4816 0 4920 4809 0 4928 4817 0 4595 4484 0 4586 4475 0 4920 4809 0 4595 4484 0 4921 4810 0 4929 4818 0 4920 4809 0 4929 4818 0 4928 4817 0 4920 4809 0 4930 4819 0 4921 4810 0 4923 4812 0 4929 4818 0 4921 4810 0 4930 4819 0 4925 4814 0 4931 4820 0 4924 4813 0 4931 4820 0 4933 4822 0 4932 4821 0 4931 4820 0 4925 4814 0 4933 4822 0 4925 4814 0 4926 4815 0 4933 4822 0 4927 4816 0 4934 4823 0 4926 4815 0 4934 4823 0 4933 4822 0 4926 4815 0 4587 4476 0 4596 4485 0 4934 4823 0 4927 4816 0 4587 4476 0 4934 4823 0 4603 4492 0 4935 4824 0 4604 4493 0 4603 4492 0 4595 4484 0 4928 4817 0 4603 4492 0 4928 4817 0 4935 4824 0 4935 4824 0 4928 4817 0 4936 4825 0 4929 4818 0 4937 4826 0 4928 4817 0 4937 4826 0 4936 4825 0 4928 4817 0 4938 4827 0 4929 4818 0 4930 4819 0 4937 4826 0 4929 4818 0 4938 4827 0 4940 4829 0 4932 4821 0 4933 4822 0 4939 4828 0 4932 4821 0 4940 4829 0 4934 4823 0 4941 4830 0 4933 4822 0 4941 4830 0 4940 4829 0 4933 4822 0 4596 4485 0 4605 4494 0 4942 4831 0 4596 4485 0 4942 4831 0 4934 4823 0 4934 4823 0 4942 4831 0 4941 4830 0 4605 4494 0 4606 4495 0 4942 4831 0 4935 4824 0 4943 4832 0 4613 4502 0 4604 4493 0 4935 4824 0 4613 4502 0 4936 4825 0 4944 4833 0 4935 4824 0 4944 4833 0 4943 4832 0 4935 4824 0 4937 4826 0 4945 4834 0 4936 4825 0 4945 4834 0 4944 4833 0 4936 4825 0 4946 4835 0 4937 4826 0 4938 4827 0 4945 4834 0 4937 4826 0 4946 4835 0 4940 4829 0 4947 4836 0 4939 4828 0 4947 4836 0 4949 4838 0 4948 4837 0 4947 4836 0 4940 4829 0 4949 4838 0 4940 4829 0 4941 4830 0 4949 4838 0 4942 4831 0 4950 4839 0 4941 4830 0 4950 4839 0 4949 4838 0 4941 4830 0 4606 4495 0 4614 4503 0 4950 4839 0 4942 4831 0 4606 4495 0 4950 4839 0 4943 4832 0 4951 4840 0 4621 4510 0 4613 4502 0 4943 4832 0 4621 4510 0 4944 4833 0 4952 4841 0 4943 4832 0 4952 4841 0 4951 4840 0 4943 4832 0 4945 4834 0 4953 4842 0 4944 4833 0 4953 4842 0 4952 4841 0 4944 4833 0 4954 4843 0 4945 4834 0 4946 4835 0 4953 4842 0 4945 4834 0 4954 4843 0 4956 4845 0 4948 4837 0 4949 4838 0 4955 4844 0 4948 4837 0 4956 4845 0 4950 4839 0 4957 4846 0 4949 4838 0 4957 4846 0 4956 4845 0 4949 4838 0 4614 4503 0 4622 4511 0 4957 4846 0 4950 4839 0 4614 4503 0 4957 4846 0 4951 4840 0 4958 4847 0 4629 4518 0 4621 4510 0 4951 4840 0 4629 4518 0 4952 4841 0 4959 4848 0 4951 4840 0 4959 4848 0 4958 4847 0 4951 4840 0 4961 4850 0 4953 4842 0 4960 4849 0 4961 4850 0 4959 4848 0 4953 4842 0 4959 4848 0 4952 4841 0 4953 4842 0 4954 4843 0 4960 4849 0 4953 4842 0 4963 4852 0 4955 4844 0 4956 4845 0 4962 4851 0 4955 4844 0 4963 4852 0 4957 4846 0 4964 4853 0 4956 4845 0 4964 4853 0 4963 4852 0 4956 4845 0 4622 4511 0 4630 4519 0 4964 4853 0 4957 4846 0 4622 4511 0 4964 4853 0 4958 4847 0 4965 4854 0 4637 4526 0 4629 4518 0 4958 4847 0 4637 4526 0 4959 4848 0 4966 4855 0 4958 4847 0 4966 4855 0 4965 4854 0 4958 4847 0 4967 4856 0 4959 4848 0 4961 4850 0 4966 4855 0 4959 4848 0 4967 4856 0 4969 4858 0 4962 4851 0 4963 4852 0 4968 4857 0 4962 4851 0 4969 4858 0 4964 4853 0 4970 4859 0 4963 4852 0 4970 4859 0 4969 4858 0 4963 4852 0 4630 4519 0 4638 4527 0 4970 4859 0 4964 4853 0 4630 4519 0 4970 4859 0 4965 4854 0 4971 4860 0 4645 4534 0 4637 4526 0 4965 4854 0 4645 4534 0 4966 4855 0 4972 4861 0 4965 4854 0 4972 4861 0 4971 4860 0 4965 4854 0 4973 4862 0 4966 4855 0 4967 4856 0 4973 4862 0 4974 4863 0 4966 4855 0 4974 4863 0 4972 4861 0 4966 4855 0 4973 4862 0 4975 4864 0 4974 4863 0 4977 4866 0 4968 4857 0 4969 4858 0 4976 4865 0 4968 4857 0 4977 4866 0 4970 4859 0 4978 4867 0 4969 4858 0 4978 4867 0 4977 4866 0 4969 4858 0 4638 4527 0 4646 4535 0 4978 4867 0 4970 4859 0 4638 4527 0 4978 4867 0 4645 4534 0 4971 4860 0 4653 4542 0 4655 4544 0 4653 4542 0 4971 4860 0 4655 4544 0 4971 4860 0 4979 4868 0 4979 4868 0 4971 4860 0 4972 4861 0 4974 4863 0 4980 4869 0 4972 4861 0 4980 4869 0 4979 4868 0 4972 4861 0 4981 4870 0 4974 4863 0 4975 4864 0 4980 4869 0 4974 4863 0 4981 4870 0 4984 4873 0 4983 4872 0 4982 4871 0 4976 4865 0 4984 4873 0 4982 4871 0 4976 4865 0 4977 4866 0 4984 4873 0 4977 4866 0 4985 4874 0 4984 4873 0 4978 4867 0 4986 4875 0 4977 4866 0 4986 4875 0 4985 4874 0 4977 4866 0 4646 4535 0 4656 4545 0 4986 4875 0 4978 4867 0 4646 4535 0 4986 4875 0 4979 4868 0 4987 4876 0 4663 4552 0 4655 4544 0 4979 4868 0 4663 4552 0 4980 4869 0 4988 4877 0 4979 4868 0 4988 4877 0 4987 4876 0 4979 4868 0 4989 4878 0 4980 4869 0 4981 4870 0 4988 4877 0 4980 4869 0 4989 4878 0 4991 4880 0 4983 4872 0 4984 4873 0 4990 4879 0 4983 4872 0 4991 4880 0 4985 4874 0 4992 4881 0 4984 4873 0 4992 4881 0 4991 4880 0 4984 4873 0 4664 4553 0 4665 4554 0 4992 4881 0 4664 4553 0 4992 4881 0 4986 4875 0 4986 4875 0 4992 4881 0 4985 4874 0 4656 4545 0 4664 4553 0 4986 4875 0 4987 4876 0 4993 4882 0 4672 4561 0 4663 4552 0 4987 4876 0 4672 4561 0 4988 4877 0 4994 4883 0 4987 4876 0 4994 4883 0 4993 4882 0 4987 4876 0 4995 4884 0 4988 4877 0 4989 4878 0 4994 4883 0 4988 4877 0 4995 4884 0 4997 4886 0 4990 4879 0 4991 4880 0 4996 4885 0 4990 4879 0 4997 4886 0 4992 4881 0 4998 4887 0 4991 4880 0 4998 4887 0 4997 4886 0 4991 4880 0 4665 4554 0 4673 4562 0 4998 4887 0 4992 4881 0 4665 4554 0 4998 4887 0 4672 4561 0 4993 4882 0 4680 4569 0 4682 4571 0 4680 4569 0 4993 4882 0 4682 4571 0 4993 4882 0 4999 4888 0 4999 4888 0 4993 4882 0 4994 4883 0 5000 4889 0 4994 4883 0 4995 4884 0 5000 4889 0 5001 4890 0 4994 4883 0 5001 4890 0 4999 4888 0 4994 4883 0 5000 4889 0 5002 4891 0 5001 4890 0 5005 4894 0 5004 4893 0 5003 4892 0 4996 4885 0 5005 4894 0 5003 4892 0 4996 4885 0 4997 4886 0 5005 4894 0 4997 4886 0 5006 4895 0 5005 4894 0 4998 4887 0 5007 4896 0 4997 4886 0 5007 4896 0 5006 4895 0 4997 4886 0 4673 4562 0 4683 4572 0 5007 4896 0 4998 4887 0 4673 4562 0 5007 4896 0 4999 4888 0 5008 4897 0 4689 4578 0 4682 4571 0 4999 4888 0 4689 4578 0 5001 4890 0 5009 4898 0 4999 4888 0 5009 4898 0 5008 4897 0 4999 4888 0 5010 4899 0 5001 4890 0 5002 4891 0 5010 4899 0 5011 4900 0 5001 4890 0 5011 4900 0 5009 4898 0 5001 4890 0 5010 4899 0 5012 4901 0 5011 4900 0 5015 4904 0 5014 4903 0 5013 4902 0 5004 4893 0 5015 4904 0 5013 4902 0 5004 4893 0 5005 4894 0 5015 4904 0 5005 4894 0 5016 4905 0 5015 4904 0 5006 4895 0 5017 4906 0 5005 4894 0 5017 4906 0 5016 4905 0 5005 4894 0 4690 4579 0 4691 4580 0 5017 4906 0 4690 4579 0 5017 4906 0 5007 4896 0 5007 4896 0 5017 4906 0 5006 4895 0 4683 4572 0 4690 4579 0 5007 4896 0 4689 4578 0 5008 4897 0 4698 4587 0 4700 4589 0 4698 4587 0 5008 4897 0 4700 4589 0 5008 4897 0 5018 4907 0 5018 4907 0 5008 4897 0 5009 4898 0 5011 4900 0 5019 4908 0 5009 4898 0 5019 4908 0 5018 4907 0 5009 4898 0 5020 4909 0 5011 4900 0 5012 4901 0 5019 4908 0 5011 4900 0 5020 4909 0 5022 4911 0 5014 4903 0 5015 4904 0 5021 4910 0 5014 4903 0 5022 4911 0 5016 4905 0 5023 4912 0 5015 4904 0 5023 4912 0 5022 4911 0 5015 4904 0 4701 4590 0 4702 4591 0 5023 4912 0 4701 4590 0 5023 4912 0 5017 4906 0 5017 4906 0 5023 4912 0 5016 4905 0 4691 4580 0 4701 4590 0 5017 4906 0 5018 4907 0 5024 4913 0 4709 4598 0 4700 4589 0 5018 4907 0 4709 4598 0 5019 4908 0 5025 4914 0 5018 4907 0 5025 4914 0 5024 4913 0 5018 4907 0 5026 4915 0 5019 4908 0 5020 4909 0 5026 4915 0 5027 4916 0 5019 4908 0 5027 4916 0 5025 4914 0 5019 4908 0 5026 4915 0 5028 4917 0 5027 4916 0 5031 4920 0 5030 4919 0 5029 4918 0 5021 4910 0 5031 4920 0 5029 4918 0 5021 4910 0 5022 4911 0 5031 4920 0 5022 4911 0 5032 4921 0 5031 4920 0 4710 4599 0 4711 4600 0 5032 4921 0 4710 4599 0 5032 4921 0 5023 4912 0 5023 4912 0 5032 4921 0 5022 4911 0 4702 4591 0 4710 4599 0 5023 4912 0 4709 4598 0 5024 4913 0 4717 4606 0 4719 4608 0 4717 4606 0 5024 4913 0 4719 4608 0 5024 4913 0 5033 4922 0 5033 4922 0 5024 4913 0 5025 4914 0 5027 4916 0 5034 4923 0 5025 4914 0 5034 4923 0 5033 4922 0 5025 4914 0 5035 4924 0 5027 4916 0 5028 4917 0 5035 4924 0 5036 4925 0 5027 4916 0 5036 4925 0 5034 4923 0 5027 4916 0 5036 4925 0 5037 4926 0 5038 4927 0 5035 4924 0 5037 4926 0 5036 4925 0 5037 4926 0 5039 4928 0 5038 4927 0 5042 4931 0 5041 4930 0 5040 4929 0 5030 4919 0 5042 4931 0 5040 4929 0 5030 4919 0 5031 4920 0 5042 4931 0 5031 4920 0 5043 4932 0 5042 4931 0 5032 4921 0 5044 4933 0 5031 4920 0 5044 4933 0 5043 4932 0 5031 4920 0 4711 4600 0 4720 4609 0 5044 4933 0 5032 4921 0 4711 4600 0 5044 4933 0 4719 4608 0 5033 4922 0 4726 4615 0 4728 4617 0 4726 4615 0 5033 4922 0 5034 4923 0 4728 4617 0 5033 4922 0 4730 4619 0 4728 4617 0 5034 4923 0 4730 4619 0 5034 4923 0 5045 4934 0 5045 4934 0 5034 4923 0 5036 4925 0 5038 4927 0 5046 4935 0 5036 4925 0 5046 4935 0 5045 4934 0 5036 4925 0 5047 4936 0 5038 4927 0 5039 4928 0 5047 4936 0 5048 4937 0 5038 4927 0 5048 4937 0 5046 4935 0 5038 4927 0 5047 4936 0 5049 4938 0 5048 4937 0 5052 4941 0 5051 4940 0 5050 4939 0 5052 4941 0 5053 4942 0 5054 4943 0 5050 4939 0 5053 4942 0 5052 4941 0 5054 4943 0 5055 4944 0 5056 4945 0 5053 4942 0 5055 4944 0 5054 4943 0 5041 4930 0 5056 4945 0 5055 4944 0 5041 4930 0 5042 4931 0 5056 4945 0 5042 4931 0 5057 4946 0 5056 4945 0 5043 4932 0 5058 4947 0 5042 4931 0 5058 4947 0 5057 4946 0 5042 4931 0 4731 4620 0 4732 4621 0 5058 4947 0 4731 4620 0 5058 4947 0 5044 4933 0 5044 4933 0 5058 4947 0 5043 4932 0 4720 4609 0 4731 4620 0 5044 4933 0 4730 4619 0 5045 4934 0 4739 4628 0 4741 4630 0 4739 4628 0 5045 4934 0 4741 4630 0 5045 4934 0 5059 4948 0 5059 4948 0 5045 4934 0 5046 4935 0 5048 4937 0 5060 4949 0 5046 4935 0 5060 4949 0 5059 4948 0 5046 4935 0 5061 4950 0 5048 4937 0 5049 4938 0 5061 4950 0 5062 4951 0 5048 4937 0 5062 4951 0 5060 4949 0 5048 4937 0 5062 4951 0 5063 4952 0 5064 4953 0 5061 4950 0 5063 4952 0 5062 4951 0 5064 4953 0 5065 4954 0 5066 4955 0 5063 4952 0 5065 4954 0 5064 4953 0 5066 4955 0 5067 4956 0 5068 4957 0 5065 4954 0 5067 4956 0 5066 4955 0 5067 4956 0 5069 4958 0 5068 4957 0 5072 4961 0 5071 4960 0 5070 4959 0 5072 4961 0 5073 4962 0 5074 4963 0 5070 4959 0 5073 4962 0 5072 4961 0 5074 4963 0 5075 4964 0 5076 4965 0 5073 4962 0 5075 4964 0 5074 4963 0 5051 4940 0 5076 4965 0 5075 4964 0 5051 4940 0 5052 4941 0 5076 4965 0 5052 4941 0 5077 4966 0 5076 4965 0 5054 4943 0 5078 4967 0 5052 4941 0 5078 4967 0 5077 4966 0 5052 4941 0 5056 4945 0 5079 4968 0 5054 4943 0 5079 4968 0 5078 4967 0 5054 4943 0 4742 4631 0 4743 4632 0 5079 4968 0 4742 4631 0 5079 4968 0 5057 4946 0 5057 4946 0 5079 4968 0 5056 4945 0 4745 4634 0 4742 4631 0 5057 4946 0 5058 4947 0 4745 4634 0 5057 4946 0 4732 4621 0 4745 4634 0 5058 4947 0 4741 4630 0 5059 4948 0 4752 4641 0 4754 4643 0 4752 4641 0 5059 4948 0 4754 4643 0 5059 4948 0 5080 4969 0 5080 4969 0 5059 4948 0 5060 4949 0 5062 4951 0 5081 4970 0 5060 4949 0 5081 4970 0 5080 4969 0 5060 4949 0 5064 4953 0 5082 4971 0 5062 4951 0 5082 4971 0 5081 4970 0 5062 4951 0 5066 4955 0 5083 4972 0 5064 4953 0 5083 4972 0 5082 4971 0 5064 4953 0 5068 4957 0 5084 4973 0 5066 4955 0 5084 4973 0 5083 4972 0 5066 4955 0 5085 4974 0 5068 4957 0 5069 4958 0 5085 4974 0 5086 4975 0 5068 4957 0 5086 4975 0 5084 4973 0 5068 4957 0 5086 4975 0 5087 4976 0 5088 4977 0 5085 4974 0 5087 4976 0 5086 4975 0 5088 4977 0 5089 4978 0 5090 4979 0 5087 4976 0 5089 4978 0 5088 4977 0 5071 4960 0 5090 4979 0 5089 4978 0 5071 4960 0 5072 4961 0 5090 4979 0 5072 4961 0 5091 4980 0 5090 4979 0 5074 4963 0 5092 4981 0 5072 4961 0 5092 4981 0 5091 4980 0 5072 4961 0 5076 4965 0 5093 4982 0 5074 4963 0 5093 4982 0 5092 4981 0 5074 4963 0 5077 4966 0 5094 4983 0 5076 4965 0 5094 4983 0 5093 4982 0 5076 4965 0 4755 4644 0 4756 4645 0 5094 4983 0 4755 4644 0 5094 4983 0 5078 4967 0 5078 4967 0 5094 4983 0 5077 4966 0 4758 4647 0 4755 4644 0 5078 4967 0 5079 4968 0 4758 4647 0 5078 4967 0 4743 4632 0 4758 4647 0 5079 4968 0 4754 4643 0 5080 4969 0 4766 4655 0 4768 4657 0 4766 4655 0 5080 4969 0 5081 4970 0 4768 4657 0 5080 4969 0 4770 4659 0 4768 4657 0 5081 4970 0 5082 4971 0 4770 4659 0 5081 4970 0 4772 4661 0 4770 4659 0 5082 4971 0 4772 4661 0 5082 4971 0 5095 4984 0 5095 4984 0 5082 4971 0 5083 4972 0 5084 4973 0 5096 4985 0 5083 4972 0 5096 4985 0 5095 4984 0 5083 4972 0 5086 4975 0 5097 4986 0 5084 4973 0 5097 4986 0 5096 4985 0 5084 4973 0 5088 4977 0 5098 4987 0 5086 4975 0 5098 4987 0 5097 4986 0 5086 4975 0 5090 4979 0 5099 4988 0 5088 4977 0 5099 4988 0 5098 4987 0 5088 4977 0 5091 4980 0 5100 4989 0 5090 4979 0 5100 4989 0 5099 4988 0 5090 4979 0 5092 4981 0 5101 4990 0 5091 4980 0 5101 4990 0 5100 4989 0 5091 4980 0 4773 4662 0 4774 4663 0 5101 4990 0 4773 4662 0 5101 4990 0 5093 4982 0 5093 4982 0 5101 4990 0 5092 4981 0 4776 4665 0 4773 4662 0 5093 4982 0 5094 4983 0 4776 4665 0 5093 4982 0 4756 4645 0 4776 4665 0 5094 4983 0 4772 4661 0 5095 4984 0 4786 4675 0 4788 4677 0 4786 4675 0 5095 4984 0 5096 4985 0 4788 4677 0 5095 4984 0 4790 4679 0 4788 4677 0 5096 4985 0 5097 4986 0 4790 4679 0 5096 4985 0 4792 4681 0 4790 4679 0 5097 4986 0 5098 4987 0 4792 4681 0 5097 4986 0 4794 4683 0 4792 4681 0 5098 4987 0 5099 4988 0 4794 4683 0 5098 4987 0 4796 4685 0 4794 4683 0 5099 4988 0 5100 4989 0 4796 4685 0 5099 4988 0 4798 4687 0 4796 4685 0 5100 4989 0 5101 4990 0 4798 4687 0 5100 4989 0 4774 4663 0 4798 4687 0 5101 4990 0 4844 4733 0 5102 4991 0 4845 4734 0 4844 4733 0 4846 4735 0 5103 4992 0 5102 4991 0 4844 4733 0 5103 4992 0 4846 4735 0 4847 4736 0 5103 4992 0 4858 4747 0 5104 4993 0 4859 4748 0 4858 4747 0 4860 4749 0 5105 4994 0 5104 4993 0 4858 4747 0 5105 4994 0 4860 4749 0 4861 4750 0 5106 4995 0 5105 4994 0 4860 4749 0 5106 4995 0 4861 4750 0 4862 4751 0 5107 4996 0 5106 4995 0 4861 4750 0 5107 4996 0 4862 4751 0 4863 4752 0 5108 4997 0 5107 4996 0 4862 4751 0 5108 4997 0 4863 4752 0 4845 4734 0 5102 4991 0 4863 4752 0 5102 4991 0 5108 4997 0 5108 4997 0 5102 4991 0 5109 4998 0 5103 4992 0 5110 4999 0 5102 4991 0 5110 4999 0 5109 4998 0 5102 4991 0 4847 4736 0 4864 4753 0 5111 5000 0 4847 4736 0 5111 5000 0 5103 4992 0 5103 4992 0 5111 5000 0 5110 4999 0 4864 4753 0 4865 4754 0 5112 5001 0 5111 5000 0 4864 4753 0 5112 5001 0 4865 4754 0 4866 4755 0 5113 5002 0 5112 5001 0 4865 4754 0 5113 5002 0 4866 4755 0 4867 4756 0 5114 5003 0 5113 5002 0 4866 4755 0 5114 5003 0 4867 4756 0 4868 4757 0 5114 5003 0 4876 4765 0 5115 5004 0 4877 4766 0 4876 4765 0 4878 4767 0 5116 5005 0 5115 5004 0 4876 4765 0 5116 5005 0 4878 4767 0 4859 4748 0 5104 4993 0 4878 4767 0 5104 4993 0 5116 5005 0 5116 5005 0 5104 4993 0 5117 5006 0 5105 4994 0 5118 5007 0 5104 4993 0 5118 5007 0 5117 5006 0 5104 4993 0 5106 4995 0 5119 5008 0 5105 4994 0 5119 5008 0 5118 5007 0 5105 4994 0 5107 4996 0 5120 5009 0 5106 4995 0 5120 5009 0 5119 5008 0 5106 4995 0 5108 4997 0 5121 5010 0 5107 4996 0 5121 5010 0 5120 5009 0 5107 4996 0 5123 5012 0 5109 4998 0 5122 5011 0 5123 5012 0 5121 5010 0 5109 4998 0 5121 5010 0 5108 4997 0 5109 4998 0 5110 4999 0 5122 5011 0 5109 4998 0 5124 5013 0 5122 5011 0 5110 4999 0 5124 5013 0 5126 5015 0 5125 5014 0 5124 5013 0 5110 4999 0 5126 5015 0 5110 4999 0 5111 5000 0 5126 5015 0 5112 5001 0 5127 5016 0 5111 5000 0 5127 5016 0 5126 5015 0 5111 5000 0 5113 5002 0 5128 5017 0 5112 5001 0 5128 5017 0 5127 5016 0 5112 5001 0 5114 5003 0 5129 5018 0 5113 5002 0 5129 5018 0 5128 5017 0 5113 5002 0 4868 4757 0 4879 4768 0 5130 5019 0 4868 4757 0 5130 5019 0 5114 5003 0 5114 5003 0 5130 5019 0 5129 5018 0 4879 4768 0 4880 4769 0 5131 5020 0 5130 5019 0 4879 4768 0 5131 5020 0 4880 4769 0 4881 4770 0 5131 5020 0 4888 4777 0 5132 5021 0 4889 4778 0 4888 4777 0 4877 4766 0 5115 5004 0 4888 4777 0 5115 5004 0 5132 5021 0 5132 5021 0 5115 5004 0 5133 5022 0 5116 5005 0 5134 5023 0 5115 5004 0 5134 5023 0 5133 5022 0 5115 5004 0 5117 5006 0 5135 5024 0 5116 5005 0 5135 5024 0 5134 5023 0 5116 5005 0 5118 5007 0 5136 5025 0 5117 5006 0 5136 5025 0 5135 5024 0 5117 5006 0 5138 5027 0 5119 5008 0 5137 5026 0 5138 5027 0 5136 5025 0 5119 5008 0 5136 5025 0 5118 5007 0 5119 5008 0 5120 5009 0 5137 5026 0 5119 5008 0 5139 5028 0 5137 5026 0 5120 5009 0 5121 5010 0 5139 5028 0 5120 5009 0 5140 5029 0 5139 5028 0 5121 5010 0 5123 5012 0 5140 5029 0 5121 5010 0 5126 5015 0 5141 5030 0 5125 5014 0 5127 5016 0 5141 5030 0 5126 5015 0 5142 5031 0 5141 5030 0 5127 5016 0 5128 5017 0 5142 5031 0 5127 5016 0 5143 5032 0 5142 5031 0 5128 5017 0 5143 5032 0 5145 5034 0 5144 5033 0 5143 5032 0 5128 5017 0 5145 5034 0 5128 5017 0 5129 5018 0 5145 5034 0 5130 5019 0 5146 5035 0 5129 5018 0 5146 5035 0 5145 5034 0 5129 5018 0 5131 5020 0 5147 5036 0 5130 5019 0 5147 5036 0 5146 5035 0 5130 5019 0 4881 4770 0 4890 4779 0 5148 5037 0 4881 4770 0 5148 5037 0 5131 5020 0 5131 5020 0 5148 5037 0 5147 5036 0 4890 4779 0 4891 4780 0 5148 5037 0 4897 4786 0 5149 5038 0 4898 4787 0 4897 4786 0 4889 4778 0 5132 5021 0 4897 4786 0 5132 5021 0 5149 5038 0 5149 5038 0 5132 5021 0 5150 5039 0 5133 5022 0 5151 5040 0 5132 5021 0 5151 5040 0 5150 5039 0 5132 5021 0 5134 5023 0 5152 5041 0 5133 5022 0 5152 5041 0 5151 5040 0 5133 5022 0 5154 5043 0 5135 5024 0 5153 5042 0 5154 5043 0 5152 5041 0 5135 5024 0 5152 5041 0 5134 5023 0 5135 5024 0 5136 5025 0 5153 5042 0 5135 5024 0 5155 5044 0 5153 5042 0 5136 5025 0 5138 5027 0 5155 5044 0 5136 5025 0 5145 5034 0 5156 5045 0 5144 5033 0 5156 5045 0 5158 5047 0 5157 5046 0 5156 5045 0 5145 5034 0 5158 5047 0 5145 5034 0 5146 5035 0 5158 5047 0 5147 5036 0 5159 5048 0 5146 5035 0 5159 5048 0 5158 5047 0 5146 5035 0 5148 5037 0 5160 5049 0 5147 5036 0 5160 5049 0 5159 5048 0 5147 5036 0 4891 4780 0 4899 4788 0 5161 5050 0 4891 4780 0 5161 5050 0 5148 5037 0 5148 5037 0 5161 5050 0 5160 5049 0 4899 4788 0 4900 4789 0 5161 5050 0 4906 4795 0 5162 5051 0 4907 4796 0 4906 4795 0 4898 4787 0 5149 5038 0 4906 4795 0 5149 5038 0 5162 5051 0 5162 5051 0 5149 5038 0 5163 5052 0 5150 5039 0 5164 5053 0 5149 5038 0 5164 5053 0 5163 5052 0 5149 5038 0 5166 5055 0 5151 5040 0 5165 5054 0 5166 5055 0 5164 5053 0 5151 5040 0 5164 5053 0 5150 5039 0 5151 5040 0 5152 5041 0 5165 5054 0 5151 5040 0 5167 5056 0 5165 5054 0 5152 5041 0 5154 5043 0 5167 5056 0 5152 5041 0 5158 5047 0 5168 5057 0 5157 5046 0 5168 5057 0 5170 5059 0 5169 5058 0 5168 5057 0 5158 5047 0 5170 5059 0 5158 5047 0 5159 5048 0 5170 5059 0 5160 5049 0 5171 5060 0 5159 5048 0 5171 5060 0 5170 5059 0 5159 5048 0 5161 5050 0 5172 5061 0 5160 5049 0 5172 5061 0 5171 5060 0 5160 5049 0 4900 4789 0 4908 4797 0 5173 5062 0 4900 4789 0 5173 5062 0 5161 5050 0 5161 5050 0 5173 5062 0 5172 5061 0 4908 4797 0 4909 4798 0 5173 5062 0 5162 5051 0 5174 5063 0 4915 4804 0 4907 4796 0 5162 5051 0 4915 4804 0 5163 5052 0 5175 5064 0 5162 5051 0 5175 5064 0 5174 5063 0 5162 5051 0 5177 5066 0 5164 5053 0 5176 5065 0 5177 5066 0 5175 5064 0 5164 5053 0 5175 5064 0 5163 5052 0 5164 5053 0 5166 5055 0 5176 5065 0 5164 5053 0 5170 5059 0 5178 5067 0 5169 5058 0 5178 5067 0 5180 5069 0 5179 5068 0 5178 5067 0 5170 5059 0 5180 5069 0 5170 5059 0 5171 5060 0 5180 5069 0 5172 5061 0 5181 5070 0 5171 5060 0 5181 5070 0 5180 5069 0 5171 5060 0 5173 5062 0 5182 5071 0 5172 5061 0 5182 5071 0 5181 5070 0 5172 5061 0 4909 4798 0 4916 4805 0 5182 5071 0 5173 5062 0 4909 4798 0 5182 5071 0 4922 4811 0 5183 5072 0 4923 4812 0 4922 4811 0 4915 4804 0 5174 5063 0 4922 4811 0 5174 5063 0 5183 5072 0 5183 5072 0 5174 5063 0 5184 5073 0 5175 5064 0 5185 5074 0 5174 5063 0 5185 5074 0 5184 5073 0 5174 5063 0 5186 5075 0 5175 5064 0 5177 5066 0 5185 5074 0 5175 5064 0 5186 5075 0 5180 5069 0 5187 5076 0 5179 5068 0 5187 5076 0 5189 5078 0 5188 5077 0 5187 5076 0 5180 5069 0 5189 5078 0 5180 5069 0 5181 5070 0 5189 5078 0 5182 5071 0 5190 5079 0 5181 5070 0 5190 5079 0 5189 5078 0 5181 5070 0 4916 4805 0 4924 4813 0 5190 5079 0 5182 5071 0 4916 4805 0 5190 5079 0 5183 5072 0 5191 5080 0 4930 4819 0 4923 4812 0 5183 5072 0 4930 4819 0 5184 5073 0 5192 5081 0 5183 5072 0 5192 5081 0 5191 5080 0 5183 5072 0 5194 5083 0 5185 5074 0 5193 5082 0 5194 5083 0 5192 5081 0 5185 5074 0 5192 5081 0 5184 5073 0 5185 5074 0 5186 5075 0 5193 5082 0 5185 5074 0 5189 5078 0 5195 5084 0 5188 5077 0 5195 5084 0 5197 5086 0 5196 5085 0 5195 5084 0 5189 5078 0 5197 5086 0 5189 5078 0 5190 5079 0 5197 5086 0 4924 4813 0 4931 4820 0 5198 5087 0 4924 4813 0 5198 5087 0 5190 5079 0 5190 5079 0 5198 5087 0 5197 5086 0 4931 4820 0 4932 4821 0 5198 5087 0 5191 5080 0 5199 5088 0 4938 4827 0 4930 4819 0 5191 5080 0 4938 4827 0 5192 5081 0 5200 5089 0 5191 5080 0 5200 5089 0 5199 5088 0 5191 5080 0 5201 5090 0 5192 5081 0 5194 5083 0 5200 5089 0 5192 5081 0 5201 5090 0 5203 5092 0 5196 5085 0 5197 5086 0 5202 5091 0 5196 5085 0 5203 5092 0 5198 5087 0 5204 5093 0 5197 5086 0 5204 5093 0 5203 5092 0 5197 5086 0 4932 4821 0 4939 4828 0 5204 5093 0 5198 5087 0 4932 4821 0 5204 5093 0 5199 5088 0 5205 5094 0 4946 4835 0 4938 4827 0 5199 5088 0 4946 4835 0 5200 5089 0 5206 5095 0 5199 5088 0 5206 5095 0 5205 5094 0 5199 5088 0 5207 5096 0 5200 5089 0 5201 5090 0 5206 5095 0 5200 5089 0 5207 5096 0 5203 5092 0 5208 5097 0 5202 5091 0 5208 5097 0 5210 5099 0 5209 5098 0 5208 5097 0 5203 5092 0 5210 5099 0 5203 5092 0 5204 5093 0 5210 5099 0 4939 4828 0 4947 4836 0 5211 5100 0 4939 4828 0 5211 5100 0 5204 5093 0 5204 5093 0 5211 5100 0 5210 5099 0 4947 4836 0 4948 4837 0 5211 5100 0 5205 5094 0 5212 5101 0 4954 4843 0 4946 4835 0 5205 5094 0 4954 4843 0 5206 5095 0 5213 5102 0 5205 5094 0 5213 5102 0 5212 5101 0 5205 5094 0 5214 5103 0 5206 5095 0 5207 5096 0 5213 5102 0 5206 5095 0 5214 5103 0 5216 5105 0 5209 5098 0 5210 5099 0 5215 5104 0 5209 5098 0 5216 5105 0 5211 5100 0 5217 5106 0 5210 5099 0 5217 5106 0 5216 5105 0 5210 5099 0 4948 4837 0 4955 4844 0 5217 5106 0 5211 5100 0 4948 4837 0 5217 5106 0 4960 4849 0 5218 5107 0 4961 4850 0 4960 4849 0 4954 4843 0 5212 5101 0 4960 4849 0 5212 5101 0 5218 5107 0 5218 5107 0 5212 5101 0 5219 5108 0 5213 5102 0 5220 5109 0 5212 5101 0 5220 5109 0 5219 5108 0 5212 5101 0 5221 5110 0 5213 5102 0 5214 5103 0 5220 5109 0 5213 5102 0 5221 5110 0 5223 5112 0 5215 5104 0 5216 5105 0 5222 5111 0 5215 5104 0 5223 5112 0 5217 5106 0 5224 5113 0 5216 5105 0 5224 5113 0 5223 5112 0 5216 5105 0 4955 4844 0 4962 4851 0 5224 5113 0 5217 5106 0 4955 4844 0 5224 5113 0 5218 5107 0 5225 5114 0 4967 4856 0 4961 4850 0 5218 5107 0 4967 4856 0 5219 5108 0 5226 5115 0 5218 5107 0 5226 5115 0 5225 5114 0 5218 5107 0 5220 5109 0 5227 5116 0 5219 5108 0 5227 5116 0 5226 5115 0 5219 5108 0 5228 5117 0 5220 5109 0 5221 5110 0 5227 5116 0 5220 5109 0 5228 5117 0 5231 5120 0 5230 5119 0 5229 5118 0 5222 5111 0 5231 5120 0 5229 5118 0 5222 5111 0 5223 5112 0 5231 5120 0 5223 5112 0 5232 5121 0 5231 5120 0 5224 5113 0 5233 5122 0 5223 5112 0 5233 5122 0 5232 5121 0 5223 5112 0 4962 4851 0 4968 4857 0 5233 5122 0 5224 5113 0 4962 4851 0 5233 5122 0 4967 4856 0 5225 5114 0 4973 4862 0 4975 4864 0 4973 4862 0 5225 5114 0 4975 4864 0 5225 5114 0 5234 5123 0 5234 5123 0 5225 5114 0 5226 5115 0 5227 5116 0 5235 5124 0 5226 5115 0 5235 5124 0 5234 5123 0 5226 5115 0 5236 5125 0 5227 5116 0 5228 5117 0 5235 5124 0 5227 5116 0 5236 5125 0 5238 5127 0 5230 5119 0 5231 5120 0 5237 5126 0 5230 5119 0 5238 5127 0 5232 5121 0 5239 5128 0 5231 5120 0 5239 5128 0 5238 5127 0 5231 5120 0 5233 5122 0 5240 5129 0 5232 5121 0 5240 5129 0 5239 5128 0 5232 5121 0 4968 4857 0 4976 4865 0 5240 5129 0 5233 5122 0 4968 4857 0 5240 5129 0 5234 5123 0 5241 5130 0 4981 4870 0 4975 4864 0 5234 5123 0 4981 4870 0 5235 5124 0 5242 5131 0 5234 5123 0 5242 5131 0 5241 5130 0 5234 5123 0 5243 5132 0 5235 5124 0 5236 5125 0 5242 5131 0 5235 5124 0 5243 5132 0 5245 5134 0 5237 5126 0 5238 5127 0 5244 5133 0 5237 5126 0 5245 5134 0 5239 5128 0 5246 5135 0 5238 5127 0 5246 5135 0 5245 5134 0 5238 5127 0 4982 4871 0 4983 4872 0 5246 5135 0 4982 4871 0 5246 5135 0 5240 5129 0 5240 5129 0 5246 5135 0 5239 5128 0 4976 4865 0 4982 4871 0 5240 5129 0 5241 5130 0 5247 5136 0 4989 4878 0 4981 4870 0 5241 5130 0 4989 4878 0 5242 5131 0 5248 5137 0 5241 5130 0 5248 5137 0 5247 5136 0 5241 5130 0 5249 5138 0 5242 5131 0 5243 5132 0 5248 5137 0 5242 5131 0 5249 5138 0 5251 5140 0 5244 5133 0 5245 5134 0 5250 5139 0 5244 5133 0 5251 5140 0 5246 5135 0 5252 5141 0 5245 5134 0 5252 5141 0 5251 5140 0 5245 5134 0 4983 4872 0 4990 4879 0 5252 5141 0 5246 5135 0 4983 4872 0 5252 5141 0 5247 5136 0 5253 5142 0 4995 4884 0 4989 4878 0 5247 5136 0 4995 4884 0 5248 5137 0 5254 5143 0 5247 5136 0 5254 5143 0 5253 5142 0 5247 5136 0 5255 5144 0 5248 5137 0 5249 5138 0 5255 5144 0 5256 5145 0 5248 5137 0 5256 5145 0 5254 5143 0 5248 5137 0 5255 5144 0 5257 5146 0 5256 5145 0 5260 5149 0 5259 5148 0 5258 5147 0 5250 5139 0 5260 5149 0 5258 5147 0 5250 5139 0 5251 5140 0 5260 5149 0 5251 5140 0 5261 5150 0 5260 5149 0 5252 5141 0 5262 5151 0 5251 5140 0 5262 5151 0 5261 5150 0 5251 5140 0 4990 4879 0 4996 4885 0 5262 5151 0 5252 5141 0 4990 4879 0 5262 5151 0 4995 4884 0 5253 5142 0 5000 4889 0 5002 4891 0 5000 4889 0 5253 5142 0 5002 4891 0 5253 5142 0 5263 5152 0 5263 5152 0 5253 5142 0 5254 5143 0 5256 5145 0 5264 5153 0 5254 5143 0 5264 5153 0 5263 5152 0 5254 5143 0 5265 5154 0 5256 5145 0 5257 5146 0 5265 5154 0 5266 5155 0 5256 5145 0 5266 5155 0 5264 5153 0 5256 5145 0 5265 5154 0 5267 5156 0 5266 5155 0 5270 5159 0 5269 5158 0 5268 5157 0 5259 5148 0 5270 5159 0 5268 5157 0 5259 5148 0 5260 5149 0 5270 5159 0 5260 5149 0 5271 5160 0 5270 5159 0 5261 5150 0 5272 5161 0 5260 5149 0 5272 5161 0 5271 5160 0 5260 5149 0 5003 4892 0 5004 4893 0 5272 5161 0 5003 4892 0 5272 5161 0 5262 5151 0 5262 5151 0 5272 5161 0 5261 5150 0 4996 4885 0 5003 4892 0 5262 5151 0 5002 4891 0 5263 5152 0 5010 4899 0 5012 4901 0 5010 4899 0 5263 5152 0 5012 4901 0 5263 5152 0 5273 5162 0 5273 5162 0 5263 5152 0 5264 5153 0 5266 5155 0 5274 5163 0 5264 5153 0 5274 5163 0 5273 5162 0 5264 5153 0 5275 5164 0 5266 5155 0 5267 5156 0 5274 5163 0 5266 5155 0 5275 5164 0 5277 5166 0 5269 5158 0 5270 5159 0 5276 5165 0 5269 5158 0 5277 5166 0 5271 5160 0 5278 5167 0 5270 5159 0 5278 5167 0 5277 5166 0 5270 5159 0 5013 4902 0 5014 4903 0 5278 5167 0 5013 4902 0 5278 5167 0 5272 5161 0 5272 5161 0 5278 5167 0 5271 5160 0 5004 4893 0 5013 4902 0 5272 5161 0 5273 5162 0 5279 5168 0 5020 4909 0 5012 4901 0 5273 5162 0 5020 4909 0 5274 5163 0 5280 5169 0 5273 5162 0 5280 5169 0 5279 5168 0 5273 5162 0 5281 5170 0 5274 5163 0 5275 5164 0 5281 5170 0 5282 5171 0 5274 5163 0 5282 5171 0 5280 5169 0 5274 5163 0 5282 5171 0 5283 5172 0 5284 5173 0 5281 5170 0 5283 5172 0 5282 5171 0 5283 5172 0 5285 5174 0 5284 5173 0 5288 5177 0 5287 5176 0 5286 5175 0 5288 5177 0 5289 5178 0 5290 5179 0 5286 5175 0 5289 5178 0 5288 5177 0 5276 5165 0 5290 5179 0 5289 5178 0 5276 5165 0 5277 5166 0 5290 5179 0 5277 5166 0 5291 5180 0 5290 5179 0 5278 5167 0 5292 5181 0 5277 5166 0 5292 5181 0 5291 5180 0 5277 5166 0 5014 4903 0 5021 4910 0 5292 5181 0 5278 5167 0 5014 4903 0 5292 5181 0 5020 4909 0 5279 5168 0 5026 4915 0 5028 4917 0 5026 4915 0 5279 5168 0 5028 4917 0 5279 5168 0 5293 5182 0 5293 5182 0 5279 5168 0 5280 5169 0 5282 5171 0 5294 5183 0 5280 5169 0 5294 5183 0 5293 5182 0 5280 5169 0 5284 5173 0 5295 5184 0 5282 5171 0 5295 5184 0 5294 5183 0 5282 5171 0 5296 5185 0 5284 5173 0 5285 5174 0 5296 5185 0 5297 5186 0 5284 5173 0 5297 5186 0 5295 5184 0 5284 5173 0 5296 5185 0 5298 5187 0 5297 5186 0 5301 5190 0 5300 5189 0 5299 5188 0 5301 5190 0 5302 5191 0 5303 5192 0 5299 5188 0 5302 5191 0 5301 5190 0 5287 5176 0 5303 5192 0 5302 5191 0 5287 5176 0 5288 5177 0 5303 5192 0 5288 5177 0 5304 5193 0 5303 5192 0 5290 5179 0 5305 5194 0 5288 5177 0 5305 5194 0 5304 5193 0 5288 5177 0 5291 5180 0 5306 5195 0 5290 5179 0 5306 5195 0 5305 5194 0 5290 5179 0 5029 4918 0 5030 4919 0 5306 5195 0 5029 4918 0 5306 5195 0 5292 5181 0 5292 5181 0 5306 5195 0 5291 5180 0 5021 4910 0 5029 4918 0 5292 5181 0 5028 4917 0 5293 5182 0 5035 4924 0 5037 4926 0 5035 4924 0 5293 5182 0 5294 5183 0 5037 4926 0 5293 5182 0 5039 4928 0 5037 4926 0 5294 5183 0 5039 4928 0 5294 5183 0 5307 5196 0 5307 5196 0 5294 5183 0 5295 5184 0 5297 5186 0 5308 5197 0 5295 5184 0 5308 5197 0 5307 5196 0 5295 5184 0 5309 5198 0 5297 5186 0 5298 5187 0 5309 5198 0 5310 5199 0 5297 5186 0 5310 5199 0 5308 5197 0 5297 5186 0 5310 5199 0 5311 5200 0 5312 5201 0 5309 5198 0 5311 5200 0 5310 5199 0 5312 5201 0 5313 5202 0 5314 5203 0 5311 5200 0 5313 5202 0 5312 5201 0 5314 5203 0 5315 5204 0 5316 5205 0 5313 5202 0 5315 5204 0 5314 5203 0 5316 5205 0 5317 5206 0 5318 5207 0 5315 5204 0 5317 5206 0 5316 5205 0 5318 5207 0 5319 5208 0 5320 5209 0 5317 5206 0 5319 5208 0 5318 5207 0 5320 5209 0 5321 5210 0 5322 5211 0 5319 5208 0 5321 5210 0 5320 5209 0 5322 5211 0 5323 5212 0 5324 5213 0 5321 5210 0 5323 5212 0 5322 5211 0 5300 5189 0 5324 5213 0 5323 5212 0 5300 5189 0 5301 5190 0 5324 5213 0 5301 5190 0 5325 5214 0 5324 5213 0 5303 5192 0 5326 5215 0 5301 5190 0 5326 5215 0 5325 5214 0 5301 5190 0 5304 5193 0 5327 5216 0 5303 5192 0 5327 5216 0 5326 5215 0 5303 5192 0 5305 5194 0 5328 5217 0 5304 5193 0 5328 5217 0 5327 5216 0 5304 5193 0 5040 4929 0 5041 4930 0 5328 5217 0 5040 4929 0 5328 5217 0 5306 5195 0 5306 5195 0 5328 5217 0 5305 5194 0 5030 4919 0 5040 4929 0 5306 5195 0 5039 4928 0 5307 5196 0 5047 4936 0 5049 4938 0 5047 4936 0 5307 5196 0 5049 4938 0 5307 5196 0 5329 5218 0 5329 5218 0 5307 5196 0 5308 5197 0 5310 5199 0 5330 5219 0 5308 5197 0 5330 5219 0 5329 5218 0 5308 5197 0 5312 5201 0 5331 5220 0 5310 5199 0 5331 5220 0 5330 5219 0 5310 5199 0 5314 5203 0 5332 5221 0 5312 5201 0 5332 5221 0 5331 5220 0 5312 5201 0 5316 5205 0 5333 5222 0 5314 5203 0 5333 5222 0 5332 5221 0 5314 5203 0 5318 5207 0 5334 5223 0 5316 5205 0 5334 5223 0 5333 5222 0 5316 5205 0 5320 5209 0 5335 5224 0 5318 5207 0 5335 5224 0 5334 5223 0 5318 5207 0 5322 5211 0 5336 5225 0 5320 5209 0 5336 5225 0 5335 5224 0 5320 5209 0 5324 5213 0 5337 5226 0 5322 5211 0 5337 5226 0 5336 5225 0 5322 5211 0 5325 5214 0 5338 5227 0 5324 5213 0 5338 5227 0 5337 5226 0 5324 5213 0 5050 4939 0 5051 4940 0 5338 5227 0 5050 4939 0 5338 5227 0 5326 5215 0 5326 5215 0 5338 5227 0 5325 5214 0 5053 4942 0 5050 4939 0 5326 5215 0 5327 5216 0 5053 4942 0 5326 5215 0 5055 4944 0 5053 4942 0 5327 5216 0 5328 5217 0 5055 4944 0 5327 5216 0 5041 4930 0 5055 4944 0 5328 5217 0 5049 4938 0 5329 5218 0 5061 4950 0 5063 4952 0 5061 4950 0 5329 5218 0 5330 5219 0 5063 4952 0 5329 5218 0 5065 4954 0 5063 4952 0 5330 5219 0 5331 5220 0 5065 4954 0 5330 5219 0 5067 4956 0 5065 4954 0 5331 5220 0 5332 5221 0 5067 4956 0 5331 5220 0 5069 4958 0 5067 4956 0 5332 5221 0 5069 4958 0 5332 5221 0 5339 5228 0 5339 5228 0 5332 5221 0 5333 5222 0 5334 5223 0 5340 5229 0 5333 5222 0 5340 5229 0 5339 5228 0 5333 5222 0 5335 5224 0 5341 5230 0 5334 5223 0 5341 5230 0 5340 5229 0 5334 5223 0 5070 4959 0 5071 4960 0 5341 5230 0 5070 4959 0 5341 5230 0 5336 5225 0 5336 5225 0 5341 5230 0 5335 5224 0 5073 4962 0 5070 4959 0 5336 5225 0 5337 5226 0 5073 4962 0 5336 5225 0 5075 4964 0 5073 4962 0 5337 5226 0 5338 5227 0 5075 4964 0 5337 5226 0 5051 4940 0 5075 4964 0 5338 5227 0 5069 4958 0 5339 5228 0 5085 4974 0 5087 4976 0 5085 4974 0 5339 5228 0 5340 5229 0 5087 4976 0 5339 5228 0 5089 4978 0 5087 4976 0 5340 5229 0 5341 5230 0 5089 4978 0 5340 5229 0 5071 4960 0 5089 4978 0 5341 5230 0 5122 5011 0 5342 5231 0 5123 5012 0 5122 5011 0 5124 5013 0 5343 5232 0 5342 5231 0 5122 5011 0 5343 5232 0 5124 5013 0 5125 5014 0 5343 5232 0 5137 5026 0 5344 5233 0 5138 5027 0 5137 5026 0 5139 5028 0 5345 5234 0 5344 5233 0 5137 5026 0 5345 5234 0 5139 5028 0 5140 5029 0 5346 5235 0 5345 5234 0 5139 5028 0 5346 5235 0 5140 5029 0 5123 5012 0 5342 5231 0 5140 5029 0 5342 5231 0 5346 5235 0 5346 5235 0 5342 5231 0 5347 5236 0 5343 5232 0 5348 5237 0 5342 5231 0 5348 5237 0 5347 5236 0 5342 5231 0 5125 5014 0 5141 5030 0 5349 5238 0 5125 5014 0 5349 5238 0 5343 5232 0 5343 5232 0 5349 5238 0 5348 5237 0 5141 5030 0 5142 5031 0 5350 5239 0 5349 5238 0 5141 5030 0 5350 5239 0 5142 5031 0 5143 5032 0 5351 5240 0 5350 5239 0 5142 5031 0 5351 5240 0 5143 5032 0 5144 5033 0 5351 5240 0 5153 5042 0 5352 5241 0 5154 5043 0 5153 5042 0 5155 5044 0 5353 5242 0 5352 5241 0 5153 5042 0 5353 5242 0 5155 5044 0 5138 5027 0 5344 5233 0 5155 5044 0 5344 5233 0 5353 5242 0 5353 5242 0 5344 5233 0 5354 5243 0 5345 5234 0 5355 5244 0 5344 5233 0 5355 5244 0 5354 5243 0 5344 5233 0 5346 5235 0 5356 5245 0 5345 5234 0 5356 5245 0 5355 5244 0 5345 5234 0 5347 5236 0 5357 5246 0 5346 5235 0 5357 5246 0 5356 5245 0 5346 5235 0 5348 5237 0 5358 5247 0 5347 5236 0 5358 5247 0 5357 5246 0 5347 5236 0 5349 5238 0 5359 5248 0 5348 5237 0 5359 5248 0 5358 5247 0 5348 5237 0 5350 5239 0 5360 5249 0 5349 5238 0 5360 5249 0 5359 5248 0 5349 5238 0 5351 5240 0 5361 5250 0 5350 5239 0 5361 5250 0 5360 5249 0 5350 5239 0 5144 5033 0 5156 5045 0 5362 5251 0 5144 5033 0 5362 5251 0 5351 5240 0 5351 5240 0 5362 5251 0 5361 5250 0 5156 5045 0 5157 5046 0 5362 5251 0 5165 5054 0 5363 5252 0 5166 5055 0 5165 5054 0 5167 5056 0 5364 5253 0 5363 5252 0 5165 5054 0 5364 5253 0 5167 5056 0 5154 5043 0 5352 5241 0 5167 5056 0 5352 5241 0 5364 5253 0 5364 5253 0 5352 5241 0 5365 5254 0 5353 5242 0 5366 5255 0 5352 5241 0 5366 5255 0 5365 5254 0 5352 5241 0 5354 5243 0 5367 5256 0 5353 5242 0 5367 5256 0 5366 5255 0 5353 5242 0 5369 5258 0 5355 5244 0 5368 5257 0 5369 5258 0 5367 5256 0 5355 5244 0 5367 5256 0 5354 5243 0 5355 5244 0 5356 5245 0 5368 5257 0 5355 5244 0 5370 5259 0 5368 5257 0 5356 5245 0 5357 5246 0 5370 5259 0 5356 5245 0 5371 5260 0 5370 5259 0 5357 5246 0 5358 5247 0 5371 5260 0 5357 5246 0 5372 5261 0 5371 5260 0 5358 5247 0 5372 5261 0 5374 5263 0 5373 5262 0 5372 5261 0 5358 5247 0 5374 5263 0 5358 5247 0 5359 5248 0 5374 5263 0 5360 5249 0 5375 5264 0 5359 5248 0 5375 5264 0 5374 5263 0 5359 5248 0 5361 5250 0 5376 5265 0 5360 5249 0 5376 5265 0 5375 5264 0 5360 5249 0 5362 5251 0 5377 5266 0 5361 5250 0 5377 5266 0 5376 5265 0 5361 5250 0 5157 5046 0 5168 5057 0 5378 5267 0 5157 5046 0 5378 5267 0 5362 5251 0 5362 5251 0 5378 5267 0 5377 5266 0 5168 5057 0 5169 5058 0 5378 5267 0 5176 5065 0 5379 5268 0 5177 5066 0 5176 5065 0 5166 5055 0 5363 5252 0 5176 5065 0 5363 5252 0 5379 5268 0 5379 5268 0 5363 5252 0 5380 5269 0 5364 5253 0 5381 5270 0 5363 5252 0 5381 5270 0 5380 5269 0 5363 5252 0 5365 5254 0 5382 5271 0 5364 5253 0 5382 5271 0 5381 5270 0 5364 5253 0 5384 5273 0 5366 5255 0 5383 5272 0 5384 5273 0 5382 5271 0 5366 5255 0 5382 5271 0 5365 5254 0 5366 5255 0 5367 5256 0 5383 5272 0 5366 5255 0 5385 5274 0 5383 5272 0 5367 5256 0 5369 5258 0 5385 5274 0 5367 5256 0 5374 5263 0 5386 5275 0 5373 5262 0 5375 5264 0 5386 5275 0 5374 5263 0 5387 5276 0 5386 5275 0 5375 5264 0 5387 5276 0 5389 5278 0 5388 5277 0 5387 5276 0 5375 5264 0 5389 5278 0 5375 5264 0 5376 5265 0 5389 5278 0 5377 5266 0 5390 5279 0 5376 5265 0 5390 5279 0 5389 5278 0 5376 5265 0 5378 5267 0 5391 5280 0 5377 5266 0 5391 5280 0 5390 5279 0 5377 5266 0 5169 5058 0 5178 5067 0 5392 5281 0 5169 5058 0 5392 5281 0 5378 5267 0 5378 5267 0 5392 5281 0 5391 5280 0 5178 5067 0 5179 5068 0 5392 5281 0 5379 5268 0 5393 5282 0 5186 5075 0 5177 5066 0 5379 5268 0 5186 5075 0 5380 5269 0 5394 5283 0 5379 5268 0 5394 5283 0 5393 5282 0 5379 5268 0 5381 5270 0 5395 5284 0 5380 5269 0 5395 5284 0 5394 5283 0 5380 5269 0 5397 5286 0 5382 5271 0 5396 5285 0 5397 5286 0 5395 5284 0 5382 5271 0 5395 5284 0 5381 5270 0 5382 5271 0 5384 5273 0 5396 5285 0 5382 5271 0 5389 5278 0 5398 5287 0 5388 5277 0 5398 5287 0 5400 5289 0 5399 5288 0 5398 5287 0 5389 5278 0 5400 5289 0 5389 5278 0 5390 5279 0 5400 5289 0 5391 5280 0 5401 5290 0 5390 5279 0 5401 5290 0 5400 5289 0 5390 5279 0 5392 5281 0 5402 5291 0 5391 5280 0 5402 5291 0 5401 5290 0 5391 5280 0 5179 5068 0 5187 5076 0 5403 5292 0 5179 5068 0 5403 5292 0 5392 5281 0 5392 5281 0 5403 5292 0 5402 5291 0 5187 5076 0 5188 5077 0 5403 5292 0 5193 5082 0 5404 5293 0 5194 5083 0 5193 5082 0 5186 5075 0 5393 5282 0 5193 5082 0 5393 5282 0 5404 5293 0 5404 5293 0 5393 5282 0 5405 5294 0 5394 5283 0 5406 5295 0 5393 5282 0 5406 5295 0 5405 5294 0 5393 5282 0 5408 5297 0 5395 5284 0 5407 5296 0 5408 5297 0 5406 5295 0 5395 5284 0 5406 5295 0 5394 5283 0 5395 5284 0 5397 5286 0 5407 5296 0 5395 5284 0 5400 5289 0 5409 5298 0 5399 5288 0 5409 5298 0 5411 5300 0 5410 5299 0 5409 5298 0 5400 5289 0 5411 5300 0 5400 5289 0 5401 5290 0 5411 5300 0 5402 5291 0 5412 5301 0 5401 5290 0 5412 5301 0 5411 5300 0 5401 5290 0 5403 5292 0 5413 5302 0 5402 5291 0 5413 5302 0 5412 5301 0 5402 5291 0 5188 5077 0 5195 5084 0 5414 5303 0 5188 5077 0 5414 5303 0 5403 5292 0 5403 5292 0 5414 5303 0 5413 5302 0 5195 5084 0 5196 5085 0 5414 5303 0 5404 5293 0 5415 5304 0 5201 5090 0 5194 5083 0 5404 5293 0 5201 5090 0 5405 5294 0 5416 5305 0 5404 5293 0 5416 5305 0 5415 5304 0 5404 5293 0 5406 5295 0 5417 5306 0 5405 5294 0 5417 5306 0 5416 5305 0 5405 5294 0 5418 5307 0 5406 5295 0 5408 5297 0 5417 5306 0 5406 5295 0 5418 5307 0 5411 5300 0 5419 5308 0 5410 5299 0 5419 5308 0 5421 5310 0 5420 5309 0 5419 5308 0 5411 5300 0 5421 5310 0 5411 5300 0 5412 5301 0 5421 5310 0 5413 5302 0 5422 5311 0 5412 5301 0 5422 5311 0 5421 5310 0 5412 5301 0 5414 5303 0 5423 5312 0 5413 5302 0 5423 5312 0 5422 5311 0 5413 5302 0 5196 5085 0 5202 5091 0 5423 5312 0 5414 5303 0 5196 5085 0 5423 5312 0 5415 5304 0 5424 5313 0 5207 5096 0 5201 5090 0 5415 5304 0 5207 5096 0 5416 5305 0 5425 5314 0 5415 5304 0 5425 5314 0 5424 5313 0 5415 5304 0 5427 5316 0 5417 5306 0 5426 5315 0 5427 5316 0 5425 5314 0 5417 5306 0 5425 5314 0 5416 5305 0 5417 5306 0 5418 5307 0 5426 5315 0 5417 5306 0 5429 5318 0 5420 5309 0 5421 5310 0 5428 5317 0 5420 5309 0 5429 5318 0 5422 5311 0 5430 5319 0 5421 5310 0 5430 5319 0 5429 5318 0 5421 5310 0 5423 5312 0 5431 5320 0 5422 5311 0 5431 5320 0 5430 5319 0 5422 5311 0 5202 5091 0 5208 5097 0 5432 5321 0 5202 5091 0 5432 5321 0 5423 5312 0 5423 5312 0 5432 5321 0 5431 5320 0 5208 5097 0 5209 5098 0 5432 5321 0 5424 5313 0 5433 5322 0 5214 5103 0 5207 5096 0 5424 5313 0 5214 5103 0 5425 5314 0 5434 5323 0 5424 5313 0 5434 5323 0 5433 5322 0 5424 5313 0 5435 5324 0 5425 5314 0 5427 5316 0 5434 5323 0 5425 5314 0 5435 5324 0 5437 5326 0 5428 5317 0 5429 5318 0 5436 5325 0 5428 5317 0 5437 5326 0 5430 5319 0 5438 5327 0 5429 5318 0 5438 5327 0 5437 5326 0 5429 5318 0 5431 5320 0 5439 5328 0 5430 5319 0 5439 5328 0 5438 5327 0 5430 5319 0 5432 5321 0 5440 5329 0 5431 5320 0 5440 5329 0 5439 5328 0 5431 5320 0 5209 5098 0 5215 5104 0 5440 5329 0 5432 5321 0 5209 5098 0 5440 5329 0 5433 5322 0 5441 5330 0 5221 5110 0 5214 5103 0 5433 5322 0 5221 5110 0 5434 5323 0 5442 5331 0 5433 5322 0 5442 5331 0 5441 5330 0 5433 5322 0 5443 5332 0 5434 5323 0 5435 5324 0 5442 5331 0 5434 5323 0 5443 5332 0 5437 5326 0 5444 5333 0 5436 5325 0 5444 5333 0 5446 5335 0 5445 5334 0 5444 5333 0 5437 5326 0 5446 5335 0 5437 5326 0 5438 5327 0 5446 5335 0 5439 5328 0 5447 5336 0 5438 5327 0 5447 5336 0 5446 5335 0 5438 5327 0 5440 5329 0 5448 5337 0 5439 5328 0 5448 5337 0 5447 5336 0 5439 5328 0 5215 5104 0 5222 5111 0 5448 5337 0 5440 5329 0 5215 5104 0 5448 5337 0 5441 5330 0 5449 5338 0 5228 5117 0 5221 5110 0 5441 5330 0 5228 5117 0 5442 5331 0 5450 5339 0 5441 5330 0 5450 5339 0 5449 5338 0 5441 5330 0 5451 5340 0 5442 5331 0 5443 5332 0 5450 5339 0 5442 5331 0 5451 5340 0 5453 5342 0 5445 5334 0 5446 5335 0 5452 5341 0 5445 5334 0 5453 5342 0 5447 5336 0 5454 5343 0 5446 5335 0 5454 5343 0 5453 5342 0 5446 5335 0 5229 5118 0 5230 5119 0 5454 5343 0 5229 5118 0 5454 5343 0 5448 5337 0 5448 5337 0 5454 5343 0 5447 5336 0 5222 5111 0 5229 5118 0 5448 5337 0 5449 5338 0 5455 5344 0 5236 5125 0 5228 5117 0 5449 5338 0 5236 5125 0 5450 5339 0 5456 5345 0 5449 5338 0 5456 5345 0 5455 5344 0 5449 5338 0 5457 5346 0 5450 5339 0 5451 5340 0 5457 5346 0 5458 5347 0 5450 5339 0 5458 5347 0 5456 5345 0 5450 5339 0 5457 5346 0 5459 5348 0 5458 5347 0 5462 5351 0 5461 5350 0 5460 5349 0 5452 5341 0 5462 5351 0 5460 5349 0 5452 5341 0 5453 5342 0 5462 5351 0 5453 5342 0 5463 5352 0 5462 5351 0 5454 5343 0 5464 5353 0 5453 5342 0 5464 5353 0 5463 5352 0 5453 5342 0 5230 5119 0 5237 5126 0 5464 5353 0 5454 5343 0 5230 5119 0 5464 5353 0 5455 5344 0 5465 5354 0 5243 5132 0 5236 5125 0 5455 5344 0 5243 5132 0 5456 5345 0 5466 5355 0 5455 5344 0 5466 5355 0 5465 5354 0 5455 5344 0 5458 5347 0 5467 5356 0 5456 5345 0 5467 5356 0 5466 5355 0 5456 5345 0 5468 5357 0 5458 5347 0 5459 5348 0 5467 5356 0 5458 5347 0 5468 5357 0 5470 5359 0 5461 5350 0 5462 5351 0 5469 5358 0 5461 5350 0 5470 5359 0 5463 5352 0 5471 5360 0 5462 5351 0 5471 5360 0 5470 5359 0 5462 5351 0 5464 5353 0 5472 5361 0 5463 5352 0 5472 5361 0 5471 5360 0 5463 5352 0 5237 5126 0 5244 5133 0 5472 5361 0 5464 5353 0 5237 5126 0 5472 5361 0 5465 5354 0 5473 5362 0 5249 5138 0 5243 5132 0 5465 5354 0 5249 5138 0 5466 5355 0 5474 5363 0 5465 5354 0 5474 5363 0 5473 5362 0 5465 5354 0 5467 5356 0 5475 5364 0 5466 5355 0 5475 5364 0 5474 5363 0 5466 5355 0 5476 5365 0 5467 5356 0 5468 5357 0 5475 5364 0 5467 5356 0 5476 5365 0 5478 5367 0 5469 5358 0 5470 5359 0 5477 5366 0 5469 5358 0 5478 5367 0 5471 5360 0 5479 5368 0 5470 5359 0 5479 5368 0 5478 5367 0 5470 5359 0 5472 5361 0 5480 5369 0 5471 5360 0 5480 5369 0 5479 5368 0 5471 5360 0 5244 5133 0 5250 5139 0 5480 5369 0 5472 5361 0 5244 5133 0 5480 5369 0 5249 5138 0 5473 5362 0 5255 5144 0 5257 5146 0 5255 5144 0 5473 5362 0 5257 5146 0 5473 5362 0 5481 5370 0 5481 5370 0 5473 5362 0 5474 5363 0 5475 5364 0 5482 5371 0 5474 5363 0 5482 5371 0 5481 5370 0 5474 5363 0 5483 5372 0 5475 5364 0 5476 5365 0 5483 5372 0 5484 5373 0 5475 5364 0 5484 5373 0 5482 5371 0 5475 5364 0 5483 5372 0 5485 5374 0 5484 5373 0 5488 5377 0 5487 5376 0 5486 5375 0 5477 5366 0 5488 5377 0 5486 5375 0 5477 5366 0 5478 5367 0 5488 5377 0 5478 5367 0 5489 5378 0 5488 5377 0 5479 5368 0 5490 5379 0 5478 5367 0 5490 5379 0 5489 5378 0 5478 5367 0 5258 5147 0 5259 5148 0 5490 5379 0 5258 5147 0 5490 5379 0 5480 5369 0 5480 5369 0 5490 5379 0 5479 5368 0 5250 5139 0 5258 5147 0 5480 5369 0 5257 5146 0 5481 5370 0 5265 5154 0 5267 5156 0 5265 5154 0 5481 5370 0 5267 5156 0 5481 5370 0 5491 5380 0 5491 5380 0 5481 5370 0 5482 5371 0 5484 5373 0 5492 5381 0 5482 5371 0 5492 5381 0 5491 5380 0 5482 5371 0 5493 5382 0 5484 5373 0 5485 5374 0 5493 5382 0 5494 5383 0 5484 5373 0 5494 5383 0 5492 5381 0 5484 5373 0 5494 5383 0 5495 5384 0 5496 5385 0 5493 5382 0 5495 5384 0 5494 5383 0 5495 5384 0 5497 5386 0 5496 5385 0 5500 5389 0 5499 5388 0 5498 5387 0 5487 5376 0 5500 5389 0 5498 5387 0 5487 5376 0 5488 5377 0 5500 5389 0 5488 5377 0 5501 5390 0 5500 5389 0 5489 5378 0 5502 5391 0 5488 5377 0 5502 5391 0 5501 5390 0 5488 5377 0 5268 5157 0 5269 5158 0 5502 5391 0 5268 5157 0 5502 5391 0 5490 5379 0 5490 5379 0 5502 5391 0 5489 5378 0 5259 5148 0 5268 5157 0 5490 5379 0 5491 5380 0 5503 5392 0 5275 5164 0 5267 5156 0 5491 5380 0 5275 5164 0 5492 5381 0 5504 5393 0 5491 5380 0 5504 5393 0 5503 5392 0 5491 5380 0 5494 5383 0 5505 5394 0 5492 5381 0 5505 5394 0 5504 5393 0 5492 5381 0 5496 5385 0 5506 5395 0 5494 5383 0 5506 5395 0 5505 5394 0 5494 5383 0 5507 5396 0 5496 5385 0 5497 5386 0 5507 5396 0 5508 5397 0 5496 5385 0 5508 5397 0 5506 5395 0 5496 5385 0 5508 5397 0 5509 5398 0 5510 5399 0 5507 5396 0 5509 5398 0 5508 5397 0 5510 5399 0 5511 5400 0 5512 5401 0 5509 5398 0 5511 5400 0 5510 5399 0 5511 5400 0 5513 5402 0 5512 5401 0 5516 5405 0 5515 5404 0 5514 5403 0 5516 5405 0 5517 5406 0 5518 5407 0 5514 5403 0 5517 5406 0 5516 5405 0 5518 5407 0 5519 5408 0 5520 5409 0 5517 5406 0 5519 5408 0 5518 5407 0 5499 5388 0 5520 5409 0 5519 5408 0 5499 5388 0 5500 5389 0 5520 5409 0 5500 5389 0 5521 5410 0 5520 5409 0 5501 5390 0 5522 5411 0 5500 5389 0 5522 5411 0 5521 5410 0 5500 5389 0 5502 5391 0 5523 5412 0 5501 5390 0 5523 5412 0 5522 5411 0 5501 5390 0 5269 5158 0 5276 5165 0 5523 5412 0 5502 5391 0 5269 5158 0 5523 5412 0 5275 5164 0 5503 5392 0 5281 5170 0 5283 5172 0 5281 5170 0 5503 5392 0 5504 5393 0 5283 5172 0 5503 5392 0 5285 5174 0 5283 5172 0 5504 5393 0 5285 5174 0 5504 5393 0 5524 5413 0 5524 5413 0 5504 5393 0 5505 5394 0 5506 5395 0 5525 5414 0 5505 5394 0 5525 5414 0 5524 5413 0 5505 5394 0 5508 5397 0 5526 5415 0 5506 5395 0 5526 5415 0 5525 5414 0 5506 5395 0 5510 5399 0 5527 5416 0 5508 5397 0 5527 5416 0 5526 5415 0 5508 5397 0 5512 5401 0 5528 5417 0 5510 5399 0 5528 5417 0 5527 5416 0 5510 5399 0 5529 5418 0 5512 5401 0 5513 5402 0 5529 5418 0 5530 5419 0 5512 5401 0 5530 5419 0 5528 5417 0 5512 5401 0 5530 5419 0 5531 5420 0 5532 5421 0 5529 5418 0 5531 5420 0 5530 5419 0 5515 5404 0 5532 5421 0 5531 5420 0 5515 5404 0 5516 5405 0 5532 5421 0 5516 5405 0 5533 5422 0 5532 5421 0 5518 5407 0 5534 5423 0 5516 5405 0 5534 5423 0 5533 5422 0 5516 5405 0 5520 5409 0 5535 5424 0 5518 5407 0 5535 5424 0 5534 5423 0 5518 5407 0 5521 5410 0 5536 5425 0 5520 5409 0 5536 5425 0 5535 5424 0 5520 5409 0 5286 5175 0 5287 5176 0 5536 5425 0 5286 5175 0 5536 5425 0 5522 5411 0 5522 5411 0 5536 5425 0 5521 5410 0 5289 5178 0 5286 5175 0 5522 5411 0 5523 5412 0 5289 5178 0 5522 5411 0 5276 5165 0 5289 5178 0 5523 5412 0 5285 5174 0 5524 5413 0 5296 5185 0 5298 5187 0 5296 5185 0 5524 5413 0 5298 5187 0 5524 5413 0 5537 5426 0 5537 5426 0 5524 5413 0 5525 5414 0 5526 5415 0 5538 5427 0 5525 5414 0 5538 5427 0 5537 5426 0 5525 5414 0 5527 5416 0 5539 5428 0 5526 5415 0 5539 5428 0 5538 5427 0 5526 5415 0 5528 5417 0 5540 5429 0 5527 5416 0 5540 5429 0 5539 5428 0 5527 5416 0 5530 5419 0 5541 5430 0 5528 5417 0 5541 5430 0 5540 5429 0 5528 5417 0 5532 5421 0 5542 5431 0 5530 5419 0 5542 5431 0 5541 5430 0 5530 5419 0 5533 5422 0 5543 5432 0 5532 5421 0 5543 5432 0 5542 5431 0 5532 5421 0 5534 5423 0 5544 5433 0 5533 5422 0 5544 5433 0 5543 5432 0 5533 5422 0 5299 5188 0 5300 5189 0 5544 5433 0 5299 5188 0 5544 5433 0 5535 5424 0 5535 5424 0 5544 5433 0 5534 5423 0 5302 5191 0 5299 5188 0 5535 5424 0 5536 5425 0 5302 5191 0 5535 5424 0 5287 5176 0 5302 5191 0 5536 5425 0 5298 5187 0 5537 5426 0 5309 5198 0 5311 5200 0 5309 5198 0 5537 5426 0 5538 5427 0 5311 5200 0 5537 5426 0 5313 5202 0 5311 5200 0 5538 5427 0 5539 5428 0 5313 5202 0 5538 5427 0 5315 5204 0 5313 5202 0 5539 5428 0 5540 5429 0 5315 5204 0 5539 5428 0 5317 5206 0 5315 5204 0 5540 5429 0 5541 5430 0 5317 5206 0 5540 5429 0 5319 5208 0 5317 5206 0 5541 5430 0 5542 5431 0 5319 5208 0 5541 5430 0 5321 5210 0 5319 5208 0 5542 5431 0 5543 5432 0 5321 5210 0 5542 5431 0 5323 5212 0 5321 5210 0 5543 5432 0 5544 5433 0 5323 5212 0 5543 5432 0 5300 5189 0 5323 5212 0 5544 5433 0 5368 5257 0 5545 5434 0 5369 5258 0 5368 5257 0 5370 5259 0 5546 5435 0 5545 5434 0 5368 5257 0 5546 5435 0 5370 5259 0 5371 5260 0 5547 5436 0 5546 5435 0 5370 5259 0 5547 5436 0 5371 5260 0 5372 5261 0 5548 5437 0 5547 5436 0 5371 5260 0 5548 5437 0 5372 5261 0 5373 5262 0 5548 5437 0 5383 5272 0 5549 5438 0 5384 5273 0 5383 5272 0 5385 5274 0 5550 5439 0 5549 5438 0 5383 5272 0 5550 5439 0 5385 5274 0 5369 5258 0 5545 5434 0 5385 5274 0 5545 5434 0 5550 5439 0 5550 5439 0 5545 5434 0 5551 5440 0 5546 5435 0 5552 5441 0 5545 5434 0 5552 5441 0 5551 5440 0 5545 5434 0 5547 5436 0 5553 5442 0 5546 5435 0 5553 5442 0 5552 5441 0 5546 5435 0 5548 5437 0 5554 5443 0 5547 5436 0 5554 5443 0 5553 5442 0 5547 5436 0 5373 5262 0 5386 5275 0 5555 5444 0 5373 5262 0 5555 5444 0 5548 5437 0 5548 5437 0 5555 5444 0 5554 5443 0 5386 5275 0 5387 5276 0 5556 5445 0 5555 5444 0 5386 5275 0 5556 5445 0 5387 5276 0 5388 5277 0 5556 5445 0 5396 5285 0 5557 5446 0 5397 5286 0 5396 5285 0 5384 5273 0 5549 5438 0 5396 5285 0 5549 5438 0 5557 5446 0 5557 5446 0 5549 5438 0 5558 5447 0 5550 5439 0 5559 5448 0 5549 5438 0 5559 5448 0 5558 5447 0 5549 5438 0 5551 5440 0 5560 5449 0 5550 5439 0 5560 5449 0 5559 5448 0 5550 5439 0 5552 5441 0 5561 5450 0 5551 5440 0 5561 5450 0 5560 5449 0 5551 5440 0 5553 5442 0 5562 5451 0 5552 5441 0 5562 5451 0 5561 5450 0 5552 5441 0 5554 5443 0 5563 5452 0 5553 5442 0 5563 5452 0 5562 5451 0 5553 5442 0 5555 5444 0 5564 5453 0 5554 5443 0 5564 5453 0 5563 5452 0 5554 5443 0 5556 5445 0 5565 5454 0 5555 5444 0 5565 5454 0 5564 5453 0 5555 5444 0 5388 5277 0 5398 5287 0 5566 5455 0 5388 5277 0 5566 5455 0 5556 5445 0 5556 5445 0 5566 5455 0 5565 5454 0 5398 5287 0 5399 5288 0 5566 5455 0 5407 5296 0 5567 5456 0 5408 5297 0 5407 5296 0 5397 5286 0 5557 5446 0 5407 5296 0 5557 5446 0 5567 5456 0 5567 5456 0 5557 5446 0 5568 5457 0 5558 5447 0 5569 5458 0 5557 5446 0 5569 5458 0 5568 5457 0 5557 5446 0 5559 5448 0 5570 5459 0 5558 5447 0 5570 5459 0 5569 5458 0 5558 5447 0 5560 5449 0 5571 5460 0 5559 5448 0 5571 5460 0 5570 5459 0 5559 5448 0 5561 5450 0 5572 5461 0 5560 5449 0 5572 5461 0 5571 5460 0 5560 5449 0 5562 5451 0 5573 5462 0 5561 5450 0 5573 5462 0 5572 5461 0 5561 5450 0 5563 5452 0 5574 5463 0 5562 5451 0 5574 5463 0 5573 5462 0 5562 5451 0 5564 5453 0 5575 5464 0 5563 5452 0 5575 5464 0 5574 5463 0 5563 5452 0 5565 5454 0 5576 5465 0 5564 5453 0 5576 5465 0 5575 5464 0 5564 5453 0 5566 5455 0 5577 5466 0 5565 5454 0 5577 5466 0 5576 5465 0 5565 5454 0 5399 5288 0 5409 5298 0 5578 5467 0 5399 5288 0 5578 5467 0 5566 5455 0 5566 5455 0 5578 5467 0 5577 5466 0 5409 5298 0 5410 5299 0 5578 5467 0 5567 5456 0 5579 5468 0 5418 5307 0 5408 5297 0 5567 5456 0 5418 5307 0 5568 5457 0 5580 5469 0 5567 5456 0 5580 5469 0 5579 5468 0 5567 5456 0 5569 5458 0 5581 5470 0 5568 5457 0 5581 5470 0 5580 5469 0 5568 5457 0 5570 5459 0 5582 5471 0 5569 5458 0 5582 5471 0 5581 5470 0 5569 5458 0 5571 5460 0 5583 5472 0 5570 5459 0 5583 5472 0 5582 5471 0 5570 5459 0 5572 5461 0 5584 5473 0 5571 5460 0 5584 5473 0 5583 5472 0 5571 5460 0 5573 5462 0 5585 5474 0 5572 5461 0 5585 5474 0 5584 5473 0 5572 5461 0 5574 5463 0 5586 5475 0 5573 5462 0 5586 5475 0 5585 5474 0 5573 5462 0 5575 5464 0 5587 5476 0 5574 5463 0 5587 5476 0 5586 5475 0 5574 5463 0 5576 5465 0 5588 5477 0 5575 5464 0 5588 5477 0 5587 5476 0 5575 5464 0 5577 5466 0 5589 5478 0 5576 5465 0 5589 5478 0 5588 5477 0 5576 5465 0 5578 5467 0 5590 5479 0 5577 5466 0 5590 5479 0 5589 5478 0 5577 5466 0 5410 5299 0 5419 5308 0 5591 5480 0 5410 5299 0 5591 5480 0 5578 5467 0 5578 5467 0 5591 5480 0 5590 5479 0 5419 5308 0 5420 5309 0 5591 5480 0 5426 5315 0 5592 5481 0 5427 5316 0 5426 5315 0 5418 5307 0 5579 5468 0 5426 5315 0 5579 5468 0 5592 5481 0 5592 5481 0 5579 5468 0 5593 5482 0 5580 5469 0 5594 5483 0 5579 5468 0 5594 5483 0 5593 5482 0 5579 5468 0 5581 5470 0 5595 5484 0 5580 5469 0 5595 5484 0 5594 5483 0 5580 5469 0 5582 5471 0 5596 5485 0 5581 5470 0 5596 5485 0 5595 5484 0 5581 5470 0 5598 5487 0 5583 5472 0 5597 5486 0 5598 5487 0 5596 5485 0 5583 5472 0 5596 5485 0 5582 5471 0 5583 5472 0 5584 5473 0 5597 5486 0 5583 5472 0 5599 5488 0 5597 5486 0 5584 5473 0 5585 5474 0 5599 5488 0 5584 5473 0 5600 5489 0 5599 5488 0 5585 5474 0 5586 5475 0 5600 5489 0 5585 5474 0 5601 5490 0 5600 5489 0 5586 5475 0 5601 5490 0 5603 5492 0 5602 5491 0 5601 5490 0 5586 5475 0 5603 5492 0 5586 5475 0 5587 5476 0 5603 5492 0 5588 5477 0 5604 5493 0 5587 5476 0 5604 5493 0 5603 5492 0 5587 5476 0 5589 5478 0 5605 5494 0 5588 5477 0 5605 5494 0 5604 5493 0 5588 5477 0 5590 5479 0 5606 5495 0 5589 5478 0 5606 5495 0 5605 5494 0 5589 5478 0 5591 5480 0 5607 5496 0 5590 5479 0 5607 5496 0 5606 5495 0 5590 5479 0 5420 5309 0 5428 5317 0 5607 5496 0 5591 5480 0 5420 5309 0 5607 5496 0 5592 5481 0 5608 5497 0 5435 5324 0 5427 5316 0 5592 5481 0 5435 5324 0 5593 5482 0 5609 5498 0 5592 5481 0 5609 5498 0 5608 5497 0 5592 5481 0 5594 5483 0 5610 5499 0 5593 5482 0 5610 5499 0 5609 5498 0 5593 5482 0 5595 5484 0 5611 5500 0 5594 5483 0 5611 5500 0 5610 5499 0 5594 5483 0 5596 5485 0 5612 5501 0 5595 5484 0 5612 5501 0 5611 5500 0 5595 5484 0 5613 5502 0 5596 5485 0 5598 5487 0 5612 5501 0 5596 5485 0 5613 5502 0 5603 5492 0 5614 5503 0 5602 5491 0 5614 5503 0 5616 5505 0 5615 5504 0 5614 5503 0 5603 5492 0 5616 5505 0 5603 5492 0 5604 5493 0 5616 5505 0 5605 5494 0 5617 5506 0 5604 5493 0 5617 5506 0 5616 5505 0 5604 5493 0 5606 5495 0 5618 5507 0 5605 5494 0 5618 5507 0 5617 5506 0 5605 5494 0 5607 5496 0 5619 5508 0 5606 5495 0 5619 5508 0 5618 5507 0 5606 5495 0 5428 5317 0 5436 5325 0 5619 5508 0 5607 5496 0 5428 5317 0 5619 5508 0 5608 5497 0 5620 5509 0 5443 5332 0 5435 5324 0 5608 5497 0 5443 5332 0 5609 5498 0 5621 5510 0 5608 5497 0 5621 5510 0 5620 5509 0 5608 5497 0 5610 5499 0 5622 5511 0 5609 5498 0 5622 5511 0 5621 5510 0 5609 5498 0 5611 5500 0 5623 5512 0 5610 5499 0 5623 5512 0 5622 5511 0 5610 5499 0 5612 5501 0 5624 5513 0 5611 5500 0 5624 5513 0 5623 5512 0 5611 5500 0 5625 5514 0 5612 5501 0 5613 5502 0 5624 5513 0 5612 5501 0 5625 5514 0 5627 5516 0 5615 5504 0 5616 5505 0 5626 5515 0 5615 5504 0 5627 5516 0 5617 5506 0 5628 5517 0 5616 5505 0 5628 5517 0 5627 5516 0 5616 5505 0 5618 5507 0 5629 5518 0 5617 5506 0 5629 5518 0 5628 5517 0 5617 5506 0 5619 5508 0 5630 5519 0 5618 5507 0 5630 5519 0 5629 5518 0 5618 5507 0 5436 5325 0 5444 5333 0 5631 5520 0 5436 5325 0 5631 5520 0 5619 5508 0 5619 5508 0 5631 5520 0 5630 5519 0 5444 5333 0 5445 5334 0 5631 5520 0 5620 5509 0 5632 5521 0 5451 5340 0 5443 5332 0 5620 5509 0 5451 5340 0 5621 5510 0 5633 5522 0 5620 5509 0 5633 5522 0 5632 5521 0 5620 5509 0 5622 5511 0 5634 5523 0 5621 5510 0 5634 5523 0 5633 5522 0 5621 5510 0 5623 5512 0 5635 5524 0 5622 5511 0 5635 5524 0 5634 5523 0 5622 5511 0 5624 5513 0 5636 5525 0 5623 5512 0 5636 5525 0 5635 5524 0 5623 5512 0 5637 5526 0 5624 5513 0 5625 5514 0 5636 5525 0 5624 5513 0 5637 5526 0 5639 5528 0 5626 5515 0 5627 5516 0 5638 5527 0 5626 5515 0 5639 5528 0 5628 5517 0 5640 5529 0 5627 5516 0 5640 5529 0 5639 5528 0 5627 5516 0 5629 5518 0 5641 5530 0 5628 5517 0 5641 5530 0 5640 5529 0 5628 5517 0 5630 5519 0 5642 5531 0 5629 5518 0 5642 5531 0 5641 5530 0 5629 5518 0 5631 5520 0 5643 5532 0 5630 5519 0 5643 5532 0 5642 5531 0 5630 5519 0 5445 5334 0 5452 5341 0 5643 5532 0 5631 5520 0 5445 5334 0 5643 5532 0 5451 5340 0 5632 5521 0 5457 5346 0 5459 5348 0 5457 5346 0 5632 5521 0 5459 5348 0 5632 5521 0 5644 5533 0 5644 5533 0 5632 5521 0 5633 5522 0 5634 5523 0 5645 5534 0 5633 5522 0 5645 5534 0 5644 5533 0 5633 5522 0 5635 5524 0 5646 5535 0 5634 5523 0 5646 5535 0 5645 5534 0 5634 5523 0 5636 5525 0 5647 5536 0 5635 5524 0 5647 5536 0 5646 5535 0 5635 5524 0 5648 5537 0 5636 5525 0 5637 5526 0 5648 5537 0 5649 5538 0 5636 5525 0 5649 5538 0 5647 5536 0 5636 5525 0 5648 5537 0 5650 5539 0 5649 5538 0 5653 5542 0 5652 5541 0 5651 5540 0 5638 5527 0 5653 5542 0 5651 5540 0 5638 5527 0 5639 5528 0 5653 5542 0 5639 5528 0 5654 5543 0 5653 5542 0 5640 5529 0 5655 5544 0 5639 5528 0 5655 5544 0 5654 5543 0 5639 5528 0 5641 5530 0 5656 5545 0 5640 5529 0 5656 5545 0 5655 5544 0 5640 5529 0 5642 5531 0 5657 5546 0 5641 5530 0 5657 5546 0 5656 5545 0 5641 5530 0 5460 5349 0 5461 5350 0 5657 5546 0 5460 5349 0 5657 5546 0 5643 5532 0 5643 5532 0 5657 5546 0 5642 5531 0 5452 5341 0 5460 5349 0 5643 5532 0 5644 5533 0 5658 5547 0 5468 5357 0 5459 5348 0 5644 5533 0 5468 5357 0 5645 5534 0 5659 5548 0 5644 5533 0 5659 5548 0 5658 5547 0 5644 5533 0 5646 5535 0 5660 5549 0 5645 5534 0 5660 5549 0 5659 5548 0 5645 5534 0 5647 5536 0 5661 5550 0 5646 5535 0 5661 5550 0 5660 5549 0 5646 5535 0 5649 5538 0 5662 5551 0 5647 5536 0 5662 5551 0 5661 5550 0 5647 5536 0 5663 5552 0 5649 5538 0 5650 5539 0 5663 5552 0 5664 5553 0 5649 5538 0 5664 5553 0 5662 5551 0 5649 5538 0 5664 5553 0 5665 5554 0 5666 5555 0 5663 5552 0 5665 5554 0 5664 5553 0 5666 5555 0 5667 5556 0 5668 5557 0 5665 5554 0 5667 5556 0 5666 5555 0 5652 5541 0 5668 5557 0 5667 5556 0 5652 5541 0 5653 5542 0 5668 5557 0 5653 5542 0 5669 5558 0 5668 5557 0 5654 5543 0 5670 5559 0 5653 5542 0 5670 5559 0 5669 5558 0 5653 5542 0 5655 5544 0 5671 5560 0 5654 5543 0 5671 5560 0 5670 5559 0 5654 5543 0 5656 5545 0 5672 5561 0 5655 5544 0 5672 5561 0 5671 5560 0 5655 5544 0 5657 5546 0 5673 5562 0 5656 5545 0 5673 5562 0 5672 5561 0 5656 5545 0 5461 5350 0 5469 5358 0 5673 5562 0 5657 5546 0 5461 5350 0 5673 5562 0 5658 5547 0 5674 5563 0 5476 5365 0 5468 5357 0 5658 5547 0 5476 5365 0 5659 5548 0 5675 5564 0 5658 5547 0 5675 5564 0 5674 5563 0 5658 5547 0 5660 5549 0 5676 5565 0 5659 5548 0 5676 5565 0 5675 5564 0 5659 5548 0 5661 5550 0 5677 5566 0 5660 5549 0 5677 5566 0 5676 5565 0 5660 5549 0 5662 5551 0 5678 5567 0 5661 5550 0 5678 5567 0 5677 5566 0 5661 5550 0 5664 5553 0 5679 5568 0 5662 5551 0 5679 5568 0 5678 5567 0 5662 5551 0 5666 5555 0 5680 5569 0 5664 5553 0 5680 5569 0 5679 5568 0 5664 5553 0 5668 5557 0 5681 5570 0 5666 5555 0 5681 5570 0 5680 5569 0 5666 5555 0 5669 5558 0 5682 5571 0 5668 5557 0 5682 5571 0 5681 5570 0 5668 5557 0 5670 5559 0 5683 5572 0 5669 5558 0 5683 5572 0 5682 5571 0 5669 5558 0 5671 5560 0 5684 5573 0 5670 5559 0 5684 5573 0 5683 5572 0 5670 5559 0 5672 5561 0 5685 5574 0 5671 5560 0 5685 5574 0 5684 5573 0 5671 5560 0 5673 5562 0 5686 5575 0 5672 5561 0 5686 5575 0 5685 5574 0 5672 5561 0 5469 5358 0 5477 5366 0 5686 5575 0 5673 5562 0 5469 5358 0 5686 5575 0 5476 5365 0 5674 5563 0 5483 5372 0 5485 5374 0 5483 5372 0 5674 5563 0 5485 5374 0 5674 5563 0 5687 5576 0 5687 5576 0 5674 5563 0 5675 5564 0 5676 5565 0 5688 5577 0 5675 5564 0 5688 5577 0 5687 5576 0 5675 5564 0 5677 5566 0 5689 5578 0 5676 5565 0 5689 5578 0 5688 5577 0 5676 5565 0 5678 5567 0 5690 5579 0 5677 5566 0 5690 5579 0 5689 5578 0 5677 5566 0 5679 5568 0 5691 5580 0 5678 5567 0 5691 5580 0 5690 5579 0 5678 5567 0 5680 5569 0 5692 5581 0 5679 5568 0 5692 5581 0 5691 5580 0 5679 5568 0 5681 5570 0 5693 5582 0 5680 5569 0 5693 5582 0 5692 5581 0 5680 5569 0 5682 5571 0 5694 5583 0 5681 5570 0 5694 5583 0 5693 5582 0 5681 5570 0 5683 5572 0 5695 5584 0 5682 5571 0 5695 5584 0 5694 5583 0 5682 5571 0 5684 5573 0 5696 5585 0 5683 5572 0 5696 5585 0 5695 5584 0 5683 5572 0 5685 5574 0 5697 5586 0 5684 5573 0 5697 5586 0 5696 5585 0 5684 5573 0 5486 5375 0 5487 5376 0 5697 5586 0 5486 5375 0 5697 5586 0 5686 5575 0 5686 5575 0 5697 5586 0 5685 5574 0 5477 5366 0 5486 5375 0 5686 5575 0 5485 5374 0 5687 5576 0 5493 5382 0 5495 5384 0 5493 5382 0 5687 5576 0 5688 5577 0 5495 5384 0 5687 5576 0 5497 5386 0 5495 5384 0 5688 5577 0 5497 5386 0 5688 5577 0 5698 5587 0 5698 5587 0 5688 5577 0 5689 5578 0 5690 5579 0 5699 5588 0 5689 5578 0 5699 5588 0 5698 5587 0 5689 5578 0 5691 5580 0 5700 5589 0 5690 5579 0 5700 5589 0 5699 5588 0 5690 5579 0 5692 5581 0 5701 5590 0 5691 5580 0 5701 5590 0 5700 5589 0 5691 5580 0 5693 5582 0 5702 5591 0 5692 5581 0 5702 5591 0 5701 5590 0 5692 5581 0 5694 5583 0 5703 5592 0 5693 5582 0 5703 5592 0 5702 5591 0 5693 5582 0 5695 5584 0 5704 5593 0 5694 5583 0 5704 5593 0 5703 5592 0 5694 5583 0 5696 5585 0 5705 5594 0 5695 5584 0 5705 5594 0 5704 5593 0 5695 5584 0 5498 5387 0 5499 5388 0 5705 5594 0 5498 5387 0 5705 5594 0 5697 5586 0 5697 5586 0 5705 5594 0 5696 5585 0 5487 5376 0 5498 5387 0 5697 5586 0 5497 5386 0 5698 5587 0 5507 5396 0 5509 5398 0 5507 5396 0 5698 5587 0 5699 5588 0 5509 5398 0 5698 5587 0 5511 5400 0 5509 5398 0 5699 5588 0 5700 5589 0 5511 5400 0 5699 5588 0 5513 5402 0 5511 5400 0 5700 5589 0 5513 5402 0 5700 5589 0 5706 5595 0 5706 5595 0 5700 5589 0 5701 5590 0 5702 5591 0 5707 5596 0 5701 5590 0 5707 5596 0 5706 5595 0 5701 5590 0 5514 5403 0 5515 5404 0 5707 5596 0 5514 5403 0 5707 5596 0 5703 5592 0 5703 5592 0 5707 5596 0 5702 5591 0 5517 5406 0 5514 5403 0 5703 5592 0 5704 5593 0 5517 5406 0 5703 5592 0 5519 5408 0 5517 5406 0 5704 5593 0 5705 5594 0 5519 5408 0 5704 5593 0 5499 5388 0 5519 5408 0 5705 5594 0 5513 5402 0 5706 5595 0 5529 5418 0 5531 5420 0 5529 5418 0 5706 5595 0 5707 5596 0 5531 5420 0 5706 5595 0 5515 5404 0 5531 5420 0 5707 5596 0 5597 5486 0 5708 5597 0 5598 5487 0 5597 5486 0 5599 5488 0 5709 5598 0 5708 5597 0 5597 5486 0 5709 5598 0 5599 5488 0 5600 5489 0 5710 5599 0 5709 5598 0 5599 5488 0 5710 5599 0 5600 5489 0 5601 5490 0 5711 5600 0 5710 5599 0 5600 5489 0 5711 5600 0 5601 5490 0 5602 5491 0 5711 5600 0 5708 5597 0 5712 5601 0 5613 5502 0 5598 5487 0 5708 5597 0 5613 5502 0 5709 5598 0 5713 5602 0 5708 5597 0 5713 5602 0 5712 5601 0 5708 5597 0 5710 5599 0 5714 5603 0 5709 5598 0 5714 5603 0 5713 5602 0 5709 5598 0 5711 5600 0 5715 5604 0 5710 5599 0 5715 5604 0 5714 5603 0 5710 5599 0 5602 5491 0 5614 5503 0 5716 5605 0 5602 5491 0 5716 5605 0 5711 5600 0 5711 5600 0 5716 5605 0 5715 5604 0 5614 5503 0 5615 5504 0 5716 5605 0 5712 5601 0 5717 5606 0 5625 5514 0 5613 5502 0 5712 5601 0 5625 5514 0 5713 5602 0 5718 5607 0 5712 5601 0 5718 5607 0 5717 5606 0 5712 5601 0 5714 5603 0 5719 5608 0 5713 5602 0 5719 5608 0 5718 5607 0 5713 5602 0 5715 5604 0 5720 5609 0 5714 5603 0 5720 5609 0 5719 5608 0 5714 5603 0 5716 5605 0 5721 5610 0 5715 5604 0 5721 5610 0 5720 5609 0 5715 5604 0 5615 5504 0 5626 5515 0 5721 5610 0 5716 5605 0 5615 5504 0 5721 5610 0 5717 5606 0 5722 5611 0 5637 5526 0 5625 5514 0 5717 5606 0 5637 5526 0 5718 5607 0 5723 5612 0 5717 5606 0 5723 5612 0 5722 5611 0 5717 5606 0 5719 5608 0 5724 5613 0 5718 5607 0 5724 5613 0 5723 5612 0 5718 5607 0 5720 5609 0 5725 5614 0 5719 5608 0 5725 5614 0 5724 5613 0 5719 5608 0 5721 5610 0 5726 5615 0 5720 5609 0 5726 5615 0 5725 5614 0 5720 5609 0 5626 5515 0 5638 5527 0 5726 5615 0 5721 5610 0 5626 5515 0 5726 5615 0 5637 5526 0 5722 5611 0 5648 5537 0 5650 5539 0 5648 5537 0 5722 5611 0 5650 5539 0 5722 5611 0 5727 5616 0 5727 5616 0 5722 5611 0 5723 5612 0 5724 5613 0 5728 5617 0 5723 5612 0 5728 5617 0 5727 5616 0 5723 5612 0 5725 5614 0 5729 5618 0 5724 5613 0 5729 5618 0 5728 5617 0 5724 5613 0 5651 5540 0 5652 5541 0 5729 5618 0 5651 5540 0 5729 5618 0 5726 5615 0 5726 5615 0 5729 5618 0 5725 5614 0 5638 5527 0 5651 5540 0 5726 5615 0 5650 5539 0 5727 5616 0 5663 5552 0 5665 5554 0 5663 5552 0 5727 5616 0 5728 5617 0 5665 5554 0 5727 5616 0 5667 5556 0 5665 5554 0 5728 5617 0 5729 5618 0 5667 5556 0 5728 5617 0 5652 5541 0 5667 5556 0 5729 5618 0 5730 5619 0 5731 5619 0 5732 5619 0</p>
        </polylist>
      </mesh>
    </geometry>

    <geometry id="floor-mesh" name="floor">
      <mesh>
        <source id="floor-mesh-positions">
          <float_array id="floor-mesh-positions-array" count="12">4 0 -4 4 0 4 -4 0 4 -4 0 -4</float_array>
          <technique_common>
            <accessor source="#floor-mesh-positions-array" count="4" stride="3">
              <param name="X" type="float"/>
              <param name="Y" type="float"/>
              <param name="Z" type="float"/>
            </accessor>
          </technique_common>
        </source>
        <source id="floor-mesh-normals">
          <float_array id="floor-mesh-normals-array" count="6">0 1 0 0 1 0</float_array>
          <technique_common>
            <accessor source="#floor-mesh-normals-array" count="2" stride="3">
              <param name="X" type="float"/>
              <param name="Y" type="float"/>
              <param name="Z" type="float"/>
            </accessor>
          </technique_common>
        </source>
        <source id="floor-mesh-map-0">
          <float_array id="floor-mesh-map-0-array" count="12">0 1 0 1 0 1 0 1 0 1 0 1</float_array>
          <technique_common>
            <accessor source="#floor-mesh-map-0-array" count="6" stride="2">
              <param name="S" type="float"/>
              <param name="T" type="float"/>
            </accessor>
          </technique_common>
        </source>
        <vertices id="floor-mesh-vertices">
          <input semantic="POSITION" source="#floor-mesh-positions"/>
        </vertices>
        <polylist material="floor-material" count="2">
          <input semantic="VERTEX" source="#floor-mesh-vertices" offset="0"/>
          <input semantic="NORMAL" source="#floor-mesh-normals" offset="1"/>
          <input semantic="TEXCOORD" source="#floor-mesh-map-0" offset="2" set="0"/>
          <vcount>3 3 </vcount>
          <p>0 0 0 1 0 1 2 0 2 3 1 3 0 1 4 2 1 5</p>
        </polylist>
      </mesh>
    </geometry>
  </library_geometries>

  <library_visual_scenes>
    <visual_scene id="Scene" name="Scene">
      <node id="Camera" name="Camera" type="NODE">
        <matrix sid="transform">1 0 0 0 0 1 0 1 0 0 1 2.732 0 0 0 1</matrix>
        <instance_camera url="#Camera-camera"/>
      </node>

      <node id="Area" name="Area" type="NODE">
        <matrix sid="transform">0.3 0 0 2 0 0.3 0 3 0 0 0.3 2 0 0 0 1</matrix>
        <instance_light url="#Area-light"/>
      </node>

      <node id="Slime" name="Slime" type="NODE">
        <matrix sid="transform">1 0 0 0 0 1 0 0 0 0 1 0 0 0 0 1</matrix>
        <instance_geometry url="#Slime-data">
          <bind_material>
            <technique_common>
              <instance_material symbol="slime-material" target="#slime-material"/>
            </technique_common>
          </bind_material>
        </instance_geometry>
      </node>
    </visual_scene>
  </library_visual_scenes>

  <scene>
    <instance_visual_scene url="#Scene"/>
  </scene>
</COLLADA>
