<?xml version="1.0" encoding="utf-8"?>
<COLLADA xmlns="http://www.collada.org/2005/11/COLLADASchema" version="1.4.1">
  <asset>
    <contributor><author>Slimelight</author></contributor>
    <created>2026-04-20T00:00:00</created>
    <modified>2026-04-20T00:00:00</modified>
    <unit name="meter" meter="1"/>
    <up_axis>Y_UP</up_axis>
  </asset>

  <library_lights>
    <light id="Area-light" name="Light">
      <technique_common>
        <point>
          <color sid="color">0 0 0</color>
          <constant_attenuation>1</constant_attenuation>
          <linear_attenuation>0</linear_attenuation>
          <quadratic_attenuation>0.001599967</quadratic_attenuation>
        </point>
      </technique_common>
      <extra>
        <technique profile="CGL">
          <area>
            <color sid="color">0 0 0</color>
          </area>
        </technique>
      </extra>
    </light>
  </library_lights>

  <library_cameras>
    <camera id="Camera-camera" name="Camera">
      <optics>
        <technique_common>
          <perspective>
            <xfov sid="xfov">42.0</xfov>
            <aspect_ratio>1.333333</aspect_ratio>
            <znear sid="znear">0.1</znear>
            <zfar sid="zfar">100</zfar>
          </perspective>
        </technique_common>
      </optics>
    </camera>
  </library_cameras>

  <library_images/>

  <library_effects>
    <effect id="slime-effect">
      <profile_COMMON>
        <technique sid="common">
          <phong>
            <emission><color sid="emission">0 0 0 1</color></emission>
            <ambient><color sid="ambient">0 0 0 1</color></ambient>
            <diffuse><color sid="diffuse">0.5 0.3 0.7 1</color></diffuse>
            <specular><color sid="specular">0.5 0.5 0.5 1</color></specular>
            <shininess><float sid="shininess">50</float></shininess>
            <index_of_refraction><float sid="ior">1.4</float></index_of_refraction>
          </phong>
        </technique>
      </profile_COMMON>
      <extra>
        <technique profile="CGL">
          <glass>
            <reflectance>1 1 1</reflectance>
            <transmittance>1 1 1</transmittance>
            <roughness>0</roughness>
            <ior>1.2</ior>
            <dispersion>0.005</dispersion>
            <sigma_a>0.5 0.05 0.5</sigma_a>
            <sigma_s>0.05 0.05 0.05</sigma_s>
            <phase_g>0.0</phase_g>
          </glass>
        </technique>
      </extra>
    </effect>

    <effect id="floor-effect">
      <profile_COMMON>
        <technique sid="common">
          <phong>
            <emission><color sid="emission">0 0 0 1</color></emission>
            <ambient><color sid="ambient">0 0 0 1</color></ambient>
            <diffuse><color sid="diffuse">0.7 0.7 0.7 1</color></diffuse>
            <specular><color sid="specular">0 0 0 1</color></specular>
            <shininess><float sid="shininess">1</float></shininess>
            <index_of_refraction><float sid="ior">1</float></index_of_refraction>
          </phong>
        </technique>
      </profile_COMMON>
    </effect>
  </library_effects>

  <library_materials>
    <material id="slime-material" name="slime">
      <instance_effect url="#slime-effect"/>
    </material>
    <material id="floor-material" name="floor">
      <instance_effect url="#floor-effect"/>
    </material>
  </library_materials>

  <library_geometries>
    <geometry id="Slime-data" name="Slime">
      <mesh>
        <source id="Slime-positions">
          <float_array id="Slime-positions-array" count="9609">-0.075577 0.873828 0.783641 -0.123234 0.870926 0.769434 -0.060768 0.852300 0.741602 -0.025660 0.876562 0.790475 0.018973 0.852891 0.748227 0.050926 0.879114 0.796202 0.095136 0.855637 0.752185 0.128381 0.883336 0.798611 0.170757 0.860360 0.753184 0.212443 0.894417 0.800905 0.239429 0.863521 0.748069 0.271197 0.883171 0.773165 -0.387529 0.863930 0.692222 -0.424746 0.861054 0.668518 -0.369157 0.844189 0.654994 -0.344427 0.865966 0.709002 -0.297658 0.843440 0.675046 -0.273906 0.866825 0.730269 -0.223913 0.843682 0.690288 -0.197770 0.867445 0.748766 -0.137535 0.843666 0.703566 -0.068032 0.834505 0.685078 -0.005557 0.835733 0.694956 0.067635 0.837376 0.700315 0.141838 0.840334 0.702976 0.214288 0.844401 0.703015 0.289084 0.867480 0.742858 0.284797 0.850650 0.702470 0.323371 0.864774 0.721644 -0.460731 0.857040 0.643106 -0.495815 0.855647 0.614227 -0.433867 0.838135 0.603504 -0.369684 0.827552 0.600544 -0.316224 0.827999 0.618992 -0.250980 0.828585 0.632651 -0.178759 0.829133 0.638074 -0.101967 0.828042 0.636716 -0.027923 0.827019 0.638625 0.044650 0.827875 0.643961 0.118470 0.829678 0.647860 0.191723 0.832597 0.649977 0.263018 0.837081 0.650641 0.337476 0.854932 0.690134 0.332112 0.843805 0.648973 0.371690 0.855453 0.664948 -0.531401 0.854278 0.584928 -0.565369 0.855458 0.553275 -0.504680 0.835742 0.541707 -0.441914 0.823517 0.536128 -0.389812 0.821082 0.551503 -0.331409 0.819444 0.563813 -0.270075 0.820570 0.574933 -0.211670 0.822419 0.586949 -0.139114 0.823756 0.567087 -0.052878 0.825036 0.577137 0.023962 0.825702 0.583514 0.098840 0.826725 0.588468 0.172966 0.828401 0.591996 0.245391 0.831215 0.594604 0.313913 0.835808 0.596761 0.384278 0.849746 0.631642 0.372461 0.842447 0.597648 0.417827 0.852626 0.598880 -0.599533 0.856690 0.521717 -0.630896 0.860744 0.489464 -0.573415 0.837620 0.475836 -0.513347 0.823019 0.468216 -0.464329 0.819017 0.484435 -0.407016 0.816310 0.491751 -0.344571 0.816464 0.503603 -0.288972 0.817566 0.523673 -0.213021 0.821384 0.513857 -0.070804 0.827865 0.508913 -0.135749 0.825867 0.497152 0.006204 0.829037 0.518695 0.082301 0.829716 0.525298 0.157486 0.830402 0.529957 0.231558 0.831654 0.533759 0.303315 0.834333 0.538031 0.369656 0.839648 0.544985 0.417996 0.847982 0.559520 -0.663284 0.864985 0.454621 -0.695770 0.872436 0.410748 -0.634780 0.844527 0.414095 -0.582962 0.826434 0.398253 -0.534620 0.819998 0.411908 -0.478067 0.815685 0.422161 -0.428446 0.814690 0.439825 -0.362044 0.816934 0.427926 -0.278552 0.820219 0.455487 -0.160799 0.828033 0.454223 -0.208398 0.826020 0.440559 -0.721048 0.868088 0.340054 -0.669827 0.843270 0.326917 -0.607028 0.826205 0.339382 -0.552009 0.817625 0.347639 -0.493828 0.815112 0.355667 -0.421366 0.816381 0.368556 -0.291508 0.825097 0.376102 -0.351250 0.821601 0.353864 -0.230959 0.828492 0.394958 -0.755662 0.885047 0.315337 -0.774745 0.885828 0.254116 -0.719417 0.854949 0.265930 -0.668585 0.833218 0.249991 -0.622290 0.824345 0.267475 -0.564987 0.817797 0.280801 -0.515033 0.815493 0.298213 -0.449849 0.818718 0.283110 -0.373707 0.824355 0.293123 -0.797656 0.886979 0.174166 -0.740545 0.855831 0.184322 -0.685573 0.835077 0.190913 -0.633014 0.823393 0.199189 -0.576023 0.818825 0.208869 -0.504794 0.818926 0.222956 -0.392079 0.827178 0.232264 -0.436229 0.824453 0.208518 0.764415 0.869449 0.195027 0.749375 0.858495 0.157423 0.799663 0.870496 0.142114 0.801486 0.883999 0.198625 -0.802568 0.880083 0.086827 -0.752949 0.855055 0.104455 -0.697193 0.836143 0.116978 -0.640238 0.824938 0.130138 -0.592333 0.820265 0.148889 -0.527028 0.822039 0.134518 -0.452247 0.827364 0.145887 0.712622 0.852060 0.141595 0.700574 0.848730 0.084161 0.762845 0.855070 0.094052 0.813308 0.865992 0.081999 0.846179 0.901086 0.167731 0.845667 0.883771 0.102765 0.875729 0.907259 0.118435 -0.807327 0.878438 0.009485 -0.759864 0.853919 0.025741 -0.705503 0.836915 0.039908 -0.645312 0.826994 0.053723 -0.576253 0.823433 0.072758 -0.467358 0.829602 0.083319 -0.508931 0.827026 0.059051 0.691643 0.848571 0.013879 0.749873 0.851228 0.023729 0.802371 0.861215 0.030648 0.845576 0.878588 0.043071 0.879447 0.902899 0.066671 -0.810281 0.879342 -0.063841 -0.765133 0.854828 -0.048569 -0.712533 0.838322 -0.035566 -0.653542 0.829141 -0.023585 -0.588836 0.826497 -0.011717 -0.520101 0.829465 -0.003857 0.687115 0.851722 -0.055301 0.740418 0.852086 -0.042727 0.791538 0.860657 -0.033332 0.839247 0.878746 -0.021405 0.879753 0.903977 0.002289 -0.810201 0.882054 -0.132115 -0.769299 0.858120 -0.117467 -0.719061 0.841552 -0.106636 -0.661557 0.832080 -0.097044 -0.598495 0.829212 -0.087928 -0.531138 0.831830 -0.079533 0.688633 0.857955 -0.120428 0.733124 0.855968 -0.103572 0.779307 0.862844 -0.095710 0.826444 0.880443 -0.088626 0.876583 0.912864 -0.076333 -0.805350 0.885633 -0.191850 -0.772794 0.864226 -0.177979 -0.726054 0.847916 -0.171594 -0.669767 0.837107 -0.165461 -0.607808 0.832811 -0.159376 -0.541017 0.834318 -0.153693 0.702110 0.867043 -0.173055 0.728034 0.861714 -0.149578 0.764873 0.867595 -0.150029 0.807779 0.882210 -0.148398 0.851210 0.909959 -0.148778 -0.794348 0.886604 -0.230579 -0.776728 0.873063 -0.221787 -0.736565 0.859961 -0.228424 -0.678659 0.846090 -0.228873 -0.617594 0.838576 -0.224875 -0.552065 0.837792 -0.223939 0.742381 0.874840 -0.193591 0.786747 0.888745 -0.200544 0.825148 0.907032 -0.197725 -0.763750 0.886590 -0.276200 -0.690512 0.861707 -0.289324 -0.623275 0.848342 -0.288963 -0.567829 0.842634 -0.278855 -0.054472 0.867668 -0.765197 -0.054536 0.877408 -0.798155 -0.014146 0.868767 -0.794548 -0.009733 0.861354 -0.753311 0.033392 0.867232 -0.792041 0.046488 0.860869 -0.750393 0.077644 0.868306 -0.788077 0.103181 0.866587 -0.757259 0.121614 0.878706 -0.802046 0.150538 0.877025 -0.774043 -0.023851 0.880259 -0.820953 -0.010218 0.889700 -0.838945 0.015527 0.879719 -0.825304 0.075046 0.885289 -0.828278 0.166710 0.889847 -0.807219 0.146835 0.906164 -0.843892 0.025179 0.909880 -0.863460 0.095739 0.913238 -0.866694 -0.119651 0.968850 0.873825 -0.157817 0.931181 0.839875 -0.088077 0.908421 0.823378 -0.029768 0.959858 0.873895 0.007727 0.912461 0.835138 0.056661 0.956221 0.874197 0.088424 0.913738 0.837624 0.133397 0.953900 0.869555 0.159789 0.916621 0.836456 0.198841 0.951457 0.859797 0.203355 0.921800 0.836344 0.246148 0.937005 0.837557 -0.441613 0.955003 0.768203 -0.469572 0.915529 0.723274 -0.406711 0.894949 0.725195 -0.370834 0.935500 0.781155 -0.324865 0.898606 0.760012 -0.299510 0.945344 0.814705 -0.248815 0.898794 0.783184 -0.218951 0.932886 0.828575 -0.173267 0.898606 0.801334 0.288806 0.915143 0.803781 0.330880 0.891341 0.758625 0.365172 0.941951 0.800259 0.405259 0.913326 0.748673 0.437976 0.954822 0.780246 0.469701 0.934128 0.739802 0.484752 0.963090 0.766125 -0.500286 0.911024 0.704952 -0.532772 0.909579 0.681633 -0.481663 0.883324 0.675741 0.377954 0.875265 0.704889 0.451634 0.900337 0.695876 0.516858 0.959463 0.740654 0.521338 0.931304 0.695287 0.549822 0.961092 0.717729 0.569391 0.952421 0.688520 0.579830 0.975797 0.709029 -0.566497 0.908658 0.657352 -0.599202 0.910456 0.629740 -0.550791 0.880288 0.622320 0.428139 0.868399 0.642520 0.507717 0.898122 0.634377 0.581728 0.934894 0.639004 0.610704 0.973832 0.674341 -0.632062 0.912622 0.601947 -0.662428 0.917473 0.572727 -0.617514 0.883459 0.563147 0.486340 0.867938 0.558889 0.575472 0.904082 0.568167 0.644410 0.967490 0.627140 0.638093 0.938106 0.578221 0.674821 0.964455 0.585031 -0.692375 0.923052 0.544559 -0.718611 0.932592 0.518286 -0.679443 0.893401 0.501793 -0.088378 0.834467 0.434753 -0.007130 0.836097 0.450040 0.069259 0.836733 0.458865 0.144976 0.836773 0.464584 0.220201 0.836699 0.468947 0.294504 0.837348 0.473436 0.367702 0.840272 0.480045 0.443714 0.849053 0.493982 0.519596 0.861741 0.476799 0.578445 0.882724 0.491913 0.656745 0.920334 0.503333 0.689500 0.954924 0.544083 -0.751777 0.949486 0.486401 -0.773898 0.945338 0.427591 -0.731171 0.912947 0.454627 -0.151560 0.837003 0.378260 -0.071094 0.844558 0.364558 -0.012023 0.845268 0.380417 0.060635 0.845878 0.390256 0.135634 0.845606 0.396622 0.211151 0.844613 0.401230 0.286457 0.843487 0.405440 0.361147 0.843359 0.410378 0.435454 0.846083 0.416454 0.508894 0.853320 0.418355 0.578801 0.867126 0.419659 0.649868 0.891073 0.423445 0.730022 0.963062 0.494610 0.728409 0.927886 0.422327 0.767482 0.963855 0.445184 -0.798625 0.931496 0.335387 -0.749152 0.899775 0.380803 -0.299637 0.831266 0.299901 -0.217405 0.837895 0.318835 -0.141499 0.847563 0.299089 -0.082471 0.851004 0.308803 -0.014141 0.854209 0.313527 0.055746 0.855323 0.320965 0.129389 0.855111 0.326842 0.204578 0.853691 0.331310 0.280119 0.851404 0.335285 0.355280 0.849027 0.339672 0.429479 0.847908 0.344859 0.501935 0.849829 0.349759 0.572056 0.856777 0.352928 0.640070 0.870812 0.354609 0.710456 0.893245 0.349535 0.791978 0.957455 0.399906 0.781662 0.924458 0.341948 0.816118 0.951982 0.356840 -0.819040 0.919040 0.249285 -0.318541 0.837018 0.217282 -0.236228 0.844817 0.234920 -0.159999 0.852190 0.240733 -0.088826 0.858091 0.242308 -0.019427 0.861720 0.246844 0.052047 0.863652 0.251340 0.125359 0.863838 0.255785 0.200220 0.862443 0.259634 0.275712 0.859647 0.263282 0.351039 0.855924 0.267467 0.425459 0.852260 0.272829 0.497895 0.850232 0.279514 0.566212 0.851792 0.286750 0.632700 0.858729 0.289319 0.690463 0.871979 0.294109 0.763441 0.889125 0.262605 0.825337 0.943947 0.324251 0.822123 0.926064 0.280923 0.854953 0.963205 0.301720 -0.848618 0.946639 0.239168 -0.862094 0.952633 0.192408 -0.835999 0.920945 0.199306 -0.374348 0.835425 0.156549 -0.300738 0.846128 0.140342 -0.242568 0.851427 0.157967 -0.170405 0.857981 0.168290 -0.097131 0.863727 0.173533 -0.024475 0.867882 0.177041 0.048482 0.870258 0.180382 0.122482 0.870910 0.183511 0.197440 0.869834 0.186515 0.272922 0.867061 0.189677 0.348300 0.862794 0.193618 0.422941 0.857665 0.199064 0.496171 0.852957 0.206677 0.566414 0.850632 0.217355 0.622627 0.852729 0.233193 0.698886 0.860438 0.216089 0.823058 0.906170 0.227556 0.870519 0.946113 0.229971 -0.872067 0.953343 0.124961 -0.838434 0.914477 0.140838 -0.394601 0.839363 0.067606 -0.315665 0.848786 0.079322 -0.245393 0.856742 0.085790 -0.175680 0.863056 0.094645 -0.102837 0.868433 0.100879 -0.028926 0.872505 0.104797 0.045411 0.875058 0.107571 0.120251 0.876031 0.109908 0.195608 0.875367 0.112173 0.271232 0.872965 0.114790 0.346667 0.868791 0.118370 0.421344 0.863123 0.123658 0.494807 0.856849 0.131328 0.567444 0.851695 0.142024 0.644289 0.850509 0.158278 0.890159 0.934331 0.157972 0.904347 0.933619 0.100222 0.921480 0.970856 0.143283 -0.879139 0.953140 0.049621 -0.843832 0.911864 0.067100 -0.446726 0.836334 0.008289 -0.375957 0.846402 -0.009916 -0.320032 0.852700 0.005503 -0.250576 0.860267 0.014596 -0.179232 0.866781 0.021365 -0.106364 0.871907 0.026873 -0.032056 0.875706 0.030689 0.043027 0.878166 0.033223 0.118536 0.879277 0.035101 0.194311 0.878984 0.036849 0.270147 0.877129 0.038977 0.345700 0.873515 0.042121 0.420440 0.868101 0.047079 0.493626 0.861317 0.054635 0.564691 0.854404 0.064959 0.634095 0.849488 0.076792 0.910547 0.935204 0.038059 0.932826 0.974205 0.081470 -0.882828 0.954967 -0.028840 -0.847749 0.911613 -0.008518 -0.460813 0.838341 -0.071849 -0.389943 0.847002 -0.068854 -0.321880 0.855483 -0.065697 -0.253708 0.862796 -0.058335 -0.182139 0.869115 -0.052272 -0.108749 0.874036 -0.047686 -0.034108 0.877549 -0.044388 0.041358 0.879794 -0.042157 0.117256 0.880892 -0.040572 0.193307 0.880876 -0.039154 0.269282 0.879626 -0.037395 0.344912 0.876891 -0.034684 0.419824 0.872412 -0.030231 0.493334 0.866176 -0.023040 0.563787 0.858779 -0.012119 0.629752 0.851987 0.001473 0.912584 0.941545 -0.029958 0.938996 0.979674 0.013698 -0.879178 0.954458 -0.106835 -0.847815 0.912597 -0.082946 -0.470739 0.839956 -0.147355 -0.399174 0.847870 -0.141264 -0.327855 0.856298 -0.136337 -0.256684 0.863896 -0.131368 -0.184393 0.870120 -0.126509 -0.110532 0.874848 -0.122700 -0.035534 0.878120 -0.119975 0.040187 0.880140 -0.118101 0.116275 0.881154 -0.116749 0.192425 0.881329 -0.115525 0.268379 0.880673 -0.113984 0.343890 0.879001 -0.111593 0.418736 0.876001 -0.107690 0.492733 0.871384 -0.101386 0.565327 0.865067 -0.091250 0.630584 0.857431 -0.073944 0.913518 0.951913 -0.088691 0.941455 0.990953 -0.060997 -0.869174 0.956642 -0.181955 -0.841521 0.914261 -0.154792 -0.480052 0.841855 -0.222501 -0.406332 0.848459 -0.215999 -0.333208 0.856173 -0.210045 -0.260136 0.863554 -0.205176 -0.186547 0.869721 -0.201181 -0.112054 0.874353 -0.198074 -0.036701 0.877490 -0.195853 0.039220 0.879367 -0.194305 0.115387 0.880316 -0.193132 0.191496 0.880647 -0.191998 0.267267 0.880546 -0.190522 0.342427 0.880002 -0.188249 0.416739 0.878799 -0.184653 0.490208 0.876648 -0.179208 0.563625 0.873264 -0.171200 0.641374 0.868052 -0.159226 0.928255 0.981553 -0.119035 0.896934 0.953450 -0.149472 -0.857801 0.973314 -0.264878 -0.822323 0.915269 -0.229526 -0.493006 0.845509 -0.302096 -0.412368 0.849346 -0.291786 -0.337583 0.855516 -0.284969 -0.263356 0.862117 -0.279938 -0.188796 0.867983 -0.276260 -0.113659 0.872542 -0.273642 -0.037949 0.875681 -0.271831 0.038140 0.877580 -0.270547 0.114325 0.878593 -0.269487 0.190302 0.879133 -0.268345 0.265765 0.879571 -0.266790 0.340409 0.880136 -0.264437 0.413931 0.880832 -0.260806 0.485991 0.881451 -0.255444 0.556890 0.881981 -0.248618 0.627450 0.882468 -0.240191 0.701337 0.885608 -0.235126 0.759395 0.897048 -0.243948 0.808086 0.925152 -0.260045 0.860737 0.948162 -0.222754 -0.807301 0.927595 -0.301866 -0.796999 0.933769 -0.346832 -0.763471 0.911432 -0.349330 -0.702279 0.883403 -0.353167 -0.629690 0.863385 -0.355975 -0.549148 0.851917 -0.352035 -0.472100 0.851320 -0.377765 -0.413108 0.851449 -0.366449 -0.340637 0.855066 -0.359568 -0.266275 0.860114 -0.354735 -0.191238 0.865197 -0.351353 -0.115674 0.869506 -0.349103 -0.039681 0.872716 -0.347642 0.036548 0.874849 -0.346588 0.112728 0.876172 -0.345586 0.188533 0.877111 -0.344340 0.263616 0.878164 -0.342562 0.337617 0.879792 -0.339929 0.410259 0.882326 -0.336092 0.481222 0.885805 -0.330400 0.549134 0.889770 -0.322179 0.615959 0.895729 -0.315683 0.675474 0.900958 -0.302769 0.748042 0.926658 -0.322499 0.844809 0.963463 -0.286644 0.816534 0.968520 -0.334884 -0.782633 0.943999 -0.393155 -0.750410 0.943566 -0.453833 -0.715573 0.911524 -0.421390 -0.641399 0.883335 -0.422941 -0.565358 0.866777 -0.425641 -0.488238 0.858454 -0.431722 -0.415113 0.855622 -0.435228 -0.343450 0.855950 -0.431947 -0.269376 0.858507 -0.428394 -0.194257 0.862032 -0.425672 -0.118554 0.865612 -0.423894 -0.042442 0.868750 -0.422841 0.033880 0.871274 -0.422090 0.110082 0.873240 -0.421158 0.185738 0.874927 -0.419711 0.260441 0.876836 -0.417558 0.333772 0.879573 -0.414426 0.405257 0.883703 -0.410032 0.475116 0.889896 -0.404480 0.543673 0.898175 -0.395851 0.600869 0.904717 -0.378741 0.674954 0.925915 -0.392757 0.783705 0.967585 -0.380741 0.748432 0.964633 -0.417420 -0.735779 0.947143 -0.489357 -0.706898 0.929172 -0.486831 -0.650884 0.905538 -0.486467 -0.578745 0.885426 -0.491044 -0.501832 0.871793 -0.496393 -0.424616 0.863730 -0.500383 -0.348868 0.859847 -0.501281 -0.273799 0.858850 -0.499876 -0.198543 0.859753 -0.498272 -0.122934 0.861729 -0.497204 -0.046963 0.864264 -0.496710 0.029315 0.867096 -0.496512 0.105624 0.870035 -0.495879 0.181307 0.872975 -0.494174 0.255706 0.876164 -0.491397 0.328465 0.880255 -0.487606 0.399057 0.885931 -0.482292 0.466158 0.893653 -0.475213 0.533389 0.906000 -0.470595 0.610792 0.924243 -0.459473 0.710564 0.960667 -0.458509 0.673110 0.948755 -0.474426 -0.716787 0.952149 -0.524468 -0.689774 0.949330 -0.555039 -0.663485 0.931163 -0.541782 -0.593859 0.908922 -0.550340 -0.516988 0.891533 -0.559619 -0.437223 0.878066 -0.565353 -0.357955 0.869025 -0.568441 -0.280521 0.863310 -0.568717 -0.204806 0.860312 -0.568145 -0.129480 0.859443 -0.568104 -0.053991 0.860296 -0.568256 0.021796 0.862825 -0.568847 0.098186 0.866863 -0.569302 0.174439 0.871731 -0.567666 0.248910 0.876809 -0.563674 0.320971 0.882575 -0.558766 0.391148 0.890093 -0.552952 0.458488 0.899784 -0.544093 0.513469 0.909324 -0.529539 0.578249 0.934181 -0.548310 0.656194 0.968176 -0.543403 -0.666095 0.955812 -0.587078 -0.630332 0.954027 -0.617218 -0.613777 0.935603 -0.596144 -0.537673 0.920388 -0.620853 -0.454019 0.899919 -0.627275 -0.371240 0.885948 -0.633841 -0.289537 0.874484 -0.635470 -0.212962 0.866153 -0.634050 -0.138863 0.861069 -0.635216 -0.063819 0.858751 -0.637047 0.010505 0.859375 -0.637023 0.085970 0.863942 -0.640177 0.163596 0.871558 -0.640718 0.240038 0.879852 -0.635004 0.311223 0.887289 -0.626397 0.379483 0.896634 -0.620498 0.448242 0.908907 -0.613104 0.519535 0.925402 -0.599294 0.618516 0.966733 -0.597432 0.579281 0.956722 -0.623573 -0.589051 0.959152 -0.652395 -0.524136 0.940960 -0.673314 -0.493058 0.944061 -0.699869 -0.473901 0.925631 -0.677249 -0.391545 0.913685 -0.698437 -0.302998 0.894913 -0.700025 -0.218011 0.880297 -0.700148 -0.152905 0.868506 -0.689481 -0.076691 0.863162 -0.707617 -0.002777 0.858472 -0.699305 0.066565 0.861154 -0.701560 0.145290 0.871813 -0.715842 0.227459 0.886199 -0.707274 0.303974 0.897798 -0.693840 0.362486 0.903731 -0.674747 0.430215 0.922155 -0.683803 0.496766 0.935108 -0.663756 0.545148 0.952091 -0.655850 -0.447555 0.951440 -0.733915 -0.376191 0.935630 -0.751964 -0.342794 0.940504 -0.777552 -0.322324 0.921388 -0.753069 -0.232607 0.909353 -0.769415 -0.124698 0.883265 -0.762991 0.207122 0.894133 -0.777095 0.294103 0.917167 -0.768870 0.377353 0.927846 -0.737168 0.489927 0.955573 -0.720315 0.441826 0.945915 -0.738325 0.532981 0.962310 -0.693778 -0.294871 0.951175 -0.809976 -0.216987 0.935606 -0.824290 -0.180924 0.943036 -0.848719 -0.156671 0.919256 -0.822263 -0.062171 0.904422 -0.836747 0.199714 0.910328 -0.827050 0.254734 0.927893 -0.823044 0.366229 0.959429 -0.804307 0.310733 0.946316 -0.821600 0.429533 0.967162 -0.777441 -0.128613 0.959605 -0.878970 -0.031893 0.945186 -0.890357 0.002077 0.977946 -0.922354 0.029382 0.949389 -0.903647 0.083064 0.943302 -0.897901 0.216659 0.950230 -0.871167 0.144046 0.940679 -0.886917 0.292595 0.967256 -0.856598 0.066558 0.989978 -0.931200 0.134455 0.979338 -0.919412 -0.271334 1.037833 0.884649 -0.306140 0.995612 0.851092 -0.244913 0.978317 0.857327 -0.184658 1.011582 0.890838 -0.185753 0.961812 0.860364 -0.124286 1.011232 0.901988 -0.062808 1.017609 0.910897 0.031908 1.013123 0.911950 0.112886 1.001902 0.902233 0.188348 1.000869 0.891582 0.266372 0.995538 0.871541 0.311598 0.960882 0.837355 0.340929 1.008967 0.860126 0.364723 0.981870 0.835783 0.387029 1.013636 0.848198 -0.505446 1.010894 0.774899 -0.552888 0.976476 0.729563 -0.512311 0.943984 0.726977 -0.443099 1.003016 0.801874 -0.377984 0.995217 0.823523 0.419489 0.995032 0.820738 0.483450 0.997074 0.792371 0.514449 0.983076 0.766671 0.525904 1.007149 0.777029 -0.582633 0.977425 0.712402 -0.614087 0.981378 0.689870 -0.576439 0.942617 0.685473 0.558502 1.000626 0.746492 0.606287 1.004417 0.710132 -0.646256 0.985473 0.666118 -0.676129 0.990317 0.639474 -0.639998 0.947857 0.635289 0.643316 1.013871 0.680659 0.642757 0.986820 0.657446 0.667666 1.002165 0.643745 -0.704901 0.994853 0.612975 -0.729054 1.001085 0.586483 -0.698051 0.957966 0.581910 0.687206 0.991306 0.607111 0.708830 0.984050 0.566869 0.721865 1.021298 0.590835 -0.758411 1.010770 0.551039 -0.778979 0.995215 0.492808 -0.741768 0.972538 0.536776 0.721052 0.975801 0.535720 0.750223 1.010902 0.537088 -0.815978 0.997275 0.413913 0.786516 1.004845 0.474937 0.791938 0.977716 0.435254 0.814346 0.993341 0.421896 -0.851420 1.025821 0.373679 -0.857834 1.000974 0.321959 -0.835721 0.980894 0.347850 0.830354 0.979416 0.378161 0.840356 0.966663 0.341935 0.863328 1.006082 0.350459 -0.870742 0.994452 0.261033 -0.841215 0.959764 0.292707 0.893343 1.004745 0.284817 -0.890470 1.002684 0.188009 0.907064 0.988513 0.230697 0.906738 0.967746 0.191628 0.930937 1.013590 0.198487 -0.902729 1.002896 0.111337 0.947759 1.021120 0.133404 -0.910324 1.002740 0.032253 0.958268 1.026334 0.064972 -0.917688 1.014501 -0.054918 0.963542 1.032758 -0.004846 -0.900925 0.993397 -0.134860 0.965578 1.043837 -0.063390 -0.898193 1.008497 -0.197443 0.926505 0.998595 -0.162877 0.951596 1.032311 -0.125017 -0.895107 1.030809 -0.259764 0.939204 1.044863 -0.196098 0.905826 0.998828 -0.216273 -0.869948 1.031185 -0.338256 -0.825388 0.964079 -0.340922 0.850343 0.986886 -0.318754 0.877690 1.004565 -0.288643 -0.823312 0.991739 -0.397170 -0.811479 1.016954 -0.458926 -0.788182 0.971528 -0.439152 0.783241 0.983877 -0.415328 0.854164 1.022536 -0.358436 0.812222 1.007227 -0.406234 -0.777843 1.018939 -0.521252 -0.762173 0.973907 -0.490136 0.702329 0.976767 -0.509552 0.780780 1.005680 -0.451177 0.743682 0.999176 -0.490535 -0.740882 0.983446 -0.539927 -0.725142 0.987522 -0.568608 -0.707982 0.968091 -0.563432 0.696898 0.990613 -0.543802 0.721007 1.006856 -0.536536 -0.700460 0.993879 -0.600368 -0.671613 0.998568 -0.635444 -0.650240 0.975633 -0.628152 0.614680 0.983098 -0.640255 0.699707 1.019196 -0.578564 0.652193 1.003105 -0.620216 -0.638624 1.006128 -0.668703 -0.606206 1.013296 -0.703100 -0.586719 0.991517 -0.694921 -0.529193 0.969300 -0.708071 0.626652 1.006323 -0.662320 0.584680 0.993357 -0.685338 -0.568390 1.021439 -0.734293 -0.496679 0.994643 -0.755874 -0.471735 1.016700 -0.791101 -0.443537 0.985152 -0.777933 -0.382026 0.965083 -0.787625 0.471801 0.969478 -0.758343 0.536250 0.987291 -0.729266 0.503791 0.983740 -0.754284 -0.421535 1.010452 -0.812126 -0.352699 0.999870 -0.836957 -0.319762 1.019559 -0.869103 -0.291834 0.989546 -0.854629 -0.224530 0.970801 -0.860997 0.339847 0.973446 -0.841498 0.425575 1.007732 -0.822803 0.376497 0.993437 -0.841352 0.483763 1.006271 -0.786383 -0.269029 1.019804 -0.886875 -0.192927 1.018191 -0.909651 -0.150938 1.047859 -0.940609 -0.123434 1.010907 -0.923249 -0.060005 0.992717 -0.922413 0.183521 0.973159 -0.906053 0.280129 1.008585 -0.896073 0.224989 0.992618 -0.907961 0.347732 1.012873 -0.869814 -0.084057 1.053072 -0.954057 0.005667 1.031215 -0.951598 0.077800 1.043161 -0.958122 0.132557 1.030365 -0.947068 0.195124 1.018670 -0.930986 -0.025074 1.117951 0.959305 -0.062528 1.069364 0.938184 -0.003858 1.061760 0.937810 0.044562 1.104697 0.955821 0.052741 1.061902 0.938992 0.091336 1.090531 0.948988 -0.334309 1.092009 0.889915 -0.378847 1.052718 0.857097 -0.334353 1.032672 0.863490 -0.275519 1.086647 0.906492 -0.214769 1.083309 0.919052 -0.127776 1.057377 0.924284 0.100580 1.050732 0.930314 0.168899 1.051910 0.921669 0.251637 1.065054 0.910059 0.328797 1.060575 0.886995 0.386861 1.053145 0.866381 0.422117 1.038322 0.846070 0.439913 1.085439 0.857846 -0.556408 1.079002 0.780367 -0.611576 1.066461 0.740483 -0.582669 1.015773 0.733928 -0.503384 1.068566 0.806224 -0.444750 1.058049 0.829876 0.474607 1.051946 0.825819 0.523498 1.039226 0.794307 0.545671 1.025975 0.774640 0.570732 1.064070 0.772555 -0.652805 1.093567 0.722183 -0.684755 1.073484 0.685818 -0.648429 1.029016 0.691722 0.608795 1.044665 0.732970 0.629538 1.031157 0.708202 0.654193 1.068961 0.703249 -0.716484 1.094940 0.664900 -0.739923 1.078913 0.627811 -0.707986 1.036900 0.639043 0.682616 1.044412 0.659130 0.697483 1.022594 0.626014 0.720572 1.063206 0.625736 -0.769032 1.092972 0.593393 -0.780597 1.049597 0.544252 -0.749608 1.043686 0.591367 0.757730 1.066785 0.579331 -0.812042 1.054407 0.486333 0.779764 1.052782 0.538343 0.783380 1.033704 0.514446 0.810151 1.072306 0.506441 -0.842688 1.061156 0.430939 0.830451 1.038715 0.444492 0.842861 1.013506 0.399574 0.865034 1.058341 0.403078 -0.864420 1.070704 0.391891 -0.877244 1.054179 0.332581 0.899975 1.069458 0.344599 -0.899816 1.060172 0.257972 0.919331 1.051375 0.287088 0.920425 1.022730 0.250059 0.938391 1.065546 0.249633 -0.920667 1.067024 0.178754 0.956244 1.075883 0.192452 -0.929345 1.054050 0.093833 0.971512 1.082985 0.122304 -0.936055 1.053541 0.023119 0.980460 1.086436 0.047934 -0.952838 1.095989 0.017168 -0.958795 1.113972 -0.032705 -0.943530 1.066221 -0.023241 0.982876 1.089607 -0.025292 -0.941983 1.065355 -0.067642 -0.928250 1.047907 -0.130670 0.977778 1.090324 -0.094572 -0.923547 1.066109 -0.208812 0.967865 1.099816 -0.167408 -0.914348 1.088135 -0.285612 0.950396 1.094498 -0.227406 0.921390 1.063431 -0.267446 -0.897527 1.087691 -0.342576 0.892535 1.069117 -0.338464 -0.879128 1.095608 -0.399598 -0.848176 1.037741 -0.409066 0.872010 1.076000 -0.389073 0.844652 1.062248 -0.421863 -0.845219 1.064137 -0.447375 -0.819394 1.075605 -0.503453 0.776571 1.035825 -0.497911 0.809255 1.056086 -0.470809 -0.775830 1.062267 -0.563062 -0.744343 1.012839 -0.567270 0.787731 1.068417 -0.517595 0.752516 1.058449 -0.551701 -0.734139 1.041896 -0.604959 -0.721247 1.072318 -0.643022 -0.692141 1.026746 -0.639433 0.719434 1.066975 -0.605771 0.685546 1.052719 -0.635187 -0.677149 1.058069 -0.676420 -0.660644 1.092205 -0.713142 -0.628017 1.042665 -0.708097 0.621728 1.022360 -0.684622 0.648327 1.038897 -0.668670 -0.610077 1.075983 -0.743573 -0.585177 1.107501 -0.779178 -0.565468 1.063001 -0.767989 -0.520087 1.038413 -0.779368 0.526604 1.010331 -0.762135 0.618166 1.057278 -0.711985 0.565892 1.030505 -0.742207 -0.538726 1.081063 -0.795301 -0.476310 1.066209 -0.821456 -0.403314 1.043633 -0.847114 -0.380978 1.068363 -0.873880 -0.357195 1.036859 -0.865632 0.397361 1.024125 -0.854645 0.483180 1.065501 -0.825565 0.432543 1.050773 -0.850799 0.532992 1.052167 -0.784095 -0.327769 1.063848 -0.892718 -0.256700 1.072830 -0.923365 -0.220281 1.103992 -0.950957 -0.196042 1.066900 -0.939987 0.247081 1.026128 -0.921906 0.342305 1.072903 -0.904754 0.284847 1.054111 -0.921827 0.398861 1.064146 -0.875335 -0.155706 1.105946 -0.966316 -0.082421 1.111214 -0.980533 -0.018398 1.094578 -0.978832 0.056757 1.090838 -0.977493 0.127637 1.088993 -0.970839 0.192967 1.079749 -0.956361 0.248105 1.068099 -0.939594 -0.167883 1.189868 0.964780 -0.209827 1.141948 0.942819 -0.150247 1.121384 0.946652 -0.085140 1.164167 0.969326 -0.090756 1.103881 0.949321 -0.015867 1.174862 0.978120 0.040383 1.161244 0.973795 0.112042 1.146916 0.964588 0.146325 1.098456 0.945295 0.189943 1.154684 0.956721 0.213333 1.106870 0.937277 0.251543 1.158161 0.946599 0.268314 1.122355 0.930952 0.295807 1.158612 0.935789 -0.392842 1.156905 0.890501 -0.440225 1.120122 0.858832 -0.399177 1.094448 0.867350 -0.336601 1.147529 0.909213 -0.277917 1.141303 0.925032 0.325152 1.129491 0.914877 0.399156 1.120522 0.885508 0.457795 1.135228 0.867188 -0.569379 1.147158 0.797690 -0.611980 1.120987 0.762267 -0.503418 1.131683 0.829627 0.493129 1.119545 0.843451 0.534743 1.098535 0.810800 0.589400 1.140099 0.788188 -0.661691 1.159079 0.738050 -0.690668 1.118663 0.701727 0.625390 1.108375 0.747304 0.675537 1.143851 0.715537 -0.718553 1.136091 0.681338 -0.747295 1.131400 0.643512 0.703255 1.105166 0.669292 0.750779 1.126460 0.624788 -0.783046 1.151457 0.600554 -0.801962 1.108481 0.545754 0.780459 1.114168 0.581754 0.788820 1.086477 0.552296 0.807321 1.130368 0.552229 -0.838197 1.122640 0.486131 0.838590 1.141290 0.510864 -0.867933 1.154872 0.445606 -0.879359 1.114833 0.389129 -0.860533 1.103901 0.429634 0.851877 1.098226 0.459927 0.888783 1.131145 0.417562 -0.901354 1.123312 0.328215 0.921721 1.140718 0.361102 -0.925283 1.129902 0.256072 0.932068 1.102206 0.305471 0.956442 1.137516 0.263055 -0.942850 1.159408 0.228940 -0.951639 1.160441 0.185014 -0.938661 1.123735 0.198844 0.977862 1.146524 0.187188 -0.959764 1.158978 0.123164 -0.943576 1.109339 0.142656 0.994523 1.155978 0.108576 -0.966186 1.154734 0.044892 -0.949896 1.102424 0.074250 0.998845 1.147320 0.024650 -0.973931 1.175258 -0.015563 0.998673 1.154320 -0.056386 -0.968467 1.158631 -0.087904 -0.951240 1.096703 -0.094765 0.988419 1.139424 -0.122568 -0.965422 1.172713 -0.165637 -0.948743 1.109259 -0.152408 0.985595 1.158506 -0.166810 -0.959336 1.192625 -0.236508 -0.943527 1.126971 -0.222216 0.945421 1.119402 -0.268866 0.969409 1.157379 -0.228611 -0.937828 1.145573 -0.277949 -0.917863 1.144330 -0.342374 0.951791 1.161505 -0.287767 0.926006 1.130697 -0.324085 -0.900201 1.150437 -0.397666 0.866818 1.104816 -0.425510 0.893530 1.130427 -0.392773 -0.879930 1.160357 -0.449003 -0.856209 1.104197 -0.461082 0.872854 1.145101 -0.443748 0.843266 1.117487 -0.471580 -0.845921 1.133423 -0.499914 -0.807039 1.140671 -0.565252 0.784331 1.091448 -0.541071 0.807672 1.107191 -0.518426 -0.758861 1.092589 -0.609794 -0.740577 1.104774 -0.642122 0.708932 1.095956 -0.641755 0.783002 1.136283 -0.569819 0.741313 1.114760 -0.612085 -0.712402 1.117743 -0.677529 -0.680990 1.128054 -0.714976 0.716706 1.149569 -0.662181 0.672747 1.100201 -0.683528 -0.644969 1.139284 -0.749197 -0.601836 1.155920 -0.789181 0.635211 1.132583 -0.738133 0.583925 1.091114 -0.764107 -0.541348 1.139102 -0.820375 -0.498723 1.175383 -0.860349 -0.479030 1.123024 -0.850484 -0.428838 1.092512 -0.862606 0.501762 1.133975 -0.845980 0.451431 1.098661 -0.863069 0.543358 1.116008 -0.808298 -0.443088 1.149580 -0.879972 -0.384178 1.114741 -0.893305 -0.321923 1.130057 -0.925407 -0.286645 1.164814 -0.952327 -0.263292 1.124597 -0.946111 0.359565 1.143436 -0.924808 0.303711 1.103896 -0.934426 0.415350 1.132935 -0.894441 -0.223985 1.162568 -0.970545 -0.167432 1.159525 -0.984150 -0.112374 1.165181 -0.994922 -0.037586 1.152148 -0.998490 0.033955 1.147140 -0.997782 0.114690 1.156914 -0.993972 0.190323 1.147924 -0.977784 0.262103 1.137478 -0.957404 -0.224747 1.247360 0.965947 -0.273650 1.203544 0.944532 -0.232332 1.183198 0.950253 -0.159575 1.250217 0.981206 -0.104283 1.232222 0.985390 -0.036869 1.221590 0.989365 0.028702 1.217770 0.989640 0.097408 1.215352 0.984016 0.171417 1.214728 0.973884 0.240292 1.211059 0.960854 0.295427 1.202152 0.946232 0.332832 1.185741 0.930540 0.348142 1.240958 0.936186 -0.439757 1.225293 0.886774 -0.492487 1.201166 0.856055 -0.455201 1.165952 0.866295 -0.390173 1.214261 0.906559 -0.335712 1.205907 0.924495 0.392592 1.200935 0.910131 0.455308 1.184787 0.880920 0.494596 1.168476 0.858509 0.509484 1.222441 0.863085 -0.555979 1.222387 0.823893 -0.612837 1.186510 0.781018 0.548943 1.181286 0.828820 0.602537 1.197477 0.797656 -0.697806 1.210382 0.718960 -0.729492 1.179006 0.681159 -0.701113 1.160003 0.706231 -0.654924 1.228727 0.759127 0.643928 1.193004 0.761580 0.690150 1.200869 0.722967 -0.762592 1.191282 0.644326 0.725743 1.188499 0.680105 0.766653 1.187096 0.634137 -0.789836 1.202865 0.610253 -0.816780 1.184846 0.557362 0.789026 1.163194 0.595537 0.826280 1.206891 0.560735 -0.851640 1.196126 0.499885 0.858418 1.189831 0.506685 0.866476 1.151874 0.473208 0.885189 1.200016 0.465680 -0.874084 1.207351 0.460377 -0.892940 1.187764 0.401291 0.916898 1.202882 0.409117 -0.921967 1.199534 0.326891 0.937160 1.186909 0.360306 0.942635 1.154978 0.323884 0.955059 1.210483 0.324412 -0.943150 1.236587 0.287732 -0.951338 1.203771 0.233305 -0.938609 1.184968 0.267599 0.977172 1.214587 0.253154 -0.963096 1.215251 0.179344 0.998101 1.221328 0.180189 -0.973434 1.220803 0.110303 1.008883 1.216012 0.124795 1.011260 1.204560 0.070973 1.018193 1.253632 0.109233 -0.981860 1.228010 0.036926 1.013186 1.206779 0.003760 1.022008 1.257936 0.052832 -0.985229 1.229649 -0.038228 1.013186 1.216993 -0.053623 1.023642 1.270871 -0.014676 -0.982808 1.226263 -0.112298 1.018014 1.256081 -0.076136 1.003226 1.206302 -0.121379 -0.978385 1.233527 -0.176677 0.990610 1.200470 -0.186718 -0.973986 1.251204 -0.224162 0.984422 1.221177 -0.227244 -0.958905 1.244652 -0.282811 -0.944240 1.185425 -0.296338 0.944196 1.189127 -0.325078 0.966350 1.219540 -0.282726 -0.937814 1.208241 -0.334051 -0.915534 1.208029 -0.393548 0.947343 1.246635 -0.345627 0.922267 1.194395 -0.375141 -0.891819 1.247812 -0.466362 0.861832 1.175272 -0.479151 0.891587 1.203101 -0.440606 -0.855690 1.193158 -0.513819 -0.832231 1.228976 -0.567209 0.865362 1.234903 -0.500769 0.829188 1.179960 -0.529533 -0.789241 1.207899 -0.620725 -0.760824 1.140797 -0.632710 0.797989 1.221396 -0.593249 0.757417 1.186210 -0.630013 -0.743055 1.187119 -0.672219 -0.719413 1.233055 -0.712219 -0.697956 1.167685 -0.714078 0.726815 1.223018 -0.682201 0.683231 1.179839 -0.711638 -0.674044 1.206974 -0.749354 -0.645436 1.243558 -0.783112 -0.634187 1.190058 -0.777971 0.645747 1.206924 -0.759010 0.596535 1.162319 -0.785411 -0.594433 1.210037 -0.811664 -0.544104 1.205118 -0.843172 -0.510655 1.237131 -0.871242 0.469000 1.148919 -0.872692 0.551532 1.193546 -0.830892 0.502955 1.182933 -0.862547 -0.463159 1.205958 -0.888128 -0.394946 1.194560 -0.916086 -0.350966 1.233778 -0.946247 -0.329920 1.188591 -0.943225 0.320965 1.155002 -0.944687 0.411382 1.209231 -0.918489 0.357486 1.190863 -0.939773 0.466499 1.197209 -0.887329 -0.285276 1.228056 -0.968717 -0.228315 1.217304 -0.984871 -0.171870 1.214592 -0.997759 -0.128914 1.258803 -1.015471 -0.108950 1.221730 -1.010913 -0.054282 1.209513 -1.013101 0.012245 1.201413 -1.013556 0.077567 1.202021 -1.011522 0.185066 1.221014 -0.998096 0.130081 1.214746 -1.009138 0.256478 1.213365 -0.976953 0.317247 1.203288 -0.956907 -0.070309 1.272005 -1.023934 -0.003101 1.258572 -1.024987 0.059306 1.252316 -1.023177 0.114569 1.251009 -1.019048 -0.272950 1.310590 0.960947 -0.326305 1.273445 0.940384 -0.288711 1.247023 0.948879 -0.212162 1.313573 0.978578 -0.175975 1.290690 0.984892 -0.117320 1.297113 0.996096 -0.052575 1.278414 1.000585 0.010749 1.270338 1.001818 0.075890 1.271187 0.999117 0.152524 1.287586 0.991263 0.230319 1.279074 0.974048 0.295431 1.262814 0.956032 0.354059 1.310917 0.943412 -0.449760 1.307005 0.893918 -0.499910 1.265086 0.864127 -0.384908 1.273211 0.917829 0.408061 1.285355 0.919786 0.468306 1.262415 0.890188 0.521908 1.276836 0.866988 -0.597437 1.308705 0.810608 -0.643062 1.283969 0.776432 -0.614504 1.245381 0.792235 -0.544774 1.299856 0.843807 0.556132 1.259753 0.842983 0.597067 1.244078 0.812042 0.623681 1.227837 0.789529 0.643063 1.275002 0.780619 -0.690264 1.290685 0.735669 -0.740139 1.247827 0.681372 0.686478 1.249215 0.738323 0.709675 1.228356 0.711815 0.728735 1.272964 0.699883 -0.775527 1.293710 0.645816 -0.802532 1.250639 0.601919 -0.775765 1.237144 0.638624 0.766707 1.242119 0.651162 0.792208 1.214357 0.612287 0.803565 1.270905 0.612596 -0.837896 1.263954 0.546502 0.840511 1.295030 0.568176 -0.866988 1.301504 0.503077 -0.884979 1.254470 0.453127 -0.864702 1.244663 0.494366 0.866450 1.248840 0.516333 0.902906 1.275362 0.462874 -0.908965 1.263338 0.396357 0.929619 1.259714 0.409880 0.939389 1.226654 0.376497 0.948658 1.273245 0.370838 -0.931710 1.275203 0.342202 0.969954 1.281665 0.313408 -0.946908 1.287891 0.303123 -0.958643 1.271241 0.245276 0.993402 1.294197 0.243264 -0.973492 1.282264 0.173930 1.008413 1.277931 0.185839 1.012289 1.251598 0.151136 1.017960 1.294223 0.149982 -0.985608 1.292653 0.100147 1.024954 1.304681 0.100606 -0.995875 1.302820 0.018811 1.029184 1.315288 0.044925 -0.997323 1.295342 -0.067781 1.030869 1.330628 -0.003423 -0.990858 1.276514 -0.133020 1.015115 1.271882 -0.117630 1.025846 1.322239 -0.069141 -0.986793 1.290335 -0.181228 1.017417 1.313923 -0.133822 1.002266 1.268026 -0.181574 -0.977286 1.301273 -0.235886 0.985687 1.268282 -0.247481 -0.963682 1.316752 -0.294052 0.971264 1.302595 -0.303251 -0.943090 1.266151 -0.346194 -0.924315 1.288599 -0.406259 0.949137 1.307044 -0.364066 0.922471 1.273730 -0.410444 -0.908339 1.318232 -0.453616 0.893269 1.274258 -0.467990 -0.880814 1.319554 -0.509320 -0.864240 1.254684 -0.524836 0.873018 1.308407 -0.514319 0.835514 1.271825 -0.560488 -0.850391 1.289052 -0.557472 -0.813764 1.294357 -0.610312 0.804890 1.281631 -0.608818 0.769898 1.274122 -0.649037 -0.764941 1.261049 -0.666863 -0.733624 1.306695 -0.710909 0.732534 1.280810 -0.695984 0.692266 1.267345 -0.732733 -0.689371 1.274147 -0.750648 -0.652892 1.311330 -0.787737 0.648246 1.264277 -0.774964 0.609046 1.233975 -0.799453 -0.614453 1.274536 -0.812671 -0.565321 1.269592 -0.845099 -0.521279 1.293862 -0.876482 0.577250 1.283839 -0.834671 0.518297 1.240598 -0.866320 -0.458237 1.279165 -0.905939 -0.405212 1.329394 -0.938687 -0.392441 1.265956 -0.934996 0.425566 1.287205 -0.927352 0.372356 1.245311 -0.944607 0.473182 1.268388 -0.898454 -0.340997 1.298774 -0.961017 -0.280033 1.300193 -0.983318 -0.224107 1.271989 -0.995953 -0.181422 1.331938 -1.013905 -0.166867 1.277336 -1.011252 0.156122 1.250337 -1.012808 0.250825 1.294492 -0.993124 0.191520 1.277434 -1.008827 0.327347 1.280921 -0.966658 -0.118332 1.318383 -1.024249 -0.059579 1.331905 -1.032297 -0.010919 1.318163 -1.032893 0.048399 1.308833 -1.031192 0.105800 1.301593 -1.026550 0.155503 1.292905 -1.018984 -0.063391 1.381513 1.011695 -0.102370 1.351123 1.005028 -0.059714 1.333110 1.008483 -0.013403 1.371510 1.014422 -0.003692 1.321709 1.010394 0.040990 1.362934 1.014605 0.053413 1.317038 1.009594 0.085011 1.354964 1.012642 0.109210 1.324261 1.005984 0.126378 1.370505 1.009151 0.156333 1.346901 1.001082 0.167740 1.387218 1.001925 -0.285167 1.389834 0.960585 -0.338286 1.335234 0.941675 -0.219916 1.373280 0.978572 -0.157145 1.349875 0.993446 0.219038 1.366061 0.986299 0.294121 1.335334 0.964167 0.356165 1.383304 0.947323 -0.456558 1.385897 0.895488 -0.504873 1.339428 0.869672 -0.399206 1.357392 0.919614 0.410211 1.357845 0.926278 0.462808 1.338698 0.902211 0.513674 1.326389 0.876546 0.551012 1.310753 0.854273 0.556294 1.367187 0.854099 -0.605362 1.397582 0.808290 -0.649459 1.349332 0.774498 -0.555577 1.367254 0.841666 0.595576 1.320200 0.823264 0.648498 1.364498 0.785092 -0.696457 1.383273 0.733738 -0.738184 1.334464 0.691167 0.691452 1.321808 0.743977 0.735104 1.360506 0.704277 -0.777260 1.370945 0.647697 -0.809532 1.321525 0.601632 0.772460 1.316224 0.658813 0.812475 1.348093 0.614682 -0.841861 1.348164 0.553919 0.848970 1.368764 0.570160 -0.870498 1.374373 0.505438 -0.892812 1.322450 0.452589 0.874765 1.324309 0.524046 0.903848 1.370436 0.481300 -0.919973 1.341347 0.391581 0.931131 1.319455 0.421187 0.955800 1.340718 0.368699 -0.939743 1.379300 0.345264 -0.953211 1.333827 0.294749 -0.939873 1.323568 0.337339 0.978410 1.357163 0.309500 -0.967740 1.342286 0.235178 0.997888 1.377194 0.251658 -0.981992 1.355019 0.166698 1.010571 1.331657 0.197578 1.021688 1.350119 0.147866 -0.996006 1.371480 0.089816 1.029051 1.361800 0.093437 -1.006455 1.406704 0.045937 -1.010277 1.384415 0.005563 -1.005071 1.361956 0.028552 1.032997 1.371177 0.038624 -1.011562 1.388521 -0.034717 -1.006544 1.346542 -0.019164 1.033102 1.377867 -0.016053 -1.006828 1.349687 -0.064945 -0.999467 1.342624 -0.122207 1.030710 1.388687 -0.063332 -0.989392 1.342847 -0.187296 1.011971 1.336877 -0.172348 1.023062 1.376063 -0.121341 -0.979701 1.367381 -0.235555 1.012049 1.394627 -0.183681 0.996449 1.336274 -0.232664 -0.964780 1.388615 -0.297732 0.982763 1.372962 -0.286534 -0.947189 1.337497 -0.354247 -0.928728 1.360042 -0.410523 0.936872 1.342248 -0.401195 0.960831 1.374247 -0.348109 -0.906662 1.379869 -0.464258 0.937660 1.405418 -0.408620 0.907502 1.354213 -0.462611 -0.880011 1.401478 -0.517787 0.878182 1.369119 -0.520698 0.850864 1.348378 -0.559628 -0.850653 1.352495 -0.565431 -0.816813 1.385114 -0.616419 0.796286 1.311057 -0.628705 0.818547 1.329866 -0.602244 -0.777092 1.342418 -0.664754 -0.740177 1.386186 -0.709648 0.720910 1.308128 -0.715300 0.786886 1.358182 -0.646342 0.745834 1.329951 -0.691044 -0.697236 1.348608 -0.751597 -0.654147 1.389628 -0.791036 0.624968 1.290492 -0.800667 0.707376 1.352734 -0.733848 0.661163 1.320141 -0.773876 -0.602852 1.342771 -0.828783 -0.559542 1.391780 -0.862271 -0.553565 1.330296 -0.862119 0.575562 1.361665 -0.848159 0.528515 1.315541 -0.873548 0.620872 1.347191 -0.811651 -0.506726 1.357649 -0.891331 -0.452663 1.356972 -0.919652 -0.414067 1.401458 -0.940100 0.386508 1.300767 -0.948057 0.478894 1.358567 -0.907682 0.421043 1.339389 -0.937032 -0.357824 1.379789 -0.962022 -0.298070 1.362607 -0.982858 -0.239714 1.346289 -1.000205 -0.192540 1.399347 -1.015022 0.261393 1.379184 -0.998692 0.204754 1.331926 -1.011479 0.319822 1.359988 -0.978276 0.377815 1.349985 -0.956496 -0.134675 1.386276 -1.026041 -0.075372 1.380795 -1.033586 -0.017768 1.376587 -1.036918 0.040021 1.368730 -1.035949 0.098829 1.360404 -1.031455 0.154642 1.349648 -1.023440 -0.067381 1.419591 1.010553 -0.107391 1.395748 1.004962 -0.023819 1.418089 1.013564 0.031969 1.412085 1.014481 0.091362 1.401063 1.012683 0.128833 1.441647 1.006239 0.141698 1.408984 1.007215 -0.292059 1.463984 0.956440 -0.347132 1.410843 0.940600 -0.227152 1.447295 0.974351 -0.152631 1.430809 0.992146 0.187934 1.443172 0.995052 0.251768 1.439030 0.980049 0.298121 1.410163 0.966602 0.355669 1.455544 0.946622 -0.457687 1.463829 0.892672 -0.509245 1.415510 0.868693 -0.404303 1.435631 0.918107 0.411536 1.427992 0.926438 0.454991 1.398596 0.908586 0.507844 1.398756 0.882394 0.554199 1.427178 0.856049 -0.605625 1.482484 0.803133 -0.652891 1.435484 0.770204 -0.558719 1.446673 0.838069 0.601095 1.414953 0.823476 0.652021 1.445835 0.783939 -0.697736 1.470846 0.728277 -0.739395 1.421764 0.689777 0.694234 1.404394 0.746703 0.734619 1.444420 0.706478 -0.778583 1.453273 0.643126 -0.812579 1.401161 0.600834 0.776808 1.399367 0.660487 0.821501 1.435460 0.607245 -0.844450 1.425175 0.552136 0.858413 1.422187 0.561343 0.875534 1.385142 0.533880 0.883073 1.438131 0.522238 -0.871482 1.448521 0.503219 -0.896409 1.398570 0.453060 0.912098 1.452649 0.468778 -0.919597 1.425684 0.399191 0.935518 1.395245 0.421382 0.960665 1.415691 0.363360 -0.939708 1.450944 0.344205 -0.956654 1.398578 0.291081 0.982137 1.432088 0.304314 -0.972194 1.413262 0.229363 0.999284 1.449059 0.246536 -0.986005 1.429183 0.163710 1.012742 1.397698 0.197097 1.023419 1.412226 0.140422 -0.997404 1.453679 0.098845 1.030534 1.419218 0.082953 -1.006343 1.449281 0.043162 -1.011186 1.419825 0.006384 1.033654 1.424460 0.028163 -1.011792 1.428450 -0.026954 1.033015 1.432480 -0.025228 -1.010431 1.414314 -0.063906 -1.008895 1.378160 -0.078374 1.029041 1.436715 -0.080620 -1.005594 1.397204 -0.102903 -0.993968 1.415646 -0.154408 1.021609 1.443403 -0.136757 -0.977547 1.441963 -0.233633 1.010876 1.461341 -0.188404 0.997838 1.416689 -0.239539 -0.961759 1.461166 -0.299308 0.979673 1.438345 -0.297795 -0.947486 1.409489 -0.357576 -0.927346 1.431131 -0.413332 0.958279 1.455692 -0.358583 -0.903566 1.453629 -0.466956 0.936168 1.476836 -0.413292 0.917955 1.432464 -0.453160 -0.876756 1.477530 -0.518635 0.863122 1.403939 -0.549764 0.890286 1.432136 -0.505115 -0.850137 1.431204 -0.568306 -0.816654 1.469496 -0.613939 0.860629 1.462833 -0.554947 0.829587 1.408041 -0.596403 -0.780173 1.426724 -0.663455 -0.740142 1.469398 -0.706517 0.789918 1.449215 -0.648225 0.749347 1.403649 -0.693952 -0.699476 1.429028 -0.750380 -0.654956 1.473130 -0.787981 0.708168 1.441231 -0.738114 0.663737 1.395278 -0.778701 -0.603428 1.438156 -0.830992 -0.558022 1.450710 -0.864252 0.537169 1.376784 -0.876300 0.612354 1.427797 -0.823601 0.566305 1.414838 -0.859414 -0.517982 1.435760 -0.888141 -0.466542 1.421384 -0.915389 -0.420505 1.472006 -0.936761 0.476280 1.448456 -0.913683 0.427149 1.398331 -0.937732 0.527019 1.430004 -0.884837 -0.366706 1.453656 -0.959517 -0.306971 1.437826 -0.981014 -0.248237 1.418539 -1.000113 -0.195464 1.466811 -1.013906 0.259127 1.452512 -1.001130 0.206594 1.399344 -1.014537 0.316899 1.435432 -0.982984 0.373907 1.418428 -0.961599 -0.143618 1.450717 -1.025161 -0.086879 1.441414 -1.032961 -0.028331 1.434901 -1.037210 0.030561 1.429066 -1.037452 0.090261 1.422625 -1.033621 0.149666 1.413422 -1.025989 -0.092842 1.441480 1.004072 -0.044024 1.459625 1.007413 0.017046 1.462174 1.009406 0.079404 1.454903 1.008731 -0.295091 1.532794 0.949327 -0.349633 1.485109 0.936494 -0.235462 1.518273 0.965830 -0.166107 1.507371 0.980750 -0.086578 1.499689 0.994478 -0.005932 1.513057 0.999287 0.065561 1.511109 0.999831 0.138491 1.497421 0.996671 0.199047 1.506940 0.986995 0.244761 1.493691 0.978587 0.299553 1.479399 0.964110 0.347696 1.525823 0.942925 -0.452508 1.541975 0.885843 -0.508079 1.493823 0.863950 -0.401326 1.513007 0.913122 0.407466 1.502210 0.922389 0.470554 1.466393 0.897949 0.513940 1.520131 0.870288 0.525386 1.461283 0.871154 -0.598162 1.558625 0.797938 -0.650907 1.533708 0.760875 -0.555002 1.527895 0.831456 0.568116 1.489082 0.842250 0.616231 1.484433 0.810048 0.647613 1.516884 0.782394 -0.697849 1.534879 0.720838 -0.737870 1.519614 0.680805 0.690410 1.484951 0.747759 0.725434 1.525518 0.709135 -0.780262 1.519614 0.632984 -0.814411 1.487057 0.591686 0.772729 1.488534 0.661443 0.813676 1.537173 0.606693 -0.846811 1.490047 0.542052 0.854083 1.481786 0.563115 0.884032 1.514520 0.512370 -0.866707 1.523728 0.499054 -0.895136 1.476750 0.451320 0.916467 1.525134 0.450505 -0.917481 1.504280 0.394498 0.939500 1.469781 0.411639 0.962560 1.496068 0.351125 -0.937874 1.524361 0.335315 -0.957393 1.469799 0.284877 0.983828 1.493948 0.290621 -0.972818 1.482681 0.223220 0.996085 1.525095 0.235360 -0.984392 1.496980 0.165128 1.012639 1.464428 0.188218 1.022671 1.478496 0.125120 -0.990360 1.516055 0.119093 1.030002 1.465800 0.067418 -1.007846 1.461546 0.004246 -0.998419 1.503209 0.057642 1.030743 1.479204 0.020361 -1.007139 1.457600 -0.045991 -0.999568 1.508647 -0.009832 1.029327 1.487150 -0.037120 -1.004694 1.436027 -0.091413 -0.995823 1.494573 -0.086285 1.025173 1.492196 -0.093713 -0.983417 1.503003 -0.166679 1.018401 1.499561 -0.143678 -0.970023 1.515988 -0.238487 1.009470 1.514779 -0.180246 0.995195 1.498952 -0.235643 -0.955363 1.530081 -0.299922 0.973574 1.513673 -0.304972 -0.943963 1.481182 -0.357191 -0.922536 1.505808 -0.409860 0.952649 1.527920 -0.364709 -0.896779 1.530092 -0.464098 0.930299 1.545839 -0.416601 0.911397 1.495848 -0.463825 -0.870353 1.546897 -0.516716 0.884270 1.508578 -0.513683 -0.848071 1.507144 -0.564212 -0.815070 1.559328 -0.600576 0.860401 1.521200 -0.552776 0.828626 1.503678 -0.597665 -0.777398 1.513989 -0.657889 -0.733956 1.553829 -0.701086 0.787592 1.532009 -0.648030 0.749804 1.488356 -0.693976 -0.696571 1.512952 -0.745876 -0.651627 1.552653 -0.781293 0.707027 1.525509 -0.736272 0.662837 1.479006 -0.780308 -0.610614 1.521818 -0.819187 -0.567171 1.502924 -0.853632 -0.529890 1.488591 -0.879414 -0.521903 1.548210 -0.876008 0.614837 1.517574 -0.818863 0.569849 1.474522 -0.856118 -0.472563 1.508652 -0.908013 -0.416104 1.529622 -0.935073 0.467685 1.525186 -0.915532 0.422786 1.471664 -0.940591 0.521634 1.502780 -0.886332 -0.373048 1.520552 -0.953536 -0.313854 1.513510 -0.974431 -0.243476 1.502064 -0.997437 -0.186426 1.521718 -1.012688 0.249451 1.522042 -1.000421 0.200515 1.467735 -1.015369 0.308357 1.507092 -0.984251 0.366623 1.491624 -0.963971 -0.147662 1.509468 -1.022085 -0.095298 1.502131 -1.029576 -0.037646 1.494477 -1.034407 0.019840 1.487245 -1.035873 0.078218 1.483744 -1.033007 0.139561 1.479168 -1.025902 -0.294574 1.591705 0.940565 -0.344650 1.555098 0.930086 -0.242893 1.581376 0.954766 -0.179275 1.574742 0.967429 -0.107109 1.570327 0.978130 -0.030674 1.570094 0.985002 0.044815 1.569740 0.987158 0.117406 1.563059 0.985450 0.184053 1.554342 0.980312 0.232556 1.540893 0.974858 0.286948 1.547142 0.959409 0.333991 1.581699 0.938601 -0.447308 1.614971 0.873882 -0.501591 1.570871 0.855767 -0.385905 1.597741 0.904273 0.389722 1.582097 0.917137 0.455826 1.549219 0.894376 0.500811 1.590429 0.864149 -0.622373 1.581017 0.776251 -0.544688 1.619705 0.818172 -0.597844 1.612533 0.785469 0.548704 1.557689 0.843910 0.600354 1.550857 0.811630 0.637763 1.561718 0.783556 -0.711207 1.563657 0.701872 -0.634492 1.623155 0.752306 -0.682371 1.590097 0.720884 0.674794 1.568820 0.749614 0.714876 1.576674 0.711940 -0.797875 1.555091 0.601646 -0.719675 1.612641 0.675545 -0.764613 1.583597 0.634628 0.751662 1.587393 0.669065 0.793363 1.624674 0.611749 -0.792882 1.620985 0.585204 -0.829583 1.564067 0.550281 0.835370 1.599701 0.565375 0.852650 1.541797 0.557098 -0.858235 1.603645 0.488066 -0.890265 1.556394 0.442370 0.866393 1.575061 0.528715 0.890838 1.584922 0.481899 -0.913261 1.587122 0.378180 0.922277 1.595399 0.414423 0.939771 1.530397 0.400988 -0.934926 1.583777 0.322316 -0.955094 1.544673 0.272063 0.949756 1.562099 0.366120 0.970780 1.563142 0.305071 -0.971226 1.537530 0.211916 0.983721 1.592169 0.247619 -0.977437 1.557741 0.163997 0.999611 1.585728 0.181567 1.011002 1.519525 0.174844 -0.984699 1.563971 0.103351 1.015352 1.538098 0.136381 1.023009 1.524289 0.077630 -0.988882 1.563879 0.039521 1.024093 1.536812 0.010991 -0.987305 1.566474 -0.028835 1.022514 1.541614 -0.051143 -0.980689 1.570542 -0.103149 1.018858 1.541525 -0.106350 -0.970836 1.576352 -0.177855 1.010224 1.577379 -0.123845 1.000490 1.570431 -0.177654 1.013333 1.541484 -0.147707 -0.959805 1.581022 -0.244984 0.982337 1.576507 -0.247833 -0.947296 1.589211 -0.298635 0.963384 1.584726 -0.313152 -0.938015 1.550404 -0.350906 -0.914214 1.590399 -0.394061 0.944610 1.591537 -0.368934 -0.881651 1.609782 -0.465441 0.926718 1.602901 -0.409017 0.900996 1.580839 -0.466990 -0.859461 1.597355 -0.521000 -0.847472 1.564651 -0.553602 -0.834265 1.617676 -0.554396 0.869029 1.615047 -0.516447 0.848099 1.571561 -0.561635 0.873923 1.559454 -0.524479 -0.801484 1.638253 -0.595156 0.815289 1.580139 -0.605979 -0.765790 1.611887 -0.649824 -0.725066 1.615586 -0.697389 0.785501 1.592668 -0.642720 0.748537 1.576386 -0.686942 -0.685913 1.605739 -0.737956 -0.640687 1.613226 -0.778314 0.702759 1.602101 -0.731346 0.661158 1.563468 -0.775122 -0.607562 1.594569 -0.808915 -0.565133 1.574367 -0.843389 -0.514801 1.620939 -0.865843 0.606920 1.607082 -0.813534 0.565404 1.550176 -0.853590 -0.468527 1.597242 -0.896823 -0.420938 1.580652 -0.924667 -0.382781 1.568126 -0.944566 -0.368453 1.622421 -0.940048 0.449225 1.595871 -0.916881 0.412094 1.543339 -0.941611 0.511407 1.584037 -0.884316 -0.325807 1.588122 -0.961242 -0.255275 1.579701 -0.983820 -0.185369 1.576379 -1.003787 -0.152666 1.552214 -1.016990 -0.133614 1.588859 -1.014140 0.235756 1.596462 -0.994272 0.188471 1.535133 -1.013160 0.292678 1.566396 -0.983811 0.352625 1.568557 -0.963149 -0.104586 1.561014 -1.022821 -0.045943 1.552785 -1.028349 0.012896 1.544722 -1.030559 0.061921 1.532244 -1.030586 0.122255 1.547216 -1.022706 -0.329660 1.609751 0.925061 -0.251490 1.633675 0.941608 -0.293943 1.635262 0.930697 -0.192825 1.633761 0.952004 -0.124268 1.632801 0.961321 -0.050996 1.631366 0.968104 0.023632 1.629153 0.971319 0.097497 1.623826 0.970778 0.169293 1.613569 0.966957 0.239814 1.595996 0.960284 0.277113 1.641737 0.939421 0.297082 1.603462 0.945207 -0.489005 1.630535 0.849640 -0.391736 1.681953 0.878511 -0.451094 1.668709 0.857611 -0.320811 1.667631 0.909901 0.338677 1.642564 0.921113 0.390926 1.636502 0.904713 0.438885 1.626570 0.886277 0.485596 1.648808 0.857564 -0.529862 1.697400 0.803847 -0.579394 1.684987 0.772341 -0.490208 1.681135 0.832945 0.548817 1.632287 0.824861 0.592822 1.675146 0.784200 0.619032 1.607201 0.785504 -0.625979 1.689004 0.735072 -0.669126 1.677276 0.700307 0.646464 1.649409 0.751636 0.670429 1.691163 0.717219 0.698484 1.623800 0.714558 -0.711140 1.683094 0.657438 -0.749644 1.674919 0.616282 0.719256 1.667746 0.680112 0.738306 1.707401 0.645866 0.757638 1.654174 0.645596 -0.786817 1.681998 0.567762 -0.819944 1.665871 0.524888 0.774294 1.684185 0.614660 0.814343 1.685735 0.560528 -0.852392 1.669758 0.468924 -0.882120 1.638494 0.426094 0.859408 1.633425 0.517713 0.885327 1.663673 0.456283 -0.901440 1.645439 0.379607 0.916413 1.675503 0.383006 -0.942271 1.606772 0.285125 -0.918542 1.649930 0.327831 0.945126 1.621124 0.348256 0.962931 1.643914 0.282087 -0.937456 1.648572 0.266229 -0.957726 1.599891 0.224987 0.981037 1.636043 0.225048 -0.965685 1.624421 0.149398 0.986365 1.650972 0.183154 -0.976614 1.610806 0.083362 0.998234 1.635775 0.121743 1.011725 1.575841 0.116799 -0.975662 1.622768 0.027614 1.000769 1.647861 0.045841 1.013762 1.587402 0.061760 -0.972147 1.631501 -0.041446 1.000325 1.649539 -0.028441 1.014111 1.594026 -0.005489 -0.963612 1.645204 -0.115325 0.996901 1.636509 -0.110842 1.012327 1.591475 -0.071603 -0.956503 1.637207 -0.193404 0.983304 1.641743 -0.188334 -0.947753 1.633307 -0.254407 0.967508 1.646325 -0.258155 -0.938293 1.632397 -0.298033 -0.933384 1.605194 -0.335020 -0.919712 1.661937 -0.325921 0.949311 1.650636 -0.324204 -0.893978 1.670149 -0.394712 0.932813 1.676418 -0.356973 0.914282 1.659330 -0.408360 0.935266 1.636482 -0.375044 -0.869374 1.685128 -0.449625 0.886127 1.659497 -0.467446 -0.853390 1.652138 -0.504109 -0.816366 1.700242 -0.539226 0.863090 1.668669 -0.506944 0.833323 1.648991 -0.559863 -0.786146 1.688749 -0.594784 -0.778906 1.657995 -0.619797 -0.754011 1.697349 -0.631411 0.793659 1.685172 -0.601922 0.768728 1.642807 -0.648953 0.800662 1.630346 -0.613739 -0.723859 1.667585 -0.679466 -0.705313 1.644244 -0.709376 -0.678104 1.692017 -0.715536 0.728653 1.648750 -0.693383 -0.638860 1.669185 -0.761027 -0.608635 1.648292 -0.794270 -0.590067 1.706330 -0.787385 0.699327 1.649401 -0.725804 0.663172 1.646846 -0.758808 -0.555519 1.661704 -0.827659 -0.502086 1.678968 -0.858542 0.564144 1.667626 -0.832578 0.526776 1.644134 -0.864614 0.556641 1.611251 -0.851632 0.611953 1.689035 -0.790540 -0.463454 1.667792 -0.883104 -0.405529 1.659196 -0.913723 -0.350643 1.676985 -0.934440 0.412459 1.662045 -0.920516 0.366222 1.630631 -0.948536 0.400582 1.601252 -0.939824 0.479183 1.653391 -0.889149 -0.315234 1.660749 -0.951265 -0.260498 1.650600 -0.968938 -0.194007 1.644867 -0.986405 -0.123948 1.639974 -1.002131 -0.097463 1.609186 -1.015538 -0.068548 1.643574 -1.009467 0.178263 1.656407 -0.994274 0.132986 1.607902 -1.012709 0.173126 1.590326 -1.009256 0.248661 1.662571 -0.978173 0.306890 1.631227 -0.968470 -0.054344 1.605368 -1.019651 0.004791 1.602011 -1.021388 0.072594 1.591922 -1.020967 -0.266034 1.671141 0.926619 -0.211254 1.684834 0.933427 -0.142062 1.689780 0.942169 -0.069696 1.689989 0.949125 0.003454 1.687592 0.953131 0.076448 1.682934 0.953522 0.149459 1.674489 0.950397 0.220943 1.659579 0.944967 -0.376003 1.743990 0.864413 -0.427830 1.736501 0.843402 -0.321500 1.743826 0.882838 -0.246894 1.730937 0.908081 -0.163211 1.744116 0.919275 -0.088291 1.745915 0.927594 -0.015329 1.743699 0.932702 0.055250 1.738359 0.934775 0.125889 1.733200 0.931910 0.201082 1.722347 0.925733 0.281198 1.697886 0.918702 0.336493 1.694834 0.905458 0.388818 1.687950 0.889243 0.427267 1.720681 0.861979 0.446521 1.679979 0.867919 -0.544673 1.724209 0.783191 -0.487310 1.737081 0.813316 -0.521405 1.741613 0.791328 0.483233 1.707233 0.838433 0.543619 1.711298 0.803537 0.576795 1.718218 0.781004 -0.635929 1.719123 0.712847 -0.540553 1.775896 0.757428 -0.601765 1.744913 0.727082 0.610506 1.726866 0.751189 0.649620 1.734980 0.717603 -0.719522 1.714622 0.633346 -0.639799 1.768526 0.680605 -0.689692 1.738489 0.650292 0.685723 1.742344 0.680768 0.723009 1.747002 0.643579 -0.795636 1.706956 0.543157 -0.721503 1.763353 0.600400 -0.768967 1.740558 0.556822 0.756575 1.749635 0.603233 0.795552 1.762366 0.548333 -0.863346 1.699043 0.430748 -0.801438 1.738176 0.513395 -0.831662 1.737984 0.461550 0.830683 1.741556 0.508840 0.852046 1.690283 0.503793 -0.857770 1.742446 0.408804 -0.886328 1.701521 0.375595 0.859941 1.725867 0.468712 0.882682 1.736862 0.413277 -0.903697 1.705980 0.325098 0.913619 1.750135 0.328596 0.938447 1.680432 0.327292 -0.943739 1.669170 0.211508 -0.917704 1.709015 0.270336 0.945422 1.705401 0.286205 0.964388 1.699293 0.222891 -0.948640 1.686633 0.156028 -0.926515 1.735605 0.190547 0.980317 1.688905 0.157841 -0.940346 1.723078 0.129170 -0.959724 1.671044 0.091685 0.983236 1.700570 0.098428 -0.959272 1.683361 0.017540 0.984448 1.708211 0.024394 -0.956332 1.691670 -0.047692 0.982616 1.708235 -0.052650 -0.950244 1.704495 -0.093773 -0.946841 1.695215 -0.148538 -0.934613 1.746280 -0.102529 0.976258 1.706435 -0.129279 -0.939719 1.685810 -0.215284 -0.926690 1.743912 -0.169814 0.965420 1.707241 -0.200956 -0.934118 1.669356 -0.270059 -0.916157 1.729302 -0.252032 0.950460 1.711916 -0.267869 -0.894783 1.733567 -0.328948 0.933952 1.741851 -0.296943 0.917650 1.729668 -0.350974 0.938669 1.702983 -0.320279 -0.872334 1.740082 -0.395193 0.888663 1.726591 -0.422026 -0.855748 1.733818 -0.444928 -0.846850 1.706980 -0.483117 -0.828972 1.766272 -0.468867 0.862600 1.749389 -0.461886 0.848147 1.713412 -0.508559 0.871313 1.704143 -0.474631 -0.793588 1.783383 -0.519751 0.817287 1.724224 -0.549980 -0.769767 1.754675 -0.578557 -0.736896 1.756754 -0.622050 0.786369 1.740383 -0.585441 0.747089 1.720931 -0.644165 -0.702686 1.750137 -0.662262 -0.658674 1.758668 -0.703895 0.703412 1.758030 -0.681995 0.675651 1.746423 -0.717831 0.697110 1.698433 -0.712021 -0.617464 1.753938 -0.742798 -0.568782 1.763588 -0.779700 0.646225 1.766304 -0.737062 0.617094 1.744239 -0.769171 0.653087 1.715627 -0.749538 -0.539510 1.744261 -0.809102 -0.500373 1.729858 -0.840954 -0.467003 1.715938 -0.866853 -0.448702 1.767899 -0.856334 0.559686 1.749902 -0.807260 0.514403 1.700612 -0.855652 -0.412114 1.735358 -0.886742 -0.343290 1.733325 -0.918145 -0.314012 1.707186 -0.940025 -0.291163 1.745271 -0.935004 0.380255 1.733257 -0.912811 0.348808 1.683323 -0.942146 0.450969 1.727922 -0.881496 -0.264428 1.715942 -0.952060 -0.201722 1.709473 -0.967942 -0.132243 1.706419 -0.980792 -0.052886 1.700398 -0.991730 -0.013460 1.654227 -1.008888 0.033622 1.709495 -0.991427 0.054992 1.652773 -1.008426 0.115939 1.702291 -0.989661 0.112075 1.644313 -1.007052 0.172286 1.711726 -0.980769 0.223943 1.719772 -0.967900 0.290270 1.699882 -0.957151 -0.384324 1.770991 0.850168 -0.347283 1.785593 0.858033 -0.257057 1.793956 0.881119 -0.302143 1.799150 0.867352 -0.182224 1.805123 0.891235 -0.106045 1.800791 0.903489 -0.033090 1.798140 0.909799 0.038824 1.791858 0.913361 0.098958 1.779455 0.916030 0.169336 1.789434 0.903331 0.253263 1.766950 0.897597 0.331138 1.742872 0.887913 0.360488 1.785646 0.859710 0.387432 1.744371 0.868843 -0.495501 1.776723 0.789262 -0.380420 1.817044 0.827651 -0.448342 1.791910 0.807719 -0.311781 1.835905 0.845312 0.422745 1.774411 0.839428 0.496611 1.771847 0.805146 0.526802 1.790761 0.780607 0.553251 1.755459 0.780088 -0.518105 1.863691 0.721665 -0.578353 1.836521 0.692259 -0.471370 1.839394 0.767252 0.556139 1.806658 0.751448 0.590535 1.831250 0.713440 0.624110 1.777993 0.716317 -0.624609 1.840678 0.650614 -0.667657 1.826694 0.616939 0.642021 1.822464 0.676002 0.674408 1.849028 0.631294 0.702824 1.788906 0.639825 -0.705441 1.834484 0.570975 -0.739624 1.814190 0.543589 0.723196 1.822512 0.597323 0.747210 1.854456 0.545762 0.763530 1.799544 0.566790 -0.806018 1.771805 0.482605 -0.778681 1.802680 0.497525 0.784188 1.808499 0.534567 0.810598 1.788968 0.509840 -0.866350 1.763179 0.369518 -0.807382 1.805266 0.449395 -0.834973 1.804503 0.394958 0.838444 1.794930 0.455106 0.870235 1.806771 0.380313 -0.859638 1.802953 0.340100 -0.886961 1.757190 0.317225 0.884129 1.835057 0.314601 -0.897658 1.784212 0.239023 0.917392 1.805520 0.251148 0.939054 1.745898 0.262620 -0.909548 1.784048 0.185845 0.945525 1.761078 0.217781 0.960990 1.747895 0.157353 -0.941289 1.732952 0.070597 -0.918728 1.778641 0.130066 0.964359 1.762019 0.078570 -0.941423 1.739110 0.000272 -0.919993 1.789949 0.048442 0.964784 1.768189 0.002059 -0.942179 1.735927 -0.055515 -0.921070 1.788885 -0.036039 0.962127 1.768555 -0.074163 -0.911709 1.799139 -0.112833 0.956165 1.765893 -0.147266 -0.901492 1.799374 -0.186887 0.947718 1.762438 -0.211981 -0.884325 1.804453 -0.263062 0.930679 1.800319 -0.227102 0.915999 1.794935 -0.285009 0.937651 1.763765 -0.258014 -0.870835 1.792525 -0.336847 0.886547 1.798965 -0.361850 -0.856673 1.792979 -0.382108 -0.850853 1.772052 -0.420081 -0.830288 1.827514 -0.402671 0.870272 1.779578 -0.422221 -0.794727 1.842348 -0.461605 0.855317 1.786355 -0.447900 0.832020 1.780901 -0.490586 -0.767257 1.840863 -0.515307 -0.772355 1.798795 -0.545326 -0.750911 1.818183 -0.561305 0.797409 1.814085 -0.520874 0.765207 1.795683 -0.578993 0.801211 1.772012 -0.546088 -0.731991 1.799346 -0.600594 -0.716388 1.785505 -0.628799 -0.686543 1.837632 -0.623844 0.722314 1.793260 -0.638791 -0.651862 1.810309 -0.679698 -0.634028 1.789266 -0.711077 -0.601139 1.835183 -0.711690 0.698122 1.794221 -0.670351 0.672354 1.791372 -0.699608 -0.555512 1.820314 -0.759194 -0.532605 1.794245 -0.791899 -0.512106 1.831925 -0.786174 0.643511 1.799367 -0.723644 0.609282 1.797852 -0.751120 -0.479175 1.811090 -0.817128 -0.422996 1.818891 -0.846864 0.499715 1.810806 -0.820476 0.460846 1.784414 -0.855801 0.497994 1.755676 -0.846347 0.555389 1.827820 -0.774894 -0.401878 1.794968 -0.868975 -0.345125 1.806386 -0.887660 -0.276675 1.798330 -0.916654 -0.253322 1.766542 -0.938836 -0.222086 1.802265 -0.931699 0.259469 1.822068 -0.916328 0.225594 1.775842 -0.947389 0.277353 1.758032 -0.940882 0.331408 1.785711 -0.910671 0.326905 1.733721 -0.934606 0.403632 1.798115 -0.875699 -0.209417 1.764376 -0.949440 -0.146358 1.766411 -0.958932 -0.072861 1.767268 -0.966537 0.006623 1.768010 -0.969932 0.087230 1.766109 -0.968910 0.166298 1.759821 -0.964049 -0.268019 1.832954 0.861055 -0.216804 1.846311 0.866342 -0.117905 1.852028 0.879468 -0.164920 1.859075 0.870259 -0.051324 1.850378 0.885112 0.022110 1.845771 0.888679 0.102063 1.834138 0.890791 0.137349 1.880438 0.864563 0.169073 1.846261 0.877861 0.229216 1.828422 0.875350 0.301280 1.807465 0.867596 -0.418200 1.845662 0.794635 -0.318513 1.891599 0.810777 -0.376670 1.875818 0.797411 -0.248408 1.884828 0.837187 -0.177187 1.894937 0.848153 0.204097 1.887639 0.849792 0.273614 1.859054 0.849232 0.354471 1.848269 0.828875 0.441396 1.829175 0.804492 0.460670 1.856537 0.781634 0.496208 1.823586 0.780611 -0.540607 1.884759 0.692755 -0.460991 1.919610 0.723280 -0.507679 1.927760 0.686849 -0.407436 1.903557 0.764672 0.489704 1.877117 0.752558 0.521595 1.901982 0.717756 0.547782 1.861304 0.726472 -0.633274 1.868129 0.624321 -0.552329 1.912149 0.663674 -0.596448 1.904925 0.630069 0.575917 1.883748 0.690593 0.629172 1.880908 0.651345 0.656193 1.884822 0.625658 -0.715087 1.866802 0.534320 -0.638736 1.900461 0.592995 -0.676788 1.900172 0.550859 0.682470 1.892783 0.591077 0.710708 1.918759 0.537820 -0.707118 1.907433 0.508001 -0.740422 1.874831 0.490414 0.758866 1.900724 0.489472 0.792959 1.836436 0.497780 -0.807508 1.839436 0.415179 -0.778387 1.868893 0.433018 0.805268 1.868952 0.447517 0.811735 1.908248 0.392650 0.837758 1.850162 0.407272 -0.868675 1.821585 0.286148 -0.804767 1.873801 0.376595 -0.835359 1.859960 0.323077 0.834483 1.917263 0.335460 0.852137 1.868317 0.357516 -0.875282 1.838757 0.233268 -0.850141 1.874866 0.253832 0.861413 1.886780 0.311197 0.877558 1.885675 0.253800 -0.863773 1.873471 0.202183 -0.890329 1.829028 0.177433 0.911576 1.851998 0.184392 0.936929 1.797520 0.189070 -0.894151 1.840427 0.099009 0.913132 1.873182 0.108434 0.940010 1.811322 0.129684 -0.895450 1.846783 0.020851 0.916532 1.880284 0.029085 0.942034 1.822460 0.055067 -0.892437 1.851294 -0.055253 0.917035 1.879945 -0.048883 0.942234 1.826135 -0.021807 -0.885014 1.854885 -0.128167 0.914188 1.872984 -0.126582 0.939624 1.823686 -0.097637 -0.875276 1.856357 -0.194964 0.907882 1.856202 -0.211021 0.934616 1.815561 -0.169959 -0.862934 1.863995 -0.242320 -0.856280 1.849375 -0.296333 -0.838145 1.904348 -0.252827 0.884463 1.863346 -0.288447 -0.849023 1.831792 -0.350327 -0.821305 1.894411 -0.329553 0.860616 1.896131 -0.314394 0.842038 1.894759 -0.360602 0.866506 1.858455 -0.347778 -0.796526 1.891913 -0.398537 0.818482 1.890986 -0.415023 0.849608 1.831138 -0.414553 -0.763435 1.913228 -0.439107 -0.769255 1.873919 -0.478164 -0.743986 1.899263 -0.491861 0.792521 1.896313 -0.455430 0.768930 1.867806 -0.516808 0.811549 1.848233 -0.469070 -0.732445 1.871709 -0.539447 -0.720189 1.845857 -0.579519 -0.690017 1.903059 -0.565562 0.722434 1.854420 -0.594718 -0.647568 1.915489 -0.606803 0.692371 1.866761 -0.626576 0.665866 1.873862 -0.651541 0.689237 1.831368 -0.655600 -0.617870 1.891972 -0.656454 -0.573912 1.897627 -0.694579 0.640809 1.879465 -0.674408 0.614242 1.883805 -0.695704 0.642242 1.839578 -0.699557 -0.546554 1.882230 -0.727760 -0.499337 1.880444 -0.763297 -0.486929 1.852251 -0.791206 -0.452119 1.883786 -0.791676 0.586982 1.885891 -0.718177 0.557617 1.880638 -0.742640 0.594918 1.853379 -0.732266 -0.404771 1.874231 -0.824777 -0.374471 1.843687 -0.858321 -0.339811 1.897702 -0.842942 -0.326627 1.864956 -0.868033 -0.295929 1.903272 -0.858272 0.464155 1.857554 -0.816661 0.413113 1.862912 -0.838523 0.448648 1.823937 -0.843738 0.507971 1.869548 -0.782580 -0.274404 1.868045 -0.884053 -0.203063 1.857838 -0.908277 -0.166257 1.816415 -0.936035 -0.121252 1.872946 -0.915051 -0.094783 1.823599 -0.941791 -0.044546 1.879712 -0.918174 -0.018211 1.826365 -0.945039 0.033908 1.881265 -0.917818 0.060511 1.825056 -0.944964 0.114334 1.876772 -0.914505 0.136419 1.818389 -0.942462 0.190304 1.860187 -0.912637 0.196304 1.809338 -0.938467 0.255224 1.893201 -0.878723 0.335737 1.859203 -0.871680 -0.129309 1.890042 0.859030 -0.073349 1.897549 0.859581 -0.000824 1.897550 0.862101 0.074580 1.890944 0.863839 -0.353077 1.919111 0.781210 -0.253075 1.942302 0.801444 -0.299922 1.960770 0.774251 -0.189168 1.942157 0.816638 -0.112735 1.938876 0.830994 -0.028465 1.946065 0.833200 0.049994 1.943068 0.835111 0.134414 1.932127 0.835066 0.205788 1.939133 0.819833 0.275865 1.911935 0.818837 0.305032 1.950729 0.786816 0.342344 1.911897 0.798389 0.412515 1.889141 0.783656 -0.471966 1.954055 0.693475 -0.405497 1.962539 0.726642 -0.435995 1.985489 0.691707 -0.358116 1.960531 0.751239 0.362495 1.948319 0.767477 0.433342 1.938763 0.743082 0.465595 1.951358 0.718340 0.483891 1.926379 0.725169 -0.560448 1.941788 0.634747 -0.478342 1.982448 0.666449 -0.522022 1.977431 0.636279 0.507202 1.954608 0.687283 0.585607 1.927134 0.652887 0.602957 1.944622 0.626368 0.632353 1.914781 0.624592 -0.643382 1.933818 0.560539 -0.565789 1.971698 0.603549 -0.607126 1.967260 0.566423 0.629511 1.954499 0.593656 0.654815 1.963127 0.563841 0.672346 1.939891 0.565107 -0.716618 1.928589 0.472938 -0.646209 1.964689 0.526886 -0.681070 1.962276 0.485102 0.676094 1.966968 0.535315 0.716043 1.954366 0.496312 -0.709761 1.963541 0.442426 -0.739438 1.928849 0.433356 0.746595 1.948509 0.458065 0.778696 1.919680 0.439451 -0.803072 1.911935 0.326333 -0.762709 1.948607 0.358407 0.760412 1.968308 0.407727 0.798196 1.959205 0.350813 -0.788757 1.950623 0.294940 -0.818391 1.917431 0.272858 0.822350 1.952976 0.306442 0.847951 1.921898 0.291754 -0.864774 1.888142 0.142666 -0.832573 1.925584 0.197093 0.833175 1.960755 0.249554 0.872802 1.927590 0.169099 -0.868225 1.896613 0.067765 -0.832508 1.950321 0.105695 0.884209 1.932920 0.078463 -0.869045 1.900700 -0.003976 -0.846008 1.940053 0.036727 0.888914 1.933712 -0.001444 -0.863973 1.905704 -0.074822 -0.840293 1.951170 -0.023529 0.889074 1.929397 -0.079347 -0.856081 1.907373 -0.145959 -0.832448 1.957401 -0.095062 0.885255 1.920213 -0.156539 -0.851875 1.899829 -0.203370 -0.818616 1.960269 -0.180844 0.876489 1.912612 -0.226653 -0.807385 1.951671 -0.263256 0.851702 1.947126 -0.245568 0.836657 1.941182 -0.302836 0.863919 1.913989 -0.274887 -0.793726 1.953103 -0.310429 -0.784255 1.940390 -0.357298 -0.765748 1.987804 -0.321603 0.809180 1.940530 -0.371383 -0.773796 1.931727 -0.395612 -0.743771 1.979432 -0.384438 0.786432 1.949152 -0.406552 0.759625 1.941428 -0.456515 0.795096 1.925372 -0.420542 -0.709271 1.971793 -0.456973 -0.711410 1.923006 -0.515686 -0.672916 1.967170 -0.519851 0.722031 1.915112 -0.540467 -0.647506 1.958235 -0.566442 0.692540 1.937611 -0.560178 0.662993 1.948762 -0.585772 0.686453 1.903130 -0.601231 -0.614825 1.966466 -0.597846 -0.619738 1.932377 -0.624659 -0.593309 1.952728 -0.633708 0.633847 1.955822 -0.613446 0.603214 1.959395 -0.640586 0.636891 1.916900 -0.645657 -0.557606 1.950983 -0.667003 -0.540179 1.925047 -0.703396 -0.515858 1.958626 -0.695344 0.571645 1.961875 -0.667920 0.536787 1.962216 -0.694530 0.578939 1.922278 -0.694821 -0.501894 1.931839 -0.725690 -0.432398 1.956762 -0.750481 -0.404150 1.923627 -0.793412 -0.373853 1.962970 -0.780894 0.441951 1.961705 -0.758558 0.400928 1.961834 -0.779657 0.450462 1.915006 -0.786424 0.481142 1.961796 -0.733657 0.519086 1.919595 -0.741054 -0.354266 1.935019 -0.811175 -0.279092 1.957933 -0.826741 -0.257525 1.920700 -0.860912 -0.224234 1.951167 -0.850887 0.298942 1.962087 -0.824335 0.256817 1.952286 -0.842212 0.310215 1.925774 -0.843419 0.339606 1.963218 -0.807169 0.374995 1.915976 -0.823351 -0.212758 1.914971 -0.876043 -0.146804 1.919822 -0.885740 -0.072755 1.928147 -0.889425 0.004137 1.933043 -0.888923 0.085052 1.933727 -0.884068 0.177460 1.929604 -0.873544 -0.252271 1.978608 0.778623 -0.206802 1.988754 0.782341 -0.134662 1.994766 0.791181 -0.056170 1.995070 0.799860 0.021985 1.992973 0.804124 0.097290 1.986351 0.805313 0.170048 1.981753 0.799056 0.243598 1.970674 0.790580 -0.399231 1.998650 0.704023 -0.365246 2.004151 0.716416 -0.247272 2.017519 0.750656 -0.312404 2.008513 0.735523 -0.162006 2.048532 0.746893 -0.079546 2.045299 0.761979 -0.002712 2.041363 0.769676 0.072430 2.033787 0.773981 0.135076 2.021394 0.777212 0.204422 2.027244 0.758985 0.300733 1.999446 0.752419 0.380786 1.987075 0.732514 0.400826 2.008076 0.707654 0.437131 1.978796 0.712280 -0.483512 2.009362 0.640022 -0.386686 2.039391 0.676137 -0.442092 2.037756 0.642872 -0.324998 2.049753 0.696987 0.435189 2.021795 0.676286 0.469637 2.036275 0.643804 0.496179 2.008647 0.650239 0.559996 1.978535 0.629797 -0.570431 2.001617 0.571701 -0.487417 2.036766 0.610194 -0.531223 2.033348 0.575234 0.508177 2.044149 0.607121 0.585555 2.007647 0.582541 0.610508 2.021636 0.546650 0.635390 1.987936 0.558240 -0.648889 1.994023 0.493318 -0.573394 2.029957 0.537949 -0.613641 2.024185 0.499077 0.648198 2.007841 0.522789 0.661804 2.026062 0.482093 0.683843 1.991118 0.498884 -0.722459 1.980178 0.396753 -0.650779 2.019194 0.459189 -0.684245 2.010280 0.419951 0.677813 2.034507 0.447446 0.709005 1.995454 0.455744 -0.729927 1.994528 0.359833 -0.702799 2.024749 0.362663 0.704537 2.038025 0.397492 0.741950 2.039555 0.330233 0.760361 2.002188 0.358064 -0.793867 1.969537 0.235109 -0.727800 2.016979 0.319379 -0.760429 1.995770 0.277573 0.761033 2.039221 0.289281 0.787302 1.999938 0.302936 -0.796632 1.990234 0.159993 -0.759873 2.025121 0.203516 0.780310 2.036744 0.234090 0.805023 2.034401 0.152168 0.829528 1.990644 0.185339 -0.797348 2.005657 0.095921 -0.756831 2.052410 0.118580 0.818118 2.032918 0.080444 0.846248 1.985697 0.118689 -0.781218 2.033992 0.058527 -0.813704 1.990676 0.033859 0.824587 2.030720 0.005845 0.855572 1.984942 0.042016 -0.808631 2.000225 -0.041506 0.825835 2.025393 -0.071344 0.859055 1.981870 -0.035202 -0.798539 2.008579 -0.106123 0.822846 2.015064 -0.151522 0.858046 1.974576 -0.112661 -0.770900 2.036320 -0.154961 -0.781106 2.004431 -0.226196 -0.749160 2.051565 -0.209795 0.817587 1.994978 -0.239946 0.853996 1.962839 -0.187868 -0.781253 1.986808 -0.278486 -0.750168 2.031245 -0.270009 0.797965 1.987474 -0.318352 -0.731545 2.029725 -0.326944 0.773464 2.011915 -0.334524 0.748848 2.027818 -0.356733 0.774285 1.982231 -0.380153 -0.700265 2.044298 -0.366633 -0.708883 2.009635 -0.407087 -0.676362 2.038586 -0.418618 0.714207 2.047713 -0.386615 0.684116 2.039411 -0.445349 0.730836 2.004491 -0.422356 -0.640931 2.037613 -0.473927 -0.629526 2.004276 -0.536442 -0.596782 2.049079 -0.519926 0.645051 2.031179 -0.513028 0.692283 1.977928 -0.512701 -0.621700 1.987933 -0.567738 -0.589973 2.018301 -0.567883 0.617077 2.031235 -0.550216 0.587602 2.032854 -0.580171 0.627251 1.993375 -0.579380 -0.575245 1.993432 -0.612419 -0.567604 1.975696 -0.638290 -0.540433 2.001204 -0.636421 0.557292 2.035629 -0.607449 0.523247 2.037650 -0.633311 0.564615 1.999301 -0.636794 -0.503887 1.997438 -0.668926 -0.471916 1.982568 -0.705413 -0.439989 2.040376 -0.672092 -0.434645 2.002758 -0.712157 -0.393360 2.025543 -0.715343 0.430735 2.043144 -0.693393 0.389869 2.043999 -0.714718 0.435147 2.003617 -0.726438 0.468993 2.040970 -0.670040 0.502196 2.002053 -0.683857 -0.355607 2.006706 -0.753168 -0.320970 1.985954 -0.788494 -0.282551 2.040851 -0.756829 -0.279656 2.002633 -0.793007 -0.236145 2.018707 -0.793964 0.282822 2.043341 -0.763998 0.237303 2.040506 -0.779673 0.289414 2.001588 -0.795896 0.326425 2.044170 -0.745060 0.363622 2.004270 -0.763471 -0.201624 1.991618 -0.826454 -0.169909 1.961600 -0.855976 -0.133025 2.008725 -0.827582 -0.101714 1.971613 -0.859129 -0.061475 2.019952 -0.827000 -0.027958 1.979287 -0.858758 0.012805 2.027260 -0.823136 0.049085 1.983769 -0.854133 0.088845 2.031910 -0.814644 0.129429 1.986249 -0.843848 0.164962 2.035966 -0.800082 0.209398 1.992500 -0.824613 -0.275254 2.051505 0.715320 -0.219087 2.076274 0.711706 -0.094553 2.093097 0.723206 -0.149783 2.112397 0.697039 -0.025424 2.088011 0.732433 0.052126 2.081177 0.737303 0.132466 2.066774 0.742181 0.160700 2.095748 0.713855 0.192180 2.075067 0.724617 0.259372 2.059862 0.717227 0.351306 2.036676 0.703675 -0.404038 2.062047 0.647222 -0.336793 2.088836 0.655987 -0.379243 2.079620 0.644727 -0.270291 2.098324 0.675005 -0.207778 2.119634 0.676913 0.207061 2.114675 0.683215 0.304082 2.092884 0.671297 0.381429 2.072961 0.657730 0.404252 2.091732 0.628368 0.439525 2.063585 0.635772 -0.491523 2.064061 0.579533 -0.405282 2.086244 0.621258 -0.448464 2.091832 0.581964 0.440746 2.103474 0.592119 0.473915 2.116172 0.556908 0.508045 2.090458 0.558423 0.564870 2.051878 0.553675 -0.576337 2.057828 0.502710 -0.495570 2.088231 0.548063 -0.535907 2.086805 0.508403 0.500606 2.124944 0.523744 0.535527 2.122434 0.495537 0.560257 2.091836 0.509227 0.613578 2.046799 0.511957 -0.651321 2.049308 0.416797 -0.578900 2.083117 0.463488 -0.620010 2.064740 0.437618 0.566497 2.121469 0.461396 0.606554 2.111170 0.428094 0.630262 2.073418 0.453013 -0.632153 2.082146 0.392469 -0.664957 2.060145 0.373171 0.643506 2.105511 0.381843 0.679821 2.108140 0.317412 0.700837 2.074760 0.343446 -0.723232 2.051711 0.250590 -0.681618 2.074562 0.304670 0.698448 2.108898 0.277888 0.727394 2.075027 0.288607 -0.721640 2.078629 0.176509 -0.681581 2.106861 0.220196 0.718411 2.107164 0.225390 0.736940 2.111989 0.149289 0.765666 2.074809 0.175719 -0.720400 2.093228 0.128488 -0.681090 2.130132 0.136385 0.745930 2.114725 0.081711 0.778360 2.075704 0.114666 -0.781321 2.038511 0.000946 -0.717374 2.103577 0.081680 -0.750989 2.072204 0.040999 0.750352 2.114713 0.009118 0.786607 2.075301 0.044332 -0.777648 2.042960 -0.061969 -0.748437 2.078559 -0.026874 0.750426 2.111148 -0.068095 0.789795 2.072367 -0.030745 -0.774737 2.043087 -0.104455 -0.746617 2.076727 -0.096138 0.745461 2.103862 -0.148881 0.788070 2.065687 -0.109750 -0.717902 2.096959 -0.162971 -0.718842 2.080277 -0.235699 -0.689786 2.116160 -0.216019 0.734645 2.094022 -0.231190 0.781031 2.054644 -0.193665 -0.713283 2.068001 -0.291096 -0.685061 2.106635 -0.265573 0.723527 2.086661 -0.290628 0.764661 2.042479 -0.286600 -0.707322 2.059669 -0.326718 -0.678919 2.090355 -0.321957 0.702646 2.094489 -0.320845 0.673592 2.091040 -0.377072 0.723379 2.066881 -0.335522 -0.645615 2.092658 -0.379327 -0.645421 2.067048 -0.426199 -0.614275 2.092461 -0.432547 0.637049 2.074224 -0.463598 -0.573535 2.098738 -0.478580 -0.545267 2.078364 -0.541359 -0.529036 2.117445 -0.507863 0.596699 2.095217 -0.487991 0.570155 2.091628 -0.525561 0.602053 2.062007 -0.528187 -0.539623 2.038848 -0.595908 -0.495247 2.123642 -0.534257 -0.488914 2.089380 -0.582902 -0.461872 2.126742 -0.561764 0.538916 2.102437 -0.542972 0.510591 2.096701 -0.576352 0.549043 2.067786 -0.577075 -0.494378 2.042931 -0.630702 -0.433614 2.121004 -0.589419 -0.451727 2.080552 -0.622786 -0.402312 2.099637 -0.634483 0.427019 2.115553 -0.614430 0.383884 2.118267 -0.636726 0.427188 2.079382 -0.656148 0.465386 2.108208 -0.596406 0.491742 2.073006 -0.619144 -0.367432 2.078334 -0.677869 -0.330192 2.058532 -0.718341 -0.296271 2.110569 -0.679280 -0.287990 2.077900 -0.719676 -0.244983 2.093615 -0.719050 0.272033 2.120226 -0.690479 0.226715 2.118990 -0.706445 0.277296 2.082313 -0.727338 0.316904 2.119856 -0.670388 0.354129 2.082478 -0.693427 -0.206934 2.067723 -0.757752 -0.168065 2.040133 -0.794108 -0.135615 2.086623 -0.756764 -0.097131 2.055439 -0.793186 -0.063136 2.099784 -0.754212 -0.024244 2.065633 -0.790034 0.010396 2.108326 -0.749133 0.049920 2.072120 -0.783325 0.084101 2.113537 -0.740215 0.124360 2.076394 -0.771693 0.156829 2.116708 -0.726233 0.198387 2.079720 -0.753903 -0.098016 2.124833 0.695897 -0.050353 2.128515 0.695803 0.024963 2.126995 0.697440 0.113846 2.117792 0.699060 -0.360328 2.114309 0.618146 -0.296067 2.142440 0.618317 -0.229259 2.148372 0.640873 -0.095793 2.157907 0.661169 -0.168794 2.153984 0.652909 -0.010502 2.168808 0.654845 0.073546 2.165715 0.655167 0.150915 2.158777 0.652598 0.182316 2.185446 0.615878 0.209823 2.158709 0.638827 0.272038 2.141364 0.634647 0.357826 2.119046 0.621313 -0.393506 2.122675 0.587486 -0.347795 2.155614 0.575570 -0.238274 2.183876 0.596663 -0.286545 2.194778 0.558100 -0.192144 2.180887 0.617371 0.241580 2.182778 0.598415 0.317425 2.167464 0.583953 0.390364 2.149179 0.569065 0.418610 2.167045 0.528146 0.447763 2.138419 0.547542 -0.497804 2.112949 0.516034 -0.402569 2.156060 0.536694 -0.463700 2.129335 0.524195 -0.344409 2.191344 0.529376 0.465636 2.158149 0.506069 0.486699 2.170606 0.466200 0.514514 2.144352 0.483446 -0.587925 2.118389 0.392734 -0.492951 2.138884 0.482062 -0.534311 2.134483 0.438377 0.532768 2.157290 0.440820 0.551522 2.166868 0.398868 0.583321 2.137496 0.413566 -0.631976 2.107325 0.341096 -0.587379 2.155996 0.318516 -0.523948 2.185211 0.356350 0.596305 2.151809 0.366107 0.606761 2.167292 0.312778 0.638750 2.136050 0.331797 -0.631720 2.139488 0.264360 -0.554400 2.193347 0.291105 -0.587345 2.178675 0.264858 0.623672 2.174245 0.261546 0.662677 2.138670 0.278509 -0.643268 2.154230 0.188034 -0.600555 2.183761 0.212718 0.664593 2.156734 0.219716 0.660928 2.174394 0.161678 0.698578 2.141380 0.175526 -0.644521 2.164349 0.143498 -0.612436 2.188509 0.150733 0.661230 2.184814 0.094107 0.703724 2.148258 0.119163 -0.713721 2.113693 0.011053 -0.635984 2.176484 0.098551 -0.674127 2.147460 0.053186 0.662667 2.188941 0.017469 0.707551 2.152248 0.049678 -0.713148 2.114793 -0.058286 -0.671121 2.153005 -0.026158 0.662465 2.187322 -0.064281 0.708916 2.151993 -0.026562 -0.714862 2.110194 -0.105926 -0.676981 2.143830 -0.107835 0.659590 2.180574 -0.145345 0.706559 2.147401 -0.106471 -0.666148 2.144344 -0.180177 -0.655070 2.141992 -0.237556 -0.626250 2.171389 -0.208604 0.649234 2.172403 -0.223277 0.698478 2.139147 -0.189143 -0.647391 2.130852 -0.292769 -0.609036 2.168925 -0.264877 0.630128 2.168863 -0.286327 0.681293 2.126148 -0.283436 -0.645189 2.117258 -0.332363 -0.604558 2.146685 -0.336334 0.594863 2.184467 -0.317519 0.573623 2.181188 -0.362628 0.619842 2.148663 -0.354044 -0.591210 2.129218 -0.400467 -0.583260 2.117635 -0.436955 -0.550935 2.141297 -0.436739 0.536228 2.193314 -0.390105 0.514325 2.187024 -0.430728 0.560635 2.160649 -0.420881 0.609273 2.117134 -0.432215 -0.522093 2.139700 -0.478982 -0.507156 2.135874 -0.505605 -0.481383 2.153503 -0.500920 0.487249 2.191778 -0.451471 0.449528 2.192273 -0.483693 0.501237 2.163168 -0.484119 0.555806 2.123695 -0.491130 -0.452359 2.148866 -0.537372 -0.440129 2.139943 -0.562307 -0.414044 2.154215 -0.558371 0.398135 2.193972 -0.523797 0.365582 2.181392 -0.565183 0.427659 2.151503 -0.563496 0.501391 2.125615 -0.543033 -0.378702 2.141708 -0.598214 -0.344920 2.123803 -0.640548 -0.321614 2.159655 -0.606124 -0.307367 2.140096 -0.640802 -0.269969 2.157576 -0.632720 0.246987 2.196013 -0.604005 0.207454 2.182361 -0.636666 0.264498 2.155300 -0.650223 0.306344 2.189394 -0.586390 0.345176 2.153784 -0.613661 -0.222786 2.137953 -0.675479 -0.176935 2.114342 -0.717455 -0.150532 2.157504 -0.672378 -0.104808 2.130333 -0.715180 -0.075815 2.170993 -0.669921 -0.031101 2.141180 -0.711510 -0.000616 2.179504 -0.665707 0.042950 2.147809 -0.705042 0.074179 2.184066 -0.658242 0.116189 2.151327 -0.694534 0.147102 2.185317 -0.647015 0.187277 2.152824 -0.678818 -0.135792 2.193547 0.615042 -0.054145 2.210099 0.605019 0.042383 2.212002 0.603688 0.124159 2.197865 0.612282 -0.236389 2.209935 0.563366 -0.186557 2.215054 0.574016 -0.114468 2.231885 0.569860 -0.000747 2.246221 0.560208 -0.059837 2.246995 0.557160 0.058487 2.247350 0.557296 0.097911 2.261828 0.528752 0.111126 2.234403 0.566939 0.189899 2.218821 0.567448 0.283811 2.212454 0.538181 0.364413 2.187626 0.531159 -0.440362 2.175190 0.477751 -0.374943 2.211491 0.475962 -0.232022 2.237910 0.519231 -0.306904 2.227845 0.496138 -0.153053 2.253540 0.525694 -0.093748 2.260565 0.531273 0.158879 2.256892 0.519501 0.233670 2.247890 0.506804 0.292881 2.242868 0.488010 0.322545 2.252625 0.453181 0.352688 2.225573 0.478448 0.428183 2.191920 0.478964 -0.480718 2.180790 0.425756 -0.422325 2.220464 0.419123 -0.331204 2.248521 0.445096 -0.370896 2.244824 0.422215 0.362047 2.248610 0.431339 0.385157 2.255745 0.395337 0.418860 2.228950 0.417176 0.493531 2.191621 0.415684 -0.464546 2.216020 0.378987 -0.389908 2.254681 0.383166 -0.427490 2.243390 0.366145 0.424994 2.250010 0.365634 0.445956 2.259191 0.313364 0.486319 2.225499 0.346508 0.550206 2.186634 0.354244 -0.556101 2.209865 0.237157 -0.462310 2.238179 0.325597 -0.510560 2.225756 0.277868 0.464669 2.267481 0.261075 0.503911 2.243484 0.272741 0.563923 2.205347 0.281495 -0.564143 2.219264 0.170633 -0.510683 2.245518 0.204648 0.501705 2.259317 0.225231 0.516135 2.263633 0.172085 0.555437 2.233243 0.206378 0.614878 2.194214 0.213158 -0.577579 2.220836 0.090270 -0.517991 2.254800 0.126934 0.529122 2.266716 0.118764 0.565394 2.243790 0.132468 0.612702 2.210807 0.146237 -0.617925 2.195465 0.016275 -0.562874 2.236107 0.017147 -0.520559 2.261031 0.049615 0.560113 2.254243 0.082999 0.566609 2.253297 0.025736 0.608218 2.224323 0.068664 -0.623346 2.189933 -0.073402 -0.570525 2.229732 -0.047976 -0.519600 2.263121 -0.024513 0.564632 2.253987 -0.049052 0.614485 2.223208 -0.018303 -0.623864 2.182187 -0.150924 -0.571675 2.222050 -0.126534 -0.518513 2.258740 -0.099700 0.556850 2.254746 -0.113566 0.608410 2.222124 -0.108020 -0.571354 2.207611 -0.212164 -0.514013 2.250345 -0.178292 0.523671 2.269219 -0.146963 0.507456 2.267779 -0.207083 0.565767 2.239171 -0.182214 0.617805 2.205312 -0.182680 -0.543096 2.200656 -0.304702 -0.502978 2.240846 -0.255016 0.490440 2.264641 -0.263814 0.534994 2.240367 -0.259849 0.593612 2.204636 -0.254644 -0.543541 2.171044 -0.382100 -0.484475 2.235823 -0.313627 -0.478776 2.216325 -0.371719 -0.446529 2.247281 -0.342673 0.456575 2.272349 -0.294041 0.437910 2.261353 -0.349906 0.492616 2.246233 -0.317847 0.545488 2.211348 -0.329964 -0.488251 2.177394 -0.444193 -0.424887 2.243136 -0.381131 -0.415921 2.221353 -0.434846 -0.386091 2.251150 -0.404288 0.410749 2.250573 -0.407028 0.476505 2.219148 -0.404196 -0.422674 2.181373 -0.504088 -0.360820 2.244035 -0.441808 -0.348531 2.218844 -0.495066 -0.320568 2.248954 -0.461997 0.307145 2.269754 -0.453389 0.276656 2.261149 -0.487978 0.325912 2.244730 -0.488217 0.356962 2.260932 -0.433730 0.396295 2.226132 -0.468797 -0.359373 2.178709 -0.554986 -0.288428 2.238391 -0.499621 -0.274047 2.202624 -0.563243 -0.228081 2.246289 -0.513492 -0.179236 2.222393 -0.570828 -0.151594 2.258909 -0.518993 -0.098721 2.235116 -0.572860 -0.073327 2.268765 -0.520671 -0.020447 2.243306 -0.571213 0.005644 2.275428 -0.517418 0.057275 2.247540 -0.565848 0.085638 2.277584 -0.511388 0.132690 2.248242 -0.556887 0.159734 2.274075 -0.506871 0.194903 2.248503 -0.542385 0.224741 2.266749 -0.500417 0.264612 2.230635 -0.543675 0.344235 2.212265 -0.530992 -0.202746 2.181427 -0.624335 -0.124952 2.197924 -0.623531 -0.047752 2.208637 -0.621793 0.028899 2.214873 -0.617137 0.105424 2.217410 -0.608462 0.186662 2.216683 -0.593355 -0.032651 2.276769 0.509368 0.045649 2.272793 0.516103 -0.267601 2.269879 0.442378 -0.182075 2.279969 0.464677 -0.105098 2.284153 0.484291 -0.045486 2.308429 0.446624 0.036132 2.305162 0.454714 0.119250 2.288212 0.473017 0.205953 2.278616 0.461515 0.274950 2.265879 0.454575 -0.330648 2.277305 0.383501 -0.272416 2.294641 0.388072 -0.210558 2.308220 0.389855 -0.118389 2.314281 0.415665 0.004803 2.329309 0.404179 -0.052356 2.329828 0.397847 0.058915 2.328764 0.403851 0.097111 2.337048 0.374314 0.107577 2.318975 0.413945 0.187058 2.310119 0.401657 0.265013 2.291275 0.402070 0.332411 2.270379 0.405565 -0.391790 2.275794 0.320935 -0.335176 2.297731 0.326376 -0.275506 2.314928 0.330444 -0.143460 2.336792 0.347406 -0.205417 2.333345 0.327486 -0.082135 2.339440 0.363820 0.149996 2.333545 0.363316 0.203251 2.329870 0.346978 0.231725 2.335505 0.311332 0.260112 2.317433 0.337986 0.330432 2.293998 0.341773 0.387568 2.271164 0.351111 -0.446888 2.269100 0.250453 -0.392942 2.293900 0.259591 -0.336145 2.314557 0.265777 -0.228735 2.341636 0.284781 -0.271900 2.336129 0.265229 0.270630 2.332348 0.284710 0.291538 2.338473 0.233175 0.330910 2.316314 0.268130 0.404636 2.286495 0.279259 -0.458100 2.281816 0.162580 -0.389350 2.307902 0.197623 -0.288544 2.341341 0.220912 -0.328446 2.332870 0.195448 0.308317 2.343837 0.181653 0.348402 2.328476 0.192468 0.404988 2.304884 0.202360 0.462239 2.280106 0.212967 -0.465968 2.288286 0.081392 -0.405804 2.313299 0.110833 -0.342455 2.336025 0.132446 0.344548 2.338239 0.144479 0.354634 2.340278 0.088614 0.402375 2.319301 0.123166 0.473585 2.288715 0.136808 -0.468355 2.290979 0.003703 -0.412741 2.316036 0.031251 -0.353016 2.338248 0.055228 0.357094 2.343143 0.018146 0.411350 2.323642 0.039453 0.467083 2.300013 0.058838 0.521105 2.275292 0.070422 -0.466159 2.289687 -0.072922 -0.413157 2.315804 -0.045936 -0.357130 2.338118 -0.021549 0.354909 2.343729 -0.054360 0.410451 2.325764 -0.033393 0.463945 2.304556 -0.015744 0.517727 2.279663 0.001333 -0.459319 2.284407 -0.151164 -0.406890 2.312728 -0.123060 -0.355454 2.335568 -0.096236 0.348345 2.341576 -0.127123 0.407634 2.323428 -0.105694 0.453969 2.307626 -0.077531 0.509210 2.282132 -0.079340 -0.451607 2.274554 -0.228289 -0.388926 2.307445 -0.207404 -0.347479 2.331387 -0.167039 0.338778 2.338256 -0.186406 0.397248 2.318255 -0.186314 0.466436 2.295377 -0.149303 -0.446076 2.261528 -0.295724 -0.390193 2.289082 -0.284178 -0.331632 2.328632 -0.222230 -0.325189 2.316751 -0.276926 -0.295333 2.334922 -0.251349 0.301120 2.344522 -0.213745 0.283601 2.337526 -0.268441 0.351965 2.322679 -0.247863 0.402237 2.307278 -0.243167 0.448450 2.289733 -0.235591 -0.394300 2.267196 -0.351970 -0.328682 2.293697 -0.344677 -0.273626 2.331833 -0.287711 -0.261008 2.317499 -0.338570 -0.236449 2.335460 -0.308367 0.259370 2.330245 -0.321396 0.322985 2.310292 -0.328486 0.401752 2.293102 -0.297260 -0.332844 2.267967 -0.410226 -0.265078 2.290788 -0.403219 -0.206193 2.329970 -0.343626 -0.188955 2.310326 -0.399245 -0.151072 2.333628 -0.358655 -0.106181 2.317776 -0.414168 -0.083468 2.338683 -0.367480 -0.037122 2.323991 -0.416288 -0.027877 2.340580 -0.375587 0.150688 2.337767 -0.360851 0.124052 2.328312 -0.396796 0.187914 2.315175 -0.407773 0.204552 2.334808 -0.343112 0.258925 2.312379 -0.376803 0.314452 2.287931 -0.403257 0.376195 2.278689 -0.371554 -0.273163 2.264034 -0.459337 -0.205545 2.278822 -0.461300 -0.128817 2.290717 -0.465289 -0.050840 2.298962 -0.466972 0.010871 2.330909 -0.404957 0.029964 2.307291 -0.455732 0.066390 2.328962 -0.405104 0.121960 2.304603 -0.452088 0.190951 2.290969 -0.464530 0.253185 2.287612 -0.444145 -0.015676 2.348519 0.347279 0.052149 2.344212 0.360735 -0.161098 2.355692 0.275399 -0.075279 2.358590 0.299529 -0.003072 2.365390 0.286556 0.052156 2.360071 0.302463 0.119105 2.350638 0.319140 0.187056 2.343699 0.312597 -0.220944 2.358718 0.216473 -0.150365 2.372912 0.211045 -0.092715 2.374929 0.227442 -0.021043 2.376457 0.233945 0.048094 2.374078 0.239331 0.115030 2.366583 0.249854 0.181362 2.356604 0.257930 0.235876 2.345259 0.267748 -0.274800 2.355089 0.154698 -0.212508 2.372457 0.145665 -0.164336 2.379775 0.161187 -0.104841 2.386216 0.166000 -0.036435 2.388527 0.167693 0.037580 2.385996 0.172249 0.109733 2.378826 0.180831 0.179301 2.368350 0.190444 0.249454 2.354414 0.200192 -0.289736 2.357534 0.075071 -0.225781 2.373822 0.088320 -0.166860 2.385704 0.101052 -0.120356 2.391510 0.118078 -0.057183 2.398307 0.101465 0.024066 2.397795 0.096386 0.102221 2.388939 0.107481 0.174464 2.377980 0.118946 0.241747 2.365069 0.129545 0.301296 2.351379 0.136156 -0.296710 2.357287 -0.001198 -0.232477 2.373687 0.015648 -0.166363 2.387377 0.031873 -0.101738 2.398007 0.054675 -0.007648 2.406512 0.053402 -0.047591 2.405850 0.046880 0.036121 2.405429 0.038511 0.052766 2.406069 -0.005116 0.094622 2.397231 0.028134 0.170070 2.384653 0.044385 0.238200 2.371454 0.058146 0.300302 2.356762 0.071615 -0.298930 2.354463 -0.075758 -0.236436 2.370539 -0.059328 -0.168476 2.384383 -0.044427 -0.093543 2.397250 -0.027707 -0.052416 2.406339 0.006134 0.048248 2.405250 -0.046183 0.103770 2.397313 -0.054348 0.169023 2.387243 -0.031197 0.235133 2.374545 -0.015208 0.298538 2.359811 0.000297 -0.297668 2.349415 -0.146230 -0.238908 2.364623 -0.131840 -0.172945 2.377577 -0.119738 -0.100952 2.388468 -0.108086 -0.035831 2.405275 -0.037700 -0.022922 2.397196 -0.096819 0.008021 2.406039 -0.052722 0.059228 2.397293 -0.102340 0.124657 2.390230 -0.119290 0.171818 2.385012 -0.100560 0.230898 2.374360 -0.086440 0.293985 2.360049 -0.073057 -0.294551 2.342834 -0.207849 -0.241082 2.356314 -0.198847 -0.177844 2.368244 -0.190430 -0.108396 2.377949 -0.182522 -0.035426 2.385043 -0.174432 0.038817 2.387545 -0.170338 0.109920 2.384451 -0.170718 0.172829 2.378372 -0.162966 0.220985 2.372523 -0.142911 0.283651 2.357326 -0.149643 -0.246282 2.344965 -0.260033 -0.184543 2.356673 -0.254119 -0.116281 2.365262 -0.251494 -0.044406 2.372024 -0.245454 0.024982 2.376034 -0.236585 0.093590 2.374462 -0.233295 0.163697 2.368529 -0.227437 0.236623 2.359775 -0.208134 -0.192694 2.343703 -0.307136 -0.129903 2.350636 -0.310953 -0.051662 2.355276 -0.317883 0.018784 2.361946 -0.300662 0.074436 2.364755 -0.285155 0.142956 2.355435 -0.298708 0.216973 2.349193 -0.279889 0.018091 2.345841 -0.360628 0.086309 2.347706 -0.346264 -0.015688 2.409980 0.015803 0.016203 2.409586 0.017869 -0.016339 2.409522 -0.016614 0.015561 2.409769 -0.014530 0.000000 3.820146 0.000000 0.000100 3.820146 0.000000 0.000000 3.820146 0.000100</float_array>
          <technique_common>
            <accessor source="#Slime-positions-array" count="3203" stride="3">
              <param name="X" type="float"/>
              <param name="Y" type="float"/>
              <param name="Z" type="float"/>
            </accessor>
          </technique_common>
        </source>
        <source id="Slime-normals">
          <float_array id="Slime-normals-array" count="9603">-0.070800 -0.832100 0.550000 -0.088800 -0.860700 0.501300 -0.043800 -0.923300 0.381500 -0.030300 -0.826800 0.561700 -0.006000 -0.917400 0.397800 0.003000 -0.824700 0.565500 0.030500 -0.911300 0.410600 0.053500 -0.822000 0.567000 0.068600 -0.897200 0.436300 0.129000 -0.790200 0.599100 0.091200 -0.889800 0.447100 0.175100 -0.790100 0.587400 -0.203500 -0.838900 0.504900 -0.220400 -0.861700 0.457000 -0.135600 -0.926700 0.350600 -0.161500 -0.844200 0.511100 -0.088600 -0.929900 0.356900 -0.128000 -0.858000 0.497500 -0.057300 -0.939900 0.336500 -0.099600 -0.872700 0.477900 -0.055900 -0.949000 0.310300 -0.036200 -0.973800 0.224500 -0.007600 -0.971800 0.235800 0.016900 -0.969700 0.243600 0.042800 -0.964400 0.261100 0.068000 -0.958600 0.276600 0.180900 -0.864300 0.469300 0.116400 -0.947500 0.297700 0.238800 -0.864600 0.442200 -0.241500 -0.882300 0.404100 -0.266100 -0.890800 0.368200 -0.168200 -0.946200 0.276300 -0.103000 -0.969100 0.224300 -0.053900 -0.972700 0.225700 -0.024000 -0.977700 0.208500 -0.005500 -0.985100 0.172100 -0.021100 -0.992500 0.120600 -0.003500 -0.995800 0.091700 0.011600 -0.995200 0.097600 0.027300 -0.993500 0.110200 0.047500 -0.990600 0.128400 0.078700 -0.985300 0.151900 0.214600 -0.921300 0.324300 0.136400 -0.973700 0.182500 0.270700 -0.912100 0.307700 -0.293900 -0.894600 0.336700 -0.322200 -0.892800 0.314700 -0.204600 -0.952300 0.226400 -0.123200 -0.977600 0.170500 -0.077300 -0.987400 0.138100 -0.025400 -0.993900 0.107400 0.011000 -0.995800 0.090400 0.020200 -0.996900 0.076300 0.023700 -0.999500 0.020200 0.009100 -1.000000 -0.003500 0.011800 -0.999900 -0.011100 0.018100 -0.999800 -0.003800 0.029700 -0.999500 0.011900 0.051000 -0.998100 0.034800 0.087900 -0.994100 0.063900 0.244200 -0.946500 0.211100 0.157900 -0.982600 0.097800 0.283700 -0.941900 0.179600 -0.359200 -0.886200 0.292500 -0.399600 -0.874200 0.275700 -0.258000 -0.946500 0.194100 -0.159900 -0.977300 0.139000 -0.099700 -0.988600 0.112800 -0.026400 -0.997900 0.058800 0.006000 -0.999800 0.020600 0.030200 -0.999500 0.013100 0.046600 -0.998700 -0.022400 0.032100 -0.996900 -0.071100 0.048000 -0.997000 -0.061200 0.019400 -0.996600 -0.079800 0.014300 -0.996800 -0.078800 0.016200 -0.997600 -0.067600 0.028600 -0.998500 -0.047500 0.058100 -0.998100 -0.019000 0.116400 -0.993000 0.018200 0.219600 -0.972200 0.081600 -0.458300 -0.853300 0.248700 -0.493100 -0.838900 0.230300 -0.342000 -0.924300 0.169200 -0.220300 -0.967500 0.124300 -0.130000 -0.987200 0.092400 -0.051800 -0.997900 0.037700 -0.005800 -0.999900 0.015400 0.045600 -0.998500 -0.030100 0.056900 -0.997000 -0.052200 0.059900 -0.994200 -0.088900 0.070000 -0.994300 -0.080400 -0.479200 -0.855800 0.194900 -0.339500 -0.930200 0.139400 -0.222000 -0.971500 0.082700 -0.104900 -0.993600 0.040800 -0.013400 -0.999900 0.005000 0.038500 -0.998600 -0.035800 0.083100 -0.993300 -0.080600 0.077300 -0.994700 -0.068100 0.080900 -0.992200 -0.094600 -0.595500 -0.780600 0.189800 -0.563200 -0.808600 0.170300 -0.434500 -0.892600 0.120400 -0.286600 -0.954600 0.081300 -0.174700 -0.982900 0.057700 -0.078300 -0.996900 0.004300 -0.005200 -0.999800 -0.020900 0.061000 -0.996900 -0.049600 0.090100 -0.993200 -0.074300 -0.553700 -0.824300 0.118000 -0.427700 -0.899700 0.087700 -0.292100 -0.955400 0.042900 -0.151800 -0.988300 0.015100 -0.038500 -0.999200 -0.009300 0.034600 -0.998400 -0.045600 0.103500 -0.991800 -0.075400 0.087800 -0.993800 -0.068600 0.269700 -0.935600 0.228000 0.197800 -0.970600 0.137300 0.352300 -0.920300 0.169800 0.415000 -0.874200 0.252300 -0.550100 -0.832100 0.070600 -0.403500 -0.913000 0.061100 -0.263600 -0.964300 0.023700 -0.136800 -0.990500 -0.015300 -0.038900 -0.998800 -0.029700 0.047500 -0.997800 -0.045600 0.095100 -0.993400 -0.063600 0.084200 -0.992800 0.084900 0.040300 -0.998900 0.022900 0.175300 -0.982300 0.066400 0.332900 -0.939300 0.083400 0.544600 -0.799300 0.253800 0.490500 -0.859300 0.144800 0.637200 -0.749000 0.181700 -0.558700 -0.828800 0.031100 -0.388400 -0.921000 0.031100 -0.236400 -0.971600 0.012000 -0.105200 -0.994300 -0.015500 -0.001600 -0.999200 -0.041000 0.101900 -0.993200 -0.056800 0.072800 -0.996000 -0.052600 0.000200 -0.999700 -0.023000 0.121500 -0.992600 -0.004200 0.285500 -0.958300 -0.009200 0.485400 -0.874300 0.004100 0.654000 -0.754600 0.052600 -0.572600 -0.819800 -0.010600 -0.390200 -0.920700 -0.002400 -0.227000 -0.973900 -0.008800 -0.095400 -0.995200 -0.021400 0.004200 -0.999400 -0.034700 0.073200 -0.996300 -0.045400 -0.027300 -0.997200 -0.069800 0.099400 -0.993600 -0.053300 0.276000 -0.959000 -0.064400 0.474800 -0.876100 -0.084100 0.649000 -0.758500 -0.058900 -0.594500 -0.801400 -0.066000 -0.400600 -0.915200 -0.045000 -0.232500 -0.971600 -0.044100 -0.099800 -0.994100 -0.042500 0.000500 -0.999200 -0.041200 0.068900 -0.996800 -0.040600 -0.047100 -0.989800 -0.134200 0.083100 -0.991000 -0.105200 0.264500 -0.957400 -0.115700 0.467700 -0.873100 -0.137900 0.637400 -0.756200 -0.147900 -0.626500 -0.764300 -0.152700 -0.414500 -0.903600 -0.107700 -0.250700 -0.962300 -0.105600 -0.123500 -0.988600 -0.086000 -0.019200 -0.997800 -0.064100 0.054100 -0.997400 -0.047700 -0.023600 -0.968600 -0.247600 0.067000 -0.979500 -0.189800 0.235800 -0.950600 -0.202000 0.423300 -0.881500 -0.209200 0.603100 -0.764500 -0.227500 -0.607100 -0.732100 -0.308900 -0.433200 -0.874100 -0.219900 -0.298800 -0.929400 -0.216500 -0.175100 -0.971400 -0.160200 -0.064200 -0.991800 -0.110300 0.022900 -0.997200 -0.071200 0.145800 -0.943200 -0.298600 0.341200 -0.885000 -0.317000 0.526500 -0.791100 -0.311400 -0.468100 -0.834100 -0.291800 -0.267200 -0.934600 -0.235000 -0.130500 -0.975900 -0.174700 -0.031200 -0.992500 -0.118100 -0.165500 -0.966100 -0.198100 -0.249600 -0.883400 -0.396700 -0.083100 -0.957300 -0.277000 -0.047900 -0.992400 -0.113100 0.024100 -0.962300 -0.270800 0.042500 -0.995400 -0.086300 0.089200 -0.960600 -0.263100 0.137900 -0.985400 -0.100100 0.152400 -0.924700 -0.348800 0.224800 -0.961500 -0.157800 -0.176800 -0.862400 -0.474400 -0.133000 -0.740800 -0.658400 0.010300 -0.872800 -0.488000 0.073200 -0.866600 -0.493700 0.242500 -0.897200 -0.369100 0.189800 -0.810800 -0.553700 -0.042800 -0.744500 -0.666300 0.081400 -0.769400 -0.633500 -0.081100 -0.594600 0.799900 -0.099200 -0.679000 0.727400 -0.067800 -0.722700 0.687900 -0.047400 -0.608400 0.792200 -0.031500 -0.710200 0.703300 0.001700 -0.601100 0.799100 0.018100 -0.710600 0.703400 0.068000 -0.586400 0.807200 0.072700 -0.706500 0.704000 0.144600 -0.561300 0.814900 0.149500 -0.687100 0.711000 0.207200 -0.629800 0.748600 -0.324400 -0.587100 0.741700 -0.286900 -0.680100 0.674600 -0.255100 -0.734300 0.629100 -0.275500 -0.638600 0.718500 -0.207500 -0.744400 0.634700 -0.243900 -0.636800 0.731500 -0.174200 -0.764100 0.621100 -0.189400 -0.672200 0.715700 -0.117500 -0.779900 0.614800 0.232000 -0.699500 0.675900 0.282200 -0.765800 0.577800 0.296100 -0.670100 0.680600 0.314200 -0.763800 0.563800 0.321000 -0.653700 0.685300 0.348600 -0.762900 0.544500 0.359000 -0.647800 0.671900 -0.346900 -0.695200 0.629600 -0.389600 -0.712200 0.583900 -0.294300 -0.802100 0.519700 0.319000 -0.839400 0.440000 0.350500 -0.835300 0.423600 0.437400 -0.687300 0.579900 0.392700 -0.806200 0.442500 0.451500 -0.678400 0.579600 0.472500 -0.751700 0.460000 0.530200 -0.608300 0.590700 -0.433900 -0.718800 0.543200 -0.472600 -0.718100 0.510900 -0.368000 -0.818500 0.441200 0.343700 -0.887700 0.306400 0.372500 -0.870000 0.323000 0.443400 -0.811600 0.380400 0.546300 -0.665100 0.509200 -0.514100 -0.710300 0.480700 -0.548900 -0.703500 0.451500 -0.443400 -0.808700 0.386500 0.303600 -0.931500 0.200600 0.379900 -0.876700 0.295100 0.537600 -0.715400 0.446400 0.455900 -0.817300 0.352300 0.555400 -0.721200 0.414100 -0.594200 -0.686300 0.419500 -0.646600 -0.657700 0.386400 -0.530200 -0.779300 0.334200 0.053300 -0.992300 -0.111900 0.030900 -0.992500 -0.118600 0.015100 -0.992700 -0.120000 0.006800 -0.993500 -0.113400 0.008600 -0.995200 -0.097400 0.027100 -0.997200 -0.069800 0.074500 -0.996900 -0.025100 0.165100 -0.984000 0.066600 0.232200 -0.960800 0.151600 0.332700 -0.912700 0.237300 0.438400 -0.847000 0.300500 0.537300 -0.769700 0.344700 -0.728500 -0.587300 0.352700 -0.738100 -0.599600 0.309300 -0.623900 -0.720800 0.302000 0.077100 -0.990400 -0.114800 0.058900 -0.989900 -0.128800 0.037200 -0.990400 -0.133400 0.017000 -0.990700 -0.134800 0.001000 -0.991300 -0.131700 -0.007300 -0.992600 -0.121200 -0.003100 -0.995000 -0.100000 0.020700 -0.997800 -0.062800 0.069100 -0.997600 -0.001100 0.142800 -0.986900 0.074600 0.246200 -0.954300 0.169100 0.355500 -0.898100 0.259000 0.578700 -0.721500 0.380200 0.458000 -0.822000 0.338400 0.552900 -0.715400 0.427200 -0.695200 -0.663900 0.275400 -0.623700 -0.736300 0.262300 0.102000 -0.990500 -0.092700 0.096200 -0.989700 -0.106400 0.086700 -0.989700 -0.114300 0.066000 -0.990600 -0.119700 0.041600 -0.991400 -0.124100 0.018400 -0.991600 -0.128000 -0.001900 -0.991700 -0.128300 -0.017500 -0.992200 -0.123500 -0.024900 -0.993500 -0.110800 -0.018200 -0.996100 -0.085900 0.008600 -0.999000 -0.043700 0.061400 -0.998000 0.017300 0.146600 -0.984200 0.099100 0.255700 -0.947500 0.192100 0.364400 -0.890600 0.272000 0.560600 -0.728700 0.393400 0.455300 -0.831200 0.319000 0.569300 -0.728500 0.380900 -0.651600 -0.725300 0.222300 0.114700 -0.989400 -0.088900 0.107300 -0.989400 -0.098100 0.093500 -0.990600 -0.099600 0.070700 -0.992400 -0.100400 0.045900 -0.993600 -0.103200 0.021100 -0.994100 -0.106600 -0.001800 -0.994000 -0.109600 -0.022100 -0.993700 -0.109900 -0.037500 -0.993800 -0.105100 -0.043400 -0.994800 -0.091600 -0.033400 -0.997300 -0.065100 -0.000700 -0.999800 -0.021900 0.061900 -0.997200 0.040800 0.156300 -0.980300 0.120500 0.269100 -0.942900 0.196300 0.360100 -0.893400 0.268500 0.586100 -0.750100 0.306300 0.541200 -0.788200 0.292900 0.711900 -0.629800 0.310700 -0.786000 -0.581000 0.211500 -0.826500 -0.545100 0.140100 -0.695500 -0.703500 0.146100 0.118200 -0.990000 -0.077500 0.120700 -0.989400 -0.080700 0.108300 -0.990500 -0.085100 0.092700 -0.992200 -0.083600 0.072100 -0.994200 -0.080000 0.048100 -0.995700 -0.078800 0.024100 -0.996500 -0.080300 0.000800 -0.996500 -0.083500 -0.021700 -0.996000 -0.086900 -0.042100 -0.995200 -0.088200 -0.057000 -0.994800 -0.084200 -0.060300 -0.995700 -0.070700 -0.043700 -0.998100 -0.043300 0.000700 -1.000000 0.000600 0.077900 -0.995200 0.058400 0.169100 -0.973700 0.152900 0.522200 -0.798100 0.300600 0.667800 -0.676700 0.310000 -0.820200 -0.563200 0.100800 -0.699200 -0.708400 0.096000 0.123300 -0.990300 -0.063400 0.123000 -0.990200 -0.066300 0.107300 -0.992000 -0.066100 0.088400 -0.994000 -0.064600 0.068400 -0.995800 -0.060000 0.047200 -0.997300 -0.056000 0.025600 -0.998200 -0.054800 0.004000 -0.998400 -0.056600 -0.018000 -0.998000 -0.061000 -0.040300 -0.997000 -0.066200 -0.060900 -0.995700 -0.069700 -0.074400 -0.995000 -0.067100 -0.072000 -0.996000 -0.052900 -0.041800 -0.998900 -0.021400 0.027300 -0.998700 0.042800 0.705700 -0.664900 0.244700 0.779300 -0.614700 0.121900 0.842500 -0.508500 0.178100 -0.817000 -0.573900 0.056000 -0.705800 -0.705800 0.060600 0.114200 -0.992100 -0.051800 0.126900 -0.990700 -0.048700 0.119800 -0.991500 -0.050700 0.104800 -0.993300 -0.047800 0.083900 -0.995500 -0.044500 0.063200 -0.997200 -0.040200 0.043600 -0.998400 -0.035500 0.024900 -0.999200 -0.032600 0.006500 -0.999400 -0.032800 -0.012800 -0.999200 -0.036600 -0.034000 -0.998500 -0.043800 -0.056400 -0.997000 -0.052700 -0.076500 -0.995300 -0.059900 -0.087100 -0.994400 -0.059300 -0.077300 -0.996000 -0.043700 -0.037300 -0.999300 -0.009300 0.790400 -0.612500 0.012600 0.873200 -0.479600 0.086600 -0.823300 -0.567600 -0.004000 -0.716200 -0.697700 0.016800 0.108600 -0.993300 -0.039000 0.124100 -0.991700 -0.034000 0.116800 -0.992700 -0.030900 0.100100 -0.994600 -0.029000 0.079300 -0.996500 -0.025400 0.058100 -0.998100 -0.021400 0.039200 -0.999100 -0.017100 0.022700 -0.999600 -0.013800 0.007800 -0.999900 -0.012900 -0.007500 -0.999800 -0.015800 -0.024800 -0.999400 -0.023600 -0.045100 -0.998300 -0.036100 -0.066700 -0.996500 -0.051400 -0.084800 -0.994300 -0.065000 -0.091300 -0.993500 -0.068000 -0.069300 -0.996300 -0.050500 0.781500 -0.619700 -0.072400 0.877700 -0.479200 -0.000900 -0.818500 -0.570100 -0.071100 -0.727900 -0.684600 -0.039200 0.096800 -0.994700 -0.034500 0.115000 -0.993100 -0.022500 0.112700 -0.993500 -0.013800 0.096400 -0.995300 -0.009300 0.075300 -0.997100 -0.006500 0.054100 -0.998500 -0.003500 0.035400 -0.999400 -0.000500 0.020300 -0.999800 0.002200 0.008200 -1.000000 0.003300 -0.002600 -1.000000 0.000900 -0.014300 -0.999900 -0.006700 -0.028900 -0.999400 -0.021000 -0.046400 -0.998000 -0.042100 -0.064300 -0.995600 -0.068000 -0.078600 -0.992500 -0.094000 -0.083300 -0.991600 -0.099300 0.767500 -0.624300 -0.145500 0.877900 -0.471600 -0.083000 -0.801100 -0.570800 -0.179900 -0.738400 -0.662000 -0.128500 0.072700 -0.996400 -0.043700 0.098300 -0.995000 -0.018200 0.102900 -0.994700 -0.001700 0.091700 -0.995800 0.007600 0.072300 -0.997300 0.011900 0.051600 -0.998600 0.013900 0.033100 -0.999300 0.015200 0.018600 -0.999700 0.016200 0.008600 -0.999800 0.016200 0.001900 -0.999900 0.013700 -0.003500 -1.000000 0.006300 -0.010000 -0.999900 -0.008600 -0.018800 -0.999300 -0.032800 -0.028700 -0.997400 -0.066800 -0.037200 -0.993200 -0.110000 -0.050500 -0.984600 -0.167400 0.836400 -0.515500 -0.186200 0.717900 -0.647300 -0.256100 -0.790600 -0.560100 -0.247400 -0.714300 -0.653200 -0.251200 0.021000 -0.997000 -0.074200 0.068700 -0.997300 -0.024600 0.085500 -0.996300 0.002800 0.082600 -0.996400 0.019300 0.068500 -0.997300 0.027700 0.050400 -0.998300 0.030500 0.032900 -0.999000 0.030400 0.019100 -0.999400 0.028800 0.010400 -0.999600 0.026400 0.006700 -0.999700 0.022400 0.007300 -0.999900 0.014600 0.010000 -1.000000 -0.000300 0.012700 -0.999600 -0.025800 0.015400 -0.997900 -0.063300 0.023000 -0.993100 -0.114600 0.039900 -0.982800 -0.180000 0.086700 -0.953000 -0.290400 0.247000 -0.895900 -0.369400 0.464700 -0.802400 -0.374400 0.663300 -0.674600 -0.323900 -0.663300 -0.704000 -0.253800 -0.642500 -0.705300 -0.299600 -0.495200 -0.815900 -0.298500 -0.343800 -0.899300 -0.270300 -0.199200 -0.955100 -0.219400 -0.077500 -0.986300 -0.145500 -0.018800 -0.995600 -0.092000 0.032700 -0.998500 -0.044000 0.059300 -0.998200 -0.005300 0.066600 -0.997600 0.021500 0.061000 -0.997400 0.037300 0.048800 -0.997800 0.044100 0.034900 -0.998400 0.044200 0.022800 -0.998900 0.040200 0.015100 -0.999300 0.034100 0.013500 -0.999600 0.026500 0.018500 -0.999700 0.016500 0.029600 -0.999600 0.001300 0.045500 -0.998700 -0.023900 0.063300 -0.995900 -0.064300 0.084400 -0.989700 -0.115300 0.123000 -0.974700 -0.186500 0.175100 -0.950400 -0.257100 0.334400 -0.878400 -0.341400 0.630600 -0.691500 -0.352300 0.542400 -0.735700 -0.405600 -0.623200 -0.710500 -0.326800 -0.574700 -0.756000 -0.313500 -0.427300 -0.856600 -0.289300 -0.279000 -0.925000 -0.257900 -0.164600 -0.965300 -0.202900 -0.082200 -0.985600 -0.147700 -0.018800 -0.995900 -0.088500 0.020700 -0.999200 -0.034500 0.040200 -0.999200 0.006800 0.045900 -0.998300 0.034800 0.043500 -0.997800 0.050100 0.037100 -0.997800 0.054100 0.029800 -0.998300 0.049200 0.024500 -0.999000 0.038500 0.024300 -0.999400 0.025400 0.032100 -0.999400 0.010600 0.049000 -0.998800 -0.007400 0.075900 -0.996600 -0.031200 0.113900 -0.991100 -0.068700 0.151600 -0.979800 -0.130300 0.186200 -0.965500 -0.182300 0.286300 -0.921900 -0.261200 0.513200 -0.779600 -0.358800 0.436400 -0.821900 -0.366000 -0.572600 -0.735600 -0.361900 -0.430600 -0.843300 -0.321600 -0.325000 -0.897700 -0.297500 -0.229900 -0.936400 -0.265000 -0.149200 -0.965100 -0.215400 -0.082300 -0.984500 -0.154900 -0.032800 -0.995300 -0.091200 -0.000700 -0.999400 -0.033700 0.018400 -0.999800 0.011000 0.029100 -0.998700 0.040700 0.035500 -0.997900 0.054600 0.039000 -0.997800 0.052700 0.039800 -0.998500 0.037900 0.041700 -0.999000 0.017000 0.050800 -0.998700 -0.005100 0.071300 -0.997000 -0.028700 0.103500 -0.993000 -0.056200 0.151600 -0.984800 -0.085300 0.221900 -0.965500 -0.136600 0.273000 -0.935200 -0.225600 0.450200 -0.833900 -0.319300 0.349800 -0.886500 -0.302900 -0.540400 -0.744400 -0.392300 -0.459700 -0.784500 -0.416200 -0.370400 -0.854000 -0.365500 -0.284400 -0.897500 -0.337000 -0.214500 -0.930100 -0.298000 -0.148800 -0.959500 -0.239200 -0.096800 -0.979700 -0.175600 -0.057100 -0.992600 -0.107100 -0.026300 -0.998700 -0.044000 -0.000900 -1.000000 0.005300 0.022100 -0.999100 0.037000 0.045300 -0.997900 0.046800 0.061200 -0.997700 0.030400 0.068700 -0.997600 -0.001500 0.076500 -0.996500 -0.034600 0.098900 -0.993000 -0.064300 0.135700 -0.985900 -0.097600 0.185200 -0.973300 -0.135300 0.249700 -0.955200 -0.159000 0.349400 -0.909300 -0.225900 0.436200 -0.829600 -0.348600 -0.455600 -0.745300 -0.486800 -0.397400 -0.763500 -0.509100 -0.333600 -0.843800 -0.420400 -0.291300 -0.872700 -0.391800 -0.210800 -0.920200 -0.329800 -0.161800 -0.946100 -0.280700 -0.121600 -0.969600 -0.212400 -0.088000 -0.986400 -0.139100 -0.051400 -0.996400 -0.067300 -0.015300 -0.999800 -0.013700 0.035800 -0.999000 0.025600 0.085000 -0.996200 0.017000 0.110600 -0.993400 -0.029000 0.116600 -0.989500 -0.084900 0.127700 -0.984200 -0.122800 0.171600 -0.972700 -0.156100 0.220800 -0.956000 -0.193100 0.304100 -0.925700 -0.224700 0.477400 -0.820200 -0.315100 0.410300 -0.850500 -0.329200 -0.390400 -0.752600 -0.530300 -0.349500 -0.805700 -0.478100 -0.316400 -0.782500 -0.536300 -0.252600 -0.869000 -0.425600 -0.230200 -0.889300 -0.395300 -0.175800 -0.927400 -0.330100 -0.153800 -0.949400 -0.273800 -0.113800 -0.976500 -0.182900 -0.102800 -0.987900 -0.116400 -0.006800 -0.999700 -0.022500 0.085500 -0.996300 -0.002800 0.170100 -0.983900 -0.054000 0.186700 -0.971100 -0.149000 0.177900 -0.959100 -0.220300 0.192200 -0.952100 -0.237600 0.245700 -0.925800 -0.287200 0.309500 -0.902900 -0.298300 0.424400 -0.841400 -0.334600 -0.312000 -0.775900 -0.548300 -0.284800 -0.819400 -0.497500 -0.249700 -0.788300 -0.562400 -0.202600 -0.871100 -0.447400 -0.205400 -0.882100 -0.423900 -0.194300 -0.923200 -0.331500 0.274900 -0.930600 -0.241800 0.262900 -0.906500 -0.330500 0.243500 -0.892900 -0.378700 0.362000 -0.833600 -0.417200 0.276100 -0.858200 -0.432800 0.441600 -0.796500 -0.413000 -0.253000 -0.765400 -0.591700 -0.246500 -0.795000 -0.554300 -0.197000 -0.741300 -0.641600 -0.187300 -0.833600 -0.519700 -0.228500 -0.773400 -0.591400 0.285100 -0.830200 -0.479100 0.286100 -0.829600 -0.479400 0.343000 -0.790100 -0.508000 0.305400 -0.813600 -0.494800 0.317900 -0.749900 -0.580200 -0.191700 -0.681500 -0.706200 -0.153200 -0.678100 -0.718900 -0.086500 -0.546100 -0.833200 -0.041700 -0.640300 -0.767000 0.045900 -0.648200 -0.760100 0.275300 -0.711900 -0.646000 0.167400 -0.694500 -0.699800 0.293200 -0.681200 -0.670800 0.024900 -0.509800 -0.859900 0.112200 -0.542800 -0.832300 -0.230300 -0.442800 0.866500 -0.262200 -0.531700 0.805300 -0.216500 -0.546800 0.808800 -0.171800 -0.475900 0.862600 -0.153000 -0.575000 0.803700 -0.116900 -0.500100 0.858000 -0.061800 -0.508800 0.858700 -0.004800 -0.519600 0.854400 0.072500 -0.511600 0.856200 0.153100 -0.483800 0.861700 0.209000 -0.485600 0.848800 0.238000 -0.590400 0.771200 0.239900 -0.461000 0.854300 0.291000 -0.573400 0.765900 0.317900 -0.465800 0.825800 -0.411900 -0.458700 0.787300 -0.425700 -0.509600 0.747700 -0.383800 -0.573300 0.723900 -0.362800 -0.486700 0.794700 -0.317200 -0.525200 0.789700 0.360400 -0.537600 0.762300 0.373900 -0.498600 0.782100 0.447200 -0.577500 0.683100 0.464500 -0.469900 0.750600 -0.495700 -0.505700 0.706100 -0.545900 -0.504600 0.668900 -0.474800 -0.612800 0.631700 0.542500 -0.502400 0.673200 0.580800 -0.506500 0.637400 -0.588300 -0.501100 0.634700 -0.623200 -0.498500 0.602600 -0.559200 -0.606700 0.565000 0.636900 -0.477000 0.605700 0.589500 -0.605500 0.534700 0.646000 -0.538400 0.541100 -0.665600 -0.490400 0.562500 -0.714500 -0.472300 0.516200 -0.634800 -0.587100 0.502200 0.642000 -0.593800 0.485000 0.650100 -0.621100 0.437700 0.715700 -0.487400 0.500300 -0.779500 -0.435900 0.449800 -0.798700 -0.467000 0.379300 -0.721100 -0.539500 0.434700 0.646700 -0.659600 0.383100 0.693400 -0.555200 0.459300 -0.788600 -0.499400 0.358600 0.682000 -0.560700 0.469500 0.626300 -0.639400 0.446000 0.692400 -0.564400 0.449400 -0.838600 -0.426100 0.339400 -0.853800 -0.445700 0.269100 -0.764800 -0.551600 0.332800 0.690900 -0.590700 0.416700 0.710800 -0.606800 0.355800 0.787300 -0.484500 0.381400 -0.871500 -0.439800 0.216800 -0.771200 -0.580500 0.261300 0.775600 -0.516600 0.362800 -0.884300 -0.436900 0.164600 0.778000 -0.546200 0.310300 0.780800 -0.567000 0.262400 0.881600 -0.415900 0.223400 -0.879800 -0.461100 0.115600 0.912000 -0.381100 0.151600 -0.876100 -0.479500 0.050200 0.924900 -0.373000 0.073800 -0.880300 -0.473600 -0.028000 0.927300 -0.374200 -0.003700 -0.864500 -0.490700 -0.108800 0.927600 -0.363600 -0.085800 -0.860300 -0.475400 -0.183900 0.828000 -0.495600 -0.262400 0.906100 -0.384900 -0.175500 -0.856800 -0.456500 -0.239700 0.871400 -0.405800 -0.275700 0.780600 -0.533400 -0.325900 -0.833100 -0.473000 -0.286700 -0.759400 -0.583500 -0.287900 0.673800 -0.612600 -0.413200 0.770400 -0.531500 -0.352100 -0.762300 -0.560700 -0.323300 -0.765800 -0.499400 -0.405100 -0.702100 -0.617700 -0.354400 0.557600 -0.720200 -0.412800 0.728400 -0.545500 -0.414600 0.672800 -0.609700 -0.419000 -0.753900 -0.480300 -0.448200 -0.689000 -0.607700 -0.395000 0.498600 -0.786800 -0.363800 0.615800 -0.652400 -0.441700 0.586400 -0.690200 -0.423900 -0.676600 -0.596500 -0.431700 -0.638000 -0.565800 -0.522300 -0.554100 -0.676500 -0.485100 0.498200 -0.729500 -0.468700 0.637600 -0.627000 -0.447600 -0.589100 -0.580500 -0.562100 -0.547700 -0.582900 -0.600100 -0.474500 -0.670600 -0.570200 0.500200 -0.762000 -0.411200 0.611900 -0.627700 -0.481200 0.613600 -0.666600 -0.423200 -0.512000 -0.590100 -0.624200 -0.489800 -0.570500 -0.659200 -0.431000 -0.667200 -0.607500 -0.392800 -0.696200 -0.600900 0.594900 -0.632500 -0.496000 0.519300 -0.678100 -0.520100 -0.455500 -0.571300 -0.682700 -0.399000 -0.651900 -0.644800 -0.398200 -0.566900 -0.721200 -0.355800 -0.677200 -0.644100 -0.316700 -0.709300 -0.629700 0.352300 -0.734800 -0.579700 0.520200 -0.669400 -0.530400 0.439400 -0.681500 -0.585300 -0.367900 -0.594300 -0.715100 -0.327700 -0.646200 -0.689200 -0.301800 -0.563100 -0.769300 -0.275100 -0.665100 -0.694200 -0.245900 -0.668200 -0.702200 0.338400 -0.686100 -0.644000 0.431300 -0.604200 -0.670000 0.388500 -0.647100 -0.655900 0.427000 -0.560700 -0.709400 -0.262500 -0.555300 -0.789100 -0.234500 -0.571700 -0.786200 -0.182800 -0.476200 -0.860100 -0.172500 -0.567700 -0.804900 -0.140400 -0.557800 -0.818000 0.206300 -0.601500 -0.771800 0.336800 -0.549600 -0.764500 0.274000 -0.579700 -0.767400 0.341700 -0.521200 -0.782000 -0.116600 -0.450100 -0.885300 -0.048800 -0.442100 -0.895700 0.044000 -0.405300 -0.913100 0.118300 -0.417700 -0.900800 0.184500 -0.440700 -0.878500 -0.043200 -0.332200 0.942200 -0.076600 -0.413200 0.907400 -0.031100 -0.426100 0.904100 0.014500 -0.330100 0.943800 0.018300 -0.429000 0.903100 0.076700 -0.348600 0.934100 -0.299000 -0.353100 0.886500 -0.341200 -0.423500 0.839200 -0.290400 -0.445800 0.846700 -0.245900 -0.367200 0.897100 -0.196400 -0.385200 0.901700 -0.140800 -0.414100 0.899300 0.084200 -0.447700 0.890200 0.150000 -0.429600 0.890500 0.222100 -0.412000 0.883700 0.257700 -0.374900 0.890500 0.303100 -0.356000 0.884000 0.385000 -0.415700 0.824000 0.387400 -0.328500 0.861400 -0.474800 -0.347600 0.808500 -0.532400 -0.361800 0.765300 -0.497300 -0.409700 0.764800 -0.433900 -0.365700 0.823400 -0.393100 -0.397900 0.829000 0.425700 -0.384900 0.818900 0.462900 -0.360100 0.810000 0.558100 -0.391400 0.731700 0.569400 -0.334800 0.750800 -0.580600 -0.322700 0.747500 -0.632300 -0.373300 0.678900 -0.589200 -0.412000 0.695100 0.591500 -0.372100 0.715300 0.634600 -0.405200 0.658100 0.666300 -0.336800 0.665300 -0.705500 -0.325900 0.629300 -0.749500 -0.332700 0.572400 -0.678500 -0.406800 0.611700 0.685800 -0.393300 0.612300 0.698000 -0.464600 0.544900 0.725700 -0.375800 0.576300 -0.807400 -0.294700 0.511200 -0.822000 -0.356800 0.443800 -0.763300 -0.377200 0.524400 0.726600 -0.415400 0.547200 -0.831600 -0.372000 0.412300 0.730600 -0.455600 0.508600 0.740400 -0.493900 0.456000 0.777400 -0.406200 0.480300 -0.830200 -0.384300 0.403800 0.754300 -0.450500 0.477500 0.763800 -0.479500 0.432000 0.809600 -0.396900 0.432500 -0.880200 -0.338200 0.333000 -0.900300 -0.342600 0.268300 0.826400 -0.390700 0.405400 -0.906400 -0.354600 0.229700 0.840300 -0.399100 0.366900 0.845200 -0.436300 0.308800 0.905900 -0.326800 0.269200 -0.908500 -0.376800 0.180900 0.928800 -0.308300 0.205700 -0.912300 -0.393000 0.115400 0.943300 -0.301500 0.139100 -0.912100 -0.405700 0.058700 0.952200 -0.299400 0.060100 -0.952600 -0.299800 0.052000 -0.962700 -0.270300 -0.007400 -0.925500 -0.378700 0.003700 0.956600 -0.290300 -0.026500 -0.924400 -0.378100 -0.050600 -0.908500 -0.402400 -0.112900 0.946000 -0.300900 -0.120900 -0.906500 -0.382700 -0.178500 0.925800 -0.314600 -0.209600 -0.894100 -0.373400 -0.247400 0.897400 -0.339200 -0.282100 0.836600 -0.421100 -0.350500 -0.875900 -0.381200 -0.295700 0.820400 -0.423300 -0.384500 -0.867200 -0.359400 -0.344700 -0.821900 -0.461600 -0.333700 0.803600 -0.429000 -0.412500 0.742000 -0.485900 -0.461900 -0.818100 -0.412900 -0.400300 -0.792900 -0.383700 -0.473500 0.652100 -0.583600 -0.483900 0.733200 -0.495300 -0.465800 -0.771000 -0.387800 -0.505100 -0.711800 -0.476500 -0.516000 0.721700 -0.473100 -0.505300 0.682600 -0.504700 -0.528500 -0.692400 -0.454300 -0.560500 -0.666500 -0.416100 -0.618500 -0.613200 -0.494400 -0.616100 0.703500 -0.480400 -0.523800 0.665900 -0.509500 -0.544900 -0.603400 -0.451500 -0.657300 -0.594700 -0.404800 -0.694600 -0.546300 -0.487400 -0.681100 0.557200 -0.534500 -0.635400 0.669500 -0.485000 -0.562600 -0.539900 -0.436800 -0.719500 -0.524800 -0.375600 -0.763900 -0.494900 -0.475500 -0.727300 -0.436000 -0.533400 -0.724800 0.523300 -0.532100 -0.665600 0.615400 -0.442500 -0.652200 0.596900 -0.498500 -0.628700 -0.457400 -0.418500 -0.784600 -0.431000 -0.462500 -0.774800 -0.396000 -0.523600 -0.754300 -0.372500 -0.434800 -0.819900 -0.347700 -0.533400 -0.771100 0.406300 -0.509900 -0.758200 0.502500 -0.428100 -0.751100 0.469600 -0.455300 -0.756400 0.539300 -0.423800 -0.727700 -0.316800 -0.441700 -0.839400 -0.292800 -0.457400 -0.839700 -0.247600 -0.376300 -0.892800 -0.234500 -0.461500 -0.855600 0.279600 -0.456800 -0.844500 0.377300 -0.391100 -0.839500 0.345700 -0.412800 -0.842700 0.396100 -0.389200 -0.831600 -0.177200 -0.372900 -0.910800 -0.111000 -0.362600 -0.925300 -0.040600 -0.374100 -0.926500 0.036000 -0.346700 -0.937300 0.126000 -0.326600 -0.936700 0.188400 -0.326800 -0.926100 0.246700 -0.337000 -0.908600 -0.168700 -0.257300 0.951500 -0.200300 -0.315300 0.927600 -0.155700 -0.331700 0.930400 -0.105800 -0.283000 0.953300 -0.111100 -0.345000 0.932000 -0.033800 -0.280200 0.959300 0.035000 -0.282500 0.958600 0.098300 -0.273100 0.957000 0.129900 -0.346000 0.929200 0.151000 -0.263800 0.952700 0.179600 -0.352800 0.918300 0.201200 -0.260800 0.944200 0.248100 -0.354100 0.901700 0.280500 -0.277700 0.918800 -0.359300 -0.261800 0.895700 -0.410000 -0.314200 0.856200 -0.357000 -0.341500 0.869500 -0.311600 -0.280200 0.908000 -0.262400 -0.298700 0.917600 0.313400 -0.324700 0.892400 0.330600 -0.283600 0.900100 0.394600 -0.268400 0.878800 -0.491700 -0.251600 0.833600 -0.537100 -0.279100 0.796000 -0.459600 -0.281900 0.842200 0.469700 -0.300700 0.830000 0.509400 -0.299000 0.806900 0.574200 -0.273700 0.771600 -0.599600 -0.214300 0.771000 -0.634800 -0.284600 0.718300 0.622800 -0.293200 0.725300 0.672200 -0.277900 0.686300 -0.720100 -0.240100 0.651000 -0.774400 -0.243400 0.584000 0.706000 -0.310400 0.636500 0.728300 -0.313000 0.609500 -0.820800 -0.231700 0.522200 -0.842300 -0.278500 0.461500 0.749800 -0.334100 0.571200 0.768600 -0.374300 0.518700 0.795700 -0.303100 0.524400 -0.851900 -0.278800 0.443400 0.795200 -0.312500 0.519700 -0.888700 -0.233900 0.394400 -0.912600 -0.258500 0.316800 -0.871300 -0.292500 0.394000 0.801100 -0.367400 0.472600 0.837700 -0.318300 0.443700 -0.918400 -0.272700 0.286500 0.854800 -0.312400 0.414400 -0.913300 -0.307500 0.267200 0.882400 -0.319800 0.345200 0.931200 -0.251900 0.263600 -0.938900 -0.256000 0.230200 -0.960500 -0.229100 0.158000 -0.924700 -0.321700 0.203400 0.945300 -0.252200 0.206900 -0.967400 -0.225700 0.115000 -0.938900 -0.314300 0.140300 0.955500 -0.266200 0.127400 -0.971400 -0.226800 0.071000 -0.947800 -0.303700 0.097400 0.966600 -0.255200 0.024200 -0.975500 -0.219100 0.018900 0.968400 -0.240300 -0.066700 -0.969100 -0.241000 -0.053100 -0.948400 -0.306600 -0.080500 0.957600 -0.252900 -0.138200 -0.960800 -0.251200 -0.117400 -0.942500 -0.310900 -0.122800 0.950000 -0.241300 -0.198400 -0.955300 -0.228800 -0.187400 -0.935200 -0.307000 -0.176400 0.885900 -0.324500 -0.331600 0.930700 -0.248500 -0.268300 -0.926000 -0.298000 -0.231700 -0.908000 -0.286400 -0.305800 0.907900 -0.251300 -0.335600 0.861900 -0.324200 -0.389800 -0.893200 -0.270600 -0.359200 0.800400 -0.382000 -0.461900 0.854000 -0.313700 -0.415000 -0.878300 -0.246200 -0.409800 -0.847400 -0.327300 -0.418200 0.830600 -0.297000 -0.471100 0.776100 -0.370600 -0.510300 -0.828800 -0.289700 -0.478600 -0.802500 -0.282900 -0.525300 0.708500 -0.401400 -0.580400 0.774900 -0.362700 -0.517700 -0.762600 -0.352800 -0.542200 -0.720600 -0.324200 -0.612900 0.701000 -0.394500 -0.594100 0.751800 -0.336700 -0.567000 0.744800 -0.364500 -0.558900 -0.680700 -0.325200 -0.656400 -0.638700 -0.324700 -0.697600 0.716700 -0.308300 -0.625600 0.671800 -0.374000 -0.639300 -0.593500 -0.323400 -0.737000 -0.538100 -0.304600 -0.785900 0.650400 -0.329900 -0.684200 0.607200 -0.372700 -0.701700 -0.488900 -0.337200 -0.804500 -0.468100 -0.287400 -0.835700 -0.456800 -0.374500 -0.806900 -0.416200 -0.409400 -0.811900 0.537900 -0.320900 -0.779600 0.469700 -0.354000 -0.808700 0.565100 -0.333200 -0.754700 -0.411700 -0.314100 -0.855500 -0.372000 -0.347700 -0.860700 -0.352800 -0.353700 -0.866300 -0.315200 -0.281800 -0.906200 -0.303000 -0.360300 -0.882300 0.398400 -0.294300 -0.868700 0.329800 -0.317900 -0.888900 0.419900 -0.294600 -0.858400 -0.253200 -0.288700 -0.923300 -0.198100 -0.300700 -0.932900 -0.134400 -0.291900 -0.947000 -0.052900 -0.298800 -0.952800 0.028200 -0.304200 -0.952200 0.128800 -0.291700 -0.947800 0.203500 -0.264600 -0.942700 0.253700 -0.257400 -0.932400 -0.235900 -0.173000 0.956300 -0.274200 -0.227400 0.934400 -0.222500 -0.250500 0.942200 -0.177400 -0.200500 0.963500 -0.122000 -0.225700 0.966500 -0.060400 -0.236300 0.969800 0.028000 -0.240900 0.970200 0.105000 -0.233300 0.966700 0.153400 -0.208000 0.966000 0.198000 -0.186800 0.962200 0.262900 -0.188200 0.946300 0.341300 -0.239500 0.908900 0.334800 -0.157500 0.929000 -0.409200 -0.169100 0.896600 -0.468100 -0.202700 0.860100 -0.420600 -0.241100 0.874600 -0.366800 -0.189500 0.910800 -0.323700 -0.208200 0.923000 0.364600 -0.213000 0.906500 0.387300 -0.205600 0.898700 0.464300 -0.233400 0.854400 0.467600 -0.186200 0.864100 -0.504000 -0.174300 0.845900 -0.548700 -0.200400 0.811600 0.525300 -0.232000 0.818700 0.577400 -0.227500 0.784100 -0.673500 -0.120800 0.729200 -0.738800 -0.153600 0.656100 -0.663700 -0.187200 0.724200 -0.623000 -0.136600 0.770200 0.640500 -0.224700 0.734300 0.674700 -0.227700 0.702100 -0.776100 -0.172300 0.606600 0.721100 -0.238200 0.650600 0.738100 -0.244200 0.628900 -0.827100 -0.169200 0.536000 -0.852000 -0.198500 0.484400 0.773900 -0.267800 0.573900 0.803900 -0.216500 0.554000 -0.861200 -0.206200 0.464500 0.817600 -0.239000 0.523800 0.827300 -0.296100 0.477500 0.851000 -0.223400 0.475300 -0.898700 -0.185700 0.397200 -0.919100 -0.201200 0.338700 0.856900 -0.235900 0.458400 -0.922600 -0.216400 0.319500 0.891300 -0.238300 0.385700 0.909300 -0.258400 0.326200 0.935000 -0.181100 0.304900 -0.945200 -0.170300 0.278700 -0.962200 -0.173100 0.210300 -0.928800 -0.234700 0.286600 0.944800 -0.190600 0.266400 -0.974400 -0.162100 0.155500 0.946200 -0.221500 0.236000 -0.978600 -0.170900 0.114200 0.959500 -0.239100 0.149000 0.972700 -0.224600 0.059200 0.983300 -0.156000 0.093400 -0.980900 -0.180100 0.073100 0.979100 -0.203400 -0.010100 0.988100 -0.151000 0.028500 -0.981600 -0.190800 0.006800 0.978800 -0.192700 -0.069100 0.990200 -0.136100 -0.032300 -0.976800 -0.206300 -0.058100 0.985000 -0.144200 -0.095100 0.971500 -0.189500 -0.142600 -0.972200 -0.195800 -0.128500 0.959000 -0.187700 -0.212400 -0.968000 -0.157900 -0.195000 0.948300 -0.174200 -0.265200 -0.957000 -0.146000 -0.250800 -0.939600 -0.226300 -0.256700 0.896100 -0.227300 -0.381200 0.930600 -0.174500 -0.321700 -0.930000 -0.194000 -0.312100 -0.912000 -0.191600 -0.362600 0.909900 -0.164200 -0.380900 0.876100 -0.233400 -0.422000 -0.892800 -0.166900 -0.418500 0.813500 -0.272500 -0.513800 0.861500 -0.225600 -0.454900 -0.848700 -0.226700 -0.477800 -0.814700 -0.196700 -0.545500 0.828500 -0.214200 -0.517400 0.788900 -0.279200 -0.547400 -0.789900 -0.198800 -0.580100 -0.767700 -0.257600 -0.586800 0.776700 -0.257300 -0.574800 0.753100 -0.277600 -0.596500 -0.739600 -0.220500 -0.635900 -0.714900 -0.169500 -0.678300 -0.680900 -0.248300 -0.689000 0.723700 -0.245700 -0.644900 0.687500 -0.278900 -0.670500 -0.653900 -0.215100 -0.725400 -0.617400 -0.165700 -0.769000 -0.594900 -0.247700 -0.764700 0.658900 -0.254400 -0.707900 0.610400 -0.288100 -0.737800 -0.543000 -0.228800 -0.807900 -0.513700 -0.248300 -0.821200 -0.473700 -0.199300 -0.857800 0.472400 -0.280100 -0.835700 0.575400 -0.240500 -0.781700 0.531200 -0.235300 -0.813900 -0.424700 -0.230500 -0.875500 -0.397900 -0.257700 -0.880500 -0.367800 -0.197700 -0.908700 -0.360900 -0.267200 -0.893500 0.321800 -0.254200 -0.912000 0.434800 -0.212600 -0.875100 0.381200 -0.218500 -0.898300 0.465000 -0.210100 -0.860000 -0.312700 -0.199400 -0.928700 -0.267800 -0.219200 -0.938200 -0.206700 -0.223900 -0.952400 -0.152400 -0.163600 -0.974700 -0.125700 -0.223900 -0.966500 -0.066200 -0.228800 -0.971200 -0.001500 -0.237900 -0.971300 0.070000 -0.251300 -0.965400 0.242500 -0.233200 -0.941700 0.161300 -0.257700 -0.952700 0.267500 -0.196600 -0.943300 0.302300 -0.187300 -0.934600 -0.079100 -0.152100 -0.985200 -0.016700 -0.165700 -0.986000 0.042300 -0.169700 -0.984600 0.106300 -0.171300 -0.979500 -0.281300 -0.078500 0.956400 -0.331000 -0.123800 0.935500 -0.287400 -0.155400 0.945100 -0.254200 -0.081000 0.963800 -0.206800 -0.124600 0.970400 -0.151600 -0.143800 0.977900 -0.080700 -0.182800 0.979800 -0.003600 -0.198500 0.980100 0.090000 -0.208600 0.973800 0.181800 -0.179000 0.966900 0.213900 -0.134300 0.967600 0.264500 -0.130200 0.955600 0.324700 -0.093700 0.941200 -0.415800 -0.092000 0.904800 -0.462800 -0.133400 0.876300 -0.370000 -0.118800 0.921400 0.376000 -0.130700 0.917400 0.407200 -0.145600 0.901600 0.470100 -0.133400 0.872500 -0.557300 -0.069400 0.827400 -0.616200 -0.072700 0.784200 -0.552300 -0.132200 0.823100 -0.514400 -0.100300 0.851700 0.542300 -0.156700 0.825500 0.572900 -0.145900 0.806600 0.631600 -0.165200 0.757500 0.639800 -0.110900 0.760500 -0.679500 -0.061200 0.731100 -0.731700 -0.089800 0.675700 0.668800 -0.140000 0.730200 0.721000 -0.173400 0.670900 0.724800 -0.122600 0.677900 -0.781000 -0.057300 0.621900 -0.837800 -0.108500 0.535000 -0.787300 -0.109600 0.606800 0.744400 -0.163300 0.647400 0.782000 -0.197200 0.591300 0.786100 -0.139300 0.602300 -0.854900 -0.121100 0.504400 0.807400 -0.138800 0.573500 -0.883500 -0.083900 0.460800 -0.912800 -0.129400 0.387300 -0.878900 -0.141300 0.455500 0.832200 -0.173600 0.526600 0.862300 -0.144300 0.485400 -0.922300 -0.142000 0.359300 0.881800 -0.148900 0.447500 0.903100 -0.179100 0.390300 0.924500 -0.114500 0.363500 -0.927500 -0.150100 0.342400 0.942800 -0.120600 0.310800 -0.954000 -0.121300 0.274100 -0.970300 -0.120500 0.209900 0.950300 -0.122700 0.286200 -0.979300 -0.119300 0.163400 0.955600 -0.144400 0.257000 0.965800 -0.179000 0.187600 0.981800 -0.092600 0.165900 -0.983400 -0.130600 0.125900 0.992100 -0.088100 0.089600 -0.982500 -0.167500 0.081000 0.995200 -0.092800 0.031200 -0.984900 -0.171000 -0.026800 0.996100 -0.083900 -0.026500 -0.984800 -0.150100 -0.087300 0.979700 -0.135400 -0.147900 0.992200 -0.085800 -0.090200 -0.982000 -0.110700 -0.153300 0.983000 -0.090500 -0.160000 0.968300 -0.129700 -0.213500 -0.972300 -0.077200 -0.220800 0.951400 -0.119800 -0.283600 -0.962700 -0.065300 -0.262400 0.938700 -0.105000 -0.328400 -0.941600 -0.123600 -0.313200 -0.925200 -0.119600 -0.360200 0.918100 -0.113900 -0.379700 0.886500 -0.160200 -0.434200 -0.907800 -0.090800 -0.409600 0.867200 -0.164600 -0.469900 -0.881700 -0.079800 -0.465000 -0.864400 -0.161300 -0.476300 0.848400 -0.150200 -0.507700 0.813500 -0.198100 -0.546700 -0.837400 -0.112300 -0.534900 -0.800800 -0.110200 -0.588700 0.788000 -0.200400 -0.582100 0.754200 -0.195300 -0.626900 -0.766000 -0.139400 -0.627500 -0.730800 -0.089000 -0.676800 0.732400 -0.188400 -0.654300 0.688900 -0.191300 -0.699200 -0.678500 -0.123300 -0.724200 -0.634500 -0.080900 -0.768700 0.661600 -0.186700 -0.726200 0.605600 -0.219000 -0.765000 -0.579900 -0.136100 -0.803300 -0.540000 -0.157400 -0.826900 -0.480800 -0.134100 -0.866500 0.576300 -0.157500 -0.801900 0.535200 -0.178200 -0.825700 -0.433700 -0.156600 -0.887400 -0.398900 -0.102900 -0.911200 -0.405100 -0.173200 -0.897700 0.450700 -0.149100 -0.880100 0.379200 -0.168800 -0.909800 0.482300 -0.153400 -0.862500 -0.352500 -0.123500 -0.927600 -0.311800 -0.125500 -0.941800 -0.262200 -0.147200 -0.953700 -0.217000 -0.081400 -0.972800 -0.209100 -0.141900 -0.967600 0.198900 -0.191800 -0.961100 0.292700 -0.137000 -0.946300 0.265400 -0.158000 -0.951100 0.317300 -0.135200 -0.938600 -0.141900 -0.092200 -0.985600 -0.075600 -0.088400 -0.993200 -0.015300 -0.103200 -0.994500 0.039700 -0.103200 -0.993900 0.099400 -0.100100 -0.990000 0.176400 -0.106600 -0.978500 -0.100300 -0.022700 0.994700 -0.164900 -0.070300 0.983800 -0.090800 -0.113900 0.989300 -0.034400 -0.037800 0.998700 -0.028700 -0.129800 0.991100 0.014100 -0.048100 0.998700 0.039600 -0.152100 0.987600 0.073200 -0.075700 0.994400 0.133200 -0.164500 0.977300 0.142500 -0.058400 0.988100 0.223400 -0.133100 0.965600 0.240300 -0.027100 0.970300 -0.284200 -0.003900 0.958700 -0.333000 -0.056700 0.941200 -0.249700 -0.001200 0.968300 -0.215800 -0.033300 0.975900 0.249200 -0.068500 0.966000 0.272500 -0.076600 0.959100 0.327300 -0.025400 0.944600 -0.425500 -0.013400 0.904900 -0.467600 -0.055400 0.882200 -0.378500 -0.044500 0.924500 0.370400 -0.052500 0.927400 0.417800 -0.074400 0.905500 0.459100 -0.067800 0.885800 0.538000 -0.085700 0.838600 0.540400 -0.029800 0.840900 -0.583900 0.010200 0.811700 -0.628700 -0.017900 0.777400 -0.530300 -0.020500 0.847500 0.596500 -0.073900 0.799200 0.635900 -0.045400 0.770500 -0.683000 0.003400 0.730400 -0.727000 -0.031100 0.686000 0.680900 -0.076800 0.728400 0.720800 -0.050100 0.691300 -0.776300 -0.007100 0.630300 -0.826000 -0.054600 0.561000 0.751600 -0.090300 0.653400 0.778700 -0.069500 0.623500 -0.853700 -0.048500 0.518500 0.800800 -0.070900 0.594800 -0.885500 -0.028700 0.463700 -0.911300 -0.075600 0.404700 0.844500 -0.116400 0.522800 0.878600 -0.058400 0.474100 -0.924500 -0.068200 0.375100 0.894600 -0.083200 0.439000 0.927400 -0.062800 0.368700 -0.944300 -0.022400 0.328300 -0.965100 -0.062100 0.254600 -0.940600 -0.081500 0.329600 0.945400 -0.057900 0.320700 -0.975400 -0.069200 0.209500 0.958400 -0.037300 0.283000 -0.981900 -0.073500 0.174700 0.967600 -0.063900 0.244300 0.986000 -0.035900 0.162800 -0.983400 -0.084200 0.160500 0.994800 -0.034300 0.095800 -0.987600 -0.037000 0.152500 -0.994000 -0.080600 0.073800 -0.981400 -0.138200 0.133500 0.998900 -0.033900 0.033800 -0.998400 -0.056300 -0.010200 -0.986800 -0.158600 0.033200 0.998800 -0.033600 -0.034600 -0.989000 -0.138100 -0.053700 -0.987500 -0.077500 -0.136900 0.995600 -0.030500 -0.088500 -0.983900 -0.025700 -0.177000 0.974200 -0.072300 -0.213900 0.988400 -0.037900 -0.147100 -0.976500 0.000400 -0.215500 0.974800 -0.024100 -0.221900 0.961000 -0.071800 -0.267000 -0.967600 0.004900 -0.252300 0.949800 -0.044700 -0.309700 -0.950500 -0.053800 -0.306100 -0.934000 -0.035200 -0.355500 0.904800 -0.090700 -0.416000 0.934400 -0.046400 -0.353300 -0.907500 -0.013900 -0.419800 0.914700 -0.036500 -0.402500 0.884600 -0.093800 -0.456800 -0.879600 -0.002400 -0.475700 0.862900 -0.087700 -0.497600 0.823000 -0.114000 -0.556500 -0.841300 -0.046400 -0.538600 -0.805500 -0.022800 -0.592200 0.762400 -0.133000 -0.633300 0.806400 -0.110300 -0.581000 -0.773300 -0.059400 -0.631300 -0.733900 -0.012500 -0.679100 0.699600 -0.128000 -0.702900 0.767900 -0.074300 -0.636300 0.750000 -0.099500 -0.653900 -0.686600 -0.044600 -0.725700 -0.639300 -0.011900 -0.768900 0.618900 -0.143900 -0.772200 0.699400 -0.074900 -0.710800 0.674100 -0.108000 -0.730700 -0.589700 -0.061900 -0.805200 -0.548700 -0.032700 -0.835300 -0.536000 -0.089600 -0.839400 0.590200 -0.092400 -0.802000 0.528500 -0.130200 -0.838900 0.624700 -0.082300 -0.776500 -0.476200 -0.069300 -0.876600 -0.441800 -0.080700 -0.893500 -0.401300 -0.028000 -0.915500 0.380300 -0.126100 -0.916200 0.482700 -0.082500 -0.871900 0.437700 -0.088600 -0.894700 -0.357000 -0.046800 -0.932900 -0.323700 -0.053100 -0.944700 -0.272700 -0.070400 -0.959500 -0.228700 -0.023100 -0.973200 0.289400 -0.058500 -0.955400 0.252000 -0.081800 -0.964300 0.322800 -0.077500 -0.943300 0.364100 -0.073500 -0.928500 -0.160700 -0.035600 -0.986400 -0.096900 -0.033600 -0.994700 -0.022200 -0.038700 -0.999000 0.040000 -0.046200 -0.998100 0.100300 -0.046600 -0.993900 0.170400 -0.052200 -0.984000 -0.116300 0.076200 0.990300 -0.196900 0.028600 0.980000 -0.039700 0.066100 0.997000 0.013200 0.053900 0.998500 0.068700 0.036100 0.997000 0.125400 0.112900 0.985700 0.161800 0.040000 0.986000 -0.277200 0.058800 0.959000 -0.333300 0.007900 0.942800 -0.231700 0.063100 0.970700 -0.212700 0.079800 0.973900 0.212100 0.059600 0.975400 0.255600 0.015700 0.966700 0.290700 -0.011000 0.956800 0.338800 0.049900 0.939600 -0.431900 0.066700 0.899400 -0.480000 0.022100 0.877000 -0.384500 0.033100 0.922500 0.375900 0.032300 0.926100 0.416600 0.000800 0.909100 0.463200 -0.002000 0.886200 0.535100 0.025300 0.844400 -0.587500 0.082400 0.805000 -0.635100 0.047300 0.771000 -0.535600 0.054400 0.842700 0.590700 0.000900 0.806900 0.639400 0.019200 0.768600 -0.683700 0.066000 0.726800 -0.729700 0.035000 0.682800 0.682800 -0.013400 0.730500 0.722300 0.023500 0.691200 -0.772600 0.052900 0.632600 -0.817500 0.007700 0.575800 0.753100 -0.013800 0.657700 0.773200 0.017400 0.634000 -0.851100 0.018500 0.524700 0.810700 0.001000 0.585400 0.848900 -0.053900 0.525800 0.861200 0.020300 0.507800 -0.885500 0.039300 0.462900 -0.910500 -0.012200 0.413300 0.885900 0.024400 0.463300 -0.926500 0.010400 0.376100 0.905000 -0.024300 0.424600 0.930800 -0.003100 0.365500 -0.945000 0.033700 0.325400 -0.964100 -0.012900 0.265400 0.947700 0.011000 0.318900 -0.975100 -0.016400 0.221000 0.964200 0.038300 0.262600 -0.982600 -0.013900 0.185400 0.974900 -0.000700 0.222800 0.987700 0.017300 0.155100 -0.987200 0.025700 0.157400 0.995500 0.017400 0.093600 -0.990800 0.068100 0.117000 -0.997700 0.021100 0.065200 0.999500 0.021700 0.021800 -0.997700 0.064900 -0.017200 0.998900 0.028700 -0.036800 -0.994600 0.048600 -0.091500 -0.992900 -0.057700 -0.103700 0.994700 0.021800 -0.100200 -0.983400 0.013800 -0.181200 -0.981900 0.056200 -0.180700 0.986800 0.012600 -0.161400 -0.978400 0.061800 -0.197400 0.970900 0.033000 -0.237200 0.961700 0.001000 -0.274200 -0.968100 0.062600 -0.242800 0.950300 0.018500 -0.310700 -0.953200 0.016400 -0.301800 -0.931900 0.039100 -0.360500 0.937800 0.015400 -0.346900 -0.908800 0.058000 -0.413200 0.917500 0.027700 -0.396900 0.894800 -0.022800 -0.445900 -0.882900 0.065600 -0.465000 0.835200 -0.045300 -0.548100 0.874300 -0.019000 -0.484900 -0.842500 0.020100 -0.538300 -0.801700 0.060000 -0.594700 0.832600 0.005000 -0.553800 0.798200 -0.036700 -0.601300 -0.771400 0.022700 -0.635900 -0.733200 0.062000 -0.677200 0.772500 -0.006300 -0.635000 0.740500 -0.034500 -0.671200 -0.689800 0.025900 -0.723600 -0.648400 0.056500 -0.759200 0.704300 -0.007000 -0.709800 0.668600 -0.039200 -0.742600 -0.607200 0.018700 -0.794300 -0.555600 0.024900 -0.831000 0.526900 -0.076800 -0.846400 0.631000 -0.013800 -0.775600 0.580900 -0.027100 -0.813500 -0.484600 0.004100 -0.874700 -0.453800 -0.001400 -0.891100 -0.416300 0.035800 -0.908500 0.475200 -0.003500 -0.879900 0.434300 -0.036300 -0.900000 0.513400 -0.011500 -0.858000 -0.354400 0.022400 -0.934800 -0.318600 0.019800 -0.947700 -0.287100 0.004700 -0.957900 -0.246200 0.036200 -0.968600 0.272200 0.012300 -0.962200 0.230100 -0.022000 -0.972900 0.323800 -0.011600 -0.946100 0.370900 -0.022600 -0.928400 -0.168300 0.016600 -0.985600 -0.102800 0.015700 -0.994600 -0.038000 0.013900 -0.999200 0.031600 0.007000 -0.999500 0.096400 0.003700 -0.995300 0.160400 -0.001800 -0.987000 -0.181200 0.137200 0.973800 -0.080500 0.163800 0.983200 -0.004700 0.146500 0.989200 0.056600 0.129700 0.989900 -0.272600 0.117100 0.955000 -0.337200 0.075900 0.938400 -0.213300 0.118700 0.969700 -0.171800 0.137100 0.975600 -0.132800 0.182700 0.974200 -0.042500 0.205300 0.977800 0.038000 0.194100 0.980300 0.115300 0.162800 0.979900 0.169300 0.135500 0.976200 0.245000 0.098300 0.964500 0.298500 0.074700 0.951500 0.337700 0.123800 0.933100 -0.424900 0.143500 0.893800 -0.482000 0.097100 0.870800 -0.389600 0.116800 0.913500 0.383000 0.106400 0.917600 0.425500 0.076000 0.901700 0.468500 0.129500 0.873900 0.480400 0.068800 0.874300 -0.562800 0.148300 0.813200 -0.634800 0.127800 0.762100 -0.528400 0.131800 0.838700 0.541700 0.091900 0.835500 0.587000 0.069800 0.806600 0.632300 0.095200 0.768900 -0.676000 0.123900 0.726400 -0.736500 0.116900 0.666200 0.680700 0.063400 0.729800 0.715000 0.091500 0.693100 -0.770000 0.118400 0.627000 -0.819300 0.082400 0.567400 0.751300 0.066800 0.656500 0.766800 0.104800 0.633200 -0.851000 0.092800 0.516900 0.807900 0.060400 0.586200 0.860300 0.085200 0.502600 -0.874900 0.121800 0.468700 -0.906200 0.063900 0.418000 0.886700 0.103700 0.450600 -0.923200 0.084400 0.375000 0.911200 0.038700 0.410200 0.935000 0.069600 0.347900 -0.941500 0.092400 0.324200 -0.961400 0.043100 0.271900 0.950900 0.080400 0.298800 -0.972300 0.043800 0.229600 0.962700 0.109900 0.247100 -0.980900 0.065200 0.183500 0.976700 0.056600 0.207100 0.988200 0.072100 0.134800 -0.984700 0.111000 0.134300 0.994800 0.071800 0.072800 -0.990800 0.132400 0.027500 -0.987000 0.137600 0.082600 0.996100 0.087500 0.014900 -0.984800 0.155300 -0.077300 -0.982700 0.183500 -0.024800 0.995500 0.085800 -0.039700 -0.978100 0.123200 -0.167800 -0.978700 0.164400 -0.123000 0.992700 0.074200 -0.095200 -0.981300 0.122700 -0.148100 0.984000 0.069800 -0.164100 -0.976700 0.112300 -0.182700 0.961900 0.112900 -0.249000 0.958100 0.084600 -0.273500 -0.964200 0.113400 -0.239900 0.952200 0.077100 -0.295700 -0.949100 0.079200 -0.304800 -0.925400 0.113800 -0.361500 0.937500 0.072500 -0.340300 -0.909300 0.130500 -0.395200 0.908400 0.086800 -0.409100 0.890400 0.049700 -0.452500 -0.887600 0.125800 -0.443100 0.873600 0.048500 -0.484200 -0.839200 0.084300 -0.537300 -0.795300 0.141700 -0.589400 0.830800 0.061300 -0.553200 0.798000 0.038700 -0.601400 -0.768600 0.103200 -0.631400 -0.729700 0.127300 -0.671800 0.768600 0.056100 -0.637300 0.737800 0.028400 -0.674400 -0.691600 0.098700 -0.715500 -0.652300 0.126100 -0.747400 0.702200 0.056900 -0.709700 0.665200 0.025300 -0.746300 -0.607800 0.100400 -0.787700 -0.570700 0.096000 -0.815500 -0.502000 0.076400 -0.861500 -0.504000 0.139400 -0.852400 0.627300 0.062200 -0.776300 0.582400 0.032700 -0.812300 -0.462400 0.087300 -0.882300 -0.423900 0.097300 -0.900500 0.469900 0.068500 -0.880100 0.423400 0.019900 -0.905700 0.520000 0.052400 -0.852500 -0.348000 0.079500 -0.934100 -0.308600 0.086900 -0.947200 -0.289400 0.087600 -0.953200 -0.260300 0.108800 -0.959400 0.249200 0.082700 -0.964900 0.210700 0.037500 -0.976800 0.312100 0.055800 -0.948400 0.364800 0.039500 -0.930300 -0.170500 0.068900 -0.982900 -0.103500 0.068700 -0.992300 -0.045900 0.068100 -0.996600 0.015000 0.060200 -0.998100 0.087600 0.053700 -0.994700 0.147900 0.052800 -0.987600 -0.269400 0.180200 0.946000 -0.348000 0.147200 0.925900 -0.200700 0.176800 0.963600 -0.153900 0.188700 0.969900 -0.112700 0.208400 0.971500 -0.060200 0.230000 0.971300 0.010100 0.238800 0.971000 0.077800 0.227900 0.970600 0.135900 0.217000 0.966700 0.211800 0.183800 0.959900 0.270200 0.161200 0.949200 0.321900 0.194200 0.926600 -0.405900 0.209600 0.889600 -0.481300 0.165400 0.860800 -0.379800 0.210400 0.900800 0.367400 0.179000 0.912700 0.416800 0.150100 0.896500 0.464300 0.193800 0.864200 -0.623000 0.182700 0.760500 -0.526100 0.222700 0.820700 -0.562800 0.243700 0.789900 0.515100 0.170300 0.840000 0.553200 0.156800 0.818100 0.608700 0.165400 0.775900 -0.717200 0.183600 0.672300 -0.629500 0.248900 0.736100 -0.653800 0.223700 0.722800 0.653800 0.157100 0.740200 0.697500 0.153000 0.700100 -0.801900 0.162000 0.575100 -0.713100 0.235200 0.660500 -0.746300 0.204200 0.633500 0.734000 0.148700 0.662700 0.766400 0.181100 0.616300 -0.788600 0.224600 0.572400 -0.835100 0.168600 0.523600 0.788100 0.183200 0.587700 0.806700 0.110500 0.580500 -0.858300 0.187100 0.477700 -0.896600 0.138200 0.420600 0.837900 0.155600 0.523200 0.869800 0.168400 0.463800 -0.916900 0.154300 0.368200 0.889900 0.187200 0.415900 0.908900 0.108700 0.402600 -0.935200 0.155900 0.318000 -0.958900 0.112300 0.260700 0.922200 0.145500 0.358400 0.940900 0.142100 0.307400 -0.969000 0.119500 0.216400 0.952700 0.160000 0.258400 -0.972800 0.163200 0.164200 0.967900 0.170100 0.185000 0.974500 0.109200 0.195800 -0.977700 0.182800 0.102900 0.981500 0.131800 0.139200 0.989000 0.128600 0.072500 -0.980300 0.195700 0.026200 0.989500 0.144100 0.012300 -0.978000 0.202600 -0.049000 0.988400 0.146000 -0.042200 -0.977300 0.187400 -0.098900 0.984900 0.141900 -0.099000 -0.976300 0.171800 -0.131600 0.964100 0.219500 -0.149200 0.956500 0.188400 -0.222800 0.970800 0.153700 -0.184000 -0.971100 0.163000 -0.174400 0.958500 0.145600 -0.245000 -0.956000 0.168400 -0.240300 0.950900 0.130500 -0.280600 -0.938300 0.141500 -0.315400 -0.915000 0.196400 -0.352400 0.933600 0.122900 -0.336500 -0.902600 0.198700 -0.381800 0.895200 0.152900 -0.418500 0.883400 0.130400 -0.450100 -0.870800 0.195500 -0.451100 -0.836500 0.148700 -0.527500 -0.820200 0.226800 -0.525100 0.850500 0.165200 -0.499400 0.816900 0.128400 -0.562300 0.860600 0.112000 -0.496800 -0.805100 0.214100 -0.553100 0.802800 0.113800 -0.585300 -0.759700 0.182500 -0.624100 -0.726600 0.183400 -0.662100 0.762600 0.126100 -0.634500 0.734700 0.104200 -0.670400 -0.675200 0.183800 -0.714400 -0.643700 0.196900 -0.739500 0.698200 0.115500 -0.706500 0.656500 0.094600 -0.748400 -0.589800 0.172000 -0.789000 -0.557100 0.165200 -0.813800 -0.512300 0.195400 -0.836300 0.617600 0.140500 -0.773800 0.576700 0.087800 -0.812200 -0.461700 0.171900 -0.870200 -0.438800 0.168300 -0.882700 -0.368600 0.140800 -0.918900 -0.372400 0.192900 -0.907800 0.453900 0.146500 -0.878900 0.411500 0.081400 -0.907800 0.504800 0.121000 -0.854700 -0.304700 0.147800 -0.940900 -0.271100 0.154700 -0.950000 -0.254400 0.188300 -0.948600 -0.200400 0.141900 -0.969400 -0.193500 0.211900 -0.957900 0.230700 0.160400 -0.959700 0.195500 0.097600 -0.975800 0.286300 0.125000 -0.950000 0.342700 0.112100 -0.932700 -0.109700 0.131000 -0.985300 -0.046700 0.126800 -0.990800 0.006400 0.126900 -0.991900 0.064500 0.110600 -0.991800 0.125500 0.112300 -0.985700 -0.350800 0.232200 0.907200 -0.200700 0.249900 0.947300 -0.282900 0.268500 0.920800 -0.150000 0.251800 0.956100 -0.107300 0.257100 0.960400 -0.061100 0.266400 0.961900 -0.004500 0.275000 0.961400 0.059600 0.276600 0.959100 0.122500 0.271400 0.954600 0.193100 0.246200 0.949800 0.226000 0.294000 0.928700 0.259900 0.232800 0.937100 -0.471900 0.226100 0.852200 -0.359100 0.278700 0.890700 -0.407600 0.279200 0.869400 -0.321800 0.306800 0.895700 0.299100 0.266500 0.916300 0.354400 0.242300 0.903100 0.404200 0.219200 0.888000 0.465100 0.252400 0.848500 -0.521100 0.284800 0.804600 -0.571800 0.306900 0.760800 -0.467600 0.288300 0.835600 0.509900 0.233500 0.827900 0.556300 0.253800 0.791300 0.575600 0.214600 0.789100 -0.605700 0.307400 0.733900 -0.658000 0.299000 0.691100 0.611900 0.239900 0.753700 0.635300 0.272600 0.722600 0.668100 0.212700 0.713000 -0.689200 0.291400 0.663400 -0.738300 0.284100 0.611700 0.680300 0.241600 0.691900 0.697300 0.285400 0.657500 0.723900 0.209000 0.657400 -0.766000 0.278500 0.579400 -0.825600 0.245800 0.507900 0.753800 0.262300 0.602600 0.780700 0.255500 0.570300 -0.844100 0.253900 0.472400 -0.885200 0.208000 0.416200 0.828900 0.217000 0.515600 0.867400 0.238100 0.436800 -0.904600 0.221900 0.364000 0.883400 0.260300 0.389600 -0.946400 0.186900 0.263600 -0.922200 0.235200 0.306900 0.913700 0.201700 0.352900 0.932300 0.215600 0.290200 -0.937900 0.251600 0.238900 -0.959700 0.193400 0.203700 0.948800 0.215200 0.231200 -0.963500 0.228900 0.138900 0.957900 0.230200 0.171300 -0.969800 0.233000 0.072300 0.968100 0.227200 0.105400 0.977200 0.181700 0.110100 -0.970100 0.242700 0.009300 0.968700 0.245700 0.035700 0.979900 0.192500 0.052400 -0.971200 0.233800 -0.044800 0.966500 0.254200 -0.036500 0.978900 0.204200 -0.005000 -0.969000 0.228900 -0.092700 0.961400 0.247200 -0.120700 0.974000 0.216000 -0.068100 -0.964300 0.227700 -0.134900 0.960000 0.213800 -0.180900 -0.955800 0.231000 -0.181800 0.954900 0.191700 -0.226900 -0.932600 0.251200 -0.259200 -0.921300 0.218900 -0.321400 -0.909000 0.291400 -0.297900 0.942400 0.184300 -0.279100 -0.911500 0.255300 -0.322400 0.900300 0.248300 -0.357600 0.881400 0.227800 -0.413900 0.913500 0.186300 -0.361600 -0.892900 0.256000 -0.370500 0.879100 0.197600 -0.433600 -0.857300 0.252200 -0.448800 -0.815700 0.303900 -0.492100 0.837300 0.216300 -0.502100 0.811100 0.203900 -0.548200 -0.789000 0.293000 -0.540000 -0.759900 0.233400 -0.606800 -0.732500 0.291300 -0.615300 0.774300 0.248200 -0.582100 0.745700 0.202000 -0.634900 0.788300 0.185200 -0.586800 -0.718800 0.274000 -0.639000 -0.675800 0.243300 -0.695800 -0.661200 0.292700 -0.690800 0.737500 0.187900 -0.648700 -0.642700 0.274000 -0.715500 -0.592500 0.241900 -0.768400 -0.587900 0.297800 -0.752100 0.692800 0.180100 -0.698300 0.648200 0.167600 -0.742800 -0.551100 0.245100 -0.797700 -0.511600 0.253400 -0.821000 0.571700 0.226500 -0.788600 0.515800 0.197000 -0.833800 0.570100 0.146100 -0.808500 0.595000 0.218300 -0.773500 -0.446000 0.232200 -0.864400 -0.418400 0.240700 -0.875800 -0.380000 0.255000 -0.889100 0.414700 0.235400 -0.879000 0.353300 0.189700 -0.916100 0.402700 0.151700 -0.902600 0.462400 0.213300 -0.860600 -0.298400 0.203800 -0.932400 -0.249300 0.204500 -0.946600 -0.213300 0.230000 -0.949500 -0.172500 0.275000 -0.945900 -0.122300 0.222000 -0.967300 -0.091400 0.285300 -0.954100 0.172000 0.231900 -0.957400 0.128200 0.183100 -0.974700 0.184100 0.159000 -0.970000 0.231700 0.223500 -0.946800 0.292600 0.187700 -0.937600 -0.047700 0.195900 -0.979500 0.005600 0.194100 -0.981000 0.062500 0.176700 -0.982300 -0.244300 0.329600 0.912000 -0.169900 0.322900 0.931000 -0.117100 0.314400 0.942100 -0.067700 0.312600 0.947500 -0.015000 0.313900 0.949300 0.045900 0.315200 0.947900 0.108300 0.316300 0.942500 0.166200 0.309600 0.936200 -0.344400 0.318100 0.883300 -0.406300 0.345900 0.845700 -0.281600 0.328800 0.901400 -0.216400 0.353400 0.910100 -0.142000 0.360300 0.922000 -0.081500 0.357800 0.930200 -0.027300 0.357300 0.933600 0.029100 0.353500 0.935000 0.096700 0.353500 0.930400 0.156000 0.354700 0.921900 0.220200 0.338600 0.914800 0.278900 0.321800 0.904800 0.339500 0.302700 0.890600 0.393300 0.346100 0.851800 0.409500 0.283500 0.867100 -0.580400 0.350400 0.735100 -0.448100 0.351900 0.821800 -0.511000 0.375900 0.773100 0.450300 0.317900 0.834400 0.480100 0.292200 0.827100 0.540700 0.308000 0.782800 -0.632300 0.356200 0.688000 -0.548700 0.415300 0.725600 -0.573500 0.385700 0.722700 0.575500 0.324000 0.750900 0.608100 0.330800 0.721700 -0.709700 0.341300 0.616300 -0.622600 0.395300 0.675300 -0.651800 0.374900 0.659300 0.639800 0.336200 0.691100 0.678100 0.341300 0.650900 -0.785700 0.309400 0.535700 -0.700500 0.382500 0.602500 -0.732800 0.366800 0.573100 0.722600 0.330000 0.607500 0.760900 0.314400 0.567700 -0.861400 0.283400 0.421600 -0.789800 0.343600 0.508100 -0.825400 0.335200 0.454200 0.804900 0.308900 0.506600 0.824500 0.257400 0.504000 -0.845300 0.350700 0.403100 -0.889500 0.289200 0.353700 0.843300 0.304200 0.443000 0.862800 0.311200 0.398400 -0.908100 0.297700 0.294400 0.879100 0.333400 0.340700 0.900800 0.263500 0.345000 -0.945100 0.266600 0.189000 -0.920900 0.309400 0.237300 0.912500 0.283800 0.294700 0.934800 0.279300 0.219600 -0.950000 0.279900 0.138300 -0.928900 0.326900 0.174100 0.949900 0.279700 0.139600 -0.939100 0.327800 0.103100 -0.958300 0.276600 0.071300 0.954800 0.286800 0.077900 -0.958900 0.283500 0.014000 0.956400 0.291900 0.013000 -0.961300 0.273700 -0.031300 0.957000 0.284600 -0.055600 -0.954000 0.288600 -0.080800 -0.948900 0.290900 -0.122400 -0.928700 0.358900 -0.093200 0.956400 0.268000 -0.115800 -0.938300 0.303600 -0.165500 -0.924500 0.352100 -0.146300 0.953600 0.249100 -0.169100 -0.921800 0.311900 -0.230100 -0.914600 0.345400 -0.210400 0.943300 0.243400 -0.225800 -0.911700 0.319800 -0.258100 0.900000 0.320000 -0.296100 0.879000 0.315600 -0.357300 0.918600 0.258000 -0.299300 -0.900000 0.309300 -0.307300 0.879200 0.281100 -0.384800 -0.863000 0.325400 -0.386400 -0.838900 0.309500 -0.447800 -0.817400 0.379800 -0.433100 0.837900 0.311100 -0.448500 0.810300 0.284300 -0.512400 0.858000 0.256700 -0.444900 -0.813000 0.365400 -0.453300 0.798000 0.280900 -0.533200 -0.776000 0.339500 -0.531600 -0.728100 0.334500 -0.598400 0.756300 0.311300 -0.575400 0.748700 0.272900 -0.604100 -0.680900 0.345100 -0.645900 -0.657900 0.343600 -0.670200 0.732900 0.280400 -0.619800 0.684800 0.271500 -0.676300 0.710100 0.226900 -0.666500 -0.613500 0.344200 -0.710700 -0.582800 0.352500 -0.732200 0.620500 0.309500 -0.720500 0.575200 0.287600 -0.765800 0.643400 0.226500 -0.731200 -0.533800 0.318600 -0.783300 -0.514600 0.322500 -0.794500 -0.456300 0.293900 -0.839900 -0.456800 0.350000 -0.817800 0.541400 0.309900 -0.781600 0.504300 0.266400 -0.821400 -0.400100 0.303200 -0.864900 -0.375000 0.329000 -0.866700 -0.323000 0.276900 -0.905000 -0.314800 0.340900 -0.885900 0.380000 0.318600 -0.868400 0.344700 0.251800 -0.904300 0.427000 0.291900 -0.855800 -0.241600 0.262500 -0.934200 -0.187900 0.268900 -0.944700 -0.137800 0.296400 -0.945100 -0.070800 0.322800 -0.943800 -0.018000 0.275700 -0.961100 0.011800 0.322400 -0.946500 0.038500 0.258200 -0.965300 0.084400 0.304800 -0.948700 0.095500 0.244300 -0.965000 0.144200 0.294900 -0.944600 0.204900 0.298000 -0.932300 0.271900 0.268000 -0.924200 -0.390800 0.390200 0.833700 -0.317700 0.395500 0.861700 -0.210300 0.373100 0.903700 -0.267800 0.388100 0.881800 -0.155400 0.384700 0.909900 -0.093500 0.391200 0.915500 -0.036900 0.397500 0.916900 0.016800 0.399500 0.916600 0.073500 0.390400 0.917700 0.133900 0.391600 0.910300 0.198600 0.381500 0.902800 0.263700 0.370300 0.890700 0.306100 0.418300 0.855200 0.330200 0.368100 0.869200 -0.481700 0.425500 0.766100 -0.367500 0.434900 0.822100 -0.422700 0.412400 0.807000 -0.300600 0.459200 0.835900 0.376300 0.399200 0.836100 0.426600 0.362200 0.828800 0.478000 0.394500 0.784800 0.512500 0.357700 0.780600 -0.509400 0.449900 0.733500 -0.571300 0.432600 0.697400 -0.470900 0.455300 0.755700 0.521800 0.407600 0.749400 0.554100 0.424100 0.716400 0.578400 0.379800 0.721900 -0.603300 0.432000 0.670400 -0.655000 0.424600 0.625100 0.595900 0.405100 0.693400 0.635900 0.415600 0.650300 0.652500 0.382200 0.654300 -0.676800 0.434000 0.594700 -0.726700 0.413600 0.548400 0.678100 0.407600 0.611600 0.699500 0.447800 0.556900 0.709100 0.381000 0.593300 -0.790000 0.383800 0.478100 -0.749700 0.427100 0.505500 0.740000 0.401300 0.539800 0.790600 0.366100 0.490800 -0.864700 0.362900 0.347300 -0.792000 0.420500 0.442600 -0.824500 0.416600 0.383100 0.819200 0.369200 0.438800 0.853700 0.359500 0.376800 -0.850700 0.416200 0.321100 -0.892300 0.353600 0.280600 0.872100 0.385000 0.302100 -0.904200 0.367000 0.218600 0.880500 0.397600 0.258100 0.900100 0.336300 0.276900 -0.912500 0.376900 0.159200 0.915700 0.341800 0.211400 0.934200 0.329700 0.136200 -0.940500 0.335600 0.052700 -0.919600 0.380500 0.097900 0.938200 0.339700 0.066000 -0.939600 0.342200 0.008900 -0.920500 0.388700 0.039200 0.941600 0.336700 -0.000000 -0.938600 0.343000 -0.037900 -0.919100 0.393300 -0.024900 0.943100 0.326700 -0.061500 -0.914500 0.393700 -0.093000 0.941700 0.315900 -0.116300 -0.911600 0.381300 -0.153800 0.936900 0.306500 -0.168300 -0.904600 0.373100 -0.205900 0.897800 0.387400 -0.209600 0.878100 0.382000 -0.288100 0.914500 0.327700 -0.237200 -0.896500 0.364800 -0.251600 0.869600 0.358100 -0.340000 -0.867700 0.385500 -0.313800 -0.846500 0.381400 -0.371300 -0.823000 0.439000 -0.360600 0.862300 0.344000 -0.371700 -0.809300 0.431400 -0.398800 0.810100 0.384500 -0.442600 0.797300 0.360200 -0.484300 -0.775200 0.440300 -0.453000 -0.785200 0.378900 -0.489800 -0.740800 0.420500 -0.523800 0.761000 0.403600 -0.507900 0.744600 0.375100 -0.552200 0.776000 0.346400 -0.527100 -0.716900 0.404000 -0.568100 -0.667100 0.395400 -0.631300 -0.660800 0.443300 -0.605700 0.751200 0.347600 -0.561200 -0.653000 0.417400 -0.631900 -0.616700 0.389700 -0.683900 -0.601000 0.425500 -0.676600 0.717100 0.353300 -0.600800 0.671500 0.359600 -0.647900 -0.573000 0.417900 -0.705000 -0.530600 0.374200 -0.760600 -0.522300 0.428900 -0.737100 0.606800 0.385400 -0.695200 0.560000 0.367900 -0.742300 -0.475000 0.395000 -0.786300 -0.442100 0.416900 -0.794200 0.494100 0.385900 -0.779100 0.429900 0.349100 -0.832700 0.492700 0.317000 -0.810400 0.520900 0.392700 -0.757900 -0.390500 0.359400 -0.847600 -0.341100 0.372700 -0.863000 -0.297500 0.402700 -0.865700 -0.250200 0.348400 -0.903400 -0.218200 0.408600 -0.886200 0.248100 0.439900 -0.863100 0.206800 0.375000 -0.903700 0.260700 0.360400 -0.895700 0.317400 0.399900 -0.859800 0.320500 0.325500 -0.889600 0.362700 0.386100 -0.848200 -0.179700 0.327100 -0.927700 -0.128600 0.338900 -0.932000 -0.074000 0.352600 -0.932800 -0.012100 0.363700 -0.931400 0.054800 0.365300 -0.929300 0.124700 0.361000 -0.924200 -0.236000 0.441300 0.865800 -0.189900 0.437800 0.878800 -0.091800 0.425500 0.900300 -0.145100 0.436800 0.887800 -0.042900 0.435600 0.899100 0.010000 0.437800 0.899000 0.070100 0.428900 0.900600 0.101600 0.471800 0.875800 0.133900 0.433700 0.891000 0.186400 0.423600 0.886400 0.247900 0.419700 0.873200 -0.415500 0.451500 0.789600 -0.294700 0.485000 0.823400 -0.356300 0.469400 0.807900 -0.229800 0.490100 0.840800 -0.167600 0.500000 0.849600 0.169900 0.476700 0.862500 0.234700 0.458000 0.857400 0.303300 0.449800 0.840000 0.364200 0.420900 0.830800 0.392600 0.464300 0.793900 0.443300 0.426300 0.788500 -0.541800 0.460200 0.703400 -0.457000 0.488300 0.743500 -0.509300 0.502200 0.698900 -0.411700 0.491700 0.767300 0.439000 0.468900 0.766500 0.487800 0.498500 0.716700 0.499900 0.449300 0.740400 -0.623300 0.459800 0.632500 -0.556800 0.489000 0.671500 -0.588600 0.491200 0.642000 0.529900 0.478200 0.700400 0.564000 0.450100 0.692300 0.616800 0.460300 0.638500 -0.702000 0.458700 0.544700 -0.628600 0.489000 0.604800 -0.660400 0.489300 0.569600 0.651100 0.464300 0.600400 0.684100 0.481900 0.547500 -0.688200 0.503600 0.522300 -0.745500 0.462700 0.479700 0.723700 0.476200 0.499400 0.759800 0.432100 0.485700 -0.791200 0.458300 0.404900 -0.760200 0.486300 0.430800 0.774900 0.441700 0.452200 0.771300 0.491900 0.403900 0.810900 0.413300 0.414200 -0.868100 0.418400 0.267000 -0.789500 0.490400 0.369200 -0.826300 0.468100 0.313100 0.795500 0.495500 0.348800 0.829300 0.422200 0.366000 -0.879500 0.427500 0.209300 -0.839200 0.487200 0.241800 0.852100 0.436600 0.288800 0.861000 0.459900 0.217300 -0.859200 0.483000 0.168900 -0.894200 0.425600 0.138500 0.876100 0.447900 0.178500 0.902400 0.392500 0.177700 -0.899700 0.429200 0.079600 0.883700 0.454100 0.113000 0.911300 0.395500 0.114500 -0.904300 0.426400 0.020200 0.893400 0.447400 0.041000 0.917200 0.394900 0.054000 -0.903100 0.427500 -0.041800 0.896000 0.442700 -0.033900 0.921400 0.388300 -0.011900 -0.898200 0.428300 -0.099300 0.891900 0.438900 -0.109200 0.920400 0.383500 -0.076400 -0.896000 0.419400 -0.145900 0.883800 0.427000 -0.191500 0.912200 0.385400 -0.138800 -0.880800 0.431100 -0.195900 -0.869600 0.432000 -0.239200 -0.845500 0.490000 -0.212200 0.877000 0.401900 -0.263400 -0.851200 0.436600 -0.291300 -0.834900 0.473200 -0.281100 0.835500 0.455500 -0.307400 0.811700 0.460900 -0.358700 0.853000 0.397800 -0.337800 -0.810200 0.468000 -0.352900 0.797200 0.446100 -0.406800 0.823100 0.404600 -0.398600 -0.758600 0.515000 -0.399100 -0.777500 0.474200 -0.413200 -0.732000 0.518500 -0.442000 0.744500 0.469900 -0.474200 0.735900 0.452200 -0.503900 0.782900 0.415500 -0.463200 -0.719100 0.487200 -0.495500 -0.688600 0.463500 -0.557600 -0.681000 0.504300 -0.530900 0.735000 0.426600 -0.527100 -0.664800 0.483900 -0.569100 0.705300 0.444300 -0.552400 0.657600 0.466200 -0.591800 0.696200 0.408200 -0.590400 -0.624600 0.461900 -0.629700 -0.591100 0.472900 -0.653400 0.623000 0.475300 -0.621200 0.585300 0.487800 -0.647700 0.623500 0.420800 -0.659000 -0.545400 0.458700 -0.701500 -0.497900 0.491300 -0.714600 -0.465700 0.453700 -0.759800 -0.452000 0.488300 -0.746500 0.537800 0.493200 -0.683800 0.502800 0.478200 -0.720000 0.562900 0.418700 -0.712600 -0.421300 0.472100 -0.774300 -0.380400 0.430400 -0.818600 -0.360800 0.501500 -0.786300 -0.327000 0.431400 -0.840800 -0.307100 0.497800 -0.811100 0.432900 0.462800 -0.773600 0.361100 0.464900 -0.808400 0.407400 0.414500 -0.813800 0.474100 0.465100 -0.747600 -0.265200 0.431000 -0.862500 -0.196600 0.446600 -0.872900 -0.145800 0.405700 -0.902300 -0.112800 0.456900 -0.882300 -0.084400 0.404900 -0.910400 -0.040100 0.463400 -0.885200 -0.023000 0.412100 -0.910900 0.028800 0.472600 -0.880800 0.039000 0.421600 -0.906000 0.095500 0.483300 -0.870200 0.098400 0.426600 -0.899100 0.164600 0.480800 -0.861200 0.166200 0.426800 -0.888900 0.224800 0.486500 -0.844300 0.307800 0.450800 -0.837900 -0.107000 0.488400 0.866100 -0.057000 0.487400 0.871300 -0.005600 0.480900 0.876700 0.048600 0.475900 0.878200 -0.336000 0.505600 0.794700 -0.232900 0.512300 0.826700 -0.285600 0.535300 0.794900 -0.167600 0.527900 0.832600 -0.100200 0.532800 0.840300 -0.033000 0.524800 0.850600 0.031600 0.515600 0.856300 0.101800 0.510300 0.853900 0.171000 0.513800 0.840700 0.232900 0.490200 0.839900 0.256300 0.537000 0.803700 0.292700 0.483900 0.824700 0.347600 0.477400 0.807000 -0.467500 0.519100 0.715500 -0.406400 0.521600 0.750200 -0.438800 0.556800 0.705300 -0.345500 0.533900 0.771700 0.311000 0.532900 0.787000 0.367600 0.513700 0.775300 0.422800 0.553000 0.717900 0.441800 0.506100 0.740800 -0.562200 0.520800 0.642500 -0.484600 0.554900 0.676200 -0.530100 0.554300 0.641700 0.473400 0.552100 0.686300 0.511200 0.513500 0.689200 0.531100 0.547200 0.646900 0.580700 0.502200 0.640800 -0.630100 0.519900 0.576800 -0.568800 0.549700 0.611900 -0.600400 0.550200 0.580400 0.564700 0.539900 0.624200 0.598100 0.540800 0.591500 0.636800 0.491000 0.594400 -0.719400 0.512600 0.468700 -0.634900 0.549700 0.542900 -0.672600 0.549000 0.496200 0.645200 0.547600 0.532800 0.688800 0.532000 0.492500 -0.707000 0.556100 0.437000 -0.758700 0.507200 0.408900 0.709800 0.540200 0.452100 0.745200 0.503900 0.436900 -0.793100 0.515500 0.324500 -0.766600 0.539100 0.348900 0.714900 0.570200 0.404700 0.746800 0.555200 0.366000 -0.774900 0.562300 0.288800 -0.815700 0.520700 0.251900 0.778700 0.559900 0.283000 0.828700 0.504700 0.242000 -0.866300 0.485200 0.118600 -0.828100 0.532400 0.175700 0.807000 0.550600 0.213400 0.849300 0.500100 0.169300 -0.878100 0.473500 0.069100 -0.840900 0.529200 0.113600 0.861800 0.498300 0.094900 -0.884200 0.467100 0.001600 -0.857200 0.512500 0.049800 0.867100 0.498000 0.013900 -0.878600 0.474000 -0.058600 -0.855600 0.517400 -0.013900 0.866400 0.495200 -0.064600 -0.868100 0.483700 -0.111100 -0.850200 0.520200 -0.081000 0.864800 0.483800 -0.134400 -0.859800 0.485900 -0.157000 -0.833900 0.533000 -0.143100 0.864300 0.465900 -0.189400 -0.835600 0.510900 -0.201800 0.810200 0.543800 -0.218800 0.791800 0.536600 -0.291900 0.845000 0.473000 -0.249400 -0.818500 0.509600 -0.265400 -0.795400 0.514600 -0.320200 -0.769600 0.564100 -0.299200 0.779500 0.520100 -0.349100 -0.770200 0.520600 -0.368400 -0.741000 0.562100 -0.367300 0.723300 0.553800 -0.412600 0.702800 0.534200 -0.469800 0.754700 0.497000 -0.428200 -0.704900 0.566500 -0.426900 -0.699300 0.538200 -0.470400 -0.682600 0.566600 -0.461600 0.716000 0.496400 -0.490800 -0.672500 0.537900 -0.508300 0.683800 0.534200 -0.497100 0.647500 0.552800 -0.524600 0.683700 0.495800 -0.535400 -0.623300 0.554200 -0.551700 -0.633400 0.494700 -0.595000 -0.594000 0.521200 -0.612800 0.611900 0.560300 -0.558200 0.573600 0.567400 -0.590900 0.613700 0.525500 -0.589300 -0.553800 0.532000 -0.640500 -0.536200 0.505800 -0.675800 -0.499000 0.560300 -0.661100 0.532600 0.570000 -0.625600 0.491400 0.568900 -0.659500 0.536400 0.536400 -0.651600 -0.474700 0.519100 -0.710800 -0.433900 0.555500 -0.709400 -0.422600 0.521100 -0.741500 -0.392300 0.574800 -0.718200 0.412300 0.558400 -0.719900 0.370300 0.557600 -0.743000 0.417000 0.510600 -0.752000 0.451200 0.562000 -0.693200 0.474500 0.524100 -0.707200 -0.362300 0.532900 -0.764700 -0.292800 0.565100 -0.771300 -0.259800 0.505600 -0.822700 -0.224400 0.557800 -0.799000 0.257800 0.560900 -0.786700 0.203600 0.545600 -0.813000 0.284800 0.493600 -0.821700 0.322900 0.560900 -0.762300 0.350100 0.499900 -0.792200 -0.195700 0.483600 -0.853100 -0.133400 0.496600 -0.857700 -0.063800 0.511200 -0.857100 0.008800 0.519700 -0.854300 0.081600 0.525800 -0.846700 0.150800 0.527600 -0.836000 -0.236200 0.555300 0.797400 -0.174800 0.566300 0.805400 -0.122500 0.566200 0.815100 -0.061400 0.560900 0.825600 0.003500 0.556200 0.831000 0.069600 0.545900 0.835000 0.143100 0.551000 0.822200 0.209100 0.553900 0.805900 -0.400700 0.568400 0.718600 -0.344800 0.575200 0.741700 -0.224600 0.592400 0.773700 -0.293300 0.576000 0.763000 -0.152100 0.605200 0.781400 -0.083100 0.596200 0.798500 -0.015600 0.598500 0.801000 0.046700 0.597400 0.800600 0.114900 0.586400 0.801800 0.188700 0.593400 0.782500 0.255700 0.590200 0.765700 0.312400 0.570100 0.759900 0.342000 0.613700 0.711700 0.394300 0.573800 0.717800 -0.494500 0.583400 0.644300 -0.379400 0.603000 0.701800 -0.453800 0.607300 0.652100 -0.312800 0.621500 0.718300 0.390300 0.608400 0.691000 0.431800 0.618000 0.657000 0.460300 0.582800 0.669700 0.494900 0.574700 0.651700 -0.572100 0.579100 0.580800 -0.497100 0.610500 0.616600 -0.539400 0.607600 0.582900 0.468600 0.629600 0.619700 0.510100 0.598200 0.618000 0.537600 0.630500 0.559900 0.562500 0.586400 0.582800 -0.637100 0.578900 0.508800 -0.574500 0.608900 0.547000 -0.603300 0.610400 0.513200 0.594200 0.616300 0.516800 0.610700 0.643600 0.461300 0.650100 0.588400 0.480700 -0.734200 0.560300 0.383400 -0.645700 0.605900 0.464700 -0.688100 0.596300 0.413400 0.633700 0.653400 0.414100 0.677200 0.597600 0.429100 -0.750200 0.575500 0.325500 -0.703300 0.625000 0.338700 0.657600 0.638600 0.399600 0.692700 0.631500 0.348500 0.707800 0.599500 0.373800 -0.792700 0.569600 0.217000 -0.738400 0.609400 0.288700 -0.756800 0.596100 0.268200 0.725900 0.631500 0.272600 0.752100 0.593300 0.287000 -0.801700 0.575100 0.163300 -0.763200 0.613700 0.202500 0.749600 0.620400 0.230700 0.778500 0.604200 0.169900 0.805100 0.560100 0.195200 -0.808300 0.576500 0.119600 -0.764500 0.629200 0.140500 0.792500 0.603000 0.091000 0.826700 0.546700 0.132500 -0.787900 0.610100 0.083500 -0.829700 0.555900 0.049500 0.794700 0.606900 0.011200 0.833500 0.549800 0.055600 -0.830400 0.556700 -0.022500 0.790700 0.608400 -0.068000 0.833000 0.552700 -0.024600 -0.826200 0.554800 -0.097700 0.781700 0.606900 -0.143700 0.828000 0.551900 -0.099400 -0.787100 0.601700 -0.136200 -0.807200 0.566000 -0.167900 -0.766900 0.622100 -0.157600 0.770900 0.598500 -0.217800 0.819000 0.550500 -0.161500 -0.799600 0.556800 -0.224900 -0.765900 0.602300 -0.225100 0.769100 0.571500 -0.286100 -0.745600 0.590200 -0.309500 0.735900 0.602000 -0.309900 0.700800 0.618300 -0.355800 0.724300 0.573600 -0.382600 -0.693600 0.621500 -0.364300 -0.710200 0.582300 -0.395600 -0.674800 0.615000 -0.407800 0.657900 0.640500 -0.396100 0.651300 0.623400 -0.432700 0.686300 0.584000 -0.433500 -0.649500 0.617300 -0.443900 -0.646800 0.604100 -0.465500 -0.603800 0.645300 -0.468000 0.642500 0.604900 -0.470400 0.673100 0.568100 -0.473500 -0.627800 0.586800 -0.511400 -0.582800 0.627300 -0.516600 0.613300 0.604800 -0.508000 0.568200 0.613700 -0.548200 0.614500 0.583400 -0.531100 -0.571700 0.601600 -0.557900 -0.550200 0.564800 -0.615100 -0.511600 0.606300 -0.608800 0.525600 0.624000 -0.578300 0.482500 0.630400 -0.608000 0.533900 0.596300 -0.599500 -0.481300 0.603300 -0.635900 -0.451500 0.582300 -0.676100 -0.423800 0.640300 -0.640600 -0.415500 0.601600 -0.682200 -0.388500 0.625400 -0.676700 0.393800 0.646700 -0.653300 0.351600 0.650200 -0.673500 0.402900 0.605200 -0.686600 0.436100 0.639600 -0.633100 0.466600 0.601600 -0.648300 -0.368900 0.616900 -0.695200 -0.335600 0.593500 -0.731600 -0.287300 0.652700 -0.701000 -0.283200 0.611200 -0.739100 -0.235700 0.633100 -0.737300 0.252500 0.647300 -0.719200 0.199800 0.639500 -0.742400 0.253200 0.606100 -0.754000 0.304800 0.649900 -0.696300 0.336300 0.608700 -0.718600 -0.204400 0.606800 -0.768100 -0.153900 0.555900 -0.816900 -0.126800 0.616100 -0.777400 -0.089600 0.562200 -0.822100 -0.056100 0.621300 -0.781600 -0.020500 0.569300 -0.821900 0.013900 0.623900 -0.781400 0.050800 0.572500 -0.818300 0.082100 0.624500 -0.776700 0.118500 0.573100 -0.810900 0.144200 0.628800 -0.764100 0.175300 0.584500 -0.792200 -0.259200 0.618600 0.741700 -0.204000 0.628600 0.750500 -0.095800 0.628800 0.771600 -0.150000 0.660200 0.736000 -0.023900 0.639300 0.768600 0.038600 0.645100 0.763100 0.102800 0.629100 0.770500 0.136000 0.677300 0.723000 0.189300 0.632700 0.750900 0.239600 0.631800 0.737200 0.292400 0.625800 0.723100 -0.425000 0.613600 0.665500 -0.311700 0.661300 0.682300 -0.357200 0.651800 0.669000 -0.270100 0.664300 0.696900 -0.207000 0.670300 0.712600 0.201100 0.682200 0.702900 0.268200 0.667300 0.694800 0.322300 0.648500 0.689700 0.351500 0.684400 0.638800 0.399400 0.646300 0.650300 -0.497300 0.635100 0.591000 -0.431400 0.663900 0.610800 -0.453100 0.671500 0.586400 0.395800 0.681300 0.615800 0.432300 0.679400 0.592900 0.475000 0.654300 0.588400 0.503700 0.646400 0.573100 -0.578500 0.642900 0.502000 -0.508600 0.657400 0.556000 -0.550700 0.665800 0.503500 0.466000 0.702400 0.538000 0.510800 0.696600 0.503700 0.532800 0.667900 0.519700 0.555600 0.665700 0.498100 -0.653100 0.635700 0.411500 -0.575100 0.679900 0.454900 -0.596600 0.664600 0.449800 0.542600 0.703100 0.459500 0.581900 0.693100 0.425500 0.592000 0.672500 0.444200 -0.617300 0.689300 0.379200 -0.676700 0.652400 0.341300 0.607300 0.690200 0.393400 0.629300 0.700900 0.335800 0.651000 0.663500 0.368800 -0.726100 0.642000 0.246200 -0.689900 0.666400 0.282900 0.653400 0.707900 0.268100 0.690600 0.665900 0.282100 -0.726500 0.659200 0.194200 -0.692600 0.684500 0.227600 0.680700 0.694500 0.233000 0.693100 0.702200 0.163100 0.729000 0.653700 0.203100 -0.724800 0.673700 0.144200 -0.689000 0.711000 0.140500 0.697900 0.711600 0.081000 0.744300 0.656300 0.123700 -0.793300 0.608400 0.023400 -0.713300 0.694900 0.091900 -0.747300 0.661000 0.067000 0.700300 0.713800 0.005700 0.749500 0.660400 0.045500 -0.790400 0.611700 -0.033700 -0.744500 0.667600 0.000500 0.702000 0.708800 -0.068800 0.749400 0.661300 -0.032200 -0.784600 0.612000 -0.099200 -0.745500 0.661800 -0.079000 0.701300 0.698600 -0.141900 0.746400 0.656500 -0.109300 -0.722200 0.680800 -0.122500 -0.733800 0.653700 -0.185100 -0.690000 0.706200 -0.158700 0.693000 0.691600 -0.203700 0.742100 0.645200 -0.181300 -0.723000 0.643900 -0.250300 -0.677100 0.697800 -0.233800 0.684400 0.685700 -0.247800 0.734700 0.631900 -0.246900 -0.703400 0.635300 -0.318800 -0.663200 0.680500 -0.311500 0.621700 0.716100 -0.317400 0.619000 0.693200 -0.369200 0.680600 0.654500 -0.329200 -0.635400 0.683700 -0.358900 -0.649100 0.643600 -0.405500 -0.616900 0.671700 -0.410000 0.622400 0.658500 -0.423100 -0.585700 0.676200 -0.447000 -0.553800 0.658400 -0.509700 -0.557900 0.685100 -0.468400 0.575700 0.691400 -0.436600 0.541500 0.684900 -0.487600 0.586900 0.647500 -0.486000 -0.529200 0.643500 -0.553000 -0.496600 0.701300 -0.511400 -0.492800 0.664300 -0.562000 -0.466600 0.698500 -0.542600 0.491800 0.712900 -0.499900 0.458800 0.699800 -0.547500 0.515700 0.660200 -0.546000 -0.476400 0.638900 -0.604100 -0.401400 0.702600 -0.587600 -0.437200 0.663600 -0.607000 -0.382900 0.687200 -0.617400 0.373700 0.730100 -0.572000 0.343400 0.727200 -0.594400 0.382400 0.688300 -0.616400 0.412300 0.720600 -0.557400 0.445100 0.672100 -0.591800 -0.362600 0.673200 -0.644500 -0.341300 0.659800 -0.669400 -0.283100 0.719700 -0.634000 -0.286800 0.686300 -0.668400 -0.232800 0.710700 -0.663800 0.250800 0.722400 -0.644300 0.197500 0.720800 -0.664400 0.251700 0.686900 -0.681800 0.298100 0.723700 -0.622400 0.323200 0.690600 -0.647000 -0.208800 0.684500 -0.698500 -0.169500 0.656400 -0.735100 -0.139300 0.705100 -0.695300 -0.097400 0.668300 -0.737500 -0.070000 0.715600 -0.695000 -0.027100 0.673200 -0.739000 -0.001200 0.719400 -0.694600 0.041900 0.674300 -0.737300 0.066700 0.719500 -0.691200 0.108900 0.675100 -0.729700 0.134300 0.718700 -0.682200 0.175200 0.679500 -0.712500 -0.102100 0.685300 0.721100 -0.034000 0.692600 0.720500 0.024600 0.691400 0.722100 0.087700 0.687500 0.720800 -0.344200 0.700600 0.625100 -0.298500 0.714500 0.632700 -0.245900 0.706100 0.664100 -0.084900 0.733400 0.674500 -0.153100 0.712800 0.684400 -0.007600 0.740600 0.671900 0.057500 0.732100 0.678700 0.125800 0.718000 0.684600 0.165000 0.769600 0.616800 0.205600 0.718000 0.665000 0.259100 0.708500 0.656400 0.306700 0.705300 0.639100 -0.409400 0.708700 0.574600 -0.345800 0.739200 0.578000 -0.259300 0.751100 0.607100 -0.300300 0.775500 0.555400 -0.188200 0.752700 0.630900 0.239300 0.768200 0.593900 0.286700 0.752800 0.592500 0.333000 0.734300 0.591500 0.353100 0.777600 0.520300 0.386600 0.727400 0.566900 -0.515800 0.689700 0.508100 -0.411600 0.737100 0.535900 -0.450200 0.715500 0.534200 -0.351200 0.772300 0.529300 0.409000 0.766400 0.495300 0.422300 0.798500 0.429000 0.470100 0.748000 0.468600 -0.575100 0.719300 0.389700 -0.512900 0.723200 0.462400 -0.551400 0.718900 0.423100 0.485300 0.769600 0.414900 0.490800 0.788800 0.370100 0.545700 0.737000 0.398900 -0.636700 0.700900 0.321500 -0.594300 0.731400 0.334500 -0.539100 0.763100 0.356400 0.546300 0.758100 0.356000 0.535700 0.787500 0.304900 0.584100 0.737200 0.339600 -0.654400 0.707800 0.265900 -0.541500 0.781900 0.308900 -0.604100 0.750900 0.266700 0.550400 0.793200 0.260600 0.604100 0.748300 0.273900 -0.660500 0.723100 0.202200 -0.608800 0.766200 0.205700 0.605900 0.762000 0.228500 0.587500 0.792400 0.164200 0.644800 0.739800 0.192200 -0.656600 0.742700 0.131300 -0.597900 0.789800 0.137100 0.591400 0.801200 0.091100 0.643500 0.756600 0.116200 -0.698800 0.714500 0.034100 -0.633200 0.770600 0.072600 -0.662400 0.746900 0.058300 0.597700 0.801500 0.019000 0.645600 0.762400 0.045100 -0.695400 0.718100 -0.025400 -0.647600 0.761900 -0.004200 0.603200 0.795800 -0.053800 0.650100 0.759400 -0.026200 -0.699500 0.709300 -0.087400 -0.651100 0.755400 -0.074400 0.612100 0.781000 -0.123600 0.655300 0.748800 -0.099000 -0.652400 0.748800 -0.117300 -0.625900 0.753700 -0.200400 -0.584000 0.795200 -0.163100 0.612500 0.764500 -0.201200 0.654500 0.735500 -0.175300 -0.613000 0.743800 -0.266500 -0.559600 0.793300 -0.239600 0.601000 0.754700 -0.263000 0.629800 0.732100 -0.259500 -0.610900 0.720600 -0.327800 -0.565700 0.764400 -0.309200 0.555800 0.780200 -0.286900 0.543100 0.765500 -0.345000 0.599600 0.723900 -0.341200 -0.581100 0.737700 -0.343600 -0.574800 0.711200 -0.404700 -0.529600 0.757000 -0.382800 0.483400 0.799600 -0.356200 0.478100 0.776900 -0.409800 0.536800 0.740400 -0.404500 0.583200 0.710800 -0.393300 -0.525600 0.752500 -0.396800 -0.494900 0.741800 -0.452600 -0.442500 0.789200 -0.425800 0.421500 0.797600 -0.431500 0.405700 0.787900 -0.463200 0.457600 0.754100 -0.471100 0.510600 0.737300 -0.442400 -0.423000 0.777600 -0.465200 -0.390800 0.746800 -0.538100 -0.347000 0.786300 -0.511200 0.374100 0.785800 -0.492500 0.340300 0.767100 -0.543800 0.389900 0.755300 -0.526700 0.435800 0.750800 -0.496300 -0.342500 0.751700 -0.563500 -0.334900 0.719600 -0.608300 -0.288800 0.789200 -0.542000 -0.274800 0.752100 -0.599100 -0.230600 0.784300 -0.575900 0.221500 0.798300 -0.560100 0.180000 0.783600 -0.594600 0.244000 0.759200 -0.603400 0.276300 0.784900 -0.554700 0.318400 0.750600 -0.579000 -0.211200 0.759600 -0.615200 -0.175800 0.734700 -0.655200 -0.153400 0.779300 -0.607600 -0.112100 0.750400 -0.651400 -0.089200 0.789500 -0.607200 -0.045100 0.757900 -0.650800 -0.021900 0.794600 -0.606700 0.022600 0.760200 -0.649300 0.045700 0.795800 -0.603800 0.090500 0.758900 -0.644800 0.112300 0.794300 -0.597000 0.162200 0.754700 -0.635700 -0.117300 0.764900 0.633300 -0.043900 0.772100 0.634000 0.032100 0.773600 0.632800 0.104400 0.772700 0.626200 -0.249100 0.801700 0.543300 -0.183700 0.805100 0.564000 -0.119000 0.804500 0.581900 -0.003800 0.821000 0.571000 -0.049200 0.822000 0.567300 0.050200 0.820300 0.569700 0.106100 0.856700 0.504700 0.118600 0.805200 0.581000 0.186100 0.807100 0.560400 0.263000 0.795200 0.546400 0.315300 0.787500 0.529500 -0.444200 0.755700 0.481200 -0.380800 0.785300 0.488200 -0.236600 0.838500 0.490900 -0.294600 0.817700 0.494500 -0.174400 0.848300 0.499900 -0.102500 0.855400 0.507800 0.163700 0.848400 0.503500 0.210900 0.836200 0.506200 0.268400 0.822900 0.500900 0.293800 0.849400 0.438300 0.336900 0.805500 0.487500 0.374500 0.809600 0.451900 -0.508900 0.752300 0.418400 -0.437700 0.789800 0.429700 -0.306500 0.840100 0.447600 -0.362400 0.828900 0.426100 0.350000 0.834900 0.424700 0.358000 0.858800 0.366400 0.403800 0.818000 0.409600 0.433600 0.816800 0.380500 -0.501200 0.785600 0.362900 -0.379700 0.853200 0.357500 -0.442200 0.832900 0.332900 0.409300 0.844100 0.346400 0.403700 0.865500 0.296400 0.449100 0.828500 0.334500 0.482900 0.812300 0.327100 -0.540900 0.811400 0.221300 -0.481900 0.827700 0.287500 -0.496100 0.824800 0.271300 0.399100 0.881300 0.253100 0.465700 0.838200 0.283600 0.496400 0.822200 0.278600 -0.548100 0.823000 0.149300 -0.489800 0.851700 0.186400 0.450700 0.864200 0.223700 0.446800 0.877200 0.175600 0.503500 0.836200 0.217500 0.539900 0.813700 0.215500 -0.567900 0.819300 0.078400 -0.503200 0.856500 0.114800 0.444400 0.886900 0.126200 0.516000 0.843100 0.151500 0.547300 0.823000 0.151900 -0.611700 0.790800 0.020300 -0.560700 0.827800 0.021600 -0.505900 0.860900 0.054400 0.504400 0.859600 0.081700 0.506700 0.861800 0.022600 0.556600 0.827800 0.069800 -0.607000 0.793300 -0.047400 -0.564800 0.824200 -0.040300 -0.504700 0.863000 -0.021600 0.505400 0.862400 -0.030700 0.558500 0.829400 -0.010600 -0.594200 0.797500 -0.104600 -0.553200 0.826500 -0.104300 -0.505200 0.858500 -0.088500 0.505200 0.858900 -0.083900 0.558900 0.825000 -0.083500 -0.539200 0.823100 -0.178200 -0.500800 0.852700 -0.149000 0.456700 0.882200 -0.114900 0.451500 0.877300 -0.163000 0.518400 0.840800 -0.155900 0.567400 0.808600 -0.155600 -0.531600 0.803500 -0.268000 -0.500400 0.840800 -0.206400 0.444200 0.867700 -0.223200 0.500400 0.835300 -0.227600 0.544700 0.808900 -0.221200 -0.522100 0.786100 -0.330800 -0.495700 0.825300 -0.270600 -0.485700 0.802600 -0.346400 -0.436600 0.847900 -0.300800 0.391800 0.881800 -0.262600 0.391000 0.861900 -0.323000 0.453200 0.837800 -0.304500 0.490400 0.819700 -0.295900 -0.464200 0.799000 -0.382200 -0.422300 0.832300 -0.359200 -0.412800 0.810000 -0.416500 -0.361300 0.856300 -0.369100 0.381800 0.843300 -0.378300 0.422600 0.827600 -0.369600 -0.381000 0.812700 -0.440900 -0.348200 0.834900 -0.426200 -0.329300 0.813500 -0.479300 -0.289700 0.851400 -0.437200 0.272600 0.872300 -0.406000 0.236600 0.852600 -0.465900 0.305600 0.827900 -0.470400 0.332000 0.857000 -0.394200 0.370700 0.818500 -0.438900 -0.312200 0.806500 -0.502200 -0.259900 0.831400 -0.491100 -0.245100 0.816500 -0.522600 -0.202500 0.847800 -0.490200 -0.177700 0.830600 -0.527700 -0.149500 0.862000 -0.484400 -0.111300 0.843500 -0.525500 -0.088000 0.870800 -0.483600 -0.043700 0.851200 -0.523100 -0.020200 0.877500 -0.479200 0.022600 0.853800 -0.520100 0.043300 0.881200 -0.470800 0.087400 0.848800 -0.521400 0.105500 0.877200 -0.468500 0.159800 0.840900 -0.517100 0.184000 0.863800 -0.469000 0.233500 0.821800 -0.519800 0.308600 0.808500 -0.501200 -0.193500 0.803500 -0.563000 -0.133800 0.814200 -0.564900 -0.066800 0.822300 -0.565100 0.001400 0.826100 -0.563500 0.071400 0.825200 -0.560400 0.149700 0.820700 -0.551400 -0.028200 0.874600 0.484000 0.036600 0.872800 0.486600 -0.245400 0.864800 0.438100 -0.190200 0.878500 0.438300 -0.119600 0.886400 0.447300 -0.054800 0.900100 0.432300 0.034500 0.893400 0.448000 0.124000 0.885400 0.448000 0.185600 0.880600 0.436100 0.230900 0.875700 0.424100 -0.310900 0.877300 0.365500 -0.250700 0.891300 0.377700 -0.193900 0.904500 0.379800 -0.138200 0.909400 0.392300 -0.008700 0.925600 0.378500 -0.068300 0.927400 0.367800 0.051900 0.918500 0.392000 0.099100 0.938900 0.329700 0.124600 0.899900 0.417900 0.189700 0.897700 0.397800 0.238500 0.898900 0.367700 0.286200 0.889400 0.356500 -0.395400 0.873800 0.283100 -0.327500 0.896000 0.299900 -0.260600 0.913600 0.312200 -0.139200 0.937300 0.319400 -0.185800 0.930300 0.316100 -0.098100 0.943400 0.316700 0.147700 0.929000 0.339400 0.208100 0.913900 0.348600 0.229000 0.930900 0.284700 0.271400 0.902700 0.333800 0.297500 0.905700 0.302200 0.339400 0.891000 0.301600 -0.450200 0.865100 0.221100 -0.397700 0.889700 0.224400 -0.334500 0.912400 0.235900 -0.204900 0.943800 0.259400 -0.264900 0.933100 0.243200 0.284700 0.921300 0.264800 0.273400 0.940200 0.203000 0.320700 0.913200 0.251600 0.345300 0.904400 0.250800 -0.444500 0.883700 0.146900 -0.393500 0.904900 0.162400 -0.278300 0.942900 0.183100 -0.334700 0.929200 0.157000 0.264600 0.951500 0.157200 0.333500 0.923500 0.189300 0.353800 0.916000 0.188900 0.380900 0.904600 0.191100 -0.448100 0.890500 0.079000 -0.393400 0.914100 0.098100 -0.336900 0.936100 0.100700 0.315300 0.940800 0.124300 0.307700 0.948700 0.073400 0.358800 0.925800 0.119300 0.386000 0.912900 0.132600 -0.448600 0.893700 0.008900 -0.391800 0.919500 0.032500 -0.334600 0.941300 0.044900 0.296500 0.954700 0.025500 0.350500 0.935100 0.052100 0.388200 0.919000 0.068500 0.429400 0.900900 0.063900 -0.449700 0.890900 -0.063900 -0.393100 0.918900 -0.034100 -0.331800 0.943300 -0.012100 0.292400 0.955900 -0.028300 0.340800 0.940100 -0.009000 0.395000 0.918700 0.008100 0.442000 0.896900 0.010200 -0.446000 0.885600 -0.129800 -0.397300 0.911900 -0.102800 -0.333800 0.940200 -0.067400 0.293300 0.952600 -0.080500 0.340700 0.937100 -0.075900 0.387000 0.920600 -0.052300 0.439500 0.896900 -0.049300 -0.436900 0.880600 -0.183400 -0.393200 0.902300 -0.176500 -0.342900 0.931400 -0.122100 0.291100 0.947200 -0.134200 0.342600 0.930300 -0.131200 0.394800 0.911900 -0.112100 -0.424600 0.874700 -0.233700 -0.371400 0.897000 -0.239500 -0.348800 0.918000 -0.188600 -0.341900 0.901400 -0.265700 -0.286300 0.934000 -0.213900 0.245400 0.954900 -0.167400 0.238900 0.946000 -0.219200 0.293700 0.932800 -0.208900 0.341200 0.919200 -0.196500 0.386700 0.904700 -0.178700 -0.356200 0.885900 -0.297200 -0.308300 0.898900 -0.311300 -0.278100 0.919300 -0.278500 -0.264900 0.901600 -0.342000 -0.215400 0.934200 -0.284200 0.222700 0.937700 -0.266700 0.281100 0.919200 -0.275800 0.334900 0.905200 -0.261700 -0.291700 0.886100 -0.360200 -0.239100 0.897000 -0.371900 -0.192700 0.918800 -0.344500 -0.182200 0.902800 -0.389500 -0.134700 0.932700 -0.334500 -0.119600 0.911000 -0.394800 -0.092900 0.943000 -0.319600 -0.063500 0.914300 -0.399900 -0.048400 0.948000 -0.314400 0.119700 0.947100 -0.297800 0.091100 0.930100 -0.355700 0.152900 0.920800 -0.358800 0.165900 0.943800 -0.285900 0.219300 0.920100 -0.324500 0.272700 0.900700 -0.338200 0.328500 0.889100 -0.318900 -0.230900 0.876300 -0.422800 -0.185100 0.883500 -0.430400 -0.134100 0.888900 -0.438000 -0.068900 0.892900 -0.444900 -0.001900 0.926800 -0.375500 0.007200 0.899700 -0.436500 0.045300 0.928700 -0.368000 0.078500 0.905300 -0.417500 0.143100 0.898600 -0.414800 0.204800 0.899200 -0.386600 -0.024500 0.956500 0.290900 0.033600 0.954800 0.295300 -0.137400 0.957800 0.252500 -0.075900 0.963700 0.255800 -0.008000 0.971800 0.235500 0.048300 0.969500 0.240200 0.102200 0.963000 0.249200 0.151700 0.954900 0.255100 -0.206900 0.959900 0.189400 -0.135800 0.969100 0.206000 -0.069000 0.973900 0.216100 -0.012500 0.980100 0.197900 0.051900 0.980800 0.188100 0.102200 0.976200 0.191300 0.144800 0.971200 0.189400 0.203500 0.958000 0.202100 -0.270100 0.955900 0.115400 -0.221600 0.968000 0.117900 -0.161200 0.976100 0.146100 -0.077400 0.983100 0.166000 -0.007600 0.986100 0.165900 0.053700 0.986600 0.153800 0.105200 0.983900 0.144800 0.150100 0.978100 0.144300 0.199200 0.968100 0.151600 -0.279500 0.958800 0.050600 -0.232900 0.971300 0.048800 -0.179700 0.981800 0.062000 -0.115900 0.987900 0.103000 -0.045500 0.990200 0.131900 0.066700 0.987200 0.144700 0.114400 0.987500 0.108400 0.152800 0.983100 0.100600 0.192800 0.976000 0.101300 0.240400 0.965500 0.100200 -0.273200 0.961900 -0.003900 -0.223600 0.974700 -0.005500 -0.181400 0.983400 -0.005800 -0.143200 0.989100 0.034300 0.015200 0.990700 0.135400 -0.090400 0.992600 0.081100 0.125600 0.984500 0.122300 0.141100 0.989900 0.015800 0.150600 0.986300 0.066800 0.163500 0.984900 0.057100 0.198300 0.978600 0.055700 0.243800 0.968100 0.057700 -0.266900 0.962300 -0.052000 -0.211700 0.976000 -0.051600 -0.169700 0.983800 -0.058400 -0.152800 0.985600 -0.072700 -0.141700 0.989600 -0.023200 0.090600 0.992200 -0.085400 0.137900 0.989700 -0.039300 0.170100 0.985400 0.003600 0.205100 0.978700 0.009300 0.245700 0.969300 0.012700 -0.263300 0.959900 -0.096100 -0.201200 0.975100 -0.093700 -0.153500 0.983100 -0.099500 -0.113400 0.987200 -0.112100 -0.123100 0.983900 -0.129300 -0.063700 0.987000 -0.147300 -0.010900 0.990200 -0.139300 0.047700 0.990100 -0.131900 0.110500 0.988400 -0.104200 0.164500 0.984400 -0.062300 0.209700 0.976900 -0.042500 0.247800 0.968000 -0.038800 -0.260500 0.955000 -0.142000 -0.193400 0.971400 -0.138100 -0.143200 0.979600 -0.141000 -0.100800 0.983800 -0.148200 -0.055000 0.986200 -0.156300 0.008500 0.987200 -0.159100 0.079600 0.984200 -0.158000 0.146600 0.979200 -0.140300 0.198000 0.974500 -0.105600 0.239400 0.965800 -0.099800 -0.198800 0.960200 -0.196000 -0.140300 0.972000 -0.188500 -0.095500 0.976500 -0.193100 -0.055000 0.979100 -0.195600 -0.002900 0.981600 -0.190700 0.066400 0.979300 -0.191100 0.130700 0.973100 -0.189800 0.193900 0.966800 -0.166600 -0.147100 0.955900 -0.254400 -0.102900 0.962700 -0.250300 -0.057700 0.967600 -0.245700 -0.006200 0.971000 -0.238900 0.049100 0.971800 -0.230600 0.111300 0.965100 -0.237000 0.171700 0.960100 -0.220600 0.008200 0.957500 -0.288200 0.057700 0.957200 -0.283500 -0.040100 0.998600 0.035000 0.064900 0.996100 0.060100 -0.061100 0.995800 -0.067700 0.043900 0.998100 -0.042300 0.000000 1.000000 0.000000</float_array>
          <technique_common>
            <accessor source="#Slime-normals-array" count="3201" stride="3">
              <param name="X" type="float"/>
              <param name="Y" type="float"/>
              <param name="Z" type="float"/>
            </accessor>
          </technique_common>
        </source>
        <source id="Slime-map-0">
          <float_array id="Slime-map-0-array" count="2">0.000000 0.000000</float_array>
          <technique_common>
            <accessor source="#Slime-map-0-array" count="1" stride="2">
              <param name="S" type="float"/>
              <param name="T" type="float"/>
            </accessor>
          </technique_common>
        </source>
        <vertices id="Slime-vertices">
          <input semantic="POSITION" source="#Slime-positions"/>
        </vertices>
        <polylist material="slime-material" count="6397">
          <input semantic="VERTEX" source="#Slime-vertices" offset="0"/>
          <input semantic="NORMAL" source="#Slime-normals" offset="1"/>
          <input semantic="TEXCOORD" source="#Slime-map-0" offset="2" set="0"/>
          <vcount>3 3 3 3 3 3 3 3 3 3 3 3 3 3 3 3 3 3 3 3 3 3 3 3 3 3 3 3 3 3 3 3 3 3 3 3 3 3 3 3 3 3 3 3 3 3 3 3 3 3 3 3 3 3 3 3 3 3 3 3 3 3 3 3 3 3 3 3 3 3 3 3 3 3 3 3 3 3 3 3 3 3 3 3 3 3 3 3 3 3 3 3 3 3 3 3 3 3 3 3 3 3 3 3 3 3 3 3 3 3 3 3 3 3 3 3 3 3 3 3 3 3 3 3 3 3 3 3 3 3 3 3 3 3 3 3 3 3 3 3 3 3 3 3 3 3 3 3 3 3 3 3 3 3 3 3 3 3 3 3 3 3 3 3 3 3 3 3 3 3 3 3 3 3 3 3 3 3 3 3 3 3 3 3 3 3 3 3 3 3 3 3 3 3 3 3 3 3 3 3 3 3 3 3 3 3 3 3 3 3 3 3 3 3 3 3 3 3 3 3 3 3 3 3 3 3 3 3 3 3 3 3 3 3 3 3 3 3 3 3 3 3 3 3 3 3 3 3 3 3 3 3 3 3 3 3 3 3 3 3 3 3 3 3 3 3 3 3 3 3 3 3 3 3 3 3 3 3 3 3 3 3 3 3 3 3 3 3 3 3 3 3 3 3 3 3 3 3 3 3 3 3 3 3 3 3 3 3 3 3 3 3 3 3 3 3 3 3 3 3 3 3 3 3 3 3 3 3 3 3 3 3 3 3 3 3 3 3 3 3 3 3 3 3 3 3 3 3 3 3 3 3 3 3 3 3 3 3 3 3 3 3 3 3 3 3 3 3 3 3 3 3 3 3 3 3 3 3 3 3 3 3 3 3 3 3 3 3 3 3 3 3 3 3 3 3 3 3 3 3 3 3 3 3 3 3 3 3 3 3 3 3 3 3 3 3 3 3 3 3 3 3 3 3 3 3 3 3 3 3 3 3 3 3 3 3 3 3 3 3 3 3 3 3 3 3 3 3 3 3 3 3 3 3 3 3 3 3 3 3 3 3 3 3 3 3 3 3 3 3 3 3 3 3 3 3 3 3 3 3 3 3 3 3 3 3 3 3 3 3 3 3 3 3 3 3 3 3 3 3 3 3 3 3 3 3 3 3 3 3 3 3 3 3 3 3 3 3 3 3 3 3 3 3 3 3 3 3 3 3 3 3 3 3 3 3 3 3 3 3 3 3 3 3 3 3 3 3 3 3 3 3 3 3 3 3 3 3 3 3 3 3 3 3 3 3 3 3 3 3 3 3 3 3 3 3 3 3 3 3 3 3 3 3 3 3 3 3 3 3 3 3 3 3 3 3 3 3 3 3 3 3 3 3 3 3 3 3 3 3 3 3 3 3 3 3 3 3 3 3 3 3 3 3 3 3 3 3 3 3 3 3 3 3 3 3 3 3 3 3 3 3 3 3 3 3 3 3 3 3 3 3 3 3 3 3 3 3 3 3 3 3 3 3 3 3 3 3 3 3 3 3 3 3 3 3 3 3 3 3 3 3 3 3 3 3 3 3 3 3 3 3 3 3 3 3 3 3 3 3 3 3 3 3 3 3 3 3 3 3 3 3 3 3 3 3 3 3 3 3 3 3 3 3 3 3 3 3 3 3 3 3 3 3 3 3 3 3 3 3 3 3 3 3 3 3 3 3 3 3 3 3 3 3 3 3 3 3 3 3 3 3 3 3 3 3 3 3 3 3 3 3 3 3 3 3 3 3 3 3 3 3 3 3 3 3 3 3 3 3 3 3 3 3 3 3 3 3 3 3 3 3 3 3 3 3 3 3 3 3 3 3 3 3 3 3 3 3 3 3 3 3 3 3 3 3 3 3 3 3 3 3 3 3 3 3 3 3 3 3 3 3 3 3 3 3 3 3 3 3 3 3 3 3 3 3 3 3 3 3 3 3 3 3 3 3 3 3 3 3 3 3 3 3 3 3 3 3 3 3 3 3 3 3 3 3 3 3 3 3 3 3 3 3 3 3 3 3 3 3 3 3 3 3 3 3 3 3 3 3 3 3 3 3 3 3 3 3 3 3 3 3 3 3 3 3 3 3 3 3 3 3 3 3 3 3 3 3 3 3 3 3 3 3 3 3 3 3 3 3 3 3 3 3 3 3 3 3 3 3 3 3 3 3 3 3 3 3 3 3 3 3 3 3 3 3 3 3 3 3 3 3 3 3 3 3 3 3 3 3 3 3 3 3 3 3 3 3 3 3 3 3 3 3 3 3 3 3 3 3 3 3 3 3 3 3 3 3 3 3 3 3 3 3 3 3 3 3 3 3 3 3 3 3 3 3 3 3 3 3 3 3 3 3 3 3 3 3 3 3 3 3 3 3 3 3 3 3 3 3 3 3 3 3 3 3 3 3 3 3 3 3 3 3 3 3 3 3 3 3 3 3 3 3 3 3 3 3 3 3 3 3 3 3 3 3 3 3 3 3 3 3 3 3 3 3 3 3 3 3 3 3 3 3 3 3 3 3 3 3 3 3 3 3 3 3 3 3 3 3 3 3 3 3 3 3 3 3 3 3 3 3 3 3 3 3 3 3 3 3 3 3 3 3 3 3 3 3 3 3 3 3 3 3 3 3 3 3 3 3 3 3 3 3 3 3 3 3 3 3 3 3 3 3 3 3 3 3 3 3 3 3 3 3 3 3 3 3 3 3 3 3 3 3 3 3 3 3 3 3 3 3 3 3 3 3 3 3 3 3 3 3 3 3 3 3 3 3 3 3 3 3 3 3 3 3 3 3 3 3 3 3 3 3 3 3 3 3 3 3 3 3 3 3 3 3 3 3 3 3 3 3 3 3 3 3 3 3 3 3 3 3 3 3 3 3 3 3 3 3 3 3 3 3 3 3 3 3 3 3 3 3 3 3 3 3 3 3 3 3 3 3 3 3 3 3 3 3 3 3 3 3 3 3 3 3 3 3 3 3 3 3 3 3 3 3 3 3 3 3 3 3 3 3 3 3 3 3 3 3 3 3 3 3 3 3 3 3 3 3 3 3 3 3 3 3 3 3 3 3 3 3 3 3 3 3 3 3 3 3 3 3 3 3 3 3 3 3 3 3 3 3 3 3 3 3 3 3 3 3 3 3 3 3 3 3 3 3 3 3 3 3 3 3 3 3 3 3 3 3 3 3 3 3 3 3 3 3 3 3 3 3 3 3 3 3 3 3 3 3 3 3 3 3 3 3 3 3 3 3 3 3 3 3 3 3 3 3 3 3 3 3 3 3 3 3 3 3 3 3 3 3 3 3 3 3 3 3 3 3 3 3 3 3 3 3 3 3 3 3 3 3 3 3 3 3 3 3 3 3 3 3 3 3 3 3 3 3 3 3 3 3 3 3 3 3 3 3 3 3 3 3 3 3 3 3 3 3 3 3 3 3 3 3 3 3 3 3 3 3 3 3 3 3 3 3 3 3 3 3 3 3 3 3 3 3 3 3 3 3 3 3 3 3 3 3 3 3 3 3 3 3 3 3 3 3 3 3 3 3 3 3 3 3 3 3 3 3 3 3 3 3 3 3 3 3 3 3 3 3 3 3 3 3 3 3 3 3 3 3 3 3 3 3 3 3 3 3 3 3 3 3 3 3 3 3 3 3 3 3 3 3 3 3 3 3 3 3 3 3 3 3 3 3 3 3 3 3 3 3 3 3 3 3 3 3 3 3 3 3 3 3 3 3 3 3 3 3 3 3 3 3 3 3 3 3 3 3 3 3 3 3 3 3 3 3 3 3 3 3 3 3 3 3 3 3 3 3 3 3 3 3 3 3 3 3 3 3 3 3 3 3 3 3 3 3 3 3 3 3 3 3 3 3 3 3 3 3 3 3 3 3 3 3 3 3 3 3 3 3 3 3 3 3 3 3 3 3 3 3 3 3 3 3 3 3 3 3 3 3 3 3 3 3 3 3 3 3 3 3 3 3 3 3 3 3 3 3 3 3 3 3 3 3 3 3 3 3 3 3 3 3 3 3 3 3 3 3 3 3 3 3 3 3 3 3 3 3 3 3 3 3 3 3 3 3 3 3 3 3 3 3 3 3 3 3 3 3 3 3 3 3 3 3 3 3 3 3 3 3 3 3 3 3 3 3 3 3 3 3 3 3 3 3 3 3 3 3 3 3 3 3 3 3 3 3 3 3 3 3 3 3 3 3 3 3 3 3 3 3 3 3 3 3 3 3 3 3 3 3 3 3 3 3 3 3 3 3 3 3 3 3 3 3 3 3 3 3 3 3 3 3 3 3 3 3 3 3 3 3 3 3 3 3 3 3 3 3 3 3 3 3 3 3 3 3 3 3 3 3 3 3 3 3 3 3 3 3 3 3 3 3 3 3 3 3 3 3 3 3 3 3 3 3 3 3 3 3 3 3 3 3 3 3 3 3 3 3 3 3 3 3 3 3 3 3 3 3 3 3 3 3 3 3 3 3 3 3 3 3 3 3 3 3 3 3 3 3 3 3 3 3 3 3 3 3 3 3 3 3 3 3 3 3 3 3 3 3 3 3 3 3 3 3 3 3 3 3 3 3 3 3 3 3 3 3 3 3 3 3 3 3 3 3 3 3 3 3 3 3 3 3 3 3 3 3 3 3 3 3 3 3 3 3 3 3 3 3 3 3 3 3 3 3 3 3 3 3 3 3 3 3 3 3 3 3 3 3 3 3 3 3 3 3 3 3 3 3 3 3 3 3 3 3 3 3 3 3 3 3 3 3 3 3 3 3 3 3 3 3 3 3 3 3 3 3 3 3 3 3 3 3 3 3 3 3 3 3 3 3 3 3 3 3 3 3 3 3 3 3 3 3 3 3 3 3 3 3 3 3 3 3 3 3 3 3 3 3 3 3 3 3 3 3 3 3 3 3 3 3 3 3 3 3 3 3 3 3 3 3 3 3 3 3 3 3 3 3 3 3 3 3 3 3 3 3 3 3 3 3 3 3 3 3 3 3 3 3 3 3 3 3 3 3 3 3 3 3 3 3 3 3 3 3 3 3 3 3 3 3 3 3 3 3 3 3 3 3 3 3 3 3 3 3 3 3 3 3 3 3 3 3 3 3 3 3 3 3 3 3 3 3 3 3 3 3 3 3 3 3 3 3 3 3 3 3 3 3 3 3 3 3 3 3 3 3 3 3 3 3 3 3 3 3 3 3 3 3 3 3 3 3 3 3 3 3 3 3 3 3 3 3 3 3 3 3 3 3 3 3 3 3 3 3 3 3 3 3 3 3 3 3 3 3 3 3 3 3 3 3 3 3 3 3 3 3 3 3 3 3 3 3 3 3 3 3 3 3 3 3 3 3 3 3 3 3 3 3 3 3 3 3 3 3 3 3 3 3 3 3 3 3 3 3 3 3 3 3 3 3 3 3 3 3 3 3 3 3 3 3 3 3 3 3 3 3 3 3 3 3 3 3 3 3 3 3 3 3 3 3 3 3 3 3 3 3 3 3 3 3 3 3 3 3 3 3 3 3 3 3 3 3 3 3 3 3 3 3 3 3 3 3 3 3 3 3 3 3 3 3 3 3 3 3 3 3 3 3 3 3 3 3 3 3 3 3 3 3 3 3 3 3 3 3 3 3 3 3 3 3 3 3 3 3 3 3 3 3 3 3 3 3 3 3 3 3 3 3 3 3 3 3 3 3 3 3 3 3 3 3 3 3 3 3 3 3 3 3 3 3 3 3 3 3 3 3 3 3 3 3 3 3 3 3 3 3 3 3 3 3 3 3 3 3 3 3 3 3 3 3 3 3 3 3 3 3 3 3 3 3 3 3 3 3 3 3 3 3 3 3 3 3 3 3 3 3 3 3 3 3 3 3 3 3 3 3 3 3 3 3 3 3 3 3 3 3 3 3 3 3 3 3 3 3 3 3 3 3 3 3 3 3 3 3 3 3 3 3 3 3 3 3 3 3 3 3 3 3 3 3 3 3 3 3 3 3 3 3 3 3 3 3 3 3 3 3 3 3 3 3 3 3 3 3 3 3 3 3 3 3 3 3 3 3 3 3 3 3 3 3 3 3 3 3 3 3 3 3 3 3 3 3 3 3 3 3 3 3 3 3 3 3 3 3 3 3 3 3 3 3 3 3 3 3 3 3 3 3 3 3 3 3 3 3 3 3 3 3 3 3 3 3 3 3 3 3 3 3 3 3 3 3 3 3 3 3 3 3 3 3 3 3 3 3 3 3 3 3 3 3 3 3 3 3 3 3 3 3 3 3 3 3 3 3 3 3 3 3 3 3 3 3 3 3 3 3 3 3 3 3 3 3 3 3 3 3 3 3 3 3 3 3 3 3 3 3 3 3 3 3 3 3 3 3 3 3 3 3 3 3 3 3 3 3 3 3 3 3 3 3 3 3 3 3 3 3 3 3 3 3 3 3 3 3 3 3 3 3 3 3 3 3 3 3 3 3 3 3 3 3 3 3 3 3 3 3 3 3 3 3 3 3 3 3 3 3 3 3 3 3 3 3 3 3 3 3 3 3 3 3 3 3 3 3 3 3 3 3 3 3 3 3 3 3 3 3 3 3 3 3 3 3 3 3 3 3 3 3 3 3 3 3 3 3 3 3 3 3 3 3 3 3 3 3 3 3 3 3 3 3 3 3 3 3 3 3 3 3 3 3 3 3 3 3 3 3 3 3 3 3 3 3 3 3 3 3 3 3 3 3 3 3 3 3 3 3 3 3 3 3 3 3 3 3 3 3 3 3 3 3 3 3 3 3 3 3 3 3 3 3 3 3 3 3 3 3 3 3 3 3 3 3 3 3 3 3 3 3 3 3 3 3 3 3 3 3 3 3 3 3 3 3 3 3 3 3 3 3 3 3 3 3 3 3 3 3 3 3 3 3 3 3 3 3 3 3 3 3 3 3 3 3 3 3 3 3 3 3 3 3 3 3 3 3 3 3 3 3 3 3 3 3 3 3 3 3 3 3 3 3 3 3 3 3 3 3 3 3 3 3 3 3 3 3 3 3 3 3 3 3 3 3 3 3 3 3 3 3 3 3 3 3 3 3 3 3 3 3 3 3 3 3 3 3 3 3 3 3 3 3 3 3 3 3 3 3 3 3 3 3 3 3 3 3 3 3 3 3 3 3 3 3 3 3 3 3 3 3 3 3 3 3 3 3 3 3 3 3 3 3 3 3 3 3 3 3 3 3 3 3 3 3 3 3 3 3 3 3 3 3 3 3 3 3 3 3 3 3 3 3 3 3 3 3 3 3 3 3 3 3 3 3 3 3 3 3 3 3 3 3 3 3 3 3 3 3 3 3 3 3 3 3 3 3 3 3 3 3 3 3 3 3 3 3 3 3 3 3 3 3 3 3 3 3 3 3 3 3 3 3 3 3 3 3 3 3 3 3 3 3 3 3 3 3 3 3 3 3 3 3 3 3 3 3 3 3 3 3 3 3 3 3 3 3 3 3 3 3 3 3 3 3 3 3 3 3 3 3 3 3 3 3 3 3 3 3 3 3 3 3 3 3 3 3 3 3 3 3 3 3 3 3 3 3 3 3 3 3 3 3 3 3 3 3 3 3 3 3 3 3 3 3 3 3 3 3 3 3 3 3 3 3 3 3 3 3 3 3 3 3 3 3 3 3 3 3 3 3 3 3 3 3 3 3 3 3 3 3 3 3 3 3 3 3 3 3 3 3 3 3 3 3 3 3 3 3 3 3 3 3 3 3 3 3 3 3 3 3 3 3 3 3 3 3 3 3 3 3 3 3 3 3 3 3 3 3 3 3 3 3 3 3 3 3 3 3 3 3 3 3 3 3 3 3 3 3 3 3 3 3 3 3 3 3 3 3 3 3 3 3 3 3 3 3 3 3 3 3 3 3 3 3 3 3 3 3 3 3 3 3 3 3 3 3 3 3 3 3 3 3 3 3 3 3 3 3 3 3 3 3 3 3 3 3 3 3 3 3 3 3 3 3 3 3 3 3 3 3 3 3 3 3 3 3 3 3 3 3 3 3 3 3 3 3 3 3 3 3 3 3 3 3 3 3 3 3 3 3 3 3 3 3 3 3 3 3 3 3 3 3 3 3 3 3 3 3 3 3 3 3 3 3 3 3 3 3 3 3 3 3 3 3 3 3 3 3 3 3 3 3 3 3 3 3 3 3 3 3 3 3 3 3 3 3 3 3 3 3 3 3 3 3 3 3 3 3 3 3 3 3 3 3 3 3 3 3 3 3 3 3 3 3 3 3 3 3 3 3 3 3 3 3 3 3 3 3 3 3 3 3 3 3 3 3 3 3 3 3 3 3 3 3 3 3 3 3 3 3 3 3 3 3 3 3 3 3 3 3 3 3 3 3 3 3 3 3 3 3 3 3 3 3 3 3 3 3 3 3 3 3 3 3 3 3 3 3 3 3 3 3 3 3 3 3 3 3 3 3 3 3 3 3 3 3 3 3 3 3 3 3 3 3 3 3 3 3 3 3 3 3 3 3 3 3 3 3 3 3 3 3 3 3 3 3 3 3 3 3 3 3 3 3 3 3 3 3 3 3 3 3 3 3 3 3 3 3 3 3 3 3 3 3 3 3 3 3 3 3 3 3 3 3 3 3 3 3 3 3 3 3 3 3 3 3 3 3 3 3 3 3 3 3 3 3 3 3 3 3 3 3 3 3 3 3 3 3 3 3 3 3 3 3 3 3 3 3 3 3 3 3 3 3 3 3 3 3 3 3 3 3 3 3 3 3 3 3 3 3 3 3 3 3 3 3 3 3 3 3 3 3 3 3 3 3 3 3 3 3 3 3 3 3 3 3 3 3 3 3 3 3 3 3 3 3 3 3 3 3 3 3 3 3 3 3 3 3 3 3 3 3 3 3 3 3 3 3 3 3 3 3 3 3 3 3 3 3 3 3 3 3 3 3 3 3 3 3 3 3 3 3 3 3 3 3 3 3 3 3 3 3 3 3 3 3 3 3 3 3 3 3 3 3 3 3 3 3 3 3 3 3 3 3 3 3 3 3 3 3 3 3 3 3 3 3 3 3 3 3 3 3 3 3 3 3 3 3 3 3 3 3 3 3 3 3 3 3 3 3 3 3 3 3 3 3 3 3 3 3 3 3 3 3 3 3 3 3 3 3 3 3 3 3 3 3 3 3 3 3 3 3 3 3 3 3 3 3 3 3 3 3 3 3 3 3 3 3 3 3 3 3 3 3 3 3 3 3 3 3 3 3 3 3 3 3 3 3 3 3 3 3 3 3 3 3 3 3 3 3 3 3 3 3 3 3 3 3 3 3 3 3 3 3 3 3 3 3 3 3 3 3 3 3 3 3 3 3 3 3 3 3 3 3 3 3 3 3 3 3 3 3 3 3 3 3 3 3 3 3 3 3 3 3 3 3 3 3 3 3 3 3 3 3 3 3 3 3 3 3 3 3 3 3 3 3 3 3 3 3 3 3 3 3 3 3 3 3 3 3 3 3 3 3 3 3 3 3 3 3 3 3 3 3 3 3 3 3 3 3 3 3 3 3 3 3 3 3 3 3 3 3 3 3 3 3 3 3 3 3 3 3 3 3 3 3 3 3 3 3 3 3 3 3 3 3 3 3 3 3 3 3 3 3 3 3 3 3 3 3 3 3 3 3 3 3 3 3 3 3 3 3 3 3 3 3 3 3 3 3 3 3 3 3 3 3 3 3 3 3 3 3 3 3 3 3 3 3 3 3 3 3 3 3 3 3 3 3 3 3 3 3 3 3 3 3 3 3 3 3 3 3 3 3 3 3 3 3 3 3 3 3 3 3 3 3 3 3 3 3 3 3 3 3 3 3 3 3 3 3 3 3 3 3 3 3 3 3 3 3 3 3 3 3 3 3 3 3 3 3 3 3 3 3 3 3 3 3 3 3 3 3 3 3 3 3 3 3 3 3 3 3 3 3 3 3 3 3 3 3 3 3 3 3 3 3 3 3 3 3 3 3 3 3 3 3 3 3 3 3 3 3 3 3 3 3 3 3 3 3 3 3 3 3 3 3 3 3 3 3 3 3 3 3 3 3 3 3 3 3 3 3 3 3 3 3 3 3 3 3 3 3 3 3 3 3 3 3 3 3 3 3 3 3 3 3 3 3 3 3 3 3 3 3 3 3 3 3 3 3 3 3 3 3 3 3 3 3 3 3 3 3 3 3 3 3 3 3 3 3 3 3 3 3 3 3 3 3 3 3 3 3 3 3 3 3 3 3 3 3 3 3 3 3 3 3 3 3 3 3 3 3 3 3 3 3 3 3 3 3 3 3 3 3 3 3 3 3 3 3 3 3 3 3 3 3 3 3 3 3 3 3 3 3 3 3 3 3 3 3 3 3 3 3 3 3 3 3 3 3 3 3 3 3 3 3 3 3 3 3 3 3 3 3 3 3 3 3 3 3 3 3 3 3 3 3 3 3 3 3 3 3 3 3 3 3 3 3 3 3 3 3 3 3 3 3 3 3 3 3 3 3 3 3 3 3 3 3 3 3 3 3 3 3 3 3 3 3 3 3 3 3 3 3 3 3 3 3 3 3 3 3 3 3 3 3 3 3 3 3 3 3 3 3 3 3 3 3 3 3 3 3 3 3 3 3 3 3 3 3 3 3 3 3 3 3 3 3 3 3 3 3 3 3 3 3 3 3 3 3 3 3 3 3 3 3 3 3 3 3 3 3 3 3 3 3 3 3 3 3 3 3 3 3 3 3 3 3 3 3 3 3 3 3 3 3 3 3 3 3 3 3 3 3 3 3 3 3 3 3 3 3 3 3 3 3 3 3 3 3 3 3 3 3 3 3 3 3 3 3 3 3 3 3 3 3 3 3 3 3 3 3 3 3 3 3 3 3 3 3 3 3 3 3 3 3 3 3 3 3 3 3 3 3 3 3 3 3 3 3 3 3 3 3 3 3 3 3 3 3 3 3 3 3 3 3 3 3 3 3 3 3 3 3 3 3 3 3 3 3 3 3 3 3 3 3 3 3 3 3 3 3 3 3 3 3 3 3 3 3 3 3 3 3 3 3 3 3 3 3 3 3 3 3 3 3 3 3 3 3 3 3 3 3 3 3 3 3 3 3 3 3 3 3 3 3 3 3 3 3 3 3 3 3 3 3 3 3 3 3 3 3 3 3 3 3 3 3 3 3 3 3 3 3 3 3 3 3 3 3 3 3 3 3 3 3 3 3 3 3 3 3 3 3 3 3 3 3 3 3 3 3 3 3 3 3 3 3 3 3 3 3 3 3 3 3 3 3 3 3 3 3 3 3 3 3 3 3 3 3 3 3 3 3 3 3 3 3 3 3 3 3 3 3 3 3 3 3 3 3 3 3 3 3 3 3 3 3 3 3 3 3 3 3 3 3 3 3 3 3 3 3 3 3 3 3 3 3 3 3 3 3 3 3 3 3 3 3 3 3 3 3 3 3 3 3 3 3 3 3 3 3 3 3 3 3 3 3 3 3 3 3 3 3 3 3 3 3 3 3 3 3 3 3 3 3 3 3 3 3 3 3 3 3 3 3 3 3 3 3 3 3 3 3 3 3 3 3 3 3 3 3 3 3 3 3 3 3 3 3 3 3 3 3 3 3 3 3 3 3 3 3 3 3 3 3 3 3 3 3 3 3 3 3 3 3 3 3 3 3 3 3 3 3 3 3 3 3 3 3 3 3 3 3 3 3 3 3 3 3 3 3 3 3 3 3 3 3 3 3 3 3 3 3 3 3 3 3 3 3 3 3 3 3 3 3 3 3 3 3 3 3 3 3 3 3 3 3 3 3 3 3 3 3 3 3 3 3 3 3 3 3 3 3 3 3 3 3 3 3 3 3 3 3 3 3 3 3 3 3 3 3 3 3 3 3 3 3 3 3 3 3 3 3 3 3 3 3 3 3 3 3 3 3 3 3 3 3 3 3 3 3 3 3 3 3 3 3 3 3 3 3 3 3 3 3 3 3 3 3 3 3 3 3 3 3 3 3 3 3 3 3 3 3 3 3 3 3 3 3 3 3 3 3 3 3 3 3 3 3 3 3 3 3 3 3 3 3 3 3 3 3 3 3 3 3 3 3 3 3 3 3 3 3 3 3 3 3 3 3 3 3 3 3 3 3 3 3 3 3 3 3 3 3 3 3 3 3 3 3 3 3 3 3 3 3 3 3 3 3 3 3 3 3 3 3 3 3 3 3 3 3 3 3 3 3 3 3 3 3 3 3 3 3 3 3 3 3 3 3 3 3 3 3 3 3 3 3 3 3 3 3 3 3 3 3 3 3 3 3 3 3 3 3 3 3 3 3 3 3 3 3 3 3 3 3 3 3 3 3 3 3 3 3 3 3 3 3 3 3 3 3 3 3 3 3 3 3 3 3 3 3 3 3 3 3 3 3 3 3 3 3 3 3 3 3 3 3 3 3 3 3 3 3 3 3 3 3 3 3 3 3 3 3 3 3 3 3 3 3 3 3 3 3 3 3 3 3 3 3 3 3 3 3 3 3 3 3 3 3 3 3 3 3 3 3 3 3 3 3 3 3 3 3 3 3 3 3 3 3 3 3 3 3 3 3 3 3 3 3 3 3 3 3 3 3 3 3 3 3 3 3 3 3 3 3 3 3 3 3 3 3 3 3 3 3 3 3 3 3 3 3 3 3 3 3 3 3 3 3 3 3 3 3 3 3 3 3 3 3 3 3 3 3 3 3 3 3 3 3 3 3 3 3 3 3 3 3 3 3 3 3 3 3 3 3 3 3 3 3 3 3 3 3 3 3 3 3 3 3 3 3 3 3 3 3 3 3 3 3 3 3 3 3 3 3 3 3 3 3 3 3 3 3 3 3 3 3 3 3 3 3 3 3 3 3 3 3 3 3 3 3 3 3 3 3 3 3 3 3 3 3 3 3 3 3 3 3 3 3 3 3 3 3 3 3 3 3 3 3 3 3 3 3 3 3 3 3 3 3 3 3 3 3 3 3 3 3 3 3 3 3 3 3 3 3 3 3 3 3 3 3 3 3 3 3 3 3 3 3 3 3 3 3 3 3 3 3 3 3 3 3 3 3 3 3 3 3 3 3 3 3 3 3 3 3 3 3 3 3 3 3 3 3 3 3 3 3 3 3 3 3 3 3 3 3 3 3 3 3 3 3 3 3 3 3 3 3 3 3 3 3 3 3 3 3 3 3 3 3 3 3 3 3 3 3 3 3 3 3 3 3 3 3 3 3 3 3 3 3 3 3 3 3 3 3 3 3 3 3 3 3 3 3 3 3 3 3 3 3 3 3 3 3 3 3 3 3 3 3 3 3 3 3 3 3 3 3 3 3 3 3 3 3 3 3 3 3 3 3 3 3 3 3 3 3 3 3 3 3 3 3 3 3 3 3 3 3 3 3 3 3 3 3 3 3 3 3 3 3 3 3 3 3 3 3 3 3 3 3 3 3 3 3 3 3 3 3 3 3 3 3 3 3 3 3 3 3 3 3 3 3 3 3 3 3 3 3 3 3 3 3 3 3 3 3 3 3 3 3 3 3 3 3 3 3 3 3 3 3 3 3 3 3 3 3 3 3 3 3 3 3 3 3 3 3 3 3 3 3 3 3 3 3 3 3 3 3 3 3 3 3 3 3 3 3 3 3 3 3 3 3 3 3 3 3 3 3 3 3 3 3 3 3 3 3 3 3 3 3 3 3 3 3 3 3 3 3 3 3 3 3 3 3 3 3 3 3 3 3 3 3 3 3 3 3 3 3 3 3 3 3 3 3 3 3 3 3 3 3 3 3 3 3 3 3 3 3 3 3 3 3 3 3 3 3 3 3 3 3 3 3 3 3 3 3 3 3 3 3 3 3 3 3 3 3 3 3 3 3 3 3 3 3 3 3 3 3 3 3 3 3 3 3 3 3 3 3 3 3 3 3 3 3 3 3 3 3 3 3 3 3 3 3 3 3 3 3 3 3 3 3 3 3 3 3 3 3 3 3 3 3 3 3 3 3 3 3 3 3 3 3 3 3 3 3 3 3 3 3 3 3 3 3 3 3 3 3 3 3 3 3 3 3 3 3 3 3 3 3 3 3 3 3 3 3 3 3 3 3 3 3 3 3 3 3 3 3 3 3 3 3 3 3 3 3 3 3 3 3 3 3 3 3 3 3 3 3 3 3 3 3 3 3 3 3 3 3 3 3 3 3 3 3 3 3 3 3 3 3 3 3 3 3 3 3 3 3 3 3 3 3 3 3 3 3 3 3 3 3 3 3 3 3 3 3 3 3 3 3 3 3 3 3 3 3 3 3 3 3 3 3 3 3 3 3 3 3 3 3 3 3 3 3 3 3 3 3 3 3 3 3 3 3 3 3 3 3 3 3 3 3 3 3 3 3 3 3 3 3 3 3 3 3 3 3 3 3 3</vcount>
          <p>2 2 0 0 0 0 1 1 0 2 2 0 4 4 0 3 3 0 0 0 0 2 2 0 3 3 0 4 4 0 6 6 0 5 5 0 3 3 0 4 4 0 5 5 0 6 6 0 8 8 0 7 7 0 5 5 0 6 6 0 7 7 0 8 8 0 10 10 0 9 9 0 7 7 0 8 8 0 9 9 0 9 9 0 10 10 0 11 11 0 14 14 0 12 12 0 13 13 0 14 14 0 16 16 0 15 15 0 12 12 0 14 14 0 15 15 0 16 16 0 18 18 0 17 17 0 15 15 0 16 16 0 17 17 0 18 18 0 20 20 0 19 19 0 17 17 0 18 18 0 19 19 0 1 1 0 19 19 0 20 20 0 1 1 0 20 20 0 2 2 0 2 2 0 20 20 0 21 21 0 4 4 0 2 2 0 22 22 0 22 22 0 2 2 0 21 21 0 6 6 0 4 4 0 23 23 0 23 23 0 4 4 0 22 22 0 8 8 0 6 6 0 24 24 0 24 24 0 6 6 0 23 23 0 10 10 0 8 8 0 25 25 0 25 25 0 8 8 0 24 24 0 26 26 0 11 11 0 10 10 0 26 26 0 10 10 0 27 27 0 27 27 0 10 10 0 25 25 0 26 26 0 27 27 0 28 28 0 31 31 0 29 29 0 30 30 0 13 13 0 29 29 0 31 31 0 13 13 0 31 31 0 14 14 0 14 14 0 31 31 0 32 32 0 16 16 0 14 14 0 33 33 0 33 33 0 14 14 0 32 32 0 18 18 0 16 16 0 34 34 0 34 34 0 16 16 0 33 33 0 20 20 0 18 18 0 35 35 0 35 35 0 18 18 0 34 34 0 21 21 0 20 20 0 36 36 0 36 36 0 20 20 0 35 35 0 22 22 0 21 21 0 37 37 0 37 37 0 21 21 0 36 36 0 23 23 0 22 22 0 38 38 0 38 38 0 22 22 0 37 37 0 24 24 0 23 23 0 39 39 0 39 39 0 23 23 0 38 38 0 25 25 0 24 24 0 40 40 0 40 40 0 24 24 0 39 39 0 27 27 0 25 25 0 41 41 0 41 41 0 25 25 0 40 40 0 42 42 0 28 28 0 27 27 0 42 42 0 27 27 0 43 43 0 43 43 0 27 27 0 41 41 0 42 42 0 43 43 0 44 44 0 47 47 0 45 45 0 46 46 0 30 30 0 45 45 0 47 47 0 30 30 0 47 47 0 31 31 0 31 31 0 47 47 0 48 48 0 32 32 0 31 31 0 49 49 0 49 49 0 31 31 0 48 48 0 33 33 0 32 32 0 50 50 0 50 50 0 32 32 0 49 49 0 34 34 0 33 33 0 51 51 0 51 51 0 33 33 0 50 50 0 35 35 0 34 34 0 52 52 0 52 52 0 34 34 0 51 51 0 36 36 0 35 35 0 53 53 0 53 53 0 35 35 0 52 52 0 37 37 0 36 36 0 54 54 0 54 54 0 36 36 0 53 53 0 38 38 0 37 37 0 55 55 0 55 55 0 37 37 0 54 54 0 39 39 0 38 38 0 56 56 0 56 56 0 38 38 0 55 55 0 40 40 0 39 39 0 57 57 0 57 57 0 39 39 0 56 56 0 41 41 0 40 40 0 58 58 0 58 58 0 40 40 0 57 57 0 43 43 0 41 41 0 59 59 0 59 59 0 41 41 0 58 58 0 60 60 0 44 44 0 43 43 0 60 60 0 43 43 0 61 61 0 61 61 0 43 43 0 59 59 0 60 60 0 61 61 0 62 62 0 65 65 0 63 63 0 64 64 0 46 46 0 63 63 0 65 65 0 46 46 0 65 65 0 47 47 0 47 47 0 65 65 0 66 66 0 48 48 0 47 47 0 67 67 0 67 67 0 47 47 0 66 66 0 49 49 0 48 48 0 68 68 0 68 68 0 48 48 0 67 67 0 50 50 0 49 49 0 69 69 0 69 69 0 49 49 0 68 68 0 51 51 0 50 50 0 70 70 0 70 70 0 50 50 0 69 69 0 52 52 0 51 51 0 71 71 0 71 71 0 51 51 0 70 70 0 73 73 0 72 72 0 53 53 0 73 73 0 53 53 0 71 71 0 71 71 0 53 53 0 52 52 0 54 54 0 53 53 0 72 72 0 74 74 0 54 54 0 72 72 0 55 55 0 54 54 0 74 74 0 75 75 0 55 55 0 74 74 0 56 56 0 55 55 0 75 75 0 76 76 0 56 56 0 75 75 0 57 57 0 56 56 0 76 76 0 77 77 0 57 57 0 76 76 0 58 58 0 57 57 0 77 77 0 78 78 0 58 58 0 77 77 0 59 59 0 58 58 0 78 78 0 79 79 0 59 59 0 78 78 0 61 61 0 59 59 0 79 79 0 80 80 0 61 61 0 79 79 0 62 62 0 61 61 0 80 80 0 83 83 0 81 81 0 82 82 0 64 64 0 81 81 0 83 83 0 64 64 0 83 83 0 65 65 0 65 65 0 83 83 0 84 84 0 66 66 0 65 65 0 85 85 0 85 85 0 65 65 0 84 84 0 67 67 0 66 66 0 86 86 0 86 86 0 66 66 0 85 85 0 68 68 0 67 67 0 87 87 0 87 87 0 67 67 0 86 86 0 69 69 0 68 68 0 88 88 0 88 88 0 68 68 0 87 87 0 70 70 0 69 69 0 89 89 0 89 89 0 69 69 0 88 88 0 91 91 0 90 90 0 71 71 0 91 91 0 71 71 0 89 89 0 89 89 0 71 71 0 70 70 0 73 73 0 71 71 0 90 90 0 93 93 0 83 83 0 82 82 0 92 92 0 93 93 0 82 82 0 84 84 0 83 83 0 94 94 0 94 94 0 83 83 0 93 93 0 85 85 0 84 84 0 95 95 0 95 95 0 84 84 0 94 94 0 86 86 0 85 85 0 96 96 0 96 96 0 85 85 0 95 95 0 87 87 0 86 86 0 97 97 0 97 97 0 86 86 0 96 96 0 99 99 0 98 98 0 88 88 0 99 99 0 88 88 0 97 97 0 97 97 0 88 88 0 87 87 0 89 89 0 88 88 0 98 98 0 100 100 0 89 89 0 98 98 0 91 91 0 89 89 0 100 100 0 103 103 0 101 101 0 102 102 0 92 92 0 101 101 0 103 103 0 92 92 0 103 103 0 93 93 0 93 93 0 103 103 0 104 104 0 94 94 0 93 93 0 105 105 0 105 105 0 93 93 0 104 104 0 95 95 0 94 94 0 106 106 0 106 106 0 94 94 0 105 105 0 96 96 0 95 95 0 107 107 0 107 107 0 95 95 0 106 106 0 97 97 0 96 96 0 108 108 0 108 108 0 96 96 0 107 107 0 109 109 0 99 99 0 97 97 0 108 108 0 109 109 0 97 97 0 111 111 0 103 103 0 102 102 0 110 110 0 111 111 0 102 102 0 104 104 0 103 103 0 112 112 0 112 112 0 103 103 0 111 111 0 105 105 0 104 104 0 113 113 0 113 113 0 104 104 0 112 112 0 106 106 0 105 105 0 114 114 0 114 114 0 105 105 0 113 113 0 107 107 0 106 106 0 115 115 0 115 115 0 106 106 0 114 114 0 117 117 0 116 116 0 108 108 0 117 117 0 108 108 0 115 115 0 115 115 0 108 108 0 107 107 0 109 109 0 108 108 0 116 116 0 120 120 0 118 118 0 119 119 0 118 118 0 120 120 0 121 121 0 123 123 0 111 111 0 110 110 0 122 122 0 123 123 0 110 110 0 112 112 0 111 111 0 124 124 0 124 124 0 111 111 0 123 123 0 113 113 0 112 112 0 125 125 0 125 125 0 112 112 0 124 124 0 114 114 0 113 113 0 126 126 0 126 126 0 113 113 0 125 125 0 115 115 0 114 114 0 127 127 0 127 127 0 114 114 0 126 126 0 128 128 0 117 117 0 115 115 0 127 127 0 128 128 0 115 115 0 131 131 0 129 129 0 130 130 0 119 119 0 129 129 0 131 131 0 119 119 0 131 131 0 120 120 0 120 120 0 131 131 0 132 132 0 133 133 0 121 121 0 120 120 0 133 133 0 120 120 0 134 134 0 134 134 0 120 120 0 132 132 0 133 133 0 134 134 0 135 135 0 137 137 0 123 123 0 122 122 0 136 136 0 137 137 0 122 122 0 124 124 0 123 123 0 138 138 0 138 138 0 123 123 0 137 137 0 125 125 0 124 124 0 139 139 0 139 139 0 124 124 0 138 138 0 126 126 0 125 125 0 140 140 0 140 140 0 125 125 0 139 139 0 142 142 0 141 141 0 127 127 0 142 142 0 127 127 0 140 140 0 140 140 0 127 127 0 126 126 0 128 128 0 127 127 0 141 141 0 144 144 0 131 131 0 130 130 0 143 143 0 144 144 0 130 130 0 132 132 0 131 131 0 145 145 0 145 145 0 131 131 0 144 144 0 134 134 0 132 132 0 146 146 0 146 146 0 132 132 0 145 145 0 147 147 0 135 135 0 134 134 0 146 146 0 147 147 0 134 134 0 149 149 0 137 137 0 136 136 0 148 148 0 149 149 0 136 136 0 138 138 0 137 137 0 150 150 0 150 150 0 137 137 0 149 149 0 139 139 0 138 138 0 151 151 0 151 151 0 138 138 0 150 150 0 140 140 0 139 139 0 152 152 0 152 152 0 139 139 0 151 151 0 153 153 0 142 142 0 140 140 0 152 152 0 153 153 0 140 140 0 155 155 0 144 144 0 143 143 0 154 154 0 155 155 0 143 143 0 145 145 0 144 144 0 156 156 0 156 156 0 144 144 0 155 155 0 146 146 0 145 145 0 157 157 0 157 157 0 145 145 0 156 156 0 158 158 0 147 147 0 146 146 0 157 157 0 158 158 0 146 146 0 160 160 0 149 149 0 148 148 0 159 159 0 160 160 0 148 148 0 150 150 0 149 149 0 161 161 0 161 161 0 149 149 0 160 160 0 151 151 0 150 150 0 162 162 0 162 162 0 150 150 0 161 161 0 152 152 0 151 151 0 163 163 0 163 163 0 151 151 0 162 162 0 164 164 0 153 153 0 152 152 0 163 163 0 164 164 0 152 152 0 166 166 0 155 155 0 154 154 0 165 165 0 166 166 0 154 154 0 156 156 0 155 155 0 167 167 0 167 167 0 155 155 0 166 166 0 157 157 0 156 156 0 168 168 0 168 168 0 156 156 0 167 167 0 169 169 0 158 158 0 157 157 0 168 168 0 169 169 0 157 157 0 171 171 0 160 160 0 159 159 0 170 170 0 171 171 0 159 159 0 161 161 0 160 160 0 172 172 0 172 172 0 160 160 0 171 171 0 162 162 0 161 161 0 173 173 0 173 173 0 161 161 0 172 172 0 163 163 0 162 162 0 174 174 0 174 174 0 162 162 0 173 173 0 175 175 0 164 164 0 163 163 0 174 174 0 175 175 0 163 163 0 177 177 0 166 166 0 165 165 0 176 176 0 177 177 0 165 165 0 167 167 0 166 166 0 178 178 0 178 178 0 166 166 0 177 177 0 168 168 0 167 167 0 179 179 0 179 179 0 167 167 0 178 178 0 180 180 0 169 169 0 168 168 0 179 179 0 180 180 0 168 168 0 182 182 0 171 171 0 170 170 0 181 181 0 182 182 0 170 170 0 172 172 0 171 171 0 183 183 0 183 183 0 171 171 0 182 182 0 173 173 0 172 172 0 184 184 0 184 184 0 172 172 0 183 183 0 174 174 0 173 173 0 185 185 0 185 185 0 173 173 0 184 184 0 186 186 0 175 175 0 174 174 0 185 185 0 186 186 0 174 174 0 177 177 0 176 176 0 187 187 0 178 178 0 177 177 0 187 187 0 188 188 0 178 178 0 187 187 0 179 179 0 178 178 0 188 188 0 189 189 0 179 179 0 188 188 0 180 180 0 179 179 0 189 189 0 182 182 0 181 181 0 190 190 0 183 183 0 182 182 0 190 190 0 191 191 0 183 183 0 190 190 0 184 184 0 183 183 0 191 191 0 192 192 0 184 184 0 191 191 0 185 185 0 184 184 0 192 192 0 193 193 0 185 185 0 192 192 0 186 186 0 185 185 0 193 193 0 196 196 0 194 194 0 195 195 0 196 196 0 198 198 0 197 197 0 194 194 0 196 196 0 197 197 0 198 198 0 200 200 0 199 199 0 197 197 0 198 198 0 199 199 0 200 200 0 202 202 0 201 201 0 199 199 0 200 200 0 201 201 0 201 201 0 202 202 0 203 203 0 196 196 0 195 195 0 204 204 0 204 204 0 205 205 0 206 206 0 204 204 0 206 206 0 196 196 0 196 196 0 206 206 0 198 198 0 200 200 0 198 198 0 207 207 0 207 207 0 198 198 0 206 206 0 209 209 0 208 208 0 202 202 0 209 209 0 202 202 0 207 207 0 207 207 0 202 202 0 200 200 0 203 203 0 202 202 0 208 208 0 206 206 0 205 205 0 210 210 0 207 207 0 206 206 0 210 210 0 211 211 0 207 207 0 210 210 0 209 209 0 207 207 0 211 211 0 214 214 0 212 212 0 213 213 0 214 214 0 216 216 0 215 215 0 212 212 0 214 214 0 215 215 0 216 216 0 218 218 0 217 217 0 215 215 0 216 216 0 217 217 0 218 218 0 220 220 0 219 219 0 217 217 0 218 218 0 219 219 0 220 220 0 222 222 0 221 221 0 219 219 0 220 220 0 221 221 0 221 221 0 222 222 0 223 223 0 226 226 0 224 224 0 225 225 0 226 226 0 228 228 0 227 227 0 224 224 0 226 226 0 227 227 0 228 228 0 230 230 0 229 229 0 227 227 0 228 228 0 229 229 0 230 230 0 232 232 0 231 231 0 229 229 0 230 230 0 231 231 0 213 213 0 231 231 0 232 232 0 214 214 0 213 213 0 232 232 0 214 214 0 232 232 0 1 1 0 214 214 0 1 1 0 0 0 0 3 3 0 214 214 0 0 0 0 216 216 0 214 214 0 3 3 0 5 5 0 216 216 0 3 3 0 218 218 0 216 216 0 5 5 0 7 7 0 218 218 0 5 5 0 220 220 0 218 218 0 7 7 0 9 9 0 220 220 0 7 7 0 222 222 0 220 220 0 9 9 0 11 11 0 234 234 0 233 233 0 9 9 0 11 11 0 233 233 0 9 9 0 233 233 0 223 223 0 9 9 0 223 223 0 222 222 0 234 234 0 236 236 0 235 235 0 233 233 0 234 234 0 235 235 0 236 236 0 238 238 0 237 237 0 235 235 0 236 236 0 237 237 0 237 237 0 238 238 0 239 239 0 242 242 0 240 240 0 241 241 0 225 225 0 240 240 0 242 242 0 226 226 0 225 225 0 242 242 0 226 226 0 242 242 0 13 13 0 226 226 0 13 13 0 12 12 0 15 15 0 226 226 0 12 12 0 228 228 0 226 226 0 15 15 0 17 17 0 228 228 0 15 15 0 230 230 0 228 228 0 17 17 0 19 19 0 230 230 0 17 17 0 232 232 0 230 230 0 19 19 0 1 1 0 232 232 0 19 19 0 11 11 0 26 26 0 234 234 0 28 28 0 234 234 0 26 26 0 28 28 0 243 243 0 234 234 0 243 243 0 236 236 0 234 234 0 238 238 0 236 236 0 244 244 0 244 244 0 236 236 0 243 243 0 245 245 0 239 239 0 238 238 0 245 245 0 238 238 0 246 246 0 246 246 0 238 238 0 244 244 0 246 246 0 248 248 0 247 247 0 245 245 0 246 246 0 247 247 0 247 247 0 248 248 0 249 249 0 252 252 0 250 250 0 251 251 0 241 241 0 250 250 0 252 252 0 242 242 0 241 241 0 252 252 0 242 242 0 252 252 0 30 30 0 242 242 0 30 30 0 29 29 0 13 13 0 242 242 0 29 29 0 28 28 0 42 42 0 243 243 0 44 44 0 243 243 0 42 42 0 44 44 0 253 253 0 243 243 0 253 253 0 244 244 0 243 243 0 246 246 0 244 244 0 254 254 0 254 254 0 244 244 0 253 253 0 248 248 0 246 246 0 255 255 0 255 255 0 246 246 0 254 254 0 256 256 0 249 249 0 248 248 0 255 255 0 256 256 0 248 248 0 259 259 0 257 257 0 258 258 0 251 251 0 257 257 0 259 259 0 252 252 0 251 251 0 259 259 0 252 252 0 259 259 0 46 46 0 252 252 0 46 46 0 45 45 0 30 30 0 252 252 0 45 45 0 44 44 0 60 60 0 253 253 0 62 62 0 253 253 0 60 60 0 62 62 0 260 260 0 253 253 0 260 260 0 254 254 0 253 253 0 255 255 0 254 254 0 261 261 0 261 261 0 254 254 0 260 260 0 262 262 0 256 256 0 255 255 0 262 262 0 255 255 0 263 263 0 263 263 0 255 255 0 261 261 0 262 262 0 263 263 0 264 264 0 267 267 0 265 265 0 266 266 0 258 258 0 265 265 0 267 267 0 259 259 0 258 258 0 267 267 0 259 259 0 267 267 0 64 64 0 259 259 0 64 64 0 63 63 0 46 46 0 259 259 0 63 63 0 72 72 0 73 73 0 268 268 0 72 72 0 269 269 0 74 74 0 268 268 0 269 269 0 72 72 0 74 74 0 270 270 0 75 75 0 269 269 0 270 270 0 74 74 0 75 75 0 271 271 0 76 76 0 270 270 0 271 271 0 75 75 0 76 76 0 272 272 0 77 77 0 271 271 0 272 272 0 76 76 0 77 77 0 273 273 0 78 78 0 272 272 0 273 273 0 77 77 0 78 78 0 274 274 0 79 79 0 273 273 0 274 274 0 78 78 0 79 79 0 275 275 0 80 80 0 274 274 0 275 275 0 79 79 0 80 80 0 260 260 0 62 62 0 80 80 0 275 275 0 260 260 0 275 275 0 276 276 0 260 260 0 261 261 0 260 260 0 277 277 0 277 277 0 260 260 0 276 276 0 263 263 0 261 261 0 278 278 0 278 278 0 261 261 0 277 277 0 279 279 0 264 264 0 263 263 0 278 278 0 279 279 0 263 263 0 282 282 0 280 280 0 281 281 0 266 266 0 280 280 0 282 282 0 267 267 0 266 266 0 282 282 0 267 267 0 282 282 0 82 82 0 267 267 0 82 82 0 81 81 0 64 64 0 267 267 0 81 81 0 90 90 0 91 91 0 283 283 0 90 90 0 268 268 0 73 73 0 90 90 0 283 283 0 268 268 0 283 283 0 284 284 0 268 268 0 269 269 0 268 268 0 285 285 0 285 285 0 268 268 0 284 284 0 270 270 0 269 269 0 286 286 0 286 286 0 269 269 0 285 285 0 271 271 0 270 270 0 287 287 0 287 287 0 270 270 0 286 286 0 272 272 0 271 271 0 288 288 0 288 288 0 271 271 0 287 287 0 273 273 0 272 272 0 289 289 0 289 289 0 272 272 0 288 288 0 274 274 0 273 273 0 290 290 0 290 290 0 273 273 0 289 289 0 275 275 0 274 274 0 291 291 0 291 291 0 274 274 0 290 290 0 276 276 0 275 275 0 292 292 0 292 292 0 275 275 0 291 291 0 277 277 0 276 276 0 293 293 0 293 293 0 276 276 0 292 292 0 278 278 0 277 277 0 294 294 0 294 294 0 277 277 0 293 293 0 295 295 0 279 279 0 278 278 0 295 295 0 278 278 0 296 296 0 296 296 0 278 278 0 294 294 0 295 295 0 296 296 0 297 297 0 299 299 0 282 282 0 281 281 0 298 298 0 299 299 0 281 281 0 82 82 0 299 299 0 92 92 0 282 282 0 299 299 0 82 82 0 98 98 0 99 99 0 300 300 0 98 98 0 301 301 0 100 100 0 300 300 0 301 301 0 98 98 0 100 100 0 283 283 0 91 91 0 100 100 0 301 301 0 283 283 0 301 301 0 302 302 0 283 283 0 284 284 0 283 283 0 303 303 0 303 303 0 283 283 0 302 302 0 285 285 0 284 284 0 304 304 0 304 304 0 284 284 0 303 303 0 286 286 0 285 285 0 305 305 0 305 305 0 285 285 0 304 304 0 287 287 0 286 286 0 306 306 0 306 306 0 286 286 0 305 305 0 288 288 0 287 287 0 307 307 0 307 307 0 287 287 0 306 306 0 289 289 0 288 288 0 308 308 0 308 308 0 288 288 0 307 307 0 290 290 0 289 289 0 309 309 0 309 309 0 289 289 0 308 308 0 291 291 0 290 290 0 310 310 0 310 310 0 290 290 0 309 309 0 292 292 0 291 291 0 311 311 0 311 311 0 291 291 0 310 310 0 293 293 0 292 292 0 312 312 0 312 312 0 292 292 0 311 311 0 294 294 0 293 293 0 313 313 0 313 313 0 293 293 0 312 312 0 296 296 0 294 294 0 314 314 0 314 314 0 294 294 0 313 313 0 315 315 0 297 297 0 296 296 0 315 315 0 296 296 0 316 316 0 316 316 0 296 296 0 314 314 0 315 315 0 316 316 0 317 317 0 101 101 0 299 299 0 298 298 0 101 101 0 298 298 0 102 102 0 102 102 0 298 298 0 318 318 0 92 92 0 299 299 0 101 101 0 300 300 0 109 109 0 319 319 0 99 99 0 109 109 0 300 300 0 301 301 0 300 300 0 320 320 0 320 320 0 300 300 0 319 319 0 302 302 0 301 301 0 321 321 0 321 321 0 301 301 0 320 320 0 303 303 0 302 302 0 322 322 0 322 322 0 302 302 0 321 321 0 304 304 0 303 303 0 323 323 0 323 323 0 303 303 0 322 322 0 305 305 0 304 304 0 324 324 0 324 324 0 304 304 0 323 323 0 306 306 0 305 305 0 325 325 0 325 325 0 305 305 0 324 324 0 307 307 0 306 306 0 326 326 0 326 326 0 306 306 0 325 325 0 308 308 0 307 307 0 327 327 0 327 327 0 307 307 0 326 326 0 309 309 0 308 308 0 328 328 0 328 328 0 308 308 0 327 327 0 310 310 0 309 309 0 329 329 0 329 329 0 309 309 0 328 328 0 311 311 0 310 310 0 330 330 0 330 330 0 310 310 0 329 329 0 312 312 0 311 311 0 331 331 0 331 331 0 311 311 0 330 330 0 313 313 0 312 312 0 332 332 0 332 332 0 312 312 0 331 331 0 314 314 0 313 313 0 333 333 0 333 333 0 313 313 0 332 332 0 316 316 0 314 314 0 334 334 0 334 334 0 314 314 0 333 333 0 335 335 0 317 317 0 316 316 0 335 335 0 316 316 0 336 336 0 336 336 0 316 316 0 334 334 0 335 335 0 336 336 0 337 337 0 340 340 0 338 338 0 339 339 0 340 340 0 318 318 0 338 338 0 340 340 0 110 110 0 318 318 0 110 110 0 102 102 0 318 318 0 116 116 0 117 117 0 341 341 0 116 116 0 319 319 0 109 109 0 116 116 0 341 341 0 319 319 0 341 341 0 342 342 0 319 319 0 320 320 0 319 319 0 343 343 0 343 343 0 319 319 0 342 342 0 321 321 0 320 320 0 344 344 0 344 344 0 320 320 0 343 343 0 322 322 0 321 321 0 345 345 0 345 345 0 321 321 0 344 344 0 323 323 0 322 322 0 346 346 0 346 346 0 322 322 0 345 345 0 324 324 0 323 323 0 347 347 0 347 347 0 323 323 0 346 346 0 325 325 0 324 324 0 348 348 0 348 348 0 324 324 0 347 347 0 326 326 0 325 325 0 349 349 0 349 349 0 325 325 0 348 348 0 327 327 0 326 326 0 350 350 0 350 350 0 326 326 0 349 349 0 328 328 0 327 327 0 351 351 0 351 351 0 327 327 0 350 350 0 329 329 0 328 328 0 352 352 0 352 352 0 328 328 0 351 351 0 330 330 0 329 329 0 353 353 0 353 353 0 329 329 0 352 352 0 331 331 0 330 330 0 354 354 0 354 354 0 330 330 0 353 353 0 332 332 0 331 331 0 355 355 0 355 355 0 331 331 0 354 354 0 333 333 0 332 332 0 356 356 0 356 356 0 332 332 0 355 355 0 118 118 0 356 356 0 119 119 0 118 118 0 334 334 0 356 356 0 334 334 0 333 333 0 356 356 0 121 121 0 334 334 0 118 118 0 121 121 0 357 357 0 334 334 0 357 357 0 336 336 0 334 334 0 358 358 0 337 337 0 336 336 0 357 357 0 358 358 0 336 336 0 360 360 0 340 340 0 339 339 0 359 359 0 360 360 0 339 339 0 110 110 0 360 360 0 122 122 0 340 340 0 360 360 0 110 110 0 341 341 0 128 128 0 361 361 0 117 117 0 128 128 0 341 341 0 342 342 0 341 341 0 362 362 0 362 362 0 341 341 0 361 361 0 343 343 0 342 342 0 363 363 0 363 363 0 342 342 0 362 362 0 344 344 0 343 343 0 364 364 0 364 364 0 343 343 0 363 363 0 345 345 0 344 344 0 365 365 0 365 365 0 344 344 0 364 364 0 346 346 0 345 345 0 366 366 0 366 366 0 345 345 0 365 365 0 347 347 0 346 346 0 367 367 0 367 367 0 346 346 0 366 366 0 348 348 0 347 347 0 368 368 0 368 368 0 347 347 0 367 367 0 349 349 0 348 348 0 369 369 0 369 369 0 348 348 0 368 368 0 350 350 0 349 349 0 370 370 0 370 370 0 349 349 0 369 369 0 351 351 0 350 350 0 371 371 0 371 371 0 350 350 0 370 370 0 352 352 0 351 351 0 372 372 0 372 372 0 351 351 0 371 371 0 353 353 0 352 352 0 373 373 0 373 373 0 352 352 0 372 372 0 354 354 0 353 353 0 374 374 0 374 374 0 353 353 0 373 373 0 355 355 0 354 354 0 375 375 0 375 375 0 354 354 0 374 374 0 129 129 0 375 375 0 130 130 0 129 129 0 356 356 0 375 375 0 356 356 0 355 355 0 375 375 0 119 119 0 356 356 0 129 129 0 121 121 0 133 133 0 357 357 0 135 135 0 377 377 0 376 376 0 133 133 0 135 135 0 376 376 0 133 133 0 376 376 0 358 358 0 133 133 0 358 358 0 357 357 0 376 376 0 377 377 0 378 378 0 380 380 0 360 360 0 359 359 0 379 379 0 380 380 0 359 359 0 122 122 0 380 380 0 136 136 0 360 360 0 380 380 0 122 122 0 141 141 0 142 142 0 381 381 0 141 141 0 361 361 0 128 128 0 141 141 0 381 381 0 361 361 0 381 381 0 382 382 0 361 361 0 362 362 0 361 361 0 383 383 0 383 383 0 361 361 0 382 382 0 363 363 0 362 362 0 384 384 0 384 384 0 362 362 0 383 383 0 364 364 0 363 363 0 385 385 0 385 385 0 363 363 0 384 384 0 365 365 0 364 364 0 386 386 0 386 386 0 364 364 0 385 385 0 366 366 0 365 365 0 387 387 0 387 387 0 365 365 0 386 386 0 367 367 0 366 366 0 388 388 0 388 388 0 366 366 0 387 387 0 368 368 0 367 367 0 389 389 0 389 389 0 367 367 0 388 388 0 369 369 0 368 368 0 390 390 0 390 390 0 368 368 0 389 389 0 370 370 0 369 369 0 391 391 0 391 391 0 369 369 0 390 390 0 371 371 0 370 370 0 392 392 0 392 392 0 370 370 0 391 391 0 372 372 0 371 371 0 393 393 0 393 393 0 371 371 0 392 392 0 373 373 0 372 372 0 394 394 0 394 394 0 372 372 0 393 393 0 374 374 0 373 373 0 395 395 0 395 395 0 373 373 0 394 394 0 375 375 0 374 374 0 396 396 0 396 396 0 374 374 0 395 395 0 130 130 0 396 396 0 143 143 0 375 375 0 396 396 0 130 130 0 377 377 0 147 147 0 397 397 0 135 135 0 147 147 0 377 377 0 398 398 0 378 378 0 377 377 0 397 397 0 398 398 0 377 377 0 400 400 0 380 380 0 379 379 0 399 399 0 400 400 0 379 379 0 136 136 0 400 400 0 148 148 0 380 380 0 400 400 0 136 136 0 381 381 0 153 153 0 401 401 0 142 142 0 153 153 0 381 381 0 382 382 0 381 381 0 402 402 0 402 402 0 381 381 0 401 401 0 383 383 0 382 382 0 403 403 0 403 403 0 382 382 0 402 402 0 384 384 0 383 383 0 404 404 0 404 404 0 383 383 0 403 403 0 385 385 0 384 384 0 405 405 0 405 405 0 384 384 0 404 404 0 386 386 0 385 385 0 406 406 0 406 406 0 385 385 0 405 405 0 387 387 0 386 386 0 407 407 0 407 407 0 386 386 0 406 406 0 388 388 0 387 387 0 408 408 0 408 408 0 387 387 0 407 407 0 389 389 0 388 388 0 409 409 0 409 409 0 388 388 0 408 408 0 390 390 0 389 389 0 410 410 0 410 410 0 389 389 0 409 409 0 391 391 0 390 390 0 411 411 0 411 411 0 390 390 0 410 410 0 392 392 0 391 391 0 412 412 0 412 412 0 391 391 0 411 411 0 393 393 0 392 392 0 413 413 0 413 413 0 392 392 0 412 412 0 394 394 0 393 393 0 414 414 0 414 414 0 393 393 0 413 413 0 395 395 0 394 394 0 415 415 0 415 415 0 394 394 0 414 414 0 396 396 0 395 395 0 416 416 0 416 416 0 395 395 0 415 415 0 143 143 0 416 416 0 154 154 0 396 396 0 416 416 0 143 143 0 397 397 0 158 158 0 417 417 0 147 147 0 158 158 0 397 397 0 418 418 0 398 398 0 397 397 0 417 417 0 418 418 0 397 397 0 420 420 0 400 400 0 399 399 0 419 419 0 420 420 0 399 399 0 148 148 0 420 420 0 159 159 0 400 400 0 420 420 0 148 148 0 401 401 0 164 164 0 421 421 0 153 153 0 164 164 0 401 401 0 402 402 0 401 401 0 422 422 0 422 422 0 401 401 0 421 421 0 403 403 0 402 402 0 423 423 0 423 423 0 402 402 0 422 422 0 404 404 0 403 403 0 424 424 0 424 424 0 403 403 0 423 423 0 405 405 0 404 404 0 425 425 0 425 425 0 404 404 0 424 424 0 406 406 0 405 405 0 426 426 0 426 426 0 405 405 0 425 425 0 407 407 0 406 406 0 427 427 0 427 427 0 406 406 0 426 426 0 408 408 0 407 407 0 428 428 0 428 428 0 407 407 0 427 427 0 409 409 0 408 408 0 429 429 0 429 429 0 408 408 0 428 428 0 410 410 0 409 409 0 430 430 0 430 430 0 409 409 0 429 429 0 411 411 0 410 410 0 431 431 0 431 431 0 410 410 0 430 430 0 412 412 0 411 411 0 432 432 0 432 432 0 411 411 0 431 431 0 413 413 0 412 412 0 433 433 0 433 433 0 412 412 0 432 432 0 414 414 0 413 413 0 434 434 0 434 434 0 413 413 0 433 433 0 415 415 0 414 414 0 435 435 0 435 435 0 414 414 0 434 434 0 416 416 0 415 415 0 436 436 0 436 436 0 415 415 0 435 435 0 154 154 0 436 436 0 165 165 0 416 416 0 436 436 0 154 154 0 417 417 0 169 169 0 437 437 0 158 158 0 169 169 0 417 417 0 438 438 0 418 418 0 417 417 0 437 437 0 438 438 0 417 417 0 440 440 0 420 420 0 419 419 0 439 439 0 440 440 0 419 419 0 159 159 0 440 440 0 170 170 0 420 420 0 440 440 0 159 159 0 421 421 0 175 175 0 441 441 0 164 164 0 175 175 0 421 421 0 422 422 0 421 421 0 442 442 0 442 442 0 421 421 0 441 441 0 423 423 0 422 422 0 443 443 0 443 443 0 422 422 0 442 442 0 424 424 0 423 423 0 444 444 0 444 444 0 423 423 0 443 443 0 425 425 0 424 424 0 445 445 0 445 445 0 424 424 0 444 444 0 426 426 0 425 425 0 446 446 0 446 446 0 425 425 0 445 445 0 427 427 0 426 426 0 447 447 0 447 447 0 426 426 0 446 446 0 428 428 0 427 427 0 448 448 0 448 448 0 427 427 0 447 447 0 429 429 0 428 428 0 449 449 0 449 449 0 428 428 0 448 448 0 430 430 0 429 429 0 450 450 0 450 450 0 429 429 0 449 449 0 431 431 0 430 430 0 451 451 0 451 451 0 430 430 0 450 450 0 432 432 0 431 431 0 452 452 0 452 452 0 431 431 0 451 451 0 433 433 0 432 432 0 453 453 0 453 453 0 432 432 0 452 452 0 434 434 0 433 433 0 454 454 0 454 454 0 433 433 0 453 453 0 435 435 0 434 434 0 455 455 0 455 455 0 434 434 0 454 454 0 436 436 0 435 435 0 456 456 0 456 456 0 435 435 0 455 455 0 165 165 0 456 456 0 176 176 0 436 436 0 456 456 0 165 165 0 437 437 0 458 458 0 457 457 0 437 437 0 169 169 0 458 458 0 169 169 0 180 180 0 458 458 0 438 438 0 437 437 0 457 457 0 460 460 0 440 440 0 439 439 0 459 459 0 460 460 0 439 439 0 170 170 0 460 460 0 181 181 0 440 440 0 460 460 0 170 170 0 441 441 0 186 186 0 461 461 0 175 175 0 186 186 0 441 441 0 442 442 0 441 441 0 462 462 0 462 462 0 441 441 0 461 461 0 443 443 0 442 442 0 463 463 0 463 463 0 442 442 0 462 462 0 444 444 0 443 443 0 464 464 0 464 464 0 443 443 0 463 463 0 445 445 0 444 444 0 465 465 0 465 465 0 444 444 0 464 464 0 446 446 0 445 445 0 466 466 0 466 466 0 445 445 0 465 465 0 447 447 0 446 446 0 467 467 0 467 467 0 446 446 0 466 466 0 448 448 0 447 447 0 468 468 0 468 468 0 447 447 0 467 467 0 449 449 0 448 448 0 469 469 0 469 469 0 448 448 0 468 468 0 450 450 0 449 449 0 470 470 0 470 470 0 449 449 0 469 469 0 451 451 0 450 450 0 471 471 0 471 471 0 450 450 0 470 470 0 452 452 0 451 451 0 472 472 0 472 472 0 451 451 0 471 471 0 453 453 0 452 452 0 473 473 0 473 473 0 452 452 0 472 472 0 454 454 0 453 453 0 474 474 0 474 474 0 453 453 0 473 473 0 455 455 0 454 454 0 475 475 0 475 475 0 454 454 0 474 474 0 456 456 0 455 455 0 476 476 0 476 476 0 455 455 0 475 475 0 176 176 0 477 477 0 187 187 0 176 176 0 456 456 0 477 477 0 456 456 0 476 476 0 477 477 0 187 187 0 478 478 0 188 188 0 477 477 0 478 478 0 187 187 0 188 188 0 479 479 0 189 189 0 478 478 0 479 479 0 188 188 0 189 189 0 479 479 0 480 480 0 189 189 0 480 480 0 180 180 0 180 180 0 480 480 0 458 458 0 460 460 0 459 459 0 481 481 0 483 483 0 481 481 0 482 482 0 190 190 0 481 481 0 483 483 0 190 190 0 460 460 0 481 481 0 190 190 0 181 181 0 460 460 0 190 190 0 484 484 0 191 191 0 483 483 0 484 484 0 190 190 0 191 191 0 485 485 0 192 192 0 484 484 0 485 485 0 191 191 0 192 192 0 486 486 0 193 193 0 485 485 0 486 486 0 192 192 0 193 193 0 461 461 0 186 186 0 193 193 0 486 486 0 461 461 0 486 486 0 487 487 0 461 461 0 462 462 0 461 461 0 488 488 0 488 488 0 461 461 0 487 487 0 463 463 0 462 462 0 489 489 0 489 489 0 462 462 0 488 488 0 464 464 0 463 463 0 490 490 0 490 490 0 463 463 0 489 489 0 465 465 0 464 464 0 491 491 0 491 491 0 464 464 0 490 490 0 466 466 0 465 465 0 492 492 0 492 492 0 465 465 0 491 491 0 467 467 0 466 466 0 493 493 0 493 493 0 466 466 0 492 492 0 468 468 0 467 467 0 494 494 0 494 494 0 467 467 0 493 493 0 469 469 0 468 468 0 495 495 0 495 495 0 468 468 0 494 494 0 470 470 0 469 469 0 496 496 0 496 496 0 469 469 0 495 495 0 471 471 0 470 470 0 497 497 0 497 497 0 470 470 0 496 496 0 472 472 0 471 471 0 498 498 0 498 498 0 471 471 0 497 497 0 473 473 0 472 472 0 499 499 0 499 499 0 472 472 0 498 498 0 474 474 0 473 473 0 500 500 0 500 500 0 473 473 0 499 499 0 475 475 0 474 474 0 501 501 0 501 501 0 474 474 0 500 500 0 476 476 0 475 475 0 502 502 0 502 502 0 475 475 0 501 501 0 477 477 0 476 476 0 503 503 0 503 503 0 476 476 0 502 502 0 478 478 0 477 477 0 504 504 0 504 504 0 477 477 0 503 503 0 506 506 0 505 505 0 479 479 0 506 506 0 479 479 0 504 504 0 504 504 0 479 479 0 478 478 0 480 480 0 479 479 0 505 505 0 483 483 0 482 482 0 507 507 0 507 507 0 508 508 0 509 509 0 507 507 0 509 509 0 483 483 0 483 483 0 509 509 0 484 484 0 485 485 0 484 484 0 510 510 0 510 510 0 484 484 0 509 509 0 486 486 0 485 485 0 511 511 0 511 511 0 485 485 0 510 510 0 487 487 0 486 486 0 512 512 0 512 512 0 486 486 0 511 511 0 488 488 0 487 487 0 513 513 0 513 513 0 487 487 0 512 512 0 489 489 0 488 488 0 514 514 0 514 514 0 488 488 0 513 513 0 490 490 0 489 489 0 515 515 0 515 515 0 489 489 0 514 514 0 491 491 0 490 490 0 516 516 0 516 516 0 490 490 0 515 515 0 492 492 0 491 491 0 517 517 0 517 517 0 491 491 0 516 516 0 493 493 0 492 492 0 518 518 0 518 518 0 492 492 0 517 517 0 494 494 0 493 493 0 519 519 0 519 519 0 493 493 0 518 518 0 495 495 0 494 494 0 520 520 0 520 520 0 494 494 0 519 519 0 496 496 0 495 495 0 521 521 0 521 521 0 495 495 0 520 520 0 497 497 0 496 496 0 522 522 0 522 522 0 496 496 0 521 521 0 498 498 0 497 497 0 523 523 0 523 523 0 497 497 0 522 522 0 499 499 0 498 498 0 524 524 0 524 524 0 498 498 0 523 523 0 500 500 0 499 499 0 525 525 0 525 525 0 499 499 0 524 524 0 501 501 0 500 500 0 526 526 0 526 526 0 500 500 0 525 525 0 502 502 0 501 501 0 527 527 0 527 527 0 501 501 0 526 526 0 503 503 0 502 502 0 528 528 0 528 528 0 502 502 0 527 527 0 530 530 0 529 529 0 504 504 0 530 530 0 504 504 0 528 528 0 528 528 0 504 504 0 503 503 0 506 506 0 504 504 0 529 529 0 532 532 0 509 509 0 508 508 0 531 531 0 532 532 0 508 508 0 510 510 0 509 509 0 533 533 0 533 533 0 509 509 0 532 532 0 511 511 0 510 510 0 534 534 0 534 534 0 510 510 0 533 533 0 512 512 0 511 511 0 535 535 0 535 535 0 511 511 0 534 534 0 513 513 0 512 512 0 536 536 0 536 536 0 512 512 0 535 535 0 514 514 0 513 513 0 537 537 0 537 537 0 513 513 0 536 536 0 515 515 0 514 514 0 538 538 0 538 538 0 514 514 0 537 537 0 516 516 0 515 515 0 539 539 0 539 539 0 515 515 0 538 538 0 517 517 0 516 516 0 540 540 0 540 540 0 516 516 0 539 539 0 518 518 0 517 517 0 541 541 0 541 541 0 517 517 0 540 540 0 519 519 0 518 518 0 542 542 0 542 542 0 518 518 0 541 541 0 520 520 0 519 519 0 543 543 0 543 543 0 519 519 0 542 542 0 521 521 0 520 520 0 544 544 0 544 544 0 520 520 0 543 543 0 522 522 0 521 521 0 545 545 0 545 545 0 521 521 0 544 544 0 523 523 0 522 522 0 546 546 0 546 546 0 522 522 0 545 545 0 524 524 0 523 523 0 547 547 0 547 547 0 523 523 0 546 546 0 525 525 0 524 524 0 548 548 0 548 548 0 524 524 0 547 547 0 526 526 0 525 525 0 549 549 0 549 549 0 525 525 0 548 548 0 527 527 0 526 526 0 550 550 0 550 550 0 526 526 0 549 549 0 552 552 0 551 551 0 528 528 0 552 552 0 528 528 0 550 550 0 550 550 0 528 528 0 527 527 0 530 530 0 528 528 0 551 551 0 532 532 0 531 531 0 553 553 0 553 553 0 554 554 0 555 555 0 553 553 0 555 555 0 532 532 0 532 532 0 555 555 0 533 533 0 534 534 0 533 533 0 556 556 0 556 556 0 533 533 0 555 555 0 535 535 0 534 534 0 557 557 0 557 557 0 534 534 0 556 556 0 536 536 0 535 535 0 558 558 0 558 558 0 535 535 0 557 557 0 537 537 0 536 536 0 559 559 0 559 559 0 536 536 0 558 558 0 538 538 0 537 537 0 560 560 0 560 560 0 537 537 0 559 559 0 539 539 0 538 538 0 561 561 0 561 561 0 538 538 0 560 560 0 540 540 0 539 539 0 562 562 0 562 562 0 539 539 0 561 561 0 541 541 0 540 540 0 563 563 0 563 563 0 540 540 0 562 562 0 542 542 0 541 541 0 564 564 0 564 564 0 541 541 0 563 563 0 543 543 0 542 542 0 565 565 0 565 565 0 542 542 0 564 564 0 544 544 0 543 543 0 566 566 0 566 566 0 543 543 0 565 565 0 545 545 0 544 544 0 567 567 0 567 567 0 544 544 0 566 566 0 546 546 0 545 545 0 568 568 0 568 568 0 545 545 0 567 567 0 547 547 0 546 546 0 569 569 0 569 569 0 546 546 0 568 568 0 548 548 0 547 547 0 570 570 0 570 570 0 547 547 0 569 569 0 549 549 0 548 548 0 571 571 0 571 571 0 548 548 0 570 570 0 550 550 0 549 549 0 572 572 0 572 572 0 549 549 0 571 571 0 573 573 0 552 552 0 550 550 0 572 572 0 573 573 0 550 550 0 555 555 0 554 554 0 574 574 0 574 574 0 575 575 0 576 576 0 574 574 0 576 576 0 555 555 0 555 555 0 576 576 0 556 556 0 557 557 0 556 556 0 577 577 0 577 577 0 556 556 0 576 576 0 558 558 0 557 557 0 578 578 0 578 578 0 557 557 0 577 577 0 559 559 0 558 558 0 579 579 0 579 579 0 558 558 0 578 578 0 560 560 0 559 559 0 580 580 0 580 580 0 559 559 0 579 579 0 561 561 0 560 560 0 581 581 0 581 581 0 560 560 0 580 580 0 562 562 0 561 561 0 582 582 0 582 582 0 561 561 0 581 581 0 563 563 0 562 562 0 583 583 0 583 583 0 562 562 0 582 582 0 564 564 0 563 563 0 584 584 0 584 584 0 563 563 0 583 583 0 565 565 0 564 564 0 585 585 0 585 585 0 564 564 0 584 584 0 566 566 0 565 565 0 586 586 0 586 586 0 565 565 0 585 585 0 567 567 0 566 566 0 587 587 0 587 587 0 566 566 0 586 586 0 568 568 0 567 567 0 588 588 0 588 588 0 567 567 0 587 587 0 569 569 0 568 568 0 589 589 0 589 589 0 568 568 0 588 588 0 570 570 0 569 569 0 590 590 0 590 590 0 569 569 0 589 589 0 571 571 0 570 570 0 591 591 0 591 591 0 570 570 0 590 590 0 593 593 0 592 592 0 572 572 0 593 593 0 572 572 0 591 591 0 591 591 0 572 572 0 571 571 0 573 573 0 572 572 0 592 592 0 576 576 0 575 575 0 594 594 0 577 577 0 576 576 0 594 594 0 595 595 0 577 577 0 594 594 0 595 595 0 596 596 0 597 597 0 595 595 0 597 597 0 577 577 0 577 577 0 597 597 0 578 578 0 579 579 0 578 578 0 598 598 0 598 598 0 578 578 0 597 597 0 580 580 0 579 579 0 599 599 0 599 599 0 579 579 0 598 598 0 581 581 0 580 580 0 600 600 0 600 600 0 580 580 0 599 599 0 582 582 0 581 581 0 601 601 0 601 601 0 581 581 0 600 600 0 583 583 0 582 582 0 602 602 0 602 602 0 582 582 0 601 601 0 584 584 0 583 583 0 603 603 0 603 603 0 583 583 0 602 602 0 585 585 0 584 584 0 604 604 0 604 604 0 584 584 0 603 603 0 586 586 0 585 585 0 605 605 0 605 605 0 585 585 0 604 604 0 587 587 0 586 586 0 606 606 0 606 606 0 586 586 0 605 605 0 588 588 0 587 587 0 607 607 0 607 607 0 587 587 0 606 606 0 589 589 0 588 588 0 608 608 0 608 608 0 588 588 0 607 607 0 590 590 0 589 589 0 609 609 0 609 609 0 589 589 0 608 608 0 591 591 0 590 590 0 610 610 0 610 610 0 590 590 0 609 609 0 611 611 0 593 593 0 591 591 0 610 610 0 611 611 0 591 591 0 597 597 0 596 596 0 612 612 0 598 598 0 597 597 0 612 612 0 613 613 0 598 598 0 612 612 0 613 613 0 614 614 0 615 615 0 613 613 0 615 615 0 598 598 0 598 598 0 615 615 0 599 599 0 600 600 0 599 599 0 616 616 0 616 616 0 599 599 0 615 615 0 601 601 0 600 600 0 617 617 0 617 617 0 600 600 0 616 616 0 194 194 0 617 617 0 195 195 0 194 194 0 602 602 0 617 617 0 602 602 0 601 601 0 617 617 0 197 197 0 602 602 0 194 194 0 603 603 0 602 602 0 197 197 0 199 199 0 603 603 0 197 197 0 604 604 0 603 603 0 199 199 0 201 201 0 604 604 0 199 199 0 605 605 0 604 604 0 201 201 0 203 203 0 605 605 0 201 201 0 203 203 0 618 618 0 605 605 0 618 618 0 606 606 0 605 605 0 607 607 0 606 606 0 619 619 0 619 619 0 606 606 0 618 618 0 608 608 0 607 607 0 620 620 0 620 620 0 607 607 0 619 619 0 622 622 0 621 621 0 609 609 0 622 622 0 609 609 0 620 620 0 620 620 0 609 609 0 608 608 0 610 610 0 609 609 0 621 621 0 623 623 0 610 610 0 621 621 0 611 611 0 610 610 0 623 623 0 615 615 0 614 614 0 624 624 0 616 616 0 615 615 0 624 624 0 625 625 0 616 616 0 624 624 0 625 625 0 626 626 0 627 627 0 625 625 0 627 627 0 616 616 0 616 616 0 627 627 0 617 617 0 195 195 0 628 628 0 204 204 0 195 195 0 617 617 0 628 628 0 617 617 0 627 627 0 628 628 0 204 204 0 628 628 0 205 205 0 208 208 0 209 209 0 629 629 0 208 208 0 618 618 0 203 203 0 208 208 0 629 629 0 618 618 0 629 629 0 630 630 0 618 618 0 632 632 0 631 631 0 619 619 0 632 632 0 619 619 0 630 630 0 630 630 0 619 619 0 618 618 0 620 620 0 619 619 0 631 631 0 633 633 0 620 620 0 631 631 0 622 622 0 620 620 0 633 633 0 627 627 0 626 626 0 634 634 0 628 628 0 627 627 0 634 634 0 635 635 0 628 628 0 634 634 0 637 637 0 635 635 0 636 636 0 210 210 0 635 635 0 637 637 0 210 210 0 628 628 0 635 635 0 210 210 0 205 205 0 628 628 0 210 210 0 638 638 0 211 211 0 637 637 0 638 638 0 210 210 0 211 211 0 638 638 0 640 640 0 209 209 0 211 211 0 640 640 0 209 209 0 640 640 0 639 639 0 209 209 0 639 639 0 629 629 0 630 630 0 629 629 0 639 639 0 641 641 0 630 630 0 639 639 0 632 632 0 630 630 0 641 641 0 637 637 0 636 636 0 642 642 0 638 638 0 637 637 0 642 642 0 643 643 0 638 638 0 642 642 0 640 640 0 638 638 0 643 643 0 646 646 0 644 644 0 645 645 0 646 646 0 648 648 0 647 647 0 644 644 0 646 646 0 647 647 0 648 648 0 213 213 0 212 212 0 648 648 0 212 212 0 647 647 0 647 647 0 212 212 0 649 649 0 215 215 0 650 650 0 212 212 0 212 212 0 650 650 0 649 649 0 217 217 0 651 651 0 215 215 0 215 215 0 651 651 0 650 650 0 219 219 0 652 652 0 217 217 0 217 217 0 652 652 0 651 651 0 221 221 0 653 653 0 219 219 0 219 219 0 653 653 0 652 652 0 223 223 0 655 655 0 654 654 0 223 223 0 654 654 0 221 221 0 221 221 0 654 654 0 653 653 0 655 655 0 657 657 0 656 656 0 654 654 0 655 655 0 656 656 0 656 656 0 657 657 0 658 658 0 661 661 0 659 659 0 660 660 0 661 661 0 225 225 0 224 224 0 661 661 0 224 224 0 659 659 0 659 659 0 224 224 0 662 662 0 227 227 0 663 663 0 224 224 0 224 224 0 663 663 0 662 662 0 645 645 0 229 229 0 646 646 0 645 645 0 663 663 0 229 229 0 663 663 0 227 227 0 229 229 0 231 231 0 646 646 0 229 229 0 648 648 0 646 646 0 231 231 0 213 213 0 648 648 0 231 231 0 223 223 0 233 233 0 655 655 0 235 235 0 655 655 0 233 233 0 657 657 0 655 655 0 235 235 0 657 657 0 664 664 0 658 658 0 657 657 0 235 235 0 664 664 0 235 235 0 237 237 0 664 664 0 239 239 0 666 666 0 665 665 0 239 239 0 665 665 0 237 237 0 237 237 0 665 665 0 664 664 0 665 665 0 666 666 0 667 667 0 670 670 0 668 668 0 669 669 0 660 660 0 668 668 0 670 670 0 661 661 0 660 660 0 670 670 0 661 661 0 670 670 0 241 241 0 661 661 0 241 241 0 240 240 0 225 225 0 661 661 0 240 240 0 239 239 0 245 245 0 666 666 0 666 666 0 671 671 0 667 667 0 666 666 0 245 245 0 671 671 0 245 245 0 247 247 0 671 671 0 671 671 0 247 247 0 249 249 0 672 672 0 671 671 0 249 249 0 675 675 0 673 673 0 674 674 0 669 669 0 673 673 0 675 675 0 670 670 0 669 669 0 675 675 0 670 670 0 675 675 0 251 251 0 670 670 0 251 251 0 250 250 0 241 241 0 670 670 0 250 250 0 676 676 0 256 256 0 677 677 0 676 676 0 672 672 0 256 256 0 672 672 0 249 249 0 256 256 0 676 676 0 677 677 0 678 678 0 681 681 0 679 679 0 680 680 0 674 674 0 679 679 0 681 681 0 675 675 0 674 674 0 681 681 0 675 675 0 681 681 0 258 258 0 675 675 0 258 258 0 257 257 0 251 251 0 675 675 0 257 257 0 256 256 0 262 262 0 677 677 0 264 264 0 683 683 0 682 682 0 262 262 0 264 264 0 682 682 0 262 262 0 682 682 0 678 678 0 262 262 0 678 678 0 677 677 0 682 682 0 683 683 0 684 684 0 687 687 0 685 685 0 686 686 0 680 680 0 685 685 0 687 687 0 681 681 0 680 680 0 687 687 0 681 681 0 687 687 0 266 266 0 681 681 0 266 266 0 265 265 0 258 258 0 681 681 0 265 265 0 683 683 0 279 279 0 688 688 0 264 264 0 279 279 0 683 683 0 689 689 0 684 684 0 683 683 0 688 688 0 689 689 0 683 683 0 280 280 0 687 687 0 686 686 0 280 280 0 686 686 0 281 281 0 281 281 0 686 686 0 690 690 0 266 266 0 687 687 0 280 280 0 279 279 0 295 295 0 688 688 0 297 297 0 692 692 0 691 691 0 295 295 0 297 297 0 691 691 0 295 295 0 691 691 0 689 689 0 295 295 0 689 689 0 688 688 0 691 691 0 692 692 0 693 693 0 696 696 0 694 694 0 695 695 0 696 696 0 690 690 0 694 694 0 696 696 0 298 298 0 690 690 0 298 298 0 281 281 0 690 690 0 297 297 0 315 315 0 692 692 0 317 317 0 698 698 0 697 697 0 315 315 0 317 317 0 697 697 0 315 315 0 697 697 0 693 693 0 315 315 0 693 693 0 692 692 0 697 697 0 698 698 0 699 699 0 701 701 0 696 696 0 695 695 0 700 700 0 701 701 0 695 695 0 298 298 0 701 701 0 318 318 0 696 696 0 701 701 0 298 298 0 317 317 0 335 335 0 698 698 0 698 698 0 335 335 0 337 337 0 698 698 0 337 337 0 699 699 0 699 699 0 337 337 0 702 702 0 338 338 0 701 701 0 700 700 0 338 338 0 700 700 0 339 339 0 339 339 0 700 700 0 703 703 0 318 318 0 701 701 0 338 338 0 704 704 0 358 358 0 705 705 0 704 704 0 702 702 0 358 358 0 702 702 0 337 337 0 358 358 0 704 704 0 705 705 0 706 706 0 339 339 0 703 703 0 359 359 0 703 703 0 707 707 0 359 359 0 358 358 0 376 376 0 705 705 0 705 705 0 376 376 0 378 378 0 705 705 0 378 378 0 706 706 0 706 706 0 378 378 0 708 708 0 359 359 0 707 707 0 379 379 0 707 707 0 709 709 0 379 379 0 378 378 0 398 398 0 708 708 0 708 708 0 398 398 0 710 710 0 379 379 0 709 709 0 399 399 0 709 709 0 711 711 0 399 399 0 398 398 0 418 418 0 710 710 0 710 710 0 418 418 0 712 712 0 399 399 0 711 711 0 419 419 0 711 711 0 713 713 0 419 419 0 418 418 0 438 438 0 712 712 0 712 712 0 438 438 0 714 714 0 419 419 0 713 713 0 439 439 0 713 713 0 715 715 0 439 439 0 457 457 0 458 458 0 716 716 0 457 457 0 716 716 0 717 717 0 457 457 0 717 717 0 438 438 0 438 438 0 717 717 0 714 714 0 439 439 0 715 715 0 459 459 0 715 715 0 718 718 0 459 459 0 716 716 0 720 720 0 719 719 0 716 716 0 458 458 0 720 720 0 458 458 0 480 480 0 720 720 0 717 717 0 716 716 0 719 719 0 722 722 0 481 481 0 459 459 0 722 722 0 459 459 0 721 721 0 721 721 0 459 459 0 718 718 0 481 481 0 722 722 0 482 482 0 505 505 0 506 506 0 723 723 0 505 505 0 723 723 0 724 724 0 505 505 0 724 724 0 480 480 0 480 480 0 724 724 0 720 720 0 722 722 0 721 721 0 725 725 0 727 727 0 725 725 0 726 726 0 507 507 0 725 725 0 727 727 0 507 507 0 722 722 0 725 725 0 507 507 0 482 482 0 722 722 0 507 507 0 727 727 0 508 508 0 529 529 0 530 530 0 728 728 0 529 529 0 728 728 0 730 730 0 506 506 0 529 529 0 730 730 0 506 506 0 730 730 0 729 729 0 506 506 0 729 729 0 723 723 0 724 724 0 723 723 0 729 729 0 732 732 0 727 727 0 726 726 0 731 731 0 732 732 0 726 726 0 508 508 0 732 732 0 531 531 0 727 727 0 732 732 0 508 508 0 551 551 0 552 552 0 733 733 0 551 551 0 733 733 0 735 735 0 530 530 0 551 551 0 735 735 0 530 530 0 735 735 0 734 734 0 530 530 0 734 734 0 728 728 0 730 730 0 728 728 0 734 734 0 732 732 0 731 731 0 736 736 0 738 738 0 736 736 0 737 737 0 553 553 0 736 736 0 738 738 0 553 553 0 732 732 0 736 736 0 553 553 0 531 531 0 732 732 0 553 553 0 738 738 0 554 554 0 733 733 0 573 573 0 739 739 0 552 552 0 573 573 0 733 733 0 740 740 0 735 735 0 733 733 0 739 739 0 740 740 0 733 733 0 738 738 0 737 737 0 741 741 0 743 743 0 741 741 0 742 742 0 574 574 0 741 741 0 743 743 0 574 574 0 738 738 0 741 741 0 574 574 0 554 554 0 738 738 0 574 574 0 743 743 0 575 575 0 592 592 0 593 593 0 744 744 0 592 592 0 744 744 0 746 746 0 573 573 0 592 592 0 746 746 0 573 573 0 746 746 0 745 745 0 573 573 0 745 745 0 739 739 0 740 740 0 739 739 0 745 745 0 743 743 0 742 742 0 747 747 0 749 749 0 747 747 0 748 748 0 594 594 0 747 747 0 749 749 0 594 594 0 743 743 0 747 747 0 594 594 0 575 575 0 743 743 0 594 594 0 750 750 0 595 595 0 749 749 0 750 750 0 594 594 0 595 595 0 750 750 0 596 596 0 744 744 0 752 752 0 751 751 0 744 744 0 593 593 0 752 752 0 593 593 0 611 611 0 752 752 0 746 746 0 744 744 0 751 751 0 749 749 0 748 748 0 753 753 0 750 750 0 749 749 0 753 753 0 754 754 0 750 750 0 753 753 0 756 756 0 754 754 0 755 755 0 612 612 0 754 754 0 756 756 0 612 612 0 750 750 0 754 754 0 612 612 0 596 596 0 750 750 0 612 612 0 757 757 0 613 613 0 756 756 0 757 757 0 612 612 0 613 613 0 757 757 0 614 614 0 621 621 0 622 622 0 758 758 0 760 760 0 621 621 0 758 758 0 760 760 0 759 759 0 621 621 0 759 759 0 623 623 0 621 621 0 752 752 0 611 611 0 623 623 0 759 759 0 752 752 0 623 623 0 756 756 0 755 755 0 761 761 0 757 757 0 756 756 0 761 761 0 762 762 0 757 757 0 761 761 0 764 764 0 762 762 0 763 763 0 624 624 0 762 762 0 764 764 0 624 624 0 757 757 0 762 762 0 624 624 0 614 614 0 757 757 0 624 624 0 765 765 0 625 625 0 764 764 0 765 765 0 624 624 0 625 625 0 765 765 0 626 626 0 631 631 0 632 632 0 766 766 0 768 768 0 631 631 0 766 766 0 768 768 0 767 767 0 631 631 0 767 767 0 633 633 0 631 631 0 758 758 0 622 622 0 633 633 0 758 758 0 633 633 0 769 769 0 769 769 0 633 633 0 767 767 0 760 760 0 758 758 0 769 769 0 764 764 0 763 763 0 770 770 0 765 765 0 764 764 0 770 770 0 771 771 0 765 765 0 770 770 0 773 773 0 771 771 0 772 772 0 634 634 0 771 771 0 773 773 0 634 634 0 765 765 0 771 771 0 634 634 0 626 626 0 765 765 0 634 634 0 774 774 0 635 635 0 773 773 0 774 774 0 634 634 0 635 635 0 774 774 0 636 636 0 639 639 0 640 640 0 775 775 0 777 777 0 639 639 0 775 775 0 777 777 0 776 776 0 639 639 0 776 776 0 641 641 0 639 639 0 766 766 0 632 632 0 641 641 0 766 766 0 641 641 0 778 778 0 778 778 0 641 641 0 776 776 0 768 768 0 766 766 0 778 778 0 773 773 0 772 772 0 779 779 0 774 774 0 773 773 0 779 779 0 780 780 0 774 774 0 779 779 0 636 636 0 774 774 0 780 780 0 636 636 0 780 780 0 642 642 0 642 642 0 780 780 0 781 781 0 643 643 0 642 642 0 782 782 0 642 642 0 781 781 0 782 782 0 775 775 0 640 640 0 643 643 0 775 775 0 643 643 0 783 783 0 783 783 0 643 643 0 782 782 0 777 777 0 775 775 0 783 783 0 786 786 0 784 784 0 785 785 0 786 786 0 788 788 0 787 787 0 784 784 0 786 786 0 787 787 0 787 787 0 788 788 0 789 789 0 792 792 0 790 790 0 791 791 0 792 792 0 645 645 0 644 644 0 792 792 0 644 644 0 790 790 0 790 790 0 644 644 0 793 793 0 647 647 0 794 794 0 644 644 0 644 644 0 794 794 0 793 793 0 649 649 0 795 795 0 647 647 0 647 647 0 795 795 0 794 794 0 785 785 0 650 650 0 786 786 0 785 785 0 795 795 0 650 650 0 795 795 0 649 649 0 650 650 0 651 651 0 786 786 0 650 650 0 788 788 0 786 786 0 651 651 0 788 788 0 796 796 0 789 789 0 788 788 0 651 651 0 796 796 0 651 651 0 652 652 0 796 796 0 653 653 0 797 797 0 652 652 0 652 652 0 797 797 0 796 796 0 654 654 0 798 798 0 653 653 0 653 653 0 798 798 0 797 797 0 656 656 0 799 799 0 654 654 0 654 654 0 799 799 0 798 798 0 658 658 0 801 801 0 800 800 0 658 658 0 800 800 0 656 656 0 656 656 0 800 800 0 799 799 0 800 800 0 801 801 0 802 802 0 805 805 0 803 803 0 804 804 0 805 805 0 660 660 0 659 659 0 805 805 0 659 659 0 803 803 0 803 803 0 659 659 0 806 806 0 662 662 0 807 807 0 659 659 0 659 659 0 807 807 0 806 806 0 791 791 0 663 663 0 792 792 0 791 791 0 807 807 0 663 663 0 807 807 0 662 662 0 663 663 0 645 645 0 792 792 0 663 663 0 658 658 0 664 664 0 801 801 0 801 801 0 808 808 0 802 802 0 801 801 0 664 664 0 808 808 0 664 664 0 665 665 0 808 808 0 667 667 0 810 810 0 809 809 0 667 667 0 809 809 0 665 665 0 665 665 0 809 809 0 808 808 0 809 809 0 810 810 0 811 811 0 814 814 0 812 812 0 813 813 0 804 804 0 812 812 0 814 814 0 805 805 0 804 804 0 814 814 0 805 805 0 814 814 0 669 669 0 805 805 0 669 669 0 668 668 0 660 660 0 805 805 0 668 668 0 667 667 0 671 671 0 810 810 0 672 672 0 816 816 0 815 815 0 671 671 0 672 672 0 815 815 0 671 671 0 815 815 0 811 811 0 671 671 0 811 811 0 810 810 0 815 815 0 816 816 0 817 817 0 820 820 0 818 818 0 819 819 0 813 813 0 818 818 0 820 820 0 814 814 0 813 813 0 820 820 0 814 814 0 820 820 0 674 674 0 814 814 0 674 674 0 673 673 0 669 669 0 814 814 0 673 673 0 672 672 0 676 676 0 816 816 0 678 678 0 822 822 0 821 821 0 676 676 0 678 678 0 821 821 0 676 676 0 821 821 0 817 817 0 676 676 0 817 817 0 816 816 0 821 821 0 822 822 0 823 823 0 826 826 0 824 824 0 825 825 0 819 819 0 824 824 0 826 826 0 820 820 0 819 819 0 826 826 0 820 820 0 826 826 0 680 680 0 820 820 0 680 680 0 679 679 0 674 674 0 820 820 0 679 679 0 678 678 0 682 682 0 822 822 0 822 822 0 682 682 0 684 684 0 822 822 0 684 684 0 823 823 0 823 823 0 684 684 0 827 827 0 685 685 0 826 826 0 825 825 0 685 685 0 825 825 0 686 686 0 686 686 0 825 825 0 828 828 0 680 680 0 826 826 0 685 685 0 829 829 0 689 689 0 830 830 0 829 829 0 827 827 0 689 689 0 827 827 0 684 684 0 689 689 0 829 829 0 830 830 0 831 831 0 686 686 0 828 828 0 690 690 0 828 828 0 832 832 0 690 690 0 689 689 0 691 691 0 830 830 0 693 693 0 834 834 0 833 833 0 691 691 0 693 693 0 833 833 0 691 691 0 833 833 0 831 831 0 691 691 0 831 831 0 830 830 0 833 833 0 834 834 0 835 835 0 694 694 0 836 836 0 837 837 0 695 695 0 694 694 0 837 837 0 832 832 0 694 694 0 690 690 0 836 836 0 694 694 0 832 832 0 693 693 0 697 697 0 834 834 0 834 834 0 697 697 0 699 699 0 834 834 0 699 699 0 835 835 0 835 835 0 699 699 0 838 838 0 695 695 0 837 837 0 700 700 0 837 837 0 839 839 0 700 700 0 840 840 0 702 702 0 841 841 0 840 840 0 838 838 0 702 702 0 838 838 0 699 699 0 702 702 0 840 840 0 841 841 0 842 842 0 700 700 0 839 839 0 703 703 0 839 839 0 843 843 0 703 703 0 702 702 0 704 704 0 841 841 0 841 841 0 704 704 0 706 706 0 841 841 0 706 706 0 842 842 0 842 842 0 706 706 0 844 844 0 703 703 0 843 843 0 707 707 0 843 843 0 845 845 0 707 707 0 706 706 0 708 708 0 844 844 0 844 844 0 708 708 0 846 846 0 707 707 0 845 845 0 709 709 0 845 845 0 847 847 0 709 709 0 708 708 0 710 710 0 846 846 0 846 846 0 710 710 0 848 848 0 851 851 0 849 849 0 850 850 0 851 851 0 847 847 0 849 849 0 851 851 0 711 711 0 847 847 0 711 711 0 709 709 0 847 847 0 710 710 0 712 712 0 848 848 0 848 848 0 712 712 0 852 852 0 851 851 0 850 850 0 853 853 0 853 853 0 711 711 0 851 851 0 853 853 0 854 854 0 711 711 0 854 854 0 713 713 0 711 711 0 712 712 0 714 714 0 852 852 0 852 852 0 714 714 0 855 855 0 713 713 0 854 854 0 715 715 0 854 854 0 856 856 0 715 715 0 714 714 0 717 717 0 855 855 0 855 855 0 717 717 0 857 857 0 715 715 0 856 856 0 718 718 0 856 856 0 858 858 0 718 718 0 719 719 0 860 860 0 859 859 0 720 720 0 860 860 0 719 719 0 857 857 0 717 717 0 719 719 0 859 859 0 857 857 0 719 719 0 718 718 0 858 858 0 721 721 0 858 858 0 861 861 0 721 721 0 720 720 0 724 724 0 860 860 0 860 860 0 724 724 0 862 862 0 864 864 0 725 725 0 721 721 0 864 864 0 721 721 0 863 863 0 863 863 0 721 721 0 861 861 0 725 725 0 864 864 0 726 726 0 729 729 0 866 866 0 865 865 0 730 730 0 866 866 0 729 729 0 862 862 0 724 724 0 729 729 0 865 865 0 862 862 0 729 729 0 864 864 0 863 863 0 867 867 0 867 867 0 726 726 0 864 864 0 867 867 0 868 868 0 726 726 0 868 868 0 731 731 0 726 726 0 734 734 0 735 735 0 869 869 0 734 734 0 869 869 0 870 870 0 734 734 0 870 870 0 730 730 0 730 730 0 870 870 0 866 866 0 872 872 0 736 736 0 731 731 0 872 872 0 731 731 0 871 871 0 871 871 0 731 731 0 868 868 0 736 736 0 872 872 0 737 737 0 869 869 0 874 874 0 873 873 0 869 869 0 735 735 0 874 874 0 735 735 0 740 740 0 874 874 0 870 870 0 869 869 0 873 873 0 872 872 0 871 871 0 875 875 0 877 877 0 875 875 0 876 876 0 741 741 0 875 875 0 877 877 0 741 741 0 872 872 0 875 875 0 741 741 0 737 737 0 872 872 0 741 741 0 877 877 0 742 742 0 745 745 0 879 879 0 878 878 0 746 746 0 879 879 0 745 745 0 874 874 0 740 740 0 745 745 0 878 878 0 874 874 0 745 745 0 877 877 0 876 876 0 880 880 0 882 882 0 880 880 0 881 881 0 747 747 0 880 880 0 882 882 0 747 747 0 877 877 0 880 880 0 747 747 0 742 742 0 877 877 0 747 747 0 882 882 0 748 748 0 751 751 0 752 752 0 883 883 0 751 751 0 883 883 0 884 884 0 751 751 0 884 884 0 746 746 0 746 746 0 884 884 0 879 879 0 882 882 0 881 881 0 885 885 0 887 887 0 885 885 0 886 886 0 753 753 0 885 885 0 887 887 0 753 753 0 882 882 0 885 885 0 753 753 0 748 748 0 882 882 0 753 753 0 888 888 0 754 754 0 887 887 0 888 888 0 753 753 0 754 754 0 888 888 0 755 755 0 759 759 0 760 760 0 889 889 0 759 759 0 889 889 0 891 891 0 752 752 0 759 759 0 891 891 0 752 752 0 891 891 0 890 890 0 752 752 0 890 890 0 883 883 0 884 884 0 883 883 0 890 890 0 887 887 0 886 886 0 892 892 0 888 888 0 887 887 0 892 892 0 893 893 0 888 888 0 892 892 0 755 755 0 888 888 0 893 893 0 755 755 0 893 893 0 761 761 0 761 761 0 893 893 0 894 894 0 896 896 0 894 894 0 895 895 0 896 896 0 762 762 0 894 894 0 762 762 0 761 761 0 894 894 0 762 762 0 896 896 0 763 763 0 767 767 0 768 768 0 897 897 0 899 899 0 767 767 0 897 897 0 899 899 0 898 898 0 767 767 0 898 898 0 769 769 0 767 767 0 889 889 0 760 760 0 769 769 0 889 889 0 769 769 0 900 900 0 900 900 0 769 769 0 898 898 0 891 891 0 889 889 0 900 900 0 896 896 0 895 895 0 901 901 0 763 763 0 896 896 0 901 901 0 763 763 0 901 901 0 770 770 0 770 770 0 901 901 0 902 902 0 904 904 0 902 902 0 903 903 0 904 904 0 771 771 0 902 902 0 771 771 0 770 770 0 902 902 0 771 771 0 904 904 0 772 772 0 776 776 0 777 777 0 905 905 0 907 907 0 776 776 0 905 905 0 907 907 0 906 906 0 776 776 0 906 906 0 778 778 0 776 776 0 897 897 0 768 768 0 778 778 0 897 897 0 778 778 0 908 908 0 908 908 0 778 778 0 906 906 0 899 899 0 897 897 0 908 908 0 904 904 0 903 903 0 909 909 0 772 772 0 904 904 0 909 909 0 772 772 0 909 909 0 779 779 0 779 779 0 909 909 0 910 910 0 780 780 0 779 779 0 911 911 0 779 779 0 910 910 0 911 911 0 781 781 0 780 780 0 912 912 0 780 780 0 911 911 0 912 912 0 782 782 0 781 781 0 913 913 0 781 781 0 912 912 0 913 913 0 783 783 0 782 782 0 914 914 0 782 782 0 913 913 0 914 914 0 905 905 0 777 777 0 783 783 0 905 905 0 783 783 0 915 915 0 915 915 0 783 783 0 914 914 0 907 907 0 905 905 0 915 915 0 918 918 0 916 916 0 917 917 0 918 918 0 920 920 0 919 919 0 916 916 0 918 918 0 919 919 0 920 920 0 785 785 0 784 784 0 920 920 0 784 784 0 919 919 0 919 919 0 784 784 0 921 921 0 787 787 0 922 922 0 784 784 0 784 784 0 922 922 0 921 921 0 789 789 0 924 924 0 923 923 0 789 789 0 923 923 0 787 787 0 787 787 0 923 923 0 922 922 0 924 924 0 926 926 0 925 925 0 923 923 0 924 924 0 925 925 0 926 926 0 928 928 0 927 927 0 925 925 0 926 926 0 927 927 0 927 927 0 928 928 0 929 929 0 932 932 0 930 930 0 931 931 0 932 932 0 791 791 0 790 790 0 932 932 0 790 790 0 930 930 0 930 930 0 790 790 0 933 933 0 793 793 0 934 934 0 790 790 0 790 790 0 934 934 0 933 933 0 917 917 0 794 794 0 918 918 0 917 917 0 934 934 0 794 794 0 934 934 0 793 793 0 794 794 0 795 795 0 918 918 0 794 794 0 920 920 0 918 918 0 795 795 0 785 785 0 920 920 0 795 795 0 789 789 0 796 796 0 924 924 0 797 797 0 924 924 0 796 796 0 926 926 0 924 924 0 797 797 0 798 798 0 926 926 0 797 797 0 928 928 0 926 926 0 798 798 0 928 928 0 935 935 0 929 929 0 928 928 0 798 798 0 935 935 0 798 798 0 799 799 0 935 935 0 800 800 0 936 936 0 799 799 0 799 799 0 936 936 0 935 935 0 936 936 0 800 800 0 802 802 0 937 937 0 936 936 0 802 802 0 803 803 0 938 938 0 939 939 0 804 804 0 803 803 0 939 939 0 806 806 0 940 940 0 803 803 0 803 803 0 940 940 0 938 938 0 931 931 0 807 807 0 932 932 0 931 931 0 940 940 0 807 807 0 940 940 0 806 806 0 807 807 0 791 791 0 932 932 0 807 807 0 802 802 0 941 941 0 937 937 0 808 808 0 941 941 0 802 802 0 809 809 0 942 942 0 808 808 0 808 808 0 942 942 0 941 941 0 942 942 0 809 809 0 811 811 0 943 943 0 942 942 0 811 811 0 812 812 0 944 944 0 945 945 0 813 813 0 812 812 0 945 945 0 939 939 0 812 812 0 804 804 0 944 944 0 812 812 0 939 939 0 811 811 0 946 946 0 943 943 0 815 815 0 946 946 0 811 811 0 946 946 0 815 815 0 817 817 0 947 947 0 946 946 0 817 817 0 818 818 0 948 948 0 949 949 0 819 819 0 818 818 0 949 949 0 945 945 0 818 818 0 813 813 0 948 948 0 818 818 0 945 945 0 817 817 0 950 950 0 947 947 0 821 821 0 950 950 0 817 817 0 950 950 0 821 821 0 823 823 0 951 951 0 950 950 0 823 823 0 824 824 0 952 952 0 953 953 0 825 825 0 824 824 0 953 953 0 949 949 0 824 824 0 819 819 0 952 952 0 824 824 0 949 949 0 954 954 0 827 827 0 955 955 0 954 954 0 951 951 0 827 827 0 951 951 0 823 823 0 827 827 0 954 954 0 955 955 0 956 956 0 825 825 0 953 953 0 828 828 0 953 953 0 957 957 0 828 828 0 827 827 0 829 829 0 955 955 0 955 955 0 829 829 0 831 831 0 955 955 0 831 831 0 956 956 0 956 956 0 831 831 0 958 958 0 961 961 0 959 959 0 960 960 0 961 961 0 957 957 0 959 959 0 961 961 0 832 832 0 957 957 0 832 832 0 828 828 0 957 957 0 831 831 0 962 962 0 958 958 0 833 833 0 962 962 0 831 831 0 962 962 0 833 833 0 835 835 0 963 963 0 962 962 0 835 835 0 836 836 0 961 961 0 960 960 0 836 836 0 960 960 0 837 837 0 837 837 0 960 960 0 964 964 0 832 832 0 961 961 0 836 836 0 835 835 0 838 838 0 963 963 0 963 963 0 838 838 0 965 965 0 837 837 0 964 964 0 839 839 0 964 964 0 966 966 0 839 839 0 838 838 0 967 967 0 965 965 0 840 840 0 967 967 0 838 838 0 967 967 0 840 840 0 842 842 0 968 968 0 967 967 0 842 842 0 971 971 0 969 969 0 970 970 0 971 971 0 966 966 0 969 969 0 971 971 0 843 843 0 966 966 0 843 843 0 839 839 0 966 966 0 842 842 0 844 844 0 968 968 0 968 968 0 844 844 0 972 972 0 974 974 0 971 971 0 970 970 0 973 973 0 974 974 0 970 970 0 843 843 0 974 974 0 845 845 0 971 971 0 974 974 0 843 843 0 844 844 0 846 846 0 972 972 0 972 972 0 846 846 0 975 975 0 977 977 0 974 974 0 973 973 0 976 976 0 977 977 0 973 973 0 845 845 0 977 977 0 847 847 0 974 974 0 977 977 0 845 845 0 846 846 0 848 848 0 975 975 0 975 975 0 848 848 0 978 978 0 849 849 0 977 977 0 976 976 0 849 849 0 976 976 0 850 850 0 850 850 0 976 976 0 979 979 0 847 847 0 977 977 0 849 849 0 848 848 0 852 852 0 978 978 0 978 978 0 852 852 0 980 980 0 982 982 0 853 853 0 850 850 0 982 982 0 850 850 0 981 981 0 981 981 0 850 850 0 979 979 0 853 853 0 982 982 0 854 854 0 852 852 0 855 855 0 980 980 0 980 980 0 855 855 0 983 983 0 985 985 0 982 982 0 981 981 0 984 984 0 985 985 0 981 981 0 854 854 0 985 985 0 856 856 0 982 982 0 985 985 0 854 854 0 855 855 0 857 857 0 983 983 0 983 983 0 857 857 0 986 986 0 988 988 0 985 985 0 984 984 0 987 987 0 988 988 0 984 984 0 856 856 0 988 988 0 858 858 0 985 985 0 988 988 0 856 856 0 859 859 0 860 860 0 989 989 0 859 859 0 989 989 0 990 990 0 859 859 0 990 990 0 857 857 0 857 857 0 990 990 0 986 986 0 988 988 0 987 987 0 991 991 0 991 991 0 858 858 0 988 988 0 991 991 0 992 992 0 858 858 0 992 992 0 861 861 0 858 858 0 989 989 0 994 994 0 993 993 0 989 989 0 860 860 0 994 994 0 860 860 0 862 862 0 994 994 0 990 990 0 989 989 0 993 993 0 861 861 0 992 992 0 863 863 0 992 992 0 995 995 0 863 863 0 865 865 0 866 866 0 996 996 0 865 865 0 996 996 0 997 997 0 865 865 0 997 997 0 862 862 0 862 862 0 997 997 0 994 994 0 999 999 0 867 867 0 863 863 0 999 999 0 863 863 0 998 998 0 998 998 0 863 863 0 995 995 0 867 867 0 999 999 0 868 868 0 996 996 0 1001 1001 0 1000 1000 0 996 996 0 866 866 0 1001 1001 0 866 866 0 870 870 0 1001 1001 0 997 997 0 996 996 0 1000 1000 0 999 999 0 998 998 0 1002 1002 0 1002 1002 0 868 868 0 999 999 0 1002 1002 0 1003 1003 0 868 868 0 1003 1003 0 871 871 0 868 868 0 873 873 0 874 874 0 1004 1004 0 873 873 0 1004 1004 0 1005 1005 0 873 873 0 1005 1005 0 870 870 0 870 870 0 1005 1005 0 1001 1001 0 871 871 0 1003 1003 0 1006 1006 0 875 875 0 871 871 0 1006 1006 0 1006 1006 0 876 876 0 875 875 0 1007 1007 0 876 876 0 1006 1006 0 878 878 0 879 879 0 1008 1008 0 878 878 0 1008 1008 0 1010 1010 0 874 874 0 878 878 0 1010 1010 0 874 874 0 1010 1010 0 1009 1009 0 874 874 0 1009 1009 0 1004 1004 0 1005 1005 0 1004 1004 0 1009 1009 0 876 876 0 1007 1007 0 1011 1011 0 880 880 0 876 876 0 1011 1011 0 1011 1011 0 881 881 0 880 880 0 1012 1012 0 881 881 0 1011 1011 0 1008 1008 0 1014 1014 0 1013 1013 0 1008 1008 0 879 879 0 1014 1014 0 879 879 0 884 884 0 1014 1014 0 1010 1010 0 1008 1008 0 1013 1013 0 881 881 0 1012 1012 0 1015 1015 0 885 885 0 881 881 0 1015 1015 0 1015 1015 0 886 886 0 885 885 0 1016 1016 0 886 886 0 1015 1015 0 890 890 0 1018 1018 0 1017 1017 0 891 891 0 1018 1018 0 890 890 0 1014 1014 0 884 884 0 890 890 0 1017 1017 0 1014 1014 0 890 890 0 886 886 0 1016 1016 0 1019 1019 0 892 892 0 886 886 0 1019 1019 0 1021 1021 0 1019 1019 0 1020 1020 0 1021 1021 0 893 893 0 1019 1019 0 893 893 0 892 892 0 1019 1019 0 893 893 0 1022 1022 0 894 894 0 1021 1021 0 1022 1022 0 893 893 0 894 894 0 1022 1022 0 895 895 0 898 898 0 1024 1024 0 1023 1023 0 899 899 0 1024 1024 0 898 898 0 900 900 0 898 898 0 1025 1025 0 898 898 0 1023 1023 0 1025 1025 0 1018 1018 0 891 891 0 900 900 0 1025 1025 0 1018 1018 0 900 900 0 1021 1021 0 1020 1020 0 1026 1026 0 1022 1022 0 1021 1021 0 1026 1026 0 1027 1027 0 1022 1022 0 1026 1026 0 895 895 0 1022 1022 0 1027 1027 0 895 895 0 1027 1027 0 901 901 0 901 901 0 1027 1027 0 1028 1028 0 1030 1030 0 1028 1028 0 1029 1029 0 1030 1030 0 902 902 0 1028 1028 0 902 902 0 901 901 0 1028 1028 0 902 902 0 1030 1030 0 903 903 0 906 906 0 1032 1032 0 1031 1031 0 907 907 0 1032 1032 0 906 906 0 908 908 0 906 906 0 1033 1033 0 906 906 0 1031 1031 0 1033 1033 0 1024 1024 0 899 899 0 908 908 0 1033 1033 0 1024 1024 0 908 908 0 1030 1030 0 1029 1029 0 1034 1034 0 903 903 0 1030 1030 0 1034 1034 0 903 903 0 1034 1034 0 909 909 0 909 909 0 1034 1034 0 1035 1035 0 910 910 0 909 909 0 1036 1036 0 909 909 0 1035 1035 0 1036 1036 0 911 911 0 910 910 0 1037 1037 0 910 910 0 1036 1036 0 1037 1037 0 912 912 0 911 911 0 1038 1038 0 911 911 0 1037 1037 0 1038 1038 0 913 913 0 912 912 0 1039 1039 0 912 912 0 1038 1038 0 1039 1039 0 914 914 0 913 913 0 1040 1040 0 913 913 0 1039 1039 0 1040 1040 0 915 915 0 914 914 0 1041 1041 0 914 914 0 1040 1040 0 1041 1041 0 1032 1032 0 907 907 0 915 915 0 1041 1041 0 1032 1032 0 915 915 0 1044 1044 0 1042 1042 0 1043 1043 0 1044 1044 0 917 917 0 916 916 0 1044 1044 0 916 916 0 1042 1042 0 1042 1042 0 916 916 0 1045 1045 0 919 919 0 1046 1046 0 916 916 0 916 916 0 1046 1046 0 1045 1045 0 921 921 0 1047 1047 0 919 919 0 919 919 0 1047 1047 0 1046 1046 0 922 922 0 1048 1048 0 921 921 0 921 921 0 1048 1048 0 1047 1047 0 923 923 0 1049 1049 0 922 922 0 922 922 0 1049 1049 0 1048 1048 0 925 925 0 1050 1050 0 923 923 0 923 923 0 1050 1050 0 1049 1049 0 927 927 0 1051 1051 0 925 925 0 925 925 0 1051 1051 0 1050 1050 0 929 929 0 1053 1053 0 1052 1052 0 929 929 0 1052 1052 0 927 927 0 927 927 0 1052 1052 0 1051 1051 0 1052 1052 0 1053 1053 0 1054 1054 0 1057 1057 0 1055 1055 0 1056 1056 0 1057 1057 0 931 931 0 930 930 0 1057 1057 0 930 930 0 1055 1055 0 1055 1055 0 930 930 0 1058 1058 0 933 933 0 1059 1059 0 930 930 0 930 930 0 1059 1059 0 1058 1058 0 1043 1043 0 934 934 0 1044 1044 0 1043 1043 0 1059 1059 0 934 934 0 1059 1059 0 933 933 0 934 934 0 917 917 0 1044 1044 0 934 934 0 929 929 0 935 935 0 1053 1053 0 1053 1053 0 1060 1060 0 1054 1054 0 1053 1053 0 935 935 0 1060 1060 0 935 935 0 936 936 0 1060 1060 0 937 937 0 1062 1062 0 1061 1061 0 937 937 0 1061 1061 0 936 936 0 936 936 0 1061 1061 0 1060 1060 0 1061 1061 0 1062 1062 0 1063 1063 0 938 938 0 1064 1064 0 1065 1065 0 939 939 0 938 938 0 1065 1065 0 1056 1056 0 940 940 0 1057 1057 0 1056 1056 0 1064 1064 0 940 940 0 1064 1064 0 938 938 0 940 940 0 931 931 0 1057 1057 0 940 940 0 937 937 0 941 941 0 1062 1062 0 1062 1062 0 1066 1066 0 1063 1063 0 1062 1062 0 941 941 0 1066 1066 0 941 941 0 942 942 0 1066 1066 0 1066 1066 0 942 942 0 943 943 0 1067 1067 0 1066 1066 0 943 943 0 1070 1070 0 1068 1068 0 1069 1069 0 1070 1070 0 945 945 0 944 944 0 1070 1070 0 944 944 0 1068 1068 0 1068 1068 0 944 944 0 1071 1071 0 1065 1065 0 944 944 0 939 939 0 1071 1071 0 944 944 0 1065 1065 0 943 943 0 1072 1072 0 1067 1067 0 946 946 0 1072 1072 0 943 943 0 1072 1072 0 946 946 0 947 947 0 1073 1073 0 1072 1072 0 947 947 0 948 948 0 1070 1070 0 1069 1069 0 948 948 0 1069 1069 0 949 949 0 949 949 0 1069 1069 0 1074 1074 0 945 945 0 1070 1070 0 948 948 0 947 947 0 1075 1075 0 1073 1073 0 950 950 0 1075 1075 0 947 947 0 1075 1075 0 950 950 0 951 951 0 1076 1076 0 1075 1075 0 951 951 0 952 952 0 1077 1077 0 1078 1078 0 953 953 0 952 952 0 1078 1078 0 1074 1074 0 952 952 0 949 949 0 1077 1077 0 952 952 0 1074 1074 0 951 951 0 1079 1079 0 1076 1076 0 954 954 0 1079 1079 0 951 951 0 1079 1079 0 954 954 0 956 956 0 1080 1080 0 1079 1079 0 956 956 0 953 953 0 1078 1078 0 957 957 0 1078 1078 0 1081 1081 0 957 957 0 1082 1082 0 958 958 0 1083 1083 0 1082 1082 0 1080 1080 0 958 958 0 1080 1080 0 956 956 0 958 958 0 1082 1082 0 1083 1083 0 1084 1084 0 959 959 0 1085 1085 0 1086 1086 0 960 960 0 959 959 0 1086 1086 0 1081 1081 0 959 959 0 957 957 0 1085 1085 0 959 959 0 1081 1081 0 958 958 0 962 962 0 1083 1083 0 1083 1083 0 962 962 0 963 963 0 1083 1083 0 963 963 0 1084 1084 0 1084 1084 0 963 963 0 1087 1087 0 960 960 0 1086 1086 0 964 964 0 1086 1086 0 1088 1088 0 964 964 0 1089 1089 0 965 965 0 1090 1090 0 1089 1089 0 1087 1087 0 965 965 0 1087 1087 0 963 963 0 965 965 0 1089 1089 0 1090 1090 0 1091 1091 0 1094 1094 0 1092 1092 0 1093 1093 0 1094 1094 0 1088 1088 0 1092 1092 0 1094 1094 0 966 966 0 1088 1088 0 966 966 0 964 964 0 1088 1088 0 965 965 0 967 967 0 1090 1090 0 1090 1090 0 967 967 0 968 968 0 1090 1090 0 968 968 0 1091 1091 0 1091 1091 0 968 968 0 1095 1095 0 969 969 0 1094 1094 0 1093 1093 0 969 969 0 1093 1093 0 970 970 0 970 970 0 1093 1093 0 1096 1096 0 966 966 0 1094 1094 0 969 969 0 968 968 0 972 972 0 1095 1095 0 1095 1095 0 972 972 0 1097 1097 0 970 970 0 1096 1096 0 973 973 0 1096 1096 0 1098 1098 0 973 973 0 1099 1099 0 975 975 0 1100 1100 0 1099 1099 0 1097 1097 0 975 975 0 1097 1097 0 972 972 0 975 975 0 1099 1099 0 1100 1100 0 1101 1101 0 973 973 0 1098 1098 0 976 976 0 1098 1098 0 1102 1102 0 976 976 0 1100 1100 0 978 978 0 1103 1103 0 975 975 0 978 978 0 1100 1100 0 1104 1104 0 1101 1101 0 1100 1100 0 1103 1103 0 1104 1104 0 1100 1100 0 976 976 0 1102 1102 0 979 979 0 1102 1102 0 1105 1105 0 979 979 0 1103 1103 0 980 980 0 1106 1106 0 978 978 0 980 980 0 1103 1103 0 1107 1107 0 1104 1104 0 1103 1103 0 1106 1106 0 1107 1107 0 1103 1103 0 979 979 0 1105 1105 0 981 981 0 1105 1105 0 1108 1108 0 981 981 0 1106 1106 0 1110 1110 0 1109 1109 0 1106 1106 0 980 980 0 1110 1110 0 980 980 0 983 983 0 1110 1110 0 1107 1107 0 1106 1106 0 1109 1109 0 981 981 0 1108 1108 0 984 984 0 1108 1108 0 1111 1111 0 984 984 0 983 983 0 986 986 0 1110 1110 0 1110 1110 0 986 986 0 1112 1112 0 984 984 0 1111 1111 0 987 987 0 1111 1111 0 1113 1113 0 987 987 0 986 986 0 990 990 0 1112 1112 0 1112 1112 0 990 990 0 1114 1114 0 1116 1116 0 991 991 0 987 987 0 1116 1116 0 987 987 0 1115 1115 0 1115 1115 0 987 987 0 1113 1113 0 991 991 0 1116 1116 0 992 992 0 993 993 0 994 994 0 1117 1117 0 993 993 0 1117 1117 0 1118 1118 0 993 993 0 1118 1118 0 990 990 0 990 990 0 1118 1118 0 1114 1114 0 1116 1116 0 1115 1115 0 1119 1119 0 1119 1119 0 992 992 0 1116 1116 0 1119 1119 0 1120 1120 0 992 992 0 1120 1120 0 995 995 0 992 992 0 1117 1117 0 1122 1122 0 1121 1121 0 1117 1117 0 994 994 0 1122 1122 0 994 994 0 997 997 0 1122 1122 0 1118 1118 0 1117 1117 0 1121 1121 0 995 995 0 1120 1120 0 998 998 0 1120 1120 0 1123 1123 0 998 998 0 1000 1000 0 1001 1001 0 1124 1124 0 1000 1000 0 1124 1124 0 1125 1125 0 1000 1000 0 1125 1125 0 997 997 0 997 997 0 1125 1125 0 1122 1122 0 998 998 0 1123 1123 0 1126 1126 0 1002 1002 0 998 998 0 1126 1126 0 1126 1126 0 1003 1003 0 1002 1002 0 1127 1127 0 1003 1003 0 1126 1126 0 1124 1124 0 1129 1129 0 1128 1128 0 1124 1124 0 1001 1001 0 1129 1129 0 1001 1001 0 1005 1005 0 1129 1129 0 1125 1125 0 1124 1124 0 1128 1128 0 1131 1131 0 1006 1006 0 1003 1003 0 1131 1131 0 1003 1003 0 1130 1130 0 1130 1130 0 1003 1003 0 1127 1127 0 1006 1006 0 1131 1131 0 1007 1007 0 1009 1009 0 1133 1133 0 1132 1132 0 1010 1010 0 1133 1133 0 1009 1009 0 1129 1129 0 1005 1005 0 1009 1009 0 1132 1132 0 1129 1129 0 1009 1009 0 1131 1131 0 1130 1130 0 1134 1134 0 1136 1136 0 1134 1134 0 1135 1135 0 1011 1011 0 1134 1134 0 1136 1136 0 1011 1011 0 1131 1131 0 1134 1134 0 1011 1011 0 1007 1007 0 1131 1131 0 1011 1011 0 1136 1136 0 1012 1012 0 1013 1013 0 1138 1138 0 1137 1137 0 1014 1014 0 1138 1138 0 1013 1013 0 1133 1133 0 1010 1010 0 1013 1013 0 1137 1137 0 1133 1133 0 1013 1013 0 1136 1136 0 1135 1135 0 1139 1139 0 1141 1141 0 1139 1139 0 1140 1140 0 1015 1015 0 1139 1139 0 1141 1141 0 1015 1015 0 1136 1136 0 1139 1139 0 1015 1015 0 1012 1012 0 1136 1136 0 1015 1015 0 1141 1141 0 1016 1016 0 1017 1017 0 1143 1143 0 1142 1142 0 1018 1018 0 1143 1143 0 1017 1017 0 1138 1138 0 1014 1014 0 1017 1017 0 1142 1142 0 1138 1138 0 1017 1017 0 1141 1141 0 1140 1140 0 1144 1144 0 1016 1016 0 1141 1141 0 1144 1144 0 1016 1016 0 1144 1144 0 1019 1019 0 1019 1019 0 1144 1144 0 1145 1145 0 1145 1145 0 1020 1020 0 1019 1019 0 1146 1146 0 1020 1020 0 1145 1145 0 1023 1023 0 1024 1024 0 1147 1147 0 1149 1149 0 1023 1023 0 1147 1147 0 1149 1149 0 1148 1148 0 1023 1023 0 1148 1148 0 1025 1025 0 1023 1023 0 1143 1143 0 1018 1018 0 1025 1025 0 1148 1148 0 1143 1143 0 1025 1025 0 1020 1020 0 1146 1146 0 1150 1150 0 1026 1026 0 1020 1020 0 1150 1150 0 1027 1027 0 1026 1026 0 1151 1151 0 1026 1026 0 1150 1150 0 1151 1151 0 1153 1153 0 1151 1151 0 1152 1152 0 1153 1153 0 1028 1028 0 1151 1151 0 1028 1028 0 1027 1027 0 1151 1151 0 1028 1028 0 1153 1153 0 1029 1029 0 1031 1031 0 1032 1032 0 1154 1154 0 1156 1156 0 1031 1031 0 1154 1154 0 1156 1156 0 1155 1155 0 1031 1031 0 1155 1155 0 1033 1033 0 1031 1031 0 1147 1147 0 1024 1024 0 1033 1033 0 1147 1147 0 1033 1033 0 1157 1157 0 1157 1157 0 1033 1033 0 1155 1155 0 1149 1149 0 1147 1147 0 1157 1157 0 1153 1153 0 1152 1152 0 1158 1158 0 1029 1029 0 1153 1153 0 1158 1158 0 1029 1029 0 1158 1158 0 1034 1034 0 1034 1034 0 1158 1158 0 1159 1159 0 1035 1035 0 1034 1034 0 1160 1160 0 1034 1034 0 1159 1159 0 1160 1160 0 1162 1162 0 1160 1160 0 1161 1161 0 1162 1162 0 1036 1036 0 1160 1160 0 1036 1036 0 1035 1035 0 1160 1160 0 1036 1036 0 1163 1163 0 1037 1037 0 1162 1162 0 1163 1163 0 1036 1036 0 1037 1037 0 1164 1164 0 1038 1038 0 1163 1163 0 1164 1164 0 1037 1037 0 1038 1038 0 1165 1165 0 1039 1039 0 1164 1164 0 1165 1165 0 1038 1038 0 1167 1167 0 1039 1039 0 1165 1165 0 1167 1167 0 1166 1166 0 1039 1039 0 1166 1166 0 1040 1040 0 1039 1039 0 1041 1041 0 1040 1040 0 1168 1168 0 1040 1040 0 1166 1166 0 1168 1168 0 1154 1154 0 1032 1032 0 1041 1041 0 1154 1154 0 1041 1041 0 1169 1169 0 1169 1169 0 1041 1041 0 1168 1168 0 1156 1156 0 1154 1154 0 1169 1169 0 1162 1162 0 1161 1161 0 1170 1170 0 1163 1163 0 1162 1162 0 1170 1170 0 1171 1171 0 1163 1163 0 1170 1170 0 1164 1164 0 1163 1163 0 1171 1171 0 1172 1172 0 1164 1164 0 1171 1171 0 1165 1165 0 1164 1164 0 1172 1172 0 1173 1173 0 1165 1165 0 1172 1172 0 1167 1167 0 1165 1165 0 1173 1173 0 1176 1176 0 1174 1174 0 1175 1175 0 1176 1176 0 1043 1043 0 1042 1042 0 1176 1176 0 1042 1042 0 1174 1174 0 1174 1174 0 1042 1042 0 1177 1177 0 1045 1045 0 1178 1178 0 1042 1042 0 1042 1042 0 1178 1178 0 1177 1177 0 1046 1046 0 1179 1179 0 1045 1045 0 1045 1045 0 1179 1179 0 1178 1178 0 1047 1047 0 1180 1180 0 1046 1046 0 1046 1046 0 1180 1180 0 1179 1179 0 1048 1048 0 1181 1181 0 1047 1047 0 1047 1047 0 1181 1181 0 1180 1180 0 1049 1049 0 1182 1182 0 1048 1048 0 1048 1048 0 1182 1182 0 1181 1181 0 1050 1050 0 1183 1183 0 1049 1049 0 1049 1049 0 1183 1183 0 1182 1182 0 1051 1051 0 1184 1184 0 1050 1050 0 1050 1050 0 1184 1184 0 1183 1183 0 1052 1052 0 1185 1185 0 1051 1051 0 1051 1051 0 1185 1185 0 1184 1184 0 1185 1185 0 1052 1052 0 1054 1054 0 1186 1186 0 1185 1185 0 1054 1054 0 1055 1055 0 1187 1187 0 1188 1188 0 1056 1056 0 1055 1055 0 1188 1188 0 1058 1058 0 1189 1189 0 1055 1055 0 1055 1055 0 1189 1189 0 1187 1187 0 1175 1175 0 1059 1059 0 1176 1176 0 1175 1175 0 1189 1189 0 1059 1059 0 1189 1189 0 1058 1058 0 1059 1059 0 1043 1043 0 1176 1176 0 1059 1059 0 1054 1054 0 1190 1190 0 1186 1186 0 1060 1060 0 1190 1190 0 1054 1054 0 1061 1061 0 1191 1191 0 1060 1060 0 1060 1060 0 1191 1191 0 1190 1190 0 1191 1191 0 1061 1061 0 1063 1063 0 1192 1192 0 1191 1191 0 1063 1063 0 1195 1195 0 1193 1193 0 1194 1194 0 1195 1195 0 1065 1065 0 1064 1064 0 1195 1195 0 1064 1064 0 1193 1193 0 1193 1193 0 1064 1064 0 1196 1196 0 1188 1188 0 1064 1064 0 1056 1056 0 1196 1196 0 1064 1064 0 1188 1188 0 1063 1063 0 1197 1197 0 1192 1192 0 1066 1066 0 1197 1197 0 1063 1063 0 1067 1067 0 1199 1199 0 1198 1198 0 1067 1067 0 1198 1198 0 1066 1066 0 1066 1066 0 1198 1198 0 1197 1197 0 1198 1198 0 1199 1199 0 1200 1200 0 1068 1068 0 1201 1201 0 1202 1202 0 1069 1069 0 1068 1068 0 1202 1202 0 1194 1194 0 1071 1071 0 1195 1195 0 1194 1194 0 1201 1201 0 1071 1071 0 1201 1201 0 1068 1068 0 1071 1071 0 1065 1065 0 1195 1195 0 1071 1071 0 1067 1067 0 1072 1072 0 1199 1199 0 1073 1073 0 1204 1204 0 1203 1203 0 1072 1072 0 1073 1073 0 1203 1203 0 1072 1072 0 1203 1203 0 1200 1200 0 1072 1072 0 1200 1200 0 1199 1199 0 1203 1203 0 1204 1204 0 1205 1205 0 1208 1208 0 1206 1206 0 1207 1207 0 1208 1208 0 1202 1202 0 1206 1206 0 1208 1208 0 1074 1074 0 1202 1202 0 1074 1074 0 1069 1069 0 1202 1202 0 1073 1073 0 1075 1075 0 1204 1204 0 1076 1076 0 1210 1210 0 1209 1209 0 1075 1075 0 1076 1076 0 1209 1209 0 1075 1075 0 1209 1209 0 1205 1205 0 1075 1075 0 1205 1205 0 1204 1204 0 1209 1209 0 1210 1210 0 1211 1211 0 1077 1077 0 1208 1208 0 1207 1207 0 1077 1077 0 1207 1207 0 1078 1078 0 1078 1078 0 1207 1207 0 1212 1212 0 1074 1074 0 1208 1208 0 1077 1077 0 1076 1076 0 1079 1079 0 1210 1210 0 1210 1210 0 1079 1079 0 1080 1080 0 1210 1210 0 1080 1080 0 1211 1211 0 1211 1211 0 1080 1080 0 1213 1213 0 1216 1216 0 1214 1214 0 1215 1215 0 1216 1216 0 1212 1212 0 1214 1214 0 1216 1216 0 1081 1081 0 1212 1212 0 1081 1081 0 1078 1078 0 1212 1212 0 1080 1080 0 1217 1217 0 1213 1213 0 1082 1082 0 1217 1217 0 1080 1080 0 1217 1217 0 1082 1082 0 1084 1084 0 1218 1218 0 1217 1217 0 1084 1084 0 1085 1085 0 1216 1216 0 1215 1215 0 1085 1085 0 1215 1215 0 1086 1086 0 1086 1086 0 1215 1215 0 1219 1219 0 1081 1081 0 1216 1216 0 1085 1085 0 1220 1220 0 1087 1087 0 1221 1221 0 1220 1220 0 1218 1218 0 1087 1087 0 1218 1218 0 1084 1084 0 1087 1087 0 1220 1220 0 1221 1221 0 1222 1222 0 1086 1086 0 1219 1219 0 1088 1088 0 1219 1219 0 1223 1223 0 1088 1088 0 1087 1087 0 1089 1089 0 1221 1221 0 1221 1221 0 1089 1089 0 1091 1091 0 1221 1221 0 1091 1091 0 1222 1222 0 1222 1222 0 1091 1091 0 1224 1224 0 1092 1092 0 1225 1225 0 1226 1226 0 1093 1093 0 1092 1092 0 1226 1226 0 1223 1223 0 1092 1092 0 1088 1088 0 1225 1225 0 1092 1092 0 1223 1223 0 1091 1091 0 1095 1095 0 1224 1224 0 1224 1224 0 1095 1095 0 1227 1227 0 1093 1093 0 1226 1226 0 1096 1096 0 1226 1226 0 1228 1228 0 1096 1096 0 1229 1229 0 1097 1097 0 1230 1230 0 1229 1229 0 1227 1227 0 1097 1097 0 1227 1227 0 1095 1095 0 1097 1097 0 1229 1229 0 1230 1230 0 1231 1231 0 1096 1096 0 1228 1228 0 1098 1098 0 1228 1228 0 1232 1232 0 1098 1098 0 1097 1097 0 1099 1099 0 1230 1230 0 1230 1230 0 1099 1099 0 1101 1101 0 1230 1230 0 1101 1101 0 1231 1231 0 1231 1231 0 1101 1101 0 1233 1233 0 1098 1098 0 1232 1232 0 1102 1102 0 1232 1232 0 1234 1234 0 1102 1102 0 1101 1101 0 1104 1104 0 1233 1233 0 1233 1233 0 1104 1104 0 1235 1235 0 1102 1102 0 1234 1234 0 1105 1105 0 1234 1234 0 1236 1236 0 1105 1105 0 1104 1104 0 1107 1107 0 1235 1235 0 1235 1235 0 1107 1107 0 1237 1237 0 1105 1105 0 1236 1236 0 1108 1108 0 1236 1236 0 1238 1238 0 1108 1108 0 1109 1109 0 1110 1110 0 1239 1239 0 1109 1109 0 1239 1239 0 1240 1240 0 1109 1109 0 1240 1240 0 1107 1107 0 1107 1107 0 1240 1240 0 1237 1237 0 1108 1108 0 1238 1238 0 1111 1111 0 1238 1238 0 1241 1241 0 1111 1111 0 1239 1239 0 1243 1243 0 1242 1242 0 1239 1239 0 1110 1110 0 1243 1243 0 1110 1110 0 1112 1112 0 1243 1243 0 1240 1240 0 1239 1239 0 1242 1242 0 1111 1111 0 1241 1241 0 1113 1113 0 1241 1241 0 1244 1244 0 1113 1113 0 1112 1112 0 1114 1114 0 1243 1243 0 1243 1243 0 1114 1114 0 1245 1245 0 1113 1113 0 1244 1244 0 1115 1115 0 1244 1244 0 1246 1246 0 1115 1115 0 1114 1114 0 1118 1118 0 1245 1245 0 1245 1245 0 1118 1118 0 1247 1247 0 1115 1115 0 1246 1246 0 1248 1248 0 1119 1119 0 1115 1115 0 1248 1248 0 1248 1248 0 1120 1120 0 1119 1119 0 1249 1249 0 1120 1120 0 1248 1248 0 1121 1121 0 1251 1251 0 1250 1250 0 1122 1122 0 1251 1251 0 1121 1121 0 1247 1247 0 1118 1118 0 1121 1121 0 1250 1250 0 1247 1247 0 1121 1121 0 1120 1120 0 1249 1249 0 1123 1123 0 1249 1249 0 1252 1252 0 1123 1123 0 1122 1122 0 1125 1125 0 1251 1251 0 1251 1251 0 1125 1125 0 1253 1253 0 1255 1255 0 1126 1126 0 1123 1123 0 1255 1255 0 1123 1123 0 1254 1254 0 1254 1254 0 1123 1123 0 1252 1252 0 1126 1126 0 1255 1255 0 1127 1127 0 1128 1128 0 1257 1257 0 1256 1256 0 1129 1129 0 1257 1257 0 1128 1128 0 1253 1253 0 1125 1125 0 1128 1128 0 1256 1256 0 1253 1253 0 1128 1128 0 1255 1255 0 1254 1254 0 1258 1258 0 1258 1258 0 1127 1127 0 1255 1255 0 1258 1258 0 1259 1259 0 1127 1127 0 1259 1259 0 1130 1130 0 1127 1127 0 1132 1132 0 1261 1261 0 1260 1260 0 1133 1133 0 1261 1261 0 1132 1132 0 1257 1257 0 1129 1129 0 1132 1132 0 1260 1260 0 1257 1257 0 1132 1132 0 1130 1130 0 1259 1259 0 1262 1262 0 1134 1134 0 1130 1130 0 1262 1262 0 1262 1262 0 1135 1135 0 1134 1134 0 1263 1263 0 1135 1135 0 1262 1262 0 1137 1137 0 1265 1265 0 1264 1264 0 1138 1138 0 1265 1265 0 1137 1137 0 1261 1261 0 1133 1133 0 1137 1137 0 1264 1264 0 1261 1261 0 1137 1137 0 1135 1135 0 1263 1263 0 1266 1266 0 1139 1139 0 1135 1135 0 1266 1266 0 1266 1266 0 1140 1140 0 1139 1139 0 1267 1267 0 1140 1140 0 1266 1266 0 1142 1142 0 1269 1269 0 1268 1268 0 1143 1143 0 1269 1269 0 1142 1142 0 1265 1265 0 1138 1138 0 1142 1142 0 1268 1268 0 1265 1265 0 1142 1142 0 1140 1140 0 1267 1267 0 1270 1270 0 1144 1144 0 1140 1140 0 1270 1270 0 1145 1145 0 1144 1144 0 1271 1271 0 1144 1144 0 1270 1270 0 1271 1271 0 1271 1271 0 1146 1146 0 1145 1145 0 1272 1272 0 1146 1146 0 1271 1271 0 1148 1148 0 1274 1274 0 1273 1273 0 1149 1149 0 1274 1274 0 1148 1148 0 1269 1269 0 1143 1143 0 1148 1148 0 1273 1273 0 1269 1269 0 1148 1148 0 1146 1146 0 1272 1272 0 1275 1275 0 1150 1150 0 1146 1146 0 1275 1275 0 1277 1277 0 1275 1275 0 1276 1276 0 1277 1277 0 1151 1151 0 1275 1275 0 1151 1151 0 1150 1150 0 1275 1275 0 1151 1151 0 1277 1277 0 1152 1152 0 1155 1155 0 1279 1279 0 1278 1278 0 1156 1156 0 1279 1279 0 1155 1155 0 1157 1157 0 1155 1155 0 1280 1280 0 1155 1155 0 1278 1278 0 1280 1280 0 1274 1274 0 1149 1149 0 1157 1157 0 1280 1280 0 1274 1274 0 1157 1157 0 1277 1277 0 1276 1276 0 1281 1281 0 1152 1152 0 1277 1277 0 1281 1281 0 1152 1152 0 1281 1281 0 1158 1158 0 1158 1158 0 1281 1281 0 1282 1282 0 1159 1159 0 1158 1158 0 1283 1283 0 1158 1158 0 1282 1282 0 1283 1283 0 1285 1285 0 1283 1283 0 1284 1284 0 1285 1285 0 1160 1160 0 1283 1283 0 1160 1160 0 1159 1159 0 1283 1283 0 1160 1160 0 1285 1285 0 1161 1161 0 1166 1166 0 1167 1167 0 1286 1286 0 1288 1288 0 1166 1166 0 1286 1286 0 1288 1288 0 1287 1287 0 1166 1166 0 1287 1287 0 1168 1168 0 1166 1166 0 1169 1169 0 1168 1168 0 1289 1289 0 1168 1168 0 1287 1287 0 1289 1289 0 1279 1279 0 1156 1156 0 1169 1169 0 1289 1289 0 1279 1279 0 1169 1169 0 1285 1285 0 1284 1284 0 1290 1290 0 1161 1161 0 1285 1285 0 1290 1290 0 1161 1161 0 1290 1290 0 1170 1170 0 1170 1170 0 1290 1290 0 1291 1291 0 1171 1171 0 1170 1170 0 1292 1292 0 1170 1170 0 1291 1291 0 1292 1292 0 1172 1172 0 1171 1171 0 1293 1293 0 1171 1171 0 1292 1292 0 1293 1293 0 1173 1173 0 1172 1172 0 1294 1294 0 1172 1172 0 1293 1293 0 1294 1294 0 1286 1286 0 1167 1167 0 1173 1173 0 1286 1286 0 1173 1173 0 1295 1295 0 1295 1295 0 1173 1173 0 1294 1294 0 1288 1288 0 1286 1286 0 1295 1295 0 1298 1298 0 1296 1296 0 1297 1297 0 1298 1298 0 1300 1300 0 1299 1299 0 1296 1296 0 1298 1298 0 1299 1299 0 1300 1300 0 1302 1302 0 1301 1301 0 1299 1299 0 1300 1300 0 1301 1301 0 1302 1302 0 1304 1304 0 1303 1303 0 1301 1301 0 1302 1302 0 1303 1303 0 1304 1304 0 1306 1306 0 1305 1305 0 1303 1303 0 1304 1304 0 1305 1305 0 1305 1305 0 1306 1306 0 1307 1307 0 1174 1174 0 1308 1308 0 1309 1309 0 1175 1175 0 1174 1174 0 1309 1309 0 1177 1177 0 1310 1310 0 1174 1174 0 1174 1174 0 1310 1310 0 1308 1308 0 1178 1178 0 1311 1311 0 1177 1177 0 1177 1177 0 1311 1311 0 1310 1310 0 1297 1297 0 1179 1179 0 1298 1298 0 1297 1297 0 1311 1311 0 1179 1179 0 1311 1311 0 1178 1178 0 1179 1179 0 1180 1180 0 1298 1298 0 1179 1179 0 1300 1300 0 1298 1298 0 1180 1180 0 1181 1181 0 1300 1300 0 1180 1180 0 1302 1302 0 1300 1300 0 1181 1181 0 1182 1182 0 1302 1302 0 1181 1181 0 1304 1304 0 1302 1302 0 1182 1182 0 1183 1183 0 1304 1304 0 1182 1182 0 1306 1306 0 1304 1304 0 1183 1183 0 1306 1306 0 1312 1312 0 1307 1307 0 1306 1306 0 1183 1183 0 1312 1312 0 1183 1183 0 1184 1184 0 1312 1312 0 1185 1185 0 1313 1313 0 1184 1184 0 1184 1184 0 1313 1313 0 1312 1312 0 1313 1313 0 1185 1185 0 1186 1186 0 1314 1314 0 1313 1313 0 1186 1186 0 1187 1187 0 1315 1315 0 1316 1316 0 1188 1188 0 1187 1187 0 1316 1316 0 1189 1189 0 1317 1317 0 1187 1187 0 1187 1187 0 1317 1317 0 1315 1315 0 1309 1309 0 1189 1189 0 1175 1175 0 1317 1317 0 1189 1189 0 1309 1309 0 1186 1186 0 1318 1318 0 1314 1314 0 1190 1190 0 1318 1318 0 1186 1186 0 1191 1191 0 1319 1319 0 1190 1190 0 1190 1190 0 1319 1319 0 1318 1318 0 1192 1192 0 1321 1321 0 1320 1320 0 1192 1192 0 1320 1320 0 1191 1191 0 1191 1191 0 1320 1320 0 1319 1319 0 1320 1320 0 1321 1321 0 1322 1322 0 1193 1193 0 1323 1323 0 1324 1324 0 1194 1194 0 1193 1193 0 1324 1324 0 1196 1196 0 1325 1325 0 1193 1193 0 1193 1193 0 1325 1325 0 1323 1323 0 1316 1316 0 1196 1196 0 1188 1188 0 1325 1325 0 1196 1196 0 1316 1316 0 1192 1192 0 1197 1197 0 1321 1321 0 1321 1321 0 1326 1326 0 1322 1322 0 1321 1321 0 1197 1197 0 1326 1326 0 1197 1197 0 1198 1198 0 1326 1326 0 1326 1326 0 1198 1198 0 1200 1200 0 1327 1327 0 1326 1326 0 1200 1200 0 1201 1201 0 1328 1328 0 1329 1329 0 1202 1202 0 1201 1201 0 1329 1329 0 1324 1324 0 1201 1201 0 1194 1194 0 1328 1328 0 1201 1201 0 1324 1324 0 1200 1200 0 1330 1330 0 1327 1327 0 1203 1203 0 1330 1330 0 1200 1200 0 1330 1330 0 1203 1203 0 1205 1205 0 1331 1331 0 1330 1330 0 1205 1205 0 1206 1206 0 1332 1332 0 1333 1333 0 1207 1207 0 1206 1206 0 1333 1333 0 1329 1329 0 1206 1206 0 1202 1202 0 1332 1332 0 1206 1206 0 1329 1329 0 1205 1205 0 1334 1334 0 1331 1331 0 1209 1209 0 1334 1334 0 1205 1205 0 1334 1334 0 1209 1209 0 1211 1211 0 1335 1335 0 1334 1334 0 1211 1211 0 1207 1207 0 1333 1333 0 1212 1212 0 1333 1333 0 1336 1336 0 1212 1212 0 1211 1211 0 1213 1213 0 1335 1335 0 1335 1335 0 1213 1213 0 1337 1337 0 1214 1214 0 1338 1338 0 1339 1339 0 1215 1215 0 1214 1214 0 1339 1339 0 1336 1336 0 1214 1214 0 1212 1212 0 1338 1338 0 1214 1214 0 1336 1336 0 1213 1213 0 1340 1340 0 1337 1337 0 1217 1217 0 1340 1340 0 1213 1213 0 1340 1340 0 1217 1217 0 1218 1218 0 1341 1341 0 1340 1340 0 1218 1218 0 1215 1215 0 1339 1339 0 1219 1219 0 1339 1339 0 1342 1342 0 1219 1219 0 1218 1218 0 1343 1343 0 1341 1341 0 1220 1220 0 1343 1343 0 1218 1218 0 1343 1343 0 1220 1220 0 1222 1222 0 1344 1344 0 1343 1343 0 1222 1222 0 1347 1347 0 1345 1345 0 1346 1346 0 1347 1347 0 1342 1342 0 1345 1345 0 1347 1347 0 1223 1223 0 1342 1342 0 1223 1223 0 1219 1219 0 1342 1342 0 1222 1222 0 1224 1224 0 1344 1344 0 1344 1344 0 1224 1224 0 1348 1348 0 1225 1225 0 1347 1347 0 1346 1346 0 1225 1225 0 1346 1346 0 1226 1226 0 1226 1226 0 1346 1346 0 1349 1349 0 1223 1223 0 1347 1347 0 1225 1225 0 1224 1224 0 1227 1227 0 1348 1348 0 1348 1348 0 1227 1227 0 1350 1350 0 1226 1226 0 1349 1349 0 1228 1228 0 1349 1349 0 1351 1351 0 1228 1228 0 1227 1227 0 1352 1352 0 1350 1350 0 1229 1229 0 1352 1352 0 1227 1227 0 1352 1352 0 1229 1229 0 1231 1231 0 1353 1353 0 1352 1352 0 1231 1231 0 1228 1228 0 1351 1351 0 1232 1232 0 1351 1351 0 1354 1354 0 1232 1232 0 1231 1231 0 1233 1233 0 1353 1353 0 1353 1353 0 1233 1233 0 1355 1355 0 1358 1358 0 1356 1356 0 1357 1357 0 1358 1358 0 1354 1354 0 1356 1356 0 1358 1358 0 1234 1234 0 1354 1354 0 1234 1234 0 1232 1232 0 1354 1354 0 1233 1233 0 1235 1235 0 1355 1355 0 1355 1355 0 1235 1235 0 1359 1359 0 1361 1361 0 1358 1358 0 1357 1357 0 1360 1360 0 1361 1361 0 1357 1357 0 1234 1234 0 1361 1361 0 1236 1236 0 1358 1358 0 1361 1361 0 1234 1234 0 1235 1235 0 1237 1237 0 1359 1359 0 1359 1359 0 1237 1237 0 1362 1362 0 1361 1361 0 1360 1360 0 1363 1363 0 1363 1363 0 1236 1236 0 1361 1361 0 1363 1363 0 1364 1364 0 1236 1236 0 1364 1364 0 1238 1238 0 1236 1236 0 1237 1237 0 1240 1240 0 1362 1362 0 1362 1362 0 1240 1240 0 1365 1365 0 1238 1238 0 1364 1364 0 1241 1241 0 1364 1364 0 1366 1366 0 1241 1241 0 1242 1242 0 1243 1243 0 1367 1367 0 1242 1242 0 1367 1367 0 1368 1368 0 1242 1242 0 1368 1368 0 1240 1240 0 1240 1240 0 1368 1368 0 1365 1365 0 1241 1241 0 1366 1366 0 1244 1244 0 1366 1366 0 1369 1369 0 1244 1244 0 1367 1367 0 1371 1371 0 1370 1370 0 1367 1367 0 1243 1243 0 1371 1371 0 1243 1243 0 1245 1245 0 1371 1371 0 1368 1368 0 1367 1367 0 1370 1370 0 1244 1244 0 1369 1369 0 1246 1246 0 1369 1369 0 1372 1372 0 1246 1246 0 1245 1245 0 1247 1247 0 1371 1371 0 1371 1371 0 1247 1247 0 1373 1373 0 1246 1246 0 1372 1372 0 1374 1374 0 1248 1248 0 1246 1246 0 1374 1374 0 1374 1374 0 1249 1249 0 1248 1248 0 1375 1375 0 1249 1249 0 1374 1374 0 1250 1250 0 1251 1251 0 1376 1376 0 1250 1250 0 1376 1376 0 1377 1377 0 1250 1250 0 1377 1377 0 1247 1247 0 1247 1247 0 1377 1377 0 1373 1373 0 1249 1249 0 1375 1375 0 1252 1252 0 1375 1375 0 1378 1378 0 1252 1252 0 1376 1376 0 1380 1380 0 1379 1379 0 1376 1376 0 1251 1251 0 1380 1380 0 1251 1251 0 1253 1253 0 1380 1380 0 1377 1377 0 1376 1376 0 1379 1379 0 1252 1252 0 1378 1378 0 1254 1254 0 1378 1378 0 1381 1381 0 1254 1254 0 1256 1256 0 1383 1383 0 1382 1382 0 1257 1257 0 1383 1383 0 1256 1256 0 1380 1380 0 1253 1253 0 1256 1256 0 1382 1382 0 1380 1380 0 1256 1256 0 1254 1254 0 1381 1381 0 1384 1384 0 1258 1258 0 1254 1254 0 1384 1384 0 1384 1384 0 1259 1259 0 1258 1258 0 1385 1385 0 1259 1259 0 1384 1384 0 1260 1260 0 1261 1261 0 1386 1386 0 1260 1260 0 1386 1386 0 1387 1387 0 1260 1260 0 1387 1387 0 1257 1257 0 1257 1257 0 1387 1387 0 1383 1383 0 1259 1259 0 1385 1385 0 1388 1388 0 1262 1262 0 1259 1259 0 1388 1388 0 1388 1388 0 1263 1263 0 1262 1262 0 1389 1389 0 1263 1263 0 1388 1388 0 1264 1264 0 1265 1265 0 1390 1390 0 1264 1264 0 1390 1390 0 1392 1392 0 1261 1261 0 1264 1264 0 1392 1392 0 1261 1261 0 1392 1392 0 1391 1391 0 1261 1261 0 1391 1391 0 1386 1386 0 1387 1387 0 1386 1386 0 1391 1391 0 1263 1263 0 1389 1389 0 1393 1393 0 1266 1266 0 1263 1263 0 1393 1393 0 1393 1393 0 1267 1267 0 1266 1266 0 1394 1394 0 1267 1267 0 1393 1393 0 1268 1268 0 1269 1269 0 1395 1395 0 1268 1268 0 1395 1395 0 1397 1397 0 1265 1265 0 1268 1268 0 1397 1397 0 1265 1265 0 1397 1397 0 1396 1396 0 1265 1265 0 1396 1396 0 1390 1390 0 1392 1392 0 1390 1390 0 1396 1396 0 1267 1267 0 1394 1394 0 1398 1398 0 1270 1270 0 1267 1267 0 1398 1398 0 1400 1400 0 1398 1398 0 1399 1399 0 1400 1400 0 1271 1271 0 1398 1398 0 1271 1271 0 1270 1270 0 1398 1398 0 1271 1271 0 1400 1400 0 1272 1272 0 1273 1273 0 1402 1402 0 1401 1401 0 1274 1274 0 1402 1402 0 1273 1273 0 1395 1395 0 1269 1269 0 1273 1273 0 1395 1395 0 1273 1273 0 1403 1403 0 1403 1403 0 1273 1273 0 1401 1401 0 1397 1397 0 1395 1395 0 1403 1403 0 1400 1400 0 1399 1399 0 1404 1404 0 1272 1272 0 1400 1400 0 1404 1404 0 1272 1272 0 1404 1404 0 1275 1275 0 1275 1275 0 1404 1404 0 1405 1405 0 1405 1405 0 1276 1276 0 1275 1275 0 1406 1406 0 1276 1276 0 1405 1405 0 1278 1278 0 1279 1279 0 1407 1407 0 1409 1409 0 1278 1278 0 1407 1407 0 1409 1409 0 1408 1408 0 1278 1278 0 1408 1408 0 1280 1280 0 1278 1278 0 1402 1402 0 1274 1274 0 1280 1280 0 1408 1408 0 1402 1402 0 1280 1280 0 1276 1276 0 1406 1406 0 1410 1410 0 1281 1281 0 1276 1276 0 1410 1410 0 1282 1282 0 1281 1281 0 1411 1411 0 1281 1281 0 1410 1410 0 1411 1411 0 1283 1283 0 1282 1282 0 1412 1412 0 1282 1282 0 1411 1411 0 1412 1412 0 1412 1412 0 1284 1284 0 1283 1283 0 1413 1413 0 1284 1284 0 1412 1412 0 1287 1287 0 1415 1415 0 1414 1414 0 1288 1288 0 1415 1415 0 1287 1287 0 1289 1289 0 1287 1287 0 1416 1416 0 1287 1287 0 1414 1414 0 1416 1416 0 1407 1407 0 1279 1279 0 1289 1289 0 1407 1407 0 1289 1289 0 1417 1417 0 1417 1417 0 1289 1289 0 1416 1416 0 1409 1409 0 1407 1407 0 1417 1417 0 1284 1284 0 1413 1413 0 1418 1418 0 1290 1290 0 1284 1284 0 1418 1418 0 1291 1291 0 1290 1290 0 1419 1419 0 1290 1290 0 1418 1418 0 1419 1419 0 1292 1292 0 1291 1291 0 1420 1420 0 1291 1291 0 1419 1419 0 1420 1420 0 1293 1293 0 1292 1292 0 1421 1421 0 1292 1292 0 1420 1420 0 1421 1421 0 1294 1294 0 1293 1293 0 1422 1422 0 1293 1293 0 1421 1421 0 1422 1422 0 1295 1295 0 1294 1294 0 1423 1423 0 1294 1294 0 1422 1422 0 1423 1423 0 1415 1415 0 1288 1288 0 1295 1295 0 1423 1423 0 1415 1415 0 1295 1295 0 1296 1296 0 1424 1424 0 1425 1425 0 1297 1297 0 1296 1296 0 1425 1425 0 1299 1299 0 1426 1426 0 1296 1296 0 1296 1296 0 1426 1426 0 1424 1424 0 1301 1301 0 1427 1427 0 1299 1299 0 1299 1299 0 1427 1427 0 1426 1426 0 1303 1303 0 1428 1428 0 1301 1301 0 1301 1301 0 1428 1428 0 1427 1427 0 1430 1430 0 1429 1429 0 1428 1428 0 1430 1430 0 1428 1428 0 1305 1305 0 1305 1305 0 1428 1428 0 1303 1303 0 1305 1305 0 1307 1307 0 1430 1430 0 1308 1308 0 1431 1431 0 1432 1432 0 1309 1309 0 1308 1308 0 1432 1432 0 1310 1310 0 1433 1433 0 1308 1308 0 1308 1308 0 1433 1433 0 1431 1431 0 1311 1311 0 1434 1434 0 1310 1310 0 1310 1310 0 1434 1434 0 1433 1433 0 1425 1425 0 1311 1311 0 1297 1297 0 1434 1434 0 1311 1311 0 1425 1425 0 1430 1430 0 1435 1435 0 1429 1429 0 1307 1307 0 1435 1435 0 1430 1430 0 1307 1307 0 1312 1312 0 1435 1435 0 1312 1312 0 1436 1436 0 1435 1435 0 1313 1313 0 1437 1437 0 1312 1312 0 1312 1312 0 1437 1437 0 1436 1436 0 1437 1437 0 1313 1313 0 1314 1314 0 1438 1438 0 1437 1437 0 1314 1314 0 1315 1315 0 1439 1439 0 1440 1440 0 1316 1316 0 1315 1315 0 1440 1440 0 1317 1317 0 1441 1441 0 1315 1315 0 1315 1315 0 1441 1441 0 1439 1439 0 1432 1432 0 1317 1317 0 1309 1309 0 1441 1441 0 1317 1317 0 1432 1432 0 1314 1314 0 1442 1442 0 1438 1438 0 1318 1318 0 1442 1442 0 1314 1314 0 1319 1319 0 1443 1443 0 1318 1318 0 1318 1318 0 1443 1443 0 1442 1442 0 1320 1320 0 1444 1444 0 1319 1319 0 1319 1319 0 1444 1444 0 1443 1443 0 1444 1444 0 1320 1320 0 1322 1322 0 1445 1445 0 1444 1444 0 1322 1322 0 1323 1323 0 1446 1446 0 1447 1447 0 1324 1324 0 1323 1323 0 1447 1447 0 1325 1325 0 1448 1448 0 1323 1323 0 1323 1323 0 1448 1448 0 1446 1446 0 1440 1440 0 1325 1325 0 1316 1316 0 1448 1448 0 1325 1325 0 1440 1440 0 1322 1322 0 1449 1449 0 1445 1445 0 1326 1326 0 1449 1449 0 1322 1322 0 1449 1449 0 1326 1326 0 1327 1327 0 1450 1450 0 1449 1449 0 1327 1327 0 1328 1328 0 1451 1451 0 1452 1452 0 1329 1329 0 1328 1328 0 1452 1452 0 1447 1447 0 1328 1328 0 1324 1324 0 1451 1451 0 1328 1328 0 1447 1447 0 1327 1327 0 1453 1453 0 1450 1450 0 1330 1330 0 1453 1453 0 1327 1327 0 1453 1453 0 1330 1330 0 1331 1331 0 1454 1454 0 1453 1453 0 1331 1331 0 1332 1332 0 1455 1455 0 1456 1456 0 1333 1333 0 1332 1332 0 1456 1456 0 1452 1452 0 1332 1332 0 1329 1329 0 1455 1455 0 1332 1332 0 1452 1452 0 1331 1331 0 1457 1457 0 1454 1454 0 1334 1334 0 1457 1457 0 1331 1331 0 1457 1457 0 1334 1334 0 1335 1335 0 1458 1458 0 1457 1457 0 1335 1335 0 1333 1333 0 1456 1456 0 1336 1336 0 1456 1456 0 1459 1459 0 1336 1336 0 1460 1460 0 1337 1337 0 1461 1461 0 1460 1460 0 1458 1458 0 1337 1337 0 1458 1458 0 1335 1335 0 1337 1337 0 1460 1460 0 1461 1461 0 1462 1462 0 1338 1338 0 1463 1463 0 1464 1464 0 1339 1339 0 1338 1338 0 1464 1464 0 1459 1459 0 1338 1338 0 1336 1336 0 1463 1463 0 1338 1338 0 1459 1459 0 1337 1337 0 1340 1340 0 1461 1461 0 1461 1461 0 1340 1340 0 1341 1341 0 1461 1461 0 1341 1341 0 1462 1462 0 1462 1462 0 1341 1341 0 1465 1465 0 1339 1339 0 1464 1464 0 1342 1342 0 1464 1464 0 1466 1466 0 1342 1342 0 1341 1341 0 1467 1467 0 1465 1465 0 1343 1343 0 1467 1467 0 1341 1341 0 1467 1467 0 1343 1343 0 1344 1344 0 1468 1468 0 1467 1467 0 1344 1344 0 1345 1345 0 1469 1469 0 1470 1470 0 1346 1346 0 1345 1345 0 1470 1470 0 1466 1466 0 1345 1345 0 1342 1342 0 1469 1469 0 1345 1345 0 1466 1466 0 1344 1344 0 1348 1348 0 1468 1468 0 1468 1468 0 1348 1348 0 1471 1471 0 1346 1346 0 1470 1470 0 1349 1349 0 1470 1470 0 1472 1472 0 1349 1349 0 1348 1348 0 1350 1350 0 1471 1471 0 1471 1471 0 1350 1350 0 1473 1473 0 1349 1349 0 1472 1472 0 1351 1351 0 1472 1472 0 1474 1474 0 1351 1351 0 1350 1350 0 1475 1475 0 1473 1473 0 1352 1352 0 1475 1475 0 1350 1350 0 1475 1475 0 1352 1352 0 1353 1353 0 1476 1476 0 1475 1475 0 1353 1353 0 1351 1351 0 1474 1474 0 1354 1354 0 1474 1474 0 1477 1477 0 1354 1354 0 1353 1353 0 1355 1355 0 1476 1476 0 1476 1476 0 1355 1355 0 1478 1478 0 1356 1356 0 1479 1479 0 1480 1480 0 1357 1357 0 1356 1356 0 1480 1480 0 1477 1477 0 1356 1356 0 1354 1354 0 1479 1479 0 1356 1356 0 1477 1477 0 1355 1355 0 1359 1359 0 1478 1478 0 1478 1478 0 1359 1359 0 1481 1481 0 1357 1357 0 1480 1480 0 1360 1360 0 1480 1480 0 1482 1482 0 1360 1360 0 1359 1359 0 1362 1362 0 1481 1481 0 1481 1481 0 1362 1362 0 1483 1483 0 1485 1485 0 1363 1363 0 1360 1360 0 1485 1485 0 1360 1360 0 1484 1484 0 1484 1484 0 1360 1360 0 1482 1482 0 1363 1363 0 1485 1485 0 1364 1364 0 1362 1362 0 1365 1365 0 1483 1483 0 1483 1483 0 1365 1365 0 1486 1486 0 1485 1485 0 1484 1484 0 1487 1487 0 1487 1487 0 1364 1364 0 1485 1485 0 1487 1487 0 1488 1488 0 1364 1364 0 1488 1488 0 1366 1366 0 1364 1364 0 1365 1365 0 1368 1368 0 1486 1486 0 1486 1486 0 1368 1368 0 1489 1489 0 1366 1366 0 1488 1488 0 1369 1369 0 1488 1488 0 1490 1490 0 1369 1369 0 1370 1370 0 1492 1492 0 1491 1491 0 1371 1371 0 1492 1492 0 1370 1370 0 1489 1489 0 1368 1368 0 1370 1370 0 1491 1491 0 1489 1489 0 1370 1370 0 1369 1369 0 1490 1490 0 1372 1372 0 1490 1490 0 1493 1493 0 1372 1372 0 1371 1371 0 1373 1373 0 1492 1492 0 1492 1492 0 1373 1373 0 1494 1494 0 1372 1372 0 1493 1493 0 1495 1495 0 1374 1374 0 1372 1372 0 1495 1495 0 1495 1495 0 1375 1375 0 1374 1374 0 1496 1496 0 1375 1375 0 1495 1495 0 1373 1373 0 1377 1377 0 1494 1494 0 1494 1494 0 1377 1377 0 1497 1497 0 1375 1375 0 1496 1496 0 1378 1378 0 1496 1496 0 1498 1498 0 1378 1378 0 1379 1379 0 1500 1500 0 1499 1499 0 1380 1380 0 1500 1500 0 1379 1379 0 1497 1497 0 1377 1377 0 1379 1379 0 1499 1499 0 1497 1497 0 1379 1379 0 1378 1378 0 1498 1498 0 1381 1381 0 1498 1498 0 1501 1501 0 1381 1381 0 1382 1382 0 1383 1383 0 1502 1502 0 1382 1382 0 1502 1502 0 1503 1503 0 1382 1382 0 1503 1503 0 1380 1380 0 1380 1380 0 1503 1503 0 1500 1500 0 1381 1381 0 1501 1501 0 1504 1504 0 1384 1384 0 1381 1381 0 1504 1504 0 1504 1504 0 1385 1385 0 1384 1384 0 1505 1505 0 1385 1385 0 1504 1504 0 1502 1502 0 1507 1507 0 1506 1506 0 1502 1502 0 1383 1383 0 1507 1507 0 1383 1383 0 1387 1387 0 1507 1507 0 1503 1503 0 1502 1502 0 1506 1506 0 1385 1385 0 1505 1505 0 1508 1508 0 1388 1388 0 1385 1385 0 1508 1508 0 1508 1508 0 1389 1389 0 1388 1388 0 1509 1509 0 1389 1389 0 1508 1508 0 1391 1391 0 1511 1511 0 1510 1510 0 1392 1392 0 1511 1511 0 1391 1391 0 1507 1507 0 1387 1387 0 1391 1391 0 1510 1510 0 1507 1507 0 1391 1391 0 1389 1389 0 1509 1509 0 1512 1512 0 1393 1393 0 1389 1389 0 1512 1512 0 1512 1512 0 1394 1394 0 1393 1393 0 1513 1513 0 1394 1394 0 1512 1512 0 1396 1396 0 1515 1515 0 1514 1514 0 1397 1397 0 1515 1515 0 1396 1396 0 1511 1511 0 1392 1392 0 1396 1396 0 1514 1514 0 1511 1511 0 1396 1396 0 1394 1394 0 1513 1513 0 1516 1516 0 1398 1398 0 1394 1394 0 1516 1516 0 1516 1516 0 1399 1399 0 1398 1398 0 1517 1517 0 1399 1399 0 1516 1516 0 1401 1401 0 1402 1402 0 1518 1518 0 1520 1520 0 1401 1401 0 1518 1518 0 1520 1520 0 1519 1519 0 1401 1401 0 1519 1519 0 1403 1403 0 1401 1401 0 1515 1515 0 1397 1397 0 1403 1403 0 1519 1519 0 1515 1515 0 1403 1403 0 1399 1399 0 1517 1517 0 1521 1521 0 1404 1404 0 1399 1399 0 1521 1521 0 1405 1405 0 1404 1404 0 1522 1522 0 1404 1404 0 1521 1521 0 1522 1522 0 1522 1522 0 1406 1406 0 1405 1405 0 1523 1523 0 1406 1406 0 1522 1522 0 1408 1408 0 1525 1525 0 1524 1524 0 1409 1409 0 1525 1525 0 1408 1408 0 1518 1518 0 1402 1402 0 1408 1408 0 1518 1518 0 1408 1408 0 1526 1526 0 1526 1526 0 1408 1408 0 1524 1524 0 1520 1520 0 1518 1518 0 1526 1526 0 1406 1406 0 1523 1523 0 1527 1527 0 1410 1410 0 1406 1406 0 1527 1527 0 1411 1411 0 1410 1410 0 1528 1528 0 1410 1410 0 1527 1527 0 1528 1528 0 1412 1412 0 1411 1411 0 1529 1529 0 1411 1411 0 1528 1528 0 1529 1529 0 1529 1529 0 1413 1413 0 1412 1412 0 1530 1530 0 1413 1413 0 1529 1529 0 1414 1414 0 1532 1532 0 1531 1531 0 1415 1415 0 1532 1532 0 1414 1414 0 1416 1416 0 1414 1414 0 1533 1533 0 1414 1414 0 1531 1531 0 1533 1533 0 1417 1417 0 1416 1416 0 1534 1534 0 1416 1416 0 1533 1533 0 1534 1534 0 1525 1525 0 1409 1409 0 1417 1417 0 1534 1534 0 1525 1525 0 1417 1417 0 1413 1413 0 1530 1530 0 1535 1535 0 1418 1418 0 1413 1413 0 1535 1535 0 1419 1419 0 1418 1418 0 1536 1536 0 1418 1418 0 1535 1535 0 1536 1536 0 1420 1420 0 1419 1419 0 1537 1537 0 1419 1419 0 1536 1536 0 1537 1537 0 1421 1421 0 1420 1420 0 1538 1538 0 1420 1420 0 1537 1537 0 1538 1538 0 1422 1422 0 1421 1421 0 1539 1539 0 1421 1421 0 1538 1538 0 1539 1539 0 1423 1423 0 1422 1422 0 1540 1540 0 1422 1422 0 1539 1539 0 1540 1540 0 1532 1532 0 1415 1415 0 1423 1423 0 1540 1540 0 1532 1532 0 1423 1423 0 1424 1424 0 1541 1541 0 1425 1425 0 1424 1424 0 1426 1426 0 1542 1542 0 1541 1541 0 1424 1424 0 1542 1542 0 1426 1426 0 1427 1427 0 1543 1543 0 1542 1542 0 1426 1426 0 1543 1543 0 1427 1427 0 1428 1428 0 1544 1544 0 1543 1543 0 1427 1427 0 1544 1544 0 1428 1428 0 1429 1429 0 1544 1544 0 1431 1431 0 1545 1545 0 1546 1546 0 1432 1432 0 1431 1431 0 1546 1546 0 1433 1433 0 1547 1547 0 1431 1431 0 1431 1431 0 1547 1547 0 1545 1545 0 1434 1434 0 1548 1548 0 1433 1433 0 1433 1433 0 1548 1548 0 1547 1547 0 1541 1541 0 1434 1434 0 1425 1425 0 1541 1541 0 1549 1549 0 1434 1434 0 1549 1549 0 1548 1548 0 1434 1434 0 1542 1542 0 1549 1549 0 1541 1541 0 1550 1550 0 1549 1549 0 1542 1542 0 1543 1543 0 1550 1550 0 1542 1542 0 1551 1551 0 1550 1550 0 1543 1543 0 1544 1544 0 1551 1551 0 1543 1543 0 1552 1552 0 1551 1551 0 1544 1544 0 1429 1429 0 1552 1552 0 1544 1544 0 1429 1429 0 1435 1435 0 1552 1552 0 1435 1435 0 1553 1553 0 1552 1552 0 1436 1436 0 1554 1554 0 1435 1435 0 1435 1435 0 1554 1554 0 1553 1553 0 1437 1437 0 1555 1555 0 1436 1436 0 1436 1436 0 1555 1555 0 1554 1554 0 1555 1555 0 1437 1437 0 1438 1438 0 1556 1556 0 1555 1555 0 1438 1438 0 1439 1439 0 1557 1557 0 1558 1558 0 1440 1440 0 1439 1439 0 1558 1558 0 1441 1441 0 1559 1559 0 1439 1439 0 1439 1439 0 1559 1559 0 1557 1557 0 1546 1546 0 1441 1441 0 1432 1432 0 1559 1559 0 1441 1441 0 1546 1546 0 1438 1438 0 1560 1560 0 1556 1556 0 1442 1442 0 1560 1560 0 1438 1438 0 1443 1443 0 1561 1561 0 1442 1442 0 1442 1442 0 1561 1561 0 1560 1560 0 1563 1563 0 1562 1562 0 1561 1561 0 1563 1563 0 1561 1561 0 1444 1444 0 1444 1444 0 1561 1561 0 1443 1443 0 1444 1444 0 1445 1445 0 1563 1563 0 1446 1446 0 1564 1564 0 1565 1565 0 1447 1447 0 1446 1446 0 1565 1565 0 1448 1448 0 1566 1566 0 1446 1446 0 1446 1446 0 1566 1566 0 1564 1564 0 1558 1558 0 1448 1448 0 1440 1440 0 1566 1566 0 1448 1448 0 1558 1558 0 1563 1563 0 1567 1567 0 1562 1562 0 1445 1445 0 1567 1567 0 1563 1563 0 1445 1445 0 1449 1449 0 1567 1567 0 1449 1449 0 1568 1568 0 1567 1567 0 1568 1568 0 1449 1449 0 1450 1450 0 1569 1569 0 1568 1568 0 1450 1450 0 1451 1451 0 1570 1570 0 1571 1571 0 1452 1452 0 1451 1451 0 1571 1571 0 1565 1565 0 1451 1451 0 1447 1447 0 1570 1570 0 1451 1451 0 1565 1565 0 1450 1450 0 1572 1572 0 1569 1569 0 1453 1453 0 1572 1572 0 1450 1450 0 1572 1572 0 1453 1453 0 1454 1454 0 1573 1573 0 1572 1572 0 1454 1454 0 1455 1455 0 1574 1574 0 1575 1575 0 1456 1456 0 1455 1455 0 1575 1575 0 1571 1571 0 1455 1455 0 1452 1452 0 1574 1574 0 1455 1455 0 1571 1571 0 1454 1454 0 1576 1576 0 1573 1573 0 1457 1457 0 1576 1576 0 1454 1454 0 1576 1576 0 1457 1457 0 1458 1458 0 1577 1577 0 1576 1576 0 1458 1458 0 1456 1456 0 1575 1575 0 1459 1459 0 1575 1575 0 1578 1578 0 1459 1459 0 1458 1458 0 1579 1579 0 1577 1577 0 1460 1460 0 1579 1579 0 1458 1458 0 1579 1579 0 1460 1460 0 1462 1462 0 1580 1580 0 1579 1579 0 1462 1462 0 1463 1463 0 1581 1581 0 1582 1582 0 1464 1464 0 1463 1463 0 1582 1582 0 1578 1578 0 1463 1463 0 1459 1459 0 1581 1581 0 1463 1463 0 1578 1578 0 1462 1462 0 1465 1465 0 1580 1580 0 1580 1580 0 1465 1465 0 1583 1583 0 1464 1464 0 1582 1582 0 1466 1466 0 1582 1582 0 1584 1584 0 1466 1466 0 1465 1465 0 1585 1585 0 1583 1583 0 1467 1467 0 1585 1585 0 1465 1465 0 1585 1585 0 1467 1467 0 1468 1468 0 1586 1586 0 1585 1585 0 1468 1468 0 1469 1469 0 1587 1587 0 1588 1588 0 1470 1470 0 1469 1469 0 1588 1588 0 1584 1584 0 1469 1469 0 1466 1466 0 1587 1587 0 1469 1469 0 1584 1584 0 1468 1468 0 1471 1471 0 1586 1586 0 1586 1586 0 1471 1471 0 1589 1589 0 1470 1470 0 1588 1588 0 1472 1472 0 1588 1588 0 1590 1590 0 1472 1472 0 1471 1471 0 1473 1473 0 1589 1589 0 1589 1589 0 1473 1473 0 1591 1591 0 1472 1472 0 1590 1590 0 1474 1474 0 1590 1590 0 1592 1592 0 1474 1474 0 1473 1473 0 1593 1593 0 1591 1591 0 1475 1475 0 1593 1593 0 1473 1473 0 1593 1593 0 1475 1475 0 1476 1476 0 1594 1594 0 1593 1593 0 1476 1476 0 1474 1474 0 1592 1592 0 1477 1477 0 1592 1592 0 1595 1595 0 1477 1477 0 1476 1476 0 1478 1478 0 1594 1594 0 1594 1594 0 1478 1478 0 1596 1596 0 1479 1479 0 1597 1597 0 1480 1480 0 1479 1479 0 1598 1598 0 1597 1597 0 1479 1479 0 1477 1477 0 1598 1598 0 1477 1477 0 1595 1595 0 1598 1598 0 1478 1478 0 1481 1481 0 1596 1596 0 1596 1596 0 1481 1481 0 1599 1599 0 1597 1597 0 1600 1600 0 1482 1482 0 1480 1480 0 1597 1597 0 1482 1482 0 1601 1601 0 1597 1597 0 1598 1598 0 1600 1600 0 1597 1597 0 1601 1601 0 1481 1481 0 1483 1483 0 1599 1599 0 1599 1599 0 1483 1483 0 1602 1602 0 1600 1600 0 1603 1603 0 1484 1484 0 1482 1482 0 1600 1600 0 1484 1484 0 1604 1604 0 1600 1600 0 1601 1601 0 1603 1603 0 1600 1600 0 1604 1604 0 1483 1483 0 1486 1486 0 1602 1602 0 1602 1602 0 1486 1486 0 1605 1605 0 1484 1484 0 1603 1603 0 1487 1487 0 1603 1603 0 1488 1488 0 1487 1487 0 1603 1603 0 1604 1604 0 1488 1488 0 1604 1604 0 1606 1606 0 1488 1488 0 1486 1486 0 1489 1489 0 1605 1605 0 1605 1605 0 1489 1489 0 1607 1607 0 1488 1488 0 1606 1606 0 1490 1490 0 1606 1606 0 1608 1608 0 1490 1490 0 1491 1491 0 1610 1610 0 1609 1609 0 1492 1492 0 1610 1610 0 1491 1491 0 1607 1607 0 1489 1489 0 1491 1491 0 1609 1609 0 1607 1607 0 1491 1491 0 1490 1490 0 1608 1608 0 1493 1493 0 1608 1608 0 1611 1611 0 1493 1493 0 1492 1492 0 1494 1494 0 1610 1610 0 1610 1610 0 1494 1494 0 1612 1612 0 1493 1493 0 1611 1611 0 1613 1613 0 1495 1495 0 1493 1493 0 1613 1613 0 1613 1613 0 1496 1496 0 1495 1495 0 1614 1614 0 1496 1496 0 1613 1613 0 1494 1494 0 1497 1497 0 1612 1612 0 1612 1612 0 1497 1497 0 1615 1615 0 1496 1496 0 1614 1614 0 1498 1498 0 1614 1614 0 1616 1616 0 1498 1498 0 1499 1499 0 1618 1618 0 1617 1617 0 1500 1500 0 1618 1618 0 1499 1499 0 1615 1615 0 1497 1497 0 1499 1499 0 1617 1617 0 1615 1615 0 1499 1499 0 1498 1498 0 1616 1616 0 1501 1501 0 1616 1616 0 1619 1619 0 1501 1501 0 1500 1500 0 1503 1503 0 1618 1618 0 1618 1618 0 1503 1503 0 1620 1620 0 1501 1501 0 1619 1619 0 1621 1621 0 1504 1504 0 1501 1501 0 1621 1621 0 1621 1621 0 1505 1505 0 1504 1504 0 1622 1622 0 1505 1505 0 1621 1621 0 1506 1506 0 1624 1624 0 1623 1623 0 1507 1507 0 1624 1624 0 1506 1506 0 1620 1620 0 1503 1503 0 1506 1506 0 1623 1623 0 1620 1620 0 1506 1506 0 1505 1505 0 1622 1622 0 1625 1625 0 1508 1508 0 1505 1505 0 1625 1625 0 1625 1625 0 1509 1509 0 1508 1508 0 1626 1626 0 1509 1509 0 1625 1625 0 1510 1510 0 1628 1628 0 1627 1627 0 1511 1511 0 1628 1628 0 1510 1510 0 1624 1624 0 1507 1507 0 1510 1510 0 1627 1627 0 1624 1624 0 1510 1510 0 1509 1509 0 1626 1626 0 1629 1629 0 1512 1512 0 1509 1509 0 1629 1629 0 1629 1629 0 1513 1513 0 1512 1512 0 1630 1630 0 1513 1513 0 1629 1629 0 1514 1514 0 1632 1632 0 1631 1631 0 1515 1515 0 1632 1632 0 1514 1514 0 1628 1628 0 1511 1511 0 1514 1514 0 1631 1631 0 1628 1628 0 1514 1514 0 1513 1513 0 1630 1630 0 1633 1633 0 1516 1516 0 1513 1513 0 1633 1633 0 1517 1517 0 1634 1634 0 1635 1635 0 1517 1517 0 1516 1516 0 1634 1634 0 1516 1516 0 1633 1633 0 1634 1634 0 1634 1634 0 1636 1636 0 1635 1635 0 1519 1519 0 1638 1638 0 1637 1637 0 1520 1520 0 1638 1638 0 1519 1519 0 1632 1632 0 1515 1515 0 1519 1519 0 1637 1637 0 1632 1632 0 1519 1519 0 1517 1517 0 1635 1635 0 1521 1521 0 1635 1635 0 1636 1636 0 1639 1639 0 1635 1635 0 1639 1639 0 1521 1521 0 1521 1521 0 1639 1639 0 1522 1522 0 1639 1639 0 1523 1523 0 1522 1522 0 1640 1640 0 1523 1523 0 1639 1639 0 1524 1524 0 1642 1642 0 1641 1641 0 1525 1525 0 1642 1642 0 1524 1524 0 1526 1526 0 1524 1524 0 1643 1643 0 1524 1524 0 1641 1641 0 1643 1643 0 1638 1638 0 1520 1520 0 1526 1526 0 1643 1643 0 1638 1638 0 1526 1526 0 1523 1523 0 1640 1640 0 1644 1644 0 1527 1527 0 1523 1523 0 1644 1644 0 1528 1528 0 1527 1527 0 1645 1645 0 1527 1527 0 1644 1644 0 1645 1645 0 1529 1529 0 1528 1528 0 1646 1646 0 1528 1528 0 1645 1645 0 1646 1646 0 1646 1646 0 1530 1530 0 1529 1529 0 1647 1647 0 1530 1530 0 1646 1646 0 1531 1531 0 1649 1649 0 1648 1648 0 1532 1532 0 1649 1649 0 1531 1531 0 1533 1533 0 1531 1531 0 1650 1650 0 1531 1531 0 1648 1648 0 1650 1650 0 1534 1534 0 1533 1533 0 1651 1651 0 1533 1533 0 1650 1650 0 1651 1651 0 1642 1642 0 1525 1525 0 1534 1534 0 1651 1651 0 1642 1642 0 1534 1534 0 1530 1530 0 1647 1647 0 1652 1652 0 1535 1535 0 1530 1530 0 1652 1652 0 1536 1536 0 1535 1535 0 1653 1653 0 1535 1535 0 1652 1652 0 1653 1653 0 1537 1537 0 1536 1536 0 1654 1654 0 1536 1536 0 1653 1653 0 1654 1654 0 1538 1538 0 1537 1537 0 1655 1655 0 1537 1537 0 1654 1654 0 1655 1655 0 1539 1539 0 1538 1538 0 1656 1656 0 1538 1538 0 1655 1655 0 1656 1656 0 1540 1540 0 1539 1539 0 1657 1657 0 1539 1539 0 1656 1656 0 1657 1657 0 1649 1649 0 1532 1532 0 1540 1540 0 1657 1657 0 1649 1649 0 1540 1540 0 1545 1545 0 1658 1658 0 1659 1659 0 1546 1546 0 1545 1545 0 1659 1659 0 1547 1547 0 1660 1660 0 1545 1545 0 1545 1545 0 1660 1660 0 1658 1658 0 1548 1548 0 1661 1661 0 1547 1547 0 1547 1547 0 1661 1661 0 1660 1660 0 1549 1549 0 1662 1662 0 1548 1548 0 1548 1548 0 1662 1662 0 1661 1661 0 1550 1550 0 1663 1663 0 1549 1549 0 1549 1549 0 1663 1663 0 1662 1662 0 1551 1551 0 1664 1664 0 1550 1550 0 1550 1550 0 1664 1664 0 1663 1663 0 1552 1552 0 1665 1665 0 1551 1551 0 1551 1551 0 1665 1665 0 1664 1664 0 1553 1553 0 1666 1666 0 1552 1552 0 1552 1552 0 1666 1666 0 1665 1665 0 1554 1554 0 1667 1667 0 1553 1553 0 1553 1553 0 1667 1667 0 1666 1666 0 1555 1555 0 1668 1668 0 1554 1554 0 1554 1554 0 1668 1668 0 1667 1667 0 1668 1668 0 1555 1555 0 1556 1556 0 1669 1669 0 1668 1668 0 1556 1556 0 1557 1557 0 1670 1670 0 1671 1671 0 1558 1558 0 1557 1557 0 1671 1671 0 1559 1559 0 1672 1672 0 1557 1557 0 1557 1557 0 1672 1672 0 1670 1670 0 1659 1659 0 1559 1559 0 1546 1546 0 1672 1672 0 1559 1559 0 1659 1659 0 1556 1556 0 1673 1673 0 1669 1669 0 1560 1560 0 1673 1673 0 1556 1556 0 1561 1561 0 1674 1674 0 1560 1560 0 1560 1560 0 1674 1674 0 1673 1673 0 1674 1674 0 1561 1561 0 1562 1562 0 1675 1675 0 1674 1674 0 1562 1562 0 1564 1564 0 1676 1676 0 1565 1565 0 1678 1678 0 1676 1676 0 1564 1564 0 1678 1678 0 1564 1564 0 1677 1677 0 1677 1677 0 1564 1564 0 1566 1566 0 1671 1671 0 1566 1566 0 1558 1558 0 1677 1677 0 1566 1566 0 1671 1671 0 1562 1562 0 1679 1679 0 1675 1675 0 1567 1567 0 1679 1679 0 1562 1562 0 1568 1568 0 1680 1680 0 1567 1567 0 1567 1567 0 1680 1680 0 1679 1679 0 1680 1680 0 1568 1568 0 1569 1569 0 1681 1681 0 1680 1680 0 1569 1569 0 1570 1570 0 1682 1682 0 1571 1571 0 1570 1570 0 1684 1684 0 1682 1682 0 1565 1565 0 1684 1684 0 1570 1570 0 1565 1565 0 1683 1683 0 1684 1684 0 1565 1565 0 1676 1676 0 1683 1683 0 1678 1678 0 1683 1683 0 1676 1676 0 1569 1569 0 1685 1685 0 1681 1681 0 1572 1572 0 1685 1685 0 1569 1569 0 1685 1685 0 1572 1572 0 1573 1573 0 1686 1686 0 1685 1685 0 1573 1573 0 1574 1574 0 1687 1687 0 1575 1575 0 1574 1574 0 1689 1689 0 1687 1687 0 1571 1571 0 1689 1689 0 1574 1574 0 1571 1571 0 1688 1688 0 1689 1689 0 1571 1571 0 1682 1682 0 1688 1688 0 1684 1684 0 1688 1688 0 1682 1682 0 1573 1573 0 1690 1690 0 1686 1686 0 1576 1576 0 1690 1690 0 1573 1573 0 1690 1690 0 1576 1576 0 1577 1577 0 1691 1691 0 1690 1690 0 1577 1577 0 1687 1687 0 1692 1692 0 1693 1693 0 1687 1687 0 1693 1693 0 1575 1575 0 1575 1575 0 1693 1693 0 1578 1578 0 1689 1689 0 1692 1692 0 1687 1687 0 1695 1695 0 1577 1577 0 1579 1579 0 1695 1695 0 1694 1694 0 1577 1577 0 1694 1694 0 1691 1691 0 1577 1577 0 1579 1579 0 1580 1580 0 1695 1695 0 1581 1581 0 1696 1696 0 1697 1697 0 1582 1582 0 1581 1581 0 1697 1697 0 1693 1693 0 1581 1581 0 1578 1578 0 1696 1696 0 1581 1581 0 1693 1693 0 1695 1695 0 1698 1698 0 1694 1694 0 1698 1698 0 1695 1695 0 1580 1580 0 1698 1698 0 1580 1580 0 1699 1699 0 1699 1699 0 1580 1580 0 1583 1583 0 1582 1582 0 1697 1697 0 1584 1584 0 1697 1697 0 1700 1700 0 1584 1584 0 1702 1702 0 1583 1583 0 1585 1585 0 1702 1702 0 1701 1701 0 1583 1583 0 1701 1701 0 1699 1699 0 1583 1583 0 1585 1585 0 1586 1586 0 1702 1702 0 1587 1587 0 1703 1703 0 1704 1704 0 1588 1588 0 1587 1587 0 1704 1704 0 1700 1700 0 1587 1587 0 1584 1584 0 1703 1703 0 1587 1587 0 1700 1700 0 1702 1702 0 1705 1705 0 1701 1701 0 1705 1705 0 1702 1702 0 1586 1586 0 1705 1705 0 1586 1586 0 1706 1706 0 1706 1706 0 1586 1586 0 1589 1589 0 1588 1588 0 1704 1704 0 1590 1590 0 1704 1704 0 1707 1707 0 1590 1590 0 1589 1589 0 1591 1591 0 1706 1706 0 1706 1706 0 1591 1591 0 1708 1708 0 1590 1590 0 1707 1707 0 1592 1592 0 1707 1707 0 1709 1709 0 1592 1592 0 1711 1711 0 1591 1591 0 1593 1593 0 1711 1711 0 1710 1710 0 1591 1591 0 1710 1710 0 1708 1708 0 1591 1591 0 1593 1593 0 1594 1594 0 1711 1711 0 1592 1592 0 1709 1709 0 1595 1595 0 1709 1709 0 1712 1712 0 1595 1595 0 1711 1711 0 1713 1713 0 1710 1710 0 1713 1713 0 1711 1711 0 1594 1594 0 1713 1713 0 1594 1594 0 1714 1714 0 1714 1714 0 1594 1594 0 1596 1596 0 1595 1595 0 1712 1712 0 1598 1598 0 1712 1712 0 1715 1715 0 1598 1598 0 1596 1596 0 1599 1599 0 1714 1714 0 1714 1714 0 1599 1599 0 1716 1716 0 1598 1598 0 1715 1715 0 1601 1601 0 1715 1715 0 1717 1717 0 1601 1601 0 1599 1599 0 1602 1602 0 1716 1716 0 1716 1716 0 1602 1602 0 1718 1718 0 1601 1601 0 1717 1717 0 1604 1604 0 1717 1717 0 1719 1719 0 1604 1604 0 1602 1602 0 1605 1605 0 1718 1718 0 1718 1718 0 1605 1605 0 1720 1720 0 1604 1604 0 1719 1719 0 1606 1606 0 1719 1719 0 1721 1721 0 1606 1606 0 1724 1724 0 1723 1723 0 1722 1722 0 1724 1724 0 1722 1722 0 1720 1720 0 1724 1724 0 1720 1720 0 1607 1607 0 1607 1607 0 1720 1720 0 1605 1605 0 1606 1606 0 1721 1721 0 1608 1608 0 1721 1721 0 1725 1725 0 1608 1608 0 1609 1609 0 1723 1723 0 1724 1724 0 1609 1609 0 1610 1610 0 1723 1723 0 1610 1610 0 1726 1726 0 1723 1723 0 1607 1607 0 1609 1609 0 1724 1724 0 1608 1608 0 1725 1725 0 1611 1611 0 1725 1725 0 1727 1727 0 1611 1611 0 1610 1610 0 1612 1612 0 1726 1726 0 1726 1726 0 1612 1612 0 1728 1728 0 1611 1611 0 1727 1727 0 1729 1729 0 1613 1613 0 1611 1611 0 1729 1729 0 1729 1729 0 1614 1614 0 1613 1613 0 1730 1730 0 1614 1614 0 1729 1729 0 1612 1612 0 1615 1615 0 1728 1728 0 1728 1728 0 1615 1615 0 1731 1731 0 1614 1614 0 1730 1730 0 1616 1616 0 1730 1730 0 1732 1732 0 1616 1616 0 1617 1617 0 1734 1734 0 1733 1733 0 1618 1618 0 1734 1734 0 1617 1617 0 1731 1731 0 1615 1615 0 1617 1617 0 1733 1733 0 1731 1731 0 1617 1617 0 1735 1735 0 1736 1736 0 1619 1619 0 1735 1735 0 1619 1619 0 1732 1732 0 1732 1732 0 1619 1619 0 1616 1616 0 1735 1735 0 1737 1737 0 1736 1736 0 1740 1740 0 1739 1739 0 1738 1738 0 1740 1740 0 1738 1738 0 1734 1734 0 1740 1740 0 1734 1734 0 1620 1620 0 1620 1620 0 1734 1734 0 1618 1618 0 1619 1619 0 1736 1736 0 1621 1621 0 1736 1736 0 1622 1622 0 1621 1621 0 1736 1736 0 1737 1737 0 1622 1622 0 1737 1737 0 1741 1741 0 1622 1622 0 1623 1623 0 1739 1739 0 1740 1740 0 1623 1623 0 1624 1624 0 1739 1739 0 1624 1624 0 1742 1742 0 1739 1739 0 1620 1620 0 1623 1623 0 1740 1740 0 1622 1622 0 1741 1741 0 1743 1743 0 1625 1625 0 1622 1622 0 1743 1743 0 1743 1743 0 1626 1626 0 1625 1625 0 1744 1744 0 1626 1626 0 1743 1743 0 1627 1627 0 1746 1746 0 1745 1745 0 1628 1628 0 1746 1746 0 1627 1627 0 1742 1742 0 1624 1624 0 1627 1627 0 1745 1745 0 1742 1742 0 1627 1627 0 1626 1626 0 1744 1744 0 1747 1747 0 1629 1629 0 1626 1626 0 1747 1747 0 1747 1747 0 1630 1630 0 1629 1629 0 1748 1748 0 1630 1630 0 1747 1747 0 1631 1631 0 1750 1750 0 1749 1749 0 1632 1632 0 1750 1750 0 1631 1631 0 1746 1746 0 1628 1628 0 1631 1631 0 1749 1749 0 1746 1746 0 1631 1631 0 1630 1630 0 1748 1748 0 1751 1751 0 1633 1633 0 1630 1630 0 1751 1751 0 1634 1634 0 1633 1633 0 1752 1752 0 1633 1633 0 1751 1751 0 1752 1752 0 1752 1752 0 1636 1636 0 1634 1634 0 1753 1753 0 1636 1636 0 1752 1752 0 1637 1637 0 1755 1755 0 1754 1754 0 1638 1638 0 1755 1755 0 1637 1637 0 1750 1750 0 1632 1632 0 1637 1637 0 1754 1754 0 1750 1750 0 1637 1637 0 1636 1636 0 1753 1753 0 1756 1756 0 1639 1639 0 1636 1636 0 1756 1756 0 1640 1640 0 1757 1757 0 1758 1758 0 1640 1640 0 1639 1639 0 1757 1757 0 1639 1639 0 1756 1756 0 1757 1757 0 1757 1757 0 1759 1759 0 1758 1758 0 1641 1641 0 1761 1761 0 1760 1760 0 1642 1642 0 1761 1761 0 1641 1641 0 1643 1643 0 1641 1641 0 1762 1762 0 1641 1641 0 1760 1760 0 1762 1762 0 1755 1755 0 1638 1638 0 1643 1643 0 1762 1762 0 1755 1755 0 1643 1643 0 1640 1640 0 1758 1758 0 1644 1644 0 1758 1758 0 1759 1759 0 1763 1763 0 1758 1758 0 1763 1763 0 1644 1644 0 1644 1644 0 1763 1763 0 1645 1645 0 1646 1646 0 1645 1645 0 1764 1764 0 1645 1645 0 1763 1763 0 1764 1764 0 1647 1647 0 1765 1765 0 1766 1766 0 1647 1647 0 1646 1646 0 1765 1765 0 1646 1646 0 1764 1764 0 1765 1765 0 1765 1765 0 1767 1767 0 1766 1766 0 1648 1648 0 1769 1769 0 1768 1768 0 1649 1649 0 1769 1769 0 1648 1648 0 1650 1650 0 1648 1648 0 1770 1770 0 1648 1648 0 1768 1768 0 1770 1770 0 1651 1651 0 1650 1650 0 1771 1771 0 1650 1650 0 1770 1770 0 1771 1771 0 1761 1761 0 1642 1642 0 1651 1651 0 1771 1771 0 1761 1761 0 1651 1651 0 1647 1647 0 1766 1766 0 1652 1652 0 1766 1766 0 1767 1767 0 1772 1772 0 1766 1766 0 1772 1772 0 1652 1652 0 1652 1652 0 1772 1772 0 1653 1653 0 1654 1654 0 1653 1653 0 1773 1773 0 1653 1653 0 1772 1772 0 1773 1773 0 1655 1655 0 1654 1654 0 1774 1774 0 1654 1654 0 1773 1773 0 1774 1774 0 1656 1656 0 1655 1655 0 1775 1775 0 1655 1655 0 1774 1774 0 1775 1775 0 1657 1657 0 1656 1656 0 1776 1776 0 1656 1656 0 1775 1775 0 1776 1776 0 1769 1769 0 1649 1649 0 1657 1657 0 1776 1776 0 1769 1769 0 1657 1657 0 1658 1658 0 1777 1777 0 1659 1659 0 1779 1779 0 1777 1777 0 1658 1658 0 1779 1779 0 1658 1658 0 1778 1778 0 1778 1778 0 1658 1658 0 1660 1660 0 1661 1661 0 1780 1780 0 1660 1660 0 1660 1660 0 1780 1780 0 1778 1778 0 1662 1662 0 1781 1781 0 1661 1661 0 1661 1661 0 1781 1781 0 1780 1780 0 1663 1663 0 1782 1782 0 1662 1662 0 1662 1662 0 1782 1782 0 1781 1781 0 1664 1664 0 1783 1783 0 1663 1663 0 1663 1663 0 1783 1783 0 1782 1782 0 1665 1665 0 1784 1784 0 1664 1664 0 1664 1664 0 1784 1784 0 1783 1783 0 1666 1666 0 1785 1785 0 1665 1665 0 1665 1665 0 1785 1785 0 1784 1784 0 1667 1667 0 1786 1786 0 1666 1666 0 1666 1666 0 1786 1786 0 1785 1785 0 1788 1788 0 1787 1787 0 1786 1786 0 1788 1788 0 1786 1786 0 1668 1668 0 1668 1668 0 1786 1786 0 1667 1667 0 1668 1668 0 1669 1669 0 1788 1788 0 1670 1670 0 1789 1789 0 1671 1671 0 1791 1791 0 1789 1789 0 1670 1670 0 1791 1791 0 1670 1670 0 1790 1790 0 1790 1790 0 1670 1670 0 1672 1672 0 1777 1777 0 1672 1672 0 1659 1659 0 1777 1777 0 1792 1792 0 1672 1672 0 1792 1792 0 1790 1790 0 1672 1672 0 1779 1779 0 1792 1792 0 1777 1777 0 1788 1788 0 1793 1793 0 1787 1787 0 1669 1669 0 1793 1793 0 1788 1788 0 1669 1669 0 1673 1673 0 1793 1793 0 1673 1673 0 1794 1794 0 1793 1793 0 1674 1674 0 1795 1795 0 1673 1673 0 1673 1673 0 1795 1795 0 1794 1794 0 1795 1795 0 1674 1674 0 1675 1675 0 1796 1796 0 1795 1795 0 1675 1675 0 1677 1677 0 1797 1797 0 1798 1798 0 1678 1678 0 1677 1677 0 1798 1798 0 1789 1789 0 1677 1677 0 1671 1671 0 1789 1789 0 1799 1799 0 1677 1677 0 1799 1799 0 1797 1797 0 1677 1677 0 1791 1791 0 1799 1799 0 1789 1789 0 1675 1675 0 1800 1800 0 1796 1796 0 1679 1679 0 1800 1800 0 1675 1675 0 1802 1802 0 1801 1801 0 1800 1800 0 1802 1802 0 1800 1800 0 1680 1680 0 1680 1680 0 1800 1800 0 1679 1679 0 1680 1680 0 1681 1681 0 1802 1802 0 1683 1683 0 1803 1803 0 1804 1804 0 1684 1684 0 1683 1683 0 1804 1804 0 1798 1798 0 1683 1683 0 1678 1678 0 1803 1803 0 1683 1683 0 1798 1798 0 1802 1802 0 1805 1805 0 1801 1801 0 1807 1807 0 1806 1806 0 1805 1805 0 1685 1685 0 1807 1807 0 1805 1805 0 1685 1685 0 1805 1805 0 1802 1802 0 1685 1685 0 1802 1802 0 1681 1681 0 1685 1685 0 1686 1686 0 1807 1807 0 1688 1688 0 1808 1808 0 1809 1809 0 1689 1689 0 1688 1688 0 1809 1809 0 1804 1804 0 1688 1688 0 1684 1684 0 1808 1808 0 1688 1688 0 1804 1804 0 1807 1807 0 1810 1810 0 1806 1806 0 1812 1812 0 1811 1811 0 1810 1810 0 1690 1690 0 1812 1812 0 1810 1810 0 1690 1690 0 1810 1810 0 1807 1807 0 1690 1690 0 1807 1807 0 1686 1686 0 1690 1690 0 1691 1691 0 1812 1812 0 1692 1692 0 1813 1813 0 1814 1814 0 1693 1693 0 1692 1692 0 1814 1814 0 1809 1809 0 1692 1692 0 1689 1689 0 1813 1813 0 1692 1692 0 1809 1809 0 1812 1812 0 1815 1815 0 1811 1811 0 1815 1815 0 1812 1812 0 1691 1691 0 1815 1815 0 1691 1691 0 1816 1816 0 1816 1816 0 1691 1691 0 1694 1694 0 1696 1696 0 1817 1817 0 1818 1818 0 1697 1697 0 1696 1696 0 1818 1818 0 1814 1814 0 1696 1696 0 1693 1693 0 1817 1817 0 1696 1696 0 1814 1814 0 1694 1694 0 1819 1819 0 1816 1816 0 1698 1698 0 1819 1819 0 1694 1694 0 1819 1819 0 1698 1698 0 1699 1699 0 1820 1820 0 1819 1819 0 1699 1699 0 1697 1697 0 1818 1818 0 1700 1700 0 1818 1818 0 1821 1821 0 1700 1700 0 1699 1699 0 1701 1701 0 1820 1820 0 1820 1820 0 1701 1701 0 1822 1822 0 1703 1703 0 1823 1823 0 1704 1704 0 1703 1703 0 1824 1824 0 1823 1823 0 1703 1703 0 1700 1700 0 1824 1824 0 1700 1700 0 1821 1821 0 1824 1824 0 1701 1701 0 1825 1825 0 1822 1822 0 1705 1705 0 1825 1825 0 1701 1701 0 1825 1825 0 1705 1705 0 1706 1706 0 1826 1826 0 1825 1825 0 1706 1706 0 1823 1823 0 1827 1827 0 1828 1828 0 1823 1823 0 1828 1828 0 1704 1704 0 1704 1704 0 1828 1828 0 1707 1707 0 1824 1824 0 1827 1827 0 1823 1823 0 1706 1706 0 1708 1708 0 1826 1826 0 1826 1826 0 1708 1708 0 1829 1829 0 1707 1707 0 1828 1828 0 1709 1709 0 1828 1828 0 1830 1830 0 1709 1709 0 1708 1708 0 1710 1710 0 1829 1829 0 1829 1829 0 1710 1710 0 1831 1831 0 1709 1709 0 1830 1830 0 1712 1712 0 1830 1830 0 1832 1832 0 1712 1712 0 1834 1834 0 1710 1710 0 1713 1713 0 1834 1834 0 1833 1833 0 1710 1710 0 1833 1833 0 1831 1831 0 1710 1710 0 1713 1713 0 1714 1714 0 1834 1834 0 1712 1712 0 1832 1832 0 1715 1715 0 1832 1832 0 1835 1835 0 1715 1715 0 1837 1837 0 1833 1833 0 1834 1834 0 1836 1836 0 1833 1833 0 1837 1837 0 1714 1714 0 1716 1716 0 1837 1837 0 1834 1834 0 1714 1714 0 1837 1837 0 1715 1715 0 1835 1835 0 1717 1717 0 1835 1835 0 1838 1838 0 1717 1717 0 1840 1840 0 1836 1836 0 1837 1837 0 1839 1839 0 1836 1836 0 1840 1840 0 1716 1716 0 1718 1718 0 1840 1840 0 1837 1837 0 1716 1716 0 1840 1840 0 1717 1717 0 1838 1838 0 1719 1719 0 1838 1838 0 1841 1841 0 1719 1719 0 1843 1843 0 1839 1839 0 1840 1840 0 1842 1842 0 1839 1839 0 1843 1843 0 1718 1718 0 1720 1720 0 1843 1843 0 1840 1840 0 1718 1718 0 1843 1843 0 1719 1719 0 1841 1841 0 1721 1721 0 1841 1841 0 1844 1844 0 1721 1721 0 1722 1722 0 1842 1842 0 1843 1843 0 1722 1722 0 1723 1723 0 1842 1842 0 1723 1723 0 1845 1845 0 1842 1842 0 1720 1720 0 1722 1722 0 1843 1843 0 1721 1721 0 1844 1844 0 1725 1725 0 1844 1844 0 1846 1846 0 1725 1725 0 1723 1723 0 1726 1726 0 1845 1845 0 1845 1845 0 1726 1726 0 1847 1847 0 1848 1848 0 1849 1849 0 1727 1727 0 1848 1848 0 1727 1727 0 1846 1846 0 1846 1846 0 1727 1727 0 1725 1725 0 1848 1848 0 1850 1850 0 1849 1849 0 1726 1726 0 1728 1728 0 1847 1847 0 1847 1847 0 1728 1728 0 1851 1851 0 1727 1727 0 1849 1849 0 1729 1729 0 1849 1849 0 1730 1730 0 1729 1729 0 1849 1849 0 1850 1850 0 1730 1730 0 1850 1850 0 1852 1852 0 1730 1730 0 1855 1855 0 1854 1854 0 1853 1853 0 1855 1855 0 1853 1853 0 1851 1851 0 1855 1855 0 1851 1851 0 1731 1731 0 1731 1731 0 1851 1851 0 1728 1728 0 1730 1730 0 1852 1852 0 1732 1732 0 1852 1852 0 1856 1856 0 1732 1732 0 1733 1733 0 1854 1854 0 1855 1855 0 1733 1733 0 1734 1734 0 1854 1854 0 1734 1734 0 1857 1857 0 1854 1854 0 1731 1731 0 1733 1733 0 1855 1855 0 1732 1732 0 1856 1856 0 1858 1858 0 1735 1735 0 1732 1732 0 1858 1858 0 1858 1858 0 1737 1737 0 1735 1735 0 1859 1859 0 1737 1737 0 1858 1858 0 1738 1738 0 1861 1861 0 1860 1860 0 1739 1739 0 1861 1861 0 1738 1738 0 1857 1857 0 1734 1734 0 1738 1738 0 1860 1860 0 1857 1857 0 1738 1738 0 1862 1862 0 1863 1863 0 1741 1741 0 1862 1862 0 1741 1741 0 1859 1859 0 1859 1859 0 1741 1741 0 1737 1737 0 1862 1862 0 1864 1864 0 1863 1863 0 1867 1867 0 1866 1866 0 1865 1865 0 1867 1867 0 1865 1865 0 1861 1861 0 1867 1867 0 1861 1861 0 1742 1742 0 1742 1742 0 1861 1861 0 1739 1739 0 1741 1741 0 1863 1863 0 1743 1743 0 1744 1744 0 1868 1868 0 1869 1869 0 1743 1743 0 1868 1868 0 1744 1744 0 1743 1743 0 1864 1864 0 1868 1868 0 1743 1743 0 1863 1863 0 1864 1864 0 1868 1868 0 1870 1870 0 1869 1869 0 1745 1745 0 1866 1866 0 1867 1867 0 1745 1745 0 1746 1746 0 1866 1866 0 1746 1746 0 1871 1871 0 1866 1866 0 1742 1742 0 1745 1745 0 1867 1867 0 1744 1744 0 1869 1869 0 1747 1747 0 1748 1748 0 1872 1872 0 1873 1873 0 1747 1747 0 1872 1872 0 1748 1748 0 1747 1747 0 1870 1870 0 1872 1872 0 1747 1747 0 1869 1869 0 1870 1870 0 1872 1872 0 1874 1874 0 1873 1873 0 1749 1749 0 1876 1876 0 1875 1875 0 1750 1750 0 1876 1876 0 1749 1749 0 1871 1871 0 1746 1746 0 1749 1749 0 1875 1875 0 1871 1871 0 1749 1749 0 1748 1748 0 1873 1873 0 1751 1751 0 1873 1873 0 1874 1874 0 1877 1877 0 1873 1873 0 1877 1877 0 1751 1751 0 1751 1751 0 1877 1877 0 1752 1752 0 1877 1877 0 1753 1753 0 1752 1752 0 1878 1878 0 1753 1753 0 1877 1877 0 1881 1881 0 1880 1880 0 1879 1879 0 1881 1881 0 1754 1754 0 1755 1755 0 1881 1881 0 1879 1879 0 1754 1754 0 1879 1879 0 1882 1882 0 1754 1754 0 1876 1876 0 1750 1750 0 1754 1754 0 1882 1882 0 1876 1876 0 1754 1754 0 1753 1753 0 1878 1878 0 1883 1883 0 1756 1756 0 1753 1753 0 1883 1883 0 1757 1757 0 1756 1756 0 1884 1884 0 1756 1756 0 1883 1883 0 1884 1884 0 1884 1884 0 1759 1759 0 1757 1757 0 1885 1885 0 1759 1759 0 1884 1884 0 1888 1888 0 1887 1887 0 1886 1886 0 1888 1888 0 1760 1760 0 1761 1761 0 1888 1888 0 1886 1886 0 1760 1760 0 1886 1886 0 1889 1889 0 1760 1760 0 1880 1880 0 1881 1881 0 1762 1762 0 1880 1880 0 1762 1762 0 1889 1889 0 1889 1889 0 1762 1762 0 1760 1760 0 1755 1755 0 1762 1762 0 1881 1881 0 1759 1759 0 1885 1885 0 1890 1890 0 1763 1763 0 1759 1759 0 1890 1890 0 1764 1764 0 1763 1763 0 1891 1891 0 1763 1763 0 1890 1890 0 1891 1891 0 1765 1765 0 1764 1764 0 1892 1892 0 1764 1764 0 1891 1891 0 1892 1892 0 1767 1767 0 1893 1893 0 1894 1894 0 1767 1767 0 1765 1765 0 1893 1893 0 1765 1765 0 1892 1892 0 1893 1893 0 1893 1893 0 1895 1895 0 1894 1894 0 1898 1898 0 1897 1897 0 1896 1896 0 1898 1898 0 1768 1768 0 1769 1769 0 1898 1898 0 1896 1896 0 1768 1768 0 1896 1896 0 1899 1899 0 1768 1768 0 1770 1770 0 1768 1768 0 1900 1900 0 1768 1768 0 1899 1899 0 1900 1900 0 1887 1887 0 1888 1888 0 1771 1771 0 1887 1887 0 1771 1771 0 1900 1900 0 1900 1900 0 1771 1771 0 1770 1770 0 1761 1761 0 1771 1771 0 1888 1888 0 1767 1767 0 1894 1894 0 1772 1772 0 1894 1894 0 1895 1895 0 1901 1901 0 1894 1894 0 1901 1901 0 1772 1772 0 1772 1772 0 1901 1901 0 1773 1773 0 1774 1774 0 1773 1773 0 1902 1902 0 1773 1773 0 1901 1901 0 1902 1902 0 1775 1775 0 1774 1774 0 1903 1903 0 1774 1774 0 1902 1902 0 1903 1903 0 1897 1897 0 1898 1898 0 1776 1776 0 1897 1897 0 1776 1776 0 1903 1903 0 1903 1903 0 1776 1776 0 1775 1775 0 1769 1769 0 1776 1776 0 1898 1898 0 1778 1778 0 1904 1904 0 1779 1779 0 1778 1778 0 1780 1780 0 1905 1905 0 1904 1904 0 1778 1778 0 1905 1905 0 1780 1780 0 1781 1781 0 1906 1906 0 1905 1905 0 1780 1780 0 1906 1906 0 1781 1781 0 1782 1782 0 1907 1907 0 1906 1906 0 1781 1781 0 1907 1907 0 1782 1782 0 1783 1783 0 1908 1908 0 1907 1907 0 1782 1782 0 1908 1908 0 1783 1783 0 1784 1784 0 1909 1909 0 1908 1908 0 1783 1783 0 1909 1909 0 1784 1784 0 1785 1785 0 1910 1910 0 1909 1909 0 1784 1784 0 1910 1910 0 1785 1785 0 1786 1786 0 1911 1911 0 1910 1910 0 1785 1785 0 1911 1911 0 1786 1786 0 1787 1787 0 1911 1911 0 1790 1790 0 1912 1912 0 1913 1913 0 1791 1791 0 1790 1790 0 1913 1913 0 1792 1792 0 1914 1914 0 1790 1790 0 1790 1790 0 1914 1914 0 1912 1912 0 1904 1904 0 1792 1792 0 1779 1779 0 1904 1904 0 1915 1915 0 1792 1792 0 1915 1915 0 1914 1914 0 1792 1792 0 1905 1905 0 1915 1915 0 1904 1904 0 1916 1916 0 1915 1915 0 1905 1905 0 1906 1906 0 1916 1916 0 1905 1905 0 1917 1917 0 1916 1916 0 1906 1906 0 1907 1907 0 1917 1917 0 1906 1906 0 1918 1918 0 1917 1917 0 1907 1907 0 1908 1908 0 1918 1918 0 1907 1907 0 1919 1919 0 1918 1918 0 1908 1908 0 1909 1909 0 1919 1919 0 1908 1908 0 1920 1920 0 1919 1919 0 1909 1909 0 1910 1910 0 1920 1920 0 1909 1909 0 1921 1921 0 1920 1920 0 1910 1910 0 1911 1911 0 1921 1921 0 1910 1910 0 1922 1922 0 1921 1921 0 1911 1911 0 1787 1787 0 1922 1922 0 1911 1911 0 1787 1787 0 1793 1793 0 1922 1922 0 1793 1793 0 1923 1923 0 1922 1922 0 1794 1794 0 1924 1924 0 1793 1793 0 1793 1793 0 1924 1924 0 1923 1923 0 1926 1926 0 1925 1925 0 1924 1924 0 1926 1926 0 1924 1924 0 1795 1795 0 1795 1795 0 1924 1924 0 1794 1794 0 1795 1795 0 1796 1796 0 1926 1926 0 1797 1797 0 1927 1927 0 1798 1798 0 1929 1929 0 1927 1927 0 1797 1797 0 1929 1929 0 1797 1797 0 1928 1928 0 1928 1928 0 1797 1797 0 1799 1799 0 1913 1913 0 1799 1799 0 1791 1791 0 1928 1928 0 1799 1799 0 1913 1913 0 1926 1926 0 1930 1930 0 1925 1925 0 1796 1796 0 1930 1930 0 1926 1926 0 1796 1796 0 1800 1800 0 1930 1930 0 1800 1800 0 1931 1931 0 1930 1930 0 1931 1931 0 1800 1800 0 1801 1801 0 1932 1932 0 1931 1931 0 1801 1801 0 1803 1803 0 1933 1933 0 1804 1804 0 1803 1803 0 1935 1935 0 1933 1933 0 1798 1798 0 1935 1935 0 1803 1803 0 1798 1798 0 1934 1934 0 1935 1935 0 1798 1798 0 1927 1927 0 1934 1934 0 1929 1929 0 1934 1934 0 1927 1927 0 1801 1801 0 1936 1936 0 1932 1932 0 1805 1805 0 1936 1936 0 1801 1801 0 1936 1936 0 1805 1805 0 1806 1806 0 1937 1937 0 1936 1936 0 1806 1806 0 1808 1808 0 1938 1938 0 1809 1809 0 1808 1808 0 1940 1940 0 1938 1938 0 1804 1804 0 1940 1940 0 1808 1808 0 1804 1804 0 1939 1939 0 1940 1940 0 1804 1804 0 1933 1933 0 1939 1939 0 1935 1935 0 1939 1939 0 1933 1933 0 1806 1806 0 1941 1941 0 1937 1937 0 1810 1810 0 1941 1941 0 1806 1806 0 1941 1941 0 1810 1810 0 1811 1811 0 1942 1942 0 1941 1941 0 1811 1811 0 1813 1813 0 1943 1943 0 1814 1814 0 1813 1813 0 1945 1945 0 1943 1943 0 1809 1809 0 1945 1945 0 1813 1813 0 1809 1809 0 1944 1944 0 1945 1945 0 1809 1809 0 1938 1938 0 1944 1944 0 1940 1940 0 1944 1944 0 1938 1938 0 1811 1811 0 1946 1946 0 1942 1942 0 1815 1815 0 1946 1946 0 1811 1811 0 1946 1946 0 1815 1815 0 1816 1816 0 1947 1947 0 1946 1946 0 1816 1816 0 1817 1817 0 1948 1948 0 1818 1818 0 1817 1817 0 1950 1950 0 1948 1948 0 1814 1814 0 1950 1950 0 1817 1817 0 1814 1814 0 1949 1949 0 1950 1950 0 1814 1814 0 1943 1943 0 1949 1949 0 1945 1945 0 1949 1949 0 1943 1943 0 1952 1952 0 1816 1816 0 1819 1819 0 1952 1952 0 1951 1951 0 1816 1816 0 1951 1951 0 1947 1947 0 1816 1816 0 1819 1819 0 1820 1820 0 1952 1952 0 1948 1948 0 1953 1953 0 1954 1954 0 1948 1948 0 1954 1954 0 1818 1818 0 1818 1818 0 1954 1954 0 1821 1821 0 1950 1950 0 1953 1953 0 1948 1948 0 1952 1952 0 1955 1955 0 1951 1951 0 1955 1955 0 1952 1952 0 1820 1820 0 1955 1955 0 1820 1820 0 1956 1956 0 1956 1956 0 1820 1820 0 1822 1822 0 1821 1821 0 1954 1954 0 1824 1824 0 1954 1954 0 1957 1957 0 1824 1824 0 1959 1959 0 1822 1822 0 1825 1825 0 1959 1959 0 1958 1958 0 1822 1822 0 1958 1958 0 1956 1956 0 1822 1822 0 1825 1825 0 1826 1826 0 1959 1959 0 1827 1827 0 1960 1960 0 1828 1828 0 1827 1827 0 1961 1961 0 1960 1960 0 1827 1827 0 1824 1824 0 1961 1961 0 1824 1824 0 1957 1957 0 1961 1961 0 1959 1959 0 1962 1962 0 1958 1958 0 1962 1962 0 1959 1959 0 1826 1826 0 1962 1962 0 1826 1826 0 1963 1963 0 1963 1963 0 1826 1826 0 1829 1829 0 1960 1960 0 1964 1964 0 1830 1830 0 1828 1828 0 1960 1960 0 1830 1830 0 1965 1965 0 1960 1960 0 1961 1961 0 1964 1964 0 1960 1960 0 1965 1965 0 1829 1829 0 1831 1831 0 1963 1963 0 1963 1963 0 1831 1831 0 1966 1966 0 1964 1964 0 1967 1967 0 1968 1968 0 1964 1964 0 1968 1968 0 1830 1830 0 1830 1830 0 1968 1968 0 1832 1832 0 1965 1965 0 1967 1967 0 1964 1964 0 1831 1831 0 1833 1833 0 1966 1966 0 1966 1966 0 1833 1833 0 1969 1969 0 1832 1832 0 1968 1968 0 1835 1835 0 1968 1968 0 1970 1970 0 1835 1835 0 1833 1833 0 1836 1836 0 1969 1969 0 1969 1969 0 1836 1836 0 1971 1971 0 1835 1835 0 1970 1970 0 1838 1838 0 1970 1970 0 1972 1972 0 1838 1838 0 1836 1836 0 1839 1839 0 1971 1971 0 1971 1971 0 1839 1839 0 1973 1973 0 1974 1974 0 1975 1975 0 1841 1841 0 1974 1974 0 1841 1841 0 1972 1972 0 1972 1972 0 1841 1841 0 1838 1838 0 1974 1974 0 1976 1976 0 1975 1975 0 1839 1839 0 1842 1842 0 1973 1973 0 1973 1973 0 1842 1842 0 1977 1977 0 1975 1975 0 1978 1978 0 1844 1844 0 1841 1841 0 1975 1975 0 1844 1844 0 1979 1979 0 1975 1975 0 1976 1976 0 1978 1978 0 1975 1975 0 1979 1979 0 1842 1842 0 1845 1845 0 1977 1977 0 1977 1977 0 1845 1845 0 1980 1980 0 1978 1978 0 1981 1981 0 1846 1846 0 1844 1844 0 1978 1978 0 1846 1846 0 1982 1982 0 1978 1978 0 1979 1979 0 1981 1981 0 1978 1978 0 1982 1982 0 1845 1845 0 1847 1847 0 1980 1980 0 1980 1980 0 1847 1847 0 1983 1983 0 1846 1846 0 1981 1981 0 1848 1848 0 1981 1981 0 1850 1850 0 1848 1848 0 1981 1981 0 1982 1982 0 1850 1850 0 1982 1982 0 1984 1984 0 1850 1850 0 1987 1987 0 1986 1986 0 1985 1985 0 1987 1987 0 1985 1985 0 1983 1983 0 1987 1987 0 1983 1983 0 1851 1851 0 1851 1851 0 1983 1983 0 1847 1847 0 1850 1850 0 1984 1984 0 1852 1852 0 1984 1984 0 1988 1988 0 1852 1852 0 1853 1853 0 1986 1986 0 1987 1987 0 1853 1853 0 1854 1854 0 1986 1986 0 1854 1854 0 1989 1989 0 1986 1986 0 1851 1851 0 1853 1853 0 1987 1987 0 1990 1990 0 1991 1991 0 1856 1856 0 1990 1990 0 1856 1856 0 1988 1988 0 1988 1988 0 1856 1856 0 1852 1852 0 1990 1990 0 1992 1992 0 1991 1991 0 1995 1995 0 1994 1994 0 1993 1993 0 1995 1995 0 1993 1993 0 1989 1989 0 1995 1995 0 1989 1989 0 1857 1857 0 1857 1857 0 1989 1989 0 1854 1854 0 1856 1856 0 1991 1991 0 1858 1858 0 1991 1991 0 1859 1859 0 1858 1858 0 1991 1991 0 1992 1992 0 1859 1859 0 1992 1992 0 1996 1996 0 1859 1859 0 1860 1860 0 1994 1994 0 1995 1995 0 1860 1860 0 1861 1861 0 1994 1994 0 1861 1861 0 1997 1997 0 1994 1994 0 1857 1857 0 1860 1860 0 1995 1995 0 1859 1859 0 1996 1996 0 1998 1998 0 1862 1862 0 1859 1859 0 1998 1998 0 1998 1998 0 1864 1864 0 1862 1862 0 1999 1999 0 1864 1864 0 1998 1998 0 1865 1865 0 2001 2001 0 2000 2000 0 1866 1866 0 2001 2001 0 1865 1865 0 1997 1997 0 1861 1861 0 1865 1865 0 2000 2000 0 1997 1997 0 1865 1865 0 1864 1864 0 1999 1999 0 2002 2002 0 1868 1868 0 1864 1864 0 2002 2002 0 2002 2002 0 1870 1870 0 1868 1868 0 2003 2003 0 1870 1870 0 2002 2002 0 2006 2006 0 2005 2005 0 2004 2004 0 2006 2006 0 2004 2004 0 2001 2001 0 2006 2006 0 2001 2001 0 1871 1871 0 1871 1871 0 2001 2001 0 1866 1866 0 1870 1870 0 2003 2003 0 2007 2007 0 1872 1872 0 1870 1870 0 2007 2007 0 2007 2007 0 1874 1874 0 1872 1872 0 2008 2008 0 1874 1874 0 2007 2007 0 2011 2011 0 2010 2010 0 2009 2009 0 2005 2005 0 2011 2011 0 2009 2009 0 2006 2006 0 2011 2011 0 2005 2005 0 2006 2006 0 1876 1876 0 2011 2011 0 2006 2006 0 1875 1875 0 1876 1876 0 1871 1871 0 1875 1875 0 2006 2006 0 1874 1874 0 2008 2008 0 2012 2012 0 1877 1877 0 1874 1874 0 2012 2012 0 1878 1878 0 2013 2013 0 2014 2014 0 1878 1878 0 1877 1877 0 2013 2013 0 1877 1877 0 2012 2012 0 2013 2013 0 2013 2013 0 2015 2015 0 2014 2014 0 1879 1879 0 2017 2017 0 2016 2016 0 1880 1880 0 2017 2017 0 1879 1879 0 2010 2010 0 2011 2011 0 1882 1882 0 2010 2010 0 1882 1882 0 2016 2016 0 2016 2016 0 1882 1882 0 1879 1879 0 1876 1876 0 1882 1882 0 2011 2011 0 1878 1878 0 2014 2014 0 1883 1883 0 2014 2014 0 2015 2015 0 2018 2018 0 2014 2014 0 2018 2018 0 1883 1883 0 1883 1883 0 2018 2018 0 1884 1884 0 1885 1885 0 2019 2019 0 2020 2020 0 1885 1885 0 1884 1884 0 2019 2019 0 1884 1884 0 2018 2018 0 2019 2019 0 2019 2019 0 2021 2021 0 2020 2020 0 1886 1886 0 2023 2023 0 2022 2022 0 1887 1887 0 2023 2023 0 1886 1886 0 1889 1889 0 1886 1886 0 2024 2024 0 1886 1886 0 2022 2022 0 2024 2024 0 2017 2017 0 1880 1880 0 1889 1889 0 2024 2024 0 2017 2017 0 1889 1889 0 1885 1885 0 2020 2020 0 1890 1890 0 2020 2020 0 2021 2021 0 2025 2025 0 2020 2020 0 2025 2025 0 1890 1890 0 1890 1890 0 2025 2025 0 1891 1891 0 1892 1892 0 1891 1891 0 2026 2026 0 1891 1891 0 2025 2025 0 2026 2026 0 1893 1893 0 1892 1892 0 2027 2027 0 1892 1892 0 2026 2026 0 2027 2027 0 1895 1895 0 2028 2028 0 2029 2029 0 1895 1895 0 1893 1893 0 2028 2028 0 1893 1893 0 2027 2027 0 2028 2028 0 2029 2029 0 2030 2030 0 2031 2031 0 2028 2028 0 2030 2030 0 2029 2029 0 2031 2031 0 2032 2032 0 2033 2033 0 2030 2030 0 2032 2032 0 2031 2031 0 2033 2033 0 1896 1896 0 1897 1897 0 2033 2033 0 2032 2032 0 1896 1896 0 2032 2032 0 2034 2034 0 1896 1896 0 1899 1899 0 1896 1896 0 2035 2035 0 1896 1896 0 2034 2034 0 2035 2035 0 1900 1900 0 1899 1899 0 2036 2036 0 1899 1899 0 2035 2035 0 2036 2036 0 2023 2023 0 1887 1887 0 1900 1900 0 2036 2036 0 2023 2023 0 1900 1900 0 1895 1895 0 2029 2029 0 1901 1901 0 1902 1902 0 1901 1901 0 2029 2029 0 2031 2031 0 1902 1902 0 2029 2029 0 1903 1903 0 1902 1902 0 2031 2031 0 2033 2033 0 1903 1903 0 2031 2031 0 1897 1897 0 1903 1903 0 2033 2033 0 1912 1912 0 2037 2037 0 1913 1913 0 1912 1912 0 1914 1914 0 2038 2038 0 2037 2037 0 1912 1912 0 2038 2038 0 2040 2040 0 2038 2038 0 1914 1914 0 2040 2040 0 1914 1914 0 2039 2039 0 2039 2039 0 1914 1914 0 1915 1915 0 1916 1916 0 2041 2041 0 1915 1915 0 1915 1915 0 2041 2041 0 2039 2039 0 1917 1917 0 2042 2042 0 1916 1916 0 1916 1916 0 2042 2042 0 2041 2041 0 1918 1918 0 2043 2043 0 1917 1917 0 1917 1917 0 2043 2043 0 2042 2042 0 1919 1919 0 2044 2044 0 1918 1918 0 1918 1918 0 2044 2044 0 2043 2043 0 1920 1920 0 2045 2045 0 1919 1919 0 1919 1919 0 2045 2045 0 2044 2044 0 1921 1921 0 2046 2046 0 1920 1920 0 1920 1920 0 2046 2046 0 2045 2045 0 1922 1922 0 2047 2047 0 1921 1921 0 1921 1921 0 2047 2047 0 2046 2046 0 1923 1923 0 2048 2048 0 1922 1922 0 1922 1922 0 2048 2048 0 2047 2047 0 2050 2050 0 2049 2049 0 2048 2048 0 2050 2050 0 2048 2048 0 1924 1924 0 1924 1924 0 2048 2048 0 1923 1923 0 1924 1924 0 1925 1925 0 2050 2050 0 1928 1928 0 2051 2051 0 1929 1929 0 1928 1928 0 2053 2053 0 2051 2051 0 1913 1913 0 2053 2053 0 1928 1928 0 1913 1913 0 2052 2052 0 2053 2053 0 1913 1913 0 2037 2037 0 2052 2052 0 2038 2038 0 2052 2052 0 2037 2037 0 2054 2054 0 2052 2052 0 2038 2038 0 2040 2040 0 2054 2054 0 2038 2038 0 2050 2050 0 2055 2055 0 2049 2049 0 1925 1925 0 2055 2055 0 2050 2050 0 1925 1925 0 1930 1930 0 2055 2055 0 1930 1930 0 2056 2056 0 2055 2055 0 2058 2058 0 2057 2057 0 2056 2056 0 2058 2058 0 2056 2056 0 1931 1931 0 1931 1931 0 2056 2056 0 1930 1930 0 1931 1931 0 1932 1932 0 2058 2058 0 1934 1934 0 2059 2059 0 2060 2060 0 1935 1935 0 1934 1934 0 2060 2060 0 2051 2051 0 1934 1934 0 1929 1929 0 2051 2051 0 2061 2061 0 1934 1934 0 2061 2061 0 2059 2059 0 1934 1934 0 2053 2053 0 2061 2061 0 2051 2051 0 2058 2058 0 2062 2062 0 2057 2057 0 2064 2064 0 2063 2063 0 2062 2062 0 1936 1936 0 2064 2064 0 2062 2062 0 1936 1936 0 2062 2062 0 2058 2058 0 1936 1936 0 2058 2058 0 1932 1932 0 1936 1936 0 1937 1937 0 2064 2064 0 1939 1939 0 2065 2065 0 2066 2066 0 1940 1940 0 1939 1939 0 2066 2066 0 2060 2060 0 1939 1939 0 1935 1935 0 2065 2065 0 1939 1939 0 2060 2060 0 2064 2064 0 2067 2067 0 2063 2063 0 2069 2069 0 2068 2068 0 2067 2067 0 1941 1941 0 2069 2069 0 2067 2067 0 1941 1941 0 2067 2067 0 2064 2064 0 1941 1941 0 2064 2064 0 1937 1937 0 1941 1941 0 1942 1942 0 2069 2069 0 1944 1944 0 2070 2070 0 2071 2071 0 1945 1945 0 1944 1944 0 2071 2071 0 2066 2066 0 1944 1944 0 1940 1940 0 2070 2070 0 1944 1944 0 2066 2066 0 2069 2069 0 2072 2072 0 2068 2068 0 2074 2074 0 2073 2073 0 2072 2072 0 1946 1946 0 2074 2074 0 2072 2072 0 1946 1946 0 2072 2072 0 2069 2069 0 1946 1946 0 2069 2069 0 1942 1942 0 1946 1946 0 1947 1947 0 2074 2074 0 1949 1949 0 2075 2075 0 1950 1950 0 1949 1949 0 2076 2076 0 2075 2075 0 1949 1949 0 1945 1945 0 2076 2076 0 1945 1945 0 2071 2071 0 2076 2076 0 2074 2074 0 2077 2077 0 2073 2073 0 2077 2077 0 2074 2074 0 1947 1947 0 2077 2077 0 1947 1947 0 2078 2078 0 2078 2078 0 1947 1947 0 1951 1951 0 1953 1953 0 2079 2079 0 1954 1954 0 1953 1953 0 2081 2081 0 2079 2079 0 1950 1950 0 2081 2081 0 1953 1953 0 1950 1950 0 2080 2080 0 2081 2081 0 1950 1950 0 2075 2075 0 2080 2080 0 2076 2076 0 2080 2080 0 2075 2075 0 1951 1951 0 2082 2082 0 2078 2078 0 1955 1955 0 2082 2082 0 1951 1951 0 2082 2082 0 1955 1955 0 1956 1956 0 2083 2083 0 2082 2082 0 1956 1956 0 2079 2079 0 2084 2084 0 2085 2085 0 2079 2079 0 2085 2085 0 1954 1954 0 1954 1954 0 2085 2085 0 1957 1957 0 2081 2081 0 2084 2084 0 2079 2079 0 1956 1956 0 1958 1958 0 2083 2083 0 2083 2083 0 1958 1958 0 2086 2086 0 1957 1957 0 2085 2085 0 1961 1961 0 2085 2085 0 2087 2087 0 1961 1961 0 2089 2089 0 1958 1958 0 1962 1962 0 2089 2089 0 2088 2088 0 1958 1958 0 2088 2088 0 2086 2086 0 1958 1958 0 1962 1962 0 1963 1963 0 2089 2089 0 1961 1961 0 2087 2087 0 1965 1965 0 2087 2087 0 2090 2090 0 1965 1965 0 2089 2089 0 2091 2091 0 2088 2088 0 2091 2091 0 2089 2089 0 1963 1963 0 2091 2091 0 1963 1963 0 2092 2092 0 2092 2092 0 1963 1963 0 1966 1966 0 1967 1967 0 2093 2093 0 1968 1968 0 1967 1967 0 2094 2094 0 2093 2093 0 1967 1967 0 1965 1965 0 2094 2094 0 1965 1965 0 2090 2090 0 2094 2094 0 1966 1966 0 1969 1969 0 2092 2092 0 2092 2092 0 1969 1969 0 2095 2095 0 2093 2093 0 2096 2096 0 1970 1970 0 1968 1968 0 2093 2093 0 1970 1970 0 2097 2097 0 2093 2093 0 2094 2094 0 2096 2096 0 2093 2093 0 2097 2097 0 1969 1969 0 1971 1971 0 2095 2095 0 2095 2095 0 1971 1971 0 2098 2098 0 2096 2096 0 2099 2099 0 1972 1972 0 1970 1970 0 2096 2096 0 1972 1972 0 2100 2100 0 2096 2096 0 2097 2097 0 2099 2099 0 2096 2096 0 2100 2100 0 1971 1971 0 1973 1973 0 2098 2098 0 2098 2098 0 1973 1973 0 2101 2101 0 1972 1972 0 2099 2099 0 1974 1974 0 2099 2099 0 1976 1976 0 1974 1974 0 2099 2099 0 2100 2100 0 1976 1976 0 2100 2100 0 2102 2102 0 1976 1976 0 1973 1973 0 1977 1977 0 2101 2101 0 2101 2101 0 1977 1977 0 2103 2103 0 1976 1976 0 2102 2102 0 1979 1979 0 2102 2102 0 2104 2104 0 1979 1979 0 1977 1977 0 1980 1980 0 2103 2103 0 2103 2103 0 1980 1980 0 2105 2105 0 1979 1979 0 2104 2104 0 1982 1982 0 2104 2104 0 2106 2106 0 1982 1982 0 2109 2109 0 2108 2108 0 2107 2107 0 2109 2109 0 2107 2107 0 2105 2105 0 2109 2109 0 2105 2105 0 1983 1983 0 1983 1983 0 2105 2105 0 1980 1980 0 1982 1982 0 2106 2106 0 1984 1984 0 2106 2106 0 2110 2110 0 1984 1984 0 1985 1985 0 2108 2108 0 2109 2109 0 1985 1985 0 1986 1986 0 2108 2108 0 1986 1986 0 2111 2111 0 2108 2108 0 1983 1983 0 1985 1985 0 2109 2109 0 2112 2112 0 2113 2113 0 1988 1988 0 2112 2112 0 1988 1988 0 2110 2110 0 2110 2110 0 1988 1988 0 1984 1984 0 2112 2112 0 2114 2114 0 2113 2113 0 1986 1986 0 1989 1989 0 2111 2111 0 2111 2111 0 1989 1989 0 2115 2115 0 1988 1988 0 2113 2113 0 1990 1990 0 2113 2113 0 1992 1992 0 1990 1990 0 2113 2113 0 2114 2114 0 1992 1992 0 2114 2114 0 2116 2116 0 1992 1992 0 1993 1993 0 2118 2118 0 2117 2117 0 1994 1994 0 2118 2118 0 1993 1993 0 2115 2115 0 1989 1989 0 1993 1993 0 2117 2117 0 2115 2115 0 1993 1993 0 2119 2119 0 2120 2120 0 1996 1996 0 2119 2119 0 1996 1996 0 2116 2116 0 2116 2116 0 1996 1996 0 1992 1992 0 2119 2119 0 2121 2121 0 2120 2120 0 2124 2124 0 2123 2123 0 2122 2122 0 2124 2124 0 2122 2122 0 2118 2118 0 2124 2124 0 2118 2118 0 1997 1997 0 1997 1997 0 2118 2118 0 1994 1994 0 1996 1996 0 2120 2120 0 1998 1998 0 1999 1999 0 2125 2125 0 2126 2126 0 1998 1998 0 2125 2125 0 1999 1999 0 1998 1998 0 2121 2121 0 2125 2125 0 1998 1998 0 2120 2120 0 2121 2121 0 2125 2125 0 2127 2127 0 2126 2126 0 2000 2000 0 2123 2123 0 2124 2124 0 2000 2000 0 2001 2001 0 2123 2123 0 2001 2001 0 2128 2128 0 2123 2123 0 1997 1997 0 2000 2000 0 2124 2124 0 1999 1999 0 2126 2126 0 2002 2002 0 2003 2003 0 2129 2129 0 2130 2130 0 2002 2002 0 2129 2129 0 2003 2003 0 2002 2002 0 2127 2127 0 2129 2129 0 2002 2002 0 2126 2126 0 2127 2127 0 2129 2129 0 2131 2131 0 2130 2130 0 2004 2004 0 2133 2133 0 2132 2132 0 2005 2005 0 2133 2133 0 2004 2004 0 2128 2128 0 2001 2001 0 2004 2004 0 2132 2132 0 2128 2128 0 2004 2004 0 2003 2003 0 2130 2130 0 2007 2007 0 2008 2008 0 2134 2134 0 2135 2135 0 2007 2007 0 2134 2134 0 2008 2008 0 2007 2007 0 2131 2131 0 2134 2134 0 2007 2007 0 2130 2130 0 2131 2131 0 2134 2134 0 2136 2136 0 2135 2135 0 2009 2009 0 2138 2138 0 2137 2137 0 2010 2010 0 2138 2138 0 2009 2009 0 2133 2133 0 2005 2005 0 2009 2009 0 2137 2137 0 2133 2133 0 2009 2009 0 2008 2008 0 2135 2135 0 2012 2012 0 2135 2135 0 2136 2136 0 2139 2139 0 2135 2135 0 2139 2139 0 2012 2012 0 2012 2012 0 2139 2139 0 2013 2013 0 2139 2139 0 2015 2015 0 2013 2013 0 2140 2140 0 2015 2015 0 2139 2139 0 2143 2143 0 2142 2142 0 2141 2141 0 2143 2143 0 2016 2016 0 2017 2017 0 2143 2143 0 2141 2141 0 2016 2016 0 2141 2141 0 2144 2144 0 2016 2016 0 2138 2138 0 2010 2010 0 2016 2016 0 2144 2144 0 2138 2138 0 2016 2016 0 2015 2015 0 2140 2140 0 2145 2145 0 2018 2018 0 2015 2015 0 2145 2145 0 2019 2019 0 2018 2018 0 2146 2146 0 2018 2018 0 2145 2145 0 2146 2146 0 2021 2021 0 2147 2147 0 2148 2148 0 2021 2021 0 2019 2019 0 2147 2147 0 2019 2019 0 2146 2146 0 2147 2147 0 2147 2147 0 2149 2149 0 2148 2148 0 2152 2152 0 2151 2151 0 2150 2150 0 2152 2152 0 2153 2153 0 2154 2154 0 2150 2150 0 2153 2153 0 2152 2152 0 2154 2154 0 2022 2022 0 2023 2023 0 2154 2154 0 2153 2153 0 2022 2022 0 2153 2153 0 2155 2155 0 2022 2022 0 2142 2142 0 2143 2143 0 2024 2024 0 2142 2142 0 2024 2024 0 2155 2155 0 2155 2155 0 2024 2024 0 2022 2022 0 2017 2017 0 2024 2024 0 2143 2143 0 2021 2021 0 2148 2148 0 2025 2025 0 2148 2148 0 2149 2149 0 2156 2156 0 2148 2148 0 2156 2156 0 2025 2025 0 2025 2025 0 2156 2156 0 2026 2026 0 2027 2027 0 2026 2026 0 2157 2157 0 2026 2026 0 2156 2156 0 2157 2157 0 2028 2028 0 2027 2027 0 2158 2158 0 2027 2027 0 2157 2157 0 2158 2158 0 2030 2030 0 2028 2028 0 2159 2159 0 2028 2028 0 2158 2158 0 2159 2159 0 2032 2032 0 2030 2030 0 2160 2160 0 2030 2030 0 2159 2159 0 2160 2160 0 2034 2034 0 2032 2032 0 2161 2161 0 2032 2032 0 2160 2160 0 2161 2161 0 2151 2151 0 2152 2152 0 2035 2035 0 2151 2151 0 2035 2035 0 2161 2161 0 2161 2161 0 2035 2035 0 2034 2034 0 2036 2036 0 2035 2035 0 2152 2152 0 2154 2154 0 2036 2036 0 2152 2152 0 2023 2023 0 2036 2036 0 2154 2154 0 2039 2039 0 2162 2162 0 2040 2040 0 2039 2039 0 2041 2041 0 2163 2163 0 2162 2162 0 2039 2039 0 2163 2163 0 2165 2165 0 2163 2163 0 2041 2041 0 2165 2165 0 2041 2041 0 2164 2164 0 2164 2164 0 2041 2041 0 2042 2042 0 2043 2043 0 2166 2166 0 2042 2042 0 2042 2042 0 2166 2166 0 2164 2164 0 2044 2044 0 2167 2167 0 2043 2043 0 2043 2043 0 2167 2167 0 2166 2166 0 2045 2045 0 2168 2168 0 2044 2044 0 2044 2044 0 2168 2168 0 2167 2167 0 2170 2170 0 2169 2169 0 2168 2168 0 2170 2170 0 2168 2168 0 2046 2046 0 2046 2046 0 2168 2168 0 2045 2045 0 2046 2046 0 2047 2047 0 2171 2171 0 2170 2170 0 2046 2046 0 2171 2171 0 2047 2047 0 2048 2048 0 2172 2172 0 2171 2171 0 2047 2047 0 2172 2172 0 2048 2048 0 2049 2049 0 2172 2172 0 2052 2052 0 2173 2173 0 2053 2053 0 2175 2175 0 2173 2173 0 2052 2052 0 2175 2175 0 2052 2052 0 2174 2174 0 2174 2174 0 2052 2052 0 2054 2054 0 2162 2162 0 2054 2054 0 2040 2040 0 2162 2162 0 2176 2176 0 2054 2054 0 2176 2176 0 2174 2174 0 2054 2054 0 2163 2163 0 2176 2176 0 2162 2162 0 2177 2177 0 2176 2176 0 2163 2163 0 2165 2165 0 2177 2177 0 2163 2163 0 2170 2170 0 2178 2178 0 2169 2169 0 2171 2171 0 2178 2178 0 2170 2170 0 2179 2179 0 2178 2178 0 2171 2171 0 2172 2172 0 2179 2179 0 2171 2171 0 2180 2180 0 2179 2179 0 2172 2172 0 2049 2049 0 2180 2180 0 2172 2172 0 2049 2049 0 2055 2055 0 2180 2180 0 2055 2055 0 2181 2181 0 2180 2180 0 2183 2183 0 2182 2182 0 2181 2181 0 2183 2183 0 2181 2181 0 2056 2056 0 2056 2056 0 2181 2181 0 2055 2055 0 2056 2056 0 2057 2057 0 2183 2183 0 2059 2059 0 2184 2184 0 2060 2060 0 2186 2186 0 2184 2184 0 2059 2059 0 2186 2186 0 2059 2059 0 2185 2185 0 2185 2185 0 2059 2059 0 2061 2061 0 2173 2173 0 2061 2061 0 2053 2053 0 2173 2173 0 2187 2187 0 2061 2061 0 2187 2187 0 2185 2185 0 2061 2061 0 2175 2175 0 2187 2187 0 2173 2173 0 2183 2183 0 2188 2188 0 2182 2182 0 2190 2190 0 2189 2189 0 2188 2188 0 2062 2062 0 2190 2190 0 2188 2188 0 2062 2062 0 2188 2188 0 2183 2183 0 2062 2062 0 2183 2183 0 2057 2057 0 2062 2062 0 2063 2063 0 2190 2190 0 2065 2065 0 2191 2191 0 2066 2066 0 2065 2065 0 2193 2193 0 2191 2191 0 2060 2060 0 2193 2193 0 2065 2065 0 2060 2060 0 2192 2192 0 2193 2193 0 2060 2060 0 2184 2184 0 2192 2192 0 2186 2186 0 2192 2192 0 2184 2184 0 2190 2190 0 2194 2194 0 2189 2189 0 2063 2063 0 2194 2194 0 2190 2190 0 2063 2063 0 2067 2067 0 2194 2194 0 2067 2067 0 2195 2195 0 2194 2194 0 2195 2195 0 2067 2067 0 2068 2068 0 2196 2196 0 2195 2195 0 2068 2068 0 2070 2070 0 2197 2197 0 2071 2071 0 2070 2070 0 2199 2199 0 2197 2197 0 2066 2066 0 2199 2199 0 2070 2070 0 2066 2066 0 2198 2198 0 2199 2199 0 2066 2066 0 2191 2191 0 2198 2198 0 2193 2193 0 2198 2198 0 2191 2191 0 2068 2068 0 2200 2200 0 2196 2196 0 2072 2072 0 2200 2200 0 2068 2068 0 2200 2200 0 2072 2072 0 2073 2073 0 2201 2201 0 2200 2200 0 2073 2073 0 2197 2197 0 2202 2202 0 2203 2203 0 2197 2197 0 2203 2203 0 2071 2071 0 2071 2071 0 2203 2203 0 2076 2076 0 2199 2199 0 2202 2202 0 2197 2197 0 2205 2205 0 2073 2073 0 2077 2077 0 2205 2205 0 2204 2204 0 2073 2073 0 2204 2204 0 2201 2201 0 2073 2073 0 2077 2077 0 2078 2078 0 2205 2205 0 2080 2080 0 2206 2206 0 2081 2081 0 2080 2080 0 2207 2207 0 2206 2206 0 2080 2080 0 2076 2076 0 2207 2207 0 2076 2076 0 2203 2203 0 2207 2207 0 2205 2205 0 2208 2208 0 2204 2204 0 2210 2210 0 2209 2209 0 2208 2208 0 2082 2082 0 2210 2210 0 2208 2208 0 2082 2082 0 2208 2208 0 2205 2205 0 2082 2082 0 2205 2205 0 2078 2078 0 2082 2082 0 2083 2083 0 2210 2210 0 2084 2084 0 2211 2211 0 2085 2085 0 2084 2084 0 2213 2213 0 2211 2211 0 2081 2081 0 2213 2213 0 2084 2084 0 2081 2081 0 2212 2212 0 2213 2213 0 2081 2081 0 2206 2206 0 2212 2212 0 2207 2207 0 2212 2212 0 2206 2206 0 2215 2215 0 2209 2209 0 2210 2210 0 2214 2214 0 2209 2209 0 2215 2215 0 2083 2083 0 2086 2086 0 2215 2215 0 2210 2210 0 2083 2083 0 2215 2215 0 2211 2211 0 2216 2216 0 2087 2087 0 2085 2085 0 2211 2211 0 2087 2087 0 2217 2217 0 2211 2211 0 2213 2213 0 2216 2216 0 2211 2211 0 2217 2217 0 2215 2215 0 2218 2218 0 2214 2214 0 2218 2218 0 2215 2215 0 2086 2086 0 2218 2218 0 2086 2086 0 2219 2219 0 2219 2219 0 2086 2086 0 2088 2088 0 2216 2216 0 2220 2220 0 2221 2221 0 2216 2216 0 2221 2221 0 2087 2087 0 2087 2087 0 2221 2221 0 2090 2090 0 2217 2217 0 2220 2220 0 2216 2216 0 2223 2223 0 2088 2088 0 2091 2091 0 2223 2223 0 2222 2222 0 2088 2088 0 2222 2222 0 2219 2219 0 2088 2088 0 2091 2091 0 2092 2092 0 2223 2223 0 2090 2090 0 2221 2221 0 2094 2094 0 2221 2221 0 2224 2224 0 2094 2094 0 2226 2226 0 2222 2222 0 2223 2223 0 2225 2225 0 2222 2222 0 2226 2226 0 2092 2092 0 2095 2095 0 2226 2226 0 2223 2223 0 2092 2092 0 2226 2226 0 2094 2094 0 2224 2224 0 2097 2097 0 2224 2224 0 2227 2227 0 2097 2097 0 2229 2229 0 2225 2225 0 2226 2226 0 2228 2228 0 2225 2225 0 2229 2229 0 2095 2095 0 2098 2098 0 2229 2229 0 2226 2226 0 2095 2095 0 2229 2229 0 2097 2097 0 2227 2227 0 2100 2100 0 2227 2227 0 2230 2230 0 2100 2100 0 2232 2232 0 2228 2228 0 2229 2229 0 2231 2231 0 2228 2228 0 2232 2232 0 2098 2098 0 2101 2101 0 2232 2232 0 2229 2229 0 2098 2098 0 2232 2232 0 2100 2100 0 2230 2230 0 2102 2102 0 2230 2230 0 2233 2233 0 2102 2102 0 2235 2235 0 2231 2231 0 2232 2232 0 2234 2234 0 2231 2231 0 2235 2235 0 2101 2101 0 2103 2103 0 2235 2235 0 2232 2232 0 2101 2101 0 2235 2235 0 2102 2102 0 2233 2233 0 2104 2104 0 2233 2233 0 2236 2236 0 2104 2104 0 2238 2238 0 2234 2234 0 2235 2235 0 2237 2237 0 2234 2234 0 2238 2238 0 2103 2103 0 2105 2105 0 2238 2238 0 2235 2235 0 2103 2103 0 2238 2238 0 2239 2239 0 2240 2240 0 2106 2106 0 2239 2239 0 2106 2106 0 2236 2236 0 2236 2236 0 2106 2106 0 2104 2104 0 2239 2239 0 2241 2241 0 2240 2240 0 2107 2107 0 2237 2237 0 2238 2238 0 2107 2107 0 2108 2108 0 2237 2237 0 2108 2108 0 2242 2242 0 2237 2237 0 2105 2105 0 2107 2107 0 2238 2238 0 2240 2240 0 2243 2243 0 2110 2110 0 2106 2106 0 2240 2240 0 2110 2110 0 2244 2244 0 2240 2240 0 2241 2241 0 2243 2243 0 2240 2240 0 2244 2244 0 2247 2247 0 2246 2246 0 2245 2245 0 2247 2247 0 2245 2245 0 2242 2242 0 2247 2247 0 2242 2242 0 2111 2111 0 2111 2111 0 2242 2242 0 2108 2108 0 2110 2110 0 2243 2243 0 2112 2112 0 2243 2243 0 2114 2114 0 2112 2112 0 2243 2243 0 2244 2244 0 2114 2114 0 2244 2244 0 2248 2248 0 2114 2114 0 2250 2250 0 2246 2246 0 2247 2247 0 2249 2249 0 2246 2246 0 2250 2250 0 2111 2111 0 2115 2115 0 2250 2250 0 2247 2247 0 2111 2111 0 2250 2250 0 2251 2251 0 2252 2252 0 2116 2116 0 2251 2251 0 2116 2116 0 2248 2248 0 2248 2248 0 2116 2116 0 2114 2114 0 2251 2251 0 2253 2253 0 2252 2252 0 2256 2256 0 2255 2255 0 2254 2254 0 2249 2249 0 2256 2256 0 2254 2254 0 2250 2250 0 2256 2256 0 2249 2249 0 2250 2250 0 2118 2118 0 2256 2256 0 2250 2250 0 2117 2117 0 2118 2118 0 2115 2115 0 2117 2117 0 2250 2250 0 2116 2116 0 2252 2252 0 2119 2119 0 2121 2121 0 2257 2257 0 2258 2258 0 2119 2119 0 2257 2257 0 2121 2121 0 2119 2119 0 2253 2253 0 2257 2257 0 2119 2119 0 2252 2252 0 2253 2253 0 2257 2257 0 2259 2259 0 2258 2258 0 2122 2122 0 2255 2255 0 2256 2256 0 2122 2122 0 2123 2123 0 2255 2255 0 2123 2123 0 2260 2260 0 2255 2255 0 2118 2118 0 2122 2122 0 2256 2256 0 2121 2121 0 2258 2258 0 2125 2125 0 2258 2258 0 2127 2127 0 2125 2125 0 2258 2258 0 2259 2259 0 2127 2127 0 2259 2259 0 2261 2261 0 2127 2127 0 2264 2264 0 2263 2263 0 2262 2262 0 2264 2264 0 2262 2262 0 2260 2260 0 2264 2264 0 2260 2260 0 2128 2128 0 2128 2128 0 2260 2260 0 2123 2123 0 2127 2127 0 2261 2261 0 2265 2265 0 2129 2129 0 2127 2127 0 2265 2265 0 2265 2265 0 2131 2131 0 2129 2129 0 2266 2266 0 2131 2131 0 2265 2265 0 2269 2269 0 2268 2268 0 2267 2267 0 2263 2263 0 2269 2269 0 2267 2267 0 2264 2264 0 2269 2269 0 2263 2263 0 2264 2264 0 2133 2133 0 2269 2269 0 2264 2264 0 2132 2132 0 2133 2133 0 2128 2128 0 2132 2132 0 2264 2264 0 2131 2131 0 2266 2266 0 2270 2270 0 2134 2134 0 2131 2131 0 2270 2270 0 2136 2136 0 2271 2271 0 2272 2272 0 2136 2136 0 2134 2134 0 2271 2271 0 2134 2134 0 2270 2270 0 2271 2271 0 2271 2271 0 2273 2273 0 2272 2272 0 2276 2276 0 2275 2275 0 2274 2274 0 2268 2268 0 2276 2276 0 2274 2274 0 2269 2269 0 2276 2276 0 2268 2268 0 2269 2269 0 2138 2138 0 2276 2276 0 2269 2269 0 2137 2137 0 2138 2138 0 2133 2133 0 2137 2137 0 2269 2269 0 2136 2136 0 2272 2272 0 2139 2139 0 2140 2140 0 2277 2277 0 2278 2278 0 2139 2139 0 2277 2277 0 2140 2140 0 2139 2139 0 2273 2273 0 2277 2277 0 2139 2139 0 2272 2272 0 2273 2273 0 2278 2278 0 2279 2279 0 2280 2280 0 2277 2277 0 2279 2279 0 2278 2278 0 2279 2279 0 2281 2281 0 2280 2280 0 2284 2284 0 2283 2283 0 2282 2282 0 2284 2284 0 2141 2141 0 2142 2142 0 2284 2284 0 2282 2282 0 2141 2141 0 2282 2282 0 2285 2285 0 2141 2141 0 2275 2275 0 2276 2276 0 2144 2144 0 2275 2275 0 2144 2144 0 2285 2285 0 2285 2285 0 2144 2144 0 2141 2141 0 2138 2138 0 2144 2144 0 2276 2276 0 2140 2140 0 2278 2278 0 2145 2145 0 2146 2146 0 2145 2145 0 2278 2278 0 2280 2280 0 2146 2146 0 2278 2278 0 2280 2280 0 2281 2281 0 2286 2286 0 2280 2280 0 2286 2286 0 2146 2146 0 2146 2146 0 2286 2286 0 2147 2147 0 2149 2149 0 2287 2287 0 2288 2288 0 2149 2149 0 2147 2147 0 2287 2287 0 2147 2147 0 2286 2286 0 2287 2287 0 2288 2288 0 2289 2289 0 2290 2290 0 2287 2287 0 2289 2289 0 2288 2288 0 2290 2290 0 2291 2291 0 2292 2292 0 2289 2289 0 2291 2291 0 2290 2290 0 2292 2292 0 2293 2293 0 2294 2294 0 2291 2291 0 2293 2293 0 2292 2292 0 2294 2294 0 2295 2295 0 2296 2296 0 2293 2293 0 2295 2295 0 2294 2294 0 2296 2296 0 2297 2297 0 2298 2298 0 2295 2295 0 2297 2297 0 2296 2296 0 2298 2298 0 2150 2150 0 2151 2151 0 2298 2298 0 2297 2297 0 2150 2150 0 2297 2297 0 2299 2299 0 2150 2150 0 2153 2153 0 2150 2150 0 2300 2300 0 2150 2150 0 2299 2299 0 2300 2300 0 2283 2283 0 2284 2284 0 2155 2155 0 2283 2283 0 2155 2155 0 2300 2300 0 2300 2300 0 2155 2155 0 2153 2153 0 2142 2142 0 2155 2155 0 2284 2284 0 2149 2149 0 2288 2288 0 2156 2156 0 2157 2157 0 2156 2156 0 2288 2288 0 2290 2290 0 2157 2157 0 2288 2288 0 2158 2158 0 2157 2157 0 2290 2290 0 2292 2292 0 2158 2158 0 2290 2290 0 2159 2159 0 2158 2158 0 2292 2292 0 2294 2294 0 2159 2159 0 2292 2292 0 2160 2160 0 2159 2159 0 2294 2294 0 2296 2296 0 2160 2160 0 2294 2294 0 2161 2161 0 2160 2160 0 2296 2296 0 2298 2298 0 2161 2161 0 2296 2296 0 2151 2151 0 2161 2161 0 2298 2298 0 2164 2164 0 2301 2301 0 2165 2165 0 2164 2164 0 2166 2166 0 2302 2302 0 2301 2301 0 2164 2164 0 2302 2302 0 2166 2166 0 2167 2167 0 2303 2303 0 2302 2302 0 2166 2166 0 2303 2303 0 2167 2167 0 2168 2168 0 2304 2304 0 2303 2303 0 2167 2167 0 2304 2304 0 2168 2168 0 2169 2169 0 2304 2304 0 2174 2174 0 2305 2305 0 2175 2175 0 2307 2307 0 2305 2305 0 2174 2174 0 2307 2307 0 2174 2174 0 2306 2306 0 2306 2306 0 2174 2174 0 2176 2176 0 2177 2177 0 2308 2308 0 2176 2176 0 2176 2176 0 2308 2308 0 2306 2306 0 2301 2301 0 2177 2177 0 2165 2165 0 2301 2301 0 2309 2309 0 2177 2177 0 2309 2309 0 2308 2308 0 2177 2177 0 2302 2302 0 2309 2309 0 2301 2301 0 2310 2310 0 2309 2309 0 2302 2302 0 2303 2303 0 2310 2310 0 2302 2302 0 2311 2311 0 2310 2310 0 2303 2303 0 2304 2304 0 2311 2311 0 2303 2303 0 2312 2312 0 2311 2311 0 2304 2304 0 2169 2169 0 2312 2312 0 2304 2304 0 2169 2169 0 2178 2178 0 2312 2312 0 2178 2178 0 2313 2313 0 2312 2312 0 2179 2179 0 2314 2314 0 2178 2178 0 2178 2178 0 2314 2314 0 2313 2313 0 2316 2316 0 2315 2315 0 2314 2314 0 2316 2316 0 2314 2314 0 2180 2180 0 2180 2180 0 2314 2314 0 2179 2179 0 2180 2180 0 2181 2181 0 2317 2317 0 2316 2316 0 2180 2180 0 2317 2317 0 2181 2181 0 2182 2182 0 2317 2317 0 2185 2185 0 2318 2318 0 2186 2186 0 2320 2320 0 2318 2318 0 2185 2185 0 2320 2320 0 2185 2185 0 2319 2319 0 2319 2319 0 2185 2185 0 2187 2187 0 2305 2305 0 2187 2187 0 2175 2175 0 2305 2305 0 2321 2321 0 2187 2187 0 2321 2321 0 2319 2319 0 2187 2187 0 2307 2307 0 2321 2321 0 2305 2305 0 2316 2316 0 2322 2322 0 2315 2315 0 2317 2317 0 2322 2322 0 2316 2316 0 2323 2323 0 2322 2322 0 2317 2317 0 2325 2325 0 2324 2324 0 2323 2323 0 2188 2188 0 2325 2325 0 2323 2323 0 2188 2188 0 2323 2323 0 2317 2317 0 2188 2188 0 2317 2317 0 2182 2182 0 2188 2188 0 2189 2189 0 2325 2325 0 2192 2192 0 2326 2326 0 2193 2193 0 2192 2192 0 2328 2328 0 2326 2326 0 2186 2186 0 2328 2328 0 2192 2192 0 2186 2186 0 2327 2327 0 2328 2328 0 2186 2186 0 2318 2318 0 2327 2327 0 2320 2320 0 2327 2327 0 2318 2318 0 2325 2325 0 2329 2329 0 2324 2324 0 2189 2189 0 2329 2329 0 2325 2325 0 2189 2189 0 2194 2194 0 2329 2329 0 2194 2194 0 2330 2330 0 2329 2329 0 2332 2332 0 2331 2331 0 2330 2330 0 2332 2332 0 2330 2330 0 2195 2195 0 2195 2195 0 2330 2330 0 2194 2194 0 2195 2195 0 2196 2196 0 2332 2332 0 2198 2198 0 2333 2333 0 2199 2199 0 2198 2198 0 2335 2335 0 2333 2333 0 2193 2193 0 2335 2335 0 2198 2198 0 2193 2193 0 2334 2334 0 2335 2335 0 2193 2193 0 2326 2326 0 2334 2334 0 2328 2328 0 2334 2334 0 2326 2326 0 2332 2332 0 2336 2336 0 2331 2331 0 2338 2338 0 2337 2337 0 2336 2336 0 2200 2200 0 2338 2338 0 2336 2336 0 2200 2200 0 2336 2336 0 2332 2332 0 2200 2200 0 2332 2332 0 2196 2196 0 2200 2200 0 2201 2201 0 2338 2338 0 2202 2202 0 2339 2339 0 2203 2203 0 2202 2202 0 2341 2341 0 2339 2339 0 2199 2199 0 2341 2341 0 2202 2202 0 2199 2199 0 2340 2340 0 2341 2341 0 2199 2199 0 2333 2333 0 2340 2340 0 2335 2335 0 2340 2340 0 2333 2333 0 2338 2338 0 2342 2342 0 2337 2337 0 2342 2342 0 2338 2338 0 2201 2201 0 2342 2342 0 2201 2201 0 2343 2343 0 2343 2343 0 2201 2201 0 2204 2204 0 2339 2339 0 2344 2344 0 2345 2345 0 2339 2339 0 2345 2345 0 2203 2203 0 2203 2203 0 2345 2345 0 2207 2207 0 2341 2341 0 2344 2344 0 2339 2339 0 2347 2347 0 2204 2204 0 2208 2208 0 2347 2347 0 2346 2346 0 2204 2204 0 2346 2346 0 2343 2343 0 2204 2204 0 2208 2208 0 2209 2209 0 2347 2347 0 2212 2212 0 2348 2348 0 2213 2213 0 2212 2212 0 2349 2349 0 2348 2348 0 2212 2212 0 2207 2207 0 2349 2349 0 2207 2207 0 2345 2345 0 2349 2349 0 2347 2347 0 2350 2350 0 2346 2346 0 2350 2350 0 2347 2347 0 2209 2209 0 2350 2350 0 2209 2209 0 2351 2351 0 2351 2351 0 2209 2209 0 2214 2214 0 2348 2348 0 2352 2352 0 2353 2353 0 2348 2348 0 2353 2353 0 2213 2213 0 2213 2213 0 2353 2353 0 2217 2217 0 2349 2349 0 2352 2352 0 2348 2348 0 2355 2355 0 2214 2214 0 2218 2218 0 2355 2355 0 2354 2354 0 2214 2214 0 2354 2354 0 2351 2351 0 2214 2214 0 2218 2218 0 2219 2219 0 2355 2355 0 2220 2220 0 2356 2356 0 2221 2221 0 2220 2220 0 2357 2357 0 2356 2356 0 2220 2220 0 2217 2217 0 2357 2357 0 2217 2217 0 2353 2353 0 2357 2357 0 2355 2355 0 2358 2358 0 2354 2354 0 2358 2358 0 2355 2355 0 2219 2219 0 2358 2358 0 2219 2219 0 2359 2359 0 2359 2359 0 2219 2219 0 2222 2222 0 2356 2356 0 2360 2360 0 2224 2224 0 2221 2221 0 2356 2356 0 2224 2224 0 2361 2361 0 2356 2356 0 2357 2357 0 2360 2360 0 2356 2356 0 2361 2361 0 2222 2222 0 2225 2225 0 2359 2359 0 2359 2359 0 2225 2225 0 2362 2362 0 2360 2360 0 2363 2363 0 2227 2227 0 2224 2224 0 2360 2360 0 2227 2227 0 2364 2364 0 2360 2360 0 2361 2361 0 2363 2363 0 2360 2360 0 2364 2364 0 2225 2225 0 2228 2228 0 2362 2362 0 2362 2362 0 2228 2228 0 2365 2365 0 2363 2363 0 2366 2366 0 2230 2230 0 2227 2227 0 2363 2363 0 2230 2230 0 2367 2367 0 2363 2363 0 2364 2364 0 2366 2366 0 2363 2363 0 2367 2367 0 2228 2228 0 2231 2231 0 2365 2365 0 2365 2365 0 2231 2231 0 2368 2368 0 2366 2366 0 2369 2369 0 2233 2233 0 2230 2230 0 2366 2366 0 2233 2233 0 2370 2370 0 2366 2366 0 2367 2367 0 2369 2369 0 2366 2366 0 2370 2370 0 2231 2231 0 2234 2234 0 2368 2368 0 2368 2368 0 2234 2234 0 2371 2371 0 2369 2369 0 2372 2372 0 2236 2236 0 2233 2233 0 2369 2369 0 2236 2236 0 2373 2373 0 2369 2369 0 2370 2370 0 2372 2372 0 2369 2369 0 2373 2373 0 2234 2234 0 2237 2237 0 2371 2371 0 2371 2371 0 2237 2237 0 2374 2374 0 2236 2236 0 2372 2372 0 2239 2239 0 2372 2372 0 2241 2241 0 2239 2239 0 2372 2372 0 2373 2373 0 2241 2241 0 2373 2373 0 2375 2375 0 2241 2241 0 2378 2378 0 2377 2377 0 2376 2376 0 2378 2378 0 2376 2376 0 2374 2374 0 2378 2378 0 2374 2374 0 2242 2242 0 2242 2242 0 2374 2374 0 2237 2237 0 2379 2379 0 2380 2380 0 2244 2244 0 2379 2379 0 2244 2244 0 2375 2375 0 2375 2375 0 2244 2244 0 2241 2241 0 2379 2379 0 2381 2381 0 2380 2380 0 2245 2245 0 2377 2377 0 2378 2378 0 2245 2245 0 2246 2246 0 2377 2377 0 2246 2246 0 2382 2382 0 2377 2377 0 2242 2242 0 2245 2245 0 2378 2378 0 2380 2380 0 2383 2383 0 2248 2248 0 2244 2244 0 2380 2380 0 2248 2248 0 2384 2384 0 2380 2380 0 2381 2381 0 2383 2383 0 2380 2380 0 2384 2384 0 2387 2387 0 2386 2386 0 2385 2385 0 2387 2387 0 2385 2385 0 2382 2382 0 2387 2387 0 2382 2382 0 2249 2249 0 2249 2249 0 2382 2382 0 2246 2246 0 2248 2248 0 2383 2383 0 2251 2251 0 2253 2253 0 2388 2388 0 2389 2389 0 2251 2251 0 2388 2388 0 2253 2253 0 2251 2251 0 2384 2384 0 2388 2388 0 2251 2251 0 2383 2383 0 2384 2384 0 2388 2388 0 2390 2390 0 2389 2389 0 2254 2254 0 2386 2386 0 2387 2387 0 2254 2254 0 2255 2255 0 2386 2386 0 2255 2255 0 2391 2391 0 2386 2386 0 2249 2249 0 2254 2254 0 2387 2387 0 2253 2253 0 2389 2389 0 2257 2257 0 2389 2389 0 2259 2259 0 2257 2257 0 2389 2389 0 2390 2390 0 2259 2259 0 2390 2390 0 2392 2392 0 2259 2259 0 2395 2395 0 2394 2394 0 2393 2393 0 2395 2395 0 2393 2393 0 2391 2391 0 2395 2395 0 2391 2391 0 2260 2260 0 2260 2260 0 2391 2391 0 2255 2255 0 2396 2396 0 2397 2397 0 2261 2261 0 2396 2396 0 2261 2261 0 2392 2392 0 2392 2392 0 2261 2261 0 2259 2259 0 2396 2396 0 2398 2398 0 2397 2397 0 2401 2401 0 2400 2400 0 2399 2399 0 2394 2394 0 2401 2401 0 2399 2399 0 2395 2395 0 2401 2401 0 2394 2394 0 2395 2395 0 2263 2263 0 2401 2401 0 2395 2395 0 2262 2262 0 2263 2263 0 2260 2260 0 2262 2262 0 2395 2395 0 2261 2261 0 2397 2397 0 2265 2265 0 2266 2266 0 2402 2402 0 2403 2403 0 2265 2265 0 2402 2402 0 2266 2266 0 2265 2265 0 2398 2398 0 2402 2402 0 2265 2265 0 2397 2397 0 2398 2398 0 2402 2402 0 2404 2404 0 2403 2403 0 2407 2407 0 2406 2406 0 2405 2405 0 2400 2400 0 2407 2407 0 2405 2405 0 2401 2401 0 2407 2407 0 2400 2400 0 2401 2401 0 2268 2268 0 2407 2407 0 2401 2401 0 2267 2267 0 2268 2268 0 2263 2263 0 2267 2267 0 2401 2401 0 2266 2266 0 2403 2403 0 2270 2270 0 2403 2403 0 2404 2404 0 2408 2408 0 2403 2403 0 2408 2408 0 2270 2270 0 2270 2270 0 2408 2408 0 2271 2271 0 2273 2273 0 2409 2409 0 2410 2410 0 2273 2273 0 2271 2271 0 2409 2409 0 2271 2271 0 2408 2408 0 2409 2409 0 2409 2409 0 2411 2411 0 2410 2410 0 2414 2414 0 2413 2413 0 2412 2412 0 2414 2414 0 2415 2415 0 2416 2416 0 2412 2412 0 2415 2415 0 2414 2414 0 2406 2406 0 2416 2416 0 2415 2415 0 2407 2407 0 2416 2416 0 2406 2406 0 2407 2407 0 2275 2275 0 2416 2416 0 2407 2407 0 2274 2274 0 2275 2275 0 2268 2268 0 2274 2274 0 2407 2407 0 2273 2273 0 2410 2410 0 2277 2277 0 2410 2410 0 2411 2411 0 2417 2417 0 2410 2410 0 2417 2417 0 2277 2277 0 2277 2277 0 2417 2417 0 2279 2279 0 2281 2281 0 2418 2418 0 2419 2419 0 2281 2281 0 2279 2279 0 2418 2418 0 2279 2279 0 2417 2417 0 2418 2418 0 2418 2418 0 2420 2420 0 2419 2419 0 2423 2423 0 2422 2422 0 2421 2421 0 2423 2423 0 2424 2424 0 2425 2425 0 2421 2421 0 2424 2424 0 2423 2423 0 2413 2413 0 2425 2425 0 2424 2424 0 2414 2414 0 2425 2425 0 2413 2413 0 2414 2414 0 2283 2283 0 2425 2425 0 2414 2414 0 2282 2282 0 2283 2283 0 2285 2285 0 2282 2282 0 2414 2414 0 2416 2416 0 2285 2285 0 2414 2414 0 2275 2275 0 2285 2285 0 2416 2416 0 2281 2281 0 2419 2419 0 2286 2286 0 2419 2419 0 2420 2420 0 2426 2426 0 2419 2419 0 2426 2426 0 2286 2286 0 2286 2286 0 2426 2426 0 2287 2287 0 2289 2289 0 2287 2287 0 2427 2427 0 2287 2287 0 2426 2426 0 2427 2427 0 2291 2291 0 2289 2289 0 2428 2428 0 2289 2289 0 2427 2427 0 2428 2428 0 2293 2293 0 2291 2291 0 2429 2429 0 2291 2291 0 2428 2428 0 2429 2429 0 2295 2295 0 2293 2293 0 2430 2430 0 2293 2293 0 2429 2429 0 2430 2430 0 2297 2297 0 2295 2295 0 2431 2431 0 2295 2295 0 2430 2430 0 2431 2431 0 2422 2422 0 2423 2423 0 2299 2299 0 2422 2422 0 2299 2299 0 2431 2431 0 2431 2431 0 2299 2299 0 2297 2297 0 2300 2300 0 2299 2299 0 2423 2423 0 2425 2425 0 2300 2300 0 2423 2423 0 2283 2283 0 2300 2300 0 2425 2425 0 2306 2306 0 2432 2432 0 2307 2307 0 2306 2306 0 2308 2308 0 2433 2433 0 2432 2432 0 2306 2306 0 2433 2433 0 2308 2308 0 2309 2309 0 2434 2434 0 2433 2433 0 2308 2308 0 2434 2434 0 2309 2309 0 2310 2310 0 2435 2435 0 2434 2434 0 2309 2309 0 2435 2435 0 2310 2310 0 2311 2311 0 2436 2436 0 2435 2435 0 2310 2310 0 2436 2436 0 2311 2311 0 2312 2312 0 2437 2437 0 2436 2436 0 2311 2311 0 2437 2437 0 2312 2312 0 2313 2313 0 2438 2438 0 2437 2437 0 2312 2312 0 2438 2438 0 2313 2313 0 2314 2314 0 2439 2439 0 2438 2438 0 2313 2313 0 2439 2439 0 2314 2314 0 2315 2315 0 2439 2439 0 2319 2319 0 2440 2440 0 2320 2320 0 2319 2319 0 2321 2321 0 2441 2441 0 2440 2440 0 2319 2319 0 2441 2441 0 2321 2321 0 2443 2443 0 2441 2441 0 2307 2307 0 2443 2443 0 2321 2321 0 2307 2307 0 2442 2442 0 2443 2443 0 2307 2307 0 2432 2432 0 2442 2442 0 2433 2433 0 2442 2442 0 2432 2432 0 2444 2444 0 2442 2442 0 2433 2433 0 2434 2434 0 2444 2444 0 2433 2433 0 2445 2445 0 2444 2444 0 2434 2434 0 2435 2435 0 2445 2445 0 2434 2434 0 2446 2446 0 2445 2445 0 2435 2435 0 2436 2436 0 2446 2446 0 2435 2435 0 2447 2447 0 2446 2446 0 2436 2436 0 2437 2437 0 2447 2447 0 2436 2436 0 2448 2448 0 2447 2447 0 2437 2437 0 2438 2438 0 2448 2448 0 2437 2437 0 2449 2449 0 2448 2448 0 2438 2438 0 2439 2439 0 2449 2449 0 2438 2438 0 2450 2450 0 2449 2449 0 2439 2439 0 2315 2315 0 2450 2450 0 2439 2439 0 2315 2315 0 2322 2322 0 2450 2450 0 2322 2322 0 2451 2451 0 2450 2450 0 2453 2453 0 2452 2452 0 2451 2451 0 2453 2453 0 2451 2451 0 2323 2323 0 2323 2323 0 2451 2451 0 2322 2322 0 2323 2323 0 2324 2324 0 2453 2453 0 2327 2327 0 2454 2454 0 2328 2328 0 2327 2327 0 2456 2456 0 2454 2454 0 2320 2320 0 2456 2456 0 2327 2327 0 2320 2320 0 2455 2455 0 2456 2456 0 2320 2320 0 2440 2440 0 2455 2455 0 2441 2441 0 2455 2455 0 2440 2440 0 2457 2457 0 2455 2455 0 2441 2441 0 2443 2443 0 2457 2457 0 2441 2441 0 2453 2453 0 2458 2458 0 2452 2452 0 2460 2460 0 2459 2459 0 2458 2458 0 2329 2329 0 2460 2460 0 2458 2458 0 2329 2329 0 2458 2458 0 2453 2453 0 2329 2329 0 2453 2453 0 2324 2324 0 2329 2329 0 2330 2330 0 2461 2461 0 2460 2460 0 2329 2329 0 2461 2461 0 2330 2330 0 2331 2331 0 2461 2461 0 2334 2334 0 2462 2462 0 2335 2335 0 2334 2334 0 2464 2464 0 2462 2462 0 2328 2328 0 2464 2464 0 2334 2334 0 2328 2328 0 2463 2463 0 2464 2464 0 2328 2328 0 2454 2454 0 2463 2463 0 2456 2456 0 2463 2463 0 2454 2454 0 2460 2460 0 2465 2465 0 2459 2459 0 2461 2461 0 2465 2465 0 2460 2460 0 2466 2466 0 2465 2465 0 2461 2461 0 2468 2468 0 2467 2467 0 2466 2466 0 2336 2336 0 2468 2468 0 2466 2466 0 2336 2336 0 2466 2466 0 2461 2461 0 2336 2336 0 2461 2461 0 2331 2331 0 2336 2336 0 2337 2337 0 2468 2468 0 2340 2340 0 2469 2469 0 2341 2341 0 2340 2340 0 2471 2471 0 2469 2469 0 2335 2335 0 2471 2471 0 2340 2340 0 2335 2335 0 2470 2470 0 2471 2471 0 2335 2335 0 2462 2462 0 2470 2470 0 2464 2464 0 2470 2470 0 2462 2462 0 2468 2468 0 2472 2472 0 2467 2467 0 2474 2474 0 2473 2473 0 2472 2472 0 2342 2342 0 2474 2474 0 2472 2472 0 2342 2342 0 2472 2472 0 2468 2468 0 2342 2342 0 2468 2468 0 2337 2337 0 2342 2342 0 2343 2343 0 2474 2474 0 2344 2344 0 2475 2475 0 2345 2345 0 2344 2344 0 2477 2477 0 2475 2475 0 2341 2341 0 2477 2477 0 2344 2344 0 2341 2341 0 2476 2476 0 2477 2477 0 2341 2341 0 2469 2469 0 2476 2476 0 2471 2471 0 2476 2476 0 2469 2469 0 2479 2479 0 2473 2473 0 2474 2474 0 2478 2478 0 2473 2473 0 2479 2479 0 2343 2343 0 2346 2346 0 2479 2479 0 2474 2474 0 2343 2343 0 2479 2479 0 2475 2475 0 2480 2480 0 2349 2349 0 2345 2345 0 2475 2475 0 2349 2349 0 2481 2481 0 2475 2475 0 2477 2477 0 2480 2480 0 2475 2475 0 2481 2481 0 2479 2479 0 2482 2482 0 2478 2478 0 2484 2484 0 2483 2483 0 2482 2482 0 2350 2350 0 2484 2484 0 2482 2482 0 2350 2350 0 2482 2482 0 2479 2479 0 2350 2350 0 2479 2479 0 2346 2346 0 2350 2350 0 2351 2351 0 2484 2484 0 2352 2352 0 2485 2485 0 2353 2353 0 2352 2352 0 2487 2487 0 2485 2485 0 2349 2349 0 2487 2487 0 2352 2352 0 2349 2349 0 2486 2486 0 2487 2487 0 2349 2349 0 2480 2480 0 2486 2486 0 2481 2481 0 2486 2486 0 2480 2480 0 2489 2489 0 2483 2483 0 2484 2484 0 2488 2488 0 2483 2483 0 2489 2489 0 2351 2351 0 2354 2354 0 2489 2489 0 2484 2484 0 2351 2351 0 2489 2489 0 2485 2485 0 2490 2490 0 2357 2357 0 2353 2353 0 2485 2485 0 2357 2357 0 2491 2491 0 2485 2485 0 2487 2487 0 2490 2490 0 2485 2485 0 2491 2491 0 2489 2489 0 2492 2492 0 2488 2488 0 2494 2494 0 2493 2493 0 2492 2492 0 2358 2358 0 2494 2494 0 2492 2492 0 2358 2358 0 2492 2492 0 2489 2489 0 2358 2358 0 2489 2489 0 2354 2354 0 2358 2358 0 2359 2359 0 2494 2494 0 2490 2490 0 2495 2495 0 2361 2361 0 2357 2357 0 2490 2490 0 2361 2361 0 2496 2496 0 2490 2490 0 2491 2491 0 2495 2495 0 2490 2490 0 2496 2496 0 2498 2498 0 2493 2493 0 2494 2494 0 2497 2497 0 2493 2493 0 2498 2498 0 2359 2359 0 2362 2362 0 2498 2498 0 2494 2494 0 2359 2359 0 2498 2498 0 2495 2495 0 2499 2499 0 2500 2500 0 2495 2495 0 2500 2500 0 2361 2361 0 2361 2361 0 2500 2500 0 2364 2364 0 2496 2496 0 2499 2499 0 2495 2495 0 2502 2502 0 2497 2497 0 2498 2498 0 2501 2501 0 2497 2497 0 2502 2502 0 2362 2362 0 2365 2365 0 2502 2502 0 2498 2498 0 2362 2362 0 2502 2502 0 2364 2364 0 2500 2500 0 2367 2367 0 2500 2500 0 2503 2503 0 2367 2367 0 2505 2505 0 2501 2501 0 2502 2502 0 2504 2504 0 2501 2501 0 2505 2505 0 2365 2365 0 2368 2368 0 2505 2505 0 2502 2502 0 2365 2365 0 2505 2505 0 2367 2367 0 2503 2503 0 2370 2370 0 2503 2503 0 2506 2506 0 2370 2370 0 2508 2508 0 2504 2504 0 2505 2505 0 2507 2507 0 2504 2504 0 2508 2508 0 2368 2368 0 2371 2371 0 2508 2508 0 2505 2505 0 2368 2368 0 2508 2508 0 2509 2509 0 2510 2510 0 2373 2373 0 2509 2509 0 2373 2373 0 2506 2506 0 2506 2506 0 2373 2373 0 2370 2370 0 2509 2509 0 2511 2511 0 2510 2510 0 2513 2513 0 2507 2507 0 2508 2508 0 2512 2512 0 2507 2507 0 2513 2513 0 2371 2371 0 2374 2374 0 2513 2513 0 2508 2508 0 2371 2371 0 2513 2513 0 2510 2510 0 2514 2514 0 2375 2375 0 2373 2373 0 2510 2510 0 2375 2375 0 2515 2515 0 2510 2510 0 2511 2511 0 2514 2514 0 2510 2510 0 2515 2515 0 2376 2376 0 2512 2512 0 2513 2513 0 2376 2376 0 2377 2377 0 2512 2512 0 2377 2377 0 2516 2516 0 2512 2512 0 2374 2374 0 2376 2376 0 2513 2513 0 2375 2375 0 2514 2514 0 2379 2379 0 2514 2514 0 2381 2381 0 2379 2379 0 2514 2514 0 2515 2515 0 2381 2381 0 2515 2515 0 2517 2517 0 2381 2381 0 2520 2520 0 2519 2519 0 2518 2518 0 2520 2520 0 2518 2518 0 2516 2516 0 2520 2520 0 2516 2516 0 2382 2382 0 2382 2382 0 2516 2516 0 2377 2377 0 2521 2521 0 2522 2522 0 2384 2384 0 2521 2521 0 2384 2384 0 2517 2517 0 2517 2517 0 2384 2384 0 2381 2381 0 2521 2521 0 2523 2523 0 2522 2522 0 2526 2526 0 2525 2525 0 2524 2524 0 2519 2519 0 2526 2526 0 2524 2524 0 2520 2520 0 2526 2526 0 2519 2519 0 2520 2520 0 2386 2386 0 2526 2526 0 2520 2520 0 2385 2385 0 2386 2386 0 2382 2382 0 2385 2385 0 2520 2520 0 2384 2384 0 2522 2522 0 2388 2388 0 2390 2390 0 2527 2527 0 2528 2528 0 2388 2388 0 2527 2527 0 2390 2390 0 2388 2388 0 2523 2523 0 2527 2527 0 2388 2388 0 2522 2522 0 2523 2523 0 2527 2527 0 2529 2529 0 2528 2528 0 2531 2531 0 2525 2525 0 2526 2526 0 2530 2530 0 2525 2525 0 2531 2531 0 2386 2386 0 2391 2391 0 2531 2531 0 2526 2526 0 2386 2386 0 2531 2531 0 2528 2528 0 2532 2532 0 2392 2392 0 2390 2390 0 2528 2528 0 2392 2392 0 2533 2533 0 2528 2528 0 2529 2529 0 2532 2532 0 2528 2528 0 2533 2533 0 2536 2536 0 2535 2535 0 2534 2534 0 2530 2530 0 2536 2536 0 2534 2534 0 2531 2531 0 2536 2536 0 2530 2530 0 2531 2531 0 2394 2394 0 2536 2536 0 2531 2531 0 2393 2393 0 2394 2394 0 2391 2391 0 2393 2393 0 2531 2531 0 2392 2392 0 2532 2532 0 2396 2396 0 2398 2398 0 2537 2537 0 2538 2538 0 2396 2396 0 2537 2537 0 2398 2398 0 2396 2396 0 2533 2533 0 2537 2537 0 2396 2396 0 2532 2532 0 2533 2533 0 2537 2537 0 2539 2539 0 2538 2538 0 2542 2542 0 2541 2541 0 2540 2540 0 2535 2535 0 2542 2542 0 2540 2540 0 2536 2536 0 2542 2542 0 2535 2535 0 2536 2536 0 2400 2400 0 2542 2542 0 2536 2536 0 2399 2399 0 2400 2400 0 2394 2394 0 2399 2399 0 2536 2536 0 2398 2398 0 2538 2538 0 2402 2402 0 2404 2404 0 2543 2543 0 2544 2544 0 2402 2402 0 2543 2543 0 2404 2404 0 2402 2402 0 2539 2539 0 2543 2543 0 2402 2402 0 2538 2538 0 2539 2539 0 2544 2544 0 2545 2545 0 2546 2546 0 2543 2543 0 2545 2545 0 2544 2544 0 2545 2545 0 2547 2547 0 2546 2546 0 2550 2550 0 2549 2549 0 2548 2548 0 2550 2550 0 2551 2551 0 2552 2552 0 2548 2548 0 2551 2551 0 2550 2550 0 2541 2541 0 2552 2552 0 2551 2551 0 2542 2542 0 2552 2552 0 2541 2541 0 2542 2542 0 2406 2406 0 2552 2552 0 2542 2542 0 2405 2405 0 2406 2406 0 2400 2400 0 2405 2405 0 2542 2542 0 2404 2404 0 2544 2544 0 2408 2408 0 2409 2409 0 2408 2408 0 2544 2544 0 2546 2546 0 2409 2409 0 2544 2544 0 2411 2411 0 2553 2553 0 2554 2554 0 2409 2409 0 2553 2553 0 2411 2411 0 2409 2409 0 2547 2547 0 2553 2553 0 2409 2409 0 2546 2546 0 2547 2547 0 2554 2554 0 2555 2555 0 2556 2556 0 2553 2553 0 2555 2555 0 2554 2554 0 2555 2555 0 2557 2557 0 2556 2556 0 2560 2560 0 2559 2559 0 2558 2558 0 2560 2560 0 2561 2561 0 2562 2562 0 2558 2558 0 2561 2561 0 2560 2560 0 2549 2549 0 2562 2562 0 2561 2561 0 2550 2550 0 2562 2562 0 2549 2549 0 2550 2550 0 2413 2413 0 2562 2562 0 2550 2550 0 2412 2412 0 2413 2413 0 2415 2415 0 2412 2412 0 2550 2550 0 2552 2552 0 2415 2415 0 2550 2550 0 2406 2406 0 2415 2415 0 2552 2552 0 2411 2411 0 2554 2554 0 2417 2417 0 2418 2418 0 2417 2417 0 2554 2554 0 2556 2556 0 2418 2418 0 2554 2554 0 2420 2420 0 2563 2563 0 2564 2564 0 2418 2418 0 2563 2563 0 2420 2420 0 2418 2418 0 2557 2557 0 2563 2563 0 2418 2418 0 2556 2556 0 2557 2557 0 2564 2564 0 2565 2565 0 2566 2566 0 2563 2563 0 2565 2565 0 2564 2564 0 2566 2566 0 2567 2567 0 2568 2568 0 2565 2565 0 2567 2567 0 2566 2566 0 2568 2568 0 2569 2569 0 2570 2570 0 2567 2567 0 2569 2569 0 2568 2568 0 2570 2570 0 2571 2571 0 2572 2572 0 2569 2569 0 2571 2571 0 2570 2570 0 2572 2572 0 2573 2573 0 2574 2574 0 2571 2571 0 2573 2573 0 2572 2572 0 2559 2559 0 2574 2574 0 2573 2573 0 2560 2560 0 2574 2574 0 2559 2559 0 2560 2560 0 2422 2422 0 2574 2574 0 2560 2560 0 2421 2421 0 2422 2422 0 2424 2424 0 2421 2421 0 2560 2560 0 2562 2562 0 2424 2424 0 2560 2560 0 2413 2413 0 2424 2424 0 2562 2562 0 2420 2420 0 2564 2564 0 2426 2426 0 2427 2427 0 2426 2426 0 2564 2564 0 2566 2566 0 2427 2427 0 2564 2564 0 2428 2428 0 2427 2427 0 2566 2566 0 2568 2568 0 2428 2428 0 2566 2566 0 2429 2429 0 2428 2428 0 2568 2568 0 2570 2570 0 2429 2429 0 2568 2568 0 2430 2430 0 2429 2429 0 2570 2570 0 2572 2572 0 2430 2430 0 2570 2570 0 2431 2431 0 2430 2430 0 2572 2572 0 2574 2574 0 2431 2431 0 2572 2572 0 2422 2422 0 2431 2431 0 2574 2574 0 2442 2442 0 2575 2575 0 2443 2443 0 2442 2442 0 2444 2444 0 2576 2576 0 2575 2575 0 2442 2442 0 2576 2576 0 2578 2578 0 2576 2576 0 2444 2444 0 2578 2578 0 2444 2444 0 2577 2577 0 2577 2577 0 2444 2444 0 2445 2445 0 2446 2446 0 2579 2579 0 2445 2445 0 2445 2445 0 2579 2579 0 2577 2577 0 2447 2447 0 2580 2580 0 2446 2446 0 2446 2446 0 2580 2580 0 2579 2579 0 2448 2448 0 2581 2581 0 2447 2447 0 2447 2447 0 2581 2581 0 2580 2580 0 2583 2583 0 2582 2582 0 2581 2581 0 2583 2583 0 2581 2581 0 2449 2449 0 2449 2449 0 2581 2581 0 2448 2448 0 2449 2449 0 2450 2450 0 2584 2584 0 2583 2583 0 2449 2449 0 2584 2584 0 2450 2450 0 2451 2451 0 2585 2585 0 2584 2584 0 2450 2450 0 2585 2585 0 2451 2451 0 2452 2452 0 2585 2585 0 2455 2455 0 2586 2586 0 2456 2456 0 2588 2588 0 2586 2586 0 2455 2455 0 2588 2588 0 2455 2455 0 2587 2587 0 2587 2587 0 2455 2455 0 2457 2457 0 2575 2575 0 2457 2457 0 2443 2443 0 2575 2575 0 2589 2589 0 2457 2457 0 2589 2589 0 2587 2587 0 2457 2457 0 2576 2576 0 2589 2589 0 2575 2575 0 2590 2590 0 2589 2589 0 2576 2576 0 2578 2578 0 2590 2590 0 2576 2576 0 2583 2583 0 2591 2591 0 2582 2582 0 2584 2584 0 2591 2591 0 2583 2583 0 2592 2592 0 2591 2591 0 2584 2584 0 2585 2585 0 2592 2592 0 2584 2584 0 2593 2593 0 2592 2592 0 2585 2585 0 2595 2595 0 2594 2594 0 2593 2593 0 2458 2458 0 2595 2595 0 2593 2593 0 2458 2458 0 2593 2593 0 2585 2585 0 2458 2458 0 2585 2585 0 2452 2452 0 2458 2458 0 2459 2459 0 2595 2595 0 2463 2463 0 2596 2596 0 2464 2464 0 2463 2463 0 2598 2598 0 2596 2596 0 2456 2456 0 2598 2598 0 2463 2463 0 2456 2456 0 2597 2597 0 2598 2598 0 2456 2456 0 2586 2586 0 2597 2597 0 2588 2588 0 2597 2597 0 2586 2586 0 2595 2595 0 2599 2599 0 2594 2594 0 2601 2601 0 2600 2600 0 2599 2599 0 2465 2465 0 2601 2601 0 2599 2599 0 2465 2465 0 2599 2599 0 2595 2595 0 2465 2465 0 2595 2595 0 2459 2459 0 2465 2465 0 2466 2466 0 2602 2602 0 2601 2601 0 2465 2465 0 2602 2602 0 2466 2466 0 2467 2467 0 2602 2602 0 2470 2470 0 2603 2603 0 2471 2471 0 2470 2470 0 2605 2605 0 2603 2603 0 2464 2464 0 2605 2605 0 2470 2470 0 2464 2464 0 2604 2604 0 2605 2605 0 2464 2464 0 2596 2596 0 2604 2604 0 2598 2598 0 2604 2604 0 2596 2596 0 2601 2601 0 2606 2606 0 2600 2600 0 2606 2606 0 2608 2608 0 2607 2607 0 2606 2606 0 2601 2601 0 2608 2608 0 2601 2601 0 2602 2602 0 2608 2608 0 2467 2467 0 2472 2472 0 2609 2609 0 2467 2467 0 2609 2609 0 2602 2602 0 2602 2602 0 2609 2609 0 2608 2608 0 2472 2472 0 2473 2473 0 2609 2609 0 2476 2476 0 2610 2610 0 2477 2477 0 2476 2476 0 2612 2612 0 2610 2610 0 2471 2471 0 2612 2612 0 2476 2476 0 2471 2471 0 2611 2611 0 2612 2612 0 2471 2471 0 2603 2603 0 2611 2611 0 2605 2605 0 2611 2611 0 2603 2603 0 2608 2608 0 2613 2613 0 2607 2607 0 2613 2613 0 2615 2615 0 2614 2614 0 2613 2613 0 2608 2608 0 2615 2615 0 2608 2608 0 2609 2609 0 2615 2615 0 2473 2473 0 2478 2478 0 2615 2615 0 2609 2609 0 2473 2473 0 2615 2615 0 2610 2610 0 2616 2616 0 2617 2617 0 2610 2610 0 2617 2617 0 2477 2477 0 2477 2477 0 2617 2617 0 2481 2481 0 2612 2612 0 2616 2616 0 2610 2610 0 2615 2615 0 2618 2618 0 2614 2614 0 2620 2620 0 2619 2619 0 2618 2618 0 2482 2482 0 2620 2620 0 2618 2618 0 2482 2482 0 2618 2618 0 2615 2615 0 2482 2482 0 2615 2615 0 2478 2478 0 2482 2482 0 2483 2483 0 2620 2620 0 2486 2486 0 2621 2621 0 2487 2487 0 2486 2486 0 2622 2622 0 2621 2621 0 2486 2486 0 2481 2481 0 2622 2622 0 2481 2481 0 2617 2617 0 2622 2622 0 2624 2624 0 2619 2619 0 2620 2620 0 2623 2623 0 2619 2619 0 2624 2624 0 2483 2483 0 2488 2488 0 2624 2624 0 2620 2620 0 2483 2483 0 2624 2624 0 2621 2621 0 2625 2625 0 2491 2491 0 2487 2487 0 2621 2621 0 2491 2491 0 2626 2626 0 2621 2621 0 2622 2622 0 2625 2625 0 2621 2621 0 2626 2626 0 2624 2624 0 2627 2627 0 2623 2623 0 2629 2629 0 2628 2628 0 2627 2627 0 2492 2492 0 2629 2629 0 2627 2627 0 2492 2492 0 2627 2627 0 2624 2624 0 2492 2492 0 2624 2624 0 2488 2488 0 2492 2492 0 2493 2493 0 2629 2629 0 2625 2625 0 2630 2630 0 2496 2496 0 2491 2491 0 2625 2625 0 2496 2496 0 2631 2631 0 2625 2625 0 2626 2626 0 2630 2630 0 2625 2625 0 2631 2631 0 2633 2633 0 2628 2628 0 2629 2629 0 2632 2632 0 2628 2628 0 2633 2633 0 2493 2493 0 2497 2497 0 2633 2633 0 2629 2629 0 2493 2493 0 2633 2633 0 2499 2499 0 2634 2634 0 2500 2500 0 2499 2499 0 2636 2636 0 2634 2634 0 2496 2496 0 2636 2636 0 2499 2499 0 2496 2496 0 2635 2635 0 2636 2636 0 2496 2496 0 2630 2630 0 2635 2635 0 2631 2631 0 2635 2635 0 2630 2630 0 2638 2638 0 2632 2632 0 2633 2633 0 2637 2637 0 2632 2632 0 2638 2638 0 2497 2497 0 2501 2501 0 2638 2638 0 2633 2633 0 2497 2497 0 2638 2638 0 2634 2634 0 2639 2639 0 2503 2503 0 2500 2500 0 2634 2634 0 2503 2503 0 2640 2640 0 2634 2634 0 2636 2636 0 2639 2639 0 2634 2634 0 2640 2640 0 2642 2642 0 2637 2637 0 2638 2638 0 2641 2641 0 2637 2637 0 2642 2642 0 2501 2501 0 2504 2504 0 2642 2642 0 2638 2638 0 2501 2501 0 2642 2642 0 2639 2639 0 2643 2643 0 2506 2506 0 2503 2503 0 2639 2639 0 2506 2506 0 2644 2644 0 2639 2639 0 2640 2640 0 2643 2643 0 2639 2639 0 2644 2644 0 2646 2646 0 2641 2641 0 2642 2642 0 2645 2645 0 2641 2641 0 2646 2646 0 2504 2504 0 2507 2507 0 2646 2646 0 2642 2642 0 2504 2504 0 2646 2646 0 2506 2506 0 2643 2643 0 2509 2509 0 2511 2511 0 2647 2647 0 2648 2648 0 2509 2509 0 2647 2647 0 2511 2511 0 2509 2509 0 2644 2644 0 2647 2647 0 2509 2509 0 2643 2643 0 2644 2644 0 2647 2647 0 2649 2649 0 2648 2648 0 2651 2651 0 2645 2645 0 2646 2646 0 2650 2650 0 2645 2645 0 2651 2651 0 2507 2507 0 2512 2512 0 2651 2651 0 2646 2646 0 2507 2507 0 2651 2651 0 2648 2648 0 2652 2652 0 2515 2515 0 2511 2511 0 2648 2648 0 2515 2515 0 2653 2653 0 2648 2648 0 2649 2649 0 2652 2652 0 2648 2648 0 2653 2653 0 2655 2655 0 2650 2650 0 2651 2651 0 2654 2654 0 2650 2650 0 2655 2655 0 2512 2512 0 2516 2516 0 2655 2655 0 2651 2651 0 2512 2512 0 2655 2655 0 2652 2652 0 2656 2656 0 2517 2517 0 2515 2515 0 2652 2652 0 2517 2517 0 2657 2657 0 2652 2652 0 2653 2653 0 2656 2656 0 2652 2652 0 2657 2657 0 2660 2660 0 2659 2659 0 2658 2658 0 2654 2654 0 2660 2660 0 2658 2658 0 2655 2655 0 2660 2660 0 2654 2654 0 2655 2655 0 2519 2519 0 2660 2660 0 2655 2655 0 2518 2518 0 2519 2519 0 2516 2516 0 2518 2518 0 2655 2655 0 2517 2517 0 2656 2656 0 2521 2521 0 2523 2523 0 2661 2661 0 2662 2662 0 2521 2521 0 2661 2661 0 2523 2523 0 2521 2521 0 2657 2657 0 2661 2661 0 2521 2521 0 2656 2656 0 2657 2657 0 2661 2661 0 2663 2663 0 2662 2662 0 2524 2524 0 2659 2659 0 2660 2660 0 2524 2524 0 2525 2525 0 2659 2659 0 2525 2525 0 2664 2664 0 2659 2659 0 2519 2519 0 2524 2524 0 2660 2660 0 2523 2523 0 2662 2662 0 2527 2527 0 2529 2529 0 2665 2665 0 2666 2666 0 2527 2527 0 2665 2665 0 2529 2529 0 2527 2527 0 2663 2663 0 2665 2665 0 2527 2527 0 2662 2662 0 2663 2663 0 2665 2665 0 2667 2667 0 2666 2666 0 2670 2670 0 2669 2669 0 2668 2668 0 2670 2670 0 2668 2668 0 2664 2664 0 2670 2670 0 2664 2664 0 2530 2530 0 2530 2530 0 2664 2664 0 2525 2525 0 2666 2666 0 2671 2671 0 2533 2533 0 2529 2529 0 2666 2666 0 2533 2533 0 2672 2672 0 2666 2666 0 2667 2667 0 2672 2672 0 2673 2673 0 2666 2666 0 2673 2673 0 2671 2671 0 2666 2666 0 2672 2672 0 2674 2674 0 2673 2673 0 2677 2677 0 2676 2676 0 2675 2675 0 2669 2669 0 2677 2677 0 2675 2675 0 2670 2670 0 2677 2677 0 2669 2669 0 2670 2670 0 2535 2535 0 2677 2677 0 2670 2670 0 2534 2534 0 2535 2535 0 2530 2530 0 2534 2534 0 2670 2670 0 2533 2533 0 2671 2671 0 2537 2537 0 2539 2539 0 2537 2537 0 2671 2671 0 2539 2539 0 2671 2671 0 2678 2678 0 2678 2678 0 2671 2671 0 2673 2673 0 2679 2679 0 2673 2673 0 2674 2674 0 2679 2679 0 2680 2680 0 2673 2673 0 2680 2680 0 2678 2678 0 2673 2673 0 2679 2679 0 2681 2681 0 2680 2680 0 2684 2684 0 2683 2683 0 2682 2682 0 2684 2684 0 2685 2685 0 2686 2686 0 2682 2682 0 2685 2685 0 2684 2684 0 2676 2676 0 2686 2686 0 2685 2685 0 2677 2677 0 2686 2686 0 2676 2676 0 2677 2677 0 2541 2541 0 2686 2686 0 2677 2677 0 2540 2540 0 2541 2541 0 2535 2535 0 2540 2540 0 2677 2677 0 2539 2539 0 2678 2678 0 2543 2543 0 2545 2545 0 2543 2543 0 2678 2678 0 2680 2680 0 2545 2545 0 2678 2678 0 2547 2547 0 2687 2687 0 2688 2688 0 2545 2545 0 2687 2687 0 2547 2547 0 2545 2545 0 2681 2681 0 2687 2687 0 2545 2545 0 2680 2680 0 2681 2681 0 2688 2688 0 2689 2689 0 2690 2690 0 2687 2687 0 2689 2689 0 2688 2688 0 2689 2689 0 2691 2691 0 2690 2690 0 2694 2694 0 2693 2693 0 2692 2692 0 2694 2694 0 2695 2695 0 2696 2696 0 2692 2692 0 2695 2695 0 2694 2694 0 2683 2683 0 2696 2696 0 2695 2695 0 2684 2684 0 2696 2696 0 2683 2683 0 2684 2684 0 2549 2549 0 2696 2696 0 2684 2684 0 2548 2548 0 2549 2549 0 2551 2551 0 2548 2548 0 2684 2684 0 2686 2686 0 2551 2551 0 2684 2684 0 2541 2541 0 2551 2551 0 2686 2686 0 2547 2547 0 2688 2688 0 2553 2553 0 2555 2555 0 2553 2553 0 2688 2688 0 2690 2690 0 2555 2555 0 2688 2688 0 2557 2557 0 2697 2697 0 2698 2698 0 2555 2555 0 2697 2697 0 2557 2557 0 2555 2555 0 2691 2691 0 2697 2697 0 2555 2555 0 2690 2690 0 2691 2691 0 2698 2698 0 2699 2699 0 2700 2700 0 2697 2697 0 2699 2699 0 2698 2698 0 2700 2700 0 2701 2701 0 2702 2702 0 2699 2699 0 2701 2701 0 2700 2700 0 2702 2702 0 2703 2703 0 2704 2704 0 2701 2701 0 2703 2703 0 2702 2702 0 2704 2704 0 2705 2705 0 2706 2706 0 2703 2703 0 2705 2705 0 2704 2704 0 2706 2706 0 2707 2707 0 2708 2708 0 2705 2705 0 2707 2707 0 2706 2706 0 2693 2693 0 2708 2708 0 2707 2707 0 2694 2694 0 2708 2708 0 2693 2693 0 2694 2694 0 2559 2559 0 2708 2708 0 2694 2694 0 2558 2558 0 2559 2559 0 2561 2561 0 2558 2558 0 2694 2694 0 2696 2696 0 2561 2561 0 2694 2694 0 2549 2549 0 2561 2561 0 2696 2696 0 2557 2557 0 2698 2698 0 2563 2563 0 2565 2565 0 2563 2563 0 2698 2698 0 2700 2700 0 2565 2565 0 2698 2698 0 2567 2567 0 2565 2565 0 2700 2700 0 2702 2702 0 2567 2567 0 2700 2700 0 2569 2569 0 2567 2567 0 2702 2702 0 2704 2704 0 2569 2569 0 2702 2702 0 2571 2571 0 2569 2569 0 2704 2704 0 2706 2706 0 2571 2571 0 2704 2704 0 2573 2573 0 2571 2571 0 2706 2706 0 2708 2708 0 2573 2573 0 2706 2706 0 2559 2559 0 2573 2573 0 2708 2708 0 2577 2577 0 2709 2709 0 2578 2578 0 2577 2577 0 2579 2579 0 2710 2710 0 2709 2709 0 2577 2577 0 2710 2710 0 2579 2579 0 2580 2580 0 2711 2711 0 2710 2710 0 2579 2579 0 2711 2711 0 2580 2580 0 2581 2581 0 2712 2712 0 2711 2711 0 2580 2580 0 2712 2712 0 2581 2581 0 2582 2582 0 2712 2712 0 2587 2587 0 2713 2713 0 2588 2588 0 2587 2587 0 2589 2589 0 2714 2714 0 2713 2713 0 2587 2587 0 2714 2714 0 2589 2589 0 2590 2590 0 2715 2715 0 2714 2714 0 2589 2589 0 2715 2715 0 2590 2590 0 2717 2717 0 2715 2715 0 2578 2578 0 2717 2717 0 2590 2590 0 2578 2578 0 2716 2716 0 2717 2717 0 2578 2578 0 2709 2709 0 2716 2716 0 2710 2710 0 2716 2716 0 2709 2709 0 2718 2718 0 2716 2716 0 2710 2710 0 2711 2711 0 2718 2718 0 2710 2710 0 2719 2719 0 2718 2718 0 2711 2711 0 2712 2712 0 2719 2719 0 2711 2711 0 2720 2720 0 2719 2719 0 2712 2712 0 2722 2722 0 2721 2721 0 2720 2720 0 2591 2591 0 2722 2722 0 2720 2720 0 2591 2591 0 2720 2720 0 2712 2712 0 2591 2591 0 2712 2712 0 2582 2582 0 2591 2591 0 2592 2592 0 2723 2723 0 2722 2722 0 2591 2591 0 2723 2723 0 2592 2592 0 2593 2593 0 2724 2724 0 2723 2723 0 2592 2592 0 2724 2724 0 2593 2593 0 2594 2594 0 2724 2724 0 2597 2597 0 2725 2725 0 2598 2598 0 2597 2597 0 2588 2588 0 2713 2713 0 2597 2597 0 2713 2713 0 2725 2725 0 2725 2725 0 2713 2713 0 2726 2726 0 2728 2728 0 2714 2714 0 2727 2727 0 2728 2728 0 2726 2726 0 2714 2714 0 2726 2726 0 2713 2713 0 2714 2714 0 2715 2715 0 2727 2727 0 2714 2714 0 2729 2729 0 2727 2727 0 2715 2715 0 2717 2717 0 2729 2729 0 2715 2715 0 2722 2722 0 2730 2730 0 2721 2721 0 2723 2723 0 2730 2730 0 2722 2722 0 2731 2731 0 2730 2730 0 2723 2723 0 2724 2724 0 2731 2731 0 2723 2723 0 2732 2732 0 2731 2731 0 2724 2724 0 2734 2734 0 2733 2733 0 2732 2732 0 2599 2599 0 2734 2734 0 2732 2732 0 2599 2599 0 2732 2732 0 2724 2724 0 2599 2599 0 2724 2724 0 2594 2594 0 2599 2599 0 2600 2600 0 2734 2734 0 2604 2604 0 2735 2735 0 2605 2605 0 2604 2604 0 2737 2737 0 2735 2735 0 2598 2598 0 2737 2737 0 2604 2604 0 2598 2598 0 2736 2736 0 2737 2737 0 2598 2598 0 2725 2725 0 2736 2736 0 2726 2726 0 2736 2736 0 2725 2725 0 2738 2738 0 2736 2736 0 2726 2726 0 2728 2728 0 2738 2738 0 2726 2726 0 2734 2734 0 2739 2739 0 2733 2733 0 2741 2741 0 2740 2740 0 2739 2739 0 2606 2606 0 2741 2741 0 2739 2739 0 2606 2606 0 2739 2739 0 2734 2734 0 2606 2606 0 2734 2734 0 2600 2600 0 2606 2606 0 2607 2607 0 2741 2741 0 2611 2611 0 2742 2742 0 2612 2612 0 2611 2611 0 2744 2744 0 2742 2742 0 2605 2605 0 2744 2744 0 2611 2611 0 2605 2605 0 2743 2743 0 2744 2744 0 2605 2605 0 2735 2735 0 2743 2743 0 2737 2737 0 2743 2743 0 2735 2735 0 2741 2741 0 2745 2745 0 2740 2740 0 2747 2747 0 2746 2746 0 2745 2745 0 2613 2613 0 2747 2747 0 2745 2745 0 2613 2613 0 2745 2745 0 2741 2741 0 2613 2613 0 2741 2741 0 2607 2607 0 2613 2613 0 2614 2614 0 2747 2747 0 2616 2616 0 2748 2748 0 2617 2617 0 2616 2616 0 2612 2612 0 2742 2742 0 2616 2616 0 2742 2742 0 2748 2748 0 2748 2748 0 2742 2742 0 2749 2749 0 2750 2750 0 2742 2742 0 2744 2744 0 2749 2749 0 2742 2742 0 2750 2750 0 2747 2747 0 2751 2751 0 2746 2746 0 2753 2753 0 2752 2752 0 2751 2751 0 2618 2618 0 2753 2753 0 2751 2751 0 2618 2618 0 2751 2751 0 2747 2747 0 2618 2618 0 2747 2747 0 2614 2614 0 2618 2618 0 2619 2619 0 2753 2753 0 2748 2748 0 2754 2754 0 2622 2622 0 2617 2617 0 2748 2748 0 2622 2622 0 2756 2756 0 2749 2749 0 2755 2755 0 2756 2756 0 2754 2754 0 2749 2749 0 2754 2754 0 2748 2748 0 2749 2749 0 2750 2750 0 2755 2755 0 2749 2749 0 2758 2758 0 2752 2752 0 2753 2753 0 2757 2757 0 2752 2752 0 2758 2758 0 2619 2619 0 2623 2623 0 2758 2758 0 2753 2753 0 2619 2619 0 2758 2758 0 2754 2754 0 2759 2759 0 2626 2626 0 2622 2622 0 2754 2754 0 2626 2626 0 2760 2760 0 2754 2754 0 2756 2756 0 2759 2759 0 2754 2754 0 2760 2760 0 2758 2758 0 2761 2761 0 2757 2757 0 2763 2763 0 2762 2762 0 2761 2761 0 2627 2627 0 2763 2763 0 2761 2761 0 2627 2627 0 2761 2761 0 2758 2758 0 2627 2627 0 2758 2758 0 2623 2623 0 2627 2627 0 2628 2628 0 2763 2763 0 2759 2759 0 2764 2764 0 2631 2631 0 2626 2626 0 2759 2759 0 2631 2631 0 2765 2765 0 2759 2759 0 2760 2760 0 2764 2764 0 2759 2759 0 2765 2765 0 2767 2767 0 2762 2762 0 2763 2763 0 2766 2766 0 2762 2762 0 2767 2767 0 2628 2628 0 2632 2632 0 2767 2767 0 2763 2763 0 2628 2628 0 2767 2767 0 2635 2635 0 2768 2768 0 2636 2636 0 2635 2635 0 2770 2770 0 2768 2768 0 2631 2631 0 2770 2770 0 2635 2635 0 2631 2631 0 2769 2769 0 2770 2770 0 2631 2631 0 2764 2764 0 2769 2769 0 2765 2765 0 2769 2769 0 2764 2764 0 2772 2772 0 2766 2766 0 2767 2767 0 2771 2771 0 2766 2766 0 2772 2772 0 2632 2632 0 2637 2637 0 2772 2772 0 2767 2767 0 2632 2632 0 2772 2772 0 2768 2768 0 2773 2773 0 2640 2640 0 2636 2636 0 2768 2768 0 2640 2640 0 2774 2774 0 2768 2768 0 2770 2770 0 2773 2773 0 2768 2768 0 2774 2774 0 2776 2776 0 2771 2771 0 2772 2772 0 2775 2775 0 2771 2771 0 2776 2776 0 2637 2637 0 2641 2641 0 2776 2776 0 2772 2772 0 2637 2637 0 2776 2776 0 2773 2773 0 2777 2777 0 2644 2644 0 2640 2640 0 2773 2773 0 2644 2644 0 2778 2778 0 2773 2773 0 2774 2774 0 2777 2777 0 2773 2773 0 2778 2778 0 2780 2780 0 2775 2775 0 2776 2776 0 2779 2779 0 2775 2775 0 2780 2780 0 2641 2641 0 2645 2645 0 2780 2780 0 2776 2776 0 2641 2641 0 2780 2780 0 2644 2644 0 2777 2777 0 2647 2647 0 2649 2649 0 2781 2781 0 2782 2782 0 2647 2647 0 2781 2781 0 2649 2649 0 2647 2647 0 2778 2778 0 2781 2781 0 2647 2647 0 2777 2777 0 2778 2778 0 2781 2781 0 2783 2783 0 2782 2782 0 2785 2785 0 2779 2779 0 2780 2780 0 2784 2784 0 2779 2779 0 2785 2785 0 2645 2645 0 2650 2650 0 2785 2785 0 2780 2780 0 2645 2645 0 2785 2785 0 2782 2782 0 2786 2786 0 2653 2653 0 2649 2649 0 2782 2782 0 2653 2653 0 2787 2787 0 2782 2782 0 2783 2783 0 2786 2786 0 2782 2782 0 2787 2787 0 2789 2789 0 2784 2784 0 2785 2785 0 2788 2788 0 2784 2784 0 2789 2789 0 2650 2650 0 2654 2654 0 2789 2789 0 2785 2785 0 2650 2650 0 2789 2789 0 2786 2786 0 2790 2790 0 2657 2657 0 2653 2653 0 2786 2786 0 2657 2657 0 2791 2791 0 2786 2786 0 2787 2787 0 2790 2790 0 2786 2786 0 2791 2791 0 2794 2794 0 2793 2793 0 2792 2792 0 2788 2788 0 2794 2794 0 2792 2792 0 2789 2789 0 2794 2794 0 2788 2788 0 2789 2789 0 2659 2659 0 2794 2794 0 2789 2789 0 2658 2658 0 2659 2659 0 2654 2654 0 2658 2658 0 2789 2789 0 2657 2657 0 2790 2790 0 2661 2661 0 2663 2663 0 2795 2795 0 2796 2796 0 2661 2661 0 2795 2795 0 2663 2663 0 2661 2661 0 2791 2791 0 2795 2795 0 2661 2661 0 2790 2790 0 2791 2791 0 2795 2795 0 2797 2797 0 2796 2796 0 2800 2800 0 2799 2799 0 2798 2798 0 2793 2793 0 2800 2800 0 2798 2798 0 2793 2793 0 2794 2794 0 2800 2800 0 2794 2794 0 2801 2801 0 2800 2800 0 2659 2659 0 2664 2664 0 2801 2801 0 2794 2794 0 2659 2659 0 2801 2801 0 2663 2663 0 2796 2796 0 2665 2665 0 2667 2667 0 2802 2802 0 2803 2803 0 2665 2665 0 2802 2802 0 2667 2667 0 2665 2665 0 2797 2797 0 2802 2802 0 2665 2665 0 2796 2796 0 2797 2797 0 2802 2802 0 2804 2804 0 2803 2803 0 2807 2807 0 2806 2806 0 2805 2805 0 2799 2799 0 2807 2807 0 2805 2805 0 2799 2799 0 2800 2800 0 2807 2807 0 2800 2800 0 2808 2808 0 2807 2807 0 2668 2668 0 2669 2669 0 2808 2808 0 2668 2668 0 2808 2808 0 2801 2801 0 2801 2801 0 2808 2808 0 2800 2800 0 2664 2664 0 2668 2668 0 2801 2801 0 2667 2667 0 2803 2803 0 2672 2672 0 2674 2674 0 2809 2809 0 2810 2810 0 2672 2672 0 2809 2809 0 2674 2674 0 2672 2672 0 2804 2804 0 2809 2809 0 2672 2672 0 2803 2803 0 2804 2804 0 2809 2809 0 2811 2811 0 2810 2810 0 2814 2814 0 2813 2813 0 2812 2812 0 2806 2806 0 2814 2814 0 2812 2812 0 2806 2806 0 2807 2807 0 2814 2814 0 2807 2807 0 2815 2815 0 2814 2814 0 2675 2675 0 2676 2676 0 2815 2815 0 2675 2675 0 2815 2815 0 2808 2808 0 2808 2808 0 2815 2815 0 2807 2807 0 2669 2669 0 2675 2675 0 2808 2808 0 2674 2674 0 2810 2810 0 2679 2679 0 2681 2681 0 2816 2816 0 2817 2817 0 2679 2679 0 2816 2816 0 2681 2681 0 2679 2679 0 2811 2811 0 2816 2816 0 2679 2679 0 2810 2810 0 2811 2811 0 2817 2817 0 2818 2818 0 2819 2819 0 2816 2816 0 2818 2818 0 2817 2817 0 2818 2818 0 2820 2820 0 2819 2819 0 2823 2823 0 2822 2822 0 2821 2821 0 2823 2823 0 2824 2824 0 2825 2825 0 2821 2821 0 2824 2824 0 2823 2823 0 2813 2813 0 2825 2825 0 2824 2824 0 2814 2814 0 2825 2825 0 2813 2813 0 2814 2814 0 2683 2683 0 2825 2825 0 2814 2814 0 2682 2682 0 2683 2683 0 2685 2685 0 2682 2682 0 2814 2814 0 2815 2815 0 2685 2685 0 2814 2814 0 2676 2676 0 2685 2685 0 2815 2815 0 2681 2681 0 2817 2817 0 2687 2687 0 2689 2689 0 2687 2687 0 2817 2817 0 2819 2819 0 2689 2689 0 2817 2817 0 2691 2691 0 2826 2826 0 2827 2827 0 2689 2689 0 2826 2826 0 2691 2691 0 2689 2689 0 2820 2820 0 2826 2826 0 2689 2689 0 2819 2819 0 2820 2820 0 2827 2827 0 2828 2828 0 2829 2829 0 2826 2826 0 2828 2828 0 2827 2827 0 2829 2829 0 2830 2830 0 2831 2831 0 2828 2828 0 2830 2830 0 2829 2829 0 2831 2831 0 2832 2832 0 2833 2833 0 2830 2830 0 2832 2832 0 2831 2831 0 2833 2833 0 2834 2834 0 2835 2835 0 2832 2832 0 2834 2834 0 2833 2833 0 2835 2835 0 2836 2836 0 2837 2837 0 2834 2834 0 2836 2836 0 2835 2835 0 2822 2822 0 2837 2837 0 2836 2836 0 2823 2823 0 2837 2837 0 2822 2822 0 2823 2823 0 2693 2693 0 2837 2837 0 2823 2823 0 2692 2692 0 2693 2693 0 2695 2695 0 2692 2692 0 2823 2823 0 2825 2825 0 2695 2695 0 2823 2823 0 2683 2683 0 2695 2695 0 2825 2825 0 2691 2691 0 2827 2827 0 2697 2697 0 2699 2699 0 2697 2697 0 2827 2827 0 2829 2829 0 2699 2699 0 2827 2827 0 2701 2701 0 2699 2699 0 2829 2829 0 2831 2831 0 2701 2701 0 2829 2829 0 2703 2703 0 2701 2701 0 2831 2831 0 2833 2833 0 2703 2703 0 2831 2831 0 2705 2705 0 2703 2703 0 2833 2833 0 2835 2835 0 2705 2705 0 2833 2833 0 2707 2707 0 2705 2705 0 2835 2835 0 2837 2837 0 2707 2707 0 2835 2835 0 2693 2693 0 2707 2707 0 2837 2837 0 2716 2716 0 2838 2838 0 2717 2717 0 2716 2716 0 2718 2718 0 2839 2839 0 2838 2838 0 2716 2716 0 2839 2839 0 2718 2718 0 2719 2719 0 2840 2840 0 2839 2839 0 2718 2718 0 2840 2840 0 2719 2719 0 2720 2720 0 2841 2841 0 2840 2840 0 2719 2719 0 2841 2841 0 2720 2720 0 2721 2721 0 2841 2841 0 2727 2727 0 2842 2842 0 2728 2728 0 2727 2727 0 2729 2729 0 2843 2843 0 2842 2842 0 2727 2727 0 2843 2843 0 2729 2729 0 2717 2717 0 2838 2838 0 2729 2729 0 2838 2838 0 2843 2843 0 2843 2843 0 2838 2838 0 2844 2844 0 2846 2846 0 2839 2839 0 2845 2845 0 2846 2846 0 2844 2844 0 2839 2839 0 2844 2844 0 2838 2838 0 2839 2839 0 2840 2840 0 2845 2845 0 2839 2839 0 2847 2847 0 2845 2845 0 2840 2840 0 2847 2847 0 2849 2849 0 2848 2848 0 2847 2847 0 2840 2840 0 2849 2849 0 2840 2840 0 2841 2841 0 2849 2849 0 2721 2721 0 2730 2730 0 2850 2850 0 2721 2721 0 2850 2850 0 2841 2841 0 2841 2841 0 2850 2850 0 2849 2849 0 2730 2730 0 2731 2731 0 2851 2851 0 2850 2850 0 2730 2730 0 2851 2851 0 2731 2731 0 2732 2732 0 2852 2852 0 2851 2851 0 2731 2731 0 2852 2852 0 2732 2732 0 2733 2733 0 2852 2852 0 2736 2736 0 2853 2853 0 2737 2737 0 2736 2736 0 2738 2738 0 2854 2854 0 2853 2853 0 2736 2736 0 2854 2854 0 2738 2738 0 2856 2856 0 2854 2854 0 2728 2728 0 2856 2856 0 2738 2738 0 2728 2728 0 2855 2855 0 2856 2856 0 2728 2728 0 2842 2842 0 2855 2855 0 2843 2843 0 2855 2855 0 2842 2842 0 2857 2857 0 2855 2855 0 2843 2843 0 2844 2844 0 2857 2857 0 2843 2843 0 2858 2858 0 2857 2857 0 2844 2844 0 2846 2846 0 2858 2858 0 2844 2844 0 2849 2849 0 2859 2859 0 2848 2848 0 2850 2850 0 2859 2859 0 2849 2849 0 2860 2860 0 2859 2859 0 2850 2850 0 2851 2851 0 2860 2860 0 2850 2850 0 2861 2861 0 2860 2860 0 2851 2851 0 2861 2861 0 2863 2863 0 2862 2862 0 2861 2861 0 2851 2851 0 2863 2863 0 2851 2851 0 2852 2852 0 2863 2863 0 2733 2733 0 2739 2739 0 2864 2864 0 2733 2733 0 2864 2864 0 2852 2852 0 2852 2852 0 2864 2864 0 2863 2863 0 2739 2739 0 2740 2740 0 2864 2864 0 2743 2743 0 2865 2865 0 2744 2744 0 2743 2743 0 2737 2737 0 2853 2853 0 2743 2743 0 2853 2853 0 2865 2865 0 2865 2865 0 2853 2853 0 2866 2866 0 2868 2868 0 2854 2854 0 2867 2867 0 2868 2868 0 2866 2866 0 2854 2854 0 2866 2866 0 2853 2853 0 2854 2854 0 2856 2856 0 2867 2867 0 2854 2854 0 2863 2863 0 2869 2869 0 2862 2862 0 2869 2869 0 2871 2871 0 2870 2870 0 2869 2869 0 2863 2863 0 2871 2871 0 2863 2863 0 2864 2864 0 2871 2871 0 2740 2740 0 2745 2745 0 2872 2872 0 2740 2740 0 2872 2872 0 2864 2864 0 2864 2864 0 2872 2872 0 2871 2871 0 2745 2745 0 2746 2746 0 2872 2872 0 2865 2865 0 2873 2873 0 2750 2750 0 2744 2744 0 2865 2865 0 2750 2750 0 2875 2875 0 2866 2866 0 2874 2874 0 2875 2875 0 2873 2873 0 2866 2866 0 2873 2873 0 2865 2865 0 2866 2866 0 2868 2868 0 2874 2874 0 2866 2866 0 2871 2871 0 2876 2876 0 2870 2870 0 2876 2876 0 2878 2878 0 2877 2877 0 2876 2876 0 2871 2871 0 2878 2878 0 2871 2871 0 2872 2872 0 2878 2878 0 2746 2746 0 2751 2751 0 2879 2879 0 2746 2746 0 2879 2879 0 2872 2872 0 2872 2872 0 2879 2879 0 2878 2878 0 2751 2751 0 2752 2752 0 2879 2879 0 2755 2755 0 2880 2880 0 2756 2756 0 2755 2755 0 2882 2882 0 2880 2880 0 2750 2750 0 2882 2882 0 2755 2755 0 2750 2750 0 2881 2881 0 2882 2882 0 2750 2750 0 2873 2873 0 2881 2881 0 2875 2875 0 2881 2881 0 2873 2873 0 2884 2884 0 2877 2877 0 2878 2878 0 2883 2883 0 2877 2877 0 2884 2884 0 2879 2879 0 2885 2885 0 2878 2878 0 2885 2885 0 2884 2884 0 2878 2878 0 2752 2752 0 2757 2757 0 2885 2885 0 2879 2879 0 2752 2752 0 2885 2885 0 2880 2880 0 2886 2886 0 2760 2760 0 2756 2756 0 2880 2880 0 2760 2760 0 2887 2887 0 2880 2880 0 2882 2882 0 2886 2886 0 2880 2880 0 2887 2887 0 2884 2884 0 2888 2888 0 2883 2883 0 2888 2888 0 2890 2890 0 2889 2889 0 2888 2888 0 2884 2884 0 2890 2890 0 2884 2884 0 2885 2885 0 2890 2890 0 2757 2757 0 2761 2761 0 2891 2891 0 2757 2757 0 2891 2891 0 2885 2885 0 2885 2885 0 2891 2891 0 2890 2890 0 2761 2761 0 2762 2762 0 2891 2891 0 2886 2886 0 2892 2892 0 2765 2765 0 2760 2760 0 2886 2886 0 2765 2765 0 2893 2893 0 2886 2886 0 2887 2887 0 2892 2892 0 2886 2886 0 2893 2893 0 2895 2895 0 2889 2889 0 2890 2890 0 2894 2894 0 2889 2889 0 2895 2895 0 2891 2891 0 2896 2896 0 2890 2890 0 2896 2896 0 2895 2895 0 2890 2890 0 2762 2762 0 2766 2766 0 2896 2896 0 2891 2891 0 2762 2762 0 2896 2896 0 2769 2769 0 2897 2897 0 2770 2770 0 2769 2769 0 2765 2765 0 2892 2892 0 2769 2769 0 2892 2892 0 2897 2897 0 2897 2897 0 2892 2892 0 2898 2898 0 2899 2899 0 2892 2892 0 2893 2893 0 2898 2898 0 2892 2892 0 2899 2899 0 2895 2895 0 2900 2900 0 2894 2894 0 2900 2900 0 2902 2902 0 2901 2901 0 2900 2900 0 2895 2895 0 2902 2902 0 2895 2895 0 2896 2896 0 2902 2902 0 2766 2766 0 2771 2771 0 2902 2902 0 2896 2896 0 2766 2766 0 2902 2902 0 2897 2897 0 2903 2903 0 2774 2774 0 2770 2770 0 2897 2897 0 2774 2774 0 2898 2898 0 2904 2904 0 2897 2897 0 2904 2904 0 2903 2903 0 2897 2897 0 2905 2905 0 2898 2898 0 2899 2899 0 2904 2904 0 2898 2898 0 2905 2905 0 2907 2907 0 2901 2901 0 2902 2902 0 2906 2906 0 2901 2901 0 2907 2907 0 2771 2771 0 2775 2775 0 2907 2907 0 2902 2902 0 2771 2771 0 2907 2907 0 2903 2903 0 2908 2908 0 2778 2778 0 2774 2774 0 2903 2903 0 2778 2778 0 2904 2904 0 2909 2909 0 2903 2903 0 2909 2909 0 2908 2908 0 2903 2903 0 2910 2910 0 2904 2904 0 2905 2905 0 2909 2909 0 2904 2904 0 2910 2910 0 2912 2912 0 2906 2906 0 2907 2907 0 2911 2911 0 2906 2906 0 2912 2912 0 2775 2775 0 2779 2779 0 2912 2912 0 2907 2907 0 2775 2775 0 2912 2912 0 2778 2778 0 2908 2908 0 2781 2781 0 2783 2783 0 2781 2781 0 2908 2908 0 2783 2783 0 2908 2908 0 2913 2913 0 2913 2913 0 2908 2908 0 2909 2909 0 2914 2914 0 2909 2909 0 2910 2910 0 2913 2913 0 2909 2909 0 2914 2914 0 2917 2917 0 2916 2916 0 2915 2915 0 2911 2911 0 2917 2917 0 2915 2915 0 2911 2911 0 2912 2912 0 2917 2917 0 2912 2912 0 2918 2918 0 2917 2917 0 2779 2779 0 2784 2784 0 2918 2918 0 2912 2912 0 2779 2779 0 2918 2918 0 2913 2913 0 2919 2919 0 2787 2787 0 2783 2783 0 2913 2913 0 2787 2787 0 2920 2920 0 2913 2913 0 2914 2914 0 2919 2919 0 2913 2913 0 2920 2920 0 2922 2922 0 2916 2916 0 2917 2917 0 2921 2921 0 2916 2916 0 2922 2922 0 2918 2918 0 2923 2923 0 2917 2917 0 2923 2923 0 2922 2922 0 2917 2917 0 2784 2784 0 2788 2788 0 2923 2923 0 2918 2918 0 2784 2784 0 2923 2923 0 2919 2919 0 2924 2924 0 2791 2791 0 2787 2787 0 2919 2919 0 2791 2791 0 2925 2925 0 2919 2919 0 2920 2920 0 2925 2925 0 2926 2926 0 2919 2919 0 2926 2926 0 2924 2924 0 2919 2919 0 2925 2925 0 2927 2927 0 2926 2926 0 2930 2930 0 2929 2929 0 2928 2928 0 2921 2921 0 2930 2930 0 2928 2928 0 2921 2921 0 2922 2922 0 2930 2930 0 2922 2922 0 2931 2931 0 2930 2930 0 2792 2792 0 2793 2793 0 2931 2931 0 2792 2792 0 2931 2931 0 2923 2923 0 2923 2923 0 2931 2931 0 2922 2922 0 2788 2788 0 2792 2792 0 2923 2923 0 2791 2791 0 2924 2924 0 2795 2795 0 2797 2797 0 2795 2795 0 2924 2924 0 2797 2797 0 2924 2924 0 2932 2932 0 2932 2932 0 2924 2924 0 2926 2926 0 2933 2933 0 2926 2926 0 2927 2927 0 2933 2933 0 2934 2934 0 2926 2926 0 2934 2934 0 2932 2932 0 2926 2926 0 2933 2933 0 2935 2935 0 2934 2934 0 2937 2937 0 2929 2929 0 2930 2930 0 2936 2936 0 2929 2929 0 2937 2937 0 2798 2798 0 2799 2799 0 2937 2937 0 2798 2798 0 2937 2937 0 2931 2931 0 2931 2931 0 2937 2937 0 2930 2930 0 2793 2793 0 2798 2798 0 2931 2931 0 2797 2797 0 2932 2932 0 2802 2802 0 2804 2804 0 2802 2802 0 2932 2932 0 2804 2804 0 2932 2932 0 2938 2938 0 2938 2938 0 2932 2932 0 2934 2934 0 2939 2939 0 2934 2934 0 2935 2935 0 2939 2939 0 2940 2940 0 2934 2934 0 2940 2940 0 2938 2938 0 2934 2934 0 2939 2939 0 2941 2941 0 2940 2940 0 2944 2944 0 2943 2943 0 2942 2942 0 2944 2944 0 2945 2945 0 2946 2946 0 2942 2942 0 2945 2945 0 2944 2944 0 2936 2936 0 2946 2946 0 2945 2945 0 2937 2937 0 2946 2946 0 2936 2936 0 2937 2937 0 2806 2806 0 2946 2946 0 2937 2937 0 2805 2805 0 2806 2806 0 2799 2799 0 2805 2805 0 2937 2937 0 2804 2804 0 2938 2938 0 2809 2809 0 2811 2811 0 2809 2809 0 2938 2938 0 2811 2811 0 2938 2938 0 2947 2947 0 2947 2947 0 2938 2938 0 2940 2940 0 2948 2948 0 2940 2940 0 2941 2941 0 2948 2948 0 2949 2949 0 2940 2940 0 2949 2949 0 2947 2947 0 2940 2940 0 2949 2949 0 2950 2950 0 2951 2951 0 2948 2948 0 2950 2950 0 2949 2949 0 2951 2951 0 2952 2952 0 2953 2953 0 2950 2950 0 2952 2952 0 2951 2951 0 2953 2953 0 2954 2954 0 2955 2955 0 2952 2952 0 2954 2954 0 2953 2953 0 2955 2955 0 2956 2956 0 2957 2957 0 2954 2954 0 2956 2956 0 2955 2955 0 2957 2957 0 2958 2958 0 2959 2959 0 2956 2956 0 2958 2958 0 2957 2957 0 2959 2959 0 2960 2960 0 2961 2961 0 2958 2958 0 2960 2960 0 2959 2959 0 2961 2961 0 2962 2962 0 2963 2963 0 2960 2960 0 2962 2962 0 2961 2961 0 2943 2943 0 2963 2963 0 2962 2962 0 2943 2943 0 2944 2944 0 2963 2963 0 2944 2944 0 2964 2964 0 2963 2963 0 2812 2812 0 2813 2813 0 2964 2964 0 2812 2812 0 2964 2964 0 2946 2946 0 2946 2946 0 2964 2964 0 2944 2944 0 2806 2806 0 2812 2812 0 2946 2946 0 2811 2811 0 2947 2947 0 2816 2816 0 2818 2818 0 2816 2816 0 2947 2947 0 2949 2949 0 2818 2818 0 2947 2947 0 2820 2820 0 2818 2818 0 2949 2949 0 2820 2820 0 2949 2949 0 2965 2965 0 2965 2965 0 2949 2949 0 2951 2951 0 2953 2953 0 2966 2966 0 2951 2951 0 2966 2966 0 2965 2965 0 2951 2951 0 2955 2955 0 2967 2967 0 2953 2953 0 2967 2967 0 2966 2966 0 2953 2953 0 2957 2957 0 2968 2968 0 2955 2955 0 2968 2968 0 2967 2967 0 2955 2955 0 2959 2959 0 2969 2969 0 2957 2957 0 2969 2969 0 2968 2968 0 2957 2957 0 2961 2961 0 2970 2970 0 2959 2959 0 2970 2970 0 2969 2969 0 2959 2959 0 2821 2821 0 2822 2822 0 2970 2970 0 2821 2821 0 2970 2970 0 2963 2963 0 2963 2963 0 2970 2970 0 2961 2961 0 2824 2824 0 2821 2821 0 2963 2963 0 2964 2964 0 2824 2824 0 2963 2963 0 2813 2813 0 2824 2824 0 2964 2964 0 2820 2820 0 2965 2965 0 2826 2826 0 2828 2828 0 2826 2826 0 2965 2965 0 2966 2966 0 2828 2828 0 2965 2965 0 2830 2830 0 2828 2828 0 2966 2966 0 2967 2967 0 2830 2830 0 2966 2966 0 2832 2832 0 2830 2830 0 2967 2967 0 2968 2968 0 2832 2832 0 2967 2967 0 2834 2834 0 2832 2832 0 2968 2968 0 2969 2969 0 2834 2834 0 2968 2968 0 2836 2836 0 2834 2834 0 2969 2969 0 2970 2970 0 2836 2836 0 2969 2969 0 2822 2822 0 2836 2836 0 2970 2970 0 2845 2845 0 2971 2971 0 2846 2846 0 2845 2845 0 2847 2847 0 2972 2972 0 2971 2971 0 2845 2845 0 2972 2972 0 2847 2847 0 2848 2848 0 2972 2972 0 2855 2855 0 2973 2973 0 2856 2856 0 2855 2855 0 2857 2857 0 2974 2974 0 2973 2973 0 2855 2855 0 2974 2974 0 2857 2857 0 2858 2858 0 2975 2975 0 2974 2974 0 2857 2857 0 2975 2975 0 2858 2858 0 2846 2846 0 2971 2971 0 2858 2858 0 2971 2971 0 2975 2975 0 2975 2975 0 2971 2971 0 2976 2976 0 2972 2972 0 2977 2977 0 2971 2971 0 2977 2977 0 2976 2976 0 2971 2971 0 2848 2848 0 2859 2859 0 2978 2978 0 2848 2848 0 2978 2978 0 2972 2972 0 2972 2972 0 2978 2978 0 2977 2977 0 2859 2859 0 2860 2860 0 2979 2979 0 2978 2978 0 2859 2859 0 2979 2979 0 2860 2860 0 2861 2861 0 2980 2980 0 2979 2979 0 2860 2860 0 2980 2980 0 2861 2861 0 2862 2862 0 2980 2980 0 2867 2867 0 2981 2981 0 2868 2868 0 2867 2867 0 2856 2856 0 2973 2973 0 2867 2867 0 2973 2973 0 2981 2981 0 2981 2981 0 2973 2973 0 2982 2982 0 2974 2974 0 2983 2983 0 2973 2973 0 2983 2983 0 2982 2982 0 2973 2973 0 2975 2975 0 2984 2984 0 2974 2974 0 2984 2984 0 2983 2983 0 2974 2974 0 2986 2986 0 2976 2976 0 2985 2985 0 2986 2986 0 2984 2984 0 2976 2976 0 2984 2984 0 2975 2975 0 2976 2976 0 2977 2977 0 2985 2985 0 2976 2976 0 2987 2987 0 2985 2985 0 2977 2977 0 2987 2987 0 2989 2989 0 2988 2988 0 2987 2987 0 2977 2977 0 2989 2989 0 2977 2977 0 2978 2978 0 2989 2989 0 2979 2979 0 2990 2990 0 2978 2978 0 2990 2990 0 2989 2989 0 2978 2978 0 2980 2980 0 2991 2991 0 2979 2979 0 2991 2991 0 2990 2990 0 2979 2979 0 2862 2862 0 2869 2869 0 2992 2992 0 2862 2862 0 2992 2992 0 2980 2980 0 2980 2980 0 2992 2992 0 2991 2991 0 2869 2869 0 2870 2870 0 2992 2992 0 2874 2874 0 2993 2993 0 2875 2875 0 2874 2874 0 2868 2868 0 2981 2981 0 2874 2874 0 2981 2981 0 2993 2993 0 2993 2993 0 2981 2981 0 2994 2994 0 2982 2982 0 2995 2995 0 2981 2981 0 2995 2995 0 2994 2994 0 2981 2981 0 2997 2997 0 2983 2983 0 2996 2996 0 2997 2997 0 2995 2995 0 2983 2983 0 2995 2995 0 2982 2982 0 2983 2983 0 2984 2984 0 2996 2996 0 2983 2983 0 2998 2998 0 2996 2996 0 2984 2984 0 2986 2986 0 2998 2998 0 2984 2984 0 2989 2989 0 2999 2999 0 2988 2988 0 2990 2990 0 2999 2999 0 2989 2989 0 3000 3000 0 2999 2999 0 2990 2990 0 3000 3000 0 3002 3002 0 3001 3001 0 3000 3000 0 2990 2990 0 3002 3002 0 2990 2990 0 2991 2991 0 3002 3002 0 2992 2992 0 3003 3003 0 2991 2991 0 3003 3003 0 3002 3002 0 2991 2991 0 2870 2870 0 2876 2876 0 3004 3004 0 2870 2870 0 3004 3004 0 2992 2992 0 2992 2992 0 3004 3004 0 3003 3003 0 2876 2876 0 2877 2877 0 3004 3004 0 2881 2881 0 3005 3005 0 2882 2882 0 2881 2881 0 2875 2875 0 2993 2993 0 2881 2881 0 2993 2993 0 3005 3005 0 3005 3005 0 2993 2993 0 3006 3006 0 2994 2994 0 3007 3007 0 2993 2993 0 3007 3007 0 3006 3006 0 2993 2993 0 3009 3009 0 2995 2995 0 3008 3008 0 3009 3009 0 3007 3007 0 2995 2995 0 3007 3007 0 2994 2994 0 2995 2995 0 2997 2997 0 3008 3008 0 2995 2995 0 3002 3002 0 3010 3010 0 3001 3001 0 3010 3010 0 3012 3012 0 3011 3011 0 3010 3010 0 3002 3002 0 3012 3012 0 3002 3002 0 3003 3003 0 3012 3012 0 3004 3004 0 3013 3013 0 3003 3003 0 3013 3013 0 3012 3012 0 3003 3003 0 2877 2877 0 2883 2883 0 3013 3013 0 3004 3004 0 2877 2877 0 3013 3013 0 3005 3005 0 3014 3014 0 2887 2887 0 2882 2882 0 3005 3005 0 2887 2887 0 3006 3006 0 3015 3015 0 3005 3005 0 3015 3015 0 3014 3014 0 3005 3005 0 3017 3017 0 3007 3007 0 3016 3016 0 3017 3017 0 3015 3015 0 3007 3007 0 3015 3015 0 3006 3006 0 3007 3007 0 3009 3009 0 3016 3016 0 3007 3007 0 3019 3019 0 3011 3011 0 3012 3012 0 3018 3018 0 3011 3011 0 3019 3019 0 3013 3013 0 3020 3020 0 3012 3012 0 3020 3020 0 3019 3019 0 3012 3012 0 2883 2883 0 2888 2888 0 3021 3021 0 2883 2883 0 3021 3021 0 3013 3013 0 3013 3013 0 3021 3021 0 3020 3020 0 2888 2888 0 2889 2889 0 3021 3021 0 3014 3014 0 3022 3022 0 2893 2893 0 2887 2887 0 3014 3014 0 2893 2893 0 3015 3015 0 3023 3023 0 3014 3014 0 3023 3023 0 3022 3022 0 3014 3014 0 3024 3024 0 3015 3015 0 3017 3017 0 3023 3023 0 3015 3015 0 3024 3024 0 3019 3019 0 3025 3025 0 3018 3018 0 3025 3025 0 3027 3027 0 3026 3026 0 3025 3025 0 3019 3019 0 3027 3027 0 3019 3019 0 3020 3020 0 3027 3027 0 3021 3021 0 3028 3028 0 3020 3020 0 3028 3028 0 3027 3027 0 3020 3020 0 2889 2889 0 2894 2894 0 3028 3028 0 3021 3021 0 2889 2889 0 3028 3028 0 3022 3022 0 3029 3029 0 2899 2899 0 2893 2893 0 3022 3022 0 2899 2899 0 3023 3023 0 3030 3030 0 3022 3022 0 3030 3030 0 3029 3029 0 3022 3022 0 3031 3031 0 3023 3023 0 3024 3024 0 3030 3030 0 3023 3023 0 3031 3031 0 3033 3033 0 3026 3026 0 3027 3027 0 3032 3032 0 3026 3026 0 3033 3033 0 3028 3028 0 3034 3034 0 3027 3027 0 3034 3034 0 3033 3033 0 3027 3027 0 2894 2894 0 2900 2900 0 3035 3035 0 2894 2894 0 3035 3035 0 3028 3028 0 3028 3028 0 3035 3035 0 3034 3034 0 2900 2900 0 2901 2901 0 3035 3035 0 3029 3029 0 3036 3036 0 2905 2905 0 2899 2899 0 3029 3029 0 2905 2905 0 3030 3030 0 3037 3037 0 3029 3029 0 3037 3037 0 3036 3036 0 3029 3029 0 3038 3038 0 3030 3030 0 3031 3031 0 3037 3037 0 3030 3030 0 3038 3038 0 3040 3040 0 3032 3032 0 3033 3033 0 3039 3039 0 3032 3032 0 3040 3040 0 3034 3034 0 3041 3041 0 3033 3033 0 3041 3041 0 3040 3040 0 3033 3033 0 3035 3035 0 3042 3042 0 3034 3034 0 3042 3042 0 3041 3041 0 3034 3034 0 2901 2901 0 2906 2906 0 3042 3042 0 3035 3035 0 2901 2901 0 3042 3042 0 3036 3036 0 3043 3043 0 2910 2910 0 2905 2905 0 3036 3036 0 2910 2910 0 3037 3037 0 3044 3044 0 3036 3036 0 3044 3044 0 3043 3043 0 3036 3036 0 3045 3045 0 3037 3037 0 3038 3038 0 3044 3044 0 3037 3037 0 3045 3045 0 3047 3047 0 3039 3039 0 3040 3040 0 3046 3046 0 3039 3039 0 3047 3047 0 3041 3041 0 3048 3048 0 3040 3040 0 3048 3048 0 3047 3047 0 3040 3040 0 3042 3042 0 3049 3049 0 3041 3041 0 3049 3049 0 3048 3048 0 3041 3041 0 2906 2906 0 2911 2911 0 3049 3049 0 3042 3042 0 2906 2906 0 3049 3049 0 3043 3043 0 3050 3050 0 2914 2914 0 2910 2910 0 3043 3043 0 2914 2914 0 3044 3044 0 3051 3051 0 3043 3043 0 3051 3051 0 3050 3050 0 3043 3043 0 3052 3052 0 3044 3044 0 3045 3045 0 3051 3051 0 3044 3044 0 3052 3052 0 3054 3054 0 3046 3046 0 3047 3047 0 3053 3053 0 3046 3046 0 3054 3054 0 3048 3048 0 3055 3055 0 3047 3047 0 3055 3055 0 3054 3054 0 3047 3047 0 2915 2915 0 2916 2916 0 3055 3055 0 2915 2915 0 3055 3055 0 3049 3049 0 3049 3049 0 3055 3055 0 3048 3048 0 2911 2911 0 2915 2915 0 3049 3049 0 3050 3050 0 3056 3056 0 2920 2920 0 2914 2914 0 3050 3050 0 2920 2920 0 3051 3051 0 3057 3057 0 3050 3050 0 3057 3057 0 3056 3056 0 3050 3050 0 3058 3058 0 3051 3051 0 3052 3052 0 3058 3058 0 3059 3059 0 3051 3051 0 3059 3059 0 3057 3057 0 3051 3051 0 3058 3058 0 3060 3060 0 3059 3059 0 3063 3063 0 3062 3062 0 3061 3061 0 3053 3053 0 3063 3063 0 3061 3061 0 3053 3053 0 3054 3054 0 3063 3063 0 3054 3054 0 3064 3064 0 3063 3063 0 3055 3055 0 3065 3065 0 3054 3054 0 3065 3065 0 3064 3064 0 3054 3054 0 2916 2916 0 2921 2921 0 3065 3065 0 3055 3055 0 2916 2916 0 3065 3065 0 2920 2920 0 3056 3056 0 2925 2925 0 2927 2927 0 2925 2925 0 3056 3056 0 2927 2927 0 3056 3056 0 3066 3066 0 3066 3066 0 3056 3056 0 3057 3057 0 3059 3059 0 3067 3067 0 3057 3057 0 3067 3067 0 3066 3066 0 3057 3057 0 3068 3068 0 3059 3059 0 3060 3060 0 3068 3068 0 3069 3069 0 3059 3059 0 3069 3069 0 3067 3067 0 3059 3059 0 3068 3068 0 3070 3070 0 3069 3069 0 3072 3072 0 3062 3062 0 3063 3063 0 3071 3071 0 3062 3062 0 3072 3072 0 3064 3064 0 3073 3073 0 3063 3063 0 3073 3073 0 3072 3072 0 3063 3063 0 2928 2928 0 2929 2929 0 3073 3073 0 2928 2928 0 3073 3073 0 3065 3065 0 3065 3065 0 3073 3073 0 3064 3064 0 2921 2921 0 2928 2928 0 3065 3065 0 2927 2927 0 3066 3066 0 2933 2933 0 2935 2935 0 2933 2933 0 3066 3066 0 2935 2935 0 3066 3066 0 3074 3074 0 3074 3074 0 3066 3066 0 3067 3067 0 3069 3069 0 3075 3075 0 3067 3067 0 3075 3075 0 3074 3074 0 3067 3067 0 3076 3076 0 3069 3069 0 3070 3070 0 3076 3076 0 3077 3077 0 3069 3069 0 3077 3077 0 3075 3075 0 3069 3069 0 3077 3077 0 3078 3078 0 3079 3079 0 3076 3076 0 3078 3078 0 3077 3077 0 3079 3079 0 3080 3080 0 3081 3081 0 3078 3078 0 3080 3080 0 3079 3079 0 3080 3080 0 3082 3082 0 3081 3081 0 3085 3085 0 3084 3084 0 3083 3083 0 3085 3085 0 3086 3086 0 3087 3087 0 3083 3083 0 3086 3086 0 3085 3085 0 3071 3071 0 3087 3087 0 3086 3086 0 3071 3071 0 3072 3072 0 3087 3087 0 3072 3072 0 3088 3088 0 3087 3087 0 3073 3073 0 3089 3089 0 3072 3072 0 3089 3089 0 3088 3088 0 3072 3072 0 2929 2929 0 2936 2936 0 3089 3089 0 3073 3073 0 2929 2929 0 3089 3089 0 2935 2935 0 3074 3074 0 2939 2939 0 2941 2941 0 2939 2939 0 3074 3074 0 2941 2941 0 3074 3074 0 3090 3090 0 3090 3090 0 3074 3074 0 3075 3075 0 3077 3077 0 3091 3091 0 3075 3075 0 3091 3091 0 3090 3090 0 3075 3075 0 3079 3079 0 3092 3092 0 3077 3077 0 3092 3092 0 3091 3091 0 3077 3077 0 3081 3081 0 3093 3093 0 3079 3079 0 3093 3093 0 3092 3092 0 3079 3079 0 3094 3094 0 3081 3081 0 3082 3082 0 3094 3094 0 3095 3095 0 3081 3081 0 3095 3095 0 3093 3093 0 3081 3081 0 3095 3095 0 3096 3096 0 3097 3097 0 3094 3094 0 3096 3096 0 3095 3095 0 3084 3084 0 3097 3097 0 3096 3096 0 3084 3084 0 3085 3085 0 3097 3097 0 3085 3085 0 3098 3098 0 3097 3097 0 3087 3087 0 3099 3099 0 3085 3085 0 3099 3099 0 3098 3098 0 3085 3085 0 2942 2942 0 2943 2943 0 3099 3099 0 2942 2942 0 3099 3099 0 3088 3088 0 3088 3088 0 3099 3099 0 3087 3087 0 2945 2945 0 2942 2942 0 3088 3088 0 3089 3089 0 2945 2945 0 3088 3088 0 2936 2936 0 2945 2945 0 3089 3089 0 2941 2941 0 3090 3090 0 2948 2948 0 2950 2950 0 2948 2948 0 3090 3090 0 3091 3091 0 2950 2950 0 3090 3090 0 2952 2952 0 2950 2950 0 3091 3091 0 3092 3092 0 2952 2952 0 3091 3091 0 2954 2954 0 2952 2952 0 3092 3092 0 3093 3093 0 2954 2954 0 3092 3092 0 2956 2956 0 2954 2954 0 3093 3093 0 3095 3095 0 2956 2956 0 3093 3093 0 2958 2958 0 2956 2956 0 3095 3095 0 3097 3097 0 2958 2958 0 3095 3095 0 2960 2960 0 2958 2958 0 3097 3097 0 3098 3098 0 2960 2960 0 3097 3097 0 2962 2962 0 2960 2960 0 3098 3098 0 3099 3099 0 2962 2962 0 3098 3098 0 2943 2943 0 2962 2962 0 3099 3099 0 2985 2985 0 3100 3100 0 2986 2986 0 2985 2985 0 2987 2987 0 3101 3101 0 3100 3100 0 2985 2985 0 3101 3101 0 2987 2987 0 2988 2988 0 3101 3101 0 2996 2996 0 3102 3102 0 2997 2997 0 2996 2996 0 2998 2998 0 3103 3103 0 3102 3102 0 2996 2996 0 3103 3103 0 2998 2998 0 2986 2986 0 3100 3100 0 2998 2998 0 3100 3100 0 3103 3103 0 3103 3103 0 3100 3100 0 3104 3104 0 3101 3101 0 3105 3105 0 3100 3100 0 3105 3105 0 3104 3104 0 3100 3100 0 2988 2988 0 2999 2999 0 3106 3106 0 2988 2988 0 3106 3106 0 3101 3101 0 3101 3101 0 3106 3106 0 3105 3105 0 2999 2999 0 3000 3000 0 3107 3107 0 3106 3106 0 2999 2999 0 3107 3107 0 3000 3000 0 3001 3001 0 3107 3107 0 3008 3008 0 3108 3108 0 3009 3009 0 3008 3008 0 2997 2997 0 3102 3102 0 3008 3008 0 3102 3102 0 3108 3108 0 3108 3108 0 3102 3102 0 3109 3109 0 3103 3103 0 3110 3110 0 3102 3102 0 3110 3110 0 3109 3109 0 3102 3102 0 3104 3104 0 3111 3111 0 3103 3103 0 3111 3111 0 3110 3110 0 3103 3103 0 3105 3105 0 3112 3112 0 3104 3104 0 3112 3112 0 3111 3111 0 3104 3104 0 3106 3106 0 3113 3113 0 3105 3105 0 3113 3113 0 3112 3112 0 3105 3105 0 3107 3107 0 3114 3114 0 3106 3106 0 3114 3114 0 3113 3113 0 3106 3106 0 3001 3001 0 3010 3010 0 3115 3115 0 3001 3001 0 3115 3115 0 3107 3107 0 3107 3107 0 3115 3115 0 3114 3114 0 3010 3010 0 3011 3011 0 3115 3115 0 3016 3016 0 3116 3116 0 3017 3017 0 3016 3016 0 3009 3009 0 3108 3108 0 3016 3016 0 3108 3108 0 3116 3116 0 3116 3116 0 3108 3108 0 3117 3117 0 3109 3109 0 3118 3118 0 3108 3108 0 3118 3118 0 3117 3117 0 3108 3108 0 3110 3110 0 3119 3119 0 3109 3109 0 3119 3119 0 3118 3118 0 3109 3109 0 3111 3111 0 3120 3120 0 3110 3110 0 3120 3120 0 3119 3119 0 3110 3110 0 3112 3112 0 3121 3121 0 3111 3111 0 3121 3121 0 3120 3120 0 3111 3111 0 3113 3113 0 3122 3122 0 3112 3112 0 3122 3122 0 3121 3121 0 3112 3112 0 3114 3114 0 3123 3123 0 3113 3113 0 3123 3123 0 3122 3122 0 3113 3113 0 3115 3115 0 3124 3124 0 3114 3114 0 3124 3124 0 3123 3123 0 3114 3114 0 3011 3011 0 3018 3018 0 3124 3124 0 3115 3115 0 3011 3011 0 3124 3124 0 3116 3116 0 3125 3125 0 3024 3024 0 3017 3017 0 3116 3116 0 3024 3024 0 3117 3117 0 3126 3126 0 3116 3116 0 3126 3126 0 3125 3125 0 3116 3116 0 3118 3118 0 3127 3127 0 3117 3117 0 3127 3127 0 3126 3126 0 3117 3117 0 3119 3119 0 3128 3128 0 3118 3118 0 3128 3128 0 3127 3127 0 3118 3118 0 3120 3120 0 3129 3129 0 3119 3119 0 3129 3129 0 3128 3128 0 3119 3119 0 3121 3121 0 3130 3130 0 3120 3120 0 3130 3130 0 3129 3129 0 3120 3120 0 3122 3122 0 3131 3131 0 3121 3121 0 3131 3131 0 3130 3130 0 3121 3121 0 3123 3123 0 3132 3132 0 3122 3122 0 3132 3132 0 3131 3131 0 3122 3122 0 3124 3124 0 3133 3133 0 3123 3123 0 3133 3133 0 3132 3132 0 3123 3123 0 3018 3018 0 3025 3025 0 3134 3134 0 3018 3018 0 3134 3134 0 3124 3124 0 3124 3124 0 3134 3134 0 3133 3133 0 3025 3025 0 3026 3026 0 3134 3134 0 3125 3125 0 3135 3135 0 3031 3031 0 3024 3024 0 3125 3125 0 3031 3031 0 3126 3126 0 3136 3136 0 3125 3125 0 3136 3136 0 3135 3135 0 3125 3125 0 3127 3127 0 3137 3137 0 3126 3126 0 3137 3137 0 3136 3136 0 3126 3126 0 3128 3128 0 3138 3138 0 3127 3127 0 3138 3138 0 3137 3137 0 3127 3127 0 3140 3140 0 3129 3129 0 3139 3139 0 3140 3140 0 3138 3138 0 3129 3129 0 3138 3138 0 3128 3128 0 3129 3129 0 3130 3130 0 3139 3139 0 3129 3129 0 3141 3141 0 3139 3139 0 3130 3130 0 3141 3141 0 3143 3143 0 3142 3142 0 3141 3141 0 3130 3130 0 3143 3143 0 3130 3130 0 3131 3131 0 3143 3143 0 3132 3132 0 3144 3144 0 3131 3131 0 3144 3144 0 3143 3143 0 3131 3131 0 3133 3133 0 3145 3145 0 3132 3132 0 3145 3145 0 3144 3144 0 3132 3132 0 3134 3134 0 3146 3146 0 3133 3133 0 3146 3146 0 3145 3145 0 3133 3133 0 3026 3026 0 3032 3032 0 3146 3146 0 3134 3134 0 3026 3026 0 3146 3146 0 3135 3135 0 3147 3147 0 3038 3038 0 3031 3031 0 3135 3135 0 3038 3038 0 3136 3136 0 3148 3148 0 3135 3135 0 3148 3148 0 3147 3147 0 3135 3135 0 3137 3137 0 3149 3149 0 3136 3136 0 3149 3149 0 3148 3148 0 3136 3136 0 3138 3138 0 3150 3150 0 3137 3137 0 3150 3150 0 3149 3149 0 3137 3137 0 3151 3151 0 3138 3138 0 3140 3140 0 3150 3150 0 3138 3138 0 3151 3151 0 3153 3153 0 3142 3142 0 3143 3143 0 3152 3152 0 3142 3142 0 3153 3153 0 3144 3144 0 3154 3154 0 3143 3143 0 3154 3154 0 3153 3153 0 3143 3143 0 3145 3145 0 3155 3155 0 3144 3144 0 3155 3155 0 3154 3154 0 3144 3144 0 3146 3146 0 3156 3156 0 3145 3145 0 3156 3156 0 3155 3155 0 3145 3145 0 3032 3032 0 3039 3039 0 3156 3156 0 3146 3146 0 3032 3032 0 3156 3156 0 3147 3147 0 3157 3157 0 3045 3045 0 3038 3038 0 3147 3147 0 3045 3045 0 3148 3148 0 3158 3158 0 3147 3147 0 3158 3158 0 3157 3157 0 3147 3147 0 3149 3149 0 3159 3159 0 3148 3148 0 3159 3159 0 3158 3158 0 3148 3148 0 3150 3150 0 3160 3160 0 3149 3149 0 3160 3160 0 3159 3159 0 3149 3149 0 3161 3161 0 3150 3150 0 3151 3151 0 3161 3161 0 3162 3162 0 3150 3150 0 3162 3162 0 3160 3160 0 3150 3150 0 3162 3162 0 3163 3163 0 3164 3164 0 3161 3161 0 3163 3163 0 3162 3162 0 3152 3152 0 3164 3164 0 3163 3163 0 3152 3152 0 3153 3153 0 3164 3164 0 3153 3153 0 3165 3165 0 3164 3164 0 3154 3154 0 3166 3166 0 3153 3153 0 3166 3166 0 3165 3165 0 3153 3153 0 3155 3155 0 3167 3167 0 3154 3154 0 3167 3167 0 3166 3166 0 3154 3154 0 3156 3156 0 3168 3168 0 3155 3155 0 3168 3168 0 3167 3167 0 3155 3155 0 3039 3039 0 3046 3046 0 3168 3168 0 3156 3156 0 3039 3039 0 3168 3168 0 3157 3157 0 3169 3169 0 3052 3052 0 3045 3045 0 3157 3157 0 3052 3052 0 3158 3158 0 3170 3170 0 3157 3157 0 3170 3170 0 3169 3169 0 3157 3157 0 3159 3159 0 3171 3171 0 3158 3158 0 3171 3171 0 3170 3170 0 3158 3158 0 3160 3160 0 3172 3172 0 3159 3159 0 3172 3172 0 3171 3171 0 3159 3159 0 3162 3162 0 3173 3173 0 3160 3160 0 3173 3173 0 3172 3172 0 3160 3160 0 3164 3164 0 3174 3174 0 3162 3162 0 3174 3174 0 3173 3173 0 3162 3162 0 3165 3165 0 3175 3175 0 3164 3164 0 3175 3175 0 3174 3174 0 3164 3164 0 3166 3166 0 3176 3176 0 3165 3165 0 3176 3176 0 3175 3175 0 3165 3165 0 3167 3167 0 3177 3177 0 3166 3166 0 3177 3177 0 3176 3176 0 3166 3166 0 3168 3168 0 3178 3178 0 3167 3167 0 3178 3178 0 3177 3177 0 3167 3167 0 3046 3046 0 3053 3053 0 3178 3178 0 3168 3168 0 3046 3046 0 3178 3178 0 3052 3052 0 3169 3169 0 3058 3058 0 3060 3060 0 3058 3058 0 3169 3169 0 3060 3060 0 3169 3169 0 3179 3179 0 3179 3179 0 3169 3169 0 3170 3170 0 3171 3171 0 3180 3180 0 3170 3170 0 3180 3180 0 3179 3179 0 3170 3170 0 3172 3172 0 3181 3181 0 3171 3171 0 3181 3181 0 3180 3180 0 3171 3171 0 3173 3173 0 3182 3182 0 3172 3172 0 3182 3182 0 3181 3181 0 3172 3172 0 3174 3174 0 3183 3183 0 3173 3173 0 3183 3183 0 3182 3182 0 3173 3173 0 3175 3175 0 3184 3184 0 3174 3174 0 3184 3184 0 3183 3183 0 3174 3174 0 3176 3176 0 3185 3185 0 3175 3175 0 3185 3185 0 3184 3184 0 3175 3175 0 3177 3177 0 3186 3186 0 3176 3176 0 3186 3186 0 3185 3185 0 3176 3176 0 3061 3061 0 3062 3062 0 3186 3186 0 3061 3061 0 3186 3186 0 3178 3178 0 3178 3178 0 3186 3186 0 3177 3177 0 3053 3053 0 3061 3061 0 3178 3178 0 3060 3060 0 3179 3179 0 3068 3068 0 3070 3070 0 3068 3068 0 3179 3179 0 3070 3070 0 3179 3179 0 3187 3187 0 3187 3187 0 3179 3179 0 3180 3180 0 3181 3181 0 3188 3188 0 3180 3180 0 3188 3188 0 3187 3187 0 3180 3180 0 3182 3182 0 3189 3189 0 3181 3181 0 3189 3189 0 3188 3188 0 3181 3181 0 3183 3183 0 3190 3190 0 3182 3182 0 3190 3190 0 3189 3189 0 3182 3182 0 3184 3184 0 3191 3191 0 3183 3183 0 3191 3191 0 3190 3190 0 3183 3183 0 3185 3185 0 3192 3192 0 3184 3184 0 3192 3192 0 3191 3191 0 3184 3184 0 3186 3186 0 3193 3193 0 3185 3185 0 3193 3193 0 3192 3192 0 3185 3185 0 3062 3062 0 3071 3071 0 3193 3193 0 3186 3186 0 3062 3062 0 3193 3193 0 3070 3070 0 3187 3187 0 3076 3076 0 3078 3078 0 3076 3076 0 3187 3187 0 3188 3188 0 3078 3078 0 3187 3187 0 3080 3080 0 3078 3078 0 3188 3188 0 3189 3189 0 3080 3080 0 3188 3188 0 3082 3082 0 3080 3080 0 3189 3189 0 3082 3082 0 3189 3189 0 3194 3194 0 3194 3194 0 3189 3189 0 3190 3190 0 3191 3191 0 3195 3195 0 3190 3190 0 3195 3195 0 3194 3194 0 3190 3190 0 3083 3083 0 3084 3084 0 3195 3195 0 3083 3083 0 3195 3195 0 3192 3192 0 3192 3192 0 3195 3195 0 3191 3191 0 3086 3086 0 3083 3083 0 3192 3192 0 3193 3193 0 3086 3086 0 3192 3192 0 3071 3071 0 3086 3086 0 3193 3193 0 3082 3082 0 3194 3194 0 3094 3094 0 3096 3096 0 3094 3094 0 3194 3194 0 3195 3195 0 3096 3096 0 3194 3194 0 3084 3084 0 3096 3096 0 3195 3195 0 3139 3139 0 3196 3196 0 3140 3140 0 3139 3139 0 3141 3141 0 3197 3197 0 3196 3196 0 3139 3139 0 3197 3197 0 3141 3141 0 3142 3142 0 3197 3197 0 3196 3196 0 3198 3198 0 3151 3151 0 3140 3140 0 3196 3196 0 3151 3151 0 3197 3197 0 3199 3199 0 3196 3196 0 3199 3199 0 3198 3198 0 3196 3196 0 3142 3142 0 3152 3152 0 3199 3199 0 3197 3197 0 3142 3142 0 3199 3199 0 3151 3151 0 3198 3198 0 3161 3161 0 3163 3163 0 3161 3161 0 3198 3198 0 3199 3199 0 3163 3163 0 3198 3198 0 3152 3152 0 3163 3163 0 3199 3199 0 3200 3200 0 3201 3200 0 3202 3200 0</p>
        </polylist>
      </mesh>
    </geometry>

    <geometry id="floor-mesh" name="floor">
      <mesh>
        <source id="floor-mesh-positions">
          <float_array id="floor-mesh-positions-array" count="12">4 0 -4 4 0 4 -4 0 4 -4 0 -4</float_array>
          <technique_common>
            <accessor source="#floor-mesh-positions-array" count="4" stride="3">
              <param name="X" type="float"/>
              <param name="Y" type="float"/>
              <param name="Z" type="float"/>
            </accessor>
          </technique_common>
        </source>
        <source id="floor-mesh-normals">
          <float_array id="floor-mesh-normals-array" count="6">0 1 0 0 1 0</float_array>
          <technique_common>
            <accessor source="#floor-mesh-normals-array" count="2" stride="3">
              <param name="X" type="float"/>
              <param name="Y" type="float"/>
              <param name="Z" type="float"/>
            </accessor>
          </technique_common>
        </source>
        <source id="floor-mesh-map-0">
          <float_array id="floor-mesh-map-0-array" count="12">0 1 0 1 0 1 0 1 0 1 0 1</float_array>
          <technique_common>
            <accessor source="#floor-mesh-map-0-array" count="6" stride="2">
              <param name="S" type="float"/>
              <param name="T" type="float"/>
            </accessor>
          </technique_common>
        </source>
        <vertices id="floor-mesh-vertices">
          <input semantic="POSITION" source="#floor-mesh-positions"/>
        </vertices>
        <polylist material="floor-material" count="2">
          <input semantic="VERTEX" source="#floor-mesh-vertices" offset="0"/>
          <input semantic="NORMAL" source="#floor-mesh-normals" offset="1"/>
          <input semantic="TEXCOORD" source="#floor-mesh-map-0" offset="2" set="0"/>
          <vcount>3 3 </vcount>
          <p>0 0 0 1 0 1 2 0 2 3 1 3 0 1 4 2 1 5</p>
        </polylist>
      </mesh>
    </geometry>
  </library_geometries>

  <library_visual_scenes>
    <visual_scene id="Scene" name="Scene">
      <node id="Camera" name="Camera" type="NODE">
        <matrix sid="transform">1 0 0 0 0 1 0 1 0 0 1 2.732 0 0 0 1</matrix>
        <instance_camera url="#Camera-camera"/>
      </node>

      <node id="Area" name="Area" type="NODE">
        <matrix sid="transform">0.3 0 0 2 0 0.3 0 3 0 0 0.3 2 0 0 0 1</matrix>
        <instance_light url="#Area-light"/>
      </node>

      <node id="Slime" name="Slime" type="NODE">
        <matrix sid="transform">1 0 0 0 0 1 0 0 0 0 1 0 0 0 0 1</matrix>
        <instance_geometry url="#Slime-data">
          <bind_material>
            <technique_common>
              <instance_material symbol="slime-material" target="#slime-material"/>
            </technique_common>
          </bind_material>
        </instance_geometry>
      </node>
    </visual_scene>
  </library_visual_scenes>

  <scene>
    <instance_visual_scene url="#Scene"/>
  </scene>
</COLLADA>
