<?xml version="1.0" encoding="utf-8"?>
<COLLADA xmlns="http://www.collada.org/2005/11/COLLADASchema" version="1.4.1">
  <asset>
    <contributor><author>Slimelight</author></contributor>
    <created>2026-04-20T00:00:00</created>
    <modified>2026-04-20T00:00:00</modified>
    <unit name="meter" meter="1"/>
    <up_axis>Y_UP</up_axis>
  </asset>

  <library_lights>
    <light id="Area-light" name="Light">
      <technique_common>
        <point>
          <color sid="color">0 0 0</color>
          <constant_attenuation>1</constant_attenuation>
          <linear_attenuation>0</linear_attenuation>
          <quadratic_attenuation>0.001599967</quadratic_attenuation>
        </point>
      </technique_common>
      <extra>
        <technique profile="CGL">
          <area>
            <color sid="color">0 0 0</color>
          </area>
        </technique>
      </extra>
    </light>
  </library_lights>

  <library_cameras>
    <camera id="Camera-camera" name="Camera">
      <optics>
        <technique_common>
          <perspective>
            <xfov sid="xfov">42.0</xfov>
            <aspect_ratio>1.333333</aspect_ratio>
            <znear sid="znear">0.1</znear>
            <zfar sid="zfar">100</zfar>
          </perspective>
        </technique_common>
      </optics>
    </camera>
  </library_cameras>

  <library_images/>

  <library_effects>
    <effect id="slime-effect">
      <profile_COMMON>
        <technique sid="common">
          <phong>
            <emission><color sid="emission">0 0 0 1</color></emission>
            <ambient><color sid="ambient">0 0 0 1</color></ambient>
            <diffuse><color sid="diffuse">0.5 0.3 0.7 1</color></diffuse>
            <specular><color sid="specular">0.5 0.5 0.5 1</color></specular>
            <shininess><float sid="shininess">50</float></shininess>
            <index_of_refraction><float sid="ior">1.4</float></index_of_refraction>
          </phong>
        </technique>
      </profile_COMMON>
      <extra>
        <technique profile="CGL">
          <glass>
            <reflectance>1 1 1</reflectance>
            <transmittance>1 1 1</transmittance>
            <roughness>0</roughness>
            <ior>1.2</ior>
            <dispersion>0.005</dispersion>
            <sigma_a>0.5 0.05 0.5</sigma_a>
            <sigma_s>0.05 0.05 0.05</sigma_s>
            <phase_g>0.0</phase_g>
          </glass>
        </technique>
      </extra>
    </effect>

    <effect id="floor-effect">
      <profile_COMMON>
        <technique sid="common">
          <phong>
            <emission><color sid="emission">0 0 0 1</color></emission>
            <ambient><color sid="ambient">0 0 0 1</color></ambient>
            <diffuse><color sid="diffuse">0.7 0.7 0.7 1</color></diffuse>
            <specular><color sid="specular">0 0 0 1</color></specular>
            <shininess><float sid="shininess">1</float></shininess>
            <index_of_refraction><float sid="ior">1</float></index_of_refraction>
          </phong>
        </technique>
      </profile_COMMON>
    </effect>
  </library_effects>

  <library_materials>
    <material id="slime-material" name="slime">
      <instance_effect url="#slime-effect"/>
    </material>
    <material id="floor-material" name="floor">
      <instance_effect url="#floor-effect"/>
    </material>
  </library_materials>

  <library_geometries>
    <geometry id="Slime-data" name="Slime">
      <mesh>
        <source id="Slime-positions">
          <float_array id="Slime-positions-array" count="9393">-0.182701 2.090517 0.715415 -0.214376 2.081863 0.681033 -0.144664 2.071792 0.663226 -0.119930 2.089859 0.724296 -0.064085 2.071385 0.674446 -0.043858 2.090078 0.732812 0.012329 2.071763 0.680336 0.033763 2.090750 0.736774 0.088276 2.073092 0.682741 0.110521 2.092817 0.737065 0.162477 2.075782 0.683023 0.185088 2.096541 0.734067 0.230381 2.079955 0.683095 0.243465 2.097578 0.724358 -0.409093 2.087868 0.621897 -0.433678 2.080607 0.582752 -0.370665 2.070882 0.574577 -0.351085 2.086632 0.642671 -0.291846 2.068543 0.598144 -0.277218 2.084692 0.665328 -0.208658 2.065925 0.616723 -0.135340 2.058328 0.600123 -0.075637 2.058494 0.612140 -0.002726 2.058557 0.618721 0.072372 2.059316 0.622141 0.147575 2.061178 0.623707 0.221863 2.064817 0.625228 0.279603 2.087220 0.689422 0.297999 2.072412 0.631387 0.335117 2.090652 0.673385 0.374479 2.078153 0.618018 0.389848 2.094269 0.656606 -0.475598 2.083957 0.564731 -0.497347 2.079067 0.523769 -0.431855 2.067670 0.516860 -0.359962 2.058937 0.510970 -0.302398 2.057668 0.530079 -0.229620 2.055578 0.543503 -0.155023 2.052679 0.547680 -0.083962 2.050517 0.549079 -0.012924 2.050051 0.553553 0.061216 2.050306 0.556739 0.136591 2.051398 0.558513 0.212209 2.053721 0.559560 0.288076 2.057969 0.560708 0.364233 2.064268 0.559598 0.424328 2.087636 0.619247 0.440664 2.074896 0.560581 0.478380 2.095185 0.599266 0.512004 2.084685 0.543195 0.532297 2.102870 0.576482 -0.539087 2.084373 0.502339 -0.565425 2.081015 0.446089 -0.494210 2.068354 0.458213 -0.429649 2.057901 0.444006 -0.374450 2.054317 0.456602 -0.309335 2.051039 0.464628 -0.240743 2.049168 0.474169 -0.167899 2.047432 0.480410 -0.094290 2.045902 0.483446 -0.020844 2.045026 0.485704 0.053437 2.044883 0.487889 0.128845 2.045402 0.489382 0.204814 2.046774 0.490214 0.280917 2.049404 0.490648 0.356816 2.053817 0.490568 0.431793 2.060852 0.490244 0.503157 2.070833 0.488685 0.558662 2.096602 0.537596 0.560397 2.084201 0.492996 0.597260 2.101846 0.508514 -0.591097 2.077939 0.388407 -0.526340 2.064164 0.374074 -0.451063 2.055530 0.386155 -0.384387 2.050278 0.391490 -0.317952 2.047315 0.398500 -0.248302 2.045370 0.404685 -0.176000 2.044032 0.409759 -0.101950 2.042979 0.413014 -0.027240 2.042241 0.414976 0.047900 2.041922 0.416396 0.123597 2.042080 0.417464 0.199737 2.042834 0.418146 0.275990 2.044458 0.418520 0.351962 2.047416 0.418702 0.427116 2.052428 0.418906 0.500727 2.060535 0.419627 0.574022 2.073912 0.423091 0.616837 2.093501 0.455244 -0.632635 2.085975 0.364931 -0.653370 2.084236 0.302490 -0.583454 2.068336 0.314655 -0.517721 2.056598 0.298651 -0.462362 2.052126 0.314567 -0.394722 2.047826 0.323243 -0.325340 2.044978 0.328969 -0.254317 2.043226 0.333673 -0.181397 2.042106 0.337376 -0.106997 2.041338 0.340026 -0.031702 2.040800 0.341719 0.044063 2.040495 0.342802 0.120146 2.040482 0.343565 0.196450 2.040866 0.344126 0.272770 2.041855 0.344558 0.348774 2.043821 0.344975 0.424013 2.047368 0.345563 0.497931 2.053411 0.346684 0.569524 2.063134 0.349183 0.634295 2.085649 0.401936 0.630607 2.076075 0.354092 0.671931 2.091312 0.364520 -0.671918 2.081362 0.239349 -0.608138 2.065788 0.226158 -0.535117 2.055547 0.238256 -0.468715 2.049442 0.243912 -0.401700 2.045906 0.251508 -0.331252 2.043524 0.256967 -0.258915 2.042031 0.260797 -0.185148 2.041126 0.263583 -0.110239 2.040561 0.265557 -0.034548 2.040191 0.266874 0.041591 2.039964 0.267727 0.117952 2.039904 0.268324 0.194381 2.040097 0.268826 0.270700 2.040709 0.269349 0.346626 2.042040 0.270022 0.421757 2.044583 0.271012 0.495636 2.049112 0.272506 0.568176 2.056813 0.274723 0.641797 2.069742 0.278338 0.686914 2.086838 0.309816 -0.707370 2.089573 0.211916 -0.718637 2.088428 0.149995 -0.657108 2.071368 0.165786 -0.594800 2.058489 0.149314 -0.542231 2.053025 0.164671 -0.475890 2.047911 0.173062 -0.406735 2.044588 0.178766 -0.335439 2.042584 0.183296 -0.262237 2.041382 0.186489 -0.187731 2.040688 0.188657 -0.112317 2.040294 0.190120 -0.036294 2.040060 0.191098 0.040078 2.039922 0.191763 0.116586 2.039882 0.192274 0.193052 2.040000 0.192782 0.269286 2.040418 0.193431 0.345024 2.041381 0.194380 0.419882 2.043300 0.195828 0.493315 2.046799 0.197983 0.564703 2.052771 0.200824 0.633853 2.062451 0.203560 0.701072 2.082381 0.254611 0.693882 2.075410 0.206808 0.734750 2.090255 0.216103 -0.729752 2.088144 0.075704 -0.670973 2.070712 0.086071 -0.608560 2.058644 0.090387 -0.545629 2.051102 0.093516 -0.480333 2.046651 0.100084 -0.410614 2.043747 0.105108 -0.338411 2.042011 0.108712 -0.264527 2.041044 0.111253 -0.189470 2.040536 0.112947 -0.113653 2.040286 0.114052 -0.037373 2.040168 0.114788 0.039140 2.040118 0.115326 0.115691 2.040128 0.115814 0.192092 2.040249 0.116392 0.268137 2.040598 0.117219 0.343557 2.041391 0.118478 0.417999 2.042985 0.120390 0.490972 2.045926 0.123264 0.561614 2.050925 0.127482 0.628480 2.058803 0.132649 0.697160 2.072284 0.132868 0.744259 2.089030 0.160961 -0.736033 2.088186 -0.000602 -0.678945 2.070711 0.010669 -0.616936 2.058596 0.018164 -0.551611 2.050734 0.022870 -0.483831 2.045993 0.026911 -0.413385 2.043247 0.030674 -0.340549 2.041698 0.033503 -0.266112 2.040892 0.035462 -0.190643 2.040523 0.036761 -0.114540 2.040388 0.037607 -0.038092 2.040367 0.038192 0.038481 2.040400 0.038680 0.114986 2.040481 0.039215 0.191225 2.040654 0.039939 0.266969 2.041028 0.041017 0.341929 2.041795 0.042656 0.415732 2.043275 0.045089 0.488016 2.045987 0.048532 0.558402 2.050670 0.053546 0.625323 2.057983 0.061680 0.677948 2.066465 0.075286 0.751830 2.087581 0.104397 0.735784 2.081507 0.054013 0.780132 2.099334 0.064818 -0.737754 2.088974 -0.076764 -0.682965 2.071336 -0.064330 -0.621902 2.059046 -0.056108 -0.556141 2.050948 -0.050688 -0.487103 2.045971 -0.046995 -0.415602 2.043123 -0.044218 -0.342145 2.041605 -0.042122 -0.267271 2.040871 -0.040657 -0.191500 2.040581 -0.039677 -0.115213 2.040526 -0.039016 -0.038684 2.040584 -0.038509 0.037873 2.040699 -0.038001 0.114257 2.040865 -0.037340 0.190241 2.041130 -0.036374 0.265565 2.041599 -0.034940 0.339929 2.042458 -0.032830 0.412931 2.043995 -0.029755 0.484005 2.046648 -0.025485 0.553211 2.051234 -0.020380 0.621617 2.058968 -0.013276 0.692469 2.071657 0.000986 0.781818 2.100776 0.018550 0.752538 2.089334 -0.010242 -0.734720 2.090307 -0.150697 -0.684253 2.072815 -0.137457 -0.624746 2.060288 -0.130182 -0.559164 2.051802 -0.125153 -0.489662 2.046485 -0.121775 -0.417493 2.043400 -0.119524 -0.343485 2.041759 -0.117983 -0.268249 2.040987 -0.116922 -0.192262 2.040708 -0.116189 -0.115880 2.040692 -0.115647 -0.039357 2.040810 -0.115158 0.037106 2.041006 -0.114571 0.113299 2.041276 -0.113711 0.188958 2.041669 -0.112391 0.263756 2.042291 -0.110444 0.337353 2.043332 -0.107715 0.409447 2.045090 -0.103976 0.479495 2.047946 -0.098682 0.545803 2.052281 -0.091504 0.610775 2.059769 -0.087216 0.677185 2.072021 -0.081053 0.740745 2.090001 -0.070957 -0.725412 2.089988 -0.209397 -0.684953 2.075500 -0.203887 -0.627299 2.062911 -0.202691 -0.561442 2.053618 -0.199273 -0.491681 2.047688 -0.196649 -0.419164 2.044176 -0.194946 -0.344795 2.042256 -0.193862 -0.269287 2.041322 -0.193130 -0.193158 2.040967 -0.192581 -0.116762 2.040938 -0.192098 -0.040339 2.041094 -0.191567 0.035930 2.041371 -0.190848 0.111854 2.041767 -0.189741 0.187151 2.042333 -0.187983 0.261390 2.043169 -0.185326 0.334090 2.044465 -0.181699 0.404891 2.046528 -0.177091 0.473986 2.049879 -0.171450 0.540988 2.054936 -0.162781 0.594914 2.060217 -0.146858 0.659014 2.073379 -0.162521 0.724341 2.090657 -0.145901 -0.691802 2.081247 -0.250632 -0.676015 2.084019 -0.306722 -0.634190 2.068780 -0.275660 -0.563862 2.056956 -0.272667 -0.493591 2.049923 -0.270896 -0.420907 2.045707 -0.269930 -0.346343 2.043306 -0.269385 -0.270661 2.042054 -0.268988 -0.194456 2.041511 -0.268587 -0.118122 2.041397 -0.268103 -0.041902 2.041553 -0.267465 0.034041 2.041905 -0.266554 0.109555 2.042450 -0.265169 0.184430 2.043245 -0.262988 0.258229 2.044385 -0.259556 0.330114 2.046014 -0.254573 0.399526 2.048471 -0.248603 0.465862 2.052126 -0.241692 0.532594 2.058409 -0.236428 0.607068 2.068573 -0.223523 0.709923 2.092358 -0.208431 0.672325 2.084393 -0.235914 -0.657005 2.086205 -0.363673 -0.620556 2.072749 -0.350344 -0.563988 2.061741 -0.345073 -0.495485 2.053595 -0.343823 -0.423107 2.048408 -0.343809 -0.348506 2.045277 -0.344032 -0.272723 2.043504 -0.344074 -0.196486 2.042616 -0.343830 -0.120272 2.042309 -0.343287 -0.044364 2.042401 -0.342448 0.031092 2.042808 -0.341264 0.105983 2.043511 -0.339540 0.180197 2.044578 -0.336995 0.253600 2.046145 -0.333098 0.325451 2.048314 -0.326833 0.393415 2.051120 -0.317789 0.458807 2.055615 -0.310277 0.514078 2.060398 -0.297351 0.581104 2.073086 -0.312923 0.652719 2.088497 -0.297784 -0.618746 2.079004 -0.397876 -0.595767 2.080525 -0.439395 -0.565867 2.069078 -0.413876 -0.498079 2.059318 -0.414215 -0.426367 2.052889 -0.415681 -0.351802 2.048754 -0.417203 -0.275902 2.046185 -0.417879 -0.199634 2.044736 -0.417835 -0.123553 2.044074 -0.417167 -0.048038 2.043988 -0.415973 0.026734 2.044386 -0.414365 0.100795 2.045253 -0.412262 0.173958 2.046593 -0.409197 0.246321 2.048629 -0.405179 0.318505 2.051638 -0.399163 0.389219 2.055526 -0.387966 0.446624 2.058912 -0.368944 0.521568 2.070319 -0.377526 0.632628 2.093087 -0.361416 0.591627 2.086054 -0.386391 -0.556316 2.075700 -0.467879 -0.530396 2.078930 -0.508783 -0.502265 2.067937 -0.480981 -0.431821 2.059922 -0.483809 -0.357027 2.054629 -0.488438 -0.280685 2.050865 -0.489910 -0.204293 2.048554 -0.490126 -0.128321 2.047303 -0.489211 -0.053127 2.046874 -0.487497 0.020781 2.047102 -0.485034 0.093572 2.048080 -0.482454 0.165856 2.049812 -0.479202 0.236013 2.052049 -0.473585 0.306083 2.055930 -0.469720 0.379845 2.061603 -0.462079 0.460115 2.069194 -0.442472 0.573780 2.090530 -0.433592 0.529523 2.083715 -0.455182 -0.490116 2.076106 -0.534386 -0.459033 2.081347 -0.575018 -0.441735 2.069453 -0.539688 -0.365788 2.064567 -0.559506 -0.287567 2.058521 -0.559453 -0.210720 2.055068 -0.560608 -0.134901 2.052829 -0.558819 -0.059940 2.051875 -0.556548 0.013730 2.051771 -0.553007 0.084215 2.052387 -0.548127 0.154482 2.054721 -0.546244 0.226837 2.057957 -0.541280 0.286698 2.059959 -0.526113 0.358090 2.069505 -0.540849 0.435433 2.077161 -0.520781 0.504389 2.089942 -0.512020 -0.402871 2.078061 -0.598665 -0.346799 2.074498 -0.619786 -0.310203 2.080895 -0.658274 -0.296405 2.068829 -0.618828 -0.218981 2.066080 -0.632084 -0.143106 2.061578 -0.625074 -0.069200 2.059959 -0.622265 0.005025 2.059528 -0.618487 0.077311 2.059760 -0.611548 0.136386 2.059911 -0.599058 0.210258 2.067777 -0.615368 0.297275 2.071851 -0.594810 0.421747 2.089342 -0.588937 0.366412 2.083550 -0.608723 0.476719 2.095766 -0.566390 -0.254364 2.079656 -0.675191 -0.198193 2.078080 -0.690572 -0.160507 2.087185 -0.724623 -0.149602 2.073524 -0.683486 -0.081843 2.071998 -0.682561 -0.007721 2.071511 -0.680457 0.067931 2.071667 -0.674542 0.147771 2.072614 -0.662900 0.279818 2.086985 -0.665948 0.218009 2.082957 -0.681050 0.340736 2.090553 -0.649508 -0.101946 2.088784 -0.734221 -0.026643 2.088883 -0.737061 0.050928 2.089107 -0.734008 0.126355 2.089448 -0.725322 0.188243 2.090710 -0.716143 -0.195761 2.208491 0.872875 -0.230304 2.173052 0.835928 -0.159738 2.153543 0.823752 -0.105210 2.193283 0.871872 -0.065228 2.149054 0.830100 -0.020623 2.186542 0.872152 0.017695 2.147131 0.831816 0.059461 2.184704 0.870280 0.095965 2.148220 0.830213 0.135526 2.186096 0.865566 0.168614 2.152577 0.826916 0.192733 2.184709 0.857112 -0.455103 2.191278 0.769689 -0.472187 2.159547 0.731916 -0.406973 2.146188 0.737803 -0.372490 2.191498 0.804925 -0.317135 2.142800 0.768431 -0.290779 2.175249 0.820939 -0.238584 2.141494 0.793364 -0.176348 2.113760 0.763944 -0.098475 2.115911 0.779493 -0.017170 2.115446 0.785645 0.062074 2.116256 0.786923 0.140839 2.119791 0.784775 0.222997 2.164636 0.830386 0.231743 2.129082 0.779222 0.281902 2.171259 0.819453 0.324290 2.144285 0.770412 0.362967 2.194460 0.815123 0.399970 2.160063 0.761303 0.423067 2.191539 0.790102 -0.499973 2.155117 0.714715 -0.529524 2.153440 0.692690 -0.476881 2.134383 0.690345 -0.410114 2.109113 0.673052 -0.336913 2.110486 0.705888 -0.250437 2.106964 0.730503 0.297456 2.108569 0.726206 0.377927 2.119486 0.709441 0.452391 2.178522 0.761099 0.463417 2.149566 0.710635 0.509712 2.198632 0.749304 0.543290 2.172999 0.691965 0.561102 2.205005 0.722942 -0.560486 2.152105 0.669465 -0.591057 2.153147 0.642402 -0.539364 2.130206 0.640206 -0.470232 2.101734 0.622423 0.441958 2.109516 0.656191 0.521953 2.128785 0.634338 0.598857 2.205082 0.692166 0.604422 2.168716 0.633922 0.636843 2.204514 0.659176 -0.622312 2.154246 0.614222 -0.652112 2.157255 0.582674 -0.601179 2.130962 0.582134 -0.533077 2.099911 0.565560 0.591582 2.124017 0.564388 0.668305 2.201261 0.623339 0.667595 2.164969 0.564661 0.701661 2.198452 0.585756 -0.682484 2.160877 0.551288 -0.711040 2.168700 0.521373 -0.661615 2.133700 0.509971 -0.591669 2.102870 0.508437 0.657710 2.125452 0.490936 0.726085 2.193326 0.548751 0.718066 2.163497 0.501280 0.752678 2.190005 0.507726 -0.749594 2.184951 0.487235 -0.776775 2.184220 0.428060 -0.719846 2.146881 0.447741 -0.678477 2.120240 0.443527 -0.632781 2.099554 0.435332 0.674610 2.106377 0.413946 0.733345 2.144279 0.427527 0.764159 2.179597 0.467026 -0.811497 2.183335 0.350406 -0.752537 2.142843 0.362818 -0.687200 2.110001 0.378203 0.728181 2.114706 0.345066 0.795838 2.185884 0.418114 0.785832 2.153988 0.357990 0.823250 2.185729 0.364888 -0.824748 2.170577 0.281490 -0.782410 2.141149 0.284925 -0.718828 2.106325 0.285577 0.740148 2.101850 0.266163 0.794689 2.137562 0.279647 0.829258 2.172402 0.316157 -0.850136 2.187180 0.250285 -0.859599 2.184956 0.187722 -0.813058 2.147656 0.212669 -0.755383 2.111788 0.214866 0.785060 2.115409 0.196897 0.841943 2.168482 0.267761 0.838884 2.155941 0.213510 0.874450 2.195310 0.242095 -0.867930 2.180781 0.107567 -0.824389 2.144034 0.126628 -0.773726 2.112758 0.140943 0.790278 2.108471 0.115318 0.837637 2.144243 0.133953 0.886028 2.192010 0.166696 -0.872881 2.179662 0.027961 -0.831058 2.142508 0.046271 -0.783274 2.111996 0.062719 0.828638 2.131911 0.037981 0.882658 2.179339 0.080041 -0.874574 2.182182 -0.051370 -0.833308 2.143321 -0.033557 -0.787340 2.112082 -0.015735 0.799366 2.115452 -0.047689 0.851269 2.150768 -0.046796 0.885984 2.180525 -0.004871 -0.874259 2.189495 -0.130545 -0.831519 2.147285 -0.115035 -0.786013 2.113554 -0.095561 0.783600 2.115892 -0.134787 0.839208 2.149498 -0.119536 0.890747 2.191866 -0.094218 -0.873619 2.203224 -0.208787 -0.829693 2.157318 -0.196680 -0.775892 2.115815 -0.184587 0.760741 2.115131 -0.210952 0.822249 2.151555 -0.207517 0.873394 2.189805 -0.179990 -0.872880 2.224934 -0.288937 -0.830147 2.174395 -0.274723 -0.778556 2.132368 -0.268219 -0.728906 2.099548 -0.259847 0.721036 2.110612 -0.281503 0.788773 2.146295 -0.281969 0.860190 2.190417 -0.243039 0.833410 2.174843 -0.276187 -0.832732 2.192403 -0.333426 -0.816368 2.201330 -0.397562 -0.780227 2.155303 -0.353534 -0.713631 2.109595 -0.342239 0.688424 2.115190 -0.364342 0.758085 2.150882 -0.364504 0.823523 2.191972 -0.346416 -0.787319 2.203692 -0.466968 -0.762673 2.167228 -0.436728 -0.713460 2.131112 -0.423633 -0.649052 2.097425 -0.422075 0.638265 2.114603 -0.439483 0.714728 2.149232 -0.435402 0.792959 2.187485 -0.404997 0.762280 2.174737 -0.431433 -0.753280 2.176201 -0.484997 -0.736250 2.173670 -0.511240 -0.713832 2.153573 -0.494585 -0.651656 2.120505 -0.493323 -0.584695 2.092413 -0.494193 0.577459 2.109676 -0.501945 0.630274 2.132673 -0.509655 0.680745 2.161092 -0.513493 0.748512 2.195076 -0.493741 -0.713862 2.178949 -0.549445 -0.674401 2.174076 -0.594622 -0.654342 2.147335 -0.562312 -0.588079 2.117224 -0.561403 -0.517439 2.093115 -0.563057 0.535257 2.118018 -0.574552 0.616950 2.155973 -0.578603 0.718316 2.199713 -0.545801 0.685058 2.198718 -0.583942 -0.638897 2.162072 -0.614949 -0.614237 2.167699 -0.648673 -0.592496 2.144142 -0.623480 -0.525251 2.121428 -0.627006 -0.444723 2.100689 -0.633675 -0.362804 2.090186 -0.656646 0.405620 2.107430 -0.658258 0.477487 2.116348 -0.625909 0.547649 2.155634 -0.651938 0.650892 2.197989 -0.624196 0.613979 2.194456 -0.657486 -0.582315 2.162081 -0.667219 -0.561999 2.168953 -0.691491 -0.542086 2.150113 -0.674090 -0.467842 2.138883 -0.698111 -0.382065 2.118623 -0.707097 -0.295691 2.102149 -0.712939 -0.213327 2.094942 -0.728092 0.257152 2.107755 -0.732249 0.346866 2.114425 -0.708034 0.407594 2.128048 -0.707679 0.468022 2.146933 -0.703289 0.575502 2.191215 -0.693340 0.535151 2.183806 -0.717529 -0.523712 2.181299 -0.727168 -0.456510 2.166553 -0.750188 -0.426140 2.173932 -0.776702 -0.405259 2.152117 -0.754868 -0.322182 2.143375 -0.775408 -0.232987 2.124889 -0.776937 -0.145456 2.112657 -0.776400 -0.054593 2.113130 -0.787802 0.028601 2.113430 -0.788844 0.110417 2.114240 -0.782541 0.186062 2.112728 -0.766132 0.249965 2.140027 -0.796697 0.323783 2.144145 -0.773782 0.404950 2.153597 -0.751925 0.494839 2.178696 -0.742535 0.460391 2.171789 -0.753259 -0.382912 2.188001 -0.809432 -0.310975 2.176659 -0.826917 -0.273935 2.194086 -0.857546 -0.253485 2.160967 -0.825228 -0.174990 2.152132 -0.830918 -0.087739 2.146889 -0.836610 -0.000311 2.144975 -0.839102 0.086529 2.146988 -0.837100 0.179114 2.150169 -0.827949 0.302423 2.173382 -0.825612 0.247683 2.168491 -0.838918 0.376737 2.191335 -0.813251 0.444399 2.195963 -0.787755 -0.212293 2.192770 -0.870590 -0.123801 2.192934 -0.886220 -0.032177 2.183953 -0.884872 0.053521 2.183823 -0.884199 0.144624 2.193211 -0.884301 0.225314 2.195601 -0.871619 -0.340123 2.274079 0.880726 -0.374444 2.238319 0.846061 -0.318838 2.218100 0.851258 -0.267910 2.244388 0.884173 -0.261661 2.200989 0.855558 -0.206533 2.268812 0.912385 -0.131669 2.246005 0.909369 -0.051481 2.233999 0.907983 0.028164 2.228798 0.905714 0.107298 2.228641 0.901206 0.196114 2.234327 0.893089 0.246090 2.199552 0.857841 0.278827 2.245952 0.882622 0.309454 2.212036 0.850747 0.341228 2.252609 0.868775 0.349496 2.223203 0.847514 0.385923 2.243121 0.846792 -0.518922 2.236227 0.772916 -0.558283 2.207452 0.732826 -0.516714 2.181289 0.732470 -0.437672 2.245526 0.821031 0.434320 2.231060 0.818141 0.467698 2.207201 0.785092 0.489206 2.240565 0.800277 0.497888 2.218505 0.780114 0.524184 2.237561 0.778210 -0.585716 2.208217 0.716692 -0.615112 2.211924 0.695154 -0.575523 2.179561 0.693026 0.567205 2.241447 0.750477 0.584695 2.220496 0.722824 0.609261 2.240671 0.719312 -0.645734 2.215852 0.672109 -0.675013 2.220895 0.645787 -0.635861 2.183791 0.643339 0.648681 2.242136 0.685005 0.660391 2.218770 0.655180 0.684036 2.237074 0.648165 -0.704008 2.225790 0.619269 -0.729460 2.232569 0.592565 -0.693944 2.192562 0.588039 0.717009 2.234598 0.609207 0.723851 2.210836 0.578836 0.745465 2.226354 0.568499 -0.761754 2.243387 0.556702 -0.784146 2.229642 0.496711 -0.741138 2.206577 0.540890 0.764494 2.216881 0.530768 0.783361 2.209353 0.489598 0.796148 2.247508 0.515229 -0.824888 2.231767 0.422185 0.792563 2.200201 0.458059 0.819878 2.235500 0.457551 -0.857233 2.254639 0.393333 -0.873127 2.252445 0.343632 -0.846518 2.223473 0.363805 0.839471 2.219631 0.395449 0.855982 2.209809 0.339198 0.874487 2.256046 0.372556 -0.887027 2.239025 0.260308 -0.851707 2.206843 0.308474 0.861534 2.195414 0.291769 0.894869 2.244470 0.297115 -0.897748 2.227055 0.167694 0.909476 2.232068 0.220557 -0.904782 2.223000 0.087854 0.921668 2.233321 0.169545 0.920528 2.224050 0.113873 0.945012 2.268405 0.150523 -0.908963 2.223360 0.009710 0.922410 2.221389 0.039191 0.950780 2.267086 0.082663 -0.910638 2.227924 -0.067948 0.925574 2.226508 -0.038596 0.954576 2.268823 0.008216 -0.910691 2.237799 -0.144317 0.928662 2.236137 -0.101310 0.957230 2.278759 -0.071772 -0.910343 2.254738 -0.217667 0.943972 2.267198 -0.135332 0.914777 2.231808 -0.160504 -0.912362 2.282360 -0.281790 0.861290 2.208755 -0.298026 0.899628 2.242167 -0.248851 -0.882677 2.267798 -0.351986 -0.853415 2.222093 -0.352924 0.857461 2.220163 -0.338546 0.881028 2.250085 -0.329457 -0.851922 2.239814 -0.392066 -0.831662 2.250164 -0.447506 0.787247 2.204381 -0.454624 0.855944 2.240596 -0.376353 0.823679 2.228700 -0.424094 -0.790855 2.246982 -0.518980 -0.756623 2.197334 -0.515882 0.781393 2.216220 -0.487227 0.803289 2.238873 -0.480934 -0.746199 2.220897 -0.563034 -0.732243 2.251251 -0.615443 -0.703729 2.204718 -0.602196 0.719002 2.216571 -0.573617 0.779191 2.235796 -0.515616 0.749372 2.239140 -0.558517 -0.707831 2.259846 -0.656739 -0.690928 2.227125 -0.645874 -0.654843 2.190564 -0.640520 0.648956 2.213842 -0.651982 0.716328 2.237671 -0.601185 0.680926 2.238521 -0.641573 -0.682997 2.246348 -0.675059 -0.661668 2.256062 -0.701676 -0.654085 2.222733 -0.679029 -0.599889 2.192837 -0.690400 0.569937 2.203849 -0.718044 0.643243 2.232917 -0.678334 0.602979 2.229375 -0.712330 -0.626546 2.236088 -0.712421 -0.577127 2.232644 -0.743648 -0.546567 2.252359 -0.781205 -0.522340 2.220661 -0.770163 -0.463434 2.200111 -0.783785 0.484418 2.195588 -0.769461 0.560052 2.219167 -0.741083 0.520187 2.206792 -0.758183 -0.500291 2.248276 -0.804762 -0.435108 2.239981 -0.833314 -0.400626 2.259243 -0.865304 -0.379176 2.228407 -0.851225 -0.327389 2.211649 -0.856210 0.280025 2.197286 -0.859904 0.333832 2.214898 -0.856106 0.437575 2.241142 -0.830430 0.385762 2.232672 -0.850330 0.496827 2.235343 -0.794279 -0.351331 2.256446 -0.881442 -0.269413 2.243511 -0.897985 -0.182059 2.231673 -0.912413 -0.153875 2.264633 -0.942081 -0.121909 2.236552 -0.926936 -0.058799 2.229043 -0.925057 0.021561 2.225297 -0.923406 0.099043 2.227263 -0.921251 0.209574 2.233791 -0.908688 0.157884 2.235489 -0.921516 0.289652 2.247210 -0.894839 0.366136 2.261635 -0.878226 -0.091033 2.280573 -0.957733 -0.005888 2.274238 -0.957224 0.073094 2.272280 -0.953341 0.143129 2.271388 -0.945997 -0.171665 2.362094 0.961056 -0.209383 2.316871 0.937517 -0.149402 2.301597 0.939006 -0.095108 2.344794 0.962811 -0.075243 2.287412 0.938367 -0.019939 2.335191 0.961657 0.001852 2.279381 0.936187 0.055990 2.330482 0.957703 0.078397 2.276260 0.931988 0.129394 2.327596 0.950954 0.151562 2.277400 0.926190 0.193990 2.324894 0.942428 0.207010 2.286087 0.923528 0.239059 2.318408 0.932482 -0.395470 2.328350 0.885715 -0.438564 2.295938 0.852535 -0.398338 2.274284 0.859642 -0.339687 2.319604 0.903850 -0.278159 2.312408 0.918299 0.255575 2.285439 0.911976 0.326902 2.304887 0.899815 0.397545 2.298778 0.872065 0.430237 2.271273 0.846389 0.450327 2.307073 0.855550 -0.569566 2.294083 0.776749 -0.617281 2.283584 0.742175 -0.589012 2.240623 0.735812 -0.499073 2.305481 0.823004 0.480852 2.284985 0.828953 0.528029 2.276983 0.799391 0.550031 2.262518 0.778503 0.577266 2.301448 0.778565 -0.652500 2.306170 0.727884 -0.683562 2.295475 0.694436 -0.649885 2.253430 0.696938 0.615717 2.282773 0.740330 0.635222 2.265451 0.715534 0.662597 2.303458 0.711142 -0.714614 2.317750 0.675786 -0.740606 2.305133 0.638296 -0.708275 2.264144 0.646586 0.694036 2.279232 0.667850 0.708805 2.259201 0.640822 0.734489 2.292720 0.632909 -0.772657 2.322450 0.605227 -0.788158 2.283530 0.551310 -0.752534 2.273690 0.599321 0.758718 2.267130 0.586930 0.773609 2.247722 0.551851 0.794495 2.289224 0.553967 -0.826924 2.287156 0.488115 0.829872 2.296670 0.504244 -0.857819 2.309601 0.456071 -0.876748 2.300897 0.402345 -0.851356 2.274975 0.432914 0.851052 2.281996 0.456637 0.854985 2.258334 0.421468 0.879247 2.307368 0.424138 -0.903393 2.302718 0.331442 0.908973 2.308383 0.357916 -0.926060 2.325851 0.300927 -0.936100 2.324710 0.256954 -0.917325 2.292047 0.273863 0.925140 2.297886 0.303556 0.930283 2.279179 0.251844 0.945972 2.332012 0.281834 -0.945688 2.323450 0.196659 -0.921440 2.277591 0.217035 0.935075 2.263731 0.199868 0.956793 2.318028 0.209189 -0.954579 2.323966 0.126312 -0.929242 2.272048 0.144349 0.970740 2.319596 0.131286 -0.961199 2.325416 0.051292 -0.935606 2.271029 0.068802 0.977208 2.316590 0.057298 -0.964729 2.328241 -0.024714 -0.939474 2.273224 -0.007724 0.980576 2.319712 -0.013768 -0.965329 2.334877 -0.098726 -0.940883 2.279309 -0.083543 0.982794 2.331100 -0.072702 -0.963550 2.346743 -0.168714 -0.940483 2.290704 -0.156548 0.939375 2.281995 -0.195823 0.969405 2.322147 -0.140472 -0.959522 2.365608 -0.235863 -0.939212 2.308239 -0.223254 0.934411 2.300656 -0.255854 0.962180 2.344969 -0.224837 -0.937179 2.326655 -0.273673 -0.920073 2.329919 -0.330629 0.945238 2.340640 -0.283279 0.916277 2.306586 -0.317876 -0.889001 2.323570 -0.404336 -0.865090 2.272687 -0.408859 0.854489 2.269565 -0.423154 0.883887 2.297662 -0.389471 -0.860068 2.296010 -0.445133 -0.835344 2.309687 -0.500128 0.864808 2.306750 -0.443931 0.834960 2.284349 -0.474735 -0.796010 2.303428 -0.562654 -0.767945 2.260680 -0.573630 0.779554 2.261410 -0.543763 0.802355 2.276417 -0.522299 -0.763679 2.291335 -0.604787 -0.731419 2.308177 -0.656084 0.713545 2.263318 -0.629928 0.780403 2.301232 -0.572838 0.739802 2.281441 -0.610922 -0.692066 2.275230 -0.685711 -0.670515 2.280334 -0.709857 0.637101 2.255667 -0.705441 0.710343 2.301952 -0.659509 0.665383 2.276551 -0.690812 -0.634548 2.285954 -0.739165 -0.597869 2.309468 -0.780153 -0.581897 2.273679 -0.771847 0.542234 2.239977 -0.771126 0.630029 2.289611 -0.732781 0.581063 2.262095 -0.756847 -0.548165 2.296288 -0.805593 -0.484199 2.293017 -0.842219 -0.451548 2.312660 -0.871140 -0.435149 2.279601 -0.862039 0.411726 2.264548 -0.861868 0.494781 2.295435 -0.832863 0.446917 2.285075 -0.856479 0.546166 2.284177 -0.794350 -0.401304 2.303894 -0.888472 -0.329236 2.307592 -0.917407 -0.290754 2.337814 -0.945910 -0.267553 2.298543 -0.934099 -0.211624 2.278486 -0.937623 0.192784 2.265837 -0.935093 0.246478 2.281239 -0.930119 0.353955 2.311187 -0.909940 0.299537 2.300175 -0.925130 0.418643 2.310508 -0.882406 -0.232582 2.338718 -0.961893 -0.161101 2.311458 -0.965002 -0.102098 2.342412 -0.987213 -0.030717 2.327207 -0.985282 0.051605 2.329089 -0.984780 0.129242 2.323453 -0.973298 0.206317 2.319869 -0.957277 0.279445 2.333729 -0.945781 -0.229586 2.413139 0.965535 -0.276671 2.370207 0.942235 -0.234604 2.352567 0.946832 -0.164807 2.418397 0.980045 -0.109403 2.403945 0.982111 -0.039097 2.393351 0.982356 0.036023 2.390181 0.979561 0.112628 2.387671 0.972448 0.184804 2.380882 0.961337 0.251913 2.369717 0.946454 0.286123 2.334296 0.926744 0.306693 2.377910 0.935997 0.333886 2.357951 0.920467 0.352722 2.407990 0.928269 -0.445388 2.390242 0.883628 -0.497125 2.365311 0.849498 -0.456477 2.335430 0.861168 -0.394611 2.380289 0.904434 -0.339343 2.372500 0.922306 0.392823 2.370171 0.900754 0.451468 2.352655 0.871552 0.487098 2.333988 0.848485 0.505278 2.385128 0.856063 -0.567029 2.376796 0.809813 -0.619162 2.329718 0.761891 0.541211 2.344517 0.820388 0.594342 2.357264 0.791406 -0.652462 2.339538 0.743094 -0.684281 2.341611 0.716126 0.635407 2.353426 0.756885 0.681751 2.359848 0.720785 -0.715565 2.352798 0.691517 -0.744510 2.353730 0.658477 0.716975 2.349584 0.680431 0.757210 2.346483 0.636881 -0.781051 2.371569 0.619904 -0.815799 2.354146 0.557520 0.777030 2.320802 0.598800 0.820114 2.362277 0.560722 -0.855439 2.389923 0.514223 -0.873404 2.354653 0.457527 -0.848239 2.337875 0.495672 0.852464 2.348892 0.506666 0.860536 2.319090 0.473140 0.879210 2.365259 0.469592 -0.903353 2.368991 0.396794 0.909960 2.371342 0.413328 -0.930664 2.403952 0.353322 -0.938742 2.365798 0.300956 -0.922747 2.352104 0.337655 0.929225 2.357679 0.363454 0.933818 2.334608 0.328298 0.948181 2.384296 0.331831 -0.952807 2.373820 0.248221 0.967547 2.388058 0.263856 -0.965231 2.379710 0.183738 0.986308 2.389494 0.184797 -0.975772 2.384317 0.110660 0.994272 2.371558 0.104473 -0.982589 2.385047 0.033368 0.998628 2.367621 0.034146 -0.985056 2.386009 -0.042226 0.999941 2.371006 -0.032499 -0.984289 2.393465 -0.113693 0.996433 2.376978 -0.099054 -0.980470 2.403010 -0.178744 0.989941 2.392826 -0.173205 -0.976370 2.417421 -0.225981 0.979095 2.393244 -0.228564 -0.961531 2.413543 -0.280290 -0.945512 2.361094 -0.290782 0.939541 2.362136 -0.324365 0.964940 2.400622 -0.283275 -0.940493 2.382364 -0.325683 -0.920594 2.384281 -0.377021 0.945245 2.404054 -0.344938 0.917498 2.369255 -0.381264 -0.892110 2.395327 -0.447929 -0.869205 2.336443 -0.460391 0.857398 2.335538 -0.480960 0.884570 2.355181 -0.442349 -0.859885 2.368621 -0.498005 -0.825353 2.381307 -0.561403 0.867930 2.391497 -0.496873 0.826362 2.346683 -0.536698 -0.779987 2.341873 -0.611474 -0.758174 2.380181 -0.656871 0.794964 2.358672 -0.591812 0.758714 2.353720 -0.633437 -0.713971 2.367202 -0.701042 -0.686869 2.309954 -0.706911 0.721781 2.359269 -0.680712 0.680368 2.348094 -0.716082 -0.667318 2.350380 -0.740794 -0.641302 2.390335 -0.776320 -0.627893 2.338152 -0.770016 0.635855 2.344402 -0.756988 0.595568 2.317779 -0.776829 -0.589586 2.359896 -0.805103 -0.529089 2.348506 -0.840508 -0.499929 2.390720 -0.871901 -0.483942 2.338866 -0.864730 0.467087 2.320304 -0.863560 0.557837 2.360552 -0.821036 0.502439 2.348723 -0.854351 -0.447637 2.357309 -0.889022 -0.387262 2.369465 -0.919898 -0.349058 2.401595 -0.946841 -0.330362 2.360344 -0.940963 0.325845 2.336642 -0.933728 0.411409 2.373033 -0.910579 0.361571 2.359567 -0.929219 0.466743 2.366271 -0.880757 -0.287143 2.395882 -0.966051 -0.230567 2.385658 -0.980050 -0.170214 2.381276 -0.991153 -0.126966 2.424075 -1.011716 -0.104546 2.390550 -1.005399 -0.049296 2.380116 -1.006143 0.015496 2.373594 -1.005476 0.113536 2.372918 -0.997453 0.067412 2.377916 -1.005697 0.186845 2.389142 -0.987332 0.263895 2.388698 -0.967501 0.331111 2.385606 -0.947777 -0.067874 2.437378 -1.020456 -0.000999 2.424609 -1.020245 0.057250 2.416982 -1.017601 -0.279504 2.472936 0.963773 -0.331777 2.436604 0.941512 -0.293265 2.411232 0.948875 -0.219728 2.476907 0.981045 -0.182668 2.456346 0.985817 -0.123493 2.466285 0.996319 -0.055741 2.451169 0.998313 0.013473 2.447289 0.997299 0.094401 2.458719 0.992981 0.174291 2.448425 0.978890 0.244136 2.435882 0.963490 0.304355 2.424809 0.947229 0.359815 2.471971 0.938324 -0.460554 2.470327 0.893332 -0.510436 2.425384 0.858638 -0.391371 2.436897 0.918157 0.411122 2.449259 0.914356 0.468175 2.425529 0.884303 0.520680 2.436874 0.862267 -0.620071 2.461324 0.796875 -0.673916 2.445216 0.753877 -0.648444 2.384275 0.757898 -0.561099 2.457495 0.835932 0.552839 2.419188 0.838013 0.591925 2.402796 0.807282 0.617167 2.386457 0.785068 0.639199 2.432857 0.777821 -0.711098 2.476389 0.727974 -0.743728 2.453598 0.691606 -0.712046 2.401620 0.708939 0.681267 2.407547 0.736356 0.703347 2.387070 0.710819 0.725619 2.431549 0.699016 -0.777871 2.470855 0.655616 -0.800410 2.420614 0.612056 -0.761749 2.411304 0.659413 0.762306 2.400139 0.651259 0.785822 2.371174 0.613317 0.802601 2.426897 0.611022 -0.835608 2.428419 0.564513 0.840487 2.443336 0.566819 -0.861623 2.441783 0.528424 -0.885023 2.427521 0.473588 0.862034 2.403977 0.519589 0.898163 2.444371 0.473368 -0.915749 2.449080 0.413749 0.925710 2.426568 0.415520 0.933872 2.395268 0.381384 0.945323 2.440165 0.376370 -0.940110 2.471173 0.360235 -0.950385 2.422295 0.302714 0.965764 2.449662 0.320339 -0.966901 2.435306 0.242781 0.988589 2.462759 0.250027 -0.981716 2.446552 0.173180 1.003031 2.449774 0.190055 1.007106 2.427766 0.140532 1.013798 2.472788 0.163551 -0.995435 2.455422 0.092937 1.011945 2.420030 0.078337 1.019619 2.471393 0.117666 -0.999757 2.442281 0.011292 1.014537 2.419846 0.013362 1.024026 2.471755 0.058437 -1.000622 2.444486 -0.059178 1.013955 2.424506 -0.051849 1.025637 2.474859 -0.004539 -0.998466 2.458371 -0.129931 1.010469 2.434301 -0.115628 1.024143 2.481370 -0.067402 -0.989196 2.449191 -0.190760 1.006618 2.450499 -0.166663 1.019746 2.491117 -0.126886 -0.982111 2.465951 -0.236161 1.011217 2.500031 -0.183827 0.992159 2.443431 -0.224369 -0.968392 2.482420 -0.293944 0.981679 2.467890 -0.279153 -0.946249 2.434542 -0.340842 -0.925330 2.453106 -0.402086 0.935381 2.432362 -0.385343 0.960663 2.464978 -0.337942 -0.900473 2.485104 -0.468654 0.939615 2.491770 -0.400844 0.905932 2.439313 -0.448487 -0.867894 2.429648 -0.512603 -0.845210 2.465957 -0.563774 0.876689 2.451074 -0.510482 0.847183 2.427308 -0.547737 -0.810044 2.448018 -0.611026 -0.792504 2.395331 -0.619562 0.788647 2.388348 -0.615622 0.812685 2.406753 -0.589598 -0.778636 2.430958 -0.649318 -0.739854 2.443775 -0.694934 0.712264 2.386472 -0.703036 0.781921 2.435764 -0.638387 0.738750 2.407872 -0.680885 -0.687732 2.416473 -0.741652 -0.651961 2.458160 -0.782359 0.612419 2.369297 -0.786198 0.701286 2.430913 -0.725698 0.652056 2.398695 -0.762469 -0.611098 2.423552 -0.808112 -0.559201 2.420288 -0.842919 -0.515810 2.448709 -0.876695 0.567695 2.442191 -0.840825 0.518533 2.403635 -0.862844 0.611866 2.425387 -0.802997 -0.452147 2.438151 -0.907710 -0.403691 2.489048 -0.940791 -0.388947 2.430338 -0.937028 0.380660 2.396669 -0.933578 0.474061 2.444677 -0.898231 0.415691 2.427571 -0.925435 -0.341164 2.461074 -0.961974 -0.281865 2.462405 -0.983036 -0.225233 2.436053 -0.993663 -0.183118 2.493593 -1.013320 -0.166524 2.441179 -1.008520 0.099339 2.407900 -1.012169 0.145386 2.422132 -1.008203 0.252552 2.461538 -0.988746 0.192582 2.446445 -1.003641 0.321875 2.449933 -0.965373 0.377202 2.441021 -0.944772 -0.118023 2.481227 -1.022891 -0.058483 2.494544 -1.031167 -0.009093 2.481067 -1.030843 0.050621 2.470672 -1.027956 0.111844 2.458525 -1.020946 0.164567 2.466659 -1.014647 -0.070104 2.559561 1.016222 -0.110569 2.522710 1.007848 -0.064995 2.506989 1.009743 -0.018798 2.549822 1.017802 -0.006719 2.498986 1.010001 0.034055 2.544801 1.016489 0.052989 2.500876 1.008021 0.077764 2.543312 1.013163 0.103081 2.518832 1.005495 0.121075 2.568682 1.008538 -0.292596 2.551109 0.967387 -0.345333 2.497392 0.945490 -0.230055 2.534118 0.984114 -0.167586 2.515127 0.996902 0.165407 2.527034 0.994073 0.239683 2.507098 0.975952 0.303636 2.489956 0.958115 0.361559 2.540938 0.945985 -0.474251 2.556320 0.897619 -0.521235 2.498931 0.867202 -0.408812 2.521028 0.923403 0.415489 2.520557 0.924022 0.467452 2.500643 0.898807 0.515916 2.485001 0.873099 0.550992 2.468816 0.850880 0.559521 2.524371 0.851959 -0.630428 2.535394 0.801627 -0.670073 2.506061 0.767734 -0.578186 2.529719 0.836899 0.594900 2.476643 0.820550 0.648804 2.521631 0.784162 -0.709591 2.544826 0.737170 -0.747469 2.510842 0.696865 0.690301 2.480195 0.742689 0.737231 2.520038 0.702835 -0.784578 2.540600 0.656848 -0.818752 2.491275 0.605894 0.773857 2.474822 0.656730 0.821167 2.508462 0.606778 -0.850365 2.531624 0.566688 -0.872504 2.489173 0.521999 -0.849640 2.476158 0.559375 0.855723 2.496648 0.561063 0.869527 2.460444 0.530796 0.881515 2.512748 0.523582 -0.898767 2.503316 0.471452 0.910511 2.531624 0.475306 -0.924582 2.522879 0.417251 0.930725 2.483680 0.425213 0.954989 2.504447 0.374299 -0.947178 2.542560 0.361337 -0.960241 2.489358 0.302890 0.977039 2.522276 0.316543 -0.978027 2.506188 0.238656 0.996987 2.544274 0.259081 -0.995795 2.525214 0.164278 1.008070 2.501548 0.205670 1.019900 2.518261 0.157911 -1.009713 2.566644 0.119844 -1.014578 2.540647 0.076435 -1.007197 2.516201 0.101867 1.027424 2.524118 0.102141 -1.017972 2.541708 0.032357 -1.009936 2.497404 0.051439 1.031650 2.527340 0.041683 -1.019407 2.546310 -0.021199 -1.011984 2.494558 -0.009043 1.032498 2.532065 -0.019714 -1.018007 2.555922 -0.073464 -1.011752 2.501837 -0.068663 1.030001 2.539622 -0.080152 -1.009940 2.517645 -0.115611 -0.999259 2.509702 -0.175468 1.024017 2.549374 -0.138456 -0.987185 2.532934 -0.239701 1.014340 2.562180 -0.194263 0.998994 2.512091 -0.240279 -0.971820 2.553674 -0.300513 0.983051 2.526609 -0.297309 -0.951167 2.502843 -0.353681 -0.931468 2.526723 -0.411475 0.963282 2.542296 -0.356084 -0.914331 2.554917 -0.456482 0.942009 2.562148 -0.412155 0.921051 2.516718 -0.448298 -0.886956 2.555354 -0.510004 -0.873604 2.490801 -0.524365 0.862610 2.485085 -0.544566 0.892332 2.515897 -0.501257 -0.858990 2.524495 -0.555777 -0.824495 2.528944 -0.605499 0.861827 2.547158 -0.556743 0.827759 2.486349 -0.592891 -0.782338 2.491993 -0.655823 -0.744156 2.531686 -0.703460 0.789380 2.526819 -0.648968 0.746549 2.481346 -0.690481 -0.699240 2.493098 -0.744795 -0.656363 2.536293 -0.787885 0.707127 2.519249 -0.737399 0.659630 2.473425 -0.773999 -0.602683 2.492644 -0.825787 -0.561543 2.548706 -0.860630 -0.551248 2.484302 -0.861134 0.532190 2.459833 -0.869622 0.610369 2.506673 -0.820868 0.563972 2.495441 -0.855486 -0.504880 2.514913 -0.892208 -0.450902 2.514846 -0.921744 -0.414407 2.559277 -0.942755 0.479441 2.531337 -0.909832 0.427422 2.484158 -0.930211 0.527025 2.511826 -0.881009 -0.359399 2.537809 -0.964375 -0.301258 2.521041 -0.984286 -0.242942 2.506275 -1.000500 -0.197300 2.558872 -1.015976 0.264407 2.542112 -0.997383 0.208693 2.498081 -1.008642 0.320650 2.521543 -0.976966 0.377385 2.504677 -0.954530 -0.136832 2.547408 -1.026645 -0.075628 2.542373 -1.033969 -0.016744 2.538164 -1.036940 0.042114 2.530027 -1.035236 0.102404 2.521157 -1.029728 0.159652 2.513026 -1.021084 -0.074115 2.611298 1.018273 -0.120798 2.570292 1.010314 -0.026620 2.599328 1.021362 0.023185 2.593105 1.020758 0.074313 2.587022 1.016666 0.121646 2.629575 1.010509 -0.298247 2.626818 0.967143 -0.354971 2.572970 0.948110 -0.234720 2.607595 0.984904 -0.174666 2.586608 0.999648 0.178058 2.608971 0.998635 0.239421 2.583099 0.983149 0.302911 2.561429 0.965404 0.360820 2.612132 0.949371 -0.511804 2.624817 0.881791 -0.560474 2.594437 0.853981 -0.531259 2.560007 0.869328 -0.457687 2.626815 0.908680 -0.413308 2.598463 0.927042 0.414899 2.589049 0.929299 0.465850 2.570359 0.906395 0.515528 2.551468 0.880049 0.560346 2.596739 0.855383 -0.609562 2.606255 0.819868 -0.665385 2.577431 0.776927 0.605394 2.563854 0.822163 0.652593 2.607898 0.786235 -0.705493 2.620026 0.741300 -0.747912 2.582040 0.700178 0.696921 2.565098 0.745867 0.741980 2.606191 0.703639 -0.785099 2.617853 0.657423 -0.820157 2.573155 0.612801 0.782316 2.559467 0.658563 0.823318 2.598695 0.612366 -0.852174 2.604751 0.566535 -0.878487 2.555985 0.520849 0.856515 2.556139 0.567162 0.887467 2.585092 0.521249 -0.905254 2.576367 0.469383 0.916279 2.606923 0.470744 -0.929564 2.595610 0.415175 0.937723 2.555310 0.424754 0.961310 2.576520 0.370707 -0.950788 2.615211 0.358608 -0.966866 2.561840 0.301697 0.982313 2.597419 0.313162 -0.984434 2.582451 0.238030 1.000478 2.617690 0.253526 -0.999575 2.607665 0.176683 1.012925 2.565166 0.204203 1.024292 2.577779 0.146079 -1.011216 2.627958 0.120240 -1.017698 2.584766 0.072880 1.031762 2.581437 0.085439 -1.021891 2.590604 0.021396 1.035365 2.583421 0.026205 -1.022706 2.596717 -0.028922 1.035271 2.589897 -0.032207 -1.019916 2.608836 -0.077055 1.031812 2.598515 -0.090363 -1.012401 2.566881 -0.125414 -1.002263 2.584400 -0.180392 1.024969 2.609732 -0.145837 -0.988358 2.607289 -0.240459 1.014693 2.626334 -0.196519 1.000685 2.580506 -0.248619 -0.971518 2.627333 -0.302794 0.982713 2.599238 -0.306302 -0.953774 2.574914 -0.359608 -0.933919 2.597156 -0.414111 0.961838 2.615431 -0.365675 -0.910670 2.616228 -0.466077 0.939057 2.632820 -0.420776 0.917811 2.579077 -0.464578 -0.882882 2.637057 -0.518071 0.890159 2.597483 -0.516028 -0.856069 2.587247 -0.564074 -0.821016 2.618492 -0.613864 0.861159 2.622932 -0.563369 0.828390 2.577100 -0.605936 -0.784894 2.573518 -0.659618 -0.743861 2.616141 -0.706303 0.791550 2.613570 -0.653733 0.751007 2.566219 -0.697419 -0.702260 2.575575 -0.748560 -0.657340 2.619914 -0.789550 0.709894 2.603997 -0.741638 0.663885 2.557182 -0.781734 -0.610938 2.581479 -0.826756 -0.566215 2.624914 -0.859724 0.619226 2.595253 -0.821502 0.572358 2.554291 -0.855479 -0.518349 2.597802 -0.889455 -0.466506 2.577761 -0.917915 -0.421974 2.630693 -0.939652 0.478208 2.606816 -0.915211 0.429640 2.555579 -0.937223 0.527695 2.582831 -0.886214 -0.368354 2.610772 -0.963032 -0.312192 2.591856 -0.983864 -0.255259 2.574087 -1.001730 -0.205187 2.625723 -1.015223 0.263149 2.614343 -1.001357 0.210483 2.562060 -1.013833 0.320454 2.595541 -0.982862 0.376428 2.576076 -0.961379 -0.148470 2.611848 -1.026751 -0.088840 2.602688 -1.034608 -0.028402 2.596129 -1.038695 0.031904 2.590132 -1.038571 0.092818 2.583619 -1.034172 0.153258 2.575046 -1.025897 -0.073144 2.660909 1.017404 -0.120289 2.628998 1.011219 -0.029020 2.648171 1.021046 0.010927 2.634338 1.021874 0.063866 2.644413 1.017980 0.112782 2.681174 1.010274 -0.300051 2.700622 0.962890 -0.358177 2.647776 0.947549 -0.236574 2.683324 0.980939 -0.164946 2.665736 0.998881 0.172944 2.686425 0.998594 0.239201 2.659086 0.984639 0.301277 2.635404 0.968067 0.357029 2.685106 0.948303 -0.517081 2.698357 0.875749 -0.561288 2.655386 0.852835 -0.465477 2.687689 0.901803 -0.412487 2.670306 0.926296 0.414365 2.658196 0.928446 0.457929 2.629090 0.911275 0.510058 2.627883 0.885001 0.555030 2.656359 0.858691 -0.601137 2.700532 0.821475 -0.656462 2.656436 0.781971 0.602024 2.651758 0.825492 0.651063 2.689915 0.784813 -0.697924 2.702272 0.740267 -0.745072 2.661341 0.698898 0.697492 2.651347 0.745830 0.740892 2.692687 0.700661 -0.782966 2.698196 0.652203 -0.819867 2.654007 0.610216 0.784554 2.645523 0.657819 0.825206 2.687345 0.606699 -0.852753 2.682999 0.558870 -0.881643 2.630529 0.515676 0.858974 2.632116 0.565190 0.890282 2.668095 0.512178 -0.908472 2.649096 0.462142 0.919691 2.671350 0.458294 -0.931156 2.666330 0.408437 0.941271 2.627372 0.418870 0.963085 2.651252 0.363165 -0.950495 2.687404 0.352394 -0.969372 2.636040 0.298965 0.983301 2.671300 0.302821 -0.985524 2.658519 0.237253 1.000311 2.694111 0.237206 -0.999122 2.685404 0.171275 1.015128 2.631866 0.192374 1.025753 2.645528 0.125803 -1.010751 2.679871 0.111252 -1.018698 2.642656 0.062309 1.033120 2.629976 0.065167 -1.022845 2.632338 0.009106 1.034949 2.639596 0.014968 -1.022247 2.646308 -0.031119 1.034281 2.646290 -0.042141 -1.018984 2.659280 -0.075587 1.029964 2.656791 -0.097501 -1.013296 2.627032 -0.123828 -1.001582 2.664637 -0.168519 1.023052 2.666252 -0.148868 -0.984563 2.682966 -0.239949 1.014227 2.679305 -0.187051 0.999394 2.661149 -0.243411 -0.967150 2.700533 -0.302682 0.977601 2.673570 -0.312130 -0.952525 2.647485 -0.361166 -0.930678 2.668552 -0.415472 0.956380 2.686333 -0.371376 -0.905117 2.690515 -0.467893 0.933486 2.703797 -0.423145 0.913224 2.653313 -0.472333 -0.876444 2.713722 -0.518722 0.885895 2.668970 -0.521646 -0.851566 2.665754 -0.567503 -0.816115 2.702693 -0.612637 0.862125 2.681849 -0.559889 0.830058 2.666065 -0.604394 -0.781745 2.658901 -0.660902 -0.738188 2.701797 -0.704992 0.789660 2.693718 -0.652992 0.751919 2.650524 -0.698218 -0.699485 2.659769 -0.749207 -0.654200 2.700009 -0.787398 0.709353 2.686895 -0.739511 0.665739 2.641423 -0.782411 -0.607136 2.669680 -0.827943 -0.561886 2.684415 -0.860143 0.617733 2.678285 -0.820243 0.573108 2.630289 -0.856499 -0.522784 2.670855 -0.884665 -0.473018 2.653577 -0.912944 -0.422687 2.703493 -0.934101 0.469922 2.680312 -0.917600 0.426093 2.628378 -0.941435 0.522750 2.659033 -0.888450 -0.372025 2.682857 -0.957994 -0.315378 2.665978 -0.979963 -0.259190 2.645722 -0.999589 -0.204920 2.691326 -1.011851 0.253457 2.685581 -1.001629 0.204056 2.629699 -1.016320 0.313953 2.668177 -0.984517 0.371451 2.648731 -0.964418 -0.154923 2.674380 -1.023777 -0.098680 2.664100 -1.031969 -0.038922 2.656131 -1.036798 0.020309 2.648583 -1.038136 0.079993 2.644884 -1.035023 0.142304 2.640509 -1.027511 -0.107043 2.678008 1.010829 -0.032023 2.694968 1.017162 -0.072096 2.700221 1.013728 0.022518 2.685120 1.018002 0.058501 2.731976 1.010007 0.076943 2.698214 1.013419 -0.299441 2.770081 0.955150 -0.357061 2.720299 0.942898 -0.239483 2.755852 0.972226 -0.171828 2.742653 0.987980 -0.099893 2.730752 1.002831 0.122967 2.744062 1.000816 0.189066 2.748833 0.990078 0.236447 2.728797 0.981486 0.296208 2.709083 0.966367 0.347301 2.757989 0.944117 -0.555156 2.712546 0.853122 -0.470771 2.765438 0.888450 -0.525346 2.748284 0.865490 -0.410198 2.743910 0.918946 0.409012 2.732946 0.923413 0.472652 2.696061 0.899399 0.516585 2.748730 0.869882 0.526161 2.689147 0.873405 -0.602980 2.778004 0.808301 -0.647946 2.736937 0.780016 -0.560581 2.763848 0.840725 0.564343 2.711773 0.847178 0.608603 2.730355 0.814094 0.643519 2.751323 0.784269 -0.680929 2.792436 0.737854 -0.740646 2.751237 0.688813 0.688225 2.743263 0.744524 0.738633 2.781468 0.688486 -0.780757 2.759240 0.644600 -0.816357 2.747815 0.599158 0.781807 2.726021 0.654173 0.810029 2.763113 0.614629 -0.853962 2.747344 0.545028 -0.883293 2.712518 0.501560 0.844261 2.748640 0.570773 0.860311 2.694132 0.558778 -0.910704 2.710837 0.447636 0.873780 2.731873 0.528920 0.903047 2.751338 0.466768 -0.927701 2.736785 0.399775 0.938696 2.700267 0.411498 0.960611 2.731760 0.348080 -0.946831 2.757359 0.341302 -0.967729 2.709048 0.292901 0.981837 2.731893 0.288580 -0.982172 2.728169 0.234081 0.989398 2.757416 0.249104 -0.990492 2.748148 0.187093 1.003996 2.754556 0.183616 1.014875 2.687802 0.176690 -1.013945 2.696956 0.075366 -1.001273 2.743269 0.121250 1.019494 2.707809 0.136068 1.027259 2.696797 0.069470 -1.010659 2.731000 0.056854 -1.018824 2.683693 0.020814 1.031865 2.687105 0.001716 -1.018389 2.693671 -0.033945 1.029451 2.702034 -0.047344 -1.015361 2.699039 -0.074244 -1.012820 2.676696 -0.109726 -1.004965 2.729802 -0.102212 1.024136 2.714593 -0.104956 -0.991109 2.741760 -0.174220 1.015860 2.743598 -0.133521 1.005874 2.732722 -0.185424 1.018557 2.708138 -0.153178 -0.976116 2.755471 -0.241285 0.987065 2.736552 -0.254435 -0.959421 2.770473 -0.300680 0.967612 2.743682 -0.318975 -0.947433 2.720047 -0.359038 -0.923802 2.744317 -0.410864 0.948432 2.750028 -0.374350 -0.895448 2.768521 -0.464419 0.930193 2.761460 -0.414088 0.903730 2.739862 -0.472761 -0.866616 2.784716 -0.516847 0.871512 2.774767 -0.521193 0.850218 2.732072 -0.567290 0.876170 2.719508 -0.530761 -0.845829 2.741916 -0.564027 -0.810340 2.791255 -0.600752 0.817382 2.740846 -0.610887 -0.774455 2.746344 -0.655938 -0.728986 2.785526 -0.698325 0.787659 2.753087 -0.646843 0.750691 2.736995 -0.690587 -0.688054 2.749151 -0.748152 -0.646593 2.760178 -0.785486 0.704703 2.762228 -0.734101 0.663255 2.724127 -0.777523 -0.613294 2.745016 -0.814377 -0.569879 2.735873 -0.847001 -0.531699 2.723471 -0.873931 -0.521515 2.784405 -0.867291 0.607331 2.767133 -0.815859 0.565977 2.708470 -0.855960 -0.471242 2.744190 -0.902900 -0.411693 2.762925 -0.931228 0.453477 2.742563 -0.919212 0.416932 2.699096 -0.942362 0.508096 2.741614 -0.888500 -0.372838 2.748736 -0.950349 -0.317655 2.739192 -0.971058 -0.250089 2.726834 -0.993932 -0.193473 2.743930 -1.008423 0.235298 2.759227 -0.998109 0.190923 2.697057 -1.015587 0.300765 2.738938 -0.982563 0.360879 2.720979 -0.963407 -0.157315 2.729675 -1.018536 -0.107087 2.721906 -1.026144 -0.048522 2.715532 -1.031073 0.012538 2.707014 -1.033319 0.063009 2.693878 -1.033303 0.124301 2.708694 -1.025478 -0.045260 2.731557 1.010274 0.006361 2.737941 1.010363 -0.297123 2.830128 0.945560 -0.350178 2.790372 0.935218 -0.242901 2.822103 0.960353 -0.177388 2.813726 0.974251 -0.105762 2.802178 0.986887 -0.027115 2.787732 0.997260 0.060502 2.788528 0.997584 0.125382 2.809309 0.988257 0.178555 2.798516 0.983019 0.226631 2.780626 0.977246 0.283799 2.782924 0.961094 0.333742 2.816388 0.939172 -0.457230 2.847319 0.876169 -0.513023 2.804420 0.859930 -0.393390 2.831287 0.907652 0.391339 2.814291 0.916958 0.457841 2.779357 0.894300 0.501191 2.820779 0.863578 -0.636720 2.797270 0.777969 -0.554040 2.843621 0.824352 -0.605923 2.830874 0.793168 0.563233 2.788742 0.833538 0.594714 2.841029 0.798759 0.613289 2.784192 0.801379 -0.673783 2.875169 0.717510 -0.720209 2.837786 0.685127 -0.636357 2.852798 0.760049 0.644840 2.806145 0.769975 0.685431 2.827168 0.727972 0.718065 2.859674 0.686043 -0.791117 2.788913 0.624047 -0.764376 2.812100 0.646776 0.761406 2.835761 0.649432 0.779379 2.784006 0.646970 -0.869652 2.777163 0.510140 -0.796470 2.837672 0.595972 -0.840415 2.814611 0.542630 0.794517 2.812474 0.620885 0.822962 2.818194 0.578639 -0.867907 2.822201 0.495261 -0.895673 2.786310 0.453421 0.861804 2.794475 0.526217 0.878975 2.834710 0.475889 -0.922720 2.807671 0.380402 0.912691 2.840124 0.404784 0.933726 2.764862 0.400248 -0.941277 2.815009 0.327989 -0.962257 2.782405 0.280092 0.944520 2.797081 0.359788 0.966553 2.800152 0.295351 -0.977797 2.780186 0.224090 0.985353 2.800284 0.231458 -0.983471 2.798269 0.176309 0.990223 2.818957 0.188302 -0.988834 2.809153 0.123354 1.001831 2.810454 0.119766 1.015937 2.747840 0.117899 -1.011400 2.737011 0.004602 -0.998437 2.788097 0.058661 1.017784 2.761262 0.074769 1.023307 2.744841 0.012766 -1.011748 2.730605 -0.047192 -0.998848 2.787163 -0.029161 1.021263 2.755201 -0.052134 -0.989503 2.801176 -0.108065 1.011235 2.795128 -0.066196 1.004042 2.794075 -0.123055 1.017193 2.762126 -0.096519 -0.978099 2.811773 -0.179045 0.988841 2.800192 -0.194605 -0.964614 2.822337 -0.242945 0.972071 2.804840 -0.263064 -0.949744 2.832375 -0.297233 0.953350 2.809004 -0.328449 -0.939843 2.790770 -0.351345 -0.913064 2.830546 -0.394657 0.936650 2.834498 -0.360350 0.917725 2.817867 -0.411904 0.939049 2.794986 -0.379295 -0.876109 2.851754 -0.464966 0.888955 2.818807 -0.470931 -0.851782 2.838190 -0.521646 -0.842118 2.800061 -0.554531 -0.825742 2.849747 -0.558821 0.865479 2.828236 -0.510504 0.835438 2.808622 -0.563894 -0.794627 2.861885 -0.598736 0.795484 2.844127 -0.605074 0.770683 2.802355 -0.652171 0.802747 2.790166 -0.617581 -0.759007 2.844005 -0.646153 -0.715883 2.848822 -0.693546 0.730412 2.808182 -0.696013 -0.685670 2.828478 -0.730223 -0.648297 2.813392 -0.769466 -0.618376 2.796396 -0.799920 -0.602780 2.854800 -0.793165 0.700892 2.808865 -0.728125 0.664318 2.806587 -0.760936 -0.570538 2.811224 -0.829060 -0.509861 2.859186 -0.854318 0.561637 2.829085 -0.835205 0.519620 2.805971 -0.869502 0.554438 2.771019 -0.854941 0.611672 2.849371 -0.792317 -0.463776 2.834531 -0.886909 -0.405955 2.822755 -0.919402 -0.376030 2.795897 -0.941096 -0.355768 2.836106 -0.939383 0.455650 2.818904 -0.901022 0.405586 2.768517 -0.937786 -0.325433 2.807997 -0.956527 -0.259459 2.801562 -0.977154 -0.189439 2.797354 -0.996615 -0.159422 2.770631 -1.011519 -0.134801 2.805499 -1.006722 0.181682 2.815580 -0.998246 0.135308 2.769221 -1.016023 0.175217 2.751573 -1.012622 0.246135 2.819263 -0.984588 0.285064 2.795928 -0.978679 0.342650 2.796266 -0.958394 -0.117555 2.771089 -1.017500 -0.061104 2.771209 -1.021626 0.003527 2.766553 -1.023923 0.073746 2.754523 -1.023894 -0.333570 2.846466 0.929318 -0.252048 2.875422 0.946326 -0.296212 2.874137 0.935018 -0.184744 2.883550 0.956751 -0.114194 2.870111 0.969573 -0.040936 2.860265 0.977784 0.035480 2.852279 0.981609 0.097535 2.845248 0.981624 0.162081 2.861757 0.969290 0.236841 2.837281 0.961883 0.277355 2.881263 0.939745 0.296180 2.840905 0.945945 -0.498979 2.861252 0.852477 -0.396636 2.920655 0.878395 -0.460515 2.902539 0.857893 -0.323667 2.905325 0.913087 0.340362 2.878233 0.920307 0.393878 2.869106 0.903125 0.442844 2.855739 0.884473 0.485648 2.866882 0.860601 -0.544678 2.918320 0.805277 -0.590342 2.887043 0.784694 -0.501735 2.910444 0.833652 0.527895 2.877704 0.831129 0.575517 2.897862 0.793870 -0.703967 2.899816 0.678187 -0.619674 2.939627 0.736137 -0.670940 2.934264 0.694370 0.630257 2.886952 0.755538 0.656438 2.930762 0.716533 0.679069 2.883771 0.716013 -0.699249 2.955362 0.654740 -0.746929 2.900750 0.628046 0.693853 2.913057 0.688653 0.736441 2.915744 0.638912 -0.787064 2.909107 0.574910 -0.818006 2.890990 0.539857 0.788207 2.860039 0.607828 0.811331 2.867033 0.573868 -0.876551 2.852920 0.461881 -0.850423 2.876378 0.495889 0.836011 2.879101 0.526083 0.871338 2.905530 0.447496 -0.866221 2.911167 0.442428 -0.895923 2.863699 0.410637 0.896368 2.906678 0.395739 -0.946843 2.841109 0.291854 -0.920746 2.880097 0.334996 0.918324 2.910368 0.337936 0.939984 2.843920 0.340800 -0.940392 2.882964 0.272347 -0.962523 2.837637 0.233451 0.948733 2.866509 0.297637 0.967864 2.862841 0.232782 -0.969978 2.862441 0.159171 0.983430 2.857696 0.167104 -0.982463 2.845519 0.095293 0.984284 2.873820 0.120081 -0.982879 2.852528 0.033154 0.993637 2.856310 0.048312 1.011292 2.797116 0.049877 -0.979744 2.860100 -0.043705 0.993613 2.852358 -0.049011 1.010875 2.802244 -0.009205 -0.972634 2.868190 -0.117666 0.982783 2.860952 -0.132196 -0.962864 2.875130 -0.185436 0.970179 2.864347 -0.204462 -0.949684 2.884117 -0.247535 0.954362 2.869557 -0.271250 -0.939157 2.876687 -0.297754 -0.934011 2.847011 -0.335278 -0.918452 2.903381 -0.328256 0.937396 2.898888 -0.299941 0.921548 2.886311 -0.353272 0.942507 2.860678 -0.323409 -0.890039 2.909463 -0.395424 0.891849 2.885456 -0.423311 -0.863624 2.925742 -0.445648 0.864212 2.909722 -0.464288 0.850029 2.872603 -0.512029 0.873721 2.863719 -0.477305 -0.837920 2.909408 -0.502969 -0.804930 2.903972 -0.562292 0.818939 2.882622 -0.553524 -0.782002 2.903898 -0.596141 -0.772845 2.884987 -0.616571 -0.747170 2.934286 -0.617766 0.787952 2.898362 -0.588099 0.748558 2.879306 -0.646306 -0.710866 2.906943 -0.672580 -0.684406 2.883504 -0.711599 -0.663555 2.941770 -0.703246 0.704298 2.916198 -0.683262 0.676270 2.905061 -0.719042 0.698269 2.857366 -0.713861 -0.635938 2.894910 -0.749972 -0.587832 2.909626 -0.784752 0.646341 2.925326 -0.737991 0.616785 2.904248 -0.770303 0.653554 2.874954 -0.751012 -0.544188 2.905536 -0.816098 -0.491353 2.917721 -0.846220 0.558084 2.912098 -0.808268 0.509198 2.865844 -0.858077 -0.457531 2.902384 -0.870299 -0.406337 2.894483 -0.897107 -0.345539 2.889941 -0.925180 -0.318863 2.861543 -0.945925 -0.294688 2.900299 -0.941199 0.389337 2.889511 -0.911897 0.350579 2.854955 -0.941349 0.390701 2.826887 -0.931865 0.454351 2.902684 -0.876328 -0.267272 2.869310 -0.958422 -0.199532 2.863747 -0.975524 -0.122758 2.861301 -0.989846 -0.081853 2.819866 -1.008444 -0.039656 2.876339 -0.992826 -0.013985 2.823417 -1.010476 0.037216 2.877083 -0.993474 0.056417 2.817871 -1.010870 0.118993 2.866729 -0.991751 0.114431 2.806790 -1.010074 0.186362 2.877787 -0.980066 0.229179 2.858485 -0.978095 0.290274 2.858103 -0.961021 -0.268558 2.911010 0.930739 -0.216637 2.927238 0.937659 -0.120018 2.928940 0.952184 -0.165446 2.939248 0.943507 -0.054236 2.922992 0.958367 0.020110 2.915659 0.962053 0.100108 2.904734 0.962677 0.137774 2.955935 0.940955 0.165781 2.920601 0.950439 0.222416 2.902893 0.945660 -0.372236 3.001916 0.856537 -0.440544 2.974027 0.838209 -0.319497 2.981568 0.884649 -0.249419 2.969432 0.911679 -0.175672 2.978480 0.925437 0.201629 2.966504 0.926044 0.283314 2.937397 0.917624 0.339887 2.930612 0.903348 0.393477 2.921398 0.885446 0.429892 2.958745 0.854403 0.462532 2.907695 0.858295 -0.571315 2.941697 0.776252 -0.502681 2.965015 0.810856 -0.538887 2.965328 0.788829 0.484530 2.956286 0.826297 0.525669 2.980053 0.791821 0.539557 2.932813 0.804517 -0.596834 3.025231 0.709155 -0.649600 3.005714 0.674330 -0.555604 3.001282 0.755379 0.574898 2.946346 0.773724 0.613824 2.958306 0.738648 0.640549 2.966108 0.713681 -0.689826 3.009781 0.632761 -0.724282 2.985832 0.608124 0.667979 2.974201 0.680842 0.702913 2.996516 0.629058 -0.799658 2.943938 0.536920 -0.766520 2.971711 0.563185 0.751777 2.975212 0.583538 0.789373 2.909493 0.577986 -0.794096 2.983843 0.517227 -0.825254 2.961600 0.479784 0.798990 2.957925 0.531339 0.813621 3.000175 0.477634 0.836097 2.941918 0.486912 -0.855560 2.968572 0.416790 -0.885818 2.936689 0.377175 0.849419 2.964365 0.446635 0.875107 2.967304 0.387225 -0.903938 2.938952 0.328504 0.898492 2.969677 0.327906 -0.946444 2.904955 0.217503 -0.918568 2.942400 0.274529 0.918062 2.970977 0.264798 0.942041 2.908609 0.273680 -0.951400 2.922501 0.161543 -0.927373 2.970124 0.194424 0.948356 2.924723 0.228819 0.964487 2.912244 0.169001 -0.942184 2.958363 0.133019 -0.963759 2.905971 0.097016 0.969617 2.921170 0.091881 -0.963514 2.916837 0.017004 0.971858 2.920954 0.010872 -0.960117 2.923741 -0.058673 0.968469 2.921660 -0.072120 -0.954164 2.927528 -0.129951 0.960768 2.921660 -0.148623 -0.946478 2.928916 -0.192367 0.951281 2.919339 -0.214585 -0.937270 2.933005 -0.236463 -0.934131 2.913445 -0.274882 -0.916464 2.965576 -0.260224 0.933134 2.956953 -0.230126 0.918483 2.950506 -0.288874 0.940791 2.920667 -0.261053 -0.888615 2.977764 -0.331363 0.893512 2.948694 -0.360798 -0.868265 2.967881 -0.398748 0.871261 2.946483 -0.419160 -0.851150 2.968545 -0.437997 -0.845737 2.949651 -0.463861 -0.821848 2.996606 -0.462226 0.855467 2.945858 -0.453687 0.833059 2.937951 -0.496127 -0.796739 2.965159 -0.529835 -0.779691 2.939327 -0.576054 -0.757111 2.993301 -0.565467 0.799274 2.969703 -0.523983 0.766792 2.952486 -0.580805 0.802714 2.929248 -0.549285 -0.716466 3.014179 -0.602498 0.723374 2.950707 -0.639912 -0.683058 2.993558 -0.652966 -0.639879 2.998760 -0.694216 0.698830 2.951988 -0.671215 0.672753 2.949614 -0.700370 -0.615998 2.975236 -0.728664 -0.583849 2.955658 -0.765744 -0.563697 2.938077 -0.790762 -0.532613 2.981296 -0.790114 0.643477 2.958158 -0.724242 0.608609 2.957749 -0.751679 -0.481896 2.972540 -0.827337 -0.456201 2.948186 -0.854530 -0.435053 2.987272 -0.847844 0.497688 2.974682 -0.820501 0.461358 2.951013 -0.854358 0.497173 2.922029 -0.845708 0.553253 2.989581 -0.775065 -0.409396 2.958934 -0.872261 -0.348390 2.955760 -0.898007 -0.281406 2.953292 -0.922772 -0.256356 2.921781 -0.944732 -0.225301 2.958591 -0.936970 0.326845 2.954399 -0.910318 0.290296 2.917605 -0.940617 0.330965 2.896553 -0.934806 0.405864 2.962897 -0.874482 -0.210457 2.920249 -0.955334 -0.143998 2.924056 -0.964853 -0.067871 2.930007 -0.970924 0.010370 2.933937 -0.972665 0.087711 2.930955 -0.971232 0.161850 2.925676 -0.965634 0.233548 2.911766 -0.957885 -0.128397 2.971068 0.936294 -0.072043 2.976914 0.937827 0.001122 2.974618 0.940364 0.076744 2.966401 0.941480 -0.397149 3.022637 0.836821 -0.316160 3.044941 0.858226 -0.357006 3.065617 0.830407 -0.253001 3.043914 0.877814 -0.183897 3.032162 0.898833 -0.108291 3.023522 0.913736 -0.023149 3.028819 0.915961 0.057166 3.023868 0.916937 0.140665 3.009664 0.916741 0.198860 3.012707 0.907076 0.256001 3.010014 0.893932 0.336531 2.977360 0.884677 0.365608 3.006681 0.860831 0.388909 2.978917 0.864581 -0.513478 3.002431 0.785410 -0.414608 3.047755 0.813735 -0.468997 3.021033 0.800682 0.412543 3.020437 0.831103 0.482344 3.005914 0.804360 0.509812 3.014622 0.783756 -0.616369 3.046307 0.681039 -0.544941 3.076787 0.716425 -0.587184 3.084172 0.679357 -0.495403 3.060427 0.760502 0.553313 3.016534 0.751393 0.588981 3.032452 0.716709 0.615677 2.999242 0.715018 -0.702966 3.035955 0.600318 -0.626774 3.071566 0.653522 -0.665300 3.067940 0.616916 0.618454 3.043598 0.683228 0.645461 3.052727 0.653149 0.662836 3.025180 0.654635 -0.697312 3.073527 0.577174 -0.730669 3.042742 0.558502 0.669768 3.056018 0.622965 0.716001 3.030225 0.588695 -0.799606 3.004298 0.491929 -0.772274 3.033990 0.505993 0.753652 3.039122 0.530182 0.786845 3.051691 0.473286 -0.863937 2.993773 0.373631 -0.801266 3.033674 0.458772 -0.830210 3.032304 0.402360 0.814843 3.038646 0.440357 0.839935 3.003889 0.428729 -0.856316 3.032985 0.344102 -0.885606 2.989555 0.320060 0.835714 3.045714 0.387334 0.874698 3.025334 0.317278 -0.896452 3.016633 0.242211 0.888622 3.045992 0.239367 -0.908849 3.017433 0.189177 0.918709 3.010686 0.186836 0.940717 2.959869 0.198275 -0.942853 2.968705 0.072736 -0.918362 3.013139 0.133642 0.920977 3.028347 0.111354 0.945426 2.970755 0.137264 -0.941697 2.977177 -0.002376 -0.918546 3.026901 0.052609 0.922469 3.035178 0.032216 0.948003 2.978672 0.061547 -0.938409 2.980599 -0.077192 -0.917113 3.032787 -0.024650 0.921001 3.035505 -0.047394 0.947625 2.980993 -0.018132 -0.933545 2.978020 -0.148300 -0.913661 3.031889 -0.101449 0.916355 3.029431 -0.127511 0.943704 2.979217 -0.097140 -0.930142 2.966892 -0.204635 -0.907797 3.021524 -0.184590 0.908423 3.012849 -0.215367 0.937430 2.972025 -0.171849 -0.885717 3.035372 -0.257294 0.881590 3.017857 -0.301928 -0.869698 3.037095 -0.310753 -0.858069 3.021567 -0.362030 -0.844292 3.075016 -0.321457 0.865505 2.997124 -0.377542 -0.845875 3.003976 -0.411874 -0.819933 3.064974 -0.391824 0.847226 3.019245 -0.396039 0.827615 3.032331 -0.419321 0.846648 2.984233 -0.433723 -0.794652 3.061012 -0.447658 0.798359 3.047063 -0.453661 0.771581 3.022274 -0.517445 0.814411 3.000377 -0.474092 -0.766632 3.051618 -0.500150 -0.724336 3.057620 -0.557317 0.723805 3.010720 -0.595209 -0.687767 3.072071 -0.592005 -0.688633 3.035347 -0.620867 -0.660662 3.061400 -0.630630 0.693239 3.023561 -0.626771 0.666395 3.031259 -0.651486 0.689877 2.988808 -0.656095 -0.623179 3.057280 -0.670113 -0.605448 3.025798 -0.708905 -0.583574 3.061407 -0.703784 0.640947 3.037570 -0.674116 0.613768 3.043014 -0.695075 0.642162 2.998102 -0.699746 -0.557586 3.034328 -0.740984 -0.505938 3.038957 -0.776514 0.585636 3.046345 -0.717321 0.554802 3.042671 -0.741813 0.593734 3.013500 -0.732103 -0.482178 3.020993 -0.802596 -0.423837 3.043250 -0.822388 -0.399594 3.009814 -0.854110 -0.370417 3.044741 -0.847866 0.459153 3.021386 -0.817622 0.410270 3.025505 -0.840109 0.447465 2.988090 -0.843676 0.502625 3.033250 -0.782768 -0.356288 3.009868 -0.871538 -0.287230 3.022092 -0.888443 -0.209140 3.015005 -0.912339 -0.168006 2.974170 -0.940766 -0.124659 3.032001 -0.918517 -0.094539 2.983474 -0.945995 -0.046546 3.039557 -0.921793 -0.017494 2.988156 -0.948679 0.031482 3.040896 -0.922123 0.059721 2.987396 -0.948307 0.109072 3.035485 -0.919868 0.133794 2.981037 -0.945163 0.175325 3.020731 -0.918447 0.204749 2.972363 -0.937450 0.255489 3.024225 -0.897035 0.263217 2.958011 -0.930390 0.345343 3.020500 -0.870123 -0.313634 3.083210 0.839436 -0.276412 3.089390 0.848541 -0.189727 3.086507 0.871529 -0.231474 3.096502 0.857960 -0.125362 3.082963 0.882068 -0.049580 3.081878 0.888005 0.031021 3.079359 0.889554 0.113763 3.070348 0.888670 0.194107 3.054965 0.886122 0.220806 3.087907 0.862980 0.251348 3.063254 0.868795 0.320087 3.041610 0.857744 -0.440881 3.076094 0.782673 -0.301713 3.129694 0.812853 -0.377255 3.124901 0.781351 -0.238315 3.132228 0.833730 0.262754 3.109916 0.836413 0.350232 3.088062 0.819075 0.376058 3.120775 0.786849 0.409087 3.080209 0.798270 0.472558 3.050233 0.782773 -0.555361 3.108241 0.688129 -0.493610 3.120019 0.721629 -0.524188 3.137591 0.687426 -0.443876 3.124179 0.747247 0.431096 3.111643 0.764774 0.502991 3.090565 0.737020 0.535956 3.100747 0.708678 0.562362 3.066615 0.713302 -0.634039 3.098083 0.626792 -0.561991 3.133275 0.662314 -0.600976 3.127650 0.632342 0.567732 3.108509 0.676414 0.600853 3.115112 0.643362 0.623922 3.083243 0.648597 -0.708172 3.094818 0.544047 -0.638698 3.124090 0.598542 -0.672674 3.124020 0.559691 0.633165 3.117821 0.607227 0.668087 3.119736 0.567496 0.691728 3.081681 0.574044 -0.700711 3.129260 0.519090 -0.733056 3.100109 0.501060 0.699610 3.122661 0.523279 0.734308 3.139064 0.457659 0.754248 3.088934 0.483726 -0.801334 3.066860 0.422906 -0.770963 3.094832 0.442354 0.765136 3.142554 0.401275 0.787195 3.088645 0.431041 -0.865621 3.051888 0.289622 -0.797807 3.099809 0.384458 -0.830115 3.087553 0.328617 0.805117 3.108736 0.369310 0.812050 3.135387 0.306256 0.838448 3.081636 0.331958 -0.872363 3.068991 0.237063 -0.845619 3.102505 0.259056 0.836092 3.134301 0.236805 0.854661 3.087669 0.276180 -0.859942 3.101737 0.207761 -0.888076 3.060529 0.181714 0.866535 3.095261 0.221256 0.888002 3.076310 0.165027 -0.891111 3.073351 0.104430 0.893019 3.084930 0.080929 -0.891359 3.082003 0.026879 0.893913 3.088163 0.000925 -0.889632 3.084531 -0.050105 0.891408 3.085590 -0.078812 -0.885537 3.081586 -0.126006 0.885275 3.077724 -0.158580 -0.877237 3.079761 -0.193968 0.873664 3.071263 -0.232699 -0.865093 3.085816 -0.239239 -0.862375 3.071491 -0.278060 -0.837991 3.118352 -0.259310 0.846834 3.109409 -0.249023 0.828730 3.111515 -0.300043 0.856477 3.075287 -0.286827 -0.806544 3.131333 -0.322759 0.807662 3.109078 -0.357940 0.842012 3.056665 -0.354979 -0.790780 3.123118 -0.377230 -0.782211 3.103596 -0.421442 -0.761453 3.150903 -0.395659 0.789577 3.107368 -0.397925 0.763134 3.095805 -0.453346 0.806522 3.076473 -0.405565 -0.773282 3.087182 -0.456873 -0.742608 3.130925 -0.454164 0.724184 3.070084 -0.540045 -0.708179 3.120156 -0.517899 -0.700022 3.093308 -0.558587 -0.674224 3.121063 -0.563071 0.694502 3.092651 -0.559857 0.665108 3.104421 -0.584772 0.687726 3.059357 -0.601003 -0.639858 3.118776 -0.602987 -0.632990 3.088923 -0.637582 -0.603611 3.115058 -0.642289 0.636000 3.112537 -0.611529 0.604999 3.118126 -0.637455 0.637608 3.074684 -0.644628 -0.565793 3.108841 -0.680701 -0.560134 3.076823 -0.712072 -0.529731 3.098534 -0.718098 0.572473 3.123409 -0.663408 0.535516 3.128336 -0.687866 0.577817 3.083570 -0.692500 -0.490616 3.088859 -0.752810 -0.462158 3.064659 -0.788938 -0.436503 3.107165 -0.773786 -0.430345 3.081246 -0.796903 -0.397405 3.104163 -0.796657 0.393779 3.145875 -0.762640 0.371592 3.112616 -0.801864 0.435657 3.080814 -0.789535 0.467722 3.141704 -0.723085 0.512716 3.085833 -0.738381 -0.350711 3.093432 -0.824848 -0.320187 3.060768 -0.857943 -0.285523 3.108621 -0.839330 -0.270802 3.076454 -0.865298 -0.238487 3.109170 -0.853293 0.287523 3.110649 -0.838324 0.248242 3.098355 -0.856214 0.304647 3.074688 -0.854800 0.323611 3.112509 -0.823527 0.365469 3.072416 -0.832080 -0.223618 3.072703 -0.878795 -0.154273 3.079302 -0.887754 -0.077376 3.087868 -0.892057 0.000588 3.091582 -0.893193 0.080350 3.089635 -0.890892 0.170204 3.079904 -0.884333 -0.197301 3.124484 0.849183 -0.145312 3.130661 0.852831 -0.074943 3.132762 0.857573 0.002221 3.131661 0.859819 0.083691 3.125987 0.859101 0.173227 3.113886 0.855088 -0.324590 3.161878 0.780869 -0.239941 3.176208 0.802144 -0.280916 3.195429 0.772305 -0.179722 3.169329 0.821365 -0.103630 3.177803 0.825502 -0.028112 3.179863 0.827867 0.050228 3.177059 0.827817 0.130196 3.169705 0.824923 0.205141 3.161721 0.817466 0.231186 3.193481 0.787418 0.260719 3.161846 0.803090 0.317960 3.142507 0.795729 -0.491035 3.152713 0.699239 -0.458475 3.164934 0.708359 -0.335858 3.192540 0.750515 -0.393809 3.194198 0.718409 0.286952 3.190168 0.770806 0.370939 3.170941 0.749174 0.453027 3.145626 0.726231 0.475361 3.162600 0.698932 0.507980 3.131454 0.703313 -0.567876 3.155870 0.637737 -0.486133 3.184776 0.673227 -0.532343 3.182594 0.639782 -0.439953 3.207335 0.681242 0.511207 3.170655 0.664869 0.548645 3.176937 0.630748 0.574863 3.146124 0.637316 -0.642640 3.149431 0.570529 -0.573961 3.176296 0.611427 -0.610662 3.173029 0.578265 0.584702 3.179144 0.594645 0.617145 3.183983 0.557748 0.642522 3.152948 0.562339 -0.709144 3.147328 0.485914 -0.645037 3.171830 0.542547 -0.674750 3.173258 0.501960 0.646836 3.187244 0.518533 0.675977 3.193979 0.475406 0.693483 3.165375 0.486745 -0.701098 3.176644 0.459664 -0.730541 3.148792 0.446459 0.704032 3.178698 0.455825 0.724611 3.180398 0.417886 -0.795228 3.136418 0.334595 -0.751590 3.168989 0.372042 0.748281 3.180070 0.374331 0.780216 3.152934 0.354536 -0.779084 3.172540 0.305520 -0.811469 3.141946 0.280474 0.761094 3.192800 0.319272 0.795267 3.181373 0.252036 -0.860551 3.115729 0.150768 -0.826860 3.148918 0.206236 0.820693 3.173345 0.176160 0.856032 3.123883 0.185473 -0.861590 3.127302 0.075863 -0.827830 3.168019 0.124288 0.826564 3.182078 0.091399 0.859637 3.131508 0.124957 -0.861383 3.132950 -0.001158 -0.828832 3.177428 0.046034 0.828916 3.184586 0.011140 0.862566 3.136837 0.046825 -0.859393 3.132614 -0.077507 -0.828457 3.180022 -0.031560 0.827289 3.181931 -0.069423 0.862324 3.137026 -0.032797 -0.855638 3.127294 -0.150188 -0.826184 3.176434 -0.108618 0.821724 3.173715 -0.151828 0.858582 3.131873 -0.112570 -0.853342 3.116903 -0.206517 -0.822202 3.164972 -0.189824 0.813618 3.156674 -0.241056 0.851908 3.122206 -0.189888 -0.799762 3.173324 -0.255514 0.794154 3.150372 -0.316640 -0.765713 3.196237 -0.299614 -0.774918 3.160717 -0.351081 -0.741662 3.196262 -0.358196 0.770168 3.170873 -0.336834 0.745679 3.183031 -0.364464 0.773679 3.140969 -0.377977 -0.726786 3.184780 -0.408778 0.719524 3.191495 -0.398666 0.685114 3.193804 -0.446794 0.732191 3.157731 -0.425007 -0.700449 3.187674 -0.448507 -0.709773 3.154627 -0.478579 -0.682949 3.174954 -0.491786 0.653221 3.177135 -0.515465 0.695208 3.131449 -0.512609 -0.654462 3.170154 -0.533260 -0.648343 3.146001 -0.568711 -0.621491 3.168511 -0.572851 0.626454 3.185324 -0.540740 0.595326 3.190831 -0.569311 0.631853 3.148653 -0.575804 -0.581929 3.168505 -0.609634 -0.572644 3.140890 -0.646977 -0.536854 3.164935 -0.651843 0.563323 3.195780 -0.598299 0.530924 3.199597 -0.623648 0.568898 3.160296 -0.629478 -0.510290 3.145552 -0.692114 -0.489694 3.128747 -0.723076 -0.467359 3.162287 -0.707489 0.490828 3.202558 -0.653982 0.467404 3.185351 -0.686814 0.510629 3.170448 -0.669295 -0.448518 3.140040 -0.739387 -0.388255 3.154410 -0.759958 -0.353905 3.135739 -0.793273 -0.330141 3.172185 -0.772308 0.241796 3.208883 -0.771412 0.210052 3.179611 -0.807946 0.272508 3.150755 -0.811189 0.331569 3.199041 -0.745165 0.338728 3.145432 -0.790931 0.416759 3.189282 -0.712422 -0.303600 3.145355 -0.805240 -0.230875 3.155618 -0.819325 -0.183522 3.122825 -0.855150 -0.146911 3.174993 -0.822178 -0.109835 3.133124 -0.859252 -0.067596 3.182638 -0.826483 -0.032660 3.138757 -0.861576 0.009848 3.185176 -0.827593 0.044892 3.139753 -0.860640 0.085306 3.183768 -0.825226 0.122484 3.137440 -0.855218 0.154363 3.180471 -0.819256 0.196711 3.139522 -0.840783 -0.237786 3.208228 0.778797 -0.197800 3.213323 0.784390 -0.133048 3.219029 0.790668 -0.059609 3.223693 0.793399 0.017241 3.223587 0.793870 0.095949 3.218168 0.792165 0.172767 3.207592 0.788820 -0.343150 3.222648 0.721399 -0.230228 3.241231 0.750561 -0.292147 3.247509 0.720065 -0.163138 3.255222 0.754022 -0.092252 3.263250 0.756281 -0.016413 3.266260 0.756862 0.062575 3.263531 0.755501 0.144015 3.254204 0.752303 0.231775 3.234722 0.748890 0.311334 3.224124 0.730821 0.333290 3.245064 0.701617 0.363547 3.220559 0.710050 0.429846 3.195203 0.695618 -0.494337 3.210391 0.641807 -0.460619 3.229171 0.645376 -0.349079 3.249661 0.691505 -0.399520 3.256136 0.654530 0.376185 3.256746 0.664439 0.462167 3.225225 0.644662 0.494277 3.241515 0.604148 0.523681 3.205225 0.621211 -0.579174 3.197238 0.584032 -0.497549 3.238878 0.604414 -0.549882 3.213803 0.590414 -0.445385 3.267278 0.610643 0.542851 3.227070 0.580134 0.559503 3.244662 0.542526 0.592356 3.211002 0.551732 -0.645645 3.194487 0.514492 -0.580588 3.219391 0.553092 -0.619103 3.207273 0.527583 0.601699 3.234507 0.510749 0.607149 3.259688 0.466967 0.645142 3.223251 0.474129 -0.710460 3.193430 0.416543 -0.640783 3.217886 0.485126 -0.675470 3.210243 0.447469 0.616323 3.272773 0.433262 0.649437 3.246456 0.430451 0.684720 3.209400 0.438883 -0.714548 3.209258 0.381060 -0.683235 3.233223 0.393381 0.635705 3.278863 0.389801 0.677744 3.269319 0.336684 0.701680 3.226375 0.376734 -0.784477 3.189665 0.246287 -0.708597 3.232016 0.343070 -0.746494 3.213944 0.293495 0.720205 3.243758 0.303755 0.728641 3.259128 0.240699 0.757459 3.221317 0.264735 -0.789070 3.206062 0.171549 -0.746090 3.240362 0.219442 0.739192 3.267100 0.170563 0.772958 3.222837 0.206436 -0.791657 3.218477 0.092385 -0.749037 3.257007 0.139204 0.748552 3.270729 0.093733 0.785122 3.225855 0.132364 -0.793055 3.224013 0.013506 -0.752923 3.264874 0.057864 0.752777 3.271649 0.014471 0.791020 3.229047 0.053269 -0.792391 3.223506 -0.064233 -0.754323 3.266760 -0.021563 0.751678 3.268993 -0.066590 0.792055 3.228516 -0.026947 -0.789166 3.217932 -0.140290 -0.753100 3.263357 -0.098902 0.744816 3.262609 -0.149758 0.788156 3.223521 -0.109056 -0.781480 3.212081 -0.208977 -0.749452 3.255440 -0.172718 0.731419 3.253663 -0.234339 0.778624 3.213882 -0.195371 -0.774363 3.207667 -0.252053 -0.743756 3.242270 -0.244284 0.716403 3.246928 -0.298473 0.759264 3.201836 -0.292513 -0.707382 3.251497 -0.312836 -0.704494 3.224856 -0.380414 -0.671515 3.260860 -0.368970 0.694720 3.258240 -0.324268 0.668076 3.267092 -0.356002 0.707570 3.224872 -0.361393 -0.701670 3.209859 -0.414405 -0.670107 3.235476 -0.419920 0.639088 3.273844 -0.393195 0.604109 3.273792 -0.441856 0.655842 3.243647 -0.416300 -0.661212 3.212481 -0.470513 -0.657819 3.195481 -0.499964 -0.629789 3.216989 -0.503525 0.574573 3.256448 -0.507317 0.620114 3.219939 -0.500721 -0.606807 3.205270 -0.544674 -0.594110 3.192126 -0.574520 -0.564938 3.218187 -0.569087 0.539404 3.265230 -0.535515 0.512703 3.258835 -0.570379 0.554690 3.228666 -0.566110 -0.518366 3.215425 -0.611071 -0.470025 3.199518 -0.665575 -0.442570 3.267207 -0.607138 -0.397188 3.238854 -0.670919 -0.377144 3.278480 -0.639533 0.436766 3.281152 -0.604115 0.401477 3.280128 -0.627509 0.440531 3.255387 -0.631872 0.470281 3.272719 -0.588738 0.493377 3.234664 -0.615843 -0.417505 3.187950 -0.712152 -0.343378 3.266758 -0.671901 -0.334123 3.220493 -0.722927 -0.279845 3.286181 -0.679027 -0.246964 3.246434 -0.733716 -0.218466 3.282735 -0.707087 0.355182 3.275008 -0.660216 0.329640 3.251591 -0.697058 0.389422 3.239435 -0.679069 0.449954 3.218648 -0.665258 -0.272078 3.195214 -0.773017 -0.190633 3.263132 -0.735748 -0.188984 3.219510 -0.775542 -0.134743 3.263556 -0.746301 -0.103781 3.224427 -0.787122 -0.061792 3.267189 -0.751081 -0.025602 3.227619 -0.790810 0.015290 3.268482 -0.751518 0.051415 3.227044 -0.790414 0.095052 3.265179 -0.748717 0.125793 3.221679 -0.787817 0.182945 3.253362 -0.744371 0.183308 3.210376 -0.788000 0.269180 3.251594 -0.720254 -0.240576 3.271185 0.717997 -0.195558 3.284680 0.716940 -0.127110 3.297929 0.716750 -0.051717 3.305032 0.716726 0.027654 3.305838 0.715446 0.109655 3.300283 0.711925 0.194573 3.287879 0.705883 0.285877 3.270170 0.693929 -0.352630 3.277043 0.660980 -0.242391 3.303347 0.679464 -0.311269 3.289258 0.666873 -0.166878 3.326911 0.674912 -0.090060 3.340071 0.672655 -0.008942 3.344442 0.672267 0.074324 3.343095 0.668401 0.158997 3.334701 0.662523 0.242116 3.320568 0.654163 0.318575 3.307144 0.638509 0.343162 3.332051 0.596405 0.382050 3.303673 0.608562 0.441679 3.270183 0.608420 -0.533958 3.258251 0.545000 -0.465174 3.297970 0.551678 -0.349662 3.304975 0.627021 -0.403433 3.304309 0.592781 0.382344 3.332087 0.572862 0.405163 3.343186 0.539902 0.436386 3.311648 0.559988 0.503979 3.270227 0.559104 -0.588372 3.255546 0.490084 -0.520533 3.311701 0.476758 -0.409752 3.337013 0.542257 -0.444014 3.353570 0.484655 0.445117 3.337044 0.516445 0.470984 3.343975 0.480045 0.499275 3.311496 0.503899 0.556995 3.271823 0.505449 -0.637133 3.253769 0.428794 -0.582979 3.305447 0.412286 -0.492594 3.355633 0.434009 -0.533576 3.340297 0.415664 0.512630 3.333012 0.454736 0.539336 3.337158 0.413760 0.569927 3.299984 0.443677 -0.647332 3.286600 0.344528 -0.556907 3.344624 0.376802 -0.592144 3.330121 0.351317 0.587969 3.321915 0.376103 0.596925 3.342301 0.314838 0.639309 3.305038 0.328970 -0.701620 3.266079 0.274826 -0.656032 3.314317 0.257704 -0.608689 3.339989 0.294727 0.609624 3.352914 0.263149 0.644727 3.323418 0.272127 0.684519 3.285762 0.282948 -0.697488 3.295819 0.191098 -0.621379 3.349902 0.237868 -0.651574 3.335257 0.202643 0.641595 3.340317 0.227741 0.652392 3.343950 0.172362 0.686538 3.305587 0.214481 -0.707648 3.303522 0.102024 -0.659679 3.339883 0.141372 0.661128 3.348231 0.097142 0.701573 3.309368 0.134119 -0.711702 3.307018 0.020178 -0.664650 3.344892 0.061358 0.666451 3.349018 0.016550 0.709168 3.311536 0.055419 -0.712253 3.305616 -0.059613 -0.667358 3.345042 -0.020632 0.665391 3.346992 -0.066433 0.711185 3.310717 -0.025204 -0.710439 3.298910 -0.136906 -0.665406 3.341131 -0.101895 0.661092 3.340128 -0.148397 0.707699 3.306329 -0.107304 -0.708400 3.286439 -0.208669 -0.663136 3.329807 -0.181909 0.649499 3.331925 -0.226710 0.697820 3.298682 -0.191108 -0.707873 3.273684 -0.256570 -0.665482 3.306763 -0.261892 0.630217 3.327575 -0.290590 0.678322 3.287722 -0.284483 -0.646687 3.296243 -0.334712 -0.622962 3.286120 -0.398591 -0.601025 3.321107 -0.360936 0.595856 3.342288 -0.323050 0.574080 3.338898 -0.368103 0.620609 3.305236 -0.360036 -0.621420 3.252855 -0.459116 -0.576862 3.321092 -0.399008 -0.566972 3.299462 -0.449978 -0.540404 3.334543 -0.420383 0.537079 3.351438 -0.395339 0.514812 3.345748 -0.434829 0.558800 3.319503 -0.425324 -0.573905 3.253293 -0.512913 -0.518077 3.328844 -0.456985 -0.512312 3.302646 -0.503855 -0.481314 3.336478 -0.480642 0.488675 3.350737 -0.455014 0.452627 3.351487 -0.486423 0.500952 3.323585 -0.485489 0.547942 3.288920 -0.489773 -0.513635 3.261379 -0.559243 -0.462132 3.324619 -0.516842 -0.470285 3.297408 -0.548807 -0.422018 3.319292 -0.554317 0.403142 3.353242 -0.526023 0.371913 3.340772 -0.566751 0.433047 3.312455 -0.561663 0.501686 3.288015 -0.539664 -0.374026 3.309378 -0.601326 -0.330518 3.299549 -0.641122 -0.315092 3.330818 -0.606637 -0.296278 3.313596 -0.641063 -0.261480 3.330184 -0.632183 0.264232 3.356171 -0.603350 0.231997 3.340436 -0.635664 0.282505 3.325676 -0.634304 0.316706 3.350075 -0.586110 0.352223 3.311294 -0.617146 -0.210864 3.314526 -0.671178 -0.166025 3.294454 -0.708088 -0.144080 3.330453 -0.668281 -0.099802 3.302157 -0.710042 -0.069930 3.340861 -0.665910 -0.024758 3.306813 -0.709947 0.010327 3.345701 -0.662810 0.054889 3.307379 -0.706979 0.093393 3.345544 -0.657244 0.137833 3.303942 -0.699760 0.173118 3.342208 -0.648025 0.225913 3.301883 -0.681023 0.302556 3.287313 -0.670362 -0.279645 3.340679 0.615836 -0.207418 3.348720 0.635178 -0.135546 3.374265 0.619962 -0.046633 3.379653 0.625270 0.036742 3.381030 0.623758 0.126387 3.380476 0.612323 0.212195 3.364021 0.610044 0.288479 3.347374 0.601936 -0.349890 3.349760 0.565379 -0.283843 3.385927 0.550035 -0.210049 3.388013 0.579044 -0.079064 3.412584 0.574161 -0.144492 3.410020 0.567031 0.001099 3.414044 0.577268 0.078645 3.413274 0.574380 0.138079 3.413406 0.565059 0.174264 3.426400 0.533364 0.191329 3.400926 0.566829 0.271133 3.388772 0.549851 0.349391 3.360068 0.550697 -0.384692 3.368645 0.512626 -0.335560 3.391818 0.510375 -0.236001 3.419101 0.519737 -0.288559 3.413971 0.502630 -0.179274 3.423446 0.535430 0.230084 3.421904 0.517370 0.286229 3.416265 0.498443 0.317907 3.424992 0.461909 0.344567 3.398305 0.489971 0.415735 3.365577 0.491649 -0.511677 3.373407 0.375544 -0.381870 3.400517 0.455789 -0.450162 3.388726 0.413661 -0.320914 3.419901 0.469198 0.358905 3.420232 0.439191 0.386022 3.426499 0.400382 0.413873 3.400136 0.427182 0.482364 3.363777 0.427997 -0.560134 3.363389 0.326608 -0.517153 3.396855 0.309249 -0.465183 3.410513 0.347330 0.426465 3.419060 0.374223 0.450910 3.422810 0.334033 0.480396 3.395897 0.359573 0.540656 3.358871 0.363191 -0.567847 3.383685 0.248530 -0.478528 3.423750 0.293048 -0.512220 3.415772 0.259227 0.490837 3.412860 0.302295 0.510921 3.418813 0.246808 0.551052 3.382741 0.284287 -0.615420 3.367000 0.184273 -0.571119 3.401014 0.167488 -0.524865 3.421799 0.203924 0.526557 3.424431 0.192497 0.561661 3.399814 0.206807 0.605551 3.368554 0.216406 -0.610758 3.382066 0.105446 -0.534413 3.427395 0.146880 -0.562335 3.414972 0.112160 0.558732 3.412751 0.157117 0.568536 3.413599 0.099917 0.605847 3.382943 0.144140 -0.619249 3.381405 0.017925 -0.569158 3.414291 0.050408 0.572253 3.415600 0.024287 0.617998 3.383655 0.059861 -0.619005 3.379638 -0.063982 -0.572089 3.412970 -0.027765 0.568685 3.416562 -0.055930 0.619569 3.383870 -0.022522 -0.608614 3.376750 -0.150919 -0.568861 3.410515 -0.103503 0.559791 3.416838 -0.123198 0.611561 3.382696 -0.113590 -0.609692 3.357216 -0.233956 -0.559062 3.409830 -0.161356 -0.561504 3.396511 -0.213375 -0.526124 3.422767 -0.195860 0.525312 3.431773 -0.161267 0.511720 3.427684 -0.222824 0.568654 3.399442 -0.191428 0.619748 3.364979 -0.187916 -0.604215 3.338312 -0.307737 -0.545203 3.383266 -0.290819 -0.509588 3.418091 -0.250066 0.498254 3.421982 -0.278343 0.539200 3.398956 -0.269909 0.595401 3.363477 -0.260737 -0.549261 3.352392 -0.366890 -0.489953 3.412450 -0.304592 -0.482511 3.393644 -0.361353 -0.451801 3.421714 -0.334673 0.467511 3.428322 -0.309162 0.447484 3.418051 -0.360550 0.498955 3.403649 -0.328005 0.547980 3.369333 -0.336658 -0.488304 3.358949 -0.429894 -0.428649 3.416803 -0.374284 -0.418218 3.395299 -0.427820 -0.388611 3.423236 -0.399759 0.418483 3.408264 -0.414222 0.480416 3.377202 -0.410156 -0.425705 3.355402 -0.494192 -0.362155 3.415097 -0.438923 -0.349212 3.389452 -0.492411 -0.320647 3.418700 -0.461558 0.318066 3.427135 -0.461368 0.287252 3.418627 -0.495502 0.334429 3.402703 -0.494201 0.365962 3.418795 -0.440736 0.402189 3.384510 -0.473635 -0.359280 3.348172 -0.553099 -0.287629 3.407373 -0.500584 -0.271648 3.372302 -0.563585 -0.226679 3.414161 -0.517173 -0.179148 3.390946 -0.572497 -0.152414 3.425085 -0.525949 -0.106645 3.403392 -0.573920 -0.092785 3.429377 -0.535348 0.174560 3.431765 -0.517390 0.139707 3.417363 -0.550762 0.195674 3.404070 -0.556611 0.232913 3.425571 -0.507122 0.275147 3.388529 -0.549297 0.351407 3.371156 -0.534361 -0.197847 3.352790 -0.623075 -0.122658 3.368379 -0.621096 -0.054968 3.415078 -0.565071 -0.041322 3.382821 -0.611994 0.003774 3.414248 -0.568271 0.047101 3.382546 -0.612640 0.078547 3.415632 -0.561867 0.134843 3.383734 -0.600560 0.212930 3.370365 -0.601072 -0.115245 3.442402 0.517776 -0.029527 3.444162 0.525832 0.050572 3.442889 0.527236 0.123205 3.437298 0.527137 -0.262925 3.443440 0.457298 -0.187099 3.448468 0.485047 -0.127686 3.473835 0.452914 -0.054582 3.472129 0.469978 0.023995 3.470715 0.475306 0.109579 3.467742 0.469782 0.191337 3.450003 0.479485 0.268744 3.438865 0.464151 -0.400913 3.426966 0.378812 -0.331696 3.440274 0.413528 -0.273347 3.471784 0.383826 -0.196645 3.478150 0.416227 -0.074118 3.496625 0.412900 -0.133670 3.495452 0.402788 -0.000981 3.495241 0.421520 0.072017 3.492313 0.423542 0.129361 3.490360 0.417042 0.167041 3.497638 0.383821 0.178951 3.479115 0.423108 0.256241 3.467115 0.407250 0.330909 3.442991 0.410036 -0.426002 3.442674 0.307324 -0.344126 3.468441 0.327915 -0.220648 3.498780 0.349930 -0.277129 3.491857 0.327997 -0.164371 3.503955 0.368220 0.220100 3.491973 0.369488 0.273196 3.485561 0.351188 0.301417 3.489869 0.314301 0.328564 3.469871 0.342205 0.397119 3.442036 0.346213 -0.465134 3.444722 0.236752 -0.393674 3.471953 0.252686 -0.300096 3.497740 0.286802 -0.338975 3.491593 0.260611 0.339273 3.484774 0.287350 0.359542 3.490411 0.235055 0.396242 3.465576 0.272068 0.454251 3.436482 0.285409 -0.487795 3.449183 0.159592 -0.420835 3.477408 0.173824 -0.356546 3.497984 0.201905 0.375860 3.495488 0.182960 0.414492 3.476984 0.195939 0.471262 3.447737 0.209253 -0.515921 3.442931 0.087376 -0.453418 3.472469 0.103171 -0.370961 3.502359 0.143659 -0.403862 3.493460 0.111240 0.410266 3.487995 0.146908 0.419174 3.490031 0.090965 0.463458 3.465770 0.128909 0.520556 3.435853 0.143109 -0.521643 3.442721 0.003786 -0.467324 3.469902 0.030288 -0.411250 3.493861 0.051225 0.420558 3.493269 0.019833 0.471716 3.469489 0.045398 0.522070 3.442311 0.072209 -0.521490 3.440180 -0.074544 -0.470289 3.467607 -0.046936 -0.417486 3.491663 -0.021360 0.416136 3.494806 -0.051796 0.468887 3.472079 -0.030691 0.521748 3.445183 -0.006616 -0.520214 3.433997 -0.145652 -0.462645 3.464247 -0.130513 -0.417553 3.488334 -0.092792 0.409265 3.492204 -0.123100 0.456146 3.474780 -0.095157 0.511546 3.446849 -0.092864 -0.470842 3.446661 -0.210914 -0.409507 3.486423 -0.148457 -0.414245 3.475615 -0.197022 -0.375631 3.493697 -0.184478 0.397717 3.488578 -0.184039 0.461730 3.461296 -0.174231 -0.454217 3.435728 -0.286440 -0.396657 3.464158 -0.272299 -0.359875 3.488558 -0.235856 0.358216 3.497917 -0.215086 0.340301 3.493015 -0.262133 0.399487 3.473253 -0.249843 0.462110 3.444544 -0.259163 -0.398441 3.440167 -0.345781 -0.340078 3.482708 -0.287164 -0.330013 3.467282 -0.341015 -0.302653 3.487161 -0.313662 0.298145 3.499307 -0.287826 0.273987 3.492717 -0.331198 0.340410 3.471336 -0.330361 0.419648 3.446637 -0.315969 -0.333205 3.439075 -0.408536 -0.275022 3.482172 -0.349752 -0.259359 3.462928 -0.404218 -0.222570 3.487419 -0.368316 -0.182474 3.473182 -0.421666 -0.169834 3.491988 -0.383495 0.228412 3.497396 -0.350157 0.198546 3.487774 -0.390383 0.262426 3.472546 -0.391304 0.325792 3.446155 -0.411691 0.388097 3.436211 -0.380251 -0.271186 3.433140 -0.461610 -0.200365 3.445969 -0.469470 -0.132066 3.483450 -0.418038 -0.111982 3.457419 -0.476333 -0.074713 3.485816 -0.424447 -0.024294 3.465622 -0.474427 -0.002892 3.490573 -0.420783 0.050114 3.469867 -0.466438 0.068390 3.493171 -0.412455 0.112502 3.473297 -0.451088 0.138828 3.491133 -0.403224 0.188821 3.460121 -0.455088 0.270460 3.442975 -0.455720 -0.040965 3.438798 -0.525333 0.030509 3.442920 -0.519360 0.111512 3.445664 -0.505588 -0.101243 3.516820 0.352739 -0.022426 3.516744 0.363644 0.052112 3.513261 0.369658 0.119715 3.506785 0.374237 -0.240583 3.514839 0.283034 -0.164697 3.522786 0.308947 -0.102128 3.535412 0.294118 -0.041801 3.535725 0.302996 0.034297 3.533114 0.308236 0.111218 3.525536 0.313308 0.186357 3.511699 0.325560 0.256622 3.500830 0.316161 -0.291829 3.514466 0.226565 -0.234585 3.530920 0.224994 -0.184986 3.536739 0.243970 -0.131242 3.542075 0.256694 -0.067544 3.551612 0.238765 0.011284 3.550770 0.247466 0.096144 3.546597 0.239563 0.177427 3.531682 0.250955 0.249218 3.515812 0.259331 0.305081 3.500238 0.269518 -0.311175 3.521602 0.146478 -0.248350 3.536337 0.172127 -0.199072 3.544676 0.191695 -0.131704 3.555777 0.188288 -0.008436 3.564663 0.190001 -0.064097 3.565029 0.178588 0.055984 3.562525 0.193478 0.109127 3.560542 0.179135 0.132597 3.565700 0.131909 0.171098 3.549855 0.172017 0.246220 3.530478 0.187239 0.317853 3.510119 0.199963 -0.351431 3.514447 0.079437 -0.289993 3.534052 0.080517 -0.254515 3.541541 0.113554 -0.187943 3.555790 0.122176 -0.084838 3.569689 0.140016 -0.124548 3.567304 0.122683 0.144863 3.569806 0.085126 0.185284 3.559393 0.096799 0.243953 3.542553 0.110101 0.310237 3.523045 0.125949 0.368667 3.504389 0.136165 -0.359906 3.513069 -0.000232 -0.296926 3.532954 0.017333 -0.225143 3.552376 0.042129 -0.137155 3.569773 0.081731 -0.169764 3.565625 0.057957 0.176587 3.566092 0.052178 0.179990 3.566422 0.011226 0.234660 3.552069 0.024777 0.306963 3.530749 0.050548 0.367336 3.510728 0.070016 -0.364775 3.508760 -0.073325 -0.303962 3.528148 -0.058004 -0.238237 3.546704 -0.042449 -0.168605 3.567164 0.015370 -0.179809 3.562520 -0.030272 -0.138354 3.572218 -0.019502 0.149176 3.571488 -0.014182 0.137354 3.569984 -0.066839 0.201019 3.559833 -0.047857 0.261590 3.545819 -0.050643 0.308004 3.532871 -0.025052 0.365667 3.514182 -0.002421 -0.367731 3.502342 -0.138599 -0.309300 3.520038 -0.130843 -0.242599 3.538176 -0.119281 -0.170047 3.556482 -0.105980 -0.128712 3.570149 -0.069347 0.121838 3.567268 -0.120688 0.183800 3.556426 -0.128540 0.249231 3.545344 -0.108188 0.305091 3.531425 -0.094626 0.361030 3.514212 -0.075674 -0.318269 3.507363 -0.202349 -0.247995 3.525880 -0.192723 -0.176756 3.542032 -0.183073 -0.112129 3.567046 -0.118887 -0.103081 3.556942 -0.173067 -0.075465 3.568698 -0.141416 0.082508 3.569295 -0.137936 0.062247 3.564419 -0.173889 0.129106 3.555996 -0.185861 0.195230 3.546170 -0.191192 0.242438 3.539370 -0.171678 0.289872 3.530236 -0.150647 0.347466 3.511512 -0.152950 -0.306095 3.497543 -0.270079 -0.251303 3.511803 -0.261377 -0.182508 3.525839 -0.255272 -0.108634 3.538754 -0.245749 -0.046725 3.564072 -0.174105 -0.027516 3.549523 -0.232272 0.007432 3.564153 -0.180438 0.064822 3.550259 -0.233157 0.131606 3.542677 -0.249723 0.182208 3.538693 -0.238759 0.230963 3.532810 -0.223368 0.294466 3.516434 -0.220254 -0.258410 3.497214 -0.315997 -0.189530 3.506680 -0.326298 -0.117302 3.519719 -0.314750 -0.042850 3.528401 -0.306279 0.035830 3.532450 -0.299886 0.110390 3.531352 -0.296051 0.166037 3.529424 -0.284468 0.231873 3.516130 -0.286535 -0.123179 3.500873 -0.374655 -0.057061 3.507864 -0.369496 0.015980 3.512467 -0.363033 0.090453 3.513365 -0.354964 0.167639 3.510924 -0.340328 -0.024458 3.574614 0.128197 0.039763 3.572690 0.143423 0.086655 3.569077 0.151057 -0.074778 3.576892 0.076408 -0.010718 3.581107 0.071297 0.034759 3.579426 0.089289 0.093080 3.574774 0.100084 -0.121576 3.574661 0.026586 -0.067071 3.580747 0.011842 -0.020620 3.582829 0.024141 0.032975 3.582491 0.035055 0.076996 3.579701 0.052044 0.131182 3.574169 0.040335 -0.085913 3.577941 -0.038011 -0.028222 3.582340 -0.029532 0.026437 3.582318 -0.021072 0.090076 3.578432 -0.007637 -0.078746 3.574263 -0.098792 -0.032001 3.578711 -0.083224 0.012424 3.580540 -0.068084 0.071315 3.576307 -0.078791 -0.033770 3.572410 -0.135071 0.024511 3.574012 -0.123793 0.000000 3.820146 0.000000 0.000100 3.820146 0.000000 0.000000 3.820146 0.000100</float_array>
          <technique_common>
            <accessor source="#Slime-positions-array" count="3131" stride="3">
              <param name="X" type="float"/>
              <param name="Y" type="float"/>
              <param name="Z" type="float"/>
            </accessor>
          </technique_common>
        </source>
        <source id="Slime-normals">
          <float_array id="Slime-normals-array" count="9384">-0.089400 -0.923200 0.373700 -0.105700 -0.948500 0.298600 -0.053200 -0.966600 0.250600 -0.052700 -0.925000 0.376200 -0.027300 -0.965000 0.260700 -0.027300 -0.923800 0.382000 -0.003800 -0.963900 0.266400 0.005000 -0.922300 0.386400 0.021200 -0.961100 0.275300 0.042500 -0.915700 0.399500 0.047900 -0.955500 0.291200 0.082000 -0.899300 0.429600 0.076400 -0.948800 0.306500 0.117200 -0.886600 0.447500 -0.159500 -0.935300 0.315800 -0.163200 -0.955300 0.246700 -0.103400 -0.972600 0.208000 -0.128200 -0.939500 0.317600 -0.083600 -0.974100 0.209900 -0.118700 -0.942700 0.311800 -0.072500 -0.978000 0.195400 -0.046000 -0.986100 0.159900 -0.023000 -0.985400 0.169000 -0.006400 -0.985200 0.171400 0.011100 -0.984100 0.177200 0.031900 -0.981700 0.187500 0.060000 -0.977400 0.202700 0.137400 -0.923600 0.357800 0.103500 -0.965100 0.240500 0.169900 -0.910900 0.376000 0.142300 -0.953400 0.266100 0.208800 -0.893600 0.397300 -0.206300 -0.945700 0.251300 -0.201200 -0.959000 0.199700 -0.128400 -0.979200 0.157300 -0.085000 -0.987300 0.134400 -0.060900 -0.988600 0.137900 -0.049500 -0.990500 0.128100 -0.042100 -0.993200 0.108400 -0.021400 -0.994800 0.099600 -0.007100 -0.994700 0.102900 0.005100 -0.994200 0.107100 0.020000 -0.993200 0.114900 0.040600 -0.990900 0.128400 0.069100 -0.986000 0.151800 0.106000 -0.978600 0.176500 0.221300 -0.918900 0.326500 0.170200 -0.959000 0.226500 0.266400 -0.894800 0.358300 0.229600 -0.934700 0.271200 0.324000 -0.862800 0.388200 -0.252300 -0.946300 0.202400 -0.243000 -0.955900 0.165000 -0.163600 -0.978300 0.127400 -0.108300 -0.988900 0.101400 -0.076800 -0.992700 0.092600 -0.048100 -0.995400 0.082700 -0.034500 -0.996300 0.078400 -0.027800 -0.997300 0.068500 -0.019400 -0.998100 0.059300 -0.008500 -0.998300 0.057400 0.000900 -0.998200 0.059900 0.011300 -0.997800 0.065300 0.025500 -0.996900 0.074900 0.046000 -0.994800 0.090700 0.075300 -0.990800 0.112400 0.117700 -0.982700 0.143100 0.174200 -0.968900 0.175800 0.330800 -0.884600 0.328800 0.266400 -0.936900 0.226400 0.382200 -0.868400 0.316000 -0.234800 -0.961800 0.140500 -0.154200 -0.983000 0.099600 -0.106400 -0.991600 0.073400 -0.065700 -0.996200 0.057600 -0.041600 -0.997900 0.050300 -0.026600 -0.998600 0.044900 -0.019000 -0.999000 0.039600 -0.013800 -0.999300 0.033800 -0.008000 -0.999500 0.030400 -0.001600 -0.999500 0.030500 0.005600 -0.999400 0.033600 0.015300 -0.999100 0.039700 0.029900 -0.998300 0.050000 0.052400 -0.996500 0.065700 0.087000 -0.992300 0.088000 0.138800 -0.983300 0.117300 0.219400 -0.961300 0.166800 0.348000 -0.902000 0.255600 -0.304700 -0.941700 0.142800 -0.295100 -0.947000 0.126900 -0.196200 -0.976500 0.089500 -0.124900 -0.990000 0.066100 -0.086900 -0.994600 0.056300 -0.057500 -0.997600 0.039500 -0.035200 -0.998900 0.030300 -0.021600 -0.999500 0.025000 -0.013900 -0.999700 0.021000 -0.009500 -0.999800 0.017300 -0.006100 -0.999900 0.014500 -0.002400 -0.999900 0.013500 0.002300 -0.999900 0.014600 0.008900 -0.999800 0.018100 0.019300 -0.999500 0.024500 0.036200 -0.998700 0.034900 0.063500 -0.996700 0.050700 0.105800 -0.991700 0.073400 0.165200 -0.980700 0.104400 0.315000 -0.924700 0.213800 0.250100 -0.958000 0.140400 0.377200 -0.903900 0.201900 -0.279100 -0.953200 0.116100 -0.183800 -0.979900 0.077000 -0.123100 -0.991100 0.050300 -0.074500 -0.996600 0.035700 -0.046700 -0.998500 0.027200 -0.028900 -0.999400 0.019000 -0.017300 -0.999800 0.013700 -0.010400 -0.999900 0.010100 -0.006500 -1.000000 0.007400 -0.004200 -1.000000 0.005200 -0.002000 -1.000000 0.004000 0.000800 -1.000000 0.004000 0.005200 -1.000000 0.005600 0.012700 -0.999900 0.009200 0.025500 -0.999600 0.015500 0.047000 -0.998600 0.025900 0.082000 -0.995700 0.042000 0.136100 -0.988500 0.065300 0.217100 -0.970900 0.101400 0.350600 -0.921500 0.167300 -0.349800 -0.930700 0.106900 -0.350800 -0.933800 0.070200 -0.234300 -0.970200 0.062100 -0.150100 -0.987500 0.048300 -0.102700 -0.993800 0.041500 -0.066300 -0.997500 0.025900 -0.039500 -0.999100 0.017400 -0.023300 -0.999700 0.011700 -0.013400 -0.999900 0.007400 -0.007500 -1.000000 0.004300 -0.004300 -1.000000 0.002000 -0.002500 -1.000000 0.000300 -0.001200 -1.000000 -0.000900 0.000500 -1.000000 -0.001400 0.003500 -1.000000 -0.001100 0.009100 -1.000000 0.000500 0.019200 -0.999800 0.003800 0.036500 -0.999300 0.009600 0.064900 -0.997700 0.019100 0.109700 -0.993400 0.034700 0.174300 -0.983200 0.054800 0.325200 -0.935700 0.136600 0.265100 -0.961500 0.072600 0.408200 -0.905500 0.115800 -0.356100 -0.933400 0.043600 -0.241600 -0.969700 0.036800 -0.157400 -0.987200 0.026900 -0.094000 -0.995300 0.021300 -0.057200 -0.998200 0.017200 -0.034000 -0.999400 0.011100 -0.019100 -0.999800 0.006800 -0.010200 -0.999900 0.003700 -0.005200 -1.000000 0.001300 -0.002500 -1.000000 -0.000500 -0.001100 -1.000000 -0.001900 -0.000300 -1.000000 -0.003100 0.000900 -1.000000 -0.003900 0.003200 -1.000000 -0.004400 0.007700 -1.000000 -0.004200 0.016100 -0.999900 -0.003200 0.031100 -0.999500 -0.000900 0.055700 -0.998400 0.003000 0.093800 -0.995500 0.009500 0.152600 -0.988000 0.023500 0.248400 -0.967800 0.041000 0.392800 -0.916000 0.081800 -0.362500 -0.931900 0.013900 -0.245500 -0.969300 0.015400 -0.157500 -0.987500 0.011900 -0.095600 -0.995400 0.008300 -0.054700 -0.998500 0.007100 -0.030700 -0.999500 0.005500 -0.016400 -0.999900 0.003300 -0.008100 -1.000000 0.001400 -0.003400 -1.000000 -0.000100 -0.001100 -1.000000 -0.001500 0.000100 -1.000000 -0.002700 0.000800 -1.000000 -0.003800 0.001700 -1.000000 -0.004900 0.003800 -1.000000 -0.005900 0.007800 -0.999900 -0.006800 0.015500 -0.999900 -0.007600 0.029300 -0.999500 -0.007900 0.052800 -0.998600 -0.007700 0.089600 -0.995900 -0.008300 0.139800 -0.990100 -0.011300 0.205400 -0.978700 -0.002200 0.375200 -0.925700 0.048200 0.309300 -0.950900 -0.011000 0.477500 -0.878500 0.013700 -0.376700 -0.926200 -0.017900 -0.251500 -0.967800 -0.005300 -0.160100 -0.987100 -0.002600 -0.097400 -0.995200 -0.001900 -0.056000 -0.998400 -0.001000 -0.030300 -0.999500 -0.000100 -0.015400 -0.999900 -0.000000 -0.006900 -1.000000 -0.000400 -0.002300 -1.000000 -0.001100 -0.000000 -1.000000 -0.001900 0.001200 -1.000000 -0.002900 0.001900 -1.000000 -0.004000 0.003000 -1.000000 -0.005300 0.005100 -1.000000 -0.006900 0.009300 -0.999900 -0.008700 0.017000 -0.999800 -0.011000 0.030300 -0.999400 -0.013800 0.052800 -0.998500 -0.016400 0.091400 -0.995600 -0.019400 0.149300 -0.988400 -0.026700 0.228900 -0.972600 -0.039700 0.474100 -0.879900 -0.030300 0.355300 -0.932700 -0.061800 -0.401900 -0.914200 -0.051200 -0.261500 -0.964800 -0.026600 -0.165900 -0.986000 -0.019400 -0.101900 -0.994700 -0.013900 -0.059300 -0.998200 -0.009400 -0.032400 -0.999500 -0.006100 -0.016200 -0.999900 -0.003900 -0.007000 -1.000000 -0.002800 -0.002000 -1.000000 -0.002500 0.000700 -1.000000 -0.002700 0.002100 -1.000000 -0.003400 0.003200 -1.000000 -0.004500 0.004600 -1.000000 -0.006100 0.007100 -0.999900 -0.008300 0.011800 -0.999900 -0.011000 0.020200 -0.999700 -0.014600 0.034500 -0.999200 -0.019700 0.056500 -0.998000 -0.027000 0.091500 -0.995300 -0.032600 0.152500 -0.987500 -0.041000 0.232900 -0.970900 -0.056600 0.351500 -0.933000 -0.076700 -0.418000 -0.903800 -0.091300 -0.271600 -0.960900 -0.053700 -0.176600 -0.983300 -0.043600 -0.111300 -0.993300 -0.030700 -0.066100 -0.997600 -0.021100 -0.036900 -0.999200 -0.014400 -0.019000 -0.999800 -0.009800 -0.008500 -0.999900 -0.006800 -0.002500 -1.000000 -0.005200 0.000900 -1.000000 -0.004700 0.002900 -1.000000 -0.005000 0.006700 -0.999900 -0.008100 0.010000 -0.999900 -0.011000 0.015500 -0.999800 -0.014900 0.025000 -0.999500 -0.019900 0.041100 -0.998800 -0.026600 0.067200 -0.997100 -0.037000 0.101900 -0.993300 -0.054800 0.146800 -0.987200 -0.063000 0.228300 -0.970300 -0.080500 0.342300 -0.934900 -0.094100 -0.329900 -0.936800 -0.116600 -0.352100 -0.924100 -0.148300 -0.213600 -0.973400 -0.083200 -0.130100 -0.990000 -0.054000 -0.077800 -0.996200 -0.038100 -0.044800 -0.998600 -0.027200 -0.024300 -0.999500 -0.019500 -0.011800 -0.999800 -0.014200 -0.004300 -0.999900 -0.010800 0.000400 -1.000000 -0.009100 0.003500 -1.000000 -0.008900 0.006200 -0.999900 -0.009900 0.009500 -0.999900 -0.012300 0.014100 -0.999800 -0.016200 0.020900 -0.999500 -0.021800 0.031600 -0.999100 -0.028800 0.049800 -0.998000 -0.037800 0.077800 -0.995800 -0.048900 0.125000 -0.989900 -0.067500 0.181100 -0.978700 -0.096600 0.339500 -0.931600 -0.129900 0.272200 -0.952300 -0.137900 -0.375400 -0.908700 -0.182700 -0.239800 -0.964200 -0.113200 -0.149800 -0.985300 -0.081900 -0.094000 -0.993600 -0.062300 -0.056700 -0.997300 -0.047100 -0.032800 -0.998800 -0.035600 -0.017500 -0.999500 -0.027100 -0.007700 -0.999700 -0.021400 -0.001200 -0.999800 -0.018000 0.003600 -0.999900 -0.016700 0.008000 -0.999800 -0.017500 0.012700 -0.999700 -0.020200 0.019400 -0.999500 -0.024800 0.028900 -0.999100 -0.032400 0.041700 -0.998200 -0.043400 0.061000 -0.996700 -0.054300 0.094300 -0.992900 -0.072300 0.130600 -0.987600 -0.087100 0.199100 -0.972900 -0.117400 0.287300 -0.945300 -0.154500 -0.298500 -0.937100 -0.181100 -0.302100 -0.928100 -0.217800 -0.186100 -0.973900 -0.130100 -0.116400 -0.988400 -0.097900 -0.073600 -0.994300 -0.077500 -0.045700 -0.997000 -0.061800 -0.026700 -0.998400 -0.049000 -0.013700 -0.999100 -0.039900 -0.004400 -0.999400 -0.034100 0.002800 -0.999500 -0.031200 0.009600 -0.999500 -0.031000 0.016700 -0.999300 -0.034100 0.025300 -0.998900 -0.039700 0.039100 -0.998100 -0.048000 0.057300 -0.996400 -0.062600 0.080200 -0.993400 -0.082500 0.109600 -0.989600 -0.093400 0.168000 -0.977500 -0.127400 0.301400 -0.935500 -0.184200 0.252300 -0.951100 -0.178100 -0.239100 -0.948900 -0.206000 -0.249100 -0.934800 -0.253100 -0.151900 -0.976200 -0.154800 -0.096600 -0.987800 -0.122300 -0.064800 -0.992600 -0.103000 -0.040500 -0.995700 -0.083800 -0.023100 -0.997200 -0.070500 -0.009800 -0.998100 -0.061300 0.000400 -0.998400 -0.056500 0.010100 -0.998500 -0.054300 0.021900 -0.998200 -0.056500 0.033100 -0.997300 -0.065400 0.047200 -0.996200 -0.073800 0.075400 -0.993200 -0.088200 0.104300 -0.988300 -0.111300 0.147300 -0.979500 -0.137300 0.269200 -0.941400 -0.203300 0.221300 -0.956600 -0.189600 -0.202900 -0.947500 -0.247000 -0.206500 -0.929700 -0.305100 -0.132600 -0.971700 -0.195400 -0.099500 -0.980700 -0.168400 -0.059900 -0.989200 -0.133800 -0.037100 -0.992300 -0.118100 -0.017600 -0.994500 -0.103700 -0.002800 -0.995200 -0.097300 0.009400 -0.995500 -0.094600 0.024300 -0.995400 -0.092300 0.047100 -0.993800 -0.101200 0.059700 -0.990800 -0.121500 0.081800 -0.988900 -0.124100 0.124500 -0.979800 -0.156700 0.167400 -0.970200 -0.175100 0.243800 -0.944800 -0.218700 -0.169300 -0.944800 -0.280700 -0.141100 -0.955700 -0.258300 -0.137800 -0.934000 -0.329700 -0.085100 -0.974200 -0.208900 -0.060400 -0.979700 -0.191100 -0.027200 -0.986100 -0.164200 -0.006000 -0.987300 -0.158600 0.010300 -0.987700 -0.156100 0.027000 -0.987500 -0.155300 0.051200 -0.987700 -0.147500 0.082700 -0.980100 -0.180600 0.102700 -0.975700 -0.193400 0.201100 -0.946800 -0.251200 0.163400 -0.957800 -0.236300 0.252900 -0.931400 -0.261700 -0.114400 -0.942800 -0.313100 -0.087600 -0.950800 -0.297200 -0.065300 -0.919800 -0.386900 -0.033100 -0.967000 -0.252500 -0.009800 -0.968400 -0.249300 0.010300 -0.969500 -0.244700 0.032300 -0.970300 -0.239900 0.060000 -0.971300 -0.230400 0.132600 -0.948300 -0.288500 0.115300 -0.954900 -0.273700 0.157000 -0.941100 -0.299500 -0.029600 -0.924700 -0.379500 0.001300 -0.931500 -0.363700 0.031600 -0.934200 -0.355400 0.058600 -0.935900 -0.347500 0.098500 -0.933900 -0.343600 -0.117500 -0.622500 0.773700 -0.130900 -0.725200 0.676000 -0.091800 -0.763600 0.639100 -0.079600 -0.663600 0.743800 -0.055700 -0.768900 0.636900 -0.026600 -0.670500 0.741400 -0.003100 -0.771700 0.635900 0.031200 -0.668400 0.743100 0.050700 -0.769400 0.636700 0.083300 -0.658000 0.748400 0.101000 -0.770300 0.629600 0.125600 -0.655300 0.744800 -0.305800 -0.637900 0.706800 -0.250500 -0.739600 0.624700 -0.222600 -0.791700 0.569000 -0.286800 -0.683100 0.671700 -0.212700 -0.805300 0.553400 -0.230400 -0.726700 0.647200 -0.151500 -0.814700 0.559700 -0.097800 -0.859700 0.501400 -0.062300 -0.855300 0.514500 -0.022700 -0.858200 0.512800 0.024600 -0.856700 0.515200 0.079300 -0.848600 0.523100 0.169400 -0.742800 0.647700 0.150000 -0.822100 0.549200 0.212100 -0.732900 0.646500 0.218600 -0.786200 0.578000 0.262800 -0.685000 0.679500 0.252000 -0.779400 0.573600 0.275000 -0.681700 0.677900 -0.307800 -0.759200 0.573500 -0.347200 -0.777400 0.524600 -0.237300 -0.856700 0.458100 -0.190900 -0.883800 0.427200 -0.171700 -0.880900 0.441000 -0.149500 -0.885900 0.439200 0.187800 -0.851800 0.489000 0.239400 -0.836200 0.493400 0.324600 -0.751400 0.574500 0.322300 -0.798700 0.508100 0.403000 -0.700700 0.588700 0.383700 -0.769500 0.510600 0.414900 -0.677300 0.607600 -0.388900 -0.785600 0.481200 -0.425200 -0.785800 0.449100 -0.308500 -0.871900 0.380400 -0.237800 -0.905400 0.351800 0.287900 -0.848500 0.444000 0.351300 -0.819700 0.452400 0.482000 -0.681200 0.551100 0.424300 -0.774800 0.468600 0.479100 -0.682900 0.551500 -0.464400 -0.780000 0.419500 -0.491600 -0.777300 0.392700 -0.374900 -0.866900 0.328500 -0.289000 -0.910700 0.295100 0.407400 -0.817900 0.406200 0.521000 -0.694200 0.496600 0.455500 -0.785800 0.418300 0.515800 -0.696000 0.499500 -0.530300 -0.765400 0.364700 -0.571300 -0.746500 0.341300 -0.438900 -0.850400 0.290200 -0.337300 -0.906900 0.252600 0.439100 -0.833900 0.334200 0.553000 -0.713600 0.430000 0.488900 -0.796300 0.356400 0.586100 -0.708800 0.392600 -0.646800 -0.688700 0.327600 -0.642400 -0.703400 0.304200 -0.541300 -0.798000 0.264900 -0.440800 -0.864700 0.240800 -0.336300 -0.917900 0.210700 0.430500 -0.859900 0.274100 0.506300 -0.811700 0.291300 0.577200 -0.749200 0.324800 -0.632400 -0.723600 0.276700 -0.533000 -0.813300 0.233400 -0.422500 -0.886700 0.187800 0.471000 -0.851200 0.231400 0.634000 -0.704500 0.319100 0.548000 -0.791900 0.269500 0.652900 -0.693100 0.305600 -0.634100 -0.744700 0.208100 -0.530800 -0.823700 0.199400 -0.415700 -0.893400 0.170300 0.457400 -0.870600 0.181200 0.539200 -0.819400 0.194600 0.629500 -0.735300 0.251100 -0.728700 -0.666900 0.155800 -0.721200 -0.680100 0.131300 -0.594200 -0.793500 0.131600 -0.467600 -0.874300 0.130000 0.526200 -0.841000 0.125700 0.640700 -0.746200 0.180600 0.625700 -0.769200 0.129500 0.737000 -0.652600 0.175900 -0.720300 -0.688600 0.083600 -0.607000 -0.789600 0.090400 -0.480700 -0.872600 0.086700 0.528100 -0.845900 0.074300 0.622700 -0.778400 0.080300 0.713100 -0.692300 0.110600 -0.726200 -0.687100 0.024600 -0.613900 -0.788500 0.038500 -0.485800 -0.872800 0.046600 0.603500 -0.797300 0.007800 0.696800 -0.716000 0.043300 -0.730600 -0.681800 -0.035700 -0.623100 -0.781900 -0.019600 -0.496300 -0.868100 0.001200 0.503900 -0.860800 -0.071200 0.625300 -0.778600 -0.052300 0.703800 -0.710300 -0.011300 -0.735200 -0.671400 -0.093000 -0.631700 -0.771100 -0.079400 -0.515100 -0.855700 -0.050200 0.474100 -0.873500 -0.110500 0.602100 -0.790700 -0.110500 0.711400 -0.696800 -0.091700 -0.747500 -0.647400 -0.148300 -0.644200 -0.753100 -0.133200 -0.537400 -0.836400 -0.107900 0.452400 -0.878500 -0.153400 0.575000 -0.804000 -0.151400 0.700600 -0.696800 -0.153500 -0.778300 -0.595100 -0.200400 -0.665400 -0.724600 -0.179400 -0.564100 -0.806600 -0.176700 -0.470400 -0.867200 -0.163400 0.399800 -0.895900 -0.193800 0.510100 -0.832200 -0.217600 0.708000 -0.684800 -0.172500 0.609700 -0.760900 -0.222100 -0.678500 -0.700800 -0.220300 -0.684200 -0.665600 -0.298000 -0.581000 -0.782100 -0.225100 -0.478600 -0.853500 -0.205900 0.394700 -0.891300 -0.223300 0.498600 -0.832500 -0.241600 0.622800 -0.728700 -0.284600 -0.715800 -0.608600 -0.342400 -0.599000 -0.758200 -0.257600 -0.488500 -0.838200 -0.242500 -0.404700 -0.880800 -0.245500 0.368100 -0.893700 -0.256500 0.447000 -0.842800 -0.299900 0.620400 -0.731600 -0.282500 0.521600 -0.792700 -0.315400 -0.623600 -0.721400 -0.301300 -0.569600 -0.732000 -0.373800 -0.483200 -0.823200 -0.298000 -0.411000 -0.864200 -0.290200 -0.335600 -0.897800 -0.285300 0.320700 -0.905000 -0.279600 0.395200 -0.862100 -0.317300 0.463200 -0.815800 -0.346200 0.538100 -0.743800 -0.396500 -0.566900 -0.714200 -0.410500 -0.533400 -0.733500 -0.421300 -0.439700 -0.830600 -0.341600 -0.347600 -0.876800 -0.332200 -0.279400 -0.901100 -0.331600 0.340300 -0.885200 -0.317200 0.419300 -0.827500 -0.373400 0.559800 -0.726200 -0.399100 0.510500 -0.735200 -0.445900 -0.455800 -0.784700 -0.420000 -0.447100 -0.742000 -0.499400 -0.357200 -0.849300 -0.388800 -0.285800 -0.875400 -0.389800 -0.237400 -0.892100 -0.384400 -0.196500 -0.907000 -0.372400 0.235700 -0.911400 -0.337200 0.296600 -0.890200 -0.345800 0.386300 -0.834600 -0.392700 0.521900 -0.735600 -0.431900 0.473300 -0.745700 -0.469000 -0.391800 -0.771800 -0.500800 -0.364800 -0.722700 -0.587100 -0.294800 -0.826700 -0.479200 -0.281000 -0.836300 -0.470800 -0.221500 -0.864600 -0.451100 -0.172200 -0.883000 -0.436700 -0.129500 -0.895000 -0.426800 0.162200 -0.900500 -0.403500 0.189900 -0.892000 -0.410200 0.250100 -0.866400 -0.432300 0.315700 -0.850600 -0.420500 0.481800 -0.745300 -0.460800 0.405800 -0.768800 -0.494200 -0.367300 -0.712600 -0.597700 -0.329000 -0.763200 -0.556200 -0.288200 -0.727600 -0.622500 -0.236000 -0.814300 -0.530300 -0.210800 -0.821200 -0.530300 -0.148600 -0.845400 -0.513100 -0.082100 -0.861000 -0.501900 -0.028600 -0.870600 -0.491100 0.023100 -0.876600 -0.480700 0.066000 -0.876500 -0.476900 0.107900 -0.880800 -0.461000 0.167600 -0.841300 -0.514000 0.226100 -0.828200 -0.512800 0.248800 -0.806500 -0.536300 0.372000 -0.769400 -0.519200 0.281200 -0.784100 -0.553200 -0.280000 -0.710600 -0.645400 -0.234500 -0.745900 -0.623400 -0.193300 -0.675200 -0.711800 -0.162800 -0.783300 -0.599900 -0.110200 -0.791500 -0.601200 -0.062300 -0.799000 -0.598100 -0.000500 -0.805600 -0.592500 0.061900 -0.804300 -0.591100 0.104100 -0.801600 -0.588800 0.249000 -0.755400 -0.606100 0.160600 -0.762200 -0.627200 0.293100 -0.715000 -0.634700 0.304000 -0.674500 -0.672800 -0.154800 -0.695600 -0.701600 -0.089700 -0.715300 -0.693100 -0.027400 -0.722800 -0.690600 0.038000 -0.725100 -0.687600 0.104200 -0.716300 -0.689900 0.157300 -0.680600 -0.715600 -0.279100 -0.470000 0.837400 -0.315300 -0.570400 0.758400 -0.262700 -0.597300 0.757800 -0.205600 -0.518300 0.830100 -0.189400 -0.626700 0.755900 -0.161700 -0.505800 0.847400 -0.095300 -0.548200 0.830900 -0.041500 -0.563800 0.824900 0.015300 -0.565700 0.824500 0.074300 -0.563600 0.822700 0.141900 -0.554300 0.820200 0.189500 -0.624500 0.757700 0.219200 -0.518000 0.826800 0.225600 -0.617800 0.753300 0.267000 -0.478400 0.836500 0.276500 -0.589700 0.758900 0.311000 -0.527400 0.790600 -0.402800 -0.499900 0.766700 -0.411700 -0.565800 0.714400 -0.364700 -0.631000 0.684700 -0.379400 -0.538000 0.752700 0.327300 -0.554800 0.764900 0.340800 -0.641800 0.687000 0.385100 -0.495100 0.778800 0.408400 -0.613500 0.675900 0.461700 -0.542800 0.701600 -0.483800 -0.567400 0.666300 -0.531600 -0.570300 0.626300 -0.447700 -0.682500 0.577800 0.494900 -0.516500 0.698800 0.486600 -0.597800 0.637000 0.543300 -0.519200 0.659800 -0.573000 -0.567400 0.591400 -0.603400 -0.565800 0.562000 -0.528200 -0.679400 0.509300 0.577500 -0.510200 0.637400 0.549400 -0.606000 0.575300 0.606900 -0.531100 0.591300 -0.639200 -0.558400 0.528800 -0.678700 -0.544000 0.493300 -0.591500 -0.666700 0.453500 0.632800 -0.528400 0.566000 0.595200 -0.620700 0.510400 0.662400 -0.547400 0.511400 -0.739100 -0.508100 0.442300 -0.733300 -0.559900 0.385700 -0.663100 -0.629100 0.405500 0.671700 -0.588300 0.450300 0.691600 -0.603000 0.397600 0.758100 -0.475300 0.446400 -0.710500 -0.598900 0.369500 0.693200 -0.639500 0.332300 0.745400 -0.536600 0.395600 -0.798800 -0.501400 0.332500 -0.829500 -0.494900 0.258900 -0.730100 -0.615500 0.296900 0.729300 -0.589400 0.347400 0.748000 -0.596200 0.291700 0.807400 -0.490900 0.327200 -0.809100 -0.554100 0.195900 -0.745500 -0.624900 0.232000 0.740200 -0.630000 0.234800 0.805200 -0.528800 0.268300 -0.803500 -0.581000 0.129900 0.790600 -0.578700 0.200200 -0.811900 -0.579600 0.069700 0.803500 -0.582200 0.124300 0.793000 -0.605600 0.066800 0.880900 -0.460200 0.110400 -0.816800 -0.576700 0.012500 0.789700 -0.613100 0.019700 0.868300 -0.492100 0.061700 -0.818500 -0.572800 -0.044000 0.795400 -0.605100 -0.035200 0.863500 -0.504400 0.002800 -0.821300 -0.561500 -0.100800 0.802200 -0.590000 -0.091800 0.874000 -0.481300 -0.067300 -0.829400 -0.535400 -0.159900 0.859000 -0.491500 -0.143600 0.779100 -0.603400 -0.170300 -0.845900 -0.480300 -0.232100 0.731300 -0.639600 -0.237000 0.799400 -0.559300 -0.219500 -0.841200 -0.464600 -0.276600 -0.764800 -0.593000 -0.251600 0.722800 -0.621700 -0.301900 0.816500 -0.504600 -0.280500 -0.769200 -0.550000 -0.325400 -0.761900 -0.511400 -0.397400 0.639300 -0.685300 -0.348800 0.756700 -0.560600 -0.336300 0.721900 -0.596400 -0.350900 -0.764600 -0.482300 -0.427500 -0.690900 -0.594500 -0.411500 0.629300 -0.654000 -0.419900 0.742600 -0.533600 -0.404800 -0.685800 -0.566800 -0.456600 -0.707300 -0.477800 -0.521000 -0.626100 -0.619000 -0.474100 0.596400 -0.652100 -0.468100 0.660800 -0.585500 -0.469600 0.662700 -0.564500 -0.492100 -0.714000 -0.434100 -0.549400 -0.625400 -0.583700 -0.517900 -0.528900 -0.672800 -0.517300 0.556200 -0.659700 -0.505400 0.629500 -0.574200 -0.523500 0.619300 -0.563400 -0.546800 -0.616400 -0.514900 -0.595800 -0.549200 -0.488400 -0.678100 -0.521100 -0.610300 -0.596700 -0.453000 -0.648500 -0.611800 0.494900 -0.669300 -0.554200 0.579000 -0.581600 -0.571400 0.555300 -0.574500 -0.601300 -0.485000 -0.544800 -0.684000 -0.469700 -0.577300 -0.667900 -0.455100 -0.512500 -0.728200 -0.411100 -0.620600 -0.667700 -0.361400 -0.649000 -0.669500 0.354500 -0.652800 -0.669500 0.496900 -0.590200 -0.636200 0.433700 -0.632900 -0.641300 -0.411700 -0.531100 -0.740500 -0.375200 -0.583200 -0.720500 -0.333800 -0.511000 -0.792100 -0.307100 -0.616400 -0.725100 -0.255100 -0.634000 -0.730000 0.220900 -0.654300 -0.723200 0.277100 -0.629600 -0.725800 0.388300 -0.573100 -0.721600 0.327000 -0.608100 -0.723400 0.412200 -0.526400 -0.743600 -0.275800 -0.513800 -0.812300 -0.230600 -0.565700 -0.791700 -0.168300 -0.620100 -0.766200 -0.139600 -0.517500 -0.844200 -0.084600 -0.612400 -0.786000 -0.037200 -0.619400 -0.784200 0.013600 -0.622300 -0.782600 0.065500 -0.619300 -0.782500 0.195400 -0.605500 -0.771500 0.123500 -0.604700 -0.786800 0.254200 -0.551200 -0.794700 0.301900 -0.500500 -0.811400 -0.064800 -0.494400 -0.866800 -0.000100 -0.517100 -0.855900 0.060300 -0.508500 -0.858900 0.114200 -0.480600 -0.869500 -0.136200 -0.331700 0.933500 -0.170500 -0.412800 0.894700 -0.106400 -0.436700 0.893300 -0.065500 -0.365200 0.928600 -0.050600 -0.458500 0.887300 -0.002000 -0.374400 0.927300 0.004200 -0.463600 0.886000 0.050700 -0.367800 0.928500 0.054700 -0.462900 0.884700 0.092100 -0.358100 0.929100 0.100300 -0.467400 0.878300 0.131000 -0.347400 0.928500 0.151600 -0.464400 0.872600 0.195800 -0.369000 0.908600 -0.357600 -0.347600 0.866800 -0.411000 -0.424100 0.807000 -0.346900 -0.461300 0.816600 -0.295900 -0.371600 0.880000 -0.242700 -0.410900 0.878800 0.224600 -0.468600 0.854400 0.293900 -0.408400 0.864200 0.317900 -0.384700 0.866600 0.350700 -0.461700 0.814800 0.375800 -0.368800 0.850100 -0.466900 -0.378400 0.799200 -0.522500 -0.407800 0.748800 -0.489800 -0.459500 0.740900 -0.462100 -0.392300 0.795300 0.421200 -0.416600 0.805600 0.463900 -0.393800 0.793500 0.516000 -0.438100 0.736100 0.542300 -0.368000 0.755300 -0.583400 -0.375900 0.719900 -0.634000 -0.399400 0.662200 -0.584800 -0.467200 0.663100 0.561900 -0.386600 0.731300 0.601100 -0.427700 0.675100 0.630000 -0.361200 0.687500 -0.686300 -0.352600 0.636100 -0.725600 -0.368500 0.581100 -0.662400 -0.456700 0.593900 0.641600 -0.389800 0.660700 0.665800 -0.443500 0.600100 0.694500 -0.376300 0.613300 -0.777300 -0.336000 0.531900 -0.785700 -0.412000 0.461500 -0.735800 -0.431700 0.521800 0.705900 -0.422700 0.568400 0.728300 -0.466900 0.501500 0.770500 -0.371600 0.517900 -0.769800 -0.450100 0.452600 0.775300 -0.399200 0.489500 -0.830600 -0.372700 0.413600 -0.866000 -0.370600 0.335700 -0.784600 -0.476200 0.396900 0.783600 -0.445200 0.433400 0.788800 -0.489300 0.372000 0.838900 -0.382200 0.387400 -0.853100 -0.421800 0.307100 0.834200 -0.422200 0.354600 -0.890000 -0.365200 0.273000 -0.918200 -0.350500 0.184600 -0.849800 -0.472600 0.233600 0.849600 -0.444400 0.284000 0.861700 -0.453100 0.228500 0.913400 -0.335200 0.230900 -0.925200 -0.354200 0.136500 -0.864300 -0.477900 0.156800 0.867600 -0.464400 0.177500 0.916600 -0.354700 0.184500 -0.929000 -0.357200 0.096500 -0.876600 -0.469500 0.105400 0.916500 -0.379000 0.127800 -0.929300 -0.365400 0.054200 -0.882700 -0.466500 0.056600 0.911700 -0.406600 0.058800 -0.927900 -0.372900 0.003200 -0.883900 -0.467700 0.006100 0.912300 -0.409400 -0.010700 -0.928100 -0.368100 -0.055700 -0.883700 -0.465500 -0.048400 0.918100 -0.386800 -0.086000 -0.929400 -0.350600 -0.115100 -0.885400 -0.452800 -0.104900 0.856700 -0.476100 -0.198500 0.908300 -0.389900 -0.151400 -0.933100 -0.307400 -0.186500 -0.891200 -0.424000 -0.161300 0.852200 -0.460700 -0.248100 0.905900 -0.366400 -0.212500 -0.892100 -0.389500 -0.229200 -0.875500 -0.366700 -0.314800 0.889600 -0.364500 -0.275100 0.845100 -0.434800 -0.311200 -0.873100 -0.333700 -0.355400 -0.828000 -0.439900 -0.347700 0.781300 -0.493800 -0.381600 0.842000 -0.413200 -0.346700 -0.817400 -0.399900 -0.414600 -0.802000 -0.372600 -0.466900 0.824500 -0.391500 -0.408500 0.775100 -0.445200 -0.448300 -0.802300 -0.355100 -0.479800 -0.753400 -0.455700 -0.474000 0.701400 -0.478200 -0.528500 0.765400 -0.426700 -0.481700 -0.754300 -0.372100 -0.540900 -0.734600 -0.318500 -0.599100 0.655100 -0.474800 -0.587700 0.734000 -0.402100 -0.547400 0.713200 -0.428400 -0.554900 -0.681900 -0.365900 -0.633300 -0.601300 -0.354000 -0.716300 0.591500 -0.483900 -0.644900 0.677300 -0.399800 -0.617700 0.655800 -0.429000 -0.621300 -0.557800 -0.402300 -0.725900 -0.536200 -0.356300 -0.765200 -0.513500 -0.464000 -0.721800 0.477700 -0.501500 -0.721400 0.605300 -0.409300 -0.682700 0.555800 -0.456800 -0.694600 -0.481800 -0.393400 -0.783000 -0.453800 -0.438500 -0.775800 -0.408500 -0.370800 -0.834000 -0.394600 -0.474200 -0.787000 0.363100 -0.495900 -0.788800 0.483100 -0.429100 -0.763200 0.429300 -0.462700 -0.775700 0.499900 -0.405400 -0.765400 -0.340200 -0.389800 -0.855700 -0.310300 -0.432300 -0.846700 -0.278100 -0.364600 -0.888700 -0.255300 -0.467300 -0.846400 -0.206000 -0.494500 -0.844400 0.179900 -0.487100 -0.854600 0.227700 -0.472500 -0.851400 0.341000 -0.428700 -0.836600 0.279700 -0.458400 -0.843600 0.376400 -0.381900 -0.844100 -0.221200 -0.375000 -0.900200 -0.154500 -0.414400 -0.896900 -0.102900 -0.394400 -0.913200 -0.025800 -0.427700 -0.903600 0.055400 -0.436400 -0.898100 0.141200 -0.409900 -0.901100 0.195100 -0.375000 -0.906300 0.234800 -0.347800 -0.907700 -0.218300 -0.235600 0.947000 -0.262600 -0.306600 0.914900 -0.204500 -0.330500 0.921400 -0.146500 -0.260700 0.954200 -0.081600 -0.286200 0.954700 -0.013800 -0.305200 0.952200 0.054400 -0.299300 0.952600 0.102600 -0.278800 0.954800 0.143900 -0.262100 0.954300 0.196300 -0.264200 0.944300 0.253900 -0.361700 0.897100 0.264400 -0.261800 0.928200 0.330500 -0.327300 0.885300 0.337400 -0.224300 0.914300 -0.420100 -0.233100 0.877000 -0.482200 -0.283200 0.829000 -0.429700 -0.324300 0.842700 -0.369700 -0.254600 0.893600 -0.317100 -0.279600 0.906200 0.357700 -0.289900 0.887700 0.375700 -0.285100 0.881800 0.447100 -0.328900 0.831800 0.454400 -0.261500 0.851500 -0.514500 -0.262400 0.816400 -0.517900 -0.298600 0.801600 0.498400 -0.312400 0.808700 0.548400 -0.303200 0.779300 -0.586600 -0.266900 0.764600 -0.640800 -0.270400 0.718500 0.609800 -0.293500 0.736200 0.640900 -0.290700 0.710400 -0.696200 -0.248800 0.673400 -0.739100 -0.265100 0.619300 0.690400 -0.292600 0.661700 0.714800 -0.294400 0.634400 -0.784000 -0.258000 0.564600 -0.802900 -0.308500 0.510000 0.749300 -0.336300 0.570500 0.786500 -0.282100 0.549400 -0.843600 -0.255200 0.472400 -0.875000 -0.274800 0.398600 -0.813200 -0.337100 0.474500 0.800600 -0.308200 0.513800 0.818200 -0.355300 0.451900 0.850100 -0.273300 0.450200 -0.888900 -0.272000 0.368700 0.851000 -0.301300 0.430200 -0.918600 -0.204500 0.338200 -0.934100 -0.248000 0.257000 -0.886200 -0.308500 0.345500 0.869500 -0.328800 0.368600 0.885600 -0.351800 0.303300 0.927000 -0.243400 0.285500 -0.951200 -0.245200 0.187400 0.938300 -0.255500 0.233100 -0.956400 -0.255100 0.142000 0.933300 -0.298000 0.200200 -0.956900 -0.271000 0.104100 0.937500 -0.328500 0.114800 -0.954800 -0.291400 0.058100 0.944300 -0.326900 0.037200 -0.954700 -0.297500 -0.007500 0.949100 -0.312900 -0.035000 -0.957600 -0.279200 -0.071300 0.944700 -0.306900 -0.115900 -0.956800 -0.261900 -0.126600 0.939500 -0.295800 -0.172700 -0.954100 -0.218100 -0.205100 0.930200 -0.283400 -0.233400 -0.944400 -0.197400 -0.263000 -0.918600 -0.295000 -0.263000 0.879300 -0.337500 -0.336100 0.923400 -0.256000 -0.286000 -0.911400 -0.252100 -0.325400 -0.894300 -0.250900 -0.370500 0.903100 -0.247400 -0.351100 0.864700 -0.317500 -0.389300 -0.883700 -0.223800 -0.411000 -0.853100 -0.304700 -0.423600 0.809600 -0.343100 -0.476300 0.861200 -0.299800 -0.410500 -0.839200 -0.268300 -0.473000 -0.822000 -0.253900 -0.509700 0.837000 -0.263800 -0.479500 0.792200 -0.328800 -0.514100 -0.781000 -0.293900 -0.551100 -0.738000 -0.238100 -0.631400 0.767000 -0.325400 -0.553000 0.726700 -0.321100 -0.607300 -0.705900 -0.231300 -0.669500 -0.669200 -0.282400 -0.687400 0.704400 -0.319700 -0.633700 0.656400 -0.320900 -0.682700 -0.645300 -0.265100 -0.716500 -0.619600 -0.210400 -0.756200 -0.594600 -0.296600 -0.747300 0.627900 -0.320200 -0.709400 0.558300 -0.364000 -0.745500 -0.541200 -0.270100 -0.796400 -0.508100 -0.304000 -0.805800 -0.478100 -0.232500 -0.847000 -0.469200 -0.319800 -0.823200 0.449600 -0.365400 -0.815000 0.540800 -0.303900 -0.784300 0.509600 -0.325400 -0.796500 -0.405600 -0.274300 -0.871900 -0.385100 -0.300100 -0.872700 -0.349700 -0.239600 -0.905700 -0.335900 -0.330800 -0.881900 0.299400 -0.359500 -0.883800 0.420300 -0.305500 -0.854400 0.363000 -0.335400 -0.869300 0.444600 -0.278400 -0.851400 -0.287500 -0.255500 -0.923100 -0.236600 -0.286900 -0.928300 -0.181300 -0.313100 -0.932300 -0.141200 -0.226500 -0.963700 -0.109500 -0.304000 -0.946400 -0.048500 -0.320500 -0.946000 0.004400 -0.343300 -0.939200 0.157100 -0.367200 -0.916800 0.070900 -0.351100 -0.933700 0.226500 -0.315300 -0.921600 0.245800 -0.268900 -0.931300 0.288500 -0.252900 -0.923500 -0.068600 -0.210900 -0.975100 -0.009800 -0.230500 -0.973000 0.044300 -0.231300 -0.971900 -0.278400 -0.134400 0.951000 -0.332000 -0.180700 0.925800 -0.280200 -0.217700 0.934900 -0.240600 -0.142800 0.960100 -0.182500 -0.184300 0.965800 -0.116400 -0.199400 0.973000 -0.039900 -0.241000 0.969700 0.040000 -0.256600 0.965700 0.124300 -0.235000 0.964000 0.160400 -0.197900 0.967000 0.200600 -0.189600 0.961100 0.256900 -0.187900 0.948000 0.323700 -0.147800 0.934500 -0.425600 -0.151200 0.892200 -0.478900 -0.205300 0.853600 -0.375500 -0.173900 0.910400 0.376000 -0.189800 0.907000 0.400200 -0.209100 0.892200 0.462600 -0.197100 0.864400 -0.564000 -0.170400 0.808000 -0.619500 -0.173000 0.765700 -0.581500 -0.209800 0.786000 -0.528000 -0.181500 0.829600 0.532100 -0.224800 0.816300 0.555900 -0.211000 0.804000 0.612100 -0.229400 0.756700 0.626900 -0.164300 0.761500 -0.672300 -0.127600 0.729200 -0.718500 -0.154700 0.678100 -0.674500 -0.199000 0.711000 0.646600 -0.189200 0.739000 0.697700 -0.223200 0.680800 0.708900 -0.163500 0.686100 -0.772100 -0.127600 0.622500 -0.797100 -0.199100 0.570000 -0.748300 -0.202600 0.631700 0.727200 -0.204300 0.655300 0.766200 -0.250000 0.591900 0.772200 -0.183300 0.608400 -0.810100 -0.217000 0.544600 0.788300 -0.195100 0.583500 -0.861200 -0.187000 0.472600 -0.890900 -0.193900 0.410800 0.823500 -0.236200 0.515900 0.863000 -0.183500 0.470600 -0.909000 -0.170500 0.380300 0.874700 -0.203000 0.440100 0.893400 -0.244300 0.377100 0.922000 -0.162900 0.351200 -0.935700 -0.131800 0.327200 -0.949600 -0.173500 0.261300 0.941700 -0.168800 0.291200 -0.964400 -0.172100 0.201000 0.945400 -0.182100 0.270200 -0.969600 -0.184900 0.160200 0.942600 -0.230700 0.241300 0.953300 -0.263200 0.147800 0.970000 -0.166400 0.177200 -0.966600 -0.223100 0.125800 0.964800 -0.252700 0.073000 0.980700 -0.165700 0.103900 -0.968500 -0.245100 0.043900 0.970500 -0.241000 0.007900 0.985300 -0.164100 0.046800 -0.972500 -0.230400 -0.034200 0.970800 -0.232800 -0.058200 0.986900 -0.161100 -0.010800 -0.975900 -0.190800 -0.105500 0.966500 -0.227800 -0.118300 0.985500 -0.154800 -0.069100 -0.973200 -0.166400 -0.159000 0.962500 -0.204500 -0.178500 0.981700 -0.139400 -0.129400 -0.964500 -0.124200 -0.233000 0.971300 -0.123000 -0.203600 0.951200 -0.198000 -0.236600 -0.952800 -0.110000 -0.283100 0.940700 -0.165700 -0.295900 -0.927800 -0.166700 -0.333700 -0.908300 -0.162100 -0.385500 0.889000 -0.216700 -0.403400 0.926400 -0.158400 -0.341500 -0.893200 -0.137200 -0.428300 0.906500 -0.136500 -0.399600 0.873900 -0.209500 -0.438600 -0.858900 -0.198100 -0.472300 -0.828200 -0.159000 -0.537400 0.854900 -0.188900 -0.483100 0.810000 -0.225900 -0.541100 -0.812000 -0.148900 -0.564400 -0.796300 -0.225000 -0.561500 0.746900 -0.248300 -0.616900 0.797200 -0.222800 -0.561100 -0.762300 -0.159600 -0.627300 -0.721000 -0.144500 -0.677700 0.675100 -0.246300 -0.695400 0.757900 -0.179500 -0.627200 0.736000 -0.209900 -0.643600 -0.679500 -0.173600 -0.712800 -0.639800 -0.127200 -0.757900 0.583400 -0.270900 -0.765700 0.682100 -0.182400 -0.708100 0.650600 -0.224600 -0.725400 -0.581900 -0.177500 -0.793600 -0.540900 -0.200000 -0.817000 -0.489200 -0.165400 -0.856400 0.576900 -0.211200 -0.789000 0.510700 -0.248500 -0.823100 0.601500 -0.200000 -0.773400 -0.440600 -0.188600 -0.877700 -0.405000 -0.127800 -0.905300 -0.404100 -0.204900 -0.891500 0.372400 -0.251600 -0.893300 0.464600 -0.193100 -0.864200 0.433700 -0.212900 -0.875600 -0.344300 -0.156600 -0.925700 -0.296600 -0.168400 -0.940000 -0.239000 -0.200600 -0.950100 -0.203800 -0.121200 -0.971500 -0.194000 -0.201200 -0.960100 0.122300 -0.264000 -0.956700 0.185700 -0.265000 -0.946200 0.282400 -0.194000 -0.939500 0.261300 -0.235100 -0.936200 0.299100 -0.182100 -0.936700 0.352000 -0.174700 -0.919600 -0.132500 -0.134600 -0.982000 -0.068500 -0.128600 -0.989300 -0.006600 -0.147500 -0.989000 0.050700 -0.149900 -0.987400 0.116700 -0.162200 -0.979800 0.189300 -0.166300 -0.967700 -0.087100 -0.085900 0.992500 -0.134200 -0.128600 0.982600 -0.062800 -0.170200 0.983400 -0.016300 -0.113000 0.993500 0.004600 -0.193200 0.981200 0.045700 -0.120500 0.991700 0.078700 -0.207400 0.975100 0.115300 -0.121900 0.985800 0.169900 -0.181400 0.968600 0.186300 -0.078700 0.979300 -0.290200 -0.054500 0.955400 -0.336300 -0.108000 0.935500 -0.251900 -0.064900 0.965600 -0.191800 -0.104300 0.975900 0.198500 -0.135000 0.970800 0.216500 -0.125400 0.968200 0.261200 -0.127500 0.956800 0.318100 -0.078300 0.944800 -0.428400 -0.075000 0.900500 -0.477800 -0.135300 0.868000 -0.383200 -0.099700 0.918300 0.373300 -0.105900 0.921700 0.416500 -0.126400 0.900300 0.458400 -0.123700 0.880100 0.536800 -0.143400 0.831400 0.546600 -0.076200 0.833900 -0.586800 -0.081000 0.805600 -0.623700 -0.101900 0.775000 -0.548400 -0.100400 0.830100 0.594100 -0.128600 0.794100 0.635600 -0.084400 0.767400 -0.679100 -0.043700 0.732800 -0.727800 -0.074800 0.681600 0.670200 -0.115600 0.733100 0.710700 -0.084100 0.698500 -0.773200 -0.048400 0.632300 -0.801600 -0.110500 0.587600 0.741400 -0.126400 0.659000 0.771600 -0.100700 0.628100 -0.839400 -0.054500 0.540700 -0.881400 -0.107700 0.459900 -0.833400 -0.129600 0.537200 0.807000 -0.114800 0.579300 0.838400 -0.170300 0.517700 0.856500 -0.093400 0.507600 -0.901900 -0.107600 0.418400 0.877700 -0.082200 0.472000 -0.922100 -0.088400 0.376800 0.894100 -0.121300 0.431200 0.928700 -0.098800 0.357400 -0.944000 -0.066900 0.323000 -0.957500 -0.113500 0.265200 0.946200 -0.093800 0.309700 -0.969600 -0.111900 0.217700 0.956300 -0.073000 0.283100 -0.972400 -0.123000 0.198400 0.960900 -0.117600 0.250600 0.983200 -0.078200 0.164900 -0.980200 -0.068700 0.185800 -0.987000 -0.110700 0.116700 -0.970700 -0.169100 0.170900 0.992000 -0.082300 0.095500 -0.992700 -0.110200 0.048700 -0.977500 -0.194700 0.081400 0.995300 -0.089600 0.036900 -0.994500 -0.104100 -0.011400 -0.983300 -0.181700 0.008600 0.995800 -0.088800 -0.022600 -0.993700 -0.079200 -0.079400 -0.985400 -0.160400 -0.056800 0.993400 -0.080100 -0.081800 -0.984800 -0.120700 -0.124700 -0.979300 -0.094400 -0.178900 0.986600 -0.067000 -0.148600 -0.970100 -0.054300 -0.236600 0.974400 -0.048300 -0.219400 0.960000 -0.103500 -0.260200 -0.958900 -0.038500 -0.281200 0.945700 -0.079000 -0.315400 -0.937900 -0.096900 -0.333000 -0.921800 -0.087100 -0.377800 0.933100 -0.069600 -0.352800 -0.903300 -0.057700 -0.425100 0.915300 -0.051000 -0.399600 0.886800 -0.119400 -0.446400 -0.879700 -0.044200 -0.473400 -0.869600 -0.126500 -0.477300 0.827300 -0.139500 -0.544100 0.867400 -0.108500 -0.485600 -0.841200 -0.074300 -0.535600 -0.805600 -0.065100 -0.588800 0.827800 -0.073300 -0.556300 0.791300 -0.134800 -0.596300 -0.768000 -0.088400 -0.634300 -0.730000 -0.059800 -0.680800 0.766000 -0.094900 -0.635800 0.731200 -0.131100 -0.669400 -0.690100 -0.095500 -0.717400 -0.645100 -0.058200 -0.761800 0.695700 -0.098600 -0.711500 0.654600 -0.142200 -0.742400 -0.592100 -0.103100 -0.799300 -0.553200 -0.054800 -0.831200 -0.542900 -0.121200 -0.831000 0.512100 -0.182000 -0.839400 0.623600 -0.114200 -0.773300 0.574900 -0.128100 -0.808200 -0.489700 -0.092900 -0.866900 -0.453200 -0.105900 -0.885100 -0.410800 -0.044500 -0.910700 0.470600 -0.096400 -0.877100 0.428800 -0.135300 -0.893200 0.504900 -0.105400 -0.856700 -0.363100 -0.070200 -0.929100 -0.318900 -0.085800 -0.943900 -0.258300 -0.108800 -0.959900 -0.216500 -0.050000 -0.975000 0.290000 -0.092200 -0.952600 0.257500 -0.128900 -0.957600 0.317900 -0.112200 -0.941500 0.361900 -0.115700 -0.925000 -0.153000 -0.063100 -0.986200 -0.092000 -0.062000 -0.993800 -0.015700 -0.069300 -0.997500 0.048200 -0.081100 -0.995500 0.107700 -0.087800 -0.990300 0.172600 -0.090800 -0.980800 -0.108600 -0.012000 0.994000 -0.169100 -0.049900 0.984300 -0.032900 -0.036000 0.998800 0.043200 -0.044600 0.998100 0.110300 -0.039600 0.993100 0.170900 0.001800 0.985300 -0.284000 0.015900 0.958700 -0.332700 -0.041900 0.942100 -0.250500 0.009700 0.968100 -0.222800 -0.012700 0.974800 0.215500 -0.033800 0.975900 0.235200 -0.056200 0.970300 0.269600 -0.063100 0.960900 0.321400 -0.005700 0.946900 -0.464400 0.004100 0.885600 -0.536700 -0.027900 0.843300 -0.484700 -0.072000 0.871700 -0.417500 0.003500 0.908700 -0.374700 -0.027800 0.926700 0.367900 -0.028600 0.929400 0.426200 -0.051000 0.903200 0.477600 -0.057900 0.876700 0.545200 -0.019400 0.838100 -0.589300 -0.002900 0.807900 -0.633800 -0.016300 0.773300 0.601700 -0.046200 0.797400 0.640900 -0.008700 0.767600 -0.681100 0.033700 0.731400 -0.727700 -0.001000 0.685900 0.676900 -0.043100 0.734800 0.712700 -0.006900 0.701500 -0.768300 0.027300 0.639500 -0.805300 -0.019000 0.592500 0.745900 -0.051400 0.664100 0.778000 -0.015300 0.628000 -0.841800 0.012800 0.539700 -0.878300 -0.038500 0.476500 0.812500 -0.044500 0.581200 0.855900 -0.015900 0.516900 -0.903600 -0.031400 0.427300 0.883400 0.003700 0.468700 -0.926600 -0.018400 0.375700 0.906900 -0.049000 0.418600 0.932600 -0.026900 0.359900 -0.946500 -0.002600 0.322800 -0.960900 -0.054200 0.271600 0.948600 -0.009000 0.316200 -0.970900 -0.047300 0.234600 0.963300 0.017700 0.267900 -0.976500 -0.025900 0.214100 0.973400 -0.030500 0.226900 0.988200 -0.011500 0.152500 -0.985300 0.008000 0.170500 -0.993200 -0.031700 0.111600 0.995600 -0.018400 0.092100 -0.998200 -0.037700 0.046800 0.999400 -0.024300 0.026200 -0.999200 -0.030700 -0.026400 0.999300 -0.020500 -0.031900 -0.995100 -0.008600 -0.098800 0.995600 -0.013100 -0.093000 -0.986500 -0.045000 -0.157200 -0.978100 -0.008200 -0.208100 0.987200 -0.003500 -0.159200 -0.971400 0.017100 -0.237000 0.970900 0.021400 -0.238400 0.960100 -0.014300 -0.279400 -0.960900 0.027400 -0.275500 0.949700 0.003900 -0.313200 -0.945000 -0.026000 -0.326100 -0.926900 -0.003900 -0.375200 0.936100 0.010200 -0.351700 -0.899600 0.019700 -0.436200 0.912900 0.023700 -0.407600 0.888100 -0.035000 -0.458400 -0.872300 0.034100 -0.487700 0.864100 -0.025500 -0.502700 -0.839200 -0.007400 -0.543800 -0.800900 0.016200 -0.598600 0.826900 -0.007700 -0.562300 0.792900 -0.048800 -0.607400 -0.769900 -0.019600 -0.637900 -0.732100 0.018600 -0.680900 0.766200 -0.013400 -0.642400 0.733800 -0.054700 -0.677200 -0.692600 -0.021000 -0.721000 -0.650800 0.012900 -0.759100 0.697900 -0.017700 -0.715900 0.660200 -0.062200 -0.748500 -0.607100 -0.024900 -0.794200 -0.560000 0.008800 -0.828400 0.625900 -0.021400 -0.779600 0.580900 -0.054100 -0.812100 -0.504800 -0.011400 -0.863100 -0.465800 -0.023900 -0.884600 -0.420900 0.030500 -0.906600 0.474400 -0.013700 -0.880200 0.422500 -0.067100 -0.903900 0.522000 -0.030400 -0.852400 -0.367900 0.011200 -0.929800 -0.326300 -0.005100 -0.945300 -0.277700 -0.027700 -0.960300 -0.232500 0.018100 -0.972400 0.276200 -0.006100 -0.961100 0.233900 -0.050000 -0.971000 0.323700 -0.032900 -0.945600 0.368200 -0.050100 -0.928400 -0.163300 0.000700 -0.986600 -0.099800 -0.002900 -0.995000 -0.034600 -0.006600 -0.999400 0.036400 -0.016700 -0.999200 0.101600 -0.023600 -0.994500 0.164000 -0.029500 -0.986000 -0.110200 0.058000 0.992200 -0.189200 0.024500 0.981600 -0.035700 0.044200 0.998400 0.027800 0.024800 0.999300 0.093800 0.029200 0.995200 0.155500 0.074100 0.985100 -0.276400 0.080200 0.957700 -0.327100 0.029300 0.944500 -0.235900 0.077800 0.968700 -0.218800 0.083200 0.972200 0.196100 0.057600 0.978900 0.243500 0.020100 0.969700 0.280900 0.006400 0.959700 0.331400 0.065300 0.941200 -0.458000 0.076500 0.885600 -0.539900 0.032900 0.841100 -0.420300 0.083800 0.903500 -0.373400 0.059200 0.925800 0.373200 0.053200 0.926200 0.419300 0.023700 0.907500 0.470800 0.012800 0.882200 0.539200 0.038700 0.841300 -0.595400 0.082500 0.799200 -0.635500 0.054200 0.770200 0.597200 0.030800 0.801500 0.644400 0.059700 0.762400 -0.682200 0.107300 0.723300 -0.721800 0.073200 0.688200 0.680300 0.035400 0.732100 0.706300 0.072400 0.704200 -0.763300 0.091600 0.639500 -0.805500 0.059600 0.589600 0.745900 0.023400 0.665700 0.784300 0.060800 0.617500 -0.839300 0.076500 0.538200 -0.875400 0.029700 0.482500 0.821900 0.017800 0.569400 0.866100 0.067400 0.495200 -0.901900 0.036600 0.430300 0.885900 0.087800 0.455500 -0.927300 0.050600 0.371000 0.912400 0.029400 0.408300 0.932000 0.054800 0.358300 -0.943500 0.066600 0.324500 -0.960400 0.010600 0.278300 0.948300 0.067000 0.310200 -0.970400 0.025300 0.240300 0.965500 0.092200 0.243700 -0.979000 0.061200 0.194700 0.977900 0.035200 0.206200 0.990200 0.050600 0.130500 -0.984800 0.076200 0.155800 -0.994800 0.033100 0.096500 0.996300 0.042400 0.074900 -0.999100 0.027800 0.032800 0.998700 0.044500 0.023000 -0.998600 0.045300 -0.027800 0.998200 0.045500 -0.039300 -0.993400 0.057900 -0.099100 0.994000 0.053800 -0.095500 -0.984100 0.026400 -0.175500 -0.975200 0.083800 -0.204800 0.985200 0.057900 -0.161100 -0.970800 0.081500 -0.225400 0.962300 0.102200 -0.251900 0.956500 0.077600 -0.281300 -0.958700 0.086900 -0.270800 0.950000 0.075300 -0.303100 -0.944500 0.043500 -0.325700 -0.921200 0.069600 -0.382900 0.934100 0.074100 -0.349200 -0.896700 0.091700 -0.433000 0.904500 0.089400 -0.417000 0.887600 0.047100 -0.458200 -0.871200 0.102700 -0.480100 0.870300 0.049700 -0.490100 -0.835100 0.057200 -0.547100 -0.792100 0.093600 -0.603200 0.826600 0.063600 -0.559200 0.793500 0.040700 -0.607200 -0.764300 0.058300 -0.642200 -0.728500 0.096800 -0.678200 0.762800 0.061900 -0.643600 0.731500 0.026700 -0.681300 -0.695600 0.055700 -0.716300 -0.654300 0.080300 -0.752000 0.696100 0.061200 -0.715300 0.659700 0.022300 -0.751200 -0.607600 0.056400 -0.792300 -0.556000 0.077100 -0.827600 0.618800 0.066100 -0.782800 0.577800 0.020000 -0.816000 -0.491900 0.063700 -0.868300 -0.466000 0.058300 -0.882800 -0.431300 0.096600 -0.897000 0.473500 0.064400 -0.878400 0.420600 0.005200 -0.907200 0.523300 0.048600 -0.850800 -0.366600 0.077000 -0.927200 -0.322600 0.071600 -0.943800 -0.290500 0.053100 -0.955400 -0.250600 0.085900 -0.964300 0.259100 0.070000 -0.963300 0.215900 0.018500 -0.976200 0.315700 0.046800 -0.947700 0.366100 0.025600 -0.930200 -0.170200 0.059200 -0.983600 -0.102500 0.056200 -0.993100 -0.044500 0.056100 -0.997400 0.016700 0.045900 -0.998800 0.090600 0.036400 -0.995200 0.151200 0.033700 -0.987900 -0.195300 0.115900 0.973900 -0.031800 0.124200 0.991700 -0.122000 0.152400 0.980800 0.032800 0.103100 0.994100 0.063800 0.175600 0.982400 0.098700 0.107400 0.989300 -0.273500 0.137800 0.952000 -0.332200 0.101700 0.937700 -0.218500 0.135800 0.966300 -0.183900 0.149000 0.971600 -0.160300 0.193600 0.967900 0.131400 0.154600 0.979200 0.182200 0.126900 0.975000 0.246400 0.090100 0.965000 0.289100 0.078300 0.954100 0.336300 0.129800 0.932800 -0.537100 0.095200 0.838100 -0.410600 0.164500 0.896800 -0.469300 0.148500 0.870500 -0.383900 0.144100 0.912000 0.382500 0.120700 0.916100 0.428600 0.095400 0.898400 0.478700 0.151200 0.864900 0.481100 0.087400 0.872300 -0.580500 0.163000 0.797800 -0.643100 0.120100 0.756300 -0.544500 0.171300 0.821100 0.545900 0.113000 0.830200 0.582500 0.107400 0.805700 0.640800 0.131100 0.756500 -0.679000 0.188900 0.709400 -0.709000 0.151700 0.688700 0.678600 0.122300 0.724300 0.694900 0.159100 0.701300 -0.752200 0.144600 0.642800 -0.807800 0.139600 0.572700 0.737900 0.088700 0.669100 0.785300 0.135000 0.604200 -0.834600 0.137000 0.533500 -0.877800 0.097800 0.469000 0.816600 0.148100 0.557800 0.828800 0.078600 0.554000 -0.902200 0.105700 0.418100 0.859200 0.140300 0.492100 0.876300 0.167300 0.451900 -0.919700 0.129000 0.370900 0.906500 0.111000 0.407400 0.927000 0.132700 0.350900 -0.935700 0.135100 0.325900 -0.955900 0.081400 0.282100 0.943700 0.133300 0.302700 -0.965700 0.093400 0.242100 0.954900 0.160000 0.250100 -0.975100 0.127800 0.181500 0.968800 0.167500 0.182500 0.977000 0.095100 0.190800 -0.989000 0.107100 0.102000 -0.979200 0.152900 0.133400 0.983700 0.116600 0.136900 0.991300 0.109500 0.073400 -0.982700 0.171800 0.068900 -0.994000 0.102200 0.038600 0.994300 0.105200 0.016300 -0.992300 0.121500 -0.023000 0.992400 0.117300 -0.038100 -0.982700 0.148700 -0.110000 -0.976900 0.114000 -0.181000 -0.970800 0.189100 -0.147400 0.987300 0.124800 -0.098000 -0.974100 0.146400 -0.172400 0.961000 0.211100 -0.178900 0.952200 0.186400 -0.242100 0.972300 0.137600 -0.188900 -0.968000 0.136100 -0.211000 0.954400 0.149600 -0.258200 -0.953100 0.140100 -0.268300 0.947300 0.136500 -0.289900 -0.937400 0.106800 -0.331600 -0.910700 0.143100 -0.387600 0.930000 0.129200 -0.344100 -0.891900 0.165700 -0.420800 0.890700 0.161500 -0.425000 0.880100 0.137600 -0.454400 -0.871600 0.166900 -0.460900 0.846700 0.177300 -0.501600 0.812300 0.139100 -0.566400 0.857500 0.119900 -0.500300 -0.829200 0.118900 -0.546100 -0.780100 0.167200 -0.602900 0.798100 0.124500 -0.589500 -0.756100 0.139000 -0.639600 -0.723000 0.169400 -0.669800 0.756400 0.138600 -0.639300 0.728100 0.114500 -0.675800 -0.693000 0.139000 -0.707400 -0.650700 0.151000 -0.744200 0.691200 0.127500 -0.711300 0.648700 0.103700 -0.754000 -0.591700 0.133600 -0.795000 -0.560800 0.149400 -0.814400 -0.499900 0.135400 -0.855500 -0.499200 0.197400 -0.843700 0.608100 0.151200 -0.779300 0.570300 0.092100 -0.816300 -0.464300 0.151200 -0.872700 -0.438000 0.166500 -0.883400 0.459300 0.145800 -0.876200 0.411700 0.082900 -0.907500 0.502500 0.131900 -0.854500 -0.360200 0.131300 -0.923600 -0.309000 0.136100 -0.941300 -0.287700 0.142200 -0.947100 -0.262500 0.171300 -0.949600 0.232600 0.144700 -0.961700 0.199300 0.081800 -0.976500 0.303900 0.118700 -0.945300 0.358100 0.106800 -0.927600 -0.173600 0.121600 -0.977300 -0.100000 0.118500 -0.987900 -0.044800 0.122800 -0.991400 0.006200 0.120800 -0.992700 0.064900 0.101100 -0.992800 0.125400 0.100900 -0.987000 -0.079900 0.216800 0.972900 0.001400 0.198500 0.980100 -0.274800 0.195200 0.941500 -0.348400 0.170300 0.921700 -0.204900 0.189900 0.960200 -0.159800 0.199100 0.966900 -0.114900 0.217500 0.969300 -0.050100 0.243400 0.968600 0.041900 0.227100 0.973000 0.108800 0.220800 0.969200 0.163200 0.210500 0.963900 0.228400 0.173400 0.958000 0.277500 0.156500 0.947900 0.330900 0.196400 0.923000 -0.394300 0.237800 0.887700 -0.465700 0.207500 0.860300 -0.381300 0.234700 0.894200 0.374400 0.188200 0.908000 0.423200 0.164000 0.891100 0.479300 0.202200 0.854000 -0.639600 0.189300 0.745000 -0.525300 0.244000 0.815200 -0.581200 0.237500 0.778300 0.528100 0.189300 0.827800 0.564800 0.239500 0.789700 0.581000 0.183700 0.792900 -0.654300 0.273600 0.705100 -0.702200 0.234200 0.672300 -0.636900 0.271500 0.721500 0.635600 0.208200 0.743400 0.662200 0.202900 0.721300 0.698000 0.251200 0.670600 -0.783300 0.201100 0.588300 -0.725400 0.236300 0.646500 0.708700 0.253600 0.658400 0.727500 0.161400 0.666900 -0.862400 0.161500 0.479800 -0.778600 0.248200 0.576300 -0.812800 0.219800 0.539500 0.764500 0.218400 0.606500 0.811200 0.222100 0.540900 -0.854000 0.221600 0.470800 -0.894800 0.174000 0.411200 0.844100 0.213600 0.491900 0.857300 0.240600 0.455100 -0.908400 0.201900 0.366100 0.876600 0.248100 0.412300 0.893100 0.177400 0.413400 -0.923200 0.205300 0.324800 -0.948800 0.160700 0.271800 0.908200 0.203000 0.366000 0.930400 0.210000 0.300600 -0.958500 0.173800 0.225900 0.947000 0.218800 0.235400 -0.964300 0.207600 0.164300 0.956600 0.231800 0.176600 -0.969800 0.216300 0.112500 0.964700 0.240200 0.107800 0.977200 0.174200 0.121700 -0.981000 0.193500 0.009100 -0.973900 0.221700 0.047900 0.980000 0.185200 0.073300 0.984600 0.173500 0.020700 -0.975000 0.211100 -0.069300 -0.970400 0.237800 -0.040900 0.981600 0.188300 -0.032400 -0.971400 0.213500 -0.103600 0.957400 0.279200 -0.073400 0.949100 0.273700 -0.155700 0.970000 0.219100 -0.105700 -0.969600 0.193800 -0.149400 0.952500 0.229700 -0.200200 -0.961500 0.188500 -0.199700 0.949500 0.204400 -0.238000 -0.944700 0.192700 -0.265200 0.938300 0.194900 -0.285500 -0.924200 0.167700 -0.343100 -0.895300 0.223500 -0.385300 0.894900 0.260700 -0.362100 0.875800 0.239700 -0.418900 0.909100 0.196300 -0.367500 -0.876700 0.237300 -0.418400 0.874900 0.209400 -0.436600 -0.851500 0.242000 -0.465100 -0.826100 0.180500 -0.533800 -0.812100 0.246600 -0.528800 0.833500 0.228600 -0.503000 0.806000 0.216700 -0.550900 -0.776800 0.227100 -0.587400 0.766900 0.262200 -0.585800 0.738200 0.216800 -0.638800 0.782300 0.199300 -0.590200 -0.730800 0.227800 -0.643500 -0.709400 0.244400 -0.661100 0.730300 0.202400 -0.652400 -0.671600 0.221200 -0.707200 -0.649000 0.228600 -0.725600 -0.592900 0.206600 -0.778300 -0.584300 0.262900 -0.767800 0.685200 0.194700 -0.701800 0.640300 0.180900 -0.746500 -0.543800 0.221600 -0.809400 -0.503500 0.249400 -0.827200 0.561800 0.234700 -0.793300 0.501400 0.205900 -0.840400 0.559000 0.157400 -0.814100 0.588000 0.229100 -0.775800 -0.452800 0.226100 -0.862400 -0.431600 0.242300 -0.868900 -0.380700 0.196300 -0.903600 -0.372100 0.258300 -0.891500 0.452300 0.226200 -0.862700 0.408100 0.165000 -0.897900 -0.299500 0.193500 -0.934300 -0.259200 0.207100 -0.943400 -0.237200 0.252000 -0.938200 -0.195400 0.213000 -0.957300 -0.160400 0.284100 -0.945300 0.164300 0.233000 -0.958500 0.124700 0.178200 -0.976100 0.182700 0.149100 -0.971800 0.234900 0.218700 -0.947100 0.292800 0.188400 -0.937400 0.344300 0.186200 -0.920200 -0.106200 0.196800 -0.974700 -0.048300 0.197100 -0.979200 0.004200 0.192300 -0.981300 0.060900 0.173100 -0.983000 -0.357600 0.249800 0.899900 -0.213200 0.255800 0.942900 -0.298100 0.280400 0.912400 -0.155500 0.253100 0.954800 -0.100100 0.253400 0.962200 -0.047700 0.267100 0.962500 0.007800 0.273300 0.961900 0.068400 0.271300 0.960100 0.143700 0.274800 0.950700 0.215300 0.242200 0.946000 0.253600 0.296400 0.920800 0.278200 0.231200 0.932300 -0.459400 0.258600 0.849800 -0.361900 0.313500 0.878000 -0.399500 0.307400 0.863600 -0.340400 0.328400 0.881100 0.320800 0.273900 0.906700 0.370000 0.256500 0.892900 0.412500 0.238000 0.879300 0.465500 0.259900 0.846000 -0.518200 0.306900 0.798300 -0.582300 0.296300 0.757000 -0.461200 0.313400 0.830100 0.504500 0.267600 0.820900 0.554600 0.286800 0.781100 -0.695000 0.293300 0.656400 -0.608500 0.351600 0.711400 -0.638300 0.342600 0.689300 0.602900 0.275600 0.748700 0.631900 0.325400 0.703400 0.651100 0.263200 0.711900 -0.685200 0.352600 0.637400 -0.730000 0.302700 0.612800 0.687400 0.326800 0.648600 0.711300 0.339400 0.615500 -0.756000 0.308500 0.577300 -0.804500 0.286700 0.520200 0.744800 0.295100 0.598500 0.792300 0.294900 0.534200 -0.872500 0.251400 0.419000 -0.825700 0.293100 0.482000 0.816700 0.293000 0.497200 0.849000 0.298600 0.436000 -0.851600 0.316600 0.417700 -0.890600 0.256100 0.375800 0.868400 0.310300 0.386900 -0.931300 0.235900 0.277600 -0.904100 0.276400 0.326000 0.881000 0.328500 0.340400 0.897400 0.263700 0.353800 -0.920800 0.293600 0.256800 -0.946400 0.240800 0.215400 0.913100 0.278700 0.297600 0.931700 0.280700 0.230300 -0.951900 0.269100 0.146400 0.946100 0.285000 0.153800 -0.961500 0.264900 0.073300 0.948500 0.304400 0.087300 -0.963400 0.267700 0.013900 0.952100 0.304400 0.028600 0.967600 0.248400 0.044900 -0.963600 0.264200 -0.040400 0.947900 0.313900 -0.054600 0.964300 0.264700 -0.005600 -0.963000 0.254000 -0.089900 0.947600 0.293500 -0.125900 -0.959300 0.245200 -0.139800 0.946400 0.269000 -0.178600 -0.947000 0.250300 -0.201400 0.937500 0.260100 -0.231100 -0.919400 0.266600 -0.289200 -0.905800 0.238700 -0.350100 -0.885700 0.317200 -0.339100 0.892900 0.337500 -0.297900 0.873600 0.328600 -0.358800 0.913800 0.271500 -0.301900 -0.888600 0.285300 -0.359200 0.873500 0.294200 -0.387800 -0.866700 0.285400 -0.409200 0.836800 0.318200 -0.445400 0.806800 0.293100 -0.513000 0.853900 0.268900 -0.445500 -0.822800 0.314600 -0.473300 -0.800200 0.317900 -0.508600 0.790600 0.291700 -0.538400 -0.748700 0.324600 -0.578000 -0.701900 0.281000 -0.654400 -0.697000 0.358300 -0.621200 0.747200 0.324600 -0.579900 0.740500 0.287300 -0.607500 -0.698200 0.323900 -0.638500 -0.662400 0.293800 -0.689200 -0.650000 0.352100 -0.673500 0.725500 0.294300 -0.622100 0.678400 0.285000 -0.677200 0.702500 0.241900 -0.669300 -0.626200 0.303700 -0.718100 -0.584600 0.306400 -0.751300 0.616200 0.321400 -0.719000 0.571400 0.298900 -0.764300 0.637100 0.239900 -0.732500 -0.525300 0.299200 -0.796600 -0.498800 0.312000 -0.808600 0.540300 0.318500 -0.778800 0.500500 0.267200 -0.823500 -0.436600 0.279800 -0.855000 -0.394300 0.293400 -0.870900 -0.363400 0.324600 -0.873200 -0.309500 0.267300 -0.912600 -0.302000 0.334000 -0.892900 0.396100 0.319500 -0.860800 0.354800 0.265200 -0.896600 0.409300 0.235700 -0.881400 0.429400 0.297500 -0.852700 -0.240700 0.260300 -0.935100 -0.193100 0.281600 -0.939900 -0.133600 0.319500 -0.938100 -0.077200 0.280600 -0.956700 -0.048200 0.328500 -0.943300 -0.013600 0.267700 -0.963400 0.025200 0.321300 -0.946600 0.041600 0.255900 -0.965800 0.092700 0.308600 -0.946700 0.094000 0.245500 -0.964800 0.149600 0.313600 -0.937700 0.213900 0.287900 -0.933500 0.286300 0.275200 -0.917700 -0.269900 0.342600 0.899900 -0.202000 0.333000 0.921100 -0.087700 0.303900 0.948600 -0.149000 0.325200 0.933800 -0.040400 0.314200 0.948500 0.008200 0.320300 0.947300 0.068100 0.317400 0.945800 0.106500 0.371500 0.922300 0.143400 0.325500 0.934600 0.200500 0.313200 0.928300 -0.344800 0.375000 0.860500 -0.400200 0.370200 0.838300 -0.304200 0.362600 0.880900 -0.248100 0.382900 0.889800 -0.173900 0.400500 0.899700 0.186200 0.371400 0.909600 0.253000 0.352800 0.900900 0.309800 0.333700 0.890300 0.369600 0.319200 0.872600 0.413700 0.372600 0.830700 0.436900 0.312300 0.843600 -0.579800 0.355900 0.733000 -0.450500 0.369800 0.812600 -0.522800 0.381300 0.762400 0.450100 0.356700 0.818700 0.503300 0.385200 0.773500 0.503200 0.325500 0.800500 -0.571300 0.411800 0.709900 -0.627100 0.396800 0.670300 -0.550900 0.425000 0.718200 0.555900 0.355900 0.751200 0.568200 0.357100 0.741300 0.619000 0.383100 0.685600 -0.661900 0.404200 0.631300 -0.721100 0.368300 0.586900 0.661000 0.388000 0.642300 0.694500 0.398300 0.599200 -0.786200 0.337100 0.517900 -0.735500 0.378100 0.562200 0.727600 0.393800 0.561700 0.752700 0.352900 0.555800 -0.766600 0.390300 0.509800 -0.820000 0.357700 0.446800 0.760600 0.378600 0.527400 0.767900 0.408700 0.493300 0.803500 0.338500 0.489600 -0.832000 0.375100 0.408700 -0.875600 0.323900 0.358300 0.828800 0.357900 0.430100 0.850100 0.379700 0.364900 -0.893200 0.330100 0.305200 0.866800 0.385700 0.316200 -0.929900 0.307100 0.202500 -0.904200 0.344600 0.252400 0.877200 0.402000 0.262300 0.898600 0.338400 0.279200 -0.937000 0.317800 0.145300 -0.913000 0.363500 0.185000 0.911200 0.348000 0.220600 0.928600 0.340400 0.147700 -0.925500 0.363200 0.107500 -0.948000 0.310100 0.071300 0.934100 0.351900 0.060500 -0.948900 0.315400 0.011000 0.938500 0.345200 -0.004900 -0.948500 0.314300 -0.039600 0.937000 0.342800 -0.067100 -0.945900 0.312500 -0.087800 0.933700 0.336100 -0.123400 -0.940400 0.310700 -0.138500 0.928800 0.327200 -0.174200 -0.917500 0.337900 -0.209900 -0.901700 0.332000 -0.277200 -0.883700 0.391100 -0.257100 0.887500 0.408200 -0.213600 0.867900 0.404400 -0.288500 0.906500 0.347200 -0.240100 -0.881200 0.362700 -0.303200 0.869000 0.369900 -0.328600 -0.870600 0.351100 -0.344600 0.857400 0.356300 -0.371300 -0.828300 0.379200 -0.412400 -0.801100 0.353200 -0.483200 -0.777500 0.423000 -0.465400 0.814300 0.374300 -0.443600 0.789500 0.365400 -0.493100 -0.777600 0.396800 -0.487800 -0.743700 0.386400 -0.545500 -0.733000 0.420000 -0.535100 0.748000 0.417900 -0.515600 0.735200 0.388300 -0.555700 0.765300 0.358700 -0.534500 -0.705800 0.411200 -0.576900 0.743100 0.359900 -0.564100 -0.667000 0.391800 -0.633700 -0.635600 0.405600 -0.656800 0.710300 0.364700 -0.602000 0.666300 0.370400 -0.647200 -0.599900 0.375800 -0.706300 -0.583100 0.379600 -0.718300 -0.535600 0.350600 -0.768200 -0.523000 0.390600 -0.757600 0.603700 0.394900 -0.692500 0.557500 0.378900 -0.738600 -0.488200 0.383200 -0.784100 -0.445000 0.343500 -0.827000 -0.432900 0.405000 -0.805400 0.499200 0.401700 -0.767800 0.436500 0.361000 -0.824100 0.500200 0.324100 -0.803000 0.519800 0.406400 -0.751400 -0.375600 0.345100 -0.860100 -0.328200 0.363000 -0.872100 -0.285500 0.398800 -0.871500 -0.241900 0.344200 -0.907200 -0.212500 0.408000 -0.887900 0.321300 0.410700 -0.853300 0.278000 0.361800 -0.889800 0.338500 0.340100 -0.877300 0.365400 0.387100 -0.846600 -0.179400 0.331300 -0.926300 -0.131000 0.349800 -0.927600 -0.072800 0.366200 -0.927700 -0.002800 0.373700 -0.927500 0.065400 0.369100 -0.927100 0.130700 0.372200 -0.918900 0.212200 0.359000 -0.908900 -0.102800 0.384700 0.917300 -0.046000 0.382200 0.922900 0.002900 0.378300 0.925700 0.051700 0.376200 0.925100 -0.381500 0.416600 0.825200 -0.304600 0.410400 0.859500 -0.359900 0.475400 0.802800 -0.236200 0.407500 0.882100 -0.166300 0.421100 0.891600 -0.086500 0.435100 0.896200 -0.014800 0.434600 0.900500 0.045900 0.432400 0.900500 0.106800 0.425400 0.898700 0.175700 0.418400 0.891100 0.241200 0.410900 0.879200 0.293100 0.391800 0.872100 0.331700 0.450800 0.828700 0.366900 0.385500 0.846600 -0.486800 0.437700 0.755900 -0.398300 0.466200 0.789900 -0.429100 0.438100 0.789900 0.388000 0.447500 0.805700 0.425800 0.421900 0.800500 0.483900 0.462200 0.743100 -0.595700 0.429400 0.678800 -0.512200 0.469200 0.719400 -0.560500 0.480600 0.674400 -0.470400 0.479900 0.740600 0.518300 0.438400 0.734300 0.549900 0.451400 0.702800 0.584200 0.418300 0.695500 -0.692100 0.427000 0.582000 -0.610800 0.464200 0.641400 -0.644600 0.464800 0.607100 0.586000 0.464600 0.663800 0.619600 0.476600 0.623700 0.651800 0.422100 0.630000 -0.676000 0.478400 0.560500 -0.731000 0.433000 0.527300 0.661000 0.483800 0.573600 0.702700 0.446500 0.553900 -0.788700 0.414600 0.454000 -0.741100 0.458000 0.490900 0.718800 0.453700 0.526800 0.738100 0.468100 0.485900 -0.846500 0.393700 0.358400 -0.785700 0.444700 0.430100 -0.809900 0.442200 0.385400 0.778800 0.462600 0.423500 0.817900 0.414000 0.399600 -0.830500 0.448000 0.330900 -0.874700 0.386900 0.291900 0.813000 0.459100 0.358200 0.846300 0.437000 0.304600 -0.886100 0.401900 0.230700 0.864000 0.447700 0.230300 -0.894500 0.414000 0.168800 0.881300 0.439600 0.173100 0.899500 0.395900 0.184800 -0.928000 0.368900 0.052400 -0.902200 0.418700 0.104100 0.888100 0.450400 0.091500 0.910600 0.398400 0.109600 -0.927900 0.372700 0.002000 -0.902800 0.427700 0.044500 0.892100 0.451300 0.020000 0.916100 0.399100 0.039600 -0.924700 0.377200 -0.050800 -0.901700 0.432100 -0.013900 0.891000 0.451300 -0.049300 0.918000 0.395900 -0.024000 -0.916100 0.386600 -0.106500 -0.896800 0.435500 -0.077600 0.883600 0.452200 -0.121200 0.913700 0.397300 -0.085800 -0.901300 0.395300 -0.176900 -0.889200 0.430500 -0.154700 0.871200 0.446900 -0.203400 0.902600 0.404700 -0.146900 -0.883100 0.412600 -0.223100 0.858300 0.431700 -0.277300 -0.860500 0.419100 -0.289800 -0.839300 0.427500 -0.336000 -0.806600 0.497300 -0.319400 0.851600 0.410500 -0.326100 -0.810500 0.435800 -0.391300 -0.798700 0.475300 -0.369000 0.816300 0.449100 -0.363300 0.777700 0.472700 -0.414400 0.806600 0.414800 -0.421200 -0.780400 0.449600 -0.434600 0.735200 0.493300 -0.464800 0.726800 0.467100 -0.503600 0.763900 0.436400 -0.475400 -0.740700 0.459200 -0.490400 -0.722200 0.460000 -0.516500 0.728700 0.436100 -0.528000 -0.667600 0.482200 -0.567300 -0.669300 0.429900 -0.606000 -0.635500 0.465800 -0.615800 0.700800 0.451200 -0.552500 0.654800 0.472200 -0.590100 0.690800 0.417200 -0.590500 -0.607200 0.468900 -0.641500 -0.588000 0.428200 -0.686200 -0.571500 0.480500 -0.665200 0.620500 0.481300 -0.619100 0.582700 0.495000 -0.644600 0.619700 0.429400 -0.656900 -0.539100 0.440200 -0.718100 -0.512700 0.455100 -0.728100 0.534800 0.501800 -0.679800 0.498400 0.491800 -0.714000 0.559100 0.429700 -0.709100 -0.469800 0.422000 -0.775400 -0.407800 0.461500 -0.787900 -0.377800 0.418800 -0.825700 -0.349700 0.476800 -0.806500 0.439100 0.480800 -0.759000 0.373500 0.472100 -0.798500 0.414600 0.426100 -0.804100 0.472600 0.483700 -0.736700 -0.316100 0.406100 -0.857400 -0.259500 0.424800 -0.867300 -0.192800 0.448500 -0.872800 -0.146500 0.410900 -0.899800 -0.116300 0.464300 -0.878000 -0.088400 0.414900 -0.905600 -0.046900 0.471800 -0.880400 -0.024800 0.422600 -0.906000 0.023500 0.477800 -0.878100 0.043000 0.426900 -0.903300 0.094600 0.482900 -0.870600 0.110300 0.425800 -0.898100 0.165000 0.476500 -0.863500 0.185500 0.427400 -0.884800 0.235000 0.469000 -0.851300 0.249200 0.426100 -0.869700 0.316300 0.446100 -0.837200 -0.325600 0.486000 0.811000 -0.269700 0.476800 0.836600 -0.151400 0.452100 0.879000 -0.215800 0.466700 0.857700 -0.092900 0.467200 0.879200 -0.033100 0.476100 0.878800 0.030200 0.480200 0.876600 0.091700 0.479200 0.872900 0.155500 0.466200 0.870900 0.191700 0.518100 0.833500 0.247600 0.464900 0.850000 0.294500 0.463600 0.835700 -0.413900 0.500000 0.760700 -0.313800 0.539400 0.781400 -0.376700 0.537900 0.754200 -0.238200 0.542500 0.805600 0.253500 0.520900 0.815100 0.321600 0.494500 0.807500 0.354000 0.548500 0.757500 0.384600 0.491200 0.781500 0.435800 0.486800 0.757000 -0.517300 0.505500 0.690600 -0.456400 0.514000 0.726300 -0.491600 0.551000 0.674400 -0.404500 0.539400 0.738600 0.408000 0.540300 0.735900 0.459600 0.505500 0.730200 0.499000 0.525400 0.689200 0.523400 0.489100 0.697700 -0.612200 0.500400 0.612200 -0.529900 0.549400 0.646000 -0.574800 0.540800 0.614100 0.532600 0.541400 0.650600 0.567400 0.551900 0.611000 0.591200 0.516300 0.619600 -0.704400 0.490000 0.513600 -0.615800 0.533600 0.579700 -0.652200 0.532200 0.539800 0.608900 0.548100 0.573400 0.646400 0.536200 0.542800 0.677700 0.498200 0.540900 -0.680700 0.540800 0.494200 -0.737700 0.493200 0.461100 0.675000 0.528400 0.515000 0.706500 0.542400 0.454600 0.707500 0.505800 0.493600 -0.778800 0.485900 0.396600 -0.746400 0.518500 0.417200 0.730500 0.557600 0.394100 0.750700 0.512300 0.417100 -0.846700 0.453300 0.278500 -0.768900 0.523700 0.366700 -0.802300 0.503500 0.320600 0.776700 0.519900 0.355500 0.775100 0.564000 0.284800 0.811100 0.491600 0.316900 -0.857300 0.465400 0.220000 -0.810600 0.529000 0.251200 0.789800 0.570000 0.226500 0.824100 0.497600 0.270800 -0.830100 0.528900 0.176500 -0.871900 0.467100 0.146600 0.840100 0.501600 0.206600 0.863200 0.485800 0.137400 -0.874000 0.478500 0.084800 0.862400 0.502100 0.065400 -0.873900 0.485300 0.026900 0.863000 0.505100 -0.006800 -0.872900 0.486700 -0.034600 0.860500 0.503300 -0.079400 -0.872400 0.479400 -0.095500 0.857100 0.493400 -0.148200 -0.871800 0.466900 -0.148300 0.854600 0.476000 -0.207700 -0.850600 0.483200 -0.207600 -0.838400 0.477100 -0.263400 -0.798200 0.549000 -0.248000 0.809900 0.542700 -0.222700 0.790400 0.544200 -0.281500 0.834800 0.479500 -0.270500 -0.785400 0.543700 -0.295900 0.772600 0.537100 -0.338700 0.815600 0.479300 -0.324100 -0.782400 0.520300 -0.342300 -0.760100 0.510800 -0.401700 -0.729400 0.568300 -0.380900 0.728100 0.547300 -0.412800 0.708200 0.534800 -0.460900 0.762400 0.505900 -0.403600 -0.730400 0.495000 -0.470700 -0.715700 0.536000 -0.447800 0.714000 0.501900 -0.488100 -0.698500 0.522600 -0.488800 -0.693700 0.501000 -0.517500 -0.652300 0.539400 -0.532600 0.684000 0.535400 -0.495400 0.648700 0.553800 -0.522000 0.681600 0.500400 -0.533900 -0.603100 0.543200 -0.584000 -0.603500 0.507300 -0.615200 -0.569100 0.546500 -0.614300 0.614000 0.562400 -0.553800 0.577700 0.567900 -0.586300 0.612900 0.529200 -0.586800 -0.538800 0.548200 -0.639600 -0.528500 0.497900 -0.687600 -0.506300 0.526200 -0.683300 0.535500 0.572000 -0.621300 0.493300 0.567400 -0.659300 0.533800 0.542400 -0.648800 -0.482500 0.516300 -0.707500 -0.457600 0.483800 -0.746000 -0.418000 0.563900 -0.712300 -0.398900 0.505400 -0.765200 -0.363100 0.544600 -0.756000 0.382200 0.596700 -0.705600 0.375900 0.555400 -0.741800 0.419300 0.534200 -0.734000 0.435000 0.569100 -0.697700 0.467200 0.539000 -0.700900 -0.327600 0.530100 -0.782100 -0.294800 0.478800 -0.827000 -0.266600 0.559000 -0.785100 -0.243000 0.486200 -0.839400 -0.201000 0.556400 -0.806200 0.241800 0.555300 -0.795800 0.204200 0.526100 -0.825500 0.278400 0.483000 -0.830200 0.308300 0.557400 -0.770900 0.356100 0.498600 -0.790300 -0.185000 0.482700 -0.856000 -0.134700 0.504400 -0.852900 -0.072300 0.519000 -0.851700 -0.001500 0.524100 -0.851700 0.074700 0.523700 -0.848600 0.155700 0.515700 -0.842500 -0.161700 0.524500 0.835900 -0.101700 0.525500 0.844700 -0.047000 0.525600 0.849400 0.012200 0.527500 0.849500 0.075300 0.526500 0.846800 0.139900 0.526100 0.838800 -0.341100 0.563100 0.752700 -0.239000 0.572800 0.784100 -0.297400 0.609000 0.735300 -0.145800 0.579900 0.801500 -0.073100 0.581500 0.810300 -0.009900 0.581000 0.813900 0.052200 0.579700 0.813200 0.112600 0.575100 0.810300 0.175700 0.563000 0.807500 0.209600 0.628200 0.749300 0.250700 0.566200 0.785200 0.307100 0.556900 0.771700 -0.453600 0.565300 0.689000 -0.401100 0.581100 0.708200 -0.348400 0.600200 0.719900 -0.380700 0.605000 0.699300 0.284600 0.621600 0.729800 0.356000 0.598000 0.718100 0.408400 0.572800 0.710700 0.433600 0.611300 0.662100 0.471800 0.564100 0.677600 -0.531500 0.580600 0.616800 -0.451400 0.614500 0.647000 -0.491000 0.621600 0.610400 -0.390600 0.639800 0.661900 0.472000 0.609000 0.637400 0.510100 0.607900 0.608500 0.539000 0.578600 0.612100 -0.612600 0.566100 0.551600 -0.537300 0.608700 0.583800 -0.571800 0.606200 0.552700 0.552300 0.604900 0.573700 0.584000 0.604600 0.541700 0.616500 0.571600 0.541500 -0.703400 0.551700 0.448000 -0.613900 0.598500 0.514600 -0.645300 0.603100 0.468900 0.611000 0.605900 0.509500 0.623400 0.624800 0.470100 0.659100 0.558400 0.503700 -0.676900 0.606200 0.417600 -0.738100 0.548600 0.392800 0.677200 0.594100 0.434200 0.688700 0.612800 0.387500 -0.763300 0.556600 0.328100 -0.731400 0.589500 0.343000 0.698900 0.627000 0.344000 0.747500 0.579900 0.323900 -0.734300 0.613900 0.289800 -0.781600 0.567900 0.258000 0.718200 0.629600 0.296200 0.757100 0.609800 0.234500 -0.834500 0.537300 0.122300 -0.788400 0.587900 0.181200 0.776800 0.611000 0.152600 0.818400 0.553600 0.153700 -0.838200 0.541100 0.067600 -0.795100 0.595700 0.113800 0.787900 0.610700 0.079100 0.825000 0.556200 0.100300 -0.839700 0.543000 0.006800 -0.799800 0.598300 0.049200 0.791800 0.610800 0.003100 0.828500 0.558800 0.035200 -0.838600 0.542000 -0.055200 -0.801100 0.598300 -0.017300 0.789200 0.609600 -0.074800 0.828400 0.558900 -0.038400 -0.833000 0.541800 -0.112000 -0.798000 0.596600 -0.084900 0.779700 0.608100 -0.149300 0.823700 0.556200 -0.110000 -0.822600 0.541800 -0.172500 -0.791500 0.590100 -0.158900 0.765400 0.605400 -0.218500 0.815700 0.552800 -0.170300 -0.778300 0.581200 -0.237400 0.757800 0.588200 -0.282300 -0.727700 0.625100 -0.282400 -0.751200 0.582200 -0.310900 -0.705800 0.633400 -0.317100 0.723800 0.614300 -0.314200 0.696100 0.624300 -0.354500 0.720300 0.577200 -0.384700 -0.704900 0.596100 -0.384500 0.665500 0.627100 -0.404700 0.649400 0.619900 -0.440400 0.690200 0.576400 -0.437400 -0.669800 0.607500 -0.426900 -0.695200 0.553000 -0.459200 -0.655300 0.584600 -0.478300 0.645200 0.602700 -0.469600 0.676100 0.566800 -0.470900 -0.620500 0.594900 -0.510900 -0.613400 0.569200 -0.547500 -0.572200 0.600300 -0.558700 0.608400 0.620700 -0.494500 0.580300 0.624800 -0.522400 0.615400 0.589000 -0.523800 -0.525800 0.614600 -0.588100 -0.527600 0.587800 -0.613400 -0.486300 0.626900 -0.608700 0.551100 0.625400 -0.552400 0.512500 0.631200 -0.582200 0.549800 0.596100 -0.585200 -0.488200 0.605100 -0.629000 -0.465900 0.569200 -0.677500 -0.430600 0.635400 -0.641000 0.465200 0.635700 -0.615900 0.430500 0.603700 -0.671000 0.493100 0.587200 -0.642000 -0.411800 0.596100 -0.689300 -0.361800 0.624100 -0.692500 -0.327000 0.586700 -0.740900 -0.302600 0.644600 -0.702100 0.243600 0.663500 -0.707400 0.209700 0.616300 -0.759100 0.248800 0.612300 -0.750400 0.307300 0.644000 -0.700600 0.315800 0.617700 -0.720200 0.374000 0.621500 -0.688300 -0.267700 0.600700 -0.753300 -0.202000 0.617300 -0.760300 -0.151800 0.566100 -0.810200 -0.135100 0.621400 -0.771800 -0.098600 0.570500 -0.815400 -0.066000 0.622800 -0.779600 -0.032900 0.573500 -0.818500 0.003600 0.624600 -0.780900 0.038000 0.571100 -0.820000 0.069200 0.621900 -0.780000 0.109200 0.560200 -0.821100 0.131100 0.614100 -0.778200 0.178600 0.561300 -0.808100 -0.242100 0.624000 0.742900 -0.164600 0.628500 0.760200 -0.101000 0.630800 0.769300 -0.036400 0.634700 0.771900 0.028600 0.635500 0.771600 0.092100 0.635300 0.766800 0.151200 0.635900 0.756800 -0.344000 0.635200 0.691600 -0.227100 0.669300 0.707500 -0.292000 0.673400 0.679200 -0.136300 0.682200 0.718400 -0.067100 0.686100 0.724400 0.001200 0.687600 0.726100 0.070900 0.686900 0.723300 0.141300 0.685400 0.714400 0.215500 0.679600 0.701200 0.286500 0.650200 0.703700 0.310700 0.695200 0.648200 0.362000 0.639600 0.678200 0.397100 0.634500 0.663100 -0.469100 0.653900 0.593600 -0.420900 0.675600 0.605400 -0.350700 0.667500 0.656800 -0.386000 0.685600 0.617300 0.362800 0.687300 0.629300 0.419500 0.656000 0.627400 0.449400 0.681100 0.578100 0.478200 0.641300 0.600000 -0.539400 0.646400 0.539600 -0.467100 0.695000 0.546700 -0.488300 0.676400 0.551400 -0.421500 0.714400 0.558600 0.501700 0.661600 0.557400 0.509900 0.690800 0.512600 0.550600 0.645200 0.529700 -0.606300 0.642000 0.469300 -0.529300 0.686300 0.498800 -0.552900 0.671800 0.492900 0.557900 0.672400 0.486500 0.549600 0.707500 0.444200 0.590100 0.665700 0.456900 -0.693100 0.617800 0.371400 -0.586100 0.684900 0.432800 -0.625100 0.666400 0.406500 0.558800 0.732200 0.389300 0.608200 0.693000 0.387200 0.639700 0.660600 0.392900 -0.698300 0.640900 0.318700 -0.629100 0.694600 0.349000 0.588900 0.723800 0.359600 0.631000 0.702400 0.329300 0.654900 0.671600 0.346400 -0.745500 0.629800 0.218000 -0.675600 0.676000 0.294100 -0.702300 0.658100 0.271400 0.675800 0.675100 0.295900 0.682700 0.697400 0.218400 0.716800 0.651000 0.249800 -0.751800 0.640500 0.156700 -0.705200 0.679700 0.201600 0.696600 0.701300 0.151500 0.735300 0.653200 0.180800 -0.755800 0.648200 0.092700 -0.711000 0.690100 0.134800 0.707200 0.702100 0.083000 0.746300 0.655300 0.116900 -0.759100 0.650500 0.024000 -0.714700 0.696400 0.064500 0.711800 0.702400 0.007100 0.751800 0.657800 0.044400 -0.759500 0.648900 -0.045500 -0.715000 0.699100 -0.007300 0.712700 0.697800 -0.072000 0.753000 0.657100 -0.034600 -0.758500 0.642000 -0.111900 -0.712600 0.697300 -0.077000 0.709900 0.688300 -0.149000 0.749300 0.652300 -0.114300 -0.751100 0.637700 -0.170600 -0.706600 0.692900 -0.143800 0.701200 0.679700 -0.215300 0.741300 0.644000 -0.189200 -0.735700 0.634300 -0.237400 -0.695700 0.681800 -0.226100 0.695300 0.666200 -0.269900 0.723600 0.639400 -0.259900 -0.662200 0.693500 -0.283700 -0.665800 0.668800 -0.330800 -0.620500 0.711800 -0.329200 0.659100 0.685500 -0.309300 0.630700 0.694800 -0.345600 0.671400 0.649300 -0.357300 -0.656700 0.645500 -0.390000 -0.608100 0.688300 -0.395500 0.600600 0.697700 -0.390700 0.582900 0.691900 -0.426000 0.632500 0.651600 -0.418700 -0.610800 0.662200 -0.434000 -0.605500 0.629400 -0.487000 -0.558800 0.673100 -0.484400 0.573500 0.670900 -0.470100 0.603500 0.651000 -0.460500 -0.550300 0.660600 -0.510700 -0.524800 0.640200 -0.561000 -0.490700 0.676500 -0.549200 0.526100 0.692400 -0.493800 0.494400 0.683000 -0.537600 0.546200 0.655800 -0.521100 -0.463100 0.668800 -0.581500 -0.434500 0.666500 -0.605800 -0.417700 0.702000 -0.576800 -0.384200 0.676000 -0.628800 -0.378900 0.710200 -0.593300 0.391900 0.731700 -0.557700 0.360200 0.722500 -0.590100 0.406900 0.682300 -0.607400 0.443300 0.713400 -0.542800 0.472200 0.667700 -0.575500 -0.377100 0.656000 -0.653800 -0.325400 0.689400 -0.647100 -0.314200 0.670300 -0.672300 -0.263400 0.716900 -0.645500 -0.251200 0.675100 -0.693600 -0.220600 0.723700 -0.653900 0.324500 0.708000 -0.627300 0.298600 0.672100 -0.677600 0.355800 0.662900 -0.658800 0.404300 0.655700 -0.637600 -0.246400 0.651500 -0.717500 -0.179900 0.687200 -0.703900 -0.176600 0.650700 -0.738600 -0.114400 0.695600 -0.709300 -0.097800 0.660900 -0.744000 -0.050200 0.709300 -0.703100 -0.025500 0.670500 -0.741400 0.017600 0.716700 -0.697200 0.043000 0.676200 -0.735500 0.089100 0.718100 -0.690200 0.106600 0.680100 -0.725300 0.168800 0.710200 -0.683400 0.171500 0.672900 -0.719600 0.241200 0.687200 -0.685200 -0.249700 0.707100 0.661600 -0.176300 0.724900 0.665900 -0.104900 0.733400 0.671700 -0.033900 0.735400 0.676800 0.040500 0.733000 0.679100 0.115200 0.727300 0.676600 0.188200 0.716600 0.671700 0.258300 0.707500 0.657900 -0.350200 0.709000 0.612100 -0.241200 0.747000 0.619500 -0.286200 0.728900 0.621900 -0.153000 0.767400 0.622600 -0.077200 0.776000 0.626000 0.001100 0.773500 0.633800 0.081000 0.767500 0.635900 0.156600 0.757000 0.634400 0.225000 0.743200 0.630100 0.293400 0.722700 0.625900 0.307400 0.759600 0.573200 0.368700 0.709800 0.600200 0.411100 0.696300 0.588300 -0.488300 0.718500 0.495300 -0.451600 0.735600 0.504900 -0.338700 0.747500 0.571400 -0.390600 0.736800 0.551800 0.364200 0.755400 0.544700 0.377600 0.783900 0.492900 0.427900 0.725100 0.539500 0.463600 0.712600 0.526500 -0.532800 0.717800 0.448100 -0.490900 0.738000 0.462900 -0.407400 0.758800 0.508100 -0.432400 0.776800 0.457800 0.429200 0.763800 0.482100 0.440100 0.785800 0.434500 0.477600 0.736100 0.479700 0.506400 0.723000 0.469900 -0.581600 0.714400 0.389100 -0.560100 0.723600 0.403400 -0.454500 0.779500 0.431000 -0.506700 0.753000 0.419800 0.485500 0.764300 0.424400 0.500400 0.778500 0.378700 0.523400 0.744100 0.415200 -0.618000 0.717900 0.320500 -0.532400 0.763500 0.365600 -0.584100 0.737900 0.338100 0.542000 0.759800 0.358900 0.537900 0.782900 0.312600 0.587300 0.742200 0.322800 -0.667000 0.700000 0.255000 -0.641400 0.723800 0.254500 -0.587900 0.758400 0.281500 0.544400 0.797500 0.260300 0.602900 0.751100 0.269000 0.641300 0.719300 0.267000 -0.676300 0.715000 0.177200 -0.586900 0.776500 0.229300 -0.636800 0.749100 0.182400 0.601500 0.771500 0.207200 0.611900 0.777100 0.147500 0.651000 0.734100 0.193100 -0.674200 0.731700 0.100000 -0.635200 0.763100 0.119100 0.617800 0.781800 0.084200 0.660400 0.741300 0.119800 -0.670900 0.741000 0.027600 -0.628400 0.775900 0.056400 0.623000 0.782100 0.010800 0.666000 0.744500 0.047100 -0.666600 0.744000 -0.045300 -0.625100 0.780400 -0.014500 0.623700 0.779100 -0.063600 0.669100 0.742600 -0.029600 -0.659500 0.742800 -0.115200 -0.618300 0.780800 -0.089900 0.629300 0.765500 -0.133700 0.671000 0.733900 -0.105700 -0.652900 0.735600 -0.180500 -0.609500 0.775400 -0.165200 0.626000 0.750900 -0.210300 0.668300 0.721300 -0.182100 -0.650000 0.719200 -0.245400 -0.606300 0.757900 -0.240700 0.611300 0.742600 -0.273700 0.645500 0.719100 -0.257400 -0.603600 0.741800 -0.292200 -0.575500 0.725700 -0.377100 -0.555200 0.768400 -0.318300 0.569600 0.765200 -0.300200 0.555000 0.750400 -0.359000 0.595700 0.724000 -0.347900 -0.557700 0.706700 -0.435300 -0.531400 0.760000 -0.374200 -0.525500 0.727800 -0.440600 -0.484200 0.784900 -0.386600 0.502000 0.781800 -0.369800 0.495600 0.760900 -0.418800 0.549200 0.725100 -0.415400 -0.513400 0.704000 -0.490700 -0.472300 0.765300 -0.437400 -0.478500 0.726900 -0.492500 -0.421400 0.787000 -0.450600 0.440400 0.782800 -0.439700 0.422600 0.776000 -0.468200 0.474800 0.741300 -0.474300 0.528900 0.719100 -0.450700 -0.466100 0.698400 -0.543100 -0.408200 0.765300 -0.497600 -0.430700 0.721800 -0.541700 -0.375900 0.760300 -0.529700 0.388000 0.776400 -0.496700 0.357200 0.757300 -0.546700 0.405600 0.750500 -0.521800 0.461700 0.736100 -0.494900 -0.362400 0.754800 -0.546800 -0.319700 0.737200 -0.595300 -0.291900 0.794600 -0.532400 -0.260800 0.760000 -0.595300 -0.224000 0.790300 -0.570200 0.237500 0.789200 -0.566400 0.193000 0.760100 -0.620500 0.263400 0.742300 -0.616100 0.296400 0.776800 -0.555600 0.328800 0.742500 -0.583600 -0.197000 0.771400 -0.605100 -0.141700 0.745400 -0.651400 -0.126600 0.785800 -0.605300 -0.078700 0.750400 -0.656300 -0.058300 0.787400 -0.613600 -0.015200 0.754000 -0.656700 0.009300 0.785800 -0.618400 0.052300 0.752100 -0.656900 0.076200 0.779800 -0.621300 0.122000 0.741400 -0.659800 0.134600 0.769400 -0.624500 0.193600 0.725600 -0.660400 0.264500 0.718800 -0.643000 -0.269000 0.773800 0.573500 -0.201700 0.782900 0.588500 -0.122900 0.802200 0.584300 -0.042100 0.807300 0.588700 0.038000 0.802400 0.595600 0.122900 0.789800 0.600900 0.204600 0.780600 0.590700 0.258500 0.776500 0.574600 -0.334300 0.773800 0.538000 -0.271000 0.800900 0.534000 -0.205300 0.807700 0.552700 -0.067800 0.839300 0.539500 -0.128200 0.832000 0.539700 -0.002500 0.840200 0.542300 0.062500 0.833900 0.548400 0.125500 0.827000 0.548000 0.170500 0.857600 0.485300 0.200500 0.805700 0.557300 0.264700 0.805200 0.530600 0.314400 0.804700 0.503700 -0.382200 0.793400 0.473800 -0.334000 0.810500 0.481100 -0.221300 0.846600 0.484000 -0.270300 0.842200 0.466400 -0.166900 0.851400 0.497200 0.225900 0.846000 0.483000 0.280900 0.830300 0.481300 0.302400 0.853800 0.423800 0.342100 0.812800 0.471600 0.384000 0.811300 0.440800 -0.468900 0.806700 0.359700 -0.377300 0.829500 0.411900 -0.411500 0.820700 0.396400 -0.317500 0.854400 0.411400 0.355300 0.837400 0.415300 0.362700 0.858500 0.362500 0.408500 0.815700 0.409500 0.445500 0.807800 0.385900 -0.532500 0.792000 0.298700 -0.488300 0.821700 0.293800 -0.418300 0.843600 0.336600 0.413800 0.837500 0.356900 0.421300 0.852900 0.308200 0.464700 0.813700 0.349100 0.494700 0.801200 0.336600 -0.537400 0.811200 0.230600 -0.425900 0.863000 0.271900 -0.479600 0.846600 0.230800 0.469300 0.833500 0.291500 0.467100 0.850900 0.240500 0.504300 0.816300 0.281500 -0.580600 0.798700 0.158400 -0.545300 0.823700 0.155600 -0.483500 0.855100 0.187100 0.466200 0.864700 0.187100 0.524200 0.824700 0.212400 0.548800 0.812000 0.198800 -0.586000 0.806000 0.084100 -0.484700 0.865500 0.126200 -0.532100 0.842700 0.082300 0.521400 0.841400 0.141900 0.526900 0.846200 0.079600 0.570900 0.811100 0.127200 -0.583300 0.812100 0.015700 -0.532200 0.846000 0.032500 0.529200 0.848300 0.018500 0.577900 0.814500 0.050300 -0.582500 0.810900 -0.055700 -0.532300 0.846300 -0.022700 0.529700 0.847000 -0.044200 0.579400 0.814700 -0.023600 -0.581800 0.801800 -0.136700 -0.535000 0.841000 -0.080300 0.527900 0.843200 -0.101500 0.579400 0.809300 -0.096700 -0.571700 0.791100 -0.217500 -0.533000 0.834500 -0.139900 -0.541200 0.813400 -0.213200 -0.473900 0.861500 -0.182400 0.479100 0.867300 -0.135400 0.477200 0.859400 -0.183900 0.541300 0.823100 -0.171800 0.586200 0.792500 -0.168200 -0.556900 0.785900 -0.268800 -0.516800 0.810100 -0.276700 -0.471500 0.849600 -0.236400 0.474900 0.844600 -0.247200 0.528100 0.812700 -0.246100 0.564200 0.791100 -0.236300 -0.493600 0.806400 -0.325700 -0.469500 0.833500 -0.291200 -0.459100 0.814600 -0.354500 -0.412400 0.855400 -0.313500 0.419200 0.859900 -0.291200 0.414000 0.840100 -0.350400 0.482600 0.811700 -0.328900 0.514200 0.798000 -0.314300 -0.428800 0.812300 -0.395400 -0.402000 0.837800 -0.369400 -0.393300 0.814500 -0.426500 -0.347700 0.857700 -0.378700 0.399700 0.824800 -0.399900 0.444500 0.807900 -0.387000 -0.368000 0.804600 -0.466000 -0.338700 0.834300 -0.435000 -0.326500 0.810100 -0.487000 -0.287100 0.847900 -0.445600 0.288900 0.858900 -0.422800 0.248600 0.841200 -0.480200 0.321200 0.815300 -0.481800 0.347700 0.842400 -0.411800 0.386800 0.804500 -0.450800 -0.323400 0.798700 -0.507400 -0.263100 0.827900 -0.495300 -0.248100 0.815900 -0.522300 -0.208000 0.842900 -0.496200 -0.180500 0.825100 -0.535400 -0.157900 0.857800 -0.489100 -0.118400 0.827400 -0.549100 -0.103900 0.866100 -0.489000 0.142900 0.869200 -0.473300 0.104800 0.842800 -0.527900 0.170200 0.827600 -0.534900 0.194500 0.857400 -0.476500 0.245300 0.815900 -0.523600 0.325300 0.798500 -0.506600 -0.184000 0.807000 -0.561200 -0.117100 0.808900 -0.576200 -0.054700 0.839100 -0.541200 -0.039500 0.809300 -0.586100 0.003000 0.839800 -0.542900 0.035600 0.809500 -0.586100 0.055600 0.842200 -0.536300 0.102600 0.807300 -0.581100 0.169900 0.805300 -0.568000 -0.096500 0.874000 0.476300 -0.028400 0.873100 0.486800 0.038900 0.874300 0.483800 0.101400 0.875800 0.471900 -0.244700 0.881300 0.404200 -0.175300 0.882200 0.437000 -0.117000 0.897800 0.424600 -0.047000 0.898600 0.436200 0.020400 0.898600 0.438300 0.098300 0.894300 0.436500 0.180700 0.885600 0.427800 0.241000 0.878900 0.411700 -0.367400 0.860800 0.352100 -0.321500 0.873500 0.365500 -0.268600 0.894200 0.358000 -0.196900 0.900800 0.387100 -0.056100 0.924300 0.377600 -0.121400 0.919300 0.374400 0.000200 0.924400 0.381400 0.054200 0.921300 0.385000 0.113600 0.915000 0.387100 0.156800 0.931700 0.327600 0.182700 0.897100 0.402200 0.246400 0.891600 0.380000 0.301100 0.883800 0.358200 -0.376100 0.881400 0.285800 -0.335000 0.889500 0.310700 -0.213300 0.921800 0.323800 -0.271300 0.910500 0.312100 -0.157900 0.929800 0.332600 0.204600 0.920600 0.332700 0.264200 0.902400 0.340300 0.285500 0.915200 0.284500 0.327200 0.886200 0.328000 0.359500 0.882500 0.303200 -0.412500 0.887300 0.206400 -0.371000 0.899300 0.231600 -0.290800 0.920200 0.261900 -0.333000 0.912300 0.238300 0.340500 0.901800 0.265900 0.333800 0.919100 0.209400 0.378400 0.890500 0.252600 0.408800 0.877400 0.251200 -0.432700 0.890700 0.139700 -0.390700 0.906600 0.159200 -0.336600 0.925100 0.175900 0.329300 0.929600 0.165500 0.397100 0.897100 0.193800 0.420000 0.886200 0.195500 -0.465700 0.882900 0.059700 -0.418300 0.904500 0.083100 -0.338400 0.933200 0.121100 -0.372500 0.923900 0.087400 0.383600 0.914400 0.129500 0.382200 0.921000 0.075000 0.428000 0.896000 0.118400 0.456700 0.881300 0.121400 -0.477100 0.878900 -0.000100 -0.426800 0.904200 0.019000 -0.371500 0.928000 0.028900 0.378900 0.925100 0.023900 0.432100 0.900700 0.045600 0.471700 0.879600 0.061800 -0.473700 0.878700 -0.059000 -0.429000 0.902400 -0.040500 -0.373800 0.927300 -0.020100 0.375100 0.926300 -0.034500 0.433200 0.901100 -0.018300 0.479500 0.877600 -0.003500 -0.461800 0.879400 -0.115800 -0.427100 0.897300 -0.111400 -0.377600 0.923500 -0.067900 0.375100 0.921300 -0.102700 0.423700 0.901900 -0.084000 0.469000 0.880100 -0.073700 -0.418600 0.888100 -0.190100 -0.379300 0.917100 -0.122600 -0.393200 0.899600 -0.190200 -0.321600 0.932900 -0.161800 0.377700 0.912000 -0.160200 0.422000 0.894400 -0.148300 -0.401900 0.880900 -0.249800 -0.370500 0.893300 -0.254300 -0.325600 0.922100 -0.209200 0.326800 0.926200 -0.187900 0.318700 0.914700 -0.248300 0.368700 0.901200 -0.227700 0.404900 0.889900 -0.210200 -0.346500 0.884600 -0.312100 -0.331500 0.903600 -0.271300 -0.316600 0.885900 -0.339100 -0.274200 0.916100 -0.292500 0.270200 0.926400 -0.262300 0.257300 0.913400 -0.315500 0.312600 0.898600 -0.307800 0.359200 0.888300 -0.286100 -0.288100 0.880200 -0.377100 -0.252600 0.901200 -0.352100 -0.238200 0.886900 -0.395900 -0.194500 0.918000 -0.345700 -0.177800 0.891800 -0.416100 -0.151100 0.927400 -0.342100 0.196200 0.924600 -0.326500 0.168200 0.910100 -0.378600 0.236100 0.898900 -0.369200 0.288200 0.887400 -0.359700 0.346400 0.872600 -0.344200 -0.232600 0.869900 -0.434800 -0.184200 0.875200 -0.447300 -0.115300 0.909000 -0.400500 -0.111100 0.888100 -0.446000 -0.065500 0.916600 -0.394300 -0.035300 0.898400 -0.437800 -0.016100 0.923600 -0.382900 0.028100 0.899900 -0.435300 0.040900 0.926000 -0.375200 0.093000 0.901000 -0.423800 0.108600 0.920500 -0.375300 0.158300 0.892700 -0.422000 0.216500 0.886200 -0.409500 -0.041000 0.878000 -0.476800 0.019100 0.874700 -0.484300 0.082700 0.879100 -0.469500 -0.079700 0.944300 0.319300 -0.010800 0.945700 0.324800 0.046000 0.946600 0.319100 0.096400 0.946700 0.307400 -0.225400 0.939200 0.259200 -0.156900 0.946500 0.282100 -0.083500 0.957800 0.274900 -0.020300 0.959500 0.280900 0.045900 0.959300 0.278600 0.106400 0.958400 0.264900 0.160700 0.952100 0.260000 0.210800 0.942400 0.259700 -0.283000 0.939800 0.191500 -0.232100 0.951600 0.201300 -0.171600 0.959200 0.224700 -0.119700 0.966000 0.229000 -0.055000 0.971900 0.228700 0.024300 0.967500 0.251800 0.113700 0.961900 0.248500 0.167400 0.960800 0.220900 0.207900 0.956300 0.205400 0.263500 0.941400 0.210700 -0.295000 0.948100 0.119000 -0.248800 0.958900 0.136700 -0.184700 0.970100 0.157500 -0.132300 0.975500 0.175800 -0.008100 0.979400 0.201800 -0.066600 0.980300 0.185700 0.058800 0.972300 0.226000 0.150000 0.962600 0.225500 0.172600 0.972700 0.155400 0.201900 0.960500 0.191300 0.225500 0.959700 0.167500 0.265300 0.950000 0.164700 -0.319300 0.946400 0.048600 -0.282000 0.958200 0.048000 -0.247100 0.965400 0.083200 -0.200700 0.973800 0.106800 -0.090100 0.986600 0.136000 -0.141000 0.982100 0.124600 0.166600 0.981400 0.095200 0.237700 0.963200 0.125200 0.247800 0.961800 0.115900 0.269100 0.956400 0.113700 0.310900 0.944200 0.109000 -0.319600 0.947500 -0.010600 -0.280400 0.959900 -0.008900 -0.249500 0.968200 0.017600 -0.148200 0.985700 0.080700 -0.206900 0.976700 0.056600 0.219700 0.973700 0.059400 0.210700 0.977600 -0.001100 0.256400 0.965800 0.037600 0.279800 0.958300 0.058700 0.320300 0.945200 0.062600 -0.313700 0.947700 -0.058900 -0.272300 0.960200 -0.062300 -0.249100 0.966400 -0.063200 -0.214000 0.976800 -0.003500 -0.236000 0.969400 -0.067600 -0.164700 0.985500 -0.040500 0.150600 0.988000 -0.034800 0.141500 0.987200 -0.072900 0.206800 0.977200 -0.048300 0.250100 0.967900 -0.026000 0.289500 0.957200 -0.000100 0.326700 0.945100 0.010700 -0.302700 0.947400 -0.103800 -0.258200 0.959500 -0.113000 -0.229400 0.965700 -0.121600 -0.214500 0.966900 -0.138200 -0.175600 0.979800 -0.095300 0.129200 0.984600 -0.118000 0.172800 0.978600 -0.111800 0.227000 0.970000 -0.087000 0.289800 0.954600 -0.068800 0.330100 0.942400 -0.054400 -0.254200 0.953200 -0.163500 -0.211800 0.962800 -0.167700 -0.180900 0.966000 -0.184900 -0.180100 0.969800 -0.164300 -0.151400 0.962700 -0.224300 -0.112200 0.976000 -0.186400 0.080400 0.986700 -0.141200 0.051200 0.978700 -0.198700 0.110400 0.977300 -0.180700 0.167100 0.972500 -0.162400 0.226200 0.963200 -0.145400 0.274300 0.952600 -0.131800 0.319400 0.939300 -0.125100 -0.251600 0.944000 -0.213300 -0.196200 0.958100 -0.208600 -0.159200 0.961900 -0.222200 -0.115700 0.964100 -0.239000 -0.075700 0.968100 -0.238800 -0.051600 0.964600 -0.258500 -0.003400 0.975600 -0.219700 0.030700 0.969300 -0.244100 0.087100 0.968400 -0.233600 0.156400 0.962200 -0.223200 0.221600 0.952000 -0.211100 0.268900 0.942800 -0.196800 -0.198600 0.942800 -0.267900 -0.153000 0.950700 -0.269700 -0.105900 0.957100 -0.269800 -0.055200 0.958800 -0.278600 0.002100 0.959400 -0.282100 0.062400 0.955100 -0.289700 0.138800 0.949700 -0.280600 0.207500 0.941500 -0.265500 -0.097500 0.942300 -0.320300 -0.054900 0.944200 -0.324900 -0.005300 0.945600 -0.325100 0.056100 0.943200 -0.327600 0.129100 0.938100 -0.321300 -0.031100 0.991000 0.130400 0.027200 0.988200 0.150800 0.092700 0.982000 0.164600 -0.081200 0.993900 0.075000 -0.025000 0.997100 0.072500 0.028700 0.995300 0.092300 0.095000 0.990500 0.099100 -0.128700 0.991400 0.024200 -0.079000 0.996800 0.012400 -0.026600 0.999400 0.020800 0.032300 0.999300 0.020000 0.079400 0.996100 0.037900 0.132300 0.990900 0.025700 -0.100000 0.993900 -0.047500 -0.032900 0.998800 -0.035300 0.037000 0.998900 -0.028300 0.090900 0.995500 -0.027400 -0.099300 0.989500 -0.105500 -0.036500 0.995100 -0.092400 0.021800 0.996700 -0.078200 0.078700 0.993800 -0.079000 -0.031200 0.987200 -0.156500 0.024700 0.990300 -0.137000 0.000000 1.000000 0.000000</float_array>
          <technique_common>
            <accessor source="#Slime-normals-array" count="3128" stride="3">
              <param name="X" type="float"/>
              <param name="Y" type="float"/>
              <param name="Z" type="float"/>
            </accessor>
          </technique_common>
        </source>
        <source id="Slime-map-0">
          <float_array id="Slime-map-0-array" count="2">0.000000 0.000000</float_array>
          <technique_common>
            <accessor source="#Slime-map-0-array" count="1" stride="2">
              <param name="S" type="float"/>
              <param name="T" type="float"/>
            </accessor>
          </technique_common>
        </source>
        <vertices id="Slime-vertices">
          <input semantic="POSITION" source="#Slime-positions"/>
        </vertices>
        <polylist material="slime-material" count="6253">
          <input semantic="VERTEX" source="#Slime-vertices" offset="0"/>
          <input semantic="NORMAL" source="#Slime-normals" offset="1"/>
          <input semantic="TEXCOORD" source="#Slime-map-0" offset="2" set="0"/>
          <vcount>3 3 3 3 3 3 3 3 3 3 3 3 3 3 3 3 3 3 3 3 3 3 3 3 3 3 3 3 3 3 3 3 3 3 3 3 3 3 3 3 3 3 3 3 3 3 3 3 3 3 3 3 3 3 3 3 3 3 3 3 3 3 3 3 3 3 3 3 3 3 3 3 3 3 3 3 3 3 3 3 3 3 3 3 3 3 3 3 3 3 3 3 3 3 3 3 3 3 3 3 3 3 3 3 3 3 3 3 3 3 3 3 3 3 3 3 3 3 3 3 3 3 3 3 3 3 3 3 3 3 3 3 3 3 3 3 3 3 3 3 3 3 3 3 3 3 3 3 3 3 3 3 3 3 3 3 3 3 3 3 3 3 3 3 3 3 3 3 3 3 3 3 3 3 3 3 3 3 3 3 3 3 3 3 3 3 3 3 3 3 3 3 3 3 3 3 3 3 3 3 3 3 3 3 3 3 3 3 3 3 3 3 3 3 3 3 3 3 3 3 3 3 3 3 3 3 3 3 3 3 3 3 3 3 3 3 3 3 3 3 3 3 3 3 3 3 3 3 3 3 3 3 3 3 3 3 3 3 3 3 3 3 3 3 3 3 3 3 3 3 3 3 3 3 3 3 3 3 3 3 3 3 3 3 3 3 3 3 3 3 3 3 3 3 3 3 3 3 3 3 3 3 3 3 3 3 3 3 3 3 3 3 3 3 3 3 3 3 3 3 3 3 3 3 3 3 3 3 3 3 3 3 3 3 3 3 3 3 3 3 3 3 3 3 3 3 3 3 3 3 3 3 3 3 3 3 3 3 3 3 3 3 3 3 3 3 3 3 3 3 3 3 3 3 3 3 3 3 3 3 3 3 3 3 3 3 3 3 3 3 3 3 3 3 3 3 3 3 3 3 3 3 3 3 3 3 3 3 3 3 3 3 3 3 3 3 3 3 3 3 3 3 3 3 3 3 3 3 3 3 3 3 3 3 3 3 3 3 3 3 3 3 3 3 3 3 3 3 3 3 3 3 3 3 3 3 3 3 3 3 3 3 3 3 3 3 3 3 3 3 3 3 3 3 3 3 3 3 3 3 3 3 3 3 3 3 3 3 3 3 3 3 3 3 3 3 3 3 3 3 3 3 3 3 3 3 3 3 3 3 3 3 3 3 3 3 3 3 3 3 3 3 3 3 3 3 3 3 3 3 3 3 3 3 3 3 3 3 3 3 3 3 3 3 3 3 3 3 3 3 3 3 3 3 3 3 3 3 3 3 3 3 3 3 3 3 3 3 3 3 3 3 3 3 3 3 3 3 3 3 3 3 3 3 3 3 3 3 3 3 3 3 3 3 3 3 3 3 3 3 3 3 3 3 3 3 3 3 3 3 3 3 3 3 3 3 3 3 3 3 3 3 3 3 3 3 3 3 3 3 3 3 3 3 3 3 3 3 3 3 3 3 3 3 3 3 3 3 3 3 3 3 3 3 3 3 3 3 3 3 3 3 3 3 3 3 3 3 3 3 3 3 3 3 3 3 3 3 3 3 3 3 3 3 3 3 3 3 3 3 3 3 3 3 3 3 3 3 3 3 3 3 3 3 3 3 3 3 3 3 3 3 3 3 3 3 3 3 3 3 3 3 3 3 3 3 3 3 3 3 3 3 3 3 3 3 3 3 3 3 3 3 3 3 3 3 3 3 3 3 3 3 3 3 3 3 3 3 3 3 3 3 3 3 3 3 3 3 3 3 3 3 3 3 3 3 3 3 3 3 3 3 3 3 3 3 3 3 3 3 3 3 3 3 3 3 3 3 3 3 3 3 3 3 3 3 3 3 3 3 3 3 3 3 3 3 3 3 3 3 3 3 3 3 3 3 3 3 3 3 3 3 3 3 3 3 3 3 3 3 3 3 3 3 3 3 3 3 3 3 3 3 3 3 3 3 3 3 3 3 3 3 3 3 3 3 3 3 3 3 3 3 3 3 3 3 3 3 3 3 3 3 3 3 3 3 3 3 3 3 3 3 3 3 3 3 3 3 3 3 3 3 3 3 3 3 3 3 3 3 3 3 3 3 3 3 3 3 3 3 3 3 3 3 3 3 3 3 3 3 3 3 3 3 3 3 3 3 3 3 3 3 3 3 3 3 3 3 3 3 3 3 3 3 3 3 3 3 3 3 3 3 3 3 3 3 3 3 3 3 3 3 3 3 3 3 3 3 3 3 3 3 3 3 3 3 3 3 3 3 3 3 3 3 3 3 3 3 3 3 3 3 3 3 3 3 3 3 3 3 3 3 3 3 3 3 3 3 3 3 3 3 3 3 3 3 3 3 3 3 3 3 3 3 3 3 3 3 3 3 3 3 3 3 3 3 3 3 3 3 3 3 3 3 3 3 3 3 3 3 3 3 3 3 3 3 3 3 3 3 3 3 3 3 3 3 3 3 3 3 3 3 3 3 3 3 3 3 3 3 3 3 3 3 3 3 3 3 3 3 3 3 3 3 3 3 3 3 3 3 3 3 3 3 3 3 3 3 3 3 3 3 3 3 3 3 3 3 3 3 3 3 3 3 3 3 3 3 3 3 3 3 3 3 3 3 3 3 3 3 3 3 3 3 3 3 3 3 3 3 3 3 3 3 3 3 3 3 3 3 3 3 3 3 3 3 3 3 3 3 3 3 3 3 3 3 3 3 3 3 3 3 3 3 3 3 3 3 3 3 3 3 3 3 3 3 3 3 3 3 3 3 3 3 3 3 3 3 3 3 3 3 3 3 3 3 3 3 3 3 3 3 3 3 3 3 3 3 3 3 3 3 3 3 3 3 3 3 3 3 3 3 3 3 3 3 3 3 3 3 3 3 3 3 3 3 3 3 3 3 3 3 3 3 3 3 3 3 3 3 3 3 3 3 3 3 3 3 3 3 3 3 3 3 3 3 3 3 3 3 3 3 3 3 3 3 3 3 3 3 3 3 3 3 3 3 3 3 3 3 3 3 3 3 3 3 3 3 3 3 3 3 3 3 3 3 3 3 3 3 3 3 3 3 3 3 3 3 3 3 3 3 3 3 3 3 3 3 3 3 3 3 3 3 3 3 3 3 3 3 3 3 3 3 3 3 3 3 3 3 3 3 3 3 3 3 3 3 3 3 3 3 3 3 3 3 3 3 3 3 3 3 3 3 3 3 3 3 3 3 3 3 3 3 3 3 3 3 3 3 3 3 3 3 3 3 3 3 3 3 3 3 3 3 3 3 3 3 3 3 3 3 3 3 3 3 3 3 3 3 3 3 3 3 3 3 3 3 3 3 3 3 3 3 3 3 3 3 3 3 3 3 3 3 3 3 3 3 3 3 3 3 3 3 3 3 3 3 3 3 3 3 3 3 3 3 3 3 3 3 3 3 3 3 3 3 3 3 3 3 3 3 3 3 3 3 3 3 3 3 3 3 3 3 3 3 3 3 3 3 3 3 3 3 3 3 3 3 3 3 3 3 3 3 3 3 3 3 3 3 3 3 3 3 3 3 3 3 3 3 3 3 3 3 3 3 3 3 3 3 3 3 3 3 3 3 3 3 3 3 3 3 3 3 3 3 3 3 3 3 3 3 3 3 3 3 3 3 3 3 3 3 3 3 3 3 3 3 3 3 3 3 3 3 3 3 3 3 3 3 3 3 3 3 3 3 3 3 3 3 3 3 3 3 3 3 3 3 3 3 3 3 3 3 3 3 3 3 3 3 3 3 3 3 3 3 3 3 3 3 3 3 3 3 3 3 3 3 3 3 3 3 3 3 3 3 3 3 3 3 3 3 3 3 3 3 3 3 3 3 3 3 3 3 3 3 3 3 3 3 3 3 3 3 3 3 3 3 3 3 3 3 3 3 3 3 3 3 3 3 3 3 3 3 3 3 3 3 3 3 3 3 3 3 3 3 3 3 3 3 3 3 3 3 3 3 3 3 3 3 3 3 3 3 3 3 3 3 3 3 3 3 3 3 3 3 3 3 3 3 3 3 3 3 3 3 3 3 3 3 3 3 3 3 3 3 3 3 3 3 3 3 3 3 3 3 3 3 3 3 3 3 3 3 3 3 3 3 3 3 3 3 3 3 3 3 3 3 3 3 3 3 3 3 3 3 3 3 3 3 3 3 3 3 3 3 3 3 3 3 3 3 3 3 3 3 3 3 3 3 3 3 3 3 3 3 3 3 3 3 3 3 3 3 3 3 3 3 3 3 3 3 3 3 3 3 3 3 3 3 3 3 3 3 3 3 3 3 3 3 3 3 3 3 3 3 3 3 3 3 3 3 3 3 3 3 3 3 3 3 3 3 3 3 3 3 3 3 3 3 3 3 3 3 3 3 3 3 3 3 3 3 3 3 3 3 3 3 3 3 3 3 3 3 3 3 3 3 3 3 3 3 3 3 3 3 3 3 3 3 3 3 3 3 3 3 3 3 3 3 3 3 3 3 3 3 3 3 3 3 3 3 3 3 3 3 3 3 3 3 3 3 3 3 3 3 3 3 3 3 3 3 3 3 3 3 3 3 3 3 3 3 3 3 3 3 3 3 3 3 3 3 3 3 3 3 3 3 3 3 3 3 3 3 3 3 3 3 3 3 3 3 3 3 3 3 3 3 3 3 3 3 3 3 3 3 3 3 3 3 3 3 3 3 3 3 3 3 3 3 3 3 3 3 3 3 3 3 3 3 3 3 3 3 3 3 3 3 3 3 3 3 3 3 3 3 3 3 3 3 3 3 3 3 3 3 3 3 3 3 3 3 3 3 3 3 3 3 3 3 3 3 3 3 3 3 3 3 3 3 3 3 3 3 3 3 3 3 3 3 3 3 3 3 3 3 3 3 3 3 3 3 3 3 3 3 3 3 3 3 3 3 3 3 3 3 3 3 3 3 3 3 3 3 3 3 3 3 3 3 3 3 3 3 3 3 3 3 3 3 3 3 3 3 3 3 3 3 3 3 3 3 3 3 3 3 3 3 3 3 3 3 3 3 3 3 3 3 3 3 3 3 3 3 3 3 3 3 3 3 3 3 3 3 3 3 3 3 3 3 3 3 3 3 3 3 3 3 3 3 3 3 3 3 3 3 3 3 3 3 3 3 3 3 3 3 3 3 3 3 3 3 3 3 3 3 3 3 3 3 3 3 3 3 3 3 3 3 3 3 3 3 3 3 3 3 3 3 3 3 3 3 3 3 3 3 3 3 3 3 3 3 3 3 3 3 3 3 3 3 3 3 3 3 3 3 3 3 3 3 3 3 3 3 3 3 3 3 3 3 3 3 3 3 3 3 3 3 3 3 3 3 3 3 3 3 3 3 3 3 3 3 3 3 3 3 3 3 3 3 3 3 3 3 3 3 3 3 3 3 3 3 3 3 3 3 3 3 3 3 3 3 3 3 3 3 3 3 3 3 3 3 3 3 3 3 3 3 3 3 3 3 3 3 3 3 3 3 3 3 3 3 3 3 3 3 3 3 3 3 3 3 3 3 3 3 3 3 3 3 3 3 3 3 3 3 3 3 3 3 3 3 3 3 3 3 3 3 3 3 3 3 3 3 3 3 3 3 3 3 3 3 3 3 3 3 3 3 3 3 3 3 3 3 3 3 3 3 3 3 3 3 3 3 3 3 3 3 3 3 3 3 3 3 3 3 3 3 3 3 3 3 3 3 3 3 3 3 3 3 3 3 3 3 3 3 3 3 3 3 3 3 3 3 3 3 3 3 3 3 3 3 3 3 3 3 3 3 3 3 3 3 3 3 3 3 3 3 3 3 3 3 3 3 3 3 3 3 3 3 3 3 3 3 3 3 3 3 3 3 3 3 3 3 3 3 3 3 3 3 3 3 3 3 3 3 3 3 3 3 3 3 3 3 3 3 3 3 3 3 3 3 3 3 3 3 3 3 3 3 3 3 3 3 3 3 3 3 3 3 3 3 3 3 3 3 3 3 3 3 3 3 3 3 3 3 3 3 3 3 3 3 3 3 3 3 3 3 3 3 3 3 3 3 3 3 3 3 3 3 3 3 3 3 3 3 3 3 3 3 3 3 3 3 3 3 3 3 3 3 3 3 3 3 3 3 3 3 3 3 3 3 3 3 3 3 3 3 3 3 3 3 3 3 3 3 3 3 3 3 3 3 3 3 3 3 3 3 3 3 3 3 3 3 3 3 3 3 3 3 3 3 3 3 3 3 3 3 3 3 3 3 3 3 3 3 3 3 3 3 3 3 3 3 3 3 3 3 3 3 3 3 3 3 3 3 3 3 3 3 3 3 3 3 3 3 3 3 3 3 3 3 3 3 3 3 3 3 3 3 3 3 3 3 3 3 3 3 3 3 3 3 3 3 3 3 3 3 3 3 3 3 3 3 3 3 3 3 3 3 3 3 3 3 3 3 3 3 3 3 3 3 3 3 3 3 3 3 3 3 3 3 3 3 3 3 3 3 3 3 3 3 3 3 3 3 3 3 3 3 3 3 3 3 3 3 3 3 3 3 3 3 3 3 3 3 3 3 3 3 3 3 3 3 3 3 3 3 3 3 3 3 3 3 3 3 3 3 3 3 3 3 3 3 3 3 3 3 3 3 3 3 3 3 3 3 3 3 3 3 3 3 3 3 3 3 3 3 3 3 3 3 3 3 3 3 3 3 3 3 3 3 3 3 3 3 3 3 3 3 3 3 3 3 3 3 3 3 3 3 3 3 3 3 3 3 3 3 3 3 3 3 3 3 3 3 3 3 3 3 3 3 3 3 3 3 3 3 3 3 3 3 3 3 3 3 3 3 3 3 3 3 3 3 3 3 3 3 3 3 3 3 3 3 3 3 3 3 3 3 3 3 3 3 3 3 3 3 3 3 3 3 3 3 3 3 3 3 3 3 3 3 3 3 3 3 3 3 3 3 3 3 3 3 3 3 3 3 3 3 3 3 3 3 3 3 3 3 3 3 3 3 3 3 3 3 3 3 3 3 3 3 3 3 3 3 3 3 3 3 3 3 3 3 3 3 3 3 3 3 3 3 3 3 3 3 3 3 3 3 3 3 3 3 3 3 3 3 3 3 3 3 3 3 3 3 3 3 3 3 3 3 3 3 3 3 3 3 3 3 3 3 3 3 3 3 3 3 3 3 3 3 3 3 3 3 3 3 3 3 3 3 3 3 3 3 3 3 3 3 3 3 3 3 3 3 3 3 3 3 3 3 3 3 3 3 3 3 3 3 3 3 3 3 3 3 3 3 3 3 3 3 3 3 3 3 3 3 3 3 3 3 3 3 3 3 3 3 3 3 3 3 3 3 3 3 3 3 3 3 3 3 3 3 3 3 3 3 3 3 3 3 3 3 3 3 3 3 3 3 3 3 3 3 3 3 3 3 3 3 3 3 3 3 3 3 3 3 3 3 3 3 3 3 3 3 3 3 3 3 3 3 3 3 3 3 3 3 3 3 3 3 3 3 3 3 3 3 3 3 3 3 3 3 3 3 3 3 3 3 3 3 3 3 3 3 3 3 3 3 3 3 3 3 3 3 3 3 3 3 3 3 3 3 3 3 3 3 3 3 3 3 3 3 3 3 3 3 3 3 3 3 3 3 3 3 3 3 3 3 3 3 3 3 3 3 3 3 3 3 3 3 3 3 3 3 3 3 3 3 3 3 3 3 3 3 3 3 3 3 3 3 3 3 3 3 3 3 3 3 3 3 3 3 3 3 3 3 3 3 3 3 3 3 3 3 3 3 3 3 3 3 3 3 3 3 3 3 3 3 3 3 3 3 3 3 3 3 3 3 3 3 3 3 3 3 3 3 3 3 3 3 3 3 3 3 3 3 3 3 3 3 3 3 3 3 3 3 3 3 3 3 3 3 3 3 3 3 3 3 3 3 3 3 3 3 3 3 3 3 3 3 3 3 3 3 3 3 3 3 3 3 3 3 3 3 3 3 3 3 3 3 3 3 3 3 3 3 3 3 3 3 3 3 3 3 3 3 3 3 3 3 3 3 3 3 3 3 3 3 3 3 3 3 3 3 3 3 3 3 3 3 3 3 3 3 3 3 3 3 3 3 3 3 3 3 3 3 3 3 3 3 3 3 3 3 3 3 3 3 3 3 3 3 3 3 3 3 3 3 3 3 3 3 3 3 3 3 3 3 3 3 3 3 3 3 3 3 3 3 3 3 3 3 3 3 3 3 3 3 3 3 3 3 3 3 3 3 3 3 3 3 3 3 3 3 3 3 3 3 3 3 3 3 3 3 3 3 3 3 3 3 3 3 3 3 3 3 3 3 3 3 3 3 3 3 3 3 3 3 3 3 3 3 3 3 3 3 3 3 3 3 3 3 3 3 3 3 3 3 3 3 3 3 3 3 3 3 3 3 3 3 3 3 3 3 3 3 3 3 3 3 3 3 3 3 3 3 3 3 3 3 3 3 3 3 3 3 3 3 3 3 3 3 3 3 3 3 3 3 3 3 3 3 3 3 3 3 3 3 3 3 3 3 3 3 3 3 3 3 3 3 3 3 3 3 3 3 3 3 3 3 3 3 3 3 3 3 3 3 3 3 3 3 3 3 3 3 3 3 3 3 3 3 3 3 3 3 3 3 3 3 3 3 3 3 3 3 3 3 3 3 3 3 3 3 3 3 3 3 3 3 3 3 3 3 3 3 3 3 3 3 3 3 3 3 3 3 3 3 3 3 3 3 3 3 3 3 3 3 3 3 3 3 3 3 3 3 3 3 3 3 3 3 3 3 3 3 3 3 3 3 3 3 3 3 3 3 3 3 3 3 3 3 3 3 3 3 3 3 3 3 3 3 3 3 3 3 3 3 3 3 3 3 3 3 3 3 3 3 3 3 3 3 3 3 3 3 3 3 3 3 3 3 3 3 3 3 3 3 3 3 3 3 3 3 3 3 3 3 3 3 3 3 3 3 3 3 3 3 3 3 3 3 3 3 3 3 3 3 3 3 3 3 3 3 3 3 3 3 3 3 3 3 3 3 3 3 3 3 3 3 3 3 3 3 3 3 3 3 3 3 3 3 3 3 3 3 3 3 3 3 3 3 3 3 3 3 3 3 3 3 3 3 3 3 3 3 3 3 3 3 3 3 3 3 3 3 3 3 3 3 3 3 3 3 3 3 3 3 3 3 3 3 3 3 3 3 3 3 3 3 3 3 3 3 3 3 3 3 3 3 3 3 3 3 3 3 3 3 3 3 3 3 3 3 3 3 3 3 3 3 3 3 3 3 3 3 3 3 3 3 3 3 3 3 3 3 3 3 3 3 3 3 3 3 3 3 3 3 3 3 3 3 3 3 3 3 3 3 3 3 3 3 3 3 3 3 3 3 3 3 3 3 3 3 3 3 3 3 3 3 3 3 3 3 3 3 3 3 3 3 3 3 3 3 3 3 3 3 3 3 3 3 3 3 3 3 3 3 3 3 3 3 3 3 3 3 3 3 3 3 3 3 3 3 3 3 3 3 3 3 3 3 3 3 3 3 3 3 3 3 3 3 3 3 3 3 3 3 3 3 3 3 3 3 3 3 3 3 3 3 3 3 3 3 3 3 3 3 3 3 3 3 3 3 3 3 3 3 3 3 3 3 3 3 3 3 3 3 3 3 3 3 3 3 3 3 3 3 3 3 3 3 3 3 3 3 3 3 3 3 3 3 3 3 3 3 3 3 3 3 3 3 3 3 3 3 3 3 3 3 3 3 3 3 3 3 3 3 3 3 3 3 3 3 3 3 3 3 3 3 3 3 3 3 3 3 3 3 3 3 3 3 3 3 3 3 3 3 3 3 3 3 3 3 3 3 3 3 3 3 3 3 3 3 3 3 3 3 3 3 3 3 3 3 3 3 3 3 3 3 3 3 3 3 3 3 3 3 3 3 3 3 3 3 3 3 3 3 3 3 3 3 3 3 3 3 3 3 3 3 3 3 3 3 3 3 3 3 3 3 3 3 3 3 3 3 3 3 3 3 3 3 3 3 3 3 3 3 3 3 3 3 3 3 3 3 3 3 3 3 3 3 3 3 3 3 3 3 3 3 3 3 3 3 3 3 3 3 3 3 3 3 3 3 3 3 3 3 3 3 3 3 3 3 3 3 3 3 3 3 3 3 3 3 3 3 3 3 3 3 3 3 3 3 3 3 3 3 3 3 3 3 3 3 3 3 3 3 3 3 3 3 3 3 3 3 3 3 3 3 3 3 3 3 3 3 3 3 3 3 3 3 3 3 3 3 3 3 3 3 3 3 3 3 3 3 3 3 3 3 3 3 3 3 3 3 3 3 3 3 3 3 3 3 3 3 3 3 3 3 3 3 3 3 3 3 3 3 3 3 3 3 3 3 3 3 3 3 3 3 3 3 3 3 3 3 3 3 3 3 3 3 3 3 3 3 3 3 3 3 3 3 3 3 3 3 3 3 3 3 3 3 3 3 3 3 3 3 3 3 3 3 3 3 3 3 3 3 3 3 3 3 3 3 3 3 3 3 3 3 3 3 3 3 3 3 3 3 3 3 3 3 3 3 3 3 3 3 3 3 3 3 3 3 3 3 3 3 3 3 3 3 3 3 3 3 3 3 3 3 3 3 3 3 3 3 3 3 3 3 3 3 3 3 3 3 3 3 3 3 3 3 3 3 3 3 3 3 3 3 3 3 3 3 3 3 3 3 3 3 3 3 3 3 3 3 3 3 3 3 3 3 3 3 3 3 3 3 3 3 3 3 3 3 3 3 3 3 3 3 3 3 3 3 3 3 3 3 3 3 3 3 3 3 3 3 3 3 3 3 3 3 3 3 3 3 3 3 3 3 3 3 3 3 3 3 3 3 3 3 3 3 3 3 3 3 3 3 3 3 3 3 3 3 3 3 3 3 3 3 3 3 3 3 3 3 3 3 3 3 3 3 3 3 3 3 3 3 3 3 3 3 3 3 3 3 3 3 3 3 3 3 3 3 3 3 3 3 3 3 3 3 3 3 3 3 3 3 3 3 3 3 3 3 3 3 3 3 3 3 3 3 3 3 3 3 3 3 3 3 3 3 3 3 3 3 3 3 3 3 3 3 3 3 3 3 3 3 3 3 3 3 3 3 3 3 3 3 3 3 3 3 3 3 3 3 3 3 3 3 3 3 3 3 3 3 3 3 3 3 3 3 3 3 3 3 3 3 3 3 3 3 3 3 3 3 3 3 3 3 3 3 3 3 3 3 3 3 3 3 3 3 3 3 3 3 3 3 3 3 3 3 3 3 3 3 3 3 3 3 3 3 3 3 3 3 3 3 3 3 3 3 3 3 3 3 3 3 3 3 3 3 3 3 3 3 3 3 3 3 3 3 3 3 3 3 3 3 3 3 3 3 3 3 3 3 3 3 3 3 3 3 3 3 3 3 3 3 3 3 3 3 3 3 3 3 3 3 3 3 3 3 3 3 3 3 3 3 3 3 3 3 3 3 3 3 3 3 3 3 3 3 3 3 3 3 3 3 3 3 3 3 3 3 3 3 3 3 3 3 3 3 3 3 3 3 3 3 3 3 3 3 3 3 3 3 3 3 3 3 3 3 3 3 3 3 3 3 3 3 3 3 3 3 3 3 3 3 3 3 3 3 3 3 3 3 3 3 3 3 3 3 3 3 3 3 3 3 3 3 3 3 3 3 3 3 3 3 3 3 3 3 3 3 3 3 3 3 3 3 3 3 3 3 3 3 3 3 3 3 3 3 3 3 3 3 3 3 3 3 3 3 3 3 3 3 3 3 3 3 3 3 3 3 3 3 3 3 3 3 3 3 3 3 3 3 3 3 3 3 3 3 3 3 3 3 3 3 3 3 3 3 3 3 3 3 3 3 3 3 3 3 3 3 3 3 3 3 3 3 3 3 3 3 3 3 3 3 3 3 3 3 3 3 3 3 3 3 3 3 3 3 3 3 3 3 3 3 3 3 3 3 3 3 3 3 3 3 3 3 3 3 3 3 3 3 3 3 3 3 3 3 3 3 3 3 3 3 3 3 3 3 3 3 3 3 3 3 3 3 3 3 3 3 3 3 3 3 3 3 3 3 3 3 3 3 3 3 3 3 3 3 3 3 3 3 3 3 3 3 3 3 3 3 3 3 3 3 3 3 3 3 3 3 3 3 3 3 3 3 3 3 3 3 3 3 3 3 3 3 3 3 3 3 3 3 3 3 3 3 3 3 3 3 3 3 3 3 3 3 3 3 3 3 3 3 3 3 3 3 3 3 3 3 3 3 3 3 3 3 3 3 3 3 3 3 3 3 3 3 3 3 3 3 3 3 3 3 3 3 3 3 3 3 3 3 3 3 3 3 3 3 3 3 3 3 3 3 3 3 3 3 3 3 3 3 3 3 3 3 3 3 3 3 3 3 3 3 3 3 3 3 3 3 3 3 3 3 3 3 3 3 3 3 3 3 3 3 3 3 3 3 3 3 3 3 3 3 3 3 3 3 3 3 3 3 3 3 3 3 3 3 3 3 3 3 3 3 3 3 3 3 3 3 3 3 3 3 3 3 3 3 3 3 3 3 3 3 3 3 3 3 3 3 3 3 3 3 3 3 3 3 3 3 3 3 3 3 3 3 3 3 3 3 3 3 3 3 3 3 3 3 3 3 3 3 3 3 3 3 3 3 3 3 3 3 3 3 3 3 3 3 3 3 3 3 3 3 3 3 3 3 3 3 3 3 3 3 3 3 3 3 3 3 3 3 3 3 3 3 3 3 3 3 3 3 3 3 3 3 3 3 3 3 3 3 3 3 3 3 3 3 3 3 3 3 3 3 3 3 3 3 3 3 3 3 3 3 3 3 3 3 3 3 3 3 3 3 3 3 3 3 3 3 3 3 3 3 3 3 3 3 3 3 3 3 3 3 3 3 3 3 3 3 3 3 3 3 3 3 3 3 3 3 3 3 3 3 3 3 3 3 3 3 3 3 3 3 3 3 3 3 3 3 3 3 3 3 3 3 3 3 3 3 3 3 3 3 3 3 3 3 3 3 3 3 3 3 3 3 3 3 3 3 3 3 3 3 3 3 3 3 3 3 3 3 3 3 3 3 3 3 3 3 3 3 3 3 3 3 3 3 3 3 3 3 3 3 3 3 3 3 3 3 3 3 3 3 3 3 3 3 3 3 3 3 3 3 3 3 3 3 3 3 3 3 3 3 3 3 3 3 3 3 3 3 3 3 3 3 3 3 3 3 3 3 3 3 3 3 3 3 3 3 3 3 3 3 3 3 3 3 3 3 3 3 3 3 3 3 3 3 3 3 3 3 3 3 3 3 3 3 3 3 3 3 3 3 3 3 3 3 3 3 3 3 3 3 3 3 3 3 3 3 3 3 3 3 3 3 3 3 3 3 3 3 3 3 3 3 3 3 3 3 3 3 3 3 3 3 3 3 3 3 3 3 3 3 3 3 3 3 3 3 3 3 3 3 3 3 3 3 3 3 3 3 3 3 3 3 3 3 3 3 3 3 3 3 3 3 3 3 3 3 3 3 3 3 3 3 3 3 3 3 3 3 3 3 3 3 3 3 3 3 3 3 3 3 3 3 3 3 3 3 3 3 3 3 3 3 3 3 3 3 3 3 3 3 3 3 3 3 3 3 3 3 3 3 3 3 3 3 3 3 3 3 3 3 3 3 3 3 3 3 3 3 3 3 3 3 3 3 3 3 3 3 3 3 3 3 3 3 3 3 3 3 3 3 3 3 3 3 3 3 3 3 3 3 3 3 3 3 3 3 3 3 3 3 3 3 3 3 3 3 3 3 3 3 3 3 3 3 3 3 3 3 3 3 3 3 3 3 3 3 3 3 3 3 3 3 3 3 3 3 3 3 3 3 3 3 3 3 3 3 3 3 3 3 3 3 3 3 3 3 3 3 3 3 3 3 3 3 3 3 3 3 3 3 3 3 3 3 3 3 3 3 3 3 3 3 3 3 3 3 3 3 3 3 3 3 3 3 3 3 3 3 3 3 3 3 3 3 3 3 3 3 3 3 3 3 3 3 3 3 3 3 3 3 3 3 3 3 3 3 3 3 3 3 3 3 3 3 3 3 3 3 3 3 3 3 3 3 3 3 3 3 3 3 3 3 3</vcount>
          <p>2 2 0 0 0 0 1 1 0 2 2 0 4 4 0 3 3 0 0 0 0 2 2 0 3 3 0 4 4 0 6 6 0 5 5 0 3 3 0 4 4 0 5 5 0 6 6 0 8 8 0 7 7 0 5 5 0 6 6 0 7 7 0 8 8 0 10 10 0 9 9 0 7 7 0 8 8 0 9 9 0 10 10 0 12 12 0 11 11 0 9 9 0 10 10 0 11 11 0 11 11 0 12 12 0 13 13 0 16 16 0 14 14 0 15 15 0 16 16 0 18 18 0 17 17 0 14 14 0 16 16 0 17 17 0 18 18 0 20 20 0 19 19 0 17 17 0 18 18 0 19 19 0 1 1 0 19 19 0 20 20 0 1 1 0 20 20 0 2 2 0 2 2 0 20 20 0 21 21 0 4 4 0 2 2 0 22 22 0 22 22 0 2 2 0 21 21 0 6 6 0 4 4 0 23 23 0 23 23 0 4 4 0 22 22 0 8 8 0 6 6 0 24 24 0 24 24 0 6 6 0 23 23 0 10 10 0 8 8 0 25 25 0 25 25 0 8 8 0 24 24 0 12 12 0 10 10 0 26 26 0 26 26 0 10 10 0 25 25 0 27 27 0 13 13 0 12 12 0 27 27 0 12 12 0 28 28 0 28 28 0 12 12 0 26 26 0 28 28 0 30 30 0 29 29 0 27 27 0 28 28 0 29 29 0 29 29 0 30 30 0 31 31 0 34 34 0 32 32 0 33 33 0 15 15 0 32 32 0 34 34 0 15 15 0 34 34 0 16 16 0 16 16 0 34 34 0 35 35 0 18 18 0 16 16 0 36 36 0 36 36 0 16 16 0 35 35 0 20 20 0 18 18 0 37 37 0 37 37 0 18 18 0 36 36 0 21 21 0 20 20 0 38 38 0 38 38 0 20 20 0 37 37 0 22 22 0 21 21 0 39 39 0 39 39 0 21 21 0 38 38 0 23 23 0 22 22 0 40 40 0 40 40 0 22 22 0 39 39 0 24 24 0 23 23 0 41 41 0 41 41 0 23 23 0 40 40 0 25 25 0 24 24 0 42 42 0 42 42 0 24 24 0 41 41 0 26 26 0 25 25 0 43 43 0 43 43 0 25 25 0 42 42 0 28 28 0 26 26 0 44 44 0 44 44 0 26 26 0 43 43 0 30 30 0 28 28 0 45 45 0 45 45 0 28 28 0 44 44 0 46 46 0 31 31 0 30 30 0 46 46 0 30 30 0 47 47 0 47 47 0 30 30 0 45 45 0 47 47 0 49 49 0 48 48 0 46 46 0 47 47 0 48 48 0 48 48 0 49 49 0 50 50 0 53 53 0 51 51 0 52 52 0 33 33 0 51 51 0 53 53 0 33 33 0 53 53 0 34 34 0 34 34 0 53 53 0 54 54 0 35 35 0 34 34 0 55 55 0 55 55 0 34 34 0 54 54 0 36 36 0 35 35 0 56 56 0 56 56 0 35 35 0 55 55 0 37 37 0 36 36 0 57 57 0 57 57 0 36 36 0 56 56 0 38 38 0 37 37 0 58 58 0 58 58 0 37 37 0 57 57 0 39 39 0 38 38 0 59 59 0 59 59 0 38 38 0 58 58 0 40 40 0 39 39 0 60 60 0 60 60 0 39 39 0 59 59 0 41 41 0 40 40 0 61 61 0 61 61 0 40 40 0 60 60 0 42 42 0 41 41 0 62 62 0 62 62 0 41 41 0 61 61 0 43 43 0 42 42 0 63 63 0 63 63 0 42 42 0 62 62 0 44 44 0 43 43 0 64 64 0 64 64 0 43 43 0 63 63 0 45 45 0 44 44 0 65 65 0 65 65 0 44 44 0 64 64 0 47 47 0 45 45 0 66 66 0 66 66 0 45 45 0 65 65 0 49 49 0 47 47 0 67 67 0 67 67 0 47 47 0 66 66 0 68 68 0 50 50 0 49 49 0 68 68 0 49 49 0 69 69 0 69 69 0 49 49 0 67 67 0 68 68 0 69 69 0 70 70 0 72 72 0 53 53 0 52 52 0 71 71 0 72 72 0 52 52 0 54 54 0 53 53 0 73 73 0 73 73 0 53 53 0 72 72 0 55 55 0 54 54 0 74 74 0 74 74 0 54 54 0 73 73 0 56 56 0 55 55 0 75 75 0 75 75 0 55 55 0 74 74 0 57 57 0 56 56 0 76 76 0 76 76 0 56 56 0 75 75 0 58 58 0 57 57 0 77 77 0 77 77 0 57 57 0 76 76 0 59 59 0 58 58 0 78 78 0 78 78 0 58 58 0 77 77 0 60 60 0 59 59 0 79 79 0 79 79 0 59 59 0 78 78 0 61 61 0 60 60 0 80 80 0 80 80 0 60 60 0 79 79 0 62 62 0 61 61 0 81 81 0 81 81 0 61 61 0 80 80 0 63 63 0 62 62 0 82 82 0 82 82 0 62 62 0 81 81 0 64 64 0 63 63 0 83 83 0 83 83 0 63 63 0 82 82 0 65 65 0 64 64 0 84 84 0 84 84 0 64 64 0 83 83 0 66 66 0 65 65 0 85 85 0 85 85 0 65 65 0 84 84 0 67 67 0 66 66 0 86 86 0 86 86 0 66 66 0 85 85 0 69 69 0 67 67 0 87 87 0 87 87 0 67 67 0 86 86 0 88 88 0 70 70 0 69 69 0 87 87 0 88 88 0 69 69 0 91 91 0 89 89 0 90 90 0 71 71 0 89 89 0 91 91 0 71 71 0 91 91 0 72 72 0 72 72 0 91 91 0 92 92 0 73 73 0 72 72 0 93 93 0 93 93 0 72 72 0 92 92 0 74 74 0 73 73 0 94 94 0 94 94 0 73 73 0 93 93 0 75 75 0 74 74 0 95 95 0 95 95 0 74 74 0 94 94 0 76 76 0 75 75 0 96 96 0 96 96 0 75 75 0 95 95 0 77 77 0 76 76 0 97 97 0 97 97 0 76 76 0 96 96 0 78 78 0 77 77 0 98 98 0 98 98 0 77 77 0 97 97 0 79 79 0 78 78 0 99 99 0 99 99 0 78 78 0 98 98 0 80 80 0 79 79 0 100 100 0 100 100 0 79 79 0 99 99 0 81 81 0 80 80 0 101 101 0 101 101 0 80 80 0 100 100 0 82 82 0 81 81 0 102 102 0 102 102 0 81 81 0 101 101 0 83 83 0 82 82 0 103 103 0 103 103 0 82 82 0 102 102 0 84 84 0 83 83 0 104 104 0 104 104 0 83 83 0 103 103 0 85 85 0 84 84 0 105 105 0 105 105 0 84 84 0 104 104 0 86 86 0 85 85 0 106 106 0 106 106 0 85 85 0 105 105 0 87 87 0 86 86 0 107 107 0 107 107 0 86 86 0 106 106 0 108 108 0 88 88 0 87 87 0 108 108 0 87 87 0 109 109 0 109 109 0 87 87 0 107 107 0 108 108 0 109 109 0 110 110 0 112 112 0 91 91 0 90 90 0 111 111 0 112 112 0 90 90 0 92 92 0 91 91 0 113 113 0 113 113 0 91 91 0 112 112 0 93 93 0 92 92 0 114 114 0 114 114 0 92 92 0 113 113 0 94 94 0 93 93 0 115 115 0 115 115 0 93 93 0 114 114 0 95 95 0 94 94 0 116 116 0 116 116 0 94 94 0 115 115 0 96 96 0 95 95 0 117 117 0 117 117 0 95 95 0 116 116 0 97 97 0 96 96 0 118 118 0 118 118 0 96 96 0 117 117 0 98 98 0 97 97 0 119 119 0 119 119 0 97 97 0 118 118 0 99 99 0 98 98 0 120 120 0 120 120 0 98 98 0 119 119 0 100 100 0 99 99 0 121 121 0 121 121 0 99 99 0 120 120 0 101 101 0 100 100 0 122 122 0 122 122 0 100 100 0 121 121 0 102 102 0 101 101 0 123 123 0 123 123 0 101 101 0 122 122 0 103 103 0 102 102 0 124 124 0 124 124 0 102 102 0 123 123 0 104 104 0 103 103 0 125 125 0 125 125 0 103 103 0 124 124 0 105 105 0 104 104 0 126 126 0 126 126 0 104 104 0 125 125 0 106 106 0 105 105 0 127 127 0 127 127 0 105 105 0 126 126 0 107 107 0 106 106 0 128 128 0 128 128 0 106 106 0 127 127 0 109 109 0 107 107 0 129 129 0 129 129 0 107 107 0 128 128 0 130 130 0 110 110 0 109 109 0 129 129 0 130 130 0 109 109 0 133 133 0 131 131 0 132 132 0 111 111 0 131 131 0 133 133 0 111 111 0 133 133 0 112 112 0 112 112 0 133 133 0 134 134 0 113 113 0 112 112 0 135 135 0 135 135 0 112 112 0 134 134 0 114 114 0 113 113 0 136 136 0 136 136 0 113 113 0 135 135 0 115 115 0 114 114 0 137 137 0 137 137 0 114 114 0 136 136 0 116 116 0 115 115 0 138 138 0 138 138 0 115 115 0 137 137 0 117 117 0 116 116 0 139 139 0 139 139 0 116 116 0 138 138 0 118 118 0 117 117 0 140 140 0 140 140 0 117 117 0 139 139 0 119 119 0 118 118 0 141 141 0 141 141 0 118 118 0 140 140 0 120 120 0 119 119 0 142 142 0 142 142 0 119 119 0 141 141 0 121 121 0 120 120 0 143 143 0 143 143 0 120 120 0 142 142 0 122 122 0 121 121 0 144 144 0 144 144 0 121 121 0 143 143 0 123 123 0 122 122 0 145 145 0 145 145 0 122 122 0 144 144 0 124 124 0 123 123 0 146 146 0 146 146 0 123 123 0 145 145 0 125 125 0 124 124 0 147 147 0 147 147 0 124 124 0 146 146 0 126 126 0 125 125 0 148 148 0 148 148 0 125 125 0 147 147 0 127 127 0 126 126 0 149 149 0 149 149 0 126 126 0 148 148 0 128 128 0 127 127 0 150 150 0 150 150 0 127 127 0 149 149 0 129 129 0 128 128 0 151 151 0 151 151 0 128 128 0 150 150 0 152 152 0 130 130 0 129 129 0 152 152 0 129 129 0 153 153 0 153 153 0 129 129 0 151 151 0 152 152 0 153 153 0 154 154 0 156 156 0 133 133 0 132 132 0 155 155 0 156 156 0 132 132 0 134 134 0 133 133 0 157 157 0 157 157 0 133 133 0 156 156 0 135 135 0 134 134 0 158 158 0 158 158 0 134 134 0 157 157 0 136 136 0 135 135 0 159 159 0 159 159 0 135 135 0 158 158 0 137 137 0 136 136 0 160 160 0 160 160 0 136 136 0 159 159 0 138 138 0 137 137 0 161 161 0 161 161 0 137 137 0 160 160 0 139 139 0 138 138 0 162 162 0 162 162 0 138 138 0 161 161 0 140 140 0 139 139 0 163 163 0 163 163 0 139 139 0 162 162 0 141 141 0 140 140 0 164 164 0 164 164 0 140 140 0 163 163 0 142 142 0 141 141 0 165 165 0 165 165 0 141 141 0 164 164 0 143 143 0 142 142 0 166 166 0 166 166 0 142 142 0 165 165 0 144 144 0 143 143 0 167 167 0 167 167 0 143 143 0 166 166 0 145 145 0 144 144 0 168 168 0 168 168 0 144 144 0 167 167 0 146 146 0 145 145 0 169 169 0 169 169 0 145 145 0 168 168 0 147 147 0 146 146 0 170 170 0 170 170 0 146 146 0 169 169 0 148 148 0 147 147 0 171 171 0 171 171 0 147 147 0 170 170 0 149 149 0 148 148 0 172 172 0 172 172 0 148 148 0 171 171 0 150 150 0 149 149 0 173 173 0 173 173 0 149 149 0 172 172 0 151 151 0 150 150 0 174 174 0 174 174 0 150 150 0 173 173 0 153 153 0 151 151 0 175 175 0 175 175 0 151 151 0 174 174 0 176 176 0 154 154 0 153 153 0 175 175 0 176 176 0 153 153 0 178 178 0 156 156 0 155 155 0 177 177 0 178 178 0 155 155 0 157 157 0 156 156 0 179 179 0 179 179 0 156 156 0 178 178 0 158 158 0 157 157 0 180 180 0 180 180 0 157 157 0 179 179 0 159 159 0 158 158 0 181 181 0 181 181 0 158 158 0 180 180 0 160 160 0 159 159 0 182 182 0 182 182 0 159 159 0 181 181 0 161 161 0 160 160 0 183 183 0 183 183 0 160 160 0 182 182 0 162 162 0 161 161 0 184 184 0 184 184 0 161 161 0 183 183 0 163 163 0 162 162 0 185 185 0 185 185 0 162 162 0 184 184 0 164 164 0 163 163 0 186 186 0 186 186 0 163 163 0 185 185 0 165 165 0 164 164 0 187 187 0 187 187 0 164 164 0 186 186 0 166 166 0 165 165 0 188 188 0 188 188 0 165 165 0 187 187 0 167 167 0 166 166 0 189 189 0 189 189 0 166 166 0 188 188 0 168 168 0 167 167 0 190 190 0 190 190 0 167 167 0 189 189 0 169 169 0 168 168 0 191 191 0 191 191 0 168 168 0 190 190 0 170 170 0 169 169 0 192 192 0 192 192 0 169 169 0 191 191 0 171 171 0 170 170 0 193 193 0 193 193 0 170 170 0 192 192 0 172 172 0 171 171 0 194 194 0 194 194 0 171 171 0 193 193 0 173 173 0 172 172 0 195 195 0 195 195 0 172 172 0 194 194 0 174 174 0 173 173 0 196 196 0 196 196 0 173 173 0 195 195 0 175 175 0 174 174 0 197 197 0 197 197 0 174 174 0 196 196 0 198 198 0 176 176 0 175 175 0 198 198 0 175 175 0 199 199 0 199 199 0 175 175 0 197 197 0 198 198 0 199 199 0 200 200 0 202 202 0 178 178 0 177 177 0 201 201 0 202 202 0 177 177 0 179 179 0 178 178 0 203 203 0 203 203 0 178 178 0 202 202 0 180 180 0 179 179 0 204 204 0 204 204 0 179 179 0 203 203 0 181 181 0 180 180 0 205 205 0 205 205 0 180 180 0 204 204 0 182 182 0 181 181 0 206 206 0 206 206 0 181 181 0 205 205 0 183 183 0 182 182 0 207 207 0 207 207 0 182 182 0 206 206 0 184 184 0 183 183 0 208 208 0 208 208 0 183 183 0 207 207 0 185 185 0 184 184 0 209 209 0 209 209 0 184 184 0 208 208 0 186 186 0 185 185 0 210 210 0 210 210 0 185 185 0 209 209 0 187 187 0 186 186 0 211 211 0 211 211 0 186 186 0 210 210 0 188 188 0 187 187 0 212 212 0 212 212 0 187 187 0 211 211 0 189 189 0 188 188 0 213 213 0 213 213 0 188 188 0 212 212 0 190 190 0 189 189 0 214 214 0 214 214 0 189 189 0 213 213 0 191 191 0 190 190 0 215 215 0 215 215 0 190 190 0 214 214 0 192 192 0 191 191 0 216 216 0 216 216 0 191 191 0 215 215 0 193 193 0 192 192 0 217 217 0 217 217 0 192 192 0 216 216 0 194 194 0 193 193 0 218 218 0 218 218 0 193 193 0 217 217 0 195 195 0 194 194 0 219 219 0 219 219 0 194 194 0 218 218 0 196 196 0 195 195 0 220 220 0 220 220 0 195 195 0 219 219 0 197 197 0 196 196 0 221 221 0 221 221 0 196 196 0 220 220 0 223 223 0 222 222 0 199 199 0 223 223 0 199 199 0 221 221 0 221 221 0 199 199 0 197 197 0 200 200 0 199 199 0 222 222 0 225 225 0 202 202 0 201 201 0 224 224 0 225 225 0 201 201 0 203 203 0 202 202 0 226 226 0 226 226 0 202 202 0 225 225 0 204 204 0 203 203 0 227 227 0 227 227 0 203 203 0 226 226 0 205 205 0 204 204 0 228 228 0 228 228 0 204 204 0 227 227 0 206 206 0 205 205 0 229 229 0 229 229 0 205 205 0 228 228 0 207 207 0 206 206 0 230 230 0 230 230 0 206 206 0 229 229 0 208 208 0 207 207 0 231 231 0 231 231 0 207 207 0 230 230 0 209 209 0 208 208 0 232 232 0 232 232 0 208 208 0 231 231 0 210 210 0 209 209 0 233 233 0 233 233 0 209 209 0 232 232 0 211 211 0 210 210 0 234 234 0 234 234 0 210 210 0 233 233 0 212 212 0 211 211 0 235 235 0 235 235 0 211 211 0 234 234 0 213 213 0 212 212 0 236 236 0 236 236 0 212 212 0 235 235 0 214 214 0 213 213 0 237 237 0 237 237 0 213 213 0 236 236 0 215 215 0 214 214 0 238 238 0 238 238 0 214 214 0 237 237 0 216 216 0 215 215 0 239 239 0 239 239 0 215 215 0 238 238 0 217 217 0 216 216 0 240 240 0 240 240 0 216 216 0 239 239 0 218 218 0 217 217 0 241 241 0 241 241 0 217 217 0 240 240 0 219 219 0 218 218 0 242 242 0 242 242 0 218 218 0 241 241 0 220 220 0 219 219 0 243 243 0 243 243 0 219 219 0 242 242 0 221 221 0 220 220 0 244 244 0 244 244 0 220 220 0 243 243 0 245 245 0 223 223 0 221 221 0 244 244 0 245 245 0 221 221 0 247 247 0 225 225 0 224 224 0 246 246 0 247 247 0 224 224 0 226 226 0 225 225 0 248 248 0 248 248 0 225 225 0 247 247 0 227 227 0 226 226 0 249 249 0 249 249 0 226 226 0 248 248 0 228 228 0 227 227 0 250 250 0 250 250 0 227 227 0 249 249 0 229 229 0 228 228 0 251 251 0 251 251 0 228 228 0 250 250 0 230 230 0 229 229 0 252 252 0 252 252 0 229 229 0 251 251 0 231 231 0 230 230 0 253 253 0 253 253 0 230 230 0 252 252 0 232 232 0 231 231 0 254 254 0 254 254 0 231 231 0 253 253 0 233 233 0 232 232 0 255 255 0 255 255 0 232 232 0 254 254 0 234 234 0 233 233 0 256 256 0 256 256 0 233 233 0 255 255 0 235 235 0 234 234 0 257 236 0 257 236 0 234 234 0 256 256 0 236 236 0 235 235 0 258 257 0 258 257 0 235 235 0 257 236 0 237 237 0 236 236 0 259 258 0 259 258 0 236 236 0 258 257 0 238 238 0 237 237 0 260 259 0 260 259 0 237 237 0 259 258 0 239 239 0 238 238 0 261 260 0 261 260 0 238 238 0 260 259 0 240 240 0 239 239 0 262 261 0 262 261 0 239 239 0 261 260 0 241 241 0 240 240 0 263 262 0 263 262 0 240 240 0 262 261 0 242 242 0 241 241 0 264 263 0 264 263 0 241 241 0 263 262 0 243 243 0 242 242 0 265 264 0 265 264 0 242 242 0 264 263 0 244 244 0 243 243 0 266 265 0 266 265 0 243 243 0 265 264 0 267 266 0 245 245 0 244 244 0 266 265 0 267 266 0 244 244 0 247 247 0 246 246 0 268 267 0 268 267 0 269 268 0 270 269 0 268 267 0 270 269 0 247 247 0 247 247 0 270 269 0 248 248 0 249 249 0 248 248 0 271 270 0 271 270 0 248 248 0 270 269 0 250 250 0 249 249 0 272 271 0 272 271 0 249 249 0 271 270 0 251 251 0 250 250 0 273 272 0 273 272 0 250 250 0 272 271 0 252 252 0 251 251 0 274 273 0 274 273 0 251 251 0 273 272 0 253 253 0 252 252 0 275 274 0 275 274 0 252 252 0 274 273 0 254 254 0 253 253 0 276 275 0 276 275 0 253 253 0 275 274 0 255 255 0 254 254 0 277 276 0 277 276 0 254 254 0 276 275 0 256 256 0 255 255 0 278 277 0 278 277 0 255 255 0 277 276 0 257 236 0 256 256 0 279 278 0 279 278 0 256 256 0 278 277 0 258 257 0 257 236 0 280 279 0 280 279 0 257 236 0 279 278 0 259 258 0 258 257 0 281 280 0 281 280 0 258 257 0 280 279 0 260 259 0 259 258 0 282 281 0 282 281 0 259 258 0 281 280 0 261 260 0 260 259 0 283 282 0 283 282 0 260 259 0 282 281 0 262 261 0 261 260 0 284 283 0 284 283 0 261 260 0 283 282 0 263 262 0 262 261 0 285 284 0 285 284 0 262 261 0 284 283 0 264 263 0 263 262 0 286 285 0 286 285 0 263 262 0 285 284 0 265 264 0 264 263 0 287 286 0 287 286 0 264 263 0 286 285 0 289 288 0 288 287 0 266 265 0 289 288 0 266 265 0 287 286 0 287 286 0 266 265 0 265 264 0 267 266 0 266 265 0 288 287 0 291 290 0 270 269 0 269 268 0 290 289 0 291 290 0 269 268 0 271 270 0 270 269 0 292 291 0 292 291 0 270 269 0 291 290 0 272 271 0 271 270 0 293 292 0 293 292 0 271 270 0 292 291 0 273 272 0 272 271 0 294 293 0 294 293 0 272 271 0 293 292 0 274 273 0 273 272 0 295 294 0 295 294 0 273 272 0 294 293 0 275 274 0 274 273 0 296 295 0 296 295 0 274 273 0 295 294 0 276 275 0 275 274 0 297 296 0 297 296 0 275 274 0 296 295 0 277 276 0 276 275 0 298 297 0 298 297 0 276 275 0 297 296 0 278 277 0 277 276 0 299 298 0 299 298 0 277 276 0 298 297 0 279 278 0 278 277 0 300 299 0 300 299 0 278 277 0 299 298 0 280 279 0 279 278 0 301 300 0 301 300 0 279 278 0 300 299 0 281 280 0 280 279 0 302 301 0 302 301 0 280 279 0 301 300 0 282 281 0 281 280 0 303 302 0 303 302 0 281 280 0 302 301 0 283 282 0 282 281 0 304 303 0 304 303 0 282 281 0 303 302 0 284 283 0 283 282 0 305 304 0 305 304 0 283 282 0 304 303 0 285 284 0 284 283 0 306 305 0 306 305 0 284 283 0 305 304 0 286 285 0 285 284 0 307 306 0 307 306 0 285 284 0 306 305 0 287 286 0 286 285 0 308 307 0 308 307 0 286 285 0 307 306 0 309 308 0 289 288 0 287 286 0 308 307 0 309 308 0 287 286 0 291 290 0 290 289 0 310 309 0 310 309 0 311 310 0 312 311 0 310 309 0 312 311 0 291 290 0 291 290 0 312 311 0 292 291 0 293 292 0 292 291 0 313 312 0 313 312 0 292 291 0 312 311 0 294 293 0 293 292 0 314 313 0 314 313 0 293 292 0 313 312 0 295 294 0 294 293 0 315 314 0 315 314 0 294 293 0 314 313 0 296 295 0 295 294 0 316 315 0 316 315 0 295 294 0 315 314 0 297 296 0 296 295 0 317 316 0 317 316 0 296 295 0 316 315 0 298 297 0 297 296 0 318 317 0 318 317 0 297 296 0 317 316 0 299 298 0 298 297 0 319 318 0 319 318 0 298 297 0 318 317 0 300 299 0 299 298 0 320 319 0 320 319 0 299 298 0 319 318 0 301 300 0 300 299 0 321 320 0 321 320 0 300 299 0 320 319 0 302 301 0 301 300 0 322 321 0 322 321 0 301 300 0 321 320 0 303 302 0 302 301 0 323 322 0 323 322 0 302 301 0 322 321 0 304 303 0 303 302 0 324 323 0 324 323 0 303 302 0 323 322 0 305 304 0 304 303 0 325 324 0 325 324 0 304 303 0 324 323 0 306 305 0 305 304 0 326 325 0 326 325 0 305 304 0 325 324 0 307 306 0 306 305 0 327 326 0 327 326 0 306 305 0 326 325 0 329 328 0 328 327 0 308 307 0 329 328 0 308 307 0 327 326 0 327 326 0 308 307 0 307 306 0 309 308 0 308 307 0 328 327 0 312 311 0 311 310 0 330 329 0 330 329 0 331 330 0 332 331 0 330 329 0 332 331 0 312 311 0 312 311 0 332 331 0 313 312 0 314 313 0 313 312 0 333 332 0 333 332 0 313 312 0 332 331 0 315 314 0 314 313 0 334 333 0 334 333 0 314 313 0 333 332 0 316 315 0 315 314 0 335 334 0 335 334 0 315 314 0 334 333 0 317 316 0 316 315 0 336 335 0 336 335 0 316 315 0 335 334 0 318 317 0 317 316 0 337 336 0 337 336 0 317 316 0 336 335 0 319 318 0 318 317 0 338 337 0 338 337 0 318 317 0 337 336 0 320 319 0 319 318 0 339 338 0 339 338 0 319 318 0 338 337 0 321 320 0 320 319 0 340 339 0 340 339 0 320 319 0 339 338 0 322 321 0 321 320 0 341 340 0 341 340 0 321 320 0 340 339 0 323 322 0 322 321 0 342 341 0 342 341 0 322 321 0 341 340 0 324 323 0 323 322 0 343 342 0 343 342 0 323 322 0 342 341 0 325 324 0 324 323 0 344 343 0 344 343 0 324 323 0 343 342 0 326 325 0 325 324 0 345 344 0 345 344 0 325 324 0 344 343 0 347 346 0 346 345 0 327 326 0 347 346 0 327 326 0 345 344 0 345 344 0 327 326 0 326 325 0 329 328 0 327 326 0 346 345 0 332 331 0 331 330 0 348 347 0 348 347 0 349 348 0 350 349 0 348 347 0 350 349 0 332 331 0 332 331 0 350 349 0 333 332 0 334 333 0 333 332 0 351 350 0 351 350 0 333 332 0 350 349 0 335 334 0 334 333 0 352 351 0 352 351 0 334 333 0 351 350 0 336 335 0 335 334 0 353 352 0 353 352 0 335 334 0 352 351 0 337 336 0 336 335 0 354 353 0 354 353 0 336 335 0 353 352 0 338 337 0 337 336 0 355 354 0 355 354 0 337 336 0 354 353 0 339 338 0 338 337 0 356 355 0 356 355 0 338 337 0 355 354 0 340 339 0 339 338 0 357 356 0 357 356 0 339 338 0 356 355 0 341 340 0 340 339 0 358 357 0 358 357 0 340 339 0 357 356 0 342 341 0 341 340 0 359 358 0 359 358 0 341 340 0 358 357 0 343 342 0 342 341 0 360 359 0 360 359 0 342 341 0 359 358 0 344 343 0 343 342 0 361 360 0 361 360 0 343 342 0 360 359 0 345 344 0 344 343 0 362 361 0 362 361 0 344 343 0 361 360 0 363 362 0 347 346 0 345 344 0 362 361 0 363 362 0 345 344 0 350 349 0 349 348 0 364 363 0 351 350 0 350 349 0 364 363 0 365 364 0 351 350 0 364 363 0 365 364 0 366 365 0 367 366 0 365 364 0 367 366 0 351 350 0 351 350 0 367 366 0 352 351 0 353 352 0 352 351 0 368 367 0 368 367 0 352 351 0 367 366 0 354 353 0 353 352 0 369 368 0 369 368 0 353 352 0 368 367 0 355 354 0 354 353 0 370 369 0 370 369 0 354 353 0 369 368 0 356 355 0 355 354 0 371 370 0 371 370 0 355 354 0 370 369 0 357 356 0 356 355 0 372 371 0 372 371 0 356 355 0 371 370 0 358 357 0 357 356 0 373 372 0 373 372 0 357 356 0 372 371 0 359 358 0 358 357 0 374 373 0 374 373 0 358 357 0 373 372 0 360 359 0 359 358 0 375 374 0 375 374 0 359 358 0 374 373 0 377 376 0 376 375 0 361 360 0 377 376 0 361 360 0 375 374 0 375 374 0 361 360 0 360 359 0 362 361 0 361 360 0 376 375 0 378 377 0 362 361 0 376 375 0 363 362 0 362 361 0 378 377 0 367 366 0 366 365 0 379 378 0 368 367 0 367 366 0 379 378 0 380 379 0 368 367 0 379 378 0 380 379 0 381 380 0 382 381 0 380 379 0 382 381 0 368 367 0 368 367 0 382 381 0 369 368 0 370 369 0 369 368 0 383 382 0 383 382 0 369 368 0 382 381 0 371 370 0 370 369 0 384 383 0 384 383 0 370 369 0 383 382 0 372 371 0 371 370 0 385 384 0 385 384 0 371 370 0 384 383 0 373 372 0 372 371 0 386 385 0 386 385 0 372 371 0 385 384 0 388 387 0 387 386 0 374 373 0 388 387 0 374 373 0 386 385 0 386 385 0 374 373 0 373 372 0 375 374 0 374 373 0 387 386 0 389 388 0 375 374 0 387 386 0 377 376 0 375 374 0 389 388 0 382 381 0 381 380 0 390 389 0 383 382 0 382 381 0 390 389 0 391 390 0 383 382 0 390 389 0 384 383 0 383 382 0 391 390 0 392 391 0 384 383 0 391 390 0 385 384 0 384 383 0 392 391 0 393 392 0 385 384 0 392 391 0 386 385 0 385 384 0 393 392 0 394 393 0 386 385 0 393 392 0 388 387 0 386 385 0 394 393 0 397 396 0 395 394 0 396 395 0 397 396 0 399 398 0 398 397 0 395 394 0 397 396 0 398 397 0 399 398 0 401 400 0 400 399 0 398 397 0 399 398 0 400 399 0 401 400 0 403 402 0 402 401 0 400 399 0 401 400 0 402 401 0 403 402 0 405 404 0 404 403 0 402 401 0 403 402 0 404 403 0 404 403 0 405 404 0 406 405 0 409 408 0 407 406 0 408 407 0 409 408 0 411 410 0 410 409 0 407 406 0 409 408 0 410 409 0 411 410 0 413 412 0 412 411 0 410 409 0 411 410 0 412 411 0 396 395 0 412 411 0 413 412 0 396 395 0 413 412 0 397 396 0 397 396 0 413 412 0 414 413 0 399 398 0 397 396 0 415 414 0 415 414 0 397 396 0 414 413 0 401 400 0 399 398 0 416 415 0 416 415 0 399 398 0 415 414 0 403 402 0 401 400 0 417 416 0 417 416 0 401 400 0 416 415 0 405 404 0 403 402 0 418 417 0 418 417 0 403 402 0 417 416 0 419 418 0 406 405 0 405 404 0 419 418 0 405 404 0 420 419 0 420 419 0 405 404 0 418 417 0 420 419 0 422 421 0 421 420 0 419 418 0 420 419 0 421 420 0 422 421 0 424 423 0 423 422 0 421 420 0 422 421 0 423 422 0 423 422 0 424 423 0 425 424 0 428 427 0 426 425 0 427 426 0 408 407 0 426 425 0 428 427 0 408 407 0 428 427 0 409 408 0 409 408 0 428 427 0 429 428 0 411 410 0 409 408 0 430 429 0 430 429 0 409 408 0 429 428 0 413 412 0 411 410 0 431 430 0 431 430 0 411 410 0 430 429 0 0 0 0 431 430 0 1 1 0 0 0 0 414 413 0 431 430 0 414 413 0 413 412 0 431 430 0 3 3 0 414 413 0 0 0 0 415 414 0 414 413 0 3 3 0 5 5 0 415 414 0 3 3 0 416 415 0 415 414 0 5 5 0 7 7 0 416 415 0 5 5 0 417 416 0 416 415 0 7 7 0 9 9 0 417 416 0 7 7 0 418 417 0 417 416 0 9 9 0 11 11 0 418 417 0 9 9 0 420 419 0 418 417 0 11 11 0 13 13 0 420 419 0 11 11 0 13 13 0 432 431 0 420 419 0 432 431 0 422 421 0 420 419 0 424 423 0 422 421 0 433 432 0 433 432 0 422 421 0 432 431 0 434 433 0 425 424 0 424 423 0 434 433 0 424 423 0 435 434 0 435 434 0 424 423 0 433 432 0 435 434 0 437 436 0 436 435 0 434 433 0 435 434 0 436 435 0 436 435 0 437 436 0 438 437 0 441 440 0 439 438 0 440 439 0 427 426 0 439 438 0 441 440 0 427 426 0 441 440 0 428 427 0 428 427 0 441 440 0 442 441 0 14 14 0 442 441 0 15 15 0 14 14 0 429 428 0 442 441 0 429 428 0 428 427 0 442 441 0 17 17 0 429 428 0 14 14 0 430 429 0 429 428 0 17 17 0 19 19 0 430 429 0 17 17 0 431 430 0 430 429 0 19 19 0 1 1 0 431 430 0 19 19 0 13 13 0 27 27 0 432 431 0 29 29 0 432 431 0 27 27 0 433 432 0 432 431 0 29 29 0 31 31 0 433 432 0 29 29 0 31 31 0 443 442 0 433 432 0 443 442 0 435 434 0 433 432 0 437 436 0 435 434 0 444 443 0 444 443 0 435 434 0 443 442 0 445 444 0 438 437 0 437 436 0 445 444 0 437 436 0 446 445 0 446 445 0 437 436 0 444 443 0 445 444 0 446 445 0 447 446 0 450 449 0 448 447 0 449 448 0 440 439 0 448 447 0 450 449 0 440 439 0 450 449 0 441 440 0 441 440 0 450 449 0 451 450 0 32 32 0 451 450 0 33 33 0 32 32 0 442 441 0 451 450 0 442 441 0 441 440 0 451 450 0 15 15 0 442 441 0 32 32 0 31 31 0 46 46 0 443 442 0 48 48 0 443 442 0 46 46 0 444 443 0 443 442 0 48 48 0 50 50 0 444 443 0 48 48 0 50 50 0 452 451 0 444 443 0 452 451 0 446 445 0 444 443 0 453 452 0 447 446 0 446 445 0 453 452 0 446 445 0 454 453 0 454 453 0 446 445 0 452 451 0 453 452 0 454 453 0 455 454 0 458 457 0 456 455 0 457 456 0 449 448 0 456 455 0 458 457 0 449 448 0 458 457 0 450 449 0 450 449 0 458 457 0 459 458 0 51 51 0 459 458 0 52 52 0 51 51 0 451 450 0 459 458 0 451 450 0 450 449 0 459 458 0 33 33 0 451 450 0 51 51 0 50 50 0 68 68 0 452 451 0 70 70 0 452 451 0 68 68 0 70 70 0 460 459 0 452 451 0 460 459 0 454 453 0 452 451 0 461 460 0 455 454 0 454 453 0 461 460 0 454 453 0 462 461 0 462 461 0 454 453 0 460 459 0 461 460 0 462 461 0 463 462 0 466 465 0 464 463 0 465 464 0 457 456 0 464 463 0 466 465 0 457 456 0 466 465 0 458 457 0 458 457 0 466 465 0 467 466 0 459 458 0 458 457 0 468 467 0 468 467 0 458 457 0 467 466 0 52 52 0 468 467 0 71 71 0 459 458 0 468 467 0 52 52 0 460 459 0 88 88 0 469 468 0 70 70 0 88 88 0 460 459 0 462 461 0 460 459 0 470 469 0 470 469 0 460 459 0 469 468 0 471 470 0 463 462 0 462 461 0 470 469 0 471 470 0 462 461 0 473 472 0 466 465 0 465 464 0 472 471 0 473 472 0 465 464 0 467 466 0 466 465 0 474 473 0 474 473 0 466 465 0 473 472 0 89 89 0 474 473 0 90 90 0 89 89 0 468 467 0 474 473 0 468 467 0 467 466 0 474 473 0 71 71 0 468 467 0 89 89 0 88 88 0 108 108 0 469 468 0 110 110 0 469 468 0 108 108 0 110 110 0 475 474 0 469 468 0 475 474 0 470 469 0 469 468 0 476 475 0 471 470 0 470 469 0 476 475 0 470 469 0 477 476 0 477 476 0 470 469 0 475 474 0 476 475 0 477 476 0 478 477 0 480 479 0 473 472 0 472 471 0 479 478 0 480 479 0 472 471 0 474 473 0 473 472 0 481 480 0 481 480 0 473 472 0 480 479 0 90 90 0 481 480 0 111 111 0 474 473 0 481 480 0 90 90 0 475 474 0 130 130 0 482 481 0 110 110 0 130 130 0 475 474 0 477 476 0 475 474 0 483 482 0 483 482 0 475 474 0 482 481 0 484 483 0 478 477 0 477 476 0 483 482 0 484 483 0 477 476 0 487 486 0 485 484 0 486 485 0 479 478 0 485 484 0 487 486 0 479 478 0 487 486 0 480 479 0 480 479 0 487 486 0 488 487 0 131 131 0 488 487 0 132 132 0 131 131 0 481 480 0 488 487 0 481 480 0 480 479 0 488 487 0 111 111 0 481 480 0 131 131 0 130 130 0 152 152 0 482 481 0 154 154 0 482 481 0 152 152 0 154 154 0 489 488 0 482 481 0 489 488 0 483 482 0 482 481 0 490 489 0 484 483 0 483 482 0 490 489 0 483 482 0 491 490 0 491 490 0 483 482 0 489 488 0 490 489 0 491 490 0 492 491 0 494 493 0 487 486 0 486 485 0 493 492 0 494 493 0 486 485 0 488 487 0 487 486 0 495 494 0 495 494 0 487 486 0 494 493 0 132 132 0 495 494 0 155 155 0 488 487 0 495 494 0 132 132 0 489 488 0 176 176 0 496 495 0 154 154 0 176 176 0 489 488 0 491 490 0 489 488 0 497 496 0 497 496 0 489 488 0 496 495 0 498 497 0 492 491 0 491 490 0 497 496 0 498 497 0 491 490 0 500 499 0 494 493 0 493 492 0 499 498 0 500 499 0 493 492 0 495 494 0 494 493 0 501 500 0 501 500 0 494 493 0 500 499 0 155 155 0 501 500 0 177 177 0 495 494 0 501 500 0 155 155 0 176 176 0 198 198 0 496 495 0 200 200 0 496 495 0 198 198 0 200 200 0 502 501 0 496 495 0 502 501 0 497 496 0 496 495 0 503 502 0 498 497 0 497 496 0 502 501 0 503 502 0 497 496 0 505 504 0 500 499 0 499 498 0 504 503 0 505 504 0 499 498 0 501 500 0 500 499 0 506 505 0 506 505 0 500 499 0 505 504 0 177 177 0 506 505 0 201 201 0 501 500 0 506 505 0 177 177 0 222 222 0 223 223 0 507 506 0 222 222 0 502 501 0 200 200 0 222 222 0 507 506 0 502 501 0 507 506 0 508 507 0 502 501 0 509 508 0 503 502 0 502 501 0 508 507 0 509 508 0 502 501 0 511 510 0 505 504 0 504 503 0 510 509 0 511 510 0 504 503 0 506 505 0 505 504 0 512 511 0 512 511 0 505 504 0 511 510 0 201 201 0 512 511 0 224 224 0 506 505 0 512 511 0 201 201 0 507 506 0 245 245 0 513 512 0 223 223 0 245 245 0 507 506 0 508 507 0 507 506 0 514 513 0 514 513 0 507 506 0 513 512 0 515 514 0 509 508 0 508 507 0 514 513 0 515 514 0 508 507 0 517 516 0 511 510 0 510 509 0 516 515 0 517 516 0 510 509 0 512 511 0 511 510 0 518 517 0 518 517 0 511 510 0 517 516 0 224 224 0 518 517 0 246 246 0 512 511 0 518 517 0 224 224 0 513 512 0 267 266 0 519 518 0 245 245 0 267 266 0 513 512 0 514 513 0 513 512 0 520 519 0 520 519 0 513 512 0 519 518 0 521 520 0 515 514 0 514 513 0 520 519 0 521 520 0 514 513 0 523 522 0 517 516 0 516 515 0 522 521 0 523 522 0 516 515 0 518 517 0 517 516 0 524 523 0 524 523 0 517 516 0 523 522 0 246 246 0 525 524 0 268 267 0 246 246 0 518 517 0 525 524 0 518 517 0 524 523 0 525 524 0 268 267 0 525 524 0 269 268 0 288 287 0 289 288 0 526 525 0 288 287 0 519 518 0 267 266 0 288 287 0 526 525 0 519 518 0 526 525 0 527 526 0 519 518 0 529 528 0 528 527 0 520 519 0 529 528 0 520 519 0 527 526 0 527 526 0 520 519 0 519 518 0 521 520 0 520 519 0 528 527 0 523 522 0 522 521 0 530 529 0 530 529 0 531 530 0 532 531 0 530 529 0 532 531 0 523 522 0 523 522 0 532 531 0 524 523 0 525 524 0 524 523 0 533 532 0 533 532 0 524 523 0 532 531 0 269 268 0 533 532 0 290 289 0 525 524 0 533 532 0 269 268 0 526 525 0 309 308 0 534 533 0 289 288 0 309 308 0 526 525 0 527 526 0 526 525 0 535 534 0 535 534 0 526 525 0 534 533 0 536 535 0 529 528 0 527 526 0 535 534 0 536 535 0 527 526 0 538 537 0 532 531 0 531 530 0 537 536 0 538 537 0 531 530 0 533 532 0 532 531 0 539 538 0 539 538 0 532 531 0 538 537 0 290 289 0 540 539 0 310 309 0 290 289 0 533 532 0 540 539 0 533 532 0 539 538 0 540 539 0 310 309 0 540 539 0 311 310 0 328 327 0 329 328 0 541 540 0 328 327 0 534 533 0 309 308 0 328 327 0 541 540 0 534 533 0 541 540 0 542 541 0 534 533 0 544 543 0 543 542 0 535 534 0 544 543 0 535 534 0 542 541 0 542 541 0 535 534 0 534 533 0 536 535 0 535 534 0 543 542 0 538 537 0 537 536 0 545 544 0 545 544 0 546 545 0 547 546 0 545 544 0 547 546 0 538 537 0 538 537 0 547 546 0 539 538 0 540 539 0 539 538 0 548 547 0 548 547 0 539 538 0 547 546 0 311 310 0 549 548 0 330 329 0 311 310 0 540 539 0 549 548 0 540 539 0 548 547 0 549 548 0 330 329 0 549 548 0 331 330 0 346 345 0 347 346 0 550 549 0 346 345 0 541 540 0 329 328 0 346 345 0 550 549 0 541 540 0 550 549 0 551 550 0 541 540 0 542 541 0 541 540 0 552 551 0 552 551 0 541 540 0 551 550 0 553 552 0 544 543 0 542 541 0 552 551 0 553 552 0 542 541 0 547 546 0 546 545 0 554 553 0 554 553 0 555 554 0 556 555 0 554 553 0 556 555 0 547 546 0 547 546 0 556 555 0 548 547 0 549 548 0 548 547 0 557 556 0 557 556 0 548 547 0 556 555 0 331 330 0 558 557 0 348 347 0 331 330 0 549 548 0 558 557 0 549 548 0 557 556 0 558 557 0 348 347 0 558 557 0 349 348 0 550 549 0 363 362 0 559 558 0 347 346 0 363 362 0 550 549 0 551 550 0 550 549 0 560 559 0 560 559 0 550 549 0 559 558 0 562 561 0 561 560 0 552 551 0 562 561 0 552 551 0 560 559 0 560 559 0 552 551 0 551 550 0 553 552 0 552 551 0 561 560 0 556 555 0 555 554 0 563 562 0 563 562 0 564 563 0 565 564 0 563 562 0 565 564 0 556 555 0 556 555 0 565 564 0 557 556 0 558 557 0 557 556 0 566 565 0 566 565 0 557 556 0 565 564 0 349 348 0 567 566 0 364 363 0 349 348 0 558 557 0 567 566 0 558 557 0 566 565 0 567 566 0 364 363 0 568 567 0 365 364 0 567 566 0 568 567 0 364 363 0 365 364 0 568 567 0 366 365 0 376 375 0 377 376 0 569 568 0 376 375 0 570 569 0 378 377 0 569 568 0 570 569 0 376 375 0 378 377 0 559 558 0 363 362 0 378 377 0 570 569 0 559 558 0 570 569 0 571 570 0 559 558 0 573 572 0 572 571 0 560 559 0 573 572 0 560 559 0 571 570 0 571 570 0 560 559 0 559 558 0 562 561 0 560 559 0 572 571 0 565 564 0 564 563 0 574 573 0 574 573 0 575 574 0 576 575 0 574 573 0 576 575 0 565 564 0 565 564 0 576 575 0 566 565 0 567 566 0 566 565 0 577 576 0 577 576 0 566 565 0 576 575 0 568 567 0 567 566 0 578 577 0 578 577 0 567 566 0 577 576 0 366 365 0 579 578 0 379 378 0 366 365 0 568 567 0 579 578 0 568 567 0 578 577 0 579 578 0 379 378 0 580 579 0 380 379 0 579 578 0 580 579 0 379 378 0 380 379 0 580 579 0 381 380 0 387 386 0 388 387 0 581 580 0 387 386 0 582 581 0 389 388 0 581 580 0 582 581 0 387 386 0 389 388 0 569 568 0 377 376 0 389 388 0 582 581 0 569 568 0 582 581 0 583 582 0 569 568 0 570 569 0 569 568 0 584 583 0 584 583 0 569 568 0 583 582 0 586 585 0 585 584 0 571 570 0 586 585 0 571 570 0 584 583 0 584 583 0 571 570 0 570 569 0 573 572 0 571 570 0 585 584 0 576 575 0 575 574 0 587 586 0 577 576 0 576 575 0 587 586 0 588 587 0 577 576 0 587 586 0 588 587 0 589 588 0 590 589 0 588 587 0 590 589 0 577 576 0 577 576 0 590 589 0 578 577 0 579 578 0 578 577 0 591 590 0 591 590 0 578 577 0 590 589 0 580 579 0 579 578 0 592 591 0 592 591 0 579 578 0 591 590 0 381 380 0 593 592 0 390 389 0 381 380 0 580 579 0 593 592 0 580 579 0 592 591 0 593 592 0 390 389 0 594 593 0 391 390 0 593 592 0 594 593 0 390 389 0 391 390 0 595 594 0 392 391 0 594 593 0 595 594 0 391 390 0 392 391 0 596 595 0 393 392 0 595 594 0 596 595 0 392 391 0 393 392 0 597 596 0 394 393 0 596 595 0 597 596 0 393 392 0 394 393 0 581 580 0 388 387 0 394 393 0 597 596 0 581 580 0 597 596 0 598 597 0 581 580 0 582 581 0 581 580 0 599 598 0 599 598 0 581 580 0 598 597 0 583 582 0 582 581 0 600 599 0 600 599 0 582 581 0 599 598 0 602 601 0 601 600 0 584 583 0 602 601 0 584 583 0 600 599 0 600 599 0 584 583 0 583 582 0 586 585 0 584 583 0 601 600 0 590 589 0 589 588 0 603 602 0 591 590 0 590 589 0 603 602 0 604 603 0 591 590 0 603 602 0 604 603 0 605 604 0 606 605 0 604 603 0 606 605 0 591 590 0 591 590 0 606 605 0 592 591 0 593 592 0 592 591 0 607 606 0 607 606 0 592 591 0 606 605 0 594 593 0 593 592 0 608 607 0 608 607 0 593 592 0 607 606 0 595 594 0 594 593 0 609 608 0 609 608 0 594 593 0 608 607 0 596 595 0 595 594 0 610 609 0 610 609 0 595 594 0 609 608 0 597 596 0 596 595 0 611 610 0 611 610 0 596 595 0 610 609 0 613 612 0 612 611 0 598 597 0 613 612 0 598 597 0 611 610 0 611 610 0 598 597 0 597 596 0 599 598 0 598 597 0 612 611 0 614 613 0 599 598 0 612 611 0 600 599 0 599 598 0 614 613 0 615 614 0 600 599 0 614 613 0 602 601 0 600 599 0 615 614 0 606 605 0 605 604 0 616 615 0 607 606 0 606 605 0 616 615 0 617 616 0 607 606 0 616 615 0 608 607 0 607 606 0 617 616 0 618 617 0 608 607 0 617 616 0 609 608 0 608 607 0 618 617 0 619 618 0 609 608 0 618 617 0 610 609 0 609 608 0 619 618 0 620 619 0 610 609 0 619 618 0 611 610 0 610 609 0 620 619 0 621 620 0 611 610 0 620 619 0 613 612 0 611 610 0 621 620 0 624 623 0 622 621 0 623 622 0 624 623 0 626 625 0 625 624 0 622 621 0 624 623 0 625 624 0 626 625 0 396 395 0 395 394 0 626 625 0 395 394 0 625 624 0 625 624 0 395 394 0 627 626 0 398 397 0 628 627 0 395 394 0 395 394 0 628 627 0 627 626 0 400 399 0 629 628 0 398 397 0 398 397 0 629 628 0 628 627 0 402 401 0 630 629 0 400 399 0 400 399 0 630 629 0 629 628 0 404 403 0 631 630 0 402 401 0 402 401 0 631 630 0 630 629 0 406 405 0 633 632 0 632 631 0 406 405 0 632 631 0 404 403 0 404 403 0 632 631 0 631 630 0 633 632 0 635 634 0 634 633 0 632 631 0 633 632 0 634 633 0 635 634 0 637 636 0 636 635 0 634 633 0 635 634 0 636 635 0 636 635 0 637 636 0 638 637 0 641 640 0 639 638 0 640 639 0 641 640 0 408 407 0 407 406 0 641 640 0 407 406 0 639 638 0 639 638 0 407 406 0 642 641 0 623 622 0 410 409 0 624 623 0 623 622 0 642 641 0 410 409 0 642 641 0 407 406 0 410 409 0 412 411 0 624 623 0 410 409 0 626 625 0 624 623 0 412 411 0 396 395 0 626 625 0 412 411 0 406 405 0 419 418 0 633 632 0 421 420 0 633 632 0 419 418 0 635 634 0 633 632 0 421 420 0 423 422 0 635 634 0 421 420 0 637 636 0 635 634 0 423 422 0 425 424 0 644 643 0 643 642 0 423 422 0 425 424 0 643 642 0 423 422 0 643 642 0 638 637 0 423 422 0 638 637 0 637 636 0 644 643 0 646 645 0 645 644 0 643 642 0 644 643 0 645 644 0 645 644 0 646 645 0 647 646 0 650 649 0 648 647 0 649 648 0 640 639 0 648 647 0 650 649 0 641 640 0 640 639 0 650 649 0 641 640 0 650 649 0 427 426 0 641 640 0 427 426 0 426 425 0 408 407 0 641 640 0 426 425 0 425 424 0 434 433 0 644 643 0 436 435 0 644 643 0 434 433 0 646 645 0 644 643 0 436 435 0 438 437 0 652 651 0 651 650 0 436 435 0 438 437 0 651 650 0 436 435 0 651 650 0 647 646 0 436 435 0 647 646 0 646 645 0 651 650 0 652 651 0 653 652 0 656 655 0 654 653 0 655 654 0 649 648 0 654 653 0 656 655 0 650 649 0 649 648 0 656 655 0 650 649 0 656 655 0 440 439 0 650 649 0 440 439 0 439 438 0 427 426 0 650 649 0 439 438 0 438 437 0 445 444 0 652 651 0 447 446 0 658 657 0 657 656 0 445 444 0 447 446 0 657 656 0 445 444 0 657 656 0 653 652 0 445 444 0 653 652 0 652 651 0 657 656 0 658 657 0 659 658 0 662 661 0 660 659 0 661 660 0 655 654 0 660 659 0 662 661 0 656 655 0 655 654 0 662 661 0 656 655 0 662 661 0 449 448 0 656 655 0 449 448 0 448 447 0 440 439 0 656 655 0 448 447 0 447 446 0 453 452 0 658 657 0 455 454 0 664 663 0 663 662 0 453 452 0 455 454 0 663 662 0 453 452 0 663 662 0 659 658 0 453 452 0 659 658 0 658 657 0 663 662 0 664 663 0 665 664 0 668 667 0 666 665 0 667 666 0 661 660 0 666 665 0 668 667 0 662 661 0 661 660 0 668 667 0 662 661 0 668 667 0 457 456 0 662 661 0 457 456 0 456 455 0 449 448 0 662 661 0 456 455 0 455 454 0 461 460 0 664 663 0 463 462 0 670 669 0 669 668 0 461 460 0 463 462 0 669 668 0 461 460 0 669 668 0 665 664 0 461 460 0 665 664 0 664 663 0 669 668 0 670 669 0 671 670 0 464 463 0 668 667 0 667 666 0 464 463 0 667 666 0 465 464 0 465 464 0 667 666 0 672 671 0 457 456 0 668 667 0 464 463 0 670 669 0 471 470 0 673 672 0 463 462 0 471 470 0 670 669 0 674 673 0 671 670 0 670 669 0 673 672 0 674 673 0 670 669 0 677 676 0 675 674 0 676 675 0 677 676 0 672 671 0 675 674 0 677 676 0 472 471 0 672 671 0 472 471 0 465 464 0 672 671 0 471 470 0 476 475 0 673 672 0 478 477 0 679 678 0 678 677 0 476 475 0 478 477 0 678 677 0 476 475 0 678 677 0 674 673 0 476 475 0 674 673 0 673 672 0 678 677 0 679 678 0 680 679 0 682 681 0 677 676 0 676 675 0 681 680 0 682 681 0 676 675 0 472 471 0 682 681 0 479 478 0 677 676 0 682 681 0 472 471 0 679 678 0 484 483 0 683 682 0 478 477 0 484 483 0 679 678 0 684 683 0 680 679 0 679 678 0 683 682 0 684 683 0 679 678 0 485 484 0 682 681 0 681 680 0 485 484 0 681 680 0 486 485 0 486 485 0 681 680 0 685 684 0 479 478 0 682 681 0 485 484 0 484 483 0 490 489 0 683 682 0 683 682 0 490 489 0 492 491 0 683 682 0 492 491 0 684 683 0 684 683 0 492 491 0 686 685 0 486 485 0 685 684 0 493 492 0 685 684 0 687 686 0 493 492 0 688 687 0 498 497 0 689 688 0 688 687 0 686 685 0 498 497 0 686 685 0 492 491 0 498 497 0 688 687 0 689 688 0 690 689 0 493 492 0 687 686 0 499 498 0 687 686 0 691 690 0 499 498 0 689 688 0 503 502 0 692 691 0 498 497 0 503 502 0 689 688 0 693 692 0 690 689 0 689 688 0 692 691 0 693 692 0 689 688 0 499 498 0 691 690 0 504 503 0 691 690 0 694 693 0 504 503 0 692 691 0 509 508 0 695 694 0 503 502 0 509 508 0 692 691 0 696 695 0 693 692 0 692 691 0 695 694 0 696 695 0 692 691 0 504 503 0 694 693 0 510 509 0 694 693 0 697 696 0 510 509 0 695 694 0 515 514 0 698 697 0 509 508 0 515 514 0 695 694 0 699 698 0 696 695 0 695 694 0 698 697 0 699 698 0 695 694 0 510 509 0 697 696 0 516 515 0 697 696 0 700 699 0 516 515 0 698 697 0 702 701 0 701 700 0 698 697 0 515 514 0 702 701 0 515 514 0 521 520 0 702 701 0 699 698 0 698 697 0 701 700 0 516 515 0 700 699 0 522 521 0 700 699 0 703 702 0 522 521 0 528 527 0 529 528 0 704 703 0 528 527 0 704 703 0 705 704 0 528 527 0 705 704 0 521 520 0 521 520 0 705 704 0 702 701 0 707 706 0 530 529 0 522 521 0 707 706 0 522 521 0 706 705 0 706 705 0 522 521 0 703 702 0 530 529 0 707 706 0 531 530 0 704 703 0 536 535 0 708 707 0 529 528 0 536 535 0 704 703 0 709 708 0 705 704 0 704 703 0 708 707 0 709 708 0 704 703 0 707 706 0 706 705 0 710 709 0 710 709 0 531 530 0 707 706 0 710 709 0 711 710 0 531 530 0 711 710 0 537 536 0 531 530 0 543 542 0 544 543 0 712 711 0 543 542 0 712 711 0 714 713 0 536 535 0 543 542 0 714 713 0 536 535 0 714 713 0 713 712 0 536 535 0 713 712 0 708 707 0 709 708 0 708 707 0 713 712 0 716 715 0 545 544 0 537 536 0 716 715 0 537 536 0 715 714 0 715 714 0 537 536 0 711 710 0 545 544 0 716 715 0 546 545 0 712 711 0 553 552 0 717 716 0 544 543 0 553 552 0 712 711 0 718 717 0 714 713 0 712 711 0 717 716 0 718 717 0 712 711 0 716 715 0 715 714 0 719 718 0 721 720 0 719 718 0 720 719 0 554 553 0 719 718 0 721 720 0 554 553 0 716 715 0 719 718 0 554 553 0 546 545 0 716 715 0 554 553 0 721 720 0 555 554 0 561 560 0 562 561 0 722 721 0 561 560 0 722 721 0 724 723 0 553 552 0 561 560 0 724 723 0 553 552 0 724 723 0 723 722 0 553 552 0 723 722 0 717 716 0 718 717 0 717 716 0 723 722 0 726 725 0 721 720 0 720 719 0 725 724 0 726 725 0 720 719 0 555 554 0 727 726 0 563 562 0 555 554 0 721 720 0 727 726 0 721 720 0 726 725 0 727 726 0 563 562 0 727 726 0 564 563 0 572 571 0 573 572 0 728 727 0 572 571 0 728 727 0 730 729 0 562 561 0 572 571 0 730 729 0 562 561 0 730 729 0 729 728 0 562 561 0 729 728 0 722 721 0 724 723 0 722 721 0 729 728 0 726 725 0 725 724 0 731 730 0 731 730 0 732 731 0 733 732 0 731 730 0 733 732 0 726 725 0 726 725 0 733 732 0 727 726 0 564 563 0 734 733 0 574 573 0 564 563 0 727 726 0 734 733 0 727 726 0 733 732 0 734 733 0 574 573 0 734 733 0 575 574 0 585 584 0 586 585 0 735 734 0 585 584 0 735 734 0 737 736 0 573 572 0 585 584 0 737 736 0 573 572 0 737 736 0 736 735 0 573 572 0 736 735 0 728 727 0 730 729 0 728 727 0 736 735 0 733 732 0 732 731 0 738 737 0 734 733 0 733 732 0 738 737 0 739 738 0 734 733 0 738 737 0 741 740 0 739 738 0 740 739 0 587 586 0 739 738 0 741 740 0 587 586 0 734 733 0 739 738 0 587 586 0 575 574 0 734 733 0 587 586 0 742 741 0 588 587 0 741 740 0 742 741 0 587 586 0 588 587 0 742 741 0 589 588 0 601 600 0 602 601 0 743 742 0 601 600 0 743 742 0 745 744 0 586 585 0 601 600 0 745 744 0 586 585 0 745 744 0 744 743 0 586 585 0 744 743 0 735 734 0 737 736 0 735 734 0 744 743 0 741 740 0 740 739 0 746 745 0 742 741 0 741 740 0 746 745 0 747 746 0 742 741 0 746 745 0 749 748 0 747 746 0 748 747 0 603 602 0 747 746 0 749 748 0 603 602 0 742 741 0 747 746 0 603 602 0 589 588 0 742 741 0 603 602 0 750 749 0 604 603 0 749 748 0 750 749 0 603 602 0 604 603 0 750 749 0 605 604 0 612 611 0 613 612 0 751 750 0 612 611 0 752 751 0 614 613 0 751 750 0 752 751 0 612 611 0 754 753 0 614 613 0 752 751 0 754 753 0 753 752 0 614 613 0 753 752 0 615 614 0 614 613 0 743 742 0 602 601 0 615 614 0 743 742 0 615 614 0 755 754 0 755 754 0 615 614 0 753 752 0 745 744 0 743 742 0 755 754 0 749 748 0 748 747 0 756 755 0 750 749 0 749 748 0 756 755 0 757 756 0 750 749 0 756 755 0 605 604 0 750 749 0 757 756 0 605 604 0 757 756 0 616 615 0 616 615 0 757 756 0 758 757 0 760 759 0 758 757 0 759 758 0 760 759 0 617 616 0 758 757 0 617 616 0 616 615 0 758 757 0 617 616 0 761 760 0 618 617 0 760 759 0 761 760 0 617 616 0 618 617 0 762 761 0 619 618 0 761 760 0 762 761 0 618 617 0 619 618 0 763 762 0 620 619 0 762 761 0 763 762 0 619 618 0 765 764 0 620 619 0 763 762 0 765 764 0 764 763 0 620 619 0 764 763 0 621 620 0 620 619 0 751 750 0 613 612 0 621 620 0 751 750 0 621 620 0 766 765 0 766 765 0 621 620 0 764 763 0 752 751 0 751 750 0 766 765 0 767 766 0 752 751 0 766 765 0 754 753 0 752 751 0 767 766 0 760 759 0 759 758 0 768 767 0 761 760 0 760 759 0 768 767 0 769 768 0 761 760 0 768 767 0 762 761 0 761 760 0 769 768 0 770 769 0 762 761 0 769 768 0 763 762 0 762 761 0 770 769 0 771 770 0 763 762 0 770 769 0 765 764 0 763 762 0 771 770 0 774 773 0 772 771 0 773 772 0 774 773 0 776 775 0 775 774 0 772 771 0 774 773 0 775 774 0 776 775 0 778 777 0 777 776 0 775 774 0 776 775 0 777 776 0 778 777 0 780 779 0 779 778 0 777 776 0 778 777 0 779 778 0 780 779 0 782 781 0 781 780 0 779 778 0 780 779 0 781 780 0 782 781 0 784 783 0 783 782 0 781 780 0 782 781 0 783 782 0 783 782 0 784 783 0 785 784 0 788 787 0 786 785 0 787 786 0 788 787 0 623 622 0 622 621 0 788 787 0 622 621 0 786 785 0 786 785 0 622 621 0 789 788 0 625 624 0 790 789 0 622 621 0 622 621 0 790 789 0 789 788 0 773 772 0 627 626 0 774 773 0 773 772 0 790 789 0 627 626 0 790 789 0 625 624 0 627 626 0 628 627 0 774 773 0 627 626 0 776 775 0 774 773 0 628 627 0 629 628 0 776 775 0 628 627 0 778 777 0 776 775 0 629 628 0 630 629 0 778 777 0 629 628 0 780 779 0 778 777 0 630 629 0 631 630 0 780 779 0 630 629 0 782 781 0 780 779 0 631 630 0 632 631 0 782 781 0 631 630 0 784 783 0 782 781 0 632 631 0 784 783 0 791 790 0 785 784 0 784 783 0 632 631 0 791 790 0 632 631 0 634 633 0 791 790 0 636 635 0 792 791 0 634 633 0 634 633 0 792 791 0 791 790 0 638 637 0 794 793 0 793 792 0 638 637 0 793 792 0 636 635 0 636 635 0 793 792 0 792 791 0 793 792 0 794 793 0 795 794 0 798 797 0 796 795 0 797 796 0 798 797 0 640 639 0 639 638 0 798 797 0 639 638 0 796 795 0 796 795 0 639 638 0 799 798 0 787 786 0 642 641 0 788 787 0 787 786 0 799 798 0 642 641 0 799 798 0 639 638 0 642 641 0 623 622 0 788 787 0 642 641 0 638 637 0 643 642 0 794 793 0 794 793 0 800 799 0 795 794 0 794 793 0 643 642 0 800 799 0 643 642 0 645 644 0 800 799 0 647 646 0 802 801 0 801 800 0 647 646 0 801 800 0 645 644 0 645 644 0 801 800 0 800 799 0 801 800 0 802 801 0 803 802 0 806 805 0 804 803 0 805 804 0 797 796 0 804 803 0 806 805 0 798 797 0 797 796 0 806 805 0 798 797 0 806 805 0 649 648 0 798 797 0 649 648 0 648 647 0 640 639 0 798 797 0 648 647 0 647 646 0 651 650 0 802 801 0 653 652 0 808 807 0 807 806 0 651 650 0 653 652 0 807 806 0 651 650 0 807 806 0 803 802 0 651 650 0 803 802 0 802 801 0 807 806 0 808 807 0 809 808 0 812 811 0 810 809 0 811 810 0 805 804 0 810 809 0 812 811 0 806 805 0 805 804 0 812 811 0 806 805 0 812 811 0 655 654 0 806 805 0 655 654 0 654 653 0 649 648 0 806 805 0 654 653 0 653 652 0 657 656 0 808 807 0 659 658 0 814 813 0 813 812 0 657 656 0 659 658 0 813 812 0 657 656 0 813 812 0 809 808 0 657 656 0 809 808 0 808 807 0 813 812 0 814 813 0 815 814 0 818 817 0 816 815 0 817 816 0 811 810 0 816 815 0 818 817 0 812 811 0 811 810 0 818 817 0 812 811 0 818 817 0 661 660 0 812 811 0 661 660 0 660 659 0 655 654 0 812 811 0 660 659 0 659 658 0 663 662 0 814 813 0 665 664 0 820 819 0 819 818 0 663 662 0 665 664 0 819 818 0 663 662 0 819 818 0 815 814 0 663 662 0 815 814 0 814 813 0 819 818 0 820 819 0 821 820 0 666 665 0 818 817 0 817 816 0 666 665 0 817 816 0 667 666 0 667 666 0 817 816 0 822 821 0 661 660 0 818 817 0 666 665 0 665 664 0 669 668 0 820 819 0 820 819 0 669 668 0 671 670 0 820 819 0 671 670 0 821 820 0 821 820 0 671 670 0 823 822 0 826 825 0 824 823 0 825 824 0 826 825 0 822 821 0 824 823 0 826 825 0 672 671 0 822 821 0 672 671 0 667 666 0 822 821 0 827 826 0 674 673 0 828 827 0 827 826 0 823 822 0 674 673 0 823 822 0 671 670 0 674 673 0 827 826 0 828 827 0 829 828 0 675 674 0 826 825 0 825 824 0 675 674 0 825 824 0 676 675 0 676 675 0 825 824 0 830 829 0 672 671 0 826 825 0 675 674 0 674 673 0 678 677 0 828 827 0 828 827 0 678 677 0 680 679 0 828 827 0 680 679 0 829 828 0 829 828 0 680 679 0 831 830 0 834 833 0 832 831 0 833 832 0 834 833 0 830 829 0 832 831 0 834 833 0 681 680 0 830 829 0 681 680 0 676 675 0 830 829 0 835 834 0 684 683 0 836 835 0 835 834 0 831 830 0 684 683 0 831 830 0 680 679 0 684 683 0 835 834 0 836 835 0 837 836 0 839 838 0 834 833 0 833 832 0 838 837 0 839 838 0 833 832 0 681 680 0 839 838 0 685 684 0 834 833 0 839 838 0 681 680 0 836 835 0 686 685 0 840 839 0 684 683 0 686 685 0 836 835 0 841 840 0 837 836 0 836 835 0 840 839 0 841 840 0 836 835 0 843 842 0 839 838 0 838 837 0 842 841 0 843 842 0 838 837 0 685 684 0 843 842 0 687 686 0 839 838 0 843 842 0 685 684 0 686 685 0 688 687 0 840 839 0 840 839 0 688 687 0 690 689 0 840 839 0 690 689 0 841 840 0 841 840 0 690 689 0 844 843 0 846 845 0 843 842 0 842 841 0 845 844 0 846 845 0 842 841 0 687 686 0 846 845 0 691 690 0 843 842 0 846 845 0 687 686 0 690 689 0 693 692 0 844 843 0 844 843 0 693 692 0 847 846 0 849 848 0 846 845 0 845 844 0 848 847 0 849 848 0 845 844 0 691 690 0 849 848 0 694 693 0 846 845 0 849 848 0 691 690 0 693 692 0 696 695 0 847 846 0 847 846 0 696 695 0 850 849 0 852 851 0 849 848 0 848 847 0 851 850 0 852 851 0 848 847 0 694 693 0 852 851 0 697 696 0 849 848 0 852 851 0 694 693 0 696 695 0 699 698 0 850 849 0 850 849 0 699 698 0 853 852 0 855 854 0 852 851 0 851 850 0 854 853 0 855 854 0 851 850 0 697 696 0 855 854 0 700 699 0 852 851 0 855 854 0 697 696 0 701 700 0 702 701 0 856 855 0 701 700 0 856 855 0 857 856 0 701 700 0 857 856 0 699 698 0 699 698 0 857 856 0 853 852 0 859 858 0 855 854 0 854 853 0 858 857 0 859 858 0 854 853 0 700 699 0 859 858 0 703 702 0 855 854 0 859 858 0 700 699 0 856 855 0 705 704 0 860 859 0 702 701 0 705 704 0 856 855 0 861 860 0 857 856 0 856 855 0 860 859 0 861 860 0 856 855 0 859 858 0 858 857 0 862 861 0 862 861 0 703 702 0 859 858 0 862 861 0 863 862 0 703 702 0 863 862 0 706 705 0 703 702 0 860 859 0 865 864 0 864 863 0 860 859 0 705 704 0 865 864 0 705 704 0 709 708 0 865 864 0 861 860 0 860 859 0 864 863 0 867 866 0 710 709 0 706 705 0 867 866 0 706 705 0 866 865 0 866 865 0 706 705 0 863 862 0 710 709 0 867 866 0 711 710 0 713 712 0 714 713 0 868 867 0 713 712 0 868 867 0 869 868 0 713 712 0 869 868 0 709 708 0 709 708 0 869 868 0 865 864 0 867 866 0 866 865 0 870 869 0 870 869 0 711 710 0 867 866 0 870 869 0 871 870 0 711 710 0 871 870 0 715 714 0 711 710 0 868 867 0 873 872 0 872 871 0 868 867 0 714 713 0 873 872 0 714 713 0 718 717 0 873 872 0 869 868 0 868 867 0 872 871 0 875 874 0 719 718 0 715 714 0 875 874 0 715 714 0 874 873 0 874 873 0 715 714 0 871 870 0 719 718 0 875 874 0 720 719 0 723 722 0 724 723 0 876 875 0 723 722 0 876 875 0 877 876 0 723 722 0 877 876 0 718 717 0 718 717 0 877 876 0 873 872 0 875 874 0 874 873 0 878 877 0 878 877 0 720 719 0 875 874 0 878 877 0 879 878 0 720 719 0 879 878 0 725 724 0 720 719 0 729 728 0 730 729 0 880 879 0 729 728 0 880 879 0 882 881 0 724 723 0 729 728 0 882 881 0 724 723 0 882 881 0 881 880 0 724 723 0 881 880 0 876 875 0 877 876 0 876 875 0 881 880 0 725 724 0 879 878 0 883 882 0 731 730 0 725 724 0 883 882 0 883 882 0 732 731 0 731 730 0 884 883 0 732 731 0 883 882 0 736 735 0 737 736 0 885 884 0 736 735 0 885 884 0 887 886 0 730 729 0 736 735 0 887 886 0 730 729 0 887 886 0 886 885 0 730 729 0 886 885 0 880 879 0 882 881 0 880 879 0 886 885 0 732 731 0 884 883 0 888 887 0 738 737 0 732 731 0 888 887 0 890 889 0 888 887 0 889 888 0 890 889 0 739 738 0 888 887 0 739 738 0 738 737 0 888 887 0 739 738 0 890 889 0 740 739 0 744 743 0 745 744 0 891 890 0 744 743 0 891 890 0 893 892 0 737 736 0 744 743 0 893 892 0 737 736 0 893 892 0 892 891 0 737 736 0 892 891 0 885 884 0 887 886 0 885 884 0 892 891 0 890 889 0 889 888 0 894 893 0 740 739 0 890 889 0 894 893 0 740 739 0 894 893 0 746 745 0 746 745 0 894 893 0 895 894 0 897 896 0 895 894 0 896 895 0 897 896 0 747 746 0 895 894 0 747 746 0 746 745 0 895 894 0 747 746 0 897 896 0 748 747 0 753 752 0 754 753 0 898 897 0 900 899 0 753 752 0 898 897 0 900 899 0 899 898 0 753 752 0 899 898 0 755 754 0 753 752 0 891 890 0 745 744 0 755 754 0 891 890 0 755 754 0 901 900 0 901 900 0 755 754 0 899 898 0 893 892 0 891 890 0 901 900 0 897 896 0 896 895 0 902 901 0 748 747 0 897 896 0 902 901 0 748 747 0 902 901 0 756 755 0 756 755 0 902 901 0 903 902 0 905 904 0 903 902 0 904 903 0 905 904 0 757 756 0 903 902 0 757 756 0 756 755 0 903 902 0 757 756 0 906 905 0 758 757 0 905 904 0 906 905 0 757 756 0 758 757 0 906 905 0 759 758 0 764 763 0 765 764 0 907 906 0 764 763 0 908 907 0 766 765 0 907 906 0 908 907 0 764 763 0 910 909 0 766 765 0 908 907 0 910 909 0 909 908 0 766 765 0 909 908 0 767 766 0 766 765 0 898 897 0 754 753 0 767 766 0 898 897 0 767 766 0 911 910 0 911 910 0 767 766 0 909 908 0 900 899 0 898 897 0 911 910 0 905 904 0 904 903 0 912 911 0 906 905 0 905 904 0 912 911 0 913 912 0 906 905 0 912 911 0 759 758 0 906 905 0 913 912 0 759 758 0 913 912 0 768 767 0 768 767 0 913 912 0 914 913 0 769 768 0 768 767 0 915 914 0 768 767 0 914 913 0 915 914 0 770 769 0 769 768 0 916 915 0 769 768 0 915 914 0 916 915 0 771 770 0 770 769 0 917 916 0 770 769 0 916 915 0 917 916 0 907 906 0 765 764 0 771 770 0 907 906 0 771 770 0 918 917 0 918 917 0 771 770 0 917 916 0 908 907 0 907 906 0 918 917 0 919 918 0 908 907 0 918 917 0 910 909 0 908 907 0 919 918 0 922 921 0 920 919 0 921 920 0 922 921 0 773 772 0 772 771 0 922 921 0 772 771 0 920 919 0 920 919 0 772 771 0 923 922 0 775 774 0 924 923 0 772 771 0 772 771 0 924 923 0 923 922 0 777 776 0 925 924 0 775 774 0 775 774 0 925 924 0 924 923 0 779 778 0 926 925 0 777 776 0 777 776 0 926 925 0 925 924 0 781 780 0 927 926 0 779 778 0 779 778 0 927 926 0 926 925 0 783 782 0 928 927 0 781 780 0 781 780 0 928 927 0 927 926 0 785 784 0 930 929 0 929 928 0 785 784 0 929 928 0 783 782 0 783 782 0 929 928 0 928 927 0 930 929 0 932 931 0 931 930 0 929 928 0 930 929 0 931 930 0 931 930 0 932 931 0 933 932 0 936 935 0 934 933 0 935 934 0 936 935 0 787 786 0 786 785 0 936 935 0 786 785 0 934 933 0 934 933 0 786 785 0 937 936 0 789 788 0 938 937 0 786 785 0 786 785 0 938 937 0 937 936 0 921 920 0 790 789 0 922 921 0 921 920 0 938 937 0 790 789 0 938 937 0 789 788 0 790 789 0 773 772 0 922 921 0 790 789 0 785 784 0 791 790 0 930 929 0 792 791 0 930 929 0 791 790 0 932 931 0 930 929 0 792 791 0 932 931 0 939 938 0 933 932 0 932 931 0 792 791 0 939 938 0 792 791 0 793 792 0 939 938 0 795 794 0 941 940 0 940 939 0 795 794 0 940 939 0 793 792 0 793 792 0 940 939 0 939 938 0 940 939 0 941 940 0 942 941 0 796 795 0 943 942 0 944 943 0 797 796 0 796 795 0 944 943 0 935 934 0 799 798 0 936 935 0 935 934 0 943 942 0 799 798 0 943 942 0 796 795 0 799 798 0 787 786 0 936 935 0 799 798 0 795 794 0 800 799 0 941 940 0 941 940 0 945 944 0 942 941 0 941 940 0 800 799 0 945 944 0 800 799 0 801 800 0 945 944 0 945 944 0 801 800 0 803 802 0 946 945 0 945 944 0 803 802 0 804 803 0 947 946 0 948 947 0 805 804 0 804 803 0 948 947 0 944 943 0 804 803 0 797 796 0 947 946 0 804 803 0 944 943 0 803 802 0 949 948 0 946 945 0 807 806 0 949 948 0 803 802 0 949 948 0 807 806 0 809 808 0 950 949 0 949 948 0 809 808 0 810 809 0 951 950 0 952 951 0 811 810 0 810 809 0 952 951 0 948 947 0 810 809 0 805 804 0 951 950 0 810 809 0 948 947 0 809 808 0 953 952 0 950 949 0 813 812 0 953 952 0 809 808 0 953 952 0 813 812 0 815 814 0 954 953 0 953 952 0 815 814 0 816 815 0 955 954 0 956 955 0 817 816 0 816 815 0 956 955 0 952 951 0 816 815 0 811 810 0 955 954 0 816 815 0 952 951 0 815 814 0 957 956 0 954 953 0 819 818 0 957 956 0 815 814 0 957 956 0 819 818 0 821 820 0 958 957 0 957 956 0 821 820 0 961 960 0 959 958 0 960 959 0 961 960 0 956 955 0 959 958 0 961 960 0 822 821 0 956 955 0 822 821 0 817 816 0 956 955 0 962 961 0 823 822 0 963 962 0 962 961 0 958 957 0 823 822 0 958 957 0 821 820 0 823 822 0 962 961 0 963 962 0 964 963 0 824 823 0 961 960 0 960 959 0 824 823 0 960 959 0 825 824 0 825 824 0 960 959 0 965 964 0 822 821 0 961 960 0 824 823 0 823 822 0 827 826 0 963 962 0 963 962 0 827 826 0 829 828 0 963 962 0 829 828 0 964 963 0 964 963 0 829 828 0 966 965 0 969 968 0 967 966 0 968 967 0 969 968 0 965 964 0 967 966 0 969 968 0 830 829 0 965 964 0 830 829 0 825 824 0 965 964 0 970 969 0 831 830 0 971 970 0 970 969 0 966 965 0 831 830 0 966 965 0 829 828 0 831 830 0 970 969 0 971 970 0 972 971 0 832 831 0 969 968 0 968 967 0 832 831 0 968 967 0 833 832 0 833 832 0 968 967 0 973 972 0 830 829 0 969 968 0 832 831 0 831 830 0 835 834 0 971 970 0 971 970 0 835 834 0 837 836 0 971 970 0 837 836 0 972 971 0 972 971 0 837 836 0 974 973 0 833 832 0 973 972 0 838 837 0 973 972 0 975 974 0 838 837 0 837 836 0 841 840 0 974 973 0 974 973 0 841 840 0 976 975 0 838 837 0 975 974 0 842 841 0 975 974 0 977 976 0 842 841 0 841 840 0 844 843 0 976 975 0 976 975 0 844 843 0 978 977 0 842 841 0 977 976 0 845 844 0 977 976 0 979 978 0 845 844 0 844 843 0 847 846 0 978 977 0 978 977 0 847 846 0 980 979 0 845 844 0 979 978 0 848 847 0 979 978 0 981 980 0 848 847 0 847 846 0 850 849 0 980 979 0 980 979 0 850 849 0 982 981 0 848 847 0 981 980 0 851 850 0 981 980 0 983 982 0 851 850 0 850 849 0 853 852 0 982 981 0 982 981 0 853 852 0 984 983 0 851 850 0 983 982 0 854 853 0 983 982 0 985 984 0 854 853 0 853 852 0 857 856 0 984 983 0 984 983 0 857 856 0 986 985 0 854 853 0 985 984 0 858 857 0 985 984 0 987 986 0 858 857 0 857 856 0 861 860 0 986 985 0 986 985 0 861 860 0 988 987 0 990 989 0 862 861 0 858 857 0 990 989 0 858 857 0 989 988 0 989 988 0 858 857 0 987 986 0 862 861 0 990 989 0 863 862 0 864 863 0 865 864 0 991 990 0 864 863 0 991 990 0 992 991 0 864 863 0 992 991 0 861 860 0 861 860 0 992 991 0 988 987 0 990 989 0 989 988 0 993 992 0 993 992 0 863 862 0 990 989 0 993 992 0 994 993 0 863 862 0 994 993 0 866 865 0 863 862 0 991 990 0 996 995 0 995 994 0 991 990 0 865 864 0 996 995 0 865 864 0 869 868 0 996 995 0 992 991 0 991 990 0 995 994 0 998 997 0 870 869 0 866 865 0 998 997 0 866 865 0 997 996 0 997 996 0 866 865 0 994 993 0 870 869 0 998 997 0 871 870 0 872 871 0 873 872 0 999 998 0 872 871 0 999 998 0 1000 999 0 872 871 0 1000 999 0 869 868 0 869 868 0 1000 999 0 996 995 0 998 997 0 997 996 0 1001 1000 0 1001 1000 0 871 870 0 998 997 0 1001 1000 0 1002 1001 0 871 870 0 1002 1001 0 874 873 0 871 870 0 999 998 0 1004 1003 0 1003 1002 0 999 998 0 873 872 0 1004 1003 0 873 872 0 877 876 0 1004 1003 0 1000 999 0 999 998 0 1003 1002 0 874 873 0 1002 1001 0 1005 1004 0 878 877 0 874 873 0 1005 1004 0 1005 1004 0 879 878 0 878 877 0 1006 1005 0 879 878 0 1005 1004 0 881 880 0 1008 1007 0 1007 1006 0 882 881 0 1008 1007 0 881 880 0 1004 1003 0 877 876 0 881 880 0 1007 1006 0 1004 1003 0 881 880 0 1010 1009 0 883 882 0 879 878 0 1010 1009 0 879 878 0 1009 1008 0 1009 1008 0 879 878 0 1006 1005 0 883 882 0 1010 1009 0 884 883 0 886 885 0 1012 1011 0 1011 1010 0 887 886 0 1012 1011 0 886 885 0 1008 1007 0 882 881 0 886 885 0 1011 1010 0 1008 1007 0 886 885 0 1010 1009 0 1009 1008 0 1013 1012 0 1015 1014 0 1013 1012 0 1014 1013 0 888 887 0 1013 1012 0 1015 1014 0 888 887 0 1010 1009 0 1013 1012 0 888 887 0 884 883 0 1010 1009 0 888 887 0 1015 1014 0 889 888 0 892 891 0 1017 1016 0 1016 1015 0 893 892 0 1017 1016 0 892 891 0 1012 1011 0 887 886 0 892 891 0 1016 1015 0 1012 1011 0 892 891 0 1015 1014 0 1014 1013 0 1018 1017 0 889 888 0 1015 1014 0 1018 1017 0 889 888 0 1018 1017 0 894 893 0 894 893 0 1018 1017 0 1019 1018 0 1021 1020 0 1019 1018 0 1020 1019 0 1021 1020 0 895 894 0 1019 1018 0 895 894 0 894 893 0 1019 1018 0 895 894 0 1021 1020 0 896 895 0 899 898 0 900 899 0 1022 1021 0 1024 1023 0 899 898 0 1022 1021 0 1024 1023 0 1023 1022 0 899 898 0 1023 1022 0 901 900 0 899 898 0 1017 1016 0 893 892 0 901 900 0 1023 1022 0 1017 1016 0 901 900 0 1021 1020 0 1020 1019 0 1025 1024 0 896 895 0 1021 1020 0 1025 1024 0 896 895 0 1025 1024 0 902 901 0 902 901 0 1025 1024 0 1026 1025 0 1028 1027 0 1026 1025 0 1027 1026 0 1028 1027 0 903 902 0 1026 1025 0 903 902 0 902 901 0 1026 1025 0 903 902 0 1028 1027 0 904 903 0 909 908 0 910 909 0 1029 1028 0 1031 1030 0 909 908 0 1029 1028 0 1031 1030 0 1030 1029 0 909 908 0 1030 1029 0 911 910 0 909 908 0 1022 1021 0 900 899 0 911 910 0 1022 1021 0 911 910 0 1032 1031 0 1032 1031 0 911 910 0 1030 1029 0 1024 1023 0 1022 1021 0 1032 1031 0 1028 1027 0 1027 1026 0 1033 1032 0 904 903 0 1028 1027 0 1033 1032 0 904 903 0 1033 1032 0 912 911 0 912 911 0 1033 1032 0 1034 1033 0 913 912 0 912 911 0 1035 1034 0 912 911 0 1034 1033 0 1035 1034 0 1037 1036 0 1035 1034 0 1036 1035 0 1037 1036 0 914 913 0 1035 1034 0 914 913 0 913 912 0 1035 1034 0 914 913 0 1038 1037 0 915 914 0 1037 1036 0 1038 1037 0 914 913 0 915 914 0 1039 1038 0 916 915 0 1038 1037 0 1039 1038 0 915 914 0 1041 1040 0 916 915 0 1039 1038 0 1041 1040 0 1040 1039 0 916 915 0 1040 1039 0 917 916 0 916 915 0 918 917 0 917 916 0 1042 1041 0 917 916 0 1040 1039 0 1042 1041 0 919 918 0 918 917 0 1043 1042 0 918 917 0 1042 1041 0 1043 1042 0 1029 1028 0 910 909 0 919 918 0 1029 1028 0 919 918 0 1044 1043 0 1044 1043 0 919 918 0 1043 1042 0 1031 1030 0 1029 1028 0 1044 1043 0 1037 1036 0 1036 1035 0 1045 1044 0 1038 1037 0 1037 1036 0 1045 1044 0 1046 1045 0 1038 1037 0 1045 1044 0 1039 1038 0 1038 1037 0 1046 1045 0 1047 1046 0 1039 1038 0 1046 1045 0 1041 1040 0 1039 1038 0 1047 1046 0 1050 1049 0 1048 1047 0 1049 1048 0 1050 1049 0 921 920 0 920 919 0 1050 1049 0 920 919 0 1048 1047 0 1048 1047 0 920 919 0 1051 1050 0 923 922 0 1052 1051 0 920 919 0 920 919 0 1052 1051 0 1051 1050 0 924 923 0 1053 1052 0 923 922 0 923 922 0 1053 1052 0 1052 1051 0 925 924 0 1054 1053 0 924 923 0 924 923 0 1054 1053 0 1053 1052 0 926 925 0 1055 1054 0 925 924 0 925 924 0 1055 1054 0 1054 1053 0 927 926 0 1056 1055 0 926 925 0 926 925 0 1056 1055 0 1055 1054 0 928 927 0 1057 1056 0 927 926 0 927 926 0 1057 1056 0 1056 1055 0 929 928 0 1058 1057 0 928 927 0 928 927 0 1058 1057 0 1057 1056 0 931 930 0 1059 1058 0 929 928 0 929 928 0 1059 1058 0 1058 1057 0 1059 1058 0 931 930 0 933 932 0 1060 1059 0 1059 1058 0 933 932 0 934 933 0 1061 1060 0 1062 1061 0 935 934 0 934 933 0 1062 1061 0 937 936 0 1063 1062 0 934 933 0 934 933 0 1063 1062 0 1061 1060 0 1049 1048 0 938 937 0 1050 1049 0 1049 1048 0 1063 1062 0 938 937 0 1063 1062 0 937 936 0 938 937 0 921 920 0 1050 1049 0 938 937 0 933 932 0 1064 1063 0 1060 1059 0 939 938 0 1064 1063 0 933 932 0 940 939 0 1065 1064 0 939 938 0 939 938 0 1065 1064 0 1064 1063 0 1065 1064 0 940 939 0 942 941 0 1066 1065 0 1065 1064 0 942 941 0 1069 1068 0 1067 1066 0 1068 1067 0 1069 1068 0 944 943 0 943 942 0 1069 1068 0 943 942 0 1067 1066 0 1067 1066 0 943 942 0 1070 1069 0 1062 1061 0 943 942 0 935 934 0 1070 1069 0 943 942 0 1062 1061 0 942 941 0 1071 1070 0 1066 1065 0 945 944 0 1071 1070 0 942 941 0 946 945 0 1073 1072 0 1072 1071 0 946 945 0 1072 1071 0 945 944 0 945 944 0 1072 1071 0 1071 1070 0 1072 1071 0 1073 1072 0 1074 1073 0 1077 1076 0 1075 1074 0 1076 1075 0 1068 1067 0 1075 1074 0 1077 1076 0 1069 1068 0 1068 1067 0 1077 1076 0 1069 1068 0 1077 1076 0 948 947 0 1069 1068 0 948 947 0 947 946 0 944 943 0 1069 1068 0 947 946 0 946 945 0 949 948 0 1073 1072 0 950 949 0 1079 1078 0 1078 1077 0 949 948 0 950 949 0 1078 1077 0 949 948 0 1078 1077 0 1074 1073 0 949 948 0 1074 1073 0 1073 1072 0 1078 1077 0 1079 1078 0 1080 1079 0 1083 1082 0 1081 1080 0 1082 1081 0 1076 1075 0 1081 1080 0 1083 1082 0 1077 1076 0 1076 1075 0 1083 1082 0 1077 1076 0 1083 1082 0 952 951 0 1077 1076 0 952 951 0 951 950 0 948 947 0 1077 1076 0 951 950 0 950 949 0 953 952 0 1079 1078 0 954 953 0 1085 1084 0 1084 1083 0 953 952 0 954 953 0 1084 1083 0 953 952 0 1084 1083 0 1080 1079 0 953 952 0 1080 1079 0 1079 1078 0 1084 1083 0 1085 1084 0 1086 1085 0 955 954 0 1083 1082 0 1082 1081 0 955 954 0 1082 1081 0 956 955 0 956 955 0 1082 1081 0 1087 1086 0 952 951 0 1083 1082 0 955 954 0 954 953 0 957 956 0 1085 1084 0 1085 1084 0 957 956 0 958 957 0 1085 1084 0 958 957 0 1086 1085 0 1086 1085 0 958 957 0 1088 1087 0 959 958 0 1089 1088 0 1090 1089 0 960 959 0 959 958 0 1090 1089 0 1087 1086 0 959 958 0 956 955 0 1089 1088 0 959 958 0 1087 1086 0 958 957 0 1091 1090 0 1088 1087 0 962 961 0 1091 1090 0 958 957 0 1091 1090 0 962 961 0 964 963 0 1092 1091 0 1091 1090 0 964 963 0 960 959 0 1090 1089 0 965 964 0 1090 1089 0 1093 1092 0 965 964 0 1094 1093 0 966 965 0 1095 1094 0 1094 1093 0 1092 1091 0 966 965 0 1092 1091 0 964 963 0 966 965 0 1094 1093 0 1095 1094 0 1096 1095 0 967 966 0 1097 1096 0 1098 1097 0 968 967 0 967 966 0 1098 1097 0 1093 1092 0 967 966 0 965 964 0 1097 1096 0 967 966 0 1093 1092 0 966 965 0 970 969 0 1095 1094 0 1095 1094 0 970 969 0 972 971 0 1095 1094 0 972 971 0 1096 1095 0 1096 1095 0 972 971 0 1099 1098 0 968 967 0 1098 1097 0 973 972 0 1098 1097 0 1100 1099 0 973 972 0 972 971 0 974 973 0 1099 1098 0 1099 1098 0 974 973 0 1101 1100 0 973 972 0 1100 1099 0 975 974 0 1100 1099 0 1102 1101 0 975 974 0 1103 1102 0 976 975 0 1104 1103 0 1103 1102 0 1101 1100 0 976 975 0 1101 1100 0 974 973 0 976 975 0 1103 1102 0 1104 1103 0 1105 1104 0 975 974 0 1102 1101 0 977 976 0 1102 1101 0 1106 1105 0 977 976 0 1104 1103 0 978 977 0 1107 1106 0 976 975 0 978 977 0 1104 1103 0 1108 1107 0 1105 1104 0 1104 1103 0 1107 1106 0 1108 1107 0 1104 1103 0 977 976 0 1106 1105 0 979 978 0 1106 1105 0 1109 1108 0 979 978 0 1107 1106 0 980 979 0 1110 1109 0 978 977 0 980 979 0 1107 1106 0 1111 1110 0 1108 1107 0 1107 1106 0 1110 1109 0 1111 1110 0 1107 1106 0 979 978 0 1109 1108 0 981 980 0 1109 1108 0 1112 1111 0 981 980 0 1110 1109 0 982 981 0 1113 1112 0 980 979 0 982 981 0 1110 1109 0 1114 1113 0 1111 1110 0 1110 1109 0 1113 1112 0 1114 1113 0 1110 1109 0 981 980 0 1112 1111 0 983 982 0 1112 1111 0 1115 1114 0 983 982 0 1113 1112 0 984 983 0 1116 1115 0 982 981 0 984 983 0 1113 1112 0 1117 1116 0 1114 1113 0 1113 1112 0 1116 1115 0 1117 1116 0 1113 1112 0 983 982 0 1115 1114 0 985 984 0 1115 1114 0 1118 1117 0 985 984 0 1116 1115 0 986 985 0 1119 1118 0 984 983 0 986 985 0 1116 1115 0 1120 1119 0 1117 1116 0 1116 1115 0 1119 1118 0 1120 1119 0 1116 1115 0 985 984 0 1118 1117 0 987 986 0 1118 1117 0 1121 1120 0 987 986 0 1119 1118 0 1123 1122 0 1122 1121 0 1119 1118 0 986 985 0 1123 1122 0 986 985 0 988 987 0 1123 1122 0 1120 1119 0 1119 1118 0 1122 1121 0 987 986 0 1121 1120 0 989 988 0 1121 1120 0 1124 1123 0 989 988 0 988 987 0 992 991 0 1123 1122 0 1123 1122 0 992 991 0 1125 1124 0 989 988 0 1124 1123 0 1126 1125 0 993 992 0 989 988 0 1126 1125 0 1126 1125 0 994 993 0 993 992 0 1127 1126 0 994 993 0 1126 1125 0 995 994 0 996 995 0 1128 1127 0 995 994 0 1128 1127 0 1129 1128 0 995 994 0 1129 1128 0 992 991 0 992 991 0 1129 1128 0 1125 1124 0 994 993 0 1127 1126 0 997 996 0 1127 1126 0 1130 1129 0 997 996 0 1128 1127 0 1132 1131 0 1131 1130 0 1128 1127 0 996 995 0 1132 1131 0 996 995 0 1000 999 0 1132 1131 0 1129 1128 0 1128 1127 0 1131 1130 0 997 996 0 1130 1129 0 1133 1132 0 1001 1000 0 997 996 0 1133 1132 0 1133 1132 0 1002 1001 0 1001 1000 0 1134 1133 0 1002 1001 0 1133 1132 0 1003 1002 0 1136 1135 0 1135 1134 0 1004 1003 0 1136 1135 0 1003 1002 0 1132 1131 0 1000 999 0 1003 1002 0 1135 1134 0 1132 1131 0 1003 1002 0 1138 1137 0 1005 1004 0 1002 1001 0 1138 1137 0 1002 1001 0 1137 1136 0 1137 1136 0 1002 1001 0 1134 1133 0 1005 1004 0 1138 1137 0 1006 1005 0 1007 1006 0 1008 1007 0 1139 1138 0 1007 1006 0 1139 1138 0 1140 1139 0 1007 1006 0 1140 1139 0 1004 1003 0 1004 1003 0 1140 1139 0 1136 1135 0 1138 1137 0 1137 1136 0 1141 1140 0 1141 1140 0 1006 1005 0 1138 1137 0 1141 1140 0 1142 1141 0 1006 1005 0 1142 1141 0 1009 1008 0 1006 1005 0 1011 1010 0 1012 1011 0 1143 1142 0 1011 1010 0 1143 1142 0 1145 1144 0 1008 1007 0 1011 1010 0 1145 1144 0 1008 1007 0 1145 1144 0 1144 1143 0 1008 1007 0 1144 1143 0 1139 1138 0 1140 1139 0 1139 1138 0 1144 1143 0 1009 1008 0 1142 1141 0 1146 1145 0 1013 1012 0 1009 1008 0 1146 1145 0 1146 1145 0 1014 1013 0 1013 1012 0 1147 1146 0 1014 1013 0 1146 1145 0 1016 1015 0 1017 1016 0 1148 1147 0 1016 1015 0 1148 1147 0 1150 1149 0 1012 1011 0 1016 1015 0 1150 1149 0 1012 1011 0 1150 1149 0 1149 1148 0 1012 1011 0 1149 1148 0 1143 1142 0 1145 1144 0 1143 1142 0 1149 1148 0 1014 1013 0 1147 1146 0 1151 1150 0 1018 1017 0 1014 1013 0 1151 1150 0 1019 1018 0 1018 1017 0 1152 1151 0 1018 1017 0 1151 1150 0 1152 1151 0 1152 1151 0 1020 1019 0 1019 1018 0 1153 1152 0 1020 1019 0 1152 1151 0 1023 1022 0 1155 1154 0 1154 1153 0 1024 1023 0 1155 1154 0 1023 1022 0 1148 1147 0 1017 1016 0 1023 1022 0 1148 1147 0 1023 1022 0 1156 1155 0 1156 1155 0 1023 1022 0 1154 1153 0 1150 1149 0 1148 1147 0 1156 1155 0 1020 1019 0 1153 1152 0 1157 1156 0 1025 1024 0 1020 1019 0 1157 1156 0 1159 1158 0 1157 1156 0 1158 1157 0 1159 1158 0 1026 1025 0 1157 1156 0 1026 1025 0 1025 1024 0 1157 1156 0 1026 1025 0 1159 1158 0 1027 1026 0 1030 1029 0 1031 1030 0 1160 1159 0 1162 1161 0 1030 1029 0 1160 1159 0 1162 1161 0 1161 1160 0 1030 1029 0 1161 1160 0 1032 1031 0 1030 1029 0 1155 1154 0 1024 1023 0 1032 1031 0 1161 1160 0 1155 1154 0 1032 1031 0 1159 1158 0 1158 1157 0 1163 1162 0 1027 1026 0 1159 1158 0 1163 1162 0 1027 1026 0 1163 1162 0 1033 1032 0 1033 1032 0 1163 1162 0 1164 1163 0 1034 1033 0 1033 1032 0 1165 1164 0 1033 1032 0 1164 1163 0 1165 1164 0 1167 1166 0 1165 1164 0 1166 1165 0 1167 1166 0 1035 1034 0 1165 1164 0 1035 1034 0 1034 1033 0 1165 1164 0 1035 1034 0 1167 1166 0 1036 1035 0 1040 1039 0 1041 1040 0 1168 1167 0 1040 1039 0 1169 1168 0 1042 1041 0 1168 1167 0 1169 1168 0 1040 1039 0 1171 1170 0 1042 1041 0 1169 1168 0 1171 1170 0 1170 1169 0 1042 1041 0 1170 1169 0 1043 1042 0 1042 1041 0 1044 1043 0 1043 1042 0 1172 1171 0 1043 1042 0 1170 1169 0 1172 1171 0 1160 1159 0 1031 1030 0 1044 1043 0 1160 1159 0 1044 1043 0 1173 1172 0 1173 1172 0 1044 1043 0 1172 1171 0 1162 1161 0 1160 1159 0 1173 1172 0 1167 1166 0 1166 1165 0 1174 1173 0 1036 1035 0 1167 1166 0 1174 1173 0 1036 1035 0 1174 1173 0 1045 1044 0 1045 1044 0 1174 1173 0 1175 1174 0 1046 1045 0 1045 1044 0 1176 1175 0 1045 1044 0 1175 1174 0 1176 1175 0 1047 1046 0 1046 1045 0 1177 1176 0 1046 1045 0 1176 1175 0 1177 1176 0 1168 1167 0 1041 1040 0 1047 1046 0 1168 1167 0 1047 1046 0 1178 1177 0 1178 1177 0 1047 1046 0 1177 1176 0 1169 1168 0 1168 1167 0 1178 1177 0 1179 1178 0 1169 1168 0 1178 1177 0 1171 1170 0 1169 1168 0 1179 1178 0 1182 1181 0 1180 1179 0 1181 1180 0 1182 1181 0 1184 1183 0 1183 1182 0 1180 1179 0 1182 1181 0 1183 1182 0 1184 1183 0 1186 1185 0 1185 1184 0 1183 1182 0 1184 1183 0 1185 1184 0 1186 1185 0 1188 1187 0 1187 1186 0 1185 1184 0 1186 1185 0 1187 1186 0 1187 1186 0 1188 1187 0 1189 1188 0 1048 1047 0 1190 1189 0 1191 1190 0 1049 1048 0 1048 1047 0 1191 1190 0 1051 1050 0 1192 1191 0 1048 1047 0 1048 1047 0 1192 1191 0 1190 1189 0 1052 1051 0 1193 1192 0 1051 1050 0 1051 1050 0 1193 1192 0 1192 1191 0 1181 1180 0 1053 1052 0 1182 1181 0 1181 1180 0 1193 1192 0 1053 1052 0 1193 1192 0 1052 1051 0 1053 1052 0 1054 1053 0 1182 1181 0 1053 1052 0 1184 1183 0 1182 1181 0 1054 1053 0 1055 1054 0 1184 1183 0 1054 1053 0 1186 1185 0 1184 1183 0 1055 1054 0 1056 1055 0 1186 1185 0 1055 1054 0 1188 1187 0 1186 1185 0 1056 1055 0 1188 1187 0 1194 1193 0 1189 1188 0 1188 1187 0 1056 1055 0 1194 1193 0 1056 1055 0 1057 1056 0 1194 1193 0 1058 1057 0 1195 1194 0 1057 1056 0 1057 1056 0 1195 1194 0 1194 1193 0 1059 1058 0 1196 1195 0 1058 1057 0 1058 1057 0 1196 1195 0 1195 1194 0 1196 1195 0 1059 1058 0 1060 1059 0 1197 1196 0 1196 1195 0 1060 1059 0 1061 1060 0 1198 1197 0 1199 1198 0 1062 1061 0 1061 1060 0 1199 1198 0 1063 1062 0 1200 1199 0 1061 1060 0 1061 1060 0 1200 1199 0 1198 1197 0 1191 1190 0 1063 1062 0 1049 1048 0 1200 1199 0 1063 1062 0 1191 1190 0 1060 1059 0 1201 1200 0 1197 1196 0 1064 1063 0 1201 1200 0 1060 1059 0 1065 1064 0 1202 1201 0 1064 1063 0 1064 1063 0 1202 1201 0 1201 1200 0 1066 1065 0 1204 1203 0 1203 1202 0 1066 1065 0 1203 1202 0 1065 1064 0 1065 1064 0 1203 1202 0 1202 1201 0 1203 1202 0 1204 1203 0 1205 1204 0 1067 1066 0 1206 1205 0 1207 1206 0 1068 1067 0 1067 1066 0 1207 1206 0 1070 1069 0 1208 1207 0 1067 1066 0 1067 1066 0 1208 1207 0 1206 1205 0 1199 1198 0 1070 1069 0 1062 1061 0 1208 1207 0 1070 1069 0 1199 1198 0 1066 1065 0 1071 1070 0 1204 1203 0 1204 1203 0 1209 1208 0 1205 1204 0 1204 1203 0 1071 1070 0 1209 1208 0 1071 1070 0 1072 1071 0 1209 1208 0 1209 1208 0 1072 1071 0 1074 1073 0 1210 1209 0 1209 1208 0 1074 1073 0 1075 1074 0 1211 1210 0 1212 1211 0 1076 1075 0 1075 1074 0 1212 1211 0 1207 1206 0 1075 1074 0 1068 1067 0 1211 1210 0 1075 1074 0 1207 1206 0 1074 1073 0 1213 1212 0 1210 1209 0 1078 1077 0 1213 1212 0 1074 1073 0 1213 1212 0 1078 1077 0 1080 1079 0 1214 1213 0 1213 1212 0 1080 1079 0 1081 1080 0 1215 1214 0 1216 1215 0 1082 1081 0 1081 1080 0 1216 1215 0 1212 1211 0 1081 1080 0 1076 1075 0 1215 1214 0 1081 1080 0 1212 1211 0 1080 1079 0 1217 1216 0 1214 1213 0 1084 1083 0 1217 1216 0 1080 1079 0 1217 1216 0 1084 1083 0 1086 1085 0 1218 1217 0 1217 1216 0 1086 1085 0 1221 1220 0 1219 1218 0 1220 1219 0 1221 1220 0 1216 1215 0 1219 1218 0 1221 1220 0 1087 1086 0 1216 1215 0 1087 1086 0 1082 1081 0 1216 1215 0 1222 1221 0 1088 1087 0 1223 1222 0 1222 1221 0 1218 1217 0 1088 1087 0 1218 1217 0 1086 1085 0 1088 1087 0 1222 1221 0 1223 1222 0 1224 1223 0 1089 1088 0 1221 1220 0 1220 1219 0 1089 1088 0 1220 1219 0 1090 1089 0 1090 1089 0 1220 1219 0 1225 1224 0 1087 1086 0 1221 1220 0 1089 1088 0 1088 1087 0 1091 1090 0 1223 1222 0 1223 1222 0 1091 1090 0 1092 1091 0 1223 1222 0 1092 1091 0 1224 1223 0 1224 1223 0 1092 1091 0 1226 1225 0 1090 1089 0 1225 1224 0 1093 1092 0 1225 1224 0 1227 1226 0 1093 1092 0 1092 1091 0 1228 1227 0 1226 1225 0 1094 1093 0 1228 1227 0 1092 1091 0 1228 1227 0 1094 1093 0 1096 1095 0 1229 1228 0 1228 1227 0 1096 1095 0 1097 1096 0 1230 1229 0 1231 1230 0 1098 1097 0 1097 1096 0 1231 1230 0 1227 1226 0 1097 1096 0 1093 1092 0 1230 1229 0 1097 1096 0 1227 1226 0 1096 1095 0 1099 1098 0 1229 1228 0 1229 1228 0 1099 1098 0 1232 1231 0 1098 1097 0 1231 1230 0 1100 1099 0 1231 1230 0 1233 1232 0 1100 1099 0 1099 1098 0 1101 1100 0 1232 1231 0 1232 1231 0 1101 1100 0 1234 1233 0 1100 1099 0 1233 1232 0 1102 1101 0 1233 1232 0 1235 1234 0 1102 1101 0 1101 1100 0 1236 1235 0 1234 1233 0 1103 1102 0 1236 1235 0 1101 1100 0 1236 1235 0 1103 1102 0 1105 1104 0 1237 1236 0 1236 1235 0 1105 1104 0 1240 1239 0 1238 1237 0 1239 1238 0 1240 1239 0 1235 1234 0 1238 1237 0 1240 1239 0 1106 1105 0 1235 1234 0 1106 1105 0 1102 1101 0 1235 1234 0 1105 1104 0 1108 1107 0 1237 1236 0 1237 1236 0 1108 1107 0 1241 1240 0 1243 1242 0 1240 1239 0 1239 1238 0 1242 1241 0 1243 1242 0 1239 1238 0 1106 1105 0 1243 1242 0 1109 1108 0 1240 1239 0 1243 1242 0 1106 1105 0 1108 1107 0 1111 1110 0 1241 1240 0 1241 1240 0 1111 1110 0 1244 1243 0 1246 1245 0 1243 1242 0 1242 1241 0 1245 1244 0 1246 1245 0 1242 1241 0 1109 1108 0 1246 1245 0 1112 1111 0 1243 1242 0 1246 1245 0 1109 1108 0 1111 1110 0 1114 1113 0 1244 1243 0 1244 1243 0 1114 1113 0 1247 1246 0 1249 1248 0 1246 1245 0 1245 1244 0 1248 1247 0 1249 1248 0 1245 1244 0 1112 1111 0 1249 1248 0 1115 1114 0 1246 1245 0 1249 1248 0 1112 1111 0 1114 1113 0 1117 1116 0 1247 1246 0 1247 1246 0 1117 1116 0 1250 1249 0 1249 1248 0 1248 1247 0 1251 1250 0 1251 1250 0 1115 1114 0 1249 1248 0 1251 1250 0 1252 1251 0 1115 1114 0 1252 1251 0 1118 1117 0 1115 1114 0 1117 1116 0 1120 1119 0 1250 1249 0 1250 1249 0 1120 1119 0 1253 1252 0 1118 1117 0 1252 1251 0 1121 1120 0 1252 1251 0 1254 1253 0 1121 1120 0 1122 1121 0 1256 1255 0 1255 1254 0 1123 1122 0 1256 1255 0 1122 1121 0 1253 1252 0 1120 1119 0 1122 1121 0 1255 1254 0 1253 1252 0 1122 1121 0 1121 1120 0 1254 1253 0 1124 1123 0 1254 1253 0 1257 1256 0 1124 1123 0 1123 1122 0 1125 1124 0 1256 1255 0 1256 1255 0 1125 1124 0 1258 1257 0 1124 1123 0 1257 1256 0 1259 1258 0 1126 1125 0 1124 1123 0 1259 1258 0 1259 1258 0 1127 1126 0 1126 1125 0 1260 1259 0 1127 1126 0 1259 1258 0 1125 1124 0 1129 1128 0 1258 1257 0 1258 1257 0 1129 1128 0 1261 1260 0 1127 1126 0 1260 1259 0 1130 1129 0 1260 1259 0 1262 1261 0 1130 1129 0 1131 1130 0 1264 1263 0 1263 1262 0 1132 1131 0 1264 1263 0 1131 1130 0 1261 1260 0 1129 1128 0 1131 1130 0 1263 1262 0 1261 1260 0 1131 1130 0 1266 1265 0 1133 1132 0 1130 1129 0 1266 1265 0 1130 1129 0 1265 1264 0 1265 1264 0 1130 1129 0 1262 1261 0 1133 1132 0 1266 1265 0 1134 1133 0 1135 1134 0 1136 1135 0 1267 1266 0 1135 1134 0 1267 1266 0 1268 1267 0 1135 1134 0 1268 1267 0 1132 1131 0 1132 1131 0 1268 1267 0 1264 1263 0 1266 1265 0 1265 1264 0 1269 1268 0 1269 1268 0 1134 1133 0 1266 1265 0 1269 1268 0 1270 1269 0 1134 1133 0 1270 1269 0 1137 1136 0 1134 1133 0 1267 1266 0 1272 1271 0 1271 1270 0 1267 1266 0 1136 1135 0 1272 1271 0 1136 1135 0 1140 1139 0 1272 1271 0 1268 1267 0 1267 1266 0 1271 1270 0 1137 1136 0 1270 1269 0 1273 1272 0 1141 1140 0 1137 1136 0 1273 1272 0 1273 1272 0 1142 1141 0 1141 1140 0 1274 1273 0 1142 1141 0 1273 1272 0 1144 1143 0 1276 1275 0 1275 1274 0 1145 1144 0 1276 1275 0 1144 1143 0 1272 1271 0 1140 1139 0 1144 1143 0 1275 1274 0 1272 1271 0 1144 1143 0 1142 1141 0 1274 1273 0 1277 1276 0 1146 1145 0 1142 1141 0 1277 1276 0 1277 1276 0 1147 1146 0 1146 1145 0 1278 1277 0 1147 1146 0 1277 1276 0 1149 1148 0 1280 1279 0 1279 1278 0 1150 1149 0 1280 1279 0 1149 1148 0 1276 1275 0 1145 1144 0 1149 1148 0 1279 1278 0 1276 1275 0 1149 1148 0 1147 1146 0 1278 1277 0 1281 1280 0 1151 1150 0 1147 1146 0 1281 1280 0 1283 1282 0 1281 1280 0 1282 1281 0 1283 1282 0 1152 1151 0 1281 1280 0 1152 1151 0 1151 1150 0 1281 1280 0 1152 1151 0 1283 1282 0 1153 1152 0 1154 1153 0 1155 1154 0 1284 1283 0 1286 1285 0 1154 1153 0 1284 1283 0 1286 1285 0 1285 1284 0 1154 1153 0 1285 1284 0 1156 1155 0 1154 1153 0 1280 1279 0 1150 1149 0 1156 1155 0 1285 1284 0 1280 1279 0 1156 1155 0 1283 1282 0 1282 1281 0 1287 1286 0 1153 1152 0 1283 1282 0 1287 1286 0 1153 1152 0 1287 1286 0 1157 1156 0 1157 1156 0 1287 1286 0 1288 1287 0 1288 1287 0 1158 1157 0 1157 1156 0 1289 1288 0 1158 1157 0 1288 1287 0 1161 1160 0 1291 1290 0 1290 1289 0 1162 1161 0 1291 1290 0 1161 1160 0 1284 1283 0 1155 1154 0 1161 1160 0 1284 1283 0 1161 1160 0 1292 1291 0 1292 1291 0 1161 1160 0 1290 1289 0 1286 1285 0 1284 1283 0 1292 1291 0 1158 1157 0 1289 1288 0 1293 1292 0 1163 1162 0 1158 1157 0 1293 1292 0 1164 1163 0 1163 1162 0 1294 1293 0 1163 1162 0 1293 1292 0 1294 1293 0 1165 1164 0 1164 1163 0 1295 1294 0 1164 1163 0 1294 1293 0 1295 1294 0 1295 1294 0 1166 1165 0 1165 1164 0 1296 1295 0 1166 1165 0 1295 1294 0 1170 1169 0 1298 1297 0 1297 1296 0 1171 1170 0 1298 1297 0 1170 1169 0 1172 1171 0 1170 1169 0 1299 1298 0 1170 1169 0 1297 1296 0 1299 1298 0 1173 1172 0 1172 1171 0 1300 1299 0 1172 1171 0 1299 1298 0 1300 1299 0 1291 1290 0 1162 1161 0 1173 1172 0 1300 1299 0 1291 1290 0 1173 1172 0 1166 1165 0 1296 1295 0 1301 1300 0 1174 1173 0 1166 1165 0 1301 1300 0 1175 1174 0 1174 1173 0 1302 1301 0 1174 1173 0 1301 1300 0 1302 1301 0 1176 1175 0 1175 1174 0 1303 1302 0 1175 1174 0 1302 1301 0 1303 1302 0 1177 1176 0 1176 1175 0 1304 1303 0 1176 1175 0 1303 1302 0 1304 1303 0 1178 1177 0 1177 1176 0 1305 1304 0 1177 1176 0 1304 1303 0 1305 1304 0 1179 1178 0 1178 1177 0 1306 1305 0 1178 1177 0 1305 1304 0 1306 1305 0 1298 1297 0 1171 1170 0 1179 1178 0 1306 1305 0 1298 1297 0 1179 1178 0 1180 1179 0 1307 1306 0 1308 1307 0 1181 1180 0 1180 1179 0 1308 1307 0 1183 1182 0 1309 1308 0 1180 1179 0 1180 1179 0 1309 1308 0 1307 1306 0 1185 1184 0 1310 1309 0 1183 1182 0 1183 1182 0 1310 1309 0 1309 1308 0 1187 1186 0 1311 1310 0 1185 1184 0 1185 1184 0 1311 1310 0 1310 1309 0 1311 1310 0 1187 1186 0 1189 1188 0 1312 1311 0 1311 1310 0 1189 1188 0 1190 1189 0 1313 1312 0 1314 1313 0 1191 1190 0 1190 1189 0 1314 1313 0 1192 1191 0 1315 1314 0 1190 1189 0 1190 1189 0 1315 1314 0 1313 1312 0 1193 1192 0 1316 1315 0 1192 1191 0 1192 1191 0 1316 1315 0 1315 1314 0 1308 1307 0 1193 1192 0 1181 1180 0 1316 1315 0 1193 1192 0 1308 1307 0 1189 1188 0 1317 1316 0 1312 1311 0 1194 1193 0 1317 1316 0 1189 1188 0 1195 1194 0 1318 1317 0 1194 1193 0 1194 1193 0 1318 1317 0 1317 1316 0 1196 1195 0 1319 1318 0 1195 1194 0 1195 1194 0 1319 1318 0 1318 1317 0 1319 1318 0 1196 1195 0 1197 1196 0 1320 1319 0 1319 1318 0 1197 1196 0 1323 1322 0 1321 1320 0 1322 1321 0 1323 1322 0 1199 1198 0 1198 1197 0 1323 1322 0 1198 1197 0 1321 1320 0 1321 1320 0 1198 1197 0 1324 1323 0 1200 1199 0 1325 1324 0 1198 1197 0 1198 1197 0 1325 1324 0 1324 1323 0 1314 1313 0 1200 1199 0 1191 1190 0 1325 1324 0 1200 1199 0 1314 1313 0 1197 1196 0 1326 1325 0 1320 1319 0 1201 1200 0 1326 1325 0 1197 1196 0 1202 1201 0 1327 1326 0 1201 1200 0 1201 1200 0 1327 1326 0 1326 1325 0 1203 1202 0 1328 1327 0 1202 1201 0 1202 1201 0 1328 1327 0 1327 1326 0 1328 1327 0 1203 1202 0 1205 1204 0 1329 1328 0 1328 1327 0 1205 1204 0 1206 1205 0 1330 1329 0 1331 1330 0 1207 1206 0 1206 1205 0 1331 1330 0 1322 1321 0 1208 1207 0 1323 1322 0 1322 1321 0 1330 1329 0 1208 1207 0 1330 1329 0 1206 1205 0 1208 1207 0 1199 1198 0 1323 1322 0 1208 1207 0 1205 1204 0 1332 1331 0 1329 1328 0 1209 1208 0 1332 1331 0 1205 1204 0 1332 1331 0 1209 1208 0 1210 1209 0 1333 1332 0 1332 1331 0 1210 1209 0 1211 1210 0 1334 1333 0 1335 1334 0 1212 1211 0 1211 1210 0 1335 1334 0 1331 1330 0 1211 1210 0 1207 1206 0 1334 1333 0 1211 1210 0 1331 1330 0 1210 1209 0 1336 1335 0 1333 1332 0 1213 1212 0 1336 1335 0 1210 1209 0 1336 1335 0 1213 1212 0 1214 1213 0 1337 1336 0 1336 1335 0 1214 1213 0 1215 1214 0 1338 1337 0 1339 1338 0 1216 1215 0 1215 1214 0 1339 1338 0 1335 1334 0 1215 1214 0 1212 1211 0 1338 1337 0 1215 1214 0 1335 1334 0 1214 1213 0 1340 1339 0 1337 1336 0 1217 1216 0 1340 1339 0 1214 1213 0 1340 1339 0 1217 1216 0 1218 1217 0 1341 1340 0 1340 1339 0 1218 1217 0 1219 1218 0 1342 1341 0 1343 1342 0 1220 1219 0 1219 1218 0 1343 1342 0 1339 1338 0 1219 1218 0 1216 1215 0 1342 1341 0 1219 1218 0 1339 1338 0 1218 1217 0 1344 1343 0 1341 1340 0 1222 1221 0 1344 1343 0 1218 1217 0 1344 1343 0 1222 1221 0 1224 1223 0 1345 1344 0 1344 1343 0 1224 1223 0 1220 1219 0 1343 1342 0 1225 1224 0 1343 1342 0 1346 1345 0 1225 1224 0 1224 1223 0 1226 1225 0 1345 1344 0 1345 1344 0 1226 1225 0 1347 1346 0 1225 1224 0 1346 1345 0 1227 1226 0 1346 1345 0 1348 1347 0 1227 1226 0 1226 1225 0 1349 1348 0 1347 1346 0 1228 1227 0 1349 1348 0 1226 1225 0 1349 1348 0 1228 1227 0 1229 1228 0 1350 1349 0 1349 1348 0 1229 1228 0 1230 1229 0 1351 1350 0 1352 1351 0 1231 1230 0 1230 1229 0 1352 1351 0 1348 1347 0 1230 1229 0 1227 1226 0 1351 1350 0 1230 1229 0 1348 1347 0 1229 1228 0 1232 1231 0 1350 1349 0 1350 1349 0 1232 1231 0 1353 1352 0 1231 1230 0 1352 1351 0 1233 1232 0 1352 1351 0 1354 1353 0 1233 1232 0 1232 1231 0 1234 1233 0 1353 1352 0 1353 1352 0 1234 1233 0 1355 1354 0 1233 1232 0 1354 1353 0 1235 1234 0 1354 1353 0 1356 1355 0 1235 1234 0 1234 1233 0 1357 1356 0 1355 1354 0 1236 1235 0 1357 1356 0 1234 1233 0 1357 1356 0 1236 1235 0 1237 1236 0 1358 1357 0 1357 1356 0 1237 1236 0 1238 1237 0 1359 1358 0 1360 1359 0 1239 1238 0 1238 1237 0 1360 1359 0 1356 1355 0 1238 1237 0 1235 1234 0 1359 1358 0 1238 1237 0 1356 1355 0 1237 1236 0 1241 1240 0 1358 1357 0 1358 1357 0 1241 1240 0 1361 1360 0 1239 1238 0 1360 1359 0 1242 1241 0 1360 1359 0 1362 1361 0 1242 1241 0 1241 1240 0 1244 1243 0 1361 1360 0 1361 1360 0 1244 1243 0 1363 1362 0 1242 1241 0 1362 1361 0 1245 1244 0 1362 1361 0 1364 1363 0 1245 1244 0 1244 1243 0 1247 1246 0 1363 1362 0 1363 1362 0 1247 1246 0 1365 1364 0 1245 1244 0 1364 1363 0 1248 1247 0 1364 1363 0 1366 1365 0 1248 1247 0 1247 1246 0 1250 1249 0 1365 1364 0 1365 1364 0 1250 1249 0 1367 1366 0 1248 1247 0 1366 1365 0 1368 1367 0 1251 1250 0 1248 1247 0 1368 1367 0 1368 1367 0 1252 1251 0 1251 1250 0 1369 1368 0 1252 1251 0 1368 1367 0 1250 1249 0 1253 1252 0 1367 1366 0 1367 1366 0 1253 1252 0 1370 1369 0 1252 1251 0 1369 1368 0 1254 1253 0 1369 1368 0 1371 1370 0 1254 1253 0 1255 1254 0 1373 1372 0 1372 1371 0 1256 1255 0 1373 1372 0 1255 1254 0 1370 1369 0 1253 1252 0 1255 1254 0 1372 1371 0 1370 1369 0 1255 1254 0 1254 1253 0 1371 1370 0 1257 1256 0 1371 1370 0 1374 1373 0 1257 1256 0 1256 1255 0 1258 1257 0 1373 1372 0 1373 1372 0 1258 1257 0 1375 1374 0 1257 1256 0 1374 1373 0 1376 1375 0 1259 1258 0 1257 1256 0 1376 1375 0 1376 1375 0 1260 1259 0 1259 1258 0 1377 1376 0 1260 1259 0 1376 1375 0 1258 1257 0 1261 1260 0 1375 1374 0 1375 1374 0 1261 1260 0 1378 1377 0 1260 1259 0 1377 1376 0 1262 1261 0 1377 1376 0 1379 1378 0 1262 1261 0 1263 1262 0 1381 1380 0 1380 1379 0 1264 1263 0 1381 1380 0 1263 1262 0 1378 1377 0 1261 1260 0 1263 1262 0 1380 1379 0 1378 1377 0 1263 1262 0 1262 1261 0 1379 1378 0 1265 1264 0 1379 1378 0 1382 1381 0 1265 1264 0 1264 1263 0 1268 1267 0 1381 1380 0 1381 1380 0 1268 1267 0 1383 1382 0 1265 1264 0 1382 1381 0 1384 1383 0 1269 1268 0 1265 1264 0 1384 1383 0 1384 1383 0 1270 1269 0 1269 1268 0 1385 1384 0 1270 1269 0 1384 1383 0 1271 1270 0 1387 1386 0 1386 1385 0 1272 1271 0 1387 1386 0 1271 1270 0 1383 1382 0 1268 1267 0 1271 1270 0 1386 1385 0 1383 1382 0 1271 1270 0 1270 1269 0 1385 1384 0 1388 1387 0 1273 1272 0 1270 1269 0 1388 1387 0 1388 1387 0 1274 1273 0 1273 1272 0 1389 1388 0 1274 1273 0 1388 1387 0 1275 1274 0 1391 1390 0 1390 1389 0 1276 1275 0 1391 1390 0 1275 1274 0 1387 1386 0 1272 1271 0 1275 1274 0 1390 1389 0 1387 1386 0 1275 1274 0 1274 1273 0 1389 1388 0 1392 1391 0 1277 1276 0 1274 1273 0 1392 1391 0 1392 1391 0 1278 1277 0 1277 1276 0 1393 1392 0 1278 1277 0 1392 1391 0 1279 1278 0 1395 1394 0 1394 1393 0 1280 1279 0 1395 1394 0 1279 1278 0 1391 1390 0 1276 1275 0 1279 1278 0 1394 1393 0 1391 1390 0 1279 1278 0 1278 1277 0 1393 1392 0 1396 1395 0 1281 1280 0 1278 1277 0 1396 1395 0 1396 1395 0 1282 1281 0 1281 1280 0 1397 1396 0 1282 1281 0 1396 1395 0 1285 1284 0 1399 1398 0 1398 1397 0 1286 1285 0 1399 1398 0 1285 1284 0 1395 1394 0 1280 1279 0 1285 1284 0 1398 1397 0 1395 1394 0 1285 1284 0 1282 1281 0 1397 1396 0 1400 1399 0 1287 1286 0 1282 1281 0 1400 1399 0 1288 1287 0 1287 1286 0 1401 1400 0 1287 1286 0 1400 1399 0 1401 1400 0 1401 1400 0 1289 1288 0 1288 1287 0 1402 1401 0 1289 1288 0 1401 1400 0 1290 1289 0 1404 1403 0 1403 1402 0 1291 1290 0 1404 1403 0 1290 1289 0 1292 1291 0 1290 1289 0 1405 1404 0 1290 1289 0 1403 1402 0 1405 1404 0 1399 1398 0 1286 1285 0 1292 1291 0 1405 1404 0 1399 1398 0 1292 1291 0 1289 1288 0 1402 1401 0 1406 1405 0 1293 1292 0 1289 1288 0 1406 1405 0 1294 1293 0 1293 1292 0 1407 1406 0 1293 1292 0 1406 1405 0 1407 1406 0 1295 1294 0 1294 1293 0 1408 1407 0 1294 1293 0 1407 1406 0 1408 1407 0 1408 1407 0 1296 1295 0 1295 1294 0 1409 1408 0 1296 1295 0 1408 1407 0 1297 1296 0 1411 1410 0 1410 1409 0 1298 1297 0 1411 1410 0 1297 1296 0 1299 1298 0 1297 1296 0 1412 1411 0 1297 1296 0 1410 1409 0 1412 1411 0 1300 1299 0 1299 1298 0 1413 1412 0 1299 1298 0 1412 1411 0 1413 1412 0 1404 1403 0 1291 1290 0 1300 1299 0 1413 1412 0 1404 1403 0 1300 1299 0 1296 1295 0 1409 1408 0 1414 1413 0 1301 1300 0 1296 1295 0 1414 1413 0 1302 1301 0 1301 1300 0 1415 1414 0 1301 1300 0 1414 1413 0 1415 1414 0 1303 1302 0 1302 1301 0 1416 1415 0 1302 1301 0 1415 1414 0 1416 1415 0 1304 1303 0 1303 1302 0 1417 1416 0 1303 1302 0 1416 1415 0 1417 1416 0 1305 1304 0 1304 1303 0 1418 1417 0 1304 1303 0 1417 1416 0 1418 1417 0 1306 1305 0 1305 1304 0 1419 1418 0 1305 1304 0 1418 1417 0 1419 1418 0 1411 1410 0 1298 1297 0 1306 1305 0 1419 1418 0 1411 1410 0 1306 1305 0 1307 1306 0 1420 1419 0 1421 1420 0 1308 1307 0 1307 1306 0 1421 1420 0 1309 1308 0 1422 1421 0 1307 1306 0 1307 1306 0 1422 1421 0 1420 1419 0 1310 1309 0 1423 1422 0 1309 1308 0 1309 1308 0 1423 1422 0 1422 1421 0 1311 1310 0 1424 1423 0 1310 1309 0 1310 1309 0 1424 1423 0 1423 1422 0 1424 1423 0 1311 1310 0 1312 1311 0 1425 1424 0 1424 1423 0 1312 1311 0 1313 1312 0 1426 1425 0 1427 1426 0 1314 1313 0 1313 1312 0 1427 1426 0 1315 1314 0 1428 1427 0 1313 1312 0 1313 1312 0 1428 1427 0 1426 1425 0 1316 1315 0 1429 1428 0 1315 1314 0 1315 1314 0 1429 1428 0 1428 1427 0 1421 1420 0 1316 1315 0 1308 1307 0 1429 1428 0 1316 1315 0 1421 1420 0 1312 1311 0 1430 1429 0 1425 1424 0 1317 1316 0 1430 1429 0 1312 1311 0 1318 1317 0 1431 1430 0 1317 1316 0 1317 1316 0 1431 1430 0 1430 1429 0 1319 1318 0 1432 1431 0 1318 1317 0 1318 1317 0 1432 1431 0 1431 1430 0 1432 1431 0 1319 1318 0 1320 1319 0 1433 1432 0 1432 1431 0 1320 1319 0 1321 1320 0 1434 1433 0 1435 1434 0 1322 1321 0 1321 1320 0 1435 1434 0 1324 1323 0 1436 1435 0 1321 1320 0 1321 1320 0 1436 1435 0 1434 1433 0 1325 1324 0 1437 1436 0 1324 1323 0 1324 1323 0 1437 1436 0 1436 1435 0 1427 1426 0 1325 1324 0 1314 1313 0 1437 1436 0 1325 1324 0 1427 1426 0 1320 1319 0 1438 1437 0 1433 1432 0 1326 1325 0 1438 1437 0 1320 1319 0 1327 1326 0 1439 1438 0 1326 1325 0 1326 1325 0 1439 1438 0 1438 1437 0 1328 1327 0 1440 1439 0 1327 1326 0 1327 1326 0 1440 1439 0 1439 1438 0 1440 1439 0 1328 1327 0 1329 1328 0 1441 1440 0 1440 1439 0 1329 1328 0 1330 1329 0 1442 1441 0 1443 1442 0 1331 1330 0 1330 1329 0 1443 1442 0 1435 1434 0 1330 1329 0 1322 1321 0 1442 1441 0 1330 1329 0 1435 1434 0 1329 1328 0 1444 1443 0 1441 1440 0 1332 1331 0 1444 1443 0 1329 1328 0 1444 1443 0 1332 1331 0 1333 1332 0 1445 1444 0 1444 1443 0 1333 1332 0 1334 1333 0 1446 1445 0 1447 1446 0 1335 1334 0 1334 1333 0 1447 1446 0 1443 1442 0 1334 1333 0 1331 1330 0 1446 1445 0 1334 1333 0 1443 1442 0 1333 1332 0 1448 1447 0 1445 1444 0 1336 1335 0 1448 1447 0 1333 1332 0 1448 1447 0 1336 1335 0 1337 1336 0 1449 1448 0 1448 1447 0 1337 1336 0 1338 1337 0 1450 1449 0 1451 1450 0 1339 1338 0 1338 1337 0 1451 1450 0 1447 1446 0 1338 1337 0 1335 1334 0 1450 1449 0 1338 1337 0 1447 1446 0 1337 1336 0 1452 1451 0 1449 1448 0 1340 1339 0 1452 1451 0 1337 1336 0 1452 1451 0 1340 1339 0 1341 1340 0 1453 1452 0 1452 1451 0 1341 1340 0 1342 1341 0 1454 1453 0 1455 1454 0 1343 1342 0 1342 1341 0 1455 1454 0 1451 1450 0 1342 1341 0 1339 1338 0 1454 1453 0 1342 1341 0 1451 1450 0 1341 1340 0 1456 1455 0 1453 1452 0 1344 1343 0 1456 1455 0 1341 1340 0 1456 1455 0 1344 1343 0 1345 1344 0 1457 1456 0 1456 1455 0 1345 1344 0 1343 1342 0 1455 1454 0 1346 1345 0 1455 1454 0 1458 1457 0 1346 1345 0 1345 1344 0 1347 1346 0 1457 1456 0 1457 1456 0 1347 1346 0 1459 1458 0 1346 1345 0 1458 1457 0 1348 1347 0 1458 1457 0 1460 1459 0 1348 1347 0 1347 1346 0 1461 1460 0 1459 1458 0 1349 1348 0 1461 1460 0 1347 1346 0 1461 1460 0 1349 1348 0 1350 1349 0 1462 1461 0 1461 1460 0 1350 1349 0 1351 1350 0 1463 1462 0 1464 1463 0 1352 1351 0 1351 1350 0 1464 1463 0 1460 1459 0 1351 1350 0 1348 1347 0 1463 1462 0 1351 1350 0 1460 1459 0 1350 1349 0 1353 1352 0 1462 1461 0 1462 1461 0 1353 1352 0 1465 1464 0 1352 1351 0 1464 1463 0 1354 1353 0 1464 1463 0 1466 1465 0 1354 1353 0 1353 1352 0 1355 1354 0 1465 1464 0 1465 1464 0 1355 1354 0 1467 1466 0 1354 1353 0 1466 1465 0 1356 1355 0 1466 1465 0 1468 1467 0 1356 1355 0 1355 1354 0 1469 1468 0 1467 1466 0 1357 1356 0 1469 1468 0 1355 1354 0 1469 1468 0 1357 1356 0 1358 1357 0 1470 1469 0 1469 1468 0 1358 1357 0 1359 1358 0 1471 1470 0 1472 1471 0 1360 1359 0 1359 1358 0 1472 1471 0 1468 1467 0 1359 1358 0 1356 1355 0 1471 1470 0 1359 1358 0 1468 1467 0 1358 1357 0 1361 1360 0 1470 1469 0 1470 1469 0 1361 1360 0 1473 1472 0 1360 1359 0 1472 1471 0 1362 1361 0 1472 1471 0 1474 1473 0 1362 1361 0 1361 1360 0 1363 1362 0 1473 1472 0 1473 1472 0 1363 1362 0 1475 1474 0 1362 1361 0 1474 1473 0 1364 1363 0 1474 1473 0 1476 1475 0 1364 1363 0 1363 1362 0 1365 1364 0 1475 1474 0 1475 1474 0 1365 1364 0 1477 1476 0 1364 1363 0 1476 1475 0 1366 1365 0 1476 1475 0 1478 1477 0 1366 1365 0 1365 1364 0 1367 1366 0 1477 1476 0 1477 1476 0 1367 1366 0 1479 1478 0 1366 1365 0 1478 1477 0 1480 1479 0 1368 1367 0 1366 1365 0 1480 1479 0 1480 1479 0 1369 1368 0 1368 1367 0 1481 1480 0 1369 1368 0 1480 1479 0 1367 1366 0 1370 1369 0 1479 1478 0 1479 1478 0 1370 1369 0 1482 1481 0 1369 1368 0 1481 1480 0 1371 1370 0 1481 1480 0 1483 1482 0 1371 1370 0 1372 1371 0 1485 1484 0 1484 1483 0 1373 1372 0 1485 1484 0 1372 1371 0 1482 1481 0 1370 1369 0 1372 1371 0 1484 1483 0 1482 1481 0 1372 1371 0 1371 1370 0 1483 1482 0 1374 1373 0 1483 1482 0 1486 1485 0 1374 1373 0 1373 1372 0 1375 1374 0 1485 1484 0 1485 1484 0 1375 1374 0 1487 1486 0 1374 1373 0 1486 1485 0 1488 1487 0 1376 1375 0 1374 1373 0 1488 1487 0 1488 1487 0 1377 1376 0 1376 1375 0 1489 1488 0 1377 1376 0 1488 1487 0 1375 1374 0 1378 1377 0 1487 1486 0 1487 1486 0 1378 1377 0 1490 1489 0 1377 1376 0 1489 1488 0 1379 1378 0 1489 1488 0 1491 1490 0 1379 1378 0 1380 1379 0 1493 1492 0 1492 1491 0 1381 1380 0 1493 1492 0 1380 1379 0 1490 1489 0 1378 1377 0 1380 1379 0 1492 1491 0 1490 1489 0 1380 1379 0 1379 1378 0 1491 1490 0 1382 1381 0 1491 1490 0 1494 1493 0 1382 1381 0 1381 1380 0 1383 1382 0 1493 1492 0 1493 1492 0 1383 1382 0 1495 1494 0 1382 1381 0 1494 1493 0 1496 1495 0 1384 1383 0 1382 1381 0 1496 1495 0 1496 1495 0 1385 1384 0 1384 1383 0 1497 1496 0 1385 1384 0 1496 1495 0 1386 1385 0 1499 1498 0 1498 1497 0 1387 1386 0 1499 1498 0 1386 1385 0 1495 1494 0 1383 1382 0 1386 1385 0 1498 1497 0 1495 1494 0 1386 1385 0 1385 1384 0 1497 1496 0 1500 1499 0 1388 1387 0 1385 1384 0 1500 1499 0 1500 1499 0 1389 1388 0 1388 1387 0 1501 1500 0 1389 1388 0 1500 1499 0 1390 1389 0 1503 1502 0 1502 1501 0 1391 1390 0 1503 1502 0 1390 1389 0 1499 1498 0 1387 1386 0 1390 1389 0 1502 1501 0 1499 1498 0 1390 1389 0 1389 1388 0 1501 1500 0 1504 1503 0 1392 1391 0 1389 1388 0 1504 1503 0 1504 1503 0 1393 1392 0 1392 1391 0 1505 1504 0 1393 1392 0 1504 1503 0 1394 1393 0 1507 1506 0 1506 1505 0 1395 1394 0 1507 1506 0 1394 1393 0 1503 1502 0 1391 1390 0 1394 1393 0 1506 1505 0 1503 1502 0 1394 1393 0 1393 1392 0 1505 1504 0 1508 1507 0 1396 1395 0 1393 1392 0 1508 1507 0 1508 1507 0 1397 1396 0 1396 1395 0 1509 1508 0 1397 1396 0 1508 1507 0 1398 1397 0 1511 1510 0 1510 1509 0 1399 1398 0 1511 1510 0 1398 1397 0 1507 1506 0 1395 1394 0 1398 1397 0 1510 1509 0 1507 1506 0 1398 1397 0 1397 1396 0 1509 1508 0 1512 1511 0 1400 1399 0 1397 1396 0 1512 1511 0 1401 1400 0 1400 1399 0 1513 1512 0 1400 1399 0 1512 1511 0 1513 1512 0 1513 1512 0 1402 1401 0 1401 1400 0 1514 1513 0 1402 1401 0 1513 1512 0 1403 1402 0 1516 1515 0 1515 1514 0 1404 1403 0 1516 1515 0 1403 1402 0 1405 1404 0 1403 1402 0 1517 1516 0 1403 1402 0 1515 1514 0 1517 1516 0 1511 1510 0 1399 1398 0 1405 1404 0 1517 1516 0 1511 1510 0 1405 1404 0 1402 1401 0 1514 1513 0 1518 1517 0 1406 1405 0 1402 1401 0 1518 1517 0 1407 1406 0 1406 1405 0 1519 1518 0 1406 1405 0 1518 1517 0 1519 1518 0 1408 1407 0 1407 1406 0 1520 1519 0 1407 1406 0 1519 1518 0 1520 1519 0 1520 1519 0 1409 1408 0 1408 1407 0 1521 1520 0 1409 1408 0 1520 1519 0 1410 1409 0 1523 1522 0 1522 1521 0 1411 1410 0 1523 1522 0 1410 1409 0 1412 1411 0 1410 1409 0 1524 1523 0 1410 1409 0 1522 1521 0 1524 1523 0 1413 1412 0 1412 1411 0 1525 1524 0 1412 1411 0 1524 1523 0 1525 1524 0 1516 1515 0 1404 1403 0 1413 1412 0 1525 1524 0 1516 1515 0 1413 1412 0 1409 1408 0 1521 1520 0 1526 1525 0 1414 1413 0 1409 1408 0 1526 1525 0 1415 1414 0 1414 1413 0 1527 1526 0 1414 1413 0 1526 1525 0 1527 1526 0 1416 1415 0 1415 1414 0 1528 1527 0 1415 1414 0 1527 1526 0 1528 1527 0 1417 1416 0 1416 1415 0 1529 1528 0 1416 1415 0 1528 1527 0 1529 1528 0 1418 1417 0 1417 1416 0 1530 1529 0 1417 1416 0 1529 1528 0 1530 1529 0 1419 1418 0 1418 1417 0 1531 1530 0 1418 1417 0 1530 1529 0 1531 1530 0 1523 1522 0 1411 1410 0 1419 1418 0 1531 1530 0 1523 1522 0 1419 1418 0 1420 1419 0 1532 1531 0 1421 1420 0 1534 1533 0 1532 1531 0 1420 1419 0 1534 1533 0 1420 1419 0 1533 1532 0 1533 1532 0 1420 1419 0 1422 1421 0 1423 1422 0 1535 1534 0 1422 1421 0 1422 1421 0 1535 1534 0 1533 1532 0 1537 1536 0 1536 1535 0 1535 1534 0 1537 1536 0 1535 1534 0 1424 1423 0 1424 1423 0 1535 1534 0 1423 1422 0 1424 1423 0 1425 1424 0 1537 1536 0 1426 1425 0 1538 1537 0 1539 1538 0 1427 1426 0 1426 1425 0 1539 1538 0 1428 1427 0 1540 1539 0 1426 1425 0 1426 1425 0 1540 1539 0 1538 1537 0 1429 1428 0 1541 1540 0 1428 1427 0 1428 1427 0 1541 1540 0 1540 1539 0 1532 1531 0 1429 1428 0 1421 1420 0 1532 1531 0 1542 1541 0 1429 1428 0 1542 1541 0 1541 1540 0 1429 1428 0 1534 1533 0 1542 1541 0 1532 1531 0 1537 1536 0 1543 1542 0 1536 1535 0 1425 1424 0 1543 1542 0 1537 1536 0 1425 1424 0 1430 1429 0 1543 1542 0 1430 1429 0 1544 1543 0 1543 1542 0 1431 1430 0 1545 1544 0 1430 1429 0 1430 1429 0 1545 1544 0 1544 1543 0 1432 1431 0 1546 1545 0 1431 1430 0 1431 1430 0 1546 1545 0 1545 1544 0 1546 1545 0 1432 1431 0 1433 1432 0 1547 1546 0 1546 1545 0 1433 1432 0 1434 1433 0 1548 1547 0 1435 1434 0 1550 1549 0 1548 1547 0 1434 1433 0 1550 1549 0 1434 1433 0 1549 1548 0 1549 1548 0 1434 1433 0 1436 1435 0 1437 1436 0 1551 1550 0 1436 1435 0 1436 1435 0 1551 1550 0 1549 1548 0 1539 1538 0 1437 1436 0 1427 1426 0 1551 1550 0 1437 1436 0 1539 1538 0 1433 1432 0 1552 1551 0 1547 1546 0 1438 1437 0 1552 1551 0 1433 1432 0 1439 1438 0 1553 1552 0 1438 1437 0 1438 1437 0 1553 1552 0 1552 1551 0 1555 1554 0 1554 1553 0 1553 1552 0 1555 1554 0 1553 1552 0 1440 1439 0 1440 1439 0 1553 1552 0 1439 1438 0 1440 1439 0 1441 1440 0 1555 1554 0 1442 1441 0 1556 1555 0 1557 1556 0 1443 1442 0 1442 1441 0 1557 1556 0 1548 1547 0 1442 1441 0 1435 1434 0 1548 1547 0 1558 1557 0 1442 1441 0 1558 1557 0 1556 1555 0 1442 1441 0 1550 1549 0 1558 1557 0 1548 1547 0 1555 1554 0 1559 1558 0 1554 1553 0 1441 1440 0 1559 1558 0 1555 1554 0 1441 1440 0 1444 1443 0 1559 1558 0 1444 1443 0 1560 1559 0 1559 1558 0 1560 1559 0 1444 1443 0 1445 1444 0 1561 1560 0 1560 1559 0 1445 1444 0 1446 1445 0 1562 1561 0 1563 1562 0 1447 1446 0 1446 1445 0 1563 1562 0 1557 1556 0 1446 1445 0 1443 1442 0 1562 1561 0 1446 1445 0 1557 1556 0 1445 1444 0 1564 1563 0 1561 1560 0 1448 1447 0 1564 1563 0 1445 1444 0 1564 1563 0 1448 1447 0 1449 1448 0 1565 1564 0 1564 1563 0 1449 1448 0 1450 1449 0 1566 1565 0 1567 1566 0 1451 1450 0 1450 1449 0 1567 1566 0 1563 1562 0 1450 1449 0 1447 1446 0 1566 1565 0 1450 1449 0 1563 1562 0 1449 1448 0 1568 1567 0 1565 1564 0 1452 1451 0 1568 1567 0 1449 1448 0 1568 1567 0 1452 1451 0 1453 1452 0 1569 1568 0 1568 1567 0 1453 1452 0 1454 1453 0 1570 1569 0 1571 1570 0 1455 1454 0 1454 1453 0 1571 1570 0 1567 1566 0 1454 1453 0 1451 1450 0 1570 1569 0 1454 1453 0 1567 1566 0 1573 1572 0 1453 1452 0 1456 1455 0 1573 1572 0 1572 1571 0 1453 1452 0 1572 1571 0 1569 1568 0 1453 1452 0 1456 1455 0 1457 1456 0 1573 1572 0 1455 1454 0 1571 1570 0 1458 1457 0 1571 1570 0 1574 1573 0 1458 1457 0 1573 1572 0 1575 1574 0 1572 1571 0 1575 1574 0 1573 1572 0 1457 1456 0 1575 1574 0 1457 1456 0 1576 1575 0 1576 1575 0 1457 1456 0 1459 1458 0 1458 1457 0 1574 1573 0 1460 1459 0 1574 1573 0 1577 1576 0 1460 1459 0 1459 1458 0 1578 1577 0 1576 1575 0 1461 1460 0 1578 1577 0 1459 1458 0 1578 1577 0 1461 1460 0 1462 1461 0 1579 1578 0 1578 1577 0 1462 1461 0 1463 1462 0 1580 1579 0 1581 1580 0 1464 1463 0 1463 1462 0 1581 1580 0 1577 1576 0 1463 1462 0 1460 1459 0 1580 1579 0 1463 1462 0 1577 1576 0 1462 1461 0 1465 1464 0 1579 1578 0 1579 1578 0 1465 1464 0 1582 1581 0 1464 1463 0 1581 1580 0 1466 1465 0 1581 1580 0 1583 1582 0 1466 1465 0 1465 1464 0 1467 1466 0 1582 1581 0 1582 1581 0 1467 1466 0 1584 1583 0 1466 1465 0 1583 1582 0 1468 1467 0 1583 1582 0 1585 1584 0 1468 1467 0 1587 1586 0 1467 1466 0 1469 1468 0 1587 1586 0 1586 1585 0 1467 1466 0 1586 1585 0 1584 1583 0 1467 1466 0 1469 1468 0 1470 1469 0 1587 1586 0 1471 1470 0 1588 1587 0 1472 1471 0 1471 1470 0 1589 1588 0 1588 1587 0 1471 1470 0 1468 1467 0 1589 1588 0 1468 1467 0 1585 1584 0 1589 1588 0 1587 1586 0 1590 1589 0 1586 1585 0 1590 1589 0 1587 1586 0 1470 1469 0 1590 1589 0 1470 1469 0 1591 1590 0 1591 1590 0 1470 1469 0 1473 1472 0 1588 1587 0 1592 1591 0 1593 1592 0 1588 1587 0 1593 1592 0 1472 1471 0 1472 1471 0 1593 1592 0 1474 1473 0 1589 1588 0 1592 1591 0 1588 1587 0 1473 1472 0 1475 1474 0 1591 1590 0 1591 1590 0 1475 1474 0 1594 1593 0 1474 1473 0 1593 1592 0 1476 1475 0 1593 1592 0 1595 1594 0 1476 1475 0 1475 1474 0 1477 1476 0 1594 1593 0 1594 1593 0 1477 1476 0 1596 1595 0 1597 1596 0 1598 1597 0 1478 1477 0 1597 1596 0 1478 1477 0 1595 1594 0 1595 1594 0 1478 1477 0 1476 1475 0 1597 1596 0 1599 1598 0 1598 1597 0 1477 1476 0 1479 1478 0 1596 1595 0 1596 1595 0 1479 1478 0 1600 1599 0 1478 1477 0 1598 1597 0 1480 1479 0 1598 1597 0 1481 1480 0 1480 1479 0 1598 1597 0 1599 1598 0 1481 1480 0 1599 1598 0 1601 1600 0 1481 1480 0 1604 1603 0 1603 1602 0 1602 1601 0 1604 1603 0 1602 1601 0 1600 1599 0 1604 1603 0 1600 1599 0 1482 1481 0 1482 1481 0 1600 1599 0 1479 1478 0 1481 1480 0 1601 1600 0 1483 1482 0 1601 1600 0 1605 1604 0 1483 1482 0 1484 1483 0 1603 1602 0 1604 1603 0 1484 1483 0 1485 1484 0 1603 1602 0 1485 1484 0 1606 1605 0 1603 1602 0 1482 1481 0 1484 1483 0 1604 1603 0 1483 1482 0 1605 1604 0 1486 1485 0 1605 1604 0 1607 1606 0 1486 1485 0 1485 1484 0 1487 1486 0 1606 1605 0 1606 1605 0 1487 1486 0 1608 1607 0 1486 1485 0 1607 1606 0 1609 1608 0 1488 1487 0 1486 1485 0 1609 1608 0 1609 1608 0 1489 1488 0 1488 1487 0 1610 1609 0 1489 1488 0 1609 1608 0 1487 1486 0 1490 1489 0 1608 1607 0 1608 1607 0 1490 1489 0 1611 1610 0 1489 1488 0 1610 1609 0 1491 1490 0 1610 1609 0 1612 1611 0 1491 1490 0 1492 1491 0 1614 1613 0 1613 1612 0 1493 1492 0 1614 1613 0 1492 1491 0 1611 1610 0 1490 1489 0 1492 1491 0 1613 1612 0 1611 1610 0 1492 1491 0 1491 1490 0 1612 1611 0 1494 1493 0 1612 1611 0 1615 1614 0 1494 1493 0 1618 1617 0 1617 1616 0 1616 1615 0 1618 1617 0 1616 1615 0 1614 1613 0 1618 1617 0 1614 1613 0 1495 1494 0 1495 1494 0 1614 1613 0 1493 1492 0 1494 1493 0 1615 1614 0 1619 1618 0 1496 1495 0 1494 1493 0 1619 1618 0 1619 1618 0 1497 1496 0 1496 1495 0 1620 1619 0 1497 1496 0 1619 1618 0 1498 1497 0 1617 1616 0 1618 1617 0 1498 1497 0 1499 1498 0 1617 1616 0 1499 1498 0 1621 1620 0 1617 1616 0 1495 1494 0 1498 1497 0 1618 1617 0 1497 1496 0 1620 1619 0 1622 1621 0 1500 1499 0 1497 1496 0 1622 1621 0 1622 1621 0 1501 1500 0 1500 1499 0 1623 1622 0 1501 1500 0 1622 1621 0 1502 1501 0 1625 1624 0 1624 1623 0 1503 1502 0 1625 1624 0 1502 1501 0 1621 1620 0 1499 1498 0 1502 1501 0 1624 1623 0 1621 1620 0 1502 1501 0 1501 1500 0 1623 1622 0 1626 1625 0 1504 1503 0 1501 1500 0 1626 1625 0 1626 1625 0 1505 1504 0 1504 1503 0 1627 1626 0 1505 1504 0 1626 1625 0 1506 1505 0 1629 1628 0 1628 1627 0 1507 1506 0 1629 1628 0 1506 1505 0 1625 1624 0 1503 1502 0 1506 1505 0 1628 1627 0 1625 1624 0 1506 1505 0 1505 1504 0 1627 1626 0 1630 1629 0 1508 1507 0 1505 1504 0 1630 1629 0 1509 1508 0 1631 1630 0 1632 1631 0 1509 1508 0 1508 1507 0 1631 1630 0 1508 1507 0 1630 1629 0 1631 1630 0 1631 1630 0 1633 1632 0 1632 1631 0 1510 1509 0 1635 1634 0 1634 1633 0 1511 1510 0 1635 1634 0 1510 1509 0 1629 1628 0 1507 1506 0 1510 1509 0 1634 1633 0 1629 1628 0 1510 1509 0 1509 1508 0 1632 1631 0 1512 1511 0 1632 1631 0 1633 1632 0 1636 1635 0 1632 1631 0 1636 1635 0 1512 1511 0 1512 1511 0 1636 1635 0 1513 1512 0 1636 1635 0 1514 1513 0 1513 1512 0 1637 1636 0 1514 1513 0 1636 1635 0 1515 1514 0 1639 1638 0 1638 1637 0 1516 1515 0 1639 1638 0 1515 1514 0 1517 1516 0 1515 1514 0 1640 1639 0 1515 1514 0 1638 1637 0 1640 1639 0 1635 1634 0 1511 1510 0 1517 1516 0 1640 1639 0 1635 1634 0 1517 1516 0 1514 1513 0 1637 1636 0 1641 1640 0 1518 1517 0 1514 1513 0 1641 1640 0 1519 1518 0 1518 1517 0 1642 1641 0 1518 1517 0 1641 1640 0 1642 1641 0 1520 1519 0 1519 1518 0 1643 1642 0 1519 1518 0 1642 1641 0 1643 1642 0 1643 1642 0 1521 1520 0 1520 1519 0 1644 1643 0 1521 1520 0 1643 1642 0 1522 1521 0 1646 1645 0 1645 1644 0 1523 1522 0 1646 1645 0 1522 1521 0 1524 1523 0 1522 1521 0 1647 1646 0 1522 1521 0 1645 1644 0 1647 1646 0 1525 1524 0 1524 1523 0 1648 1647 0 1524 1523 0 1647 1646 0 1648 1647 0 1639 1638 0 1516 1515 0 1525 1524 0 1648 1647 0 1639 1638 0 1525 1524 0 1521 1520 0 1644 1643 0 1649 1648 0 1526 1525 0 1521 1520 0 1649 1648 0 1527 1526 0 1526 1525 0 1650 1649 0 1526 1525 0 1649 1648 0 1650 1649 0 1528 1527 0 1527 1526 0 1651 1650 0 1527 1526 0 1650 1649 0 1651 1650 0 1529 1528 0 1528 1527 0 1652 1651 0 1528 1527 0 1651 1650 0 1652 1651 0 1530 1529 0 1529 1528 0 1653 1652 0 1529 1528 0 1652 1651 0 1653 1652 0 1531 1530 0 1530 1529 0 1654 1653 0 1530 1529 0 1653 1652 0 1654 1653 0 1646 1645 0 1523 1522 0 1531 1530 0 1654 1653 0 1646 1645 0 1531 1530 0 1533 1532 0 1655 1654 0 1534 1533 0 1533 1532 0 1535 1534 0 1656 1655 0 1655 1654 0 1533 1532 0 1656 1655 0 1535 1534 0 1536 1535 0 1656 1655 0 1538 1537 0 1657 1656 0 1658 1657 0 1539 1538 0 1538 1537 0 1658 1657 0 1540 1539 0 1659 1658 0 1538 1537 0 1538 1537 0 1659 1658 0 1657 1656 0 1541 1540 0 1660 1659 0 1540 1539 0 1540 1539 0 1660 1659 0 1659 1658 0 1542 1541 0 1661 1660 0 1541 1540 0 1541 1540 0 1661 1660 0 1660 1659 0 1655 1654 0 1542 1541 0 1534 1533 0 1655 1654 0 1662 1661 0 1542 1541 0 1662 1661 0 1661 1660 0 1542 1541 0 1656 1655 0 1662 1661 0 1655 1654 0 1663 1662 0 1662 1661 0 1656 1655 0 1536 1535 0 1663 1662 0 1656 1655 0 1536 1535 0 1543 1542 0 1663 1662 0 1543 1542 0 1664 1663 0 1663 1662 0 1544 1543 0 1665 1664 0 1543 1542 0 1543 1542 0 1665 1664 0 1664 1663 0 1545 1544 0 1666 1665 0 1544 1543 0 1544 1543 0 1666 1665 0 1665 1664 0 1546 1545 0 1667 1666 0 1545 1544 0 1545 1544 0 1667 1666 0 1666 1665 0 1667 1666 0 1546 1545 0 1547 1546 0 1668 1667 0 1667 1666 0 1547 1546 0 1549 1548 0 1669 1668 0 1670 1669 0 1550 1549 0 1549 1548 0 1670 1669 0 1551 1550 0 1671 1670 0 1549 1548 0 1549 1548 0 1671 1670 0 1669 1668 0 1658 1657 0 1551 1550 0 1539 1538 0 1671 1670 0 1551 1550 0 1658 1657 0 1547 1546 0 1672 1671 0 1668 1667 0 1552 1551 0 1672 1671 0 1547 1546 0 1553 1552 0 1673 1672 0 1552 1551 0 1552 1551 0 1673 1672 0 1672 1671 0 1673 1672 0 1553 1552 0 1554 1553 0 1674 1673 0 1673 1672 0 1554 1553 0 1556 1555 0 1675 1674 0 1557 1556 0 1677 1676 0 1675 1674 0 1556 1555 0 1677 1676 0 1556 1555 0 1676 1675 0 1676 1675 0 1556 1555 0 1558 1557 0 1670 1669 0 1558 1557 0 1550 1549 0 1676 1675 0 1558 1557 0 1670 1669 0 1554 1553 0 1678 1677 0 1674 1673 0 1559 1558 0 1678 1677 0 1554 1553 0 1680 1679 0 1679 1678 0 1678 1677 0 1680 1679 0 1678 1677 0 1560 1559 0 1560 1559 0 1678 1677 0 1559 1558 0 1560 1559 0 1561 1560 0 1680 1679 0 1562 1561 0 1681 1680 0 1682 1681 0 1563 1562 0 1562 1561 0 1682 1681 0 1675 1674 0 1562 1561 0 1557 1556 0 1675 1674 0 1683 1682 0 1562 1561 0 1683 1682 0 1681 1680 0 1562 1561 0 1677 1676 0 1683 1682 0 1675 1674 0 1680 1679 0 1684 1683 0 1679 1678 0 1561 1560 0 1684 1683 0 1680 1679 0 1561 1560 0 1564 1563 0 1684 1683 0 1564 1563 0 1685 1684 0 1684 1683 0 1685 1684 0 1564 1563 0 1565 1564 0 1686 1685 0 1685 1684 0 1565 1564 0 1566 1565 0 1687 1686 0 1567 1566 0 1566 1565 0 1688 1687 0 1687 1686 0 1566 1565 0 1563 1562 0 1688 1687 0 1563 1562 0 1682 1681 0 1688 1687 0 1690 1689 0 1565 1564 0 1568 1567 0 1690 1689 0 1689 1688 0 1565 1564 0 1689 1688 0 1686 1685 0 1565 1564 0 1568 1567 0 1569 1568 0 1690 1689 0 1570 1569 0 1691 1690 0 1571 1570 0 1570 1569 0 1693 1692 0 1691 1690 0 1567 1566 0 1693 1692 0 1570 1569 0 1567 1566 0 1692 1691 0 1693 1692 0 1567 1566 0 1687 1686 0 1692 1691 0 1688 1687 0 1692 1691 0 1687 1686 0 1690 1689 0 1694 1693 0 1689 1688 0 1694 1693 0 1690 1689 0 1569 1568 0 1694 1693 0 1569 1568 0 1695 1694 0 1695 1694 0 1569 1568 0 1572 1571 0 1691 1690 0 1696 1695 0 1697 1696 0 1691 1690 0 1697 1696 0 1571 1570 0 1571 1570 0 1697 1696 0 1574 1573 0 1693 1692 0 1696 1695 0 1691 1690 0 1572 1571 0 1698 1697 0 1695 1694 0 1575 1574 0 1698 1697 0 1572 1571 0 1698 1697 0 1575 1574 0 1576 1575 0 1699 1698 0 1698 1697 0 1576 1575 0 1574 1573 0 1697 1696 0 1577 1576 0 1697 1696 0 1700 1699 0 1577 1576 0 1702 1701 0 1576 1575 0 1578 1577 0 1702 1701 0 1701 1700 0 1576 1575 0 1701 1700 0 1699 1698 0 1576 1575 0 1578 1577 0 1579 1578 0 1702 1701 0 1580 1579 0 1703 1702 0 1704 1703 0 1581 1580 0 1580 1579 0 1704 1703 0 1700 1699 0 1580 1579 0 1577 1576 0 1703 1702 0 1580 1579 0 1700 1699 0 1702 1701 0 1705 1704 0 1701 1700 0 1705 1704 0 1702 1701 0 1579 1578 0 1705 1704 0 1579 1578 0 1706 1705 0 1706 1705 0 1579 1578 0 1582 1581 0 1581 1580 0 1704 1703 0 1583 1582 0 1704 1703 0 1707 1706 0 1583 1582 0 1582 1581 0 1584 1583 0 1706 1705 0 1706 1705 0 1584 1583 0 1708 1707 0 1583 1582 0 1707 1706 0 1585 1584 0 1707 1706 0 1709 1708 0 1585 1584 0 1584 1583 0 1586 1585 0 1708 1707 0 1708 1707 0 1586 1585 0 1710 1709 0 1585 1584 0 1709 1708 0 1589 1588 0 1709 1708 0 1711 1710 0 1589 1588 0 1713 1712 0 1586 1585 0 1590 1589 0 1713 1712 0 1712 1711 0 1586 1585 0 1712 1711 0 1710 1709 0 1586 1585 0 1590 1589 0 1591 1590 0 1713 1712 0 1592 1591 0 1714 1713 0 1593 1592 0 1592 1591 0 1715 1714 0 1714 1713 0 1592 1591 0 1589 1588 0 1715 1714 0 1589 1588 0 1711 1710 0 1715 1714 0 1713 1712 0 1716 1715 0 1712 1711 0 1716 1715 0 1713 1712 0 1591 1590 0 1716 1715 0 1591 1590 0 1717 1716 0 1717 1716 0 1591 1590 0 1594 1593 0 1714 1713 0 1718 1717 0 1595 1594 0 1593 1592 0 1714 1713 0 1595 1594 0 1719 1718 0 1714 1713 0 1715 1714 0 1718 1717 0 1714 1713 0 1719 1718 0 1594 1593 0 1596 1595 0 1717 1716 0 1717 1716 0 1596 1595 0 1720 1719 0 1595 1594 0 1718 1717 0 1597 1596 0 1718 1717 0 1599 1598 0 1597 1596 0 1718 1717 0 1719 1718 0 1599 1598 0 1719 1718 0 1721 1720 0 1599 1598 0 1724 1723 0 1723 1722 0 1722 1721 0 1724 1723 0 1722 1721 0 1720 1719 0 1724 1723 0 1720 1719 0 1600 1599 0 1600 1599 0 1720 1719 0 1596 1595 0 1599 1598 0 1721 1720 0 1601 1600 0 1721 1720 0 1725 1724 0 1601 1600 0 1602 1601 0 1723 1722 0 1724 1723 0 1602 1601 0 1603 1602 0 1723 1722 0 1603 1602 0 1726 1725 0 1723 1722 0 1600 1599 0 1602 1601 0 1724 1723 0 1601 1600 0 1725 1724 0 1605 1604 0 1725 1724 0 1727 1726 0 1605 1604 0 1603 1602 0 1606 1605 0 1726 1725 0 1726 1725 0 1606 1605 0 1728 1727 0 1605 1604 0 1727 1726 0 1607 1606 0 1727 1726 0 1729 1728 0 1607 1606 0 1606 1605 0 1608 1607 0 1728 1727 0 1728 1727 0 1608 1607 0 1730 1729 0 1607 1606 0 1729 1728 0 1731 1730 0 1609 1608 0 1607 1606 0 1731 1730 0 1731 1730 0 1610 1609 0 1609 1608 0 1732 1731 0 1610 1609 0 1731 1730 0 1735 1734 0 1734 1733 0 1733 1732 0 1735 1734 0 1733 1732 0 1730 1729 0 1735 1734 0 1730 1729 0 1611 1610 0 1611 1610 0 1730 1729 0 1608 1607 0 1610 1609 0 1732 1731 0 1612 1611 0 1732 1731 0 1736 1735 0 1612 1611 0 1613 1612 0 1734 1733 0 1735 1734 0 1613 1612 0 1614 1613 0 1734 1733 0 1614 1613 0 1737 1736 0 1734 1733 0 1611 1610 0 1613 1612 0 1735 1734 0 1738 1737 0 1739 1738 0 1615 1614 0 1738 1737 0 1615 1614 0 1736 1735 0 1736 1735 0 1615 1614 0 1612 1611 0 1738 1737 0 1740 1739 0 1739 1738 0 1616 1615 0 1742 1741 0 1741 1740 0 1617 1616 0 1742 1741 0 1616 1615 0 1737 1736 0 1614 1613 0 1616 1615 0 1741 1740 0 1737 1736 0 1616 1615 0 1615 1614 0 1739 1738 0 1619 1618 0 1739 1738 0 1620 1619 0 1619 1618 0 1739 1738 0 1740 1739 0 1620 1619 0 1740 1739 0 1743 1742 0 1620 1619 0 1746 1745 0 1745 1744 0 1744 1743 0 1746 1745 0 1744 1743 0 1742 1741 0 1746 1745 0 1742 1741 0 1621 1620 0 1621 1620 0 1742 1741 0 1617 1616 0 1620 1619 0 1743 1742 0 1747 1746 0 1622 1621 0 1620 1619 0 1747 1746 0 1747 1746 0 1623 1622 0 1622 1621 0 1748 1747 0 1623 1622 0 1747 1746 0 1624 1623 0 1745 1744 0 1746 1745 0 1624 1623 0 1625 1624 0 1745 1744 0 1625 1624 0 1749 1748 0 1745 1744 0 1621 1620 0 1624 1623 0 1746 1745 0 1623 1622 0 1748 1747 0 1750 1749 0 1626 1625 0 1623 1622 0 1750 1749 0 1627 1626 0 1751 1750 0 1752 1751 0 1627 1626 0 1626 1625 0 1751 1750 0 1626 1625 0 1750 1749 0 1751 1750 0 1751 1750 0 1753 1752 0 1752 1751 0 1628 1627 0 1755 1754 0 1754 1753 0 1629 1628 0 1755 1754 0 1628 1627 0 1749 1748 0 1625 1624 0 1628 1627 0 1754 1753 0 1749 1748 0 1628 1627 0 1627 1626 0 1752 1751 0 1630 1629 0 1752 1751 0 1753 1752 0 1756 1755 0 1752 1751 0 1756 1755 0 1630 1629 0 1630 1629 0 1756 1755 0 1631 1630 0 1756 1755 0 1633 1632 0 1631 1630 0 1757 1756 0 1633 1632 0 1756 1755 0 1760 1759 0 1759 1758 0 1758 1757 0 1760 1759 0 1634 1633 0 1635 1634 0 1760 1759 0 1758 1757 0 1634 1633 0 1758 1757 0 1761 1760 0 1634 1633 0 1755 1754 0 1629 1628 0 1634 1633 0 1761 1760 0 1755 1754 0 1634 1633 0 1633 1632 0 1757 1756 0 1762 1761 0 1636 1635 0 1633 1632 0 1762 1761 0 1637 1636 0 1763 1762 0 1764 1763 0 1637 1636 0 1636 1635 0 1763 1762 0 1636 1635 0 1762 1761 0 1763 1762 0 1763 1762 0 1765 1764 0 1764 1763 0 1638 1637 0 1767 1766 0 1766 1765 0 1639 1638 0 1767 1766 0 1638 1637 0 1759 1758 0 1760 1759 0 1640 1639 0 1759 1758 0 1640 1639 0 1766 1765 0 1766 1765 0 1640 1639 0 1638 1637 0 1635 1634 0 1640 1639 0 1760 1759 0 1637 1636 0 1764 1763 0 1641 1640 0 1764 1763 0 1765 1764 0 1768 1767 0 1764 1763 0 1768 1767 0 1641 1640 0 1641 1640 0 1768 1767 0 1642 1641 0 1643 1642 0 1642 1641 0 1769 1768 0 1642 1641 0 1768 1767 0 1769 1768 0 1644 1643 0 1770 1769 0 1771 1770 0 1644 1643 0 1643 1642 0 1770 1769 0 1643 1642 0 1769 1768 0 1770 1769 0 1770 1769 0 1772 1771 0 1771 1770 0 1775 1774 0 1774 1773 0 1773 1772 0 1775 1774 0 1645 1644 0 1646 1645 0 1775 1774 0 1773 1772 0 1645 1644 0 1773 1772 0 1776 1775 0 1645 1644 0 1647 1646 0 1645 1644 0 1777 1776 0 1645 1644 0 1776 1775 0 1777 1776 0 1648 1647 0 1647 1646 0 1778 1777 0 1647 1646 0 1777 1776 0 1778 1777 0 1767 1766 0 1639 1638 0 1648 1647 0 1778 1777 0 1767 1766 0 1648 1647 0 1644 1643 0 1771 1770 0 1649 1648 0 1771 1770 0 1772 1771 0 1779 1778 0 1771 1770 0 1779 1778 0 1649 1648 0 1649 1648 0 1779 1778 0 1650 1649 0 1651 1650 0 1650 1649 0 1780 1779 0 1650 1649 0 1779 1778 0 1780 1779 0 1652 1651 0 1651 1650 0 1781 1780 0 1651 1650 0 1780 1779 0 1781 1780 0 1653 1652 0 1652 1651 0 1782 1781 0 1652 1651 0 1781 1780 0 1782 1781 0 1774 1773 0 1775 1774 0 1654 1653 0 1774 1773 0 1654 1653 0 1782 1781 0 1782 1781 0 1654 1653 0 1653 1652 0 1646 1645 0 1654 1653 0 1775 1774 0 1657 1656 0 1783 1782 0 1658 1657 0 1785 1784 0 1783 1782 0 1657 1656 0 1785 1784 0 1657 1656 0 1784 1783 0 1784 1783 0 1657 1656 0 1659 1658 0 1660 1659 0 1786 1785 0 1659 1658 0 1659 1658 0 1786 1785 0 1784 1783 0 1661 1660 0 1787 1786 0 1660 1659 0 1660 1659 0 1787 1786 0 1786 1785 0 1662 1661 0 1788 1787 0 1661 1660 0 1661 1660 0 1788 1787 0 1787 1786 0 1663 1662 0 1789 1788 0 1662 1661 0 1662 1661 0 1789 1788 0 1788 1787 0 1664 1663 0 1790 1789 0 1663 1662 0 1663 1662 0 1790 1789 0 1789 1788 0 1665 1664 0 1791 1790 0 1664 1663 0 1664 1663 0 1791 1790 0 1790 1789 0 1666 1665 0 1792 1791 0 1665 1664 0 1665 1664 0 1792 1791 0 1791 1790 0 1794 1793 0 1793 1792 0 1792 1791 0 1794 1793 0 1792 1791 0 1667 1666 0 1667 1666 0 1792 1791 0 1666 1665 0 1667 1666 0 1668 1667 0 1794 1793 0 1669 1668 0 1795 1794 0 1670 1669 0 1797 1796 0 1795 1794 0 1669 1668 0 1797 1796 0 1669 1668 0 1796 1795 0 1796 1795 0 1669 1668 0 1671 1670 0 1783 1782 0 1671 1670 0 1658 1657 0 1783 1782 0 1798 1797 0 1671 1670 0 1798 1797 0 1796 1795 0 1671 1670 0 1785 1784 0 1798 1797 0 1783 1782 0 1794 1793 0 1799 1798 0 1793 1792 0 1668 1667 0 1799 1798 0 1794 1793 0 1668 1667 0 1672 1671 0 1799 1798 0 1672 1671 0 1800 1799 0 1799 1798 0 1673 1672 0 1801 1800 0 1672 1671 0 1672 1671 0 1801 1800 0 1800 1799 0 1801 1800 0 1673 1672 0 1674 1673 0 1802 1801 0 1801 1800 0 1674 1673 0 1676 1675 0 1803 1802 0 1804 1803 0 1677 1676 0 1676 1675 0 1804 1803 0 1795 1794 0 1676 1675 0 1670 1669 0 1795 1794 0 1805 1804 0 1676 1675 0 1805 1804 0 1803 1802 0 1676 1675 0 1797 1796 0 1805 1804 0 1795 1794 0 1674 1673 0 1806 1805 0 1802 1801 0 1678 1677 0 1806 1805 0 1674 1673 0 1806 1805 0 1678 1677 0 1679 1678 0 1807 1806 0 1806 1805 0 1679 1678 0 1681 1680 0 1808 1807 0 1682 1681 0 1810 1809 0 1808 1807 0 1681 1680 0 1810 1809 0 1681 1680 0 1809 1808 0 1809 1808 0 1681 1680 0 1683 1682 0 1804 1803 0 1683 1682 0 1677 1676 0 1809 1808 0 1683 1682 0 1804 1803 0 1679 1678 0 1811 1810 0 1807 1806 0 1684 1683 0 1811 1810 0 1679 1678 0 1813 1812 0 1812 1811 0 1811 1810 0 1813 1812 0 1811 1810 0 1685 1684 0 1685 1684 0 1811 1810 0 1684 1683 0 1685 1684 0 1686 1685 0 1813 1812 0 1808 1807 0 1814 1813 0 1815 1814 0 1808 1807 0 1815 1814 0 1682 1681 0 1682 1681 0 1815 1814 0 1688 1687 0 1810 1809 0 1814 1813 0 1808 1807 0 1813 1812 0 1816 1815 0 1812 1811 0 1816 1815 0 1813 1812 0 1686 1685 0 1816 1815 0 1686 1685 0 1817 1816 0 1817 1816 0 1686 1685 0 1689 1688 0 1692 1691 0 1818 1817 0 1819 1818 0 1693 1692 0 1692 1691 0 1819 1818 0 1815 1814 0 1692 1691 0 1688 1687 0 1818 1817 0 1692 1691 0 1815 1814 0 1689 1688 0 1820 1819 0 1817 1816 0 1694 1693 0 1820 1819 0 1689 1688 0 1820 1819 0 1694 1693 0 1695 1694 0 1821 1820 0 1820 1819 0 1695 1694 0 1696 1695 0 1822 1821 0 1697 1696 0 1696 1695 0 1823 1822 0 1822 1821 0 1696 1695 0 1693 1692 0 1823 1822 0 1693 1692 0 1819 1818 0 1823 1822 0 1695 1694 0 1824 1823 0 1821 1820 0 1698 1697 0 1824 1823 0 1695 1694 0 1824 1823 0 1698 1697 0 1699 1698 0 1825 1824 0 1824 1823 0 1699 1698 0 1822 1821 0 1826 1825 0 1827 1826 0 1822 1821 0 1827 1826 0 1697 1696 0 1697 1696 0 1827 1826 0 1700 1699 0 1823 1822 0 1826 1825 0 1822 1821 0 1699 1698 0 1701 1700 0 1825 1824 0 1825 1824 0 1701 1700 0 1828 1827 0 1703 1702 0 1829 1828 0 1704 1703 0 1703 1702 0 1830 1829 0 1829 1828 0 1703 1702 0 1700 1699 0 1830 1829 0 1700 1699 0 1827 1826 0 1830 1829 0 1832 1831 0 1701 1700 0 1705 1704 0 1832 1831 0 1831 1830 0 1701 1700 0 1831 1830 0 1828 1827 0 1701 1700 0 1705 1704 0 1706 1705 0 1832 1831 0 1829 1828 0 1833 1832 0 1834 1833 0 1829 1828 0 1834 1833 0 1704 1703 0 1704 1703 0 1834 1833 0 1707 1706 0 1830 1829 0 1833 1832 0 1829 1828 0 1832 1831 0 1835 1834 0 1831 1830 0 1835 1834 0 1832 1831 0 1706 1705 0 1835 1834 0 1706 1705 0 1836 1835 0 1836 1835 0 1706 1705 0 1708 1707 0 1707 1706 0 1834 1833 0 1709 1708 0 1834 1833 0 1837 1836 0 1709 1708 0 1708 1707 0 1710 1709 0 1836 1835 0 1836 1835 0 1710 1709 0 1838 1837 0 1709 1708 0 1837 1836 0 1711 1710 0 1837 1836 0 1839 1838 0 1711 1710 0 1710 1709 0 1712 1711 0 1838 1837 0 1838 1837 0 1712 1711 0 1840 1839 0 1711 1710 0 1839 1838 0 1715 1714 0 1839 1838 0 1841 1840 0 1715 1714 0 1843 1842 0 1712 1711 0 1716 1715 0 1843 1842 0 1842 1841 0 1712 1711 0 1842 1841 0 1840 1839 0 1712 1711 0 1716 1715 0 1717 1716 0 1843 1842 0 1715 1714 0 1841 1840 0 1719 1718 0 1841 1840 0 1844 1843 0 1719 1718 0 1846 1845 0 1842 1841 0 1843 1842 0 1845 1844 0 1842 1841 0 1846 1845 0 1717 1716 0 1720 1719 0 1846 1845 0 1843 1842 0 1717 1716 0 1846 1845 0 1719 1718 0 1844 1843 0 1721 1720 0 1844 1843 0 1847 1846 0 1721 1720 0 1722 1721 0 1845 1844 0 1846 1845 0 1722 1721 0 1723 1722 0 1845 1844 0 1723 1722 0 1848 1847 0 1845 1844 0 1720 1719 0 1722 1721 0 1846 1845 0 1721 1720 0 1847 1846 0 1725 1724 0 1847 1846 0 1849 1848 0 1725 1724 0 1723 1722 0 1726 1725 0 1848 1847 0 1848 1847 0 1726 1725 0 1850 1849 0 1725 1724 0 1849 1848 0 1727 1726 0 1849 1848 0 1851 1850 0 1727 1726 0 1726 1725 0 1728 1727 0 1850 1849 0 1850 1849 0 1728 1727 0 1852 1851 0 1853 1852 0 1854 1853 0 1729 1728 0 1853 1852 0 1729 1728 0 1851 1850 0 1851 1850 0 1729 1728 0 1727 1726 0 1853 1852 0 1855 1854 0 1854 1853 0 1858 1857 0 1857 1856 0 1856 1855 0 1858 1857 0 1856 1855 0 1852 1851 0 1858 1857 0 1852 1851 0 1730 1729 0 1730 1729 0 1852 1851 0 1728 1727 0 1729 1728 0 1854 1853 0 1731 1730 0 1854 1853 0 1732 1731 0 1731 1730 0 1854 1853 0 1855 1854 0 1732 1731 0 1855 1854 0 1859 1858 0 1732 1731 0 1733 1732 0 1857 1856 0 1858 1857 0 1733 1732 0 1734 1733 0 1857 1856 0 1734 1733 0 1860 1859 0 1857 1856 0 1730 1729 0 1733 1732 0 1858 1857 0 1732 1731 0 1859 1858 0 1736 1735 0 1859 1858 0 1861 1860 0 1736 1735 0 1864 1863 0 1863 1862 0 1862 1861 0 1864 1863 0 1862 1861 0 1860 1859 0 1864 1863 0 1860 1859 0 1737 1736 0 1737 1736 0 1860 1859 0 1734 1733 0 1736 1735 0 1861 1860 0 1865 1864 0 1738 1737 0 1736 1735 0 1865 1864 0 1865 1864 0 1740 1739 0 1738 1737 0 1866 1865 0 1740 1739 0 1865 1864 0 1741 1740 0 1863 1862 0 1864 1863 0 1741 1740 0 1742 1741 0 1863 1862 0 1742 1741 0 1867 1866 0 1863 1862 0 1737 1736 0 1741 1740 0 1864 1863 0 1868 1867 0 1869 1868 0 1743 1742 0 1868 1867 0 1743 1742 0 1866 1865 0 1866 1865 0 1743 1742 0 1740 1739 0 1868 1867 0 1870 1869 0 1869 1868 0 1744 1743 0 1872 1871 0 1871 1870 0 1745 1744 0 1872 1871 0 1744 1743 0 1867 1866 0 1742 1741 0 1744 1743 0 1871 1870 0 1867 1866 0 1744 1743 0 1743 1742 0 1869 1868 0 1747 1746 0 1748 1747 0 1873 1872 0 1874 1873 0 1747 1746 0 1873 1872 0 1748 1747 0 1747 1746 0 1870 1869 0 1873 1872 0 1747 1746 0 1869 1868 0 1870 1869 0 1873 1872 0 1875 1874 0 1874 1873 0 1878 1877 0 1877 1876 0 1876 1875 0 1878 1877 0 1876 1875 0 1872 1871 0 1878 1877 0 1872 1871 0 1749 1748 0 1749 1748 0 1872 1871 0 1745 1744 0 1748 1747 0 1874 1873 0 1750 1749 0 1874 1873 0 1875 1874 0 1879 1878 0 1874 1873 0 1879 1878 0 1750 1749 0 1750 1749 0 1879 1878 0 1751 1750 0 1879 1878 0 1753 1752 0 1751 1750 0 1880 1879 0 1753 1752 0 1879 1878 0 1883 1882 0 1882 1881 0 1881 1880 0 1877 1876 0 1883 1882 0 1881 1880 0 1878 1877 0 1883 1882 0 1877 1876 0 1878 1877 0 1755 1754 0 1883 1882 0 1878 1877 0 1754 1753 0 1755 1754 0 1749 1748 0 1754 1753 0 1878 1877 0 1753 1752 0 1880 1879 0 1884 1883 0 1756 1755 0 1753 1752 0 1884 1883 0 1884 1883 0 1757 1756 0 1756 1755 0 1885 1884 0 1757 1756 0 1884 1883 0 1758 1757 0 1887 1886 0 1886 1885 0 1759 1758 0 1887 1886 0 1758 1757 0 1882 1881 0 1883 1882 0 1761 1760 0 1882 1881 0 1761 1760 0 1886 1885 0 1886 1885 0 1761 1760 0 1758 1757 0 1755 1754 0 1761 1760 0 1883 1882 0 1757 1756 0 1885 1884 0 1888 1887 0 1762 1761 0 1757 1756 0 1888 1887 0 1763 1762 0 1762 1761 0 1889 1888 0 1762 1761 0 1888 1887 0 1889 1888 0 1765 1764 0 1890 1889 0 1891 1890 0 1765 1764 0 1763 1762 0 1890 1889 0 1763 1762 0 1889 1888 0 1890 1889 0 1890 1889 0 1892 1891 0 1891 1890 0 1895 1894 0 1894 1893 0 1893 1892 0 1895 1894 0 1766 1765 0 1767 1766 0 1895 1894 0 1893 1892 0 1766 1765 0 1893 1892 0 1896 1895 0 1766 1765 0 1887 1886 0 1759 1758 0 1766 1765 0 1896 1895 0 1887 1886 0 1766 1765 0 1765 1764 0 1891 1890 0 1768 1767 0 1891 1890 0 1892 1891 0 1897 1896 0 1891 1890 0 1897 1896 0 1768 1767 0 1768 1767 0 1897 1896 0 1769 1768 0 1770 1769 0 1769 1768 0 1898 1897 0 1769 1768 0 1897 1896 0 1898 1897 0 1772 1771 0 1899 1898 0 1900 1899 0 1772 1771 0 1770 1769 0 1899 1898 0 1770 1769 0 1898 1897 0 1899 1898 0 1900 1899 0 1901 1900 0 1902 1901 0 1899 1898 0 1901 1900 0 1900 1899 0 1902 1901 0 1903 1902 0 1904 1903 0 1901 1900 0 1903 1902 0 1902 1901 0 1904 1903 0 1905 1904 0 1906 1905 0 1903 1902 0 1905 1904 0 1904 1903 0 1906 1905 0 1773 1772 0 1774 1773 0 1906 1905 0 1905 1904 0 1773 1772 0 1905 1904 0 1907 1906 0 1773 1772 0 1776 1775 0 1773 1772 0 1908 1907 0 1773 1772 0 1907 1906 0 1908 1907 0 1777 1776 0 1776 1775 0 1909 1908 0 1776 1775 0 1908 1907 0 1909 1908 0 1894 1893 0 1895 1894 0 1778 1777 0 1894 1893 0 1778 1777 0 1909 1908 0 1909 1908 0 1778 1777 0 1777 1776 0 1767 1766 0 1778 1777 0 1895 1894 0 1772 1771 0 1900 1899 0 1779 1778 0 1780 1779 0 1779 1778 0 1900 1899 0 1902 1901 0 1780 1779 0 1900 1899 0 1781 1780 0 1780 1779 0 1902 1901 0 1904 1903 0 1781 1780 0 1902 1901 0 1782 1781 0 1781 1780 0 1904 1903 0 1906 1905 0 1782 1781 0 1904 1903 0 1774 1773 0 1782 1781 0 1906 1905 0 1784 1783 0 1910 1909 0 1785 1784 0 1784 1783 0 1786 1785 0 1911 1910 0 1910 1909 0 1784 1783 0 1911 1910 0 1913 1912 0 1911 1910 0 1786 1785 0 1913 1912 0 1786 1785 0 1912 1911 0 1912 1911 0 1786 1785 0 1787 1786 0 1788 1787 0 1914 1913 0 1787 1786 0 1787 1786 0 1914 1913 0 1912 1911 0 1789 1788 0 1915 1914 0 1788 1787 0 1788 1787 0 1915 1914 0 1914 1913 0 1790 1789 0 1916 1915 0 1789 1788 0 1789 1788 0 1916 1915 0 1915 1914 0 1918 1917 0 1917 1916 0 1916 1915 0 1918 1917 0 1916 1915 0 1791 1790 0 1791 1790 0 1916 1915 0 1790 1789 0 1791 1790 0 1792 1791 0 1919 1918 0 1918 1917 0 1791 1790 0 1919 1918 0 1792 1791 0 1793 1792 0 1919 1918 0 1796 1795 0 1920 1919 0 1921 1920 0 1797 1796 0 1796 1795 0 1921 1920 0 1798 1797 0 1922 1921 0 1796 1795 0 1796 1795 0 1922 1921 0 1920 1919 0 1910 1909 0 1798 1797 0 1785 1784 0 1910 1909 0 1923 1922 0 1798 1797 0 1923 1922 0 1922 1921 0 1798 1797 0 1911 1910 0 1923 1922 0 1910 1909 0 1924 1923 0 1923 1922 0 1911 1910 0 1913 1912 0 1924 1923 0 1911 1910 0 1918 1917 0 1925 1924 0 1917 1916 0 1919 1918 0 1925 1924 0 1918 1917 0 1926 1925 0 1925 1924 0 1919 1918 0 1793 1792 0 1926 1925 0 1919 1918 0 1793 1792 0 1799 1798 0 1926 1925 0 1799 1798 0 1927 1926 0 1926 1925 0 1800 1799 0 1928 1927 0 1799 1798 0 1799 1798 0 1928 1927 0 1927 1926 0 1930 1929 0 1929 1928 0 1928 1927 0 1930 1929 0 1928 1927 0 1801 1800 0 1801 1800 0 1928 1927 0 1800 1799 0 1801 1800 0 1802 1801 0 1930 1929 0 1803 1802 0 1931 1930 0 1804 1803 0 1933 1932 0 1931 1930 0 1803 1802 0 1933 1932 0 1803 1802 0 1932 1931 0 1932 1931 0 1803 1802 0 1805 1804 0 1921 1920 0 1805 1804 0 1797 1796 0 1932 1931 0 1805 1804 0 1921 1920 0 1930 1929 0 1934 1933 0 1929 1928 0 1936 1935 0 1935 1934 0 1934 1933 0 1806 1805 0 1936 1935 0 1934 1933 0 1806 1805 0 1934 1933 0 1930 1929 0 1806 1805 0 1930 1929 0 1802 1801 0 1806 1805 0 1807 1806 0 1936 1935 0 1809 1808 0 1937 1936 0 1938 1937 0 1810 1809 0 1809 1808 0 1938 1937 0 1931 1930 0 1809 1808 0 1804 1803 0 1931 1930 0 1939 1938 0 1809 1808 0 1939 1938 0 1937 1936 0 1809 1808 0 1933 1932 0 1939 1938 0 1931 1930 0 1936 1935 0 1940 1939 0 1935 1934 0 1807 1806 0 1940 1939 0 1936 1935 0 1807 1806 0 1811 1810 0 1940 1939 0 1811 1810 0 1941 1940 0 1940 1939 0 1941 1940 0 1811 1810 0 1812 1811 0 1942 1941 0 1941 1940 0 1812 1811 0 1814 1813 0 1943 1942 0 1944 1943 0 1815 1814 0 1814 1813 0 1944 1943 0 1938 1937 0 1814 1813 0 1810 1809 0 1943 1942 0 1814 1813 0 1938 1937 0 1812 1811 0 1945 1944 0 1942 1941 0 1816 1815 0 1945 1944 0 1812 1811 0 1945 1944 0 1816 1815 0 1817 1816 0 1946 1945 0 1945 1944 0 1817 1816 0 1818 1817 0 1947 1946 0 1819 1818 0 1818 1817 0 1948 1947 0 1947 1946 0 1818 1817 0 1815 1814 0 1948 1947 0 1815 1814 0 1944 1943 0 1948 1947 0 1950 1949 0 1817 1816 0 1820 1819 0 1950 1949 0 1949 1948 0 1817 1816 0 1949 1948 0 1946 1945 0 1817 1816 0 1820 1819 0 1821 1820 0 1950 1949 0 1947 1946 0 1951 1950 0 1952 1951 0 1947 1946 0 1952 1951 0 1819 1818 0 1819 1818 0 1952 1951 0 1823 1822 0 1948 1947 0 1951 1950 0 1947 1946 0 1950 1949 0 1953 1952 0 1949 1948 0 1955 1954 0 1954 1953 0 1953 1952 0 1824 1823 0 1955 1954 0 1953 1952 0 1824 1823 0 1953 1952 0 1950 1949 0 1824 1823 0 1950 1949 0 1821 1820 0 1824 1823 0 1825 1824 0 1955 1954 0 1826 1825 0 1956 1955 0 1957 1956 0 1827 1826 0 1826 1825 0 1957 1956 0 1952 1951 0 1826 1825 0 1823 1822 0 1956 1955 0 1826 1825 0 1952 1951 0 1955 1954 0 1958 1957 0 1954 1953 0 1958 1957 0 1955 1954 0 1825 1824 0 1958 1957 0 1825 1824 0 1959 1958 0 1959 1958 0 1825 1824 0 1828 1827 0 1827 1826 0 1957 1956 0 1830 1829 0 1957 1956 0 1960 1959 0 1830 1829 0 1828 1827 0 1831 1830 0 1959 1958 0 1959 1958 0 1831 1830 0 1961 1960 0 1833 1832 0 1962 1961 0 1834 1833 0 1833 1832 0 1963 1962 0 1962 1961 0 1833 1832 0 1830 1829 0 1963 1962 0 1830 1829 0 1960 1959 0 1963 1962 0 1965 1964 0 1831 1830 0 1835 1834 0 1965 1964 0 1964 1963 0 1831 1830 0 1964 1963 0 1961 1960 0 1831 1830 0 1835 1834 0 1836 1835 0 1965 1964 0 1962 1961 0 1966 1965 0 1837 1836 0 1834 1833 0 1962 1961 0 1837 1836 0 1967 1966 0 1962 1961 0 1963 1962 0 1966 1965 0 1962 1961 0 1967 1966 0 1965 1964 0 1968 1967 0 1964 1963 0 1968 1967 0 1965 1964 0 1836 1835 0 1968 1967 0 1836 1835 0 1969 1968 0 1969 1968 0 1836 1835 0 1838 1837 0 1966 1965 0 1970 1969 0 1971 1970 0 1966 1965 0 1971 1970 0 1837 1836 0 1837 1836 0 1971 1970 0 1839 1838 0 1967 1966 0 1970 1969 0 1966 1965 0 1838 1837 0 1840 1839 0 1969 1968 0 1969 1968 0 1840 1839 0 1972 1971 0 1839 1838 0 1971 1970 0 1841 1840 0 1971 1970 0 1973 1972 0 1841 1840 0 1840 1839 0 1842 1841 0 1972 1971 0 1972 1971 0 1842 1841 0 1974 1973 0 1841 1840 0 1973 1972 0 1844 1843 0 1973 1972 0 1975 1974 0 1844 1843 0 1842 1841 0 1845 1844 0 1974 1973 0 1974 1973 0 1845 1844 0 1976 1975 0 1844 1843 0 1975 1974 0 1847 1846 0 1975 1974 0 1977 1976 0 1847 1846 0 1845 1844 0 1848 1847 0 1976 1975 0 1976 1975 0 1848 1847 0 1978 1977 0 1847 1846 0 1977 1976 0 1849 1848 0 1977 1976 0 1979 1978 0 1849 1848 0 1848 1847 0 1850 1849 0 1978 1977 0 1978 1977 0 1850 1849 0 1980 1979 0 1981 1980 0 1982 1981 0 1851 1850 0 1981 1980 0 1851 1850 0 1979 1978 0 1979 1978 0 1851 1850 0 1849 1848 0 1981 1980 0 1983 1982 0 1982 1981 0 1986 1985 0 1985 1984 0 1984 1983 0 1986 1985 0 1984 1983 0 1980 1979 0 1986 1985 0 1980 1979 0 1852 1851 0 1852 1851 0 1980 1979 0 1850 1849 0 1851 1850 0 1982 1981 0 1853 1852 0 1982 1981 0 1855 1854 0 1853 1852 0 1982 1981 0 1983 1982 0 1855 1854 0 1983 1982 0 1987 1986 0 1855 1854 0 1856 1855 0 1985 1984 0 1986 1985 0 1856 1855 0 1857 1856 0 1985 1984 0 1857 1856 0 1988 1987 0 1985 1984 0 1852 1851 0 1856 1855 0 1986 1985 0 1855 1854 0 1987 1986 0 1859 1858 0 1987 1986 0 1989 1988 0 1859 1858 0 1857 1856 0 1860 1859 0 1988 1987 0 1988 1987 0 1860 1859 0 1990 1989 0 1991 1990 0 1992 1991 0 1861 1860 0 1991 1990 0 1861 1860 0 1989 1988 0 1989 1988 0 1861 1860 0 1859 1858 0 1991 1990 0 1993 1992 0 1992 1991 0 1862 1861 0 1995 1994 0 1994 1993 0 1863 1862 0 1995 1994 0 1862 1861 0 1990 1989 0 1860 1859 0 1862 1861 0 1994 1993 0 1990 1989 0 1862 1861 0 1861 1860 0 1992 1991 0 1865 1864 0 1866 1865 0 1996 1995 0 1997 1996 0 1865 1864 0 1996 1995 0 1866 1865 0 1865 1864 0 1993 1992 0 1996 1995 0 1865 1864 0 1992 1991 0 1993 1992 0 1996 1995 0 1998 1997 0 1997 1996 0 2001 2000 0 2000 1999 0 1999 1998 0 2001 2000 0 1999 1998 0 1995 1994 0 2001 2000 0 1995 1994 0 1867 1866 0 1867 1866 0 1995 1994 0 1863 1862 0 1866 1865 0 1997 1996 0 1868 1867 0 1997 1996 0 1870 1869 0 1868 1867 0 1997 1996 0 1998 1997 0 1870 1869 0 1998 1997 0 2002 2001 0 1870 1869 0 1871 1870 0 2000 1999 0 2001 2000 0 1871 1870 0 1872 1871 0 2000 1999 0 1872 1871 0 2003 2002 0 2000 1999 0 1867 1866 0 1871 1870 0 2001 2000 0 1870 1869 0 2002 2001 0 2004 2003 0 1873 1872 0 1870 1869 0 2004 2003 0 2004 2003 0 1875 1874 0 1873 1872 0 2005 2004 0 1875 1874 0 2004 2003 0 1876 1875 0 2007 2006 0 2006 2005 0 1877 1876 0 2007 2006 0 1876 1875 0 2003 2002 0 1872 1871 0 1876 1875 0 2006 2005 0 2003 2002 0 1876 1875 0 1875 1874 0 2005 2004 0 2008 2007 0 1879 1878 0 1875 1874 0 2008 2007 0 1880 1879 0 2009 2008 0 2010 2009 0 1880 1879 0 1879 1878 0 2009 2008 0 1879 1878 0 2008 2007 0 2009 2008 0 2009 2008 0 2011 2010 0 2010 2009 0 1881 1880 0 2013 2012 0 2012 2011 0 1882 1881 0 2013 2012 0 1881 1880 0 2007 2006 0 1877 1876 0 1881 1880 0 2012 2011 0 2007 2006 0 1881 1880 0 1880 1879 0 2010 2009 0 1884 1883 0 1885 1884 0 2014 2013 0 2015 2014 0 1884 1883 0 2014 2013 0 1885 1884 0 1884 1883 0 2011 2010 0 2014 2013 0 1884 1883 0 2010 2009 0 2011 2010 0 2014 2013 0 2016 2015 0 2015 2014 0 2019 2018 0 2018 2017 0 2017 2016 0 2019 2018 0 1886 1885 0 1887 1886 0 2019 2018 0 2017 2016 0 1886 1885 0 2017 2016 0 2020 2019 0 1886 1885 0 2013 2012 0 1882 1881 0 1886 1885 0 2020 2019 0 2013 2012 0 1886 1885 0 1885 1884 0 2015 2014 0 1888 1887 0 2015 2014 0 2016 2015 0 2021 2020 0 2015 2014 0 2021 2020 0 1888 1887 0 1888 1887 0 2021 2020 0 1889 1888 0 1890 1889 0 1889 1888 0 2022 2021 0 1889 1888 0 2021 2020 0 2022 2021 0 1892 1891 0 2023 2022 0 2024 2023 0 1892 1891 0 1890 1889 0 2023 2022 0 1890 1889 0 2022 2021 0 2023 2022 0 2023 2022 0 2025 2024 0 2024 2023 0 2028 2027 0 2027 2026 0 2026 2025 0 2028 2027 0 1893 1892 0 1894 1893 0 2028 2027 0 2026 2025 0 1893 1892 0 2026 2025 0 2029 2028 0 1893 1892 0 2018 2017 0 2019 2018 0 1896 1895 0 2018 2017 0 1896 1895 0 2029 2028 0 2029 2028 0 1896 1895 0 1893 1892 0 1887 1886 0 1896 1895 0 2019 2018 0 1892 1891 0 2024 2023 0 1897 1896 0 2024 2023 0 2025 2024 0 2030 2029 0 2024 2023 0 2030 2029 0 1897 1896 0 1897 1896 0 2030 2029 0 1898 1897 0 1899 1898 0 1898 1897 0 2031 2030 0 1898 1897 0 2030 2029 0 2031 2030 0 1901 1900 0 1899 1898 0 2032 2031 0 1899 1898 0 2031 2030 0 2032 2031 0 1903 1902 0 1901 1900 0 2033 2032 0 1901 1900 0 2032 2031 0 2033 2032 0 1905 1904 0 1903 1902 0 2034 2033 0 1903 1902 0 2033 2032 0 2034 2033 0 1907 1906 0 1905 1904 0 2035 2034 0 1905 1904 0 2034 2033 0 2035 2034 0 1908 1907 0 1907 1906 0 2036 2035 0 1907 1906 0 2035 2034 0 2036 2035 0 2027 2026 0 2028 2027 0 1909 1908 0 2027 2026 0 1909 1908 0 2036 2035 0 2036 2035 0 1909 1908 0 1908 1907 0 1894 1893 0 1909 1908 0 2028 2027 0 1912 1911 0 2037 2036 0 1913 1912 0 1912 1911 0 1914 1913 0 2038 2037 0 2037 2036 0 1912 1911 0 2038 2037 0 1914 1913 0 1915 1914 0 2039 2038 0 2038 2037 0 1914 1913 0 2039 2038 0 1915 1914 0 1916 1915 0 2040 2039 0 2039 2038 0 1915 1914 0 2040 2039 0 1916 1915 0 1917 1916 0 2040 2039 0 1920 1919 0 2041 2040 0 1921 1920 0 2043 2042 0 2041 2040 0 1920 1919 0 2043 2042 0 1920 1919 0 2042 2041 0 2042 2041 0 1920 1919 0 1922 1921 0 1923 1922 0 2044 2043 0 1922 1921 0 1922 1921 0 2044 2043 0 2042 2041 0 1924 1923 0 2045 2044 0 1923 1922 0 1923 1922 0 2045 2044 0 2044 2043 0 2037 2036 0 1924 1923 0 1913 1912 0 2037 2036 0 2046 2045 0 1924 1923 0 2046 2045 0 2045 2044 0 1924 1923 0 2038 2037 0 2046 2045 0 2037 2036 0 2047 2046 0 2046 2045 0 2038 2037 0 2039 2038 0 2047 2046 0 2038 2037 0 2048 2047 0 2047 2046 0 2039 2038 0 2040 2039 0 2048 2047 0 2039 2038 0 2049 2048 0 2048 2047 0 2040 2039 0 1917 1916 0 2049 2048 0 2040 2039 0 1917 1916 0 1925 1924 0 2049 2048 0 1925 1924 0 2050 2049 0 2049 2048 0 1926 1925 0 2051 2050 0 1925 1924 0 1925 1924 0 2051 2050 0 2050 2049 0 1927 1926 0 2052 2051 0 1926 1925 0 1926 1925 0 2052 2051 0 2051 2050 0 2054 2053 0 2053 2052 0 2052 2051 0 2054 2053 0 2052 2051 0 1928 1927 0 1928 1927 0 2052 2051 0 1927 1926 0 1928 1927 0 1929 1928 0 2054 2053 0 1932 1931 0 2055 2054 0 1933 1932 0 1932 1931 0 2057 2056 0 2055 2054 0 1921 1920 0 2057 2056 0 1932 1931 0 1921 1920 0 2056 2055 0 2057 2056 0 1921 1920 0 2041 2040 0 2056 2055 0 2043 2042 0 2056 2055 0 2041 2040 0 2054 2053 0 2058 2057 0 2053 2052 0 1929 1928 0 2058 2057 0 2054 2053 0 1929 1928 0 1934 1933 0 2058 2057 0 1934 1933 0 2059 2058 0 2058 2057 0 2059 2058 0 1934 1933 0 1935 1934 0 2060 2059 0 2059 2058 0 1935 1934 0 1937 1936 0 2061 2060 0 1938 1937 0 2063 2062 0 2061 2060 0 1937 1936 0 2063 2062 0 1937 1936 0 2062 2061 0 2062 2061 0 1937 1936 0 1939 1938 0 2055 2054 0 1939 1938 0 1933 1932 0 2055 2054 0 2064 2063 0 1939 1938 0 2064 2063 0 2062 2061 0 1939 1938 0 2057 2056 0 2064 2063 0 2055 2054 0 1935 1934 0 2065 2064 0 2060 2059 0 1940 1939 0 2065 2064 0 1935 1934 0 2067 2066 0 2066 2065 0 2065 2064 0 2067 2066 0 2065 2064 0 1941 1940 0 1941 1940 0 2065 2064 0 1940 1939 0 1941 1940 0 1942 1941 0 2067 2066 0 1943 1942 0 2068 2067 0 1944 1943 0 1943 1942 0 2070 2069 0 2068 2067 0 1938 1937 0 2070 2069 0 1943 1942 0 1938 1937 0 2069 2068 0 2070 2069 0 1938 1937 0 2061 2060 0 2069 2068 0 2063 2062 0 2069 2068 0 2061 2060 0 2067 2066 0 2071 2070 0 2066 2065 0 2073 2072 0 2072 2071 0 2071 2070 0 1945 1944 0 2073 2072 0 2071 2070 0 1945 1944 0 2071 2070 0 2067 2066 0 1945 1944 0 2067 2066 0 1942 1941 0 1945 1944 0 1946 1945 0 2073 2072 0 2068 2067 0 2074 2073 0 2075 2074 0 2068 2067 0 2075 2074 0 1944 1943 0 1944 1943 0 2075 2074 0 1948 1947 0 2070 2069 0 2074 2073 0 2068 2067 0 2073 2072 0 2076 2075 0 2072 2071 0 2076 2075 0 2073 2072 0 1946 1945 0 2076 2075 0 1946 1945 0 2077 2076 0 2077 2076 0 1946 1945 0 1949 1948 0 1951 1950 0 2078 2077 0 1952 1951 0 1951 1950 0 2079 2078 0 2078 2077 0 1951 1950 0 1948 1947 0 2079 2078 0 1948 1947 0 2075 2074 0 2079 2078 0 1949 1948 0 2080 2079 0 2077 2076 0 1953 1952 0 2080 2079 0 1949 1948 0 2080 2079 0 1953 1952 0 1954 1953 0 2081 2080 0 2080 2079 0 1954 1953 0 1956 1955 0 2082 2081 0 1957 1956 0 1956 1955 0 2084 2083 0 2082 2081 0 1952 1951 0 2084 2083 0 1956 1955 0 1952 1951 0 2083 2082 0 2084 2083 0 1952 1951 0 2078 2077 0 2083 2082 0 2079 2078 0 2083 2082 0 2078 2077 0 2086 2085 0 1954 1953 0 1958 1957 0 2086 2085 0 2085 2084 0 1954 1953 0 2085 2084 0 2081 2080 0 1954 1953 0 1958 1957 0 1959 1958 0 2086 2085 0 2082 2081 0 2087 2086 0 2088 2087 0 2082 2081 0 2088 2087 0 1957 1956 0 1957 1956 0 2088 2087 0 1960 1959 0 2084 2083 0 2087 2086 0 2082 2081 0 2086 2085 0 2089 2088 0 2085 2084 0 2089 2088 0 2086 2085 0 1959 1958 0 2089 2088 0 1959 1958 0 2090 2089 0 2090 2089 0 1959 1958 0 1961 1960 0 1960 1959 0 2088 2087 0 1963 1962 0 2088 2087 0 2091 2090 0 1963 1962 0 1961 1960 0 1964 1963 0 2090 2089 0 2090 2089 0 1964 1963 0 2092 2091 0 1963 1962 0 2091 2090 0 1967 1966 0 2091 2090 0 2093 2092 0 1967 1966 0 2095 2094 0 1964 1963 0 1968 1967 0 2095 2094 0 2094 2093 0 1964 1963 0 2094 2093 0 2092 2091 0 1964 1963 0 1968 1967 0 1969 1968 0 2095 2094 0 1970 1969 0 2096 2095 0 1971 1970 0 1970 1969 0 2097 2096 0 2096 2095 0 1970 1969 0 1967 1966 0 2097 2096 0 1967 1966 0 2093 2092 0 2097 2096 0 2099 2098 0 2094 2093 0 2095 2094 0 2098 2097 0 2094 2093 0 2099 2098 0 1969 1968 0 1972 1971 0 2099 2098 0 2095 2094 0 1969 1968 0 2099 2098 0 2096 2095 0 2100 2099 0 1973 1972 0 1971 1970 0 2096 2095 0 1973 1972 0 2101 2100 0 2096 2095 0 2097 2096 0 2100 2099 0 2096 2095 0 2101 2100 0 2103 2102 0 2098 2097 0 2099 2098 0 2102 2101 0 2098 2097 0 2103 2102 0 1972 1971 0 1974 1973 0 2103 2102 0 2099 2098 0 1972 1971 0 2103 2102 0 2100 2099 0 2104 2103 0 1975 1974 0 1973 1972 0 2100 2099 0 1975 1974 0 2105 2104 0 2100 2099 0 2101 2100 0 2104 2103 0 2100 2099 0 2105 2104 0 2107 2106 0 2102 2101 0 2103 2102 0 2106 2105 0 2102 2101 0 2107 2106 0 1974 1973 0 1976 1975 0 2107 2106 0 2103 2102 0 1974 1973 0 2107 2106 0 2104 2103 0 2108 2107 0 1977 1976 0 1975 1974 0 2104 2103 0 1977 1976 0 2109 2108 0 2104 2103 0 2105 2104 0 2108 2107 0 2104 2103 0 2109 2108 0 2111 2110 0 2106 2105 0 2107 2106 0 2110 2109 0 2106 2105 0 2111 2110 0 1976 1975 0 1978 1977 0 2111 2110 0 2107 2106 0 1976 1975 0 2111 2110 0 2108 2107 0 2112 2111 0 1979 1978 0 1977 1976 0 2108 2107 0 1979 1978 0 2113 2112 0 2108 2107 0 2109 2108 0 2112 2111 0 2108 2107 0 2113 2112 0 2115 2114 0 2110 2109 0 2111 2110 0 2114 2113 0 2110 2109 0 2115 2114 0 1978 1977 0 1980 1979 0 2115 2114 0 2111 2110 0 1978 1977 0 2115 2114 0 1979 1978 0 2112 2111 0 1981 1980 0 2112 2111 0 1983 1982 0 1981 1980 0 2112 2111 0 2113 2112 0 1983 1982 0 2113 2112 0 2116 2115 0 1983 1982 0 1984 1983 0 2114 2113 0 2115 2114 0 1984 1983 0 1985 1984 0 2114 2113 0 1985 1984 0 2117 2116 0 2114 2113 0 1980 1979 0 1984 1983 0 2115 2114 0 2118 2117 0 2119 2118 0 1987 1986 0 2118 2117 0 1987 1986 0 2116 2115 0 2116 2115 0 1987 1986 0 1983 1982 0 2118 2117 0 2120 2119 0 2119 2118 0 1985 1984 0 1988 1987 0 2117 2116 0 2117 2116 0 1988 1987 0 2121 2120 0 2119 2118 0 2122 2121 0 1989 1988 0 1987 1986 0 2119 2118 0 1989 1988 0 2123 2122 0 2119 2118 0 2120 2119 0 2122 2121 0 2119 2118 0 2123 2122 0 2126 2125 0 2125 2124 0 2124 2123 0 2126 2125 0 2124 2123 0 2121 2120 0 2126 2125 0 2121 2120 0 1990 1989 0 1990 1989 0 2121 2120 0 1988 1987 0 1989 1988 0 2122 2121 0 1991 1990 0 2122 2121 0 1993 1992 0 1991 1990 0 2122 2121 0 2123 2122 0 1993 1992 0 2123 2122 0 2127 2126 0 1993 1992 0 2130 2129 0 2129 2128 0 2128 2127 0 2125 2124 0 2130 2129 0 2128 2127 0 2126 2125 0 2130 2129 0 2125 2124 0 2126 2125 0 1995 1994 0 2130 2129 0 2126 2125 0 1994 1993 0 1995 1994 0 1990 1989 0 1994 1993 0 2126 2125 0 1993 1992 0 2127 2126 0 2131 2130 0 1996 1995 0 1993 1992 0 2131 2130 0 2131 2130 0 1998 1997 0 1996 1995 0 2132 2131 0 1998 1997 0 2131 2130 0 1999 1998 0 2129 2128 0 2130 2129 0 1999 1998 0 2000 1999 0 2129 2128 0 2000 1999 0 2133 2132 0 2129 2128 0 1995 1994 0 1999 1998 0 2130 2129 0 2134 2133 0 2135 2134 0 2002 2001 0 2134 2133 0 2002 2001 0 2132 2131 0 2132 2131 0 2002 2001 0 1998 1997 0 2134 2133 0 2136 2135 0 2135 2134 0 2139 2138 0 2138 2137 0 2137 2136 0 2139 2138 0 2137 2136 0 2133 2132 0 2139 2138 0 2133 2132 0 2003 2002 0 2003 2002 0 2133 2132 0 2000 1999 0 2002 2001 0 2135 2134 0 2004 2003 0 2005 2004 0 2140 2139 0 2141 2140 0 2004 2003 0 2140 2139 0 2005 2004 0 2004 2003 0 2136 2135 0 2140 2139 0 2004 2003 0 2135 2134 0 2136 2135 0 2140 2139 0 2142 2141 0 2141 2140 0 2145 2144 0 2144 2143 0 2143 2142 0 2138 2137 0 2145 2144 0 2143 2142 0 2139 2138 0 2145 2144 0 2138 2137 0 2139 2138 0 2007 2006 0 2145 2144 0 2139 2138 0 2006 2005 0 2007 2006 0 2003 2002 0 2006 2005 0 2139 2138 0 2005 2004 0 2141 2140 0 2008 2007 0 2141 2140 0 2142 2141 0 2146 2145 0 2141 2140 0 2146 2145 0 2008 2007 0 2008 2007 0 2146 2145 0 2009 2008 0 2146 2145 0 2011 2010 0 2009 2008 0 2147 2146 0 2011 2010 0 2146 2145 0 2150 2149 0 2149 2148 0 2148 2147 0 2144 2143 0 2150 2149 0 2148 2147 0 2145 2144 0 2150 2149 0 2144 2143 0 2145 2144 0 2013 2012 0 2150 2149 0 2145 2144 0 2012 2011 0 2013 2012 0 2007 2006 0 2012 2011 0 2145 2144 0 2011 2010 0 2147 2146 0 2151 2150 0 2014 2013 0 2011 2010 0 2151 2150 0 2016 2015 0 2152 2151 0 2153 2152 0 2016 2015 0 2014 2013 0 2152 2151 0 2014 2013 0 2151 2150 0 2152 2151 0 2152 2151 0 2154 2153 0 2153 2152 0 2157 2156 0 2156 2155 0 2155 2154 0 2157 2156 0 2017 2016 0 2018 2017 0 2157 2156 0 2155 2154 0 2017 2016 0 2155 2154 0 2158 2157 0 2017 2016 0 2149 2148 0 2150 2149 0 2020 2019 0 2149 2148 0 2020 2019 0 2158 2157 0 2158 2157 0 2020 2019 0 2017 2016 0 2013 2012 0 2020 2019 0 2150 2149 0 2016 2015 0 2153 2152 0 2021 2020 0 2153 2152 0 2154 2153 0 2159 2158 0 2153 2152 0 2159 2158 0 2021 2020 0 2021 2020 0 2159 2158 0 2022 2021 0 2023 2022 0 2022 2021 0 2160 2159 0 2022 2021 0 2159 2158 0 2160 2159 0 2025 2024 0 2161 2160 0 2162 2161 0 2025 2024 0 2023 2022 0 2161 2160 0 2023 2022 0 2160 2159 0 2161 2160 0 2162 2161 0 2163 2162 0 2164 2163 0 2161 2160 0 2163 2162 0 2162 2161 0 2164 2163 0 2165 2164 0 2166 2165 0 2163 2162 0 2165 2164 0 2164 2163 0 2166 2165 0 2167 2166 0 2168 2167 0 2165 2164 0 2167 2166 0 2166 2165 0 2168 2167 0 2169 2168 0 2170 2169 0 2167 2166 0 2169 2168 0 2168 2167 0 2170 2169 0 2171 2170 0 2172 2171 0 2169 2168 0 2171 2170 0 2170 2169 0 2172 2171 0 2173 2172 0 2174 2173 0 2171 2170 0 2173 2172 0 2172 2171 0 2174 2173 0 2026 2025 0 2027 2026 0 2174 2173 0 2173 2172 0 2026 2025 0 2173 2172 0 2175 2174 0 2026 2025 0 2156 2155 0 2157 2156 0 2029 2028 0 2156 2155 0 2029 2028 0 2175 2174 0 2175 2174 0 2029 2028 0 2026 2025 0 2018 2017 0 2029 2028 0 2157 2156 0 2025 2024 0 2162 2161 0 2030 2029 0 2031 2030 0 2030 2029 0 2162 2161 0 2164 2163 0 2031 2030 0 2162 2161 0 2032 2031 0 2031 2030 0 2164 2163 0 2166 2165 0 2032 2031 0 2164 2163 0 2033 2032 0 2032 2031 0 2166 2165 0 2168 2167 0 2033 2032 0 2166 2165 0 2034 2033 0 2033 2032 0 2168 2167 0 2170 2169 0 2034 2033 0 2168 2167 0 2035 2034 0 2034 2033 0 2170 2169 0 2172 2171 0 2035 2034 0 2170 2169 0 2036 2035 0 2035 2034 0 2172 2171 0 2174 2173 0 2036 2035 0 2172 2171 0 2027 2026 0 2036 2035 0 2174 2173 0 2042 2041 0 2176 2175 0 2043 2042 0 2042 2041 0 2044 2043 0 2177 2176 0 2176 2175 0 2042 2041 0 2177 2176 0 2179 2178 0 2177 2176 0 2044 2043 0 2179 2178 0 2044 2043 0 2178 2177 0 2178 2177 0 2044 2043 0 2045 2044 0 2046 2045 0 2180 2179 0 2045 2044 0 2045 2044 0 2180 2179 0 2178 2177 0 2047 2046 0 2181 2180 0 2046 2045 0 2046 2045 0 2181 2180 0 2180 2179 0 2048 2047 0 2182 2181 0 2047 2046 0 2047 2046 0 2182 2181 0 2181 2180 0 2049 2048 0 2183 2182 0 2048 2047 0 2048 2047 0 2183 2182 0 2182 2181 0 2050 2049 0 2184 2183 0 2049 2048 0 2049 2048 0 2184 2183 0 2183 2182 0 2186 2185 0 2185 2184 0 2184 2183 0 2186 2185 0 2184 2183 0 2051 2050 0 2051 2050 0 2184 2183 0 2050 2049 0 2051 2050 0 2052 2051 0 2187 2186 0 2186 2185 0 2051 2050 0 2187 2186 0 2052 2051 0 2053 2052 0 2187 2186 0 2056 2055 0 2188 2187 0 2057 2056 0 2056 2055 0 2190 2189 0 2188 2187 0 2043 2042 0 2190 2189 0 2056 2055 0 2043 2042 0 2189 2188 0 2190 2189 0 2043 2042 0 2176 2175 0 2189 2188 0 2177 2176 0 2189 2188 0 2176 2175 0 2191 2190 0 2189 2188 0 2177 2176 0 2179 2178 0 2191 2190 0 2177 2176 0 2186 2185 0 2192 2191 0 2185 2184 0 2187 2186 0 2192 2191 0 2186 2185 0 2193 2192 0 2192 2191 0 2187 2186 0 2195 2194 0 2194 2193 0 2193 2192 0 2058 2057 0 2195 2194 0 2193 2192 0 2058 2057 0 2193 2192 0 2187 2186 0 2058 2057 0 2187 2186 0 2053 2052 0 2058 2057 0 2059 2058 0 2196 2195 0 2195 2194 0 2058 2057 0 2196 2195 0 2059 2058 0 2060 2059 0 2196 2195 0 2062 2061 0 2197 2196 0 2063 2062 0 2199 2198 0 2197 2196 0 2062 2061 0 2199 2198 0 2062 2061 0 2198 2197 0 2198 2197 0 2062 2061 0 2064 2063 0 2188 2187 0 2064 2063 0 2057 2056 0 2188 2187 0 2200 2199 0 2064 2063 0 2200 2199 0 2198 2197 0 2064 2063 0 2190 2189 0 2200 2199 0 2188 2187 0 2195 2194 0 2201 2200 0 2194 2193 0 2196 2195 0 2201 2200 0 2195 2194 0 2202 2201 0 2201 2200 0 2196 2195 0 2204 2203 0 2203 2202 0 2202 2201 0 2065 2064 0 2204 2203 0 2202 2201 0 2065 2064 0 2202 2201 0 2196 2195 0 2065 2064 0 2196 2195 0 2060 2059 0 2065 2064 0 2066 2065 0 2204 2203 0 2069 2068 0 2205 2204 0 2070 2069 0 2069 2068 0 2207 2206 0 2205 2204 0 2063 2062 0 2207 2206 0 2069 2068 0 2063 2062 0 2206 2205 0 2207 2206 0 2063 2062 0 2197 2196 0 2206 2205 0 2199 2198 0 2206 2205 0 2197 2196 0 2204 2203 0 2208 2207 0 2203 2202 0 2210 2209 0 2209 2208 0 2208 2207 0 2071 2070 0 2210 2209 0 2208 2207 0 2071 2070 0 2208 2207 0 2204 2203 0 2071 2070 0 2204 2203 0 2066 2065 0 2071 2070 0 2072 2071 0 2210 2209 0 2074 2073 0 2211 2210 0 2075 2074 0 2074 2073 0 2213 2212 0 2211 2210 0 2070 2069 0 2213 2212 0 2074 2073 0 2070 2069 0 2212 2211 0 2213 2212 0 2070 2069 0 2205 2204 0 2212 2211 0 2207 2206 0 2212 2211 0 2205 2204 0 2210 2209 0 2214 2213 0 2209 2208 0 2216 2215 0 2215 2214 0 2214 2213 0 2076 2075 0 2216 2215 0 2214 2213 0 2076 2075 0 2214 2213 0 2210 2209 0 2076 2075 0 2210 2209 0 2072 2071 0 2076 2075 0 2077 2076 0 2216 2215 0 2211 2210 0 2217 2216 0 2218 2217 0 2211 2210 0 2218 2217 0 2075 2074 0 2075 2074 0 2218 2217 0 2079 2078 0 2213 2212 0 2217 2216 0 2211 2210 0 2216 2215 0 2219 2218 0 2215 2214 0 2221 2220 0 2220 2219 0 2219 2218 0 2080 2079 0 2221 2220 0 2219 2218 0 2080 2079 0 2219 2218 0 2216 2215 0 2080 2079 0 2216 2215 0 2077 2076 0 2080 2079 0 2081 2080 0 2221 2220 0 2083 2082 0 2222 2221 0 2084 2083 0 2083 2082 0 2223 2222 0 2222 2221 0 2083 2082 0 2079 2078 0 2223 2222 0 2079 2078 0 2218 2217 0 2223 2222 0 2225 2224 0 2220 2219 0 2221 2220 0 2224 2223 0 2220 2219 0 2225 2224 0 2081 2080 0 2085 2084 0 2225 2224 0 2221 2220 0 2081 2080 0 2225 2224 0 2087 2086 0 2226 2225 0 2088 2087 0 2087 2086 0 2228 2227 0 2226 2225 0 2084 2083 0 2228 2227 0 2087 2086 0 2084 2083 0 2227 2226 0 2228 2227 0 2084 2083 0 2222 2221 0 2227 2226 0 2223 2222 0 2227 2226 0 2222 2221 0 2225 2224 0 2229 2228 0 2224 2223 0 2231 2230 0 2230 2229 0 2229 2228 0 2089 2088 0 2231 2230 0 2229 2228 0 2089 2088 0 2229 2228 0 2225 2224 0 2089 2088 0 2225 2224 0 2085 2084 0 2089 2088 0 2090 2089 0 2231 2230 0 2226 2225 0 2232 2231 0 2091 2090 0 2088 2087 0 2226 2225 0 2091 2090 0 2233 2232 0 2226 2225 0 2228 2227 0 2232 2231 0 2226 2225 0 2233 2232 0 2235 2234 0 2230 2229 0 2231 2230 0 2234 2233 0 2230 2229 0 2235 2234 0 2090 2089 0 2092 2091 0 2235 2234 0 2231 2230 0 2090 2089 0 2235 2234 0 2232 2231 0 2236 2235 0 2237 2236 0 2232 2231 0 2237 2236 0 2091 2090 0 2091 2090 0 2237 2236 0 2093 2092 0 2233 2232 0 2236 2235 0 2232 2231 0 2235 2234 0 2238 2237 0 2234 2233 0 2238 2237 0 2235 2234 0 2092 2091 0 2238 2237 0 2092 2091 0 2239 2238 0 2239 2238 0 2092 2091 0 2094 2093 0 2093 2092 0 2237 2236 0 2097 2096 0 2237 2236 0 2240 2239 0 2097 2096 0 2094 2093 0 2098 2097 0 2239 2238 0 2239 2238 0 2098 2097 0 2241 2240 0 2097 2096 0 2240 2239 0 2101 2100 0 2240 2239 0 2242 2241 0 2101 2100 0 2098 2097 0 2102 2101 0 2241 2240 0 2241 2240 0 2102 2101 0 2243 2242 0 2101 2100 0 2242 2241 0 2105 2104 0 2242 2241 0 2244 2243 0 2105 2104 0 2102 2101 0 2106 2105 0 2243 2242 0 2243 2242 0 2106 2105 0 2245 2244 0 2105 2104 0 2244 2243 0 2109 2108 0 2244 2243 0 2246 2245 0 2109 2108 0 2106 2105 0 2110 2109 0 2245 2244 0 2245 2244 0 2110 2109 0 2247 2246 0 2109 2108 0 2246 2245 0 2113 2112 0 2246 2245 0 2248 2247 0 2113 2112 0 2110 2109 0 2114 2113 0 2247 2246 0 2247 2246 0 2114 2113 0 2249 2248 0 2250 2249 0 2251 2250 0 2116 2115 0 2250 2249 0 2116 2115 0 2248 2247 0 2248 2247 0 2116 2115 0 2113 2112 0 2250 2249 0 2252 2251 0 2251 2250 0 2255 2254 0 2254 2253 0 2253 2252 0 2255 2254 0 2253 2252 0 2249 2248 0 2255 2254 0 2249 2248 0 2117 2116 0 2117 2116 0 2249 2248 0 2114 2113 0 2116 2115 0 2251 2250 0 2118 2117 0 2251 2250 0 2120 2119 0 2118 2117 0 2251 2250 0 2252 2251 0 2120 2119 0 2252 2251 0 2256 2255 0 2120 2119 0 2258 2257 0 2254 2253 0 2255 2254 0 2257 2256 0 2254 2253 0 2258 2257 0 2117 2116 0 2121 2120 0 2258 2257 0 2255 2254 0 2117 2116 0 2258 2257 0 2259 2258 0 2260 2259 0 2123 2122 0 2259 2258 0 2123 2122 0 2256 2255 0 2256 2255 0 2123 2122 0 2120 2119 0 2259 2258 0 2261 2260 0 2260 2259 0 2264 2263 0 2263 2262 0 2262 2261 0 2257 2256 0 2264 2263 0 2262 2261 0 2258 2257 0 2264 2263 0 2257 2256 0 2258 2257 0 2125 2124 0 2264 2263 0 2258 2257 0 2124 2123 0 2125 2124 0 2121 2120 0 2124 2123 0 2258 2257 0 2260 2259 0 2265 2264 0 2127 2126 0 2123 2122 0 2260 2259 0 2127 2126 0 2266 2265 0 2260 2259 0 2261 2260 0 2265 2264 0 2260 2259 0 2266 2265 0 2128 2127 0 2263 2262 0 2264 2263 0 2128 2127 0 2129 2128 0 2263 2262 0 2129 2128 0 2267 2266 0 2263 2262 0 2125 2124 0 2128 2127 0 2264 2263 0 2127 2126 0 2265 2264 0 2131 2130 0 2132 2131 0 2268 2267 0 2269 2268 0 2131 2130 0 2268 2267 0 2132 2131 0 2131 2130 0 2266 2265 0 2268 2267 0 2131 2130 0 2265 2264 0 2266 2265 0 2268 2267 0 2270 2269 0 2269 2268 0 2273 2272 0 2272 2271 0 2271 2270 0 2273 2272 0 2271 2270 0 2267 2266 0 2273 2272 0 2267 2266 0 2133 2132 0 2133 2132 0 2267 2266 0 2129 2128 0 2132 2131 0 2269 2268 0 2134 2133 0 2136 2135 0 2274 2273 0 2275 2274 0 2134 2133 0 2274 2273 0 2136 2135 0 2134 2133 0 2270 2269 0 2274 2273 0 2134 2133 0 2269 2268 0 2270 2269 0 2274 2273 0 2276 2275 0 2275 2274 0 2279 2278 0 2278 2277 0 2277 2276 0 2272 2271 0 2279 2278 0 2277 2276 0 2273 2272 0 2279 2278 0 2272 2271 0 2273 2272 0 2138 2137 0 2279 2278 0 2273 2272 0 2137 2136 0 2138 2137 0 2133 2132 0 2137 2136 0 2273 2272 0 2136 2135 0 2275 2274 0 2140 2139 0 2142 2141 0 2280 2279 0 2281 2280 0 2140 2139 0 2280 2279 0 2142 2141 0 2140 2139 0 2276 2275 0 2280 2279 0 2140 2139 0 2275 2274 0 2276 2275 0 2280 2279 0 2282 2281 0 2281 2280 0 2285 2284 0 2284 2283 0 2283 2282 0 2278 2277 0 2285 2284 0 2283 2282 0 2279 2278 0 2285 2284 0 2278 2277 0 2279 2278 0 2144 2143 0 2285 2284 0 2279 2278 0 2143 2142 0 2144 2143 0 2138 2137 0 2143 2142 0 2279 2278 0 2142 2141 0 2281 2280 0 2146 2145 0 2147 2146 0 2286 2285 0 2287 2286 0 2146 2145 0 2286 2285 0 2147 2146 0 2146 2145 0 2282 2281 0 2286 2285 0 2146 2145 0 2281 2280 0 2282 2281 0 2287 2286 0 2288 2287 0 2289 2288 0 2286 2285 0 2288 2287 0 2287 2286 0 2288 2287 0 2290 2289 0 2289 2288 0 2293 2292 0 2292 2291 0 2291 2290 0 2293 2292 0 2294 2293 0 2295 2294 0 2291 2290 0 2294 2293 0 2293 2292 0 2284 2283 0 2295 2294 0 2294 2293 0 2285 2284 0 2295 2294 0 2284 2283 0 2285 2284 0 2149 2148 0 2295 2294 0 2285 2284 0 2148 2147 0 2149 2148 0 2144 2143 0 2148 2147 0 2285 2284 0 2147 2146 0 2287 2286 0 2151 2150 0 2152 2151 0 2151 2150 0 2287 2286 0 2289 2288 0 2152 2151 0 2287 2286 0 2154 2153 0 2296 2295 0 2297 2296 0 2152 2151 0 2296 2295 0 2154 2153 0 2152 2151 0 2290 2289 0 2296 2295 0 2152 2151 0 2289 2288 0 2290 2289 0 2297 2296 0 2298 2297 0 2299 2298 0 2296 2295 0 2298 2297 0 2297 2296 0 2298 2297 0 2300 2299 0 2299 2298 0 2303 2302 0 2302 2301 0 2301 2300 0 2303 2302 0 2304 2303 0 2305 2304 0 2301 2300 0 2304 2303 0 2303 2302 0 2292 2291 0 2305 2304 0 2304 2303 0 2293 2292 0 2305 2304 0 2292 2291 0 2293 2292 0 2156 2155 0 2305 2304 0 2293 2292 0 2155 2154 0 2156 2155 0 2158 2157 0 2155 2154 0 2293 2292 0 2295 2294 0 2158 2157 0 2293 2292 0 2149 2148 0 2158 2157 0 2295 2294 0 2154 2153 0 2297 2296 0 2159 2158 0 2160 2159 0 2159 2158 0 2297 2296 0 2299 2298 0 2160 2159 0 2297 2296 0 2299 2298 0 2300 2299 0 2306 2305 0 2299 2298 0 2306 2305 0 2160 2159 0 2160 2159 0 2306 2305 0 2161 2160 0 2163 2162 0 2161 2160 0 2307 2306 0 2161 2160 0 2306 2305 0 2307 2306 0 2165 2164 0 2163 2162 0 2308 2307 0 2163 2162 0 2307 2306 0 2308 2307 0 2167 2166 0 2165 2164 0 2309 2308 0 2165 2164 0 2308 2307 0 2309 2308 0 2169 2168 0 2167 2166 0 2310 2309 0 2167 2166 0 2309 2308 0 2310 2309 0 2171 2170 0 2169 2168 0 2311 2310 0 2169 2168 0 2310 2309 0 2311 2310 0 2302 2301 0 2303 2302 0 2173 2172 0 2302 2301 0 2173 2172 0 2311 2310 0 2311 2310 0 2173 2172 0 2171 2170 0 2175 2174 0 2173 2172 0 2303 2302 0 2305 2304 0 2175 2174 0 2303 2302 0 2156 2155 0 2175 2174 0 2305 2304 0 2178 2177 0 2312 2311 0 2179 2178 0 2178 2177 0 2180 2179 0 2313 2312 0 2312 2311 0 2178 2177 0 2313 2312 0 2180 2179 0 2181 2180 0 2314 2313 0 2313 2312 0 2180 2179 0 2314 2313 0 2181 2180 0 2182 2181 0 2315 2314 0 2314 2313 0 2181 2180 0 2315 2314 0 2182 2181 0 2183 2182 0 2316 2315 0 2315 2314 0 2182 2181 0 2316 2315 0 2183 2182 0 2184 2183 0 2317 2316 0 2316 2315 0 2183 2182 0 2317 2316 0 2184 2183 0 2185 2184 0 2317 2316 0 2189 2188 0 2318 2317 0 2190 2189 0 2320 2319 0 2318 2317 0 2189 2188 0 2320 2319 0 2189 2188 0 2319 2318 0 2319 2318 0 2189 2188 0 2191 2190 0 2312 2311 0 2191 2190 0 2179 2178 0 2312 2311 0 2321 2320 0 2191 2190 0 2321 2320 0 2319 2318 0 2191 2190 0 2313 2312 0 2321 2320 0 2312 2311 0 2322 2321 0 2321 2320 0 2313 2312 0 2314 2313 0 2322 2321 0 2313 2312 0 2323 2322 0 2322 2321 0 2314 2313 0 2315 2314 0 2323 2322 0 2314 2313 0 2324 2323 0 2323 2322 0 2315 2314 0 2316 2315 0 2324 2323 0 2315 2314 0 2325 2324 0 2324 2323 0 2316 2315 0 2317 2316 0 2325 2324 0 2316 2315 0 2326 2325 0 2325 2324 0 2317 2316 0 2328 2327 0 2327 2326 0 2326 2325 0 2192 2191 0 2328 2327 0 2326 2325 0 2192 2191 0 2326 2325 0 2317 2316 0 2192 2191 0 2317 2316 0 2185 2184 0 2192 2191 0 2193 2192 0 2329 2328 0 2328 2327 0 2192 2191 0 2329 2328 0 2193 2192 0 2194 2193 0 2329 2328 0 2198 2197 0 2330 2329 0 2199 2198 0 2198 2197 0 2200 2199 0 2331 2330 0 2330 2329 0 2198 2197 0 2331 2330 0 2200 2199 0 2333 2332 0 2331 2330 0 2190 2189 0 2333 2332 0 2200 2199 0 2190 2189 0 2332 2331 0 2333 2332 0 2190 2189 0 2318 2317 0 2332 2331 0 2320 2319 0 2332 2331 0 2318 2317 0 2328 2327 0 2334 2333 0 2327 2326 0 2329 2328 0 2334 2333 0 2328 2327 0 2335 2334 0 2334 2333 0 2329 2328 0 2194 2193 0 2335 2334 0 2329 2328 0 2194 2193 0 2201 2200 0 2335 2334 0 2201 2200 0 2336 2335 0 2335 2334 0 2338 2337 0 2337 2336 0 2336 2335 0 2338 2337 0 2336 2335 0 2202 2201 0 2202 2201 0 2336 2335 0 2201 2200 0 2202 2201 0 2203 2202 0 2338 2337 0 2206 2205 0 2339 2338 0 2207 2206 0 2206 2205 0 2341 2340 0 2339 2338 0 2199 2198 0 2341 2340 0 2206 2205 0 2199 2198 0 2340 2339 0 2341 2340 0 2199 2198 0 2330 2329 0 2340 2339 0 2331 2330 0 2340 2339 0 2330 2329 0 2342 2341 0 2340 2339 0 2331 2330 0 2333 2332 0 2342 2341 0 2331 2330 0 2338 2337 0 2343 2342 0 2337 2336 0 2345 2344 0 2344 2343 0 2343 2342 0 2208 2207 0 2345 2344 0 2343 2342 0 2208 2207 0 2343 2342 0 2338 2337 0 2208 2207 0 2338 2337 0 2203 2202 0 2208 2207 0 2209 2208 0 2345 2344 0 2212 2211 0 2346 2345 0 2213 2212 0 2212 2211 0 2348 2347 0 2346 2345 0 2207 2206 0 2348 2347 0 2212 2211 0 2207 2206 0 2347 2346 0 2348 2347 0 2207 2206 0 2339 2338 0 2347 2346 0 2341 2340 0 2347 2346 0 2339 2338 0 2345 2344 0 2349 2348 0 2344 2343 0 2351 2350 0 2350 2349 0 2349 2348 0 2214 2213 0 2351 2350 0 2349 2348 0 2214 2213 0 2349 2348 0 2345 2344 0 2214 2213 0 2345 2344 0 2209 2208 0 2214 2213 0 2215 2214 0 2351 2350 0 2217 2216 0 2352 2351 0 2218 2217 0 2217 2216 0 2354 2353 0 2352 2351 0 2213 2212 0 2354 2353 0 2217 2216 0 2213 2212 0 2353 2352 0 2354 2353 0 2213 2212 0 2346 2345 0 2353 2352 0 2348 2347 0 2353 2352 0 2346 2345 0 2351 2350 0 2355 2354 0 2350 2349 0 2357 2356 0 2356 2355 0 2355 2354 0 2219 2218 0 2357 2356 0 2355 2354 0 2219 2218 0 2355 2354 0 2351 2350 0 2219 2218 0 2351 2350 0 2215 2214 0 2219 2218 0 2220 2219 0 2357 2356 0 2352 2351 0 2358 2357 0 2359 2358 0 2352 2351 0 2359 2358 0 2218 2217 0 2218 2217 0 2359 2358 0 2223 2222 0 2354 2353 0 2358 2357 0 2352 2351 0 2357 2356 0 2360 2359 0 2356 2355 0 2360 2359 0 2357 2356 0 2220 2219 0 2360 2359 0 2220 2219 0 2361 2360 0 2361 2360 0 2220 2219 0 2224 2223 0 2227 2226 0 2362 2361 0 2228 2227 0 2227 2226 0 2363 2362 0 2362 2361 0 2227 2226 0 2223 2222 0 2363 2362 0 2223 2222 0 2359 2358 0 2363 2362 0 2365 2364 0 2224 2223 0 2229 2228 0 2365 2364 0 2364 2363 0 2224 2223 0 2364 2363 0 2361 2360 0 2224 2223 0 2229 2228 0 2230 2229 0 2365 2364 0 2362 2361 0 2366 2365 0 2367 2366 0 2362 2361 0 2367 2366 0 2228 2227 0 2228 2227 0 2367 2366 0 2233 2232 0 2363 2362 0 2366 2365 0 2362 2361 0 2365 2364 0 2368 2367 0 2364 2363 0 2368 2367 0 2365 2364 0 2230 2229 0 2368 2367 0 2230 2229 0 2369 2368 0 2369 2368 0 2230 2229 0 2234 2233 0 2236 2235 0 2370 2369 0 2237 2236 0 2236 2235 0 2371 2370 0 2370 2369 0 2236 2235 0 2233 2232 0 2371 2370 0 2233 2232 0 2367 2366 0 2371 2370 0 2373 2372 0 2234 2233 0 2238 2237 0 2373 2372 0 2372 2371 0 2234 2233 0 2372 2371 0 2369 2368 0 2234 2233 0 2238 2237 0 2239 2238 0 2373 2372 0 2370 2369 0 2374 2373 0 2240 2239 0 2237 2236 0 2370 2369 0 2240 2239 0 2375 2374 0 2370 2369 0 2371 2370 0 2374 2373 0 2370 2369 0 2375 2374 0 2377 2376 0 2372 2371 0 2373 2372 0 2376 2375 0 2372 2371 0 2377 2376 0 2239 2238 0 2241 2240 0 2377 2376 0 2373 2372 0 2239 2238 0 2377 2376 0 2374 2373 0 2378 2377 0 2242 2241 0 2240 2239 0 2374 2373 0 2242 2241 0 2379 2378 0 2374 2373 0 2375 2374 0 2378 2377 0 2374 2373 0 2379 2378 0 2381 2380 0 2376 2375 0 2377 2376 0 2380 2379 0 2376 2375 0 2381 2380 0 2241 2240 0 2243 2242 0 2381 2380 0 2377 2376 0 2241 2240 0 2381 2380 0 2378 2377 0 2382 2381 0 2244 2243 0 2242 2241 0 2378 2377 0 2244 2243 0 2383 2382 0 2378 2377 0 2379 2378 0 2382 2381 0 2378 2377 0 2383 2382 0 2385 2384 0 2380 2379 0 2381 2380 0 2384 2383 0 2380 2379 0 2385 2384 0 2243 2242 0 2245 2244 0 2385 2384 0 2381 2380 0 2243 2242 0 2385 2384 0 2382 2381 0 2386 2385 0 2246 2245 0 2244 2243 0 2382 2381 0 2246 2245 0 2387 2386 0 2382 2381 0 2383 2382 0 2386 2385 0 2382 2381 0 2387 2386 0 2389 2388 0 2384 2383 0 2385 2384 0 2388 2387 0 2384 2383 0 2389 2388 0 2245 2244 0 2247 2246 0 2389 2388 0 2385 2384 0 2245 2244 0 2389 2388 0 2386 2385 0 2390 2389 0 2248 2247 0 2246 2245 0 2386 2385 0 2248 2247 0 2391 2390 0 2386 2385 0 2387 2386 0 2390 2389 0 2386 2385 0 2391 2390 0 2393 2392 0 2388 2387 0 2389 2388 0 2392 2391 0 2388 2387 0 2393 2392 0 2247 2246 0 2249 2248 0 2393 2392 0 2389 2388 0 2247 2246 0 2393 2392 0 2248 2247 0 2390 2389 0 2250 2249 0 2390 2389 0 2252 2251 0 2250 2249 0 2390 2389 0 2391 2390 0 2252 2251 0 2391 2390 0 2394 2393 0 2252 2251 0 2253 2252 0 2392 2391 0 2393 2392 0 2253 2252 0 2254 2253 0 2392 2391 0 2254 2253 0 2395 2394 0 2392 2391 0 2249 2248 0 2253 2252 0 2393 2392 0 2396 2395 0 2397 2396 0 2256 2255 0 2396 2395 0 2256 2255 0 2394 2393 0 2394 2393 0 2256 2255 0 2252 2251 0 2396 2395 0 2398 2397 0 2397 2396 0 2401 2400 0 2400 2399 0 2399 2398 0 2401 2400 0 2399 2398 0 2395 2394 0 2401 2400 0 2395 2394 0 2257 2256 0 2257 2256 0 2395 2394 0 2254 2253 0 2256 2255 0 2397 2396 0 2259 2258 0 2397 2396 0 2261 2260 0 2259 2258 0 2397 2396 0 2398 2397 0 2261 2260 0 2398 2397 0 2402 2401 0 2261 2260 0 2405 2404 0 2404 2403 0 2403 2402 0 2400 2399 0 2405 2404 0 2403 2402 0 2401 2400 0 2405 2404 0 2400 2399 0 2401 2400 0 2263 2262 0 2405 2404 0 2401 2400 0 2262 2261 0 2263 2262 0 2257 2256 0 2262 2261 0 2401 2400 0 2406 2405 0 2407 2406 0 2266 2265 0 2406 2405 0 2266 2265 0 2402 2401 0 2402 2401 0 2266 2265 0 2261 2260 0 2406 2405 0 2408 2407 0 2407 2406 0 2410 2409 0 2404 2403 0 2405 2404 0 2409 2408 0 2404 2403 0 2410 2409 0 2263 2262 0 2267 2266 0 2410 2409 0 2405 2404 0 2263 2262 0 2410 2409 0 2266 2265 0 2407 2406 0 2268 2267 0 2270 2269 0 2411 2410 0 2412 2411 0 2268 2267 0 2411 2410 0 2270 2269 0 2268 2267 0 2408 2407 0 2411 2410 0 2268 2267 0 2407 2406 0 2408 2407 0 2411 2410 0 2413 2412 0 2412 2411 0 2416 2415 0 2415 2414 0 2414 2413 0 2409 2408 0 2416 2415 0 2414 2413 0 2410 2409 0 2416 2415 0 2409 2408 0 2410 2409 0 2272 2271 0 2416 2415 0 2410 2409 0 2271 2270 0 2272 2271 0 2267 2266 0 2271 2270 0 2410 2409 0 2270 2269 0 2412 2411 0 2274 2273 0 2276 2275 0 2417 2416 0 2418 2417 0 2274 2273 0 2417 2416 0 2276 2275 0 2274 2273 0 2413 2412 0 2417 2416 0 2274 2273 0 2412 2411 0 2413 2412 0 2417 2416 0 2419 2418 0 2418 2417 0 2422 2421 0 2421 2420 0 2420 2419 0 2415 2414 0 2422 2421 0 2420 2419 0 2416 2415 0 2422 2421 0 2415 2414 0 2416 2415 0 2278 2277 0 2422 2421 0 2416 2415 0 2277 2276 0 2278 2277 0 2272 2271 0 2277 2276 0 2416 2415 0 2276 2275 0 2418 2417 0 2280 2279 0 2282 2281 0 2423 2422 0 2424 2423 0 2280 2279 0 2423 2422 0 2282 2281 0 2280 2279 0 2419 2418 0 2423 2422 0 2280 2279 0 2418 2417 0 2419 2418 0 2423 2422 0 2425 2424 0 2424 2423 0 2428 2427 0 2427 2426 0 2426 2425 0 2421 2420 0 2428 2427 0 2426 2425 0 2422 2421 0 2428 2427 0 2421 2420 0 2422 2421 0 2284 2283 0 2428 2427 0 2422 2421 0 2283 2282 0 2284 2283 0 2278 2277 0 2283 2282 0 2422 2421 0 2282 2281 0 2424 2423 0 2286 2285 0 2424 2423 0 2425 2424 0 2429 2428 0 2424 2423 0 2429 2428 0 2286 2285 0 2286 2285 0 2429 2428 0 2288 2287 0 2290 2289 0 2430 2429 0 2431 2430 0 2290 2289 0 2288 2287 0 2430 2429 0 2288 2287 0 2429 2428 0 2430 2429 0 2430 2429 0 2432 2431 0 2431 2430 0 2435 2434 0 2434 2433 0 2433 2432 0 2435 2434 0 2436 2435 0 2437 2436 0 2433 2432 0 2436 2435 0 2435 2434 0 2437 2436 0 2291 2290 0 2292 2291 0 2437 2436 0 2436 2435 0 2291 2290 0 2436 2435 0 2438 2437 0 2291 2290 0 2427 2426 0 2428 2427 0 2294 2293 0 2427 2426 0 2294 2293 0 2438 2437 0 2438 2437 0 2294 2293 0 2291 2290 0 2284 2283 0 2294 2293 0 2428 2427 0 2290 2289 0 2431 2430 0 2296 2295 0 2431 2430 0 2432 2431 0 2439 2438 0 2431 2430 0 2439 2438 0 2296 2295 0 2296 2295 0 2439 2438 0 2298 2297 0 2300 2299 0 2440 2439 0 2441 2440 0 2300 2299 0 2298 2297 0 2440 2439 0 2298 2297 0 2439 2438 0 2440 2439 0 2441 2440 0 2442 2441 0 2443 2442 0 2440 2439 0 2442 2441 0 2441 2440 0 2443 2442 0 2444 2443 0 2445 2444 0 2442 2441 0 2444 2443 0 2443 2442 0 2445 2444 0 2446 2445 0 2447 2446 0 2444 2443 0 2446 2445 0 2445 2444 0 2447 2446 0 2448 2447 0 2449 2448 0 2446 2445 0 2448 2447 0 2447 2446 0 2449 2448 0 2450 2449 0 2451 2450 0 2448 2447 0 2450 2449 0 2449 2448 0 2434 2433 0 2451 2450 0 2450 2449 0 2435 2434 0 2451 2450 0 2434 2433 0 2435 2434 0 2302 2301 0 2451 2450 0 2435 2434 0 2301 2300 0 2302 2301 0 2304 2303 0 2301 2300 0 2435 2434 0 2437 2436 0 2304 2303 0 2435 2434 0 2292 2291 0 2304 2303 0 2437 2436 0 2300 2299 0 2441 2440 0 2306 2305 0 2307 2306 0 2306 2305 0 2441 2440 0 2443 2442 0 2307 2306 0 2441 2440 0 2308 2307 0 2307 2306 0 2443 2442 0 2445 2444 0 2308 2307 0 2443 2442 0 2309 2308 0 2308 2307 0 2445 2444 0 2447 2446 0 2309 2308 0 2445 2444 0 2310 2309 0 2309 2308 0 2447 2446 0 2449 2448 0 2310 2309 0 2447 2446 0 2311 2310 0 2310 2309 0 2449 2448 0 2451 2450 0 2311 2310 0 2449 2448 0 2302 2301 0 2311 2310 0 2451 2450 0 2319 2318 0 2452 2451 0 2320 2319 0 2319 2318 0 2321 2320 0 2453 2452 0 2452 2451 0 2319 2318 0 2453 2452 0 2321 2320 0 2322 2321 0 2454 2453 0 2453 2452 0 2321 2320 0 2454 2453 0 2322 2321 0 2323 2322 0 2455 2454 0 2454 2453 0 2322 2321 0 2455 2454 0 2323 2322 0 2324 2323 0 2456 2455 0 2455 2454 0 2323 2322 0 2456 2455 0 2324 2323 0 2325 2324 0 2457 2456 0 2456 2455 0 2324 2323 0 2457 2456 0 2325 2324 0 2326 2325 0 2458 2457 0 2457 2456 0 2325 2324 0 2458 2457 0 2326 2325 0 2327 2326 0 2458 2457 0 2332 2331 0 2459 2458 0 2333 2332 0 2332 2331 0 2461 2460 0 2459 2458 0 2320 2319 0 2461 2460 0 2332 2331 0 2320 2319 0 2460 2459 0 2461 2460 0 2320 2319 0 2452 2451 0 2460 2459 0 2453 2452 0 2460 2459 0 2452 2451 0 2462 2461 0 2460 2459 0 2453 2452 0 2454 2453 0 2462 2461 0 2453 2452 0 2463 2462 0 2462 2461 0 2454 2453 0 2455 2454 0 2463 2462 0 2454 2453 0 2464 2463 0 2463 2462 0 2455 2454 0 2456 2455 0 2464 2463 0 2455 2454 0 2465 2464 0 2464 2463 0 2456 2455 0 2457 2456 0 2465 2464 0 2456 2455 0 2466 2465 0 2465 2464 0 2457 2456 0 2458 2457 0 2466 2465 0 2457 2456 0 2467 2466 0 2466 2465 0 2458 2457 0 2327 2326 0 2467 2466 0 2458 2457 0 2327 2326 0 2334 2333 0 2467 2466 0 2334 2333 0 2468 2467 0 2467 2466 0 2470 2469 0 2469 2468 0 2468 2467 0 2470 2469 0 2468 2467 0 2335 2334 0 2335 2334 0 2468 2467 0 2334 2333 0 2335 2334 0 2336 2335 0 2471 2470 0 2470 2469 0 2335 2334 0 2471 2470 0 2336 2335 0 2337 2336 0 2471 2470 0 2340 2339 0 2472 2471 0 2341 2340 0 2340 2339 0 2342 2341 0 2473 2472 0 2472 2471 0 2340 2339 0 2473 2472 0 2342 2341 0 2475 2474 0 2473 2472 0 2333 2332 0 2475 2474 0 2342 2341 0 2333 2332 0 2474 2473 0 2475 2474 0 2333 2332 0 2459 2458 0 2474 2473 0 2461 2460 0 2474 2473 0 2459 2458 0 2470 2469 0 2476 2475 0 2469 2468 0 2471 2470 0 2476 2475 0 2470 2469 0 2477 2476 0 2476 2475 0 2471 2470 0 2479 2478 0 2478 2477 0 2477 2476 0 2343 2342 0 2479 2478 0 2477 2476 0 2343 2342 0 2477 2476 0 2471 2470 0 2343 2342 0 2471 2470 0 2337 2336 0 2343 2342 0 2344 2343 0 2479 2478 0 2347 2346 0 2480 2479 0 2348 2347 0 2347 2346 0 2482 2481 0 2480 2479 0 2341 2340 0 2482 2481 0 2347 2346 0 2341 2340 0 2481 2480 0 2482 2481 0 2341 2340 0 2472 2471 0 2481 2480 0 2473 2472 0 2481 2480 0 2472 2471 0 2483 2482 0 2481 2480 0 2473 2472 0 2475 2474 0 2483 2482 0 2473 2472 0 2479 2478 0 2484 2483 0 2478 2477 0 2486 2485 0 2485 2484 0 2484 2483 0 2349 2348 0 2486 2485 0 2484 2483 0 2349 2348 0 2484 2483 0 2479 2478 0 2349 2348 0 2479 2478 0 2344 2343 0 2349 2348 0 2350 2349 0 2486 2485 0 2353 2352 0 2487 2486 0 2354 2353 0 2353 2352 0 2489 2488 0 2487 2486 0 2348 2347 0 2489 2488 0 2353 2352 0 2348 2347 0 2488 2487 0 2489 2488 0 2348 2347 0 2480 2479 0 2488 2487 0 2482 2481 0 2488 2487 0 2480 2479 0 2486 2485 0 2490 2489 0 2485 2484 0 2492 2491 0 2491 2490 0 2490 2489 0 2355 2354 0 2492 2491 0 2490 2489 0 2355 2354 0 2490 2489 0 2486 2485 0 2355 2354 0 2486 2485 0 2350 2349 0 2355 2354 0 2356 2355 0 2492 2491 0 2358 2357 0 2493 2492 0 2359 2358 0 2358 2357 0 2495 2494 0 2493 2492 0 2354 2353 0 2495 2494 0 2358 2357 0 2354 2353 0 2494 2493 0 2495 2494 0 2354 2353 0 2487 2486 0 2494 2493 0 2489 2488 0 2494 2493 0 2487 2486 0 2497 2496 0 2491 2490 0 2492 2491 0 2496 2495 0 2491 2490 0 2497 2496 0 2356 2355 0 2360 2359 0 2498 2497 0 2356 2355 0 2498 2497 0 2492 2491 0 2492 2491 0 2498 2497 0 2497 2496 0 2360 2359 0 2361 2360 0 2498 2497 0 2493 2492 0 2499 2498 0 2363 2362 0 2359 2358 0 2493 2492 0 2363 2362 0 2500 2499 0 2493 2492 0 2495 2494 0 2499 2498 0 2493 2492 0 2500 2499 0 2497 2496 0 2501 2500 0 2496 2495 0 2501 2500 0 2503 2502 0 2502 2501 0 2501 2500 0 2497 2496 0 2503 2502 0 2497 2496 0 2498 2497 0 2503 2502 0 2361 2360 0 2364 2363 0 2503 2502 0 2498 2497 0 2361 2360 0 2503 2502 0 2366 2365 0 2504 2503 0 2367 2366 0 2366 2365 0 2506 2505 0 2504 2503 0 2363 2362 0 2506 2505 0 2366 2365 0 2363 2362 0 2505 2504 0 2506 2505 0 2363 2362 0 2499 2498 0 2505 2504 0 2500 2499 0 2505 2504 0 2499 2498 0 2503 2502 0 2507 2506 0 2502 2501 0 2509 2508 0 2508 2507 0 2507 2506 0 2368 2367 0 2509 2508 0 2507 2506 0 2368 2367 0 2507 2506 0 2503 2502 0 2368 2367 0 2503 2502 0 2364 2363 0 2368 2367 0 2369 2368 0 2509 2508 0 2504 2503 0 2510 2509 0 2371 2370 0 2367 2366 0 2504 2503 0 2371 2370 0 2511 2510 0 2504 2503 0 2506 2505 0 2510 2509 0 2504 2503 0 2511 2510 0 2513 2512 0 2508 2507 0 2509 2508 0 2512 2511 0 2508 2507 0 2513 2512 0 2369 2368 0 2372 2371 0 2513 2512 0 2509 2508 0 2369 2368 0 2513 2512 0 2510 2509 0 2514 2513 0 2375 2374 0 2371 2370 0 2510 2509 0 2375 2374 0 2515 2514 0 2510 2509 0 2511 2510 0 2514 2513 0 2510 2509 0 2515 2514 0 2517 2516 0 2512 2511 0 2513 2512 0 2516 2515 0 2512 2511 0 2517 2516 0 2372 2371 0 2376 2375 0 2517 2516 0 2513 2512 0 2372 2371 0 2517 2516 0 2514 2513 0 2518 2517 0 2379 2378 0 2375 2374 0 2514 2513 0 2379 2378 0 2519 2518 0 2514 2513 0 2515 2514 0 2518 2517 0 2514 2513 0 2519 2518 0 2521 2520 0 2516 2515 0 2517 2516 0 2520 2519 0 2516 2515 0 2521 2520 0 2376 2375 0 2380 2379 0 2521 2520 0 2517 2516 0 2376 2375 0 2521 2520 0 2518 2517 0 2522 2521 0 2383 2382 0 2379 2378 0 2518 2517 0 2383 2382 0 2523 2522 0 2518 2517 0 2519 2518 0 2522 2521 0 2518 2517 0 2523 2522 0 2525 2524 0 2520 2519 0 2521 2520 0 2524 2523 0 2520 2519 0 2525 2524 0 2380 2379 0 2384 2383 0 2525 2524 0 2521 2520 0 2380 2379 0 2525 2524 0 2522 2521 0 2526 2525 0 2387 2386 0 2383 2382 0 2522 2521 0 2387 2386 0 2527 2526 0 2522 2521 0 2523 2522 0 2526 2525 0 2522 2521 0 2527 2526 0 2529 2528 0 2524 2523 0 2525 2524 0 2528 2527 0 2524 2523 0 2529 2528 0 2384 2383 0 2388 2387 0 2529 2528 0 2525 2524 0 2384 2383 0 2529 2528 0 2526 2525 0 2530 2529 0 2391 2390 0 2387 2386 0 2526 2525 0 2391 2390 0 2531 2530 0 2526 2525 0 2527 2526 0 2530 2529 0 2526 2525 0 2531 2530 0 2533 2532 0 2528 2527 0 2529 2528 0 2532 2531 0 2528 2527 0 2533 2532 0 2388 2387 0 2392 2391 0 2533 2532 0 2529 2528 0 2388 2387 0 2533 2532 0 2530 2529 0 2534 2533 0 2394 2393 0 2391 2390 0 2530 2529 0 2394 2393 0 2535 2534 0 2530 2529 0 2531 2530 0 2534 2533 0 2530 2529 0 2535 2534 0 2537 2536 0 2532 2531 0 2533 2532 0 2536 2535 0 2532 2531 0 2537 2536 0 2392 2391 0 2395 2394 0 2537 2536 0 2533 2532 0 2392 2391 0 2537 2536 0 2394 2393 0 2534 2533 0 2396 2395 0 2398 2397 0 2538 2537 0 2539 2538 0 2396 2395 0 2538 2537 0 2398 2397 0 2396 2395 0 2535 2534 0 2538 2537 0 2396 2395 0 2534 2533 0 2535 2534 0 2538 2537 0 2540 2539 0 2539 2538 0 2543 2542 0 2542 2541 0 2541 2540 0 2536 2535 0 2543 2542 0 2541 2540 0 2537 2536 0 2543 2542 0 2536 2535 0 2537 2536 0 2400 2399 0 2543 2542 0 2537 2536 0 2399 2398 0 2400 2399 0 2395 2394 0 2399 2398 0 2537 2536 0 2539 2538 0 2544 2543 0 2402 2401 0 2398 2397 0 2539 2538 0 2402 2401 0 2545 2544 0 2539 2538 0 2540 2539 0 2544 2543 0 2539 2538 0 2545 2544 0 2548 2547 0 2547 2546 0 2546 2545 0 2542 2541 0 2548 2547 0 2546 2545 0 2543 2542 0 2548 2547 0 2542 2541 0 2543 2542 0 2404 2403 0 2548 2547 0 2543 2542 0 2403 2402 0 2404 2403 0 2400 2399 0 2403 2402 0 2543 2542 0 2402 2401 0 2544 2543 0 2406 2405 0 2408 2407 0 2549 2548 0 2550 2549 0 2406 2405 0 2549 2548 0 2408 2407 0 2406 2405 0 2545 2544 0 2549 2548 0 2406 2405 0 2544 2543 0 2545 2544 0 2549 2548 0 2551 2550 0 2550 2549 0 2553 2552 0 2547 2546 0 2548 2547 0 2552 2551 0 2547 2546 0 2553 2552 0 2404 2403 0 2409 2408 0 2553 2552 0 2548 2547 0 2404 2403 0 2553 2552 0 2408 2407 0 2550 2549 0 2411 2410 0 2413 2412 0 2554 2553 0 2555 2554 0 2411 2410 0 2554 2553 0 2413 2412 0 2411 2410 0 2551 2550 0 2554 2553 0 2411 2410 0 2550 2549 0 2551 2550 0 2554 2553 0 2556 2555 0 2555 2554 0 2559 2558 0 2558 2557 0 2557 2556 0 2552 2551 0 2559 2558 0 2557 2556 0 2553 2552 0 2559 2558 0 2552 2551 0 2553 2552 0 2415 2414 0 2559 2558 0 2553 2552 0 2414 2413 0 2415 2414 0 2409 2408 0 2414 2413 0 2553 2552 0 2413 2412 0 2555 2554 0 2417 2416 0 2419 2418 0 2560 2559 0 2561 2560 0 2417 2416 0 2560 2559 0 2419 2418 0 2417 2416 0 2556 2555 0 2560 2559 0 2417 2416 0 2555 2554 0 2556 2555 0 2561 2560 0 2562 2561 0 2563 2562 0 2560 2559 0 2562 2561 0 2561 2560 0 2562 2561 0 2564 2563 0 2563 2562 0 2567 2566 0 2566 2565 0 2565 2564 0 2567 2566 0 2568 2567 0 2569 2568 0 2565 2564 0 2568 2567 0 2567 2566 0 2558 2557 0 2569 2568 0 2568 2567 0 2559 2558 0 2569 2568 0 2558 2557 0 2559 2558 0 2421 2420 0 2569 2568 0 2559 2558 0 2420 2419 0 2421 2420 0 2415 2414 0 2420 2419 0 2559 2558 0 2419 2418 0 2561 2560 0 2423 2422 0 2425 2424 0 2423 2422 0 2561 2560 0 2425 2424 0 2561 2560 0 2570 2569 0 2570 2569 0 2561 2560 0 2563 2562 0 2571 2570 0 2563 2562 0 2564 2563 0 2571 2570 0 2572 2571 0 2563 2562 0 2572 2571 0 2570 2569 0 2563 2562 0 2572 2571 0 2573 2572 0 2574 2573 0 2571 2570 0 2573 2572 0 2572 2571 0 2573 2572 0 2575 2574 0 2574 2573 0 2578 2577 0 2577 2576 0 2576 2575 0 2566 2565 0 2578 2577 0 2576 2575 0 2566 2565 0 2567 2566 0 2578 2577 0 2567 2566 0 2579 2578 0 2578 2577 0 2426 2425 0 2427 2426 0 2579 2578 0 2426 2425 0 2579 2578 0 2569 2568 0 2569 2568 0 2579 2578 0 2567 2566 0 2421 2420 0 2426 2425 0 2569 2568 0 2425 2424 0 2570 2569 0 2429 2428 0 2430 2429 0 2429 2428 0 2570 2569 0 2572 2571 0 2430 2429 0 2570 2569 0 2432 2431 0 2430 2429 0 2572 2571 0 2432 2431 0 2572 2571 0 2580 2579 0 2580 2579 0 2572 2571 0 2574 2573 0 2581 2580 0 2574 2573 0 2575 2574 0 2581 2580 0 2582 2581 0 2574 2573 0 2582 2581 0 2580 2579 0 2574 2573 0 2582 2581 0 2583 2582 0 2584 2583 0 2581 2580 0 2583 2582 0 2582 2581 0 2584 2583 0 2585 2584 0 2586 2585 0 2583 2582 0 2585 2584 0 2584 2583 0 2586 2585 0 2587 2586 0 2588 2587 0 2585 2584 0 2587 2586 0 2586 2585 0 2588 2587 0 2589 2588 0 2590 2589 0 2587 2586 0 2589 2588 0 2588 2587 0 2590 2589 0 2591 2590 0 2592 2591 0 2589 2588 0 2591 2590 0 2590 2589 0 2592 2591 0 2433 2432 0 2434 2433 0 2592 2591 0 2591 2590 0 2433 2432 0 2591 2590 0 2593 2592 0 2433 2432 0 2577 2576 0 2578 2577 0 2436 2435 0 2577 2576 0 2436 2435 0 2593 2592 0 2593 2592 0 2436 2435 0 2433 2432 0 2438 2437 0 2436 2435 0 2578 2577 0 2579 2578 0 2438 2437 0 2578 2577 0 2427 2426 0 2438 2437 0 2579 2578 0 2432 2431 0 2580 2579 0 2439 2438 0 2440 2439 0 2439 2438 0 2580 2579 0 2582 2581 0 2440 2439 0 2580 2579 0 2442 2441 0 2440 2439 0 2582 2581 0 2584 2583 0 2442 2441 0 2582 2581 0 2444 2443 0 2442 2441 0 2584 2583 0 2586 2585 0 2444 2443 0 2584 2583 0 2446 2445 0 2444 2443 0 2586 2585 0 2588 2587 0 2446 2445 0 2586 2585 0 2448 2447 0 2446 2445 0 2588 2587 0 2590 2589 0 2448 2447 0 2588 2587 0 2450 2449 0 2448 2447 0 2590 2589 0 2592 2591 0 2450 2449 0 2590 2589 0 2434 2433 0 2450 2449 0 2592 2591 0 2460 2459 0 2594 2593 0 2461 2460 0 2460 2459 0 2462 2461 0 2595 2594 0 2594 2593 0 2460 2459 0 2595 2594 0 2462 2461 0 2463 2462 0 2596 2595 0 2595 2594 0 2462 2461 0 2596 2595 0 2463 2462 0 2464 2463 0 2597 2596 0 2596 2595 0 2463 2462 0 2597 2596 0 2464 2463 0 2465 2464 0 2598 2597 0 2597 2596 0 2464 2463 0 2598 2597 0 2465 2464 0 2466 2465 0 2599 2598 0 2598 2597 0 2465 2464 0 2599 2598 0 2466 2465 0 2467 2466 0 2600 2599 0 2599 2598 0 2466 2465 0 2600 2599 0 2467 2466 0 2468 2467 0 2601 2600 0 2600 2599 0 2467 2466 0 2601 2600 0 2468 2467 0 2469 2468 0 2601 2600 0 2474 2473 0 2602 2601 0 2475 2474 0 2474 2473 0 2604 2603 0 2602 2601 0 2461 2460 0 2604 2603 0 2474 2473 0 2461 2460 0 2603 2602 0 2604 2603 0 2461 2460 0 2594 2593 0 2603 2602 0 2595 2594 0 2603 2602 0 2594 2593 0 2605 2604 0 2603 2602 0 2595 2594 0 2596 2595 0 2605 2604 0 2595 2594 0 2606 2605 0 2605 2604 0 2596 2595 0 2597 2596 0 2606 2605 0 2596 2595 0 2607 2606 0 2606 2605 0 2597 2596 0 2598 2597 0 2607 2606 0 2597 2596 0 2608 2607 0 2607 2606 0 2598 2597 0 2599 2598 0 2608 2607 0 2598 2597 0 2609 2608 0 2608 2607 0 2599 2598 0 2600 2599 0 2609 2608 0 2599 2598 0 2610 2609 0 2609 2608 0 2600 2599 0 2601 2600 0 2610 2609 0 2600 2599 0 2611 2610 0 2610 2609 0 2601 2600 0 2613 2612 0 2612 2611 0 2611 2610 0 2476 2475 0 2613 2612 0 2611 2610 0 2476 2475 0 2611 2610 0 2601 2600 0 2476 2475 0 2601 2600 0 2469 2468 0 2476 2475 0 2477 2476 0 2614 2613 0 2613 2612 0 2476 2475 0 2614 2613 0 2477 2476 0 2478 2477 0 2614 2613 0 2481 2480 0 2615 2614 0 2482 2481 0 2481 2480 0 2483 2482 0 2616 2615 0 2615 2614 0 2481 2480 0 2616 2615 0 2483 2482 0 2618 2617 0 2616 2615 0 2475 2474 0 2618 2617 0 2483 2482 0 2475 2474 0 2617 2616 0 2618 2617 0 2475 2474 0 2602 2601 0 2617 2616 0 2604 2603 0 2617 2616 0 2602 2601 0 2613 2612 0 2619 2618 0 2612 2611 0 2619 2618 0 2621 2620 0 2620 2619 0 2619 2618 0 2613 2612 0 2621 2620 0 2613 2612 0 2614 2613 0 2621 2620 0 2478 2477 0 2484 2483 0 2622 2621 0 2478 2477 0 2622 2621 0 2614 2613 0 2614 2613 0 2622 2621 0 2621 2620 0 2484 2483 0 2485 2484 0 2622 2621 0 2488 2487 0 2623 2622 0 2489 2488 0 2488 2487 0 2482 2481 0 2615 2614 0 2488 2487 0 2615 2614 0 2623 2622 0 2623 2622 0 2615 2614 0 2624 2623 0 2626 2625 0 2616 2615 0 2625 2624 0 2626 2625 0 2624 2623 0 2616 2615 0 2624 2623 0 2615 2614 0 2616 2615 0 2618 2617 0 2625 2624 0 2616 2615 0 2621 2620 0 2627 2626 0 2620 2619 0 2627 2626 0 2629 2628 0 2628 2627 0 2627 2626 0 2621 2620 0 2629 2628 0 2621 2620 0 2622 2621 0 2629 2628 0 2485 2484 0 2490 2489 0 2630 2629 0 2485 2484 0 2630 2629 0 2622 2621 0 2622 2621 0 2630 2629 0 2629 2628 0 2490 2489 0 2491 2490 0 2630 2629 0 2494 2493 0 2631 2630 0 2495 2494 0 2494 2493 0 2489 2488 0 2623 2622 0 2494 2493 0 2623 2622 0 2631 2630 0 2631 2630 0 2623 2622 0 2632 2631 0 2634 2633 0 2624 2623 0 2633 2632 0 2634 2633 0 2632 2631 0 2624 2623 0 2632 2631 0 2623 2622 0 2624 2623 0 2626 2625 0 2633 2632 0 2624 2623 0 2629 2628 0 2635 2634 0 2628 2627 0 2635 2634 0 2637 2636 0 2636 2635 0 2635 2634 0 2629 2628 0 2637 2636 0 2629 2628 0 2630 2629 0 2637 2636 0 2491 2490 0 2496 2495 0 2637 2636 0 2630 2629 0 2491 2490 0 2637 2636 0 2631 2630 0 2638 2637 0 2500 2499 0 2495 2494 0 2631 2630 0 2500 2499 0 2640 2639 0 2632 2631 0 2639 2638 0 2640 2639 0 2638 2637 0 2632 2631 0 2638 2637 0 2631 2630 0 2632 2631 0 2634 2633 0 2639 2638 0 2632 2631 0 2637 2636 0 2641 2640 0 2636 2635 0 2643 2642 0 2642 2641 0 2641 2640 0 2501 2500 0 2643 2642 0 2641 2640 0 2501 2500 0 2641 2640 0 2637 2636 0 2501 2500 0 2637 2636 0 2496 2495 0 2501 2500 0 2502 2501 0 2643 2642 0 2505 2504 0 2644 2643 0 2506 2505 0 2505 2504 0 2500 2499 0 2638 2637 0 2505 2504 0 2638 2637 0 2644 2643 0 2644 2643 0 2638 2637 0 2645 2644 0 2646 2645 0 2638 2637 0 2640 2639 0 2645 2644 0 2638 2637 0 2646 2645 0 2648 2647 0 2642 2641 0 2643 2642 0 2647 2646 0 2642 2641 0 2648 2647 0 2502 2501 0 2507 2506 0 2649 2648 0 2502 2501 0 2649 2648 0 2643 2642 0 2643 2642 0 2649 2648 0 2648 2647 0 2507 2506 0 2508 2507 0 2649 2648 0 2644 2643 0 2650 2649 0 2511 2510 0 2506 2505 0 2644 2643 0 2511 2510 0 2652 2651 0 2645 2644 0 2651 2650 0 2652 2651 0 2650 2649 0 2645 2644 0 2650 2649 0 2644 2643 0 2645 2644 0 2646 2645 0 2651 2650 0 2645 2644 0 2648 2647 0 2653 2652 0 2647 2646 0 2653 2652 0 2655 2654 0 2654 2653 0 2653 2652 0 2648 2647 0 2655 2654 0 2648 2647 0 2649 2648 0 2655 2654 0 2508 2507 0 2512 2511 0 2655 2654 0 2649 2648 0 2508 2507 0 2655 2654 0 2650 2649 0 2656 2655 0 2515 2514 0 2511 2510 0 2650 2649 0 2515 2514 0 2657 2656 0 2650 2649 0 2652 2651 0 2656 2655 0 2650 2649 0 2657 2656 0 2659 2658 0 2654 2653 0 2655 2654 0 2658 2657 0 2654 2653 0 2659 2658 0 2512 2511 0 2516 2515 0 2659 2658 0 2655 2654 0 2512 2511 0 2659 2658 0 2656 2655 0 2660 2659 0 2519 2518 0 2515 2514 0 2656 2655 0 2519 2518 0 2661 2660 0 2656 2655 0 2657 2656 0 2660 2659 0 2656 2655 0 2661 2660 0 2663 2662 0 2658 2657 0 2659 2658 0 2662 2661 0 2658 2657 0 2663 2662 0 2516 2515 0 2520 2519 0 2663 2662 0 2659 2658 0 2516 2515 0 2663 2662 0 2660 2659 0 2664 2663 0 2523 2522 0 2519 2518 0 2660 2659 0 2523 2522 0 2665 2664 0 2660 2659 0 2661 2660 0 2664 2663 0 2660 2659 0 2665 2664 0 2667 2666 0 2662 2661 0 2663 2662 0 2666 2665 0 2662 2661 0 2667 2666 0 2520 2519 0 2524 2523 0 2667 2666 0 2663 2662 0 2520 2519 0 2667 2666 0 2664 2663 0 2668 2667 0 2527 2526 0 2523 2522 0 2664 2663 0 2527 2526 0 2669 2668 0 2664 2663 0 2665 2664 0 2668 2667 0 2664 2663 0 2669 2668 0 2671 2670 0 2666 2665 0 2667 2666 0 2670 2669 0 2666 2665 0 2671 2670 0 2524 2523 0 2528 2527 0 2671 2670 0 2667 2666 0 2524 2523 0 2671 2670 0 2668 2667 0 2672 2671 0 2531 2530 0 2527 2526 0 2668 2667 0 2531 2530 0 2673 2672 0 2668 2667 0 2669 2668 0 2672 2671 0 2668 2667 0 2673 2672 0 2675 2674 0 2670 2669 0 2671 2670 0 2674 2673 0 2670 2669 0 2675 2674 0 2528 2527 0 2532 2531 0 2675 2674 0 2671 2670 0 2528 2527 0 2675 2674 0 2672 2671 0 2676 2675 0 2535 2534 0 2531 2530 0 2672 2671 0 2535 2534 0 2677 2676 0 2672 2671 0 2673 2672 0 2676 2675 0 2672 2671 0 2677 2676 0 2679 2678 0 2674 2673 0 2675 2674 0 2678 2677 0 2674 2673 0 2679 2678 0 2532 2531 0 2536 2535 0 2679 2678 0 2675 2674 0 2532 2531 0 2679 2678 0 2535 2534 0 2676 2675 0 2538 2537 0 2540 2539 0 2680 2679 0 2681 2680 0 2538 2537 0 2680 2679 0 2540 2539 0 2538 2537 0 2677 2676 0 2680 2679 0 2538 2537 0 2676 2675 0 2677 2676 0 2680 2679 0 2682 2681 0 2681 2680 0 2685 2684 0 2684 2683 0 2683 2682 0 2678 2677 0 2685 2684 0 2683 2682 0 2679 2678 0 2685 2684 0 2678 2677 0 2679 2678 0 2542 2541 0 2685 2684 0 2679 2678 0 2541 2540 0 2542 2541 0 2536 2535 0 2541 2540 0 2679 2678 0 2681 2680 0 2686 2685 0 2545 2544 0 2540 2539 0 2681 2680 0 2545 2544 0 2687 2686 0 2681 2680 0 2682 2681 0 2687 2686 0 2688 2687 0 2681 2680 0 2688 2687 0 2686 2685 0 2681 2680 0 2687 2686 0 2689 2688 0 2688 2687 0 2692 2691 0 2691 2690 0 2690 2689 0 2684 2683 0 2692 2691 0 2690 2689 0 2685 2684 0 2692 2691 0 2684 2683 0 2685 2684 0 2547 2546 0 2692 2691 0 2685 2684 0 2546 2545 0 2547 2546 0 2542 2541 0 2546 2545 0 2685 2684 0 2545 2544 0 2686 2685 0 2549 2548 0 2551 2550 0 2549 2548 0 2686 2685 0 2551 2550 0 2686 2685 0 2693 2692 0 2693 2692 0 2686 2685 0 2688 2687 0 2694 2693 0 2688 2687 0 2689 2688 0 2694 2693 0 2695 2694 0 2688 2687 0 2695 2694 0 2693 2692 0 2688 2687 0 2694 2693 0 2696 2695 0 2695 2694 0 2699 2698 0 2698 2697 0 2697 2696 0 2691 2690 0 2699 2698 0 2697 2696 0 2691 2690 0 2692 2691 0 2699 2698 0 2692 2691 0 2700 2699 0 2699 2698 0 2547 2546 0 2552 2551 0 2700 2699 0 2692 2691 0 2547 2546 0 2700 2699 0 2551 2550 0 2693 2692 0 2554 2553 0 2556 2555 0 2554 2553 0 2693 2692 0 2556 2555 0 2693 2692 0 2701 2700 0 2701 2700 0 2693 2692 0 2695 2694 0 2702 2701 0 2695 2694 0 2696 2695 0 2702 2701 0 2703 2702 0 2695 2694 0 2703 2702 0 2701 2700 0 2695 2694 0 2702 2701 0 2704 2703 0 2703 2702 0 2707 2706 0 2706 2705 0 2705 2704 0 2698 2697 0 2707 2706 0 2705 2704 0 2698 2697 0 2699 2698 0 2707 2706 0 2699 2698 0 2708 2707 0 2707 2706 0 2557 2556 0 2558 2557 0 2708 2707 0 2557 2556 0 2708 2707 0 2700 2699 0 2700 2699 0 2708 2707 0 2699 2698 0 2552 2551 0 2557 2556 0 2700 2699 0 2556 2555 0 2701 2700 0 2560 2559 0 2562 2561 0 2560 2559 0 2701 2700 0 2703 2702 0 2562 2561 0 2701 2700 0 2564 2563 0 2709 2708 0 2710 2709 0 2562 2561 0 2709 2708 0 2564 2563 0 2562 2561 0 2704 2703 0 2709 2708 0 2562 2561 0 2703 2702 0 2704 2703 0 2710 2709 0 2711 2710 0 2712 2711 0 2709 2708 0 2711 2710 0 2710 2709 0 2711 2710 0 2713 2712 0 2712 2711 0 2716 2715 0 2715 2714 0 2714 2713 0 2716 2715 0 2717 2716 0 2718 2717 0 2714 2713 0 2717 2716 0 2716 2715 0 2706 2705 0 2718 2717 0 2717 2716 0 2707 2706 0 2718 2717 0 2706 2705 0 2707 2706 0 2566 2565 0 2718 2717 0 2707 2706 0 2565 2564 0 2566 2565 0 2568 2567 0 2565 2564 0 2707 2706 0 2708 2707 0 2568 2567 0 2707 2706 0 2558 2557 0 2568 2567 0 2708 2707 0 2564 2563 0 2710 2709 0 2571 2570 0 2573 2572 0 2571 2570 0 2710 2709 0 2712 2711 0 2573 2572 0 2710 2709 0 2575 2574 0 2719 2718 0 2720 2719 0 2573 2572 0 2719 2718 0 2575 2574 0 2573 2572 0 2713 2712 0 2719 2718 0 2573 2572 0 2712 2711 0 2713 2712 0 2720 2719 0 2721 2720 0 2722 2721 0 2719 2718 0 2721 2720 0 2720 2719 0 2722 2721 0 2723 2722 0 2724 2723 0 2721 2720 0 2723 2722 0 2722 2721 0 2724 2723 0 2725 2724 0 2726 2725 0 2723 2722 0 2725 2724 0 2724 2723 0 2726 2725 0 2727 2726 0 2728 2727 0 2725 2724 0 2727 2726 0 2726 2725 0 2728 2727 0 2729 2728 0 2730 2729 0 2727 2726 0 2729 2728 0 2728 2727 0 2715 2714 0 2730 2729 0 2729 2728 0 2715 2714 0 2716 2715 0 2730 2729 0 2716 2715 0 2731 2730 0 2730 2729 0 2576 2575 0 2577 2576 0 2731 2730 0 2576 2575 0 2731 2730 0 2718 2717 0 2718 2717 0 2731 2730 0 2716 2715 0 2566 2565 0 2576 2575 0 2718 2717 0 2575 2574 0 2720 2719 0 2581 2580 0 2583 2582 0 2581 2580 0 2720 2719 0 2722 2721 0 2583 2582 0 2720 2719 0 2585 2584 0 2583 2582 0 2722 2721 0 2724 2723 0 2585 2584 0 2722 2721 0 2587 2586 0 2585 2584 0 2724 2723 0 2726 2725 0 2587 2586 0 2724 2723 0 2589 2588 0 2587 2586 0 2726 2725 0 2728 2727 0 2589 2588 0 2726 2725 0 2591 2590 0 2589 2588 0 2728 2727 0 2730 2729 0 2591 2590 0 2728 2727 0 2593 2592 0 2591 2590 0 2730 2729 0 2731 2730 0 2593 2592 0 2730 2729 0 2577 2576 0 2593 2592 0 2731 2730 0 2603 2602 0 2732 2731 0 2604 2603 0 2603 2602 0 2605 2604 0 2733 2732 0 2732 2731 0 2603 2602 0 2733 2732 0 2605 2604 0 2606 2605 0 2734 2733 0 2733 2732 0 2605 2604 0 2734 2733 0 2606 2605 0 2607 2606 0 2735 2734 0 2734 2733 0 2606 2605 0 2735 2734 0 2607 2606 0 2608 2607 0 2736 2735 0 2735 2734 0 2607 2606 0 2736 2735 0 2608 2607 0 2609 2608 0 2737 2736 0 2736 2735 0 2608 2607 0 2737 2736 0 2609 2608 0 2610 2609 0 2738 2737 0 2737 2736 0 2609 2608 0 2738 2737 0 2610 2609 0 2611 2610 0 2739 2738 0 2738 2737 0 2610 2609 0 2739 2738 0 2611 2610 0 2612 2611 0 2739 2738 0 2617 2616 0 2740 2739 0 2618 2617 0 2617 2616 0 2604 2603 0 2732 2731 0 2617 2616 0 2732 2731 0 2740 2739 0 2740 2739 0 2732 2731 0 2741 2740 0 2733 2732 0 2742 2741 0 2732 2731 0 2742 2741 0 2741 2740 0 2732 2731 0 2744 2743 0 2734 2733 0 2743 2742 0 2744 2743 0 2742 2741 0 2734 2733 0 2742 2741 0 2733 2732 0 2734 2733 0 2735 2734 0 2743 2742 0 2734 2733 0 2745 2744 0 2743 2742 0 2735 2734 0 2736 2735 0 2745 2744 0 2735 2734 0 2746 2745 0 2745 2744 0 2736 2735 0 2737 2736 0 2746 2745 0 2736 2735 0 2747 2746 0 2746 2745 0 2737 2736 0 2747 2746 0 2749 2748 0 2748 2747 0 2747 2746 0 2737 2736 0 2749 2748 0 2737 2736 0 2738 2737 0 2749 2748 0 2739 2738 0 2750 2749 0 2738 2737 0 2750 2749 0 2749 2748 0 2738 2737 0 2612 2611 0 2619 2618 0 2751 2750 0 2612 2611 0 2751 2750 0 2739 2738 0 2739 2738 0 2751 2750 0 2750 2749 0 2619 2618 0 2620 2619 0 2751 2750 0 2625 2624 0 2752 2751 0 2626 2625 0 2625 2624 0 2618 2617 0 2740 2739 0 2625 2624 0 2740 2739 0 2752 2751 0 2752 2751 0 2740 2739 0 2753 2752 0 2755 2754 0 2741 2740 0 2754 2753 0 2755 2754 0 2753 2752 0 2741 2740 0 2753 2752 0 2740 2739 0 2741 2740 0 2742 2741 0 2754 2753 0 2741 2740 0 2756 2755 0 2754 2753 0 2742 2741 0 2744 2743 0 2756 2755 0 2742 2741 0 2749 2748 0 2757 2756 0 2748 2747 0 2750 2749 0 2757 2756 0 2749 2748 0 2758 2757 0 2757 2756 0 2750 2749 0 2758 2757 0 2760 2759 0 2759 2758 0 2758 2757 0 2750 2749 0 2760 2759 0 2750 2749 0 2751 2750 0 2760 2759 0 2620 2619 0 2627 2626 0 2761 2760 0 2620 2619 0 2761 2760 0 2751 2750 0 2751 2750 0 2761 2760 0 2760 2759 0 2627 2626 0 2628 2627 0 2761 2760 0 2633 2632 0 2762 2761 0 2634 2633 0 2633 2632 0 2764 2763 0 2762 2761 0 2626 2625 0 2764 2763 0 2633 2632 0 2626 2625 0 2763 2762 0 2764 2763 0 2626 2625 0 2752 2751 0 2763 2762 0 2753 2752 0 2763 2762 0 2752 2751 0 2765 2764 0 2763 2762 0 2753 2752 0 2755 2754 0 2765 2764 0 2753 2752 0 2760 2759 0 2766 2765 0 2759 2758 0 2766 2765 0 2768 2767 0 2767 2766 0 2766 2765 0 2760 2759 0 2768 2767 0 2760 2759 0 2761 2760 0 2768 2767 0 2628 2627 0 2635 2634 0 2769 2768 0 2628 2627 0 2769 2768 0 2761 2760 0 2761 2760 0 2769 2768 0 2768 2767 0 2635 2634 0 2636 2635 0 2769 2768 0 2639 2638 0 2770 2769 0 2640 2639 0 2639 2638 0 2634 2633 0 2762 2761 0 2639 2638 0 2762 2761 0 2770 2769 0 2770 2769 0 2762 2761 0 2771 2770 0 2772 2771 0 2762 2761 0 2764 2763 0 2771 2770 0 2762 2761 0 2772 2771 0 2768 2767 0 2773 2772 0 2767 2766 0 2773 2772 0 2775 2774 0 2774 2773 0 2773 2772 0 2768 2767 0 2775 2774 0 2768 2767 0 2769 2768 0 2775 2774 0 2636 2635 0 2641 2640 0 2776 2775 0 2636 2635 0 2776 2775 0 2769 2768 0 2769 2768 0 2776 2775 0 2775 2774 0 2641 2640 0 2642 2641 0 2776 2775 0 2770 2769 0 2777 2776 0 2646 2645 0 2640 2639 0 2770 2769 0 2646 2645 0 2779 2778 0 2771 2770 0 2778 2777 0 2779 2778 0 2777 2776 0 2771 2770 0 2777 2776 0 2770 2769 0 2771 2770 0 2772 2771 0 2778 2777 0 2771 2770 0 2775 2774 0 2780 2779 0 2774 2773 0 2780 2779 0 2782 2781 0 2781 2780 0 2780 2779 0 2775 2774 0 2782 2781 0 2775 2774 0 2776 2775 0 2782 2781 0 2642 2641 0 2647 2646 0 2782 2781 0 2776 2775 0 2642 2641 0 2782 2781 0 2651 2650 0 2783 2782 0 2652 2651 0 2651 2650 0 2646 2645 0 2777 2776 0 2651 2650 0 2777 2776 0 2783 2782 0 2783 2782 0 2777 2776 0 2784 2783 0 2785 2784 0 2777 2776 0 2779 2778 0 2784 2783 0 2777 2776 0 2785 2784 0 2787 2786 0 2781 2780 0 2782 2781 0 2786 2785 0 2781 2780 0 2787 2786 0 2647 2646 0 2653 2652 0 2788 2787 0 2647 2646 0 2788 2787 0 2782 2781 0 2782 2781 0 2788 2787 0 2787 2786 0 2653 2652 0 2654 2653 0 2788 2787 0 2783 2782 0 2789 2788 0 2657 2656 0 2652 2651 0 2783 2782 0 2657 2656 0 2791 2790 0 2784 2783 0 2790 2789 0 2791 2790 0 2789 2788 0 2784 2783 0 2789 2788 0 2783 2782 0 2784 2783 0 2785 2784 0 2790 2789 0 2784 2783 0 2787 2786 0 2792 2791 0 2786 2785 0 2792 2791 0 2794 2793 0 2793 2792 0 2792 2791 0 2787 2786 0 2794 2793 0 2787 2786 0 2788 2787 0 2794 2793 0 2654 2653 0 2658 2657 0 2794 2793 0 2788 2787 0 2654 2653 0 2794 2793 0 2789 2788 0 2795 2794 0 2661 2660 0 2657 2656 0 2789 2788 0 2661 2660 0 2796 2795 0 2789 2788 0 2791 2790 0 2795 2794 0 2789 2788 0 2796 2795 0 2798 2797 0 2793 2792 0 2794 2793 0 2797 2796 0 2793 2792 0 2798 2797 0 2658 2657 0 2662 2661 0 2798 2797 0 2794 2793 0 2658 2657 0 2798 2797 0 2795 2794 0 2799 2798 0 2665 2664 0 2661 2660 0 2795 2794 0 2665 2664 0 2800 2799 0 2795 2794 0 2796 2795 0 2799 2798 0 2795 2794 0 2800 2799 0 2802 2801 0 2797 2796 0 2798 2797 0 2801 2800 0 2797 2796 0 2802 2801 0 2662 2661 0 2666 2665 0 2802 2801 0 2798 2797 0 2662 2661 0 2802 2801 0 2799 2798 0 2803 2802 0 2669 2668 0 2665 2664 0 2799 2798 0 2669 2668 0 2804 2803 0 2799 2798 0 2800 2799 0 2803 2802 0 2799 2798 0 2804 2803 0 2806 2805 0 2801 2800 0 2802 2801 0 2805 2804 0 2801 2800 0 2806 2805 0 2666 2665 0 2670 2669 0 2806 2805 0 2802 2801 0 2666 2665 0 2806 2805 0 2803 2802 0 2807 2806 0 2673 2672 0 2669 2668 0 2803 2802 0 2673 2672 0 2808 2807 0 2803 2802 0 2804 2803 0 2808 2807 0 2809 2808 0 2803 2802 0 2809 2808 0 2807 2806 0 2803 2802 0 2808 2807 0 2810 2809 0 2809 2808 0 2813 2812 0 2812 2811 0 2811 2810 0 2805 2804 0 2813 2812 0 2811 2810 0 2805 2804 0 2806 2805 0 2813 2812 0 2806 2805 0 2814 2813 0 2813 2812 0 2670 2669 0 2674 2673 0 2814 2813 0 2806 2805 0 2670 2669 0 2814 2813 0 2807 2806 0 2815 2814 0 2677 2676 0 2673 2672 0 2807 2806 0 2677 2676 0 2809 2808 0 2816 2815 0 2807 2806 0 2816 2815 0 2815 2814 0 2807 2806 0 2817 2816 0 2809 2808 0 2810 2809 0 2816 2815 0 2809 2808 0 2817 2816 0 2819 2818 0 2812 2811 0 2813 2812 0 2818 2817 0 2812 2811 0 2819 2818 0 2814 2813 0 2820 2819 0 2813 2812 0 2820 2819 0 2819 2818 0 2813 2812 0 2674 2673 0 2678 2677 0 2820 2819 0 2814 2813 0 2674 2673 0 2820 2819 0 2677 2676 0 2815 2814 0 2680 2679 0 2682 2681 0 2680 2679 0 2815 2814 0 2682 2681 0 2815 2814 0 2821 2820 0 2821 2820 0 2815 2814 0 2816 2815 0 2822 2821 0 2816 2815 0 2817 2816 0 2822 2821 0 2823 2822 0 2816 2815 0 2823 2822 0 2821 2820 0 2816 2815 0 2822 2821 0 2824 2823 0 2823 2822 0 2827 2826 0 2826 2825 0 2825 2824 0 2818 2817 0 2827 2826 0 2825 2824 0 2818 2817 0 2819 2818 0 2827 2826 0 2819 2818 0 2828 2827 0 2827 2826 0 2683 2682 0 2684 2683 0 2828 2827 0 2683 2682 0 2828 2827 0 2820 2819 0 2820 2819 0 2828 2827 0 2819 2818 0 2678 2677 0 2683 2682 0 2820 2819 0 2682 2681 0 2821 2820 0 2687 2686 0 2689 2688 0 2687 2686 0 2821 2820 0 2689 2688 0 2821 2820 0 2829 2828 0 2829 2828 0 2821 2820 0 2823 2822 0 2830 2829 0 2823 2822 0 2824 2823 0 2830 2829 0 2831 2830 0 2823 2822 0 2831 2830 0 2829 2828 0 2823 2822 0 2830 2829 0 2832 2831 0 2831 2830 0 2834 2833 0 2826 2825 0 2827 2826 0 2833 2832 0 2826 2825 0 2834 2833 0 2690 2689 0 2691 2690 0 2834 2833 0 2690 2689 0 2834 2833 0 2828 2827 0 2828 2827 0 2834 2833 0 2827 2826 0 2684 2683 0 2690 2689 0 2828 2827 0 2689 2688 0 2829 2828 0 2694 2693 0 2696 2695 0 2694 2693 0 2829 2828 0 2696 2695 0 2829 2828 0 2835 2834 0 2835 2834 0 2829 2828 0 2831 2830 0 2836 2835 0 2831 2830 0 2832 2831 0 2836 2835 0 2837 2836 0 2831 2830 0 2837 2836 0 2835 2834 0 2831 2830 0 2836 2835 0 2838 2837 0 2837 2836 0 2841 2840 0 2840 2839 0 2839 2838 0 2841 2840 0 2842 2841 0 2843 2842 0 2839 2838 0 2842 2841 0 2841 2840 0 2833 2832 0 2843 2842 0 2842 2841 0 2834 2833 0 2843 2842 0 2833 2832 0 2834 2833 0 2698 2697 0 2843 2842 0 2834 2833 0 2697 2696 0 2698 2697 0 2691 2690 0 2697 2696 0 2834 2833 0 2696 2695 0 2835 2834 0 2702 2701 0 2704 2703 0 2702 2701 0 2835 2834 0 2704 2703 0 2835 2834 0 2844 2843 0 2844 2843 0 2835 2834 0 2837 2836 0 2845 2844 0 2837 2836 0 2838 2837 0 2845 2844 0 2846 2845 0 2837 2836 0 2846 2845 0 2844 2843 0 2837 2836 0 2846 2845 0 2847 2846 0 2848 2847 0 2845 2844 0 2847 2846 0 2846 2845 0 2848 2847 0 2849 2848 0 2850 2849 0 2847 2846 0 2849 2848 0 2848 2847 0 2849 2848 0 2851 2850 0 2850 2849 0 2854 2853 0 2853 2852 0 2852 2851 0 2854 2853 0 2855 2854 0 2856 2855 0 2852 2851 0 2855 2854 0 2854 2853 0 2840 2839 0 2856 2855 0 2855 2854 0 2840 2839 0 2841 2840 0 2856 2855 0 2841 2840 0 2857 2856 0 2856 2855 0 2705 2704 0 2706 2705 0 2857 2856 0 2705 2704 0 2857 2856 0 2843 2842 0 2843 2842 0 2857 2856 0 2841 2840 0 2698 2697 0 2705 2704 0 2843 2842 0 2704 2703 0 2844 2843 0 2709 2708 0 2711 2710 0 2709 2708 0 2844 2843 0 2846 2845 0 2711 2710 0 2844 2843 0 2713 2712 0 2711 2710 0 2846 2845 0 2713 2712 0 2846 2845 0 2858 2857 0 2858 2857 0 2846 2845 0 2848 2847 0 2850 2849 0 2859 2858 0 2848 2847 0 2859 2858 0 2858 2857 0 2848 2847 0 2860 2859 0 2850 2849 0 2851 2850 0 2860 2859 0 2861 2860 0 2850 2849 0 2861 2860 0 2859 2858 0 2850 2849 0 2861 2860 0 2862 2861 0 2863 2862 0 2860 2859 0 2862 2861 0 2861 2860 0 2863 2862 0 2864 2863 0 2865 2864 0 2862 2861 0 2864 2863 0 2863 2862 0 2853 2852 0 2865 2864 0 2864 2863 0 2853 2852 0 2854 2853 0 2865 2864 0 2854 2853 0 2866 2865 0 2865 2864 0 2714 2713 0 2715 2714 0 2866 2865 0 2714 2713 0 2866 2865 0 2856 2855 0 2856 2855 0 2866 2865 0 2854 2853 0 2717 2716 0 2714 2713 0 2856 2855 0 2857 2856 0 2717 2716 0 2856 2855 0 2706 2705 0 2717 2716 0 2857 2856 0 2713 2712 0 2858 2857 0 2719 2718 0 2721 2720 0 2719 2718 0 2858 2857 0 2859 2858 0 2721 2720 0 2858 2857 0 2723 2722 0 2721 2720 0 2859 2858 0 2861 2860 0 2723 2722 0 2859 2858 0 2725 2724 0 2723 2722 0 2861 2860 0 2863 2862 0 2725 2724 0 2861 2860 0 2727 2726 0 2725 2724 0 2863 2862 0 2865 2864 0 2727 2726 0 2863 2862 0 2729 2728 0 2727 2726 0 2865 2864 0 2866 2865 0 2729 2728 0 2865 2864 0 2715 2714 0 2729 2728 0 2866 2865 0 2743 2742 0 2867 2866 0 2744 2743 0 2743 2742 0 2745 2744 0 2868 2867 0 2867 2866 0 2743 2742 0 2868 2867 0 2745 2744 0 2746 2745 0 2869 2868 0 2868 2867 0 2745 2744 0 2869 2868 0 2746 2745 0 2747 2746 0 2870 2869 0 2869 2868 0 2746 2745 0 2870 2869 0 2747 2746 0 2748 2747 0 2870 2869 0 2754 2753 0 2871 2870 0 2755 2754 0 2754 2753 0 2756 2755 0 2872 2871 0 2871 2870 0 2754 2753 0 2872 2871 0 2756 2755 0 2744 2743 0 2867 2866 0 2756 2755 0 2867 2866 0 2872 2871 0 2872 2871 0 2867 2866 0 2873 2872 0 2868 2867 0 2874 2873 0 2867 2866 0 2874 2873 0 2873 2872 0 2867 2866 0 2869 2868 0 2875 2874 0 2868 2867 0 2875 2874 0 2874 2873 0 2868 2867 0 2870 2869 0 2876 2875 0 2869 2868 0 2876 2875 0 2875 2874 0 2869 2868 0 2748 2747 0 2757 2756 0 2877 2876 0 2748 2747 0 2877 2876 0 2870 2869 0 2870 2869 0 2877 2876 0 2876 2875 0 2757 2756 0 2758 2757 0 2878 2877 0 2877 2876 0 2757 2756 0 2878 2877 0 2758 2757 0 2759 2758 0 2878 2877 0 2763 2762 0 2879 2878 0 2764 2763 0 2763 2762 0 2765 2764 0 2880 2879 0 2879 2878 0 2763 2762 0 2880 2879 0 2765 2764 0 2755 2754 0 2871 2870 0 2765 2764 0 2871 2870 0 2880 2879 0 2880 2879 0 2871 2870 0 2881 2880 0 2872 2871 0 2882 2881 0 2871 2870 0 2882 2881 0 2881 2880 0 2871 2870 0 2884 2883 0 2873 2872 0 2883 2882 0 2884 2883 0 2882 2881 0 2873 2872 0 2882 2881 0 2872 2871 0 2873 2872 0 2874 2873 0 2883 2882 0 2873 2872 0 2885 2884 0 2883 2882 0 2874 2873 0 2875 2874 0 2885 2884 0 2874 2873 0 2886 2885 0 2885 2884 0 2875 2874 0 2876 2875 0 2886 2885 0 2875 2874 0 2887 2886 0 2886 2885 0 2876 2875 0 2887 2886 0 2889 2888 0 2888 2887 0 2887 2886 0 2876 2875 0 2889 2888 0 2876 2875 0 2877 2876 0 2889 2888 0 2878 2877 0 2890 2889 0 2877 2876 0 2890 2889 0 2889 2888 0 2877 2876 0 2759 2758 0 2766 2765 0 2891 2890 0 2759 2758 0 2891 2890 0 2878 2877 0 2878 2877 0 2891 2890 0 2890 2889 0 2766 2765 0 2767 2766 0 2891 2890 0 2879 2878 0 2892 2891 0 2772 2771 0 2764 2763 0 2879 2878 0 2772 2771 0 2880 2879 0 2893 2892 0 2879 2878 0 2893 2892 0 2892 2891 0 2879 2878 0 2895 2894 0 2881 2880 0 2894 2893 0 2895 2894 0 2893 2892 0 2881 2880 0 2893 2892 0 2880 2879 0 2881 2880 0 2882 2881 0 2894 2893 0 2881 2880 0 2896 2895 0 2894 2893 0 2882 2881 0 2884 2883 0 2896 2895 0 2882 2881 0 2889 2888 0 2897 2896 0 2888 2887 0 2890 2889 0 2897 2896 0 2889 2888 0 2898 2897 0 2897 2896 0 2890 2889 0 2898 2897 0 2900 2899 0 2899 2898 0 2898 2897 0 2890 2889 0 2900 2899 0 2890 2889 0 2891 2890 0 2900 2899 0 2767 2766 0 2773 2772 0 2901 2900 0 2767 2766 0 2901 2900 0 2891 2890 0 2891 2890 0 2901 2900 0 2900 2899 0 2773 2772 0 2774 2773 0 2901 2900 0 2778 2777 0 2902 2901 0 2779 2778 0 2778 2777 0 2772 2771 0 2892 2891 0 2778 2777 0 2892 2891 0 2902 2901 0 2902 2901 0 2892 2891 0 2903 2902 0 2905 2904 0 2893 2892 0 2904 2903 0 2905 2904 0 2903 2902 0 2893 2892 0 2903 2902 0 2892 2891 0 2893 2892 0 2895 2894 0 2904 2903 0 2893 2892 0 2900 2899 0 2906 2905 0 2899 2898 0 2906 2905 0 2908 2907 0 2907 2906 0 2906 2905 0 2900 2899 0 2908 2907 0 2900 2899 0 2901 2900 0 2908 2907 0 2774 2773 0 2780 2779 0 2909 2908 0 2774 2773 0 2909 2908 0 2901 2900 0 2901 2900 0 2909 2908 0 2908 2907 0 2780 2779 0 2781 2780 0 2909 2908 0 2902 2901 0 2910 2909 0 2785 2784 0 2779 2778 0 2902 2901 0 2785 2784 0 2903 2902 0 2911 2910 0 2902 2901 0 2911 2910 0 2910 2909 0 2902 2901 0 2912 2911 0 2903 2902 0 2905 2904 0 2911 2910 0 2903 2902 0 2912 2911 0 2914 2913 0 2907 2906 0 2908 2907 0 2913 2912 0 2907 2906 0 2914 2913 0 2909 2908 0 2915 2914 0 2908 2907 0 2915 2914 0 2914 2913 0 2908 2907 0 2781 2780 0 2786 2785 0 2915 2914 0 2909 2908 0 2781 2780 0 2915 2914 0 2790 2789 0 2916 2915 0 2791 2790 0 2790 2789 0 2785 2784 0 2910 2909 0 2790 2789 0 2910 2909 0 2916 2915 0 2916 2915 0 2910 2909 0 2917 2916 0 2919 2918 0 2911 2910 0 2918 2917 0 2919 2918 0 2917 2916 0 2911 2910 0 2917 2916 0 2910 2909 0 2911 2910 0 2912 2911 0 2918 2917 0 2911 2910 0 2914 2913 0 2920 2919 0 2913 2912 0 2920 2919 0 2922 2921 0 2921 2920 0 2920 2919 0 2914 2913 0 2922 2921 0 2914 2913 0 2915 2914 0 2922 2921 0 2786 2785 0 2792 2791 0 2923 2922 0 2786 2785 0 2923 2922 0 2915 2914 0 2915 2914 0 2923 2922 0 2922 2921 0 2792 2791 0 2793 2792 0 2923 2922 0 2916 2915 0 2924 2923 0 2796 2795 0 2791 2790 0 2916 2915 0 2796 2795 0 2917 2916 0 2925 2924 0 2916 2915 0 2925 2924 0 2924 2923 0 2916 2915 0 2926 2925 0 2917 2916 0 2919 2918 0 2925 2924 0 2917 2916 0 2926 2925 0 2928 2927 0 2921 2920 0 2922 2921 0 2927 2926 0 2921 2920 0 2928 2927 0 2923 2922 0 2929 2928 0 2922 2921 0 2929 2928 0 2928 2927 0 2922 2921 0 2793 2792 0 2797 2796 0 2929 2928 0 2923 2922 0 2793 2792 0 2929 2928 0 2924 2923 0 2930 2929 0 2800 2799 0 2796 2795 0 2924 2923 0 2800 2799 0 2925 2924 0 2931 2930 0 2924 2923 0 2931 2930 0 2930 2929 0 2924 2923 0 2932 2931 0 2925 2924 0 2926 2925 0 2931 2930 0 2925 2924 0 2932 2931 0 2934 2933 0 2927 2926 0 2928 2927 0 2933 2932 0 2927 2926 0 2934 2933 0 2929 2928 0 2935 2934 0 2928 2927 0 2935 2934 0 2934 2933 0 2928 2927 0 2797 2796 0 2801 2800 0 2935 2934 0 2929 2928 0 2797 2796 0 2935 2934 0 2930 2929 0 2936 2935 0 2804 2803 0 2800 2799 0 2930 2929 0 2804 2803 0 2931 2930 0 2937 2936 0 2930 2929 0 2937 2936 0 2936 2935 0 2930 2929 0 2938 2937 0 2931 2930 0 2932 2931 0 2937 2936 0 2931 2930 0 2938 2937 0 2940 2939 0 2933 2932 0 2934 2933 0 2939 2938 0 2933 2932 0 2940 2939 0 2935 2934 0 2941 2940 0 2934 2933 0 2941 2940 0 2940 2939 0 2934 2933 0 2801 2800 0 2805 2804 0 2941 2940 0 2935 2934 0 2801 2800 0 2941 2940 0 2804 2803 0 2936 2935 0 2808 2807 0 2810 2809 0 2808 2807 0 2936 2935 0 2810 2809 0 2936 2935 0 2942 2941 0 2942 2941 0 2936 2935 0 2937 2936 0 2943 2942 0 2937 2936 0 2938 2937 0 2943 2942 0 2944 2943 0 2937 2936 0 2944 2943 0 2942 2941 0 2937 2936 0 2943 2942 0 2945 2944 0 2944 2943 0 2947 2946 0 2939 2938 0 2940 2939 0 2946 2945 0 2939 2938 0 2947 2946 0 2811 2810 0 2812 2811 0 2947 2946 0 2811 2810 0 2947 2946 0 2941 2940 0 2941 2940 0 2947 2946 0 2940 2939 0 2805 2804 0 2811 2810 0 2941 2940 0 2942 2941 0 2948 2947 0 2817 2816 0 2810 2809 0 2942 2941 0 2817 2816 0 2944 2943 0 2949 2948 0 2942 2941 0 2949 2948 0 2948 2947 0 2942 2941 0 2950 2949 0 2944 2943 0 2945 2944 0 2949 2948 0 2944 2943 0 2950 2949 0 2953 2952 0 2952 2951 0 2951 2950 0 2946 2945 0 2953 2952 0 2951 2950 0 2946 2945 0 2947 2946 0 2953 2952 0 2947 2946 0 2954 2953 0 2953 2952 0 2812 2811 0 2818 2817 0 2954 2953 0 2947 2946 0 2812 2811 0 2954 2953 0 2817 2816 0 2948 2947 0 2822 2821 0 2824 2823 0 2822 2821 0 2948 2947 0 2824 2823 0 2948 2947 0 2955 2954 0 2955 2954 0 2948 2947 0 2949 2948 0 2956 2955 0 2949 2948 0 2950 2949 0 2956 2955 0 2957 2956 0 2949 2948 0 2957 2956 0 2955 2954 0 2949 2948 0 2956 2955 0 2958 2957 0 2957 2956 0 2961 2960 0 2960 2959 0 2959 2958 0 2952 2951 0 2961 2960 0 2959 2958 0 2952 2951 0 2953 2952 0 2961 2960 0 2953 2952 0 2962 2961 0 2961 2960 0 2825 2824 0 2826 2825 0 2962 2961 0 2825 2824 0 2962 2961 0 2954 2953 0 2954 2953 0 2962 2961 0 2953 2952 0 2818 2817 0 2825 2824 0 2954 2953 0 2824 2823 0 2955 2954 0 2830 2829 0 2832 2831 0 2830 2829 0 2955 2954 0 2832 2831 0 2955 2954 0 2963 2962 0 2963 2962 0 2955 2954 0 2957 2956 0 2964 2963 0 2957 2956 0 2958 2957 0 2964 2963 0 2965 2964 0 2957 2956 0 2965 2964 0 2963 2962 0 2957 2956 0 2965 2964 0 2966 2965 0 2967 2966 0 2964 2963 0 2966 2965 0 2965 2964 0 2966 2965 0 2968 2967 0 2967 2966 0 2971 2970 0 2970 2969 0 2969 2968 0 2960 2959 0 2971 2970 0 2969 2968 0 2960 2959 0 2961 2960 0 2971 2970 0 2961 2960 0 2972 2971 0 2971 2970 0 2962 2961 0 2973 2972 0 2961 2960 0 2973 2972 0 2972 2971 0 2961 2960 0 2826 2825 0 2833 2832 0 2973 2972 0 2962 2961 0 2826 2825 0 2973 2972 0 2832 2831 0 2963 2962 0 2836 2835 0 2838 2837 0 2836 2835 0 2963 2962 0 2838 2837 0 2963 2962 0 2974 2973 0 2974 2973 0 2963 2962 0 2965 2964 0 2967 2966 0 2975 2974 0 2965 2964 0 2975 2974 0 2974 2973 0 2965 2964 0 2976 2975 0 2967 2966 0 2968 2967 0 2976 2975 0 2977 2976 0 2967 2966 0 2977 2976 0 2975 2974 0 2967 2966 0 2977 2976 0 2978 2977 0 2979 2978 0 2976 2975 0 2978 2977 0 2977 2976 0 2979 2978 0 2980 2979 0 2981 2980 0 2978 2977 0 2980 2979 0 2979 2978 0 2981 2980 0 2982 2981 0 2983 2982 0 2980 2979 0 2982 2981 0 2981 2980 0 2983 2982 0 2984 2983 0 2985 2984 0 2982 2981 0 2984 2983 0 2983 2982 0 2970 2969 0 2985 2984 0 2984 2983 0 2970 2969 0 2971 2970 0 2985 2984 0 2971 2970 0 2986 2985 0 2985 2984 0 2839 2838 0 2840 2839 0 2986 2985 0 2839 2838 0 2986 2985 0 2972 2971 0 2972 2971 0 2986 2985 0 2971 2970 0 2842 2841 0 2839 2838 0 2972 2971 0 2973 2972 0 2842 2841 0 2972 2971 0 2833 2832 0 2842 2841 0 2973 2972 0 2838 2837 0 2974 2973 0 2845 2844 0 2847 2846 0 2845 2844 0 2974 2973 0 2975 2974 0 2847 2846 0 2974 2973 0 2849 2848 0 2847 2846 0 2975 2974 0 2977 2976 0 2849 2848 0 2975 2974 0 2851 2850 0 2849 2848 0 2977 2976 0 2851 2850 0 2977 2976 0 2987 2986 0 2987 2986 0 2977 2976 0 2979 2978 0 2981 2980 0 2988 2987 0 2979 2978 0 2988 2987 0 2987 2986 0 2979 2978 0 2983 2982 0 2989 2988 0 2981 2980 0 2989 2988 0 2988 2987 0 2981 2980 0 2852 2851 0 2853 2852 0 2989 2988 0 2852 2851 0 2989 2988 0 2985 2984 0 2985 2984 0 2989 2988 0 2983 2982 0 2855 2854 0 2852 2851 0 2985 2984 0 2986 2985 0 2855 2854 0 2985 2984 0 2840 2839 0 2855 2854 0 2986 2985 0 2851 2850 0 2987 2986 0 2860 2859 0 2862 2861 0 2860 2859 0 2987 2986 0 2988 2987 0 2862 2861 0 2987 2986 0 2864 2863 0 2862 2861 0 2988 2987 0 2989 2988 0 2864 2863 0 2988 2987 0 2853 2852 0 2864 2863 0 2989 2988 0 2883 2882 0 2990 2989 0 2884 2883 0 2883 2882 0 2885 2884 0 2991 2990 0 2990 2989 0 2883 2882 0 2991 2990 0 2885 2884 0 2886 2885 0 2992 2991 0 2991 2990 0 2885 2884 0 2992 2991 0 2886 2885 0 2887 2886 0 2993 2992 0 2992 2991 0 2886 2885 0 2993 2992 0 2887 2886 0 2888 2887 0 2993 2992 0 2894 2893 0 2994 2993 0 2895 2894 0 2894 2893 0 2896 2895 0 2995 2994 0 2994 2993 0 2894 2893 0 2995 2994 0 2896 2895 0 2884 2883 0 2990 2989 0 2896 2895 0 2990 2989 0 2995 2994 0 2995 2994 0 2990 2989 0 2996 2995 0 2991 2990 0 2997 2996 0 2990 2989 0 2997 2996 0 2996 2995 0 2990 2989 0 2992 2991 0 2998 2997 0 2991 2990 0 2998 2997 0 2997 2996 0 2991 2990 0 2993 2992 0 2999 2998 0 2992 2991 0 2999 2998 0 2998 2997 0 2992 2991 0 2888 2887 0 2897 2896 0 3000 2999 0 2888 2887 0 3000 2999 0 2993 2992 0 2993 2992 0 3000 2999 0 2999 2998 0 2897 2896 0 2898 2897 0 3001 3000 0 3000 2999 0 2897 2896 0 3001 3000 0 2898 2897 0 2899 2898 0 3001 3000 0 2904 2903 0 3002 3001 0 2905 2904 0 2904 2903 0 2895 2894 0 2994 2993 0 2904 2903 0 2994 2993 0 3002 3001 0 3002 3001 0 2994 2993 0 3003 3002 0 2995 2994 0 3004 3003 0 2994 2993 0 3004 3003 0 3003 3002 0 2994 2993 0 2996 2995 0 3005 3004 0 2995 2994 0 3005 3004 0 3004 3003 0 2995 2994 0 2997 2996 0 3006 3005 0 2996 2995 0 3006 3005 0 3005 3004 0 2996 2995 0 2998 2997 0 3007 3006 0 2997 2996 0 3007 3006 0 3006 3005 0 2997 2996 0 2999 2998 0 3008 3007 0 2998 2997 0 3008 3007 0 3007 3006 0 2998 2997 0 3000 2999 0 3009 3008 0 2999 2998 0 3009 3008 0 3008 3007 0 2999 2998 0 3001 3000 0 3010 3009 0 3000 2999 0 3010 3009 0 3009 3008 0 3000 2999 0 2899 2898 0 2906 2905 0 3011 3010 0 2899 2898 0 3011 3010 0 3001 3000 0 3001 3000 0 3011 3010 0 3010 3009 0 2906 2905 0 2907 2906 0 3011 3010 0 3002 3001 0 3012 3011 0 2912 2911 0 2905 2904 0 3002 3001 0 2912 2911 0 3003 3002 0 3013 3012 0 3002 3001 0 3013 3012 0 3012 3011 0 3002 3001 0 3004 3003 0 3014 3013 0 3003 3002 0 3014 3013 0 3013 3012 0 3003 3002 0 3005 3004 0 3015 3014 0 3004 3003 0 3015 3014 0 3014 3013 0 3004 3003 0 3017 3016 0 3006 3005 0 3016 3015 0 3017 3016 0 3015 3014 0 3006 3005 0 3015 3014 0 3005 3004 0 3006 3005 0 3007 3006 0 3016 3015 0 3006 3005 0 3018 3017 0 3016 3015 0 3007 3006 0 3008 3007 0 3018 3017 0 3007 3006 0 3019 3018 0 3018 3017 0 3008 3007 0 3019 3018 0 3021 3020 0 3020 3019 0 3019 3018 0 3008 3007 0 3021 3020 0 3008 3007 0 3009 3008 0 3021 3020 0 3010 3009 0 3022 3021 0 3009 3008 0 3022 3021 0 3021 3020 0 3009 3008 0 3011 3010 0 3023 3022 0 3010 3009 0 3023 3022 0 3022 3021 0 3010 3009 0 2907 2906 0 2913 2912 0 3023 3022 0 3011 3010 0 2907 2906 0 3023 3022 0 2918 2917 0 3024 3023 0 2919 2918 0 2918 2917 0 2912 2911 0 3012 3011 0 2918 2917 0 3012 3011 0 3024 3023 0 3024 3023 0 3012 3011 0 3025 3024 0 3013 3012 0 3026 3025 0 3012 3011 0 3026 3025 0 3025 3024 0 3012 3011 0 3014 3013 0 3027 3026 0 3013 3012 0 3027 3026 0 3026 3025 0 3013 3012 0 3029 3028 0 3015 3014 0 3028 3027 0 3029 3028 0 3027 3026 0 3015 3014 0 3027 3026 0 3014 3013 0 3015 3014 0 3017 3016 0 3028 3027 0 3015 3014 0 3031 3030 0 3020 3019 0 3021 3020 0 3030 3029 0 3020 3019 0 3031 3030 0 3022 3021 0 3032 3031 0 3021 3020 0 3032 3031 0 3031 3030 0 3021 3020 0 3023 3022 0 3033 3032 0 3022 3021 0 3033 3032 0 3032 3031 0 3022 3021 0 2913 2912 0 2920 2919 0 3034 3033 0 2913 2912 0 3034 3033 0 3023 3022 0 3023 3022 0 3034 3033 0 3033 3032 0 2920 2919 0 2921 2920 0 3034 3033 0 3024 3023 0 3035 3034 0 2926 2925 0 2919 2918 0 3024 3023 0 2926 2925 0 3025 3024 0 3036 3035 0 3024 3023 0 3036 3035 0 3035 3034 0 3024 3023 0 3026 3025 0 3037 3036 0 3025 3024 0 3037 3036 0 3036 3035 0 3025 3024 0 3039 3038 0 3027 3026 0 3038 3037 0 3039 3038 0 3037 3036 0 3027 3026 0 3037 3036 0 3026 3025 0 3027 3026 0 3029 3028 0 3038 3037 0 3027 3026 0 3031 3030 0 3040 3039 0 3030 3029 0 3040 3039 0 3042 3041 0 3041 3040 0 3040 3039 0 3031 3030 0 3042 3041 0 3031 3030 0 3032 3031 0 3042 3041 0 3033 3032 0 3043 3042 0 3032 3031 0 3043 3042 0 3042 3041 0 3032 3031 0 3034 3033 0 3044 3043 0 3033 3032 0 3044 3043 0 3043 3042 0 3033 3032 0 2921 2920 0 2927 2926 0 3044 3043 0 3034 3033 0 2921 2920 0 3044 3043 0 3035 3034 0 3045 3044 0 2932 2931 0 2926 2925 0 3035 3034 0 2932 2931 0 3036 3035 0 3046 3045 0 3035 3034 0 3046 3045 0 3045 3044 0 3035 3034 0 3037 3036 0 3047 3046 0 3036 3035 0 3047 3046 0 3046 3045 0 3036 3035 0 3048 3047 0 3037 3036 0 3039 3038 0 3048 3047 0 3049 3048 0 3037 3036 0 3049 3048 0 3047 3046 0 3037 3036 0 3048 3047 0 3050 3049 0 3049 3048 0 3053 3052 0 3052 3051 0 3051 3050 0 3041 3040 0 3053 3052 0 3051 3050 0 3041 3040 0 3042 3041 0 3053 3052 0 3042 3041 0 3054 3053 0 3053 3052 0 3043 3042 0 3055 3054 0 3042 3041 0 3055 3054 0 3054 3053 0 3042 3041 0 3044 3043 0 3056 3055 0 3043 3042 0 3056 3055 0 3055 3054 0 3043 3042 0 2927 2926 0 2933 2932 0 3056 3055 0 3044 3043 0 2927 2926 0 3056 3055 0 3045 3044 0 3057 3056 0 2938 2937 0 2932 2931 0 3045 3044 0 2938 2937 0 3046 3045 0 3058 3057 0 3045 3044 0 3058 3057 0 3057 3056 0 3045 3044 0 3047 3046 0 3059 3058 0 3046 3045 0 3059 3058 0 3058 3057 0 3046 3045 0 3049 3048 0 3060 3059 0 3047 3046 0 3060 3059 0 3059 3058 0 3047 3046 0 3061 3060 0 3049 3048 0 3050 3049 0 3060 3059 0 3049 3048 0 3061 3060 0 3063 3062 0 3052 3051 0 3053 3052 0 3062 3061 0 3052 3051 0 3063 3062 0 3054 3053 0 3064 3063 0 3053 3052 0 3064 3063 0 3063 3062 0 3053 3052 0 3055 3054 0 3065 3064 0 3054 3053 0 3065 3064 0 3064 3063 0 3054 3053 0 3056 3055 0 3066 3065 0 3055 3054 0 3066 3065 0 3065 3064 0 3055 3054 0 2933 2932 0 2939 2938 0 3066 3065 0 3056 3055 0 2933 2932 0 3066 3065 0 2938 2937 0 3057 3056 0 2943 2942 0 2945 2944 0 2943 2942 0 3057 3056 0 2945 2944 0 3057 3056 0 3067 3066 0 3067 3066 0 3057 3056 0 3058 3057 0 3059 3058 0 3068 3067 0 3058 3057 0 3068 3067 0 3067 3066 0 3058 3057 0 3060 3059 0 3069 3068 0 3059 3058 0 3069 3068 0 3068 3067 0 3059 3058 0 3070 3069 0 3060 3059 0 3061 3060 0 3070 3069 0 3071 3070 0 3060 3059 0 3071 3070 0 3069 3068 0 3060 3059 0 3070 3069 0 3072 3071 0 3071 3070 0 3075 3074 0 3074 3073 0 3073 3072 0 3062 3061 0 3075 3074 0 3073 3072 0 3062 3061 0 3063 3062 0 3075 3074 0 3063 3062 0 3076 3075 0 3075 3074 0 3064 3063 0 3077 3076 0 3063 3062 0 3077 3076 0 3076 3075 0 3063 3062 0 3065 3064 0 3078 3077 0 3064 3063 0 3078 3077 0 3077 3076 0 3064 3063 0 3066 3065 0 3079 3078 0 3065 3064 0 3079 3078 0 3078 3077 0 3065 3064 0 2939 2938 0 2946 2945 0 3079 3078 0 3066 3065 0 2939 2938 0 3079 3078 0 3067 3066 0 3080 3079 0 2950 2949 0 2945 2944 0 3067 3066 0 2950 2949 0 3068 3067 0 3081 3080 0 3067 3066 0 3081 3080 0 3080 3079 0 3067 3066 0 3069 3068 0 3082 3081 0 3068 3067 0 3082 3081 0 3081 3080 0 3068 3067 0 3071 3070 0 3083 3082 0 3069 3068 0 3083 3082 0 3082 3081 0 3069 3068 0 3084 3083 0 3071 3070 0 3072 3071 0 3084 3083 0 3085 3084 0 3071 3070 0 3085 3084 0 3083 3082 0 3071 3070 0 3085 3084 0 3086 3085 0 3087 3086 0 3084 3083 0 3086 3085 0 3085 3084 0 3074 3073 0 3087 3086 0 3086 3085 0 3074 3073 0 3075 3074 0 3087 3086 0 3075 3074 0 3088 3087 0 3087 3086 0 3076 3075 0 3089 3088 0 3075 3074 0 3089 3088 0 3088 3087 0 3075 3074 0 3077 3076 0 3090 3089 0 3076 3075 0 3090 3089 0 3089 3088 0 3076 3075 0 3078 3077 0 3091 3090 0 3077 3076 0 3091 3090 0 3090 3089 0 3077 3076 0 2951 2950 0 2952 2951 0 3091 3090 0 2951 2950 0 3091 3090 0 3079 3078 0 3079 3078 0 3091 3090 0 3078 3077 0 2946 2945 0 2951 2950 0 3079 3078 0 2950 2949 0 3080 3079 0 2956 2955 0 2958 2957 0 2956 2955 0 3080 3079 0 2958 2957 0 3080 3079 0 3092 3091 0 3092 3091 0 3080 3079 0 3081 3080 0 3082 3081 0 3093 3092 0 3081 3080 0 3093 3092 0 3092 3091 0 3081 3080 0 3083 3082 0 3094 3093 0 3082 3081 0 3094 3093 0 3093 3092 0 3082 3081 0 3085 3084 0 3095 3094 0 3083 3082 0 3095 3094 0 3094 3093 0 3083 3082 0 3087 3086 0 3096 3095 0 3085 3084 0 3096 3095 0 3095 3094 0 3085 3084 0 3088 3087 0 3097 3096 0 3087 3086 0 3097 3096 0 3096 3095 0 3087 3086 0 3089 3088 0 3098 3097 0 3088 3087 0 3098 3097 0 3097 3096 0 3088 3087 0 3090 3089 0 3099 3098 0 3089 3088 0 3099 3098 0 3098 3097 0 3089 3088 0 2959 2958 0 2960 2959 0 3099 3098 0 2959 2958 0 3099 3098 0 3091 3090 0 3091 3090 0 3099 3098 0 3090 3089 0 2952 2951 0 2959 2958 0 3091 3090 0 2958 2957 0 3092 3091 0 2964 2963 0 2966 2965 0 2964 2963 0 3092 3091 0 3093 3092 0 2966 2965 0 3092 3091 0 2968 2967 0 2966 2965 0 3093 3092 0 2968 2967 0 3093 3092 0 3100 3099 0 3100 3099 0 3093 3092 0 3094 3093 0 3095 3094 0 3101 3100 0 3094 3093 0 3101 3100 0 3100 3099 0 3094 3093 0 3096 3095 0 3102 3101 0 3095 3094 0 3102 3101 0 3101 3100 0 3095 3094 0 3097 3096 0 3103 3102 0 3096 3095 0 3103 3102 0 3102 3101 0 3096 3095 0 3098 3097 0 3104 3103 0 3097 3096 0 3104 3103 0 3103 3102 0 3097 3096 0 2969 2968 0 2970 2969 0 3104 3103 0 2969 2968 0 3104 3103 0 3099 3098 0 3099 3098 0 3104 3103 0 3098 3097 0 2960 2959 0 2969 2968 0 3099 3098 0 2968 2967 0 3100 3099 0 2976 2975 0 2978 2977 0 2976 2975 0 3100 3099 0 3101 3100 0 2978 2977 0 3100 3099 0 2980 2979 0 2978 2977 0 3101 3100 0 3102 3101 0 2980 2979 0 3101 3100 0 2982 2981 0 2980 2979 0 3102 3101 0 3103 3102 0 2982 2981 0 3102 3101 0 2984 2983 0 2982 2981 0 3103 3102 0 3104 3103 0 2984 2983 0 3103 3102 0 2970 2969 0 2984 2983 0 3104 3103 0 3016 3015 0 3105 3104 0 3017 3016 0 3016 3015 0 3018 3017 0 3106 3105 0 3105 3104 0 3016 3015 0 3106 3105 0 3018 3017 0 3019 3018 0 3107 3106 0 3106 3105 0 3018 3017 0 3107 3106 0 3019 3018 0 3020 3019 0 3107 3106 0 3028 3027 0 3108 3107 0 3029 3028 0 3028 3027 0 3017 3016 0 3105 3104 0 3028 3027 0 3105 3104 0 3108 3107 0 3108 3107 0 3105 3104 0 3109 3108 0 3106 3105 0 3110 3109 0 3105 3104 0 3110 3109 0 3109 3108 0 3105 3104 0 3107 3106 0 3111 3110 0 3106 3105 0 3111 3110 0 3110 3109 0 3106 3105 0 3020 3019 0 3030 3029 0 3111 3110 0 3107 3106 0 3020 3019 0 3111 3110 0 3038 3037 0 3112 3111 0 3039 3038 0 3038 3037 0 3029 3028 0 3108 3107 0 3038 3037 0 3108 3107 0 3112 3111 0 3112 3111 0 3108 3107 0 3113 3112 0 3109 3108 0 3114 3113 0 3108 3107 0 3114 3113 0 3113 3112 0 3108 3107 0 3110 3109 0 3115 3114 0 3109 3108 0 3115 3114 0 3114 3113 0 3109 3108 0 3111 3110 0 3116 3115 0 3110 3109 0 3116 3115 0 3115 3114 0 3110 3109 0 3030 3029 0 3040 3039 0 3117 3116 0 3030 3029 0 3117 3116 0 3111 3110 0 3111 3110 0 3117 3116 0 3116 3115 0 3040 3039 0 3041 3040 0 3117 3116 0 3039 3038 0 3112 3111 0 3048 3047 0 3050 3049 0 3048 3047 0 3112 3111 0 3050 3049 0 3112 3111 0 3118 3117 0 3118 3117 0 3112 3111 0 3113 3112 0 3114 3113 0 3119 3118 0 3113 3112 0 3119 3118 0 3118 3117 0 3113 3112 0 3115 3114 0 3120 3119 0 3114 3113 0 3120 3119 0 3119 3118 0 3114 3113 0 3116 3115 0 3121 3120 0 3115 3114 0 3121 3120 0 3120 3119 0 3115 3114 0 3051 3050 0 3052 3051 0 3121 3120 0 3051 3050 0 3121 3120 0 3117 3116 0 3117 3116 0 3121 3120 0 3116 3115 0 3041 3040 0 3051 3050 0 3117 3116 0 3118 3117 0 3122 3121 0 3061 3060 0 3050 3049 0 3118 3117 0 3061 3060 0 3119 3118 0 3123 3122 0 3118 3117 0 3123 3122 0 3122 3121 0 3118 3117 0 3120 3119 0 3124 3123 0 3119 3118 0 3124 3123 0 3123 3122 0 3119 3118 0 3121 3120 0 3125 3124 0 3120 3119 0 3125 3124 0 3124 3123 0 3120 3119 0 3052 3051 0 3062 3061 0 3125 3124 0 3121 3120 0 3052 3051 0 3125 3124 0 3061 3060 0 3122 3121 0 3070 3069 0 3072 3071 0 3070 3069 0 3122 3121 0 3072 3071 0 3122 3121 0 3126 3125 0 3126 3125 0 3122 3121 0 3123 3122 0 3124 3123 0 3127 3126 0 3123 3122 0 3127 3126 0 3126 3125 0 3123 3122 0 3073 3072 0 3074 3073 0 3127 3126 0 3073 3072 0 3127 3126 0 3125 3124 0 3125 3124 0 3127 3126 0 3124 3123 0 3062 3061 0 3073 3072 0 3125 3124 0 3072 3071 0 3126 3125 0 3084 3083 0 3086 3085 0 3084 3083 0 3126 3125 0 3127 3126 0 3086 3085 0 3126 3125 0 3074 3073 0 3086 3085 0 3127 3126 0 3128 3127 0 3129 3127 0 3130 3127 0</p>
        </polylist>
      </mesh>
    </geometry>

    <geometry id="floor-mesh" name="floor">
      <mesh>
        <source id="floor-mesh-positions">
          <float_array id="floor-mesh-positions-array" count="12">4 0 -4 4 0 4 -4 0 4 -4 0 -4</float_array>
          <technique_common>
            <accessor source="#floor-mesh-positions-array" count="4" stride="3">
              <param name="X" type="float"/>
              <param name="Y" type="float"/>
              <param name="Z" type="float"/>
            </accessor>
          </technique_common>
        </source>
        <source id="floor-mesh-normals">
          <float_array id="floor-mesh-normals-array" count="6">0 1 0 0 1 0</float_array>
          <technique_common>
            <accessor source="#floor-mesh-normals-array" count="2" stride="3">
              <param name="X" type="float"/>
              <param name="Y" type="float"/>
              <param name="Z" type="float"/>
            </accessor>
          </technique_common>
        </source>
        <source id="floor-mesh-map-0">
          <float_array id="floor-mesh-map-0-array" count="12">0 1 0 1 0 1 0 1 0 1 0 1</float_array>
          <technique_common>
            <accessor source="#floor-mesh-map-0-array" count="6" stride="2">
              <param name="S" type="float"/>
              <param name="T" type="float"/>
            </accessor>
          </technique_common>
        </source>
        <vertices id="floor-mesh-vertices">
          <input semantic="POSITION" source="#floor-mesh-positions"/>
        </vertices>
        <polylist material="floor-material" count="2">
          <input semantic="VERTEX" source="#floor-mesh-vertices" offset="0"/>
          <input semantic="NORMAL" source="#floor-mesh-normals" offset="1"/>
          <input semantic="TEXCOORD" source="#floor-mesh-map-0" offset="2" set="0"/>
          <vcount>3 3 </vcount>
          <p>0 0 0 1 0 1 2 0 2 3 1 3 0 1 4 2 1 5</p>
        </polylist>
      </mesh>
    </geometry>
  </library_geometries>

  <library_visual_scenes>
    <visual_scene id="Scene" name="Scene">
      <node id="Camera" name="Camera" type="NODE">
        <matrix sid="transform">1 0 0 0 0 1 0 1 0 0 1 2.732 0 0 0 1</matrix>
        <instance_camera url="#Camera-camera"/>
      </node>

      <node id="Area" name="Area" type="NODE">
        <matrix sid="transform">0.3 0 0 2 0 0.3 0 3 0 0 0.3 2 0 0 0 1</matrix>
        <instance_light url="#Area-light"/>
      </node>

      <node id="Slime" name="Slime" type="NODE">
        <matrix sid="transform">1 0 0 0 0 1 0 0 0 0 1 0 0 0 0 1</matrix>
        <instance_geometry url="#Slime-data">
          <bind_material>
            <technique_common>
              <instance_material symbol="slime-material" target="#slime-material"/>
            </technique_common>
          </bind_material>
        </instance_geometry>
      </node>
    </visual_scene>
  </library_visual_scenes>

  <scene>
    <instance_visual_scene url="#Scene"/>
  </scene>
</COLLADA>
