<?xml version="1.0" encoding="utf-8"?>
<COLLADA xmlns="http://www.collada.org/2005/11/COLLADASchema" version="1.4.1">
  <asset>
    <contributor><author>Slimelight</author></contributor>
    <created>2026-04-20T00:00:00</created>
    <modified>2026-04-20T00:00:00</modified>
    <unit name="meter" meter="1"/>
    <up_axis>Y_UP</up_axis>
  </asset>

  <library_lights>
    <light id="Area-light" name="Light">
      <technique_common>
        <point>
          <color sid="color">0 0 0</color>
          <constant_attenuation>1</constant_attenuation>
          <linear_attenuation>0</linear_attenuation>
          <quadratic_attenuation>0.001599967</quadratic_attenuation>
        </point>
      </technique_common>
      <extra>
        <technique profile="CGL">
          <area>
            <color sid="color">0 0 0</color>
          </area>
        </technique>
      </extra>
    </light>
  </library_lights>

  <library_cameras>
    <camera id="Camera-camera" name="Camera">
      <optics>
        <technique_common>
          <perspective>
            <xfov sid="xfov">42.0</xfov>
            <aspect_ratio>1.333333</aspect_ratio>
            <znear sid="znear">0.1</znear>
            <zfar sid="zfar">100</zfar>
          </perspective>
        </technique_common>
      </optics>
    </camera>
  </library_cameras>

  <library_images/>

  <library_effects>
    <effect id="slime-effect">
      <profile_COMMON>
        <technique sid="common">
          <phong>
            <emission><color sid="emission">0 0 0 1</color></emission>
            <ambient><color sid="ambient">0 0 0 1</color></ambient>
            <diffuse><color sid="diffuse">0.5 0.3 0.7 1</color></diffuse>
            <specular><color sid="specular">0.5 0.5 0.5 1</color></specular>
            <shininess><float sid="shininess">50</float></shininess>
            <index_of_refraction><float sid="ior">1.4</float></index_of_refraction>
          </phong>
        </technique>
      </profile_COMMON>
      <extra>
        <technique profile="CGL">
          <glass>
            <reflectance>1 1 1</reflectance>
            <transmittance>1 1 1</transmittance>
            <roughness>0</roughness>
            <ior>1.2</ior>
            <dispersion>0.005</dispersion>
            <sigma_a>0.5 0.05 0.5</sigma_a>
            <sigma_s>0.05 0.05 0.05</sigma_s>
            <phase_g>0.0</phase_g>
          </glass>
        </technique>
      </extra>
    </effect>

    <effect id="floor-effect">
      <profile_COMMON>
        <technique sid="common">
          <phong>
            <emission><color sid="emission">0 0 0 1</color></emission>
            <ambient><color sid="ambient">0 0 0 1</color></ambient>
            <diffuse><color sid="diffuse">0.7 0.7 0.7 1</color></diffuse>
            <specular><color sid="specular">0 0 0 1</color></specular>
            <shininess><float sid="shininess">1</float></shininess>
            <index_of_refraction><float sid="ior">1</float></index_of_refraction>
          </phong>
        </technique>
      </profile_COMMON>
    </effect>
  </library_effects>

  <library_materials>
    <material id="slime-material" name="slime">
      <instance_effect url="#slime-effect"/>
    </material>
    <material id="floor-material" name="floor">
      <instance_effect url="#floor-effect"/>
    </material>
  </library_materials>

  <library_geometries>
    <geometry id="Slime-data" name="Slime">
      <mesh>
        <source id="Slime-positions">
          <float_array id="Slime-positions-array" count="9321">-0.026504 2.284921 0.859591 -0.055073 2.248740 0.816945 0.018011 2.239661 0.803619 0.059449 2.278869 0.853746 0.098491 2.245741 0.811598 0.119473 2.275055 0.848186 -0.232093 2.242498 0.777232 -0.274851 2.239789 0.756920 -0.208631 2.217122 0.733852 -0.185129 2.243758 0.789161 -0.130812 2.215144 0.747500 -0.114420 2.243603 0.802512 -0.048483 2.216790 0.761049 0.025194 2.207648 0.745877 0.087187 2.215116 0.757563 0.151804 2.256061 0.821522 0.167076 2.227653 0.769681 0.210292 2.260024 0.813302 0.254279 2.235602 0.761842 0.289139 2.276291 0.812311 0.327751 2.246078 0.757377 0.347779 2.271125 0.789419 -0.385309 2.236951 0.707089 -0.427673 2.237279 0.680307 -0.361688 2.213332 0.660411 -0.340263 2.237081 0.726700 -0.275031 2.208163 0.686141 -0.203745 2.193388 0.672636 -0.144512 2.192640 0.686227 -0.071401 2.191419 0.694802 0.003610 2.189732 0.696836 0.076153 2.190503 0.697758 0.150711 2.196630 0.702436 0.230655 2.205180 0.703783 0.311278 2.216350 0.702497 0.379345 2.259746 0.760344 0.393456 2.235509 0.706639 0.439736 2.274691 0.750419 0.472832 2.249565 0.691565 0.493630 2.273823 0.721674 -0.482374 2.237628 0.645847 -0.506894 2.225079 0.597676 -0.434010 2.207680 0.597324 -0.357386 2.191372 0.592630 -0.296425 2.188285 0.612016 -0.224738 2.182107 0.619966 -0.155202 2.176876 0.623526 -0.084841 2.174586 0.629348 -0.011155 2.173247 0.633003 0.063438 2.173288 0.634704 0.138750 2.175974 0.636302 0.216126 2.181687 0.637622 0.295439 2.190448 0.637736 0.375732 2.203475 0.637689 0.455923 2.220680 0.635733 0.522793 2.266485 0.690222 0.535677 2.245765 0.636391 0.577900 2.287527 0.677032 0.607684 2.266954 0.619067 0.626224 2.293181 0.646489 -0.551974 2.230304 0.572637 -0.576376 2.222818 0.526150 -0.507529 2.203374 0.524251 -0.433186 2.186833 0.519956 -0.375066 2.181391 0.535810 -0.307758 2.174943 0.544530 -0.238515 2.170374 0.552980 -0.166887 2.166209 0.557969 -0.094532 2.163214 0.561526 -0.020892 2.161526 0.564439 0.054030 2.161027 0.566252 0.129799 2.162165 0.567339 0.206576 2.165517 0.568071 0.284570 2.171580 0.568362 0.363486 2.181104 0.568269 0.442606 2.195004 0.567862 0.520719 2.214367 0.567623 0.594327 2.238279 0.566414 0.658611 2.292607 0.613480 0.651999 2.264092 0.569521 0.688385 2.288040 0.574553 -0.620409 2.231924 0.501391 -0.640612 2.226188 0.456759 -0.576983 2.204297 0.453393 -0.506924 2.185753 0.446315 -0.450774 2.178796 0.461346 -0.385362 2.171281 0.469178 -0.318134 2.165955 0.477174 -0.247780 2.161634 0.483287 -0.175500 2.158222 0.487829 -0.101930 2.155556 0.490848 -0.027472 2.153761 0.492961 0.047821 2.152918 0.494412 0.123822 2.153220 0.495301 0.200457 2.155067 0.495816 0.277760 2.159007 0.496076 0.355651 2.165789 0.496170 0.433768 2.176425 0.496289 0.511398 2.192129 0.496848 0.587434 2.214073 0.498556 0.662452 2.244681 0.504092 0.697538 2.273525 0.536477 -0.669434 2.232317 0.434784 -0.704009 2.238879 0.390772 -0.637058 2.209967 0.392290 -0.577468 2.189137 0.375789 -0.524113 2.179869 0.387863 -0.460787 2.170681 0.394200 -0.395026 2.164232 0.401457 -0.325903 2.159215 0.407186 -0.254550 2.155455 0.411851 -0.181404 2.152570 0.415323 -0.107041 2.150366 0.417743 -0.031863 2.148777 0.419355 0.043908 2.147853 0.420423 0.120156 2.147731 0.421105 0.196796 2.148690 0.421515 0.273779 2.151190 0.421768 0.351027 2.155924 0.421985 0.428329 2.163866 0.422367 0.505255 2.176272 0.423295 0.581111 2.194532 0.425411 0.654651 2.219802 0.429726 0.730047 2.276504 0.490530 0.717368 2.248996 0.436525 0.759745 2.275766 0.440509 -0.727052 2.230687 0.317776 -0.668843 2.205838 0.306565 -0.598710 2.186441 0.316261 -0.535057 2.173648 0.320179 -0.470417 2.165164 0.326125 -0.402390 2.158878 0.331141 -0.331894 2.154360 0.335444 -0.259379 2.151078 0.338813 -0.185395 2.148683 0.341339 -0.110367 2.146912 0.343119 -0.034645 2.145625 0.344307 0.041535 2.144802 0.345077 0.118030 2.144531 0.345573 0.194744 2.145019 0.345900 0.271593 2.146635 0.346155 0.348469 2.149971 0.346457 0.425181 2.155897 0.346997 0.501396 2.165585 0.348099 0.576625 2.180441 0.350292 0.650501 2.202015 0.354281 0.725648 2.233095 0.360818 0.765491 2.262174 0.395043 -0.753342 2.237880 0.291801 -0.780641 2.248208 0.251473 -0.719861 2.215486 0.247797 -0.661974 2.192164 0.228683 -0.610240 2.180906 0.243118 -0.545551 2.169400 0.250387 -0.478040 2.160912 0.255117 -0.408251 2.154981 0.259042 -0.336340 2.150847 0.262156 -0.262795 2.147998 0.264556 -0.188047 2.146023 0.266319 -0.112464 2.144631 0.267557 -0.036329 2.143644 0.268385 0.040154 2.142996 0.268922 0.116844 2.142734 0.269277 0.193636 2.143021 0.269539 0.270430 2.144157 0.269798 0.347088 2.146633 0.270173 0.423391 2.151191 0.270842 0.498992 2.158860 0.272089 0.573399 2.170923 0.274343 0.645865 2.188685 0.278225 0.714689 2.212763 0.284176 0.793240 2.265554 0.342400 0.775152 2.240975 0.287795 0.817562 2.267446 0.287682 -0.798936 2.247223 0.181723 -0.744983 2.216691 0.162621 -0.678780 2.191973 0.168598 -0.616875 2.176207 0.171491 -0.552615 2.165616 0.177605 -0.483937 2.157687 0.182117 -0.412677 2.152100 0.185316 -0.339599 2.148323 0.187662 -0.265173 2.145829 0.189364 -0.189792 2.144198 0.190571 -0.113764 2.143120 0.191401 -0.037320 2.142393 0.191954 0.039371 2.141932 0.192320 0.116186 2.141760 0.192577 0.193023 2.142009 0.192801 0.269772 2.142937 0.193077 0.346273 2.144961 0.193522 0.422273 2.148706 0.194325 0.497377 2.155046 0.195766 0.571041 2.165104 0.198206 0.642712 2.180207 0.202064 0.711517 2.201492 0.208371 0.771461 2.227475 0.220714 0.818083 2.256792 0.236540 -0.830783 2.268166 0.160004 -0.845863 2.275542 0.099517 -0.791123 2.235303 0.105692 -0.736193 2.205580 0.082650 -0.687045 2.189402 0.094792 -0.624359 2.174010 0.100246 -0.557791 2.162936 0.104233 -0.488116 2.155272 0.107803 -0.415874 2.150011 0.110435 -0.341911 2.146533 0.112254 -0.266801 2.144322 0.113489 -0.190929 2.142956 0.114317 -0.114566 2.142120 0.114867 -0.037905 2.141608 0.115231 0.038918 2.141323 0.115483 0.115795 2.141277 0.115687 0.192628 2.141590 0.115907 0.269297 2.142494 0.116221 0.345630 2.144360 0.116750 0.421358 2.147733 0.117688 0.496054 2.153358 0.119349 0.569055 2.162162 0.122167 0.639550 2.175235 0.126443 0.707769 2.194221 0.131810 0.777377 2.222043 0.139478 0.820857 2.248170 0.174779 -0.859888 2.281856 0.020578 -0.808105 2.241774 0.025389 -0.751116 2.210378 0.023603 -0.692104 2.188161 0.022751 -0.629567 2.172764 0.026812 -0.561960 2.161514 0.030181 -0.491161 2.153771 0.032825 -0.418110 2.148640 0.034839 -0.343502 2.145353 0.036234 -0.267895 2.143336 0.037145 -0.191669 2.142155 0.037726 -0.115072 2.141496 0.038096 -0.038269 2.141154 0.038344 0.038624 2.141030 0.038537 0.115508 2.141135 0.038731 0.192281 2.141581 0.038985 0.268812 2.142593 0.039376 0.344916 2.144516 0.040019 0.420314 2.147847 0.041104 0.494600 2.153259 0.042944 0.567155 2.161569 0.046077 0.636837 2.173545 0.051297 0.701554 2.189666 0.058688 0.763505 2.212459 0.062763 0.830516 2.248409 0.120997 0.821490 2.242392 0.066238 0.864990 2.274555 0.088640 -0.869863 2.289609 -0.062919 -0.820421 2.248451 -0.050240 -0.762823 2.215916 -0.050095 -0.699767 2.190923 -0.048821 -0.634034 2.173378 -0.046955 -0.565185 2.161358 -0.044604 -0.493463 2.153265 -0.042644 -0.419707 2.148019 -0.041176 -0.344596 2.144755 -0.040152 -0.268632 2.142819 -0.039486 -0.192165 2.141741 -0.039071 -0.115418 2.141198 -0.038810 -0.038538 2.140988 -0.038622 0.038372 2.141017 -0.038445 0.115213 2.141296 -0.038219 0.191870 2.141937 -0.037880 0.268191 2.143160 -0.037354 0.343970 2.145304 -0.036538 0.418918 2.148842 -0.035254 0.492629 2.154393 -0.033224 0.564653 2.162770 -0.030047 0.634415 2.174845 -0.024724 0.699959 2.190818 -0.014933 0.750444 2.207004 0.002063 0.809429 2.236489 -0.013265 0.868879 2.278488 0.007814 -0.830002 2.254717 -0.107582 -0.816560 2.249209 -0.165896 -0.775603 2.224465 -0.129753 -0.706607 2.195790 -0.124370 -0.638345 2.176173 -0.121691 -0.567924 2.162771 -0.119880 -0.495282 2.153902 -0.118478 -0.420913 2.148244 -0.117447 -0.345392 2.144790 -0.116733 -0.269165 2.142791 -0.116264 -0.192541 2.141722 -0.115965 -0.115716 2.141237 -0.115765 -0.038817 2.141131 -0.115599 0.038060 2.141315 -0.115403 0.114811 2.141800 -0.115105 0.191299 2.142699 -0.114625 0.267331 2.144226 -0.113880 0.342665 2.146721 -0.112787 0.417011 2.150658 -0.111215 0.489969 2.156626 -0.108898 0.560946 2.165301 -0.105482 0.629916 2.177810 -0.101008 0.697755 2.195494 -0.093537 0.766739 2.219498 -0.075841 0.854491 2.268109 -0.059188 0.823588 2.248439 -0.085802 -0.808269 2.250978 -0.228354 -0.766862 2.225513 -0.212188 -0.709331 2.201428 -0.201595 -0.641529 2.180843 -0.197508 -0.570266 2.165968 -0.195586 -0.496848 2.155935 -0.194511 -0.421942 2.149513 -0.193828 -0.346075 2.145602 -0.193374 -0.269645 2.143355 -0.193066 -0.192924 2.142179 -0.192851 -0.116080 2.141688 -0.192680 -0.039221 2.141663 -0.192504 0.037564 2.142012 -0.192261 0.114171 2.142750 -0.191863 0.190441 2.143984 -0.191194 0.266125 2.145915 -0.190128 0.340899 2.148865 -0.188589 0.414433 2.153318 -0.186546 0.486455 2.159933 -0.183897 0.556479 2.169331 -0.180078 0.622818 2.181705 -0.174398 0.687889 2.199787 -0.171482 0.754958 2.225348 -0.165586 0.814704 2.252754 -0.149426 -0.801581 2.252787 -0.269901 -0.767836 2.234093 -0.274669 -0.710677 2.209604 -0.275506 -0.643732 2.187834 -0.272793 -0.572267 2.171290 -0.271187 -0.498372 2.159747 -0.270436 -0.423033 2.152178 -0.270087 -0.346858 2.147483 -0.269890 -0.270252 2.144747 -0.269738 -0.193470 2.143303 -0.269590 -0.116660 2.142718 -0.269424 -0.039910 2.142742 -0.269210 0.036704 2.143272 -0.268893 0.113087 2.144318 -0.268375 0.189081 2.145986 -0.267499 0.264400 2.148454 -0.266052 0.338586 2.151981 -0.263862 0.411137 2.157009 -0.260996 0.481726 2.164233 -0.257667 0.550665 2.174721 -0.254054 0.617817 2.188957 -0.248010 0.672071 2.202267 -0.233738 0.736687 2.231156 -0.253036 0.811890 2.270002 -0.241465 -0.787741 2.256144 -0.316914 -0.756339 2.251431 -0.379431 -0.719615 2.225871 -0.347094 -0.646726 2.198573 -0.346341 -0.574452 2.179436 -0.345776 -0.500217 2.165921 -0.345666 -0.424542 2.156796 -0.345807 -0.348069 2.150941 -0.345966 -0.271265 2.147403 -0.346025 -0.194417 2.145464 -0.345959 -0.117676 2.144642 -0.345781 -0.041112 2.144651 -0.345496 0.035226 2.145364 -0.345072 0.111263 2.146774 -0.344411 0.186864 2.148981 -0.343339 0.261791 2.152158 -0.341569 0.335546 2.156488 -0.338690 0.407210 2.162184 -0.334492 0.476167 2.169922 -0.329764 0.541984 2.180557 -0.324953 0.608358 2.197135 -0.323310 0.683951 2.222143 -0.315495 0.782498 2.265113 -0.304019 0.746947 2.252331 -0.329647 -0.742404 2.254398 -0.418728 -0.708503 2.237069 -0.419191 -0.648422 2.212560 -0.418157 -0.577107 2.191003 -0.418569 -0.502912 2.175172 -0.419381 -0.427045 2.164122 -0.420307 -0.350252 2.156726 -0.421064 -0.273148 2.152022 -0.421493 -0.196146 2.149277 -0.421578 -0.119456 2.147989 -0.421388 -0.043142 2.147850 -0.420993 0.032790 2.148702 -0.420413 0.108320 2.150510 -0.419583 0.183341 2.153337 -0.418305 0.257687 2.157366 -0.416324 0.331134 2.162822 -0.413138 0.402796 2.169680 -0.407739 0.470145 2.177673 -0.399755 0.534311 2.188916 -0.393907 0.588690 2.200900 -0.383758 0.653836 2.229478 -0.405996 0.735558 2.271522 -0.405404 -0.723360 2.262038 -0.463483 -0.679656 2.255421 -0.517358 -0.652631 2.231881 -0.487191 -0.580605 2.206482 -0.488780 -0.507043 2.188165 -0.490543 -0.431362 2.175020 -0.492591 -0.354268 2.165798 -0.494349 -0.276660 2.159569 -0.495468 -0.199254 2.155642 -0.495873 -0.122468 2.153551 -0.495690 -0.046402 2.153018 -0.495135 0.028998 2.153869 -0.494317 0.103810 2.156044 -0.493263 0.178079 2.159569 -0.491819 0.251515 2.164466 -0.489523 0.324114 2.171165 -0.486442 0.396308 2.179960 -0.481524 0.466540 2.189992 -0.471455 0.522573 2.197492 -0.453212 0.593740 2.220239 -0.463736 0.695146 2.265389 -0.463763 0.654873 2.246730 -0.476560 -0.638322 2.242833 -0.543189 -0.611488 2.245870 -0.581610 -0.584148 2.225528 -0.556001 -0.512979 2.205246 -0.557768 -0.438545 2.190292 -0.561244 -0.361366 2.179223 -0.564661 -0.282965 2.171206 -0.567001 -0.204637 2.165740 -0.568102 -0.127318 2.162397 -0.567972 -0.051361 2.161057 -0.567134 0.023472 2.161651 -0.566000 0.097319 2.163987 -0.564497 0.170477 2.168197 -0.562950 0.243282 2.174253 -0.560768 0.313921 2.181493 -0.556277 0.384452 2.192326 -0.553846 0.458084 2.206206 -0.547712 0.537505 2.222225 -0.529487 0.637383 2.250758 -0.515812 0.602426 2.245320 -0.538629 -0.572515 2.239337 -0.606687 -0.547258 2.246717 -0.642671 -0.520190 2.226227 -0.619002 -0.449903 2.210387 -0.623835 -0.373238 2.198180 -0.630700 -0.293712 2.188105 -0.634772 -0.213659 2.180956 -0.637451 -0.134715 2.175918 -0.637640 -0.058370 2.173070 -0.636042 0.015765 2.172907 -0.634359 0.088914 2.175308 -0.632654 0.160032 2.179410 -0.629572 0.231408 2.187072 -0.629158 0.304593 2.196661 -0.625748 0.365097 2.202858 -0.611622 0.437964 2.225813 -0.629082 0.513739 2.241064 -0.609942 0.590415 2.272241 -0.609161 -0.511017 2.242808 -0.663926 -0.489357 2.249326 -0.689275 -0.467539 2.232897 -0.671116 -0.392643 2.225376 -0.693591 -0.310591 2.210848 -0.696525 -0.228624 2.202626 -0.702803 -0.145747 2.195895 -0.704838 -0.067036 2.190629 -0.701668 0.005896 2.188253 -0.697394 0.077270 2.190630 -0.696502 0.150475 2.195820 -0.694268 0.211931 2.198874 -0.682955 0.287944 2.218273 -0.701628 0.375164 2.229754 -0.683304 0.499760 2.260100 -0.672326 0.455911 2.265155 -0.709766 0.546524 2.274227 -0.659182 -0.447915 2.259928 -0.725872 -0.379101 2.248031 -0.746392 -0.347037 2.254637 -0.772152 -0.329266 2.236621 -0.747265 -0.255088 2.230350 -0.758648 -0.162347 2.225517 -0.773063 -0.077521 2.215308 -0.764507 -0.001117 2.210438 -0.757253 0.059487 2.206529 -0.745802 0.133620 2.219413 -0.761409 0.221389 2.225588 -0.749170 0.354588 2.250917 -0.747130 0.304682 2.255754 -0.777481 0.407445 2.265184 -0.741807 -0.299951 2.267644 -0.803783 -0.208890 2.256157 -0.815764 -0.143905 2.253609 -0.828444 -0.104383 2.272674 -0.858679 -0.087348 2.245224 -0.820832 -0.010726 2.241288 -0.815451 0.074085 2.237170 -0.804203 0.197234 2.249609 -0.805353 0.145074 2.248942 -0.816479 0.253124 2.258806 -0.803118 -0.033142 2.281549 -0.870190 0.052908 2.276051 -0.860357 0.130161 2.277420 -0.853971 -0.294660 2.334038 0.857195 -0.322206 2.299818 0.822423 -0.252336 2.278528 0.816164 -0.206266 2.338266 0.879854 -0.161211 2.280279 0.838912 -0.104789 2.320316 0.884101 -0.094191 2.272791 0.843387 -0.031272 2.331342 0.900860 0.034544 2.322901 0.894839 0.123347 2.322537 0.888701 0.173226 2.286860 0.852629 0.207306 2.329280 0.881382 0.236628 2.295317 0.848136 0.270822 2.332304 0.869152 0.276880 2.303325 0.846294 0.315279 2.319622 0.846692 -0.414394 2.302996 0.788394 -0.457108 2.307278 0.768385 -0.403559 2.268179 0.748300 -0.374635 2.300080 0.803172 -0.329558 2.268425 0.782209 0.354842 2.301476 0.818424 0.393671 2.286261 0.788762 0.416998 2.328110 0.815856 0.427897 2.298570 0.786502 0.462844 2.315433 0.783335 -0.559828 2.321860 0.723481 -0.593314 2.324253 0.699024 -0.554124 2.295266 0.693875 -0.520629 2.316056 0.740937 -0.486253 2.271907 0.704714 0.499275 2.301883 0.750711 0.535319 2.291936 0.717744 0.552655 2.332698 0.744304 0.565186 2.306799 0.713508 0.593232 2.326105 0.709069 -0.625342 2.324335 0.672398 -0.655336 2.325186 0.641611 -0.608658 2.294133 0.644563 -0.545237 2.256247 0.635026 0.635099 2.327369 0.673855 0.649060 2.306611 0.643856 0.673110 2.324662 0.637482 -0.686224 2.324233 0.606077 -0.717642 2.321368 0.556781 -0.662529 2.294738 0.586733 -0.609629 2.253989 0.567774 0.708678 2.325633 0.597637 0.720633 2.299167 0.552843 0.742787 2.326877 0.558842 -0.742149 2.300930 0.491200 -0.682459 2.262338 0.492861 0.726425 2.287012 0.525530 0.752805 2.310143 0.521204 -0.769156 2.307618 0.463424 -0.795714 2.314114 0.421597 -0.747485 2.279518 0.435423 0.785882 2.315319 0.468885 0.792919 2.289471 0.412564 0.818198 2.320176 0.419445 -0.817794 2.306462 0.358509 -0.771815 2.266044 0.346596 0.795297 2.277017 0.380240 0.822702 2.301420 0.372928 -0.845455 2.327288 0.333770 -0.860319 2.326550 0.274919 -0.821091 2.290204 0.299007 0.838722 2.295874 0.317000 0.852725 2.291765 0.259100 0.876121 2.333041 0.296832 -0.871317 2.315468 0.184913 -0.830491 2.280217 0.225807 0.858288 2.282033 0.195722 0.894282 2.331111 0.225963 -0.895674 2.327046 0.098007 0.856084 2.269929 0.143022 0.893734 2.311258 0.141633 -0.902320 2.326172 0.011596 0.904458 2.314924 0.060657 -0.909168 2.334898 -0.052113 0.912090 2.322339 -0.004280 -0.893946 2.325350 -0.133193 -0.854527 2.276847 -0.131360 0.860241 2.280473 -0.123140 0.897920 2.312033 -0.073345 -0.874015 2.315826 -0.214547 -0.849295 2.280309 -0.188794 0.856230 2.290430 -0.195014 0.899906 2.329184 -0.165927 -0.870029 2.335568 -0.283811 -0.833446 2.280857 -0.260912 0.853982 2.298979 -0.241623 0.882461 2.328604 -0.238175 -0.826508 2.293123 -0.325223 -0.814380 2.300595 -0.378672 -0.794069 2.273234 -0.362468 0.784024 2.285141 -0.363169 0.856078 2.318106 -0.284877 0.820979 2.300637 -0.325258 -0.801417 2.305431 -0.416269 -0.774714 2.277363 -0.412365 0.782884 2.301745 -0.406040 0.821187 2.335183 -0.399560 -0.777360 2.311618 -0.466772 -0.749653 2.319931 -0.532907 -0.718074 2.284525 -0.520351 0.682415 2.280595 -0.525840 0.781580 2.325043 -0.449925 0.737247 2.311195 -0.497579 -0.736068 2.326557 -0.566100 -0.709120 2.304077 -0.568720 -0.661002 2.269233 -0.569218 0.641873 2.273601 -0.566064 0.679277 2.306934 -0.585412 0.715200 2.326384 -0.564408 -0.717282 2.334661 -0.599283 -0.688372 2.331301 -0.630656 -0.664655 2.304325 -0.619455 -0.600279 2.266333 -0.626977 0.646110 2.300120 -0.610779 0.701143 2.336441 -0.603875 0.676274 2.337226 -0.630859 -0.660539 2.337152 -0.662181 -0.621433 2.332095 -0.691819 -0.609661 2.305130 -0.670653 -0.534225 2.272863 -0.688396 0.500198 2.277711 -0.708844 0.532804 2.290517 -0.702745 0.632447 2.321141 -0.652672 0.586198 2.318276 -0.690076 -0.574228 2.333380 -0.725509 -0.496753 2.301113 -0.747566 -0.470678 2.315553 -0.780333 -0.445848 2.294303 -0.771813 -0.385182 2.277840 -0.782609 0.352655 2.268605 -0.782151 0.389988 2.281811 -0.780677 0.505110 2.303731 -0.740279 0.453314 2.309248 -0.775025 0.548163 2.321265 -0.730552 -0.431683 2.330760 -0.812308 -0.351415 2.309401 -0.831166 -0.322875 2.336153 -0.866998 -0.295264 2.305688 -0.850375 -0.236770 2.293996 -0.855092 -0.163000 2.284169 -0.862102 0.184123 2.274808 -0.843453 0.238386 2.285689 -0.841682 0.355528 2.294823 -0.812256 0.297434 2.289614 -0.827884 0.407540 2.314518 -0.809109 -0.268406 2.335845 -0.884364 -0.189795 2.332684 -0.901126 -0.099649 2.314821 -0.899716 -0.025980 2.324739 -0.913424 0.036986 2.318126 -0.905188 0.114365 2.318717 -0.897082 0.204479 2.325536 -0.885522 0.287503 2.330260 -0.867651 -0.168312 2.443141 0.949382 -0.205722 2.395868 0.919770 -0.140769 2.380753 0.920990 -0.089098 2.429216 0.951974 -0.062673 2.372978 0.925459 -0.012952 2.422585 0.952626 0.010241 2.369676 0.926958 0.059957 2.417297 0.949495 0.080618 2.366977 0.923486 0.125081 2.412241 0.943329 0.136485 2.372587 0.922893 0.171178 2.403693 0.934461 -0.418140 2.417401 0.864001 -0.466151 2.388398 0.828022 -0.417109 2.344727 0.821155 -0.351738 2.376750 0.867504 -0.353229 2.328960 0.837366 -0.274582 2.395301 0.901907 0.186070 2.369386 0.912519 0.259791 2.384130 0.902998 0.333565 2.375908 0.875849 0.370719 2.342326 0.845051 0.398235 2.384373 0.859005 0.406343 2.356181 0.841646 0.438606 2.376758 0.838189 -0.576819 2.415150 0.778030 -0.610463 2.398789 0.745090 -0.565342 2.360399 0.749869 -0.522386 2.408724 0.807995 -0.492574 2.352239 0.788818 0.481835 2.364745 0.808675 0.511369 2.338715 0.776555 0.527589 2.373121 0.789339 0.540827 2.356871 0.771933 0.568269 2.390348 0.770308 -0.651381 2.418987 0.724622 -0.680555 2.398790 0.685612 -0.636780 2.362343 0.695916 0.602751 2.367302 0.731359 0.621429 2.349882 0.705657 0.650449 2.387323 0.702571 -0.715777 2.417837 0.663240 -0.741017 2.404712 0.622942 -0.700223 2.364048 0.632668 0.682215 2.363704 0.658719 0.698584 2.347115 0.631115 0.724936 2.382870 0.626336 -0.775482 2.422839 0.591453 -0.790176 2.393949 0.545190 -0.752843 2.373378 0.576377 0.752229 2.362767 0.579825 0.772055 2.347784 0.539517 0.784592 2.387376 0.556069 -0.817319 2.394628 0.503213 -0.778915 2.344304 0.502036 0.781423 2.335168 0.509722 0.807842 2.375261 0.507453 -0.842000 2.402678 0.468223 -0.856448 2.393779 0.420834 -0.824307 2.363992 0.451432 0.830374 2.357781 0.448438 0.849407 2.347459 0.394630 0.864929 2.398204 0.425982 -0.873729 2.378288 0.345351 -0.838589 2.345375 0.389054 0.857530 2.330910 0.346791 0.889779 2.387234 0.353890 -0.901161 2.380915 0.258358 0.909927 2.374594 0.280877 -0.913639 2.366920 0.175352 0.924943 2.376645 0.233454 0.927487 2.365552 0.179042 0.946694 2.414340 0.218669 -0.937619 2.402798 0.164982 -0.947726 2.412502 0.118572 -0.927460 2.373191 0.125044 0.933426 2.360255 0.106091 0.957217 2.414167 0.152126 -0.954706 2.418484 0.053284 -0.929513 2.368932 0.067455 0.938868 2.360341 0.031828 0.964256 2.411302 0.076641 -0.958462 2.424804 -0.019472 -0.933712 2.372094 -0.002248 0.938217 2.360914 -0.041194 0.966499 2.409293 -0.000031 -0.958411 2.433527 -0.098935 -0.933112 2.375960 -0.073874 0.934860 2.365776 -0.116202 0.965204 2.412968 -0.076713 -0.930382 2.381732 -0.135928 -0.911003 2.370505 -0.205864 0.933801 2.375963 -0.176111 0.960792 2.420412 -0.154056 -0.908825 2.401868 -0.281809 0.944904 2.406817 -0.208122 0.917917 2.370950 -0.227154 -0.874108 2.376457 -0.347956 -0.845488 2.327149 -0.348654 0.856422 2.346022 -0.348615 0.897287 2.380229 -0.303475 -0.865525 2.412247 -0.416465 -0.830632 2.341341 -0.406479 0.853720 2.363580 -0.389369 0.876453 2.392655 -0.378229 -0.820323 2.370748 -0.467860 -0.806947 2.400689 -0.525821 -0.785223 2.349881 -0.511356 0.779408 2.355521 -0.504547 0.852521 2.389206 -0.423681 0.819923 2.388597 -0.476934 -0.778599 2.402480 -0.576362 -0.761654 2.356712 -0.560444 0.791970 2.392859 -0.531783 0.755844 2.369516 -0.558239 -0.744554 2.377074 -0.605879 -0.729278 2.399865 -0.642856 -0.706131 2.358369 -0.636906 0.702295 2.355127 -0.624290 0.722649 2.365614 -0.605421 -0.687876 2.382734 -0.673461 -0.666694 2.410845 -0.710979 -0.638562 2.362347 -0.702370 0.626603 2.344314 -0.686374 0.701432 2.387436 -0.649459 0.657620 2.365294 -0.675772 -0.614588 2.390949 -0.740659 -0.587667 2.421492 -0.779427 -0.565879 2.375410 -0.766696 -0.509468 2.346611 -0.781481 0.500571 2.331043 -0.772732 0.533078 2.344008 -0.763571 0.622955 2.378209 -0.717621 0.575119 2.357925 -0.742939 -0.539718 2.395708 -0.797304 -0.485583 2.391511 -0.827092 -0.450591 2.412634 -0.860322 -0.429633 2.376636 -0.849350 -0.376804 2.355178 -0.858515 0.338352 2.325564 -0.848059 0.388999 2.341988 -0.840645 0.504586 2.373070 -0.801019 0.443179 2.353419 -0.822838 0.555408 2.384821 -0.777556 -0.401052 2.405216 -0.879028 -0.323198 2.388551 -0.900505 -0.243359 2.375291 -0.919785 -0.217395 2.409119 -0.946702 -0.188788 2.378325 -0.935362 -0.129878 2.367575 -0.936381 -0.054687 2.362535 -0.939696 0.018531 2.362413 -0.940113 0.091890 2.363531 -0.934599 0.165795 2.368416 -0.926852 0.283787 2.386918 -0.908276 0.225335 2.381292 -0.923287 0.356815 2.380335 -0.877732 0.425471 2.392497 -0.857005 -0.161151 2.421462 -0.962522 -0.083900 2.413742 -0.966813 -0.007256 2.410351 -0.967914 0.069165 2.413121 -0.965420 0.144334 2.417011 -0.957983 0.211253 2.419095 -0.947328 -0.228979 2.493822 0.957049 -0.276756 2.451334 0.930049 -0.232197 2.433721 0.934009 -0.163729 2.497595 0.971884 -0.108888 2.486888 0.973823 -0.034524 2.483538 0.975493 0.043645 2.477487 0.972260 0.117093 2.468863 0.964217 0.187900 2.457040 0.951409 0.222083 2.417468 0.930536 0.254696 2.466404 0.942378 0.272845 2.434614 0.925783 0.298478 2.469068 0.931974 -0.456999 2.478728 0.871736 -0.508646 2.458858 0.839444 -0.475505 2.428594 0.844727 -0.405879 2.465348 0.890192 -0.345767 2.452407 0.906664 0.327194 2.442975 0.909869 0.392730 2.437494 0.882807 0.444756 2.426039 0.857613 0.480025 2.409711 0.833809 0.498760 2.463396 0.844592 -0.564460 2.470575 0.809641 -0.616097 2.446463 0.765942 0.530931 2.422779 0.809818 0.591018 2.461134 0.786289 -0.665693 2.478240 0.740590 -0.691125 2.439688 0.702505 0.623809 2.428509 0.746753 0.675282 2.461344 0.717944 -0.720824 2.455736 0.681966 -0.751305 2.453759 0.643927 0.702981 2.424256 0.673523 0.748392 2.451079 0.640323 -0.790844 2.477257 0.604935 -0.814529 2.442906 0.547959 0.770063 2.416164 0.595090 0.811019 2.441241 0.553760 -0.848261 2.476012 0.512515 -0.860171 2.439060 0.462574 -0.838840 2.429704 0.499740 0.837776 2.428553 0.505564 0.843471 2.400056 0.472157 0.865360 2.446035 0.469710 -0.883651 2.442964 0.404881 0.897567 2.458140 0.413833 -0.910639 2.443550 0.332206 0.918232 2.445250 0.358904 0.925853 2.422926 0.311789 0.937483 2.469025 0.333456 -0.933671 2.468513 0.300573 -0.944452 2.465370 0.254612 -0.926926 2.433308 0.273597 0.934134 2.408310 0.264440 0.951082 2.462037 0.277323 -0.954350 2.456292 0.185397 -0.932229 2.415768 0.219157 0.970760 2.471123 0.206233 -0.967962 2.468913 0.114135 0.986339 2.475847 0.128170 -0.976512 2.478329 0.041175 0.989161 2.462869 0.045738 -0.980343 2.485608 -0.034841 0.989697 2.463234 -0.030194 -0.980398 2.491973 -0.096929 0.988118 2.474028 -0.110129 -0.966771 2.475162 -0.161846 -0.943517 2.416596 -0.165778 0.978844 2.466148 -0.164818 -0.959636 2.498791 -0.237648 -0.939576 2.434087 -0.222884 0.936534 2.420256 -0.259594 0.965344 2.458767 -0.214003 -0.934236 2.454389 -0.278785 -0.910124 2.452876 -0.346952 0.928428 2.440864 -0.311669 0.953499 2.477391 -0.280641 -0.892044 2.462669 -0.406071 0.937672 2.493560 -0.340039 0.907611 2.442887 -0.363512 -0.872478 2.473699 -0.457389 -0.843017 2.420260 -0.476566 0.852639 2.420572 -0.457800 0.879194 2.446340 -0.428737 -0.838496 2.452174 -0.510852 -0.806116 2.464741 -0.571578 0.782058 2.418617 -0.570513 0.851258 2.464831 -0.493870 0.812784 2.439859 -0.539794 -0.763396 2.421775 -0.613455 -0.745523 2.430210 -0.643161 0.792025 2.469027 -0.592057 0.748343 2.427847 -0.621286 -0.717384 2.439526 -0.677190 -0.684907 2.445898 -0.714289 0.714901 2.437888 -0.669959 0.675227 2.430752 -0.704293 -0.648066 2.454441 -0.748845 -0.604712 2.469663 -0.790108 0.633002 2.429653 -0.744159 0.595024 2.407738 -0.762518 -0.545705 2.454256 -0.822742 -0.503733 2.489341 -0.863221 -0.487297 2.439761 -0.853189 0.471263 2.396877 -0.837437 0.561481 2.445267 -0.804245 0.506727 2.427652 -0.832733 -0.444613 2.461111 -0.883940 -0.376390 2.451222 -0.910550 -0.346735 2.497914 -0.940027 -0.321892 2.446032 -0.930882 -0.269751 2.423993 -0.938686 0.258198 2.416993 -0.935659 0.350677 2.448254 -0.916454 0.297707 2.437937 -0.933435 0.415552 2.446645 -0.887135 0.469709 2.441679 -0.859870 -0.286599 2.480015 -0.955589 -0.219437 2.460124 -0.967286 -0.168905 2.466580 -0.980756 -0.113553 2.474193 -0.989998 -0.033690 2.463594 -0.991343 0.042206 2.463759 -0.990508 0.124576 2.477506 -0.987435 0.200990 2.474363 -0.972026 0.269337 2.468457 -0.953706 -0.282236 2.551155 0.957617 -0.335494 2.516730 0.932636 -0.295356 2.491343 0.938983 -0.224065 2.555192 0.975218 -0.177573 2.542005 0.981989 -0.128488 2.532070 0.986514 -0.062859 2.548498 0.994638 0.027334 2.549378 0.994388 0.107176 2.535523 0.983917 0.179185 2.524709 0.971359 0.244664 2.517263 0.957793 0.298621 2.510447 0.943460 0.334936 2.496039 0.927431 0.351278 2.549726 0.934208 -0.466221 2.556502 0.887334 -0.518351 2.516275 0.851501 -0.397449 2.519786 0.909041 0.393339 2.511453 0.906982 0.454020 2.489875 0.874761 0.514063 2.531341 0.857348 -0.579945 2.553021 0.824285 -0.621027 2.507011 0.784828 0.559948 2.503533 0.822362 0.607368 2.515348 0.795723 -0.703627 2.525121 0.722180 -0.734248 2.496468 0.683596 -0.704433 2.477768 0.708001 -0.663496 2.542451 0.762293 0.645889 2.509635 0.762226 0.691529 2.516629 0.726466 -0.769200 2.510676 0.648676 0.726474 2.505491 0.686821 0.766826 2.504058 0.644704 -0.797919 2.524839 0.618036 -0.825548 2.514926 0.571107 0.787632 2.477448 0.607094 0.824338 2.524457 0.577052 -0.860162 2.538575 0.522652 -0.877265 2.496788 0.464325 0.850152 2.484121 0.519722 0.884586 2.511428 0.475019 -0.908792 2.513756 0.399150 0.915245 2.530084 0.428680 -0.936007 2.550031 0.353822 -0.945402 2.509948 0.300021 -0.929161 2.496270 0.338220 0.928540 2.494507 0.378342 0.951764 2.525778 0.337241 -0.960002 2.516539 0.244540 0.974159 2.532493 0.266035 -0.973931 2.524184 0.178245 0.994916 2.537832 0.193264 -0.986783 2.535372 0.106328 1.005331 2.530382 0.137910 1.006548 2.516938 0.085250 1.016617 2.564492 0.119103 -0.997376 2.549534 0.027593 1.008115 2.514282 0.017831 1.020192 2.564740 0.062578 -0.997749 2.548522 -0.060154 1.008046 2.520259 -0.051742 1.021838 2.569656 -0.001663 -0.987952 2.527537 -0.125138 1.006621 2.530829 -0.109003 1.021087 2.581733 -0.071059 -0.982742 2.538069 -0.178734 1.012395 2.567496 -0.130907 0.993094 2.520493 -0.173787 -0.977191 2.555643 -0.227373 0.976010 2.515188 -0.242823 -0.960127 2.552534 -0.285655 -0.942014 2.493596 -0.298798 0.965693 2.547233 -0.302149 -0.935336 2.517330 -0.337749 -0.911168 2.518037 -0.398664 0.944527 2.548335 -0.362357 0.915302 2.514770 -0.405617 -0.888836 2.551741 -0.467008 0.885527 2.510933 -0.463379 -0.852755 2.508894 -0.517606 -0.832821 2.538955 -0.564845 0.867655 2.544134 -0.513778 0.828446 2.512557 -0.561857 -0.794476 2.538462 -0.620214 -0.764123 2.465783 -0.634391 0.800080 2.519845 -0.609265 0.770079 2.500022 -0.637277 -0.745406 2.508198 -0.673396 -0.720223 2.548803 -0.713926 -0.700552 2.484981 -0.714348 0.707516 2.464237 -0.692523 0.733469 2.481649 -0.671377 -0.675854 2.521110 -0.750000 -0.647468 2.555854 -0.783908 -0.636569 2.503387 -0.778652 0.612603 2.453544 -0.772952 0.699897 2.507308 -0.715387 0.651089 2.479413 -0.750893 -0.597474 2.522819 -0.812977 -0.548261 2.518355 -0.845285 -0.515966 2.550991 -0.873514 0.571259 2.527555 -0.828377 0.519507 2.483523 -0.847698 0.614522 2.505751 -0.790171 -0.470477 2.521999 -0.891015 -0.412626 2.521524 -0.918378 -0.366448 2.551645 -0.946697 0.322119 2.476043 -0.941006 0.411490 2.515632 -0.915009 0.359629 2.501489 -0.935445 0.471637 2.505616 -0.881444 -0.305513 2.549102 -0.967676 -0.246260 2.516287 -0.978012 -0.176204 2.520789 -0.995160 -0.131681 2.567749 -1.014673 -0.110400 2.530828 -1.008747 -0.052972 2.520390 -1.010006 0.016817 2.514789 -1.009761 0.084371 2.517932 -1.007852 0.191343 2.539228 -0.996239 0.137176 2.531601 -1.006464 0.260996 2.535238 -0.975993 0.327857 2.529288 -0.954465 -0.070764 2.582282 -1.023404 -0.000811 2.570352 -1.023897 0.063950 2.565873 -1.021900 0.120612 2.565857 -1.017996 -0.022868 2.652925 1.017594 -0.059465 2.605764 1.008837 -0.007042 2.599528 1.008910 0.031975 2.642892 1.016562 0.045272 2.605915 1.008987 0.072477 2.637523 1.013057 -0.295897 2.626675 0.964724 -0.348674 2.576752 0.940325 -0.235356 2.607441 0.980195 -0.188180 2.588801 0.989111 -0.123620 2.594365 0.999836 0.100716 2.606757 1.001558 0.173392 2.594943 0.986669 0.241181 2.582101 0.971030 0.300936 2.568711 0.954084 0.358848 2.618295 0.942702 -0.476799 2.640822 0.896259 -0.525804 2.589130 0.863970 -0.412340 2.602691 0.919608 0.411721 2.595202 0.918303 0.471601 2.571617 0.887168 0.526756 2.586758 0.864106 -0.618688 2.610563 0.809353 -0.655131 2.591613 0.779537 -0.629060 2.559723 0.794002 -0.572218 2.627353 0.842926 0.562119 2.572371 0.839911 0.602719 2.559149 0.810174 0.627641 2.543299 0.789024 0.646467 2.588278 0.781401 -0.698354 2.599881 0.740925 -0.747313 2.562322 0.686350 0.688767 2.563578 0.741166 0.711469 2.543402 0.716291 0.731048 2.587409 0.704443 -0.785008 2.609286 0.652453 -0.811533 2.570116 0.612091 -0.783820 2.554837 0.645301 0.768669 2.557197 0.658569 0.792850 2.529617 0.623057 0.806437 2.584611 0.619939 -0.842250 2.579908 0.569311 0.842911 2.599329 0.575654 -0.866477 2.591636 0.532481 -0.889405 2.575168 0.477096 0.864597 2.555097 0.529308 0.901200 2.596880 0.480610 -0.920110 2.596426 0.414855 0.929178 2.578501 0.424275 0.936903 2.543063 0.391578 0.948506 2.588366 0.382225 -0.944235 2.618429 0.360356 -0.955838 2.568319 0.301875 0.969577 2.595956 0.323629 -0.972816 2.581536 0.241268 0.993112 2.608169 0.252608 -0.988521 2.594424 0.173223 1.007901 2.591099 0.195026 1.010831 2.564628 0.161420 1.018062 2.605364 0.157550 -1.003420 2.606293 0.100834 1.025215 2.612986 0.106516 -1.014496 2.636878 0.072822 -1.018024 2.642246 0.032471 -1.010932 2.605459 0.045781 1.029470 2.619048 0.047869 -1.019084 2.652257 -0.022373 -1.011055 2.599116 -0.006044 1.031018 2.627345 -0.012555 -1.010858 2.605084 -0.058363 -1.001633 2.592889 -0.123031 1.030502 2.640441 -0.062183 -0.990865 2.587849 -0.189508 1.008591 2.585879 -0.170960 1.022276 2.627032 -0.121534 -0.982409 2.607697 -0.237420 1.012214 2.640765 -0.186523 0.992878 2.581228 -0.232473 -0.967265 2.627033 -0.297978 0.981963 2.613057 -0.289484 -0.942808 2.576594 -0.350779 -0.921778 2.600720 -0.414010 0.934672 2.580487 -0.401139 0.960422 2.612641 -0.350255 -0.897605 2.636508 -0.478843 0.938973 2.641811 -0.411402 0.905525 2.590829 -0.463232 -0.864789 2.579760 -0.525903 -0.835322 2.608838 -0.581814 0.876854 2.605360 -0.523409 0.848385 2.585739 -0.562803 -0.799336 2.611856 -0.633588 0.786531 2.549892 -0.638086 0.815267 2.569690 -0.606051 -0.763339 2.578980 -0.672222 -0.733250 2.619556 -0.713474 0.789261 2.606609 -0.647947 0.750242 2.553701 -0.678575 -0.690426 2.586719 -0.751752 -0.654890 2.622177 -0.788210 0.708918 2.591565 -0.730006 0.661701 2.548667 -0.763707 -0.617231 2.586061 -0.813377 -0.569118 2.581981 -0.846343 -0.525979 2.607652 -0.878115 0.575741 2.597049 -0.843223 0.527266 2.553499 -0.864302 0.619551 2.578104 -0.805945 -0.465890 2.595338 -0.908163 -0.412560 2.643971 -0.940805 -0.404247 2.583869 -0.936841 0.379573 2.541680 -0.938957 0.477425 2.593409 -0.900071 0.415903 2.574877 -0.929409 -0.352283 2.614387 -0.962234 -0.291216 2.614231 -0.983821 -0.234221 2.582075 -0.994926 -0.186800 2.642227 -1.014526 -0.171883 2.586427 -1.010843 0.162239 2.565758 -1.012083 0.250928 2.608167 -0.995350 0.196228 2.591365 -1.009494 0.318576 2.598144 -0.971418 0.375478 2.589062 -0.949605 -0.121019 2.628332 -1.024789 -0.060301 2.642168 -1.033158 -0.010005 2.628868 -1.033522 0.051226 2.620620 -1.031750 0.111069 2.615505 -1.027170 0.161586 2.607082 -1.019731 -0.064029 2.693975 1.018217 -0.113001 2.656925 1.010086 -0.077437 2.639877 1.012954 -0.010911 2.704243 1.022190 0.029254 2.690273 1.021131 0.073798 2.677305 1.017289 0.108100 2.659878 1.010468 0.122100 2.709548 1.011407 -0.301244 2.701403 0.967726 -0.357864 2.650940 0.946563 -0.238810 2.677869 0.984337 -0.172688 2.651164 0.998274 0.167162 2.671923 0.998664 0.239098 2.653779 0.980797 0.302190 2.636846 0.962864 0.360416 2.689314 0.948674 -0.512770 2.710097 0.883346 -0.559442 2.682156 0.856252 -0.531313 2.648718 0.870290 -0.459726 2.708217 0.910004 -0.415974 2.678448 0.926849 0.415108 2.669316 0.926502 0.468612 2.649793 0.900898 0.519109 2.635321 0.874803 0.556304 2.620847 0.852556 0.561930 2.676338 0.853169 -0.607562 2.687833 0.822589 -0.658549 2.650679 0.781551 0.600369 2.630235 0.822622 0.651122 2.674649 0.786860 -0.703468 2.687802 0.742729 -0.746251 2.645259 0.698296 0.693904 2.634743 0.746743 0.737475 2.674560 0.707688 -0.787068 2.686117 0.655298 -0.824412 2.639554 0.605594 0.776115 2.630972 0.662773 0.821391 2.664635 0.612366 -0.854833 2.681724 0.565257 -0.876842 2.638875 0.523000 -0.854668 2.626337 0.561163 0.856789 2.651586 0.566648 0.871644 2.614132 0.537872 0.882608 2.666544 0.527701 -0.902717 2.651769 0.471437 0.911860 2.683978 0.477699 -0.927990 2.670106 0.416766 0.933239 2.634636 0.429798 0.957432 2.653403 0.376727 -0.949843 2.689471 0.361240 -0.964201 2.636541 0.302784 0.979514 2.669629 0.317388 -0.982006 2.653317 0.239255 0.999095 2.689963 0.258252 -0.999744 2.671381 0.167217 1.011426 2.643742 0.204384 1.023031 2.660288 0.152490 -1.012144 2.708946 0.122109 -1.018306 2.676604 0.074013 -1.011633 2.659224 0.108281 1.030612 2.669411 0.095329 -1.022143 2.689588 0.029437 1.034717 2.676048 0.036059 -1.023255 2.703617 -0.010871 1.035398 2.683312 -0.021641 -1.019594 2.693396 -0.064062 -1.014600 2.639048 -0.076982 1.031950 2.687706 -0.079362 -1.011763 2.656211 -0.113030 -1.000245 2.650779 -0.173479 1.024538 2.693450 -0.139100 -0.986772 2.678099 -0.240211 1.013860 2.707139 -0.197186 0.999055 2.656300 -0.245996 -0.970499 2.701741 -0.302742 0.982474 2.673976 -0.304312 -0.949176 2.650579 -0.359697 -0.929246 2.677104 -0.417866 0.962219 2.691634 -0.363058 -0.911996 2.706316 -0.462047 0.940595 2.712774 -0.418145 0.920223 2.668171 -0.457056 -0.883961 2.706609 -0.516247 -0.869082 2.640336 -0.535474 0.863093 2.640732 -0.554912 0.891730 2.668795 -0.509978 -0.853929 2.675151 -0.565380 -0.818472 2.684863 -0.615799 0.861256 2.700883 -0.563545 0.829649 2.645028 -0.602554 -0.774583 2.653355 -0.670133 -0.739939 2.696317 -0.711531 0.792221 2.682915 -0.654555 0.752775 2.637634 -0.693950 -0.698029 2.659224 -0.752615 -0.656420 2.698207 -0.790863 0.712980 2.672002 -0.738940 0.666848 2.626747 -0.775506 -0.606458 2.653295 -0.828475 -0.563520 2.707393 -0.861174 -0.557384 2.643491 -0.862739 0.538318 2.611895 -0.870890 0.617707 2.658995 -0.820491 0.570469 2.648497 -0.855534 -0.510161 2.672650 -0.892752 -0.457045 2.671036 -0.921931 -0.417501 2.713954 -0.942495 0.481805 2.684621 -0.909011 0.427195 2.635038 -0.932701 0.532135 2.664322 -0.880183 -0.363904 2.692554 -0.963897 -0.305533 2.675228 -0.984223 -0.246908 2.657745 -1.001065 -0.196968 2.710125 -1.016227 0.256942 2.683216 -1.003758 0.209146 2.641130 -1.013797 0.312818 2.672926 -0.982653 0.373608 2.656611 -0.958291 -0.137731 2.696616 -1.027266 -0.076781 2.690895 -1.034906 -0.017598 2.686526 -1.038327 0.041582 2.678614 -1.037504 0.101161 2.671271 -1.033512 0.164039 2.668215 -1.025401 -0.074347 2.751798 1.017704 -0.121657 2.708649 1.010963 -0.023089 2.745917 1.021662 0.027071 2.739793 1.022099 0.075172 2.727716 1.018750 0.123248 2.769729 1.011027 -0.302871 2.776284 0.966304 -0.361237 2.724900 0.949042 -0.239265 2.754626 0.984000 -0.177914 2.728973 0.999303 0.178650 2.752207 1.000054 0.239268 2.729029 0.985418 0.301885 2.708966 0.968064 0.358504 2.760607 0.950603 -0.517102 2.787796 0.879235 -0.563451 2.742509 0.853508 -0.466936 2.767866 0.906017 -0.415637 2.748468 0.929026 0.412916 2.738960 0.930531 0.464792 2.721043 0.907432 0.515923 2.702671 0.880973 0.559501 2.748436 0.855597 -0.609383 2.777055 0.819132 -0.657951 2.732133 0.782811 0.606200 2.715709 0.823390 0.650582 2.757961 0.788477 -0.702799 2.773841 0.740933 -0.746683 2.729473 0.699870 0.695584 2.717295 0.749789 0.736067 2.759102 0.709388 -0.786383 2.770413 0.653483 -0.823982 2.724260 0.609052 0.779275 2.715415 0.663606 0.818596 2.756637 0.615182 -0.856765 2.754348 0.561027 -0.882639 2.705917 0.518132 0.855534 2.711682 0.569864 0.886995 2.739202 0.521159 -0.908925 2.722819 0.466196 0.916589 2.758846 0.468560 -0.931719 2.739836 0.413714 0.939130 2.705885 0.425299 0.962617 2.725253 0.369858 -0.951460 2.761001 0.358852 -0.968968 2.708815 0.302211 0.983237 2.744447 0.311327 -0.986116 2.728727 0.239324 1.000755 2.763233 0.250966 -1.000571 2.751851 0.178515 1.014461 2.709603 0.201392 1.025475 2.722378 0.142260 -1.011453 2.769363 0.122935 -1.019415 2.727116 0.075089 1.032750 2.727585 0.082030 -1.022857 2.739257 0.026852 1.035993 2.731779 0.024144 -1.022673 2.745481 -0.023455 1.035192 2.739069 -0.033359 -1.019095 2.751515 -0.074895 1.030976 2.745903 -0.092126 -1.012681 2.708325 -0.122145 -1.001534 2.729056 -0.178807 1.023483 2.755433 -0.148447 -0.986784 2.755160 -0.240286 1.012494 2.772571 -0.198998 0.999361 2.727391 -0.252387 -0.969440 2.777221 -0.303834 0.980761 2.747936 -0.310129 -0.951913 2.725042 -0.362787 -0.931717 2.748308 -0.417475 0.959520 2.765282 -0.369111 -0.908184 2.767257 -0.469368 0.936381 2.783269 -0.423486 0.916113 2.730493 -0.469704 -0.880715 2.787127 -0.520234 0.888070 2.749176 -0.520477 -0.853042 2.740266 -0.568213 -0.818467 2.777226 -0.614344 0.858287 2.773601 -0.567455 0.827713 2.729393 -0.611476 -0.780451 2.734633 -0.664764 -0.740357 2.778817 -0.707620 0.791047 2.760812 -0.657764 0.754320 2.716094 -0.699844 -0.699905 2.738339 -0.751310 -0.654903 2.781014 -0.789105 0.715275 2.748887 -0.740595 0.671076 2.706544 -0.780069 -0.610525 2.741126 -0.827075 -0.564655 2.783251 -0.858622 0.629157 2.743702 -0.815556 0.579959 2.706676 -0.851839 -0.517556 2.756390 -0.889225 -0.466991 2.734701 -0.918128 -0.420362 2.782300 -0.939649 0.480780 2.764304 -0.910311 0.427745 2.710746 -0.937503 0.534218 2.737342 -0.880834 -0.369645 2.764534 -0.961409 -0.311506 2.749078 -0.982421 -0.253233 2.729749 -1.001341 -0.198871 2.777510 -1.014922 0.216174 2.691265 -1.017002 0.297030 2.757987 -0.991445 0.244249 2.727784 -1.010660 0.368214 2.733425 -0.964021 -0.146404 2.761174 -1.026370 -0.088590 2.751457 -1.034312 -0.028678 2.744398 -1.038698 0.031742 2.737703 -1.039116 0.092254 2.729658 -1.035814 0.142385 2.717414 -1.030722 0.197629 2.735722 -1.021559 -0.077802 2.795892 1.014897 -0.121082 2.769992 1.009876 -0.033987 2.794718 1.018153 0.019218 2.790033 1.019264 0.071263 2.780478 1.017346 0.112624 2.818763 1.009188 -0.303297 2.848803 0.960467 -0.361647 2.797092 0.946895 -0.239433 2.831505 0.978278 -0.165303 2.811753 0.996191 0.172549 2.827637 0.997557 0.238292 2.803624 0.984592 0.299536 2.781851 0.968916 0.352494 2.831531 0.948662 -0.516727 2.856174 0.872753 -0.561801 2.816628 0.850141 -0.467768 2.839244 0.899354 -0.415657 2.818191 0.924890 0.409727 2.807943 0.928809 0.454525 2.780389 0.911522 0.507154 2.779895 0.884820 0.551631 2.808434 0.857759 -0.598462 2.868373 0.816366 -0.654659 2.821176 0.778476 0.599422 2.801857 0.825175 0.646194 2.834542 0.786627 -0.699058 2.860581 0.733793 -0.744038 2.816331 0.695564 0.690835 2.799662 0.750891 0.726532 2.840907 0.711150 -0.781853 2.854396 0.647526 -0.824960 2.813124 0.599589 0.773463 2.804729 0.664052 0.814605 2.852408 0.606005 -0.858840 2.815350 0.551451 -0.886210 2.783648 0.507746 0.855287 2.789665 0.563816 0.889045 2.822460 0.505932 -0.912790 2.782367 0.455009 0.919983 2.821933 0.451553 -0.929787 2.809338 0.409810 0.941906 2.776930 0.415453 0.963478 2.798470 0.359103 -0.949296 2.832306 0.352396 -0.969486 2.781950 0.299597 0.982955 2.816685 0.298901 -0.984959 2.803615 0.238102 0.998851 2.837908 0.233758 -0.997829 2.827738 0.171986 1.014799 2.776371 0.189659 1.024808 2.788926 0.124584 -1.009533 2.818786 0.111869 -1.017849 2.780170 0.070744 1.032261 2.774988 0.064964 -1.020023 2.789845 0.018462 1.032858 2.788075 0.015644 -1.019317 2.794618 -0.034901 1.031235 2.796434 -0.044199 -1.016469 2.795863 -0.078761 1.026887 2.802655 -0.102092 -1.011772 2.769982 -0.121886 -0.998873 2.812202 -0.166270 1.019883 2.810598 -0.152195 -0.981662 2.832644 -0.239844 1.010499 2.825501 -0.188353 0.996017 2.809066 -0.244869 -0.964062 2.850966 -0.303390 0.973965 2.822694 -0.313605 -0.950059 2.798347 -0.362778 -0.927801 2.819459 -0.417335 0.952610 2.835849 -0.372441 -0.901861 2.840234 -0.470100 0.929282 2.853485 -0.423423 0.909919 2.803945 -0.474338 -0.874855 2.857054 -0.519439 0.881718 2.819214 -0.523666 -0.851172 2.816764 -0.565282 -0.817355 2.869762 -0.601578 0.856763 2.830746 -0.562838 0.825107 2.812410 -0.609307 -0.778348 2.823487 -0.658791 -0.734231 2.863929 -0.702230 0.785228 2.830802 -0.658564 0.753233 2.790466 -0.699833 -0.696276 2.822424 -0.747129 -0.649415 2.862455 -0.783571 0.716042 2.819529 -0.735852 0.675684 2.783670 -0.775900 -0.602981 2.829301 -0.825933 -0.558274 2.842016 -0.857739 0.635382 2.818531 -0.806474 0.586060 2.782654 -0.845384 -0.520755 2.828403 -0.882259 -0.464912 2.816953 -0.914021 -0.415078 2.837658 -0.937591 0.472758 2.843896 -0.907886 0.422680 2.788417 -0.938747 0.533890 2.817735 -0.875548 -0.374341 2.829494 -0.955036 -0.316706 2.823243 -0.975220 -0.246825 2.812504 -0.998012 -0.189153 2.832171 -1.013102 0.256956 2.827247 -1.000172 0.210314 2.792239 -1.016361 0.243335 2.768885 -1.009937 0.313837 2.834582 -0.981308 0.362638 2.811792 -0.963947 -0.150099 2.819820 -1.022788 -0.097119 2.812021 -1.030483 -0.038507 2.803675 -1.035519 0.020442 2.795496 -1.037149 0.081320 2.790289 -1.034359 0.150396 2.781137 -1.027069 -0.103102 2.820451 1.007744 -0.053001 2.839042 1.010576 0.006888 2.841609 1.012414 0.065783 2.834268 1.011704 -0.303140 2.915437 0.951377 -0.359315 2.867468 0.940670 -0.243210 2.903888 0.967772 -0.173755 2.891341 0.983058 -0.094271 2.881492 0.996801 -0.013552 2.894023 1.001115 0.055771 2.891318 1.001593 0.124537 2.877677 0.998621 0.184930 2.891378 0.987419 0.234402 2.873598 0.979078 0.293564 2.852360 0.965820 0.339738 2.898584 0.944711 -0.552485 2.874143 0.849249 -0.467097 2.917757 0.885932 -0.520850 2.906822 0.861934 -0.410221 2.891724 0.916712 0.399555 2.880544 0.923919 0.465560 2.848699 0.898730 0.507728 2.902554 0.867615 0.520680 2.842036 0.872012 -0.594098 2.948352 0.802398 -0.648372 2.920732 0.766153 -0.553488 2.927761 0.835978 0.558984 2.864598 0.844685 0.605888 2.877078 0.810606 0.640024 2.881377 0.785234 -0.696184 2.923697 0.724687 -0.737072 2.912333 0.684416 0.676220 2.885424 0.751630 0.716225 2.892329 0.713174 -0.778395 2.918675 0.636957 -0.810543 2.896867 0.600782 0.752887 2.903056 0.668946 0.794486 2.941773 0.607332 -0.873318 2.848055 0.519591 -0.845683 2.875245 0.556220 0.837691 2.916639 0.557515 0.855585 2.854312 0.552033 -0.868913 2.910423 0.504475 -0.899923 2.852309 0.464786 0.871834 2.889794 0.516271 0.904576 2.901001 0.452019 -0.924729 2.882660 0.398798 0.939345 2.847561 0.403620 0.960697 2.875133 0.340867 -0.945195 2.899758 0.339177 -0.966187 2.852804 0.293316 0.980620 2.874743 0.283521 -0.979298 2.874063 0.233876 0.987136 2.898816 0.244575 -0.987618 2.892110 0.183993 1.000727 2.895500 0.180055 1.013033 2.830862 0.174311 -1.012264 2.834542 0.064584 -0.998972 2.878520 0.123136 1.016970 2.848762 0.134946 1.024667 2.834400 0.074824 -1.013454 2.841997 0.005276 -1.002402 2.892705 0.053268 1.025497 2.846562 0.006245 -1.012239 2.839312 -0.054599 -1.002812 2.895107 -0.016691 1.023703 2.851586 -0.057030 -1.009815 2.820631 -0.104338 -0.999591 2.881850 -0.096444 1.019855 2.851987 -0.112811 -0.986809 2.892215 -0.174256 1.010339 2.887498 -0.129331 1.000260 2.880513 -0.183857 1.014111 2.852111 -0.154462 -0.972038 2.905662 -0.242221 0.981518 2.885586 -0.254366 -0.955397 2.920055 -0.301601 0.962402 2.892249 -0.319218 -0.944048 2.870564 -0.359914 -0.919738 2.894610 -0.412000 0.943417 2.898476 -0.373856 -0.888645 2.919735 -0.469544 0.924876 2.910187 -0.412605 0.897999 2.889445 -0.472073 -0.864265 2.908341 -0.523297 -0.851060 2.875281 -0.555234 -0.837929 2.929458 -0.555788 0.862244 2.924339 -0.521644 0.841256 2.879210 -0.571468 0.869637 2.868745 -0.532179 -0.803726 2.950571 -0.596190 0.805043 2.880253 -0.621331 -0.766788 2.923009 -0.651082 -0.725326 2.926082 -0.698863 0.779145 2.875031 -0.657612 0.749245 2.862369 -0.693826 -0.685454 2.915946 -0.739416 -0.639001 2.924364 -0.779733 0.715914 2.867224 -0.728695 0.678839 2.859524 -0.763896 -0.604286 2.907118 -0.810920 -0.562491 2.894116 -0.844405 -0.528872 2.878744 -0.870324 -0.515328 2.934997 -0.864840 0.639838 2.869269 -0.796098 0.594270 2.867480 -0.829050 -0.476480 2.897042 -0.894998 -0.421509 2.885942 -0.925869 -0.383767 2.875152 -0.945531 -0.370313 2.927329 -0.939946 0.451523 2.919163 -0.906275 0.411432 2.863373 -0.936932 0.525103 2.907105 -0.866962 -0.328292 2.895402 -0.961048 -0.258194 2.888891 -0.983069 -0.187833 2.886353 -1.003128 -0.154909 2.862386 -1.017027 -0.135593 2.898548 -1.013533 0.233857 2.903883 -0.993727 0.193493 2.843591 -1.013488 0.292011 2.882405 -0.981872 0.349532 2.889285 -0.959755 -0.106460 2.870609 -1.022889 -0.047353 2.861513 -1.028760 0.012342 2.852454 -1.031225 0.062921 2.839161 -1.031431 0.124954 2.852974 -1.023219 -0.304030 2.964236 0.941867 -0.350874 2.933705 0.932487 -0.249089 2.972034 0.953448 -0.182935 2.960250 0.968236 -0.111629 2.953762 0.979101 -0.035902 2.952137 0.985743 0.038531 2.950341 0.987781 0.108330 2.941592 0.986518 0.163025 2.929598 0.983525 0.221733 2.941150 0.969731 0.283538 2.917339 0.959385 0.322323 2.951000 0.940589 -0.447244 2.996097 0.875357 -0.503550 2.962605 0.856552 -0.388960 2.975504 0.905885 0.373074 2.949264 0.921326 0.442361 2.938401 0.893004 0.490621 2.964538 0.862262 -0.618954 2.967867 0.779408 -0.538641 3.011876 0.818110 -0.594303 2.999230 0.786892 0.554203 2.949027 0.827373 0.596339 2.992482 0.786354 0.622491 2.925935 0.786988 -0.708432 2.952427 0.704784 -0.631044 3.006850 0.754474 -0.678667 2.976242 0.723893 0.648999 2.966089 0.753000 0.672777 3.006996 0.717258 0.700228 2.939585 0.715250 -0.794323 2.954260 0.603619 -0.714588 3.000070 0.677762 -0.760098 2.976668 0.636565 0.721058 2.983264 0.679034 0.740021 3.023130 0.642712 0.758951 2.970211 0.643052 -0.785890 3.014083 0.586054 -0.828875 2.965111 0.545843 0.775325 3.001514 0.609547 0.814643 3.008218 0.548816 -0.863429 2.973950 0.485161 -0.893998 2.943357 0.439691 0.863061 2.953502 0.503031 0.884398 2.989506 0.445712 -0.921964 2.951794 0.371548 0.919541 2.971526 0.384033 0.935670 2.907052 0.388032 -0.940997 2.952516 0.321363 -0.959669 2.918255 0.282922 0.946279 2.935058 0.348033 0.965581 2.938230 0.288367 -0.969939 2.942455 0.220697 0.982070 2.939493 0.227048 -0.983772 2.931130 0.161482 0.984750 2.960758 0.182373 -0.986984 2.944142 0.105512 0.997230 2.946779 0.116160 1.012542 2.886362 0.113894 -0.988842 2.954009 0.033159 1.000644 2.955056 0.039167 1.014318 2.897256 0.057387 -0.988808 2.952846 -0.042016 0.999558 2.957210 -0.033045 1.014535 2.903230 -0.010460 -0.983864 2.952723 -0.113809 0.995538 2.945550 -0.114956 1.012458 2.901063 -0.076618 -0.972825 2.962540 -0.181524 0.980637 2.951730 -0.192836 -0.959562 2.971162 -0.245311 0.964751 2.953442 -0.263626 -0.945201 2.979085 -0.298568 0.947203 2.955010 -0.328194 -0.935722 2.939895 -0.351366 -0.908905 2.979074 -0.392190 0.930314 2.980805 -0.357601 0.911422 2.965733 -0.408219 0.933279 2.942530 -0.377437 -0.878256 2.998085 -0.449851 0.881067 2.968593 -0.466756 -0.859075 2.964415 -0.505764 -0.820094 3.014034 -0.540076 0.854080 2.980909 -0.507502 0.819133 2.956790 -0.571107 -0.787726 3.002609 -0.595588 -0.780214 2.970540 -0.620966 -0.754410 3.009898 -0.633224 0.776044 2.991938 -0.616666 0.745490 2.973518 -0.662970 0.771263 2.924129 -0.649662 -0.724201 2.977925 -0.681644 -0.705438 2.954433 -0.711101 -0.678454 3.001209 -0.717606 0.714639 2.995851 -0.688648 0.681726 2.976804 -0.729549 0.714200 2.924231 -0.713453 -0.638326 2.979751 -0.761884 -0.606628 2.960531 -0.794994 -0.589153 3.018123 -0.786810 0.647375 2.999617 -0.753675 0.613881 2.982135 -0.788728 0.645551 2.928526 -0.776479 -0.551974 2.976368 -0.827733 -0.497302 2.991638 -0.858987 0.576595 3.001428 -0.810722 0.541928 2.973497 -0.842021 0.584143 2.943887 -0.821201 -0.462846 2.974144 -0.883321 -0.407054 2.962145 -0.913600 -0.352868 2.979526 -0.933593 0.405557 2.992818 -0.908816 0.359579 2.951383 -0.942707 0.397379 2.923932 -0.932941 0.486723 2.980326 -0.871282 -0.319045 2.963920 -0.950006 -0.264660 2.957509 -0.966588 -0.196670 2.954835 -0.983727 -0.125799 2.948832 -1.000389 -0.099258 2.918155 -1.014717 -0.070396 2.951234 -1.008150 0.175163 2.958880 -0.992749 0.132008 2.912349 -1.012448 0.173550 2.896076 -1.008990 0.237233 2.957120 -0.980808 0.295440 2.951428 -0.965091 -0.056127 2.913462 -1.019177 0.002983 2.908684 -1.021279 0.071530 2.897370 -1.021129 -0.329673 2.986666 0.926990 -0.280565 3.010598 0.935406 -0.189310 3.018181 0.952952 -0.233008 3.025726 0.943053 -0.126075 3.015660 0.961493 -0.054543 3.013539 0.967749 0.019540 3.010179 0.970629 0.093392 3.002505 0.970213 0.168100 2.987696 0.966956 0.204710 3.035726 0.945811 0.228776 2.998583 0.953449 0.276673 2.977298 0.947479 -0.481688 3.019455 0.850550 -0.388951 3.055273 0.880605 -0.442115 3.047911 0.860926 -0.316874 3.047072 0.909701 -0.244121 3.063187 0.925906 0.264263 3.040479 0.930163 0.327831 3.003197 0.923232 0.393494 3.013030 0.894594 0.431312 3.042617 0.868235 0.450966 2.998762 0.873572 -0.520103 3.096571 0.794589 -0.579029 3.065360 0.770448 -0.467516 3.081161 0.831945 0.487394 3.026319 0.843375 0.547247 3.029520 0.806830 0.580009 3.035778 0.783490 -0.622571 3.065768 0.737548 -0.662354 3.057862 0.703489 0.613334 3.043702 0.752417 0.652273 3.050930 0.717202 -0.702977 3.065981 0.659592 -0.740444 3.062037 0.617266 0.688539 3.057759 0.678274 0.725675 3.062085 0.639550 -0.775722 3.073236 0.566543 -0.806436 3.052659 0.533308 0.757616 3.066061 0.598210 0.787326 3.094732 0.537822 -0.874484 3.006434 0.445723 -0.844092 3.040013 0.477842 0.831022 3.077807 0.478323 0.853731 3.014742 0.486144 -0.869002 3.051130 0.424495 -0.895336 3.017901 0.389782 0.865484 3.043662 0.446543 0.888900 3.049377 0.391374 -0.947788 2.978920 0.275577 -0.923737 3.005790 0.325911 0.923173 3.034434 0.321170 0.942254 2.976918 0.327865 -0.953711 3.000689 0.227436 -0.930572 3.043198 0.262468 0.949034 2.998008 0.287858 0.964526 2.994782 0.230720 -0.946092 3.038825 0.203092 -0.967205 2.990574 0.166065 0.971449 3.016871 0.150164 -0.970516 3.008148 0.088670 0.984672 3.000848 0.081851 -0.970788 3.021166 0.005941 0.983340 3.012167 0.019164 -0.975665 3.002733 -0.065324 0.980342 3.014251 -0.055602 -0.967844 3.015586 -0.121517 0.972579 3.015220 -0.130768 -0.955105 3.030448 -0.187985 0.958344 3.022287 -0.205213 -0.945083 3.023201 -0.253942 0.947490 3.007895 -0.276193 -0.934352 3.021445 -0.297438 -0.929401 2.994307 -0.334212 -0.913106 3.049261 -0.324621 0.930879 3.042074 -0.293703 0.914499 3.032263 -0.347695 0.935923 3.004637 -0.321425 -0.883809 3.056950 -0.392157 0.885109 3.032143 -0.415281 -0.863846 3.049169 -0.444638 -0.853234 3.020946 -0.483876 -0.834649 3.081454 -0.469790 0.859554 3.055812 -0.448266 0.834304 3.036057 -0.503823 0.864681 3.015526 -0.469057 -0.798025 3.096226 -0.520537 0.795378 3.032497 -0.567008 -0.769914 3.072366 -0.577937 -0.735272 3.070493 -0.625291 0.771404 3.032458 -0.603060 0.743766 3.027795 -0.639740 -0.702607 3.057776 -0.667431 -0.660227 3.064820 -0.707120 0.713742 3.036015 -0.670835 0.680347 3.032466 -0.706915 -0.619117 3.061960 -0.743075 -0.569595 3.074687 -0.777070 0.645558 3.039665 -0.738125 0.609952 3.034619 -0.771057 -0.538119 3.057398 -0.806463 -0.487046 3.049832 -0.841803 -0.460593 3.023156 -0.869192 -0.438162 3.063320 -0.864956 0.572075 3.039312 -0.799472 0.530917 3.032447 -0.828562 -0.410182 3.035544 -0.888640 -0.344528 3.033349 -0.917325 -0.317267 3.007565 -0.938581 -0.291365 3.044428 -0.933412 0.338392 3.058809 -0.912434 0.298222 3.014580 -0.945426 0.341007 2.994851 -0.936917 0.400804 3.054351 -0.889231 0.457317 3.053823 -0.861520 -0.273843 3.011677 -0.949947 -0.205938 3.024508 -0.961253 -0.133189 3.015233 -0.977265 -0.054769 3.006107 -0.989480 -0.015823 2.959958 -1.007827 0.030281 3.011544 -0.989904 0.050945 2.955875 -1.008077 0.103928 2.997742 -0.990605 0.107904 2.946611 -1.006824 0.163298 3.033945 -0.969794 0.237663 3.007718 -0.964337 -0.197979 3.059318 0.938147 -0.143246 3.068642 0.942148 -0.073216 3.070643 0.947795 -0.000695 3.068476 0.951070 0.073246 3.062593 0.950982 0.146803 3.050559 0.948651 -0.416637 3.088587 0.856165 -0.323495 3.118353 0.879251 -0.376903 3.112309 0.863072 -0.254135 3.115624 0.900419 -0.177656 3.114375 0.917565 -0.093991 3.124405 0.924380 -0.021584 3.122282 0.929835 0.049519 3.119474 0.929803 0.126050 3.111315 0.926365 0.208422 3.090013 0.922866 0.266561 3.086998 0.911637 0.325785 3.075578 0.897419 0.366649 3.108773 0.868654 0.390169 3.069341 0.876422 -0.546501 3.110565 0.772818 -0.461879 3.159274 0.795122 -0.517466 3.153280 0.767341 -0.400221 3.146083 0.834183 0.426298 3.095819 0.846733 0.499073 3.092574 0.809392 0.529499 3.110080 0.783599 0.556173 3.073773 0.782835 -0.629871 3.093214 0.717275 -0.563203 3.128385 0.751161 -0.602070 3.107875 0.732654 0.559034 3.124418 0.752757 0.593115 3.148059 0.712010 0.626954 3.094426 0.715268 -0.709686 3.095648 0.635744 -0.626130 3.142431 0.688066 -0.679571 3.115299 0.654217 0.645686 3.139129 0.670546 0.686173 3.166471 0.613579 0.708130 3.102584 0.633581 -0.785664 3.104726 0.530620 -0.709338 3.139347 0.604628 -0.752234 3.131534 0.555689 0.733231 3.124722 0.593821 0.747350 3.137270 0.570037 0.759289 3.113946 0.569336 -0.776857 3.147749 0.508007 -0.809255 3.116032 0.480522 0.759899 3.148071 0.541486 0.788235 3.154924 0.484041 -0.877155 3.076338 0.383830 -0.847395 3.108381 0.414771 0.833400 3.142225 0.412694 0.859416 3.084612 0.423567 -0.869519 3.116409 0.358713 -0.898107 3.079981 0.321744 0.868038 3.107046 0.382770 0.889197 3.108588 0.325353 -0.912207 3.090484 0.263971 0.919712 3.089249 0.258294 0.942078 3.037004 0.262233 -0.948805 3.055612 0.144611 -0.923264 3.093938 0.206665 0.920864 3.125951 0.178404 0.946204 3.059135 0.205557 -0.950766 3.071926 0.070076 -0.926272 3.117867 0.125040 0.949259 3.078177 0.145912 0.962689 3.061744 0.079933 -0.951057 3.082571 0.008654 -0.927898 3.133650 0.041609 0.962319 3.070067 -0.000934 -0.939947 3.113074 -0.021833 -0.957833 3.062558 -0.056117 0.958633 3.072500 -0.074487 -0.950583 3.072499 -0.123635 0.951640 3.073787 -0.141027 -0.941199 3.084506 -0.167908 -0.935460 3.073210 -0.218869 -0.921873 3.123352 -0.177436 0.932832 3.115801 -0.152555 0.921729 3.116941 -0.203522 0.942027 3.080191 -0.188616 -0.929314 3.056951 -0.270337 -0.909091 3.111928 -0.252660 0.910390 3.096296 -0.279945 0.936931 3.062584 -0.241320 -0.883375 3.119062 -0.325381 0.884438 3.096352 -0.353906 -0.866186 3.113123 -0.379218 -0.859055 3.089400 -0.419154 -0.836605 3.146055 -0.402778 0.858857 3.122497 -0.385278 0.837237 3.106180 -0.442244 0.866955 3.083866 -0.409090 -0.797221 3.156251 -0.466363 0.797183 3.098307 -0.517572 -0.778444 3.140302 -0.516930 -0.775282 3.115594 -0.542587 -0.746426 3.155093 -0.548871 0.770391 3.113382 -0.549567 0.744738 3.124592 -0.575356 0.763618 3.074355 -0.585629 -0.725776 3.119371 -0.603977 -0.713880 3.095323 -0.635741 -0.684393 3.134554 -0.640183 0.711757 3.144812 -0.600779 0.672320 3.143854 -0.645940 0.710295 3.085016 -0.643290 -0.654959 3.110993 -0.685767 -0.637059 3.093237 -0.713836 -0.607324 3.135093 -0.713256 0.627778 3.155194 -0.685902 0.594895 3.134040 -0.729611 0.639724 3.089642 -0.713948 -0.559018 3.129925 -0.754317 -0.534591 3.105986 -0.786587 -0.512585 3.147269 -0.777943 0.547075 3.152711 -0.757162 0.523158 3.120708 -0.794859 0.566669 3.087015 -0.778877 -0.486833 3.119226 -0.808963 -0.426172 3.116058 -0.844781 -0.400760 3.089213 -0.871975 -0.375812 3.127439 -0.864647 0.497790 3.119850 -0.812535 0.464767 3.115279 -0.831281 0.507645 3.088643 -0.820208 -0.348823 3.099266 -0.888389 -0.277556 3.098315 -0.913160 -0.240331 3.064847 -0.939469 -0.202469 3.118742 -0.924129 -0.188569 3.081828 -0.944734 -0.152144 3.117079 -0.935465 0.181995 3.136080 -0.920606 0.153587 3.088124 -0.949760 0.212892 3.072793 -0.945001 0.263140 3.106716 -0.915932 0.271280 3.053572 -0.938567 0.320373 3.136254 -0.882512 0.397483 3.109032 -0.865209 -0.141366 3.074553 -0.955050 -0.073634 3.071394 -0.963396 0.003813 3.069619 -0.967322 0.089635 3.066074 -0.965781 -0.348836 3.151568 0.855122 -0.262932 3.169870 0.873126 -0.308726 3.171945 0.859081 -0.195669 3.174344 0.885874 -0.112378 3.184795 0.893876 -0.036536 3.174687 0.905342 0.022940 3.163559 0.911448 0.093219 3.175117 0.900402 0.179719 3.155914 0.897175 0.262540 3.132201 0.890956 0.295706 3.171419 0.860856 0.323467 3.131960 0.873427 -0.481591 3.187793 0.768779 -0.391632 3.221417 0.793856 -0.445854 3.227950 0.761631 -0.329724 3.206153 0.830153 0.361790 3.159587 0.842691 0.439133 3.157309 0.808887 0.467475 3.177550 0.783611 0.498964 3.144297 0.783574 -0.582357 3.153569 0.720365 -0.496614 3.209950 0.743518 -0.543048 3.180830 0.732061 0.494266 3.194581 0.754287 0.523686 3.218046 0.717604 0.550368 3.178204 0.726397 -0.613257 3.212462 0.650470 -0.657704 3.190385 0.623249 -0.570680 3.208116 0.688936 0.577226 3.200485 0.688036 0.628609 3.201765 0.644044 0.652079 3.221198 0.606815 -0.693073 3.196889 0.579105 -0.721941 3.181747 0.555617 0.694691 3.211523 0.567389 0.728263 3.162979 0.571701 -0.784745 3.173947 0.469860 -0.744659 3.209009 0.495638 0.735821 3.189644 0.538830 0.742701 3.204554 0.514517 0.757491 3.183198 0.512938 -0.776258 3.213277 0.441203 -0.809183 3.178705 0.417206 0.749674 3.217795 0.483191 0.783280 3.218857 0.416961 -0.874434 3.138234 0.316369 -0.844049 3.170514 0.348564 0.829606 3.201792 0.342170 0.859204 3.146020 0.355549 -0.862288 3.178068 0.287033 -0.891802 3.136646 0.258449 0.865504 3.165300 0.310941 0.886717 3.159505 0.249931 -0.897804 3.160171 0.178811 0.889142 3.186800 0.176718 -0.900637 3.178919 0.101741 0.906115 3.178334 0.095703 0.937283 3.115541 0.110253 -0.898052 3.196501 0.030430 0.919339 3.165698 0.017284 0.939515 3.121629 0.046934 -0.936868 3.116467 -0.077748 -0.918080 3.159454 -0.028536 0.913887 3.173913 -0.047980 0.939773 3.123783 -0.025173 -0.933987 3.114232 -0.130786 -0.910814 3.164604 -0.107657 0.904986 3.173001 -0.135863 0.935279 3.124421 -0.095664 -0.890170 3.181060 -0.185870 0.892655 3.161984 -0.224681 -0.877488 3.171366 -0.262105 0.878757 3.150366 -0.295317 -0.862404 3.172915 -0.309831 -0.858144 3.152206 -0.350682 -0.832484 3.206511 -0.331659 0.851631 3.184978 -0.315605 0.832774 3.171706 -0.377432 0.863220 3.146874 -0.345019 -0.794607 3.221334 -0.394718 0.797611 3.165940 -0.454646 -0.759187 3.228776 -0.451837 -0.764905 3.179608 -0.499353 -0.733328 3.217432 -0.507005 0.773439 3.184314 -0.481756 0.751722 3.196671 -0.502950 0.768742 3.151962 -0.519001 -0.714646 3.207343 -0.545664 0.721366 3.211691 -0.529427 0.690083 3.193748 -0.584973 0.733155 3.171778 -0.552100 -0.693439 3.189299 -0.587197 -0.659894 3.188195 -0.627681 0.645519 3.189323 -0.641709 -0.628319 3.179854 -0.663955 -0.583404 3.190007 -0.696780 0.618822 3.187105 -0.672912 0.587835 3.182343 -0.704104 -0.559508 3.177083 -0.724792 -0.501325 3.204661 -0.746509 -0.475765 3.173518 -0.785271 -0.448366 3.211343 -0.776552 0.513085 3.189557 -0.757119 0.466734 3.204068 -0.774670 0.492628 3.152899 -0.794660 0.545355 3.198136 -0.727693 -0.425664 3.180647 -0.808316 -0.362562 3.176786 -0.841061 -0.337494 3.149985 -0.868576 -0.307512 3.186575 -0.857833 0.325876 3.225588 -0.827132 0.306689 3.187079 -0.860047 0.363875 3.175375 -0.843833 0.398934 3.225249 -0.794646 0.431257 3.164280 -0.819674 -0.290740 3.152617 -0.882553 -0.221817 3.164245 -0.895065 -0.133960 3.174702 -0.907032 -0.094798 3.125103 -0.938310 -0.046265 3.174987 -0.916268 -0.022927 3.124447 -0.943152 0.019567 3.167415 -0.921760 0.051202 3.124162 -0.942402 0.098011 3.182223 -0.907761 0.115597 3.121467 -0.938947 0.177170 3.194324 -0.889539 0.248578 3.174393 -0.884499 -0.274718 3.209353 0.848146 -0.217330 3.222771 0.854880 -0.147946 3.229703 0.864981 -0.043701 3.225497 0.878850 -0.091697 3.237538 0.869018 0.027452 3.214934 0.884756 0.060002 3.257254 0.858391 0.090415 3.227914 0.873464 0.152100 3.215843 0.870308 0.231246 3.196038 0.864236 -0.405000 3.254734 0.766606 -0.326530 3.266439 0.793241 -0.366437 3.284744 0.763299 -0.252249 3.270226 0.814316 -0.168851 3.274275 0.832418 -0.101669 3.273757 0.844072 0.117215 3.264209 0.846720 0.198079 3.260887 0.831806 0.296158 3.224853 0.826267 0.380124 3.210768 0.804339 0.398521 3.236416 0.779903 0.435257 3.206921 0.781652 -0.520841 3.230658 0.710303 -0.413307 3.281703 0.740839 -0.464738 3.277087 0.710401 0.430187 3.253266 0.749747 0.465266 3.266096 0.719941 0.484730 3.241716 0.726849 -0.629999 3.224769 0.626629 -0.577145 3.259089 0.641429 -0.611203 3.246458 0.625246 -0.524483 3.274520 0.668474 0.508981 3.268740 0.685128 0.583325 3.243126 0.651101 0.599771 3.260583 0.623447 0.619167 3.236514 0.627438 -0.702873 3.228987 0.536064 -0.633378 3.246940 0.601679 -0.666421 3.240955 0.569062 0.626100 3.251922 0.606772 0.648895 3.255412 0.576371 -0.709942 3.251801 0.502047 -0.672845 3.288276 0.508108 0.679798 3.255717 0.538275 0.719135 3.226348 0.521493 -0.785521 3.231571 0.400799 -0.713913 3.276583 0.464670 -0.749882 3.266941 0.417265 0.700231 3.275980 0.484472 0.722966 3.284131 0.441683 0.741694 3.257353 0.445782 -0.778164 3.263595 0.368084 -0.807047 3.227845 0.355820 0.742071 3.286212 0.402344 0.783152 3.266720 0.346753 -0.865528 3.201208 0.224839 -0.829123 3.233815 0.280999 0.815117 3.261957 0.271158 0.852773 3.204080 0.278491 -0.871321 3.219500 0.149439 -0.832924 3.266486 0.188374 0.819388 3.290522 0.178368 0.856829 3.224759 0.216200 -0.874103 3.232688 0.079858 -0.848794 3.264608 0.118153 0.840781 3.282521 0.094443 0.866197 3.235560 0.140184 -0.873259 3.241678 0.023195 -0.844140 3.281907 0.052207 0.873815 3.238607 0.076787 0.889230 3.218804 0.013329 -0.857159 3.266979 -0.009973 -0.885613 3.219481 -0.039250 0.884747 3.223540 -0.065994 -0.877680 3.224015 -0.115536 0.858410 3.262147 -0.084795 0.845773 3.267237 -0.140181 0.874638 3.231135 -0.120691 -0.864475 3.234995 -0.164915 -0.857866 3.224880 -0.220134 -0.836699 3.271877 -0.176348 0.833621 3.259120 -0.215367 0.870273 3.218394 -0.181181 -0.851221 3.210382 -0.276073 -0.817001 3.269741 -0.254751 0.814825 3.241812 -0.308328 0.858872 3.204801 -0.255847 -0.794595 3.266441 -0.328542 0.792346 3.221979 -0.395341 -0.763455 3.285300 -0.368461 -0.765872 3.255585 -0.408264 -0.739341 3.283927 -0.415649 0.768494 3.245775 -0.413274 0.745245 3.257935 -0.437878 0.768103 3.216945 -0.452317 -0.706357 3.283942 -0.465764 -0.697557 3.247599 -0.524937 -0.665942 3.292203 -0.511168 0.720837 3.262877 -0.470674 0.688660 3.254588 -0.522735 0.734478 3.234961 -0.485431 -0.693536 3.225410 -0.555347 -0.661869 3.255018 -0.559995 0.646629 3.232132 -0.600195 -0.647514 3.226113 -0.607047 -0.638337 3.208067 -0.634321 -0.612274 3.234748 -0.634269 0.610250 3.252636 -0.621173 0.582680 3.249221 -0.652758 0.609202 3.217934 -0.655641 -0.575206 3.231928 -0.669352 -0.541103 3.222054 -0.705809 -0.514134 3.278248 -0.676438 -0.508148 3.244015 -0.712928 -0.473664 3.266153 -0.717563 0.513655 3.273820 -0.686459 0.479346 3.279579 -0.705334 0.510473 3.236637 -0.721642 0.545357 3.263892 -0.670413 0.564377 3.225624 -0.690044 -0.427084 3.261558 -0.749940 -0.409411 3.230394 -0.784877 -0.378097 3.262054 -0.776482 0.443979 3.282266 -0.726827 0.407267 3.278077 -0.749877 0.451387 3.251755 -0.747544 -0.366388 3.229338 -0.805274 -0.296140 3.237702 -0.826427 -0.249761 3.207441 -0.862320 -0.206248 3.269980 -0.830941 -0.176297 3.222159 -0.871451 -0.130817 3.270668 -0.847675 -0.116380 3.233291 -0.876258 -0.079141 3.263204 -0.860695 0.096370 3.281652 -0.843660 0.078422 3.239749 -0.875903 0.140702 3.238411 -0.868056 0.178092 3.289934 -0.823082 0.214363 3.232229 -0.857333 0.267294 3.269236 -0.815495 0.272811 3.218811 -0.851088 0.344466 3.272422 -0.784018 -0.063141 3.224623 -0.886719 0.015503 3.219877 -0.891322 -0.053602 3.263858 0.855653 0.002894 3.264278 0.855655 -0.326843 3.299084 0.771605 -0.289498 3.310277 0.776008 -0.179945 3.320903 0.796669 -0.229180 3.340157 0.769467 -0.113644 3.317666 0.809795 -0.034840 3.307471 0.823236 0.060617 3.302989 0.824430 0.140864 3.305704 0.813586 0.162659 3.331296 0.790184 0.192072 3.310290 0.799366 0.256186 3.292111 0.792208 0.348326 3.266356 0.777714 -0.419572 3.307375 0.715655 -0.323626 3.329690 0.747613 -0.374806 3.332456 0.718277 -0.277298 3.347209 0.750515 0.203848 3.349654 0.761420 0.300029 3.326705 0.747434 0.378095 3.305111 0.733223 0.401588 3.324157 0.704788 0.437025 3.293964 0.711951 -0.597245 3.284847 0.599017 -0.540657 3.322863 0.608154 -0.423576 3.333470 0.687755 -0.468279 3.343697 0.643432 0.439341 3.335743 0.669523 0.473308 3.349228 0.635167 0.506916 3.321959 0.637044 0.560866 3.284762 0.631522 -0.631175 3.289046 0.559001 -0.584588 3.338196 0.551569 -0.497815 3.371479 0.591452 -0.530376 3.379098 0.554546 0.500707 3.358987 0.602967 0.536001 3.356596 0.576017 0.558240 3.325061 0.590362 0.604561 3.281646 0.595482 -0.626453 3.328168 0.518577 -0.563292 3.382106 0.519996 -0.597470 3.371293 0.496158 0.568075 3.355890 0.543535 0.608564 3.345297 0.512862 0.627912 3.305621 0.539460 -0.717193 3.301732 0.426262 -0.641433 3.346946 0.474611 -0.681031 3.333737 0.434515 0.646545 3.340620 0.470257 0.677048 3.343033 0.425922 0.700186 3.313367 0.434355 -0.787989 3.278675 0.313916 -0.718839 3.323368 0.386743 -0.753536 3.304477 0.349409 0.702156 3.343611 0.381942 0.729731 3.348480 0.320046 0.747189 3.312658 0.349660 -0.794687 3.300246 0.242599 -0.757343 3.330775 0.283351 0.746579 3.353906 0.266816 0.769073 3.312517 0.298376 -0.796971 3.319638 0.180329 -0.755720 3.360000 0.206038 0.756168 3.357567 0.228269 0.780607 3.323841 0.237079 -0.780094 3.349370 0.144944 -0.814546 3.311830 0.117927 0.765288 3.357972 0.180325 0.797049 3.335324 0.107926 -0.809321 3.327717 0.051397 0.819010 3.316310 0.023395 0.857777 3.267063 0.037268 -0.853658 3.268133 -0.069725 -0.821752 3.313001 -0.018472 0.820814 3.309218 -0.076959 0.856842 3.268382 -0.024828 -0.851827 3.263640 -0.127094 -0.818778 3.309084 -0.110042 0.805367 3.310274 -0.168459 -0.800661 3.317710 -0.181823 0.794720 3.299604 -0.245147 -0.771876 3.338126 -0.231391 -0.777536 3.309695 -0.291231 -0.751974 3.345980 -0.278988 0.769222 3.323167 -0.267373 0.740852 3.334072 -0.310639 0.778128 3.297533 -0.299227 -0.772504 3.299073 -0.328493 -0.748318 3.329496 -0.325069 0.719729 3.323818 -0.377342 0.760432 3.279378 -0.371519 -0.717934 3.333481 -0.376052 -0.713920 3.310634 -0.420685 -0.686604 3.336306 -0.423851 0.696487 3.333786 -0.403987 0.667640 3.341455 -0.436335 0.707670 3.297724 -0.439384 -0.643225 3.346895 -0.466486 -0.614203 3.321978 -0.535718 -0.593354 3.369663 -0.498095 0.637537 3.348336 -0.470278 0.605679 3.351887 -0.504767 0.647334 3.314812 -0.501346 -0.611102 3.276123 -0.592977 -0.559209 3.372566 -0.533224 -0.558097 3.331422 -0.584153 -0.527945 3.372568 -0.566097 0.573456 3.354095 -0.539652 0.539017 3.352613 -0.575420 0.585391 3.321741 -0.565721 0.627585 3.277409 -0.572380 -0.566358 3.280165 -0.631785 -0.500818 3.365172 -0.596582 -0.522642 3.320503 -0.627799 -0.471496 3.339697 -0.645560 0.503680 3.351250 -0.610177 0.465928 3.351278 -0.639798 0.517196 3.311250 -0.642453 0.579109 3.280566 -0.621587 -0.450324 3.310281 -0.691446 -0.438760 3.289729 -0.720079 -0.403377 3.314620 -0.716067 0.427345 3.352270 -0.667148 0.387671 3.352452 -0.690219 0.437191 3.316299 -0.696618 -0.361876 3.301711 -0.749804 -0.325378 3.279209 -0.784971 -0.295129 3.331662 -0.751341 -0.255216 3.302124 -0.791518 -0.214996 3.361228 -0.751913 -0.194951 3.321333 -0.794594 -0.157821 3.348946 -0.779347 0.220982 3.353466 -0.761222 0.180509 3.344788 -0.777848 0.234819 3.322445 -0.783823 0.262107 3.354646 -0.745713 0.300139 3.315596 -0.766659 0.325424 3.353321 -0.720854 0.367036 3.315596 -0.736825 -0.142238 3.314226 -0.811800 -0.066441 3.308196 -0.825644 -0.020571 3.268185 -0.859455 0.027982 3.313637 -0.822608 0.039846 3.266659 -0.860242 0.111794 3.330693 -0.801346 -0.180527 3.353604 0.770949 -0.134969 3.358548 0.773505 -0.061683 3.359082 0.779395 0.022785 3.355491 0.782976 0.115240 3.350272 0.780101 -0.331625 3.355444 0.720600 -0.297467 3.368029 0.723280 -0.177929 3.387219 0.737958 -0.246309 3.379358 0.729245 -0.095841 3.400939 0.736779 -0.012954 3.401895 0.740407 0.071627 3.398198 0.740570 0.146889 3.392896 0.736191 0.170717 3.415896 0.708488 0.199120 3.396098 0.720370 0.263060 3.379907 0.712132 0.353859 3.354292 0.697961 -0.423867 3.360930 0.659974 -0.330002 3.384892 0.688419 -0.387847 3.370752 0.672011 -0.275466 3.400822 0.695920 0.215375 3.431890 0.674372 0.311066 3.408619 0.660417 0.388652 3.386197 0.646300 0.419532 3.405070 0.606050 0.447629 3.373465 0.625603 -0.494480 3.395312 0.566995 -0.414452 3.389228 0.633004 -0.452824 3.408317 0.580313 0.467515 3.394955 0.584817 0.490934 3.408822 0.545524 0.516726 3.380003 0.563360 -0.567914 3.396691 0.495160 -0.495033 3.415292 0.539231 -0.532770 3.416857 0.499914 0.537859 3.394479 0.521235 0.560618 3.405464 0.478654 0.588659 3.373288 0.496495 -0.647233 3.364649 0.440721 -0.575375 3.409397 0.462985 -0.617632 3.385905 0.446968 0.606963 3.388348 0.449762 0.621490 3.402151 0.406387 0.653560 3.369313 0.417521 -0.721139 3.352599 0.324833 -0.644859 3.384922 0.405792 -0.682798 3.370148 0.366379 0.659927 3.389281 0.371178 0.664208 3.409018 0.320664 0.694396 3.376311 0.336282 -0.723158 3.376774 0.261889 -0.683768 3.398306 0.300492 0.678755 3.418783 0.263210 0.708048 3.383998 0.289132 -0.722276 3.392003 0.221060 -0.691020 3.414759 0.235326 0.693300 3.420515 0.219360 0.724398 3.388691 0.229849 -0.779676 3.358599 0.087224 -0.713859 3.408348 0.180903 -0.746458 3.386655 0.131932 0.709767 3.417436 0.163835 0.726812 3.415008 0.082678 0.755815 3.381352 0.117453 -0.779147 3.362967 0.016267 -0.739622 3.401026 0.059167 0.732668 3.412107 0.008510 0.769986 3.372648 0.051986 -0.779592 3.359671 -0.062041 -0.735775 3.405775 -0.021648 0.729950 3.409115 -0.073426 0.775953 3.365166 -0.030375 -0.776522 3.355375 -0.136828 -0.736406 3.399712 -0.103678 0.721723 3.403805 -0.157686 0.770279 3.360442 -0.120136 -0.773926 3.350622 -0.182853 -0.740795 3.383363 -0.182604 0.709224 3.400893 -0.222022 0.754427 3.353734 -0.220256 -0.731183 3.376799 -0.248889 -0.724317 3.366781 -0.299113 -0.697380 3.398126 -0.278057 0.676392 3.419457 -0.257069 0.657315 3.412125 -0.317301 0.705847 3.382665 -0.281143 -0.721053 3.355139 -0.332950 -0.688958 3.383765 -0.331744 0.636319 3.402991 -0.377399 0.682958 3.365408 -0.367033 -0.671804 3.371309 -0.388724 -0.659529 3.362686 -0.423791 -0.632799 3.389273 -0.415359 0.601388 3.415156 -0.409332 0.577112 3.409423 -0.452483 0.622711 3.378946 -0.440641 -0.579318 3.406531 -0.455411 -0.567363 3.391606 -0.497821 -0.535534 3.410077 -0.503233 0.539976 3.419743 -0.479739 0.511529 3.412155 -0.521804 0.558734 3.384420 -0.511833 -0.514245 3.398325 -0.544207 -0.505461 3.386565 -0.569432 -0.477892 3.402862 -0.568506 0.472558 3.420607 -0.546091 0.442147 3.411895 -0.583984 0.489713 3.384929 -0.578946 -0.440340 3.390327 -0.609465 -0.399617 3.363491 -0.665799 -0.364318 3.428072 -0.609582 -0.325558 3.397852 -0.669359 -0.301226 3.432067 -0.640781 0.403686 3.419510 -0.602143 0.370612 3.411411 -0.633391 0.417600 3.384894 -0.635170 -0.342726 3.350696 -0.711629 -0.275330 3.417416 -0.671785 -0.272238 3.383650 -0.709901 -0.230024 3.418402 -0.687496 -0.224719 3.394671 -0.716879 -0.183448 3.407585 -0.712865 0.182979 3.429679 -0.687126 0.144579 3.411918 -0.717376 0.206705 3.387220 -0.728919 0.246792 3.427184 -0.668994 0.284957 3.389305 -0.699794 0.317794 3.420534 -0.648430 0.350791 3.386378 -0.673244 -0.139662 3.384069 -0.747543 -0.099264 3.353727 -0.783431 -0.068345 3.395787 -0.744115 -0.023375 3.359072 -0.782814 0.007485 3.404115 -0.737889 0.056409 3.367518 -0.773206 0.082699 3.410434 -0.727310 0.130554 3.376897 -0.756325 -0.220235 3.421400 0.690295 -0.137880 3.442923 0.684908 -0.048394 3.443943 0.694593 0.036001 3.441445 0.697687 0.125148 3.434717 0.695346 -0.358828 3.413165 0.638946 -0.282869 3.440732 0.642510 -0.200110 3.465492 0.643200 -0.078618 3.483492 0.645077 -0.141967 3.484368 0.635031 0.001737 3.481357 0.651692 0.082858 3.476930 0.651907 0.158680 3.472153 0.644383 0.188152 3.497894 0.602776 0.217253 3.473328 0.625548 0.285935 3.459108 0.612452 0.365045 3.428935 0.608239 -0.393170 3.427611 0.598663 -0.343139 3.454032 0.594112 -0.238093 3.490860 0.594757 -0.295136 3.479155 0.585833 -0.177674 3.500935 0.603029 0.243461 3.496643 0.583159 0.298398 3.490752 0.565403 0.329275 3.501345 0.531524 0.357789 3.470919 0.556296 0.432344 3.432697 0.557571 -0.495688 3.435191 0.509617 -0.394883 3.463353 0.543570 -0.461073 3.445767 0.521052 -0.331792 3.487822 0.550407 0.370729 3.496625 0.509828 0.398183 3.504863 0.473083 0.427703 3.474468 0.497192 0.501565 3.432996 0.495228 -0.594075 3.427280 0.400064 -0.491694 3.455015 0.476695 -0.537860 3.447121 0.437924 0.439655 3.497691 0.447369 0.465890 3.503315 0.407984 0.495248 3.472909 0.432423 0.566253 3.429508 0.427985 -0.640350 3.416407 0.345291 -0.593194 3.458663 0.329590 -0.542856 3.474580 0.370911 0.505507 3.493473 0.380814 0.528954 3.496282 0.341268 0.557842 3.466304 0.365808 0.615949 3.426092 0.365360 -0.636947 3.446960 0.269240 -0.552217 3.492200 0.313439 -0.586144 3.482222 0.278030 0.567329 3.483290 0.311290 0.591241 3.485064 0.256138 0.619674 3.450167 0.300423 -0.658179 3.454041 0.178379 -0.597109 3.490200 0.217296 0.613012 3.486345 0.197263 0.653231 3.450753 0.221689 -0.700954 3.430762 0.112255 -0.651821 3.473371 0.094674 -0.604968 3.500616 0.138110 0.655135 3.465398 0.153354 0.650047 3.478739 0.089291 0.688689 3.446869 0.107066 -0.686345 3.449864 0.027376 -0.611339 3.505639 0.073314 -0.638753 3.488835 0.036988 0.646919 3.484846 0.018222 0.691212 3.449676 0.046325 -0.684002 3.449829 -0.069143 -0.641575 3.486880 -0.022999 0.639484 3.488011 -0.058265 0.688532 3.450872 -0.028801 -0.692638 3.432315 -0.152249 -0.637457 3.487562 -0.081124 -0.646327 3.473626 -0.132777 -0.608144 3.503730 -0.117729 0.628282 3.490268 -0.121394 0.676304 3.452047 -0.116598 -0.693247 3.416423 -0.224926 -0.646454 3.458827 -0.203042 -0.599947 3.497971 -0.176268 0.595203 3.506786 -0.159002 0.582686 3.500160 -0.222724 0.632612 3.475218 -0.181139 0.675545 3.436339 -0.199899 -0.643777 3.436462 -0.286974 -0.595180 3.483599 -0.247549 0.566670 3.493022 -0.284703 0.621805 3.457265 -0.270262 -0.639375 3.411362 -0.361076 -0.586801 3.472539 -0.303416 -0.595284 3.449466 -0.348041 -0.553119 3.479506 -0.341629 0.530263 3.504869 -0.318416 0.508274 3.500938 -0.361615 0.556891 3.474763 -0.347389 0.606820 3.435439 -0.356704 -0.599078 3.425114 -0.395966 -0.545759 3.457947 -0.399772 0.470463 3.510006 -0.389616 0.444839 3.503831 -0.431149 0.495241 3.480819 -0.418616 0.554377 3.441366 -0.421954 -0.513190 3.445537 -0.464808 -0.477886 3.433903 -0.521816 -0.453970 3.471854 -0.478400 -0.421903 3.462629 -0.524471 -0.404934 3.488028 -0.492970 0.405131 3.510275 -0.456518 0.377791 3.501643 -0.494832 0.429569 3.481378 -0.485067 0.490857 3.444131 -0.489851 -0.428088 3.431277 -0.565907 -0.380560 3.479993 -0.526748 -0.387053 3.457398 -0.557678 -0.341885 3.474191 -0.558148 0.337324 3.505743 -0.515785 0.304686 3.494526 -0.551655 0.361483 3.476745 -0.544869 0.423923 3.443311 -0.551429 -0.293237 3.461734 -0.602303 -0.249870 3.445271 -0.645504 -0.224956 3.480072 -0.603150 -0.177442 3.450153 -0.660317 -0.147529 3.494649 -0.603842 -0.093208 3.466555 -0.654895 -0.065771 3.505733 -0.602271 -0.013965 3.475941 -0.649673 0.014133 3.511279 -0.599122 0.062600 3.481183 -0.641104 0.089912 3.513334 -0.590963 0.127191 3.485196 -0.626800 0.165485 3.509295 -0.581059 0.196797 3.467258 -0.632774 0.243102 3.500326 -0.568912 0.290701 3.462115 -0.604157 0.361790 3.440109 -0.599137 -0.116702 3.425394 -0.704615 -0.040939 3.437091 -0.698686 0.036546 3.444431 -0.690517 0.119314 3.448521 -0.676828 -0.113283 3.519622 0.590281 -0.028569 3.517706 0.602430 0.051492 3.513705 0.606061 0.129472 3.507300 0.603501 -0.277660 3.512130 0.542335 -0.192361 3.534979 0.543641 -0.116677 3.553021 0.537726 -0.052462 3.550473 0.551207 0.024302 3.547195 0.557183 0.104416 3.541385 0.556135 0.197025 3.531349 0.546310 0.279795 3.517001 0.533859 -0.433117 3.485504 0.474041 -0.345474 3.520220 0.481787 -0.259310 3.548022 0.490304 -0.146214 3.573432 0.492910 -0.204120 3.567411 0.483861 -0.074963 3.578145 0.499867 -0.000635 3.577112 0.505994 0.076679 3.572758 0.507096 0.152689 3.565911 0.502735 0.212687 3.562183 0.489256 0.245717 3.572625 0.453537 0.271912 3.548904 0.481815 0.342836 3.522734 0.483344 -0.485739 3.487608 0.415352 -0.415487 3.528923 0.402378 -0.293671 3.565735 0.432769 -0.351330 3.554649 0.410605 -0.237225 3.576728 0.448419 0.286505 3.570246 0.432606 0.313574 3.577270 0.395400 0.341249 3.554357 0.421179 0.410600 3.523999 0.421307 -0.488064 3.522382 0.327652 -0.377194 3.563633 0.365298 -0.420010 3.554900 0.336590 0.353709 3.572265 0.370129 0.377797 3.576665 0.331013 0.408204 3.553272 0.354672 0.476199 3.519620 0.354619 -0.544830 3.513080 0.259843 -0.494213 3.547118 0.241690 -0.438980 3.565259 0.276923 0.417112 3.569324 0.299235 0.437707 3.574796 0.243966 0.475363 3.544964 0.280321 0.533129 3.509880 0.293004 -0.542564 3.532987 0.178926 -0.453190 3.574476 0.218384 -0.487695 3.564037 0.184850 0.454644 3.579723 0.188915 0.493870 3.556586 0.201262 0.552279 3.519755 0.214198 -0.558283 3.537128 0.084232 -0.498395 3.566843 0.123275 0.489458 3.569429 0.150351 0.497860 3.571607 0.092001 0.543258 3.541534 0.130277 0.604422 3.502498 0.142059 -0.593413 3.520129 0.010667 -0.542386 3.551030 0.014272 -0.500948 3.571750 0.047655 0.498306 3.575447 0.017901 0.549482 3.546662 0.044397 0.600812 3.513708 0.069103 -0.598505 3.514893 -0.065449 -0.549225 3.545483 -0.048975 -0.499560 3.573204 -0.024871 0.493676 3.577003 -0.056518 0.545062 3.550345 -0.032693 0.596911 3.519047 -0.008859 -0.550013 3.535588 -0.135479 -0.499450 3.568705 -0.095978 0.486626 3.573998 -0.129192 0.531611 3.553838 -0.098087 0.584307 3.522394 -0.093619 -0.544913 3.520619 -0.223597 -0.491374 3.565973 -0.153694 -0.494828 3.553256 -0.205472 -0.455527 3.576454 -0.190996 0.473791 3.570788 -0.190429 0.534515 3.539385 -0.177007 -0.542723 3.502085 -0.293881 -0.479210 3.538981 -0.284582 -0.439217 3.570669 -0.245729 0.435259 3.582527 -0.223286 0.415714 3.579716 -0.268451 0.470672 3.555984 -0.255686 0.529685 3.521437 -0.265338 -0.492025 3.503729 -0.363374 -0.419993 3.563679 -0.301002 -0.413977 3.544121 -0.359001 -0.380822 3.570469 -0.331150 0.376031 3.588092 -0.295961 0.353659 3.582446 -0.338938 0.410119 3.562085 -0.328031 0.478653 3.527753 -0.332049 -0.485316 3.479674 -0.428585 -0.420560 3.507726 -0.435352 -0.357105 3.564957 -0.370066 -0.344512 3.544222 -0.424894 -0.316817 3.570221 -0.392107 0.312193 3.587906 -0.363224 0.287638 3.579469 -0.402722 0.345665 3.562057 -0.395207 0.416652 3.530358 -0.400762 -0.348472 3.506578 -0.497134 -0.285556 3.563085 -0.429276 -0.268574 3.538087 -0.486066 -0.229631 3.569647 -0.446091 -0.189145 3.552161 -0.497855 -0.174590 3.575105 -0.460091 0.244598 3.582174 -0.422474 0.215039 3.570173 -0.460168 0.278411 3.555966 -0.455817 0.350906 3.528027 -0.463720 -0.279903 3.498560 -0.550362 -0.204886 3.518492 -0.548954 -0.137745 3.564703 -0.492731 -0.122283 3.536258 -0.544146 -0.079849 3.566332 -0.500288 -0.035196 3.540166 -0.550836 -0.005123 3.569820 -0.499520 0.043975 3.542782 -0.547162 0.073321 3.571620 -0.491828 0.123103 3.542544 -0.536646 0.152221 3.571016 -0.477907 0.210024 3.539906 -0.515997 0.288109 3.521901 -0.514182 -0.180656 3.595296 0.434638 -0.102823 3.601696 0.444838 -0.025484 3.603247 0.452262 0.053231 3.600927 0.453628 0.130699 3.593993 0.452517 0.198598 3.583701 0.451636 -0.319116 3.585481 0.365228 -0.242888 3.598586 0.391667 -0.190341 3.613546 0.385949 -0.132901 3.624064 0.380018 -0.050406 3.626073 0.394980 0.028124 3.625502 0.399231 0.114289 3.622775 0.390015 0.191755 3.607666 0.396498 0.259999 3.589664 0.403186 -0.373440 3.585155 0.306469 -0.315136 3.606626 0.307078 -0.270356 3.611945 0.332910 -0.199552 3.629672 0.328915 -0.068339 3.645950 0.334205 -0.129321 3.644538 0.320194 0.005094 3.645724 0.344330 0.076432 3.643795 0.345404 0.133107 3.642551 0.335191 0.164996 3.649004 0.301382 0.189132 3.632649 0.332200 0.258207 3.612862 0.338096 0.324717 3.591457 0.343390 -0.395217 3.597118 0.225828 -0.337208 3.611207 0.260347 -0.267228 3.631170 0.263080 -0.153042 3.652045 0.279494 -0.198008 3.648285 0.261425 0.203454 3.646806 0.281740 0.226890 3.650506 0.245226 0.256478 3.634449 0.270548 0.324158 3.611085 0.274655 0.380698 3.588813 0.284065 -0.440542 3.590715 0.158643 -0.383939 3.613922 0.160132 -0.325817 3.627987 0.192567 -0.216766 3.653432 0.216398 -0.260352 3.647333 0.191529 0.264645 3.646024 0.216138 0.282514 3.649490 0.162959 0.322760 3.629220 0.198357 0.395562 3.599935 0.209012 -0.447976 3.595284 0.081524 -0.402801 3.612708 0.110639 -0.344593 3.633565 0.107798 -0.277772 3.650709 0.130122 0.295570 3.652436 0.110025 0.335344 3.637592 0.120920 0.390055 3.614831 0.131572 0.447546 3.590337 0.140231 -0.446117 3.598234 0.003907 -0.385807 3.622709 0.040626 -0.292356 3.652615 0.070647 -0.328059 3.643695 0.042538 0.327739 3.645197 0.072017 0.331317 3.645083 0.015646 0.381648 3.625327 0.050998 0.445415 3.597852 0.070441 -0.446468 3.595150 -0.073302 -0.382787 3.622551 -0.051798 -0.332657 3.642556 -0.015558 0.325536 3.646067 -0.042927 0.382246 3.625649 -0.042630 0.442992 3.601426 -0.008177 -0.448328 3.587339 -0.142114 -0.390344 3.611731 -0.131519 -0.328224 3.642393 -0.070870 -0.335466 3.634378 -0.119062 -0.295882 3.649200 -0.107327 0.289723 3.654658 -0.070423 0.273843 3.652687 -0.129036 0.339292 3.636438 -0.108678 0.395630 3.616481 -0.113817 0.441021 3.599671 -0.086325 -0.396024 3.596216 -0.208727 -0.322360 3.625107 -0.195136 -0.282751 3.645582 -0.158474 0.255844 3.649195 -0.188245 0.316400 3.632037 -0.190827 0.373555 3.618289 -0.163241 0.428511 3.596288 -0.163690 -0.382258 3.583986 -0.283389 -0.324298 3.605973 -0.271686 -0.264330 3.641309 -0.209740 -0.254149 3.628695 -0.264908 -0.226908 3.645283 -0.235555 0.214138 3.654208 -0.211784 0.196345 3.648759 -0.254219 0.261326 3.634086 -0.254971 0.319196 3.620370 -0.247389 0.374885 3.604130 -0.233395 -0.327386 3.585443 -0.340013 -0.258213 3.605594 -0.334692 -0.198101 3.641151 -0.271647 -0.179886 3.624314 -0.330098 -0.143418 3.645544 -0.286621 -0.096880 3.632824 -0.342380 -0.076996 3.651139 -0.293470 -0.028871 3.639182 -0.341246 -0.022192 3.653551 -0.299248 0.153602 3.651294 -0.271836 0.130993 3.643392 -0.310131 0.198824 3.631210 -0.315315 0.258331 3.620011 -0.312033 0.315249 3.606265 -0.303352 -0.268509 3.583381 -0.392002 -0.192884 3.595013 -0.403292 -0.114819 3.609526 -0.397274 -0.038927 3.617549 -0.394206 0.017836 3.645584 -0.326978 0.040555 3.625077 -0.377664 0.073412 3.644076 -0.323148 0.133189 3.623223 -0.365742 0.193395 3.614734 -0.368162 0.250901 3.603434 -0.365311 -0.125635 3.585455 -0.452453 -0.056824 3.592465 -0.449985 0.019828 3.597239 -0.443213 0.101638 3.598652 -0.431326 0.185485 3.595993 -0.415683 -0.085709 3.662381 0.266767 -0.009863 3.662325 0.284459 0.059472 3.659849 0.293260 0.121107 3.655392 0.296872 -0.144735 3.666720 0.209352 -0.070227 3.676526 0.202998 -0.015362 3.675733 0.221324 0.050803 3.673005 0.233628 0.115784 3.667468 0.242342 0.176993 3.658425 0.252288 -0.204094 3.665262 0.147714 -0.135797 3.678449 0.135460 -0.081282 3.682870 0.149426 -0.018018 3.685175 0.158779 0.045791 3.683126 0.170107 0.111025 3.677691 0.179798 0.174490 3.668889 0.188862 0.228503 3.657965 0.200076 -0.226711 3.667787 0.062769 -0.153290 3.680120 0.077775 -0.087763 3.687669 0.085533 -0.023893 3.690647 0.095286 0.041211 3.689768 0.104933 0.106241 3.685073 0.114509 0.171011 3.676686 0.122828 0.238829 3.663858 0.130488 -0.273772 3.659286 0.004876 -0.211926 3.672980 -0.007725 -0.160300 3.681213 0.008682 -0.095693 3.688769 0.019802 -0.029917 3.692818 0.029090 0.035929 3.692863 0.038410 0.101228 3.689048 0.048104 0.163763 3.681924 0.058073 0.225265 3.671291 0.063098 0.283920 3.658145 0.064176 -0.284584 3.655306 -0.062399 -0.226023 3.668357 -0.061199 -0.164276 3.679145 -0.056823 -0.101323 3.686843 -0.047488 -0.035750 3.691565 -0.038007 0.030084 3.692565 -0.028639 0.095603 3.689520 -0.019193 0.159806 3.682806 -0.007840 0.211171 3.675125 0.008804 0.272532 3.661517 -0.004115 -0.239873 3.660053 -0.126449 -0.172196 3.672656 -0.120292 -0.106534 3.681308 -0.113796 -0.040790 3.686866 -0.104714 0.024335 3.688896 -0.094748 0.087822 3.687063 -0.084692 0.152699 3.680569 -0.076726 0.225248 3.669257 -0.061845 -0.230272 3.653290 -0.191939 -0.177896 3.663758 -0.182567 -0.112589 3.672162 -0.179012 -0.044765 3.678427 -0.171187 0.019321 3.682008 -0.158325 0.081840 3.681106 -0.148010 0.135506 3.677863 -0.133777 0.202320 3.665831 -0.145561 -0.183968 3.653304 -0.235398 -0.124016 3.660311 -0.237892 -0.048125 3.665374 -0.242245 0.019122 3.671414 -0.221223 0.072035 3.673809 -0.200952 0.144778 3.665737 -0.205581 0.022367 3.658290 -0.281361 0.089276 3.659899 -0.261557 0.000000 3.820146 0.000000 0.000100 3.820146 0.000000 0.000000 3.820146 0.000100</float_array>
          <technique_common>
            <accessor source="#Slime-positions-array" count="3107" stride="3">
              <param name="X" type="float"/>
              <param name="Y" type="float"/>
              <param name="Z" type="float"/>
            </accessor>
          </technique_common>
        </source>
        <source id="Slime-normals">
          <float_array id="Slime-normals-array" count="9315">-0.022300 -0.714200 0.699600 -0.025800 -0.815300 0.578500 -0.000100 -0.833300 0.552800 0.013100 -0.727500 0.686000 0.031700 -0.832400 0.553300 0.049900 -0.720300 0.691800 -0.157800 -0.825900 0.541300 -0.173300 -0.853900 0.490800 -0.118500 -0.906200 0.405800 -0.117500 -0.823600 0.554800 -0.074300 -0.905000 0.418900 -0.089000 -0.830800 0.549400 -0.034400 -0.899600 0.435300 -0.000300 -0.910200 0.414100 0.045400 -0.899200 0.435200 0.099600 -0.807100 0.582000 0.098600 -0.883800 0.457300 0.145600 -0.801200 0.580400 0.143100 -0.864600 0.481700 0.187900 -0.761000 0.620900 0.169100 -0.855700 0.489100 0.203600 -0.766300 0.609400 -0.235300 -0.867300 0.438700 -0.263000 -0.872400 0.412000 -0.179600 -0.925500 0.333400 -0.190900 -0.871000 0.452600 -0.145600 -0.927900 0.343300 -0.107100 -0.949000 0.296600 -0.067900 -0.948900 0.308100 -0.039400 -0.948900 0.313000 -0.016600 -0.951800 0.306300 0.032600 -0.948200 0.315900 0.075100 -0.935600 0.345000 0.112500 -0.922800 0.368400 0.157800 -0.908800 0.386300 0.245900 -0.821600 0.514300 0.221600 -0.879700 0.420700 0.298800 -0.775500 0.556200 0.263100 -0.861000 0.435300 0.318200 -0.772800 0.549100 -0.277700 -0.871400 0.404400 -0.267800 -0.902600 0.336900 -0.202600 -0.934100 0.293800 -0.153300 -0.955700 0.251100 -0.119700 -0.960300 0.252000 -0.101600 -0.969000 0.225400 -0.064700 -0.975400 0.210700 -0.038600 -0.976100 0.213700 -0.017500 -0.976700 0.213800 0.011600 -0.975600 0.219100 0.049100 -0.969700 0.239300 0.085800 -0.960200 0.265800 0.127700 -0.947700 0.292400 0.179500 -0.928800 0.324300 0.237400 -0.906700 0.348600 0.360400 -0.810600 0.461600 0.323200 -0.862300 0.389800 0.437000 -0.738200 0.513900 0.385600 -0.817000 0.428700 0.445600 -0.712900 0.541500 -0.322000 -0.884100 0.338700 -0.317600 -0.902900 0.289800 -0.225400 -0.943100 0.244400 -0.169400 -0.962200 0.213300 -0.137500 -0.970700 0.197200 -0.099400 -0.979300 0.176100 -0.078100 -0.983600 0.162700 -0.059200 -0.987400 0.146900 -0.037800 -0.989300 0.140800 -0.019400 -0.989800 0.140800 0.000800 -0.989500 0.144700 0.027000 -0.987200 0.157000 0.058600 -0.982300 0.178000 0.096100 -0.974100 0.204500 0.142900 -0.961300 0.235500 0.199700 -0.942600 0.267700 0.266200 -0.915200 0.302400 0.334800 -0.882100 0.331400 0.513900 -0.715000 0.474100 0.413600 -0.827400 0.379900 0.522500 -0.713700 0.466400 -0.387300 -0.871000 0.302500 -0.372400 -0.888200 0.269100 -0.268600 -0.939400 0.213100 -0.196200 -0.963900 0.179900 -0.153100 -0.974300 0.165000 -0.111600 -0.983600 0.141600 -0.083800 -0.988500 0.126100 -0.062500 -0.991700 0.112500 -0.047500 -0.993700 0.101000 -0.033700 -0.995100 0.092600 -0.019900 -0.995800 0.089400 -0.005300 -0.995900 0.090800 0.012900 -0.995100 0.097800 0.036700 -0.993100 0.111700 0.067900 -0.988800 0.132500 0.109100 -0.981100 0.159500 0.162500 -0.968000 0.191100 0.228300 -0.947200 0.225300 0.304400 -0.917000 0.257700 0.392500 -0.873700 0.287400 0.473800 -0.807400 0.351600 -0.440700 -0.859800 0.258100 -0.449100 -0.861200 0.238000 -0.331000 -0.925900 0.181900 -0.239800 -0.958400 0.154600 -0.183000 -0.973000 0.140400 -0.131100 -0.984400 0.117500 -0.095700 -0.990100 0.102400 -0.069200 -0.993700 0.088600 -0.050800 -0.995700 0.077500 -0.037600 -0.997000 0.068000 -0.027400 -0.997800 0.060500 -0.017900 -0.998300 0.055900 -0.007700 -0.998500 0.054900 0.004900 -0.998300 0.058000 0.022100 -0.997600 0.066100 0.046400 -0.995700 0.080200 0.080900 -0.991600 0.100800 0.128400 -0.983500 0.127700 0.190800 -0.968500 0.159900 0.266400 -0.944100 0.194500 0.348700 -0.909000 0.228300 0.543100 -0.779100 0.313100 0.437300 -0.857300 0.271700 0.559500 -0.755300 0.341400 -0.420600 -0.881800 0.213500 -0.322600 -0.933000 0.159300 -0.243400 -0.962300 0.121300 -0.168500 -0.980700 0.099100 -0.118700 -0.989200 0.085500 -0.083000 -0.993900 0.072700 -0.058300 -0.996400 0.062300 -0.041200 -0.997700 0.053300 -0.029600 -0.998500 0.045600 -0.021400 -0.999000 0.039300 -0.014600 -0.999300 0.034700 -0.007600 -0.999400 0.032500 0.001100 -0.999500 0.033000 0.013500 -0.999200 0.037000 0.032000 -0.998500 0.045500 0.059800 -0.996400 0.059400 0.100300 -0.991800 0.079600 0.156600 -0.981900 0.106500 0.229100 -0.963500 0.138900 0.314700 -0.933000 0.174400 0.410800 -0.888300 0.205300 0.501000 -0.825500 0.260000 -0.499600 -0.847400 0.179600 -0.537700 -0.828600 0.155600 -0.393600 -0.911000 0.123100 -0.286500 -0.951800 0.109800 -0.217300 -0.970900 0.100900 -0.158000 -0.984500 0.076500 -0.108600 -0.992200 0.061900 -0.073900 -0.995900 0.052000 -0.050000 -0.997800 0.043700 -0.033900 -0.998700 0.036700 -0.023300 -0.999300 0.030700 -0.016300 -0.999500 0.025600 -0.011100 -0.999700 0.021600 -0.006200 -0.999800 0.019000 -0.000000 -0.999800 0.018200 0.009200 -0.999800 0.019600 0.023500 -0.999400 0.023800 0.045800 -0.998400 0.032000 0.079700 -0.995800 0.045300 0.128700 -0.989600 0.064900 0.194800 -0.976600 0.090800 0.275200 -0.953700 0.121100 0.363500 -0.918800 0.153800 0.558000 -0.799600 0.222100 0.466300 -0.865600 0.182400 0.597400 -0.775900 0.202800 -0.538000 -0.834200 0.121000 -0.413000 -0.905700 0.095500 -0.303400 -0.949900 0.075500 -0.206800 -0.976200 0.065200 -0.144300 -0.987900 0.057100 -0.099600 -0.994000 0.045600 -0.066600 -0.997100 0.037100 -0.043700 -0.998600 0.030700 -0.028300 -0.999300 0.025300 -0.018400 -0.999600 0.020800 -0.012200 -0.999800 0.016800 -0.008000 -0.999900 0.013500 -0.004300 -0.999900 0.011100 0.000400 -1.000000 0.009500 0.007700 -0.999900 0.009200 0.019300 -0.999800 0.010600 0.037800 -0.999200 0.014300 0.066500 -0.997600 0.021400 0.108900 -0.993500 0.033500 0.168500 -0.984400 0.051600 0.246000 -0.966400 0.074400 0.334800 -0.937400 0.096200 0.432800 -0.893000 0.123500 0.570500 -0.806300 0.156000 -0.656800 -0.747600 0.098300 -0.664700 -0.743500 0.073300 -0.522500 -0.850400 0.061500 -0.389100 -0.919500 0.055600 -0.289000 -0.955700 0.056200 -0.205500 -0.977700 0.042400 -0.138700 -0.989700 0.036300 -0.092800 -0.995200 0.031100 -0.061000 -0.997800 0.025600 -0.038900 -0.999000 0.020900 -0.024200 -0.999600 0.017000 -0.014800 -0.999800 0.013700 -0.009000 -0.999900 0.010800 -0.005300 -1.000000 0.008200 -0.002200 -1.000000 0.005900 0.001700 -1.000000 0.004000 0.008000 -1.000000 0.002700 0.018200 -0.999800 0.002000 0.034700 -0.999400 0.002400 0.060000 -0.998200 0.004500 0.097600 -0.995200 0.009400 0.150500 -0.988400 0.018700 0.222700 -0.974300 0.034500 0.316100 -0.947200 0.053000 0.417900 -0.906300 0.063100 0.539300 -0.834000 0.117100 -0.675300 -0.736400 0.040300 -0.550100 -0.834500 0.031100 -0.420000 -0.907400 0.014600 -0.294900 -0.955400 0.014100 -0.203900 -0.978800 0.018700 -0.137800 -0.990300 0.017900 -0.090200 -0.995800 0.016800 -0.057700 -0.998200 0.014900 -0.035800 -0.999300 0.012500 -0.021400 -0.999700 0.010300 -0.012200 -0.999900 0.008200 -0.006600 -1.000000 0.006100 -0.003100 -1.000000 0.004100 -0.000100 -1.000000 0.002000 0.003700 -1.000000 -0.000200 0.009700 -1.000000 -0.002400 0.019500 -0.999800 -0.004700 0.035100 -0.999400 -0.006800 0.059000 -0.998200 -0.008600 0.094100 -0.995500 -0.009500 0.143200 -0.989700 -0.009100 0.207300 -0.978300 -0.005800 0.291800 -0.956400 0.007800 0.403900 -0.914600 0.017000 0.542500 -0.838900 0.044100 0.527300 -0.849700 -0.001100 0.673600 -0.738700 0.024500 -0.711700 -0.702300 -0.015800 -0.566300 -0.824200 0.006100 -0.431900 -0.901900 -0.012900 -0.314100 -0.949200 -0.017700 -0.214600 -0.976700 -0.010100 -0.142300 -0.989800 -0.002400 -0.091900 -0.995800 0.001900 -0.057500 -0.998300 0.003900 -0.034700 -0.999400 0.004300 -0.020000 -0.999800 0.003900 -0.010700 -0.999900 0.003000 -0.004900 -1.000000 0.001700 -0.001100 -1.000000 0.000100 0.002100 -1.000000 -0.001900 0.006200 -1.000000 -0.004500 0.012400 -0.999900 -0.007600 0.022500 -0.999700 -0.011100 0.038300 -0.999100 -0.015400 0.062100 -0.997900 -0.020200 0.096700 -0.995000 -0.025500 0.145800 -0.988800 -0.031200 0.209900 -0.976900 -0.039000 0.285300 -0.957300 -0.047500 0.377200 -0.925500 -0.035000 0.503600 -0.863500 -0.027700 0.656600 -0.754100 -0.015300 -0.584200 -0.811300 -0.020100 -0.565300 -0.821200 -0.077900 -0.439900 -0.897200 -0.039200 -0.329000 -0.943300 -0.044200 -0.230800 -0.972300 -0.036700 -0.153600 -0.987800 -0.025000 -0.098400 -0.995000 -0.015200 -0.060800 -0.998100 -0.008700 -0.036000 -0.999300 -0.005100 -0.020200 -0.999800 -0.003300 -0.010200 -0.999900 -0.002800 -0.003800 -1.000000 -0.003200 0.000600 -1.000000 -0.004500 0.004500 -1.000000 -0.006700 0.009300 -0.999900 -0.009800 0.016300 -0.999800 -0.013800 0.027100 -0.999500 -0.018700 0.043800 -0.998700 -0.024700 0.068600 -0.997100 -0.032100 0.103800 -0.993700 -0.041600 0.152800 -0.986900 -0.051700 0.221400 -0.973200 -0.062800 0.305100 -0.949000 -0.079400 0.397300 -0.913700 -0.085400 0.632600 -0.773000 -0.047700 0.516500 -0.851500 -0.090900 -0.584600 -0.802200 -0.121700 -0.432100 -0.897700 -0.086300 -0.333300 -0.940000 -0.073400 -0.245700 -0.967200 -0.064700 -0.169000 -0.984300 -0.050300 -0.110000 -0.993300 -0.035900 -0.068300 -0.997400 -0.024700 -0.040400 -0.999000 -0.017100 -0.022300 -0.999700 -0.012500 -0.010800 -0.999900 -0.010200 -0.003200 -0.999900 -0.009700 0.002300 -0.999900 -0.010700 0.007400 -0.999900 -0.013100 0.013300 -0.999800 -0.016900 0.021500 -0.999500 -0.022200 0.033300 -0.999000 -0.028800 0.051200 -0.998000 -0.036500 0.077800 -0.995900 -0.045800 0.115800 -0.991600 -0.058200 0.164900 -0.983400 -0.075700 0.228400 -0.969400 -0.090200 0.318900 -0.941800 -0.106200 0.408000 -0.903200 -0.133200 0.504400 -0.851100 -0.145400 -0.596500 -0.781400 -0.183300 -0.451300 -0.878200 -0.158300 -0.349400 -0.928200 -0.128000 -0.264600 -0.958800 -0.103400 -0.188600 -0.978600 -0.082000 -0.126600 -0.990000 -0.062400 -0.080500 -0.995700 -0.046300 -0.048500 -0.998200 -0.034300 -0.027200 -0.999300 -0.026200 -0.013100 -0.999700 -0.021400 -0.003500 -0.999800 -0.019400 0.003900 -0.999800 -0.019800 0.010800 -0.999700 -0.022400 0.018500 -0.999500 -0.027200 0.028400 -0.999000 -0.034000 0.041700 -0.998200 -0.043000 0.060500 -0.996700 -0.053200 0.088400 -0.994000 -0.064300 0.129600 -0.988600 -0.077000 0.186900 -0.977600 -0.096600 0.249200 -0.959700 -0.129700 0.314300 -0.938200 -0.145000 0.413500 -0.896000 -0.161900 0.528900 -0.826500 -0.192900 -0.568800 -0.795800 -0.207600 -0.511200 -0.828800 -0.227400 -0.399800 -0.898600 -0.180800 -0.298000 -0.942300 -0.152300 -0.215400 -0.968800 -0.122700 -0.148700 -0.984100 -0.097400 -0.097900 -0.992300 -0.076300 -0.061200 -0.996300 -0.059600 -0.035600 -0.998300 -0.047200 -0.017800 -0.999100 -0.039000 -0.005000 -0.999400 -0.034800 0.005200 -0.999400 -0.034100 0.014600 -0.999200 -0.036600 0.024800 -0.998800 -0.042200 0.037400 -0.998000 -0.050800 0.053200 -0.996600 -0.062400 0.073400 -0.994300 -0.076800 0.100800 -0.990700 -0.091400 0.142700 -0.984100 -0.105500 0.203000 -0.971800 -0.120000 0.286800 -0.946600 -0.147100 0.359100 -0.912400 -0.196300 0.520300 -0.827200 -0.212200 0.428600 -0.869600 -0.245200 -0.519700 -0.798900 -0.302700 -0.413100 -0.875400 -0.251100 -0.328200 -0.922900 -0.201500 -0.246800 -0.954000 -0.170000 -0.175900 -0.974200 -0.141700 -0.120300 -0.985800 -0.117100 -0.078700 -0.992200 -0.096200 -0.048400 -0.995700 -0.079400 -0.026100 -0.997400 -0.067000 -0.008900 -0.998200 -0.059300 0.005400 -0.998400 -0.056400 0.018600 -0.998100 -0.058200 0.032300 -0.997400 -0.064500 0.048000 -0.996100 -0.074700 0.067900 -0.993800 -0.088500 0.092000 -0.990000 -0.107200 0.119800 -0.984300 -0.129600 0.156900 -0.976700 -0.146600 0.216700 -0.962200 -0.164800 0.287300 -0.941400 -0.176800 0.389900 -0.897800 -0.204700 0.486200 -0.823700 -0.291700 -0.537900 -0.771600 -0.339500 -0.492400 -0.804600 -0.331800 -0.386400 -0.885500 -0.258000 -0.283000 -0.933000 -0.222200 -0.206300 -0.959000 -0.194500 -0.146600 -0.974600 -0.169600 -0.100900 -0.984000 -0.146700 -0.066000 -0.989800 -0.126300 -0.038900 -0.993200 -0.109500 -0.016500 -0.995100 -0.097200 0.003300 -0.995900 -0.090800 0.021700 -0.995600 -0.090600 0.040400 -0.994500 -0.096600 0.060400 -0.992200 -0.108600 0.083400 -0.988700 -0.124400 0.114600 -0.982900 -0.144000 0.149200 -0.973700 -0.172100 0.185500 -0.961200 -0.204200 0.228300 -0.949600 -0.214900 0.302600 -0.924300 -0.232500 0.512800 -0.814200 -0.272100 0.420500 -0.871900 -0.250900 -0.417900 -0.847400 -0.327600 -0.417200 -0.820000 -0.391900 -0.315300 -0.906000 -0.282400 -0.235600 -0.937700 -0.255200 -0.174400 -0.956400 -0.234400 -0.126900 -0.968800 -0.212700 -0.088100 -0.977800 -0.190100 -0.056700 -0.983700 -0.170400 -0.029300 -0.987700 -0.153300 -0.002700 -0.989900 -0.141400 0.022800 -0.990200 -0.138000 0.047300 -0.988700 -0.142400 0.074800 -0.985200 -0.154000 0.100800 -0.979300 -0.175400 0.131300 -0.972300 -0.193500 0.180600 -0.959000 -0.218500 0.222000 -0.941800 -0.252200 0.270600 -0.919300 -0.285900 0.397800 -0.866900 -0.300300 0.311800 -0.888500 -0.336600 -0.364500 -0.845700 -0.389800 -0.377800 -0.798200 -0.469200 -0.272000 -0.900600 -0.338900 -0.201000 -0.928300 -0.312900 -0.157700 -0.941900 -0.296400 -0.113700 -0.956100 -0.270200 -0.078300 -0.964800 -0.251100 -0.047300 -0.971700 -0.231600 -0.015000 -0.976900 -0.213200 0.020800 -0.978900 -0.203200 0.052600 -0.976800 -0.207700 0.083400 -0.973000 -0.215200 0.125600 -0.963900 -0.234700 0.150600 -0.951400 -0.268500 0.189500 -0.943000 -0.273700 0.240800 -0.916600 -0.319300 0.308800 -0.896100 -0.318700 0.376700 -0.830600 -0.410200 -0.334900 -0.821200 -0.462100 -0.319900 -0.777600 -0.541300 -0.231200 -0.877700 -0.419700 -0.209800 -0.891900 -0.400500 -0.143400 -0.922000 -0.359700 -0.102100 -0.932000 -0.347700 -0.067700 -0.941600 -0.329800 -0.030800 -0.950400 -0.309600 0.009000 -0.956400 -0.291900 0.059900 -0.955600 -0.288300 0.090700 -0.947600 -0.306300 0.130300 -0.944400 -0.302000 0.172600 -0.922300 -0.345900 0.224900 -0.908700 -0.351700 0.306600 -0.871700 -0.382300 0.271900 -0.845000 -0.460400 0.417300 -0.813700 -0.404800 -0.304900 -0.784200 -0.540400 -0.262900 -0.824100 -0.501700 -0.217100 -0.790600 -0.572600 -0.163200 -0.873400 -0.458800 -0.137700 -0.877400 -0.459600 -0.093300 -0.895100 -0.435900 -0.038600 -0.908600 -0.416000 0.001000 -0.911300 -0.411700 0.047000 -0.920600 -0.387800 0.091000 -0.909200 -0.406400 0.146400 -0.905200 -0.398800 0.230600 -0.879400 -0.416500 0.190400 -0.850300 -0.490600 0.309700 -0.832300 -0.459700 -0.199300 -0.780700 -0.592200 -0.151200 -0.816500 -0.557200 -0.102100 -0.826600 -0.553400 -0.051700 -0.755100 -0.653600 -0.027800 -0.850400 -0.525500 0.008800 -0.846200 -0.532800 0.045700 -0.853600 -0.518900 0.144000 -0.845700 -0.513800 0.080400 -0.834800 -0.544700 0.181300 -0.825900 -0.533800 -0.000700 -0.752800 -0.658200 0.050400 -0.765000 -0.642100 0.084600 -0.740200 -0.667100 -0.191500 -0.585000 0.788100 -0.198800 -0.687400 0.698600 -0.162800 -0.724600 0.669700 -0.165100 -0.601700 0.781400 -0.140500 -0.708500 0.691600 -0.107200 -0.616800 0.779800 -0.085100 -0.725000 0.683400 -0.047500 -0.602300 0.796900 0.018200 -0.622300 0.782500 0.078200 -0.613500 0.785900 0.122500 -0.687800 0.715400 0.158700 -0.578000 0.800400 0.160800 -0.681800 0.713600 0.213400 -0.541700 0.813000 0.212700 -0.656300 0.723900 0.245900 -0.592800 0.766900 -0.335400 -0.675600 0.656600 -0.359900 -0.679800 0.639000 -0.286100 -0.792000 0.539400 -0.286500 -0.690100 0.664600 -0.210500 -0.791500 0.573800 0.249100 -0.651200 0.716900 0.280800 -0.705900 0.650300 0.337900 -0.576600 0.743800 0.331900 -0.669500 0.664500 0.366500 -0.612900 0.700000 -0.442700 -0.627300 0.640700 -0.492700 -0.627900 0.602500 -0.396300 -0.753700 0.524300 -0.385800 -0.662200 0.642400 -0.328600 -0.790300 0.517200 0.375800 -0.659700 0.650800 0.407700 -0.694900 0.592400 0.482700 -0.546900 0.684000 0.467800 -0.642500 0.606900 0.516700 -0.577000 0.632500 -0.529200 -0.636600 0.560900 -0.561300 -0.639300 0.525500 -0.454600 -0.758400 0.467100 -0.363200 -0.825800 0.431400 0.544500 -0.552700 0.630900 0.528700 -0.632100 0.566600 0.594000 -0.560300 0.577300 -0.604700 -0.641000 0.472600 -0.601100 -0.669500 0.436500 -0.512600 -0.752900 0.412700 -0.424100 -0.822100 0.379800 0.627500 -0.562200 0.538800 0.586300 -0.663900 0.464200 0.663300 -0.555200 0.501800 -0.565300 -0.718300 0.405500 -0.489400 -0.798800 0.350000 0.579900 -0.733000 0.355700 0.663500 -0.639700 0.388000 -0.639900 -0.677900 0.361900 -0.663600 -0.674800 0.322800 -0.542700 -0.785800 0.296600 0.684200 -0.619400 0.384900 0.631600 -0.695800 0.341900 0.721800 -0.590000 0.361800 -0.664200 -0.693700 0.278500 -0.557000 -0.791400 0.251700 0.612100 -0.747700 0.257500 0.704300 -0.651200 0.282800 -0.772000 -0.589600 0.237400 -0.777600 -0.597400 0.196200 -0.658200 -0.725000 0.202900 0.694900 -0.675700 0.246000 0.705200 -0.682900 0.190800 0.777500 -0.576200 0.251800 -0.754100 -0.639400 0.149900 -0.669700 -0.724100 0.165000 0.691800 -0.706600 0.148900 0.778100 -0.602800 0.176700 -0.759600 -0.643800 0.091800 0.670500 -0.735800 0.095000 0.771300 -0.628100 0.102600 -0.778400 -0.627000 0.031400 0.766700 -0.640900 0.038700 -0.808200 -0.587500 -0.040200 0.768300 -0.639800 -0.019700 -0.803400 -0.586800 -0.101200 -0.708700 -0.701900 -0.070800 0.650700 -0.750000 -0.118700 0.745700 -0.662100 -0.074100 -0.793300 -0.585200 -0.168200 -0.712900 -0.690000 -0.125500 0.640600 -0.751000 -0.160000 0.753000 -0.642900 -0.140300 -0.811900 -0.538600 -0.225200 -0.717800 -0.670000 -0.189600 0.633100 -0.738500 -0.231700 0.746600 -0.625700 -0.226100 -0.723400 -0.654900 -0.218500 -0.729300 -0.612900 -0.304200 -0.632800 -0.732400 -0.251200 0.560500 -0.774400 -0.293700 0.689700 -0.673000 -0.267300 0.629200 -0.728900 -0.269800 -0.714800 -0.592000 -0.372400 -0.618200 -0.710100 -0.337100 0.576000 -0.736300 -0.355200 0.666700 -0.647400 -0.369400 -0.686800 -0.621700 -0.376500 -0.675900 -0.625500 -0.389900 -0.585300 -0.722000 -0.369100 0.533400 -0.777500 -0.333100 0.633400 -0.674300 -0.379700 0.609300 -0.707400 -0.358100 -0.663500 -0.593900 -0.455000 -0.569900 -0.692700 -0.441900 -0.501300 -0.753200 -0.425900 0.426600 -0.818300 -0.385200 0.540900 -0.730400 -0.417100 0.652400 -0.653200 -0.384400 -0.635100 -0.583100 -0.506600 -0.575800 -0.612000 -0.542100 -0.513800 -0.693900 -0.504500 -0.450500 -0.742100 -0.496300 0.452000 -0.752700 -0.478600 0.629600 -0.628300 -0.457000 0.544600 -0.622800 -0.561800 -0.547300 -0.582800 -0.600700 -0.490400 -0.597500 -0.634400 -0.460200 -0.682700 -0.567600 -0.413400 -0.706900 -0.573900 0.317300 -0.806000 -0.499600 0.433200 -0.760900 -0.483100 0.482200 -0.700000 -0.526800 0.494900 -0.689100 -0.529400 -0.465100 -0.600800 -0.650100 -0.412800 -0.675400 -0.611100 -0.395300 -0.615500 -0.681900 -0.331300 -0.702000 -0.630400 -0.298100 -0.717400 -0.629700 0.229000 -0.805100 -0.547100 0.324100 -0.768800 -0.551300 0.359000 -0.721800 -0.591700 0.365000 -0.698000 -0.616100 0.481700 -0.653200 -0.584100 -0.360700 -0.601400 -0.712900 -0.297400 -0.669500 -0.680700 -0.285900 -0.579500 -0.763100 -0.234200 -0.688300 -0.686600 -0.178300 -0.712900 -0.678200 -0.133700 -0.719000 -0.682100 0.135100 -0.735400 -0.664000 0.182500 -0.715100 -0.674800 0.261200 -0.707200 -0.657000 0.222700 -0.725200 -0.651600 0.350700 -0.654300 -0.670000 -0.226700 -0.596200 -0.770200 -0.153000 -0.625900 -0.764700 -0.074500 -0.651000 -0.755400 -0.011000 -0.644200 -0.764700 0.055100 -0.663600 -0.746000 0.108800 -0.656200 -0.746700 0.173500 -0.630000 -0.757000 0.229000 -0.598200 -0.767900 -0.135300 -0.403000 0.905100 -0.167800 -0.502400 0.848200 -0.119300 -0.513600 0.849700 -0.071300 -0.412500 0.908200 -0.073300 -0.503000 0.861200 -0.015400 -0.398300 0.917100 -0.003400 -0.498800 0.866700 0.037400 -0.392700 0.918900 0.045700 -0.513000 0.857200 0.081100 -0.385500 0.919100 0.096200 -0.511600 0.853800 0.144400 -0.410400 0.900400 -0.343300 -0.417600 0.841300 -0.386200 -0.478700 0.788500 -0.344500 -0.546700 0.763200 -0.287600 -0.472100 0.833300 -0.277700 -0.570600 0.772800 -0.239600 -0.486800 0.840000 0.166700 -0.520300 0.837600 0.237700 -0.475100 0.847200 0.272600 -0.450400 0.850200 0.271700 -0.534100 0.800600 0.311500 -0.401600 0.861200 0.332200 -0.498100 0.801000 0.387200 -0.443800 0.808200 -0.495900 -0.408700 0.766200 -0.535800 -0.458200 0.709200 -0.474100 -0.522200 0.708900 -0.466900 -0.426200 0.774800 -0.411200 -0.553200 0.724500 0.409500 -0.471400 0.781100 0.411500 -0.551200 0.725800 0.457100 -0.411900 0.788300 0.506600 -0.476500 0.718500 0.541100 -0.390400 0.744800 -0.579500 -0.411700 0.703300 -0.608000 -0.487800 0.626400 -0.563000 -0.528200 0.635600 0.549900 -0.434300 0.713500 0.579800 -0.477500 0.660200 0.614200 -0.398300 0.681300 -0.669500 -0.444100 0.595400 -0.692300 -0.465900 0.551100 -0.633000 -0.550300 0.544400 0.620200 -0.433400 0.653800 0.656300 -0.478000 0.583800 0.682300 -0.408200 0.606400 -0.741600 -0.410500 0.530700 -0.729800 -0.483200 0.483700 -0.672300 -0.550700 0.494800 0.692200 -0.453000 0.561900 0.723700 -0.498400 0.477300 0.757800 -0.400100 0.515400 -0.745900 -0.486100 0.455300 -0.676800 -0.596200 0.431900 0.739300 -0.543700 0.397400 0.765900 -0.455300 0.454000 -0.810300 -0.443200 0.383400 -0.838500 -0.443300 0.316800 -0.740600 -0.560800 0.370300 0.759500 -0.509400 0.404500 0.782500 -0.521200 0.340600 0.823700 -0.423400 0.377100 -0.840900 -0.469600 0.269000 -0.766800 -0.562300 0.309500 0.774500 -0.562500 0.289400 0.819800 -0.465300 0.333800 -0.824000 -0.517400 0.231100 0.815100 -0.513900 0.267400 -0.807200 -0.562000 0.180600 0.841100 -0.507700 0.186400 0.841700 -0.524400 0.129000 0.902000 -0.397000 0.169700 -0.889500 -0.428500 0.158600 -0.918100 -0.386000 0.090100 -0.841400 -0.529700 0.107100 0.842100 -0.532300 0.086300 0.898000 -0.421700 0.125600 -0.921700 -0.385500 0.042800 -0.853400 -0.518400 0.054300 0.845700 -0.532900 0.028200 0.895800 -0.438400 0.073000 -0.923600 -0.383200 -0.012100 -0.871100 -0.491100 0.003100 0.838000 -0.543500 -0.048700 0.895300 -0.445400 -0.001500 -0.920700 -0.383300 -0.073700 -0.875100 -0.479800 -0.063400 0.830700 -0.549000 -0.092500 0.895000 -0.440900 -0.067900 -0.866600 -0.486100 -0.112800 -0.849600 -0.495000 -0.182200 0.831000 -0.536400 -0.147700 0.895500 -0.427600 -0.123700 -0.860300 -0.441800 -0.254300 0.872500 -0.442300 -0.207900 0.802500 -0.548000 -0.235900 -0.843600 -0.446400 -0.298300 -0.799300 -0.533200 -0.277100 0.732800 -0.611700 -0.298100 0.800700 -0.520100 -0.297300 -0.842200 -0.406600 -0.354100 -0.791700 -0.497400 -0.354600 0.736900 -0.567400 -0.367500 0.818000 -0.461500 -0.343400 -0.787100 -0.484800 -0.381300 -0.797000 -0.402200 -0.450600 -0.755300 -0.520000 -0.398800 0.679300 -0.607400 -0.411900 0.759200 -0.500900 -0.415600 0.739900 -0.513300 -0.434900 -0.786400 -0.385000 -0.483000 -0.739800 -0.494000 -0.456700 0.741300 -0.490700 -0.458000 0.693900 -0.551100 -0.463500 -0.716100 -0.461600 -0.523600 -0.682400 -0.410500 -0.604700 -0.639500 -0.500200 -0.583800 0.635800 -0.518700 -0.571600 0.722500 -0.490800 -0.486900 -0.617800 -0.446200 -0.647500 -0.599100 -0.410700 -0.687300 -0.545000 -0.498700 -0.674000 0.521400 -0.600700 -0.606000 0.653000 -0.456300 -0.604400 0.593700 -0.521100 -0.613200 -0.541700 -0.459700 -0.703700 -0.535700 -0.399300 -0.744000 -0.498000 -0.508300 -0.702500 -0.441300 -0.558600 -0.702300 0.370100 -0.608900 -0.701600 0.457700 -0.572100 -0.680600 0.571300 -0.507500 -0.645000 0.542300 -0.548000 -0.636800 -0.474000 -0.448800 -0.757500 -0.449200 -0.480300 -0.753300 -0.415300 -0.419500 -0.807200 -0.387700 -0.519600 -0.761400 -0.332700 -0.551200 -0.765200 0.267900 -0.601500 -0.752600 0.323200 -0.564400 -0.759600 0.444700 -0.503100 -0.741000 0.400500 -0.563600 -0.722500 0.495300 -0.452000 -0.741900 -0.353600 -0.433200 -0.829000 -0.306400 -0.477300 -0.823600 -0.237400 -0.528500 -0.815100 -0.208500 -0.434100 -0.876400 -0.152600 -0.529800 -0.834300 -0.096400 -0.545600 -0.832500 -0.044900 -0.543800 -0.838000 0.037600 -0.545800 -0.837100 0.098100 -0.551000 -0.828700 0.146400 -0.550500 -0.821900 0.278300 -0.524200 -0.804800 0.208200 -0.544200 -0.812700 0.311500 -0.484000 -0.817800 0.362100 -0.453500 -0.814400 -0.125900 -0.427800 -0.895100 -0.065900 -0.442700 -0.894200 0.004900 -0.451600 -0.892200 0.082300 -0.450500 -0.889000 0.137100 -0.440600 -0.887200 0.179100 -0.425000 -0.887300 -0.216800 -0.299200 0.929200 -0.263700 -0.379200 0.886900 -0.201000 -0.406000 0.891500 -0.147900 -0.319500 0.936000 -0.067900 -0.336500 0.939200 -0.012600 -0.322800 0.946400 0.042800 -0.312700 0.948900 0.095000 -0.300600 0.949000 0.148400 -0.302500 0.941500 0.194600 -0.406300 0.892800 0.203400 -0.298300 0.932500 0.262800 -0.403500 0.876400 0.292000 -0.318400 0.901900 -0.403300 -0.278000 0.871800 -0.466900 -0.309900 0.828200 -0.407500 -0.374900 0.832700 -0.352500 -0.317400 0.880300 -0.313000 -0.364100 0.877200 0.329500 -0.376900 0.865700 0.336700 -0.331900 0.881200 0.382900 -0.333100 0.861600 0.439600 -0.373700 0.816800 0.453400 -0.293300 0.841700 -0.507300 -0.295600 0.809500 -0.553000 -0.335900 0.762400 0.489400 -0.343200 0.801700 0.550900 -0.318900 0.771200 -0.605300 -0.280100 0.745000 -0.622500 -0.375300 0.686800 0.590900 -0.344300 0.729600 0.636100 -0.319200 0.702500 -0.697600 -0.329800 0.636000 -0.734900 -0.338000 0.587900 0.660200 -0.348100 0.665500 0.698000 -0.327100 0.637000 -0.778100 -0.304700 0.549300 -0.789800 -0.348300 0.504800 0.730200 -0.361900 0.579500 0.780500 -0.329200 0.531500 -0.846800 -0.269300 0.458700 -0.871400 -0.322200 0.370000 -0.814600 -0.359400 0.455200 0.790500 -0.359400 0.495900 0.797300 -0.421500 0.432000 0.835900 -0.329000 0.439400 -0.882600 -0.339500 0.325300 0.845000 -0.345000 0.408500 -0.862500 -0.390400 0.322200 0.846600 -0.384300 0.368100 0.863300 -0.408200 0.296700 0.903400 -0.305800 0.300600 -0.900000 -0.325700 0.289700 -0.929700 -0.305800 0.205400 -0.865000 -0.427300 0.263200 0.880300 -0.409900 0.239000 0.920300 -0.306600 0.243200 -0.939200 -0.305700 0.156200 -0.880000 -0.430200 0.201400 0.926800 -0.322600 0.192400 -0.950400 -0.294100 0.101400 0.922900 -0.361900 0.131700 -0.952200 -0.301600 0.047500 0.926900 -0.372800 0.043300 -0.951500 -0.307400 -0.008800 0.931100 -0.363400 -0.032100 -0.948900 -0.307900 -0.069200 0.934600 -0.342100 -0.097400 -0.934900 -0.322800 -0.147900 -0.900100 -0.408900 -0.150200 0.929500 -0.333600 -0.157300 -0.933200 -0.285000 -0.218700 -0.899300 -0.388100 -0.201700 0.860400 -0.428500 -0.275800 0.915000 -0.338400 -0.219600 -0.896400 -0.360200 -0.258400 -0.879400 -0.351200 -0.321500 0.855800 -0.400100 -0.327900 0.905600 -0.310400 -0.289000 -0.877000 -0.318600 -0.359800 0.887600 -0.295500 -0.353300 0.849100 -0.381300 -0.365600 -0.868100 -0.287000 -0.405000 -0.832100 -0.384100 -0.400200 0.782500 -0.417300 -0.462200 0.837900 -0.359100 -0.411000 -0.830300 -0.312800 -0.461300 -0.811000 -0.279700 -0.513900 0.730800 -0.436800 -0.524600 0.809000 -0.345900 -0.475300 0.791900 -0.379600 -0.478400 -0.773600 -0.339900 -0.534800 -0.729500 -0.309500 -0.610000 0.765000 -0.342200 -0.545700 0.723800 -0.400400 -0.562000 -0.688700 -0.317700 -0.651700 -0.644800 -0.327100 -0.690800 0.690900 -0.382400 -0.613500 0.632400 -0.389500 -0.669700 -0.601200 -0.334400 -0.725800 -0.553000 -0.315600 -0.771100 0.614900 -0.391000 -0.684900 0.550700 -0.429900 -0.715500 -0.508700 -0.345700 -0.788500 -0.479600 -0.285200 -0.829900 -0.470600 -0.373100 -0.799600 0.428200 -0.455700 -0.780400 0.522400 -0.349000 -0.778000 0.494200 -0.388400 -0.777800 -0.407500 -0.322600 -0.854300 -0.365300 -0.355600 -0.860300 -0.349700 -0.277900 -0.894700 -0.327400 -0.376600 -0.866600 -0.274300 -0.412100 -0.868900 0.243300 -0.441900 -0.863400 0.363500 -0.405300 -0.838800 0.305400 -0.421600 -0.853800 0.381100 -0.364800 -0.849500 0.426100 -0.348200 -0.835000 -0.287700 -0.299100 -0.909800 -0.219400 -0.333000 -0.917000 -0.157100 -0.332700 -0.929900 -0.096200 -0.343500 -0.934200 -0.027200 -0.367100 -0.929800 0.050700 -0.379600 -0.923800 0.138400 -0.374300 -0.916900 0.197500 -0.340700 -0.919200 0.242300 -0.321100 -0.915500 -0.282000 -0.191000 0.940200 -0.332800 -0.244800 0.910700 -0.283500 -0.284900 0.915700 -0.240300 -0.203300 0.949200 -0.170900 -0.228600 0.958400 -0.094100 -0.249600 0.963800 -0.038800 -0.260800 0.964600 0.047200 -0.272500 0.961000 0.110200 -0.246000 0.963000 0.154200 -0.229000 0.961100 0.197500 -0.218300 0.955700 0.268500 -0.220300 0.937800 0.354400 -0.277800 0.892900 0.346200 -0.188500 0.919000 -0.417200 -0.187800 0.889200 -0.469900 -0.228100 0.852700 -0.365600 -0.228300 0.902400 0.377600 -0.252100 0.891000 0.396900 -0.260200 0.880200 0.454500 -0.233500 0.859600 -0.520000 -0.195700 0.831400 -0.558800 -0.252800 0.789800 0.507300 -0.265900 0.819700 0.560800 -0.262200 0.785300 -0.672100 -0.175500 0.719400 -0.720600 -0.221400 0.657100 -0.655800 -0.260600 0.708600 -0.636300 -0.188100 0.748200 0.619600 -0.257300 0.741500 0.648100 -0.252300 0.718600 -0.742900 -0.235100 0.626800 0.694100 -0.254700 0.673400 0.720000 -0.251300 0.646900 -0.793100 -0.219100 0.568300 -0.823500 -0.238900 0.514600 0.761800 -0.292000 0.578300 0.798100 -0.228000 0.557700 -0.865100 -0.210600 0.455300 -0.889200 -0.243000 0.387700 0.814400 -0.273800 0.511700 0.848200 -0.247800 0.468000 -0.896900 -0.245200 0.368000 0.857600 -0.246000 0.451700 -0.922900 -0.181100 0.339800 -0.939000 -0.218200 0.265900 -0.894600 -0.278100 0.349900 0.880400 -0.287100 0.377500 0.929200 -0.219900 0.296900 -0.956000 -0.215300 0.199200 0.938300 -0.229500 0.258600 -0.961900 -0.223000 0.158400 0.932400 -0.271600 0.238400 -0.964900 -0.236100 0.114600 0.938800 -0.307100 0.155800 0.949700 -0.305400 0.069400 0.974100 -0.204200 0.096900 -0.964400 -0.259500 0.050600 0.956800 -0.290700 0.004400 0.977900 -0.205500 0.037800 -0.968800 -0.244600 -0.040500 0.959900 -0.275400 -0.051800 0.979600 -0.200600 -0.015200 -0.963200 -0.245100 -0.110600 0.958900 -0.261900 -0.109600 0.980700 -0.181300 -0.073200 -0.957500 -0.237300 -0.163700 0.971200 -0.191200 -0.142500 0.948900 -0.252900 -0.188800 -0.952500 -0.198400 -0.231200 0.936200 -0.248000 -0.249000 -0.941300 -0.185700 -0.282000 -0.916800 -0.278200 -0.286500 0.928200 -0.209600 -0.307500 -0.910400 -0.241100 -0.336100 -0.899400 -0.230800 -0.371200 0.906000 -0.214600 -0.364800 0.868500 -0.272000 -0.414400 -0.886700 -0.193700 -0.419800 0.852000 -0.270200 -0.448500 -0.851800 -0.237100 -0.467100 -0.824600 -0.203400 -0.527900 0.841600 -0.241500 -0.483000 0.813500 -0.275800 -0.512000 -0.795500 -0.193600 -0.574200 -0.774700 -0.243500 -0.583500 0.783600 -0.259600 -0.564400 0.730700 -0.293500 -0.616400 -0.744500 -0.217700 -0.631200 -0.715900 -0.171800 -0.676700 -0.685600 -0.248600 -0.684200 0.660200 -0.307800 -0.685100 0.721500 -0.282800 -0.632000 -0.660200 -0.219300 -0.718300 -0.626700 -0.166500 -0.761300 -0.606700 -0.253200 -0.753500 0.571600 -0.324300 -0.753700 0.673600 -0.240700 -0.698900 0.642500 -0.281100 -0.712900 -0.557700 -0.229200 -0.797800 -0.529500 -0.245700 -0.811900 -0.489700 -0.191400 -0.850600 0.552800 -0.245700 -0.796300 0.499800 -0.290700 -0.815900 0.586700 -0.249000 -0.770500 -0.438400 -0.229600 -0.869000 -0.407600 -0.245500 -0.879600 -0.361500 -0.199400 -0.910800 0.313100 -0.325600 -0.892200 0.431400 -0.282800 -0.856700 0.375700 -0.308200 -0.874000 0.444600 -0.262500 -0.856400 -0.306900 -0.200400 -0.930400 -0.249200 -0.242400 -0.937600 -0.189000 -0.250400 -0.949500 -0.141700 -0.190100 -0.971500 -0.107600 -0.262600 -0.958900 -0.047600 -0.277800 -0.959500 0.010700 -0.295100 -0.955400 0.076200 -0.312500 -0.946900 0.243000 -0.291100 -0.925300 0.160400 -0.318700 -0.934200 0.266000 -0.245100 -0.932300 0.301500 -0.227500 -0.925900 -0.070700 -0.182400 -0.980700 -0.010500 -0.204800 -0.978700 0.043900 -0.212700 -0.976100 0.101200 -0.215100 -0.971300 -0.031300 -0.117800 0.992500 -0.060500 -0.195800 0.978800 -0.001200 -0.219300 0.975600 0.031100 -0.139300 0.989800 0.077900 -0.236300 0.968600 0.120000 -0.167300 0.978600 -0.293400 -0.099300 0.950800 -0.337100 -0.158000 0.928100 -0.254900 -0.108700 0.960800 -0.188900 -0.139600 0.972000 -0.128100 -0.169400 0.977200 0.156700 -0.212300 0.964500 0.178500 -0.168500 0.969400 0.213100 -0.156600 0.964400 0.269800 -0.157700 0.949900 0.333600 -0.120100 0.935000 -0.425000 -0.107900 0.898700 -0.471100 -0.163300 0.866800 -0.380300 -0.142700 0.913800 0.385500 -0.159300 0.908800 0.409400 -0.182800 0.893800 0.461400 -0.167100 0.871300 -0.575500 -0.096600 0.812100 -0.638100 -0.108000 0.762400 -0.573500 -0.177000 0.799900 -0.539600 -0.110000 0.834700 0.529000 -0.183200 0.828600 0.560800 -0.166400 0.811100 0.623800 -0.187500 0.758700 0.631300 -0.122900 0.765800 -0.685200 -0.094600 0.722200 -0.716700 -0.131500 0.684900 0.651200 -0.149600 0.744000 0.703800 -0.182300 0.686600 0.712000 -0.119900 0.691800 -0.759600 -0.076400 0.645900 -0.807700 -0.135400 0.573800 -0.757300 -0.148300 0.636000 0.728500 -0.157900 0.666600 0.771000 -0.203400 0.603400 0.776300 -0.128800 0.617000 -0.829800 -0.157300 0.535400 0.796900 -0.142800 0.587000 -0.875000 -0.146800 0.461300 -0.899700 -0.166400 0.403600 0.831400 -0.202900 0.517300 0.864700 -0.143200 0.481500 -0.913600 -0.148600 0.378400 0.884800 -0.155100 0.439400 0.903400 -0.210900 0.373400 0.927000 -0.133100 0.350600 -0.938000 -0.111800 0.328100 -0.951700 -0.151300 0.267200 0.942500 -0.142200 0.302400 -0.965300 -0.149700 0.213900 0.948200 -0.142200 0.284100 -0.970400 -0.159700 0.180900 0.949900 -0.170900 0.261800 0.956000 -0.220900 0.192900 0.979200 -0.115600 0.166500 -0.966500 -0.201200 0.159200 0.989400 -0.114100 0.090100 -0.980200 -0.155900 0.122200 -0.991200 -0.128200 0.033600 -0.971300 -0.223700 0.080600 0.992000 -0.121500 0.034500 -0.993600 -0.109200 -0.028900 -0.978400 -0.206600 0.000400 0.992400 -0.121500 -0.017100 -0.980900 -0.184600 -0.061300 -0.977300 -0.168100 -0.129300 0.991800 -0.103100 -0.075600 -0.972900 -0.143800 -0.181200 0.965700 -0.165500 -0.200200 0.984600 -0.108400 -0.137100 -0.962800 -0.107800 -0.247800 0.973300 -0.093700 -0.209600 0.954100 -0.169100 -0.247100 -0.951600 -0.098400 -0.291100 0.945300 -0.129500 -0.299300 -0.927200 -0.157900 -0.339700 -0.911700 -0.145500 -0.384200 0.893600 -0.176900 -0.412600 0.928800 -0.123100 -0.349400 -0.894400 -0.111700 -0.433100 0.909300 -0.099600 -0.404100 0.876500 -0.172200 -0.449600 -0.863000 -0.165200 -0.477400 -0.822800 -0.125300 -0.554300 0.860800 -0.153900 -0.485100 0.821000 -0.180100 -0.541700 -0.796000 -0.111100 -0.595000 0.749800 -0.197500 -0.631600 0.802100 -0.171800 -0.572000 -0.762200 -0.142700 -0.631500 -0.728400 -0.087900 -0.679500 0.759500 -0.120600 -0.639200 0.714100 -0.190500 -0.673700 -0.681800 -0.124100 -0.720900 -0.640500 -0.078700 -0.763900 0.689400 -0.153400 -0.707900 0.649200 -0.195500 -0.735100 -0.590500 -0.132300 -0.796200 -0.553800 -0.148500 -0.819300 -0.497700 -0.118300 -0.859200 0.573400 -0.166900 -0.802100 0.496800 -0.218100 -0.840000 0.611300 -0.170200 -0.772900 -0.450800 -0.141200 -0.881400 -0.406200 -0.086800 -0.909600 -0.410400 -0.158000 -0.898100 0.383100 -0.224000 -0.896100 0.462700 -0.162900 -0.871400 0.441100 -0.183600 -0.878500 -0.349500 -0.114400 -0.929900 -0.300100 -0.124100 -0.945800 -0.247900 -0.164800 -0.954700 -0.210700 -0.091200 -0.973300 -0.201000 -0.162700 -0.966000 0.194700 -0.239000 -0.951300 0.302400 -0.171800 -0.937600 0.266200 -0.202500 -0.942400 0.318300 -0.153600 -0.935500 0.363300 -0.144100 -0.920500 -0.136900 -0.107800 -0.984700 -0.073900 -0.105100 -0.991700 -0.014500 -0.125800 -0.991900 0.037200 -0.131000 -0.990700 0.094300 -0.129000 -0.987200 0.166300 -0.137800 -0.976400 -0.092600 -0.042100 0.994800 -0.155700 -0.085700 0.984100 -0.096400 -0.120900 0.988000 -0.026500 -0.038200 0.998900 0.036300 -0.057400 0.997700 0.109000 -0.070700 0.991500 0.192000 -0.129600 0.972800 0.186600 -0.036000 0.981800 -0.284800 -0.023000 0.958300 -0.333000 -0.083700 0.939200 -0.248500 -0.035600 0.968000 -0.199600 -0.069900 0.977400 0.213200 -0.097000 0.972200 0.229900 -0.094800 0.968600 0.273400 -0.099600 0.956700 0.327400 -0.052500 0.943400 -0.469500 -0.017100 0.882700 -0.535300 -0.035500 0.843900 -0.475500 -0.092300 0.874900 -0.419200 -0.033600 0.907300 -0.373100 -0.067700 0.925300 0.380800 -0.078600 0.921300 0.421100 -0.098300 0.901700 0.456600 -0.094100 0.884700 0.530700 -0.106400 0.840800 0.539800 -0.040500 0.840800 -0.594000 -0.019200 0.804200 -0.642400 -0.039400 0.765400 0.590300 -0.087400 0.802400 0.633500 -0.046200 0.772300 -0.685000 -0.015800 0.728400 -0.719500 -0.052700 0.692500 0.672600 -0.075000 0.736200 0.714600 -0.039200 0.698400 -0.762200 -0.014000 0.647200 -0.801500 -0.059100 0.595000 0.744100 -0.074500 0.663800 0.774700 -0.042400 0.630900 -0.841000 -0.019500 0.540700 -0.887700 -0.076700 0.453900 -0.842800 -0.083900 0.531600 0.810300 -0.061300 0.582700 0.842900 -0.127600 0.522700 0.857100 -0.045600 0.513000 -0.905500 -0.085000 0.415600 0.877600 -0.039500 0.477800 -0.924700 -0.069100 0.374500 0.897700 -0.081400 0.433000 0.930700 -0.067500 0.359400 -0.945500 -0.045400 0.322400 -0.958200 -0.092500 0.270900 0.947600 -0.062300 0.313300 -0.969400 -0.087400 0.229600 0.959100 -0.038700 0.280300 -0.972900 -0.088400 0.213500 0.966800 -0.073600 0.244800 0.985900 -0.045400 0.161000 -0.982000 -0.028500 0.186800 -0.991900 -0.061600 0.110800 -0.974000 -0.119300 0.192800 0.994600 -0.046300 0.093300 -0.998000 -0.049800 0.039100 0.998100 -0.050100 0.034600 -0.999200 -0.033300 -0.022000 0.998800 -0.040700 -0.026200 -0.995400 -0.039800 -0.087500 -0.988700 -0.115800 -0.095000 0.994700 -0.035800 -0.096500 -0.984900 -0.085100 -0.150400 -0.978600 -0.071700 -0.192800 0.987000 -0.039100 -0.156000 -0.969400 -0.037400 -0.242500 0.974700 -0.021900 -0.222600 0.962200 -0.075100 -0.261900 -0.959000 -0.024800 -0.282300 0.947600 -0.046200 -0.316100 -0.938700 -0.085100 -0.334000 -0.923400 -0.070800 -0.377200 0.934500 -0.035600 -0.354200 -0.903700 -0.038100 -0.426600 0.916200 -0.015500 -0.400500 0.890000 -0.080700 -0.448900 -0.876600 -0.026100 -0.480400 -0.865100 -0.099800 -0.491500 0.835800 -0.095500 -0.540700 0.871700 -0.068500 -0.485200 -0.836300 -0.051400 -0.545800 -0.802600 -0.031900 -0.595700 0.834400 -0.027800 -0.550400 0.800300 -0.086600 -0.593300 -0.768000 -0.053900 -0.638200 -0.732100 -0.008600 -0.681100 0.768500 -0.051400 -0.637700 0.726200 -0.103900 -0.679600 -0.688300 -0.042100 -0.724200 -0.643300 -0.007200 -0.765600 0.693900 -0.074100 -0.716200 0.654300 -0.116600 -0.747200 -0.595600 -0.053500 -0.801500 -0.555000 -0.008200 -0.831800 -0.548300 -0.071200 -0.833200 0.501300 -0.143500 -0.853300 0.619100 -0.081200 -0.781100 0.564700 -0.085300 -0.820900 -0.494500 -0.047300 -0.867900 -0.456600 -0.062800 -0.887500 -0.407900 -0.012500 -0.912900 0.468700 -0.054000 -0.881700 0.434400 -0.098100 -0.895400 0.494700 -0.062900 -0.866800 -0.357000 -0.032900 -0.933500 -0.317500 -0.043700 -0.947200 -0.263300 -0.072500 -0.962000 -0.224300 -0.021700 -0.974300 0.325400 -0.084600 -0.941800 0.252500 -0.120500 -0.960100 0.341900 -0.076700 -0.936600 0.374500 -0.078000 -0.923900 -0.158000 -0.039500 -0.986600 -0.096600 -0.039500 -0.994500 -0.023900 -0.046500 -0.998600 0.033400 -0.057200 -0.997800 0.088300 -0.064300 -0.994000 0.160100 -0.069700 -0.984600 -0.109900 0.024800 0.993600 -0.171700 -0.014800 0.985000 -0.041800 0.029900 0.998700 0.034500 0.022000 0.999200 0.109100 -0.000500 0.994000 0.169300 0.038300 0.984800 -0.274400 0.045200 0.960600 -0.324200 -0.009700 0.945900 -0.239600 0.038800 0.970100 -0.218500 0.018700 0.975700 0.217200 0.002400 0.976100 0.242100 -0.024200 0.970000 0.278600 -0.036000 0.959700 0.328100 0.018800 0.944400 -0.482300 0.054900 0.874300 -0.545400 0.023900 0.837800 -0.429100 0.042200 0.902300 -0.370400 0.015600 0.928700 0.374900 -0.002000 0.927100 0.430000 -0.021600 0.902600 0.475500 -0.026200 0.879300 0.538500 0.016900 0.842500 -0.603800 0.056600 0.795100 -0.641300 0.024400 0.766900 0.594300 -0.008900 0.804200 0.633900 0.024500 0.773100 -0.681800 0.055900 0.729400 -0.723000 0.019900 0.690600 0.677600 -0.005900 0.735400 0.719800 0.035000 0.693300 -0.762700 0.054400 0.644500 -0.798800 0.017200 0.601300 0.750900 0.004500 0.660400 0.777400 0.048700 0.627100 -0.839700 0.035200 0.541900 -0.880900 -0.011600 0.473200 0.810600 0.012900 0.585400 0.850800 0.033300 0.524500 -0.905100 -0.011300 0.425000 0.878700 0.043600 0.475300 -0.929400 0.005100 0.369100 0.906900 -0.013400 0.421200 0.932800 0.002900 0.360300 -0.946000 0.024100 0.323300 -0.960800 -0.029800 0.275700 0.949500 0.019100 0.313100 -0.970500 -0.018100 0.240600 0.964000 0.044600 0.262000 -0.976300 0.008100 0.216300 0.975200 -0.001100 0.221300 0.988400 0.016000 0.151300 -0.984600 0.042500 0.169700 -0.993800 0.005200 0.111000 0.995800 0.013900 0.090600 -0.998900 0.025100 0.038600 0.999600 0.019100 0.021200 -0.998900 0.030100 -0.035300 0.998800 0.028400 -0.039500 -0.994600 0.022500 -0.101500 0.994900 0.025000 -0.097900 -0.986300 -0.016900 -0.163800 -0.977500 0.014100 -0.210500 0.986300 0.024600 -0.163100 -0.971600 0.034100 -0.234400 0.968800 0.051700 -0.242200 0.959900 0.015400 -0.279800 -0.961200 0.041700 -0.272700 0.949600 0.035500 -0.311500 -0.945600 -0.011900 -0.325000 -0.927300 0.012500 -0.374200 0.935600 0.042500 -0.350600 -0.899400 0.036800 -0.435600 0.911200 0.058500 -0.407700 0.888900 0.004000 -0.458000 -0.871000 0.047100 -0.489100 0.865700 0.017200 -0.500300 -0.834000 0.012900 -0.551600 -0.794300 0.051000 -0.605400 0.830500 0.038200 -0.555700 0.800000 -0.003400 -0.599900 -0.769900 0.021900 -0.637800 -0.731100 0.062300 -0.679400 0.772900 0.022600 -0.634100 0.734700 -0.026900 -0.677900 -0.689700 0.030000 -0.723500 -0.647200 0.062200 -0.759800 0.696900 0.002800 -0.717200 0.655600 -0.038200 -0.754100 -0.607000 0.023100 -0.794400 -0.562200 0.050000 -0.825500 0.615200 0.005900 -0.788300 0.568900 -0.013700 -0.822300 -0.505600 0.029300 -0.862300 -0.468800 0.014800 -0.883200 -0.418700 0.050200 -0.906700 0.475000 0.034800 -0.879300 0.428100 -0.023300 -0.903400 0.513300 0.016500 -0.858000 -0.353200 0.037700 -0.934800 -0.315200 0.034100 -0.948400 -0.282200 0.013800 -0.959200 -0.244600 0.046700 -0.968500 0.235800 -0.058000 -0.970100 0.344300 0.015800 -0.938700 0.295300 -0.013200 -0.955300 0.380000 -0.007700 -0.925000 -0.166800 0.022200 -0.985700 -0.102400 0.018800 -0.994600 -0.039000 0.016100 -0.999100 0.026900 0.009600 -0.999600 0.082100 0.008500 -0.996600 0.132400 -0.003700 -0.991200 0.188200 0.013600 -0.982000 -0.115300 0.103300 0.987900 -0.186900 0.062000 0.980400 -0.044700 0.102300 0.993700 0.018400 0.095800 0.995200 0.089600 0.070900 0.993500 0.137300 0.111400 0.984200 -0.267800 0.105000 0.957700 -0.323000 0.061400 0.944400 -0.221900 0.102400 0.969700 -0.201300 0.113200 0.973000 0.192700 0.091000 0.977000 0.240800 0.053100 0.969100 0.283400 0.032300 0.958400 0.334700 0.087900 0.938200 -0.469500 0.119000 0.874900 -0.552900 0.079800 0.829400 -0.424400 0.115500 0.898100 -0.378800 0.091000 0.921000 0.379500 0.079800 0.921800 0.423700 0.054300 0.904200 0.469800 0.046900 0.881500 0.532700 0.078600 0.842600 -0.601200 0.135200 0.787600 -0.638800 0.096700 0.763300 0.584600 0.068700 0.808400 0.631700 0.087700 0.770200 -0.679100 0.118800 0.724400 -0.721700 0.092100 0.686100 0.678300 0.066700 0.731800 0.718400 0.100600 0.688400 -0.759500 0.119200 0.639500 -0.799300 0.092000 0.593900 0.754000 0.085500 0.651300 0.776800 0.131000 0.616000 -0.838700 0.093600 0.536500 -0.881800 0.058100 0.468100 0.812300 0.077600 0.578000 0.854500 0.111500 0.507300 -0.906100 0.062100 0.418500 0.879000 0.121700 0.461000 -0.923500 0.085200 0.374000 0.909800 0.060100 0.410700 0.931200 0.079900 0.355800 -0.939500 0.091600 0.330100 -0.959300 0.036700 0.280100 0.948700 0.090500 0.302900 -0.969400 0.056800 0.238700 0.965000 0.117300 0.234500 -0.976900 0.093100 0.192300 0.977400 0.061100 0.202400 0.988500 0.078600 0.129100 -0.983900 0.111800 0.139200 -0.993000 0.072400 0.092900 0.994700 0.076300 0.069200 -0.995300 0.093900 0.024700 0.995600 0.093200 0.011900 -0.994600 0.097100 -0.036200 0.994800 0.093300 -0.039800 -0.989800 0.095700 -0.105200 0.991700 0.087400 -0.094600 -0.982700 0.055600 -0.176800 -0.975600 0.103600 -0.193500 0.981900 0.090000 -0.166700 -0.971200 0.094900 -0.218500 0.956800 0.140600 -0.254700 0.954100 0.110400 -0.278300 -0.958200 0.100500 -0.267700 0.948500 0.105200 -0.298700 -0.944300 0.058700 -0.323900 -0.920200 0.087100 -0.381700 0.931700 0.104200 -0.347900 -0.896500 0.109900 -0.429200 0.899200 0.123500 -0.419800 0.884300 0.086500 -0.458900 -0.872600 0.113400 -0.475200 0.866400 0.094300 -0.490400 -0.826300 0.073700 -0.558300 -0.784700 0.134700 -0.605100 0.824700 0.111800 -0.554400 0.798500 0.086700 -0.595700 -0.763600 0.098300 -0.638100 -0.725300 0.124200 -0.677100 0.771600 0.094000 -0.629100 0.736700 0.051600 -0.674300 -0.687800 0.099800 -0.719000 -0.646000 0.128000 -0.752600 0.697100 0.079200 -0.712600 0.656600 0.044900 -0.752900 -0.608200 0.102400 -0.787200 -0.561500 0.114600 -0.819500 0.611000 0.081900 -0.787400 0.563200 0.062000 -0.824000 -0.494800 0.096200 -0.863700 -0.468900 0.096400 -0.878000 -0.423400 0.113200 -0.898800 0.477500 0.113200 -0.871300 0.430300 0.050400 -0.901300 0.520000 0.095500 -0.848800 -0.344700 0.096500 -0.933800 -0.305000 0.104700 -0.946600 -0.287400 0.104500 -0.952100 -0.260600 0.126200 -0.957200 0.277300 0.114500 -0.953900 0.206200 0.087200 -0.974600 0.281400 0.055200 -0.958000 0.337200 0.094900 -0.936600 0.383400 0.068400 -0.921000 -0.170300 0.082100 -0.982000 -0.103400 0.079500 -0.991500 -0.045900 0.077300 -0.996000 0.014400 0.069400 -0.997500 0.084900 0.066200 -0.994200 0.138800 0.070700 -0.987800 -0.170400 0.158700 0.972500 -0.078200 0.183000 0.980000 -0.002800 0.169700 0.985500 0.065900 0.149000 0.986600 -0.266500 0.157900 0.950800 -0.331000 0.126500 0.935100 -0.208300 0.157100 0.965400 -0.165200 0.165300 0.972300 -0.124900 0.202500 0.971300 -0.038300 0.222800 0.974100 0.042100 0.209700 0.976900 0.119100 0.172500 0.977800 0.183100 0.158400 0.970300 0.232800 0.129800 0.963800 0.282200 0.101600 0.954000 0.334300 0.152400 0.930100 -0.546800 0.143500 0.824900 -0.416100 0.193000 0.888600 -0.477200 0.190100 0.858000 -0.385400 0.168800 0.907200 0.388000 0.148400 0.909600 0.430900 0.129900 0.893000 0.478200 0.185900 0.858300 0.479400 0.124400 0.868700 -0.565200 0.207500 0.798400 -0.632500 0.173900 0.754800 -0.542800 0.220700 0.810300 0.538900 0.156300 0.827700 0.565600 0.154000 0.810100 0.623700 0.159300 0.765300 -0.671000 0.173100 0.721000 -0.725600 0.174600 0.665600 0.663300 0.156900 0.731700 0.706800 0.160000 0.689100 -0.754000 0.189600 0.628900 -0.802100 0.168500 0.572900 0.744800 0.162800 0.647200 0.781700 0.201700 0.590100 -0.867700 0.135600 0.478200 -0.823700 0.171500 0.540500 0.797600 0.210200 0.565300 0.812800 0.137600 0.566100 -0.857500 0.197200 0.475200 -0.894100 0.137400 0.426300 0.842400 0.181900 0.507200 0.867400 0.196800 0.457000 -0.910900 0.152800 0.383200 0.902400 0.136800 0.408600 0.926700 0.152200 0.343600 -0.931200 0.154600 0.330100 -0.954700 0.104000 0.278800 0.944000 0.154800 0.291400 -0.964200 0.130800 0.230900 0.954500 0.184000 0.234800 -0.970300 0.157900 0.183200 0.965300 0.198200 0.169900 0.974800 0.123400 0.186000 -0.986700 0.146000 0.071400 -0.977700 0.170400 0.122400 0.980100 0.148900 0.131000 0.987500 0.142300 0.067900 -0.986700 0.162300 0.006400 -0.977800 0.203300 0.050600 0.987400 0.158000 0.010300 -0.982900 0.171500 -0.067300 -0.977400 0.209900 -0.025400 0.985700 0.162800 -0.043400 -0.976300 0.146500 -0.159100 -0.975900 0.186000 -0.114400 0.981300 0.163700 -0.100800 -0.974900 0.153200 -0.161300 0.956300 0.248900 -0.153700 0.948000 0.221000 -0.229100 0.965200 0.181500 -0.188400 -0.967200 0.148000 -0.206700 0.952200 0.177600 -0.248400 -0.951200 0.153900 -0.267500 0.945000 0.162000 -0.284000 -0.935400 0.122900 -0.331500 -0.907000 0.163100 -0.388400 0.925400 0.157000 -0.345000 -0.886300 0.189300 -0.422600 0.881900 0.194300 -0.429500 0.869200 0.178200 -0.461200 -0.854800 0.188000 -0.483800 -0.821300 0.140400 -0.552900 -0.805200 0.222100 -0.549800 0.830900 0.226000 -0.508400 0.803700 0.188900 -0.564300 0.847600 0.168000 -0.503400 -0.793400 0.212700 -0.570400 0.792500 0.180800 -0.582500 -0.753500 0.178700 -0.632700 -0.721500 0.177600 -0.669200 0.759200 0.172400 -0.627600 0.731100 0.149700 -0.665600 -0.668300 0.180000 -0.721800 -0.636100 0.197600 -0.745900 0.692200 0.160800 -0.703600 0.659800 0.140900 -0.738100 -0.588500 0.180300 -0.788200 -0.566800 0.190600 -0.801500 -0.505900 0.165100 -0.846600 -0.506000 0.224200 -0.832900 0.611600 0.153600 -0.776100 0.564600 0.137500 -0.813800 -0.458200 0.179300 -0.870600 -0.439300 0.184400 -0.879200 -0.366200 0.159400 -0.916800 -0.370200 0.211000 -0.904700 0.461100 0.194700 -0.865700 0.426800 0.123800 -0.895800 0.509400 0.164600 -0.844700 -0.300300 0.166800 -0.939100 -0.268200 0.176500 -0.947100 -0.255400 0.211200 -0.943500 -0.201500 0.161000 -0.966200 -0.194700 0.234400 -0.952400 0.236900 0.193300 -0.952100 0.195000 0.135400 -0.971400 0.298300 0.172100 -0.938800 0.361100 0.160000 -0.918700 -0.110500 0.148400 -0.982700 -0.046800 0.141800 -0.988800 0.007300 0.141000 -0.990000 0.065300 0.125000 -0.990000 0.124700 0.132200 -0.983400 -0.275600 0.221000 0.935500 -0.345800 0.195100 0.917800 -0.207700 0.216500 0.953900 -0.151900 0.212800 0.965200 -0.105900 0.228900 0.967700 -0.053000 0.249100 0.967000 0.016100 0.257400 0.966200 0.081500 0.244700 0.966200 0.141300 0.224700 0.964100 0.206600 0.216100 0.954300 0.265600 0.175900 0.947900 0.315900 0.224500 0.921900 -0.402900 0.255700 0.878800 -0.473200 0.248300 0.845300 -0.371500 0.252400 0.893500 0.372400 0.220700 0.901400 0.417500 0.200700 0.886200 0.480200 0.238000 0.844200 -0.616000 0.225200 0.754800 -0.509000 0.299300 0.807000 -0.552200 0.285800 0.783200 0.525600 0.227400 0.819800 0.574800 0.256700 0.777000 0.592300 0.216300 0.776200 -0.706500 0.233500 0.668000 -0.624400 0.282200 0.728400 -0.648700 0.264700 0.713600 0.628900 0.245100 0.737900 0.652000 0.281500 0.704000 0.681000 0.219300 0.698700 -0.786800 0.238600 0.569200 -0.704800 0.283900 0.650100 -0.732200 0.267600 0.626400 0.695300 0.251700 0.673200 0.713000 0.293100 0.636900 0.741400 0.220200 0.634000 -0.772900 0.294700 0.562000 -0.818300 0.248600 0.518200 0.773200 0.271000 0.573400 0.794600 0.287000 0.535000 -0.842900 0.251500 0.475600 -0.886400 0.207900 0.413500 0.829500 0.241500 0.503700 0.859100 0.264200 0.438400 -0.902400 0.223500 0.368300 0.873000 0.275800 0.402200 0.889500 0.199700 0.410900 -0.923000 0.224600 0.312400 -0.948600 0.176000 0.262900 0.907600 0.222500 0.355900 0.930800 0.230100 0.284100 -0.954800 0.214000 0.206300 0.945400 0.245800 0.214000 -0.964600 0.221200 0.144000 0.949900 0.271900 0.154100 -0.966900 0.239400 0.088200 0.959600 0.261000 0.105100 0.972900 0.206900 0.103000 -0.968200 0.248500 0.028600 0.962700 0.268700 0.031300 0.975700 0.213400 0.050400 -0.972600 0.229600 -0.036000 0.958700 0.281100 -0.042600 0.974300 0.225000 -0.008300 -0.972500 0.209300 -0.102500 0.951900 0.278300 -0.127900 0.967800 0.241300 -0.072100 -0.966700 0.206000 -0.151600 0.949900 0.250000 -0.187700 -0.958700 0.203600 -0.198500 0.947100 0.226000 -0.228000 -0.939700 0.210900 -0.269300 0.933400 0.218400 -0.284500 -0.919700 0.186400 -0.345700 -0.890200 0.247600 -0.382300 0.884600 0.291100 -0.364500 0.863100 0.272900 -0.424900 0.900500 0.226100 -0.371300 -0.874100 0.257100 -0.412200 0.856700 0.249500 -0.451500 -0.840300 0.249300 -0.481400 -0.798700 0.304600 -0.518900 0.810900 0.280300 -0.513700 0.796100 0.254100 -0.549200 -0.775800 0.297700 -0.556300 -0.750700 0.233700 -0.618000 -0.728500 0.291300 -0.620100 0.774900 0.260400 -0.575900 0.736800 0.246300 -0.629700 0.757500 0.221700 -0.614100 -0.715100 0.267100 -0.646000 -0.670700 0.236300 -0.703000 -0.652300 0.284900 -0.702400 0.704100 0.270000 -0.656700 0.675600 0.242200 -0.696300 0.699900 0.208300 -0.683200 -0.632000 0.272300 -0.725500 -0.582800 0.247600 -0.774000 -0.573200 0.304500 -0.760700 0.646900 0.266600 -0.714500 0.610500 0.239300 -0.755000 0.637800 0.193900 -0.745400 -0.541300 0.266800 -0.797400 -0.505500 0.282500 -0.815300 0.557200 0.265600 -0.786800 0.508500 0.229700 -0.829800 0.570400 0.183500 -0.800600 -0.441200 0.242800 -0.863900 -0.414000 0.252300 -0.874600 -0.376400 0.274500 -0.884900 0.411400 0.284000 -0.866100 0.363700 0.237300 -0.900800 0.417600 0.202700 -0.885700 0.463600 0.251700 -0.849600 -0.294700 0.222500 -0.929300 -0.243300 0.227000 -0.943000 -0.214100 0.256900 -0.942400 -0.174100 0.299600 -0.938000 -0.123600 0.244600 -0.961700 -0.091000 0.308900 -0.946700 0.173100 0.276900 -0.945200 0.132200 0.210000 -0.968700 0.183700 0.192800 -0.963900 0.233100 0.257700 -0.937700 0.294200 0.241100 -0.924800 -0.047900 0.216200 -0.975200 0.006600 0.212700 -0.977100 0.065100 0.195600 -0.978500 -0.339300 0.281900 0.897500 -0.265400 0.299700 0.916400 -0.143400 0.271500 0.951700 -0.207600 0.295200 0.932600 -0.099100 0.279600 0.955000 -0.052000 0.288500 0.956100 0.005400 0.297700 0.954600 0.068500 0.299000 0.951800 0.133400 0.282900 0.949800 0.169200 0.339600 0.925200 0.203800 0.282600 0.937300 0.259700 0.259900 0.930100 -0.470500 0.306700 0.827400 -0.344100 0.313600 0.885000 -0.414500 0.323800 0.850500 -0.306200 0.338400 0.889800 -0.238100 0.371600 0.897300 0.247300 0.332200 0.910200 0.318500 0.295800 0.900600 0.365800 0.279400 0.887800 0.421800 0.330000 0.844500 0.430600 0.263300 0.863300 -0.470200 0.365100 0.803500 -0.543300 0.334700 0.770000 -0.456600 0.379200 0.804800 0.475600 0.309300 0.823500 0.502300 0.292600 0.813700 0.562500 0.312300 0.765600 -0.607400 0.327200 0.723900 -0.656500 0.337000 0.674900 0.596600 0.333100 0.730100 0.626200 0.342700 0.700300 -0.685400 0.334500 0.646800 -0.730400 0.339300 0.592800 0.654300 0.349000 0.670800 0.691800 0.348000 0.632700 -0.751300 0.353500 0.557400 -0.806300 0.316700 0.499700 0.749400 0.325200 0.576800 0.797000 0.348000 0.493700 -0.862000 0.273400 0.426900 -0.819900 0.326300 0.470500 0.794300 0.377000 0.476400 0.812000 0.302300 0.499300 -0.843700 0.338900 0.416400 -0.887900 0.283600 0.362200 0.833500 0.331300 0.442300 0.864600 0.336400 0.373200 -0.931200 0.257600 0.257900 -0.901900 0.295000 0.315500 0.874800 0.355600 0.328900 0.895000 0.287800 0.340800 -0.938400 0.278300 0.204700 -0.911600 0.328000 0.247700 0.911400 0.303700 0.277700 0.929200 0.305400 0.207900 -0.926800 0.333200 0.173200 -0.950900 0.277500 0.137400 0.936900 0.323300 0.132600 -0.953400 0.291600 0.077800 0.948000 0.309500 0.074000 -0.958300 0.285000 0.020800 0.947200 0.320600 0.007400 -0.964200 0.261400 -0.044000 0.947600 0.313300 -0.062400 -0.960300 0.261500 -0.097600 0.946200 0.298500 -0.124900 -0.950800 0.269600 -0.152700 0.939800 0.290200 -0.180700 -0.938700 0.274900 -0.207900 0.931500 0.281200 -0.230800 -0.908100 0.299600 -0.292600 -0.896500 0.266600 -0.353900 -0.875600 0.349300 -0.333700 0.887100 0.364100 -0.283700 0.864200 0.356300 -0.355400 0.904200 0.302000 -0.302000 -0.876500 0.321900 -0.358100 0.859200 0.323100 -0.396700 -0.843800 0.329800 -0.423300 -0.820800 0.310500 -0.479500 -0.798000 0.386100 -0.462800 0.812300 0.368000 -0.452600 0.793400 0.343100 -0.502800 0.830800 0.310500 -0.461900 -0.796800 0.364000 -0.482400 0.792800 0.319000 -0.519300 -0.756300 0.354500 -0.549900 -0.728100 0.341700 -0.594300 0.761600 0.324900 -0.560700 0.727900 0.329600 -0.601300 -0.680000 0.334500 -0.652400 -0.646700 0.332700 -0.686400 0.692500 0.351100 -0.630300 0.668700 0.342500 -0.659900 -0.595100 0.342600 -0.727000 -0.564500 0.362900 -0.741400 0.635200 0.352900 -0.687000 0.602600 0.341700 -0.721200 -0.515200 0.332100 -0.790100 -0.493400 0.351200 -0.795700 -0.451100 0.306000 -0.838400 -0.440400 0.365400 -0.820100 0.545700 0.343500 -0.764300 0.495500 0.311700 -0.810700 -0.385800 0.309100 -0.869300 -0.358300 0.343700 -0.868000 -0.315900 0.301700 -0.899600 -0.292700 0.365800 -0.883500 0.334400 0.374700 -0.864700 0.292600 0.318700 -0.901600 0.349100 0.303600 -0.886500 0.381700 0.348200 -0.856200 0.430500 0.328700 -0.840600 -0.239200 0.285700 -0.928000 -0.192300 0.299400 -0.934600 -0.140500 0.318600 -0.937400 -0.069000 0.345000 -0.936100 -0.016100 0.298700 -0.954200 0.018000 0.345700 -0.938200 0.042100 0.280100 -0.959100 0.095500 0.329400 -0.939300 0.102100 0.269500 -0.957600 0.149300 0.341300 -0.928000 0.221300 0.318000 -0.921900 -0.165600 0.357300 0.919200 -0.110800 0.351900 0.929500 -0.061500 0.342800 0.937400 -0.002500 0.341300 0.940000 0.059000 0.346900 0.936000 0.114200 0.347700 0.930600 -0.401400 0.381500 0.832700 -0.284400 0.376800 0.881600 -0.348700 0.385900 0.854100 -0.229900 0.394700 0.889600 -0.155800 0.408200 0.899500 -0.088000 0.401000 0.911800 -0.022600 0.388500 0.921200 0.051700 0.389700 0.919500 0.112100 0.399100 0.910000 0.173700 0.394900 0.902200 0.241600 0.386100 0.890300 0.299700 0.355800 0.885200 0.349800 0.411100 0.841800 0.362500 0.349200 0.864100 -0.504600 0.377600 0.776400 -0.419800 0.437000 0.795500 -0.472700 0.441900 0.762400 -0.395300 0.447300 0.802300 0.414500 0.396400 0.819200 0.455200 0.367300 0.811100 0.506200 0.402800 0.762500 0.536800 0.364500 0.760900 -0.641700 0.390000 0.660300 -0.538100 0.420400 0.730600 -0.578300 0.401600 0.710100 0.549800 0.421300 0.721200 0.578200 0.443500 0.684800 0.599700 0.395800 0.695500 -0.700400 0.384700 0.601200 -0.615500 0.443000 0.651900 -0.643500 0.414400 0.643500 0.613700 0.426800 0.664200 0.636000 0.451200 0.626000 0.656900 0.393300 0.643200 -0.774300 0.383200 0.503700 -0.694200 0.424900 0.580900 -0.724700 0.422200 0.544600 0.679100 0.388200 0.623100 0.718600 0.419900 0.554300 0.766200 0.343600 0.543000 -0.749600 0.443800 0.491100 -0.807200 0.388700 0.444200 0.769600 0.419500 0.481300 0.791800 0.439300 0.424400 -0.864200 0.353000 0.358600 -0.818600 0.405200 0.407100 0.788000 0.461500 0.407600 0.815400 0.395200 0.423000 -0.843600 0.412100 0.344300 -0.886400 0.354500 0.297900 0.836400 0.407100 0.367000 0.862800 0.405000 0.302500 -0.892000 0.381300 0.242800 0.876100 0.413500 0.247900 0.897800 0.362400 0.250100 -0.931900 0.341500 0.122600 -0.903800 0.389000 0.178100 0.880700 0.440200 0.174800 0.907700 0.375000 0.188200 -0.935700 0.344100 0.077900 -0.909600 0.397300 0.121300 0.913700 0.382700 0.137100 0.929600 0.362200 0.067900 -0.939500 0.340600 0.037200 -0.910200 0.409100 0.065200 0.932300 0.361700 -0.002400 -0.922000 0.387100 0.004100 -0.948300 0.315900 -0.030300 0.932500 0.354800 -0.066900 -0.944100 0.318600 -0.085200 0.931100 0.345000 -0.118300 -0.924800 0.349900 -0.149400 -0.911600 0.359500 -0.199200 -0.883600 0.434200 -0.175200 0.894000 0.425600 -0.139900 0.874700 0.437800 -0.208100 0.915400 0.361400 -0.177500 -0.891100 0.368200 -0.265200 -0.876500 0.415300 -0.243300 0.868300 0.413800 -0.273700 0.904700 0.361700 -0.225300 -0.870400 0.392500 -0.297200 0.858400 0.390600 -0.332500 -0.844800 0.397800 -0.358000 -0.823900 0.391900 -0.409300 -0.792900 0.458100 -0.401900 0.809500 0.441100 -0.387400 0.790300 0.422300 -0.444000 0.833600 0.384800 -0.396300 -0.785700 0.450400 -0.424100 0.790400 0.382600 -0.478400 -0.768800 0.433600 -0.470100 -0.747200 0.390700 -0.537600 -0.715500 0.450400 -0.534100 0.762600 0.391300 -0.515200 0.716500 0.416600 -0.559500 0.745000 0.372800 -0.553100 -0.710500 0.421900 -0.563200 -0.678000 0.387700 -0.624500 -0.657500 0.429000 -0.619400 0.682700 0.443000 -0.581000 0.669300 0.427800 -0.607400 0.687700 0.395200 -0.609000 -0.640200 0.411800 -0.648500 -0.599000 0.384700 -0.702300 -0.578200 0.427900 -0.694700 0.640100 0.421200 -0.642500 0.597300 0.409600 -0.689500 0.637700 0.392800 -0.662600 -0.548500 0.428900 -0.717800 -0.514000 0.394100 -0.761900 -0.501400 0.454100 -0.736500 0.544800 0.446200 -0.710000 0.531000 0.410100 -0.741500 0.568300 0.381800 -0.728900 -0.461000 0.405800 -0.789200 -0.431300 0.428400 -0.794000 -0.384500 0.376400 -0.842900 -0.374400 0.438000 -0.817300 0.453700 0.415200 -0.788500 0.403700 0.408700 -0.818500 0.491100 0.339600 -0.802200 -0.322600 0.380700 -0.866600 -0.272200 0.412200 -0.869500 -0.230400 0.367600 -0.901000 -0.208200 0.443500 -0.871700 -0.182200 0.370400 -0.910800 -0.142000 0.434600 -0.889400 0.172400 0.457300 -0.872400 0.139300 0.402600 -0.904700 0.200000 0.391900 -0.898000 0.253200 0.429200 -0.867000 0.263300 0.376800 -0.888100 0.306000 0.432100 -0.848400 0.365800 0.413900 -0.833600 -0.125000 0.358200 -0.925200 -0.072300 0.371400 -0.925700 -0.004800 0.379400 -0.925200 0.069600 0.378500 -0.923000 -0.337100 0.444700 0.829800 -0.223600 0.437500 0.871000 -0.281700 0.452200 0.846300 -0.172600 0.442700 0.879900 -0.109900 0.441400 0.890500 -0.040100 0.438700 0.897700 0.027400 0.431100 0.901900 0.098300 0.440200 0.892500 0.163200 0.443100 0.881500 0.226300 0.435800 0.871100 0.267400 0.489700 0.829900 0.290600 0.430600 0.854500 -0.438400 0.477000 0.761800 -0.370800 0.487300 0.790600 -0.428200 0.515600 0.742200 -0.320000 0.501800 0.803600 0.340300 0.472300 0.813100 0.394800 0.436600 0.808400 0.438900 0.471200 0.765100 0.475800 0.436100 0.763800 -0.570400 0.467700 0.675200 -0.472100 0.525000 0.708100 -0.516300 0.493700 0.699800 0.478500 0.496400 0.724300 0.511400 0.529600 0.676800 0.528900 0.471300 0.705800 -0.570600 0.489800 0.659200 -0.643800 0.465900 0.607000 -0.542800 0.520200 0.659400 0.550200 0.498900 0.669600 0.589700 0.463500 0.661400 0.630900 0.502500 0.591200 -0.667000 0.485200 0.565500 -0.714700 0.462900 0.524400 0.644900 0.525400 0.555000 0.668500 0.471400 0.575300 -0.771300 0.456000 0.444100 -0.723200 0.501600 0.474700 0.691900 0.495900 0.524700 0.714100 0.536100 0.450200 0.772000 0.464600 0.433800 -0.747300 0.508100 0.428300 -0.805000 0.450400 0.386200 0.740500 0.534500 0.407400 0.769700 0.512000 0.381400 -0.857600 0.427000 0.286500 -0.817600 0.470800 0.331400 0.785000 0.519500 0.337300 0.814200 0.464300 0.348500 -0.835300 0.483900 0.260800 -0.873700 0.430900 0.225900 0.832400 0.472300 0.289800 0.856500 0.461800 0.230400 -0.881000 0.442100 0.168400 0.856600 0.487200 0.169900 -0.887000 0.448300 0.110800 0.872500 0.478000 0.101500 0.897600 0.427900 0.105400 -0.885300 0.462900 0.043500 0.884300 0.466000 0.027900 0.907300 0.417500 0.049400 -0.916500 0.397000 -0.048600 -0.893600 0.448800 -0.010700 0.880300 0.472000 -0.048100 0.910600 0.412800 -0.022000 -0.906300 0.409500 -0.104300 -0.882000 0.462800 -0.089300 0.869100 0.475700 -0.135700 0.902100 0.423400 -0.083500 -0.869200 0.463000 -0.173700 0.854500 0.471100 -0.218800 -0.861500 0.450900 -0.233500 0.848100 0.454300 -0.272800 -0.836600 0.463900 -0.291500 -0.819700 0.456600 -0.345900 -0.793300 0.512000 -0.329400 0.799500 0.516500 -0.306600 0.785000 0.495300 -0.372200 0.824500 0.458900 -0.331200 -0.780800 0.496700 -0.379000 0.792400 0.447300 -0.414800 -0.736500 0.519400 -0.433300 -0.743300 0.486300 -0.459400 -0.711600 0.525700 -0.466100 0.770400 0.460600 -0.440900 0.718700 0.499300 -0.483900 0.761100 0.431100 -0.484700 -0.700800 0.496300 -0.512400 0.666100 0.537000 -0.517700 0.662200 0.508600 -0.550300 0.701300 0.471400 -0.534800 -0.669900 0.482900 -0.563900 -0.648400 0.471200 -0.598000 0.655200 0.485600 -0.578600 -0.595500 0.472000 -0.650100 -0.563100 0.492900 -0.663300 0.616200 0.482000 -0.622800 0.576600 0.478100 -0.662500 -0.526500 0.470400 -0.708200 -0.482600 0.510200 -0.711900 -0.455600 0.469100 -0.756600 -0.439000 0.522900 -0.730600 0.476600 0.511500 -0.715000 0.417100 0.529600 -0.738600 0.445700 0.485200 -0.752300 0.523400 0.512400 -0.680800 -0.403200 0.471100 -0.784500 -0.357400 0.498800 -0.789600 -0.316400 0.452800 -0.833600 -0.288800 0.515300 -0.806900 0.312200 0.549500 -0.775000 0.290900 0.487500 -0.823300 0.347500 0.481100 -0.804800 0.364200 0.542000 -0.757400 0.381600 0.482100 -0.788600 -0.259400 0.450500 -0.854300 -0.211500 0.474000 -0.854700 -0.134100 0.482200 -0.865800 -0.085800 0.433200 -0.897200 -0.050100 0.479700 -0.876000 -0.025800 0.424700 -0.905000 0.022000 0.476100 -0.879100 0.044000 0.431200 -0.901200 0.093500 0.490900 -0.866200 0.100000 0.444500 -0.890200 0.160400 0.502000 -0.849900 0.225200 0.477300 -0.849400 -0.252100 0.509000 0.823100 -0.196400 0.505800 0.840000 -0.148200 0.497700 0.854600 -0.032400 0.482500 0.875300 -0.094900 0.498400 0.861700 0.028700 0.481200 0.876200 0.059600 0.551100 0.832300 0.101300 0.492100 0.864700 0.161200 0.492100 0.855500 0.214400 0.495900 0.841500 -0.391500 0.525300 0.755500 -0.301200 0.518600 0.800200 -0.362700 0.560300 0.744700 -0.227500 0.549200 0.804100 -0.165000 0.557200 0.813800 -0.102700 0.572900 0.813200 0.129600 0.554200 0.822200 0.209000 0.540100 0.815300 0.273800 0.535200 0.799200 0.326700 0.505700 0.798400 0.347300 0.558200 0.753500 0.400700 0.509600 0.761400 -0.499800 0.552800 0.666800 -0.418400 0.571800 0.705700 -0.469100 0.580800 0.665300 0.392400 0.569100 0.722500 0.438300 0.591000 0.677300 0.462300 0.542700 0.701200 -0.620200 0.496500 0.607300 -0.511300 0.575800 0.638000 -0.550400 0.563000 0.616500 -0.492600 0.591600 0.638200 0.483200 0.585800 0.650700 0.518300 0.533400 0.668400 0.530400 0.587800 0.610900 0.575000 0.509100 0.640400 -0.679400 0.526600 0.510900 -0.621600 0.551600 0.556200 -0.643100 0.542700 0.540200 0.597200 0.573500 0.560800 0.617500 0.587000 0.523500 -0.688800 0.549100 0.473300 -0.644000 0.592200 0.484300 0.630800 0.596100 0.496700 0.664600 0.573300 0.479100 -0.771200 0.513800 0.375800 -0.688500 0.572500 0.445300 -0.720900 0.564100 0.402500 0.650400 0.602200 0.463000 0.687000 0.592000 0.421400 0.726100 0.550600 0.411900 -0.754800 0.563000 0.336600 -0.804200 0.504900 0.313500 0.725300 0.579700 0.371300 0.767500 0.548100 0.332500 -0.843500 0.495300 0.208000 -0.810400 0.528000 0.254000 0.789200 0.557600 0.257600 0.812400 0.520800 0.262300 -0.852500 0.497900 0.159300 -0.813100 0.549400 0.192400 0.790100 0.588500 0.171500 0.818600 0.535800 0.206800 -0.855500 0.509200 0.094200 -0.822100 0.553900 0.131900 0.794200 0.598500 0.104500 0.829400 0.538900 0.147200 -0.852200 0.522100 0.032500 -0.810500 0.582800 0.058600 0.843700 0.529600 0.088300 0.857500 0.514200 0.017500 -0.821800 0.569800 -0.008500 -0.867000 0.497200 -0.033200 0.856100 0.513800 -0.056200 -0.862400 0.497700 -0.092500 0.805200 0.587600 -0.080300 0.788000 0.596100 -0.153800 0.841300 0.524700 -0.129700 -0.842900 0.514400 -0.157600 -0.829000 0.517400 -0.212000 -0.795100 0.580500 -0.175500 0.790200 0.572200 -0.219600 0.832000 0.520800 -0.191000 -0.812300 0.519600 -0.264900 -0.791900 0.562400 -0.237800 0.778600 0.551300 -0.299700 0.814800 0.523600 -0.249000 -0.790900 0.527800 -0.309700 0.781000 0.518500 -0.348100 -0.739000 0.565800 -0.365800 -0.749100 0.530000 -0.397400 -0.704200 0.574900 -0.416600 0.748400 0.557700 -0.358900 0.700500 0.592400 -0.397900 0.755000 0.513200 -0.408100 -0.665700 0.588700 -0.458600 -0.662800 0.573800 -0.481100 -0.619700 0.618400 -0.483300 0.650100 0.608900 -0.454500 0.638500 0.586900 -0.497900 0.688500 0.555900 -0.465800 -0.641200 0.538700 -0.546500 -0.613400 0.583800 -0.531900 0.640900 0.550200 -0.535300 -0.622200 0.553300 -0.553800 -0.593700 0.515500 -0.617900 -0.562000 0.560300 -0.608500 0.598400 0.585400 -0.547000 0.553600 0.585400 -0.592300 0.600200 0.534400 -0.595100 -0.541700 0.552800 -0.633200 -0.515200 0.536300 -0.668600 -0.487800 0.605200 -0.629100 -0.482600 0.558100 -0.675000 -0.453500 0.579200 -0.677400 0.477100 0.618000 -0.624800 0.449500 0.620800 -0.642300 0.472000 0.565600 -0.676200 0.508900 0.609000 -0.608400 0.536900 0.548000 -0.641500 -0.409000 0.579200 -0.705200 -0.387600 0.533200 -0.752000 -0.348900 0.586500 -0.731000 0.403000 0.617600 -0.675400 0.363800 0.601800 -0.710900 0.416300 0.563800 -0.713300 -0.330700 0.531700 -0.779700 -0.275500 0.559200 -0.782000 -0.232500 0.526200 -0.817900 -0.210800 0.577200 -0.788900 -0.184000 0.526200 -0.830200 -0.142400 0.590300 -0.794500 -0.124900 0.526900 -0.840700 -0.072400 0.584900 -0.807900 0.098700 0.609500 -0.786600 0.081400 0.540100 -0.837700 0.136200 0.551800 -0.822800 0.163700 0.603300 -0.780600 0.194100 0.553200 -0.810100 0.246300 0.589000 -0.769600 0.244600 0.540400 -0.805100 0.319800 0.589400 -0.741800 -0.054800 0.517100 -0.854200 0.014700 0.521500 -0.853100 -0.040100 0.560700 0.827000 0.012300 0.560400 0.828100 -0.312500 0.564800 0.763800 -0.244100 0.575600 0.780500 -0.164300 0.592100 0.788900 -0.197200 0.623100 0.756800 -0.092200 0.613500 0.784300 -0.017700 0.620700 0.783800 0.056400 0.615700 0.786000 0.128100 0.591200 0.796300 0.156100 0.653700 0.740500 0.219500 0.592400 0.775100 0.261200 0.587200 0.766100 0.303600 0.578700 0.756900 -0.429700 0.602900 0.672200 -0.320800 0.618000 0.717800 -0.377700 0.633500 0.675300 -0.238000 0.639600 0.731000 0.224000 0.651400 0.724900 0.284400 0.633900 0.719200 0.331300 0.615300 0.715300 0.362100 0.653300 0.664900 0.409100 0.615300 0.673900 -0.543100 0.610300 0.576700 -0.499700 0.625800 0.598900 -0.439900 0.629500 0.640500 -0.468000 0.640300 0.609100 0.405300 0.645800 0.647000 0.436900 0.643700 0.628300 0.474400 0.617900 0.627100 0.500500 0.606500 0.617800 -0.602500 0.596500 0.530300 -0.543900 0.636500 0.546800 -0.460200 0.659000 0.595000 -0.502200 0.670400 0.546300 0.470000 0.665300 0.580100 0.512600 0.660500 0.548700 0.530400 0.634100 0.562700 0.555900 0.633100 0.538700 -0.598000 0.624100 0.502800 -0.520000 0.677500 0.520200 -0.573700 0.668600 0.473100 0.545000 0.663800 0.512200 0.581700 0.651000 0.487700 0.593900 0.628700 0.502000 -0.687100 0.603100 0.405200 -0.620500 0.637900 0.456200 -0.653900 0.636600 0.408900 0.606000 0.647900 0.461500 0.631600 0.652800 0.418300 0.657900 0.623400 0.422500 -0.775700 0.568500 0.274000 -0.686700 0.632800 0.357700 -0.723900 0.610000 0.322100 0.666200 0.645700 0.373100 0.697800 0.642500 0.316600 0.723800 0.597700 0.344800 -0.778100 0.585400 0.227900 -0.735700 0.626300 0.257900 0.716800 0.647200 0.259500 0.757400 0.586500 0.287100 -0.776300 0.602900 0.183800 -0.729100 0.656600 0.193200 0.732500 0.653800 0.189500 0.776900 0.592800 0.212200 -0.743200 0.654600 0.138400 -0.788900 0.602900 0.118700 0.741300 0.654500 0.148300 0.767700 0.632600 0.102100 -0.773100 0.632800 0.043500 0.770600 0.637200 0.014300 0.812100 0.582400 0.036200 -0.819600 0.570400 -0.053900 -0.777100 0.629000 -0.019500 0.762600 0.642300 -0.077000 0.807700 0.589100 -0.021200 -0.814800 0.569800 -0.107200 -0.775500 0.625400 -0.086300 0.756000 0.633900 -0.162800 -0.777200 0.607700 -0.163200 0.768400 0.599300 -0.224500 -0.748800 0.632300 -0.198700 -0.771800 0.584700 -0.249800 -0.723800 0.647200 -0.239200 0.719800 0.648500 -0.247500 0.695000 0.652500 -0.302000 0.749800 0.589900 -0.299800 -0.756300 0.572200 -0.317200 -0.712100 0.624200 -0.321500 0.693200 0.631700 -0.347000 0.732300 0.591500 -0.337500 -0.672200 0.639400 -0.373300 -0.671400 0.609000 -0.422400 -0.636000 0.638900 -0.432800 0.657200 0.649800 -0.382000 0.629800 0.656400 -0.415400 0.662700 0.619700 -0.420400 -0.596400 0.655700 -0.463100 -0.584300 0.631600 -0.509700 -0.581400 0.671000 -0.460100 0.606800 0.656800 -0.447700 0.576500 0.663800 -0.476500 0.622500 0.617600 -0.480700 -0.574100 0.605200 -0.551400 -0.544200 0.670400 -0.504400 -0.539600 0.631700 -0.556600 -0.517500 0.659800 -0.544900 0.545700 0.667300 -0.506900 0.516800 0.667100 -0.536600 0.563400 0.635000 -0.528500 0.606300 0.609300 -0.511000 -0.530600 0.600600 -0.598100 -0.452200 0.663000 -0.596600 -0.488500 0.631500 -0.602100 -0.430000 0.660500 -0.615500 0.485200 0.668000 -0.564300 0.450000 0.668600 -0.592000 0.491500 0.645100 -0.585100 0.539500 0.638200 -0.549200 -0.428800 0.649800 -0.627600 -0.409100 0.615100 -0.674000 -0.369800 0.651400 -0.662500 0.408300 0.670600 -0.619300 0.361400 0.670900 -0.647500 0.412500 0.645400 -0.642900 -0.335800 0.633400 -0.697100 -0.291900 0.597400 -0.746900 -0.278800 0.651200 -0.705800 -0.249600 0.613200 -0.749500 -0.213700 0.674300 -0.706900 -0.204100 0.627800 -0.751200 -0.150500 0.674200 -0.723100 0.195400 0.679200 -0.707400 0.147700 0.660800 -0.735900 0.220500 0.618700 -0.754000 0.253300 0.680300 -0.687800 0.286800 0.624600 -0.726400 0.305500 0.673800 -0.672800 0.343100 0.634300 -0.692800 -0.133100 0.623800 -0.770200 -0.052600 0.639300 -0.767200 -0.013700 0.590100 -0.807200 0.024800 0.646600 -0.762400 0.035500 0.589300 -0.807100 0.097100 0.649900 -0.753800 -0.159000 0.655500 0.738200 -0.098100 0.664600 0.740700 -0.037400 0.663800 0.747000 0.026900 0.658100 0.752400 0.095300 0.657600 0.747300 -0.346700 0.666100 0.660400 -0.276700 0.688000 0.670900 -0.146200 0.710800 0.688000 -0.196600 0.697400 0.689200 -0.073600 0.714300 0.696000 -0.004000 0.705700 0.708500 0.062200 0.700600 0.710800 0.130800 0.684800 0.716900 0.166400 0.737800 0.654200 0.225900 0.687000 0.690700 0.272400 0.682200 0.678500 0.318600 0.673200 0.667300 -0.437000 0.665600 0.605100 -0.326700 0.715100 0.618000 -0.372500 0.684800 0.626300 -0.252300 0.737300 0.626700 0.232900 0.733600 0.638500 0.296700 0.713900 0.634200 0.345600 0.695700 0.629700 0.370700 0.734000 0.569100 0.397000 0.688300 0.607200 -0.448500 0.696500 0.560100 -0.413400 0.704200 0.577200 -0.408900 0.723100 0.556700 0.423500 0.723400 0.545300 0.441600 0.752300 0.488900 0.479900 0.706500 0.520100 -0.529800 0.714700 0.456600 -0.446800 0.729300 0.518100 -0.487600 0.742400 0.459400 0.499000 0.724700 0.475300 0.508300 0.742100 0.437000 0.551900 0.693500 0.463100 -0.626800 0.668800 0.399700 -0.534100 0.742300 0.404500 -0.574400 0.710900 0.405800 0.558400 0.709400 0.430100 0.557400 0.733300 0.389400 0.601500 0.686800 0.408000 -0.684300 0.663000 0.303700 -0.611900 0.707400 0.353800 -0.643400 0.686900 0.337900 0.604300 0.710100 0.361300 0.594800 0.743100 0.306700 0.644300 0.688100 0.333800 -0.686100 0.681800 0.253800 -0.630200 0.723100 0.282600 0.610100 0.750900 0.253100 0.657000 0.702300 0.274200 -0.682600 0.704000 0.196100 -0.620700 0.753000 0.218500 0.633800 0.750300 0.188000 0.679900 0.705700 0.199300 -0.735900 0.673100 0.073700 -0.660500 0.736000 0.148600 -0.694300 0.710300 0.116000 0.667300 0.729700 0.149400 0.692400 0.718100 0.070100 0.723000 0.681900 0.110600 -0.730500 0.682900 0.003800 -0.685800 0.726400 0.044400 0.699400 0.714600 -0.011800 0.740800 0.670900 0.034100 -0.735100 0.676300 -0.047700 -0.685900 0.727500 -0.019800 0.695900 0.713500 -0.081600 0.740800 0.670400 -0.042900 -0.734200 0.671900 -0.097400 -0.685800 0.723500 -0.078800 0.691800 0.707600 -0.143700 0.732400 0.670300 -0.119000 -0.731900 0.663400 -0.155800 -0.682300 0.716000 -0.147600 0.681800 0.701900 -0.206100 0.720000 0.665000 -0.198500 -0.681100 0.705300 -0.196400 -0.664600 0.694900 -0.274500 -0.617400 0.746300 -0.248800 0.626200 0.738200 -0.250700 0.616900 0.726300 -0.303300 0.676000 0.682600 -0.277600 -0.655500 0.672900 -0.342900 -0.611400 0.723300 -0.320800 0.608800 0.708800 -0.356200 0.645700 0.683800 -0.339800 -0.620400 0.694000 -0.365300 -0.598100 0.676300 -0.430000 -0.565900 0.715500 -0.409500 0.562100 0.734200 -0.380900 0.546500 0.717500 -0.431900 0.591300 0.691800 -0.414600 -0.537200 0.734400 -0.414700 -0.538300 0.712600 -0.449900 -0.493200 0.745900 -0.447700 0.501700 0.743200 -0.442600 0.487800 0.722600 -0.489800 0.530100 0.699300 -0.479500 -0.478500 0.730900 -0.486500 -0.451000 0.698800 -0.555300 -0.409000 0.730100 -0.547500 0.444200 0.745500 -0.496900 0.426200 0.724100 -0.542200 0.471000 0.700100 -0.536700 -0.386300 0.705300 -0.594500 -0.372600 0.693400 -0.616700 -0.337400 0.743700 -0.577100 -0.331600 0.711400 -0.619600 -0.298000 0.762900 -0.573800 0.375200 0.747800 -0.547700 0.336700 0.733700 -0.590200 0.400400 0.702500 -0.588400 -0.328400 0.676700 -0.659000 -0.267900 0.738400 -0.618800 -0.274200 0.690600 -0.669200 -0.202600 0.758400 -0.619500 -0.211300 0.707500 -0.674400 -0.149600 0.742600 -0.652800 0.171100 0.767800 -0.617400 0.126600 0.741800 -0.658600 0.186900 0.724800 -0.663200 0.221900 0.764100 -0.605700 0.256200 0.723700 -0.640800 0.273600 0.756400 -0.594200 0.321700 0.708700 -0.627900 -0.123000 0.719500 -0.683500 -0.076500 0.678300 -0.730800 -0.054400 0.729100 -0.682200 -0.014300 0.682500 -0.730800 0.004300 0.733000 -0.680200 0.045300 0.689100 -0.723300 0.063000 0.740800 -0.668800 0.109800 0.697900 -0.707700 -0.188500 0.745300 0.639600 -0.116900 0.746500 0.655100 -0.039600 0.746800 0.663800 0.035300 0.743200 0.668100 0.109300 0.744200 0.658900 -0.336700 0.735200 0.588400 -0.266800 0.759700 0.593000 -0.194000 0.768400 0.609900 -0.063500 0.784700 0.616700 -0.123500 0.784900 0.607200 0.005200 0.782300 0.622900 0.076500 0.778600 0.622800 0.149600 0.767100 0.623900 0.173700 0.809600 0.560700 0.228900 0.758900 0.609700 0.290600 0.744800 0.600700 0.335900 0.741300 0.581000 -0.379400 0.749200 0.542900 -0.330700 0.768700 0.547500 -0.231200 0.801800 0.551000 -0.280700 0.790600 0.544200 -0.172100 0.814000 0.554800 0.240800 0.799900 0.549700 0.298100 0.777200 0.554200 0.321200 0.803800 0.500800 0.360000 0.757400 0.544800 0.397100 0.761200 0.512700 -0.444600 0.766400 0.463700 -0.372200 0.788300 0.490000 -0.388400 0.781200 0.488700 -0.330800 0.808300 0.487000 0.374200 0.787300 0.490000 0.383600 0.813400 0.437300 0.424100 0.766900 0.481700 0.459600 0.764300 0.452400 -0.547900 0.758100 0.353600 -0.438500 0.798200 0.412900 -0.489900 0.783000 0.383400 0.429800 0.794600 0.428800 0.435300 0.817400 0.377400 0.477100 0.770200 0.423300 0.511100 0.759300 0.402800 -0.595700 0.740500 0.311200 -0.553900 0.774100 0.306600 -0.489200 0.801800 0.343100 0.478000 0.797400 0.368400 0.485400 0.815800 0.314400 0.523400 0.772100 0.360500 0.550900 0.759800 0.345300 -0.591800 0.769400 0.240400 -0.493300 0.818700 0.294000 -0.548800 0.799700 0.243600 0.529500 0.796300 0.292500 0.537000 0.809600 0.237100 0.562900 0.775500 0.286100 -0.602200 0.781800 0.161800 -0.556700 0.809300 0.187200 0.547600 0.815300 0.188200 0.588600 0.780800 0.209700 -0.648100 0.755400 0.096900 -0.612900 0.783900 0.099200 -0.555100 0.820300 0.137800 0.598700 0.786200 0.153400 0.584000 0.807700 0.081400 0.641800 0.759600 0.105600 -0.651100 0.758700 0.022300 -0.553800 0.828700 0.081000 -0.601200 0.798300 0.034700 0.590400 0.807100 0.009200 0.645300 0.763400 0.027000 -0.651800 0.756400 -0.054900 -0.604600 0.796300 -0.016100 0.593400 0.803000 -0.055500 0.648400 0.760100 -0.043700 -0.645000 0.753200 -0.128900 -0.600400 0.796700 -0.069100 -0.607900 0.783000 -0.131600 -0.542500 0.831400 -0.120400 0.589200 0.800100 -0.112600 0.645400 0.755400 -0.113100 -0.627200 0.755500 -0.189400 -0.591300 0.783500 -0.190900 -0.538300 0.824100 -0.176200 0.536800 0.829500 -0.154200 0.540800 0.813800 -0.212800 0.596400 0.781000 -0.185400 0.630300 0.754000 -0.184900 -0.582100 0.770700 -0.259300 -0.540000 0.811300 -0.224200 0.544600 0.794200 -0.269500 0.580800 0.771100 -0.260800 -0.580300 0.744600 -0.329900 -0.533700 0.801000 -0.271200 -0.540300 0.776600 -0.324100 -0.479700 0.815200 -0.324600 0.494600 0.817800 -0.294200 0.485100 0.801200 -0.350300 0.536500 0.773600 -0.337200 0.562400 0.760400 -0.324700 -0.533800 0.756500 -0.378000 -0.485500 0.790000 -0.374400 0.433200 0.826200 -0.360200 0.425000 0.805800 -0.412400 0.478900 0.777900 -0.407000 0.508800 0.768400 -0.388200 -0.474100 0.777800 -0.412700 -0.434600 0.767600 -0.471100 -0.418200 0.806900 -0.417100 -0.392200 0.784600 -0.480100 -0.353700 0.838000 -0.415600 0.371800 0.828000 -0.419800 0.358800 0.805300 -0.472000 0.416700 0.780800 -0.465600 0.453500 0.771400 -0.446300 -0.383100 0.744600 -0.546600 -0.316200 0.821000 -0.475300 -0.337200 0.771000 -0.540200 -0.282400 0.807100 -0.518500 0.298600 0.823600 -0.482200 0.266400 0.803600 -0.532200 0.338800 0.784000 -0.520200 0.390500 0.775600 -0.496000 -0.265000 0.800800 -0.537200 -0.213400 0.793700 -0.569700 -0.190700 0.821200 -0.537800 -0.145000 0.796400 -0.587200 -0.132100 0.826000 -0.547900 -0.087600 0.803900 -0.588200 -0.069400 0.832400 -0.549800 -0.023000 0.807500 -0.589400 0.000300 0.837100 -0.547100 0.046300 0.808500 -0.586600 0.073700 0.840600 -0.536600 0.118700 0.810100 -0.574100 0.150600 0.833000 -0.532500 0.182300 0.797200 -0.575500 0.205100 0.819100 -0.535700 0.251500 0.787300 -0.563000 0.315100 0.779400 -0.541600 -0.099000 0.767500 -0.633400 -0.039200 0.773200 -0.633000 0.026300 0.776600 -0.629500 0.101600 0.782900 -0.613700 -0.101200 0.825800 0.554900 -0.022300 0.819500 0.572700 0.051600 0.817800 0.573200 0.117500 0.817400 0.564000 -0.270400 0.828500 0.490400 -0.192100 0.838500 0.509900 -0.117000 0.852400 0.509600 -0.041300 0.851800 0.522300 0.030700 0.850700 0.524700 0.103800 0.846100 0.522800 0.185100 0.838300 0.512900 0.257500 0.831000 0.493100 -0.384800 0.817700 0.428200 -0.343400 0.827500 0.444200 -0.273200 0.841500 0.466200 -0.138600 0.878500 0.457200 -0.199900 0.864200 0.461700 -0.063800 0.886500 0.458300 0.008500 0.883400 0.468500 0.075200 0.878200 0.472300 0.136400 0.867800 0.477900 0.202800 0.854200 0.478800 0.232800 0.877000 0.420400 0.275000 0.840000 0.467700 0.326300 0.837700 0.437900 -0.437600 0.819900 0.369200 -0.403700 0.830600 0.383700 -0.300500 0.863400 0.405200 -0.349000 0.847800 0.399400 -0.243000 0.880000 0.408200 0.292600 0.863100 0.411500 0.300800 0.886100 0.352500 0.350600 0.844700 0.404400 0.385500 0.841300 0.378900 -0.450400 0.837200 0.310300 -0.368500 0.864400 0.342100 -0.415700 0.852500 0.317000 0.357000 0.867200 0.347200 0.363200 0.884400 0.293200 0.409900 0.847800 0.336500 0.432900 0.845000 0.314000 -0.496100 0.837200 0.230300 -0.470200 0.851200 0.233100 -0.415700 0.871600 0.259700 0.415800 0.866900 0.274800 0.412700 0.883300 0.222300 0.453400 0.852800 0.259100 0.479200 0.840500 0.252800 -0.512200 0.844300 0.157800 -0.414700 0.887400 0.201400 -0.466200 0.870400 0.158400 0.411100 0.894400 0.176100 0.474600 0.856700 0.201900 0.498700 0.843600 0.198900 -0.507400 0.857300 0.086800 -0.467600 0.878100 0.101400 0.462000 0.876300 0.136400 0.458000 0.885600 0.077800 0.503900 0.854500 0.125900 0.536300 0.833200 0.134900 -0.537700 0.843100 0.010100 -0.492600 0.870100 0.016900 -0.452900 0.890500 0.043300 0.449700 0.892900 0.020400 0.500900 0.864200 0.047200 0.537800 0.840400 0.067100 -0.533300 0.844100 -0.055500 -0.496200 0.866600 -0.053200 -0.443600 0.895800 -0.026300 0.444900 0.894500 -0.042400 0.499400 0.866100 -0.023700 0.542700 0.839900 -0.007700 -0.497300 0.857300 -0.133200 -0.453100 0.887400 -0.085300 0.448900 0.886000 -0.116200 0.491600 0.865500 -0.096000 0.531400 0.843000 -0.084000 -0.490500 0.845500 -0.210900 -0.455800 0.878700 -0.141900 -0.464600 0.860700 -0.208100 -0.400200 0.898200 -0.182000 0.453600 0.873500 -0.176600 0.492900 0.853600 -0.168700 -0.473000 0.839600 -0.267100 -0.444100 0.852400 -0.275900 -0.400900 0.886500 -0.231100 0.402600 0.893100 -0.201000 0.395900 0.882000 -0.255800 0.449800 0.859200 -0.243900 0.482700 0.844400 -0.232500 -0.434200 0.836200 -0.335000 -0.403900 0.868700 -0.286800 -0.400400 0.846200 -0.351500 -0.350300 0.885000 -0.306800 0.344900 0.899500 -0.268300 0.338300 0.883400 -0.324300 0.394800 0.862400 -0.317000 0.430200 0.852100 -0.298000 -0.435400 0.818700 -0.374400 -0.376400 0.844200 -0.381600 -0.341500 0.867800 -0.361000 -0.328500 0.848500 -0.414800 -0.284900 0.885100 -0.368000 0.283200 0.898500 -0.335400 0.269900 0.879700 -0.391400 0.332400 0.861700 -0.383400 0.374100 0.854200 -0.361100 -0.291600 0.848900 -0.440900 -0.263200 0.867700 -0.421700 -0.247800 0.850700 -0.463600 -0.210200 0.884100 -0.417400 -0.187100 0.855500 -0.482800 -0.163600 0.894700 -0.415700 0.206700 0.891300 -0.403500 0.178900 0.873000 -0.453700 0.255200 0.858400 -0.445100 0.309200 0.853400 -0.419700 -0.240900 0.834200 -0.496100 -0.185300 0.840800 -0.508600 -0.122400 0.872800 -0.472500 -0.113900 0.847500 -0.518500 -0.066400 0.879000 -0.472100 -0.040000 0.857500 -0.512900 -0.007500 0.885600 -0.464400 0.031400 0.863700 -0.503000 0.056600 0.887200 -0.457800 0.105500 0.861500 -0.496600 0.117900 0.882300 -0.455800 0.177900 0.852100 -0.492100 0.237900 0.845900 -0.477400 -0.163500 0.904600 0.393600 -0.093600 0.912200 0.398800 -0.018900 0.911300 0.411400 0.054900 0.907000 0.417500 0.117300 0.902500 0.414400 0.169900 0.898300 0.405200 -0.305900 0.890600 0.336600 -0.243000 0.906000 0.346500 -0.180600 0.924500 0.335600 -0.118000 0.933500 0.338600 -0.050000 0.933200 0.356000 0.025700 0.928000 0.371800 0.110400 0.919100 0.378200 0.179900 0.915800 0.359200 0.234000 0.909500 0.343700 -0.359500 0.893200 0.270000 -0.298000 0.916500 0.266800 -0.248500 0.924100 0.290200 -0.194700 0.939700 0.281200 -0.065700 0.953900 0.292900 -0.121900 0.951700 0.281700 -0.008300 0.951300 0.308300 0.053800 0.943500 0.327100 0.128400 0.931200 0.341200 0.160400 0.946400 0.280300 0.210100 0.917100 0.338700 0.254300 0.918300 0.303400 0.293900 0.912000 0.286300 -0.360500 0.911200 0.199400 -0.315800 0.924900 0.211600 -0.250500 0.943200 0.218300 -0.144400 0.962800 0.228300 -0.193700 0.956400 0.218500 0.228300 0.933400 0.276800 0.235000 0.948400 0.213000 0.289700 0.919300 0.266400 0.311600 0.920000 0.237600 0.347500 0.908400 0.232500 -0.405600 0.904600 0.130900 -0.343000 0.928400 0.142800 -0.296700 0.941500 0.160000 -0.201700 0.964900 0.168000 -0.247400 0.957000 0.151800 0.293900 0.935400 0.196600 0.282500 0.949200 0.138500 0.334000 0.924300 0.184800 0.357100 0.916200 0.181800 -0.412900 0.908900 0.058000 -0.368500 0.926100 0.081200 -0.309900 0.946300 0.092300 -0.249000 0.962500 0.107300 0.273300 0.957500 0.091800 0.345700 0.930700 0.119100 0.366100 0.923000 0.118900 0.395200 0.911300 0.115800 -0.399500 0.916700 -0.003900 -0.361300 0.932200 0.022400 -0.253200 0.965300 0.064500 -0.306100 0.951400 0.033600 0.325800 0.944000 0.053100 0.315600 0.948900 0.002700 0.369900 0.928100 0.042500 0.401200 0.914100 0.059600 -0.395900 0.915900 -0.066900 -0.367100 0.928800 -0.051300 -0.315900 0.948700 -0.011800 0.302600 0.952200 -0.041500 0.357600 0.933400 -0.029900 0.398600 0.917100 -0.000500 -0.387300 0.913800 -0.122600 -0.356500 0.925400 -0.128500 -0.322900 0.944200 -0.064400 -0.338700 0.931500 -0.132200 -0.268700 0.957400 -0.105500 0.247500 0.966200 -0.071500 0.238600 0.964600 -0.112800 0.302800 0.948100 -0.097500 0.360000 0.928600 -0.089800 0.402600 0.913000 -0.066000 -0.342200 0.920300 -0.189900 -0.318500 0.926800 -0.199100 -0.275500 0.948600 -0.155600 0.232300 0.959800 -0.157500 0.282900 0.945300 -0.162200 0.332500 0.931300 -0.148700 0.391700 0.909200 -0.141300 -0.331000 0.912300 -0.241100 -0.288000 0.925700 -0.245300 -0.282500 0.933900 -0.219300 -0.261700 0.923200 -0.281500 -0.224000 0.944400 -0.240800 0.185100 0.967000 -0.175000 0.176400 0.957900 -0.226400 0.234600 0.945700 -0.225000 0.289300 0.932000 -0.218300 0.336400 0.919600 -0.202800 -0.275400 0.915400 -0.293600 -0.225700 0.925400 -0.304400 -0.197100 0.934000 -0.298200 -0.176200 0.927300 -0.330200 -0.132900 0.948200 -0.288500 -0.109000 0.934300 -0.339300 -0.087000 0.957800 -0.274000 -0.048400 0.936500 -0.347400 -0.039000 0.962700 -0.267800 0.127900 0.962700 -0.238400 0.108600 0.948500 -0.297400 0.172400 0.941000 -0.291100 0.230400 0.931100 -0.282800 0.281900 0.920500 -0.270500 -0.221400 0.911200 -0.347400 -0.171800 0.918600 -0.355900 -0.114200 0.923200 -0.366900 -0.045900 0.922800 -0.382400 0.013000 0.946000 -0.323900 0.030500 0.925000 -0.378900 0.062600 0.947800 -0.312500 0.099500 0.928200 -0.358600 0.158300 0.924000 -0.348200 0.216200 0.916600 -0.336400 -0.106000 0.909100 -0.402900 -0.051700 0.907900 -0.415900 0.011900 0.908800 -0.417000 0.075000 0.909300 -0.409400 0.138600 0.906400 -0.399000 -0.082200 0.972000 0.220000 -0.023100 0.970700 0.239100 0.031700 0.968800 0.245700 0.085500 0.965000 0.247900 -0.138700 0.976900 0.162400 -0.077600 0.983300 0.164900 -0.020300 0.983200 0.181200 0.032700 0.982600 0.183000 0.086700 0.979600 0.181100 0.147900 0.970600 0.189700 -0.189500 0.975800 0.108800 -0.138200 0.984900 0.104200 -0.083900 0.990200 0.111800 -0.019900 0.992800 0.117800 0.035900 0.991200 0.127400 0.090100 0.987400 0.130200 0.144800 0.980700 0.131100 0.206300 0.968300 0.141000 -0.198000 0.978700 0.055200 -0.149900 0.987300 0.053200 -0.086600 0.994800 0.053900 -0.026400 0.997700 0.062200 0.032500 0.996900 0.071200 0.088200 0.992900 0.080200 0.146100 0.985500 0.086900 0.204200 0.974500 0.092900 -0.239300 0.970900 0.005200 -0.186200 0.982500 -0.002900 -0.140700 0.990000 0.006400 -0.090900 0.995800 0.004700 -0.032500 0.999400 0.009900 0.026500 0.999500 0.018500 0.082500 0.996300 0.026000 0.136300 0.990000 0.036400 0.194600 0.980000 0.042000 0.245900 0.968700 0.033400 -0.244000 0.968700 -0.045100 -0.194200 0.979300 -0.056600 -0.139400 0.988700 -0.054700 -0.090700 0.994800 -0.047300 -0.038500 0.998400 -0.040600 0.019800 0.999300 -0.031400 0.080100 0.996500 -0.024300 0.133700 0.990800 -0.023000 0.183100 0.983000 -0.010900 0.237300 0.971300 -0.015500 -0.200900 0.973600 -0.108400 -0.145600 0.983700 -0.105700 -0.094400 0.990200 -0.103200 -0.044700 0.994500 -0.094400 0.011900 0.996500 -0.082800 0.072900 0.994700 -0.071800 0.138700 0.988000 -0.067700 0.190700 0.979500 -0.065500 -0.203500 0.965700 -0.161400 -0.143600 0.978100 -0.150400 -0.095300 0.983400 -0.154200 -0.049900 0.987300 -0.150800 0.003300 0.990700 -0.136300 0.067300 0.989600 -0.127100 0.123500 0.985400 -0.117100 0.176100 0.977300 -0.117600 -0.150000 0.964800 -0.215900 -0.102400 0.972300 -0.209900 -0.052800 0.977700 -0.203300 0.002600 0.981400 -0.192100 0.060300 0.982400 -0.176700 0.122300 0.977600 -0.171500 0.018600 0.970800 -0.239200 0.070500 0.971000 -0.228300 0.000000 1.000000 0.000000</float_array>
          <technique_common>
            <accessor source="#Slime-normals-array" count="3105" stride="3">
              <param name="X" type="float"/>
              <param name="Y" type="float"/>
              <param name="Z" type="float"/>
            </accessor>
          </technique_common>
        </source>
        <source id="Slime-map-0">
          <float_array id="Slime-map-0-array" count="2">0.000000 0.000000</float_array>
          <technique_common>
            <accessor source="#Slime-map-0-array" count="1" stride="2">
              <param name="S" type="float"/>
              <param name="T" type="float"/>
            </accessor>
          </technique_common>
        </source>
        <vertices id="Slime-vertices">
          <input semantic="POSITION" source="#Slime-positions"/>
        </vertices>
        <polylist material="slime-material" count="6205">
          <input semantic="VERTEX" source="#Slime-vertices" offset="0"/>
          <input semantic="NORMAL" source="#Slime-normals" offset="1"/>
          <input semantic="TEXCOORD" source="#Slime-map-0" offset="2" set="0"/>
          <vcount>3 3 3 3 3 3 3 3 3 3 3 3 3 3 3 3 3 3 3 3 3 3 3 3 3 3 3 3 3 3 3 3 3 3 3 3 3 3 3 3 3 3 3 3 3 3 3 3 3 3 3 3 3 3 3 3 3 3 3 3 3 3 3 3 3 3 3 3 3 3 3 3 3 3 3 3 3 3 3 3 3 3 3 3 3 3 3 3 3 3 3 3 3 3 3 3 3 3 3 3 3 3 3 3 3 3 3 3 3 3 3 3 3 3 3 3 3 3 3 3 3 3 3 3 3 3 3 3 3 3 3 3 3 3 3 3 3 3 3 3 3 3 3 3 3 3 3 3 3 3 3 3 3 3 3 3 3 3 3 3 3 3 3 3 3 3 3 3 3 3 3 3 3 3 3 3 3 3 3 3 3 3 3 3 3 3 3 3 3 3 3 3 3 3 3 3 3 3 3 3 3 3 3 3 3 3 3 3 3 3 3 3 3 3 3 3 3 3 3 3 3 3 3 3 3 3 3 3 3 3 3 3 3 3 3 3 3 3 3 3 3 3 3 3 3 3 3 3 3 3 3 3 3 3 3 3 3 3 3 3 3 3 3 3 3 3 3 3 3 3 3 3 3 3 3 3 3 3 3 3 3 3 3 3 3 3 3 3 3 3 3 3 3 3 3 3 3 3 3 3 3 3 3 3 3 3 3 3 3 3 3 3 3 3 3 3 3 3 3 3 3 3 3 3 3 3 3 3 3 3 3 3 3 3 3 3 3 3 3 3 3 3 3 3 3 3 3 3 3 3 3 3 3 3 3 3 3 3 3 3 3 3 3 3 3 3 3 3 3 3 3 3 3 3 3 3 3 3 3 3 3 3 3 3 3 3 3 3 3 3 3 3 3 3 3 3 3 3 3 3 3 3 3 3 3 3 3 3 3 3 3 3 3 3 3 3 3 3 3 3 3 3 3 3 3 3 3 3 3 3 3 3 3 3 3 3 3 3 3 3 3 3 3 3 3 3 3 3 3 3 3 3 3 3 3 3 3 3 3 3 3 3 3 3 3 3 3 3 3 3 3 3 3 3 3 3 3 3 3 3 3 3 3 3 3 3 3 3 3 3 3 3 3 3 3 3 3 3 3 3 3 3 3 3 3 3 3 3 3 3 3 3 3 3 3 3 3 3 3 3 3 3 3 3 3 3 3 3 3 3 3 3 3 3 3 3 3 3 3 3 3 3 3 3 3 3 3 3 3 3 3 3 3 3 3 3 3 3 3 3 3 3 3 3 3 3 3 3 3 3 3 3 3 3 3 3 3 3 3 3 3 3 3 3 3 3 3 3 3 3 3 3 3 3 3 3 3 3 3 3 3 3 3 3 3 3 3 3 3 3 3 3 3 3 3 3 3 3 3 3 3 3 3 3 3 3 3 3 3 3 3 3 3 3 3 3 3 3 3 3 3 3 3 3 3 3 3 3 3 3 3 3 3 3 3 3 3 3 3 3 3 3 3 3 3 3 3 3 3 3 3 3 3 3 3 3 3 3 3 3 3 3 3 3 3 3 3 3 3 3 3 3 3 3 3 3 3 3 3 3 3 3 3 3 3 3 3 3 3 3 3 3 3 3 3 3 3 3 3 3 3 3 3 3 3 3 3 3 3 3 3 3 3 3 3 3 3 3 3 3 3 3 3 3 3 3 3 3 3 3 3 3 3 3 3 3 3 3 3 3 3 3 3 3 3 3 3 3 3 3 3 3 3 3 3 3 3 3 3 3 3 3 3 3 3 3 3 3 3 3 3 3 3 3 3 3 3 3 3 3 3 3 3 3 3 3 3 3 3 3 3 3 3 3 3 3 3 3 3 3 3 3 3 3 3 3 3 3 3 3 3 3 3 3 3 3 3 3 3 3 3 3 3 3 3 3 3 3 3 3 3 3 3 3 3 3 3 3 3 3 3 3 3 3 3 3 3 3 3 3 3 3 3 3 3 3 3 3 3 3 3 3 3 3 3 3 3 3 3 3 3 3 3 3 3 3 3 3 3 3 3 3 3 3 3 3 3 3 3 3 3 3 3 3 3 3 3 3 3 3 3 3 3 3 3 3 3 3 3 3 3 3 3 3 3 3 3 3 3 3 3 3 3 3 3 3 3 3 3 3 3 3 3 3 3 3 3 3 3 3 3 3 3 3 3 3 3 3 3 3 3 3 3 3 3 3 3 3 3 3 3 3 3 3 3 3 3 3 3 3 3 3 3 3 3 3 3 3 3 3 3 3 3 3 3 3 3 3 3 3 3 3 3 3 3 3 3 3 3 3 3 3 3 3 3 3 3 3 3 3 3 3 3 3 3 3 3 3 3 3 3 3 3 3 3 3 3 3 3 3 3 3 3 3 3 3 3 3 3 3 3 3 3 3 3 3 3 3 3 3 3 3 3 3 3 3 3 3 3 3 3 3 3 3 3 3 3 3 3 3 3 3 3 3 3 3 3 3 3 3 3 3 3 3 3 3 3 3 3 3 3 3 3 3 3 3 3 3 3 3 3 3 3 3 3 3 3 3 3 3 3 3 3 3 3 3 3 3 3 3 3 3 3 3 3 3 3 3 3 3 3 3 3 3 3 3 3 3 3 3 3 3 3 3 3 3 3 3 3 3 3 3 3 3 3 3 3 3 3 3 3 3 3 3 3 3 3 3 3 3 3 3 3 3 3 3 3 3 3 3 3 3 3 3 3 3 3 3 3 3 3 3 3 3 3 3 3 3 3 3 3 3 3 3 3 3 3 3 3 3 3 3 3 3 3 3 3 3 3 3 3 3 3 3 3 3 3 3 3 3 3 3 3 3 3 3 3 3 3 3 3 3 3 3 3 3 3 3 3 3 3 3 3 3 3 3 3 3 3 3 3 3 3 3 3 3 3 3 3 3 3 3 3 3 3 3 3 3 3 3 3 3 3 3 3 3 3 3 3 3 3 3 3 3 3 3 3 3 3 3 3 3 3 3 3 3 3 3 3 3 3 3 3 3 3 3 3 3 3 3 3 3 3 3 3 3 3 3 3 3 3 3 3 3 3 3 3 3 3 3 3 3 3 3 3 3 3 3 3 3 3 3 3 3 3 3 3 3 3 3 3 3 3 3 3 3 3 3 3 3 3 3 3 3 3 3 3 3 3 3 3 3 3 3 3 3 3 3 3 3 3 3 3 3 3 3 3 3 3 3 3 3 3 3 3 3 3 3 3 3 3 3 3 3 3 3 3 3 3 3 3 3 3 3 3 3 3 3 3 3 3 3 3 3 3 3 3 3 3 3 3 3 3 3 3 3 3 3 3 3 3 3 3 3 3 3 3 3 3 3 3 3 3 3 3 3 3 3 3 3 3 3 3 3 3 3 3 3 3 3 3 3 3 3 3 3 3 3 3 3 3 3 3 3 3 3 3 3 3 3 3 3 3 3 3 3 3 3 3 3 3 3 3 3 3 3 3 3 3 3 3 3 3 3 3 3 3 3 3 3 3 3 3 3 3 3 3 3 3 3 3 3 3 3 3 3 3 3 3 3 3 3 3 3 3 3 3 3 3 3 3 3 3 3 3 3 3 3 3 3 3 3 3 3 3 3 3 3 3 3 3 3 3 3 3 3 3 3 3 3 3 3 3 3 3 3 3 3 3 3 3 3 3 3 3 3 3 3 3 3 3 3 3 3 3 3 3 3 3 3 3 3 3 3 3 3 3 3 3 3 3 3 3 3 3 3 3 3 3 3 3 3 3 3 3 3 3 3 3 3 3 3 3 3 3 3 3 3 3 3 3 3 3 3 3 3 3 3 3 3 3 3 3 3 3 3 3 3 3 3 3 3 3 3 3 3 3 3 3 3 3 3 3 3 3 3 3 3 3 3 3 3 3 3 3 3 3 3 3 3 3 3 3 3 3 3 3 3 3 3 3 3 3 3 3 3 3 3 3 3 3 3 3 3 3 3 3 3 3 3 3 3 3 3 3 3 3 3 3 3 3 3 3 3 3 3 3 3 3 3 3 3 3 3 3 3 3 3 3 3 3 3 3 3 3 3 3 3 3 3 3 3 3 3 3 3 3 3 3 3 3 3 3 3 3 3 3 3 3 3 3 3 3 3 3 3 3 3 3 3 3 3 3 3 3 3 3 3 3 3 3 3 3 3 3 3 3 3 3 3 3 3 3 3 3 3 3 3 3 3 3 3 3 3 3 3 3 3 3 3 3 3 3 3 3 3 3 3 3 3 3 3 3 3 3 3 3 3 3 3 3 3 3 3 3 3 3 3 3 3 3 3 3 3 3 3 3 3 3 3 3 3 3 3 3 3 3 3 3 3 3 3 3 3 3 3 3 3 3 3 3 3 3 3 3 3 3 3 3 3 3 3 3 3 3 3 3 3 3 3 3 3 3 3 3 3 3 3 3 3 3 3 3 3 3 3 3 3 3 3 3 3 3 3 3 3 3 3 3 3 3 3 3 3 3 3 3 3 3 3 3 3 3 3 3 3 3 3 3 3 3 3 3 3 3 3 3 3 3 3 3 3 3 3 3 3 3 3 3 3 3 3 3 3 3 3 3 3 3 3 3 3 3 3 3 3 3 3 3 3 3 3 3 3 3 3 3 3 3 3 3 3 3 3 3 3 3 3 3 3 3 3 3 3 3 3 3 3 3 3 3 3 3 3 3 3 3 3 3 3 3 3 3 3 3 3 3 3 3 3 3 3 3 3 3 3 3 3 3 3 3 3 3 3 3 3 3 3 3 3 3 3 3 3 3 3 3 3 3 3 3 3 3 3 3 3 3 3 3 3 3 3 3 3 3 3 3 3 3 3 3 3 3 3 3 3 3 3 3 3 3 3 3 3 3 3 3 3 3 3 3 3 3 3 3 3 3 3 3 3 3 3 3 3 3 3 3 3 3 3 3 3 3 3 3 3 3 3 3 3 3 3 3 3 3 3 3 3 3 3 3 3 3 3 3 3 3 3 3 3 3 3 3 3 3 3 3 3 3 3 3 3 3 3 3 3 3 3 3 3 3 3 3 3 3 3 3 3 3 3 3 3 3 3 3 3 3 3 3 3 3 3 3 3 3 3 3 3 3 3 3 3 3 3 3 3 3 3 3 3 3 3 3 3 3 3 3 3 3 3 3 3 3 3 3 3 3 3 3 3 3 3 3 3 3 3 3 3 3 3 3 3 3 3 3 3 3 3 3 3 3 3 3 3 3 3 3 3 3 3 3 3 3 3 3 3 3 3 3 3 3 3 3 3 3 3 3 3 3 3 3 3 3 3 3 3 3 3 3 3 3 3 3 3 3 3 3 3 3 3 3 3 3 3 3 3 3 3 3 3 3 3 3 3 3 3 3 3 3 3 3 3 3 3 3 3 3 3 3 3 3 3 3 3 3 3 3 3 3 3 3 3 3 3 3 3 3 3 3 3 3 3 3 3 3 3 3 3 3 3 3 3 3 3 3 3 3 3 3 3 3 3 3 3 3 3 3 3 3 3 3 3 3 3 3 3 3 3 3 3 3 3 3 3 3 3 3 3 3 3 3 3 3 3 3 3 3 3 3 3 3 3 3 3 3 3 3 3 3 3 3 3 3 3 3 3 3 3 3 3 3 3 3 3 3 3 3 3 3 3 3 3 3 3 3 3 3 3 3 3 3 3 3 3 3 3 3 3 3 3 3 3 3 3 3 3 3 3 3 3 3 3 3 3 3 3 3 3 3 3 3 3 3 3 3 3 3 3 3 3 3 3 3 3 3 3 3 3 3 3 3 3 3 3 3 3 3 3 3 3 3 3 3 3 3 3 3 3 3 3 3 3 3 3 3 3 3 3 3 3 3 3 3 3 3 3 3 3 3 3 3 3 3 3 3 3 3 3 3 3 3 3 3 3 3 3 3 3 3 3 3 3 3 3 3 3 3 3 3 3 3 3 3 3 3 3 3 3 3 3 3 3 3 3 3 3 3 3 3 3 3 3 3 3 3 3 3 3 3 3 3 3 3 3 3 3 3 3 3 3 3 3 3 3 3 3 3 3 3 3 3 3 3 3 3 3 3 3 3 3 3 3 3 3 3 3 3 3 3 3 3 3 3 3 3 3 3 3 3 3 3 3 3 3 3 3 3 3 3 3 3 3 3 3 3 3 3 3 3 3 3 3 3 3 3 3 3 3 3 3 3 3 3 3 3 3 3 3 3 3 3 3 3 3 3 3 3 3 3 3 3 3 3 3 3 3 3 3 3 3 3 3 3 3 3 3 3 3 3 3 3 3 3 3 3 3 3 3 3 3 3 3 3 3 3 3 3 3 3 3 3 3 3 3 3 3 3 3 3 3 3 3 3 3 3 3 3 3 3 3 3 3 3 3 3 3 3 3 3 3 3 3 3 3 3 3 3 3 3 3 3 3 3 3 3 3 3 3 3 3 3 3 3 3 3 3 3 3 3 3 3 3 3 3 3 3 3 3 3 3 3 3 3 3 3 3 3 3 3 3 3 3 3 3 3 3 3 3 3 3 3 3 3 3 3 3 3 3 3 3 3 3 3 3 3 3 3 3 3 3 3 3 3 3 3 3 3 3 3 3 3 3 3 3 3 3 3 3 3 3 3 3 3 3 3 3 3 3 3 3 3 3 3 3 3 3 3 3 3 3 3 3 3 3 3 3 3 3 3 3 3 3 3 3 3 3 3 3 3 3 3 3 3 3 3 3 3 3 3 3 3 3 3 3 3 3 3 3 3 3 3 3 3 3 3 3 3 3 3 3 3 3 3 3 3 3 3 3 3 3 3 3 3 3 3 3 3 3 3 3 3 3 3 3 3 3 3 3 3 3 3 3 3 3 3 3 3 3 3 3 3 3 3 3 3 3 3 3 3 3 3 3 3 3 3 3 3 3 3 3 3 3 3 3 3 3 3 3 3 3 3 3 3 3 3 3 3 3 3 3 3 3 3 3 3 3 3 3 3 3 3 3 3 3 3 3 3 3 3 3 3 3 3 3 3 3 3 3 3 3 3 3 3 3 3 3 3 3 3 3 3 3 3 3 3 3 3 3 3 3 3 3 3 3 3 3 3 3 3 3 3 3 3 3 3 3 3 3 3 3 3 3 3 3 3 3 3 3 3 3 3 3 3 3 3 3 3 3 3 3 3 3 3 3 3 3 3 3 3 3 3 3 3 3 3 3 3 3 3 3 3 3 3 3 3 3 3 3 3 3 3 3 3 3 3 3 3 3 3 3 3 3 3 3 3 3 3 3 3 3 3 3 3 3 3 3 3 3 3 3 3 3 3 3 3 3 3 3 3 3 3 3 3 3 3 3 3 3 3 3 3 3 3 3 3 3 3 3 3 3 3 3 3 3 3 3 3 3 3 3 3 3 3 3 3 3 3 3 3 3 3 3 3 3 3 3 3 3 3 3 3 3 3 3 3 3 3 3 3 3 3 3 3 3 3 3 3 3 3 3 3 3 3 3 3 3 3 3 3 3 3 3 3 3 3 3 3 3 3 3 3 3 3 3 3 3 3 3 3 3 3 3 3 3 3 3 3 3 3 3 3 3 3 3 3 3 3 3 3 3 3 3 3 3 3 3 3 3 3 3 3 3 3 3 3 3 3 3 3 3 3 3 3 3 3 3 3 3 3 3 3 3 3 3 3 3 3 3 3 3 3 3 3 3 3 3 3 3 3 3 3 3 3 3 3 3 3 3 3 3 3 3 3 3 3 3 3 3 3 3 3 3 3 3 3 3 3 3 3 3 3 3 3 3 3 3 3 3 3 3 3 3 3 3 3 3 3 3 3 3 3 3 3 3 3 3 3 3 3 3 3 3 3 3 3 3 3 3 3 3 3 3 3 3 3 3 3 3 3 3 3 3 3 3 3 3 3 3 3 3 3 3 3 3 3 3 3 3 3 3 3 3 3 3 3 3 3 3 3 3 3 3 3 3 3 3 3 3 3 3 3 3 3 3 3 3 3 3 3 3 3 3 3 3 3 3 3 3 3 3 3 3 3 3 3 3 3 3 3 3 3 3 3 3 3 3 3 3 3 3 3 3 3 3 3 3 3 3 3 3 3 3 3 3 3 3 3 3 3 3 3 3 3 3 3 3 3 3 3 3 3 3 3 3 3 3 3 3 3 3 3 3 3 3 3 3 3 3 3 3 3 3 3 3 3 3 3 3 3 3 3 3 3 3 3 3 3 3 3 3 3 3 3 3 3 3 3 3 3 3 3 3 3 3 3 3 3 3 3 3 3 3 3 3 3 3 3 3 3 3 3 3 3 3 3 3 3 3 3 3 3 3 3 3 3 3 3 3 3 3 3 3 3 3 3 3 3 3 3 3 3 3 3 3 3 3 3 3 3 3 3 3 3 3 3 3 3 3 3 3 3 3 3 3 3 3 3 3 3 3 3 3 3 3 3 3 3 3 3 3 3 3 3 3 3 3 3 3 3 3 3 3 3 3 3 3 3 3 3 3 3 3 3 3 3 3 3 3 3 3 3 3 3 3 3 3 3 3 3 3 3 3 3 3 3 3 3 3 3 3 3 3 3 3 3 3 3 3 3 3 3 3 3 3 3 3 3 3 3 3 3 3 3 3 3 3 3 3 3 3 3 3 3 3 3 3 3 3 3 3 3 3 3 3 3 3 3 3 3 3 3 3 3 3 3 3 3 3 3 3 3 3 3 3 3 3 3 3 3 3 3 3 3 3 3 3 3 3 3 3 3 3 3 3 3 3 3 3 3 3 3 3 3 3 3 3 3 3 3 3 3 3 3 3 3 3 3 3 3 3 3 3 3 3 3 3 3 3 3 3 3 3 3 3 3 3 3 3 3 3 3 3 3 3 3 3 3 3 3 3 3 3 3 3 3 3 3 3 3 3 3 3 3 3 3 3 3 3 3 3 3 3 3 3 3 3 3 3 3 3 3 3 3 3 3 3 3 3 3 3 3 3 3 3 3 3 3 3 3 3 3 3 3 3 3 3 3 3 3 3 3 3 3 3 3 3 3 3 3 3 3 3 3 3 3 3 3 3 3 3 3 3 3 3 3 3 3 3 3 3 3 3 3 3 3 3 3 3 3 3 3 3 3 3 3 3 3 3 3 3 3 3 3 3 3 3 3 3 3 3 3 3 3 3 3 3 3 3 3 3 3 3 3 3 3 3 3 3 3 3 3 3 3 3 3 3 3 3 3 3 3 3 3 3 3 3 3 3 3 3 3 3 3 3 3 3 3 3 3 3 3 3 3 3 3 3 3 3 3 3 3 3 3 3 3 3 3 3 3 3 3 3 3 3 3 3 3 3 3 3 3 3 3 3 3 3 3 3 3 3 3 3 3 3 3 3 3 3 3 3 3 3 3 3 3 3 3 3 3 3 3 3 3 3 3 3 3 3 3 3 3 3 3 3 3 3 3 3 3 3 3 3 3 3 3 3 3 3 3 3 3 3 3 3 3 3 3 3 3 3 3 3 3 3 3 3 3 3 3 3 3 3 3 3 3 3 3 3 3 3 3 3 3 3 3 3 3 3 3 3 3 3 3 3 3 3 3 3 3 3 3 3 3 3 3 3 3 3 3 3 3 3 3 3 3 3 3 3 3 3 3 3 3 3 3 3 3 3 3 3 3 3 3 3 3 3 3 3 3 3 3 3 3 3 3 3 3 3 3 3 3 3 3 3 3 3 3 3 3 3 3 3 3 3 3 3 3 3 3 3 3 3 3 3 3 3 3 3 3 3 3 3 3 3 3 3 3 3 3 3 3 3 3 3 3 3 3 3 3 3 3 3 3 3 3 3 3 3 3 3 3 3 3 3 3 3 3 3 3 3 3 3 3 3 3 3 3 3 3 3 3 3 3 3 3 3 3 3 3 3 3 3 3 3 3 3 3 3 3 3 3 3 3 3 3 3 3 3 3 3 3 3 3 3 3 3 3 3 3 3 3 3 3 3 3 3 3 3 3 3 3 3 3 3 3 3 3 3 3 3 3 3 3 3 3 3 3 3 3 3 3 3 3 3 3 3 3 3 3 3 3 3 3 3 3 3 3 3 3 3 3 3 3 3 3 3 3 3 3 3 3 3 3 3 3 3 3 3 3 3 3 3 3 3 3 3 3 3 3 3 3 3 3 3 3 3 3 3 3 3 3 3 3 3 3 3 3 3 3 3 3 3 3 3 3 3 3 3 3 3 3 3 3 3 3 3 3 3 3 3 3 3 3 3 3 3 3 3 3 3 3 3 3 3 3 3 3 3 3 3 3 3 3 3 3 3 3 3 3 3 3 3 3 3 3 3 3 3 3 3 3 3 3 3 3 3 3 3 3 3 3 3 3 3 3 3 3 3 3 3 3 3 3 3 3 3 3 3 3 3 3 3 3 3 3 3 3 3 3 3 3 3 3 3 3 3 3 3 3 3 3 3 3 3 3 3 3 3 3 3 3 3 3 3 3 3 3 3 3 3 3 3 3 3 3 3 3 3 3 3 3 3 3 3 3 3 3 3 3 3 3 3 3 3 3 3 3 3 3 3 3 3 3 3 3 3 3 3 3 3 3 3 3 3 3 3 3 3 3 3 3 3 3 3 3 3 3 3 3 3 3 3 3 3 3 3 3 3 3 3 3 3 3 3 3 3 3 3 3 3 3 3 3 3 3 3 3 3 3 3 3 3 3 3 3 3 3 3 3 3 3 3 3 3 3 3 3 3 3 3 3 3 3 3 3 3 3 3 3 3 3 3 3 3 3 3 3 3 3 3 3 3 3 3 3 3 3 3 3 3 3 3 3 3 3 3 3 3 3 3 3 3 3 3 3 3 3 3 3 3 3 3 3 3 3 3 3 3 3 3 3 3 3 3 3 3 3 3 3 3 3 3 3 3 3 3 3 3 3 3 3 3 3 3 3 3 3 3 3 3 3 3 3 3 3 3 3 3 3 3 3 3 3 3 3 3 3 3 3 3 3 3 3 3 3 3 3 3 3 3 3 3 3 3 3 3 3 3 3 3 3 3 3 3 3 3 3 3 3 3 3 3 3 3 3 3 3 3 3 3 3 3 3 3 3 3 3 3 3 3 3 3 3 3 3 3 3 3 3 3 3 3 3 3 3 3 3 3 3 3 3 3 3 3 3 3 3 3 3 3 3 3 3 3 3 3 3 3 3 3 3 3 3 3 3 3 3 3 3 3 3 3 3 3 3 3 3 3 3 3 3 3 3 3 3 3 3 3 3 3 3 3 3 3 3 3 3 3 3 3 3 3 3 3 3 3 3 3 3 3 3 3 3 3 3 3 3 3 3 3 3 3 3 3 3 3 3 3 3 3 3 3 3 3 3 3 3 3 3 3 3 3 3 3 3 3 3 3 3 3 3 3 3 3 3 3 3 3 3 3 3 3 3 3 3 3 3 3 3 3 3 3 3 3 3 3 3 3 3 3 3 3 3 3 3 3 3 3 3 3 3 3 3 3 3 3 3 3 3 3 3 3 3 3 3 3 3 3 3 3 3 3 3 3 3 3 3 3 3 3 3 3 3 3 3 3 3 3 3 3 3 3 3 3 3 3 3 3 3 3 3 3 3 3 3 3 3 3 3 3 3 3 3 3 3 3 3 3 3 3 3 3 3 3 3 3 3 3 3 3 3 3 3 3 3 3 3 3 3 3 3 3 3 3 3 3 3 3 3 3 3 3 3 3 3 3 3 3 3 3 3 3 3 3 3 3 3 3 3 3 3 3 3 3 3 3 3 3 3 3 3 3 3 3 3 3 3 3 3 3 3 3 3 3 3 3 3 3 3 3 3 3 3 3 3 3 3 3 3 3 3 3 3 3 3 3 3 3 3 3 3 3 3 3 3 3 3 3 3 3 3 3 3 3 3 3 3 3 3 3 3 3 3 3 3 3 3 3 3 3 3 3 3 3 3 3 3 3 3 3 3 3 3 3 3 3 3 3 3 3 3 3 3 3 3 3 3 3 3 3 3 3 3 3 3 3 3 3 3 3 3 3 3 3 3 3 3 3 3 3 3 3 3 3 3 3 3 3 3 3 3 3 3 3 3 3 3 3 3 3 3 3 3 3 3 3 3 3 3 3 3 3 3 3 3 3 3 3 3 3 3 3 3 3 3 3 3 3 3 3 3 3 3 3 3 3 3 3 3 3 3 3 3 3 3 3 3 3 3 3 3 3 3 3 3 3 3 3 3 3 3 3 3 3 3 3 3 3 3 3 3 3 3 3 3 3 3 3 3 3 3 3 3 3 3 3 3 3 3 3 3 3 3 3 3 3 3 3 3 3 3 3 3 3 3 3 3 3 3 3 3 3 3 3 3 3 3 3 3 3 3 3 3 3 3 3 3 3 3 3 3 3 3 3 3 3 3 3 3 3 3 3 3 3 3 3 3 3 3 3 3 3 3 3 3 3 3 3 3 3 3 3 3 3 3 3 3 3 3 3 3 3 3 3 3 3 3 3 3 3 3 3 3 3 3 3 3 3 3 3 3 3 3 3 3 3 3 3 3 3 3 3 3 3 3 3 3 3 3 3 3 3 3 3 3 3 3 3 3 3 3 3 3 3 3 3 3 3 3 3 3 3 3 3 3 3 3 3 3 3 3 3 3 3 3 3 3 3 3 3 3 3 3 3 3 3 3 3 3 3 3 3 3 3 3 3 3 3 3 3 3 3 3 3 3 3 3 3 3 3 3 3 3 3 3 3 3 3 3 3 3 3 3 3 3 3 3 3 3 3 3 3 3 3 3 3 3 3 3 3 3 3 3 3 3 3 3 3 3 3 3 3 3 3 3 3 3 3 3 3 3 3 3 3 3 3 3 3 3 3 3 3 3 3 3 3 3 3 3 3 3 3 3 3 3 3 3 3 3 3 3 3 3 3 3 3 3 3 3 3 3 3 3 3 3 3 3 3 3 3 3 3 3 3 3 3 3 3 3 3 3 3 3 3 3 3 3 3 3 3 3 3 3 3 3 3 3 3 3 3 3 3 3 3 3 3 3 3 3 3 3 3 3 3 3 3 3 3 3 3 3 3 3 3 3 3 3 3 3 3 3 3 3 3 3 3 3 3 3 3 3 3 3 3 3 3 3 3 3 3 3 3 3 3 3 3 3 3 3 3 3 3 3 3 3 3 3 3 3 3 3 3 3 3 3 3 3 3 3 3 3 3 3 3 3 3 3 3 3 3 3 3 3 3 3 3 3 3 3 3 3 3 3 3 3 3 3 3 3 3 3 3 3 3 3 3 3 3 3 3 3 3 3 3 3 3 3 3 3 3 3 3 3 3 3 3 3 3 3 3 3 3 3 3 3 3 3 3 3 3 3 3 3 3 3 3 3 3 3 3 3 3 3 3 3 3 3 3 3 3 3 3 3 3 3 3 3 3 3 3 3 3 3 3 3 3 3 3 3 3 3 3 3 3 3 3 3 3 3 3 3 3 3 3 3 3 3 3 3 3 3 3 3 3 3 3 3 3 3 3 3 3 3 3 3 3 3 3 3 3 3 3 3 3 3 3 3 3 3 3 3 3 3 3 3 3 3 3 3 3 3 3 3 3 3 3 3 3 3 3 3 3 3 3 3 3 3 3 3 3 3 3 3 3 3 3 3 3 3 3 3 3 3 3 3 3 3 3 3 3 3 3 3 3 3 3 3 3 3 3 3 3 3 3 3 3 3 3 3 3 3 3 3 3 3 3 3 3 3 3 3 3 3 3 3 3 3 3 3 3 3 3 3 3 3 3 3 3 3 3 3 3 3 3 3 3 3 3 3 3 3 3 3 3 3 3 3 3 3 3 3 3 3 3 3 3 3 3 3 3 3 3 3 3 3 3 3 3 3 3 3 3 3 3 3 3 3 3 3 3 3 3 3 3 3 3 3 3 3 3 3 3 3 3 3 3 3 3 3 3 3 3 3 3 3 3 3 3 3 3 3 3 3 3 3 3 3 3 3 3 3 3 3 3 3 3 3 3 3 3 3 3 3 3 3</vcount>
          <p>2 2 0 0 0 0 1 1 0 2 2 0 4 4 0 3 3 0 0 0 0 2 2 0 3 3 0 3 3 0 4 4 0 5 5 0 8 8 0 6 6 0 7 7 0 8 8 0 10 10 0 9 9 0 6 6 0 8 8 0 9 9 0 10 10 0 12 12 0 11 11 0 9 9 0 10 10 0 11 11 0 1 1 0 11 11 0 12 12 0 1 1 0 12 12 0 2 2 0 2 2 0 12 12 0 13 13 0 4 4 0 2 2 0 14 14 0 14 14 0 2 2 0 13 13 0 15 15 0 5 5 0 4 4 0 15 15 0 4 4 0 16 16 0 16 16 0 4 4 0 14 14 0 16 16 0 18 18 0 17 17 0 15 15 0 16 16 0 17 17 0 18 18 0 20 20 0 19 19 0 17 17 0 18 18 0 19 19 0 19 19 0 20 20 0 21 21 0 24 24 0 22 22 0 23 23 0 24 24 0 26 26 0 25 25 0 22 22 0 24 24 0 25 25 0 7 7 0 25 25 0 26 26 0 7 7 0 26 26 0 8 8 0 8 8 0 26 26 0 27 27 0 10 10 0 8 8 0 28 28 0 28 28 0 8 8 0 27 27 0 12 12 0 10 10 0 29 29 0 29 29 0 10 10 0 28 28 0 13 13 0 12 12 0 30 30 0 30 30 0 12 12 0 29 29 0 14 14 0 13 13 0 31 31 0 31 31 0 13 13 0 30 30 0 16 16 0 14 14 0 32 32 0 32 32 0 14 14 0 31 31 0 18 18 0 16 16 0 33 33 0 33 33 0 16 16 0 32 32 0 20 20 0 18 18 0 34 34 0 34 34 0 18 18 0 33 33 0 35 35 0 21 21 0 20 20 0 35 35 0 20 20 0 36 36 0 36 36 0 20 20 0 34 34 0 36 36 0 38 38 0 37 37 0 35 35 0 36 36 0 37 37 0 37 37 0 38 38 0 39 39 0 42 42 0 40 40 0 41 41 0 23 23 0 40 40 0 42 42 0 23 23 0 42 42 0 24 24 0 24 24 0 42 42 0 43 43 0 26 26 0 24 24 0 44 44 0 44 44 0 24 24 0 43 43 0 27 27 0 26 26 0 45 45 0 45 45 0 26 26 0 44 44 0 28 28 0 27 27 0 46 46 0 46 46 0 27 27 0 45 45 0 29 29 0 28 28 0 47 47 0 47 47 0 28 28 0 46 46 0 30 30 0 29 29 0 48 48 0 48 48 0 29 29 0 47 47 0 31 31 0 30 30 0 49 49 0 49 49 0 30 30 0 48 48 0 32 32 0 31 31 0 50 50 0 50 50 0 31 31 0 49 49 0 33 33 0 32 32 0 51 51 0 51 51 0 32 32 0 50 50 0 34 34 0 33 33 0 52 52 0 52 52 0 33 33 0 51 51 0 36 36 0 34 34 0 53 53 0 53 53 0 34 34 0 52 52 0 38 38 0 36 36 0 54 54 0 54 54 0 36 36 0 53 53 0 55 55 0 39 39 0 38 38 0 55 55 0 38 38 0 56 56 0 56 56 0 38 38 0 54 54 0 56 56 0 58 58 0 57 57 0 55 55 0 56 56 0 57 57 0 57 57 0 58 58 0 59 59 0 62 62 0 60 60 0 61 61 0 41 41 0 60 60 0 62 62 0 41 41 0 62 62 0 42 42 0 42 42 0 62 62 0 63 63 0 43 43 0 42 42 0 64 64 0 64 64 0 42 42 0 63 63 0 44 44 0 43 43 0 65 65 0 65 65 0 43 43 0 64 64 0 45 45 0 44 44 0 66 66 0 66 66 0 44 44 0 65 65 0 46 46 0 45 45 0 67 67 0 67 67 0 45 45 0 66 66 0 47 47 0 46 46 0 68 68 0 68 68 0 46 46 0 67 67 0 48 48 0 47 47 0 69 69 0 69 69 0 47 47 0 68 68 0 49 49 0 48 48 0 70 70 0 70 70 0 48 48 0 69 69 0 50 50 0 49 49 0 71 71 0 71 71 0 49 49 0 70 70 0 51 51 0 50 50 0 72 72 0 72 72 0 50 50 0 71 71 0 52 52 0 51 51 0 73 73 0 73 73 0 51 51 0 72 72 0 53 53 0 52 52 0 74 74 0 74 74 0 52 52 0 73 73 0 54 54 0 53 53 0 75 75 0 75 75 0 53 53 0 74 74 0 56 56 0 54 54 0 76 76 0 76 76 0 54 54 0 75 75 0 58 58 0 56 56 0 77 77 0 77 77 0 56 56 0 76 76 0 78 78 0 59 59 0 58 58 0 78 78 0 58 58 0 79 79 0 79 79 0 58 58 0 77 77 0 78 78 0 79 79 0 80 80 0 83 83 0 81 81 0 82 82 0 61 61 0 81 81 0 83 83 0 61 61 0 83 83 0 62 62 0 62 62 0 83 83 0 84 84 0 63 63 0 62 62 0 85 85 0 85 85 0 62 62 0 84 84 0 64 64 0 63 63 0 86 86 0 86 86 0 63 63 0 85 85 0 65 65 0 64 64 0 87 87 0 87 87 0 64 64 0 86 86 0 66 66 0 65 65 0 88 88 0 88 88 0 65 65 0 87 87 0 67 67 0 66 66 0 89 89 0 89 89 0 66 66 0 88 88 0 68 68 0 67 67 0 90 90 0 90 90 0 67 67 0 89 89 0 69 69 0 68 68 0 91 91 0 91 91 0 68 68 0 90 90 0 70 70 0 69 69 0 92 92 0 92 92 0 69 69 0 91 91 0 71 71 0 70 70 0 93 93 0 93 93 0 70 70 0 92 92 0 72 72 0 71 71 0 94 94 0 94 94 0 71 71 0 93 93 0 73 73 0 72 72 0 95 95 0 95 95 0 72 72 0 94 94 0 74 74 0 73 73 0 96 96 0 96 96 0 73 73 0 95 95 0 75 75 0 74 74 0 97 97 0 97 97 0 74 74 0 96 96 0 76 76 0 75 75 0 98 98 0 98 98 0 75 75 0 97 97 0 77 77 0 76 76 0 99 99 0 99 99 0 76 76 0 98 98 0 79 79 0 77 77 0 100 100 0 100 100 0 77 77 0 99 99 0 101 101 0 80 80 0 79 79 0 100 100 0 101 101 0 79 79 0 104 104 0 102 102 0 103 103 0 82 82 0 102 102 0 104 104 0 82 82 0 104 104 0 83 83 0 83 83 0 104 104 0 105 105 0 84 84 0 83 83 0 106 106 0 106 106 0 83 83 0 105 105 0 85 85 0 84 84 0 107 107 0 107 107 0 84 84 0 106 106 0 86 86 0 85 85 0 108 108 0 108 108 0 85 85 0 107 107 0 87 87 0 86 86 0 109 109 0 109 109 0 86 86 0 108 108 0 88 88 0 87 87 0 110 110 0 110 110 0 87 87 0 109 109 0 89 89 0 88 88 0 111 111 0 111 111 0 88 88 0 110 110 0 90 90 0 89 89 0 112 112 0 112 112 0 89 89 0 111 111 0 91 91 0 90 90 0 113 113 0 113 113 0 90 90 0 112 112 0 92 92 0 91 91 0 114 114 0 114 114 0 91 91 0 113 113 0 93 93 0 92 92 0 115 115 0 115 115 0 92 92 0 114 114 0 94 94 0 93 93 0 116 116 0 116 116 0 93 93 0 115 115 0 95 95 0 94 94 0 117 117 0 117 117 0 94 94 0 116 116 0 96 96 0 95 95 0 118 118 0 118 118 0 95 95 0 117 117 0 97 97 0 96 96 0 119 119 0 119 119 0 96 96 0 118 118 0 98 98 0 97 97 0 120 120 0 120 120 0 97 97 0 119 119 0 99 99 0 98 98 0 121 121 0 121 121 0 98 98 0 120 120 0 100 100 0 99 99 0 122 122 0 122 122 0 99 99 0 121 121 0 123 123 0 101 101 0 100 100 0 123 123 0 100 100 0 124 124 0 124 124 0 100 100 0 122 122 0 123 123 0 124 124 0 125 125 0 127 127 0 104 104 0 103 103 0 126 126 0 127 127 0 103 103 0 105 105 0 104 104 0 128 128 0 128 128 0 104 104 0 127 127 0 106 106 0 105 105 0 129 129 0 129 129 0 105 105 0 128 128 0 107 107 0 106 106 0 130 130 0 130 130 0 106 106 0 129 129 0 108 108 0 107 107 0 131 131 0 131 131 0 107 107 0 130 130 0 109 109 0 108 108 0 132 132 0 132 132 0 108 108 0 131 131 0 110 110 0 109 109 0 133 133 0 133 133 0 109 109 0 132 132 0 111 111 0 110 110 0 134 134 0 134 134 0 110 110 0 133 133 0 112 112 0 111 111 0 135 135 0 135 135 0 111 111 0 134 134 0 113 113 0 112 112 0 136 136 0 136 136 0 112 112 0 135 135 0 114 114 0 113 113 0 137 137 0 137 137 0 113 113 0 136 136 0 115 115 0 114 114 0 138 138 0 138 138 0 114 114 0 137 137 0 116 116 0 115 115 0 139 139 0 139 139 0 115 115 0 138 138 0 117 117 0 116 116 0 140 140 0 140 140 0 116 116 0 139 139 0 118 118 0 117 117 0 141 141 0 141 141 0 117 117 0 140 140 0 119 119 0 118 118 0 142 142 0 142 142 0 118 118 0 141 141 0 120 120 0 119 119 0 143 143 0 143 143 0 119 119 0 142 142 0 121 121 0 120 120 0 144 144 0 144 144 0 120 120 0 143 143 0 122 122 0 121 121 0 145 145 0 145 145 0 121 121 0 144 144 0 124 124 0 122 122 0 146 146 0 146 146 0 122 122 0 145 145 0 147 147 0 125 125 0 124 124 0 146 146 0 147 147 0 124 124 0 150 150 0 148 148 0 149 149 0 126 126 0 148 148 0 150 150 0 126 126 0 150 150 0 127 127 0 127 127 0 150 150 0 151 151 0 128 128 0 127 127 0 152 152 0 152 152 0 127 127 0 151 151 0 129 129 0 128 128 0 153 153 0 153 153 0 128 128 0 152 152 0 130 130 0 129 129 0 154 154 0 154 154 0 129 129 0 153 153 0 131 131 0 130 130 0 155 155 0 155 155 0 130 130 0 154 154 0 132 132 0 131 131 0 156 156 0 156 156 0 131 131 0 155 155 0 133 133 0 132 132 0 157 157 0 157 157 0 132 132 0 156 156 0 134 134 0 133 133 0 158 158 0 158 158 0 133 133 0 157 157 0 135 135 0 134 134 0 159 159 0 159 159 0 134 134 0 158 158 0 136 136 0 135 135 0 160 160 0 160 160 0 135 135 0 159 159 0 137 137 0 136 136 0 161 161 0 161 161 0 136 136 0 160 160 0 138 138 0 137 137 0 162 162 0 162 162 0 137 137 0 161 161 0 139 139 0 138 138 0 163 163 0 163 163 0 138 138 0 162 162 0 140 140 0 139 139 0 164 164 0 164 164 0 139 139 0 163 163 0 141 141 0 140 140 0 165 165 0 165 165 0 140 140 0 164 164 0 142 142 0 141 141 0 166 166 0 166 166 0 141 141 0 165 165 0 143 143 0 142 142 0 167 167 0 167 167 0 142 142 0 166 166 0 144 144 0 143 143 0 168 168 0 168 168 0 143 143 0 167 167 0 145 145 0 144 144 0 169 169 0 169 169 0 144 144 0 168 168 0 146 146 0 145 145 0 170 170 0 170 170 0 145 145 0 169 169 0 171 171 0 147 147 0 146 146 0 171 171 0 146 146 0 172 172 0 172 172 0 146 146 0 170 170 0 171 171 0 172 172 0 173 173 0 175 175 0 150 150 0 149 149 0 174 174 0 175 175 0 149 149 0 151 151 0 150 150 0 176 176 0 176 176 0 150 150 0 175 175 0 152 152 0 151 151 0 177 177 0 177 177 0 151 151 0 176 176 0 153 153 0 152 152 0 178 178 0 178 178 0 152 152 0 177 177 0 154 154 0 153 153 0 179 179 0 179 179 0 153 153 0 178 178 0 155 155 0 154 154 0 180 180 0 180 180 0 154 154 0 179 179 0 156 156 0 155 155 0 181 181 0 181 181 0 155 155 0 180 180 0 157 157 0 156 156 0 182 182 0 182 182 0 156 156 0 181 181 0 158 158 0 157 157 0 183 183 0 183 183 0 157 157 0 182 182 0 159 159 0 158 158 0 184 184 0 184 184 0 158 158 0 183 183 0 160 160 0 159 159 0 185 185 0 185 185 0 159 159 0 184 184 0 161 161 0 160 160 0 186 186 0 186 186 0 160 160 0 185 185 0 162 162 0 161 161 0 187 187 0 187 187 0 161 161 0 186 186 0 163 163 0 162 162 0 188 188 0 188 188 0 162 162 0 187 187 0 164 164 0 163 163 0 189 189 0 189 189 0 163 163 0 188 188 0 165 165 0 164 164 0 190 190 0 190 190 0 164 164 0 189 189 0 166 166 0 165 165 0 191 191 0 191 191 0 165 165 0 190 190 0 167 167 0 166 166 0 192 192 0 192 192 0 166 166 0 191 191 0 168 168 0 167 167 0 193 193 0 193 193 0 167 167 0 192 192 0 169 169 0 168 168 0 194 194 0 194 194 0 168 168 0 193 193 0 170 170 0 169 169 0 195 195 0 195 195 0 169 169 0 194 194 0 172 172 0 170 170 0 196 196 0 196 196 0 170 170 0 195 195 0 197 197 0 173 173 0 172 172 0 196 196 0 197 197 0 172 172 0 200 200 0 198 198 0 199 199 0 174 174 0 198 198 0 200 200 0 174 174 0 200 200 0 175 175 0 175 175 0 200 200 0 201 201 0 176 176 0 175 175 0 202 202 0 202 202 0 175 175 0 201 201 0 177 177 0 176 176 0 203 203 0 203 203 0 176 176 0 202 202 0 178 178 0 177 177 0 204 204 0 204 204 0 177 177 0 203 203 0 179 179 0 178 178 0 205 205 0 205 205 0 178 178 0 204 204 0 180 180 0 179 179 0 206 206 0 206 206 0 179 179 0 205 205 0 181 181 0 180 180 0 207 207 0 207 207 0 180 180 0 206 206 0 182 182 0 181 181 0 208 208 0 208 208 0 181 181 0 207 207 0 183 183 0 182 182 0 209 209 0 209 209 0 182 182 0 208 208 0 184 184 0 183 183 0 210 210 0 210 210 0 183 183 0 209 209 0 185 185 0 184 184 0 211 211 0 211 211 0 184 184 0 210 210 0 186 186 0 185 185 0 212 212 0 212 212 0 185 185 0 211 211 0 187 187 0 186 186 0 213 213 0 213 213 0 186 186 0 212 212 0 188 188 0 187 187 0 214 214 0 214 214 0 187 187 0 213 213 0 189 189 0 188 188 0 215 215 0 215 215 0 188 188 0 214 214 0 190 190 0 189 189 0 216 216 0 216 216 0 189 189 0 215 215 0 191 191 0 190 190 0 217 217 0 217 217 0 190 190 0 216 216 0 192 192 0 191 191 0 218 218 0 218 218 0 191 191 0 217 217 0 193 193 0 192 192 0 219 219 0 219 219 0 192 192 0 218 218 0 194 194 0 193 193 0 220 220 0 220 220 0 193 193 0 219 219 0 195 195 0 194 194 0 221 221 0 221 221 0 194 194 0 220 220 0 196 196 0 195 195 0 222 222 0 222 222 0 195 195 0 221 221 0 223 223 0 197 197 0 196 196 0 222 222 0 223 223 0 196 196 0 225 225 0 200 200 0 199 199 0 224 224 0 225 225 0 199 199 0 201 201 0 200 200 0 226 226 0 226 226 0 200 200 0 225 225 0 202 202 0 201 201 0 227 227 0 227 227 0 201 201 0 226 226 0 203 203 0 202 202 0 228 228 0 228 228 0 202 202 0 227 227 0 204 204 0 203 203 0 229 229 0 229 229 0 203 203 0 228 228 0 205 205 0 204 204 0 230 230 0 230 230 0 204 204 0 229 229 0 206 206 0 205 205 0 231 231 0 231 231 0 205 205 0 230 230 0 207 207 0 206 206 0 232 232 0 232 232 0 206 206 0 231 231 0 208 208 0 207 207 0 233 233 0 233 233 0 207 207 0 232 232 0 209 209 0 208 208 0 234 234 0 234 234 0 208 208 0 233 233 0 210 210 0 209 209 0 235 235 0 235 235 0 209 209 0 234 234 0 211 211 0 210 210 0 236 236 0 236 236 0 210 210 0 235 235 0 212 212 0 211 211 0 237 237 0 237 237 0 211 211 0 236 236 0 213 213 0 212 212 0 238 238 0 238 238 0 212 212 0 237 237 0 214 214 0 213 213 0 239 239 0 239 239 0 213 213 0 238 238 0 215 215 0 214 214 0 240 240 0 240 240 0 214 214 0 239 239 0 216 216 0 215 215 0 241 241 0 241 241 0 215 215 0 240 240 0 217 217 0 216 216 0 242 242 0 242 242 0 216 216 0 241 241 0 218 218 0 217 217 0 243 243 0 243 243 0 217 217 0 242 242 0 219 219 0 218 218 0 244 244 0 244 244 0 218 218 0 243 243 0 220 220 0 219 219 0 245 245 0 245 245 0 219 219 0 244 244 0 221 221 0 220 220 0 246 246 0 246 246 0 220 220 0 245 245 0 222 222 0 221 221 0 247 247 0 247 247 0 221 221 0 246 246 0 248 248 0 223 223 0 222 222 0 248 248 0 222 222 0 249 249 0 249 249 0 222 222 0 247 247 0 248 248 0 249 249 0 250 250 0 252 252 0 225 225 0 224 224 0 251 251 0 252 252 0 224 224 0 226 226 0 225 225 0 253 253 0 253 253 0 225 225 0 252 252 0 227 227 0 226 226 0 254 254 0 254 254 0 226 226 0 253 253 0 228 228 0 227 227 0 255 255 0 255 255 0 227 227 0 254 254 0 229 229 0 228 228 0 256 256 0 256 256 0 228 228 0 255 255 0 230 230 0 229 229 0 257 257 0 257 257 0 229 229 0 256 256 0 231 231 0 230 230 0 258 258 0 258 258 0 230 230 0 257 257 0 232 232 0 231 231 0 259 259 0 259 259 0 231 231 0 258 258 0 233 233 0 232 232 0 260 260 0 260 260 0 232 232 0 259 259 0 234 234 0 233 233 0 261 261 0 261 261 0 233 233 0 260 260 0 235 235 0 234 234 0 262 262 0 262 262 0 234 234 0 261 261 0 236 236 0 235 235 0 263 263 0 263 263 0 235 235 0 262 262 0 237 237 0 236 236 0 264 264 0 264 264 0 236 236 0 263 263 0 238 238 0 237 237 0 265 265 0 265 265 0 237 237 0 264 264 0 239 239 0 238 238 0 266 266 0 266 266 0 238 238 0 265 265 0 240 240 0 239 239 0 267 267 0 267 267 0 239 239 0 266 266 0 241 241 0 240 240 0 268 268 0 268 268 0 240 240 0 267 267 0 242 242 0 241 241 0 269 269 0 269 269 0 241 241 0 268 268 0 243 243 0 242 242 0 270 270 0 270 270 0 242 242 0 269 269 0 244 244 0 243 243 0 271 271 0 271 271 0 243 243 0 270 270 0 245 245 0 244 244 0 272 272 0 272 272 0 244 244 0 271 271 0 246 246 0 245 245 0 273 273 0 273 273 0 245 245 0 272 272 0 247 247 0 246 246 0 274 274 0 274 274 0 246 246 0 273 273 0 249 249 0 247 247 0 275 275 0 275 275 0 247 247 0 274 274 0 276 276 0 250 250 0 249 249 0 275 275 0 276 276 0 249 249 0 252 252 0 251 251 0 277 277 0 277 277 0 278 278 0 279 279 0 277 277 0 279 279 0 252 252 0 252 252 0 279 279 0 253 253 0 254 254 0 253 253 0 280 280 0 280 280 0 253 253 0 279 279 0 255 255 0 254 254 0 281 281 0 281 281 0 254 254 0 280 280 0 256 256 0 255 255 0 282 282 0 282 282 0 255 255 0 281 281 0 257 257 0 256 256 0 283 283 0 283 283 0 256 256 0 282 282 0 258 258 0 257 257 0 284 284 0 284 284 0 257 257 0 283 283 0 259 259 0 258 258 0 285 285 0 285 285 0 258 258 0 284 284 0 260 260 0 259 259 0 286 286 0 286 286 0 259 259 0 285 285 0 261 261 0 260 260 0 287 287 0 287 287 0 260 260 0 286 286 0 262 262 0 261 261 0 288 288 0 288 288 0 261 261 0 287 287 0 263 263 0 262 262 0 289 289 0 289 289 0 262 262 0 288 288 0 264 264 0 263 263 0 290 290 0 290 290 0 263 263 0 289 289 0 265 265 0 264 264 0 291 291 0 291 291 0 264 264 0 290 290 0 266 266 0 265 265 0 292 292 0 292 292 0 265 265 0 291 291 0 267 267 0 266 266 0 293 293 0 293 293 0 266 266 0 292 292 0 268 268 0 267 267 0 294 294 0 294 294 0 267 267 0 293 293 0 269 269 0 268 268 0 295 295 0 295 295 0 268 268 0 294 294 0 270 270 0 269 269 0 296 296 0 296 296 0 269 269 0 295 295 0 271 271 0 270 270 0 297 297 0 297 297 0 270 270 0 296 296 0 272 272 0 271 271 0 298 298 0 298 298 0 271 271 0 297 297 0 273 273 0 272 272 0 299 299 0 299 299 0 272 272 0 298 298 0 274 274 0 273 273 0 300 300 0 300 300 0 273 273 0 299 299 0 302 302 0 301 301 0 275 275 0 302 302 0 275 275 0 300 300 0 300 300 0 275 275 0 274 274 0 276 276 0 275 275 0 301 301 0 304 304 0 279 279 0 278 278 0 303 303 0 304 304 0 278 278 0 280 280 0 279 279 0 305 305 0 305 305 0 279 279 0 304 304 0 281 281 0 280 280 0 306 306 0 306 306 0 280 280 0 305 305 0 282 282 0 281 281 0 307 307 0 307 307 0 281 281 0 306 306 0 283 283 0 282 282 0 308 308 0 308 308 0 282 282 0 307 307 0 284 284 0 283 283 0 309 309 0 309 309 0 283 283 0 308 308 0 285 285 0 284 284 0 310 310 0 310 310 0 284 284 0 309 309 0 286 286 0 285 285 0 311 311 0 311 311 0 285 285 0 310 310 0 287 287 0 286 286 0 312 312 0 312 312 0 286 286 0 311 311 0 288 288 0 287 287 0 313 313 0 313 313 0 287 287 0 312 312 0 289 289 0 288 288 0 314 314 0 314 314 0 288 288 0 313 313 0 290 290 0 289 289 0 315 315 0 315 315 0 289 289 0 314 314 0 291 291 0 290 290 0 316 316 0 316 316 0 290 290 0 315 315 0 292 292 0 291 291 0 317 317 0 317 317 0 291 291 0 316 316 0 293 293 0 292 292 0 318 318 0 318 318 0 292 292 0 317 317 0 294 294 0 293 293 0 319 319 0 319 319 0 293 293 0 318 318 0 295 295 0 294 294 0 320 320 0 320 320 0 294 294 0 319 319 0 296 296 0 295 295 0 321 321 0 321 321 0 295 295 0 320 320 0 297 297 0 296 296 0 322 322 0 322 322 0 296 296 0 321 321 0 298 298 0 297 297 0 323 323 0 323 323 0 297 297 0 322 322 0 299 299 0 298 298 0 324 324 0 324 324 0 298 298 0 323 323 0 300 300 0 299 299 0 325 325 0 325 325 0 299 299 0 324 324 0 326 326 0 302 302 0 300 300 0 325 325 0 326 326 0 300 300 0 328 328 0 304 304 0 303 303 0 327 327 0 328 328 0 303 303 0 305 305 0 304 304 0 329 329 0 329 329 0 304 304 0 328 328 0 306 306 0 305 305 0 330 330 0 330 330 0 305 305 0 329 329 0 307 307 0 306 306 0 331 331 0 331 331 0 306 306 0 330 330 0 308 308 0 307 307 0 332 332 0 332 332 0 307 307 0 331 331 0 309 309 0 308 308 0 333 333 0 333 333 0 308 308 0 332 332 0 310 310 0 309 309 0 334 334 0 334 334 0 309 309 0 333 333 0 311 311 0 310 310 0 335 335 0 335 335 0 310 310 0 334 334 0 312 312 0 311 311 0 336 336 0 336 336 0 311 311 0 335 335 0 313 313 0 312 312 0 337 337 0 337 337 0 312 312 0 336 336 0 314 314 0 313 313 0 338 338 0 338 338 0 313 313 0 337 337 0 315 315 0 314 314 0 339 339 0 339 339 0 314 314 0 338 338 0 316 316 0 315 315 0 340 340 0 340 340 0 315 315 0 339 339 0 317 317 0 316 316 0 341 341 0 341 341 0 316 316 0 340 340 0 318 318 0 317 317 0 342 342 0 342 342 0 317 317 0 341 341 0 319 319 0 318 318 0 343 343 0 343 343 0 318 318 0 342 342 0 320 320 0 319 319 0 344 344 0 344 344 0 319 319 0 343 343 0 321 321 0 320 320 0 345 345 0 345 345 0 320 320 0 344 344 0 322 322 0 321 321 0 346 346 0 346 346 0 321 321 0 345 345 0 323 323 0 322 322 0 347 347 0 347 347 0 322 322 0 346 346 0 324 324 0 323 323 0 348 348 0 348 348 0 323 323 0 347 347 0 325 325 0 324 324 0 349 349 0 349 349 0 324 324 0 348 348 0 350 350 0 326 326 0 325 325 0 349 349 0 350 350 0 325 325 0 328 328 0 327 327 0 351 351 0 351 351 0 352 352 0 353 353 0 351 351 0 353 353 0 328 328 0 328 328 0 353 353 0 329 329 0 330 330 0 329 329 0 354 354 0 354 354 0 329 329 0 353 353 0 331 331 0 330 330 0 355 355 0 355 355 0 330 330 0 354 354 0 332 332 0 331 331 0 356 356 0 356 356 0 331 331 0 355 355 0 333 333 0 332 332 0 357 357 0 357 357 0 332 332 0 356 356 0 334 334 0 333 333 0 358 358 0 358 358 0 333 333 0 357 357 0 335 335 0 334 334 0 359 359 0 359 359 0 334 334 0 358 358 0 336 336 0 335 335 0 360 360 0 360 360 0 335 335 0 359 359 0 337 337 0 336 336 0 361 361 0 361 361 0 336 336 0 360 360 0 338 338 0 337 337 0 362 362 0 362 362 0 337 337 0 361 361 0 339 339 0 338 338 0 363 363 0 363 363 0 338 338 0 362 362 0 340 340 0 339 339 0 364 364 0 364 364 0 339 339 0 363 363 0 341 341 0 340 340 0 365 365 0 365 365 0 340 340 0 364 364 0 342 342 0 341 341 0 366 366 0 366 366 0 341 341 0 365 365 0 343 343 0 342 342 0 367 367 0 367 367 0 342 342 0 366 366 0 344 344 0 343 343 0 368 368 0 368 368 0 343 343 0 367 367 0 345 345 0 344 344 0 369 369 0 369 369 0 344 344 0 368 368 0 346 346 0 345 345 0 370 370 0 370 370 0 345 345 0 369 369 0 347 347 0 346 346 0 371 371 0 371 371 0 346 346 0 370 370 0 348 348 0 347 347 0 372 372 0 372 372 0 347 347 0 371 371 0 374 374 0 373 373 0 349 349 0 374 374 0 349 349 0 372 372 0 372 372 0 349 349 0 348 348 0 350 350 0 349 349 0 373 373 0 376 376 0 353 353 0 352 352 0 375 375 0 376 376 0 352 352 0 354 354 0 353 353 0 377 377 0 377 377 0 353 353 0 376 376 0 355 355 0 354 354 0 378 378 0 378 378 0 354 354 0 377 377 0 356 356 0 355 355 0 379 379 0 379 379 0 355 355 0 378 378 0 357 357 0 356 356 0 380 380 0 380 380 0 356 356 0 379 379 0 358 358 0 357 357 0 381 381 0 381 381 0 357 357 0 380 380 0 359 359 0 358 358 0 382 382 0 382 382 0 358 358 0 381 381 0 360 360 0 359 359 0 383 383 0 383 383 0 359 359 0 382 382 0 361 361 0 360 360 0 384 384 0 384 384 0 360 360 0 383 383 0 362 362 0 361 361 0 385 385 0 385 385 0 361 361 0 384 384 0 363 363 0 362 362 0 386 386 0 386 386 0 362 362 0 385 385 0 364 364 0 363 363 0 387 387 0 387 387 0 363 363 0 386 386 0 365 365 0 364 364 0 388 388 0 388 388 0 364 364 0 387 387 0 366 366 0 365 365 0 389 389 0 389 389 0 365 365 0 388 388 0 367 367 0 366 366 0 390 390 0 390 390 0 366 366 0 389 389 0 368 368 0 367 367 0 391 391 0 391 391 0 367 367 0 390 390 0 369 369 0 368 368 0 392 392 0 392 392 0 368 368 0 391 391 0 370 370 0 369 369 0 393 393 0 393 393 0 369 369 0 392 392 0 371 371 0 370 370 0 394 394 0 394 394 0 370 370 0 393 393 0 372 372 0 371 371 0 395 395 0 395 395 0 371 371 0 394 394 0 396 396 0 374 374 0 372 372 0 395 395 0 396 396 0 372 372 0 376 376 0 375 375 0 397 397 0 397 397 0 398 398 0 399 399 0 397 397 0 399 399 0 376 376 0 376 376 0 399 399 0 377 377 0 378 378 0 377 377 0 400 400 0 400 400 0 377 377 0 399 399 0 379 379 0 378 378 0 401 401 0 401 401 0 378 378 0 400 400 0 380 380 0 379 379 0 402 402 0 402 402 0 379 379 0 401 401 0 381 381 0 380 380 0 403 403 0 403 403 0 380 380 0 402 402 0 382 382 0 381 381 0 404 404 0 404 404 0 381 381 0 403 403 0 383 383 0 382 382 0 405 405 0 405 405 0 382 382 0 404 404 0 384 384 0 383 383 0 406 406 0 406 406 0 383 383 0 405 405 0 385 385 0 384 384 0 407 407 0 407 407 0 384 384 0 406 406 0 386 386 0 385 385 0 408 408 0 408 408 0 385 385 0 407 407 0 387 387 0 386 386 0 409 409 0 409 409 0 386 386 0 408 408 0 388 388 0 387 387 0 410 410 0 410 410 0 387 387 0 409 409 0 389 389 0 388 388 0 411 411 0 411 411 0 388 388 0 410 410 0 390 390 0 389 389 0 412 412 0 412 412 0 389 389 0 411 411 0 391 391 0 390 390 0 413 413 0 413 413 0 390 390 0 412 412 0 392 392 0 391 391 0 414 414 0 414 414 0 391 391 0 413 413 0 393 393 0 392 392 0 415 415 0 415 415 0 392 392 0 414 414 0 394 394 0 393 393 0 416 416 0 416 416 0 393 393 0 415 415 0 418 418 0 417 417 0 395 395 0 418 418 0 395 395 0 416 416 0 416 416 0 395 395 0 394 394 0 396 396 0 395 395 0 417 417 0 399 399 0 398 398 0 419 419 0 419 419 0 420 420 0 421 421 0 419 419 0 421 421 0 399 399 0 399 399 0 421 421 0 400 400 0 401 401 0 400 400 0 422 422 0 422 422 0 400 400 0 421 421 0 402 402 0 401 401 0 423 423 0 423 423 0 401 401 0 422 422 0 403 403 0 402 402 0 424 424 0 424 424 0 402 402 0 423 423 0 404 404 0 403 403 0 425 425 0 425 425 0 403 403 0 424 424 0 405 405 0 404 404 0 426 426 0 426 426 0 404 404 0 425 425 0 406 406 0 405 405 0 427 427 0 427 427 0 405 405 0 426 426 0 407 407 0 406 406 0 428 428 0 428 428 0 406 406 0 427 427 0 408 408 0 407 407 0 429 429 0 429 429 0 407 407 0 428 428 0 409 409 0 408 408 0 430 430 0 430 430 0 408 408 0 429 429 0 410 410 0 409 409 0 431 431 0 431 431 0 409 409 0 430 430 0 411 411 0 410 410 0 432 432 0 432 432 0 410 410 0 431 431 0 412 412 0 411 411 0 433 433 0 433 433 0 411 411 0 432 432 0 413 413 0 412 412 0 434 434 0 434 434 0 412 412 0 433 433 0 414 414 0 413 413 0 435 435 0 435 435 0 413 413 0 434 434 0 415 415 0 414 414 0 436 436 0 436 436 0 414 414 0 435 435 0 438 438 0 437 437 0 416 416 0 438 438 0 416 416 0 436 436 0 436 436 0 416 416 0 415 415 0 418 418 0 416 416 0 437 437 0 421 421 0 420 420 0 439 439 0 439 439 0 440 440 0 441 441 0 439 439 0 441 441 0 421 421 0 421 421 0 441 441 0 422 422 0 423 423 0 422 422 0 442 442 0 442 442 0 422 422 0 441 441 0 424 424 0 423 423 0 443 443 0 443 443 0 423 423 0 442 442 0 425 425 0 424 424 0 444 444 0 444 444 0 424 424 0 443 443 0 426 426 0 425 425 0 445 445 0 445 445 0 425 425 0 444 444 0 427 427 0 426 426 0 446 446 0 446 446 0 426 426 0 445 445 0 428 428 0 427 427 0 447 447 0 447 447 0 427 427 0 446 446 0 429 429 0 428 428 0 448 448 0 448 448 0 428 428 0 447 447 0 430 430 0 429 429 0 449 449 0 449 449 0 429 429 0 448 448 0 431 431 0 430 430 0 450 450 0 450 450 0 430 430 0 449 449 0 432 432 0 431 431 0 451 451 0 451 451 0 431 431 0 450 450 0 433 433 0 432 432 0 452 452 0 452 452 0 432 432 0 451 451 0 434 434 0 433 433 0 453 453 0 453 453 0 433 433 0 452 452 0 435 435 0 434 434 0 454 454 0 454 454 0 434 434 0 453 453 0 436 436 0 435 435 0 455 455 0 455 455 0 435 435 0 454 454 0 456 456 0 438 438 0 436 436 0 455 455 0 456 456 0 436 436 0 441 441 0 440 440 0 457 457 0 457 457 0 458 458 0 459 459 0 457 457 0 459 459 0 441 441 0 441 441 0 459 459 0 442 442 0 443 443 0 442 442 0 460 460 0 460 460 0 442 442 0 459 459 0 444 444 0 443 443 0 461 461 0 461 461 0 443 443 0 460 460 0 445 445 0 444 444 0 462 462 0 462 462 0 444 444 0 461 461 0 446 446 0 445 445 0 463 463 0 463 463 0 445 445 0 462 462 0 447 447 0 446 446 0 464 464 0 464 464 0 446 446 0 463 463 0 448 448 0 447 447 0 465 465 0 465 465 0 447 447 0 464 464 0 449 449 0 448 448 0 466 466 0 466 466 0 448 448 0 465 465 0 450 450 0 449 449 0 467 467 0 467 467 0 449 449 0 466 466 0 451 451 0 450 450 0 468 468 0 468 468 0 450 450 0 467 467 0 452 452 0 451 451 0 469 469 0 469 469 0 451 451 0 468 468 0 453 453 0 452 452 0 470 470 0 470 470 0 452 452 0 469 469 0 472 472 0 471 471 0 454 454 0 472 472 0 454 454 0 470 470 0 470 470 0 454 454 0 453 453 0 455 455 0 454 454 0 471 471 0 473 473 0 455 455 0 471 471 0 456 456 0 455 455 0 473 473 0 459 459 0 458 458 0 474 474 0 460 460 0 459 459 0 474 474 0 475 475 0 460 460 0 474 474 0 475 475 0 476 476 0 477 477 0 475 475 0 477 477 0 460 460 0 460 460 0 477 477 0 461 461 0 462 462 0 461 461 0 478 478 0 478 478 0 461 461 0 477 477 0 463 463 0 462 462 0 479 479 0 479 479 0 462 462 0 478 478 0 464 464 0 463 463 0 480 480 0 480 480 0 463 463 0 479 479 0 465 465 0 464 464 0 481 481 0 481 481 0 464 464 0 480 480 0 466 466 0 465 465 0 482 482 0 482 482 0 465 465 0 481 481 0 467 467 0 466 466 0 483 483 0 483 483 0 466 466 0 482 482 0 468 468 0 467 467 0 484 484 0 484 484 0 467 467 0 483 483 0 486 486 0 485 485 0 469 469 0 486 486 0 469 469 0 484 484 0 484 484 0 469 469 0 468 468 0 470 470 0 469 469 0 485 485 0 487 487 0 470 470 0 485 485 0 472 472 0 470 470 0 487 487 0 477 477 0 476 476 0 488 488 0 478 478 0 477 477 0 488 488 0 489 489 0 478 478 0 488 488 0 479 479 0 478 478 0 489 489 0 490 490 0 479 479 0 489 489 0 490 490 0 491 491 0 492 492 0 490 490 0 492 492 0 479 479 0 479 479 0 492 492 0 480 480 0 481 481 0 480 480 0 493 493 0 493 493 0 480 480 0 492 492 0 482 482 0 481 481 0 494 494 0 494 494 0 481 481 0 493 493 0 496 496 0 495 495 0 483 483 0 496 496 0 483 483 0 494 494 0 494 494 0 483 483 0 482 482 0 484 484 0 483 483 0 495 495 0 497 497 0 484 484 0 495 495 0 486 486 0 484 484 0 497 497 0 492 492 0 491 491 0 498 498 0 493 493 0 492 492 0 498 498 0 499 499 0 493 493 0 498 498 0 494 494 0 493 493 0 499 499 0 500 500 0 494 494 0 499 499 0 496 496 0 494 494 0 500 500 0 503 503 0 501 501 0 502 502 0 503 503 0 505 505 0 504 504 0 501 501 0 503 503 0 504 504 0 505 505 0 507 507 0 506 506 0 504 504 0 505 505 0 506 506 0 507 507 0 1 1 0 0 0 0 507 507 0 0 0 0 506 506 0 506 506 0 0 0 0 508 508 0 3 3 0 509 509 0 0 0 0 0 0 0 509 509 0 508 508 0 5 5 0 511 511 0 510 510 0 5 5 0 510 510 0 3 3 0 3 3 0 510 510 0 509 509 0 511 511 0 513 513 0 512 512 0 510 510 0 511 511 0 512 512 0 513 513 0 515 515 0 514 514 0 512 512 0 513 513 0 514 514 0 514 514 0 515 515 0 516 516 0 519 519 0 517 517 0 518 518 0 519 519 0 521 521 0 520 520 0 517 517 0 519 519 0 520 520 0 502 502 0 520 520 0 521 521 0 503 503 0 502 502 0 521 521 0 503 503 0 521 521 0 7 7 0 503 503 0 7 7 0 6 6 0 9 9 0 503 503 0 6 6 0 505 505 0 503 503 0 9 9 0 11 11 0 505 505 0 9 9 0 507 507 0 505 505 0 11 11 0 1 1 0 507 507 0 11 11 0 5 5 0 15 15 0 511 511 0 17 17 0 511 511 0 15 15 0 513 513 0 511 511 0 17 17 0 19 19 0 513 513 0 17 17 0 515 515 0 513 513 0 19 19 0 21 21 0 523 523 0 522 522 0 19 19 0 21 21 0 522 522 0 19 19 0 522 522 0 516 516 0 19 19 0 516 516 0 515 515 0 523 523 0 525 525 0 524 524 0 522 522 0 523 523 0 524 524 0 524 524 0 525 525 0 526 526 0 529 529 0 527 527 0 528 528 0 529 529 0 531 531 0 530 530 0 527 527 0 529 529 0 530 530 0 518 518 0 530 530 0 531 531 0 519 519 0 518 518 0 531 531 0 519 519 0 531 531 0 23 23 0 519 519 0 23 23 0 22 22 0 25 25 0 519 519 0 22 22 0 521 521 0 519 519 0 25 25 0 7 7 0 521 521 0 25 25 0 21 21 0 35 35 0 523 523 0 37 37 0 523 523 0 35 35 0 525 525 0 523 523 0 37 37 0 39 39 0 533 533 0 532 532 0 37 37 0 39 39 0 532 532 0 37 37 0 532 532 0 526 526 0 37 37 0 526 526 0 525 525 0 533 533 0 535 535 0 534 534 0 532 532 0 533 533 0 534 534 0 534 534 0 535 535 0 536 536 0 539 539 0 537 537 0 538 538 0 528 528 0 537 537 0 539 539 0 528 528 0 539 539 0 529 529 0 529 529 0 539 539 0 540 540 0 40 40 0 540 540 0 41 41 0 40 40 0 531 531 0 540 540 0 531 531 0 529 529 0 540 540 0 23 23 0 531 531 0 40 40 0 39 39 0 55 55 0 533 533 0 57 57 0 533 533 0 55 55 0 535 535 0 533 533 0 57 57 0 59 59 0 542 542 0 541 541 0 57 57 0 59 59 0 541 541 0 57 57 0 541 541 0 536 536 0 57 57 0 536 536 0 535 535 0 541 541 0 542 542 0 543 543 0 546 546 0 544 544 0 545 545 0 538 538 0 544 544 0 546 546 0 538 538 0 546 546 0 539 539 0 539 539 0 546 546 0 547 547 0 60 60 0 547 547 0 61 61 0 60 60 0 540 540 0 547 547 0 540 540 0 539 539 0 547 547 0 41 41 0 540 540 0 60 60 0 59 59 0 78 78 0 542 542 0 80 80 0 549 549 0 548 548 0 78 78 0 80 80 0 548 548 0 78 78 0 548 548 0 543 543 0 78 78 0 543 543 0 542 542 0 548 548 0 549 549 0 550 550 0 552 552 0 546 546 0 545 545 0 551 551 0 552 552 0 545 545 0 81 81 0 552 552 0 82 82 0 81 81 0 547 547 0 552 552 0 547 547 0 546 546 0 552 552 0 61 61 0 547 547 0 81 81 0 549 549 0 101 101 0 553 553 0 80 80 0 101 101 0 549 549 0 554 554 0 550 550 0 549 549 0 553 553 0 554 554 0 549 549 0 557 557 0 555 555 0 556 556 0 551 551 0 555 555 0 557 557 0 552 552 0 551 551 0 557 557 0 552 552 0 557 557 0 103 103 0 552 552 0 103 103 0 102 102 0 82 82 0 552 552 0 102 102 0 101 101 0 123 123 0 553 553 0 125 125 0 559 559 0 558 558 0 123 123 0 125 125 0 558 558 0 123 123 0 558 558 0 554 554 0 123 123 0 554 554 0 553 553 0 558 558 0 559 559 0 560 560 0 562 562 0 557 557 0 556 556 0 561 561 0 562 562 0 556 556 0 103 103 0 562 562 0 126 126 0 557 557 0 562 562 0 103 103 0 559 559 0 147 147 0 563 563 0 125 125 0 147 147 0 559 559 0 564 564 0 560 560 0 559 559 0 563 563 0 564 564 0 559 559 0 567 567 0 565 565 0 566 566 0 561 561 0 565 565 0 567 567 0 562 562 0 561 561 0 567 567 0 562 562 0 567 567 0 149 149 0 562 562 0 149 149 0 148 148 0 126 126 0 562 562 0 148 148 0 147 147 0 171 171 0 563 563 0 173 173 0 569 569 0 568 568 0 171 171 0 173 173 0 568 568 0 171 171 0 568 568 0 564 564 0 171 171 0 564 564 0 563 563 0 568 568 0 569 569 0 570 570 0 572 572 0 567 567 0 566 566 0 571 571 0 572 572 0 566 566 0 149 149 0 572 572 0 174 174 0 567 567 0 572 572 0 149 149 0 569 569 0 197 197 0 573 573 0 173 173 0 197 197 0 569 569 0 574 574 0 570 570 0 569 569 0 573 573 0 574 574 0 569 569 0 198 198 0 572 572 0 571 571 0 198 198 0 571 571 0 199 199 0 199 199 0 571 571 0 575 575 0 174 174 0 572 572 0 198 198 0 573 573 0 223 223 0 576 576 0 197 197 0 223 223 0 573 573 0 577 577 0 574 574 0 573 573 0 576 576 0 577 577 0 573 573 0 199 199 0 575 575 0 224 224 0 575 575 0 578 578 0 224 224 0 223 223 0 248 248 0 576 576 0 576 576 0 248 248 0 250 250 0 576 576 0 250 250 0 577 577 0 577 577 0 250 250 0 579 579 0 224 224 0 578 578 0 251 251 0 578 578 0 580 580 0 251 251 0 250 250 0 276 276 0 579 579 0 579 579 0 276 276 0 581 581 0 583 583 0 277 277 0 251 251 0 583 583 0 251 251 0 582 582 0 582 582 0 251 251 0 580 580 0 277 277 0 583 583 0 278 278 0 301 301 0 302 302 0 584 584 0 301 301 0 584 584 0 585 585 0 301 301 0 585 585 0 276 276 0 276 276 0 585 585 0 581 581 0 587 587 0 583 583 0 582 582 0 586 586 0 587 587 0 582 582 0 278 278 0 587 587 0 303 303 0 583 583 0 587 587 0 278 278 0 584 584 0 326 326 0 588 588 0 302 302 0 326 326 0 584 584 0 589 589 0 585 585 0 584 584 0 588 588 0 589 589 0 584 584 0 591 591 0 587 587 0 586 586 0 590 590 0 591 591 0 586 586 0 303 303 0 591 591 0 327 327 0 587 587 0 591 591 0 303 303 0 588 588 0 350 350 0 592 592 0 326 326 0 350 350 0 588 588 0 593 593 0 589 589 0 588 588 0 592 592 0 593 593 0 588 588 0 591 591 0 590 590 0 594 594 0 596 596 0 594 594 0 595 595 0 351 351 0 594 594 0 596 596 0 351 351 0 591 591 0 594 594 0 351 351 0 327 327 0 591 591 0 351 351 0 596 596 0 352 352 0 373 373 0 374 374 0 597 597 0 373 373 0 597 597 0 599 599 0 350 350 0 373 373 0 599 599 0 350 350 0 599 599 0 598 598 0 350 350 0 598 598 0 592 592 0 593 593 0 592 592 0 598 598 0 601 601 0 596 596 0 595 595 0 600 600 0 601 601 0 595 595 0 352 352 0 601 601 0 375 375 0 596 596 0 601 601 0 352 352 0 597 597 0 396 396 0 602 602 0 374 374 0 396 396 0 597 597 0 603 603 0 599 599 0 597 597 0 602 602 0 603 603 0 597 597 0 601 601 0 600 600 0 604 604 0 606 606 0 604 604 0 605 605 0 397 397 0 604 604 0 606 606 0 397 397 0 601 601 0 604 604 0 397 397 0 375 375 0 601 601 0 397 397 0 606 606 0 398 398 0 417 417 0 418 418 0 607 607 0 417 417 0 607 607 0 609 609 0 396 396 0 417 417 0 609 609 0 396 396 0 609 609 0 608 608 0 396 396 0 608 608 0 602 602 0 603 603 0 602 602 0 608 608 0 611 611 0 606 606 0 605 605 0 610 610 0 611 611 0 605 605 0 398 398 0 612 612 0 419 419 0 398 398 0 606 606 0 612 612 0 606 606 0 611 611 0 612 612 0 419 419 0 612 612 0 420 420 0 437 437 0 438 438 0 613 613 0 437 437 0 607 607 0 418 418 0 437 437 0 613 613 0 607 607 0 613 613 0 614 614 0 607 607 0 615 615 0 609 609 0 607 607 0 614 614 0 615 615 0 607 607 0 611 611 0 610 610 0 616 616 0 616 616 0 617 617 0 618 618 0 616 616 0 618 618 0 611 611 0 611 611 0 618 618 0 612 612 0 420 420 0 619 619 0 439 439 0 420 420 0 612 612 0 619 619 0 612 612 0 618 618 0 619 619 0 439 439 0 619 619 0 440 440 0 613 613 0 456 456 0 620 620 0 438 438 0 456 456 0 613 613 0 622 622 0 621 621 0 614 614 0 622 622 0 614 614 0 620 620 0 620 620 0 614 614 0 613 613 0 615 615 0 614 614 0 621 621 0 618 618 0 617 617 0 623 623 0 623 623 0 624 624 0 625 625 0 623 623 0 625 625 0 618 618 0 618 618 0 625 625 0 619 619 0 440 440 0 626 626 0 457 457 0 440 440 0 619 619 0 626 626 0 619 619 0 625 625 0 626 626 0 457 457 0 626 626 0 458 458 0 471 471 0 472 472 0 627 627 0 471 471 0 628 628 0 473 473 0 627 627 0 628 628 0 471 471 0 473 473 0 628 628 0 630 630 0 456 456 0 473 473 0 630 630 0 456 456 0 630 630 0 629 629 0 456 456 0 629 629 0 620 620 0 622 622 0 620 620 0 629 629 0 625 625 0 624 624 0 631 631 0 626 626 0 625 625 0 631 631 0 632 632 0 626 626 0 631 631 0 634 634 0 632 632 0 633 633 0 474 474 0 632 632 0 634 634 0 474 474 0 626 626 0 632 632 0 474 474 0 458 458 0 626 626 0 474 474 0 635 635 0 475 475 0 634 634 0 635 635 0 474 474 0 475 475 0 635 635 0 476 476 0 485 485 0 486 486 0 636 636 0 485 485 0 637 637 0 487 487 0 636 636 0 637 637 0 485 485 0 487 487 0 637 637 0 639 639 0 472 472 0 487 487 0 639 639 0 472 472 0 639 639 0 638 638 0 472 472 0 638 638 0 627 627 0 628 628 0 627 627 0 638 638 0 640 640 0 628 628 0 638 638 0 630 630 0 628 628 0 640 640 0 634 634 0 633 633 0 641 641 0 635 635 0 634 634 0 641 641 0 642 642 0 635 635 0 641 641 0 644 644 0 642 642 0 643 643 0 488 488 0 642 642 0 644 644 0 488 488 0 635 635 0 642 642 0 488 488 0 476 476 0 635 635 0 488 488 0 645 645 0 489 489 0 644 644 0 645 645 0 488 488 0 489 489 0 646 646 0 490 490 0 645 645 0 646 646 0 489 489 0 490 490 0 646 646 0 491 491 0 495 495 0 496 496 0 647 647 0 495 495 0 648 648 0 497 497 0 647 647 0 648 648 0 495 495 0 497 497 0 648 648 0 650 650 0 486 486 0 497 497 0 650 650 0 486 486 0 650 650 0 649 649 0 486 486 0 649 649 0 636 636 0 637 637 0 636 636 0 649 649 0 651 651 0 637 637 0 649 649 0 639 639 0 637 637 0 651 651 0 644 644 0 643 643 0 652 652 0 645 645 0 644 644 0 652 652 0 653 653 0 645 645 0 652 652 0 646 646 0 645 645 0 653 653 0 654 654 0 646 646 0 653 653 0 491 491 0 646 646 0 654 654 0 491 491 0 654 654 0 498 498 0 498 498 0 654 654 0 655 655 0 499 499 0 498 498 0 656 656 0 498 498 0 655 655 0 656 656 0 500 500 0 499 499 0 657 657 0 499 499 0 656 656 0 657 657 0 647 647 0 496 496 0 500 500 0 647 647 0 500 500 0 658 658 0 658 658 0 500 500 0 657 657 0 648 648 0 647 647 0 658 658 0 659 659 0 648 648 0 658 658 0 650 650 0 648 648 0 659 659 0 662 662 0 660 660 0 661 661 0 662 662 0 664 664 0 663 663 0 660 660 0 662 662 0 663 663 0 664 664 0 666 666 0 665 665 0 663 663 0 664 664 0 665 665 0 666 666 0 668 668 0 667 667 0 665 665 0 666 666 0 667 667 0 668 668 0 670 670 0 669 669 0 667 667 0 668 668 0 669 669 0 669 669 0 670 670 0 671 671 0 674 674 0 672 672 0 673 673 0 674 674 0 676 676 0 675 675 0 672 672 0 674 674 0 675 675 0 676 676 0 502 502 0 501 501 0 676 676 0 501 501 0 675 675 0 675 675 0 501 501 0 677 677 0 661 661 0 504 504 0 662 662 0 661 661 0 677 677 0 504 504 0 677 677 0 501 501 0 504 504 0 506 506 0 662 662 0 504 504 0 664 664 0 662 662 0 506 506 0 508 508 0 664 664 0 506 506 0 666 666 0 664 664 0 508 508 0 509 509 0 666 666 0 508 508 0 668 668 0 666 666 0 509 509 0 510 510 0 668 668 0 509 509 0 670 670 0 668 668 0 510 510 0 670 670 0 678 678 0 671 671 0 670 670 0 510 510 0 678 678 0 510 510 0 512 512 0 678 678 0 514 514 0 679 679 0 512 512 0 512 512 0 679 679 0 678 678 0 516 516 0 681 681 0 680 680 0 516 516 0 680 680 0 514 514 0 514 514 0 680 680 0 679 679 0 681 681 0 683 683 0 682 682 0 680 680 0 681 681 0 682 682 0 682 682 0 683 683 0 684 684 0 687 687 0 685 685 0 686 686 0 687 687 0 689 689 0 688 688 0 685 685 0 687 687 0 688 688 0 673 673 0 688 688 0 689 689 0 674 674 0 673 673 0 689 689 0 674 674 0 689 689 0 518 518 0 674 674 0 518 518 0 517 517 0 520 520 0 674 674 0 517 517 0 676 676 0 674 674 0 520 520 0 502 502 0 676 676 0 520 520 0 516 516 0 522 522 0 681 681 0 524 524 0 681 681 0 522 522 0 683 683 0 681 681 0 524 524 0 526 526 0 691 691 0 690 690 0 524 524 0 526 526 0 690 690 0 524 524 0 690 690 0 684 684 0 524 524 0 684 684 0 683 683 0 691 691 0 693 693 0 692 692 0 690 690 0 691 691 0 692 692 0 692 692 0 693 693 0 694 694 0 697 697 0 695 695 0 696 696 0 686 686 0 695 695 0 697 697 0 687 687 0 686 686 0 697 697 0 687 687 0 697 697 0 528 528 0 687 687 0 528 528 0 527 527 0 530 530 0 687 687 0 527 527 0 689 689 0 687 687 0 530 530 0 518 518 0 689 689 0 530 530 0 526 526 0 532 532 0 691 691 0 534 534 0 691 691 0 532 532 0 693 693 0 691 691 0 534 534 0 536 536 0 699 699 0 698 698 0 534 534 0 536 536 0 698 698 0 534 534 0 698 698 0 694 694 0 534 534 0 694 694 0 693 693 0 698 698 0 699 699 0 700 700 0 703 703 0 701 701 0 702 702 0 696 696 0 701 701 0 703 703 0 697 697 0 696 696 0 703 703 0 697 697 0 703 703 0 538 538 0 697 697 0 538 538 0 537 537 0 528 528 0 697 697 0 537 537 0 536 536 0 541 541 0 699 699 0 543 543 0 705 705 0 704 704 0 541 541 0 543 543 0 704 704 0 541 541 0 704 704 0 700 700 0 541 541 0 700 700 0 699 699 0 704 704 0 705 705 0 706 706 0 709 709 0 707 707 0 708 708 0 702 702 0 707 707 0 709 709 0 703 703 0 702 702 0 709 709 0 703 703 0 709 709 0 545 545 0 703 703 0 545 545 0 544 544 0 538 538 0 703 703 0 544 544 0 543 543 0 548 548 0 705 705 0 550 550 0 711 711 0 710 710 0 548 548 0 550 550 0 710 710 0 548 548 0 710 710 0 706 706 0 548 548 0 706 706 0 705 705 0 710 710 0 711 711 0 712 712 0 714 714 0 709 709 0 708 708 0 713 713 0 714 714 0 708 708 0 545 545 0 714 714 0 551 551 0 709 709 0 714 714 0 545 545 0 711 711 0 554 554 0 715 715 0 550 550 0 554 554 0 711 711 0 716 716 0 712 712 0 711 711 0 715 715 0 716 716 0 711 711 0 719 719 0 717 717 0 718 718 0 713 713 0 717 717 0 719 719 0 714 714 0 713 713 0 719 719 0 714 714 0 719 719 0 556 556 0 714 714 0 556 556 0 555 555 0 551 551 0 714 714 0 555 555 0 554 554 0 558 558 0 715 715 0 560 560 0 721 721 0 720 720 0 558 558 0 560 560 0 720 720 0 558 558 0 720 720 0 716 716 0 558 558 0 716 716 0 715 715 0 720 720 0 721 721 0 722 722 0 724 724 0 719 719 0 718 718 0 723 723 0 724 724 0 718 718 0 556 556 0 724 724 0 561 561 0 719 719 0 724 724 0 556 556 0 721 721 0 564 564 0 725 725 0 560 560 0 564 564 0 721 721 0 726 726 0 722 722 0 721 721 0 725 725 0 726 726 0 721 721 0 565 565 0 724 724 0 723 723 0 565 565 0 723 723 0 566 566 0 566 566 0 723 723 0 727 727 0 561 561 0 724 724 0 565 565 0 564 564 0 568 568 0 725 725 0 725 725 0 568 568 0 570 570 0 725 725 0 570 570 0 726 726 0 726 726 0 570 570 0 728 728 0 566 566 0 727 727 0 571 571 0 727 727 0 729 729 0 571 571 0 730 730 0 574 574 0 731 731 0 730 730 0 728 728 0 574 574 0 728 728 0 570 570 0 574 574 0 730 730 0 731 731 0 732 732 0 735 735 0 733 733 0 734 734 0 735 735 0 729 729 0 733 733 0 735 735 0 575 575 0 729 729 0 575 575 0 571 571 0 729 729 0 731 731 0 577 577 0 736 736 0 574 574 0 577 577 0 731 731 0 737 737 0 732 732 0 731 731 0 736 736 0 737 737 0 731 731 0 739 739 0 735 735 0 734 734 0 738 738 0 739 739 0 734 734 0 575 575 0 739 739 0 578 578 0 735 735 0 739 739 0 575 575 0 736 736 0 579 579 0 740 740 0 577 577 0 579 579 0 736 736 0 741 741 0 737 737 0 736 736 0 740 740 0 741 741 0 736 736 0 743 743 0 739 739 0 738 738 0 742 742 0 743 743 0 738 738 0 578 578 0 743 743 0 580 580 0 739 739 0 743 743 0 578 578 0 740 740 0 581 581 0 744 744 0 579 579 0 581 581 0 740 740 0 745 745 0 741 741 0 740 740 0 744 744 0 745 745 0 740 740 0 747 747 0 743 743 0 742 742 0 746 746 0 747 747 0 742 742 0 580 580 0 747 747 0 582 582 0 743 743 0 747 747 0 580 580 0 744 744 0 585 585 0 748 748 0 581 581 0 585 585 0 744 744 0 749 749 0 745 745 0 744 744 0 748 748 0 749 749 0 744 744 0 747 747 0 746 746 0 750 750 0 750 750 0 582 582 0 747 747 0 750 750 0 751 751 0 582 582 0 751 751 0 586 586 0 582 582 0 748 748 0 589 589 0 752 752 0 585 585 0 589 589 0 748 748 0 753 753 0 749 749 0 748 748 0 752 752 0 753 753 0 748 748 0 586 586 0 751 751 0 590 590 0 751 751 0 754 754 0 590 590 0 752 752 0 756 756 0 755 755 0 752 752 0 589 589 0 756 756 0 589 589 0 593 593 0 756 756 0 753 753 0 752 752 0 755 755 0 758 758 0 594 594 0 590 590 0 758 758 0 590 590 0 757 757 0 757 757 0 590 590 0 754 754 0 594 594 0 758 758 0 595 595 0 598 598 0 599 599 0 759 759 0 598 598 0 759 759 0 760 760 0 598 598 0 760 760 0 593 593 0 593 593 0 760 760 0 756 756 0 762 762 0 758 758 0 757 757 0 761 761 0 762 762 0 757 757 0 595 595 0 762 762 0 600 600 0 758 758 0 762 762 0 595 595 0 759 759 0 603 603 0 763 763 0 599 599 0 603 603 0 759 759 0 764 764 0 760 760 0 759 759 0 763 763 0 764 764 0 759 759 0 762 762 0 761 761 0 765 765 0 767 767 0 765 765 0 766 766 0 604 604 0 765 765 0 767 767 0 604 604 0 762 762 0 765 765 0 604 604 0 600 600 0 762 762 0 604 604 0 767 767 0 605 605 0 608 608 0 609 609 0 768 768 0 608 608 0 768 768 0 770 770 0 603 603 0 608 608 0 770 770 0 603 603 0 770 770 0 769 769 0 603 603 0 769 769 0 763 763 0 764 764 0 763 763 0 769 769 0 772 772 0 767 767 0 766 766 0 771 771 0 772 772 0 766 766 0 605 605 0 772 772 0 610 610 0 767 767 0 772 772 0 605 605 0 768 768 0 774 774 0 773 773 0 768 768 0 609 609 0 774 774 0 609 609 0 615 615 0 774 774 0 770 770 0 768 768 0 773 773 0 772 772 0 771 771 0 775 775 0 777 777 0 775 775 0 776 776 0 616 616 0 775 775 0 777 777 0 616 616 0 772 772 0 775 775 0 616 616 0 610 610 0 772 772 0 616 616 0 777 777 0 617 617 0 621 621 0 622 622 0 778 778 0 621 621 0 778 778 0 779 779 0 621 621 0 779 779 0 615 615 0 615 615 0 779 779 0 774 774 0 777 777 0 776 776 0 780 780 0 782 782 0 780 780 0 781 781 0 623 623 0 780 780 0 782 782 0 623 623 0 777 777 0 780 780 0 623 623 0 617 617 0 777 777 0 623 623 0 782 782 0 624 624 0 629 629 0 630 630 0 783 783 0 629 629 0 783 783 0 785 785 0 622 622 0 629 629 0 785 785 0 622 622 0 785 785 0 784 784 0 622 622 0 784 784 0 778 778 0 779 779 0 778 778 0 784 784 0 782 782 0 781 781 0 786 786 0 788 788 0 786 786 0 787 787 0 631 631 0 786 786 0 788 788 0 631 631 0 782 782 0 786 786 0 631 631 0 624 624 0 782 782 0 631 631 0 789 789 0 632 632 0 788 788 0 789 789 0 631 631 0 632 632 0 789 789 0 633 633 0 638 638 0 639 639 0 790 790 0 638 638 0 791 791 0 640 640 0 790 790 0 791 791 0 638 638 0 640 640 0 791 791 0 793 793 0 630 630 0 640 640 0 793 793 0 630 630 0 793 793 0 792 792 0 630 630 0 792 792 0 783 783 0 785 785 0 783 783 0 792 792 0 788 788 0 787 787 0 794 794 0 789 789 0 788 788 0 794 794 0 795 795 0 789 789 0 794 794 0 797 797 0 795 795 0 796 796 0 641 641 0 795 795 0 797 797 0 641 641 0 789 789 0 795 795 0 641 641 0 633 633 0 789 789 0 641 641 0 798 798 0 642 642 0 797 797 0 798 798 0 641 641 0 642 642 0 798 798 0 643 643 0 649 649 0 650 650 0 799 799 0 649 649 0 800 800 0 651 651 0 799 799 0 800 800 0 649 649 0 651 651 0 800 800 0 802 802 0 639 639 0 651 651 0 802 802 0 639 639 0 802 802 0 801 801 0 639 639 0 801 801 0 790 790 0 791 791 0 790 790 0 801 801 0 803 803 0 791 791 0 801 801 0 793 793 0 791 791 0 803 803 0 797 797 0 796 796 0 804 804 0 798 798 0 797 797 0 804 804 0 805 805 0 798 798 0 804 804 0 643 643 0 798 798 0 805 805 0 643 643 0 805 805 0 652 652 0 652 652 0 805 805 0 806 806 0 808 808 0 806 806 0 807 807 0 808 808 0 653 653 0 806 806 0 653 653 0 652 652 0 806 806 0 653 653 0 809 809 0 654 654 0 808 808 0 809 809 0 653 653 0 654 654 0 810 810 0 655 655 0 809 809 0 810 810 0 654 654 0 655 655 0 811 811 0 656 656 0 810 810 0 811 811 0 655 655 0 656 656 0 812 812 0 657 657 0 811 811 0 812 812 0 656 656 0 657 657 0 813 813 0 658 658 0 812 812 0 813 813 0 657 657 0 815 815 0 658 658 0 813 813 0 815 815 0 814 814 0 658 658 0 814 814 0 659 659 0 658 658 0 799 799 0 650 650 0 659 659 0 799 799 0 659 659 0 816 816 0 816 816 0 659 659 0 814 814 0 800 800 0 799 799 0 816 816 0 817 817 0 800 800 0 816 816 0 802 802 0 800 800 0 817 817 0 808 808 0 807 807 0 818 818 0 809 809 0 808 808 0 818 818 0 819 819 0 809 809 0 818 818 0 810 810 0 809 809 0 819 819 0 820 820 0 810 810 0 819 819 0 811 811 0 810 810 0 820 820 0 821 821 0 811 811 0 820 820 0 812 812 0 811 811 0 821 821 0 822 822 0 812 812 0 821 821 0 813 813 0 812 812 0 822 822 0 823 823 0 813 813 0 822 822 0 815 815 0 813 813 0 823 823 0 826 826 0 824 824 0 825 825 0 826 826 0 661 661 0 660 660 0 826 826 0 660 660 0 824 824 0 824 824 0 660 660 0 827 827 0 663 663 0 828 828 0 660 660 0 660 660 0 828 828 0 827 827 0 665 665 0 829 829 0 663 663 0 663 663 0 829 829 0 828 828 0 667 667 0 830 830 0 665 665 0 665 665 0 830 830 0 829 829 0 669 669 0 831 831 0 667 667 0 667 667 0 831 831 0 830 830 0 671 671 0 833 833 0 832 832 0 671 671 0 832 832 0 669 669 0 669 669 0 832 832 0 831 831 0 833 833 0 835 835 0 834 834 0 832 832 0 833 833 0 834 834 0 834 834 0 835 835 0 836 836 0 839 839 0 837 837 0 838 838 0 839 839 0 673 673 0 672 672 0 839 839 0 672 672 0 837 837 0 837 837 0 672 672 0 840 840 0 675 675 0 841 841 0 672 672 0 672 672 0 841 841 0 840 840 0 825 825 0 677 677 0 826 826 0 825 825 0 841 841 0 677 677 0 841 841 0 675 675 0 677 677 0 661 661 0 826 826 0 677 677 0 671 671 0 678 678 0 833 833 0 679 679 0 833 833 0 678 678 0 835 835 0 833 833 0 679 679 0 835 835 0 842 842 0 836 836 0 835 835 0 679 679 0 842 842 0 679 679 0 680 680 0 842 842 0 682 682 0 843 843 0 680 680 0 680 680 0 843 843 0 842 842 0 684 684 0 845 845 0 844 844 0 684 684 0 844 844 0 682 682 0 682 682 0 844 844 0 843 843 0 844 844 0 845 845 0 846 846 0 685 685 0 847 847 0 848 848 0 686 686 0 685 685 0 848 848 0 838 838 0 688 688 0 839 839 0 838 838 0 847 847 0 688 688 0 847 847 0 685 685 0 688 688 0 673 673 0 839 839 0 688 688 0 684 684 0 690 690 0 845 845 0 845 845 0 849 849 0 846 846 0 845 845 0 690 690 0 849 849 0 690 690 0 692 692 0 849 849 0 849 849 0 692 692 0 694 694 0 850 850 0 849 849 0 694 694 0 695 695 0 851 851 0 852 852 0 696 696 0 695 695 0 852 852 0 848 848 0 695 695 0 686 686 0 851 851 0 695 695 0 848 848 0 694 694 0 853 853 0 850 850 0 698 698 0 853 853 0 694 694 0 853 853 0 698 698 0 700 700 0 854 854 0 853 853 0 700 700 0 701 701 0 855 855 0 856 856 0 702 702 0 701 701 0 856 856 0 852 852 0 701 701 0 696 696 0 855 855 0 701 701 0 852 852 0 700 700 0 857 857 0 854 854 0 704 704 0 857 857 0 700 700 0 857 857 0 704 704 0 706 706 0 858 858 0 857 857 0 706 706 0 707 707 0 859 859 0 860 860 0 708 708 0 707 707 0 860 860 0 856 856 0 707 707 0 702 702 0 859 859 0 707 707 0 856 856 0 706 706 0 861 861 0 858 858 0 710 710 0 861 861 0 706 706 0 861 861 0 710 710 0 712 712 0 862 862 0 861 861 0 712 712 0 865 865 0 863 863 0 864 864 0 865 865 0 860 860 0 863 863 0 865 865 0 713 713 0 860 860 0 713 713 0 708 708 0 860 860 0 866 866 0 716 716 0 867 867 0 866 866 0 862 862 0 716 716 0 862 862 0 712 712 0 716 716 0 866 866 0 867 867 0 868 868 0 717 717 0 865 865 0 864 864 0 717 717 0 864 864 0 718 718 0 718 718 0 864 864 0 869 869 0 713 713 0 865 865 0 717 717 0 716 716 0 720 720 0 867 867 0 867 867 0 720 720 0 722 722 0 867 867 0 722 722 0 868 868 0 868 868 0 722 722 0 870 870 0 718 718 0 869 869 0 723 723 0 869 869 0 871 871 0 723 723 0 872 872 0 726 726 0 873 873 0 872 872 0 870 870 0 726 726 0 870 870 0 722 722 0 726 726 0 872 872 0 873 873 0 874 874 0 877 877 0 875 875 0 876 876 0 877 877 0 871 871 0 875 875 0 877 877 0 727 727 0 871 871 0 727 727 0 723 723 0 871 871 0 873 873 0 728 728 0 878 878 0 726 726 0 728 728 0 873 873 0 879 879 0 874 874 0 873 873 0 878 878 0 879 879 0 873 873 0 881 881 0 877 877 0 876 876 0 880 880 0 881 881 0 876 876 0 727 727 0 881 881 0 729 729 0 877 877 0 881 881 0 727 727 0 728 728 0 730 730 0 878 878 0 878 878 0 730 730 0 732 732 0 878 878 0 732 732 0 879 879 0 879 879 0 732 732 0 882 882 0 733 733 0 881 881 0 880 880 0 733 733 0 880 880 0 734 734 0 734 734 0 880 880 0 883 883 0 729 729 0 881 881 0 733 733 0 732 732 0 737 737 0 882 882 0 882 882 0 737 737 0 884 884 0 734 734 0 883 883 0 738 738 0 883 883 0 885 885 0 738 738 0 737 737 0 741 741 0 884 884 0 884 884 0 741 741 0 886 886 0 738 738 0 885 885 0 742 742 0 885 885 0 887 887 0 742 742 0 741 741 0 745 745 0 886 886 0 886 886 0 745 745 0 888 888 0 742 742 0 887 887 0 746 746 0 887 887 0 889 889 0 746 746 0 745 745 0 749 749 0 888 888 0 888 888 0 749 749 0 890 890 0 892 892 0 750 750 0 746 746 0 892 892 0 746 746 0 891 891 0 891 891 0 746 746 0 889 889 0 750 750 0 892 892 0 751 751 0 749 749 0 753 753 0 890 890 0 890 890 0 753 753 0 893 893 0 895 895 0 892 892 0 891 891 0 894 894 0 895 895 0 891 891 0 751 751 0 895 895 0 754 754 0 892 892 0 895 895 0 751 751 0 755 755 0 756 756 0 896 896 0 755 755 0 896 896 0 897 897 0 755 755 0 897 897 0 753 753 0 753 753 0 897 897 0 893 893 0 895 895 0 894 894 0 898 898 0 898 898 0 754 754 0 895 895 0 898 898 0 899 899 0 754 754 0 899 899 0 757 757 0 754 754 0 896 896 0 760 760 0 900 900 0 756 756 0 760 760 0 896 896 0 901 901 0 897 897 0 896 896 0 900 900 0 901 901 0 896 896 0 757 757 0 899 899 0 761 761 0 899 899 0 902 902 0 761 761 0 900 900 0 904 904 0 903 903 0 900 900 0 760 760 0 904 904 0 760 760 0 764 764 0 904 904 0 901 901 0 900 900 0 903 903 0 906 906 0 765 765 0 761 761 0 906 906 0 761 761 0 905 905 0 905 905 0 761 761 0 902 902 0 765 765 0 906 906 0 766 766 0 769 769 0 770 770 0 907 907 0 769 769 0 907 907 0 908 908 0 769 769 0 908 908 0 764 764 0 764 764 0 908 908 0 904 904 0 906 906 0 905 905 0 909 909 0 909 909 0 766 766 0 906 906 0 909 909 0 910 910 0 766 766 0 910 910 0 771 771 0 766 766 0 773 773 0 774 774 0 911 911 0 773 773 0 911 911 0 913 913 0 770 770 0 773 773 0 913 913 0 770 770 0 913 913 0 912 912 0 770 770 0 912 912 0 907 907 0 908 908 0 907 907 0 912 912 0 771 771 0 910 910 0 914 914 0 775 775 0 771 771 0 914 914 0 914 914 0 776 776 0 775 775 0 915 915 0 776 776 0 914 914 0 911 911 0 917 917 0 916 916 0 911 911 0 774 774 0 917 917 0 774 774 0 779 779 0 917 917 0 913 913 0 911 911 0 916 916 0 776 776 0 915 915 0 918 918 0 780 780 0 776 776 0 918 918 0 918 918 0 781 781 0 780 780 0 919 919 0 781 781 0 918 918 0 784 784 0 921 921 0 920 920 0 785 785 0 921 921 0 784 784 0 917 917 0 779 779 0 784 784 0 920 920 0 917 917 0 784 784 0 781 781 0 919 919 0 922 922 0 786 786 0 781 781 0 922 922 0 922 922 0 787 787 0 786 786 0 923 923 0 787 787 0 922 922 0 792 792 0 925 925 0 924 924 0 793 793 0 925 925 0 792 792 0 921 921 0 785 785 0 792 792 0 924 924 0 921 921 0 792 792 0 787 787 0 923 923 0 926 926 0 794 794 0 787 787 0 926 926 0 928 928 0 926 926 0 927 927 0 928 928 0 795 795 0 926 926 0 795 795 0 794 794 0 926 926 0 795 795 0 928 928 0 796 796 0 801 801 0 802 802 0 929 929 0 931 931 0 801 801 0 929 929 0 931 931 0 930 930 0 801 801 0 930 930 0 803 803 0 801 801 0 925 925 0 793 793 0 803 803 0 930 930 0 925 925 0 803 803 0 928 928 0 927 927 0 932 932 0 796 796 0 928 928 0 932 932 0 796 796 0 932 932 0 804 804 0 804 804 0 932 932 0 933 933 0 935 935 0 933 933 0 934 934 0 935 935 0 805 805 0 933 933 0 805 805 0 804 804 0 933 933 0 805 805 0 936 936 0 806 806 0 935 935 0 936 936 0 805 805 0 806 806 0 936 936 0 807 807 0 814 814 0 815 815 0 937 937 0 939 939 0 814 814 0 937 937 0 939 939 0 938 938 0 814 814 0 938 938 0 816 816 0 814 814 0 817 817 0 816 816 0 940 940 0 816 816 0 938 938 0 940 940 0 929 929 0 802 802 0 817 817 0 929 929 0 817 817 0 941 941 0 941 941 0 817 817 0 940 940 0 931 931 0 929 929 0 941 941 0 935 935 0 934 934 0 942 942 0 936 936 0 935 935 0 942 942 0 943 943 0 936 936 0 942 942 0 807 807 0 936 936 0 943 943 0 807 807 0 943 943 0 818 818 0 818 818 0 943 943 0 944 944 0 819 819 0 818 818 0 945 945 0 818 818 0 944 944 0 945 945 0 820 820 0 819 819 0 946 946 0 819 819 0 945 945 0 946 946 0 821 821 0 820 820 0 947 947 0 820 820 0 946 946 0 947 947 0 822 822 0 821 821 0 948 948 0 821 821 0 947 947 0 948 948 0 823 823 0 822 822 0 949 949 0 822 822 0 948 948 0 949 949 0 937 937 0 815 815 0 823 823 0 937 937 0 823 823 0 950 950 0 950 950 0 823 823 0 949 949 0 939 939 0 937 937 0 950 950 0 953 953 0 951 951 0 952 952 0 953 953 0 825 825 0 824 824 0 953 953 0 824 824 0 951 951 0 951 951 0 824 824 0 954 954 0 827 827 0 955 955 0 824 824 0 824 824 0 955 955 0 954 954 0 828 828 0 956 956 0 827 827 0 827 827 0 956 956 0 955 955 0 829 829 0 957 957 0 828 828 0 828 828 0 957 957 0 956 956 0 830 830 0 958 958 0 829 829 0 829 829 0 958 958 0 957 957 0 831 831 0 959 959 0 830 830 0 830 830 0 959 959 0 958 958 0 832 832 0 960 960 0 831 831 0 831 831 0 960 960 0 959 959 0 834 834 0 961 961 0 832 832 0 832 832 0 961 961 0 960 960 0 836 836 0 963 963 0 962 962 0 836 836 0 962 962 0 834 834 0 834 834 0 962 962 0 961 961 0 962 962 0 963 963 0 964 964 0 837 837 0 965 965 0 966 966 0 838 838 0 837 837 0 966 966 0 840 840 0 967 967 0 837 837 0 837 837 0 967 967 0 965 965 0 952 952 0 841 841 0 953 953 0 952 952 0 967 967 0 841 841 0 967 967 0 840 840 0 841 841 0 825 825 0 953 953 0 841 841 0 836 836 0 842 842 0 963 963 0 963 963 0 968 968 0 964 964 0 963 963 0 842 842 0 968 968 0 842 842 0 843 843 0 968 968 0 844 844 0 969 969 0 843 843 0 843 843 0 969 969 0 968 968 0 969 969 0 844 844 0 846 846 0 970 970 0 969 969 0 846 846 0 847 847 0 971 971 0 972 972 0 848 848 0 847 847 0 972 972 0 966 966 0 847 847 0 838 838 0 971 971 0 847 847 0 966 966 0 846 846 0 973 973 0 970 970 0 849 849 0 973 973 0 846 846 0 973 973 0 849 849 0 850 850 0 974 974 0 973 973 0 850 850 0 977 977 0 975 975 0 976 976 0 977 977 0 852 852 0 851 851 0 977 977 0 851 851 0 975 975 0 975 975 0 851 851 0 978 978 0 972 972 0 851 851 0 848 848 0 978 978 0 851 851 0 972 972 0 850 850 0 979 979 0 974 974 0 853 853 0 979 979 0 850 850 0 979 979 0 853 853 0 854 854 0 980 980 0 979 979 0 854 854 0 855 855 0 977 977 0 976 976 0 855 855 0 976 976 0 856 856 0 856 856 0 976 976 0 981 981 0 852 852 0 977 977 0 855 855 0 854 854 0 982 982 0 980 980 0 857 857 0 982 982 0 854 854 0 982 982 0 857 857 0 858 858 0 983 983 0 982 982 0 858 858 0 859 859 0 984 984 0 985 985 0 860 860 0 859 859 0 985 985 0 981 981 0 859 859 0 856 856 0 984 984 0 859 859 0 981 981 0 858 858 0 986 986 0 983 983 0 861 861 0 986 986 0 858 858 0 986 986 0 861 861 0 862 862 0 987 987 0 986 986 0 862 862 0 863 863 0 988 988 0 989 989 0 864 864 0 863 863 0 989 989 0 985 985 0 863 863 0 860 860 0 988 988 0 863 863 0 985 985 0 862 862 0 990 990 0 987 987 0 866 866 0 990 990 0 862 862 0 990 990 0 866 866 0 868 868 0 991 991 0 990 990 0 868 868 0 864 864 0 989 989 0 869 869 0 989 989 0 992 992 0 869 869 0 868 868 0 870 870 0 991 991 0 991 991 0 870 870 0 993 993 0 996 996 0 994 994 0 995 995 0 996 996 0 992 992 0 994 994 0 996 996 0 871 871 0 992 992 0 871 871 0 869 869 0 992 992 0 870 870 0 997 997 0 993 993 0 872 872 0 997 997 0 870 870 0 997 997 0 872 872 0 874 874 0 998 998 0 997 997 0 874 874 0 875 875 0 996 996 0 995 995 0 875 875 0 995 995 0 876 876 0 876 876 0 995 995 0 999 999 0 871 871 0 996 996 0 875 875 0 874 874 0 879 879 0 998 998 0 998 998 0 879 879 0 1000 1000 0 876 876 0 999 999 0 880 880 0 999 999 0 1001 1001 0 880 880 0 879 879 0 882 882 0 1000 1000 0 1000 1000 0 882 882 0 1002 1002 0 880 880 0 1001 1001 0 883 883 0 1001 1001 0 1003 1003 0 883 883 0 1004 1004 0 884 884 0 1005 1005 0 1004 1004 0 1002 1002 0 884 884 0 1002 1002 0 882 882 0 884 884 0 1004 1004 0 1005 1005 0 1006 1006 0 883 883 0 1003 1003 0 885 885 0 1003 1003 0 1007 1007 0 885 885 0 1005 1005 0 886 886 0 1008 1008 0 884 884 0 886 886 0 1005 1005 0 1009 1009 0 1006 1006 0 1005 1005 0 1008 1008 0 1009 1009 0 1005 1005 0 885 885 0 1007 1007 0 887 887 0 1007 1007 0 1010 1010 0 887 887 0 1008 1008 0 888 888 0 1011 1011 0 886 886 0 888 888 0 1008 1008 0 1012 1012 0 1009 1009 0 1008 1008 0 1011 1011 0 1012 1012 0 1008 1008 0 887 887 0 1010 1010 0 889 889 0 1010 1010 0 1013 1013 0 889 889 0 1011 1011 0 890 890 0 1014 1014 0 888 888 0 890 890 0 1011 1011 0 1015 1015 0 1012 1012 0 1011 1011 0 1014 1014 0 1015 1015 0 1011 1011 0 889 889 0 1013 1013 0 891 891 0 1013 1013 0 1016 1016 0 891 891 0 1014 1014 0 1018 1018 0 1017 1017 0 1014 1014 0 890 890 0 1018 1018 0 890 890 0 893 893 0 1018 1018 0 1015 1015 0 1014 1014 0 1017 1017 0 891 891 0 1016 1016 0 894 894 0 1016 1016 0 1019 1019 0 894 894 0 893 893 0 897 897 0 1018 1018 0 1018 1018 0 897 897 0 1020 1020 0 1022 1022 0 898 898 0 894 894 0 1022 1022 0 894 894 0 1021 1021 0 1021 1021 0 894 894 0 1019 1019 0 898 898 0 1022 1022 0 899 899 0 897 897 0 901 901 0 1020 1020 0 1020 1020 0 901 901 0 1023 1023 0 1022 1022 0 1021 1021 0 1024 1024 0 1024 1024 0 899 899 0 1022 1022 0 1024 1024 0 1025 1025 0 899 899 0 1025 1025 0 902 902 0 899 899 0 903 903 0 1027 1027 0 1026 1026 0 904 904 0 1027 1027 0 903 903 0 1023 1023 0 901 901 0 903 903 0 1026 1026 0 1023 1023 0 903 903 0 902 902 0 1025 1025 0 905 905 0 1025 1025 0 1028 1028 0 905 905 0 904 904 0 908 908 0 1027 1027 0 1027 1027 0 908 908 0 1029 1029 0 905 905 0 1028 1028 0 1030 1030 0 909 909 0 905 905 0 1030 1030 0 1030 1030 0 910 910 0 909 909 0 1031 1031 0 910 910 0 1030 1030 0 912 912 0 1033 1033 0 1032 1032 0 913 913 0 1033 1033 0 912 912 0 1029 1029 0 908 908 0 912 912 0 1032 1032 0 1029 1029 0 912 912 0 1035 1035 0 914 914 0 910 910 0 1035 1035 0 910 910 0 1034 1034 0 1034 1034 0 910 910 0 1031 1031 0 914 914 0 1035 1035 0 915 915 0 916 916 0 1037 1037 0 1036 1036 0 917 917 0 1037 1037 0 916 916 0 1033 1033 0 913 913 0 916 916 0 1036 1036 0 1033 1033 0 916 916 0 1035 1035 0 1034 1034 0 1038 1038 0 1040 1040 0 1038 1038 0 1039 1039 0 918 918 0 1038 1038 0 1040 1040 0 918 918 0 1035 1035 0 1038 1038 0 918 918 0 915 915 0 1035 1035 0 918 918 0 1040 1040 0 919 919 0 920 920 0 921 921 0 1041 1041 0 920 920 0 1041 1041 0 1042 1042 0 920 920 0 1042 1042 0 917 917 0 917 917 0 1042 1042 0 1037 1037 0 1040 1040 0 1039 1039 0 1043 1043 0 1045 1045 0 1043 1043 0 1044 1044 0 922 922 0 1043 1043 0 1045 1045 0 922 922 0 1040 1040 0 1043 1043 0 922 922 0 919 919 0 1040 1040 0 922 922 0 1045 1045 0 923 923 0 924 924 0 925 925 0 1046 1046 0 924 924 0 1046 1046 0 1048 1048 0 921 921 0 924 924 0 1048 1048 0 921 921 0 1048 1048 0 1047 1047 0 921 921 0 1047 1047 0 1041 1041 0 1042 1042 0 1041 1041 0 1047 1047 0 1045 1045 0 1044 1044 0 1049 1049 0 923 923 0 1045 1045 0 1049 1049 0 923 923 0 1049 1049 0 926 926 0 926 926 0 1049 1049 0 1050 1050 0 1050 1050 0 927 927 0 926 926 0 1051 1051 0 927 927 0 1050 1050 0 930 930 0 1053 1053 0 1052 1052 0 931 931 0 1053 1053 0 930 930 0 1046 1046 0 925 925 0 930 930 0 1046 1046 0 930 930 0 1054 1054 0 1054 1054 0 930 930 0 1052 1052 0 1048 1048 0 1046 1046 0 1054 1054 0 927 927 0 1051 1051 0 1055 1055 0 932 932 0 927 927 0 1055 1055 0 933 933 0 932 932 0 1056 1056 0 932 932 0 1055 1055 0 1056 1056 0 1056 1056 0 934 934 0 933 933 0 1057 1057 0 934 934 0 1056 1056 0 938 938 0 939 939 0 1058 1058 0 1060 1060 0 938 938 0 1058 1058 0 1060 1060 0 1059 1059 0 938 938 0 1059 1059 0 940 940 0 938 938 0 941 941 0 940 940 0 1061 1061 0 940 940 0 1059 1059 0 1061 1061 0 1053 1053 0 931 931 0 941 941 0 1061 1061 0 1053 1053 0 941 941 0 934 934 0 1057 1057 0 1062 1062 0 942 942 0 934 934 0 1062 1062 0 943 943 0 942 942 0 1063 1063 0 942 942 0 1062 1062 0 1063 1063 0 944 944 0 943 943 0 1064 1064 0 943 943 0 1063 1063 0 1064 1064 0 1066 1066 0 1064 1064 0 1065 1065 0 1066 1066 0 945 945 0 1064 1064 0 945 945 0 944 944 0 1064 1064 0 945 945 0 1067 1067 0 946 946 0 1066 1066 0 1067 1067 0 945 945 0 946 946 0 1068 1068 0 947 947 0 1067 1067 0 1068 1068 0 946 946 0 947 947 0 1069 1069 0 948 948 0 1068 1068 0 1069 1069 0 947 947 0 1071 1071 0 948 948 0 1069 1069 0 1071 1071 0 1070 1070 0 948 948 0 1070 1070 0 949 949 0 948 948 0 950 950 0 949 949 0 1072 1072 0 949 949 0 1070 1070 0 1072 1072 0 1058 1058 0 939 939 0 950 950 0 1058 1058 0 950 950 0 1073 1073 0 1073 1073 0 950 950 0 1072 1072 0 1060 1060 0 1058 1058 0 1073 1073 0 1066 1066 0 1065 1065 0 1074 1074 0 1067 1067 0 1066 1066 0 1074 1074 0 1075 1075 0 1067 1067 0 1074 1074 0 1068 1068 0 1067 1067 0 1075 1075 0 1076 1076 0 1068 1068 0 1075 1075 0 1069 1069 0 1068 1068 0 1076 1076 0 1077 1077 0 1069 1069 0 1076 1076 0 1071 1071 0 1069 1069 0 1077 1077 0 1080 1080 0 1078 1078 0 1079 1079 0 1080 1080 0 1082 1082 0 1081 1081 0 1078 1078 0 1080 1080 0 1081 1081 0 1081 1081 0 1082 1082 0 1083 1083 0 951 951 0 1084 1084 0 1085 1085 0 952 952 0 951 951 0 1085 1085 0 954 954 0 1086 1086 0 951 951 0 951 951 0 1086 1086 0 1084 1084 0 955 955 0 1087 1087 0 954 954 0 954 954 0 1087 1087 0 1086 1086 0 956 956 0 1088 1088 0 955 955 0 955 955 0 1088 1088 0 1087 1087 0 1079 1079 0 957 957 0 1080 1080 0 1079 1079 0 1088 1088 0 957 957 0 1088 1088 0 956 956 0 957 957 0 958 958 0 1080 1080 0 957 957 0 1082 1082 0 1080 1080 0 958 958 0 1082 1082 0 1089 1089 0 1083 1083 0 1082 1082 0 958 958 0 1089 1089 0 958 958 0 959 959 0 1089 1089 0 960 960 0 1090 1090 0 959 959 0 959 959 0 1090 1090 0 1089 1089 0 961 961 0 1091 1091 0 960 960 0 960 960 0 1091 1091 0 1090 1090 0 962 962 0 1092 1092 0 961 961 0 961 961 0 1092 1092 0 1091 1091 0 1092 1092 0 962 962 0 964 964 0 1093 1093 0 1092 1092 0 964 964 0 965 965 0 1094 1094 0 1095 1095 0 966 966 0 965 965 0 1095 1095 0 967 967 0 1096 1096 0 965 965 0 965 965 0 1096 1096 0 1094 1094 0 1085 1085 0 967 967 0 952 952 0 1096 1096 0 967 967 0 1085 1085 0 964 964 0 1097 1097 0 1093 1093 0 968 968 0 1097 1097 0 964 964 0 969 969 0 1098 1098 0 968 968 0 968 968 0 1098 1098 0 1097 1097 0 1098 1098 0 969 969 0 970 970 0 1099 1099 0 1098 1098 0 970 970 0 1102 1102 0 1100 1100 0 1101 1101 0 1102 1102 0 972 972 0 971 971 0 1102 1102 0 971 971 0 1100 1100 0 1100 1100 0 971 971 0 1103 1103 0 1095 1095 0 971 971 0 966 966 0 1103 1103 0 971 971 0 1095 1095 0 970 970 0 1104 1104 0 1099 1099 0 973 973 0 1104 1104 0 970 970 0 974 974 0 1106 1106 0 1105 1105 0 974 974 0 1105 1105 0 973 973 0 973 973 0 1105 1105 0 1104 1104 0 1105 1105 0 1106 1106 0 1107 1107 0 975 975 0 1108 1108 0 1109 1109 0 976 976 0 975 975 0 1109 1109 0 1101 1101 0 978 978 0 1102 1102 0 1101 1101 0 1108 1108 0 978 978 0 1108 1108 0 975 975 0 978 978 0 972 972 0 1102 1102 0 978 978 0 974 974 0 979 979 0 1106 1106 0 980 980 0 1111 1111 0 1110 1110 0 979 979 0 980 980 0 1110 1110 0 979 979 0 1110 1110 0 1107 1107 0 979 979 0 1107 1107 0 1106 1106 0 1110 1110 0 1111 1111 0 1112 1112 0 1115 1115 0 1113 1113 0 1114 1114 0 1115 1115 0 1109 1109 0 1113 1113 0 1115 1115 0 981 981 0 1109 1109 0 981 981 0 976 976 0 1109 1109 0 980 980 0 982 982 0 1111 1111 0 983 983 0 1117 1117 0 1116 1116 0 982 982 0 983 983 0 1116 1116 0 982 982 0 1116 1116 0 1112 1112 0 982 982 0 1112 1112 0 1111 1111 0 1116 1116 0 1117 1117 0 1118 1118 0 984 984 0 1115 1115 0 1114 1114 0 984 984 0 1114 1114 0 985 985 0 985 985 0 1114 1114 0 1119 1119 0 981 981 0 1115 1115 0 984 984 0 983 983 0 986 986 0 1117 1117 0 1117 1117 0 986 986 0 987 987 0 1117 1117 0 987 987 0 1118 1118 0 1118 1118 0 987 987 0 1120 1120 0 988 988 0 1121 1121 0 1122 1122 0 989 989 0 988 988 0 1122 1122 0 1119 1119 0 988 988 0 985 985 0 1121 1121 0 988 988 0 1119 1119 0 987 987 0 1123 1123 0 1120 1120 0 990 990 0 1123 1123 0 987 987 0 1123 1123 0 990 990 0 991 991 0 1124 1124 0 1123 1123 0 991 991 0 989 989 0 1122 1122 0 992 992 0 1122 1122 0 1125 1125 0 992 992 0 1126 1126 0 993 993 0 1127 1127 0 1126 1126 0 1124 1124 0 993 993 0 1124 1124 0 991 991 0 993 993 0 1126 1126 0 1127 1127 0 1128 1128 0 994 994 0 1129 1129 0 1130 1130 0 995 995 0 994 994 0 1130 1130 0 1125 1125 0 994 994 0 992 992 0 1129 1129 0 994 994 0 1125 1125 0 993 993 0 997 997 0 1127 1127 0 1127 1127 0 997 997 0 998 998 0 1127 1127 0 998 998 0 1128 1128 0 1128 1128 0 998 998 0 1131 1131 0 995 995 0 1130 1130 0 999 999 0 1130 1130 0 1132 1132 0 999 999 0 998 998 0 1000 1000 0 1131 1131 0 1131 1131 0 1000 1000 0 1133 1133 0 999 999 0 1132 1132 0 1001 1001 0 1132 1132 0 1134 1134 0 1001 1001 0 1135 1135 0 1002 1002 0 1136 1136 0 1135 1135 0 1133 1133 0 1002 1002 0 1133 1133 0 1000 1000 0 1002 1002 0 1135 1135 0 1136 1136 0 1137 1137 0 1001 1001 0 1134 1134 0 1003 1003 0 1134 1134 0 1138 1138 0 1003 1003 0 1002 1002 0 1004 1004 0 1136 1136 0 1136 1136 0 1004 1004 0 1006 1006 0 1136 1136 0 1006 1006 0 1137 1137 0 1137 1137 0 1006 1006 0 1139 1139 0 1142 1142 0 1140 1140 0 1141 1141 0 1142 1142 0 1138 1138 0 1140 1140 0 1142 1142 0 1007 1007 0 1138 1138 0 1007 1007 0 1003 1003 0 1138 1138 0 1006 1006 0 1009 1009 0 1139 1139 0 1139 1139 0 1009 1009 0 1143 1143 0 1145 1145 0 1142 1142 0 1141 1141 0 1144 1144 0 1145 1145 0 1141 1141 0 1007 1007 0 1145 1145 0 1010 1010 0 1142 1142 0 1145 1145 0 1007 1007 0 1009 1009 0 1012 1012 0 1143 1143 0 1143 1143 0 1012 1012 0 1146 1146 0 1145 1145 0 1144 1144 0 1147 1147 0 1147 1147 0 1010 1010 0 1145 1145 0 1147 1147 0 1148 1148 0 1010 1010 0 1148 1148 0 1013 1013 0 1010 1010 0 1012 1012 0 1015 1015 0 1146 1146 0 1146 1146 0 1015 1015 0 1149 1149 0 1013 1013 0 1148 1148 0 1016 1016 0 1148 1148 0 1150 1150 0 1016 1016 0 1017 1017 0 1018 1018 0 1151 1151 0 1017 1017 0 1151 1151 0 1152 1152 0 1017 1017 0 1152 1152 0 1015 1015 0 1015 1015 0 1152 1152 0 1149 1149 0 1016 1016 0 1150 1150 0 1019 1019 0 1150 1150 0 1153 1153 0 1019 1019 0 1151 1151 0 1155 1155 0 1154 1154 0 1151 1151 0 1018 1018 0 1155 1155 0 1018 1018 0 1020 1020 0 1155 1155 0 1152 1152 0 1151 1151 0 1154 1154 0 1019 1019 0 1153 1153 0 1021 1021 0 1153 1153 0 1156 1156 0 1021 1021 0 1020 1020 0 1023 1023 0 1155 1155 0 1155 1155 0 1023 1023 0 1157 1157 0 1021 1021 0 1156 1156 0 1158 1158 0 1024 1024 0 1021 1021 0 1158 1158 0 1158 1158 0 1025 1025 0 1024 1024 0 1159 1159 0 1025 1025 0 1158 1158 0 1026 1026 0 1027 1027 0 1160 1160 0 1026 1026 0 1160 1160 0 1161 1161 0 1026 1026 0 1161 1161 0 1023 1023 0 1023 1023 0 1161 1161 0 1157 1157 0 1025 1025 0 1159 1159 0 1028 1028 0 1159 1159 0 1162 1162 0 1028 1028 0 1160 1160 0 1164 1164 0 1163 1163 0 1160 1160 0 1027 1027 0 1164 1164 0 1027 1027 0 1029 1029 0 1164 1164 0 1161 1161 0 1160 1160 0 1163 1163 0 1028 1028 0 1162 1162 0 1165 1165 0 1030 1030 0 1028 1028 0 1165 1165 0 1165 1165 0 1031 1031 0 1030 1030 0 1166 1166 0 1031 1031 0 1165 1165 0 1032 1032 0 1168 1168 0 1167 1167 0 1033 1033 0 1168 1168 0 1032 1032 0 1164 1164 0 1029 1029 0 1032 1032 0 1167 1167 0 1164 1164 0 1032 1032 0 1031 1031 0 1166 1166 0 1034 1034 0 1166 1166 0 1169 1169 0 1034 1034 0 1036 1036 0 1037 1037 0 1170 1170 0 1036 1036 0 1170 1170 0 1171 1171 0 1036 1036 0 1171 1171 0 1033 1033 0 1033 1033 0 1171 1171 0 1168 1168 0 1034 1034 0 1169 1169 0 1172 1172 0 1038 1038 0 1034 1034 0 1172 1172 0 1172 1172 0 1039 1039 0 1038 1038 0 1173 1173 0 1039 1039 0 1172 1172 0 1170 1170 0 1175 1175 0 1174 1174 0 1170 1170 0 1037 1037 0 1175 1175 0 1037 1037 0 1042 1042 0 1175 1175 0 1171 1171 0 1170 1170 0 1174 1174 0 1039 1039 0 1173 1173 0 1176 1176 0 1043 1043 0 1039 1039 0 1176 1176 0 1176 1176 0 1044 1044 0 1043 1043 0 1177 1177 0 1044 1044 0 1176 1176 0 1047 1047 0 1179 1179 0 1178 1178 0 1048 1048 0 1179 1179 0 1047 1047 0 1175 1175 0 1042 1042 0 1047 1047 0 1178 1178 0 1175 1175 0 1047 1047 0 1044 1044 0 1177 1177 0 1180 1180 0 1049 1049 0 1044 1044 0 1180 1180 0 1050 1050 0 1049 1049 0 1181 1181 0 1049 1049 0 1180 1180 0 1181 1181 0 1181 1181 0 1051 1051 0 1050 1050 0 1182 1182 0 1051 1051 0 1181 1181 0 1052 1052 0 1184 1184 0 1183 1183 0 1053 1053 0 1184 1184 0 1052 1052 0 1054 1054 0 1052 1052 0 1185 1185 0 1052 1052 0 1183 1183 0 1185 1185 0 1179 1179 0 1048 1048 0 1054 1054 0 1185 1185 0 1179 1179 0 1054 1054 0 1051 1051 0 1182 1182 0 1186 1186 0 1055 1055 0 1051 1051 0 1186 1186 0 1188 1188 0 1186 1186 0 1187 1187 0 1188 1188 0 1056 1056 0 1186 1186 0 1056 1056 0 1055 1055 0 1186 1186 0 1056 1056 0 1188 1188 0 1057 1057 0 1059 1059 0 1060 1060 0 1189 1189 0 1191 1191 0 1059 1059 0 1189 1189 0 1191 1191 0 1190 1190 0 1059 1059 0 1190 1190 0 1061 1061 0 1059 1059 0 1184 1184 0 1053 1053 0 1061 1061 0 1190 1190 0 1184 1184 0 1061 1061 0 1188 1188 0 1187 1187 0 1192 1192 0 1057 1057 0 1188 1188 0 1192 1192 0 1057 1057 0 1192 1192 0 1062 1062 0 1062 1062 0 1192 1192 0 1193 1193 0 1063 1063 0 1062 1062 0 1194 1194 0 1062 1062 0 1193 1193 0 1194 1194 0 1196 1196 0 1194 1194 0 1195 1195 0 1196 1196 0 1064 1064 0 1194 1194 0 1064 1064 0 1063 1063 0 1194 1194 0 1064 1064 0 1196 1196 0 1065 1065 0 1070 1070 0 1071 1071 0 1197 1197 0 1199 1199 0 1070 1070 0 1197 1197 0 1199 1199 0 1198 1198 0 1070 1070 0 1198 1198 0 1072 1072 0 1070 1070 0 1073 1073 0 1072 1072 0 1200 1200 0 1072 1072 0 1198 1198 0 1200 1200 0 1189 1189 0 1060 1060 0 1073 1073 0 1189 1189 0 1073 1073 0 1201 1201 0 1201 1201 0 1073 1073 0 1200 1200 0 1191 1191 0 1189 1189 0 1201 1201 0 1196 1196 0 1195 1195 0 1202 1202 0 1065 1065 0 1196 1196 0 1202 1202 0 1065 1065 0 1202 1202 0 1074 1074 0 1074 1074 0 1202 1202 0 1203 1203 0 1075 1075 0 1074 1074 0 1204 1204 0 1074 1074 0 1203 1203 0 1204 1204 0 1076 1076 0 1075 1075 0 1205 1205 0 1075 1075 0 1204 1204 0 1205 1205 0 1077 1077 0 1076 1076 0 1206 1206 0 1076 1076 0 1205 1205 0 1206 1206 0 1197 1197 0 1071 1071 0 1077 1077 0 1197 1197 0 1077 1077 0 1207 1207 0 1207 1207 0 1077 1077 0 1206 1206 0 1199 1199 0 1197 1197 0 1207 1207 0 1210 1210 0 1208 1208 0 1209 1209 0 1210 1210 0 1079 1079 0 1078 1078 0 1210 1210 0 1078 1078 0 1208 1208 0 1208 1208 0 1078 1078 0 1211 1211 0 1081 1081 0 1212 1212 0 1078 1078 0 1078 1078 0 1212 1212 0 1211 1211 0 1083 1083 0 1214 1214 0 1213 1213 0 1083 1083 0 1213 1213 0 1081 1081 0 1081 1081 0 1213 1213 0 1212 1212 0 1213 1213 0 1214 1214 0 1215 1215 0 1084 1084 0 1216 1216 0 1217 1217 0 1085 1085 0 1084 1084 0 1217 1217 0 1086 1086 0 1218 1218 0 1084 1084 0 1084 1084 0 1218 1218 0 1216 1216 0 1087 1087 0 1219 1219 0 1086 1086 0 1086 1086 0 1219 1219 0 1218 1218 0 1209 1209 0 1088 1088 0 1210 1210 0 1209 1209 0 1219 1219 0 1088 1088 0 1219 1219 0 1087 1087 0 1088 1088 0 1079 1079 0 1210 1210 0 1088 1088 0 1083 1083 0 1089 1089 0 1214 1214 0 1214 1214 0 1220 1220 0 1215 1215 0 1214 1214 0 1089 1089 0 1220 1220 0 1089 1089 0 1090 1090 0 1220 1220 0 1091 1091 0 1221 1221 0 1090 1090 0 1090 1090 0 1221 1221 0 1220 1220 0 1092 1092 0 1222 1222 0 1091 1091 0 1091 1091 0 1222 1222 0 1221 1221 0 1222 1222 0 1092 1092 0 1093 1093 0 1223 1223 0 1222 1222 0 1093 1093 0 1226 1226 0 1224 1224 0 1225 1225 0 1226 1226 0 1095 1095 0 1094 1094 0 1226 1226 0 1094 1094 0 1224 1224 0 1224 1224 0 1094 1094 0 1227 1227 0 1096 1096 0 1228 1228 0 1094 1094 0 1094 1094 0 1228 1228 0 1227 1227 0 1217 1217 0 1096 1096 0 1085 1085 0 1228 1228 0 1096 1096 0 1217 1217 0 1093 1093 0 1229 1229 0 1223 1223 0 1097 1097 0 1229 1229 0 1093 1093 0 1098 1098 0 1230 1230 0 1097 1097 0 1097 1097 0 1230 1230 0 1229 1229 0 1099 1099 0 1232 1232 0 1231 1231 0 1099 1099 0 1231 1231 0 1098 1098 0 1098 1098 0 1231 1231 0 1230 1230 0 1231 1231 0 1232 1232 0 1233 1233 0 1100 1100 0 1234 1234 0 1235 1235 0 1101 1101 0 1100 1100 0 1235 1235 0 1225 1225 0 1103 1103 0 1226 1226 0 1225 1225 0 1234 1234 0 1103 1103 0 1234 1234 0 1100 1100 0 1103 1103 0 1095 1095 0 1226 1226 0 1103 1103 0 1099 1099 0 1104 1104 0 1232 1232 0 1232 1232 0 1236 1236 0 1233 1233 0 1232 1232 0 1104 1104 0 1236 1236 0 1104 1104 0 1105 1105 0 1236 1236 0 1236 1236 0 1105 1105 0 1107 1107 0 1237 1237 0 1236 1236 0 1107 1107 0 1108 1108 0 1238 1238 0 1239 1239 0 1109 1109 0 1108 1108 0 1239 1239 0 1235 1235 0 1108 1108 0 1101 1101 0 1238 1238 0 1108 1108 0 1235 1235 0 1107 1107 0 1240 1240 0 1237 1237 0 1110 1110 0 1240 1240 0 1107 1107 0 1240 1240 0 1110 1110 0 1112 1112 0 1241 1241 0 1240 1240 0 1112 1112 0 1113 1113 0 1242 1242 0 1243 1243 0 1114 1114 0 1113 1113 0 1243 1243 0 1239 1239 0 1113 1113 0 1109 1109 0 1242 1242 0 1113 1113 0 1239 1239 0 1112 1112 0 1244 1244 0 1241 1241 0 1116 1116 0 1244 1244 0 1112 1112 0 1244 1244 0 1116 1116 0 1118 1118 0 1245 1245 0 1244 1244 0 1118 1118 0 1248 1248 0 1246 1246 0 1247 1247 0 1248 1248 0 1243 1243 0 1246 1246 0 1248 1248 0 1119 1119 0 1243 1243 0 1119 1119 0 1114 1114 0 1243 1243 0 1249 1249 0 1120 1120 0 1250 1250 0 1249 1249 0 1245 1245 0 1120 1120 0 1245 1245 0 1118 1118 0 1120 1120 0 1249 1249 0 1250 1250 0 1251 1251 0 1121 1121 0 1248 1248 0 1247 1247 0 1121 1121 0 1247 1247 0 1122 1122 0 1122 1122 0 1247 1247 0 1252 1252 0 1119 1119 0 1248 1248 0 1121 1121 0 1120 1120 0 1123 1123 0 1250 1250 0 1250 1250 0 1123 1123 0 1124 1124 0 1250 1250 0 1124 1124 0 1251 1251 0 1251 1251 0 1124 1124 0 1253 1253 0 1122 1122 0 1252 1252 0 1125 1125 0 1252 1252 0 1254 1254 0 1125 1125 0 1124 1124 0 1255 1255 0 1253 1253 0 1126 1126 0 1255 1255 0 1124 1124 0 1255 1255 0 1126 1126 0 1128 1128 0 1256 1256 0 1255 1255 0 1128 1128 0 1129 1129 0 1257 1257 0 1258 1258 0 1130 1130 0 1129 1129 0 1258 1258 0 1254 1254 0 1129 1129 0 1125 1125 0 1257 1257 0 1129 1129 0 1254 1254 0 1128 1128 0 1131 1131 0 1256 1256 0 1256 1256 0 1131 1131 0 1259 1259 0 1130 1130 0 1258 1258 0 1132 1132 0 1258 1258 0 1260 1260 0 1132 1132 0 1131 1131 0 1133 1133 0 1259 1259 0 1259 1259 0 1133 1133 0 1261 1261 0 1132 1132 0 1260 1260 0 1134 1134 0 1260 1260 0 1262 1262 0 1134 1134 0 1133 1133 0 1263 1263 0 1261 1261 0 1135 1135 0 1263 1263 0 1133 1133 0 1263 1263 0 1135 1135 0 1137 1137 0 1264 1264 0 1263 1263 0 1137 1137 0 1267 1267 0 1265 1265 0 1266 1266 0 1267 1267 0 1262 1262 0 1265 1265 0 1267 1267 0 1138 1138 0 1262 1262 0 1138 1138 0 1134 1134 0 1262 1262 0 1137 1137 0 1139 1139 0 1264 1264 0 1264 1264 0 1139 1139 0 1268 1268 0 1140 1140 0 1267 1267 0 1266 1266 0 1140 1140 0 1266 1266 0 1141 1141 0 1141 1141 0 1266 1266 0 1269 1269 0 1138 1138 0 1267 1267 0 1140 1140 0 1139 1139 0 1143 1143 0 1268 1268 0 1268 1268 0 1143 1143 0 1270 1270 0 1141 1141 0 1269 1269 0 1144 1144 0 1269 1269 0 1271 1271 0 1144 1144 0 1143 1143 0 1146 1146 0 1270 1270 0 1270 1270 0 1146 1146 0 1272 1272 0 1274 1274 0 1147 1147 0 1144 1144 0 1274 1274 0 1144 1144 0 1273 1273 0 1273 1273 0 1144 1144 0 1271 1271 0 1147 1147 0 1274 1274 0 1148 1148 0 1146 1146 0 1149 1149 0 1272 1272 0 1272 1272 0 1149 1149 0 1275 1275 0 1274 1274 0 1273 1273 0 1276 1276 0 1276 1276 0 1148 1148 0 1274 1274 0 1276 1276 0 1277 1277 0 1148 1148 0 1277 1277 0 1150 1150 0 1148 1148 0 1149 1149 0 1152 1152 0 1275 1275 0 1275 1275 0 1152 1152 0 1278 1278 0 1150 1150 0 1277 1277 0 1153 1153 0 1277 1277 0 1279 1279 0 1153 1153 0 1154 1154 0 1281 1281 0 1280 1280 0 1155 1155 0 1281 1281 0 1154 1154 0 1278 1278 0 1152 1152 0 1154 1154 0 1280 1280 0 1278 1278 0 1154 1154 0 1153 1153 0 1279 1279 0 1156 1156 0 1279 1279 0 1282 1282 0 1156 1156 0 1155 1155 0 1157 1157 0 1281 1281 0 1281 1281 0 1157 1157 0 1283 1283 0 1156 1156 0 1282 1282 0 1284 1284 0 1158 1158 0 1156 1156 0 1284 1284 0 1284 1284 0 1159 1159 0 1158 1158 0 1285 1285 0 1159 1159 0 1284 1284 0 1157 1157 0 1161 1161 0 1283 1283 0 1283 1283 0 1161 1161 0 1286 1286 0 1159 1159 0 1285 1285 0 1162 1162 0 1285 1285 0 1287 1287 0 1162 1162 0 1163 1163 0 1289 1289 0 1288 1288 0 1164 1164 0 1289 1289 0 1163 1163 0 1286 1286 0 1161 1161 0 1163 1163 0 1288 1288 0 1286 1286 0 1163 1163 0 1291 1291 0 1165 1165 0 1162 1162 0 1291 1291 0 1162 1162 0 1290 1290 0 1290 1290 0 1162 1162 0 1287 1287 0 1165 1165 0 1291 1291 0 1166 1166 0 1167 1167 0 1168 1168 0 1292 1292 0 1167 1167 0 1292 1292 0 1293 1293 0 1167 1167 0 1293 1293 0 1164 1164 0 1164 1164 0 1293 1293 0 1289 1289 0 1291 1291 0 1290 1290 0 1294 1294 0 1294 1294 0 1166 1166 0 1291 1291 0 1294 1294 0 1295 1295 0 1166 1166 0 1295 1295 0 1169 1169 0 1166 1166 0 1292 1292 0 1297 1297 0 1296 1296 0 1292 1292 0 1168 1168 0 1297 1297 0 1168 1168 0 1171 1171 0 1297 1297 0 1293 1293 0 1292 1292 0 1296 1296 0 1169 1169 0 1295 1295 0 1298 1298 0 1172 1172 0 1169 1169 0 1298 1298 0 1298 1298 0 1173 1173 0 1172 1172 0 1299 1299 0 1173 1173 0 1298 1298 0 1174 1174 0 1301 1301 0 1300 1300 0 1175 1175 0 1301 1301 0 1174 1174 0 1297 1297 0 1171 1171 0 1174 1174 0 1300 1300 0 1297 1297 0 1174 1174 0 1173 1173 0 1299 1299 0 1302 1302 0 1176 1176 0 1173 1173 0 1302 1302 0 1302 1302 0 1177 1177 0 1176 1176 0 1303 1303 0 1177 1177 0 1302 1302 0 1178 1178 0 1305 1305 0 1304 1304 0 1179 1179 0 1305 1305 0 1178 1178 0 1301 1301 0 1175 1175 0 1178 1178 0 1304 1304 0 1301 1301 0 1178 1178 0 1177 1177 0 1303 1303 0 1306 1306 0 1180 1180 0 1177 1177 0 1306 1306 0 1308 1308 0 1306 1306 0 1307 1307 0 1308 1308 0 1181 1181 0 1306 1306 0 1181 1181 0 1180 1180 0 1306 1306 0 1181 1181 0 1308 1308 0 1182 1182 0 1183 1183 0 1184 1184 0 1309 1309 0 1311 1311 0 1183 1183 0 1309 1309 0 1311 1311 0 1310 1310 0 1183 1183 0 1310 1310 0 1185 1185 0 1183 1183 0 1305 1305 0 1179 1179 0 1185 1185 0 1310 1310 0 1305 1305 0 1185 1185 0 1308 1308 0 1307 1307 0 1312 1312 0 1182 1182 0 1308 1308 0 1312 1312 0 1182 1182 0 1312 1312 0 1186 1186 0 1186 1186 0 1312 1312 0 1313 1313 0 1313 1313 0 1187 1187 0 1186 1186 0 1314 1314 0 1187 1187 0 1313 1313 0 1190 1190 0 1316 1316 0 1315 1315 0 1191 1191 0 1316 1316 0 1190 1190 0 1309 1309 0 1184 1184 0 1190 1190 0 1309 1309 0 1190 1190 0 1317 1317 0 1317 1317 0 1190 1190 0 1315 1315 0 1311 1311 0 1309 1309 0 1317 1317 0 1187 1187 0 1314 1314 0 1318 1318 0 1192 1192 0 1187 1187 0 1318 1318 0 1193 1193 0 1192 1192 0 1319 1319 0 1192 1192 0 1318 1318 0 1319 1319 0 1194 1194 0 1193 1193 0 1320 1320 0 1193 1193 0 1319 1319 0 1320 1320 0 1320 1320 0 1195 1195 0 1194 1194 0 1321 1321 0 1195 1195 0 1320 1320 0 1198 1198 0 1323 1323 0 1322 1322 0 1199 1199 0 1323 1323 0 1198 1198 0 1200 1200 0 1198 1198 0 1324 1324 0 1198 1198 0 1322 1322 0 1324 1324 0 1201 1201 0 1200 1200 0 1325 1325 0 1200 1200 0 1324 1324 0 1325 1325 0 1316 1316 0 1191 1191 0 1201 1201 0 1325 1325 0 1316 1316 0 1201 1201 0 1195 1195 0 1321 1321 0 1326 1326 0 1202 1202 0 1195 1195 0 1326 1326 0 1203 1203 0 1202 1202 0 1327 1327 0 1202 1202 0 1326 1326 0 1327 1327 0 1204 1204 0 1203 1203 0 1328 1328 0 1203 1203 0 1327 1327 0 1328 1328 0 1205 1205 0 1204 1204 0 1329 1329 0 1204 1204 0 1328 1328 0 1329 1329 0 1206 1206 0 1205 1205 0 1330 1330 0 1205 1205 0 1329 1329 0 1330 1330 0 1207 1207 0 1206 1206 0 1331 1331 0 1206 1206 0 1330 1330 0 1331 1331 0 1323 1323 0 1199 1199 0 1207 1207 0 1331 1331 0 1323 1323 0 1207 1207 0 1208 1208 0 1332 1332 0 1333 1333 0 1209 1209 0 1208 1208 0 1333 1333 0 1211 1211 0 1334 1334 0 1208 1208 0 1208 1208 0 1334 1334 0 1332 1332 0 1212 1212 0 1335 1335 0 1211 1211 0 1211 1211 0 1335 1335 0 1334 1334 0 1213 1213 0 1336 1336 0 1212 1212 0 1212 1212 0 1336 1336 0 1335 1335 0 1336 1336 0 1213 1213 0 1215 1215 0 1337 1337 0 1336 1336 0 1215 1215 0 1216 1216 0 1338 1338 0 1339 1339 0 1217 1217 0 1216 1216 0 1339 1339 0 1218 1218 0 1340 1340 0 1216 1216 0 1216 1216 0 1340 1340 0 1338 1338 0 1219 1219 0 1341 1341 0 1218 1218 0 1218 1218 0 1341 1341 0 1340 1340 0 1333 1333 0 1219 1219 0 1209 1209 0 1341 1341 0 1219 1219 0 1333 1333 0 1215 1215 0 1342 1342 0 1337 1337 0 1220 1220 0 1342 1342 0 1215 1215 0 1221 1221 0 1343 1343 0 1220 1220 0 1220 1220 0 1343 1343 0 1342 1342 0 1222 1222 0 1344 1344 0 1221 1221 0 1221 1221 0 1344 1344 0 1343 1343 0 1344 1344 0 1222 1222 0 1223 1223 0 1345 1345 0 1344 1344 0 1223 1223 0 1224 1224 0 1346 1346 0 1347 1347 0 1225 1225 0 1224 1224 0 1347 1347 0 1227 1227 0 1348 1348 0 1224 1224 0 1224 1224 0 1348 1348 0 1346 1346 0 1228 1228 0 1349 1349 0 1227 1227 0 1227 1227 0 1349 1349 0 1348 1348 0 1339 1339 0 1228 1228 0 1217 1217 0 1349 1349 0 1228 1228 0 1339 1339 0 1223 1223 0 1350 1350 0 1345 1345 0 1229 1229 0 1350 1350 0 1223 1223 0 1230 1230 0 1351 1351 0 1229 1229 0 1229 1229 0 1351 1351 0 1350 1350 0 1231 1231 0 1352 1352 0 1230 1230 0 1230 1230 0 1352 1352 0 1351 1351 0 1352 1352 0 1231 1231 0 1233 1233 0 1353 1353 0 1352 1352 0 1233 1233 0 1234 1234 0 1354 1354 0 1355 1355 0 1235 1235 0 1234 1234 0 1355 1355 0 1347 1347 0 1234 1234 0 1225 1225 0 1354 1354 0 1234 1234 0 1347 1347 0 1233 1233 0 1356 1356 0 1353 1353 0 1236 1236 0 1356 1356 0 1233 1233 0 1356 1356 0 1236 1236 0 1237 1237 0 1357 1357 0 1356 1356 0 1237 1237 0 1238 1238 0 1358 1358 0 1359 1359 0 1239 1239 0 1238 1238 0 1359 1359 0 1355 1355 0 1238 1238 0 1235 1235 0 1358 1358 0 1238 1238 0 1355 1355 0 1237 1237 0 1360 1360 0 1357 1357 0 1240 1240 0 1360 1360 0 1237 1237 0 1360 1360 0 1240 1240 0 1241 1241 0 1361 1361 0 1360 1360 0 1241 1241 0 1242 1242 0 1362 1362 0 1363 1363 0 1243 1243 0 1242 1242 0 1363 1363 0 1359 1359 0 1242 1242 0 1239 1239 0 1362 1362 0 1242 1242 0 1359 1359 0 1241 1241 0 1364 1364 0 1361 1361 0 1244 1244 0 1364 1364 0 1241 1241 0 1364 1364 0 1244 1244 0 1245 1245 0 1365 1365 0 1364 1364 0 1245 1245 0 1246 1246 0 1366 1366 0 1367 1367 0 1247 1247 0 1246 1246 0 1367 1367 0 1363 1363 0 1246 1246 0 1243 1243 0 1366 1366 0 1246 1246 0 1363 1363 0 1245 1245 0 1368 1368 0 1365 1365 0 1249 1249 0 1368 1368 0 1245 1245 0 1368 1368 0 1249 1249 0 1251 1251 0 1369 1369 0 1368 1368 0 1251 1251 0 1247 1247 0 1367 1367 0 1252 1252 0 1367 1367 0 1370 1370 0 1252 1252 0 1251 1251 0 1253 1253 0 1369 1369 0 1369 1369 0 1253 1253 0 1371 1371 0 1252 1252 0 1370 1370 0 1254 1254 0 1370 1370 0 1372 1372 0 1254 1254 0 1253 1253 0 1373 1373 0 1371 1371 0 1255 1255 0 1373 1373 0 1253 1253 0 1373 1373 0 1255 1255 0 1256 1256 0 1374 1374 0 1373 1373 0 1256 1256 0 1257 1257 0 1375 1375 0 1376 1376 0 1258 1258 0 1257 1257 0 1376 1376 0 1372 1372 0 1257 1257 0 1254 1254 0 1375 1375 0 1257 1257 0 1372 1372 0 1256 1256 0 1259 1259 0 1374 1374 0 1374 1374 0 1259 1259 0 1377 1377 0 1258 1258 0 1376 1376 0 1260 1260 0 1376 1376 0 1378 1378 0 1260 1260 0 1259 1259 0 1261 1261 0 1377 1377 0 1377 1377 0 1261 1261 0 1379 1379 0 1260 1260 0 1378 1378 0 1262 1262 0 1378 1378 0 1380 1380 0 1262 1262 0 1261 1261 0 1381 1381 0 1379 1379 0 1263 1263 0 1381 1381 0 1261 1261 0 1381 1381 0 1263 1263 0 1264 1264 0 1382 1382 0 1381 1381 0 1264 1264 0 1265 1265 0 1383 1383 0 1384 1384 0 1266 1266 0 1265 1265 0 1384 1384 0 1380 1380 0 1265 1265 0 1262 1262 0 1383 1383 0 1265 1265 0 1380 1380 0 1264 1264 0 1268 1268 0 1382 1382 0 1382 1382 0 1268 1268 0 1385 1385 0 1266 1266 0 1384 1384 0 1269 1269 0 1384 1384 0 1386 1386 0 1269 1269 0 1268 1268 0 1270 1270 0 1385 1385 0 1385 1385 0 1270 1270 0 1387 1387 0 1269 1269 0 1386 1386 0 1271 1271 0 1386 1386 0 1388 1388 0 1271 1271 0 1270 1270 0 1272 1272 0 1387 1387 0 1387 1387 0 1272 1272 0 1389 1389 0 1271 1271 0 1388 1388 0 1273 1273 0 1388 1388 0 1390 1390 0 1273 1273 0 1272 1272 0 1275 1275 0 1389 1389 0 1389 1389 0 1275 1275 0 1391 1391 0 1273 1273 0 1390 1390 0 1392 1392 0 1276 1276 0 1273 1273 0 1392 1392 0 1392 1392 0 1277 1277 0 1276 1276 0 1393 1393 0 1277 1277 0 1392 1392 0 1275 1275 0 1278 1278 0 1391 1391 0 1391 1391 0 1278 1278 0 1394 1394 0 1277 1277 0 1393 1393 0 1279 1279 0 1393 1393 0 1395 1395 0 1279 1279 0 1280 1280 0 1397 1397 0 1396 1396 0 1281 1281 0 1397 1397 0 1280 1280 0 1394 1394 0 1278 1278 0 1280 1280 0 1396 1396 0 1394 1394 0 1280 1280 0 1279 1279 0 1395 1395 0 1282 1282 0 1395 1395 0 1398 1398 0 1282 1282 0 1281 1281 0 1283 1283 0 1397 1397 0 1397 1397 0 1283 1283 0 1399 1399 0 1282 1282 0 1398 1398 0 1400 1400 0 1284 1284 0 1282 1282 0 1400 1400 0 1400 1400 0 1285 1285 0 1284 1284 0 1401 1401 0 1285 1285 0 1400 1400 0 1283 1283 0 1286 1286 0 1399 1399 0 1399 1399 0 1286 1286 0 1402 1402 0 1285 1285 0 1401 1401 0 1287 1287 0 1401 1401 0 1403 1403 0 1287 1287 0 1288 1288 0 1405 1405 0 1404 1404 0 1289 1289 0 1405 1405 0 1288 1288 0 1402 1402 0 1286 1286 0 1288 1288 0 1404 1404 0 1402 1402 0 1288 1288 0 1287 1287 0 1403 1403 0 1290 1290 0 1403 1403 0 1406 1406 0 1290 1290 0 1289 1289 0 1293 1293 0 1405 1405 0 1405 1405 0 1293 1293 0 1407 1407 0 1290 1290 0 1406 1406 0 1408 1408 0 1294 1294 0 1290 1290 0 1408 1408 0 1408 1408 0 1295 1295 0 1294 1294 0 1409 1409 0 1295 1295 0 1408 1408 0 1296 1296 0 1411 1411 0 1410 1410 0 1297 1297 0 1411 1411 0 1296 1296 0 1407 1407 0 1293 1293 0 1296 1296 0 1410 1410 0 1407 1407 0 1296 1296 0 1295 1295 0 1409 1409 0 1412 1412 0 1298 1298 0 1295 1295 0 1412 1412 0 1412 1412 0 1299 1299 0 1298 1298 0 1413 1413 0 1299 1299 0 1412 1412 0 1300 1300 0 1415 1415 0 1414 1414 0 1301 1301 0 1415 1415 0 1300 1300 0 1411 1411 0 1297 1297 0 1300 1300 0 1414 1414 0 1411 1411 0 1300 1300 0 1299 1299 0 1413 1413 0 1416 1416 0 1302 1302 0 1299 1299 0 1416 1416 0 1416 1416 0 1303 1303 0 1302 1302 0 1417 1417 0 1303 1303 0 1416 1416 0 1304 1304 0 1419 1419 0 1418 1418 0 1305 1305 0 1419 1419 0 1304 1304 0 1415 1415 0 1301 1301 0 1304 1304 0 1418 1418 0 1415 1415 0 1304 1304 0 1303 1303 0 1417 1417 0 1420 1420 0 1306 1306 0 1303 1303 0 1420 1420 0 1420 1420 0 1307 1307 0 1306 1306 0 1421 1421 0 1307 1307 0 1420 1420 0 1310 1310 0 1423 1423 0 1422 1422 0 1311 1311 0 1423 1423 0 1310 1310 0 1419 1419 0 1305 1305 0 1310 1310 0 1422 1422 0 1419 1419 0 1310 1310 0 1307 1307 0 1421 1421 0 1424 1424 0 1312 1312 0 1307 1307 0 1424 1424 0 1313 1313 0 1312 1312 0 1425 1425 0 1312 1312 0 1424 1424 0 1425 1425 0 1425 1425 0 1314 1314 0 1313 1313 0 1426 1426 0 1314 1314 0 1425 1425 0 1315 1315 0 1428 1428 0 1427 1427 0 1316 1316 0 1428 1428 0 1315 1315 0 1317 1317 0 1315 1315 0 1429 1429 0 1315 1315 0 1427 1427 0 1429 1429 0 1423 1423 0 1311 1311 0 1317 1317 0 1429 1429 0 1423 1423 0 1317 1317 0 1314 1314 0 1426 1426 0 1430 1430 0 1318 1318 0 1314 1314 0 1430 1430 0 1319 1319 0 1318 1318 0 1431 1431 0 1318 1318 0 1430 1430 0 1431 1431 0 1320 1320 0 1319 1319 0 1432 1432 0 1319 1319 0 1431 1431 0 1432 1432 0 1432 1432 0 1321 1321 0 1320 1320 0 1433 1433 0 1321 1321 0 1432 1432 0 1322 1322 0 1323 1323 0 1434 1434 0 1436 1436 0 1322 1322 0 1434 1434 0 1436 1436 0 1435 1435 0 1322 1322 0 1435 1435 0 1324 1324 0 1322 1322 0 1325 1325 0 1324 1324 0 1437 1437 0 1324 1324 0 1435 1435 0 1437 1437 0 1428 1428 0 1316 1316 0 1325 1325 0 1437 1437 0 1428 1428 0 1325 1325 0 1321 1321 0 1433 1433 0 1438 1438 0 1326 1326 0 1321 1321 0 1438 1438 0 1327 1327 0 1326 1326 0 1439 1439 0 1326 1326 0 1438 1438 0 1439 1439 0 1328 1328 0 1327 1327 0 1440 1440 0 1327 1327 0 1439 1439 0 1440 1440 0 1329 1329 0 1328 1328 0 1441 1441 0 1328 1328 0 1440 1440 0 1441 1441 0 1330 1330 0 1329 1329 0 1442 1442 0 1329 1329 0 1441 1441 0 1442 1442 0 1331 1331 0 1330 1330 0 1443 1443 0 1330 1330 0 1442 1442 0 1443 1443 0 1434 1434 0 1323 1323 0 1331 1331 0 1434 1434 0 1331 1331 0 1444 1444 0 1444 1444 0 1331 1331 0 1443 1443 0 1436 1436 0 1434 1434 0 1444 1444 0 1332 1332 0 1445 1445 0 1446 1446 0 1333 1333 0 1332 1332 0 1446 1446 0 1334 1334 0 1447 1447 0 1332 1332 0 1332 1332 0 1447 1447 0 1445 1445 0 1335 1335 0 1448 1448 0 1334 1334 0 1334 1334 0 1448 1448 0 1447 1447 0 1336 1336 0 1449 1449 0 1335 1335 0 1335 1335 0 1449 1449 0 1448 1448 0 1449 1449 0 1336 1336 0 1337 1337 0 1450 1450 0 1449 1449 0 1337 1337 0 1338 1338 0 1451 1451 0 1452 1452 0 1339 1339 0 1338 1338 0 1452 1452 0 1340 1340 0 1453 1453 0 1338 1338 0 1338 1338 0 1453 1453 0 1451 1451 0 1341 1341 0 1454 1454 0 1340 1340 0 1340 1340 0 1454 1454 0 1453 1453 0 1446 1446 0 1341 1341 0 1333 1333 0 1454 1454 0 1341 1341 0 1446 1446 0 1337 1337 0 1455 1455 0 1450 1450 0 1342 1342 0 1455 1455 0 1337 1337 0 1343 1343 0 1456 1456 0 1342 1342 0 1342 1342 0 1456 1456 0 1455 1455 0 1344 1344 0 1457 1457 0 1343 1343 0 1343 1343 0 1457 1457 0 1456 1456 0 1457 1457 0 1344 1344 0 1345 1345 0 1458 1458 0 1457 1457 0 1345 1345 0 1346 1346 0 1459 1459 0 1460 1460 0 1347 1347 0 1346 1346 0 1460 1460 0 1348 1348 0 1461 1461 0 1346 1346 0 1346 1346 0 1461 1461 0 1459 1459 0 1349 1349 0 1462 1462 0 1348 1348 0 1348 1348 0 1462 1462 0 1461 1461 0 1452 1452 0 1349 1349 0 1339 1339 0 1462 1462 0 1349 1349 0 1452 1452 0 1345 1345 0 1463 1463 0 1458 1458 0 1350 1350 0 1463 1463 0 1345 1345 0 1351 1351 0 1464 1464 0 1350 1350 0 1350 1350 0 1464 1464 0 1463 1463 0 1352 1352 0 1465 1465 0 1351 1351 0 1351 1351 0 1465 1465 0 1464 1464 0 1465 1465 0 1352 1352 0 1353 1353 0 1466 1466 0 1465 1465 0 1353 1353 0 1354 1354 0 1467 1467 0 1468 1468 0 1355 1355 0 1354 1354 0 1468 1468 0 1460 1460 0 1354 1354 0 1347 1347 0 1467 1467 0 1354 1354 0 1460 1460 0 1353 1353 0 1469 1469 0 1466 1466 0 1356 1356 0 1469 1469 0 1353 1353 0 1469 1469 0 1356 1356 0 1357 1357 0 1470 1470 0 1469 1469 0 1357 1357 0 1358 1358 0 1471 1471 0 1472 1472 0 1359 1359 0 1358 1358 0 1472 1472 0 1468 1468 0 1358 1358 0 1355 1355 0 1471 1471 0 1358 1358 0 1468 1468 0 1357 1357 0 1473 1473 0 1470 1470 0 1360 1360 0 1473 1473 0 1357 1357 0 1473 1473 0 1360 1360 0 1361 1361 0 1474 1474 0 1473 1473 0 1361 1361 0 1362 1362 0 1475 1475 0 1476 1476 0 1363 1363 0 1362 1362 0 1476 1476 0 1472 1472 0 1362 1362 0 1359 1359 0 1475 1475 0 1362 1362 0 1472 1472 0 1361 1361 0 1477 1477 0 1474 1474 0 1364 1364 0 1477 1477 0 1361 1361 0 1477 1477 0 1364 1364 0 1365 1365 0 1478 1478 0 1477 1477 0 1365 1365 0 1366 1366 0 1479 1479 0 1480 1480 0 1367 1367 0 1366 1366 0 1480 1480 0 1476 1476 0 1366 1366 0 1363 1363 0 1479 1479 0 1366 1366 0 1476 1476 0 1365 1365 0 1481 1481 0 1478 1478 0 1368 1368 0 1481 1481 0 1365 1365 0 1481 1481 0 1368 1368 0 1369 1369 0 1482 1482 0 1481 1481 0 1369 1369 0 1367 1367 0 1480 1480 0 1370 1370 0 1480 1480 0 1483 1483 0 1370 1370 0 1369 1369 0 1371 1371 0 1482 1482 0 1482 1482 0 1371 1371 0 1484 1484 0 1370 1370 0 1483 1483 0 1372 1372 0 1483 1483 0 1485 1485 0 1372 1372 0 1371 1371 0 1486 1486 0 1484 1484 0 1373 1373 0 1486 1486 0 1371 1371 0 1486 1486 0 1373 1373 0 1374 1374 0 1487 1487 0 1486 1486 0 1374 1374 0 1375 1375 0 1488 1488 0 1489 1489 0 1376 1376 0 1375 1375 0 1489 1489 0 1485 1485 0 1375 1375 0 1372 1372 0 1488 1488 0 1375 1375 0 1485 1485 0 1374 1374 0 1377 1377 0 1487 1487 0 1487 1487 0 1377 1377 0 1490 1490 0 1376 1376 0 1489 1489 0 1378 1378 0 1489 1489 0 1491 1491 0 1378 1378 0 1377 1377 0 1379 1379 0 1490 1490 0 1490 1490 0 1379 1379 0 1492 1492 0 1378 1378 0 1491 1491 0 1380 1380 0 1491 1491 0 1493 1493 0 1380 1380 0 1379 1379 0 1494 1494 0 1492 1492 0 1381 1381 0 1494 1494 0 1379 1379 0 1494 1494 0 1381 1381 0 1382 1382 0 1495 1495 0 1494 1494 0 1382 1382 0 1383 1383 0 1496 1496 0 1497 1497 0 1384 1384 0 1383 1383 0 1497 1497 0 1493 1493 0 1383 1383 0 1380 1380 0 1496 1496 0 1383 1383 0 1493 1493 0 1382 1382 0 1385 1385 0 1495 1495 0 1495 1495 0 1385 1385 0 1498 1498 0 1384 1384 0 1497 1497 0 1386 1386 0 1497 1497 0 1499 1499 0 1386 1386 0 1385 1385 0 1387 1387 0 1498 1498 0 1498 1498 0 1387 1387 0 1500 1500 0 1386 1386 0 1499 1499 0 1388 1388 0 1499 1499 0 1501 1501 0 1388 1388 0 1387 1387 0 1389 1389 0 1500 1500 0 1500 1500 0 1389 1389 0 1502 1502 0 1388 1388 0 1501 1501 0 1390 1390 0 1501 1501 0 1503 1503 0 1390 1390 0 1389 1389 0 1391 1391 0 1502 1502 0 1502 1502 0 1391 1391 0 1504 1504 0 1390 1390 0 1503 1503 0 1505 1505 0 1392 1392 0 1390 1390 0 1505 1505 0 1505 1505 0 1393 1393 0 1392 1392 0 1506 1506 0 1393 1393 0 1505 1505 0 1391 1391 0 1394 1394 0 1504 1504 0 1504 1504 0 1394 1394 0 1507 1507 0 1393 1393 0 1506 1506 0 1395 1395 0 1506 1506 0 1508 1508 0 1395 1395 0 1396 1396 0 1510 1510 0 1509 1509 0 1397 1397 0 1510 1510 0 1396 1396 0 1507 1507 0 1394 1394 0 1396 1396 0 1509 1509 0 1507 1507 0 1396 1396 0 1395 1395 0 1508 1508 0 1398 1398 0 1508 1508 0 1511 1511 0 1398 1398 0 1397 1397 0 1399 1399 0 1510 1510 0 1510 1510 0 1399 1399 0 1512 1512 0 1398 1398 0 1511 1511 0 1513 1513 0 1400 1400 0 1398 1398 0 1513 1513 0 1513 1513 0 1401 1401 0 1400 1400 0 1514 1514 0 1401 1401 0 1513 1513 0 1399 1399 0 1402 1402 0 1512 1512 0 1512 1512 0 1402 1402 0 1515 1515 0 1401 1401 0 1514 1514 0 1403 1403 0 1514 1514 0 1516 1516 0 1403 1403 0 1404 1404 0 1518 1518 0 1517 1517 0 1405 1405 0 1518 1518 0 1404 1404 0 1515 1515 0 1402 1402 0 1404 1404 0 1517 1517 0 1515 1515 0 1404 1404 0 1403 1403 0 1516 1516 0 1406 1406 0 1516 1516 0 1519 1519 0 1406 1406 0 1405 1405 0 1407 1407 0 1518 1518 0 1518 1518 0 1407 1407 0 1520 1520 0 1406 1406 0 1519 1519 0 1521 1521 0 1408 1408 0 1406 1406 0 1521 1521 0 1521 1521 0 1409 1409 0 1408 1408 0 1522 1522 0 1409 1409 0 1521 1521 0 1410 1410 0 1524 1524 0 1523 1523 0 1411 1411 0 1524 1524 0 1410 1410 0 1520 1520 0 1407 1407 0 1410 1410 0 1523 1523 0 1520 1520 0 1410 1410 0 1409 1409 0 1522 1522 0 1525 1525 0 1412 1412 0 1409 1409 0 1525 1525 0 1525 1525 0 1413 1413 0 1412 1412 0 1526 1526 0 1413 1413 0 1525 1525 0 1414 1414 0 1528 1528 0 1527 1527 0 1415 1415 0 1528 1528 0 1414 1414 0 1524 1524 0 1411 1411 0 1414 1414 0 1527 1527 0 1524 1524 0 1414 1414 0 1413 1413 0 1526 1526 0 1529 1529 0 1416 1416 0 1413 1413 0 1529 1529 0 1529 1529 0 1417 1417 0 1416 1416 0 1530 1530 0 1417 1417 0 1529 1529 0 1418 1418 0 1532 1532 0 1531 1531 0 1419 1419 0 1532 1532 0 1418 1418 0 1528 1528 0 1415 1415 0 1418 1418 0 1531 1531 0 1528 1528 0 1418 1418 0 1417 1417 0 1530 1530 0 1533 1533 0 1420 1420 0 1417 1417 0 1533 1533 0 1533 1533 0 1421 1421 0 1420 1420 0 1534 1534 0 1421 1421 0 1533 1533 0 1422 1422 0 1536 1536 0 1535 1535 0 1423 1423 0 1536 1536 0 1422 1422 0 1532 1532 0 1419 1419 0 1422 1422 0 1535 1535 0 1532 1532 0 1422 1422 0 1421 1421 0 1534 1534 0 1537 1537 0 1424 1424 0 1421 1421 0 1537 1537 0 1425 1425 0 1424 1424 0 1538 1538 0 1424 1424 0 1537 1537 0 1538 1538 0 1538 1538 0 1426 1426 0 1425 1425 0 1539 1539 0 1426 1426 0 1538 1538 0 1427 1427 0 1541 1541 0 1540 1540 0 1428 1428 0 1541 1541 0 1427 1427 0 1429 1429 0 1427 1427 0 1542 1542 0 1427 1427 0 1540 1540 0 1542 1542 0 1536 1536 0 1423 1423 0 1429 1429 0 1542 1542 0 1536 1536 0 1429 1429 0 1426 1426 0 1539 1539 0 1543 1543 0 1430 1430 0 1426 1426 0 1543 1543 0 1431 1431 0 1430 1430 0 1544 1544 0 1430 1430 0 1543 1543 0 1544 1544 0 1432 1432 0 1431 1431 0 1545 1545 0 1431 1431 0 1544 1544 0 1545 1545 0 1545 1545 0 1433 1433 0 1432 1432 0 1546 1546 0 1433 1433 0 1545 1545 0 1549 1549 0 1548 1548 0 1547 1547 0 1549 1549 0 1435 1435 0 1436 1436 0 1549 1549 0 1547 1547 0 1435 1435 0 1547 1547 0 1550 1550 0 1435 1435 0 1437 1437 0 1435 1435 0 1551 1551 0 1435 1435 0 1550 1550 0 1551 1551 0 1541 1541 0 1428 1428 0 1437 1437 0 1551 1551 0 1541 1541 0 1437 1437 0 1433 1433 0 1546 1546 0 1552 1552 0 1438 1438 0 1433 1433 0 1552 1552 0 1439 1439 0 1438 1438 0 1553 1553 0 1438 1438 0 1552 1552 0 1553 1553 0 1440 1440 0 1439 1439 0 1554 1554 0 1439 1439 0 1553 1553 0 1554 1554 0 1441 1441 0 1440 1440 0 1555 1555 0 1440 1440 0 1554 1554 0 1555 1555 0 1442 1442 0 1441 1441 0 1556 1556 0 1441 1441 0 1555 1555 0 1556 1556 0 1443 1443 0 1442 1442 0 1557 1557 0 1442 1442 0 1556 1556 0 1557 1557 0 1548 1548 0 1549 1549 0 1444 1444 0 1548 1548 0 1444 1444 0 1557 1557 0 1557 1557 0 1444 1444 0 1443 1443 0 1436 1436 0 1444 1444 0 1549 1549 0 1445 1445 0 1558 1558 0 1446 1446 0 1445 1445 0 1447 1447 0 1559 1559 0 1558 1558 0 1445 1445 0 1559 1559 0 1447 1447 0 1448 1448 0 1560 1560 0 1559 1559 0 1447 1447 0 1560 1560 0 1448 1448 0 1449 1449 0 1561 1561 0 1560 1560 0 1448 1448 0 1561 1561 0 1449 1449 0 1450 1450 0 1561 1561 0 1451 1451 0 1562 1562 0 1563 1563 0 1452 1452 0 1451 1451 0 1563 1563 0 1453 1453 0 1564 1564 0 1451 1451 0 1451 1451 0 1564 1564 0 1562 1562 0 1454 1454 0 1565 1565 0 1453 1453 0 1453 1453 0 1565 1565 0 1564 1564 0 1558 1558 0 1454 1454 0 1446 1446 0 1558 1558 0 1566 1566 0 1454 1454 0 1566 1566 0 1565 1565 0 1454 1454 0 1559 1559 0 1566 1566 0 1558 1558 0 1567 1567 0 1566 1566 0 1559 1559 0 1560 1560 0 1567 1567 0 1559 1559 0 1568 1568 0 1567 1567 0 1560 1560 0 1561 1561 0 1568 1568 0 1560 1560 0 1569 1569 0 1568 1568 0 1561 1561 0 1450 1450 0 1569 1569 0 1561 1561 0 1450 1450 0 1455 1455 0 1569 1569 0 1455 1455 0 1570 1570 0 1569 1569 0 1456 1456 0 1571 1571 0 1455 1455 0 1455 1455 0 1571 1571 0 1570 1570 0 1457 1457 0 1572 1572 0 1456 1456 0 1456 1456 0 1572 1572 0 1571 1571 0 1572 1572 0 1457 1457 0 1458 1458 0 1573 1573 0 1572 1572 0 1458 1458 0 1459 1459 0 1574 1574 0 1460 1460 0 1576 1576 0 1574 1574 0 1459 1459 0 1576 1576 0 1459 1459 0 1575 1575 0 1575 1575 0 1459 1459 0 1461 1461 0 1462 1462 0 1577 1577 0 1461 1461 0 1461 1461 0 1577 1577 0 1575 1575 0 1563 1563 0 1462 1462 0 1452 1452 0 1577 1577 0 1462 1462 0 1563 1563 0 1458 1458 0 1578 1578 0 1573 1573 0 1463 1463 0 1578 1578 0 1458 1458 0 1464 1464 0 1579 1579 0 1463 1463 0 1463 1463 0 1579 1579 0 1578 1578 0 1581 1581 0 1580 1580 0 1579 1579 0 1581 1581 0 1579 1579 0 1465 1465 0 1465 1465 0 1579 1579 0 1464 1464 0 1465 1465 0 1466 1466 0 1581 1581 0 1467 1467 0 1582 1582 0 1583 1583 0 1468 1468 0 1467 1467 0 1583 1583 0 1574 1574 0 1467 1467 0 1460 1460 0 1574 1574 0 1584 1584 0 1467 1467 0 1584 1584 0 1582 1582 0 1467 1467 0 1576 1576 0 1584 1584 0 1574 1574 0 1581 1581 0 1585 1585 0 1580 1580 0 1466 1466 0 1585 1585 0 1581 1581 0 1466 1466 0 1469 1469 0 1585 1585 0 1469 1469 0 1586 1586 0 1585 1585 0 1586 1586 0 1469 1469 0 1470 1470 0 1587 1587 0 1586 1586 0 1470 1470 0 1471 1471 0 1588 1588 0 1589 1589 0 1472 1472 0 1471 1471 0 1589 1589 0 1583 1583 0 1471 1471 0 1468 1468 0 1588 1588 0 1471 1471 0 1583 1583 0 1470 1470 0 1590 1590 0 1587 1587 0 1473 1473 0 1590 1590 0 1470 1470 0 1590 1590 0 1473 1473 0 1474 1474 0 1591 1591 0 1590 1590 0 1474 1474 0 1475 1475 0 1592 1592 0 1593 1593 0 1476 1476 0 1475 1475 0 1593 1593 0 1589 1589 0 1475 1475 0 1472 1472 0 1592 1592 0 1475 1475 0 1589 1589 0 1474 1474 0 1594 1594 0 1591 1591 0 1477 1477 0 1594 1594 0 1474 1474 0 1594 1594 0 1477 1477 0 1478 1478 0 1595 1595 0 1594 1594 0 1478 1478 0 1479 1479 0 1596 1596 0 1480 1480 0 1479 1479 0 1597 1597 0 1596 1596 0 1479 1479 0 1476 1476 0 1597 1597 0 1476 1476 0 1593 1593 0 1597 1597 0 1599 1599 0 1478 1478 0 1481 1481 0 1599 1599 0 1598 1598 0 1478 1478 0 1598 1598 0 1595 1595 0 1478 1478 0 1481 1481 0 1482 1482 0 1599 1599 0 1596 1596 0 1600 1600 0 1601 1601 0 1596 1596 0 1601 1601 0 1480 1480 0 1480 1480 0 1601 1601 0 1483 1483 0 1597 1597 0 1600 1600 0 1596 1596 0 1599 1599 0 1602 1602 0 1598 1598 0 1602 1602 0 1599 1599 0 1482 1482 0 1602 1602 0 1482 1482 0 1603 1603 0 1603 1603 0 1482 1482 0 1484 1484 0 1483 1483 0 1601 1601 0 1485 1485 0 1601 1601 0 1604 1604 0 1485 1485 0 1484 1484 0 1605 1605 0 1603 1603 0 1486 1486 0 1605 1605 0 1484 1484 0 1605 1605 0 1486 1486 0 1487 1487 0 1606 1606 0 1605 1605 0 1487 1487 0 1488 1488 0 1607 1607 0 1608 1608 0 1489 1489 0 1488 1488 0 1608 1608 0 1604 1604 0 1488 1488 0 1485 1485 0 1607 1607 0 1488 1488 0 1604 1604 0 1487 1487 0 1490 1490 0 1606 1606 0 1606 1606 0 1490 1490 0 1609 1609 0 1489 1489 0 1608 1608 0 1491 1491 0 1608 1608 0 1610 1610 0 1491 1491 0 1490 1490 0 1492 1492 0 1609 1609 0 1609 1609 0 1492 1492 0 1611 1611 0 1491 1491 0 1610 1610 0 1493 1493 0 1610 1610 0 1612 1612 0 1493 1493 0 1614 1614 0 1492 1492 0 1494 1494 0 1614 1614 0 1613 1613 0 1492 1492 0 1613 1613 0 1611 1611 0 1492 1492 0 1494 1494 0 1495 1495 0 1614 1614 0 1496 1496 0 1615 1615 0 1497 1497 0 1496 1496 0 1616 1616 0 1615 1615 0 1496 1496 0 1493 1493 0 1616 1616 0 1493 1493 0 1612 1612 0 1616 1616 0 1614 1614 0 1617 1617 0 1613 1613 0 1617 1617 0 1614 1614 0 1495 1495 0 1617 1617 0 1495 1495 0 1618 1618 0 1618 1618 0 1495 1495 0 1498 1498 0 1615 1615 0 1619 1619 0 1499 1499 0 1497 1497 0 1615 1615 0 1499 1499 0 1620 1620 0 1615 1615 0 1616 1616 0 1619 1619 0 1615 1615 0 1620 1620 0 1498 1498 0 1500 1500 0 1618 1618 0 1618 1618 0 1500 1500 0 1621 1621 0 1619 1619 0 1622 1622 0 1501 1501 0 1499 1499 0 1619 1619 0 1501 1501 0 1623 1623 0 1619 1619 0 1620 1620 0 1622 1622 0 1619 1619 0 1623 1623 0 1500 1500 0 1502 1502 0 1621 1621 0 1621 1621 0 1502 1502 0 1624 1624 0 1622 1622 0 1625 1625 0 1503 1503 0 1501 1501 0 1622 1622 0 1503 1503 0 1626 1626 0 1622 1622 0 1623 1623 0 1625 1625 0 1622 1622 0 1626 1626 0 1502 1502 0 1504 1504 0 1624 1624 0 1624 1624 0 1504 1504 0 1627 1627 0 1503 1503 0 1625 1625 0 1505 1505 0 1625 1625 0 1506 1506 0 1505 1505 0 1625 1625 0 1626 1626 0 1506 1506 0 1626 1626 0 1628 1628 0 1506 1506 0 1631 1631 0 1630 1630 0 1629 1629 0 1631 1631 0 1629 1629 0 1627 1627 0 1631 1631 0 1627 1627 0 1507 1507 0 1507 1507 0 1627 1627 0 1504 1504 0 1506 1506 0 1628 1628 0 1508 1508 0 1628 1628 0 1632 1632 0 1508 1508 0 1509 1509 0 1630 1630 0 1631 1631 0 1509 1509 0 1510 1510 0 1630 1630 0 1510 1510 0 1633 1633 0 1630 1630 0 1507 1507 0 1509 1509 0 1631 1631 0 1508 1508 0 1632 1632 0 1511 1511 0 1632 1632 0 1634 1634 0 1511 1511 0 1510 1510 0 1512 1512 0 1633 1633 0 1633 1633 0 1512 1512 0 1635 1635 0 1511 1511 0 1634 1634 0 1636 1636 0 1513 1513 0 1511 1511 0 1636 1636 0 1636 1636 0 1514 1514 0 1513 1513 0 1637 1637 0 1514 1514 0 1636 1636 0 1512 1512 0 1515 1515 0 1635 1635 0 1635 1635 0 1515 1515 0 1638 1638 0 1514 1514 0 1637 1637 0 1516 1516 0 1637 1637 0 1639 1639 0 1516 1516 0 1517 1517 0 1641 1641 0 1640 1640 0 1518 1518 0 1641 1641 0 1517 1517 0 1638 1638 0 1515 1515 0 1517 1517 0 1640 1640 0 1638 1638 0 1517 1517 0 1642 1642 0 1643 1643 0 1519 1519 0 1642 1642 0 1519 1519 0 1639 1639 0 1639 1639 0 1519 1519 0 1516 1516 0 1642 1642 0 1644 1644 0 1643 1643 0 1647 1647 0 1646 1646 0 1645 1645 0 1647 1647 0 1645 1645 0 1641 1641 0 1647 1647 0 1641 1641 0 1520 1520 0 1520 1520 0 1641 1641 0 1518 1518 0 1519 1519 0 1643 1643 0 1521 1521 0 1643 1643 0 1522 1522 0 1521 1521 0 1643 1643 0 1644 1644 0 1522 1522 0 1644 1644 0 1648 1648 0 1522 1522 0 1523 1523 0 1646 1646 0 1647 1647 0 1523 1523 0 1524 1524 0 1646 1646 0 1524 1524 0 1649 1649 0 1646 1646 0 1520 1520 0 1523 1523 0 1647 1647 0 1522 1522 0 1648 1648 0 1650 1650 0 1525 1525 0 1522 1522 0 1650 1650 0 1650 1650 0 1526 1526 0 1525 1525 0 1651 1651 0 1526 1526 0 1650 1650 0 1527 1527 0 1653 1653 0 1652 1652 0 1528 1528 0 1653 1653 0 1527 1527 0 1649 1649 0 1524 1524 0 1527 1527 0 1652 1652 0 1649 1649 0 1527 1527 0 1526 1526 0 1651 1651 0 1654 1654 0 1529 1529 0 1526 1526 0 1654 1654 0 1654 1654 0 1530 1530 0 1529 1529 0 1655 1655 0 1530 1530 0 1654 1654 0 1531 1531 0 1657 1657 0 1656 1656 0 1532 1532 0 1657 1657 0 1531 1531 0 1653 1653 0 1528 1528 0 1531 1531 0 1656 1656 0 1653 1653 0 1531 1531 0 1530 1530 0 1655 1655 0 1658 1658 0 1533 1533 0 1530 1530 0 1658 1658 0 1534 1534 0 1659 1659 0 1660 1660 0 1534 1534 0 1533 1533 0 1659 1659 0 1533 1533 0 1658 1658 0 1659 1659 0 1659 1659 0 1661 1661 0 1660 1660 0 1535 1535 0 1663 1663 0 1662 1662 0 1536 1536 0 1663 1663 0 1535 1535 0 1657 1657 0 1532 1532 0 1535 1535 0 1662 1662 0 1657 1657 0 1535 1535 0 1534 1534 0 1660 1660 0 1537 1537 0 1660 1660 0 1661 1661 0 1664 1664 0 1660 1660 0 1664 1664 0 1537 1537 0 1537 1537 0 1664 1664 0 1538 1538 0 1539 1539 0 1665 1665 0 1666 1666 0 1539 1539 0 1538 1538 0 1665 1665 0 1538 1538 0 1664 1664 0 1665 1665 0 1665 1665 0 1667 1667 0 1666 1666 0 1540 1540 0 1669 1669 0 1668 1668 0 1541 1541 0 1669 1669 0 1540 1540 0 1542 1542 0 1540 1540 0 1670 1670 0 1540 1540 0 1668 1668 0 1670 1670 0 1663 1663 0 1536 1536 0 1542 1542 0 1670 1670 0 1663 1663 0 1542 1542 0 1539 1539 0 1666 1666 0 1543 1543 0 1666 1666 0 1667 1667 0 1671 1671 0 1666 1666 0 1671 1671 0 1543 1543 0 1543 1543 0 1671 1671 0 1544 1544 0 1545 1545 0 1544 1544 0 1672 1672 0 1544 1544 0 1671 1671 0 1672 1672 0 1546 1546 0 1673 1673 0 1674 1674 0 1546 1546 0 1545 1545 0 1673 1673 0 1545 1545 0 1672 1672 0 1673 1673 0 1673 1673 0 1675 1675 0 1674 1674 0 1547 1547 0 1677 1677 0 1676 1676 0 1548 1548 0 1677 1677 0 1547 1547 0 1550 1550 0 1547 1547 0 1678 1678 0 1547 1547 0 1676 1676 0 1678 1678 0 1551 1551 0 1550 1550 0 1679 1679 0 1550 1550 0 1678 1678 0 1679 1679 0 1669 1669 0 1541 1541 0 1551 1551 0 1679 1679 0 1669 1669 0 1551 1551 0 1546 1546 0 1674 1674 0 1552 1552 0 1674 1674 0 1675 1675 0 1680 1680 0 1674 1674 0 1680 1680 0 1552 1552 0 1552 1552 0 1680 1680 0 1553 1553 0 1554 1554 0 1553 1553 0 1681 1681 0 1553 1553 0 1680 1680 0 1681 1681 0 1555 1555 0 1554 1554 0 1682 1682 0 1554 1554 0 1681 1681 0 1682 1682 0 1556 1556 0 1555 1555 0 1683 1683 0 1555 1555 0 1682 1682 0 1683 1683 0 1557 1557 0 1556 1556 0 1684 1684 0 1556 1556 0 1683 1683 0 1684 1684 0 1677 1677 0 1548 1548 0 1557 1557 0 1684 1684 0 1677 1677 0 1557 1557 0 1562 1562 0 1685 1685 0 1686 1686 0 1563 1563 0 1562 1562 0 1686 1686 0 1564 1564 0 1687 1687 0 1562 1562 0 1562 1562 0 1687 1687 0 1685 1685 0 1565 1565 0 1688 1688 0 1564 1564 0 1564 1564 0 1688 1688 0 1687 1687 0 1566 1566 0 1689 1689 0 1565 1565 0 1565 1565 0 1689 1689 0 1688 1688 0 1567 1567 0 1690 1690 0 1566 1566 0 1566 1566 0 1690 1690 0 1689 1689 0 1568 1568 0 1691 1691 0 1567 1567 0 1567 1567 0 1691 1691 0 1690 1690 0 1569 1569 0 1692 1692 0 1568 1568 0 1568 1568 0 1692 1692 0 1691 1691 0 1570 1570 0 1693 1693 0 1569 1569 0 1569 1569 0 1693 1693 0 1692 1692 0 1571 1571 0 1694 1694 0 1570 1570 0 1570 1570 0 1694 1694 0 1693 1693 0 1572 1572 0 1695 1695 0 1571 1571 0 1571 1571 0 1695 1695 0 1694 1694 0 1695 1695 0 1572 1572 0 1573 1573 0 1696 1696 0 1695 1695 0 1573 1573 0 1575 1575 0 1697 1697 0 1698 1698 0 1576 1576 0 1575 1575 0 1698 1698 0 1577 1577 0 1699 1699 0 1575 1575 0 1575 1575 0 1699 1699 0 1697 1697 0 1686 1686 0 1577 1577 0 1563 1563 0 1699 1699 0 1577 1577 0 1686 1686 0 1573 1573 0 1700 1700 0 1696 1696 0 1578 1578 0 1700 1700 0 1573 1573 0 1579 1579 0 1701 1701 0 1578 1578 0 1578 1578 0 1701 1701 0 1700 1700 0 1701 1701 0 1579 1579 0 1580 1580 0 1702 1702 0 1701 1701 0 1580 1580 0 1582 1582 0 1703 1703 0 1583 1583 0 1705 1705 0 1703 1703 0 1582 1582 0 1705 1705 0 1582 1582 0 1704 1704 0 1704 1704 0 1582 1582 0 1584 1584 0 1698 1698 0 1584 1584 0 1576 1576 0 1704 1704 0 1584 1584 0 1698 1698 0 1580 1580 0 1706 1706 0 1702 1702 0 1585 1585 0 1706 1706 0 1580 1580 0 1708 1708 0 1707 1707 0 1706 1706 0 1708 1708 0 1706 1706 0 1586 1586 0 1586 1586 0 1706 1706 0 1585 1585 0 1586 1586 0 1587 1587 0 1708 1708 0 1588 1588 0 1709 1709 0 1589 1589 0 1588 1588 0 1711 1711 0 1709 1709 0 1583 1583 0 1711 1711 0 1588 1588 0 1583 1583 0 1710 1710 0 1711 1711 0 1583 1583 0 1703 1703 0 1710 1710 0 1705 1705 0 1710 1710 0 1703 1703 0 1708 1708 0 1712 1712 0 1707 1707 0 1714 1714 0 1713 1713 0 1712 1712 0 1590 1590 0 1714 1714 0 1712 1712 0 1590 1590 0 1712 1712 0 1708 1708 0 1590 1590 0 1708 1708 0 1587 1587 0 1590 1590 0 1591 1591 0 1714 1714 0 1592 1592 0 1715 1715 0 1593 1593 0 1592 1592 0 1717 1717 0 1715 1715 0 1589 1589 0 1717 1717 0 1592 1592 0 1589 1589 0 1716 1716 0 1717 1717 0 1589 1589 0 1709 1709 0 1716 1716 0 1711 1711 0 1716 1716 0 1709 1709 0 1714 1714 0 1718 1718 0 1713 1713 0 1720 1720 0 1719 1719 0 1718 1718 0 1594 1594 0 1720 1720 0 1718 1718 0 1594 1594 0 1718 1718 0 1714 1714 0 1594 1594 0 1714 1714 0 1591 1591 0 1594 1594 0 1595 1595 0 1720 1720 0 1715 1715 0 1721 1721 0 1722 1722 0 1715 1715 0 1722 1722 0 1593 1593 0 1593 1593 0 1722 1722 0 1597 1597 0 1717 1717 0 1721 1721 0 1715 1715 0 1720 1720 0 1723 1723 0 1719 1719 0 1723 1723 0 1720 1720 0 1595 1595 0 1723 1723 0 1595 1595 0 1724 1724 0 1724 1724 0 1595 1595 0 1598 1598 0 1600 1600 0 1725 1725 0 1726 1726 0 1601 1601 0 1600 1600 0 1726 1726 0 1722 1722 0 1600 1600 0 1597 1597 0 1725 1725 0 1600 1600 0 1722 1722 0 1598 1598 0 1727 1727 0 1724 1724 0 1602 1602 0 1727 1727 0 1598 1598 0 1727 1727 0 1602 1602 0 1603 1603 0 1728 1728 0 1727 1727 0 1603 1603 0 1601 1601 0 1726 1726 0 1604 1604 0 1726 1726 0 1729 1729 0 1604 1604 0 1731 1731 0 1603 1603 0 1605 1605 0 1731 1731 0 1730 1730 0 1603 1603 0 1730 1730 0 1728 1728 0 1603 1603 0 1605 1605 0 1606 1606 0 1731 1731 0 1607 1607 0 1732 1732 0 1733 1733 0 1608 1608 0 1607 1607 0 1733 1733 0 1729 1729 0 1607 1607 0 1604 1604 0 1732 1732 0 1607 1607 0 1729 1729 0 1731 1731 0 1734 1734 0 1730 1730 0 1734 1734 0 1731 1731 0 1606 1606 0 1734 1734 0 1606 1606 0 1735 1735 0 1735 1735 0 1606 1606 0 1609 1609 0 1608 1608 0 1733 1733 0 1610 1610 0 1733 1733 0 1736 1736 0 1610 1610 0 1609 1609 0 1611 1611 0 1735 1735 0 1735 1735 0 1611 1611 0 1737 1737 0 1610 1610 0 1736 1736 0 1612 1612 0 1736 1736 0 1738 1738 0 1612 1612 0 1611 1611 0 1613 1613 0 1737 1737 0 1737 1737 0 1613 1613 0 1739 1739 0 1612 1612 0 1738 1738 0 1616 1616 0 1738 1738 0 1740 1740 0 1616 1616 0 1742 1742 0 1613 1613 0 1617 1617 0 1742 1742 0 1741 1741 0 1613 1613 0 1741 1741 0 1739 1739 0 1613 1613 0 1617 1617 0 1618 1618 0 1742 1742 0 1616 1616 0 1740 1740 0 1620 1620 0 1740 1740 0 1743 1743 0 1620 1620 0 1745 1745 0 1741 1741 0 1742 1742 0 1744 1744 0 1741 1741 0 1745 1745 0 1618 1618 0 1621 1621 0 1745 1745 0 1742 1742 0 1618 1618 0 1745 1745 0 1620 1620 0 1743 1743 0 1623 1623 0 1743 1743 0 1746 1746 0 1623 1623 0 1748 1748 0 1744 1744 0 1745 1745 0 1747 1747 0 1744 1744 0 1748 1748 0 1621 1621 0 1624 1624 0 1748 1748 0 1745 1745 0 1621 1621 0 1748 1748 0 1623 1623 0 1746 1746 0 1626 1626 0 1746 1746 0 1749 1749 0 1626 1626 0 1751 1751 0 1747 1747 0 1748 1748 0 1750 1750 0 1747 1747 0 1751 1751 0 1624 1624 0 1627 1627 0 1751 1751 0 1748 1748 0 1624 1624 0 1751 1751 0 1626 1626 0 1749 1749 0 1628 1628 0 1749 1749 0 1752 1752 0 1628 1628 0 1629 1629 0 1750 1750 0 1751 1751 0 1629 1629 0 1630 1630 0 1750 1750 0 1630 1630 0 1753 1753 0 1750 1750 0 1627 1627 0 1629 1629 0 1751 1751 0 1628 1628 0 1752 1752 0 1632 1632 0 1752 1752 0 1754 1754 0 1632 1632 0 1630 1630 0 1633 1633 0 1753 1753 0 1753 1753 0 1633 1633 0 1755 1755 0 1632 1632 0 1754 1754 0 1634 1634 0 1754 1754 0 1756 1756 0 1634 1634 0 1633 1633 0 1635 1635 0 1755 1755 0 1755 1755 0 1635 1635 0 1757 1757 0 1634 1634 0 1756 1756 0 1758 1758 0 1636 1636 0 1634 1634 0 1758 1758 0 1758 1758 0 1637 1637 0 1636 1636 0 1759 1759 0 1637 1637 0 1758 1758 0 1762 1762 0 1761 1761 0 1760 1760 0 1762 1762 0 1760 1760 0 1757 1757 0 1762 1762 0 1757 1757 0 1638 1638 0 1638 1638 0 1757 1757 0 1635 1635 0 1637 1637 0 1759 1759 0 1639 1639 0 1759 1759 0 1763 1763 0 1639 1639 0 1640 1640 0 1761 1761 0 1762 1762 0 1640 1640 0 1641 1641 0 1761 1761 0 1641 1641 0 1764 1764 0 1761 1761 0 1638 1638 0 1640 1640 0 1762 1762 0 1639 1639 0 1763 1763 0 1765 1765 0 1642 1642 0 1639 1639 0 1765 1765 0 1765 1765 0 1644 1644 0 1642 1642 0 1766 1766 0 1644 1644 0 1765 1765 0 1645 1645 0 1768 1768 0 1767 1767 0 1646 1646 0 1768 1768 0 1645 1645 0 1764 1764 0 1641 1641 0 1645 1645 0 1767 1767 0 1764 1764 0 1645 1645 0 1769 1769 0 1770 1770 0 1648 1648 0 1769 1769 0 1648 1648 0 1766 1766 0 1766 1766 0 1648 1648 0 1644 1644 0 1769 1769 0 1771 1771 0 1770 1770 0 1774 1774 0 1773 1773 0 1772 1772 0 1774 1774 0 1772 1772 0 1768 1768 0 1774 1774 0 1768 1768 0 1649 1649 0 1649 1649 0 1768 1768 0 1646 1646 0 1648 1648 0 1770 1770 0 1650 1650 0 1651 1651 0 1775 1775 0 1776 1776 0 1650 1650 0 1775 1775 0 1651 1651 0 1650 1650 0 1771 1771 0 1775 1775 0 1650 1650 0 1770 1770 0 1771 1771 0 1775 1775 0 1777 1777 0 1776 1776 0 1780 1780 0 1779 1779 0 1778 1778 0 1773 1773 0 1780 1780 0 1778 1778 0 1774 1774 0 1780 1780 0 1773 1773 0 1774 1774 0 1653 1653 0 1780 1780 0 1774 1774 0 1652 1652 0 1653 1653 0 1649 1649 0 1652 1652 0 1774 1774 0 1651 1651 0 1776 1776 0 1654 1654 0 1655 1655 0 1781 1781 0 1782 1782 0 1654 1654 0 1781 1781 0 1655 1655 0 1654 1654 0 1777 1777 0 1781 1781 0 1654 1654 0 1776 1776 0 1777 1777 0 1781 1781 0 1783 1783 0 1782 1782 0 1786 1786 0 1785 1785 0 1784 1784 0 1779 1779 0 1786 1786 0 1784 1784 0 1780 1780 0 1786 1786 0 1779 1779 0 1780 1780 0 1657 1657 0 1786 1786 0 1780 1780 0 1656 1656 0 1657 1657 0 1653 1653 0 1656 1656 0 1780 1780 0 1655 1655 0 1782 1782 0 1658 1658 0 1782 1782 0 1783 1783 0 1787 1787 0 1782 1782 0 1787 1787 0 1658 1658 0 1658 1658 0 1787 1787 0 1659 1659 0 1787 1787 0 1661 1661 0 1659 1659 0 1788 1788 0 1661 1661 0 1787 1787 0 1791 1791 0 1790 1790 0 1789 1789 0 1785 1785 0 1791 1791 0 1789 1789 0 1786 1786 0 1791 1791 0 1785 1785 0 1786 1786 0 1663 1663 0 1791 1791 0 1786 1786 0 1662 1662 0 1663 1663 0 1657 1657 0 1662 1662 0 1786 1786 0 1661 1661 0 1788 1788 0 1792 1792 0 1664 1664 0 1661 1661 0 1792 1792 0 1665 1665 0 1664 1664 0 1793 1793 0 1664 1664 0 1792 1792 0 1793 1793 0 1793 1793 0 1667 1667 0 1665 1665 0 1794 1794 0 1667 1667 0 1793 1793 0 1797 1797 0 1796 1796 0 1795 1795 0 1797 1797 0 1668 1668 0 1669 1669 0 1797 1797 0 1795 1795 0 1668 1668 0 1795 1795 0 1798 1798 0 1668 1668 0 1790 1790 0 1791 1791 0 1670 1670 0 1790 1790 0 1670 1670 0 1798 1798 0 1798 1798 0 1670 1670 0 1668 1668 0 1663 1663 0 1670 1670 0 1791 1791 0 1667 1667 0 1794 1794 0 1799 1799 0 1671 1671 0 1667 1667 0 1799 1799 0 1672 1672 0 1671 1671 0 1800 1800 0 1671 1671 0 1799 1799 0 1800 1800 0 1673 1673 0 1672 1672 0 1801 1801 0 1672 1672 0 1800 1800 0 1801 1801 0 1675 1675 0 1802 1802 0 1803 1803 0 1675 1675 0 1673 1673 0 1802 1802 0 1673 1673 0 1801 1801 0 1802 1802 0 1802 1802 0 1804 1804 0 1803 1803 0 1807 1807 0 1806 1806 0 1805 1805 0 1807 1807 0 1676 1676 0 1677 1677 0 1807 1807 0 1805 1805 0 1676 1676 0 1805 1805 0 1808 1808 0 1676 1676 0 1678 1678 0 1676 1676 0 1809 1809 0 1676 1676 0 1808 1808 0 1809 1809 0 1796 1796 0 1797 1797 0 1679 1679 0 1796 1796 0 1679 1679 0 1809 1809 0 1809 1809 0 1679 1679 0 1678 1678 0 1669 1669 0 1679 1679 0 1797 1797 0 1675 1675 0 1803 1803 0 1680 1680 0 1803 1803 0 1804 1804 0 1810 1810 0 1803 1803 0 1810 1810 0 1680 1680 0 1680 1680 0 1810 1810 0 1681 1681 0 1682 1682 0 1681 1681 0 1811 1811 0 1681 1681 0 1810 1810 0 1811 1811 0 1683 1683 0 1682 1682 0 1812 1812 0 1682 1682 0 1811 1811 0 1812 1812 0 1806 1806 0 1807 1807 0 1684 1684 0 1806 1806 0 1684 1684 0 1812 1812 0 1812 1812 0 1684 1684 0 1683 1683 0 1677 1677 0 1684 1684 0 1807 1807 0 1685 1685 0 1813 1813 0 1686 1686 0 1685 1685 0 1687 1687 0 1814 1814 0 1813 1813 0 1685 1685 0 1814 1814 0 1816 1816 0 1814 1814 0 1687 1687 0 1816 1816 0 1687 1687 0 1815 1815 0 1815 1815 0 1687 1687 0 1688 1688 0 1689 1689 0 1817 1817 0 1688 1688 0 1688 1688 0 1817 1817 0 1815 1815 0 1690 1690 0 1818 1818 0 1689 1689 0 1689 1689 0 1818 1818 0 1817 1817 0 1691 1691 0 1819 1819 0 1690 1690 0 1690 1690 0 1819 1819 0 1818 1818 0 1692 1692 0 1820 1820 0 1691 1691 0 1691 1691 0 1820 1820 0 1819 1819 0 1693 1693 0 1821 1821 0 1692 1692 0 1692 1692 0 1821 1821 0 1820 1820 0 1823 1823 0 1822 1822 0 1821 1821 0 1823 1823 0 1821 1821 0 1694 1694 0 1694 1694 0 1821 1821 0 1693 1693 0 1694 1694 0 1695 1695 0 1824 1824 0 1823 1823 0 1694 1694 0 1824 1824 0 1695 1695 0 1696 1696 0 1824 1824 0 1697 1697 0 1825 1825 0 1698 1698 0 1827 1827 0 1825 1825 0 1697 1697 0 1827 1827 0 1697 1697 0 1826 1826 0 1826 1826 0 1697 1697 0 1699 1699 0 1813 1813 0 1699 1699 0 1686 1686 0 1813 1813 0 1828 1828 0 1699 1699 0 1828 1828 0 1826 1826 0 1699 1699 0 1814 1814 0 1828 1828 0 1813 1813 0 1829 1829 0 1828 1828 0 1814 1814 0 1816 1816 0 1829 1829 0 1814 1814 0 1823 1823 0 1830 1830 0 1822 1822 0 1824 1824 0 1830 1830 0 1823 1823 0 1831 1831 0 1830 1830 0 1824 1824 0 1696 1696 0 1831 1831 0 1824 1824 0 1696 1696 0 1700 1700 0 1831 1831 0 1700 1700 0 1832 1832 0 1831 1831 0 1834 1834 0 1833 1833 0 1832 1832 0 1834 1834 0 1832 1832 0 1701 1701 0 1701 1701 0 1832 1832 0 1700 1700 0 1701 1701 0 1702 1702 0 1834 1834 0 1704 1704 0 1835 1835 0 1836 1836 0 1705 1705 0 1704 1704 0 1836 1836 0 1825 1825 0 1704 1704 0 1698 1698 0 1825 1825 0 1837 1837 0 1704 1704 0 1837 1837 0 1835 1835 0 1704 1704 0 1827 1827 0 1837 1837 0 1825 1825 0 1834 1834 0 1838 1838 0 1833 1833 0 1702 1702 0 1838 1838 0 1834 1834 0 1702 1702 0 1706 1706 0 1838 1838 0 1706 1706 0 1839 1839 0 1838 1838 0 1839 1839 0 1706 1706 0 1707 1707 0 1840 1840 0 1839 1839 0 1707 1707 0 1710 1710 0 1841 1841 0 1842 1842 0 1711 1711 0 1710 1710 0 1842 1842 0 1836 1836 0 1710 1710 0 1705 1705 0 1841 1841 0 1710 1710 0 1836 1836 0 1707 1707 0 1843 1843 0 1840 1840 0 1712 1712 0 1843 1843 0 1707 1707 0 1843 1843 0 1712 1712 0 1713 1713 0 1844 1844 0 1843 1843 0 1713 1713 0 1716 1716 0 1845 1845 0 1846 1846 0 1717 1717 0 1716 1716 0 1846 1846 0 1842 1842 0 1716 1716 0 1711 1711 0 1845 1845 0 1716 1716 0 1842 1842 0 1713 1713 0 1847 1847 0 1844 1844 0 1718 1718 0 1847 1847 0 1713 1713 0 1847 1847 0 1718 1718 0 1719 1719 0 1848 1848 0 1847 1847 0 1719 1719 0 1721 1721 0 1849 1849 0 1850 1850 0 1722 1722 0 1721 1721 0 1850 1850 0 1846 1846 0 1721 1721 0 1717 1717 0 1849 1849 0 1721 1721 0 1846 1846 0 1719 1719 0 1851 1851 0 1848 1848 0 1723 1723 0 1851 1851 0 1719 1719 0 1851 1851 0 1723 1723 0 1724 1724 0 1852 1852 0 1851 1851 0 1724 1724 0 1725 1725 0 1853 1853 0 1726 1726 0 1725 1725 0 1854 1854 0 1853 1853 0 1725 1725 0 1722 1722 0 1854 1854 0 1722 1722 0 1850 1850 0 1854 1854 0 1856 1856 0 1724 1724 0 1727 1727 0 1856 1856 0 1855 1855 0 1724 1724 0 1855 1855 0 1852 1852 0 1724 1724 0 1727 1727 0 1728 1728 0 1856 1856 0 1853 1853 0 1857 1857 0 1858 1858 0 1853 1853 0 1858 1858 0 1726 1726 0 1726 1726 0 1858 1858 0 1729 1729 0 1854 1854 0 1857 1857 0 1853 1853 0 1856 1856 0 1859 1859 0 1855 1855 0 1859 1859 0 1856 1856 0 1728 1728 0 1859 1859 0 1728 1728 0 1860 1860 0 1860 1860 0 1728 1728 0 1730 1730 0 1732 1732 0 1861 1861 0 1733 1733 0 1732 1732 0 1862 1862 0 1861 1861 0 1732 1732 0 1729 1729 0 1862 1862 0 1729 1729 0 1858 1858 0 1862 1862 0 1864 1864 0 1730 1730 0 1734 1734 0 1864 1864 0 1863 1863 0 1730 1730 0 1863 1863 0 1860 1860 0 1730 1730 0 1734 1734 0 1735 1735 0 1864 1864 0 1861 1861 0 1865 1865 0 1736 1736 0 1733 1733 0 1861 1861 0 1736 1736 0 1866 1866 0 1861 1861 0 1862 1862 0 1865 1865 0 1861 1861 0 1866 1866 0 1864 1864 0 1867 1867 0 1863 1863 0 1867 1867 0 1864 1864 0 1735 1735 0 1867 1867 0 1735 1735 0 1868 1868 0 1868 1868 0 1735 1735 0 1737 1737 0 1865 1865 0 1869 1869 0 1870 1870 0 1865 1865 0 1870 1870 0 1736 1736 0 1736 1736 0 1870 1870 0 1738 1738 0 1866 1866 0 1869 1869 0 1865 1865 0 1737 1737 0 1739 1739 0 1868 1868 0 1868 1868 0 1739 1739 0 1871 1871 0 1738 1738 0 1870 1870 0 1740 1740 0 1870 1870 0 1872 1872 0 1740 1740 0 1739 1739 0 1741 1741 0 1871 1871 0 1871 1871 0 1741 1741 0 1873 1873 0 1740 1740 0 1872 1872 0 1743 1743 0 1872 1872 0 1874 1874 0 1743 1743 0 1741 1741 0 1744 1744 0 1873 1873 0 1873 1873 0 1744 1744 0 1875 1875 0 1743 1743 0 1874 1874 0 1746 1746 0 1874 1874 0 1876 1876 0 1746 1746 0 1744 1744 0 1747 1747 0 1875 1875 0 1875 1875 0 1747 1747 0 1877 1877 0 1746 1746 0 1876 1876 0 1749 1749 0 1876 1876 0 1878 1878 0 1749 1749 0 1747 1747 0 1750 1750 0 1877 1877 0 1877 1877 0 1750 1750 0 1879 1879 0 1749 1749 0 1878 1878 0 1752 1752 0 1878 1878 0 1880 1880 0 1752 1752 0 1750 1750 0 1753 1753 0 1879 1879 0 1879 1879 0 1753 1753 0 1881 1881 0 1752 1752 0 1880 1880 0 1754 1754 0 1880 1880 0 1882 1882 0 1754 1754 0 1753 1753 0 1755 1755 0 1881 1881 0 1881 1881 0 1755 1755 0 1883 1883 0 1884 1884 0 1885 1885 0 1756 1756 0 1884 1884 0 1756 1756 0 1882 1882 0 1882 1882 0 1756 1756 0 1754 1754 0 1884 1884 0 1886 1886 0 1885 1885 0 1889 1889 0 1888 1888 0 1887 1887 0 1889 1889 0 1887 1887 0 1883 1883 0 1889 1889 0 1883 1883 0 1757 1757 0 1757 1757 0 1883 1883 0 1755 1755 0 1756 1756 0 1885 1885 0 1758 1758 0 1885 1885 0 1759 1759 0 1758 1758 0 1885 1885 0 1886 1886 0 1759 1759 0 1886 1886 0 1890 1890 0 1759 1759 0 1760 1760 0 1888 1888 0 1889 1889 0 1760 1760 0 1761 1761 0 1888 1888 0 1761 1761 0 1891 1891 0 1888 1888 0 1757 1757 0 1760 1760 0 1889 1889 0 1892 1892 0 1893 1893 0 1763 1763 0 1892 1892 0 1763 1763 0 1890 1890 0 1890 1890 0 1763 1763 0 1759 1759 0 1892 1892 0 1894 1894 0 1893 1893 0 1897 1897 0 1896 1896 0 1895 1895 0 1897 1897 0 1895 1895 0 1891 1891 0 1897 1897 0 1891 1891 0 1764 1764 0 1764 1764 0 1891 1891 0 1761 1761 0 1763 1763 0 1893 1893 0 1765 1765 0 1893 1893 0 1766 1766 0 1765 1765 0 1893 1893 0 1894 1894 0 1766 1766 0 1894 1894 0 1898 1898 0 1766 1766 0 1767 1767 0 1896 1896 0 1897 1897 0 1767 1767 0 1768 1768 0 1896 1896 0 1768 1768 0 1899 1899 0 1896 1896 0 1764 1764 0 1767 1767 0 1897 1897 0 1766 1766 0 1898 1898 0 1900 1900 0 1769 1769 0 1766 1766 0 1900 1900 0 1900 1900 0 1771 1771 0 1769 1769 0 1901 1901 0 1771 1771 0 1900 1900 0 1772 1772 0 1903 1903 0 1902 1902 0 1773 1773 0 1903 1903 0 1772 1772 0 1899 1899 0 1768 1768 0 1772 1772 0 1902 1902 0 1899 1899 0 1772 1772 0 1771 1771 0 1901 1901 0 1904 1904 0 1775 1775 0 1771 1771 0 1904 1904 0 1904 1904 0 1777 1777 0 1775 1775 0 1905 1905 0 1777 1777 0 1904 1904 0 1778 1778 0 1907 1907 0 1906 1906 0 1779 1779 0 1907 1907 0 1778 1778 0 1903 1903 0 1773 1773 0 1778 1778 0 1906 1906 0 1903 1903 0 1778 1778 0 1777 1777 0 1905 1905 0 1908 1908 0 1781 1781 0 1777 1777 0 1908 1908 0 1908 1908 0 1783 1783 0 1781 1781 0 1909 1909 0 1783 1783 0 1908 1908 0 1784 1784 0 1911 1911 0 1910 1910 0 1785 1785 0 1911 1911 0 1784 1784 0 1907 1907 0 1779 1779 0 1784 1784 0 1910 1910 0 1907 1907 0 1784 1784 0 1783 1783 0 1909 1909 0 1912 1912 0 1787 1787 0 1783 1783 0 1912 1912 0 1788 1788 0 1913 1913 0 1914 1914 0 1788 1788 0 1787 1787 0 1913 1913 0 1787 1787 0 1912 1912 0 1913 1913 0 1913 1913 0 1915 1915 0 1914 1914 0 1789 1789 0 1917 1917 0 1916 1916 0 1790 1790 0 1917 1917 0 1789 1789 0 1911 1911 0 1785 1785 0 1789 1789 0 1916 1916 0 1911 1911 0 1789 1789 0 1788 1788 0 1914 1914 0 1792 1792 0 1914 1914 0 1915 1915 0 1918 1918 0 1914 1914 0 1918 1918 0 1792 1792 0 1792 1792 0 1918 1918 0 1793 1793 0 1794 1794 0 1919 1919 0 1920 1920 0 1794 1794 0 1793 1793 0 1919 1919 0 1793 1793 0 1918 1918 0 1919 1919 0 1919 1919 0 1921 1921 0 1920 1920 0 1924 1924 0 1923 1923 0 1922 1922 0 1924 1924 0 1795 1795 0 1796 1796 0 1924 1924 0 1922 1922 0 1795 1795 0 1922 1922 0 1925 1925 0 1795 1795 0 1798 1798 0 1795 1795 0 1926 1926 0 1795 1795 0 1925 1925 0 1926 1926 0 1917 1917 0 1790 1790 0 1798 1798 0 1926 1926 0 1917 1917 0 1798 1798 0 1794 1794 0 1920 1920 0 1799 1799 0 1920 1920 0 1921 1921 0 1927 1927 0 1920 1920 0 1927 1927 0 1799 1799 0 1799 1799 0 1927 1927 0 1800 1800 0 1801 1801 0 1800 1800 0 1928 1928 0 1800 1800 0 1927 1927 0 1928 1928 0 1802 1802 0 1801 1801 0 1929 1929 0 1801 1801 0 1928 1928 0 1929 1929 0 1804 1804 0 1930 1930 0 1931 1931 0 1804 1804 0 1802 1802 0 1930 1930 0 1802 1802 0 1929 1929 0 1930 1930 0 1931 1931 0 1932 1932 0 1933 1933 0 1930 1930 0 1932 1932 0 1931 1931 0 1933 1933 0 1934 1934 0 1935 1935 0 1932 1932 0 1934 1934 0 1933 1933 0 1935 1935 0 1805 1805 0 1806 1806 0 1935 1935 0 1934 1934 0 1805 1805 0 1934 1934 0 1936 1936 0 1805 1805 0 1808 1808 0 1805 1805 0 1937 1937 0 1805 1805 0 1936 1936 0 1937 1937 0 1923 1923 0 1924 1924 0 1809 1809 0 1923 1923 0 1809 1809 0 1937 1937 0 1937 1937 0 1809 1809 0 1808 1808 0 1796 1796 0 1809 1809 0 1924 1924 0 1804 1804 0 1931 1931 0 1810 1810 0 1811 1811 0 1810 1810 0 1931 1931 0 1933 1933 0 1811 1811 0 1931 1931 0 1812 1812 0 1811 1811 0 1933 1933 0 1935 1935 0 1812 1812 0 1933 1933 0 1806 1806 0 1812 1812 0 1935 1935 0 1815 1815 0 1938 1938 0 1816 1816 0 1815 1815 0 1817 1817 0 1939 1939 0 1938 1938 0 1815 1815 0 1939 1939 0 1817 1817 0 1818 1818 0 1940 1940 0 1939 1939 0 1817 1817 0 1940 1940 0 1818 1818 0 1819 1819 0 1941 1941 0 1940 1940 0 1818 1818 0 1941 1941 0 1819 1819 0 1820 1820 0 1942 1942 0 1941 1941 0 1819 1819 0 1942 1942 0 1820 1820 0 1821 1821 0 1943 1943 0 1942 1942 0 1820 1820 0 1943 1943 0 1821 1821 0 1822 1822 0 1943 1943 0 1826 1826 0 1944 1944 0 1827 1827 0 1946 1946 0 1944 1944 0 1826 1826 0 1946 1946 0 1826 1826 0 1945 1945 0 1945 1945 0 1826 1826 0 1828 1828 0 1829 1829 0 1947 1947 0 1828 1828 0 1828 1828 0 1947 1947 0 1945 1945 0 1938 1938 0 1829 1829 0 1816 1816 0 1938 1938 0 1948 1948 0 1829 1829 0 1948 1948 0 1947 1947 0 1829 1829 0 1939 1939 0 1948 1948 0 1938 1938 0 1949 1949 0 1948 1948 0 1939 1939 0 1940 1940 0 1949 1949 0 1939 1939 0 1950 1950 0 1949 1949 0 1940 1940 0 1941 1941 0 1950 1950 0 1940 1940 0 1951 1951 0 1950 1950 0 1941 1941 0 1942 1942 0 1951 1951 0 1941 1941 0 1952 1952 0 1951 1951 0 1942 1942 0 1943 1943 0 1952 1952 0 1942 1942 0 1953 1953 0 1952 1952 0 1943 1943 0 1822 1822 0 1953 1953 0 1943 1943 0 1822 1822 0 1830 1830 0 1953 1953 0 1830 1830 0 1954 1954 0 1953 1953 0 1831 1831 0 1955 1955 0 1830 1830 0 1830 1830 0 1955 1955 0 1954 1954 0 1957 1957 0 1956 1956 0 1955 1955 0 1957 1957 0 1955 1955 0 1832 1832 0 1832 1832 0 1955 1955 0 1831 1831 0 1832 1832 0 1833 1833 0 1957 1957 0 1835 1835 0 1958 1958 0 1836 1836 0 1960 1960 0 1958 1958 0 1835 1835 0 1960 1960 0 1835 1835 0 1959 1959 0 1959 1959 0 1835 1835 0 1837 1837 0 1944 1944 0 1837 1837 0 1827 1827 0 1944 1944 0 1961 1961 0 1837 1837 0 1961 1961 0 1959 1959 0 1837 1837 0 1946 1946 0 1961 1961 0 1944 1944 0 1957 1957 0 1962 1962 0 1956 1956 0 1833 1833 0 1962 1962 0 1957 1957 0 1833 1833 0 1838 1838 0 1962 1962 0 1838 1838 0 1963 1963 0 1962 1962 0 1965 1965 0 1964 1964 0 1963 1963 0 1965 1965 0 1963 1963 0 1839 1839 0 1839 1839 0 1963 1963 0 1838 1838 0 1839 1839 0 1840 1840 0 1965 1965 0 1841 1841 0 1966 1966 0 1842 1842 0 1841 1841 0 1968 1968 0 1966 1966 0 1836 1836 0 1968 1968 0 1841 1841 0 1836 1836 0 1967 1967 0 1968 1968 0 1836 1836 0 1958 1958 0 1967 1967 0 1960 1960 0 1967 1967 0 1958 1958 0 1965 1965 0 1969 1969 0 1964 1964 0 1971 1971 0 1970 1970 0 1969 1969 0 1843 1843 0 1971 1971 0 1969 1969 0 1843 1843 0 1969 1969 0 1965 1965 0 1843 1843 0 1965 1965 0 1840 1840 0 1843 1843 0 1844 1844 0 1971 1971 0 1845 1845 0 1972 1972 0 1846 1846 0 1845 1845 0 1974 1974 0 1972 1972 0 1842 1842 0 1974 1974 0 1845 1845 0 1842 1842 0 1973 1973 0 1974 1974 0 1842 1842 0 1966 1966 0 1973 1973 0 1968 1968 0 1973 1973 0 1966 1966 0 1971 1971 0 1975 1975 0 1970 1970 0 1977 1977 0 1976 1976 0 1975 1975 0 1847 1847 0 1977 1977 0 1975 1975 0 1847 1847 0 1975 1975 0 1971 1971 0 1847 1847 0 1971 1971 0 1844 1844 0 1847 1847 0 1848 1848 0 1977 1977 0 1849 1849 0 1978 1978 0 1850 1850 0 1849 1849 0 1980 1980 0 1978 1978 0 1846 1846 0 1980 1980 0 1849 1849 0 1846 1846 0 1979 1979 0 1980 1980 0 1846 1846 0 1972 1972 0 1979 1979 0 1974 1974 0 1979 1979 0 1972 1972 0 1977 1977 0 1981 1981 0 1976 1976 0 1983 1983 0 1982 1982 0 1981 1981 0 1851 1851 0 1983 1983 0 1981 1981 0 1851 1851 0 1981 1981 0 1977 1977 0 1851 1851 0 1977 1977 0 1848 1848 0 1851 1851 0 1852 1852 0 1983 1983 0 1978 1978 0 1984 1984 0 1985 1985 0 1978 1978 0 1985 1985 0 1850 1850 0 1850 1850 0 1985 1985 0 1854 1854 0 1980 1980 0 1984 1984 0 1978 1978 0 1983 1983 0 1986 1986 0 1982 1982 0 1986 1986 0 1983 1983 0 1852 1852 0 1986 1986 0 1852 1852 0 1987 1987 0 1987 1987 0 1852 1852 0 1855 1855 0 1857 1857 0 1988 1988 0 1858 1858 0 1857 1857 0 1989 1989 0 1988 1988 0 1857 1857 0 1854 1854 0 1989 1989 0 1854 1854 0 1985 1985 0 1989 1989 0 1991 1991 0 1855 1855 0 1859 1859 0 1991 1991 0 1990 1990 0 1855 1855 0 1990 1990 0 1987 1987 0 1855 1855 0 1859 1859 0 1860 1860 0 1991 1991 0 1988 1988 0 1992 1992 0 1993 1993 0 1988 1988 0 1993 1993 0 1858 1858 0 1858 1858 0 1993 1993 0 1862 1862 0 1989 1989 0 1992 1992 0 1988 1988 0 1991 1991 0 1994 1994 0 1990 1990 0 1994 1994 0 1991 1991 0 1860 1860 0 1994 1994 0 1860 1860 0 1995 1995 0 1995 1995 0 1860 1860 0 1863 1863 0 1862 1862 0 1993 1993 0 1866 1866 0 1993 1993 0 1996 1996 0 1866 1866 0 1998 1998 0 1863 1863 0 1867 1867 0 1998 1998 0 1997 1997 0 1863 1863 0 1997 1997 0 1995 1995 0 1863 1863 0 1867 1867 0 1868 1868 0 1998 1998 0 1869 1869 0 1999 1999 0 1870 1870 0 1869 1869 0 2000 2000 0 1999 1999 0 1869 1869 0 1866 1866 0 2000 2000 0 1866 1866 0 1996 1996 0 2000 2000 0 2002 2002 0 1997 1997 0 1998 1998 0 2001 2001 0 1997 1997 0 2002 2002 0 1868 1868 0 1871 1871 0 2002 2002 0 1998 1998 0 1868 1868 0 2002 2002 0 1999 1999 0 2003 2003 0 1872 1872 0 1870 1870 0 1999 1999 0 1872 1872 0 2004 2004 0 1999 1999 0 2000 2000 0 2003 2003 0 1999 1999 0 2004 2004 0 2002 2002 0 2005 2005 0 2001 2001 0 2005 2005 0 2002 2002 0 1871 1871 0 2005 2005 0 1871 1871 0 2006 2006 0 2006 2006 0 1871 1871 0 1873 1873 0 2003 2003 0 2007 2007 0 1874 1874 0 1872 1872 0 2003 2003 0 1874 1874 0 2008 2008 0 2003 2003 0 2004 2004 0 2007 2007 0 2003 2003 0 2008 2008 0 1873 1873 0 1875 1875 0 2006 2006 0 2006 2006 0 1875 1875 0 2009 2009 0 2007 2007 0 2010 2010 0 2011 2011 0 2007 2007 0 2011 2011 0 1874 1874 0 1874 1874 0 2011 2011 0 1876 1876 0 2008 2008 0 2010 2010 0 2007 2007 0 1875 1875 0 1877 1877 0 2009 2009 0 2009 2009 0 1877 1877 0 2012 2012 0 1876 1876 0 2011 2011 0 1878 1878 0 2011 2011 0 2013 2013 0 1878 1878 0 1877 1877 0 1879 1879 0 2012 2012 0 2012 2012 0 1879 1879 0 2014 2014 0 2015 2015 0 2016 2016 0 1880 1880 0 2015 2015 0 1880 1880 0 2013 2013 0 2013 2013 0 1880 1880 0 1878 1878 0 2015 2015 0 2017 2017 0 2016 2016 0 2020 2020 0 2019 2019 0 2018 2018 0 2020 2020 0 2018 2018 0 2014 2014 0 2020 2020 0 2014 2014 0 1881 1881 0 1881 1881 0 2014 2014 0 1879 1879 0 2016 2016 0 2021 2021 0 1882 1882 0 1880 1880 0 2016 2016 0 1882 1882 0 2022 2022 0 2016 2016 0 2017 2017 0 2021 2021 0 2016 2016 0 2022 2022 0 2024 2024 0 2019 2019 0 2020 2020 0 2023 2023 0 2019 2019 0 2024 2024 0 1881 1881 0 1883 1883 0 2024 2024 0 2020 2020 0 1881 1881 0 2024 2024 0 1882 1882 0 2021 2021 0 1884 1884 0 2021 2021 0 1886 1886 0 1884 1884 0 2021 2021 0 2022 2022 0 1886 1886 0 2022 2022 0 2025 2025 0 1886 1886 0 1887 1887 0 2023 2023 0 2024 2024 0 1887 1887 0 1888 1888 0 2023 2023 0 1888 1888 0 2026 2026 0 2023 2023 0 1883 1883 0 1887 1887 0 2024 2024 0 2027 2027 0 2028 2028 0 1890 1890 0 2027 2027 0 1890 1890 0 2025 2025 0 2025 2025 0 1890 1890 0 1886 1886 0 2027 2027 0 2029 2029 0 2028 2028 0 2032 2032 0 2031 2031 0 2030 2030 0 2032 2032 0 2030 2030 0 2026 2026 0 2032 2032 0 2026 2026 0 1891 1891 0 1891 1891 0 2026 2026 0 1888 1888 0 1890 1890 0 2028 2028 0 1892 1892 0 2028 2028 0 1894 1894 0 1892 1892 0 2028 2028 0 2029 2029 0 1894 1894 0 2029 2029 0 2033 2033 0 1894 1894 0 1895 1895 0 2031 2031 0 2032 2032 0 1895 1895 0 1896 1896 0 2031 2031 0 1896 1896 0 2034 2034 0 2031 2031 0 1891 1891 0 1895 1895 0 2032 2032 0 2035 2035 0 2036 2036 0 1898 1898 0 2035 2035 0 1898 1898 0 2033 2033 0 2033 2033 0 1898 1898 0 1894 1894 0 2035 2035 0 2037 2037 0 2036 2036 0 2040 2040 0 2039 2039 0 2038 2038 0 2040 2040 0 2038 2038 0 2034 2034 0 2040 2040 0 2034 2034 0 1899 1899 0 1899 1899 0 2034 2034 0 1896 1896 0 1898 1898 0 2036 2036 0 1900 1900 0 1901 1901 0 2041 2041 0 2042 2042 0 1900 1900 0 2041 2041 0 1901 1901 0 1900 1900 0 2037 2037 0 2041 2041 0 1900 1900 0 2036 2036 0 2037 2037 0 2041 2041 0 2043 2043 0 2042 2042 0 2046 2046 0 2045 2045 0 2044 2044 0 2039 2039 0 2046 2046 0 2044 2044 0 2040 2040 0 2046 2046 0 2039 2039 0 2040 2040 0 1903 1903 0 2046 2046 0 2040 2040 0 1902 1902 0 1903 1903 0 1899 1899 0 1902 1902 0 2040 2040 0 1901 1901 0 2042 2042 0 1904 1904 0 1905 1905 0 2047 2047 0 2048 2048 0 1904 1904 0 2047 2047 0 1905 1905 0 1904 1904 0 2043 2043 0 2047 2047 0 1904 1904 0 2042 2042 0 2043 2043 0 2047 2047 0 2049 2049 0 2048 2048 0 2052 2052 0 2051 2051 0 2050 2050 0 2045 2045 0 2052 2052 0 2050 2050 0 2046 2046 0 2052 2052 0 2045 2045 0 2046 2046 0 1907 1907 0 2052 2052 0 2046 2046 0 1906 1906 0 1907 1907 0 1903 1903 0 1906 1906 0 2046 2046 0 1905 1905 0 2048 2048 0 1908 1908 0 1909 1909 0 2053 2053 0 2054 2054 0 1908 1908 0 2053 2053 0 1909 1909 0 1908 1908 0 2049 2049 0 2053 2053 0 1908 1908 0 2048 2048 0 2049 2049 0 2053 2053 0 2055 2055 0 2054 2054 0 2058 2058 0 2057 2057 0 2056 2056 0 2051 2051 0 2058 2058 0 2056 2056 0 2052 2052 0 2058 2058 0 2051 2051 0 2052 2052 0 1911 1911 0 2058 2058 0 2052 2052 0 1910 1910 0 1911 1911 0 1907 1907 0 1910 1910 0 2052 2052 0 1909 1909 0 2054 2054 0 1912 1912 0 2054 2054 0 2055 2055 0 2059 2059 0 2054 2054 0 2059 2059 0 1912 1912 0 1912 1912 0 2059 2059 0 1913 1913 0 1915 1915 0 2060 2060 0 2061 2061 0 1915 1915 0 1913 1913 0 2060 2060 0 1913 1913 0 2059 2059 0 2060 2060 0 2060 2060 0 2062 2062 0 2061 2061 0 2065 2065 0 2064 2064 0 2063 2063 0 2057 2057 0 2065 2065 0 2063 2063 0 2058 2058 0 2065 2065 0 2057 2057 0 2058 2058 0 1917 1917 0 2065 2065 0 2058 2058 0 1916 1916 0 1917 1917 0 1911 1911 0 1916 1916 0 2058 2058 0 1915 1915 0 2061 2061 0 1918 1918 0 2061 2061 0 2062 2062 0 2066 2066 0 2061 2061 0 2066 2066 0 1918 1918 0 1918 1918 0 2066 2066 0 1919 1919 0 1921 1921 0 2067 2067 0 2068 2068 0 1921 1921 0 1919 1919 0 2067 2067 0 1919 1919 0 2066 2066 0 2067 2067 0 2068 2068 0 2069 2069 0 2070 2070 0 2067 2067 0 2069 2069 0 2068 2068 0 2069 2069 0 2071 2071 0 2070 2070 0 2074 2074 0 2073 2073 0 2072 2072 0 2074 2074 0 2075 2075 0 2076 2076 0 2072 2072 0 2075 2075 0 2074 2074 0 2076 2076 0 1922 1922 0 1923 1923 0 2076 2076 0 2075 2075 0 1922 1922 0 2075 2075 0 2077 2077 0 1922 1922 0 1925 1925 0 1922 1922 0 2078 2078 0 1922 1922 0 2077 2077 0 2078 2078 0 2064 2064 0 2065 2065 0 1926 1926 0 2064 2064 0 1926 1926 0 2078 2078 0 2078 2078 0 1926 1926 0 1925 1925 0 1917 1917 0 1926 1926 0 2065 2065 0 1921 1921 0 2068 2068 0 1927 1927 0 1928 1928 0 1927 1927 0 2068 2068 0 2070 2070 0 1928 1928 0 2068 2068 0 2070 2070 0 2071 2071 0 2079 2079 0 2070 2070 0 2079 2079 0 1928 1928 0 1928 1928 0 2079 2079 0 1929 1929 0 1930 1930 0 1929 1929 0 2080 2080 0 1929 1929 0 2079 2079 0 2080 2080 0 1932 1932 0 1930 1930 0 2081 2081 0 1930 1930 0 2080 2080 0 2081 2081 0 1934 1934 0 1932 1932 0 2082 2082 0 1932 1932 0 2081 2081 0 2082 2082 0 2073 2073 0 2074 2074 0 1936 1936 0 2073 2073 0 1936 1936 0 2082 2082 0 2082 2082 0 1936 1936 0 1934 1934 0 1937 1937 0 1936 1936 0 2074 2074 0 2076 2076 0 1937 1937 0 2074 2074 0 1923 1923 0 1937 1937 0 2076 2076 0 1945 1945 0 2083 2083 0 1946 1946 0 2085 2085 0 2083 2083 0 1945 1945 0 2085 2085 0 1945 1945 0 2084 2084 0 2084 2084 0 1945 1945 0 1947 1947 0 1948 1948 0 2086 2086 0 1947 1947 0 1947 1947 0 2086 2086 0 2084 2084 0 1949 1949 0 2087 2087 0 1948 1948 0 1948 1948 0 2087 2087 0 2086 2086 0 1950 1950 0 2088 2088 0 1949 1949 0 1949 1949 0 2088 2088 0 2087 2087 0 1951 1951 0 2089 2089 0 1950 1950 0 1950 1950 0 2089 2089 0 2088 2088 0 1952 1952 0 2090 2090 0 1951 1951 0 1951 1951 0 2090 2090 0 2089 2089 0 1953 1953 0 2091 2091 0 1952 1952 0 1952 1952 0 2091 2091 0 2090 2090 0 1954 1954 0 2092 2092 0 1953 1953 0 1953 1953 0 2092 2092 0 2091 2091 0 2094 2094 0 2093 2093 0 2092 2092 0 2094 2094 0 2092 2092 0 1955 1955 0 1955 1955 0 2092 2092 0 1954 1954 0 1955 1955 0 1956 1956 0 2094 2094 0 1959 1959 0 2095 2095 0 1960 1960 0 2097 2097 0 2095 2095 0 1959 1959 0 2097 2097 0 1959 1959 0 2096 2096 0 2096 2096 0 1959 1959 0 1961 1961 0 2083 2083 0 1961 1961 0 1946 1946 0 2083 2083 0 2098 2098 0 1961 1961 0 2098 2098 0 2096 2096 0 1961 1961 0 2085 2085 0 2098 2098 0 2083 2083 0 2094 2094 0 2099 2099 0 2093 2093 0 1956 1956 0 2099 2099 0 2094 2094 0 1956 1956 0 1962 1962 0 2099 2099 0 1962 1962 0 2100 2100 0 2099 2099 0 2102 2102 0 2101 2101 0 2100 2100 0 2102 2102 0 2100 2100 0 1963 1963 0 1963 1963 0 2100 2100 0 1962 1962 0 1963 1963 0 1964 1964 0 2102 2102 0 1967 1967 0 2103 2103 0 1968 1968 0 1967 1967 0 2105 2105 0 2103 2103 0 1960 1960 0 2105 2105 0 1967 1967 0 1960 1960 0 2104 2104 0 2105 2105 0 1960 1960 0 2095 2095 0 2104 2104 0 2097 2097 0 2104 2104 0 2095 2095 0 2102 2102 0 2106 2106 0 2101 2101 0 2108 2108 0 2107 2107 0 2106 2106 0 1969 1969 0 2108 2108 0 2106 2106 0 1969 1969 0 2106 2106 0 2102 2102 0 1969 1969 0 2102 2102 0 1964 1964 0 1969 1969 0 1970 1970 0 2108 2108 0 1973 1973 0 2109 2109 0 2110 2110 0 1974 1974 0 1973 1973 0 2110 2110 0 2103 2103 0 1973 1973 0 1968 1968 0 2103 2103 0 2111 2111 0 1973 1973 0 2111 2111 0 2109 2109 0 1973 1973 0 2105 2105 0 2111 2111 0 2103 2103 0 2108 2108 0 2112 2112 0 2107 2107 0 1970 1970 0 2112 2112 0 2108 2108 0 1970 1970 0 1975 1975 0 2112 2112 0 1975 1975 0 2113 2113 0 2112 2112 0 2113 2113 0 1975 1975 0 1976 1976 0 2114 2114 0 2113 2113 0 1976 1976 0 1979 1979 0 2115 2115 0 2116 2116 0 1980 1980 0 1979 1979 0 2116 2116 0 2110 2110 0 1979 1979 0 1974 1974 0 2115 2115 0 1979 1979 0 2110 2110 0 2118 2118 0 1976 1976 0 1981 1981 0 2118 2118 0 2117 2117 0 1976 1976 0 2117 2117 0 2114 2114 0 1976 1976 0 1981 1981 0 1982 1982 0 2118 2118 0 1984 1984 0 2119 2119 0 1985 1985 0 1984 1984 0 2120 2120 0 2119 2119 0 1984 1984 0 1980 1980 0 2120 2120 0 1980 1980 0 2116 2116 0 2120 2120 0 2118 2118 0 2121 2121 0 2117 2117 0 2123 2123 0 2122 2122 0 2121 2121 0 1986 1986 0 2123 2123 0 2121 2121 0 1986 1986 0 2121 2121 0 2118 2118 0 1986 1986 0 2118 2118 0 1982 1982 0 1986 1986 0 1987 1987 0 2123 2123 0 2119 2119 0 2124 2124 0 2125 2125 0 2119 2119 0 2125 2125 0 1985 1985 0 1985 1985 0 2125 2125 0 1989 1989 0 2120 2120 0 2124 2124 0 2119 2119 0 2123 2123 0 2126 2126 0 2122 2122 0 2126 2126 0 2123 2123 0 1987 1987 0 2126 2126 0 1987 1987 0 2127 2127 0 2127 2127 0 1987 1987 0 1990 1990 0 1992 1992 0 2128 2128 0 1993 1993 0 1992 1992 0 2129 2129 0 2128 2128 0 1992 1992 0 1989 1989 0 2129 2129 0 1989 1989 0 2125 2125 0 2129 2129 0 2131 2131 0 1990 1990 0 1994 1994 0 2131 2131 0 2130 2130 0 1990 1990 0 2130 2130 0 2127 2127 0 1990 1990 0 1994 1994 0 1995 1995 0 2131 2131 0 2128 2128 0 2132 2132 0 2133 2133 0 2128 2128 0 2133 2133 0 1993 1993 0 1993 1993 0 2133 2133 0 1996 1996 0 2129 2129 0 2132 2132 0 2128 2128 0 2131 2131 0 2134 2134 0 2130 2130 0 2134 2134 0 2131 2131 0 1995 1995 0 2134 2134 0 1995 1995 0 2135 2135 0 2135 2135 0 1995 1995 0 1997 1997 0 1996 1996 0 2133 2133 0 2000 2000 0 2133 2133 0 2136 2136 0 2000 2000 0 1997 1997 0 2001 2001 0 2135 2135 0 2135 2135 0 2001 2001 0 2137 2137 0 2000 2000 0 2136 2136 0 2004 2004 0 2136 2136 0 2138 2138 0 2004 2004 0 2140 2140 0 2001 2001 0 2005 2005 0 2140 2140 0 2139 2139 0 2001 2001 0 2139 2139 0 2137 2137 0 2001 2001 0 2005 2005 0 2006 2006 0 2140 2140 0 2004 2004 0 2138 2138 0 2008 2008 0 2138 2138 0 2141 2141 0 2008 2008 0 2143 2143 0 2139 2139 0 2140 2140 0 2142 2142 0 2139 2139 0 2143 2143 0 2006 2006 0 2009 2009 0 2143 2143 0 2140 2140 0 2006 2006 0 2143 2143 0 2010 2010 0 2144 2144 0 2011 2011 0 2010 2010 0 2145 2145 0 2144 2144 0 2010 2010 0 2008 2008 0 2145 2145 0 2008 2008 0 2141 2141 0 2145 2145 0 2147 2147 0 2142 2142 0 2143 2143 0 2146 2146 0 2142 2142 0 2147 2147 0 2009 2009 0 2012 2012 0 2147 2147 0 2143 2143 0 2009 2009 0 2147 2147 0 2144 2144 0 2148 2148 0 2013 2013 0 2011 2011 0 2144 2144 0 2013 2013 0 2149 2149 0 2144 2144 0 2145 2145 0 2148 2148 0 2144 2144 0 2149 2149 0 2151 2151 0 2146 2146 0 2147 2147 0 2150 2150 0 2146 2146 0 2151 2151 0 2012 2012 0 2014 2014 0 2151 2151 0 2147 2147 0 2012 2012 0 2151 2151 0 2013 2013 0 2148 2148 0 2015 2015 0 2148 2148 0 2017 2017 0 2015 2015 0 2148 2148 0 2149 2149 0 2017 2017 0 2149 2149 0 2152 2152 0 2017 2017 0 2018 2018 0 2150 2150 0 2151 2151 0 2018 2018 0 2019 2019 0 2150 2150 0 2019 2019 0 2153 2153 0 2150 2150 0 2014 2014 0 2018 2018 0 2151 2151 0 2017 2017 0 2152 2152 0 2022 2022 0 2152 2152 0 2154 2154 0 2022 2022 0 2019 2019 0 2023 2023 0 2153 2153 0 2153 2153 0 2023 2023 0 2155 2155 0 2156 2156 0 2157 2157 0 2025 2025 0 2156 2156 0 2025 2025 0 2154 2154 0 2154 2154 0 2025 2025 0 2022 2022 0 2156 2156 0 2158 2158 0 2157 2157 0 2161 2161 0 2160 2160 0 2159 2159 0 2161 2161 0 2159 2159 0 2155 2155 0 2161 2161 0 2155 2155 0 2026 2026 0 2026 2026 0 2155 2155 0 2023 2023 0 2025 2025 0 2157 2157 0 2027 2027 0 2157 2157 0 2029 2029 0 2027 2027 0 2157 2157 0 2158 2158 0 2029 2029 0 2158 2158 0 2162 2162 0 2029 2029 0 2030 2030 0 2160 2160 0 2161 2161 0 2030 2030 0 2031 2031 0 2160 2160 0 2031 2031 0 2163 2163 0 2160 2160 0 2026 2026 0 2030 2030 0 2161 2161 0 2164 2164 0 2165 2165 0 2033 2033 0 2164 2164 0 2033 2033 0 2162 2162 0 2162 2162 0 2033 2033 0 2029 2029 0 2164 2164 0 2166 2166 0 2165 2165 0 2169 2169 0 2168 2168 0 2167 2167 0 2169 2169 0 2167 2167 0 2163 2163 0 2169 2169 0 2163 2163 0 2034 2034 0 2034 2034 0 2163 2163 0 2031 2031 0 2033 2033 0 2165 2165 0 2035 2035 0 2165 2165 0 2037 2037 0 2035 2035 0 2165 2165 0 2166 2166 0 2037 2037 0 2166 2166 0 2170 2170 0 2037 2037 0 2173 2173 0 2172 2172 0 2171 2171 0 2168 2168 0 2173 2173 0 2171 2171 0 2169 2169 0 2173 2173 0 2168 2168 0 2169 2169 0 2039 2039 0 2173 2173 0 2169 2169 0 2038 2038 0 2039 2039 0 2034 2034 0 2038 2038 0 2169 2169 0 2037 2037 0 2170 2170 0 2174 2174 0 2041 2041 0 2037 2037 0 2174 2174 0 2174 2174 0 2043 2043 0 2041 2041 0 2175 2175 0 2043 2043 0 2174 2174 0 2044 2044 0 2172 2172 0 2173 2173 0 2044 2044 0 2045 2045 0 2172 2172 0 2045 2045 0 2176 2176 0 2172 2172 0 2039 2039 0 2044 2044 0 2173 2173 0 2043 2043 0 2175 2175 0 2177 2177 0 2047 2047 0 2043 2043 0 2177 2177 0 2177 2177 0 2049 2049 0 2047 2047 0 2178 2178 0 2049 2049 0 2177 2177 0 2050 2050 0 2180 2180 0 2179 2179 0 2051 2051 0 2180 2180 0 2050 2050 0 2176 2176 0 2045 2045 0 2050 2050 0 2179 2179 0 2176 2176 0 2050 2050 0 2049 2049 0 2178 2178 0 2181 2181 0 2053 2053 0 2049 2049 0 2181 2181 0 2055 2055 0 2182 2182 0 2183 2183 0 2055 2055 0 2053 2053 0 2182 2182 0 2053 2053 0 2181 2181 0 2182 2182 0 2182 2182 0 2184 2184 0 2183 2183 0 2187 2187 0 2186 2186 0 2185 2185 0 2187 2187 0 2056 2056 0 2057 2057 0 2187 2187 0 2185 2185 0 2056 2056 0 2185 2185 0 2188 2188 0 2056 2056 0 2180 2180 0 2051 2051 0 2056 2056 0 2188 2188 0 2180 2180 0 2056 2056 0 2055 2055 0 2183 2183 0 2059 2059 0 2183 2183 0 2184 2184 0 2189 2189 0 2183 2183 0 2189 2189 0 2059 2059 0 2059 2059 0 2189 2189 0 2060 2060 0 2062 2062 0 2190 2190 0 2191 2191 0 2062 2062 0 2060 2060 0 2190 2190 0 2060 2060 0 2189 2189 0 2190 2190 0 2190 2190 0 2192 2192 0 2191 2191 0 2195 2195 0 2194 2194 0 2193 2193 0 2195 2195 0 2196 2196 0 2197 2197 0 2193 2193 0 2196 2196 0 2195 2195 0 2186 2186 0 2197 2197 0 2196 2196 0 2187 2187 0 2197 2197 0 2186 2186 0 2187 2187 0 2064 2064 0 2197 2197 0 2187 2187 0 2063 2063 0 2064 2064 0 2057 2057 0 2063 2063 0 2187 2187 0 2062 2062 0 2191 2191 0 2066 2066 0 2191 2191 0 2192 2192 0 2198 2198 0 2191 2191 0 2198 2198 0 2066 2066 0 2066 2066 0 2198 2198 0 2067 2067 0 2069 2069 0 2067 2067 0 2199 2199 0 2067 2067 0 2198 2198 0 2199 2199 0 2071 2071 0 2200 2200 0 2201 2201 0 2071 2071 0 2069 2069 0 2200 2200 0 2069 2069 0 2199 2199 0 2200 2200 0 2201 2201 0 2202 2202 0 2203 2203 0 2200 2200 0 2202 2202 0 2201 2201 0 2203 2203 0 2204 2204 0 2205 2205 0 2202 2202 0 2204 2204 0 2203 2203 0 2205 2205 0 2206 2206 0 2207 2207 0 2204 2204 0 2206 2206 0 2205 2205 0 2207 2207 0 2072 2072 0 2073 2073 0 2207 2207 0 2206 2206 0 2072 2072 0 2206 2206 0 2208 2208 0 2072 2072 0 2075 2075 0 2072 2072 0 2209 2209 0 2072 2072 0 2208 2208 0 2209 2209 0 2194 2194 0 2195 2195 0 2077 2077 0 2194 2194 0 2077 2077 0 2209 2209 0 2209 2209 0 2077 2077 0 2075 2075 0 2078 2078 0 2077 2077 0 2195 2195 0 2197 2197 0 2078 2078 0 2195 2195 0 2064 2064 0 2078 2078 0 2197 2197 0 2071 2071 0 2201 2201 0 2079 2079 0 2080 2080 0 2079 2079 0 2201 2201 0 2203 2203 0 2080 2080 0 2201 2201 0 2081 2081 0 2080 2080 0 2203 2203 0 2205 2205 0 2081 2081 0 2203 2203 0 2082 2082 0 2081 2081 0 2205 2205 0 2207 2207 0 2082 2082 0 2205 2205 0 2073 2073 0 2082 2082 0 2207 2207 0 2084 2084 0 2210 2210 0 2085 2085 0 2084 2084 0 2086 2086 0 2211 2211 0 2210 2210 0 2084 2084 0 2211 2211 0 2086 2086 0 2087 2087 0 2212 2212 0 2211 2211 0 2086 2086 0 2212 2212 0 2214 2214 0 2212 2212 0 2087 2087 0 2214 2214 0 2087 2087 0 2213 2213 0 2213 2213 0 2087 2087 0 2088 2088 0 2089 2089 0 2215 2215 0 2088 2088 0 2088 2088 0 2215 2215 0 2213 2213 0 2217 2217 0 2216 2216 0 2215 2215 0 2217 2217 0 2215 2215 0 2090 2090 0 2090 2090 0 2215 2215 0 2089 2089 0 2090 2090 0 2091 2091 0 2218 2218 0 2217 2217 0 2090 2090 0 2218 2218 0 2091 2091 0 2092 2092 0 2219 2219 0 2218 2218 0 2091 2091 0 2219 2219 0 2092 2092 0 2093 2093 0 2219 2219 0 2096 2096 0 2220 2220 0 2097 2097 0 2222 2222 0 2220 2220 0 2096 2096 0 2222 2222 0 2096 2096 0 2221 2221 0 2221 2221 0 2096 2096 0 2098 2098 0 2210 2210 0 2098 2098 0 2085 2085 0 2210 2210 0 2223 2223 0 2098 2098 0 2223 2223 0 2221 2221 0 2098 2098 0 2211 2211 0 2223 2223 0 2210 2210 0 2224 2224 0 2223 2223 0 2211 2211 0 2212 2212 0 2224 2224 0 2211 2211 0 2225 2225 0 2224 2224 0 2212 2212 0 2214 2214 0 2225 2225 0 2212 2212 0 2217 2217 0 2226 2226 0 2216 2216 0 2218 2218 0 2226 2226 0 2217 2217 0 2227 2227 0 2226 2226 0 2218 2218 0 2219 2219 0 2227 2227 0 2218 2218 0 2228 2228 0 2227 2227 0 2219 2219 0 2093 2093 0 2228 2228 0 2219 2219 0 2093 2093 0 2099 2099 0 2228 2228 0 2099 2099 0 2229 2229 0 2228 2228 0 2231 2231 0 2230 2230 0 2229 2229 0 2231 2231 0 2229 2229 0 2100 2100 0 2100 2100 0 2229 2229 0 2099 2099 0 2100 2100 0 2101 2101 0 2231 2231 0 2104 2104 0 2232 2232 0 2105 2105 0 2104 2104 0 2234 2234 0 2232 2232 0 2097 2097 0 2234 2234 0 2104 2104 0 2097 2097 0 2233 2233 0 2234 2234 0 2097 2097 0 2220 2220 0 2233 2233 0 2222 2222 0 2233 2233 0 2220 2220 0 2231 2231 0 2235 2235 0 2230 2230 0 2237 2237 0 2236 2236 0 2235 2235 0 2106 2106 0 2237 2237 0 2235 2235 0 2106 2106 0 2235 2235 0 2231 2231 0 2106 2106 0 2231 2231 0 2101 2101 0 2106 2106 0 2107 2107 0 2237 2237 0 2109 2109 0 2238 2238 0 2110 2110 0 2240 2240 0 2238 2238 0 2109 2109 0 2240 2240 0 2109 2109 0 2239 2239 0 2239 2239 0 2109 2109 0 2111 2111 0 2232 2232 0 2111 2111 0 2105 2105 0 2232 2232 0 2241 2241 0 2111 2111 0 2241 2241 0 2239 2239 0 2111 2111 0 2234 2234 0 2241 2241 0 2232 2232 0 2237 2237 0 2242 2242 0 2236 2236 0 2107 2107 0 2242 2242 0 2237 2237 0 2107 2107 0 2112 2112 0 2242 2242 0 2112 2112 0 2243 2243 0 2242 2242 0 2245 2245 0 2244 2244 0 2243 2243 0 2245 2245 0 2243 2243 0 2113 2113 0 2113 2113 0 2243 2243 0 2112 2112 0 2113 2113 0 2114 2114 0 2245 2245 0 2115 2115 0 2246 2246 0 2116 2116 0 2115 2115 0 2248 2248 0 2246 2246 0 2110 2110 0 2248 2248 0 2115 2115 0 2110 2110 0 2247 2247 0 2248 2248 0 2110 2110 0 2238 2238 0 2247 2247 0 2240 2240 0 2247 2247 0 2238 2238 0 2245 2245 0 2249 2249 0 2244 2244 0 2249 2249 0 2245 2245 0 2114 2114 0 2249 2249 0 2114 2114 0 2250 2250 0 2250 2250 0 2114 2114 0 2117 2117 0 2246 2246 0 2251 2251 0 2120 2120 0 2116 2116 0 2246 2246 0 2120 2120 0 2252 2252 0 2246 2246 0 2248 2248 0 2251 2251 0 2246 2246 0 2252 2252 0 2254 2254 0 2117 2117 0 2121 2121 0 2254 2254 0 2253 2253 0 2117 2117 0 2253 2253 0 2250 2250 0 2117 2117 0 2121 2121 0 2122 2122 0 2254 2254 0 2124 2124 0 2255 2255 0 2125 2125 0 2124 2124 0 2257 2257 0 2255 2255 0 2120 2120 0 2257 2257 0 2124 2124 0 2120 2120 0 2256 2256 0 2257 2257 0 2120 2120 0 2251 2251 0 2256 2256 0 2252 2252 0 2256 2256 0 2251 2251 0 2254 2254 0 2258 2258 0 2253 2253 0 2260 2260 0 2259 2259 0 2258 2258 0 2126 2126 0 2260 2260 0 2258 2258 0 2126 2126 0 2258 2258 0 2254 2254 0 2126 2126 0 2254 2254 0 2122 2122 0 2126 2126 0 2127 2127 0 2260 2260 0 2255 2255 0 2261 2261 0 2262 2262 0 2255 2255 0 2262 2262 0 2125 2125 0 2125 2125 0 2262 2262 0 2129 2129 0 2257 2257 0 2261 2261 0 2255 2255 0 2260 2260 0 2263 2263 0 2259 2259 0 2263 2263 0 2260 2260 0 2127 2127 0 2263 2263 0 2127 2127 0 2264 2264 0 2264 2264 0 2127 2127 0 2130 2130 0 2132 2132 0 2265 2265 0 2133 2133 0 2132 2132 0 2266 2266 0 2265 2265 0 2132 2132 0 2129 2129 0 2266 2266 0 2129 2129 0 2262 2262 0 2266 2266 0 2268 2268 0 2130 2130 0 2134 2134 0 2268 2268 0 2267 2267 0 2130 2130 0 2267 2267 0 2264 2264 0 2130 2130 0 2134 2134 0 2135 2135 0 2268 2268 0 2265 2265 0 2269 2269 0 2136 2136 0 2133 2133 0 2265 2265 0 2136 2136 0 2270 2270 0 2265 2265 0 2266 2266 0 2269 2269 0 2265 2265 0 2270 2270 0 2272 2272 0 2267 2267 0 2268 2268 0 2271 2271 0 2267 2267 0 2272 2272 0 2135 2135 0 2137 2137 0 2272 2272 0 2268 2268 0 2135 2135 0 2272 2272 0 2269 2269 0 2273 2273 0 2138 2138 0 2136 2136 0 2269 2269 0 2138 2138 0 2274 2274 0 2269 2269 0 2270 2270 0 2273 2273 0 2269 2269 0 2274 2274 0 2276 2276 0 2271 2271 0 2272 2272 0 2275 2275 0 2271 2271 0 2276 2276 0 2137 2137 0 2139 2139 0 2276 2276 0 2272 2272 0 2137 2137 0 2276 2276 0 2273 2273 0 2277 2277 0 2141 2141 0 2138 2138 0 2273 2273 0 2141 2141 0 2278 2278 0 2273 2273 0 2274 2274 0 2277 2277 0 2273 2273 0 2278 2278 0 2276 2276 0 2279 2279 0 2275 2275 0 2279 2279 0 2276 2276 0 2139 2139 0 2279 2279 0 2139 2139 0 2280 2280 0 2280 2280 0 2139 2139 0 2142 2142 0 2277 2277 0 2281 2281 0 2282 2282 0 2277 2277 0 2282 2282 0 2141 2141 0 2141 2141 0 2282 2282 0 2145 2145 0 2278 2278 0 2281 2281 0 2277 2277 0 2142 2142 0 2146 2146 0 2280 2280 0 2280 2280 0 2146 2146 0 2283 2283 0 2145 2145 0 2282 2282 0 2149 2149 0 2282 2282 0 2284 2284 0 2149 2149 0 2287 2287 0 2286 2286 0 2285 2285 0 2287 2287 0 2285 2285 0 2283 2283 0 2287 2287 0 2283 2283 0 2150 2150 0 2150 2150 0 2283 2283 0 2146 2146 0 2288 2288 0 2289 2289 0 2152 2152 0 2288 2288 0 2152 2152 0 2284 2284 0 2284 2284 0 2152 2152 0 2149 2149 0 2288 2288 0 2290 2290 0 2289 2289 0 2292 2292 0 2286 2286 0 2287 2287 0 2291 2291 0 2286 2286 0 2292 2292 0 2150 2150 0 2153 2153 0 2292 2292 0 2287 2287 0 2150 2150 0 2292 2292 0 2289 2289 0 2293 2293 0 2154 2154 0 2152 2152 0 2289 2289 0 2154 2154 0 2294 2294 0 2289 2289 0 2290 2290 0 2293 2293 0 2289 2289 0 2294 2294 0 2296 2296 0 2291 2291 0 2292 2292 0 2295 2295 0 2291 2291 0 2296 2296 0 2153 2153 0 2155 2155 0 2296 2296 0 2292 2292 0 2153 2153 0 2296 2296 0 2154 2154 0 2293 2293 0 2156 2156 0 2293 2293 0 2158 2158 0 2156 2156 0 2293 2293 0 2294 2294 0 2158 2158 0 2294 2294 0 2297 2297 0 2158 2158 0 2159 2159 0 2295 2295 0 2296 2296 0 2159 2159 0 2160 2160 0 2295 2295 0 2160 2160 0 2298 2298 0 2295 2295 0 2155 2155 0 2159 2159 0 2296 2296 0 2299 2299 0 2300 2300 0 2162 2162 0 2299 2299 0 2162 2162 0 2297 2297 0 2297 2297 0 2162 2162 0 2158 2158 0 2299 2299 0 2301 2301 0 2300 2300 0 2304 2304 0 2303 2303 0 2302 2302 0 2304 2304 0 2302 2302 0 2298 2298 0 2304 2304 0 2298 2298 0 2163 2163 0 2163 2163 0 2298 2298 0 2160 2160 0 2162 2162 0 2300 2300 0 2164 2164 0 2166 2166 0 2305 2305 0 2306 2306 0 2164 2164 0 2305 2305 0 2166 2166 0 2164 2164 0 2301 2301 0 2305 2305 0 2164 2164 0 2300 2300 0 2301 2301 0 2305 2305 0 2307 2307 0 2306 2306 0 2310 2310 0 2309 2309 0 2308 2308 0 2303 2303 0 2310 2310 0 2308 2308 0 2304 2304 0 2310 2310 0 2303 2303 0 2304 2304 0 2168 2168 0 2310 2310 0 2304 2304 0 2167 2167 0 2168 2168 0 2163 2163 0 2167 2167 0 2304 2304 0 2306 2306 0 2311 2311 0 2170 2170 0 2166 2166 0 2306 2306 0 2170 2170 0 2312 2312 0 2306 2306 0 2307 2307 0 2311 2311 0 2306 2306 0 2312 2312 0 2171 2171 0 2309 2309 0 2310 2310 0 2171 2171 0 2172 2172 0 2309 2309 0 2172 2172 0 2313 2313 0 2309 2309 0 2168 2168 0 2171 2171 0 2310 2310 0 2170 2170 0 2311 2311 0 2174 2174 0 2175 2175 0 2314 2314 0 2315 2315 0 2174 2174 0 2314 2314 0 2175 2175 0 2174 2174 0 2312 2312 0 2314 2314 0 2174 2174 0 2311 2311 0 2312 2312 0 2314 2314 0 2316 2316 0 2315 2315 0 2319 2319 0 2318 2318 0 2317 2317 0 2319 2319 0 2317 2317 0 2313 2313 0 2319 2319 0 2313 2313 0 2176 2176 0 2176 2176 0 2313 2313 0 2172 2172 0 2175 2175 0 2315 2315 0 2177 2177 0 2178 2178 0 2320 2320 0 2321 2321 0 2177 2177 0 2320 2320 0 2178 2178 0 2177 2177 0 2316 2316 0 2320 2320 0 2177 2177 0 2315 2315 0 2316 2316 0 2321 2321 0 2322 2322 0 2323 2323 0 2320 2320 0 2322 2322 0 2321 2321 0 2322 2322 0 2324 2324 0 2323 2323 0 2327 2327 0 2326 2326 0 2325 2325 0 2327 2327 0 2328 2328 0 2329 2329 0 2325 2325 0 2328 2328 0 2327 2327 0 2318 2318 0 2329 2329 0 2328 2328 0 2319 2319 0 2329 2329 0 2318 2318 0 2319 2319 0 2180 2180 0 2329 2329 0 2319 2319 0 2179 2179 0 2180 2180 0 2176 2176 0 2179 2179 0 2319 2319 0 2178 2178 0 2321 2321 0 2181 2181 0 2182 2182 0 2181 2181 0 2321 2321 0 2323 2323 0 2182 2182 0 2321 2321 0 2184 2184 0 2330 2330 0 2331 2331 0 2182 2182 0 2330 2330 0 2184 2184 0 2182 2182 0 2324 2324 0 2330 2330 0 2182 2182 0 2323 2323 0 2324 2324 0 2330 2330 0 2332 2332 0 2331 2331 0 2335 2335 0 2334 2334 0 2333 2333 0 2326 2326 0 2335 2335 0 2333 2333 0 2327 2327 0 2335 2335 0 2326 2326 0 2327 2327 0 2186 2186 0 2335 2335 0 2327 2327 0 2185 2185 0 2186 2186 0 2188 2188 0 2185 2185 0 2327 2327 0 2329 2329 0 2188 2188 0 2327 2327 0 2180 2180 0 2188 2188 0 2329 2329 0 2184 2184 0 2331 2331 0 2189 2189 0 2331 2331 0 2332 2332 0 2336 2336 0 2331 2331 0 2336 2336 0 2189 2189 0 2189 2189 0 2336 2336 0 2190 2190 0 2192 2192 0 2337 2337 0 2338 2338 0 2192 2192 0 2190 2190 0 2337 2337 0 2190 2190 0 2336 2336 0 2337 2337 0 2338 2338 0 2339 2339 0 2340 2340 0 2337 2337 0 2339 2339 0 2338 2338 0 2340 2340 0 2341 2341 0 2342 2342 0 2339 2339 0 2341 2341 0 2340 2340 0 2341 2341 0 2343 2343 0 2342 2342 0 2346 2346 0 2345 2345 0 2344 2344 0 2346 2346 0 2347 2347 0 2348 2348 0 2344 2344 0 2347 2347 0 2346 2346 0 2348 2348 0 2349 2349 0 2350 2350 0 2347 2347 0 2349 2349 0 2348 2348 0 2350 2350 0 2193 2193 0 2194 2194 0 2350 2350 0 2349 2349 0 2193 2193 0 2349 2349 0 2351 2351 0 2193 2193 0 2334 2334 0 2335 2335 0 2196 2196 0 2334 2334 0 2196 2196 0 2351 2351 0 2351 2351 0 2196 2196 0 2193 2193 0 2186 2186 0 2196 2196 0 2335 2335 0 2192 2192 0 2338 2338 0 2198 2198 0 2199 2199 0 2198 2198 0 2338 2338 0 2340 2340 0 2199 2199 0 2338 2338 0 2200 2200 0 2199 2199 0 2340 2340 0 2342 2342 0 2200 2200 0 2340 2340 0 2342 2342 0 2343 2343 0 2352 2352 0 2342 2342 0 2352 2352 0 2200 2200 0 2200 2200 0 2352 2352 0 2202 2202 0 2204 2204 0 2202 2202 0 2353 2353 0 2202 2202 0 2352 2352 0 2353 2353 0 2345 2345 0 2346 2346 0 2206 2206 0 2345 2345 0 2206 2206 0 2353 2353 0 2353 2353 0 2206 2206 0 2204 2204 0 2208 2208 0 2206 2206 0 2346 2346 0 2348 2348 0 2208 2208 0 2346 2346 0 2209 2209 0 2208 2208 0 2348 2348 0 2350 2350 0 2209 2209 0 2348 2348 0 2194 2194 0 2209 2209 0 2350 2350 0 2213 2213 0 2354 2354 0 2214 2214 0 2213 2213 0 2215 2215 0 2355 2355 0 2354 2354 0 2213 2213 0 2355 2355 0 2215 2215 0 2216 2216 0 2355 2355 0 2221 2221 0 2356 2356 0 2222 2222 0 2221 2221 0 2223 2223 0 2357 2357 0 2356 2356 0 2221 2221 0 2357 2357 0 2359 2359 0 2357 2357 0 2223 2223 0 2359 2359 0 2223 2223 0 2358 2358 0 2358 2358 0 2223 2223 0 2224 2224 0 2225 2225 0 2360 2360 0 2224 2224 0 2224 2224 0 2360 2360 0 2358 2358 0 2354 2354 0 2225 2225 0 2214 2214 0 2354 2354 0 2361 2361 0 2225 2225 0 2361 2361 0 2360 2360 0 2225 2225 0 2355 2355 0 2361 2361 0 2354 2354 0 2362 2362 0 2361 2361 0 2355 2355 0 2216 2216 0 2362 2362 0 2355 2355 0 2216 2216 0 2226 2226 0 2362 2362 0 2226 2226 0 2363 2363 0 2362 2362 0 2365 2365 0 2364 2364 0 2363 2363 0 2365 2365 0 2363 2363 0 2227 2227 0 2227 2227 0 2363 2363 0 2226 2226 0 2227 2227 0 2228 2228 0 2366 2366 0 2365 2365 0 2227 2227 0 2366 2366 0 2228 2228 0 2229 2229 0 2367 2367 0 2366 2366 0 2228 2228 0 2367 2367 0 2229 2229 0 2230 2230 0 2367 2367 0 2233 2233 0 2368 2368 0 2234 2234 0 2233 2233 0 2370 2370 0 2368 2368 0 2222 2222 0 2370 2370 0 2233 2233 0 2222 2222 0 2369 2369 0 2370 2370 0 2222 2222 0 2356 2356 0 2369 2369 0 2357 2357 0 2369 2369 0 2356 2356 0 2371 2371 0 2369 2369 0 2357 2357 0 2359 2359 0 2371 2371 0 2357 2357 0 2365 2365 0 2372 2372 0 2364 2364 0 2366 2366 0 2372 2372 0 2365 2365 0 2373 2373 0 2372 2372 0 2366 2366 0 2367 2367 0 2373 2373 0 2366 2366 0 2374 2374 0 2373 2373 0 2367 2367 0 2376 2376 0 2375 2375 0 2374 2374 0 2235 2235 0 2376 2376 0 2374 2374 0 2235 2235 0 2374 2374 0 2367 2367 0 2235 2235 0 2367 2367 0 2230 2230 0 2235 2235 0 2236 2236 0 2376 2376 0 2239 2239 0 2377 2377 0 2240 2240 0 2239 2239 0 2241 2241 0 2378 2378 0 2377 2377 0 2239 2239 0 2378 2378 0 2241 2241 0 2380 2380 0 2378 2378 0 2234 2234 0 2380 2380 0 2241 2241 0 2234 2234 0 2379 2379 0 2380 2380 0 2234 2234 0 2368 2368 0 2379 2379 0 2370 2370 0 2379 2379 0 2368 2368 0 2376 2376 0 2381 2381 0 2375 2375 0 2383 2383 0 2382 2382 0 2381 2381 0 2242 2242 0 2383 2383 0 2381 2381 0 2242 2242 0 2381 2381 0 2376 2376 0 2242 2242 0 2376 2376 0 2236 2236 0 2242 2242 0 2243 2243 0 2384 2384 0 2383 2383 0 2242 2242 0 2384 2384 0 2243 2243 0 2244 2244 0 2384 2384 0 2247 2247 0 2385 2385 0 2248 2248 0 2247 2247 0 2240 2240 0 2377 2377 0 2247 2247 0 2377 2377 0 2385 2385 0 2385 2385 0 2377 2377 0 2386 2386 0 2388 2388 0 2378 2378 0 2387 2387 0 2388 2388 0 2386 2386 0 2378 2378 0 2386 2386 0 2377 2377 0 2378 2378 0 2380 2380 0 2387 2387 0 2378 2378 0 2383 2383 0 2389 2389 0 2382 2382 0 2389 2389 0 2391 2391 0 2390 2390 0 2389 2389 0 2383 2383 0 2391 2391 0 2383 2383 0 2384 2384 0 2391 2391 0 2244 2244 0 2249 2249 0 2392 2392 0 2244 2244 0 2392 2392 0 2384 2384 0 2384 2384 0 2392 2392 0 2391 2391 0 2249 2249 0 2250 2250 0 2392 2392 0 2385 2385 0 2393 2393 0 2252 2252 0 2248 2248 0 2385 2385 0 2252 2252 0 2395 2395 0 2386 2386 0 2394 2394 0 2395 2395 0 2393 2393 0 2386 2386 0 2393 2393 0 2385 2385 0 2386 2386 0 2388 2388 0 2394 2394 0 2386 2386 0 2391 2391 0 2396 2396 0 2390 2390 0 2396 2396 0 2398 2398 0 2397 2397 0 2396 2396 0 2391 2391 0 2398 2398 0 2391 2391 0 2392 2392 0 2398 2398 0 2250 2250 0 2253 2253 0 2398 2398 0 2392 2392 0 2250 2250 0 2398 2398 0 2256 2256 0 2399 2399 0 2257 2257 0 2256 2256 0 2401 2401 0 2399 2399 0 2252 2252 0 2401 2401 0 2256 2256 0 2252 2252 0 2400 2400 0 2401 2401 0 2252 2252 0 2393 2393 0 2400 2400 0 2395 2395 0 2400 2400 0 2393 2393 0 2398 2398 0 2402 2402 0 2397 2397 0 2404 2404 0 2403 2403 0 2402 2402 0 2258 2258 0 2404 2404 0 2402 2402 0 2258 2258 0 2402 2402 0 2398 2398 0 2258 2258 0 2398 2398 0 2253 2253 0 2258 2258 0 2259 2259 0 2404 2404 0 2261 2261 0 2405 2405 0 2262 2262 0 2261 2261 0 2407 2407 0 2405 2405 0 2257 2257 0 2407 2407 0 2261 2261 0 2257 2257 0 2406 2406 0 2407 2407 0 2257 2257 0 2399 2399 0 2406 2406 0 2401 2401 0 2406 2406 0 2399 2399 0 2404 2404 0 2408 2408 0 2403 2403 0 2410 2410 0 2409 2409 0 2408 2408 0 2263 2263 0 2410 2410 0 2408 2408 0 2263 2263 0 2408 2408 0 2404 2404 0 2263 2263 0 2404 2404 0 2259 2259 0 2263 2263 0 2264 2264 0 2410 2410 0 2405 2405 0 2411 2411 0 2266 2266 0 2262 2262 0 2405 2405 0 2266 2266 0 2412 2412 0 2405 2405 0 2407 2407 0 2411 2411 0 2405 2405 0 2412 2412 0 2414 2414 0 2409 2409 0 2410 2410 0 2413 2413 0 2409 2409 0 2414 2414 0 2264 2264 0 2267 2267 0 2414 2414 0 2410 2410 0 2264 2264 0 2414 2414 0 2411 2411 0 2415 2415 0 2270 2270 0 2266 2266 0 2411 2411 0 2270 2270 0 2416 2416 0 2411 2411 0 2412 2412 0 2415 2415 0 2411 2411 0 2416 2416 0 2418 2418 0 2413 2413 0 2414 2414 0 2417 2417 0 2413 2413 0 2418 2418 0 2267 2267 0 2271 2271 0 2418 2418 0 2414 2414 0 2267 2267 0 2418 2418 0 2415 2415 0 2419 2419 0 2420 2420 0 2415 2415 0 2420 2420 0 2270 2270 0 2270 2270 0 2420 2420 0 2274 2274 0 2416 2416 0 2419 2419 0 2415 2415 0 2418 2418 0 2421 2421 0 2417 2417 0 2421 2421 0 2418 2418 0 2271 2271 0 2421 2421 0 2271 2271 0 2422 2422 0 2422 2422 0 2271 2271 0 2275 2275 0 2274 2274 0 2420 2420 0 2278 2278 0 2420 2420 0 2423 2423 0 2278 2278 0 2425 2425 0 2275 2275 0 2279 2279 0 2425 2425 0 2424 2424 0 2275 2275 0 2424 2424 0 2422 2422 0 2275 2275 0 2279 2279 0 2280 2280 0 2425 2425 0 2281 2281 0 2426 2426 0 2282 2282 0 2281 2281 0 2427 2427 0 2426 2426 0 2281 2281 0 2278 2278 0 2427 2427 0 2278 2278 0 2423 2423 0 2427 2427 0 2429 2429 0 2424 2424 0 2425 2425 0 2428 2428 0 2424 2424 0 2429 2429 0 2280 2280 0 2283 2283 0 2429 2429 0 2425 2425 0 2280 2280 0 2429 2429 0 2426 2426 0 2430 2430 0 2284 2284 0 2282 2282 0 2426 2426 0 2284 2284 0 2431 2431 0 2426 2426 0 2427 2427 0 2430 2430 0 2426 2426 0 2431 2431 0 2285 2285 0 2428 2428 0 2429 2429 0 2285 2285 0 2286 2286 0 2428 2428 0 2286 2286 0 2432 2432 0 2428 2428 0 2283 2283 0 2285 2285 0 2429 2429 0 2284 2284 0 2430 2430 0 2288 2288 0 2430 2430 0 2290 2290 0 2288 2288 0 2430 2430 0 2431 2431 0 2290 2290 0 2431 2431 0 2433 2433 0 2290 2290 0 2286 2286 0 2291 2291 0 2432 2432 0 2432 2432 0 2291 2291 0 2434 2434 0 2435 2435 0 2436 2436 0 2294 2294 0 2435 2435 0 2294 2294 0 2433 2433 0 2433 2433 0 2294 2294 0 2290 2290 0 2435 2435 0 2437 2437 0 2436 2436 0 2440 2440 0 2439 2439 0 2438 2438 0 2440 2440 0 2438 2438 0 2434 2434 0 2440 2440 0 2434 2434 0 2295 2295 0 2295 2295 0 2434 2434 0 2291 2291 0 2436 2436 0 2441 2441 0 2297 2297 0 2294 2294 0 2436 2436 0 2297 2297 0 2442 2442 0 2436 2436 0 2437 2437 0 2441 2441 0 2436 2436 0 2442 2442 0 2444 2444 0 2439 2439 0 2440 2440 0 2443 2443 0 2439 2439 0 2444 2444 0 2295 2295 0 2298 2298 0 2444 2444 0 2440 2440 0 2295 2295 0 2444 2444 0 2297 2297 0 2441 2441 0 2299 2299 0 2301 2301 0 2445 2445 0 2446 2446 0 2299 2299 0 2445 2445 0 2301 2301 0 2299 2299 0 2442 2442 0 2445 2445 0 2299 2299 0 2441 2441 0 2442 2442 0 2445 2445 0 2447 2447 0 2446 2446 0 2450 2450 0 2449 2449 0 2448 2448 0 2443 2443 0 2450 2450 0 2448 2448 0 2444 2444 0 2450 2450 0 2443 2443 0 2444 2444 0 2303 2303 0 2450 2450 0 2444 2444 0 2302 2302 0 2303 2303 0 2298 2298 0 2302 2302 0 2444 2444 0 2301 2301 0 2446 2446 0 2305 2305 0 2307 2307 0 2451 2451 0 2452 2452 0 2305 2305 0 2451 2451 0 2307 2307 0 2305 2305 0 2447 2447 0 2451 2451 0 2305 2305 0 2446 2446 0 2447 2447 0 2451 2451 0 2453 2453 0 2452 2452 0 2456 2456 0 2455 2455 0 2454 2454 0 2449 2449 0 2456 2456 0 2454 2454 0 2450 2450 0 2456 2456 0 2449 2449 0 2450 2450 0 2309 2309 0 2456 2456 0 2450 2450 0 2308 2308 0 2309 2309 0 2303 2303 0 2308 2308 0 2450 2450 0 2452 2452 0 2457 2457 0 2312 2312 0 2307 2307 0 2452 2452 0 2312 2312 0 2458 2458 0 2452 2452 0 2453 2453 0 2458 2458 0 2459 2459 0 2452 2452 0 2459 2459 0 2457 2457 0 2452 2452 0 2458 2458 0 2460 2460 0 2459 2459 0 2463 2463 0 2462 2462 0 2461 2461 0 2455 2455 0 2463 2463 0 2461 2461 0 2455 2455 0 2456 2456 0 2463 2463 0 2456 2456 0 2464 2464 0 2463 2463 0 2309 2309 0 2313 2313 0 2464 2464 0 2456 2456 0 2309 2309 0 2464 2464 0 2312 2312 0 2457 2457 0 2314 2314 0 2316 2316 0 2314 2314 0 2457 2457 0 2316 2316 0 2457 2457 0 2465 2465 0 2465 2465 0 2457 2457 0 2459 2459 0 2466 2466 0 2459 2459 0 2460 2460 0 2466 2466 0 2467 2467 0 2459 2459 0 2467 2467 0 2465 2465 0 2459 2459 0 2466 2466 0 2468 2468 0 2467 2467 0 2471 2471 0 2470 2470 0 2469 2469 0 2462 2462 0 2471 2471 0 2469 2469 0 2462 2462 0 2463 2463 0 2471 2471 0 2463 2463 0 2472 2472 0 2471 2471 0 2317 2317 0 2318 2318 0 2472 2472 0 2317 2317 0 2472 2472 0 2464 2464 0 2464 2464 0 2472 2472 0 2463 2463 0 2313 2313 0 2317 2317 0 2464 2464 0 2316 2316 0 2465 2465 0 2320 2320 0 2322 2322 0 2320 2320 0 2465 2465 0 2467 2467 0 2322 2322 0 2465 2465 0 2324 2324 0 2473 2473 0 2474 2474 0 2322 2322 0 2473 2473 0 2324 2324 0 2322 2322 0 2468 2468 0 2473 2473 0 2322 2322 0 2467 2467 0 2468 2468 0 2473 2473 0 2475 2475 0 2474 2474 0 2478 2478 0 2477 2477 0 2476 2476 0 2470 2470 0 2478 2478 0 2476 2476 0 2471 2471 0 2478 2478 0 2470 2470 0 2471 2471 0 2326 2326 0 2478 2478 0 2471 2471 0 2325 2325 0 2326 2326 0 2328 2328 0 2325 2325 0 2471 2471 0 2472 2472 0 2328 2328 0 2471 2471 0 2318 2318 0 2328 2328 0 2472 2472 0 2324 2324 0 2474 2474 0 2330 2330 0 2332 2332 0 2479 2479 0 2480 2480 0 2330 2330 0 2479 2479 0 2332 2332 0 2330 2330 0 2475 2475 0 2479 2479 0 2330 2330 0 2474 2474 0 2475 2475 0 2480 2480 0 2481 2481 0 2482 2482 0 2479 2479 0 2481 2481 0 2480 2480 0 2482 2482 0 2483 2483 0 2484 2484 0 2481 2481 0 2483 2483 0 2482 2482 0 2483 2483 0 2485 2485 0 2484 2484 0 2488 2488 0 2487 2487 0 2486 2486 0 2488 2488 0 2489 2489 0 2490 2490 0 2486 2486 0 2489 2489 0 2488 2488 0 2490 2490 0 2491 2491 0 2492 2492 0 2489 2489 0 2491 2491 0 2490 2490 0 2477 2477 0 2492 2492 0 2491 2491 0 2478 2478 0 2492 2492 0 2477 2477 0 2478 2478 0 2334 2334 0 2492 2492 0 2478 2478 0 2333 2333 0 2334 2334 0 2326 2326 0 2333 2333 0 2478 2478 0 2332 2332 0 2480 2480 0 2336 2336 0 2337 2337 0 2336 2336 0 2480 2480 0 2482 2482 0 2337 2337 0 2480 2480 0 2339 2339 0 2337 2337 0 2482 2482 0 2484 2484 0 2339 2339 0 2482 2482 0 2484 2484 0 2485 2485 0 2493 2493 0 2484 2484 0 2493 2493 0 2339 2339 0 2339 2339 0 2493 2493 0 2341 2341 0 2343 2343 0 2494 2494 0 2495 2495 0 2343 2343 0 2341 2341 0 2494 2494 0 2341 2341 0 2493 2493 0 2494 2494 0 2495 2495 0 2496 2496 0 2497 2497 0 2494 2494 0 2496 2496 0 2495 2495 0 2497 2497 0 2344 2344 0 2345 2345 0 2497 2497 0 2496 2496 0 2344 2344 0 2496 2496 0 2498 2498 0 2344 2344 0 2487 2487 0 2488 2488 0 2347 2347 0 2487 2487 0 2347 2347 0 2498 2498 0 2498 2498 0 2347 2347 0 2344 2344 0 2349 2349 0 2347 2347 0 2488 2488 0 2490 2490 0 2349 2349 0 2488 2488 0 2351 2351 0 2349 2349 0 2490 2490 0 2492 2492 0 2351 2351 0 2490 2490 0 2334 2334 0 2351 2351 0 2492 2492 0 2343 2343 0 2495 2495 0 2352 2352 0 2353 2353 0 2352 2352 0 2495 2495 0 2497 2497 0 2353 2353 0 2495 2495 0 2345 2345 0 2353 2353 0 2497 2497 0 2358 2358 0 2499 2499 0 2359 2359 0 2358 2358 0 2360 2360 0 2500 2500 0 2499 2499 0 2358 2358 0 2500 2500 0 2360 2360 0 2361 2361 0 2501 2501 0 2500 2500 0 2360 2360 0 2501 2501 0 2361 2361 0 2362 2362 0 2502 2502 0 2501 2501 0 2361 2361 0 2502 2502 0 2362 2362 0 2363 2363 0 2503 2503 0 2502 2502 0 2362 2362 0 2503 2503 0 2363 2363 0 2364 2364 0 2503 2503 0 2369 2369 0 2504 2504 0 2370 2370 0 2369 2369 0 2371 2371 0 2505 2505 0 2504 2504 0 2369 2369 0 2505 2505 0 2371 2371 0 2507 2507 0 2505 2505 0 2359 2359 0 2507 2507 0 2371 2371 0 2359 2359 0 2506 2506 0 2507 2507 0 2359 2359 0 2499 2499 0 2506 2506 0 2500 2500 0 2506 2506 0 2499 2499 0 2508 2508 0 2506 2506 0 2500 2500 0 2501 2501 0 2508 2508 0 2500 2500 0 2509 2509 0 2508 2508 0 2501 2501 0 2502 2502 0 2509 2509 0 2501 2501 0 2510 2510 0 2509 2509 0 2502 2502 0 2503 2503 0 2510 2510 0 2502 2502 0 2511 2511 0 2510 2510 0 2503 2503 0 2513 2513 0 2512 2512 0 2511 2511 0 2372 2372 0 2513 2513 0 2511 2511 0 2372 2372 0 2511 2511 0 2503 2503 0 2372 2372 0 2503 2503 0 2364 2364 0 2372 2372 0 2373 2373 0 2514 2514 0 2513 2513 0 2372 2372 0 2514 2514 0 2373 2373 0 2374 2374 0 2515 2515 0 2514 2514 0 2373 2373 0 2515 2515 0 2374 2374 0 2375 2375 0 2515 2515 0 2379 2379 0 2516 2516 0 2380 2380 0 2379 2379 0 2518 2518 0 2516 2516 0 2370 2370 0 2518 2518 0 2379 2379 0 2370 2370 0 2517 2517 0 2518 2518 0 2370 2370 0 2504 2504 0 2517 2517 0 2505 2505 0 2517 2517 0 2504 2504 0 2519 2519 0 2517 2517 0 2505 2505 0 2507 2507 0 2519 2519 0 2505 2505 0 2513 2513 0 2520 2520 0 2512 2512 0 2514 2514 0 2520 2520 0 2513 2513 0 2521 2521 0 2520 2520 0 2514 2514 0 2515 2515 0 2521 2521 0 2514 2514 0 2522 2522 0 2521 2521 0 2515 2515 0 2524 2524 0 2523 2523 0 2522 2522 0 2381 2381 0 2524 2524 0 2522 2522 0 2381 2381 0 2522 2522 0 2515 2515 0 2381 2381 0 2515 2515 0 2375 2375 0 2381 2381 0 2382 2382 0 2524 2524 0 2387 2387 0 2525 2525 0 2388 2388 0 2387 2387 0 2527 2527 0 2525 2525 0 2380 2380 0 2527 2527 0 2387 2387 0 2380 2380 0 2526 2526 0 2527 2527 0 2380 2380 0 2516 2516 0 2526 2526 0 2518 2518 0 2526 2526 0 2516 2516 0 2524 2524 0 2528 2528 0 2523 2523 0 2530 2530 0 2529 2529 0 2528 2528 0 2389 2389 0 2530 2530 0 2528 2528 0 2389 2389 0 2528 2528 0 2524 2524 0 2389 2389 0 2524 2524 0 2382 2382 0 2389 2389 0 2390 2390 0 2530 2530 0 2394 2394 0 2531 2531 0 2395 2395 0 2394 2394 0 2533 2533 0 2531 2531 0 2388 2388 0 2533 2533 0 2394 2394 0 2388 2388 0 2532 2532 0 2533 2533 0 2388 2388 0 2525 2525 0 2532 2532 0 2527 2527 0 2532 2532 0 2525 2525 0 2530 2530 0 2534 2534 0 2529 2529 0 2536 2536 0 2535 2535 0 2534 2534 0 2396 2396 0 2536 2536 0 2534 2534 0 2396 2396 0 2534 2534 0 2530 2530 0 2396 2396 0 2530 2530 0 2390 2390 0 2396 2396 0 2397 2397 0 2536 2536 0 2400 2400 0 2537 2537 0 2401 2401 0 2400 2400 0 2539 2539 0 2537 2537 0 2395 2395 0 2539 2539 0 2400 2400 0 2395 2395 0 2538 2538 0 2539 2539 0 2395 2395 0 2531 2531 0 2538 2538 0 2533 2533 0 2538 2538 0 2531 2531 0 2536 2536 0 2540 2540 0 2535 2535 0 2542 2542 0 2541 2541 0 2540 2540 0 2402 2402 0 2542 2542 0 2540 2540 0 2402 2402 0 2540 2540 0 2536 2536 0 2402 2402 0 2536 2536 0 2397 2397 0 2402 2402 0 2403 2403 0 2542 2542 0 2406 2406 0 2543 2543 0 2407 2407 0 2406 2406 0 2545 2545 0 2543 2543 0 2401 2401 0 2545 2545 0 2406 2406 0 2401 2401 0 2544 2544 0 2545 2545 0 2401 2401 0 2537 2537 0 2544 2544 0 2539 2539 0 2544 2544 0 2537 2537 0 2542 2542 0 2546 2546 0 2541 2541 0 2548 2548 0 2547 2547 0 2546 2546 0 2408 2408 0 2548 2548 0 2546 2546 0 2408 2408 0 2546 2546 0 2542 2542 0 2408 2408 0 2542 2542 0 2403 2403 0 2408 2408 0 2409 2409 0 2548 2548 0 2543 2543 0 2549 2549 0 2412 2412 0 2407 2407 0 2543 2543 0 2412 2412 0 2550 2550 0 2543 2543 0 2545 2545 0 2549 2549 0 2543 2543 0 2550 2550 0 2552 2552 0 2547 2547 0 2548 2548 0 2551 2551 0 2547 2547 0 2552 2552 0 2409 2409 0 2413 2413 0 2552 2552 0 2548 2548 0 2409 2409 0 2552 2552 0 2549 2549 0 2553 2553 0 2416 2416 0 2412 2412 0 2549 2549 0 2416 2416 0 2554 2554 0 2549 2549 0 2550 2550 0 2553 2553 0 2549 2549 0 2554 2554 0 2556 2556 0 2551 2551 0 2552 2552 0 2555 2555 0 2551 2551 0 2556 2556 0 2413 2413 0 2417 2417 0 2556 2556 0 2552 2552 0 2413 2413 0 2556 2556 0 2419 2419 0 2557 2557 0 2420 2420 0 2419 2419 0 2559 2559 0 2557 2557 0 2416 2416 0 2559 2559 0 2419 2419 0 2416 2416 0 2558 2558 0 2559 2559 0 2416 2416 0 2553 2553 0 2558 2558 0 2554 2554 0 2558 2558 0 2553 2553 0 2556 2556 0 2560 2560 0 2555 2555 0 2562 2562 0 2561 2561 0 2560 2560 0 2421 2421 0 2562 2562 0 2560 2560 0 2421 2421 0 2560 2560 0 2556 2556 0 2421 2421 0 2556 2556 0 2417 2417 0 2421 2421 0 2422 2422 0 2562 2562 0 2557 2557 0 2563 2563 0 2423 2423 0 2420 2420 0 2557 2557 0 2423 2423 0 2564 2564 0 2557 2557 0 2559 2559 0 2563 2563 0 2557 2557 0 2564 2564 0 2566 2566 0 2561 2561 0 2562 2562 0 2565 2565 0 2561 2561 0 2566 2566 0 2422 2422 0 2424 2424 0 2566 2566 0 2562 2562 0 2422 2422 0 2566 2566 0 2563 2563 0 2567 2567 0 2427 2427 0 2423 2423 0 2563 2563 0 2427 2427 0 2568 2568 0 2563 2563 0 2564 2564 0 2567 2567 0 2563 2563 0 2568 2568 0 2570 2570 0 2565 2565 0 2566 2566 0 2569 2569 0 2565 2565 0 2570 2570 0 2424 2424 0 2428 2428 0 2570 2570 0 2566 2566 0 2424 2424 0 2570 2570 0 2567 2567 0 2571 2571 0 2431 2431 0 2427 2427 0 2567 2567 0 2431 2431 0 2572 2572 0 2567 2567 0 2568 2568 0 2571 2571 0 2567 2567 0 2572 2572 0 2574 2574 0 2569 2569 0 2570 2570 0 2573 2573 0 2569 2569 0 2574 2574 0 2428 2428 0 2432 2432 0 2574 2574 0 2570 2570 0 2428 2428 0 2574 2574 0 2571 2571 0 2575 2575 0 2433 2433 0 2431 2431 0 2571 2571 0 2433 2433 0 2576 2576 0 2571 2571 0 2572 2572 0 2575 2575 0 2571 2571 0 2576 2576 0 2578 2578 0 2573 2573 0 2574 2574 0 2577 2577 0 2573 2573 0 2578 2578 0 2432 2432 0 2434 2434 0 2578 2578 0 2574 2574 0 2432 2432 0 2578 2578 0 2433 2433 0 2575 2575 0 2435 2435 0 2437 2437 0 2579 2579 0 2580 2580 0 2435 2435 0 2579 2579 0 2437 2437 0 2435 2435 0 2576 2576 0 2579 2579 0 2435 2435 0 2575 2575 0 2576 2576 0 2579 2579 0 2581 2581 0 2580 2580 0 2584 2584 0 2583 2583 0 2582 2582 0 2577 2577 0 2584 2584 0 2582 2582 0 2578 2578 0 2584 2584 0 2577 2577 0 2578 2578 0 2439 2439 0 2584 2584 0 2578 2578 0 2438 2438 0 2439 2439 0 2434 2434 0 2438 2438 0 2578 2578 0 2580 2580 0 2585 2585 0 2442 2442 0 2437 2437 0 2580 2580 0 2442 2442 0 2586 2586 0 2580 2580 0 2581 2581 0 2585 2585 0 2580 2580 0 2586 2586 0 2588 2588 0 2583 2583 0 2584 2584 0 2587 2587 0 2583 2583 0 2588 2588 0 2439 2439 0 2443 2443 0 2588 2588 0 2584 2584 0 2439 2439 0 2588 2588 0 2442 2442 0 2585 2585 0 2445 2445 0 2447 2447 0 2589 2589 0 2590 2590 0 2445 2445 0 2589 2589 0 2447 2447 0 2445 2445 0 2586 2586 0 2589 2589 0 2445 2445 0 2585 2585 0 2586 2586 0 2589 2589 0 2591 2591 0 2590 2590 0 2594 2594 0 2593 2593 0 2592 2592 0 2587 2587 0 2594 2594 0 2592 2592 0 2588 2588 0 2594 2594 0 2587 2587 0 2588 2588 0 2449 2449 0 2594 2594 0 2588 2588 0 2448 2448 0 2449 2449 0 2443 2443 0 2448 2448 0 2588 2588 0 2447 2447 0 2590 2590 0 2451 2451 0 2453 2453 0 2595 2595 0 2596 2596 0 2451 2451 0 2595 2595 0 2453 2453 0 2451 2451 0 2591 2591 0 2595 2595 0 2451 2451 0 2590 2590 0 2591 2591 0 2595 2595 0 2597 2597 0 2596 2596 0 2600 2600 0 2599 2599 0 2598 2598 0 2593 2593 0 2600 2600 0 2598 2598 0 2594 2594 0 2600 2600 0 2593 2593 0 2594 2594 0 2455 2455 0 2600 2600 0 2594 2594 0 2454 2454 0 2455 2455 0 2449 2449 0 2454 2454 0 2594 2594 0 2453 2453 0 2596 2596 0 2458 2458 0 2460 2460 0 2601 2601 0 2602 2602 0 2458 2458 0 2601 2601 0 2460 2460 0 2458 2458 0 2597 2597 0 2601 2601 0 2458 2458 0 2596 2596 0 2597 2597 0 2601 2601 0 2603 2603 0 2602 2602 0 2606 2606 0 2605 2605 0 2604 2604 0 2599 2599 0 2606 2606 0 2604 2604 0 2600 2600 0 2606 2606 0 2599 2599 0 2600 2600 0 2462 2462 0 2606 2606 0 2600 2600 0 2461 2461 0 2462 2462 0 2455 2455 0 2461 2461 0 2600 2600 0 2460 2460 0 2602 2602 0 2466 2466 0 2468 2468 0 2607 2607 0 2608 2608 0 2466 2466 0 2607 2607 0 2468 2468 0 2466 2466 0 2603 2603 0 2607 2607 0 2466 2466 0 2602 2602 0 2603 2603 0 2608 2608 0 2609 2609 0 2610 2610 0 2607 2607 0 2609 2609 0 2608 2608 0 2609 2609 0 2611 2611 0 2610 2610 0 2614 2614 0 2613 2613 0 2612 2612 0 2605 2605 0 2614 2614 0 2612 2612 0 2606 2606 0 2614 2614 0 2605 2605 0 2606 2606 0 2470 2470 0 2614 2614 0 2606 2606 0 2469 2469 0 2470 2470 0 2462 2462 0 2469 2469 0 2606 2606 0 2468 2468 0 2608 2608 0 2473 2473 0 2475 2475 0 2473 2473 0 2608 2608 0 2475 2475 0 2608 2608 0 2615 2615 0 2615 2615 0 2608 2608 0 2610 2610 0 2616 2616 0 2610 2610 0 2611 2611 0 2616 2616 0 2617 2617 0 2610 2610 0 2617 2617 0 2615 2615 0 2610 2610 0 2617 2617 0 2618 2618 0 2619 2619 0 2616 2616 0 2618 2618 0 2617 2617 0 2618 2618 0 2620 2620 0 2619 2619 0 2623 2623 0 2622 2622 0 2621 2621 0 2623 2623 0 2624 2624 0 2625 2625 0 2621 2621 0 2624 2624 0 2623 2623 0 2625 2625 0 2626 2626 0 2627 2627 0 2624 2624 0 2626 2626 0 2625 2625 0 2613 2613 0 2627 2627 0 2626 2626 0 2614 2614 0 2627 2627 0 2613 2613 0 2614 2614 0 2477 2477 0 2627 2627 0 2614 2614 0 2476 2476 0 2477 2477 0 2470 2470 0 2476 2476 0 2614 2614 0 2475 2475 0 2615 2615 0 2479 2479 0 2481 2481 0 2479 2479 0 2615 2615 0 2617 2617 0 2481 2481 0 2615 2615 0 2483 2483 0 2481 2481 0 2617 2617 0 2619 2619 0 2483 2483 0 2617 2617 0 2485 2485 0 2628 2628 0 2629 2629 0 2483 2483 0 2628 2628 0 2485 2485 0 2483 2483 0 2620 2620 0 2628 2628 0 2483 2483 0 2619 2619 0 2620 2620 0 2629 2629 0 2630 2630 0 2631 2631 0 2628 2628 0 2630 2630 0 2629 2629 0 2631 2631 0 2632 2632 0 2633 2633 0 2630 2630 0 2632 2632 0 2631 2631 0 2633 2633 0 2634 2634 0 2635 2635 0 2632 2632 0 2634 2634 0 2633 2633 0 2622 2622 0 2635 2635 0 2634 2634 0 2623 2623 0 2635 2635 0 2622 2622 0 2623 2623 0 2487 2487 0 2635 2635 0 2623 2623 0 2486 2486 0 2487 2487 0 2489 2489 0 2486 2486 0 2623 2623 0 2625 2625 0 2489 2489 0 2623 2623 0 2491 2491 0 2489 2489 0 2625 2625 0 2627 2627 0 2491 2491 0 2625 2625 0 2477 2477 0 2491 2491 0 2627 2627 0 2485 2485 0 2629 2629 0 2493 2493 0 2494 2494 0 2493 2493 0 2629 2629 0 2631 2631 0 2494 2494 0 2629 2629 0 2496 2496 0 2494 2494 0 2631 2631 0 2633 2633 0 2496 2496 0 2631 2631 0 2498 2498 0 2496 2496 0 2633 2633 0 2635 2635 0 2498 2498 0 2633 2633 0 2487 2487 0 2498 2498 0 2635 2635 0 2506 2506 0 2636 2636 0 2507 2507 0 2506 2506 0 2508 2508 0 2637 2637 0 2636 2636 0 2506 2506 0 2637 2637 0 2508 2508 0 2509 2509 0 2638 2638 0 2637 2637 0 2508 2508 0 2638 2638 0 2509 2509 0 2510 2510 0 2639 2639 0 2638 2638 0 2509 2509 0 2639 2639 0 2510 2510 0 2511 2511 0 2640 2640 0 2639 2639 0 2510 2510 0 2640 2640 0 2511 2511 0 2512 2512 0 2640 2640 0 2517 2517 0 2641 2641 0 2518 2518 0 2517 2517 0 2519 2519 0 2642 2642 0 2641 2641 0 2517 2517 0 2642 2642 0 2519 2519 0 2507 2507 0 2636 2636 0 2519 2519 0 2636 2636 0 2642 2642 0 2642 2642 0 2636 2636 0 2643 2643 0 2645 2645 0 2637 2637 0 2644 2644 0 2645 2645 0 2643 2643 0 2637 2637 0 2643 2643 0 2636 2636 0 2637 2637 0 2638 2638 0 2644 2644 0 2637 2637 0 2646 2646 0 2644 2644 0 2638 2638 0 2639 2639 0 2646 2646 0 2638 2638 0 2647 2647 0 2646 2646 0 2639 2639 0 2640 2640 0 2647 2647 0 2639 2639 0 2648 2648 0 2647 2647 0 2640 2640 0 2650 2650 0 2649 2649 0 2648 2648 0 2520 2520 0 2650 2650 0 2648 2648 0 2520 2520 0 2648 2648 0 2640 2640 0 2520 2520 0 2640 2640 0 2512 2512 0 2520 2520 0 2521 2521 0 2651 2651 0 2650 2650 0 2520 2520 0 2651 2651 0 2521 2521 0 2522 2522 0 2652 2652 0 2651 2651 0 2521 2521 0 2652 2652 0 2522 2522 0 2523 2523 0 2652 2652 0 2526 2526 0 2653 2653 0 2527 2527 0 2526 2526 0 2518 2518 0 2641 2641 0 2526 2526 0 2641 2641 0 2653 2653 0 2653 2653 0 2641 2641 0 2654 2654 0 2656 2656 0 2642 2642 0 2655 2655 0 2656 2656 0 2654 2654 0 2642 2642 0 2654 2654 0 2641 2641 0 2642 2642 0 2643 2643 0 2655 2655 0 2642 2642 0 2657 2657 0 2655 2655 0 2643 2643 0 2645 2645 0 2657 2657 0 2643 2643 0 2650 2650 0 2658 2658 0 2649 2649 0 2651 2651 0 2658 2658 0 2650 2650 0 2659 2659 0 2658 2658 0 2651 2651 0 2659 2659 0 2661 2661 0 2660 2660 0 2659 2659 0 2651 2651 0 2661 2661 0 2651 2651 0 2652 2652 0 2661 2661 0 2523 2523 0 2528 2528 0 2662 2662 0 2523 2523 0 2662 2662 0 2652 2652 0 2652 2652 0 2662 2662 0 2661 2661 0 2528 2528 0 2529 2529 0 2662 2662 0 2532 2532 0 2663 2663 0 2533 2533 0 2532 2532 0 2665 2665 0 2663 2663 0 2527 2527 0 2665 2665 0 2532 2532 0 2527 2527 0 2664 2664 0 2665 2665 0 2527 2527 0 2653 2653 0 2664 2664 0 2654 2654 0 2664 2664 0 2653 2653 0 2666 2666 0 2664 2664 0 2654 2654 0 2656 2656 0 2666 2666 0 2654 2654 0 2661 2661 0 2667 2667 0 2660 2660 0 2667 2667 0 2669 2669 0 2668 2668 0 2667 2667 0 2661 2661 0 2669 2669 0 2661 2661 0 2662 2662 0 2669 2669 0 2529 2529 0 2534 2534 0 2670 2670 0 2529 2529 0 2670 2670 0 2662 2662 0 2662 2662 0 2670 2670 0 2669 2669 0 2534 2534 0 2535 2535 0 2670 2670 0 2538 2538 0 2671 2671 0 2539 2539 0 2538 2538 0 2673 2673 0 2671 2671 0 2533 2533 0 2673 2673 0 2538 2538 0 2533 2533 0 2672 2672 0 2673 2673 0 2533 2533 0 2663 2663 0 2672 2672 0 2665 2665 0 2672 2672 0 2663 2663 0 2669 2669 0 2674 2674 0 2668 2668 0 2674 2674 0 2676 2676 0 2675 2675 0 2674 2674 0 2669 2669 0 2676 2676 0 2669 2669 0 2670 2670 0 2676 2676 0 2535 2535 0 2540 2540 0 2677 2677 0 2535 2535 0 2677 2677 0 2670 2670 0 2670 2670 0 2677 2677 0 2676 2676 0 2540 2540 0 2541 2541 0 2677 2677 0 2544 2544 0 2678 2678 0 2545 2545 0 2544 2544 0 2539 2539 0 2671 2671 0 2544 2544 0 2671 2671 0 2678 2678 0 2678 2678 0 2671 2671 0 2679 2679 0 2680 2680 0 2671 2671 0 2673 2673 0 2679 2679 0 2671 2671 0 2680 2680 0 2676 2676 0 2681 2681 0 2675 2675 0 2681 2681 0 2683 2683 0 2682 2682 0 2681 2681 0 2676 2676 0 2683 2683 0 2676 2676 0 2677 2677 0 2683 2683 0 2541 2541 0 2546 2546 0 2684 2684 0 2541 2541 0 2684 2684 0 2677 2677 0 2677 2677 0 2684 2684 0 2683 2683 0 2546 2546 0 2547 2547 0 2684 2684 0 2678 2678 0 2685 2685 0 2550 2550 0 2545 2545 0 2678 2678 0 2550 2550 0 2687 2687 0 2679 2679 0 2686 2686 0 2687 2687 0 2685 2685 0 2679 2679 0 2685 2685 0 2678 2678 0 2679 2679 0 2680 2680 0 2686 2686 0 2679 2679 0 2683 2683 0 2688 2688 0 2682 2682 0 2688 2688 0 2690 2690 0 2689 2689 0 2688 2688 0 2683 2683 0 2690 2690 0 2683 2683 0 2684 2684 0 2690 2690 0 2547 2547 0 2551 2551 0 2690 2690 0 2684 2684 0 2547 2547 0 2690 2690 0 2685 2685 0 2691 2691 0 2554 2554 0 2550 2550 0 2685 2685 0 2554 2554 0 2692 2692 0 2685 2685 0 2687 2687 0 2691 2691 0 2685 2685 0 2692 2692 0 2694 2694 0 2689 2689 0 2690 2690 0 2693 2693 0 2689 2689 0 2694 2694 0 2551 2551 0 2555 2555 0 2694 2694 0 2690 2690 0 2551 2551 0 2694 2694 0 2558 2558 0 2695 2695 0 2559 2559 0 2558 2558 0 2554 2554 0 2691 2691 0 2558 2558 0 2691 2691 0 2695 2695 0 2695 2695 0 2691 2691 0 2696 2696 0 2697 2697 0 2691 2691 0 2692 2692 0 2696 2696 0 2691 2691 0 2697 2697 0 2694 2694 0 2698 2698 0 2693 2693 0 2700 2700 0 2699 2699 0 2698 2698 0 2560 2560 0 2700 2700 0 2698 2698 0 2560 2560 0 2698 2698 0 2694 2694 0 2560 2560 0 2694 2694 0 2555 2555 0 2560 2560 0 2561 2561 0 2700 2700 0 2695 2695 0 2701 2701 0 2564 2564 0 2559 2559 0 2695 2695 0 2564 2564 0 2703 2703 0 2696 2696 0 2702 2702 0 2703 2703 0 2701 2701 0 2696 2696 0 2701 2701 0 2695 2695 0 2696 2696 0 2697 2697 0 2702 2702 0 2696 2696 0 2705 2705 0 2699 2699 0 2700 2700 0 2704 2704 0 2699 2699 0 2705 2705 0 2561 2561 0 2565 2565 0 2705 2705 0 2700 2700 0 2561 2561 0 2705 2705 0 2701 2701 0 2706 2706 0 2568 2568 0 2564 2564 0 2701 2701 0 2568 2568 0 2707 2707 0 2701 2701 0 2703 2703 0 2706 2706 0 2701 2701 0 2707 2707 0 2709 2709 0 2704 2704 0 2705 2705 0 2708 2708 0 2704 2704 0 2709 2709 0 2565 2565 0 2569 2569 0 2709 2709 0 2705 2705 0 2565 2565 0 2709 2709 0 2706 2706 0 2710 2710 0 2572 2572 0 2568 2568 0 2706 2706 0 2572 2572 0 2711 2711 0 2706 2706 0 2707 2707 0 2711 2711 0 2712 2712 0 2706 2706 0 2712 2712 0 2710 2710 0 2706 2706 0 2711 2711 0 2713 2713 0 2712 2712 0 2715 2715 0 2708 2708 0 2709 2709 0 2714 2714 0 2708 2708 0 2715 2715 0 2569 2569 0 2573 2573 0 2715 2715 0 2709 2709 0 2569 2569 0 2715 2715 0 2710 2710 0 2716 2716 0 2576 2576 0 2572 2572 0 2710 2710 0 2576 2576 0 2712 2712 0 2717 2717 0 2710 2710 0 2717 2717 0 2716 2716 0 2710 2710 0 2718 2718 0 2712 2712 0 2713 2713 0 2717 2717 0 2712 2712 0 2718 2718 0 2721 2721 0 2720 2720 0 2719 2719 0 2714 2714 0 2721 2721 0 2719 2719 0 2714 2714 0 2715 2715 0 2721 2721 0 2715 2715 0 2722 2722 0 2721 2721 0 2573 2573 0 2577 2577 0 2722 2722 0 2715 2715 0 2573 2573 0 2722 2722 0 2576 2576 0 2716 2716 0 2579 2579 0 2581 2581 0 2579 2579 0 2716 2716 0 2581 2581 0 2716 2716 0 2723 2723 0 2723 2723 0 2716 2716 0 2717 2717 0 2724 2724 0 2717 2717 0 2718 2718 0 2723 2723 0 2717 2717 0 2724 2724 0 2726 2726 0 2720 2720 0 2721 2721 0 2725 2725 0 2720 2720 0 2726 2726 0 2582 2582 0 2583 2583 0 2726 2726 0 2582 2582 0 2726 2726 0 2722 2722 0 2722 2722 0 2726 2726 0 2721 2721 0 2577 2577 0 2582 2582 0 2722 2722 0 2723 2723 0 2727 2727 0 2586 2586 0 2581 2581 0 2723 2723 0 2586 2586 0 2728 2728 0 2723 2723 0 2724 2724 0 2728 2728 0 2729 2729 0 2723 2723 0 2729 2729 0 2727 2727 0 2723 2723 0 2728 2728 0 2730 2730 0 2729 2729 0 2733 2733 0 2732 2732 0 2731 2731 0 2725 2725 0 2733 2733 0 2731 2731 0 2725 2725 0 2726 2726 0 2733 2733 0 2726 2726 0 2734 2734 0 2733 2733 0 2583 2583 0 2587 2587 0 2734 2734 0 2726 2726 0 2583 2583 0 2734 2734 0 2586 2586 0 2727 2727 0 2589 2589 0 2591 2591 0 2589 2589 0 2727 2727 0 2591 2591 0 2727 2727 0 2735 2735 0 2735 2735 0 2727 2727 0 2729 2729 0 2736 2736 0 2729 2729 0 2730 2730 0 2735 2735 0 2729 2729 0 2736 2736 0 2739 2739 0 2738 2738 0 2737 2737 0 2732 2732 0 2739 2739 0 2737 2737 0 2732 2732 0 2733 2733 0 2739 2739 0 2733 2733 0 2740 2740 0 2739 2739 0 2592 2592 0 2593 2593 0 2740 2740 0 2592 2592 0 2740 2740 0 2734 2734 0 2734 2734 0 2740 2740 0 2733 2733 0 2587 2587 0 2592 2592 0 2734 2734 0 2591 2591 0 2735 2735 0 2595 2595 0 2597 2597 0 2741 2741 0 2742 2742 0 2595 2595 0 2741 2741 0 2597 2597 0 2595 2595 0 2736 2736 0 2741 2741 0 2595 2595 0 2735 2735 0 2736 2736 0 2742 2742 0 2743 2743 0 2744 2744 0 2741 2741 0 2743 2743 0 2742 2742 0 2743 2743 0 2745 2745 0 2744 2744 0 2748 2748 0 2747 2747 0 2746 2746 0 2738 2738 0 2748 2748 0 2746 2746 0 2738 2738 0 2739 2739 0 2748 2748 0 2739 2739 0 2749 2749 0 2748 2748 0 2598 2598 0 2599 2599 0 2749 2749 0 2598 2598 0 2749 2749 0 2740 2740 0 2740 2740 0 2749 2749 0 2739 2739 0 2593 2593 0 2598 2598 0 2740 2740 0 2597 2597 0 2742 2742 0 2601 2601 0 2603 2603 0 2601 2601 0 2742 2742 0 2603 2603 0 2742 2742 0 2750 2750 0 2750 2750 0 2742 2742 0 2744 2744 0 2751 2751 0 2744 2744 0 2745 2745 0 2751 2751 0 2752 2752 0 2744 2744 0 2752 2752 0 2750 2750 0 2744 2744 0 2751 2751 0 2753 2753 0 2752 2752 0 2756 2756 0 2755 2755 0 2754 2754 0 2747 2747 0 2756 2756 0 2754 2754 0 2747 2747 0 2748 2748 0 2756 2756 0 2748 2748 0 2757 2757 0 2756 2756 0 2604 2604 0 2605 2605 0 2757 2757 0 2604 2604 0 2757 2757 0 2749 2749 0 2749 2749 0 2757 2757 0 2748 2748 0 2599 2599 0 2604 2604 0 2749 2749 0 2603 2603 0 2750 2750 0 2607 2607 0 2609 2609 0 2607 2607 0 2750 2750 0 2752 2752 0 2609 2609 0 2750 2750 0 2611 2611 0 2758 2758 0 2759 2759 0 2609 2609 0 2758 2758 0 2611 2611 0 2609 2609 0 2753 2753 0 2758 2758 0 2609 2609 0 2752 2752 0 2753 2753 0 2759 2759 0 2760 2760 0 2761 2761 0 2758 2758 0 2760 2760 0 2759 2759 0 2761 2761 0 2762 2762 0 2763 2763 0 2760 2760 0 2762 2762 0 2761 2761 0 2763 2763 0 2764 2764 0 2765 2765 0 2762 2762 0 2764 2764 0 2763 2763 0 2765 2765 0 2766 2766 0 2767 2767 0 2764 2764 0 2766 2766 0 2765 2765 0 2767 2767 0 2768 2768 0 2769 2769 0 2766 2766 0 2768 2768 0 2767 2767 0 2769 2769 0 2770 2770 0 2771 2771 0 2768 2768 0 2770 2770 0 2769 2769 0 2771 2771 0 2772 2772 0 2773 2773 0 2770 2770 0 2772 2772 0 2771 2771 0 2755 2755 0 2773 2773 0 2772 2772 0 2755 2755 0 2756 2756 0 2773 2773 0 2756 2756 0 2774 2774 0 2773 2773 0 2612 2612 0 2613 2613 0 2774 2774 0 2612 2612 0 2774 2774 0 2757 2757 0 2757 2757 0 2774 2774 0 2756 2756 0 2605 2605 0 2612 2612 0 2757 2757 0 2611 2611 0 2759 2759 0 2616 2616 0 2618 2618 0 2616 2616 0 2759 2759 0 2761 2761 0 2618 2618 0 2759 2759 0 2620 2620 0 2618 2618 0 2761 2761 0 2620 2620 0 2761 2761 0 2775 2775 0 2775 2775 0 2761 2761 0 2763 2763 0 2765 2765 0 2776 2776 0 2763 2763 0 2776 2776 0 2775 2775 0 2763 2763 0 2767 2767 0 2777 2777 0 2765 2765 0 2777 2777 0 2776 2776 0 2765 2765 0 2769 2769 0 2778 2778 0 2767 2767 0 2778 2778 0 2777 2777 0 2767 2767 0 2621 2621 0 2622 2622 0 2778 2778 0 2621 2621 0 2778 2778 0 2771 2771 0 2771 2771 0 2778 2778 0 2769 2769 0 2624 2624 0 2621 2621 0 2771 2771 0 2773 2773 0 2624 2624 0 2771 2771 0 2626 2626 0 2624 2624 0 2773 2773 0 2774 2774 0 2626 2626 0 2773 2773 0 2613 2613 0 2626 2626 0 2774 2774 0 2620 2620 0 2775 2775 0 2628 2628 0 2630 2630 0 2628 2628 0 2775 2775 0 2776 2776 0 2630 2630 0 2775 2775 0 2632 2632 0 2630 2630 0 2776 2776 0 2777 2777 0 2632 2632 0 2776 2776 0 2634 2634 0 2632 2632 0 2777 2777 0 2778 2778 0 2634 2634 0 2777 2777 0 2622 2622 0 2634 2634 0 2778 2778 0 2644 2644 0 2779 2779 0 2645 2645 0 2644 2644 0 2646 2646 0 2780 2780 0 2779 2779 0 2644 2644 0 2780 2780 0 2646 2646 0 2647 2647 0 2781 2781 0 2780 2780 0 2646 2646 0 2781 2781 0 2647 2647 0 2648 2648 0 2782 2782 0 2781 2781 0 2647 2647 0 2782 2782 0 2648 2648 0 2649 2649 0 2782 2782 0 2655 2655 0 2783 2783 0 2656 2656 0 2655 2655 0 2657 2657 0 2784 2784 0 2783 2783 0 2655 2655 0 2784 2784 0 2657 2657 0 2645 2645 0 2779 2779 0 2657 2657 0 2779 2779 0 2784 2784 0 2784 2784 0 2779 2779 0 2785 2785 0 2780 2780 0 2786 2786 0 2779 2779 0 2786 2786 0 2785 2785 0 2779 2779 0 2781 2781 0 2787 2787 0 2780 2780 0 2787 2787 0 2786 2786 0 2780 2780 0 2782 2782 0 2788 2788 0 2781 2781 0 2788 2788 0 2787 2787 0 2781 2781 0 2649 2649 0 2658 2658 0 2789 2789 0 2649 2649 0 2789 2789 0 2782 2782 0 2782 2782 0 2789 2789 0 2788 2788 0 2658 2658 0 2659 2659 0 2790 2790 0 2789 2789 0 2658 2658 0 2790 2790 0 2659 2659 0 2660 2660 0 2790 2790 0 2664 2664 0 2791 2791 0 2665 2665 0 2664 2664 0 2666 2666 0 2792 2792 0 2791 2791 0 2664 2664 0 2792 2792 0 2666 2666 0 2656 2656 0 2783 2783 0 2666 2666 0 2783 2783 0 2792 2792 0 2792 2792 0 2783 2783 0 2793 2793 0 2795 2795 0 2784 2784 0 2794 2794 0 2795 2795 0 2793 2793 0 2784 2784 0 2793 2793 0 2783 2783 0 2784 2784 0 2785 2785 0 2794 2794 0 2784 2784 0 2796 2796 0 2794 2794 0 2785 2785 0 2786 2786 0 2796 2796 0 2785 2785 0 2797 2797 0 2796 2796 0 2786 2786 0 2787 2787 0 2797 2797 0 2786 2786 0 2798 2798 0 2797 2797 0 2787 2787 0 2788 2788 0 2798 2798 0 2787 2787 0 2799 2799 0 2798 2798 0 2788 2788 0 2789 2789 0 2799 2799 0 2788 2788 0 2800 2800 0 2799 2799 0 2789 2789 0 2800 2800 0 2802 2802 0 2801 2801 0 2800 2800 0 2789 2789 0 2802 2802 0 2789 2789 0 2790 2790 0 2802 2802 0 2660 2660 0 2667 2667 0 2803 2803 0 2660 2660 0 2803 2803 0 2790 2790 0 2790 2790 0 2803 2803 0 2802 2802 0 2667 2667 0 2668 2668 0 2803 2803 0 2672 2672 0 2804 2804 0 2673 2673 0 2672 2672 0 2665 2665 0 2791 2791 0 2672 2672 0 2791 2791 0 2804 2804 0 2804 2804 0 2791 2791 0 2805 2805 0 2807 2807 0 2792 2792 0 2806 2806 0 2807 2807 0 2805 2805 0 2792 2792 0 2805 2805 0 2791 2791 0 2792 2792 0 2793 2793 0 2806 2806 0 2792 2792 0 2808 2808 0 2806 2806 0 2793 2793 0 2795 2795 0 2808 2808 0 2793 2793 0 2802 2802 0 2809 2809 0 2801 2801 0 2809 2809 0 2811 2811 0 2810 2810 0 2809 2809 0 2802 2802 0 2811 2811 0 2802 2802 0 2803 2803 0 2811 2811 0 2668 2668 0 2674 2674 0 2812 2812 0 2668 2668 0 2812 2812 0 2803 2803 0 2803 2803 0 2812 2812 0 2811 2811 0 2674 2674 0 2675 2675 0 2812 2812 0 2804 2804 0 2813 2813 0 2680 2680 0 2673 2673 0 2804 2804 0 2680 2680 0 2815 2815 0 2805 2805 0 2814 2814 0 2815 2815 0 2813 2813 0 2805 2805 0 2813 2813 0 2804 2804 0 2805 2805 0 2807 2807 0 2814 2814 0 2805 2805 0 2811 2811 0 2816 2816 0 2810 2810 0 2816 2816 0 2818 2818 0 2817 2817 0 2816 2816 0 2811 2811 0 2818 2818 0 2811 2811 0 2812 2812 0 2818 2818 0 2675 2675 0 2681 2681 0 2819 2819 0 2675 2675 0 2819 2819 0 2812 2812 0 2812 2812 0 2819 2819 0 2818 2818 0 2681 2681 0 2682 2682 0 2819 2819 0 2686 2686 0 2820 2820 0 2687 2687 0 2686 2686 0 2680 2680 0 2813 2813 0 2686 2686 0 2813 2813 0 2820 2820 0 2820 2820 0 2813 2813 0 2821 2821 0 2822 2822 0 2813 2813 0 2815 2815 0 2821 2821 0 2813 2813 0 2822 2822 0 2818 2818 0 2823 2823 0 2817 2817 0 2823 2823 0 2825 2825 0 2824 2824 0 2823 2823 0 2818 2818 0 2825 2825 0 2818 2818 0 2819 2819 0 2825 2825 0 2682 2682 0 2688 2688 0 2826 2826 0 2682 2682 0 2826 2826 0 2819 2819 0 2819 2819 0 2826 2826 0 2825 2825 0 2688 2688 0 2689 2689 0 2826 2826 0 2820 2820 0 2827 2827 0 2692 2692 0 2687 2687 0 2820 2820 0 2692 2692 0 2829 2829 0 2821 2821 0 2828 2828 0 2829 2829 0 2827 2827 0 2821 2821 0 2827 2827 0 2820 2820 0 2821 2821 0 2822 2822 0 2828 2828 0 2821 2821 0 2831 2831 0 2824 2824 0 2825 2825 0 2830 2830 0 2824 2824 0 2831 2831 0 2826 2826 0 2832 2832 0 2825 2825 0 2832 2832 0 2831 2831 0 2825 2825 0 2689 2689 0 2693 2693 0 2832 2832 0 2826 2826 0 2689 2689 0 2832 2832 0 2827 2827 0 2833 2833 0 2697 2697 0 2692 2692 0 2827 2827 0 2697 2697 0 2834 2834 0 2827 2827 0 2829 2829 0 2833 2833 0 2827 2827 0 2834 2834 0 2831 2831 0 2835 2835 0 2830 2830 0 2835 2835 0 2837 2837 0 2836 2836 0 2835 2835 0 2831 2831 0 2837 2837 0 2831 2831 0 2832 2832 0 2837 2837 0 2693 2693 0 2698 2698 0 2838 2838 0 2693 2693 0 2838 2838 0 2832 2832 0 2832 2832 0 2838 2838 0 2837 2837 0 2698 2698 0 2699 2699 0 2838 2838 0 2702 2702 0 2839 2839 0 2703 2703 0 2702 2702 0 2697 2697 0 2833 2833 0 2702 2702 0 2833 2833 0 2839 2839 0 2839 2839 0 2833 2833 0 2840 2840 0 2841 2841 0 2833 2833 0 2834 2834 0 2840 2840 0 2833 2833 0 2841 2841 0 2843 2843 0 2836 2836 0 2837 2837 0 2842 2842 0 2836 2836 0 2843 2843 0 2838 2838 0 2844 2844 0 2837 2837 0 2844 2844 0 2843 2843 0 2837 2837 0 2699 2699 0 2704 2704 0 2844 2844 0 2838 2838 0 2699 2699 0 2844 2844 0 2839 2839 0 2845 2845 0 2707 2707 0 2703 2703 0 2839 2839 0 2707 2707 0 2840 2840 0 2846 2846 0 2839 2839 0 2846 2846 0 2845 2845 0 2839 2839 0 2847 2847 0 2840 2840 0 2841 2841 0 2846 2846 0 2840 2840 0 2847 2847 0 2849 2849 0 2842 2842 0 2843 2843 0 2848 2848 0 2842 2842 0 2849 2849 0 2844 2844 0 2850 2850 0 2843 2843 0 2850 2850 0 2849 2849 0 2843 2843 0 2704 2704 0 2708 2708 0 2850 2850 0 2844 2844 0 2704 2704 0 2850 2850 0 2707 2707 0 2845 2845 0 2711 2711 0 2713 2713 0 2711 2711 0 2845 2845 0 2713 2713 0 2845 2845 0 2851 2851 0 2851 2851 0 2845 2845 0 2846 2846 0 2852 2852 0 2846 2846 0 2847 2847 0 2851 2851 0 2846 2846 0 2852 2852 0 2854 2854 0 2848 2848 0 2849 2849 0 2853 2853 0 2848 2848 0 2854 2854 0 2850 2850 0 2855 2855 0 2849 2849 0 2855 2855 0 2854 2854 0 2849 2849 0 2708 2708 0 2714 2714 0 2855 2855 0 2850 2850 0 2708 2708 0 2855 2855 0 2851 2851 0 2856 2856 0 2718 2718 0 2713 2713 0 2851 2851 0 2718 2718 0 2857 2857 0 2851 2851 0 2852 2852 0 2857 2857 0 2858 2858 0 2851 2851 0 2858 2858 0 2856 2856 0 2851 2851 0 2857 2857 0 2859 2859 0 2858 2858 0 2861 2861 0 2853 2853 0 2854 2854 0 2860 2860 0 2853 2853 0 2861 2861 0 2719 2719 0 2720 2720 0 2861 2861 0 2719 2719 0 2861 2861 0 2855 2855 0 2855 2855 0 2861 2861 0 2854 2854 0 2714 2714 0 2719 2719 0 2855 2855 0 2856 2856 0 2862 2862 0 2724 2724 0 2718 2718 0 2856 2856 0 2724 2724 0 2858 2858 0 2863 2863 0 2856 2856 0 2863 2863 0 2862 2862 0 2856 2856 0 2864 2864 0 2858 2858 0 2859 2859 0 2863 2863 0 2858 2858 0 2864 2864 0 2867 2867 0 2866 2866 0 2865 2865 0 2860 2860 0 2867 2867 0 2865 2865 0 2860 2860 0 2861 2861 0 2867 2867 0 2861 2861 0 2868 2868 0 2867 2867 0 2720 2720 0 2725 2725 0 2868 2868 0 2861 2861 0 2720 2720 0 2868 2868 0 2724 2724 0 2862 2862 0 2728 2728 0 2730 2730 0 2728 2728 0 2862 2862 0 2730 2730 0 2862 2862 0 2869 2869 0 2869 2869 0 2862 2862 0 2863 2863 0 2870 2870 0 2863 2863 0 2864 2864 0 2870 2870 0 2871 2871 0 2863 2863 0 2871 2871 0 2869 2869 0 2863 2863 0 2870 2870 0 2872 2872 0 2871 2871 0 2875 2875 0 2874 2874 0 2873 2873 0 2866 2866 0 2875 2875 0 2873 2873 0 2866 2866 0 2867 2867 0 2875 2875 0 2867 2867 0 2876 2876 0 2875 2875 0 2731 2731 0 2732 2732 0 2876 2876 0 2731 2731 0 2876 2876 0 2868 2868 0 2868 2868 0 2876 2876 0 2867 2867 0 2725 2725 0 2731 2731 0 2868 2868 0 2869 2869 0 2877 2877 0 2736 2736 0 2730 2730 0 2869 2869 0 2736 2736 0 2871 2871 0 2878 2878 0 2869 2869 0 2878 2878 0 2877 2877 0 2869 2869 0 2879 2879 0 2871 2871 0 2872 2872 0 2879 2879 0 2880 2880 0 2871 2871 0 2880 2880 0 2878 2878 0 2871 2871 0 2879 2879 0 2881 2881 0 2880 2880 0 2884 2884 0 2883 2883 0 2882 2882 0 2874 2874 0 2884 2884 0 2882 2882 0 2874 2874 0 2875 2875 0 2884 2884 0 2875 2875 0 2885 2885 0 2884 2884 0 2737 2737 0 2738 2738 0 2885 2885 0 2737 2737 0 2885 2885 0 2876 2876 0 2876 2876 0 2885 2885 0 2875 2875 0 2732 2732 0 2737 2737 0 2876 2876 0 2736 2736 0 2877 2877 0 2741 2741 0 2743 2743 0 2741 2741 0 2877 2877 0 2878 2878 0 2743 2743 0 2877 2877 0 2745 2745 0 2743 2743 0 2878 2878 0 2745 2745 0 2878 2878 0 2886 2886 0 2886 2886 0 2878 2878 0 2880 2880 0 2887 2887 0 2880 2880 0 2881 2881 0 2887 2887 0 2888 2888 0 2880 2880 0 2888 2888 0 2886 2886 0 2880 2880 0 2888 2888 0 2889 2889 0 2890 2890 0 2887 2887 0 2889 2889 0 2888 2888 0 2889 2889 0 2891 2891 0 2890 2890 0 2894 2894 0 2893 2893 0 2892 2892 0 2883 2883 0 2894 2894 0 2892 2892 0 2883 2883 0 2884 2884 0 2894 2894 0 2884 2884 0 2895 2895 0 2894 2894 0 2746 2746 0 2747 2747 0 2895 2895 0 2746 2746 0 2895 2895 0 2885 2885 0 2885 2885 0 2895 2895 0 2884 2884 0 2738 2738 0 2746 2746 0 2885 2885 0 2745 2745 0 2886 2886 0 2751 2751 0 2753 2753 0 2751 2751 0 2886 2886 0 2753 2753 0 2886 2886 0 2896 2896 0 2896 2896 0 2886 2886 0 2888 2888 0 2890 2890 0 2897 2897 0 2888 2888 0 2897 2897 0 2896 2896 0 2888 2888 0 2898 2898 0 2890 2890 0 2891 2891 0 2898 2898 0 2899 2899 0 2890 2890 0 2899 2899 0 2897 2897 0 2890 2890 0 2899 2899 0 2900 2900 0 2901 2901 0 2898 2898 0 2900 2900 0 2899 2899 0 2901 2901 0 2902 2902 0 2903 2903 0 2900 2900 0 2902 2902 0 2901 2901 0 2903 2903 0 2904 2904 0 2905 2905 0 2902 2902 0 2904 2904 0 2903 2903 0 2905 2905 0 2906 2906 0 2907 2907 0 2904 2904 0 2906 2906 0 2905 2905 0 2893 2893 0 2907 2907 0 2906 2906 0 2893 2893 0 2894 2894 0 2907 2907 0 2894 2894 0 2908 2908 0 2907 2907 0 2754 2754 0 2755 2755 0 2908 2908 0 2754 2754 0 2908 2908 0 2895 2895 0 2895 2895 0 2908 2908 0 2894 2894 0 2747 2747 0 2754 2754 0 2895 2895 0 2753 2753 0 2896 2896 0 2758 2758 0 2760 2760 0 2758 2758 0 2896 2896 0 2897 2897 0 2760 2760 0 2896 2896 0 2762 2762 0 2760 2760 0 2897 2897 0 2899 2899 0 2762 2762 0 2897 2897 0 2764 2764 0 2762 2762 0 2899 2899 0 2901 2901 0 2764 2764 0 2899 2899 0 2766 2766 0 2764 2764 0 2901 2901 0 2903 2903 0 2766 2766 0 2901 2901 0 2768 2768 0 2766 2766 0 2903 2903 0 2905 2905 0 2768 2768 0 2903 2903 0 2770 2770 0 2768 2768 0 2905 2905 0 2907 2907 0 2770 2770 0 2905 2905 0 2772 2772 0 2770 2770 0 2907 2907 0 2908 2908 0 2772 2772 0 2907 2907 0 2755 2755 0 2772 2772 0 2908 2908 0 2794 2794 0 2909 2909 0 2795 2795 0 2794 2794 0 2796 2796 0 2910 2910 0 2909 2909 0 2794 2794 0 2910 2910 0 2796 2796 0 2797 2797 0 2911 2911 0 2910 2910 0 2796 2796 0 2911 2911 0 2797 2797 0 2798 2798 0 2912 2912 0 2911 2911 0 2797 2797 0 2912 2912 0 2798 2798 0 2799 2799 0 2913 2913 0 2912 2912 0 2798 2798 0 2913 2913 0 2799 2799 0 2800 2800 0 2914 2914 0 2913 2913 0 2799 2799 0 2914 2914 0 2800 2800 0 2801 2801 0 2914 2914 0 2806 2806 0 2915 2915 0 2807 2807 0 2806 2806 0 2808 2808 0 2916 2916 0 2915 2915 0 2806 2806 0 2916 2916 0 2808 2808 0 2795 2795 0 2909 2909 0 2808 2808 0 2909 2909 0 2916 2916 0 2916 2916 0 2909 2909 0 2917 2917 0 2910 2910 0 2918 2918 0 2909 2909 0 2918 2918 0 2917 2917 0 2909 2909 0 2911 2911 0 2919 2919 0 2910 2910 0 2919 2919 0 2918 2918 0 2910 2910 0 2912 2912 0 2920 2920 0 2911 2911 0 2920 2920 0 2919 2919 0 2911 2911 0 2913 2913 0 2921 2921 0 2912 2912 0 2921 2921 0 2920 2920 0 2912 2912 0 2914 2914 0 2922 2922 0 2913 2913 0 2922 2922 0 2921 2921 0 2913 2913 0 2801 2801 0 2809 2809 0 2923 2923 0 2801 2801 0 2923 2923 0 2914 2914 0 2914 2914 0 2923 2923 0 2922 2922 0 2809 2809 0 2810 2810 0 2923 2923 0 2814 2814 0 2924 2924 0 2815 2815 0 2814 2814 0 2807 2807 0 2915 2915 0 2814 2814 0 2915 2915 0 2924 2924 0 2924 2924 0 2915 2915 0 2925 2925 0 2916 2916 0 2926 2926 0 2915 2915 0 2926 2926 0 2925 2925 0 2915 2915 0 2917 2917 0 2927 2927 0 2916 2916 0 2927 2927 0 2926 2926 0 2916 2916 0 2929 2929 0 2918 2918 0 2928 2928 0 2929 2929 0 2927 2927 0 2918 2918 0 2927 2927 0 2917 2917 0 2918 2918 0 2919 2919 0 2928 2928 0 2918 2918 0 2930 2930 0 2928 2928 0 2919 2919 0 2920 2920 0 2930 2930 0 2919 2919 0 2931 2931 0 2930 2930 0 2920 2920 0 2921 2921 0 2931 2931 0 2920 2920 0 2932 2932 0 2931 2931 0 2921 2921 0 2932 2932 0 2934 2934 0 2933 2933 0 2932 2932 0 2921 2921 0 2934 2934 0 2921 2921 0 2922 2922 0 2934 2934 0 2923 2923 0 2935 2935 0 2922 2922 0 2935 2935 0 2934 2934 0 2922 2922 0 2810 2810 0 2816 2816 0 2936 2936 0 2810 2810 0 2936 2936 0 2923 2923 0 2923 2923 0 2936 2936 0 2935 2935 0 2816 2816 0 2817 2817 0 2936 2936 0 2924 2924 0 2937 2937 0 2822 2822 0 2815 2815 0 2924 2924 0 2822 2822 0 2925 2925 0 2938 2938 0 2924 2924 0 2938 2938 0 2937 2937 0 2924 2924 0 2926 2926 0 2939 2939 0 2925 2925 0 2939 2939 0 2938 2938 0 2925 2925 0 2941 2941 0 2927 2927 0 2940 2940 0 2941 2941 0 2939 2939 0 2927 2927 0 2939 2939 0 2926 2926 0 2927 2927 0 2929 2929 0 2940 2940 0 2927 2927 0 2934 2934 0 2942 2942 0 2933 2933 0 2942 2942 0 2944 2944 0 2943 2943 0 2942 2942 0 2934 2934 0 2944 2944 0 2934 2934 0 2935 2935 0 2944 2944 0 2936 2936 0 2945 2945 0 2935 2935 0 2945 2945 0 2944 2944 0 2935 2935 0 2817 2817 0 2823 2823 0 2946 2946 0 2817 2817 0 2946 2946 0 2936 2936 0 2936 2936 0 2946 2946 0 2945 2945 0 2823 2823 0 2824 2824 0 2946 2946 0 2828 2828 0 2947 2947 0 2829 2829 0 2828 2828 0 2822 2822 0 2937 2937 0 2828 2828 0 2937 2937 0 2947 2947 0 2947 2947 0 2937 2937 0 2948 2948 0 2938 2938 0 2949 2949 0 2937 2937 0 2949 2949 0 2948 2948 0 2937 2937 0 2951 2951 0 2939 2939 0 2950 2950 0 2951 2951 0 2949 2949 0 2939 2939 0 2949 2949 0 2938 2938 0 2939 2939 0 2941 2941 0 2950 2950 0 2939 2939 0 2944 2944 0 2952 2952 0 2943 2943 0 2952 2952 0 2954 2954 0 2953 2953 0 2952 2952 0 2944 2944 0 2954 2954 0 2944 2944 0 2945 2945 0 2954 2954 0 2946 2946 0 2955 2955 0 2945 2945 0 2955 2955 0 2954 2954 0 2945 2945 0 2824 2824 0 2830 2830 0 2955 2955 0 2946 2946 0 2824 2824 0 2955 2955 0 2947 2947 0 2956 2956 0 2834 2834 0 2829 2829 0 2947 2947 0 2834 2834 0 2948 2948 0 2957 2957 0 2947 2947 0 2957 2957 0 2956 2956 0 2947 2947 0 2949 2949 0 2958 2958 0 2948 2948 0 2958 2958 0 2957 2957 0 2948 2948 0 2959 2959 0 2949 2949 0 2951 2951 0 2958 2958 0 2949 2949 0 2959 2959 0 2961 2961 0 2953 2953 0 2954 2954 0 2960 2960 0 2953 2953 0 2961 2961 0 2955 2955 0 2962 2962 0 2954 2954 0 2962 2962 0 2961 2961 0 2954 2954 0 2830 2830 0 2835 2835 0 2963 2963 0 2830 2830 0 2963 2963 0 2955 2955 0 2955 2955 0 2963 2963 0 2962 2962 0 2835 2835 0 2836 2836 0 2963 2963 0 2956 2956 0 2964 2964 0 2841 2841 0 2834 2834 0 2956 2956 0 2841 2841 0 2957 2957 0 2965 2965 0 2956 2956 0 2965 2965 0 2964 2964 0 2956 2956 0 2967 2967 0 2958 2958 0 2966 2966 0 2967 2967 0 2965 2965 0 2958 2958 0 2965 2965 0 2957 2957 0 2958 2958 0 2959 2959 0 2966 2966 0 2958 2958 0 2961 2961 0 2968 2968 0 2960 2960 0 2968 2968 0 2970 2970 0 2969 2969 0 2968 2968 0 2961 2961 0 2970 2970 0 2961 2961 0 2962 2962 0 2970 2970 0 2963 2963 0 2971 2971 0 2962 2962 0 2971 2971 0 2970 2970 0 2962 2962 0 2836 2836 0 2842 2842 0 2971 2971 0 2963 2963 0 2836 2836 0 2971 2971 0 2964 2964 0 2972 2972 0 2847 2847 0 2841 2841 0 2964 2964 0 2847 2847 0 2965 2965 0 2973 2973 0 2964 2964 0 2973 2973 0 2972 2972 0 2964 2964 0 2974 2974 0 2965 2965 0 2967 2967 0 2973 2973 0 2965 2965 0 2974 2974 0 2976 2976 0 2969 2969 0 2970 2970 0 2975 2975 0 2969 2969 0 2976 2976 0 2971 2971 0 2977 2977 0 2970 2970 0 2977 2977 0 2976 2976 0 2970 2970 0 2842 2842 0 2848 2848 0 2977 2977 0 2971 2971 0 2842 2842 0 2977 2977 0 2972 2972 0 2978 2978 0 2852 2852 0 2847 2847 0 2972 2972 0 2852 2852 0 2973 2973 0 2979 2979 0 2972 2972 0 2979 2979 0 2978 2978 0 2972 2972 0 2980 2980 0 2973 2973 0 2974 2974 0 2980 2980 0 2981 2981 0 2973 2973 0 2981 2981 0 2979 2979 0 2973 2973 0 2980 2980 0 2982 2982 0 2981 2981 0 2985 2985 0 2984 2984 0 2983 2983 0 2975 2975 0 2985 2985 0 2983 2983 0 2975 2975 0 2976 2976 0 2985 2985 0 2976 2976 0 2986 2986 0 2985 2985 0 2977 2977 0 2987 2987 0 2976 2976 0 2987 2987 0 2986 2986 0 2976 2976 0 2848 2848 0 2853 2853 0 2987 2987 0 2977 2977 0 2848 2848 0 2987 2987 0 2852 2852 0 2978 2978 0 2857 2857 0 2859 2859 0 2857 2857 0 2978 2978 0 2859 2859 0 2978 2978 0 2988 2988 0 2988 2988 0 2978 2978 0 2979 2979 0 2981 2981 0 2989 2989 0 2979 2979 0 2989 2989 0 2988 2988 0 2979 2979 0 2990 2990 0 2981 2981 0 2982 2982 0 2989 2989 0 2981 2981 0 2990 2990 0 2992 2992 0 2984 2984 0 2985 2985 0 2991 2991 0 2984 2984 0 2992 2992 0 2986 2986 0 2993 2993 0 2985 2985 0 2993 2993 0 2992 2992 0 2985 2985 0 2987 2987 0 2994 2994 0 2986 2986 0 2994 2994 0 2993 2993 0 2986 2986 0 2853 2853 0 2860 2860 0 2994 2994 0 2987 2987 0 2853 2853 0 2994 2994 0 2988 2988 0 2995 2995 0 2864 2864 0 2859 2859 0 2988 2988 0 2864 2864 0 2989 2989 0 2996 2996 0 2988 2988 0 2996 2996 0 2995 2995 0 2988 2988 0 2997 2997 0 2989 2989 0 2990 2990 0 2997 2997 0 2998 2998 0 2989 2989 0 2998 2998 0 2996 2996 0 2989 2989 0 2997 2997 0 2999 2999 0 2998 2998 0 3002 3002 0 3001 3001 0 3000 3000 0 2991 2991 0 3002 3002 0 3000 3000 0 2991 2991 0 2992 2992 0 3002 3002 0 2992 2992 0 3003 3003 0 3002 3002 0 2993 2993 0 3004 3004 0 2992 2992 0 3004 3004 0 3003 3003 0 2992 2992 0 2865 2865 0 2866 2866 0 3004 3004 0 2865 2865 0 3004 3004 0 2994 2994 0 2994 2994 0 3004 3004 0 2993 2993 0 2860 2860 0 2865 2865 0 2994 2994 0 2864 2864 0 2995 2995 0 2870 2870 0 2872 2872 0 2870 2870 0 2995 2995 0 2872 2872 0 2995 2995 0 3005 3005 0 3005 3005 0 2995 2995 0 2996 2996 0 2998 2998 0 3006 3006 0 2996 2996 0 3006 3006 0 3005 3005 0 2996 2996 0 3007 3007 0 2998 2998 0 2999 2999 0 3007 3007 0 3008 3008 0 2998 2998 0 3008 3008 0 3006 3006 0 2998 2998 0 3008 3008 0 3009 3009 0 3010 3010 0 3007 3007 0 3009 3009 0 3008 3008 0 3010 3010 0 3011 3011 0 3012 3012 0 3009 3009 0 3011 3011 0 3010 3010 0 3011 3011 0 3013 3013 0 3012 3012 0 3016 3016 0 3015 3015 0 3014 3014 0 3001 3001 0 3016 3016 0 3014 3014 0 3001 3001 0 3002 3002 0 3016 3016 0 3002 3002 0 3017 3017 0 3016 3016 0 3003 3003 0 3018 3018 0 3002 3002 0 3018 3018 0 3017 3017 0 3002 3002 0 2873 2873 0 2874 2874 0 3018 3018 0 2873 2873 0 3018 3018 0 3004 3004 0 3004 3004 0 3018 3018 0 3003 3003 0 2866 2866 0 2873 2873 0 3004 3004 0 2872 2872 0 3005 3005 0 2879 2879 0 2881 2881 0 2879 2879 0 3005 3005 0 2881 2881 0 3005 3005 0 3019 3019 0 3019 3019 0 3005 3005 0 3006 3006 0 3008 3008 0 3020 3020 0 3006 3006 0 3020 3020 0 3019 3019 0 3006 3006 0 3010 3010 0 3021 3021 0 3008 3008 0 3021 3021 0 3020 3020 0 3008 3008 0 3012 3012 0 3022 3022 0 3010 3010 0 3022 3022 0 3021 3021 0 3010 3010 0 3023 3023 0 3012 3012 0 3013 3013 0 3023 3023 0 3024 3024 0 3012 3012 0 3024 3024 0 3022 3022 0 3012 3012 0 3024 3024 0 3025 3025 0 3026 3026 0 3023 3023 0 3025 3025 0 3024 3024 0 3015 3015 0 3026 3026 0 3025 3025 0 3015 3015 0 3016 3016 0 3026 3026 0 3016 3016 0 3027 3027 0 3026 3026 0 3017 3017 0 3028 3028 0 3016 3016 0 3028 3028 0 3027 3027 0 3016 3016 0 2882 2882 0 2883 2883 0 3028 3028 0 2882 2882 0 3028 3028 0 3018 3018 0 3018 3018 0 3028 3028 0 3017 3017 0 2874 2874 0 2882 2882 0 3018 3018 0 2881 2881 0 3019 3019 0 2887 2887 0 2889 2889 0 2887 2887 0 3019 3019 0 3020 3020 0 2889 2889 0 3019 3019 0 2891 2891 0 2889 2889 0 3020 3020 0 2891 2891 0 3020 3020 0 3029 3029 0 3029 3029 0 3020 3020 0 3021 3021 0 3022 3022 0 3030 3030 0 3021 3021 0 3030 3030 0 3029 3029 0 3021 3021 0 3024 3024 0 3031 3031 0 3022 3022 0 3031 3031 0 3030 3030 0 3022 3022 0 3026 3026 0 3032 3032 0 3024 3024 0 3032 3032 0 3031 3031 0 3024 3024 0 3027 3027 0 3033 3033 0 3026 3026 0 3033 3033 0 3032 3032 0 3026 3026 0 2892 2892 0 2893 2893 0 3033 3033 0 2892 2892 0 3033 3033 0 3028 3028 0 3028 3028 0 3033 3033 0 3027 3027 0 2883 2883 0 2892 2892 0 3028 3028 0 2891 2891 0 3029 3029 0 2898 2898 0 2900 2900 0 2898 2898 0 3029 3029 0 3030 3030 0 2900 2900 0 3029 3029 0 2902 2902 0 2900 2900 0 3030 3030 0 3031 3031 0 2902 2902 0 3030 3030 0 2904 2904 0 2902 2902 0 3031 3031 0 3032 3032 0 2904 2904 0 3031 3031 0 2906 2906 0 2904 2904 0 3032 3032 0 3033 3033 0 2906 2906 0 3032 3032 0 2893 2893 0 2906 2906 0 3033 3033 0 2928 2928 0 3034 3034 0 2929 2929 0 2928 2928 0 2930 2930 0 3035 3035 0 3034 3034 0 2928 2928 0 3035 3035 0 2930 2930 0 2931 2931 0 3036 3036 0 3035 3035 0 2930 2930 0 3036 3036 0 2931 2931 0 2932 2932 0 3037 3037 0 3036 3036 0 2931 2931 0 3037 3037 0 2932 2932 0 2933 2933 0 3037 3037 0 2940 2940 0 3038 3038 0 2941 2941 0 2940 2940 0 2929 2929 0 3034 3034 0 2940 2940 0 3034 3034 0 3038 3038 0 3038 3038 0 3034 3034 0 3039 3039 0 3035 3035 0 3040 3040 0 3034 3034 0 3040 3040 0 3039 3039 0 3034 3034 0 3036 3036 0 3041 3041 0 3035 3035 0 3041 3041 0 3040 3040 0 3035 3035 0 3037 3037 0 3042 3042 0 3036 3036 0 3042 3042 0 3041 3041 0 3036 3036 0 2933 2933 0 2942 2942 0 3043 3043 0 2933 2933 0 3043 3043 0 3037 3037 0 3037 3037 0 3043 3043 0 3042 3042 0 2942 2942 0 2943 2943 0 3043 3043 0 2950 2950 0 3044 3044 0 2951 2951 0 2950 2950 0 2941 2941 0 3038 3038 0 2950 2950 0 3038 3038 0 3044 3044 0 3044 3044 0 3038 3038 0 3045 3045 0 3039 3039 0 3046 3046 0 3038 3038 0 3046 3046 0 3045 3045 0 3038 3038 0 3040 3040 0 3047 3047 0 3039 3039 0 3047 3047 0 3046 3046 0 3039 3039 0 3041 3041 0 3048 3048 0 3040 3040 0 3048 3048 0 3047 3047 0 3040 3040 0 3042 3042 0 3049 3049 0 3041 3041 0 3049 3049 0 3048 3048 0 3041 3041 0 3043 3043 0 3050 3050 0 3042 3042 0 3050 3050 0 3049 3049 0 3042 3042 0 2943 2943 0 2952 2952 0 3051 3051 0 2943 2943 0 3051 3051 0 3043 3043 0 3043 3043 0 3051 3051 0 3050 3050 0 2952 2952 0 2953 2953 0 3051 3051 0 3044 3044 0 3052 3052 0 2959 2959 0 2951 2951 0 3044 3044 0 2959 2959 0 3045 3045 0 3053 3053 0 3044 3044 0 3053 3053 0 3052 3052 0 3044 3044 0 3046 3046 0 3054 3054 0 3045 3045 0 3054 3054 0 3053 3053 0 3045 3045 0 3047 3047 0 3055 3055 0 3046 3046 0 3055 3055 0 3054 3054 0 3046 3046 0 3048 3048 0 3056 3056 0 3047 3047 0 3056 3056 0 3055 3055 0 3047 3047 0 3049 3049 0 3057 3057 0 3048 3048 0 3057 3057 0 3056 3056 0 3048 3048 0 3050 3050 0 3058 3058 0 3049 3049 0 3058 3058 0 3057 3057 0 3049 3049 0 3051 3051 0 3059 3059 0 3050 3050 0 3059 3059 0 3058 3058 0 3050 3050 0 2953 2953 0 2960 2960 0 3059 3059 0 3051 3051 0 2953 2953 0 3059 3059 0 2966 2966 0 3060 3060 0 2967 2967 0 2966 2966 0 2959 2959 0 3052 3052 0 2966 2966 0 3052 3052 0 3060 3060 0 3060 3060 0 3052 3052 0 3061 3061 0 3053 3053 0 3062 3062 0 3052 3052 0 3062 3062 0 3061 3061 0 3052 3052 0 3054 3054 0 3063 3063 0 3053 3053 0 3063 3063 0 3062 3062 0 3053 3053 0 3055 3055 0 3064 3064 0 3054 3054 0 3064 3064 0 3063 3063 0 3054 3054 0 3056 3056 0 3065 3065 0 3055 3055 0 3065 3065 0 3064 3064 0 3055 3055 0 3057 3057 0 3066 3066 0 3056 3056 0 3066 3066 0 3065 3065 0 3056 3056 0 3058 3058 0 3067 3067 0 3057 3057 0 3067 3067 0 3066 3066 0 3057 3057 0 3059 3059 0 3068 3068 0 3058 3058 0 3068 3068 0 3067 3067 0 3058 3058 0 2960 2960 0 2968 2968 0 3069 3069 0 2960 2960 0 3069 3069 0 3059 3059 0 3059 3059 0 3069 3069 0 3068 3068 0 2968 2968 0 2969 2969 0 3069 3069 0 3060 3060 0 3070 3070 0 2974 2974 0 2967 2967 0 3060 3060 0 2974 2974 0 3061 3061 0 3071 3071 0 3060 3060 0 3071 3071 0 3070 3070 0 3060 3060 0 3062 3062 0 3072 3072 0 3061 3061 0 3072 3072 0 3071 3071 0 3061 3061 0 3063 3063 0 3073 3073 0 3062 3062 0 3073 3073 0 3072 3072 0 3062 3062 0 3064 3064 0 3074 3074 0 3063 3063 0 3074 3074 0 3073 3073 0 3063 3063 0 3065 3065 0 3075 3075 0 3064 3064 0 3075 3075 0 3074 3074 0 3064 3064 0 3066 3066 0 3076 3076 0 3065 3065 0 3076 3076 0 3075 3075 0 3065 3065 0 3067 3067 0 3077 3077 0 3066 3066 0 3077 3077 0 3076 3076 0 3066 3066 0 3068 3068 0 3078 3078 0 3067 3067 0 3078 3078 0 3077 3077 0 3067 3067 0 3069 3069 0 3079 3079 0 3068 3068 0 3079 3079 0 3078 3078 0 3068 3068 0 2969 2969 0 2975 2975 0 3079 3079 0 3069 3069 0 2969 2969 0 3079 3079 0 2974 2974 0 3070 3070 0 2980 2980 0 2982 2982 0 2980 2980 0 3070 3070 0 2982 2982 0 3070 3070 0 3080 3080 0 3080 3080 0 3070 3070 0 3071 3071 0 3072 3072 0 3081 3081 0 3071 3071 0 3081 3081 0 3080 3080 0 3071 3071 0 3073 3073 0 3082 3082 0 3072 3072 0 3082 3082 0 3081 3081 0 3072 3072 0 3074 3074 0 3083 3083 0 3073 3073 0 3083 3083 0 3082 3082 0 3073 3073 0 3075 3075 0 3084 3084 0 3074 3074 0 3084 3084 0 3083 3083 0 3074 3074 0 3076 3076 0 3085 3085 0 3075 3075 0 3085 3085 0 3084 3084 0 3075 3075 0 3077 3077 0 3086 3086 0 3076 3076 0 3086 3086 0 3085 3085 0 3076 3076 0 3078 3078 0 3087 3087 0 3077 3077 0 3087 3087 0 3086 3086 0 3077 3077 0 2983 2983 0 2984 2984 0 3087 3087 0 2983 2983 0 3087 3087 0 3079 3079 0 3079 3079 0 3087 3087 0 3078 3078 0 2975 2975 0 2983 2983 0 3079 3079 0 3080 3080 0 3088 3088 0 2990 2990 0 2982 2982 0 3080 3080 0 2990 2990 0 3081 3081 0 3089 3089 0 3080 3080 0 3089 3089 0 3088 3088 0 3080 3080 0 3082 3082 0 3090 3090 0 3081 3081 0 3090 3090 0 3089 3089 0 3081 3081 0 3083 3083 0 3091 3091 0 3082 3082 0 3091 3091 0 3090 3090 0 3082 3082 0 3084 3084 0 3092 3092 0 3083 3083 0 3092 3092 0 3091 3091 0 3083 3083 0 3085 3085 0 3093 3093 0 3084 3084 0 3093 3093 0 3092 3092 0 3084 3084 0 3086 3086 0 3094 3094 0 3085 3085 0 3094 3094 0 3093 3093 0 3085 3085 0 3087 3087 0 3095 3095 0 3086 3086 0 3095 3095 0 3094 3094 0 3086 3086 0 2984 2984 0 2991 2991 0 3095 3095 0 3087 3087 0 2984 2984 0 3095 3095 0 2990 2990 0 3088 3088 0 2997 2997 0 2999 2999 0 2997 2997 0 3088 3088 0 2999 2999 0 3088 3088 0 3096 3096 0 3096 3096 0 3088 3088 0 3089 3089 0 3090 3090 0 3097 3097 0 3089 3089 0 3097 3097 0 3096 3096 0 3089 3089 0 3091 3091 0 3098 3098 0 3090 3090 0 3098 3098 0 3097 3097 0 3090 3090 0 3092 3092 0 3099 3099 0 3091 3091 0 3099 3099 0 3098 3098 0 3091 3091 0 3093 3093 0 3100 3100 0 3092 3092 0 3100 3100 0 3099 3099 0 3092 3092 0 3094 3094 0 3101 3101 0 3093 3093 0 3101 3101 0 3100 3100 0 3093 3093 0 3000 3000 0 3001 3001 0 3101 3101 0 3000 3000 0 3101 3101 0 3095 3095 0 3095 3095 0 3101 3101 0 3094 3094 0 2991 2991 0 3000 3000 0 3095 3095 0 2999 2999 0 3096 3096 0 3007 3007 0 3009 3009 0 3007 3007 0 3096 3096 0 3097 3097 0 3009 3009 0 3096 3096 0 3011 3011 0 3009 3009 0 3097 3097 0 3098 3098 0 3011 3011 0 3097 3097 0 3013 3013 0 3011 3011 0 3098 3098 0 3013 3013 0 3098 3098 0 3102 3102 0 3102 3102 0 3098 3098 0 3099 3099 0 3100 3100 0 3103 3103 0 3099 3099 0 3103 3103 0 3102 3102 0 3099 3099 0 3014 3014 0 3015 3015 0 3103 3103 0 3014 3014 0 3103 3103 0 3101 3101 0 3101 3101 0 3103 3103 0 3100 3100 0 3001 3001 0 3014 3014 0 3101 3101 0 3013 3013 0 3102 3102 0 3023 3023 0 3025 3025 0 3023 3023 0 3102 3102 0 3103 3103 0 3025 3025 0 3102 3102 0 3015 3015 0 3025 3025 0 3103 3103 0 3104 3104 0 3105 3104 0 3106 3104 0</p>
        </polylist>
      </mesh>
    </geometry>

    <geometry id="floor-mesh" name="floor">
      <mesh>
        <source id="floor-mesh-positions">
          <float_array id="floor-mesh-positions-array" count="12">4 0 -4 4 0 4 -4 0 4 -4 0 -4</float_array>
          <technique_common>
            <accessor source="#floor-mesh-positions-array" count="4" stride="3">
              <param name="X" type="float"/>
              <param name="Y" type="float"/>
              <param name="Z" type="float"/>
            </accessor>
          </technique_common>
        </source>
        <source id="floor-mesh-normals">
          <float_array id="floor-mesh-normals-array" count="6">0 1 0 0 1 0</float_array>
          <technique_common>
            <accessor source="#floor-mesh-normals-array" count="2" stride="3">
              <param name="X" type="float"/>
              <param name="Y" type="float"/>
              <param name="Z" type="float"/>
            </accessor>
          </technique_common>
        </source>
        <source id="floor-mesh-map-0">
          <float_array id="floor-mesh-map-0-array" count="12">0 1 0 1 0 1 0 1 0 1 0 1</float_array>
          <technique_common>
            <accessor source="#floor-mesh-map-0-array" count="6" stride="2">
              <param name="S" type="float"/>
              <param name="T" type="float"/>
            </accessor>
          </technique_common>
        </source>
        <vertices id="floor-mesh-vertices">
          <input semantic="POSITION" source="#floor-mesh-positions"/>
        </vertices>
        <polylist material="floor-material" count="2">
          <input semantic="VERTEX" source="#floor-mesh-vertices" offset="0"/>
          <input semantic="NORMAL" source="#floor-mesh-normals" offset="1"/>
          <input semantic="TEXCOORD" source="#floor-mesh-map-0" offset="2" set="0"/>
          <vcount>3 3 </vcount>
          <p>0 0 0 1 0 1 2 0 2 3 1 3 0 1 4 2 1 5</p>
        </polylist>
      </mesh>
    </geometry>
  </library_geometries>

  <library_visual_scenes>
    <visual_scene id="Scene" name="Scene">
      <node id="Camera" name="Camera" type="NODE">
        <matrix sid="transform">1 0 0 0 0 1 0 1 0 0 1 2.732 0 0 0 1</matrix>
        <instance_camera url="#Camera-camera"/>
      </node>

      <node id="Area" name="Area" type="NODE">
        <matrix sid="transform">0.3 0 0 2 0 0.3 0 3 0 0 0.3 2 0 0 0 1</matrix>
        <instance_light url="#Area-light"/>
      </node>

      <node id="Slime" name="Slime" type="NODE">
        <matrix sid="transform">1 0 0 0 0 1 0 0 0 0 1 0 0 0 0 1</matrix>
        <instance_geometry url="#Slime-data">
          <bind_material>
            <technique_common>
              <instance_material symbol="slime-material" target="#slime-material"/>
            </technique_common>
          </bind_material>
        </instance_geometry>
      </node>
    </visual_scene>
  </library_visual_scenes>

  <scene>
    <instance_visual_scene url="#Scene"/>
  </scene>
</COLLADA>
