<?xml version="1.0" encoding="utf-8"?>
<COLLADA xmlns="http://www.collada.org/2005/11/COLLADASchema" version="1.4.1">
  <asset>
    <contributor><author>Slimelight</author></contributor>
    <created>2026-04-20T00:00:00</created>
    <modified>2026-04-20T00:00:00</modified>
    <unit name="meter" meter="1"/>
    <up_axis>Y_UP</up_axis>
  </asset>

  <library_lights>
    <light id="Area-light" name="Light">
      <technique_common>
        <point>
          <color sid="color">0 0 0</color>
          <constant_attenuation>1</constant_attenuation>
          <linear_attenuation>0</linear_attenuation>
          <quadratic_attenuation>0.001599967</quadratic_attenuation>
        </point>
      </technique_common>
      <extra>
        <technique profile="CGL">
          <area>
            <color sid="color">0 0 0</color>
          </area>
        </technique>
      </extra>
    </light>
  </library_lights>

  <library_cameras>
    <camera id="Camera-camera" name="Camera">
      <optics>
        <technique_common>
          <perspective>
            <xfov sid="xfov">42.0</xfov>
            <aspect_ratio>1.333333</aspect_ratio>
            <znear sid="znear">0.1</znear>
            <zfar sid="zfar">100</zfar>
          </perspective>
        </technique_common>
      </optics>
    </camera>
  </library_cameras>

  <library_images/>

  <library_effects>
    <effect id="slime-effect">
      <profile_COMMON>
        <technique sid="common">
          <phong>
            <emission><color sid="emission">0 0 0 1</color></emission>
            <ambient><color sid="ambient">0 0 0 1</color></ambient>
            <diffuse><color sid="diffuse">0.5 0.3 0.7 1</color></diffuse>
            <specular><color sid="specular">0.5 0.5 0.5 1</color></specular>
            <shininess><float sid="shininess">50</float></shininess>
            <index_of_refraction><float sid="ior">1.4</float></index_of_refraction>
          </phong>
        </technique>
      </profile_COMMON>
      <extra>
        <technique profile="CGL">
          <glass>
            <reflectance>1 1 1</reflectance>
            <transmittance>1 1 1</transmittance>
            <roughness>0</roughness>
            <ior>1.2</ior>
            <dispersion>0.005</dispersion>
            <sigma_a>0.5 0.05 0.5</sigma_a>
            <sigma_s>0.05 0.05 0.05</sigma_s>
            <phase_g>0.0</phase_g>
          </glass>
        </technique>
      </extra>
    </effect>

    <effect id="floor-effect">
      <profile_COMMON>
        <technique sid="common">
          <phong>
            <emission><color sid="emission">0 0 0 1</color></emission>
            <ambient><color sid="ambient">0 0 0 1</color></ambient>
            <diffuse><color sid="diffuse">0.7 0.7 0.7 1</color></diffuse>
            <specular><color sid="specular">0 0 0 1</color></specular>
            <shininess><float sid="shininess">1</float></shininess>
            <index_of_refraction><float sid="ior">1</float></index_of_refraction>
          </phong>
        </technique>
      </profile_COMMON>
    </effect>
  </library_effects>

  <library_materials>
    <material id="slime-material" name="slime">
      <instance_effect url="#slime-effect"/>
    </material>
    <material id="floor-material" name="floor">
      <instance_effect url="#floor-effect"/>
    </material>
  </library_materials>

  <library_geometries>
    <geometry id="Slime-data" name="Slime">
      <mesh>
        <source id="Slime-positions">
          <float_array id="Slime-positions-array" count="9339">-0.100682 2.332183 0.785289 -0.133303 2.318462 0.752155 -0.063283 2.308586 0.734438 -0.034229 2.334025 0.792201 0.018557 2.310409 0.743237 0.044949 2.335381 0.795820 0.093753 2.312456 0.746915 0.120109 2.336404 0.794180 0.161695 2.315714 0.749276 0.176909 2.335085 0.786752 -0.329100 2.325488 0.709528 -0.358301 2.315480 0.669369 -0.292895 2.303247 0.657365 -0.267390 2.322120 0.724002 -0.211853 2.300405 0.676206 -0.194172 2.318948 0.738623 -0.128514 2.298501 0.691037 -0.055740 2.290484 0.673763 0.004352 2.292244 0.684445 0.077172 2.294138 0.690037 0.151132 2.297518 0.694237 0.210952 2.323030 0.757098 0.227986 2.305195 0.702636 0.266846 2.326308 0.744794 0.305807 2.309957 0.692124 0.322178 2.328621 0.730742 -0.404890 2.319364 0.653257 -0.432340 2.312395 0.611281 -0.359605 2.298352 0.601535 -0.284383 2.287953 0.592774 -0.224932 2.286781 0.609728 -0.151193 2.284766 0.620621 -0.076393 2.282062 0.623142 -0.005255 2.280463 0.623593 0.065909 2.281235 0.627379 0.140114 2.283366 0.630551 0.216250 2.287402 0.633431 0.294160 2.293198 0.633695 0.357030 2.318643 0.694642 0.374685 2.302904 0.635421 0.413962 2.324149 0.676488 0.456030 2.310857 0.616566 0.482317 2.334344 0.658630 0.518228 2.320782 0.606109 0.535928 2.340975 0.637749 -0.543377 2.323876 0.561702 -0.571572 2.317837 0.507477 -0.505198 2.304836 0.519238 -0.489080 2.318294 0.587574 -0.427625 2.296425 0.542281 -0.357911 2.285032 0.527511 -0.300305 2.281521 0.538646 -0.233315 2.277947 0.544713 -0.163592 2.276032 0.552499 -0.090199 2.274377 0.557322 -0.016360 2.273143 0.559416 0.057248 2.272940 0.561080 0.131753 2.273977 0.562967 0.207671 2.276318 0.564464 0.284768 2.280228 0.565004 0.362687 2.286216 0.564280 0.439904 2.294141 0.559851 0.510726 2.304497 0.554940 0.561430 2.332343 0.601602 0.564674 2.318583 0.559819 0.598010 2.336772 0.574645 -0.597549 2.311980 0.450790 -0.531523 2.296329 0.440726 -0.452624 2.287597 0.462108 -0.379703 2.280698 0.470447 -0.310951 2.275602 0.473603 -0.242768 2.272584 0.478820 -0.171936 2.270530 0.483508 -0.098954 2.269169 0.487439 -0.024555 2.268232 0.489891 0.050357 2.267839 0.491325 0.125693 2.268205 0.492407 0.201707 2.269507 0.493246 0.278391 2.271987 0.493602 0.355391 2.276050 0.493206 0.431886 2.282227 0.491726 0.506474 2.291470 0.490008 0.580288 2.306386 0.491774 0.619010 2.327590 0.524637 -0.639062 2.319085 0.426784 -0.657115 2.315670 0.380356 -0.591801 2.298398 0.375012 -0.520130 2.285092 0.368151 -0.463619 2.280725 0.387788 -0.393647 2.275754 0.399510 -0.322172 2.271750 0.405545 -0.250706 2.268943 0.409377 -0.178410 2.267120 0.412684 -0.104742 2.265927 0.415393 -0.029933 2.265164 0.417373 0.045587 2.264775 0.418627 0.121514 2.264849 0.419414 0.197781 2.265544 0.419936 0.274333 2.267094 0.420202 0.350917 2.269867 0.420127 0.426990 2.274435 0.419675 0.501726 2.281662 0.419135 0.574428 2.292797 0.419207 0.639987 2.319046 0.472633 0.644441 2.308630 0.418264 0.677593 2.325275 0.440715 -0.697107 2.326140 0.355460 -0.713864 2.322724 0.293741 -0.648517 2.303620 0.311577 -0.586097 2.288206 0.296971 -0.532740 2.281688 0.309880 -0.468702 2.275716 0.317768 -0.401412 2.271809 0.327057 -0.330022 2.268747 0.333412 -0.257058 2.266498 0.337261 -0.183283 2.264971 0.339811 -0.108704 2.263982 0.341704 -0.033351 2.263362 0.343100 0.042578 2.263029 0.344054 0.118860 2.262999 0.344664 0.195336 2.263378 0.345059 0.271872 2.264366 0.345320 0.348236 2.266290 0.345477 0.424000 2.269672 0.345595 0.498501 2.275288 0.345888 0.570886 2.284194 0.346798 0.639615 2.297441 0.348903 0.696731 2.323196 0.401127 0.696220 2.314181 0.354751 0.732525 2.333257 0.368885 -0.730754 2.319130 0.221130 -0.669576 2.300802 0.230728 -0.604258 2.287132 0.237735 -0.540298 2.278223 0.242011 -0.475214 2.272786 0.248766 -0.406480 2.269074 0.254782 -0.334958 2.266560 0.259794 -0.261404 2.264801 0.263203 -0.186735 2.263606 0.265349 -0.111380 2.262831 0.266746 -0.035502 2.262353 0.267708 0.040769 2.262096 0.268376 0.117282 2.262050 0.268837 0.193886 2.262286 0.269177 0.270412 2.262963 0.269480 0.346624 2.264364 0.269831 0.422130 2.266950 0.270350 0.496341 2.271413 0.271270 0.568508 2.278725 0.272988 0.638060 2.290191 0.276024 0.707133 2.308231 0.281180 0.748584 2.329923 0.314157 -0.746255 2.318631 0.161880 -0.686603 2.298859 0.147969 -0.616674 2.285156 0.163859 -0.549228 2.276382 0.171878 -0.480900 2.270810 0.177323 -0.410652 2.267321 0.181889 -0.338261 2.265093 0.185502 -0.264185 2.263660 0.188130 -0.188984 2.262735 0.189846 -0.113113 2.262154 0.190914 -0.036835 2.261808 0.191596 0.039698 2.261633 0.192064 0.116362 2.261617 0.192419 0.193020 2.261809 0.192745 0.269499 2.262340 0.193128 0.345548 2.263452 0.193671 0.420786 2.265550 0.194525 0.494656 2.269254 0.195944 0.566397 2.275431 0.198360 0.635032 2.285156 0.202352 0.699268 2.299484 0.208193 0.761856 2.325920 0.259864 0.754596 2.317769 0.213221 0.792513 2.337533 0.223404 -0.779893 2.332438 0.136853 -0.790055 2.334735 0.072757 -0.731571 2.308967 0.088709 -0.671555 2.290855 0.072285 -0.620731 2.282455 0.088408 -0.555134 2.274764 0.098067 -0.485637 2.269507 0.103907 -0.414000 2.266188 0.107786 -0.340671 2.264159 0.110540 -0.266002 2.262932 0.112469 -0.190390 2.262196 0.113748 -0.114187 2.261765 0.114549 -0.037651 2.261530 0.115052 0.039050 2.261435 0.115404 0.115790 2.261470 0.115716 0.192434 2.261678 0.116076 0.268804 2.262172 0.116582 0.344636 2.263163 0.117356 0.419539 2.265005 0.118564 0.492976 2.268260 0.120436 0.564261 2.273738 0.123381 0.632479 2.282468 0.128147 0.696272 2.295520 0.135770 0.753353 2.313670 0.147438 0.800690 2.337608 0.167261 -0.797459 2.335723 -0.006135 -0.743258 2.310582 0.008269 -0.683749 2.292469 0.013393 -0.622590 2.280785 0.016855 -0.558261 2.273519 0.023873 -0.488812 2.268599 0.029186 -0.416491 2.265471 0.032671 -0.342442 2.263588 0.034917 -0.267246 2.262497 0.036372 -0.191287 2.261886 0.037304 -0.114856 2.261562 0.037891 -0.038169 2.261414 0.038276 0.038613 2.261391 0.038580 0.115356 2.261490 0.038909 0.191917 2.261753 0.039364 0.268101 2.262285 0.040058 0.343633 2.263278 0.041134 0.418104 2.265046 0.042781 0.490941 2.268081 0.045218 0.561522 2.273149 0.048658 0.629253 2.281304 0.053659 0.693234 2.293722 0.061615 0.751935 2.311460 0.074424 0.803606 2.335512 0.094309 -0.798358 2.334670 -0.082388 -0.749405 2.311692 -0.066464 -0.691222 2.293873 -0.058588 -0.627722 2.281308 -0.053863 -0.560932 2.273211 -0.049734 -0.490948 2.268184 -0.045857 -0.418213 2.265104 -0.043021 -0.343707 2.263293 -0.041183 -0.268128 2.262280 -0.040047 -0.191907 2.261745 -0.039351 -0.115322 2.261493 -0.038910 -0.038561 2.261413 -0.038593 0.038229 2.261459 -0.038287 0.114910 2.261632 -0.037882 0.191317 2.261980 -0.037261 0.267228 2.262608 -0.036290 0.342347 2.263698 -0.034813 0.416269 2.265542 -0.032622 0.488406 2.268574 -0.029437 0.557914 2.273411 -0.025052 0.624415 2.281129 -0.019861 0.688063 2.293167 -0.012963 0.747992 2.310716 -0.001258 0.802407 2.334548 0.017551 -0.792427 2.331216 -0.140489 -0.753699 2.313392 -0.133811 -0.697176 2.296277 -0.131562 -0.632279 2.282912 -0.127234 -0.563875 2.273998 -0.123755 -0.492790 2.268457 -0.121009 -0.419509 2.265165 -0.118930 -0.344645 2.263286 -0.117523 -0.268803 2.262268 -0.116643 -0.192412 2.261761 -0.116103 -0.115745 2.261552 -0.115744 -0.038979 2.261527 -0.115444 0.037750 2.261642 -0.115091 0.114302 2.261904 -0.114559 0.190489 2.262369 -0.113698 0.266046 2.263142 -0.112337 0.340623 2.264404 -0.110308 0.413812 2.266441 -0.107435 0.485155 2.269681 -0.103463 0.553861 2.274646 -0.097847 0.617952 2.281793 -0.090308 0.679276 2.293210 -0.085441 0.739885 2.310835 -0.078007 0.796855 2.335119 -0.061186 -0.763150 2.318974 -0.180392 -0.752429 2.321095 -0.236679 -0.707207 2.302332 -0.206431 -0.636430 2.286043 -0.201901 -0.566550 2.275899 -0.198612 -0.494575 2.269578 -0.196400 -0.420710 2.265810 -0.194899 -0.345497 2.263674 -0.193895 -0.269448 2.262533 -0.193245 -0.192958 2.261983 -0.192815 -0.116283 2.261781 -0.192486 -0.039588 2.261799 -0.192153 0.036998 2.261989 -0.191705 0.113338 2.262363 -0.190999 0.189233 2.262981 -0.189839 0.264379 2.263955 -0.187983 0.338332 2.265459 -0.185201 0.410597 2.267772 -0.181387 0.480720 2.271319 -0.176456 0.548670 2.276789 -0.170283 0.613752 2.284690 -0.160878 0.665191 2.292872 -0.144383 0.725165 2.311102 -0.158315 0.785807 2.335901 -0.139953 -0.743017 2.326955 -0.305265 -0.696414 2.305883 -0.287703 -0.637248 2.290400 -0.277537 -0.568495 2.279137 -0.273734 -0.496297 2.271796 -0.271826 -0.422043 2.267287 -0.270750 -0.346522 2.264670 -0.270092 -0.270294 2.263245 -0.269646 -0.193748 2.262548 -0.269294 -0.117131 2.262295 -0.268950 -0.040599 2.262334 -0.268531 0.035733 2.262604 -0.267933 0.111739 2.263115 -0.267003 0.187231 2.263931 -0.265504 0.261909 2.265172 -0.263112 0.335283 2.267012 -0.259448 0.406581 2.269679 -0.254250 0.475268 2.273621 -0.247939 0.540637 2.279310 -0.240401 0.605747 2.288564 -0.234030 0.677116 2.303030 -0.219397 0.772380 2.335179 -0.202117 0.737334 2.322898 -0.228594 -0.729096 2.329855 -0.361681 -0.691891 2.311922 -0.352624 -0.636543 2.296447 -0.349964 -0.570038 2.284182 -0.347749 -0.498203 2.275568 -0.346613 -0.423793 2.270009 -0.346078 -0.348035 2.266634 -0.345792 -0.271644 2.264710 -0.345551 -0.195064 2.263713 -0.345254 -0.118562 2.263313 -0.344846 -0.042293 2.263325 -0.344277 0.033642 2.263668 -0.343457 0.109138 2.264339 -0.342238 0.184048 2.265404 -0.340371 0.258112 2.266980 -0.337458 0.330928 2.269265 -0.333017 0.401800 2.272493 -0.326404 0.468784 2.276758 -0.317146 0.533136 2.283295 -0.309005 0.587429 2.290325 -0.295087 0.652456 2.307355 -0.308450 0.721730 2.328378 -0.290399 -0.694403 2.320134 -0.396141 -0.676523 2.321875 -0.434802 -0.643016 2.306778 -0.415691 -0.573601 2.292233 -0.419063 -0.501130 2.281692 -0.419830 -0.426464 2.274625 -0.420235 -0.350471 2.270134 -0.420500 -0.273907 2.267421 -0.420522 -0.197289 2.265908 -0.420271 -0.120935 2.265207 -0.419741 -0.045029 2.265097 -0.418932 0.030346 2.265473 -0.417803 0.105112 2.266310 -0.416197 0.179166 2.267668 -0.413907 0.252389 2.269669 -0.410551 0.324370 2.272449 -0.405421 0.394897 2.276417 -0.398190 0.463660 2.281882 -0.387114 0.520157 2.286925 -0.368039 0.593074 2.301773 -0.374906 0.703231 2.333076 -0.354023 0.660762 2.321350 -0.379989 -0.639931 2.316282 -0.467192 -0.619897 2.324182 -0.516399 -0.581088 2.305083 -0.488612 -0.505904 2.291276 -0.490940 -0.430698 2.282033 -0.492441 -0.354383 2.275984 -0.493602 -0.277589 2.272104 -0.493987 -0.200903 2.269778 -0.493785 -0.124685 2.268555 -0.493059 -0.049203 2.268154 -0.491864 0.025422 2.268459 -0.490283 0.099253 2.269447 -0.488239 0.172129 2.271091 -0.485315 0.244041 2.273594 -0.481583 0.315224 2.277103 -0.476245 0.384029 2.281418 -0.467550 0.452715 2.288322 -0.459060 0.530602 2.299040 -0.442627 0.641746 2.325188 -0.428243 0.598489 2.316921 -0.453329 -0.595207 2.332462 -0.566122 -0.570639 2.315834 -0.546171 -0.511187 2.305364 -0.560507 -0.436917 2.293111 -0.561278 -0.360397 2.285276 -0.564579 -0.283219 2.279727 -0.565306 -0.206429 2.276219 -0.565163 -0.130320 2.274173 -0.564121 -0.055162 2.273259 -0.562392 0.018577 2.273252 -0.559960 0.091044 2.274279 -0.557400 0.162896 2.276333 -0.554187 0.232646 2.279014 -0.548688 0.301928 2.283631 -0.544750 0.372750 2.289473 -0.536585 0.431389 2.293479 -0.517936 0.498071 2.307836 -0.528627 0.571333 2.323430 -0.513289 -0.544350 2.324749 -0.594512 -0.493885 2.316925 -0.616748 -0.459838 2.322616 -0.654280 -0.445769 2.306964 -0.618193 -0.369595 2.299851 -0.634863 -0.291232 2.291342 -0.633489 -0.214268 2.286411 -0.634032 -0.138353 2.283070 -0.632117 -0.063417 2.281436 -0.629857 0.010137 2.280906 -0.626399 0.080358 2.281291 -0.621615 0.149946 2.283951 -0.619620 0.221608 2.287768 -0.614670 0.281596 2.289904 -0.599775 0.352837 2.301936 -0.613066 0.437906 2.309660 -0.586844 0.544448 2.330731 -0.570968 0.501818 2.325518 -0.594303 -0.405997 2.318054 -0.673597 -0.351103 2.313472 -0.692344 -0.315892 2.321737 -0.727453 -0.301223 2.305908 -0.690644 -0.224702 2.302425 -0.702607 -0.148764 2.296220 -0.695875 -0.074913 2.293747 -0.693187 -0.000703 2.292791 -0.689601 0.071535 2.292516 -0.682870 0.130464 2.291959 -0.670724 0.202177 2.301621 -0.685833 0.288610 2.305973 -0.666193 0.416385 2.328844 -0.661240 0.356047 2.320361 -0.679211 0.476732 2.335950 -0.639701 -0.261538 2.320383 -0.742674 -0.206827 2.319083 -0.757216 -0.171914 2.331524 -0.788499 -0.158150 2.313170 -0.750905 -0.090664 2.310932 -0.750130 -0.016611 2.309985 -0.748327 0.059442 2.309813 -0.742884 0.139288 2.309806 -0.731310 0.266343 2.325454 -0.733615 0.206455 2.320998 -0.746470 0.326381 2.329753 -0.719232 -0.114462 2.333587 -0.797511 -0.039691 2.333320 -0.800465 0.038092 2.333499 -0.798243 0.116023 2.334228 -0.790794 0.177859 2.333515 -0.780359 -0.292944 2.424053 0.860391 -0.317654 2.391508 0.824070 -0.248206 2.379460 0.825420 -0.210790 2.430219 0.883132 -0.170586 2.384820 0.848139 -0.123196 2.415769 0.884798 -0.093085 2.366776 0.836107 -0.040305 2.407596 0.883727 -0.000957 2.366934 0.841494 0.043385 2.406857 0.883640 0.083391 2.368384 0.840772 0.131975 2.414074 0.883170 0.170720 2.367876 0.830318 0.214374 2.413700 0.869203 0.249516 2.381059 0.829747 0.272354 2.416119 0.858849 -0.407536 2.399126 0.800901 -0.445286 2.405144 0.785157 -0.401783 2.375956 0.770744 -0.369163 2.392985 0.808755 -0.322832 2.356383 0.771327 -0.242291 2.342081 0.774172 -0.170556 2.346275 0.797163 0.229810 2.346242 0.790890 0.304505 2.398304 0.832206 0.313470 2.360948 0.782790 0.368853 2.412024 0.819827 0.401680 2.376480 0.767166 0.441800 2.417953 0.794089 0.471728 2.390063 0.750095 0.490704 2.422324 0.775825 -0.581882 2.425993 0.714312 -0.598405 2.399009 0.674143 -0.540621 2.381055 0.685705 -0.513041 2.422029 0.757839 -0.462407 2.375259 0.730887 -0.394473 2.341611 0.711848 0.374409 2.340933 0.729583 0.444681 2.353609 0.714090 0.525618 2.413622 0.745765 0.528185 2.372739 0.691432 0.574382 2.416020 0.715463 0.601384 2.396557 0.671948 0.613340 2.424053 0.697353 -0.623015 2.398087 0.654736 -0.648831 2.401306 0.631239 -0.603357 2.375688 0.630471 -0.542511 2.344917 0.617327 -0.468776 2.339637 0.659307 0.590415 2.359325 0.623951 0.646111 2.427981 0.671304 0.653048 2.395726 0.622918 0.677437 2.424919 0.640131 -0.685409 2.410805 0.602626 -0.715235 2.407124 0.556063 -0.658565 2.376336 0.570364 -0.595767 2.343992 0.565627 0.653168 2.360754 0.558717 0.693675 2.417774 0.613381 0.703317 2.402375 0.573164 0.725854 2.439199 0.596934 -0.751219 2.404059 0.501871 -0.704033 2.372011 0.500390 -0.640035 2.338246 0.494112 0.675029 2.341090 0.487115 0.728114 2.382713 0.499886 0.758796 2.434347 0.543013 -0.773391 2.401954 0.465664 -0.793427 2.403716 0.423233 -0.748371 2.377952 0.446966 -0.694640 2.341641 0.424835 0.726627 2.348270 0.425296 0.790377 2.423791 0.481626 0.779838 2.387447 0.429263 0.815284 2.418192 0.431436 -0.809347 2.394401 0.360227 -0.756589 2.358239 0.360037 0.786645 2.364506 0.352679 0.821126 2.403205 0.386985 -0.838598 2.414397 0.333674 -0.856072 2.417634 0.277739 -0.809373 2.376586 0.292479 -0.762696 2.341994 0.276266 0.796275 2.349783 0.273600 0.835338 2.399239 0.341255 0.837306 2.387090 0.288775 0.868450 2.428723 0.317832 -0.870081 2.414166 0.202473 -0.833447 2.381567 0.226280 -0.787557 2.345624 0.209592 0.837804 2.370731 0.210051 0.885562 2.426276 0.243674 -0.879043 2.409470 0.121148 -0.828967 2.366930 0.147092 0.847735 2.367453 0.124030 0.887570 2.409745 0.158948 -0.892041 2.415987 0.034221 -0.841684 2.369255 0.056922 0.850082 2.365316 0.044349 0.891150 2.403854 0.078009 -0.889497 2.413625 -0.067406 -0.845253 2.369213 -0.030531 0.847833 2.365955 -0.036187 0.891664 2.402809 -0.002765 -0.872174 2.399242 -0.146298 -0.835957 2.362836 -0.121335 0.840621 2.369204 -0.120449 0.888986 2.406780 -0.086087 -0.874944 2.414266 -0.208563 -0.837404 2.371945 -0.197605 -0.798281 2.339629 -0.188084 0.823177 2.370010 -0.211295 0.884703 2.419020 -0.180028 -0.871272 2.432378 -0.284976 -0.834528 2.384517 -0.267891 -0.793720 2.348033 -0.255430 0.776433 2.349159 -0.265750 0.819995 2.385100 -0.296894 0.863479 2.416301 -0.265448 -0.832731 2.396696 -0.322195 -0.815500 2.396706 -0.372503 -0.783192 2.360314 -0.339188 0.767742 2.369539 -0.357829 0.850152 2.417171 -0.321767 0.823730 2.405203 -0.352980 -0.805880 2.402779 -0.411339 -0.776221 2.378408 -0.413345 -0.724634 2.342908 -0.415460 0.700534 2.351261 -0.426306 0.759453 2.396035 -0.450516 0.816910 2.429544 -0.416463 -0.789379 2.411618 -0.456388 -0.754212 2.409771 -0.517405 -0.727494 2.372299 -0.483448 -0.674801 2.336090 -0.478038 0.643475 2.346791 -0.498249 0.710357 2.385174 -0.505433 0.790604 2.433993 -0.477335 0.757264 2.422705 -0.512912 -0.736727 2.414208 -0.554120 -0.708978 2.391324 -0.551739 -0.653799 2.354947 -0.547660 0.598872 2.353767 -0.573955 0.666896 2.389956 -0.575449 0.721640 2.420347 -0.561193 -0.714671 2.421648 -0.591615 -0.683287 2.417407 -0.625903 -0.658732 2.391406 -0.610795 -0.585233 2.356000 -0.620633 -0.509553 2.337600 -0.649672 0.541097 2.355693 -0.633956 0.613382 2.391826 -0.640359 0.697931 2.424001 -0.601590 0.668879 2.426306 -0.636393 -0.654464 2.422584 -0.660453 -0.617140 2.418783 -0.691176 -0.603709 2.395040 -0.669161 -0.528759 2.375051 -0.697278 -0.446397 2.346408 -0.705671 -0.367748 2.333932 -0.726655 0.386853 2.347085 -0.723357 0.476650 2.372514 -0.710306 0.562481 2.397819 -0.692894 0.635906 2.422758 -0.670362 0.607369 2.414894 -0.686435 -0.574375 2.422771 -0.725587 -0.514531 2.402381 -0.746656 -0.485390 2.407814 -0.771755 -0.467587 2.384482 -0.751733 -0.389194 2.372052 -0.774223 -0.303521 2.347635 -0.775493 -0.224646 2.340627 -0.790479 0.239225 2.346776 -0.787073 0.326162 2.362161 -0.780302 0.410643 2.384041 -0.774148 0.535268 2.430561 -0.752779 0.471968 2.420188 -0.785179 0.592102 2.436607 -0.720862 -0.443450 2.419874 -0.803190 -0.376981 2.404538 -0.821158 -0.342281 2.418529 -0.848862 -0.323818 2.386898 -0.821398 -0.249352 2.376909 -0.830861 -0.162045 2.364670 -0.834579 -0.071888 2.364281 -0.845433 0.010073 2.363993 -0.847095 0.092200 2.365801 -0.843058 0.182150 2.368716 -0.831657 0.269837 2.385551 -0.832827 0.374356 2.401388 -0.817981 0.327472 2.397879 -0.832183 0.421915 2.415937 -0.812191 -0.286416 2.418767 -0.864539 -0.201077 2.420145 -0.884868 -0.107834 2.406015 -0.887197 -0.022747 2.401952 -0.889850 0.059574 2.402890 -0.888772 0.142777 2.408796 -0.884567 0.231955 2.425615 -0.882767 0.308490 2.428021 -0.866136 -0.171284 2.524540 0.949468 -0.209025 2.480651 0.920695 -0.147224 2.466796 0.920730 -0.092746 2.510616 0.950446 -0.069296 2.456227 0.920628 -0.015052 2.503268 0.949209 0.009618 2.450934 0.919250 0.060736 2.498185 0.945306 0.084955 2.450754 0.917249 0.128224 2.493925 0.939079 0.142124 2.457016 0.917447 0.176237 2.485845 0.929551 -0.416663 2.496479 0.864264 -0.452980 2.464353 0.833933 -0.408683 2.432328 0.828798 -0.349388 2.461442 0.869833 -0.348750 2.417890 0.840946 -0.275634 2.479826 0.903274 0.193891 2.453413 0.905407 0.274805 2.465767 0.892904 0.323723 2.435001 0.858281 0.352024 2.480496 0.878592 0.373915 2.452186 0.853409 0.398796 2.483436 0.863828 -0.480361 2.465234 0.821940 -0.510385 2.466381 0.801623 -0.469790 2.440360 0.807168 0.427784 2.461431 0.835222 0.492028 2.460480 0.803393 0.522648 2.441852 0.775106 0.537923 2.470125 0.785397 -0.625551 2.466128 0.716176 -0.662570 2.458935 0.679948 -0.632954 2.424420 0.675275 -0.569760 2.474891 0.764328 0.565599 2.453935 0.754577 0.609774 2.450379 0.720672 0.631588 2.441831 0.698860 0.653505 2.474111 0.699404 -0.699349 2.476776 0.654503 -0.716492 2.444520 0.604402 -0.676389 2.434384 0.643035 0.686008 2.456084 0.658211 0.702764 2.439958 0.628867 0.724209 2.473893 0.630264 -0.760876 2.447130 0.548614 0.763643 2.481074 0.587813 -0.792577 2.458988 0.521488 -0.814090 2.469340 0.497931 -0.789560 2.431131 0.487507 0.796532 2.479495 0.542079 0.792185 2.448043 0.516281 0.815478 2.463092 0.497148 -0.837885 2.483313 0.468903 -0.852837 2.476966 0.421426 -0.822967 2.447232 0.448586 0.829863 2.449344 0.454190 0.844932 2.439331 0.406756 0.859168 2.481150 0.433832 -0.869571 2.464146 0.346969 -0.833948 2.431236 0.389395 0.852010 2.425980 0.364305 0.878755 2.471586 0.371827 -0.897760 2.469663 0.262908 0.907502 2.477256 0.301695 -0.907735 2.455152 0.178184 0.921069 2.471440 0.245318 0.922013 2.457997 0.189833 0.944162 2.504869 0.223928 -0.916658 2.451530 0.106595 0.925890 2.450009 0.115406 0.952862 2.502138 0.156767 -0.940641 2.487888 0.096317 -0.949152 2.501052 0.046834 -0.927421 2.460235 0.055917 0.928297 2.446386 0.035981 0.958347 2.497641 0.078947 -0.953966 2.511774 -0.028174 -0.925682 2.458074 -0.004324 0.927836 2.447331 -0.044718 0.959808 2.495059 -0.002283 -0.926776 2.462102 -0.067114 -0.910332 2.447733 -0.137568 0.925622 2.454786 -0.124702 0.957771 2.496610 -0.081347 -0.909360 2.466404 -0.217061 0.925041 2.467905 -0.189126 0.955007 2.508958 -0.159522 -0.908037 2.492360 -0.284484 0.939952 2.502312 -0.220380 0.908443 2.468633 -0.254589 -0.875138 2.467801 -0.346872 -0.848009 2.423094 -0.345952 0.851973 2.438296 -0.367030 0.879693 2.454704 -0.321529 -0.866627 2.499842 -0.413630 -0.834252 2.435010 -0.401683 0.851325 2.455048 -0.400493 0.876708 2.483738 -0.382769 -0.824311 2.461011 -0.461606 -0.808953 2.487223 -0.519216 -0.789829 2.440368 -0.502099 0.787424 2.454072 -0.515635 0.851311 2.478477 -0.431313 0.821820 2.480219 -0.485742 -0.779038 2.490652 -0.571157 -0.762565 2.444687 -0.552174 0.795857 2.483258 -0.535980 0.762111 2.461988 -0.560469 -0.741749 2.466196 -0.603370 -0.720204 2.490065 -0.649464 -0.700182 2.444519 -0.635887 0.699413 2.442415 -0.624280 0.723834 2.453499 -0.603440 -0.677711 2.463784 -0.677332 -0.656256 2.486383 -0.715028 -0.632837 2.445226 -0.703269 0.625527 2.438067 -0.698033 0.700207 2.475188 -0.649758 0.656619 2.455105 -0.681586 -0.610671 2.471418 -0.740924 -0.585718 2.500524 -0.777959 -0.566505 2.459435 -0.765037 -0.516679 2.435474 -0.777490 0.510834 2.445326 -0.788746 0.585460 2.479259 -0.761346 0.539245 2.477568 -0.794415 0.628539 2.472563 -0.721507 -0.541430 2.478560 -0.794396 -0.489354 2.475308 -0.822430 -0.452235 2.494959 -0.856002 -0.435057 2.461429 -0.843012 -0.389081 2.439274 -0.847301 0.355957 2.424980 -0.849979 0.400328 2.438095 -0.843071 0.493132 2.461123 -0.813258 0.448964 2.447597 -0.827716 -0.400191 2.490063 -0.875921 -0.337592 2.457155 -0.878821 -0.267201 2.470124 -0.908807 -0.228998 2.503071 -0.940717 -0.200691 2.469327 -0.925630 -0.136677 2.456074 -0.925858 -0.055382 2.447518 -0.927332 0.026377 2.445702 -0.927159 0.106579 2.449349 -0.924277 0.182410 2.457678 -0.920147 0.296665 2.477337 -0.905714 0.239746 2.471482 -0.919249 0.367275 2.471225 -0.877213 0.430704 2.480379 -0.857847 -0.168399 2.511948 -0.956461 -0.086302 2.499900 -0.959241 -0.005258 2.494245 -0.959503 0.075216 2.496701 -0.957496 0.152897 2.501765 -0.951608 0.220374 2.505050 -0.942629 -0.230669 2.573235 0.957519 -0.278055 2.532082 0.930526 -0.234202 2.515553 0.934613 -0.165710 2.576735 0.972274 -0.111143 2.566307 0.973679 -0.036426 2.562932 0.974417 0.042969 2.556960 0.970301 0.118085 2.548722 0.961673 0.190957 2.537460 0.948197 0.228960 2.498997 0.925170 0.259058 2.547171 0.939280 0.280700 2.516787 0.921190 0.303940 2.551286 0.929413 -0.459995 2.556966 0.869424 -0.513683 2.542489 0.838281 -0.483056 2.498249 0.836235 -0.407020 2.544191 0.889263 -0.346347 2.532688 0.906822 0.336549 2.529697 0.907532 0.405014 2.529138 0.882004 0.434702 2.503707 0.858850 0.455232 2.537818 0.864675 -0.559389 2.559721 0.816419 -0.581991 2.525049 0.786853 -0.537834 2.509428 0.809323 0.484309 2.515047 0.837807 0.536980 2.508951 0.805327 0.569346 2.494843 0.778183 0.586208 2.543695 0.788222 -0.626482 2.521325 0.749893 -0.668867 2.500797 0.701779 0.615269 2.505231 0.747555 0.673150 2.541707 0.716634 -0.711413 2.529483 0.675203 -0.748237 2.501225 0.612858 0.704325 2.508677 0.671422 0.753444 2.529931 0.631660 -0.789487 2.551079 0.594410 -0.819231 2.542072 0.548825 -0.795900 2.495675 0.548513 0.783805 2.520830 0.592751 0.790643 2.502262 0.571926 0.810994 2.533534 0.561610 -0.846003 2.560878 0.515276 -0.856254 2.521291 0.465219 -0.830603 2.510593 0.508297 0.830543 2.506391 0.512494 0.841136 2.483069 0.474553 0.859746 2.523795 0.473628 -0.880606 2.525916 0.406571 0.887015 2.530363 0.421397 -0.907988 2.527792 0.334584 0.915796 2.532407 0.358458 -0.931600 2.552553 0.303477 -0.942341 2.551438 0.259319 -0.924362 2.519409 0.276825 0.932127 2.522600 0.306961 0.933758 2.503302 0.270555 0.951762 2.551238 0.276110 -0.952120 2.548416 0.198065 -0.929459 2.504646 0.221721 0.968908 2.557209 0.207077 -0.960299 2.542884 0.118785 -0.937037 2.496129 0.153405 0.983296 2.560606 0.128559 -0.972226 2.560386 0.042824 0.985481 2.548362 0.043721 -0.978400 2.573904 -0.021437 0.986941 2.551400 -0.040449 -0.966949 2.551432 -0.094955 -0.942042 2.492956 -0.097500 0.977671 2.539452 -0.109412 -0.962717 2.562080 -0.172181 -0.940388 2.504709 -0.158113 0.979662 2.560782 -0.156540 -0.957110 2.582847 -0.240539 -0.937215 2.522534 -0.226309 0.936485 2.519235 -0.265919 0.964045 2.559995 -0.225572 -0.932528 2.540645 -0.280635 -0.909412 2.538758 -0.346819 0.945657 2.557701 -0.290615 0.914042 2.519653 -0.330572 -0.891724 2.547449 -0.404615 0.897271 2.527177 -0.386983 -0.872348 2.558103 -0.455330 -0.844399 2.506367 -0.472205 0.852171 2.506827 -0.462572 0.877080 2.529032 -0.432348 -0.839317 2.536433 -0.506448 -0.808995 2.546617 -0.562436 0.784862 2.505064 -0.570277 0.851079 2.547569 -0.495178 0.814142 2.525317 -0.541366 -0.763110 2.519326 -0.613618 -0.734296 2.551532 -0.667573 0.792446 2.553210 -0.591487 0.751288 2.510488 -0.614920 -0.693550 2.507307 -0.691910 -0.672161 2.515401 -0.719146 0.718558 2.543520 -0.673538 0.671697 2.508555 -0.702892 -0.641795 2.527131 -0.749039 -0.601807 2.545213 -0.788408 0.570691 2.500799 -0.789406 0.631747 2.528993 -0.752784 0.592317 2.519600 -0.783002 -0.545103 2.533006 -0.819998 -0.502394 2.566536 -0.860247 -0.487908 2.519844 -0.849456 0.471959 2.481899 -0.839799 0.561306 2.532360 -0.810250 0.511001 2.505216 -0.829387 -0.445455 2.539249 -0.879441 -0.398136 2.532765 -0.898178 -0.340300 2.522115 -0.914508 -0.296668 2.557547 -0.946470 -0.273828 2.519646 -0.937122 0.267195 2.503724 -0.932113 0.356331 2.532905 -0.914215 0.304397 2.523213 -0.930474 0.419839 2.530348 -0.885730 0.472493 2.523224 -0.858715 -0.231681 2.558171 -0.964672 -0.174065 2.556862 -0.977423 -0.115633 2.560348 -0.986008 -0.033886 2.547282 -0.986078 0.043899 2.546251 -0.984955 0.127461 2.559707 -0.982493 0.205410 2.557319 -0.967655 0.274278 2.551914 -0.950182 -0.283625 2.629593 0.958059 -0.336854 2.595475 0.932551 -0.296618 2.570607 0.939217 -0.225464 2.633506 0.975970 -0.179110 2.620386 0.982715 -0.130201 2.610531 0.987019 -0.064485 2.626894 0.994888 0.026074 2.627956 0.994048 0.106822 2.614449 0.982886 0.179966 2.603953 0.969829 0.246555 2.596940 0.956010 0.301589 2.591124 0.941772 0.339441 2.578805 0.926009 0.353437 2.630855 0.933533 -0.469029 2.634912 0.885596 -0.520871 2.596391 0.849984 -0.399323 2.598342 0.908136 0.397472 2.596580 0.907017 0.456150 2.582422 0.878603 0.491515 2.565004 0.855854 0.509100 2.616073 0.861570 -0.584058 2.626444 0.817903 -0.608771 2.567204 0.784489 0.546496 2.577961 0.826936 0.599977 2.592877 0.797710 -0.641967 2.564438 0.758104 -0.676848 2.560020 0.724208 0.640949 2.587885 0.762647 0.689051 2.595214 0.725274 -0.714530 2.571405 0.693285 -0.749289 2.573520 0.654621 0.726376 2.584974 0.684053 0.768430 2.584589 0.641238 -0.788650 2.602422 0.621574 -0.823122 2.598256 0.571975 0.790909 2.563528 0.605589 0.823815 2.606061 0.577417 -0.858409 2.620875 0.524490 -0.875038 2.579024 0.466267 0.846812 2.563793 0.522195 0.880582 2.585499 0.473653 -0.907088 2.595484 0.400854 0.914367 2.595623 0.414010 -0.934917 2.631178 0.355670 -0.943829 2.592813 0.303014 -0.927406 2.578756 0.340405 0.934554 2.582053 0.363341 0.939827 2.558027 0.327653 0.953202 2.609050 0.330848 -0.958192 2.600481 0.249496 0.973853 2.615920 0.263839 -0.970951 2.605870 0.183261 0.993456 2.620534 0.192508 -0.983286 2.615129 0.109556 1.003412 2.613247 0.137310 1.004383 2.600862 0.084387 1.015201 2.646878 0.118568 -0.994504 2.630573 0.031536 1.006382 2.599795 0.016624 1.019022 2.648628 0.061885 -0.993248 2.626125 -0.057001 1.007794 2.605874 -0.040778 1.021412 2.656761 -0.005899 -0.982333 2.604343 -0.126538 1.015259 2.639641 -0.066759 0.998202 2.592804 -0.102824 -0.979433 2.619378 -0.181362 0.993032 2.615038 -0.177818 -0.974827 2.636995 -0.228697 0.980973 2.613553 -0.231793 -0.958340 2.634257 -0.286300 -0.940298 2.577430 -0.299742 0.938465 2.579463 -0.333662 0.965531 2.620890 -0.288180 -0.933962 2.600137 -0.337760 -0.910297 2.601091 -0.397903 0.944182 2.624109 -0.353156 0.913607 2.584438 -0.395735 -0.888242 2.635228 -0.466359 0.884480 2.588379 -0.460631 -0.851622 2.593720 -0.517521 -0.824161 2.629583 -0.580044 0.867189 2.621938 -0.511371 0.828596 2.592590 -0.560403 -0.782640 2.582320 -0.621021 -0.760012 2.619656 -0.665072 0.800624 2.601066 -0.607214 0.765602 2.592320 -0.644600 -0.716728 2.605447 -0.708098 -0.690219 2.547644 -0.715170 0.727638 2.596552 -0.691180 0.685848 2.584743 -0.727265 -0.671629 2.587981 -0.747314 -0.645725 2.626659 -0.780725 -0.633109 2.575617 -0.776672 0.642718 2.583603 -0.768829 0.606398 2.562454 -0.790763 -0.595561 2.597491 -0.810616 -0.546598 2.594621 -0.842878 -0.513564 2.626117 -0.871321 0.579152 2.604876 -0.823525 0.522482 2.563086 -0.846041 -0.466885 2.596108 -0.888203 -0.402486 2.588055 -0.915163 -0.357400 2.624300 -0.945403 -0.339269 2.580200 -0.939516 0.326114 2.558900 -0.938141 0.413980 2.596296 -0.912737 0.362462 2.583012 -0.932837 0.474099 2.585445 -0.879382 -0.291761 2.619019 -0.966633 -0.233795 2.609563 -0.982046 -0.176034 2.607689 -0.993960 -0.131230 2.650491 -1.013304 -0.110672 2.614679 -1.006506 -0.053448 2.603167 -1.006826 0.016729 2.596428 -1.005985 0.084585 2.598897 -1.003975 0.192374 2.620480 -0.992541 0.137283 2.612292 -1.002807 0.263466 2.616678 -0.972479 0.330391 2.610195 -0.951486 -0.070897 2.663767 -1.021560 -0.001385 2.651224 -1.021372 0.062910 2.645944 -1.018988 0.119196 2.645575 -1.014915 -0.024656 2.731401 1.018730 -0.060980 2.683888 1.009669 -0.008626 2.677771 1.009430 0.030024 2.721600 1.017316 0.043750 2.684347 1.009304 0.070735 2.716402 1.013545 -0.297204 2.704964 0.965505 -0.350266 2.655012 0.940315 -0.236596 2.685699 0.981181 -0.189478 2.666972 0.990104 -0.124991 2.672563 1.000786 0.099530 2.685581 1.001575 0.172995 2.673940 0.986220 0.241591 2.661195 0.970249 0.302125 2.648322 0.953198 0.359553 2.697938 0.942447 -0.479761 2.718959 0.894918 -0.529666 2.666644 0.860735 -0.414454 2.680917 0.919011 0.412632 2.676232 0.918504 0.470992 2.654629 0.888803 0.523315 2.667384 0.866156 -0.630746 2.685747 0.796738 -0.677103 2.672605 0.757621 -0.649203 2.613664 0.766334 -0.578372 2.704371 0.837436 0.556047 2.650912 0.842367 0.595839 2.636017 0.812089 0.621703 2.620557 0.790198 0.642391 2.665728 0.781958 -0.713287 2.705463 0.731058 -0.746698 2.682357 0.694338 -0.713357 2.626433 0.712197 0.685946 2.641487 0.740581 0.709714 2.621723 0.714775 0.729821 2.665679 0.703180 -0.781804 2.701963 0.658401 -0.805675 2.654086 0.617426 -0.766043 2.639383 0.661535 0.768541 2.636410 0.656590 0.793476 2.610609 0.621375 0.806011 2.663812 0.618820 -0.840170 2.662482 0.571782 0.841967 2.677507 0.574547 -0.865400 2.672961 0.534321 -0.888412 2.656066 0.478642 0.862640 2.632260 0.528100 0.899987 2.671356 0.475999 -0.919548 2.676689 0.416188 0.928982 2.652656 0.416226 0.938186 2.620488 0.381419 0.948863 2.666467 0.376261 -0.943906 2.698496 0.361725 -0.954823 2.649576 0.304307 0.969712 2.676260 0.320124 -0.971488 2.662551 0.244107 0.992638 2.688913 0.251128 -0.986815 2.674751 0.175737 1.006914 2.672215 0.194216 1.009450 2.646439 0.160722 1.017131 2.686503 0.157226 -1.001651 2.686469 0.102931 1.024442 2.694880 0.107019 -1.013216 2.717109 0.074101 -1.016696 2.722547 0.033482 -1.009017 2.685642 0.047825 1.029037 2.702487 0.050466 -1.017791 2.732489 -0.021852 -1.008656 2.678796 -0.004023 1.031244 2.713873 0.001189 -1.008316 2.684302 -0.057053 -0.998805 2.672122 -0.122914 1.012372 2.653588 -0.118768 1.025912 2.698788 -0.060069 -0.988549 2.668120 -0.190245 1.008416 2.672784 -0.169238 1.021015 2.713271 -0.126959 -0.980764 2.688032 -0.237776 1.012084 2.723943 -0.185708 0.993562 2.666210 -0.227601 -0.966125 2.707264 -0.297942 0.982134 2.691642 -0.282734 -0.941602 2.657873 -0.350542 -0.921085 2.682251 -0.413434 0.934078 2.654953 -0.393817 0.960322 2.688788 -0.343035 -0.897909 2.719118 -0.477984 0.938806 2.717837 -0.406554 0.904919 2.666229 -0.458586 -0.864838 2.666566 -0.526318 -0.844135 2.704219 -0.573311 0.876423 2.681484 -0.520420 0.848054 2.661882 -0.560259 -0.810068 2.687445 -0.619734 -0.793264 2.636385 -0.629841 0.793287 2.626542 -0.627373 0.815607 2.644594 -0.602606 -0.779576 2.669305 -0.656300 -0.741539 2.680378 -0.699552 0.717291 2.621913 -0.711872 0.785392 2.670257 -0.647045 0.743503 2.642823 -0.689110 -0.690699 2.652629 -0.745887 -0.655181 2.693063 -0.784559 0.623381 2.609281 -0.793814 0.706322 2.664434 -0.732077 0.659284 2.634844 -0.769515 -0.616212 2.659202 -0.810786 -0.567700 2.656678 -0.844312 -0.524189 2.682015 -0.876462 0.578559 2.675609 -0.841176 0.530273 2.631642 -0.861635 0.622364 2.661524 -0.806218 -0.462105 2.668307 -0.906417 -0.409307 2.717265 -0.939828 -0.397619 2.655593 -0.935335 0.381467 2.621667 -0.936369 0.479106 2.671730 -0.897965 0.417540 2.653844 -0.927029 -0.346246 2.687106 -0.961467 -0.285499 2.688605 -0.983394 -0.228927 2.662149 -0.994942 -0.185864 2.721170 -1.013979 -0.170325 2.668139 -1.010061 0.161147 2.645920 -1.008879 0.252450 2.689760 -0.991701 0.195136 2.672286 -1.006281 0.321178 2.677758 -0.968151 0.377426 2.668053 -0.946929 -0.120824 2.708829 -1.023771 -0.060664 2.722562 -1.031906 -0.010686 2.709290 -1.031839 0.049957 2.700488 -1.029565 0.108301 2.693890 -1.024619 0.158556 2.686124 -1.016884 -0.065121 2.772893 1.020012 -0.114075 2.735580 1.011527 -0.078779 2.718181 1.014166 -0.013298 2.782985 1.023957 0.026409 2.769763 1.022431 0.071377 2.757190 1.018146 0.106329 2.739447 1.010978 0.119733 2.790884 1.012302 -0.302364 2.780128 0.969064 -0.359390 2.729253 0.947014 -0.239922 2.756603 0.985812 -0.173771 2.729841 0.999690 0.165938 2.751850 0.999023 0.238727 2.733124 0.980751 0.302430 2.716027 0.962587 0.360768 2.768505 0.948733 -0.516359 2.788590 0.882219 -0.564602 2.760499 0.853147 -0.535588 2.726594 0.867497 -0.462198 2.786758 0.909818 -0.417927 2.756849 0.926912 0.415496 2.748634 0.926672 0.468368 2.729588 0.901512 0.517422 2.714921 0.875900 0.552944 2.699574 0.853961 0.560244 2.754547 0.854036 -0.615062 2.767432 0.817518 -0.670522 2.736360 0.772286 0.596747 2.707949 0.823738 0.649198 2.752278 0.787345 -0.711470 2.777788 0.739264 -0.750445 2.742177 0.698912 0.691960 2.712510 0.746546 0.736738 2.752607 0.707336 -0.788414 2.773502 0.657686 -0.823182 2.723869 0.608757 0.775549 2.709355 0.661779 0.820998 2.742742 0.611562 -0.855049 2.763000 0.567246 -0.876605 2.719427 0.524617 -0.853878 2.708055 0.563306 0.856103 2.728976 0.565283 0.870499 2.690773 0.535767 0.882040 2.743242 0.525684 -0.902787 2.731628 0.472679 0.911634 2.760718 0.475269 -0.928277 2.749685 0.417764 0.933014 2.711067 0.425445 0.957527 2.731662 0.373613 -0.950248 2.769130 0.362065 -0.963874 2.716636 0.304262 0.979582 2.748907 0.315638 -0.981579 2.733415 0.240666 0.999134 2.769539 0.257588 -0.999286 2.751653 0.168320 1.010961 2.724017 0.203923 1.022677 2.740752 0.152949 -1.012151 2.789980 0.122492 -1.017690 2.757395 0.074492 -1.010816 2.739573 0.109289 1.030395 2.750316 0.097221 -1.021677 2.770930 0.029265 1.034529 2.756888 0.040626 -1.023088 2.785031 -0.011656 1.034411 2.759599 -0.017431 -1.019227 2.773926 -0.064380 -1.012919 2.718783 -0.076577 1.030715 2.763892 -0.078946 -1.010488 2.736067 -0.112954 -0.998977 2.730612 -0.173549 1.024180 2.774020 -0.139530 -0.986092 2.757798 -0.240173 1.014063 2.787434 -0.196144 0.999312 2.736936 -0.242759 -0.970136 2.781288 -0.302502 0.982733 2.752211 -0.300177 -0.948455 2.730780 -0.359352 -0.929005 2.757629 -0.417373 0.962464 2.768820 -0.359310 -0.912330 2.787033 -0.461451 0.940883 2.789776 -0.415426 0.920143 2.744478 -0.453744 -0.885566 2.788024 -0.514849 -0.871892 2.726132 -0.532630 0.862688 2.716205 -0.552585 0.891587 2.744945 -0.507423 -0.858228 2.759119 -0.561246 -0.824719 2.764119 -0.609459 0.861147 2.776655 -0.562008 0.828775 2.718429 -0.600779 -0.783154 2.728182 -0.659919 -0.745373 2.766384 -0.704705 0.790769 2.756065 -0.654278 0.749968 2.712470 -0.695897 -0.701105 2.727897 -0.746639 -0.658059 2.770163 -0.788186 0.711743 2.748039 -0.739900 0.666357 2.705576 -0.776792 -0.606523 2.726679 -0.826534 -0.564251 2.780962 -0.860302 -0.556775 2.717687 -0.861272 0.540135 2.689786 -0.868857 0.618628 2.737758 -0.820124 0.571813 2.726484 -0.854169 -0.509838 2.746290 -0.891578 -0.455944 2.744699 -0.920815 -0.417380 2.788426 -0.941728 0.482997 2.762031 -0.907730 0.428949 2.712882 -0.930542 0.533194 2.742059 -0.878878 -0.362439 2.765952 -0.963566 -0.304035 2.748543 -0.983945 -0.245581 2.733680 -1.000729 -0.199238 2.786970 -1.015605 0.261273 2.770684 -0.998763 0.206346 2.724436 -1.010672 0.318572 2.750991 -0.978362 0.376709 2.734127 -0.955473 -0.138899 2.775784 -1.026553 -0.077598 2.770935 -1.034065 -0.018558 2.766891 -1.037259 0.040289 2.759201 -1.035978 0.099823 2.751180 -1.031193 0.156043 2.741009 -1.022941 -0.073330 2.833137 1.020451 -0.122258 2.788559 1.012957 -0.024766 2.823750 1.024449 0.022418 2.819436 1.024350 0.071156 2.810124 1.020182 0.120034 2.854697 1.012485 -0.303535 2.855864 0.968322 -0.362509 2.803774 0.950114 -0.240267 2.834071 0.986234 -0.178948 2.808825 1.001478 0.177038 2.834503 1.001067 0.238551 2.809611 0.985991 0.301831 2.788603 0.968281 0.359214 2.840326 0.950936 -0.520829 2.866825 0.879281 -0.568325 2.821393 0.851942 -0.469580 2.847024 0.906364 -0.417400 2.827557 0.929779 0.413768 2.817867 0.930797 0.465326 2.799672 0.907836 0.515607 2.781174 0.881619 0.559660 2.826166 0.856337 -0.615057 2.856490 0.818005 -0.665187 2.814893 0.779813 0.605165 2.793373 0.824151 0.650511 2.835612 0.789228 -0.708254 2.856769 0.740770 -0.750921 2.816126 0.700412 0.694946 2.795146 0.750089 0.736329 2.837213 0.709800 -0.789042 2.853099 0.655381 -0.825122 2.806714 0.611231 0.779228 2.793600 0.663425 0.819040 2.834846 0.615163 -0.858101 2.834674 0.562773 -0.883319 2.785871 0.519563 0.855461 2.789381 0.569059 0.887229 2.816836 0.520216 -0.909786 2.802332 0.467227 0.917094 2.836791 0.467613 -0.932692 2.819451 0.414382 0.939299 2.783553 0.423237 0.962998 2.803812 0.368488 -0.952595 2.841082 0.359082 -0.969455 2.788727 0.302838 0.983746 2.823542 0.310655 -0.986731 2.808947 0.239762 1.001420 2.842509 0.250949 -1.001392 2.832768 0.178852 1.014598 2.789245 0.201597 1.025724 2.802115 0.143422 -1.012401 2.851865 0.122963 -1.019638 2.809409 0.074698 1.032992 2.807202 0.084320 -1.023359 2.822884 0.025067 1.036028 2.810390 0.026895 -1.023633 2.827184 -0.025642 1.035038 2.816820 -0.031577 -1.020320 2.832360 -0.075269 1.030970 2.824439 -0.091539 -1.012612 2.788673 -0.122233 -1.001755 2.808934 -0.178848 1.023845 2.834845 -0.148051 -0.987218 2.834471 -0.240107 1.013175 2.851846 -0.198268 0.999854 2.806573 -0.250453 -0.969854 2.856591 -0.303389 0.981387 2.826171 -0.308017 -0.951775 2.804727 -0.362447 -0.931815 2.828318 -0.417225 0.960220 2.843080 -0.367353 -0.908643 2.847462 -0.469324 0.937178 2.861003 -0.422277 0.916472 2.807516 -0.467825 -0.881739 2.866255 -0.520646 0.888510 2.826174 -0.519256 -0.856063 2.819051 -0.566336 -0.822526 2.851031 -0.612928 0.858832 2.850692 -0.566784 0.827529 2.804986 -0.610710 -0.786059 2.807537 -0.659971 -0.745084 2.849971 -0.704430 0.790902 2.837317 -0.657681 0.753347 2.791955 -0.700328 -0.703204 2.809625 -0.747983 -0.657262 2.853694 -0.788200 0.714797 2.826432 -0.741167 0.670812 2.784409 -0.780551 -0.611914 2.814430 -0.826280 -0.566356 2.856501 -0.858932 0.629054 2.822116 -0.815999 0.580470 2.784702 -0.851449 -0.520026 2.828517 -0.888615 -0.469118 2.807751 -0.916916 -0.423207 2.859887 -0.938165 0.481433 2.841176 -0.910247 0.429950 2.787291 -0.935852 0.534567 2.814979 -0.880710 -0.369691 2.839573 -0.961628 -0.313603 2.820117 -0.982737 -0.256905 2.802050 -1.000993 -0.206461 2.853505 -1.013787 0.257500 2.842998 -1.001749 0.206666 2.790048 -1.014883 0.315499 2.826222 -0.983139 0.373670 2.807986 -0.960965 -0.150147 2.840432 -1.025550 -0.090470 2.831680 -1.033695 -0.030083 2.824995 -1.038104 0.029903 2.818923 -1.038324 0.090168 2.812429 -1.034359 0.149759 2.803494 -1.026555 -0.073395 2.886146 1.018376 -0.121576 2.852548 1.012696 -0.028737 2.873442 1.022466 0.010861 2.860186 1.023820 0.062613 2.870324 1.019645 0.111303 2.907747 1.010987 -0.302973 2.929913 0.963116 -0.362567 2.877153 0.948543 -0.239570 2.911635 0.981418 -0.167291 2.892051 0.999634 0.171257 2.913198 0.999266 0.237548 2.886074 0.985842 0.299560 2.862928 0.969575 0.354103 2.912892 0.949099 -0.521179 2.935439 0.873583 -0.566467 2.895328 0.850392 -0.471078 2.919378 0.900180 -0.417551 2.898587 0.926085 0.411875 2.887167 0.929147 0.456211 2.858707 0.911930 0.508626 2.857664 0.885425 0.553379 2.885609 0.858644 -0.603889 2.945923 0.817746 -0.660082 2.900506 0.779011 0.600547 2.879102 0.826192 0.647687 2.911978 0.787884 -0.703568 2.939008 0.736002 -0.747907 2.897435 0.697320 0.691600 2.877541 0.751801 0.728010 2.919067 0.712296 -0.784988 2.933914 0.649931 -0.827241 2.893355 0.601636 0.774458 2.883056 0.664692 0.816234 2.931021 0.606730 -0.860823 2.895047 0.553166 -0.887713 2.863355 0.509049 0.856088 2.867919 0.563819 0.890209 2.901010 0.505920 -0.914186 2.862101 0.455849 0.921114 2.900672 0.451338 -0.931367 2.889739 0.410122 0.942627 2.855432 0.414702 0.964407 2.877557 0.358590 -0.951176 2.913789 0.351748 -0.970898 2.862552 0.299318 0.984086 2.896081 0.298646 -0.986800 2.884275 0.237778 1.000314 2.917165 0.233989 -0.999889 2.909500 0.172549 1.015607 2.855614 0.190366 1.025713 2.867993 0.126105 -1.011179 2.903339 0.112372 -1.018962 2.865304 0.069634 1.032890 2.853873 0.067003 -1.021615 2.880047 0.012528 1.033471 2.866638 0.017513 -1.022612 2.868393 -0.038725 1.031838 2.875061 -0.042979 -1.019029 2.883171 -0.074599 1.027608 2.881642 -0.101477 -1.013114 2.851467 -0.121875 -1.000745 2.891274 -0.166633 1.020789 2.889753 -0.151804 -0.983054 2.911725 -0.238965 1.011587 2.904600 -0.187942 0.997029 2.887941 -0.244025 -0.965062 2.930844 -0.302467 0.975081 2.901165 -0.312768 -0.950399 2.878190 -0.362458 -0.927996 2.899917 -0.417550 0.953811 2.914171 -0.371868 -0.901765 2.920861 -0.471459 0.930627 2.931909 -0.423144 0.910868 2.881804 -0.473603 -0.874698 2.935812 -0.522509 0.882792 2.897218 -0.523253 -0.852936 2.892348 -0.566798 -0.820235 2.937976 -0.605666 0.857934 2.909007 -0.562573 0.825905 2.890372 -0.609024 -0.783949 2.891400 -0.657645 -0.740076 2.935854 -0.699701 0.785880 2.909747 -0.658579 0.753156 2.868551 -0.700172 -0.699617 2.894405 -0.746163 -0.652173 2.935239 -0.784534 0.715665 2.899073 -0.736649 0.675143 2.862528 -0.776794 -0.605302 2.902763 -0.826716 -0.560121 2.915525 -0.859276 0.634154 2.897969 -0.808194 0.585477 2.861042 -0.846443 -0.522495 2.900670 -0.883602 -0.473824 2.882850 -0.911572 -0.423035 2.932017 -0.931880 0.472032 2.920548 -0.909680 0.424216 2.863755 -0.938282 0.532946 2.895492 -0.877319 -0.372252 2.911646 -0.955724 -0.315384 2.894441 -0.977834 -0.259577 2.873529 -0.997811 -0.205264 2.917184 -1.009473 0.245481 2.911961 -1.001295 0.199100 2.857358 -1.016308 0.304634 2.898766 -0.984364 0.364687 2.883821 -0.963024 -0.156882 2.902060 -1.021407 -0.100133 2.893935 -1.029808 -0.040148 2.885086 -1.035199 0.018532 2.876967 -1.036931 0.077360 2.872909 -1.034129 0.138557 2.868238 -1.026985 -0.108006 2.904121 1.011436 -0.032403 2.921638 1.017510 -0.072653 2.927034 1.013958 0.021885 2.911776 1.018611 0.057290 2.959374 1.009771 0.075704 2.925151 1.013760 -0.301108 2.999707 0.954404 -0.359938 2.949782 0.942616 -0.241123 2.985070 0.971746 -0.173317 2.971030 0.987694 -0.100935 2.958323 1.002668 0.121134 2.971437 1.000493 0.186762 2.976207 0.989741 0.234004 2.956009 0.981543 0.293434 2.936247 0.966887 0.342594 2.983592 0.944715 -0.557666 2.952363 0.850464 -0.472498 2.998818 0.886680 -0.526641 2.985547 0.863166 -0.413031 2.974284 0.917896 0.404313 2.960806 0.923928 0.469563 2.926276 0.899221 0.513539 2.977946 0.868703 0.523835 2.918863 0.872887 -0.600683 3.023433 0.805303 -0.653565 2.995865 0.769471 -0.560273 3.004588 0.837834 0.562224 2.940831 0.845999 0.608640 2.953599 0.812235 0.642430 2.958526 0.786898 -0.700402 2.998893 0.728685 -0.740662 2.989576 0.687759 0.678550 2.963052 0.753272 0.718576 2.970422 0.714792 -0.781894 2.996532 0.639747 -0.813650 2.975654 0.603187 0.755353 2.981440 0.670460 0.797311 3.020814 0.608484 -0.875441 2.927747 0.521131 -0.848269 2.954640 0.558204 0.840187 2.995713 0.558191 0.857185 2.933038 0.552528 -0.871454 2.990431 0.506200 -0.901864 2.932695 0.465752 0.873868 2.968844 0.516750 0.906592 2.980514 0.452140 -0.926823 2.964803 0.398602 0.940704 2.926867 0.403399 0.962294 2.955182 0.340280 -0.947754 2.984020 0.337060 -0.968720 2.935134 0.291365 0.982320 2.954751 0.282924 -0.983010 2.953088 0.232800 0.989260 2.978705 0.243924 -0.991014 2.971716 0.186383 1.003139 2.973871 0.181021 1.014479 2.909753 0.175329 -1.014313 2.922424 0.065639 -1.001283 2.964218 0.125139 1.018602 2.927406 0.136514 1.025948 2.913111 0.076801 -1.016329 2.933724 0.019279 -1.005543 2.982355 0.050164 1.026680 2.925463 0.008063 -1.012028 2.961855 -0.004667 -1.018834 2.916311 -0.029071 1.024849 2.930740 -0.055873 -1.015179 2.923873 -0.071452 -1.012425 2.902093 -0.107483 -1.004220 2.956448 -0.098685 1.021056 2.931217 -0.112247 -0.989590 2.970165 -0.171975 1.011824 2.966902 -0.128820 1.001740 2.959750 -0.183472 1.015372 2.931302 -0.154138 -0.973979 2.985334 -0.239989 0.983063 2.964588 -0.254036 -0.956671 3.001578 -0.299947 0.963996 2.971093 -0.319054 -0.944618 2.951552 -0.359557 -0.919588 2.976951 -0.412882 0.945066 2.977300 -0.373893 -0.886741 3.003459 -0.473421 0.926644 2.989172 -0.412728 0.899709 2.968400 -0.471960 -0.862428 2.987246 -0.529968 -0.851235 2.950092 -0.560362 -0.836212 3.001852 -0.566660 0.864491 3.004334 -0.521266 0.842986 2.958702 -0.571104 0.871236 2.947642 -0.532011 -0.803226 3.014143 -0.609509 0.806546 2.960498 -0.620917 -0.777846 2.971935 -0.651941 -0.734419 3.025947 -0.685210 0.780211 2.955676 -0.657457 0.749460 2.943242 -0.694133 -0.687049 2.987089 -0.742116 -0.642547 2.997489 -0.781675 0.715252 2.948795 -0.729643 0.677147 2.940747 -0.765788 -0.608037 2.980634 -0.812644 -0.565407 2.968010 -0.846436 -0.529652 2.952603 -0.873135 -0.518039 3.009934 -0.867559 0.637077 2.950189 -0.799162 0.591330 2.947030 -0.832707 -0.471282 2.971200 -0.901013 -0.412240 2.990732 -0.927945 0.449039 2.996008 -0.910091 0.410657 2.938759 -0.938330 0.521578 2.984729 -0.872097 -0.372824 2.977218 -0.947006 -0.316893 2.967793 -0.967664 -0.248204 2.954653 -0.990793 -0.189390 2.968904 -1.005585 0.228178 2.984078 -0.995615 0.185489 2.923456 -1.014353 0.285115 2.959075 -0.983974 0.345965 2.963924 -0.961699 -0.161916 2.948398 -1.015738 -0.109595 2.956732 -1.021913 -0.048453 2.944831 -1.028541 0.011369 2.934632 -1.031312 0.060719 2.921151 -1.031634 0.120586 2.935111 -1.023820 -0.045969 2.959044 1.010040 0.005461 2.965426 1.010054 -0.298212 3.059885 0.944017 -0.351809 3.020221 0.934094 -0.243880 3.051735 0.958959 -0.178330 3.042922 0.973037 -0.106777 3.030722 0.985877 -0.028311 3.015707 0.996418 0.058738 3.016235 0.996735 0.122738 3.036811 0.987267 0.175572 3.025834 0.982174 0.223550 3.007814 0.976646 0.280021 3.009427 0.960730 0.328621 3.040960 0.938849 -0.456258 3.079222 0.874586 -0.511906 3.040844 0.857598 -0.394486 3.061310 0.906154 0.381962 3.032727 0.919801 0.452146 3.014148 0.892989 0.500484 3.036607 0.863563 -0.624882 3.041664 0.783235 -0.549446 3.084699 0.820992 -0.600931 3.073062 0.790650 0.559537 3.023007 0.829784 0.599860 3.068670 0.789442 0.625811 3.002477 0.789115 -0.712059 3.027012 0.709536 -0.637070 3.077629 0.759532 -0.683355 3.046958 0.729861 0.652951 3.043148 0.755281 0.678088 3.083773 0.719815 0.703598 3.017317 0.717291 -0.798089 3.031908 0.606250 -0.716907 3.075402 0.683149 -0.764171 3.053175 0.639508 0.725215 3.060924 0.681471 0.743894 3.101754 0.645232 0.762231 3.048952 0.644946 -0.790671 3.090822 0.588450 -0.832346 3.043840 0.548270 0.778532 3.081154 0.611012 0.818642 3.087781 0.548853 -0.866255 3.054425 0.487323 -0.896269 3.025398 0.440873 0.866064 3.032893 0.503430 0.887695 3.069445 0.445850 -0.924321 3.036830 0.370493 0.922006 3.052613 0.383457 0.937545 2.987224 0.387746 -0.943684 3.038961 0.319680 -0.963584 3.006922 0.275474 0.948341 3.016082 0.347085 0.967832 3.019819 0.286137 -0.978634 3.004127 0.220742 0.984939 3.019694 0.225051 -0.984202 3.021161 0.171625 0.989236 3.036233 0.182673 -0.990870 3.030235 0.107920 1.000490 3.023023 0.120778 1.014626 2.964532 0.116288 -0.993042 3.039563 0.052602 1.002236 3.035494 0.044017 1.016142 2.975974 0.060315 -1.011652 2.955854 -0.044908 -0.998434 3.014105 -0.019723 1.001250 3.037603 -0.030917 1.016042 2.982803 -0.008222 -0.987859 3.029566 -0.104472 0.997352 3.025374 -0.114135 1.013961 2.980671 -0.075502 -0.975739 3.041304 -0.177063 0.982598 3.031226 -0.192455 -0.961681 3.052955 -0.241608 0.966740 3.032790 -0.263469 -0.946303 3.064020 -0.296051 0.949187 3.034366 -0.328270 -0.936288 3.023189 -0.350843 -0.908416 3.065254 -0.393045 0.932449 3.060525 -0.357706 0.913593 3.045431 -0.408271 0.935228 3.021790 -0.377654 -0.873079 3.093168 -0.453764 0.883577 3.048718 -0.466519 -0.853387 3.049171 -0.516882 -0.814680 3.077728 -0.565856 0.857063 3.061894 -0.506664 0.822020 3.038837 -0.569618 -0.785177 3.068702 -0.612920 -0.772849 3.032192 -0.642684 -0.753078 3.084903 -0.644725 0.779795 3.077960 -0.613016 0.747098 3.061250 -0.660372 0.772724 3.007213 -0.648747 -0.712918 3.103239 -0.681140 0.712754 3.089914 -0.686463 0.674590 3.068657 -0.732745 0.712610 3.009565 -0.714245 -0.682369 3.072792 -0.721809 -0.643158 3.053846 -0.763836 -0.611512 3.034409 -0.797021 -0.595117 3.093354 -0.788877 0.630668 3.093184 -0.764175 0.600759 3.064023 -0.801719 0.639231 3.012553 -0.781947 -0.558267 3.049786 -0.829867 -0.505115 3.066410 -0.860274 0.563786 3.078243 -0.826053 0.534463 3.050290 -0.852122 0.576874 3.023231 -0.829741 -0.466496 3.053446 -0.884878 -0.408265 3.049298 -0.914550 -0.376623 3.023901 -0.936764 -0.356749 3.064263 -0.933855 0.401677 3.070756 -0.913889 0.355966 3.029169 -0.945742 0.394795 3.000531 -0.935821 0.481392 3.056861 -0.879201 -0.325153 3.036607 -0.951662 -0.257544 3.030506 -0.972270 -0.182869 3.026947 -0.991897 -0.142778 2.993350 -1.010399 -0.111060 3.044020 -1.001415 -0.097123 3.008047 -1.014257 -0.065169 3.039362 -1.008738 0.174820 3.038093 -0.995360 0.130860 2.993677 -1.013634 0.169760 2.976561 -1.010433 0.232258 3.037962 -0.983383 0.290212 3.030965 -0.967709 -0.054969 2.999318 -1.019190 0.003863 2.992337 -1.021547 0.071299 2.979821 -1.021645 -0.334774 3.076132 0.927576 -0.252927 3.105121 0.944143 -0.297329 3.103695 0.932893 -0.185404 3.113113 0.954523 -0.115047 3.099047 0.967759 -0.042406 3.088466 0.976284 0.033142 3.079913 0.980313 0.094561 3.072647 0.980407 0.157794 3.088599 0.968087 0.232342 3.063788 0.960897 0.270757 3.106412 0.938624 0.291582 3.066733 0.944694 -0.495438 3.096146 0.850494 -0.396865 3.146894 0.877626 -0.456544 3.133310 0.856952 -0.325410 3.134178 0.910650 0.336830 3.103808 0.917006 0.414795 3.083206 0.892855 0.448340 3.122304 0.864463 0.465382 3.070840 0.873395 -0.534089 3.157986 0.803621 -0.583765 3.141443 0.774330 -0.494747 3.144806 0.832334 0.501548 3.089749 0.846345 0.547601 3.104612 0.812471 0.582209 3.112876 0.787357 -0.631224 3.137885 0.738961 -0.669633 3.111270 0.716271 0.619530 3.120335 0.754563 0.659860 3.126629 0.719693 -0.689628 3.166592 0.666289 -0.747121 3.136671 0.618041 0.695405 3.132807 0.682059 0.729374 3.140283 0.643425 -0.781648 3.149196 0.568997 -0.811260 3.130053 0.536239 0.759687 3.148134 0.599456 0.794701 3.174641 0.533394 -0.876954 3.088404 0.448100 -0.847438 3.120082 0.480887 0.837687 3.156047 0.477055 0.858029 3.094035 0.486156 -0.871206 3.133840 0.427821 -0.896976 3.102871 0.391925 0.870100 3.123154 0.446469 0.892507 3.130310 0.391309 -0.949587 3.062559 0.283358 -0.926691 3.096541 0.320014 0.925609 3.118149 0.318871 0.944532 3.059169 0.326094 -0.943594 3.101343 0.263167 -0.963896 3.060076 0.227285 0.951456 3.081671 0.284415 0.967734 3.080177 0.222075 -0.970244 3.086483 0.152175 0.982303 3.073610 0.156521 -0.981089 3.076818 0.088582 0.984395 3.086111 0.096357 -0.980720 3.084872 0.032146 0.984940 3.094114 0.022188 -0.977699 3.089102 -0.041381 0.982415 3.094884 -0.054258 -0.969909 3.097526 -0.115745 0.974901 3.095155 -0.130012 -0.959477 3.105426 -0.183949 0.960794 3.102054 -0.204614 -0.945752 3.115320 -0.246227 0.949747 3.087786 -0.275876 -0.935131 3.108599 -0.296189 -0.930035 3.079676 -0.333779 -0.913810 3.136001 -0.325840 0.933159 3.122736 -0.293033 0.916822 3.112897 -0.347324 0.938131 3.084624 -0.321313 -0.885185 3.145073 -0.389508 0.887910 3.112838 -0.414939 -0.857493 3.162509 -0.439186 0.863103 3.137083 -0.447334 0.838399 3.118441 -0.501656 0.867856 3.096501 -0.468311 -0.834955 3.135461 -0.500485 -0.803720 3.140942 -0.549136 0.800420 3.117845 -0.562586 -0.771590 3.138589 -0.592932 -0.728958 3.145493 -0.643171 0.776874 3.120311 -0.597279 0.749381 3.119215 -0.632141 -0.690001 3.165573 -0.675035 -0.676328 3.129157 -0.706897 -0.658493 3.165195 -0.706817 0.713362 3.142167 -0.662050 0.669876 3.136023 -0.708301 -0.627964 3.141999 -0.741546 -0.574684 3.151007 -0.780567 0.605142 3.164557 -0.752373 0.585302 3.111177 -0.797081 -0.543631 3.131473 -0.810539 -0.503634 3.116874 -0.842463 -0.470180 3.102508 -0.868215 -0.452124 3.153710 -0.857396 0.555557 3.112435 -0.820268 0.520137 3.106297 -0.843689 -0.415782 3.121176 -0.887496 -0.347875 3.118554 -0.917749 -0.319360 3.090221 -0.939624 -0.295183 3.129113 -0.933945 0.333749 3.139732 -0.917048 0.292977 3.096148 -0.948722 0.336787 3.074549 -0.940433 0.396179 3.132578 -0.896086 0.450826 3.129727 -0.871652 -0.266815 3.098305 -0.951918 -0.198701 3.093530 -0.968808 -0.126672 3.095301 -0.981078 -0.049599 3.091316 -0.991060 -0.012741 3.045031 -1.008478 0.033241 3.095805 -0.990917 0.054207 3.040021 -1.008431 0.114202 3.085075 -0.989569 0.110353 3.029421 -1.007539 0.171586 3.090467 -0.980765 0.228316 3.091840 -0.967822 -0.269878 3.140348 0.928012 -0.217589 3.156886 0.934560 -0.120563 3.158060 0.949524 -0.165906 3.169010 0.940304 -0.055584 3.151104 0.956234 0.017191 3.142738 0.960443 0.095553 3.131241 0.961347 0.129736 3.180706 0.939896 0.159481 3.146673 0.948947 0.215267 3.128409 0.944577 -0.379355 3.209175 0.860927 -0.431983 3.200267 0.839642 -0.324917 3.209753 0.880345 -0.251917 3.197774 0.907899 -0.176292 3.208855 0.920956 0.193354 3.192663 0.923413 0.269528 3.159068 0.918683 0.330607 3.181057 0.890002 0.392920 3.144813 0.881191 0.428374 3.162692 0.858391 -0.549337 3.181294 0.782664 -0.492006 3.197789 0.810363 -0.526354 3.199351 0.789371 0.477162 3.172011 0.826245 0.519165 3.205806 0.785560 0.554971 3.153772 0.787399 -0.649627 3.166148 0.707927 -0.547580 3.226929 0.755752 -0.608062 3.194980 0.727143 0.575329 3.199842 0.749623 0.612264 3.225586 0.708025 0.639032 3.168243 0.716661 -0.674971 3.241481 0.636576 -0.716219 3.215109 0.607471 -0.641933 3.221234 0.681659 0.662011 3.201193 0.677511 0.678356 3.236406 0.638258 0.710081 3.179416 0.641265 -0.791911 3.180577 0.533859 -0.759270 3.207129 0.558537 0.723706 3.218159 0.598951 0.739780 3.257332 0.548240 0.761044 3.204267 0.562398 -0.785041 3.221024 0.512060 -0.814335 3.193512 0.484541 0.775901 3.224313 0.526524 0.801533 3.228463 0.478699 -0.878196 3.160978 0.388805 -0.849783 3.190653 0.418965 0.840998 3.219362 0.412576 0.864814 3.163781 0.423526 -0.870207 3.201903 0.364064 -0.896235 3.168031 0.331780 0.872764 3.187139 0.383288 0.891974 3.191422 0.326153 -0.947749 3.124802 0.210648 -0.923650 3.152749 0.264432 0.921535 3.178910 0.249196 0.944331 3.121925 0.259503 -0.951038 3.145128 0.156101 -0.926134 3.189876 0.190534 0.948044 3.140564 0.215030 0.962215 3.130677 0.154073 -0.941595 3.180271 0.127504 -0.962593 3.132412 0.092727 0.964937 3.144963 0.074842 -0.961390 3.144669 0.016015 0.964750 3.151103 -0.000102 -0.957120 3.152312 -0.057747 0.961204 3.152756 -0.073377 -0.950190 3.157488 -0.128598 0.954594 3.153328 -0.140085 -0.941765 3.160078 -0.191120 0.936725 3.194259 -0.151104 0.924760 3.197749 -0.200993 0.945011 3.159997 -0.187357 -0.932254 3.164492 -0.235332 -0.929527 3.145064 -0.273453 -0.910606 3.196763 -0.259319 0.912424 3.178869 -0.278039 0.939451 3.143125 -0.240187 -0.883579 3.208398 -0.327517 0.887061 3.177987 -0.353409 -0.862496 3.204504 -0.389459 0.862237 3.203867 -0.384986 0.841668 3.187845 -0.440750 0.870291 3.165088 -0.408488 -0.837391 3.218283 -0.429542 -0.839527 3.179035 -0.463570 -0.820064 3.200290 -0.479232 0.803835 3.183640 -0.511289 -0.801171 3.183545 -0.523332 -0.785894 3.171454 -0.555043 -0.759052 3.223738 -0.548836 0.773757 3.211685 -0.538833 0.746860 3.214054 -0.575768 0.770922 3.163892 -0.577560 -0.725936 3.199505 -0.611110 -0.708239 3.184285 -0.644680 -0.680578 3.227643 -0.643594 0.714556 3.221436 -0.612003 0.693748 3.187988 -0.656667 0.733101 3.175398 -0.620307 -0.651208 3.206845 -0.688216 -0.637710 3.184317 -0.714554 -0.606316 3.223938 -0.715492 0.648416 3.202909 -0.692684 -0.561118 3.207434 -0.760565 -0.537194 3.181215 -0.793137 -0.516375 3.218242 -0.787474 0.543384 3.219995 -0.769976 0.512386 3.191076 -0.812206 0.546928 3.152733 -0.806494 0.602148 3.233131 -0.715350 -0.482908 3.196732 -0.818385 -0.426726 3.202967 -0.847865 0.487842 3.192613 -0.827889 0.456406 3.189617 -0.844589 0.497088 3.160850 -0.836377 -0.405877 3.179032 -0.869687 -0.350838 3.188052 -0.887827 -0.282069 3.181924 -0.914550 -0.256308 3.150818 -0.936975 -0.225140 3.188324 -0.928052 0.252593 3.193617 -0.919169 0.221287 3.151683 -0.947613 0.267229 3.136263 -0.941801 0.318420 3.217498 -0.887510 0.392394 3.186470 -0.874159 -0.210192 3.149240 -0.947633 -0.144977 3.152122 -0.957428 -0.071515 3.153138 -0.965366 0.005617 3.152079 -0.969267 0.083875 3.147707 -0.968511 0.163349 3.138358 -0.963601 -0.128514 3.200465 0.932741 -0.072616 3.205013 0.934847 -0.001384 3.200993 0.938290 0.070588 3.191197 0.940404 -0.387469 3.235908 0.844657 -0.350157 3.250938 0.852316 -0.259752 3.259613 0.877269 -0.304700 3.264965 0.861815 -0.185317 3.267452 0.890005 -0.107202 3.252408 0.909280 -0.023761 3.254652 0.912992 0.053108 3.247384 0.915362 0.125057 3.229485 0.918059 0.184958 3.258687 0.893803 0.262282 3.228856 0.889935 0.291787 3.271318 0.859632 0.325098 3.232872 0.868688 0.389518 3.204238 0.855954 -0.502257 3.232774 0.784972 -0.384379 3.281253 0.817814 -0.454922 3.251271 0.800600 -0.314987 3.300380 0.836527 0.347061 3.268014 0.840657 0.417923 3.254342 0.816308 0.450886 3.278424 0.785101 0.475357 3.235865 0.796318 -0.530739 3.300196 0.720317 -0.586009 3.276562 0.693469 -0.484885 3.287274 0.759485 0.507487 3.260472 0.760817 0.566027 3.257444 0.724176 0.596453 3.259432 0.701051 -0.694938 3.265700 0.598330 -0.635196 3.280925 0.648494 -0.663385 3.297818 0.608056 0.626919 3.262772 0.670735 0.656110 3.271581 0.636590 -0.690749 3.299851 0.575486 -0.721958 3.272133 0.557417 0.680756 3.283944 0.597458 0.704974 3.312468 0.542962 -0.791958 3.247917 0.475279 -0.759630 3.273010 0.500687 0.745754 3.300604 0.498728 0.770602 3.257696 0.505371 -0.780594 3.288775 0.450062 -0.812152 3.258801 0.422919 0.778065 3.277805 0.471541 0.796456 3.288664 0.418687 -0.875076 3.225056 0.320827 -0.845058 3.256370 0.352064 0.835033 3.280841 0.343528 0.863835 3.226203 0.356867 -0.863356 3.266062 0.289495 -0.893922 3.223230 0.259893 0.868600 3.246665 0.314424 0.886606 3.242549 0.260953 -0.896121 3.257022 0.182419 0.906150 3.243779 0.171823 0.937204 3.179656 0.183512 -0.941568 3.192310 0.069081 -0.919746 3.229257 0.123256 0.921463 3.238801 0.092465 0.940734 3.192228 0.121967 -0.938892 3.203376 -0.002574 -0.916405 3.249059 0.052210 0.918622 3.251749 0.027205 0.943590 3.199928 0.049655 -0.934163 3.209286 -0.075767 -0.913218 3.258516 -0.022708 0.915905 3.254644 -0.049549 0.942027 3.204808 -0.022880 -0.927574 3.209699 -0.146753 -0.907754 3.261669 -0.097848 0.912045 3.246149 -0.134059 0.938720 3.203346 -0.094702 -0.923732 3.199531 -0.203524 -0.896940 3.259544 -0.183382 0.892349 3.252401 -0.216894 -0.880758 3.257111 -0.261646 0.880533 3.234057 -0.294662 -0.864308 3.263985 -0.306783 -0.854076 3.251062 -0.353435 -0.838278 3.300685 -0.316349 0.854192 3.267108 -0.317135 0.836599 3.252640 -0.378031 0.866029 3.228745 -0.345189 -0.845204 3.240118 -0.390352 -0.819021 3.285027 -0.384678 0.803978 3.245813 -0.453153 -0.803995 3.255197 -0.451646 -0.791296 3.230230 -0.498615 -0.762620 3.287432 -0.484006 0.780200 3.259083 -0.484859 0.753446 3.258883 -0.525669 0.784863 3.233011 -0.502679 -0.722982 3.300125 -0.530618 0.725366 3.247951 -0.577092 -0.696199 3.277774 -0.585301 -0.656829 3.283840 -0.626630 0.704838 3.252071 -0.599761 0.674294 3.246845 -0.637239 -0.624304 3.274508 -0.665127 -0.580218 3.282424 -0.698238 0.643114 3.268309 -0.655421 0.613870 3.275892 -0.676262 0.637493 3.246003 -0.676941 -0.551866 3.268077 -0.730001 -0.503837 3.265369 -0.764788 -0.490813 3.237685 -0.792516 -0.456091 3.267234 -0.793112 0.490936 3.281800 -0.766122 0.446229 3.269648 -0.803416 0.480865 3.226668 -0.810476 0.558254 3.286200 -0.713351 -0.408921 3.255956 -0.826207 -0.379048 3.225133 -0.859252 -0.345112 3.275146 -0.844778 -0.332953 3.242616 -0.869144 -0.300487 3.277441 -0.860732 0.324693 3.303745 -0.834878 0.307754 3.267455 -0.865114 0.360564 3.252236 -0.853531 0.393559 3.294448 -0.812426 0.422473 3.237353 -0.835120 -0.287477 3.240103 -0.884876 -0.208824 3.248621 -0.900342 -0.167578 3.202476 -0.932255 -0.121922 3.257191 -0.910860 -0.094912 3.207507 -0.939342 -0.045372 3.259382 -0.916395 -0.019772 3.207439 -0.944207 0.030373 3.255312 -0.919652 0.054496 3.203014 -0.945924 0.095719 3.243390 -0.922457 0.127413 3.197774 -0.942210 0.173537 3.251858 -0.905961 0.188628 3.188711 -0.937345 0.257872 3.257736 -0.884729 -0.270300 3.299484 0.852914 -0.218262 3.311433 0.859220 -0.117323 3.310373 0.877490 -0.165108 3.320896 0.865337 -0.047254 3.306542 0.884115 0.030778 3.301986 0.886668 0.114286 3.291329 0.886885 0.144418 3.334439 0.857206 0.176467 3.304929 0.870695 0.234611 3.290190 0.865339 -0.428172 3.305588 0.780093 -0.325416 3.344383 0.802653 -0.375801 3.355219 0.771023 -0.251503 3.355043 0.820371 -0.176094 3.357308 0.838563 0.202630 3.337805 0.843069 0.287278 3.325389 0.826208 0.367553 3.307266 0.808155 0.391503 3.326003 0.784828 0.413399 3.301365 0.791090 -0.551325 3.316137 0.694653 -0.487530 3.340756 0.719874 -0.522810 3.348895 0.689276 -0.437602 3.348717 0.742775 0.437828 3.331295 0.753261 0.522725 3.304328 0.721154 0.548957 3.325815 0.686075 0.576270 3.288215 0.695735 -0.635588 3.312815 0.625139 -0.563134 3.335260 0.669793 -0.602338 3.332272 0.637797 0.591247 3.312961 0.663071 0.602474 3.330720 0.637512 0.632143 3.301349 0.635545 -0.700123 3.317873 0.545752 -0.637123 3.336958 0.601572 -0.666167 3.342296 0.562590 0.627288 3.341897 0.601655 0.652092 3.351340 0.568926 0.669272 3.329666 0.570560 -0.692562 3.348439 0.521681 -0.721822 3.322293 0.507413 0.672452 3.355873 0.539030 0.709503 3.345299 0.501023 -0.785754 3.312304 0.410497 -0.745454 3.346120 0.436672 0.737134 3.339407 0.465539 0.764040 3.312558 0.454139 -0.775882 3.347521 0.378399 -0.806818 3.313152 0.361374 0.751171 3.354128 0.415424 0.788590 3.343299 0.352537 -0.867877 3.288446 0.230560 -0.828136 3.326815 0.278993 0.816332 3.348549 0.265472 0.856159 3.285028 0.281018 -0.872695 3.304784 0.172463 -0.845090 3.338969 0.195033 0.839919 3.350550 0.174499 0.864873 3.298353 0.218403 -0.859249 3.335336 0.138897 -0.888539 3.291911 0.111804 0.873546 3.307680 0.153913 0.890653 3.293309 0.087828 -0.887821 3.304033 0.030015 0.888814 3.303360 0.001396 -0.884935 3.309655 -0.045214 0.885548 3.303469 -0.078461 -0.879643 3.310974 -0.114583 0.878421 3.301270 -0.151239 -0.868596 3.318778 -0.163910 -0.862491 3.308939 -0.218301 -0.840651 3.356375 -0.176027 0.851672 3.337807 -0.169802 0.837069 3.338305 -0.224898 0.865727 3.305841 -0.203594 -0.855391 3.298242 -0.271489 -0.822049 3.354535 -0.252168 0.818341 3.322418 -0.311289 0.859916 3.288675 -0.260450 -0.803924 3.345292 -0.326046 0.796324 3.301534 -0.397825 -0.772344 3.356435 -0.376079 -0.782257 3.307525 -0.427498 -0.744656 3.349458 -0.437522 0.771824 3.324990 -0.417166 0.747713 3.338417 -0.441984 0.771223 3.293295 -0.459140 -0.722054 3.341111 -0.487407 0.722467 3.347197 -0.472356 0.690030 3.348989 -0.514875 0.732346 3.313958 -0.497060 -0.691475 3.349119 -0.522614 -0.697207 3.316585 -0.550927 -0.672619 3.335205 -0.562420 0.660689 3.331080 -0.575097 0.699342 3.288729 -0.569580 -0.642575 3.330153 -0.600549 -0.634126 3.305216 -0.633353 -0.608543 3.328205 -0.637143 0.636521 3.337965 -0.597595 0.609745 3.342383 -0.621397 0.642486 3.301754 -0.625470 -0.567180 3.332160 -0.668718 -0.546562 3.309030 -0.705321 -0.522805 3.341136 -0.696145 0.582336 3.344313 -0.647056 0.554086 3.339216 -0.674372 0.594171 3.315817 -0.661275 -0.507271 3.315365 -0.727071 -0.437213 3.337031 -0.752328 -0.408563 3.303951 -0.795295 -0.379139 3.340015 -0.783840 0.459173 3.328367 -0.751725 0.410862 3.340643 -0.769039 0.440469 3.303882 -0.782635 0.504352 3.332414 -0.717123 -0.359739 3.312010 -0.813690 -0.287927 3.328475 -0.830192 -0.248590 3.292341 -0.866742 -0.212923 3.340728 -0.843812 -0.194892 3.307186 -0.871131 -0.162057 3.339714 -0.855722 0.174817 3.355040 -0.839246 0.154421 3.313153 -0.873235 0.216692 3.307042 -0.864404 0.262975 3.354809 -0.817015 0.274364 3.299578 -0.855173 0.347036 3.346697 -0.793829 -0.143877 3.304086 -0.881301 -0.073037 3.307906 -0.886080 0.004330 3.306925 -0.888984 0.089686 3.297540 -0.890732 -0.128221 3.349297 0.852698 -0.071163 3.354148 0.853413 0.003998 3.352639 0.855321 0.082549 3.345126 0.856334 -0.331310 3.376222 0.778056 -0.292183 3.390767 0.781590 -0.181448 3.402554 0.803110 -0.231372 3.422294 0.774271 -0.111527 3.394266 0.820228 -0.027107 3.399275 0.820829 0.055636 3.395176 0.821189 0.145684 3.380915 0.821712 0.227253 3.376852 0.808303 0.249145 3.401372 0.783333 0.279895 3.377695 0.791767 0.347043 3.356282 0.780518 -0.489987 3.369185 0.695496 -0.456532 3.383732 0.702907 -0.330883 3.408912 0.750356 -0.390253 3.412905 0.713840 -0.281653 3.428545 0.753925 0.290731 3.417789 0.752488 0.375906 3.394329 0.735825 0.395302 3.416615 0.707674 0.433909 3.390244 0.707982 0.496457 3.354317 0.698205 -0.570682 3.356807 0.645082 -0.491919 3.398103 0.664526 -0.541967 3.374432 0.650822 -0.440526 3.424354 0.672765 0.420256 3.432192 0.677149 0.461059 3.432509 0.649950 0.478816 3.402171 0.666788 0.554947 3.362863 0.645623 -0.637681 3.359930 0.577943 -0.572992 3.380234 0.617530 -0.611281 3.370408 0.592268 0.506047 3.431295 0.613802 0.583020 3.393715 0.588890 0.608441 3.407356 0.549079 0.632917 3.374979 0.562460 -0.701955 3.370132 0.478117 -0.632010 3.385128 0.552462 -0.665660 3.383892 0.511784 0.645727 3.394145 0.524263 0.659561 3.410975 0.481365 0.680099 3.378418 0.500862 -0.708585 3.388671 0.440970 -0.668990 3.423122 0.448427 0.675696 3.418112 0.446029 0.704111 3.381708 0.458207 -0.784867 3.366957 0.321725 -0.712104 3.409058 0.400301 -0.748768 3.390802 0.360183 0.702049 3.419604 0.397605 0.733691 3.423642 0.333380 0.750915 3.387905 0.361658 -0.791201 3.385984 0.265288 -0.749426 3.425998 0.284976 0.748978 3.424831 0.297161 0.769133 3.393038 0.310497 -0.776795 3.417637 0.228156 -0.809525 3.381970 0.212018 0.764561 3.421724 0.254208 0.797041 3.402716 0.188306 -0.858269 3.346345 0.078272 -0.824908 3.382410 0.134180 0.819209 3.392713 0.104764 0.857771 3.341023 0.114450 -0.856885 3.354068 0.002398 -0.823830 3.395688 0.049442 0.819754 3.399492 0.013460 0.856981 3.349430 0.048919 -0.854984 3.355075 -0.070844 -0.822614 3.399565 -0.029707 0.817970 3.397430 -0.072373 0.855364 3.352605 -0.032077 -0.854747 3.349049 -0.127375 -0.821698 3.394118 -0.112340 0.815315 3.384173 -0.164694 0.852536 3.348403 -0.110399 -0.804338 3.402083 -0.182283 0.799931 3.378394 -0.246846 -0.775206 3.421861 -0.232556 -0.782619 3.390906 -0.292889 -0.754732 3.428380 -0.282635 0.774185 3.402839 -0.268057 0.745970 3.414614 -0.310735 0.782603 3.377564 -0.300716 -0.779118 3.376859 -0.331851 -0.751283 3.409194 -0.331539 0.725080 3.405577 -0.376751 0.764542 3.360073 -0.373165 -0.714979 3.413176 -0.390764 -0.704479 3.384108 -0.456682 -0.673936 3.424413 -0.440873 0.702767 3.416147 -0.402149 0.676075 3.423943 -0.432433 0.713163 3.381458 -0.437125 -0.697321 3.369527 -0.490005 -0.666087 3.398131 -0.491954 0.647201 3.429422 -0.467413 0.612983 3.427670 -0.512312 0.662886 3.398738 -0.488046 -0.653014 3.374112 -0.541562 -0.648082 3.356010 -0.569799 -0.620173 3.378677 -0.572378 0.584365 3.407388 -0.573036 0.629299 3.372470 -0.564169 -0.595898 3.366220 -0.611041 -0.582212 3.353182 -0.638350 -0.554894 3.379919 -0.632836 0.549554 3.414046 -0.600830 0.524660 3.404075 -0.634171 0.569012 3.375956 -0.624813 -0.512832 3.377954 -0.667779 -0.478043 3.363658 -0.705824 -0.446936 3.418271 -0.671383 -0.440008 3.381978 -0.713054 -0.397751 3.401563 -0.717924 0.441359 3.419980 -0.677295 0.399987 3.423056 -0.698659 0.448173 3.378420 -0.713396 0.479415 3.413478 -0.657796 0.513552 3.374985 -0.672059 -0.361959 3.379775 -0.757990 -0.327938 3.358444 -0.793028 -0.300482 3.401539 -0.767024 -0.279398 3.377133 -0.797303 -0.251891 3.407583 -0.779825 0.298536 3.425168 -0.748124 0.259962 3.416379 -0.768080 0.313659 3.393712 -0.769405 0.338196 3.425918 -0.729102 0.376215 3.385879 -0.747655 -0.230513 3.379235 -0.809711 -0.155910 3.384883 -0.820420 -0.105090 3.350817 -0.854345 -0.069523 3.399677 -0.817987 -0.029167 3.355395 -0.855296 0.014924 3.401600 -0.818449 0.050623 3.352311 -0.856351 0.106231 3.395194 -0.817500 0.115465 3.344621 -0.857147 0.191984 3.405032 -0.795015 -0.182182 3.435513 0.776126 -0.135635 3.440192 0.778855 -0.060875 3.443425 0.782291 0.021633 3.443210 0.782630 0.107926 3.436427 0.780679 0.200908 3.424478 0.774277 -0.340664 3.437312 0.719422 -0.303563 3.450346 0.723945 -0.180113 3.469665 0.741528 -0.250074 3.461838 0.731691 -0.097271 3.484304 0.739575 -0.014470 3.487285 0.741241 0.070371 3.485111 0.739226 0.155943 3.476765 0.734890 0.233726 3.466160 0.726901 0.263362 3.493300 0.689340 0.291171 3.463279 0.710613 0.352956 3.442280 0.703499 -0.527685 3.419033 0.612124 -0.462124 3.456590 0.620194 -0.337817 3.470248 0.683949 -0.401076 3.462290 0.656456 -0.280236 3.484561 0.695682 0.319043 3.486982 0.672396 0.382660 3.471386 0.657095 0.410857 3.489073 0.618448 0.439642 3.457703 0.636710 -0.580418 3.419981 0.561690 -0.514187 3.475141 0.552891 -0.412662 3.493704 0.612223 -0.445060 3.511199 0.563921 0.458535 3.479435 0.595619 0.468860 3.496591 0.564959 0.507525 3.472980 0.561826 0.562974 3.436812 0.556079 -0.624757 3.425762 0.505368 -0.574923 3.472800 0.495360 -0.484851 3.517552 0.523604 -0.520509 3.516167 0.489323 0.490535 3.508360 0.527242 0.528419 3.507370 0.492004 0.556717 3.475900 0.507300 0.611795 3.431391 0.511237 -0.620371 3.459645 0.461143 -0.562307 3.510081 0.451739 -0.595975 3.489992 0.443781 0.560838 3.508233 0.450934 0.609687 3.498025 0.403989 0.630451 3.455719 0.447114 -0.715788 3.438399 0.338961 -0.631842 3.477408 0.412706 -0.676297 3.456851 0.376964 0.657395 3.472871 0.376916 0.672324 3.488296 0.318104 0.698947 3.453296 0.343353 -0.715431 3.457283 0.298767 -0.683947 3.478820 0.313924 0.689870 3.493115 0.267027 0.721040 3.455091 0.291894 -0.782534 3.426587 0.169111 -0.706703 3.477857 0.258286 -0.744020 3.456821 0.209428 0.726736 3.470234 0.231994 0.728682 3.483777 0.169230 0.759562 3.446472 0.195633 -0.786044 3.435541 0.094244 -0.745190 3.471824 0.136158 0.733984 3.489370 0.096076 0.771444 3.445324 0.135112 -0.785515 3.442309 0.015312 -0.745385 3.481089 0.060133 0.737237 3.490614 0.015068 0.778745 3.445848 0.056322 -0.783622 3.442876 -0.064048 -0.742386 3.486080 -0.019754 0.734041 3.489535 -0.070100 0.779043 3.445953 -0.028548 -0.779796 3.439597 -0.137631 -0.740282 3.483105 -0.101849 0.726676 3.484278 -0.155670 0.774271 3.441024 -0.117512 -0.776994 3.434937 -0.183683 -0.742377 3.468582 -0.183066 0.714887 3.481363 -0.220602 0.759990 3.433132 -0.219339 -0.732513 3.461097 -0.251914 -0.724747 3.450030 -0.304726 -0.696673 3.483490 -0.282402 0.682989 3.500370 -0.255091 0.664281 3.493639 -0.315060 0.711730 3.463399 -0.280034 -0.720298 3.437283 -0.341501 -0.684926 3.469629 -0.339207 0.643290 3.485359 -0.374914 0.689437 3.447143 -0.365383 -0.657409 3.461925 -0.401855 -0.621199 3.456044 -0.462481 -0.613134 3.492820 -0.413621 0.607684 3.499000 -0.406265 0.586633 3.494423 -0.445103 0.630892 3.461577 -0.437235 -0.613619 3.418177 -0.527548 -0.564887 3.509722 -0.446039 -0.553626 3.473729 -0.514266 -0.524272 3.515891 -0.485243 0.561724 3.502010 -0.464189 0.529442 3.505618 -0.493041 0.570884 3.474051 -0.495344 -0.563179 3.417498 -0.580390 -0.489792 3.514192 -0.520541 -0.495383 3.470557 -0.574821 -0.451596 3.507880 -0.561918 0.494441 3.507540 -0.525969 0.456241 3.505759 -0.560026 0.508770 3.477004 -0.554179 0.556925 3.440657 -0.558142 -0.505693 3.422085 -0.625506 -0.442882 3.487582 -0.595699 -0.460186 3.456628 -0.620792 -0.410385 3.474363 -0.632326 0.406325 3.505372 -0.598679 0.375067 3.490824 -0.637329 0.437611 3.460361 -0.631897 0.509965 3.436152 -0.607556 -0.371054 3.452208 -0.679579 -0.330117 3.428373 -0.726145 -0.297687 3.477312 -0.687004 -0.253712 3.445417 -0.740204 -0.221896 3.495689 -0.695652 -0.179377 3.468865 -0.738568 -0.162057 3.503806 -0.705263 0.259774 3.503102 -0.678510 0.223568 3.486458 -0.710396 0.283223 3.459691 -0.717464 0.317742 3.497883 -0.659126 0.358642 3.460816 -0.680863 -0.197603 3.423949 -0.778287 -0.126582 3.487276 -0.730923 -0.117118 3.445110 -0.772644 -0.066440 3.489481 -0.734347 -0.027511 3.447758 -0.777193 0.014180 3.492132 -0.733349 0.056838 3.447392 -0.776104 0.094349 3.489693 -0.731617 0.137640 3.447708 -0.767358 0.165910 3.487835 -0.723043 0.210290 3.451884 -0.748961 -0.223381 3.504692 0.691553 -0.140327 3.525865 0.686916 -0.051056 3.528013 0.695936 0.032402 3.527979 0.696820 0.121862 3.527046 0.688172 0.204936 3.509213 0.689419 -0.362375 3.505267 0.629054 -0.286126 3.526458 0.640156 -0.202699 3.548721 0.643956 -0.081586 3.566267 0.646765 -0.144456 3.566809 0.636591 -0.002895 3.565522 0.652832 0.073658 3.563866 0.651876 0.133040 3.563995 0.643977 0.169152 3.579604 0.613816 0.187340 3.549295 0.647691 0.272063 3.531141 0.638711 0.356478 3.509097 0.625208 -0.391602 3.523877 0.586782 -0.343906 3.543846 0.588155 -0.240217 3.574563 0.594481 -0.296681 3.565112 0.583520 -0.179952 3.583344 0.604075 0.227169 3.573800 0.600864 0.285022 3.566378 0.586266 0.321677 3.576922 0.549167 0.338700 3.546134 0.584808 0.418900 3.518859 0.570532 -0.486929 3.533356 0.498591 -0.392433 3.555979 0.535870 -0.454694 3.542515 0.510574 -0.332082 3.575290 0.546884 0.380837 3.563457 0.529756 0.448240 3.544649 0.507676 0.473897 3.557617 0.462006 0.503942 3.530559 0.479298 -0.585293 3.520533 0.397885 -0.484972 3.549674 0.468889 -0.530179 3.541410 0.431594 0.520003 3.547110 0.430450 0.531562 3.565708 0.376328 0.571981 3.532015 0.392208 -0.636918 3.502990 0.348671 -0.592234 3.545053 0.327992 -0.539636 3.563461 0.368428 0.546211 3.577020 0.328454 0.582408 3.549654 0.337265 0.622645 3.513783 0.351371 -0.643945 3.527712 0.263380 -0.552043 3.577826 0.312480 -0.587497 3.566561 0.276706 0.581050 3.567178 0.294343 0.593959 3.574206 0.242466 0.635179 3.532593 0.278718 -0.694522 3.508397 0.180375 -0.641536 3.551086 0.183053 -0.596193 3.575729 0.218377 0.606592 3.580040 0.188807 0.642150 3.550388 0.203492 0.685999 3.511551 0.215275 -0.709448 3.509891 0.103342 -0.659751 3.549846 0.109045 -0.604887 3.584717 0.143525 0.638033 3.564941 0.154004 0.647026 3.565208 0.097398 0.683137 3.529586 0.141908 -0.694216 3.528499 0.030384 -0.615889 3.586073 0.079332 -0.645444 3.567767 0.041889 0.649505 3.567539 0.023005 0.692655 3.530624 0.058360 -0.695571 3.526517 -0.060146 -0.649462 3.565228 -0.023689 0.644492 3.569697 -0.055268 0.692197 3.531766 -0.023581 -0.688343 3.523092 -0.148317 -0.648570 3.561807 -0.099743 0.634774 3.571693 -0.118767 0.681512 3.533055 -0.113797 -0.692827 3.502801 -0.227381 -0.640957 3.560744 -0.158083 -0.646782 3.544624 -0.210432 -0.609775 3.576051 -0.192735 0.603613 3.588201 -0.155685 0.592492 3.581449 -0.218190 0.639952 3.556411 -0.178148 0.681830 3.517197 -0.197605 -0.641896 3.524065 -0.289884 -0.598345 3.569226 -0.248134 0.578477 3.573860 -0.278529 0.631001 3.538342 -0.265974 -0.630160 3.504034 -0.364104 -0.586195 3.561194 -0.301927 -0.589898 3.541302 -0.347056 -0.549842 3.570941 -0.337514 0.541199 3.585296 -0.314552 0.520497 3.573722 -0.373250 0.575372 3.554316 -0.334628 0.614612 3.517968 -0.352882 -0.587973 3.522224 -0.393366 -0.538013 3.552792 -0.395759 0.496772 3.561160 -0.431515 0.554108 3.528558 -0.421832 -0.511901 3.540128 -0.456097 -0.499368 3.531341 -0.487418 -0.470412 3.546842 -0.486077 0.457735 3.570063 -0.458099 0.427788 3.564423 -0.495382 0.479131 3.536681 -0.492797 -0.432629 3.538620 -0.530382 -0.397370 3.518052 -0.584705 -0.371051 3.559700 -0.540026 -0.329071 3.542748 -0.590479 -0.316328 3.573525 -0.552321 0.325057 3.587732 -0.530901 0.290920 3.576353 -0.567676 0.338676 3.559099 -0.566653 0.376074 3.577618 -0.513021 0.406328 3.540164 -0.549093 -0.345059 3.500981 -0.636241 -0.279549 3.563329 -0.586390 -0.266531 3.528869 -0.637237 -0.220392 3.570321 -0.598787 -0.174506 3.538088 -0.657779 -0.144627 3.580006 -0.608256 -0.098776 3.555737 -0.652968 -0.084381 3.583967 -0.616880 0.104495 3.589052 -0.607911 0.070103 3.571336 -0.637698 0.133390 3.556565 -0.647267 0.165079 3.589387 -0.593629 0.202055 3.560057 -0.625415 0.235685 3.583122 -0.580450 0.275112 3.542010 -0.621774 0.353707 3.523737 -0.607181 -0.109981 3.519820 -0.696114 -0.047679 3.568956 -0.642829 -0.033785 3.534303 -0.685735 0.009772 3.568900 -0.643785 0.060079 3.534583 -0.683929 0.130666 3.519724 -0.693956 0.198814 3.523464 -0.673560 -0.115827 3.601379 0.591894 -0.032432 3.599896 0.604511 0.044641 3.596895 0.608828 0.116432 3.591323 0.608511 -0.278931 3.596472 0.541332 -0.194304 3.616944 0.544399 -0.118939 3.633921 0.539294 -0.055430 3.631382 0.553421 0.019657 3.628371 0.560557 0.096681 3.622568 0.562037 0.184805 3.610816 0.558451 0.268109 3.594763 0.549498 -0.430144 3.576168 0.468691 -0.345662 3.606155 0.479617 -0.260854 3.630660 0.490322 -0.148371 3.654045 0.494207 -0.206099 3.648612 0.484690 -0.077458 3.658372 0.501853 -0.004010 3.657274 0.509151 0.071720 3.652841 0.512250 0.145744 3.645341 0.511194 0.203854 3.640193 0.502305 0.241361 3.648855 0.467571 0.254764 3.625089 0.504466 0.337477 3.604807 0.487853 0.421239 3.578619 0.470323 -0.482516 3.577298 0.411541 -0.415530 3.614659 0.400969 -0.295603 3.648275 0.432862 -0.352847 3.638270 0.410285 -0.239386 3.658112 0.449070 0.294167 3.640462 0.451372 0.348150 3.632764 0.426720 0.374251 3.644575 0.375435 0.411492 3.612076 0.410439 0.475031 3.578561 0.417249 -0.488213 3.607670 0.327340 -0.379295 3.646816 0.365637 -0.421808 3.638514 0.337134 0.395176 3.655103 0.325433 0.432242 3.633038 0.339781 0.489756 3.599985 0.348528 -0.545515 3.597472 0.260484 -0.495685 3.630501 0.243839 -0.441460 3.648154 0.278948 0.433629 3.648973 0.295017 0.452280 3.651619 0.256417 0.484936 3.627402 0.279331 0.541841 3.594433 0.283425 -0.543693 3.616422 0.181804 -0.455372 3.657024 0.222059 -0.489102 3.646869 0.188544 0.488762 3.641288 0.223794 0.501732 3.645479 0.166078 0.548442 3.611199 0.205323 -0.561165 3.619215 0.087725 -0.499992 3.649475 0.126792 0.506629 3.652625 0.093129 0.555373 3.622692 0.119080 0.601904 3.591785 0.138822 -0.598549 3.600720 0.012692 -0.546519 3.632701 0.016565 -0.504175 3.653831 0.049997 0.507308 3.657229 0.018193 0.557159 3.628699 0.043081 0.604437 3.597657 0.068833 -0.603363 3.595693 -0.069534 -0.553975 3.627343 -0.046550 -0.503948 3.655039 -0.023652 0.503452 3.658916 -0.054821 0.553037 3.632316 -0.031658 0.602490 3.601387 -0.007397 -0.603296 3.588784 -0.141127 -0.554959 3.620313 -0.121444 -0.504165 3.650347 -0.096848 0.498260 3.655652 -0.125688 0.541149 3.635615 -0.095481 0.591934 3.604123 -0.091091 -0.551947 3.607391 -0.207624 -0.501960 3.642272 -0.169464 0.489851 3.651380 -0.183881 0.546523 3.620653 -0.171528 -0.545777 3.590100 -0.287642 -0.492834 3.636612 -0.226536 -0.496797 3.620851 -0.276077 -0.456930 3.644800 -0.263587 0.455367 3.661379 -0.217676 0.438606 3.653114 -0.275288 0.494198 3.635357 -0.239609 0.541086 3.603200 -0.258510 -0.485022 3.598869 -0.355114 -0.441414 3.635560 -0.316228 0.416470 3.644359 -0.333733 0.479914 3.614839 -0.325702 -0.472079 3.571670 -0.434019 -0.421033 3.626294 -0.368504 -0.409381 3.606261 -0.423694 -0.381232 3.632925 -0.394957 0.374341 3.652382 -0.361222 0.347626 3.644368 -0.404367 0.406636 3.623160 -0.395626 0.464211 3.590330 -0.407955 -0.415396 3.572642 -0.485040 -0.352571 3.626626 -0.432224 -0.336080 3.600437 -0.492248 -0.299265 3.635830 -0.449615 -0.258083 3.621520 -0.500479 -0.246259 3.644595 -0.462862 0.236591 3.660024 -0.444882 0.205508 3.649353 -0.480006 0.259392 3.634831 -0.482534 0.291681 3.652675 -0.427044 0.338350 3.615689 -0.469241 0.413282 3.591442 -0.457828 -0.266876 3.591598 -0.547473 -0.209005 3.636377 -0.495838 -0.192398 3.609284 -0.547584 -0.150731 3.640320 -0.506024 -0.099782 3.613045 -0.565930 -0.075754 3.647549 -0.508515 -0.020901 3.625081 -0.556187 -0.001809 3.653567 -0.504982 0.040624 3.632125 -0.544834 0.070853 3.653689 -0.501866 0.110504 3.620677 -0.555091 0.145669 3.650778 -0.494067 0.200650 3.620043 -0.532830 0.276040 3.604109 -0.529193 -0.033217 3.594898 -0.605413 0.040758 3.601507 -0.595105 -0.183230 3.675859 0.435704 -0.105410 3.681765 0.446451 -0.028383 3.683028 0.454945 0.049311 3.680533 0.458283 0.125665 3.673383 0.459433 0.193773 3.662175 0.460999 -0.322263 3.667475 0.365960 -0.246078 3.679725 0.392511 -0.193782 3.694141 0.386989 -0.136442 3.704463 0.381266 -0.053489 3.706041 0.396977 0.024746 3.705101 0.403031 0.108917 3.702025 0.397709 0.186161 3.687368 0.404318 0.260608 3.667535 0.410700 0.322377 3.653034 0.402421 -0.377169 3.667293 0.307978 -0.320151 3.688153 0.308190 -0.275030 3.693222 0.333894 -0.204668 3.710722 0.330035 -0.072584 3.726715 0.335521 -0.134518 3.725629 0.321366 0.001853 3.725946 0.346614 0.073400 3.723359 0.350215 0.128737 3.721409 0.344330 0.164891 3.726882 0.312049 0.175944 3.711139 0.350529 0.251986 3.697525 0.336476 0.333283 3.670997 0.341825 -0.400147 3.678664 0.230070 -0.343545 3.692708 0.261537 -0.274523 3.712709 0.264164 -0.160070 3.733864 0.280949 -0.205836 3.730228 0.262935 0.214172 3.720985 0.298635 0.264950 3.714694 0.276502 0.288489 3.720672 0.226716 0.325739 3.697620 0.264193 0.398749 3.669465 0.271261 -0.440652 3.673522 0.164828 -0.392504 3.692324 0.177209 -0.336425 3.709429 0.190690 -0.226345 3.735974 0.217959 -0.269939 3.729500 0.195076 0.303629 3.726168 0.178446 0.341548 3.710603 0.190372 0.394444 3.687445 0.201399 0.449349 3.662965 0.210761 -0.448215 3.678311 0.084069 -0.383979 3.702001 0.119290 -0.285432 3.732424 0.148170 -0.324191 3.723563 0.120394 0.337356 3.720483 0.143798 0.346284 3.722292 0.089487 0.391316 3.701289 0.125941 0.451425 3.673131 0.144384 -0.451726 3.679688 0.004947 -0.394834 3.702904 0.034323 -0.334666 3.724014 0.057306 0.347459 3.724886 0.019192 0.401290 3.704245 0.043447 0.454321 3.679971 0.069303 -0.449909 3.677533 -0.073203 -0.395379 3.701901 -0.045350 -0.340709 3.722881 -0.018309 0.342398 3.725854 -0.053395 0.400312 3.705497 -0.033236 0.455270 3.682705 -0.007328 -0.448194 3.670129 -0.149385 -0.383216 3.698978 -0.131559 -0.338365 3.720436 -0.091041 0.334385 3.725030 -0.112582 0.390684 3.704658 -0.113449 0.450896 3.682152 -0.083343 -0.449410 3.658470 -0.216787 -0.389559 3.683259 -0.210070 -0.325813 3.719078 -0.148209 -0.322021 3.709242 -0.204929 -0.289931 3.725941 -0.179343 0.298629 3.732604 -0.140238 0.283847 3.727327 -0.195943 0.349447 3.711421 -0.174248 0.398011 3.695520 -0.169219 0.442803 3.677559 -0.160599 -0.398159 3.662957 -0.282342 -0.327632 3.689323 -0.275165 -0.269264 3.724079 -0.217878 -0.259070 3.712129 -0.270366 -0.231134 3.728244 -0.241736 0.263042 3.720926 -0.251445 0.325075 3.702003 -0.254981 0.399714 3.683155 -0.223654 -0.385219 3.647628 -0.350656 -0.329763 3.668445 -0.342341 -0.261670 3.689104 -0.338010 -0.205732 3.723928 -0.278678 -0.190881 3.708850 -0.330365 -0.166254 3.725669 -0.297864 0.153729 3.731480 -0.291199 0.127412 3.723401 -0.327896 0.189416 3.710166 -0.340805 0.208601 3.726751 -0.274366 0.268745 3.701602 -0.313584 0.323322 3.688145 -0.310072 0.372924 3.671986 -0.304294 -0.336055 3.647649 -0.396885 -0.266650 3.662649 -0.407038 -0.193938 3.682514 -0.396835 -0.133755 3.718624 -0.332433 -0.115098 3.698132 -0.388655 -0.076378 3.719943 -0.343358 -0.028737 3.701194 -0.398488 -0.004620 3.722484 -0.344261 0.049331 3.702648 -0.396188 0.068371 3.723760 -0.337675 0.130016 3.702430 -0.384212 0.186186 3.693756 -0.389579 0.240228 3.682016 -0.389404 0.318769 3.671733 -0.360373 -0.199292 3.657548 -0.455090 -0.130990 3.668598 -0.453145 -0.054070 3.676112 -0.453098 0.023680 3.678981 -0.452402 0.100921 3.678570 -0.446249 0.179200 3.675112 -0.434876 -0.092883 3.744702 0.267890 -0.014533 3.743974 0.285239 0.057136 3.740535 0.295288 0.120737 3.734784 0.302052 -0.155507 3.750283 0.212045 -0.081771 3.761111 0.204509 -0.023631 3.759736 0.220690 0.046745 3.755834 0.232719 0.116194 3.748625 0.243165 0.183824 3.737046 0.256922 0.240668 3.727813 0.251751 -0.216767 3.749509 0.147186 -0.149673 3.764325 0.144872 -0.098608 3.769422 0.155407 -0.032949 3.772532 0.157134 0.037460 3.769327 0.165375 0.108969 3.761661 0.176166 0.178533 3.750733 0.186901 0.248057 3.736677 0.195290 -0.268772 3.742651 0.081466 -0.205343 3.759507 0.073784 -0.157457 3.768607 0.093227 -0.112022 3.775102 0.109079 -0.052518 3.782200 0.095293 0.025320 3.781877 0.092349 0.100892 3.772646 0.104886 0.171671 3.761278 0.117006 0.237891 3.747931 0.127504 0.295930 3.733866 0.134440 -0.281208 3.741228 0.002093 -0.218118 3.757453 0.014885 -0.155707 3.770937 0.027559 -0.095179 3.781608 0.050333 -0.005168 3.790868 0.050999 -0.043570 3.789962 0.044052 0.036846 3.789853 0.037625 0.052549 3.790353 -0.003814 0.092938 3.781337 0.028804 0.165651 3.768503 0.045320 0.232062 3.754837 0.058281 0.293164 3.739436 0.071401 -0.285980 3.737727 -0.070117 -0.225702 3.753218 -0.055739 -0.160123 3.767135 -0.042957 -0.088423 3.780462 -0.027276 -0.048624 3.790257 0.005298 0.047551 3.789154 -0.043259 0.101202 3.780775 -0.050232 0.163157 3.771093 -0.025577 0.225939 3.758409 -0.011602 0.288713 3.742765 0.000771 -0.286671 3.732618 -0.134044 -0.231053 3.746380 -0.124684 -0.166823 3.759347 -0.114128 -0.097292 3.770666 -0.103061 -0.033389 3.788921 -0.036133 -0.022270 3.780057 -0.091910 0.008544 3.789789 -0.049969 0.056616 3.780293 -0.096891 0.120303 3.772425 -0.113554 0.168703 3.766914 -0.093281 0.216272 3.759369 -0.069367 0.279432 3.743367 -0.075658 -0.238428 3.736326 -0.190169 -0.173484 3.748993 -0.182091 -0.106071 3.759221 -0.173292 -0.035682 3.766714 -0.164983 0.034542 3.769875 -0.159926 0.102045 3.766299 -0.162904 0.166986 3.758633 -0.158643 0.235214 3.748464 -0.135981 -0.179124 3.736220 -0.247150 -0.114162 3.746199 -0.237792 -0.046137 3.752881 -0.230979 0.023013 3.756759 -0.222993 0.080095 3.758205 -0.211409 0.147081 3.747751 -0.227891 0.219278 3.739837 -0.209141 -0.121177 3.732328 -0.293304 -0.057896 3.737398 -0.291130 0.012669 3.740795 -0.285613 0.088652 3.741880 -0.274214 -0.013185 3.794333 0.015114 0.017576 3.794093 0.017610 -0.014252 3.793637 -0.015827 0.016559 3.794074 -0.013386 0.000000 3.820146 0.000000 0.000100 3.820146 0.000000 0.000000 3.820146 0.000100</float_array>
          <technique_common>
            <accessor source="#Slime-positions-array" count="3113" stride="3">
              <param name="X" type="float"/>
              <param name="Y" type="float"/>
              <param name="Z" type="float"/>
            </accessor>
          </technique_common>
        </source>
        <source id="Slime-normals">
          <float_array id="Slime-normals-array" count="9333">-0.049200 -0.869700 0.491100 -0.074800 -0.919300 0.386500 -0.028500 -0.938300 0.344700 -0.021800 -0.868200 0.495700 -0.004000 -0.931400 0.363900 0.008900 -0.861500 0.507700 0.020700 -0.928000 0.371900 0.041200 -0.850200 0.524800 0.050600 -0.925400 0.375600 0.082200 -0.843800 0.530400 -0.162300 -0.906000 0.390800 -0.167000 -0.935000 0.312900 -0.108700 -0.958600 0.263200 -0.132100 -0.917100 0.376100 -0.081400 -0.961900 0.261100 -0.096000 -0.921500 0.376300 -0.058400 -0.964400 0.257800 -0.032300 -0.973300 0.227300 -0.004100 -0.969500 0.245000 0.016900 -0.967600 0.251800 0.045200 -0.964500 0.260300 0.117400 -0.898400 0.423100 0.089200 -0.951200 0.295300 0.152200 -0.882200 0.445600 0.119000 -0.940200 0.319100 0.172600 -0.867200 0.467100 -0.207500 -0.924300 0.320500 -0.198800 -0.942700 0.268000 -0.131500 -0.968900 0.209600 -0.089200 -0.980300 0.176300 -0.062700 -0.981800 0.179100 -0.046600 -0.984100 0.171400 -0.035800 -0.987300 0.154800 -0.009000 -0.988400 0.151600 0.011400 -0.986800 0.161800 0.032300 -0.984300 0.173500 0.059200 -0.979000 0.195000 0.089700 -0.972000 0.217200 0.182800 -0.909700 0.372900 0.140500 -0.955200 0.260500 0.217500 -0.893800 0.392100 0.183700 -0.935600 0.301600 0.265500 -0.857500 0.440700 0.237700 -0.910400 0.338700 0.326600 -0.822300 0.466000 -0.269300 -0.919800 0.285400 -0.271000 -0.934600 0.230300 -0.187600 -0.962700 0.195100 -0.221500 -0.932400 0.285500 -0.148200 -0.972600 0.179400 -0.104200 -0.984700 0.139600 -0.078900 -0.988800 0.126500 -0.050200 -0.992300 0.113200 -0.034800 -0.993400 0.109100 -0.025400 -0.994600 0.100700 -0.013000 -0.995400 0.094600 0.003400 -0.995200 0.097900 0.019700 -0.994000 0.107600 0.039000 -0.991700 0.122700 0.063100 -0.987700 0.142900 0.095200 -0.980700 0.170600 0.134000 -0.971000 0.198100 0.189700 -0.955700 0.225200 0.341800 -0.854800 0.390400 0.283400 -0.919000 0.274100 0.408500 -0.834700 0.369400 -0.255900 -0.945600 0.200700 -0.173100 -0.973300 0.150400 -0.125300 -0.983800 0.128000 -0.094900 -0.990100 0.103100 -0.063200 -0.994500 0.082900 -0.042600 -0.996400 0.073100 -0.027700 -0.997400 0.066700 -0.018700 -0.997900 0.062000 -0.011000 -0.998300 0.058000 -0.001400 -0.998300 0.057900 0.010200 -0.998000 0.062900 0.024200 -0.997100 0.072800 0.042500 -0.995300 0.087200 0.067900 -0.992000 0.106800 0.103300 -0.986200 0.129600 0.156600 -0.975200 0.156300 0.239400 -0.949200 0.204200 0.375000 -0.875600 0.304400 -0.312900 -0.926600 0.208500 -0.309100 -0.935500 0.171000 -0.206000 -0.969500 0.132600 -0.137600 -0.985000 0.104400 -0.101300 -0.990300 0.095300 -0.074300 -0.994400 0.074700 -0.052700 -0.997000 0.057500 -0.034800 -0.998300 0.046900 -0.022600 -0.998900 0.040800 -0.014500 -0.999200 0.036800 -0.008700 -0.999400 0.034100 -0.002800 -0.999400 0.033100 0.004700 -0.999400 0.035200 0.014500 -0.999100 0.040700 0.028200 -0.998300 0.050000 0.048300 -0.996800 0.063500 0.078300 -0.993600 0.081200 0.123200 -0.986900 0.104300 0.186000 -0.973100 0.135500 0.338100 -0.905000 0.258200 0.272600 -0.946500 0.172700 0.406400 -0.875600 0.261200 -0.391100 -0.903900 0.173000 -0.369100 -0.917400 0.148800 -0.262400 -0.958100 0.114700 -0.175700 -0.980300 0.090500 -0.125400 -0.989000 0.079000 -0.082600 -0.994600 0.062800 -0.057500 -0.997000 0.052300 -0.040600 -0.998400 0.040200 -0.027700 -0.999100 0.031000 -0.018000 -0.999500 0.025200 -0.011400 -0.999700 0.021600 -0.006800 -0.999800 0.019200 -0.002700 -0.999800 0.018100 0.002100 -0.999800 0.018600 0.008800 -0.999700 0.021400 0.019000 -0.999500 0.026900 0.034900 -0.998800 0.035500 0.059700 -0.997100 0.048000 0.097900 -0.993100 0.065300 0.153500 -0.984200 0.088100 0.228300 -0.966900 0.113800 0.403600 -0.887300 0.223200 0.336700 -0.929900 0.148000 0.479300 -0.849500 0.220700 -0.365800 -0.924100 0.110600 -0.257400 -0.962200 0.088800 -0.178500 -0.981800 0.065400 -0.113500 -0.992300 0.050600 -0.073400 -0.996400 0.042200 -0.047400 -0.998300 0.034200 -0.031600 -0.999100 0.027000 -0.021200 -0.999600 0.020600 -0.013800 -0.999800 0.015800 -0.008700 -0.999900 0.012600 -0.005100 -0.999900 0.010500 -0.002100 -1.000000 0.009300 0.001100 -1.000000 0.009100 0.005900 -0.999900 0.010200 0.013600 -0.999800 0.013100 0.026200 -0.999500 0.018200 0.046900 -0.998600 0.026200 0.079700 -0.996100 0.038000 0.129600 -0.990100 0.054600 0.202100 -0.976400 0.076700 0.305500 -0.945700 0.111100 0.455000 -0.872200 0.179500 -0.376200 -0.922500 0.085900 -0.252800 -0.965400 0.064800 -0.169800 -0.984200 0.049600 -0.109200 -0.993400 0.035600 -0.067400 -0.997300 0.027400 -0.041700 -0.998900 0.022000 -0.026100 -0.999500 0.017400 -0.016500 -0.999800 0.013200 -0.010400 -0.999900 0.009800 -0.006300 -1.000000 0.007300 -0.003500 -1.000000 0.005500 -0.001300 -1.000000 0.004400 0.001100 -1.000000 0.003800 0.004700 -1.000000 0.003900 0.010800 -0.999900 0.005000 0.021200 -0.999700 0.007500 0.038900 -0.999200 0.012100 0.067500 -0.997500 0.019200 0.111900 -0.993300 0.029600 0.176400 -0.983300 0.043900 0.262500 -0.963000 0.061200 0.433500 -0.889800 0.142800 0.377600 -0.923100 0.072300 0.533500 -0.838800 0.108500 -0.487500 -0.870500 0.067100 -0.495000 -0.867800 0.044500 -0.342500 -0.938600 0.041000 -0.224100 -0.973800 0.039000 -0.152300 -0.987600 0.038800 -0.100300 -0.994600 0.026500 -0.062600 -0.997900 0.018700 -0.037800 -0.999200 0.014100 -0.022600 -0.999700 0.010800 -0.013400 -0.999900 0.008100 -0.007900 -1.000000 0.005800 -0.004500 -1.000000 0.004000 -0.002200 -1.000000 0.002700 -0.000400 -1.000000 0.001600 0.001600 -1.000000 0.000800 0.004600 -1.000000 0.000300 0.009800 -1.000000 0.000200 0.018900 -0.999800 0.000800 0.034500 -0.999400 0.002600 0.060400 -0.998200 0.006100 0.101500 -0.994800 0.011500 0.162600 -0.986500 0.018600 0.248500 -0.968200 0.027100 0.366600 -0.929600 0.037500 0.520600 -0.851200 0.066800 -0.507000 -0.861600 0.025100 -0.360500 -0.932500 0.023000 -0.241800 -0.970200 0.014200 -0.149600 -0.988700 0.013900 -0.093700 -0.995500 0.015000 -0.058200 -0.998200 0.011500 -0.034900 -0.999400 0.008400 -0.020300 -0.999800 0.006300 -0.011500 -0.999900 0.004600 -0.006300 -1.000000 0.003100 -0.003200 -1.000000 0.001900 -0.001100 -1.000000 0.000800 0.000500 -1.000000 -0.000200 0.002400 -1.000000 -0.001100 0.005300 -1.000000 -0.002100 0.010200 -0.999900 -0.003100 0.018700 -0.999800 -0.004000 0.033000 -0.999400 -0.004400 0.056900 -0.998400 -0.003900 0.095900 -0.995400 -0.002100 0.155800 -0.987800 -0.000100 0.240800 -0.970600 0.001600 0.354800 -0.934900 0.006600 0.495100 -0.868500 0.025900 -0.515300 -0.857000 0.004700 -0.361600 -0.932300 0.007100 -0.245000 -0.969500 -0.001800 -0.157600 -0.987500 -0.003500 -0.095800 -0.995400 0.000300 -0.057400 -0.998400 0.002700 -0.033600 -0.999400 0.002900 -0.019100 -0.999800 0.002400 -0.010300 -0.999900 0.001700 -0.005200 -1.000000 0.000900 -0.002200 -1.000000 0.000100 -0.000200 -1.000000 -0.000700 0.001500 -1.000000 -0.001700 0.003500 -1.000000 -0.002800 0.006600 -1.000000 -0.004200 0.011600 -0.999900 -0.005900 0.020100 -0.999800 -0.008100 0.034200 -0.999400 -0.010600 0.056800 -0.998300 -0.013300 0.093300 -0.995500 -0.014900 0.152500 -0.988200 -0.015700 0.237700 -0.971100 -0.019800 0.348600 -0.937000 -0.024000 0.480200 -0.877000 -0.018200 -0.514200 -0.856900 -0.034900 -0.354700 -0.934900 -0.016600 -0.247300 -0.968600 -0.025100 -0.165400 -0.986000 -0.020800 -0.103100 -0.994600 -0.013900 -0.061100 -0.998100 -0.007700 -0.035000 -0.999400 -0.004000 -0.019300 -0.999800 -0.002200 -0.010100 -0.999900 -0.001500 -0.004700 -1.000000 -0.001500 -0.001500 -1.000000 -0.001900 0.000600 -1.000000 -0.002600 0.002600 -1.000000 -0.003600 0.004900 -1.000000 -0.004900 0.008400 -0.999900 -0.006800 0.014000 -0.999900 -0.009400 0.023000 -0.999700 -0.012600 0.037800 -0.999100 -0.016800 0.061000 -0.997900 -0.022600 0.095600 -0.995000 -0.030400 0.148600 -0.988300 -0.034600 0.236500 -0.970800 -0.039900 0.346400 -0.936600 -0.051900 0.476300 -0.877200 -0.059700 -0.402800 -0.911700 -0.080800 -0.416500 -0.901300 -0.119000 -0.275500 -0.959000 -0.065700 -0.181500 -0.982400 -0.043600 -0.114400 -0.993000 -0.030500 -0.068700 -0.997400 -0.020500 -0.039500 -0.999100 -0.013300 -0.021600 -0.999700 -0.008700 -0.011100 -0.999900 -0.006200 -0.004900 -1.000000 -0.005100 -0.001200 -1.000000 -0.004900 0.001500 -1.000000 -0.005400 0.003900 -1.000000 -0.006500 0.006800 -0.999900 -0.008200 0.011000 -0.999900 -0.010800 0.017400 -0.999700 -0.014200 0.027300 -0.999400 -0.018800 0.043200 -0.998800 -0.024600 0.068300 -0.997100 -0.032300 0.107200 -0.993300 -0.044100 0.158000 -0.985400 -0.064100 0.223200 -0.972300 -0.070000 0.332500 -0.939800 -0.079100 0.476100 -0.875000 -0.088000 -0.456000 -0.877000 -0.151400 -0.303400 -0.947800 -0.098000 -0.199400 -0.977500 -0.068800 -0.129300 -0.990200 -0.051900 -0.080100 -0.996100 -0.037700 -0.047300 -0.998500 -0.026700 -0.026500 -0.999500 -0.019000 -0.013800 -0.999800 -0.014100 -0.006100 -0.999900 -0.011300 -0.001300 -0.999900 -0.010100 0.002200 -0.999900 -0.010200 0.005400 -0.999900 -0.011300 0.009200 -0.999900 -0.013600 0.014400 -0.999800 -0.016900 0.022100 -0.999500 -0.021600 0.033500 -0.999000 -0.028000 0.050700 -0.998100 -0.036000 0.077900 -0.995900 -0.046400 0.118500 -0.991200 -0.058600 0.183600 -0.979800 -0.079500 0.258000 -0.959900 -0.109700 0.470700 -0.874600 -0.116700 0.363600 -0.920700 -0.141900 -0.481100 -0.855100 -0.193200 -0.331300 -0.934400 -0.131000 -0.220100 -0.969800 -0.105100 -0.148400 -0.985500 -0.082800 -0.096100 -0.993400 -0.063000 -0.059300 -0.997100 -0.047100 -0.034700 -0.998800 -0.035400 -0.019000 -0.999400 -0.027200 -0.009000 -0.999700 -0.022100 -0.002400 -0.999800 -0.019300 0.002600 -0.999800 -0.018600 0.007200 -0.999800 -0.019600 0.012300 -0.999700 -0.022300 0.019000 -0.999500 -0.026700 0.028400 -0.999100 -0.032800 0.042400 -0.998300 -0.041200 0.062000 -0.996700 -0.053100 0.090100 -0.993800 -0.065800 0.135600 -0.987000 -0.086200 0.187100 -0.977100 -0.101700 0.276500 -0.951800 -0.132600 0.380400 -0.906900 -0.181100 -0.396900 -0.895200 -0.202700 -0.398100 -0.883900 -0.245600 -0.261100 -0.951800 -0.160700 -0.177700 -0.975500 -0.129700 -0.119600 -0.987700 -0.100900 -0.076800 -0.994000 -0.078100 -0.047300 -0.997000 -0.061100 -0.027500 -0.998400 -0.048700 -0.014200 -0.999100 -0.040300 -0.005000 -0.999400 -0.035300 0.002300 -0.999500 -0.033000 0.009000 -0.999400 -0.033500 0.016100 -0.999200 -0.036500 0.025000 -0.998800 -0.041900 0.036700 -0.998100 -0.050300 0.052900 -0.996800 -0.060800 0.078700 -0.994100 -0.074400 0.112200 -0.988900 -0.097100 0.151300 -0.982300 -0.110600 0.224400 -0.963700 -0.144400 0.408000 -0.891500 -0.197000 0.331100 -0.924400 -0.189100 -0.325400 -0.912500 -0.248000 -0.362300 -0.881200 -0.303700 -0.229400 -0.953100 -0.197600 -0.153400 -0.976200 -0.153500 -0.101500 -0.987300 -0.122500 -0.065500 -0.992800 -0.099900 -0.040300 -0.995800 -0.082200 -0.022700 -0.997300 -0.069800 -0.009800 -0.998100 -0.061600 0.000500 -0.998400 -0.057100 0.010400 -0.998400 -0.056100 0.020600 -0.998000 -0.059300 0.031900 -0.997300 -0.065800 0.048100 -0.995900 -0.076100 0.066600 -0.993500 -0.092500 0.092000 -0.990100 -0.106000 0.140500 -0.982100 -0.125800 0.192400 -0.968300 -0.159200 0.337900 -0.914500 -0.222400 0.279000 -0.936200 -0.213500 -0.384900 -0.842700 -0.376500 -0.279400 -0.919500 -0.276600 -0.203100 -0.951700 -0.230100 -0.133000 -0.974400 -0.181100 -0.090500 -0.983600 -0.155800 -0.058400 -0.989600 -0.131500 -0.035100 -0.992800 -0.114800 -0.017200 -0.994500 -0.102900 -0.003200 -0.995400 -0.096100 0.010000 -0.995700 -0.092500 0.026100 -0.995200 -0.093900 0.041100 -0.993700 -0.104000 0.058400 -0.991800 -0.114100 0.089600 -0.987000 -0.133800 0.112500 -0.980000 -0.164000 0.146000 -0.974500 -0.170100 0.210200 -0.956100 -0.204100 0.295800 -0.924000 -0.242400 -0.311300 -0.879000 -0.361100 -0.256000 -0.908600 -0.330200 -0.246500 -0.883300 -0.398900 -0.172200 -0.948100 -0.267300 -0.130200 -0.962700 -0.237100 -0.080900 -0.977000 -0.197200 -0.052000 -0.982300 -0.179900 -0.027100 -0.986300 -0.162900 -0.007700 -0.987900 -0.155200 0.008100 -0.988500 -0.151300 0.027200 -0.988800 -0.146900 0.056800 -0.986200 -0.155700 0.073300 -0.981100 -0.178800 0.100700 -0.978200 -0.181400 0.149900 -0.962400 -0.226400 0.178900 -0.950400 -0.254500 0.304900 -0.904500 -0.298300 0.251900 -0.917200 -0.308700 -0.206600 -0.904700 -0.372600 -0.175200 -0.921100 -0.347600 -0.166200 -0.886800 -0.431200 -0.107900 -0.951000 -0.289800 -0.076900 -0.958900 -0.273000 -0.037900 -0.969000 -0.244200 -0.011600 -0.971100 -0.238500 0.009100 -0.971700 -0.236100 0.028600 -0.971600 -0.234900 0.058600 -0.973300 -0.222000 0.095800 -0.961800 -0.256600 0.123700 -0.955400 -0.268000 0.236700 -0.906900 -0.348700 0.194800 -0.928200 -0.317100 0.257500 -0.887700 -0.381700 -0.134800 -0.899400 -0.415900 -0.105100 -0.908400 -0.404600 -0.078900 -0.853300 -0.515400 -0.043800 -0.932800 -0.357600 -0.016900 -0.935100 -0.354100 0.009100 -0.937200 -0.348600 0.036100 -0.937600 -0.345900 0.062200 -0.940700 -0.333400 0.154200 -0.911900 -0.380300 0.119300 -0.920900 -0.371100 0.180800 -0.900800 -0.394800 -0.042800 -0.860800 -0.507100 -0.005100 -0.873500 -0.486800 0.035500 -0.877900 -0.477500 0.068400 -0.875800 -0.477800 0.092500 -0.872700 -0.479400 -0.181300 -0.619500 0.763800 -0.172800 -0.745300 0.643900 -0.145300 -0.756600 0.637500 -0.153600 -0.631000 0.760500 -0.113900 -0.735700 0.667700 -0.081900 -0.660000 0.746800 -0.055800 -0.776700 0.627400 -0.032500 -0.677400 0.734900 -0.009300 -0.777300 0.629100 0.023300 -0.678600 0.734100 0.045000 -0.765900 0.641400 0.089100 -0.673300 0.733900 0.098800 -0.752300 0.651300 0.151400 -0.652600 0.742400 0.166500 -0.736700 0.655400 0.191500 -0.627500 0.754700 -0.312000 -0.698700 0.643800 -0.368700 -0.709600 0.600400 -0.271200 -0.815100 0.511900 -0.237800 -0.739700 0.629500 -0.180900 -0.843200 0.506300 -0.139900 -0.855600 0.498500 -0.103600 -0.838000 0.535700 0.157900 -0.811200 0.563100 0.240900 -0.704000 0.668100 0.218600 -0.783700 0.581400 0.286700 -0.674300 0.680500 0.268800 -0.747600 0.607400 0.315500 -0.642600 0.698300 0.321400 -0.735700 0.596200 0.348900 -0.632600 0.691400 -0.439400 -0.633100 0.637300 -0.391500 -0.729000 0.561500 -0.349000 -0.785400 0.511300 -0.432600 -0.668000 0.605500 -0.340300 -0.797800 0.497700 -0.240300 -0.871400 0.427800 0.235400 -0.828400 0.508200 0.283200 -0.809500 0.514200 0.407400 -0.673900 0.616400 0.356300 -0.765400 0.535900 0.424100 -0.656700 0.623500 0.433400 -0.730300 0.528000 0.470700 -0.632300 0.615400 -0.462100 -0.729300 0.504600 -0.512400 -0.724200 0.461400 -0.379900 -0.826900 0.414600 -0.305400 -0.868700 0.389900 -0.280000 -0.874700 0.395600 0.421100 -0.778400 0.465500 0.545500 -0.600700 0.584500 0.480800 -0.740700 0.469300 0.542100 -0.620900 0.566300 -0.574300 -0.685400 0.447600 -0.575000 -0.699000 0.425100 -0.459100 -0.809400 0.366300 -0.361200 -0.873400 0.326700 0.481600 -0.786200 0.387100 0.576000 -0.676600 0.458600 0.568500 -0.715600 0.405800 0.666800 -0.570200 0.479800 -0.572400 -0.712100 0.406500 -0.471700 -0.815700 0.334800 -0.372900 -0.883500 0.283400 0.470200 -0.815000 0.338500 0.556200 -0.740400 0.377400 0.637300 -0.621600 0.455400 -0.612900 -0.717800 0.330200 -0.639100 -0.718000 0.275700 -0.514800 -0.811800 0.275700 -0.422300 -0.872900 0.244500 0.517300 -0.800400 0.302900 0.631400 -0.663600 0.401300 0.575300 -0.748100 0.330600 0.661500 -0.660900 0.354400 -0.625700 -0.742100 0.240200 -0.503800 -0.836400 0.216000 0.567800 -0.787300 0.240400 0.646300 -0.705000 0.292000 -0.736800 -0.641100 0.214800 -0.747300 -0.635500 0.194100 -0.608900 -0.771700 0.183800 -0.478300 -0.862400 0.165800 0.572800 -0.798900 0.183400 0.667000 -0.710700 0.223700 0.668100 -0.721100 0.183200 0.765300 -0.603900 0.222900 -0.740000 -0.656900 0.144400 -0.651400 -0.745200 0.142600 -0.519100 -0.845800 0.123400 0.652800 -0.746600 0.128600 0.743500 -0.645100 0.176000 -0.719300 -0.688500 0.092400 -0.621300 -0.778500 0.088800 0.631000 -0.772700 0.069000 0.729300 -0.675000 0.111600 -0.737400 -0.675000 0.024900 -0.631200 -0.774200 0.046300 0.613200 -0.789900 0.007600 0.725000 -0.687200 0.046600 -0.751300 -0.659300 -0.029100 -0.647900 -0.761700 0.006500 0.603000 -0.796000 -0.052600 0.715700 -0.698100 -0.020700 -0.741400 -0.666500 -0.078100 -0.646900 -0.761700 -0.036900 0.604200 -0.789900 -0.105100 0.706500 -0.702200 -0.088400 -0.770900 -0.619100 -0.149800 -0.669000 -0.732900 -0.123300 -0.557500 -0.823000 -0.108500 0.600300 -0.787800 -0.137900 0.709800 -0.689200 -0.146000 -0.796900 -0.568800 -0.203600 -0.686500 -0.705600 -0.175700 -0.566100 -0.808400 -0.161300 0.488800 -0.851500 -0.189800 0.586000 -0.785400 -0.199400 0.712200 -0.680900 -0.170800 -0.696400 -0.688400 -0.202700 -0.681100 -0.683500 -0.262600 -0.579900 -0.787400 -0.209000 0.509500 -0.820800 -0.258200 0.699200 -0.678900 -0.224100 0.590900 -0.749500 -0.298300 -0.691900 -0.643100 -0.328300 -0.587900 -0.751600 -0.299200 -0.517300 -0.810100 -0.275900 0.451100 -0.852400 -0.264300 0.560400 -0.771300 -0.301800 0.640800 -0.682700 -0.351100 -0.679600 -0.638500 -0.361200 -0.642200 -0.666400 -0.378800 -0.550300 -0.762000 -0.341300 -0.458600 -0.826300 -0.327100 0.398000 -0.868600 -0.295100 0.500200 -0.798900 -0.334100 0.673600 -0.649800 -0.352100 0.599800 -0.697700 -0.391600 -0.631300 -0.639900 -0.438100 -0.528900 -0.747900 -0.401200 -0.458500 -0.801900 -0.383100 0.388200 -0.856000 -0.341500 0.472800 -0.795800 -0.378400 0.590500 -0.694200 -0.411500 -0.614600 -0.625000 -0.481400 -0.558800 -0.663900 -0.497000 -0.477300 -0.755900 -0.448100 -0.399900 -0.801000 -0.445500 -0.332100 -0.830400 -0.447300 0.337000 -0.847100 -0.411000 0.430000 -0.798600 -0.421100 0.569900 -0.693700 -0.440500 0.551100 -0.666700 -0.501700 -0.532700 -0.645500 -0.547300 -0.470000 -0.664100 -0.581400 -0.425600 -0.750500 -0.505600 -0.376300 -0.771500 -0.513000 -0.284200 -0.823500 -0.491000 -0.235800 -0.843900 -0.482000 0.260800 -0.863100 -0.432500 0.326100 -0.815100 -0.478700 0.361100 -0.774800 -0.518900 0.542000 -0.678400 -0.496000 0.423200 -0.732300 -0.533500 -0.449200 -0.649500 -0.613400 -0.405100 -0.703300 -0.584200 -0.353100 -0.671100 -0.651800 -0.307200 -0.766400 -0.564100 -0.274100 -0.774700 -0.569800 -0.195100 -0.815800 -0.544400 -0.148200 -0.821100 -0.551200 0.158700 -0.845200 -0.510300 0.208700 -0.836500 -0.506700 0.305100 -0.802200 -0.513300 0.425300 -0.682800 -0.594100 0.383900 -0.719500 -0.578800 0.447400 -0.623900 -0.640700 -0.346300 -0.649900 -0.676500 -0.295900 -0.701200 -0.648600 -0.243700 -0.641900 -0.727100 -0.211400 -0.748200 -0.628900 -0.160300 -0.744400 -0.648200 -0.104400 -0.761600 -0.639600 -0.045200 -0.782400 -0.621200 0.016800 -0.794400 -0.607200 0.074800 -0.794500 -0.602700 0.121100 -0.781800 -0.611600 0.163200 -0.758400 -0.631000 0.270700 -0.747800 -0.606200 0.201200 -0.746200 -0.634600 0.340300 -0.705100 -0.622200 -0.190700 -0.648700 -0.736700 -0.147900 -0.666100 -0.731100 -0.086900 -0.689600 -0.719000 -0.017300 -0.698300 -0.715600 0.052300 -0.701500 -0.710800 0.113800 -0.698800 -0.706200 0.167200 -0.670200 -0.723100 0.205400 -0.626900 -0.751600 -0.126800 -0.422100 0.897600 -0.159200 -0.524200 0.836600 -0.100100 -0.543200 0.833600 -0.054300 -0.445900 0.893500 -0.046100 -0.557200 0.829100 -0.003500 -0.442900 0.896600 0.000100 -0.562000 0.827100 0.038400 -0.436200 0.899000 0.044500 -0.565900 0.823300 0.081000 -0.424000 0.902000 0.097300 -0.561000 0.822100 0.148800 -0.450400 0.880300 -0.335800 -0.415800 0.845200 -0.338300 -0.486400 0.805600 -0.308100 -0.573300 0.759200 -0.274200 -0.490600 0.827100 -0.245700 -0.614400 0.749700 -0.236600 -0.506100 0.829400 0.172100 -0.574900 0.799900 0.229800 -0.523200 0.820600 0.256000 -0.587400 0.767700 0.275600 -0.462300 0.842800 0.306000 -0.571100 0.761700 0.333200 -0.460300 0.822800 -0.440600 -0.483700 0.756200 -0.490200 -0.518400 0.700700 -0.395600 -0.622400 0.675400 0.366000 -0.543500 0.755400 0.384800 -0.497800 0.777200 0.426300 -0.566600 0.705200 0.460800 -0.454800 0.762100 -0.535900 -0.498300 0.681600 -0.596300 -0.497200 0.630200 -0.517000 -0.602900 0.607600 -0.509500 -0.510600 0.692600 0.501900 -0.518300 0.692400 0.512900 -0.481700 0.710600 0.571800 -0.498700 0.651400 0.606200 -0.407000 0.683200 -0.672600 -0.449000 0.588200 -0.665300 -0.544200 0.511100 -0.606400 -0.578900 0.545100 0.614300 -0.454800 0.644900 0.644400 -0.524800 0.556200 0.683200 -0.421400 0.596400 -0.654600 -0.563800 0.503600 0.688800 -0.472800 0.549600 -0.693600 -0.530400 0.487400 -0.753300 -0.494500 0.433700 -0.676000 -0.621100 0.396500 0.725100 -0.470200 0.503100 0.672000 -0.578400 0.462500 0.732900 -0.514000 0.445700 -0.815300 -0.443900 0.371800 -0.836200 -0.460000 0.298800 -0.745400 -0.579500 0.329400 0.737800 -0.552300 0.388100 0.760700 -0.560600 0.327200 0.823600 -0.437200 0.361400 -0.825100 -0.503100 0.257000 -0.751500 -0.600300 0.273700 0.756900 -0.593600 0.273200 0.822500 -0.475200 0.312500 -0.812400 -0.540100 0.219700 0.807100 -0.523300 0.273600 -0.806000 -0.572000 0.152600 0.811500 -0.551600 0.192900 0.812400 -0.568600 0.129600 0.886900 -0.433500 0.159500 -0.802100 -0.588900 0.099400 0.812400 -0.577500 0.080100 0.881200 -0.458300 0.115600 -0.890700 -0.446400 0.086500 -0.910800 -0.412200 0.023500 -0.832800 -0.552800 0.029500 0.808200 -0.588600 0.020700 0.874900 -0.480200 0.063200 -0.910600 -0.413000 -0.017100 -0.835400 -0.549500 -0.009900 0.799300 -0.599300 -0.044800 0.870500 -0.492200 -0.002900 -0.841100 -0.539200 -0.042600 -0.824400 -0.556800 -0.101600 0.794600 -0.597300 -0.108800 0.863000 -0.500900 -0.065600 -0.843000 -0.510900 -0.168100 0.797500 -0.581000 -0.163000 0.871300 -0.468400 -0.146600 -0.854800 -0.458800 -0.242400 0.860200 -0.467700 -0.203100 0.794200 -0.564900 -0.224000 -0.837800 -0.465300 -0.285600 -0.779500 -0.569200 -0.261400 0.725100 -0.618700 -0.302300 0.800700 -0.546900 -0.244500 -0.839800 -0.417200 -0.347300 -0.781900 -0.529100 -0.329600 0.730900 -0.575700 -0.366600 0.819300 -0.472600 -0.324700 -0.782400 -0.497000 -0.375300 -0.783700 -0.419600 -0.457900 -0.735300 -0.541600 -0.407500 0.692500 -0.582800 -0.425200 0.761000 -0.511800 -0.398700 0.758800 -0.495900 -0.422200 -0.764800 -0.403500 -0.502200 -0.717400 -0.520100 -0.463500 0.746300 -0.466600 -0.474700 0.670100 -0.548500 -0.500100 -0.707100 -0.471200 -0.527200 -0.704400 -0.407200 -0.581300 -0.643100 -0.530300 -0.552500 0.614100 -0.560000 -0.556100 0.681400 -0.526400 -0.508400 -0.619800 -0.502200 -0.603000 -0.582100 -0.455500 -0.673500 -0.534200 -0.553500 -0.639000 0.534300 -0.577000 -0.617800 0.661000 -0.456100 -0.595800 0.630500 -0.506000 -0.588500 -0.527600 -0.492500 -0.692200 -0.524600 -0.413900 -0.744000 -0.484700 -0.535500 -0.691600 -0.423100 -0.581800 -0.694600 0.449100 -0.627000 -0.636500 0.532300 -0.517300 -0.670100 0.492300 -0.511600 -0.704200 0.581000 -0.464100 -0.668600 -0.460200 -0.465200 -0.756200 -0.433400 -0.502000 -0.748400 -0.399300 -0.442700 -0.802900 -0.373300 -0.546300 -0.749800 -0.319600 -0.580300 -0.749100 0.257500 -0.620300 -0.740900 0.314100 -0.588400 -0.745000 0.435200 -0.552800 -0.710600 0.379400 -0.587700 -0.714600 -0.332400 -0.462900 -0.821700 -0.263800 -0.528700 -0.806700 -0.231900 -0.551600 -0.801200 -0.201200 -0.468700 -0.860200 -0.159700 -0.571100 -0.805200 -0.104300 -0.587900 -0.802200 -0.045800 -0.598200 -0.800000 0.024400 -0.599200 -0.800200 0.085800 -0.593200 -0.800500 0.132300 -0.584600 -0.800500 0.266800 -0.537000 -0.800300 0.193100 -0.566700 -0.801000 0.300500 -0.488700 -0.819000 0.350400 -0.453400 -0.819500 -0.133200 -0.469500 -0.872800 -0.070400 -0.491600 -0.868000 -0.001200 -0.502500 -0.864600 0.071100 -0.492300 -0.867500 0.122900 -0.469200 -0.874500 0.163500 -0.442200 -0.881900 -0.217600 -0.308000 0.926200 -0.265700 -0.390100 0.881600 -0.198600 -0.419500 0.885800 -0.144200 -0.332800 0.931900 -0.057800 -0.356600 0.932500 -0.002300 -0.348600 0.937300 0.048200 -0.341200 0.938800 0.096700 -0.327600 0.939800 0.150000 -0.330100 0.931900 0.196400 -0.446500 0.872900 0.200100 -0.324500 0.924500 0.258900 -0.436500 0.861600 0.283800 -0.335800 0.898200 -0.406200 -0.282800 0.868900 -0.461800 -0.300400 0.834500 -0.425300 -0.369600 0.826100 -0.357800 -0.318900 0.877700 -0.315200 -0.371100 0.873500 0.319300 -0.388800 0.864200 0.337500 -0.340700 0.877500 0.392200 -0.431600 0.812300 0.406800 -0.336500 0.849300 -0.524600 -0.270900 0.807100 -0.547300 -0.378800 0.746300 -0.503800 -0.397000 0.767200 0.446400 -0.401900 0.799500 0.469900 -0.365900 0.803300 0.536500 -0.397800 0.744300 0.552900 -0.323100 0.768000 -0.581100 -0.390500 0.714000 -0.625100 -0.396500 0.672300 0.579100 -0.370200 0.726300 0.627800 -0.325500 0.707100 -0.688800 -0.360100 0.629100 -0.707600 -0.417300 0.570300 0.656500 -0.350000 0.668300 0.691800 -0.340400 0.636800 -0.743800 -0.335500 0.578200 -0.785500 -0.326200 0.525900 -0.724400 -0.428300 0.540200 0.723500 -0.353400 0.593000 0.745400 -0.410000 0.525600 0.793400 -0.313800 0.521500 -0.844900 -0.279600 0.456100 -0.864800 -0.337700 0.371600 -0.804600 -0.373100 0.461900 0.791200 -0.372300 0.485300 0.797400 -0.431800 0.421600 0.839800 -0.330500 0.430700 -0.875700 -0.360000 0.321800 0.852300 -0.352800 0.386200 -0.852000 -0.415100 0.319000 0.843200 -0.396900 0.362700 -0.892700 -0.348300 0.286000 -0.923700 -0.328600 0.196900 -0.856200 -0.452500 0.249400 0.859900 -0.415700 0.296400 0.867100 -0.442500 0.228700 0.920200 -0.318700 0.227400 -0.933300 -0.328200 0.145800 -0.872300 -0.455900 0.176700 0.921400 -0.344700 0.179300 -0.938500 -0.330500 0.099800 -0.885000 -0.446300 0.132500 0.912300 -0.390800 0.122000 -0.943700 -0.327400 0.046800 0.912100 -0.408200 0.037300 -0.946500 -0.322500 -0.009300 0.916300 -0.399100 -0.032200 -0.933400 -0.352100 -0.069200 -0.890300 -0.448200 -0.080100 0.907900 -0.408300 -0.095300 -0.929200 -0.343000 -0.137600 -0.890200 -0.438000 -0.125400 0.919400 -0.355700 -0.167700 -0.931400 -0.296800 -0.210600 -0.895500 -0.406300 -0.182000 0.858500 -0.441600 -0.260800 0.910400 -0.349300 -0.221700 -0.894000 -0.373100 -0.248000 -0.877800 -0.360200 -0.315900 0.897100 -0.338000 -0.284400 0.853700 -0.421900 -0.305200 -0.875900 -0.324000 -0.357500 0.863100 -0.365100 -0.348900 -0.866700 -0.290800 -0.405200 -0.829000 -0.390800 -0.400000 0.794900 -0.412500 -0.445000 0.841400 -0.359800 -0.403200 -0.827100 -0.320600 -0.461700 -0.804300 -0.305300 -0.509900 0.724600 -0.420100 -0.546300 0.816000 -0.334600 -0.471300 0.793300 -0.363700 -0.488300 -0.754300 -0.347300 -0.557100 -0.731700 -0.293300 -0.615300 0.752000 -0.337600 -0.566200 0.704700 -0.402000 -0.584600 -0.685000 -0.378700 -0.622400 -0.631000 -0.352900 -0.690800 0.692600 -0.357000 -0.626800 0.656300 -0.387200 -0.647500 -0.589800 -0.349500 -0.728000 -0.544500 -0.322800 -0.774200 0.513200 -0.441900 -0.735700 0.627200 -0.372000 -0.684300 0.584800 -0.383400 -0.714900 -0.499600 -0.355200 -0.790100 -0.472200 -0.294400 -0.830900 -0.461400 -0.388200 -0.797700 0.413800 -0.454500 -0.788800 0.511000 -0.336100 -0.791100 0.478400 -0.395300 -0.784100 -0.400800 -0.339000 -0.851200 -0.348200 -0.358800 -0.866100 -0.313100 -0.416400 -0.853600 -0.289100 -0.337500 -0.895800 -0.266600 -0.439400 -0.857800 0.229600 -0.450500 -0.862800 0.355500 -0.403000 -0.843400 0.295300 -0.423100 -0.856600 0.375400 -0.359500 -0.854300 0.421400 -0.341500 -0.840100 -0.225400 -0.354100 -0.907700 -0.162000 -0.373000 -0.913600 -0.096700 -0.385100 -0.917800 -0.029500 -0.408800 -0.912100 0.046000 -0.417300 -0.907600 0.132700 -0.399100 -0.907200 0.187100 -0.351900 -0.917100 0.231000 -0.324300 -0.917300 -0.286900 -0.196200 0.937700 -0.339000 -0.250100 0.906900 -0.287900 -0.291100 0.912300 -0.243100 -0.208900 0.947200 -0.170100 -0.235900 0.956800 -0.088600 -0.260500 0.961400 -0.032000 -0.274600 0.961000 0.053600 -0.288900 0.955900 0.113700 -0.262600 0.958200 0.155300 -0.245800 0.956800 0.195200 -0.234200 0.952400 0.261500 -0.231400 0.937000 0.347200 -0.283000 0.894100 0.338900 -0.190000 0.921400 -0.423900 -0.191800 0.885100 -0.475300 -0.218600 0.852200 -0.372100 -0.233200 0.898400 0.369700 -0.249700 0.895000 0.395100 -0.249000 0.884300 0.467000 -0.302800 0.830800 0.467000 -0.229500 0.853900 -0.552200 -0.190800 0.811600 -0.574900 -0.265900 0.773800 0.506600 -0.283900 0.814100 0.557500 -0.267100 0.786000 -0.618100 -0.283600 0.733100 -0.649000 -0.292500 0.702300 0.616200 -0.267000 0.740900 0.643500 -0.259300 0.720200 -0.693100 -0.271700 0.667700 -0.720900 -0.296100 0.626500 0.688900 -0.258900 0.677000 0.710900 -0.253400 0.656000 -0.758700 -0.253500 0.600200 -0.803900 -0.247200 0.541000 0.758900 -0.274800 0.590400 0.804900 -0.216300 0.552600 -0.857900 -0.224000 0.462300 -0.884200 -0.259900 0.388100 0.824900 -0.271900 0.495600 0.856000 -0.252500 0.451100 -0.891700 -0.262400 0.368900 0.857000 -0.275700 0.435500 -0.920000 -0.193700 0.340800 -0.935700 -0.233200 0.264600 -0.888100 -0.296700 0.351000 0.877600 -0.301700 0.372600 0.896700 -0.320800 0.305000 0.930200 -0.223300 0.291500 -0.954300 -0.227900 0.193200 0.938600 -0.238100 0.249700 -0.959300 -0.240900 0.147200 0.929400 -0.288100 0.230900 -0.959100 -0.260200 0.111600 0.932400 -0.329000 0.149700 0.941700 -0.330100 0.064800 0.970500 -0.222300 0.093800 -0.959400 -0.277800 0.049700 0.949000 -0.315300 0.008400 0.974100 -0.223000 0.036600 -0.961000 -0.272500 -0.046900 0.952400 -0.302000 -0.040700 0.978300 -0.206500 -0.016100 -0.955800 -0.278700 -0.093700 0.972100 -0.220700 -0.079800 0.945900 -0.306000 -0.107900 -0.955400 -0.253500 -0.151600 0.946300 -0.264400 -0.186200 -0.951900 -0.209200 -0.223900 0.932200 -0.264000 -0.247700 -0.941000 -0.193400 -0.277600 -0.916000 -0.286400 -0.281000 0.887100 -0.312700 -0.339500 0.926000 -0.236800 -0.294200 -0.909900 -0.247100 -0.333200 -0.898800 -0.235900 -0.369600 0.907600 -0.225600 -0.354100 0.876400 -0.281300 -0.390900 -0.885400 -0.201500 -0.418900 0.861000 -0.265600 -0.433700 -0.848300 -0.243600 -0.470200 -0.825700 -0.215000 -0.521500 0.846400 -0.239300 -0.475700 0.812700 -0.273900 -0.514300 -0.779600 -0.272300 -0.564000 -0.738700 -0.212900 -0.639500 0.775000 -0.273600 -0.569700 0.727500 -0.285000 -0.624200 -0.710000 -0.205500 -0.673600 -0.682900 -0.274200 -0.677100 0.708900 -0.283200 -0.646000 0.666900 -0.285900 -0.688100 -0.657500 -0.231800 -0.716900 -0.628000 -0.177400 -0.757700 -0.602300 -0.260700 -0.754500 0.647000 -0.278400 -0.709800 0.581000 -0.297100 -0.757700 -0.554400 -0.237000 -0.797800 -0.523500 -0.254200 -0.813200 -0.481700 -0.203600 -0.852300 0.540600 -0.233100 -0.808300 0.485300 -0.284800 -0.826700 -0.425400 -0.241100 -0.872300 -0.387600 -0.271100 -0.881100 -0.354700 -0.221700 -0.908300 -0.341800 -0.309300 -0.887400 0.303900 -0.324500 -0.895700 0.425600 -0.279800 -0.860600 0.368100 -0.305400 -0.878200 0.439900 -0.258800 -0.859900 -0.296000 -0.237100 -0.925300 -0.247200 -0.265700 -0.931800 -0.181400 -0.278900 -0.943000 -0.134500 -0.208400 -0.968700 -0.101600 -0.291400 -0.951200 -0.045300 -0.307700 -0.950400 0.010200 -0.324200 -0.945900 0.074800 -0.337400 -0.938400 0.240200 -0.296000 -0.924500 0.161500 -0.336000 -0.927900 0.256500 -0.245400 -0.934900 0.293600 -0.228300 -0.928300 -0.064900 -0.200300 -0.977600 -0.007400 -0.223700 -0.974600 0.045100 -0.230100 -0.972100 0.103900 -0.229300 -0.967800 -0.026400 -0.128100 0.991400 -0.056500 -0.205100 0.977100 0.004800 -0.229800 0.973200 0.037300 -0.147000 0.988400 0.083900 -0.245700 0.965700 0.125700 -0.172500 0.977000 -0.298400 -0.104900 0.948600 -0.343500 -0.163400 0.924800 -0.258100 -0.113600 0.959400 -0.189500 -0.144600 0.971200 -0.125600 -0.176300 0.976300 0.161100 -0.220400 0.962000 0.180100 -0.177600 0.967500 0.212300 -0.165800 0.963000 0.265600 -0.164600 0.949900 0.329400 -0.122500 0.936200 -0.433500 -0.116300 0.893600 -0.485900 -0.167400 0.857800 -0.387100 -0.148900 0.909900 0.381300 -0.157500 0.910900 0.410400 -0.175600 0.894900 0.470400 -0.166100 0.866700 -0.595800 -0.134800 0.791700 -0.643300 -0.154800 0.749800 -0.621600 -0.201900 0.756900 -0.556300 -0.127000 0.821200 0.537300 -0.194300 0.820700 0.560200 -0.179800 0.808600 0.618000 -0.198100 0.760800 0.628600 -0.136700 0.765600 -0.677800 -0.113700 0.726400 -0.713400 -0.146900 0.685200 -0.681400 -0.207900 0.701800 0.647500 -0.160100 0.745100 0.696900 -0.190000 0.691600 0.707500 -0.129100 0.694800 -0.763800 -0.109900 0.636000 -0.785500 -0.171200 0.594700 -0.732900 -0.204900 0.648800 0.723300 -0.161300 0.671400 0.767400 -0.195400 0.610600 0.775600 -0.128400 0.618100 -0.817600 -0.176300 0.548100 0.802300 -0.144000 0.579200 -0.869300 -0.162300 0.466900 -0.896200 -0.180500 0.405300 0.838800 -0.204900 0.504500 0.867200 -0.160200 0.471500 -0.911400 -0.160600 0.378900 0.877500 -0.181000 0.444200 0.897600 -0.221000 0.381500 0.922800 -0.143000 0.357700 -0.937200 -0.120700 0.327100 -0.950700 -0.160900 0.265000 0.941800 -0.148200 0.301800 -0.965200 -0.159800 0.207200 0.947500 -0.152000 0.281400 -0.969100 -0.174200 0.174700 0.947900 -0.184800 0.259400 0.952900 -0.237500 0.188600 0.977500 -0.130000 0.165900 -0.963800 -0.216300 0.156200 0.987400 -0.129000 0.091600 -0.978500 -0.168900 0.118700 -0.989200 -0.143800 0.030200 -0.968100 -0.238600 0.076500 0.990200 -0.134700 0.037900 -0.991100 -0.129500 -0.029600 -0.974100 -0.226300 -0.004100 0.992400 -0.121900 -0.018700 -0.976000 -0.209000 -0.061300 -0.973600 -0.192600 -0.122900 0.969800 -0.207000 -0.128700 0.988100 -0.134700 -0.074500 -0.971900 -0.159200 -0.173600 0.966300 -0.178400 -0.185700 0.984300 -0.117800 -0.131600 -0.962600 -0.119300 -0.243200 0.972900 -0.102200 -0.207300 0.952700 -0.176600 -0.247200 -0.951300 -0.107500 -0.288900 0.941600 -0.147400 -0.302900 -0.926900 -0.164500 -0.337200 -0.911800 -0.152800 -0.381300 0.894400 -0.193200 -0.403500 0.928000 -0.141100 -0.344800 -0.897100 -0.120900 -0.424900 0.910000 -0.116100 -0.398100 0.880500 -0.181400 -0.438000 -0.863500 -0.180200 -0.471100 -0.832400 -0.129700 -0.538800 0.864200 -0.158800 -0.477500 0.824100 -0.181800 -0.536500 -0.808900 -0.119000 -0.575800 -0.792700 -0.200800 -0.575700 0.746600 -0.203900 -0.633300 0.803700 -0.173700 -0.569100 -0.758400 -0.132000 -0.638300 -0.720400 -0.116300 -0.683700 0.680700 -0.212300 -0.701100 0.759400 -0.141200 -0.635100 0.736700 -0.176700 -0.652700 -0.683900 -0.143000 -0.715400 -0.645300 -0.096200 -0.757800 0.600300 -0.216100 -0.770100 0.687000 -0.150700 -0.710900 0.662600 -0.184700 -0.725800 -0.592100 -0.144800 -0.792700 -0.550800 -0.161500 -0.818800 -0.491400 -0.135400 -0.860300 0.564100 -0.161000 -0.809900 0.491000 -0.214800 -0.844300 0.606700 -0.149400 -0.780800 -0.441000 -0.162600 -0.882600 -0.403900 -0.110100 -0.908100 -0.405300 -0.185300 -0.895200 0.376800 -0.224800 -0.898600 0.459700 -0.165900 -0.872500 0.435800 -0.186200 -0.880600 -0.348300 -0.141400 -0.926700 -0.303000 -0.151400 -0.940900 -0.246700 -0.180000 -0.952200 -0.206000 -0.102100 -0.973200 -0.194900 -0.177800 -0.964600 0.198600 -0.245600 -0.948800 0.289900 -0.163900 -0.942900 0.267600 -0.196300 -0.943300 0.308000 -0.156500 -0.938400 0.357500 -0.148900 -0.922000 -0.131000 -0.118300 -0.984300 -0.068900 -0.116000 -0.990900 -0.008900 -0.137700 -0.990400 0.042500 -0.140800 -0.989100 0.098200 -0.137000 -0.985700 0.174300 -0.141000 -0.974600 -0.093300 -0.054400 0.994200 -0.155400 -0.092800 0.983500 -0.094100 -0.129300 0.987100 -0.020900 -0.056300 0.998200 0.044700 -0.069300 0.996600 0.114600 -0.076100 0.990500 0.195200 -0.133200 0.971700 0.188200 -0.040900 0.981300 -0.290200 -0.030100 0.956500 -0.338900 -0.090100 0.936500 -0.251800 -0.043200 0.966800 -0.200000 -0.076700 0.976800 0.214100 -0.102100 0.971500 0.229800 -0.101000 0.968000 0.271400 -0.104800 0.956700 0.325000 -0.056700 0.944000 -0.475000 -0.030800 0.879500 -0.542600 -0.054000 0.838300 -0.487200 -0.104900 0.866900 -0.424100 -0.043100 0.904600 -0.379000 -0.075200 0.922300 0.378000 -0.080800 0.922300 0.421000 -0.098300 0.901700 0.462500 -0.095700 0.881400 0.538300 -0.114800 0.834900 0.544600 -0.051300 0.837100 -0.596200 -0.045900 0.801500 -0.633600 -0.071600 0.770400 0.593000 -0.101600 0.798800 0.633500 -0.061800 0.771300 -0.678800 -0.025100 0.733900 -0.724500 -0.058600 0.686800 0.669900 -0.088600 0.737100 0.712700 -0.052400 0.699600 -0.770300 -0.026400 0.637200 -0.799800 -0.081400 0.594800 0.741900 -0.082700 0.665400 0.776600 -0.051300 0.627900 -0.841700 -0.032800 0.539000 -0.886100 -0.089800 0.454800 -0.838900 -0.100200 0.535000 0.815000 -0.071200 0.575000 0.847900 -0.136000 0.512400 0.860000 -0.061300 0.506700 -0.904700 -0.095900 0.415100 0.877300 -0.057800 0.476400 -0.924500 -0.077800 0.373100 0.894400 -0.100300 0.435900 0.928200 -0.079200 0.363500 -0.945800 -0.052800 0.320400 -0.958200 -0.100600 0.267700 0.946500 -0.071700 0.314600 -0.969400 -0.097500 0.225100 0.958300 -0.049100 0.281400 -0.972700 -0.100500 0.209300 0.965800 -0.085600 0.244700 0.984900 -0.057800 0.163200 -0.982300 -0.041300 0.182800 -0.991400 -0.074800 0.107300 -0.973200 -0.131000 0.188700 0.993700 -0.056900 0.096300 -0.997100 -0.065800 0.037900 0.997900 -0.055100 0.033600 -0.998300 -0.055600 -0.019600 0.997800 -0.054700 -0.038100 -0.994000 -0.064800 -0.087800 -0.985800 -0.139100 -0.094000 0.994500 -0.058400 -0.087400 -0.983000 -0.107800 -0.148900 -0.977800 -0.090000 -0.189300 0.987600 -0.047800 -0.149600 -0.969000 -0.050800 -0.241800 0.974500 -0.029600 -0.222300 0.960400 -0.084300 -0.265500 -0.958500 -0.034600 -0.282800 0.945800 -0.061100 -0.319000 -0.938700 -0.092900 -0.332100 -0.924600 -0.077500 -0.373000 0.934000 -0.051800 -0.353400 -0.907100 -0.043900 -0.418600 0.916800 -0.031100 -0.398200 0.891100 -0.095100 -0.443700 -0.883500 -0.030100 -0.467400 -0.873700 -0.108300 -0.474300 0.837300 -0.103000 -0.537000 0.873200 -0.080400 -0.480700 -0.844300 -0.053200 -0.533300 -0.804400 -0.040500 -0.592800 0.834700 -0.040300 -0.549200 0.799300 -0.095300 -0.593400 -0.764100 -0.060800 -0.642300 -0.727000 -0.033000 -0.685900 0.771200 -0.064600 -0.633300 0.733600 -0.102200 -0.671900 -0.690900 -0.066200 -0.719900 -0.648200 -0.028800 -0.760900 0.697500 -0.074000 -0.712800 0.657400 -0.107400 -0.745800 -0.598500 -0.071500 -0.797900 -0.556400 -0.028700 -0.830400 -0.546400 -0.089400 -0.832700 0.497200 -0.145700 -0.855300 0.615000 -0.076400 -0.784800 0.559000 -0.087400 -0.824500 -0.490400 -0.068900 -0.868800 -0.451900 -0.084800 -0.888000 -0.408500 -0.027500 -0.912300 0.467100 -0.062800 -0.882000 0.431000 -0.105800 -0.896100 0.492700 -0.070100 -0.867400 -0.363500 -0.054200 -0.930000 -0.322400 -0.069400 -0.944000 -0.262700 -0.090800 -0.960600 -0.218700 -0.032400 -0.975300 0.292900 -0.066300 -0.953800 0.253100 -0.101100 -0.962100 0.325300 -0.084000 -0.941900 0.368400 -0.086800 -0.925600 -0.154300 -0.045800 -0.987000 -0.093700 -0.046400 -0.994500 -0.019100 -0.055500 -0.998300 0.042300 -0.066600 -0.996900 0.100800 -0.067700 -0.992600 0.170100 -0.071900 -0.982800 -0.113500 0.010500 0.993500 -0.171200 -0.024900 0.984900 -0.043800 0.004100 0.999000 0.048000 -0.002000 0.998800 0.116300 -0.008600 0.993200 0.171300 0.027300 0.984800 -0.281200 0.038200 0.958900 -0.329600 -0.016400 0.944000 -0.246200 0.028700 0.968800 -0.220200 0.006100 0.975400 0.217700 -0.005700 0.976000 0.242700 -0.031100 0.969600 0.278000 -0.041500 0.959700 0.326800 0.012600 0.945000 -0.481900 0.040000 0.875300 -0.546900 0.004800 0.837200 -0.431200 0.031600 0.901700 -0.374500 0.007900 0.927200 0.372700 -0.008300 0.927900 0.428900 -0.027900 0.902900 0.478000 -0.033600 0.877700 0.540900 0.002900 0.841100 -0.600400 0.036600 0.798900 -0.634800 0.005900 0.772600 0.596500 -0.024500 0.802300 0.635200 0.007300 0.772300 -0.680100 0.048000 0.731600 -0.726900 0.016500 0.686500 0.677000 -0.021800 0.735600 0.720000 0.019100 0.693700 -0.769500 0.048100 0.636900 -0.804300 0.005500 0.594200 0.751000 -0.008700 0.660300 0.779600 0.034600 0.625300 -0.843500 0.025000 0.536500 -0.882000 -0.022000 0.470700 0.814000 -0.001600 0.580900 0.852800 0.016400 0.521900 -0.906200 -0.019700 0.422300 0.879400 0.027300 0.475300 -0.930400 -0.002100 0.366600 0.905400 -0.029000 0.423600 0.931800 -0.008800 0.362800 -0.946700 0.017000 0.321800 -0.961100 -0.038200 0.273500 0.949000 0.009000 0.315300 -0.970600 -0.029700 0.238700 0.963700 0.034200 0.264700 -0.976800 -0.006500 0.213900 0.974600 -0.012200 0.223400 0.988100 0.005800 0.153500 -0.985600 0.026300 0.167200 -0.994000 -0.009700 0.108700 0.995900 0.006000 0.090100 -0.999100 0.005600 0.041200 0.999800 0.009700 0.015200 -0.999600 -0.002500 -0.029500 0.999100 0.012600 -0.041200 -0.994000 -0.005500 -0.109700 0.995600 0.010600 -0.093000 -0.985400 -0.039300 -0.165800 -0.976900 -0.004400 -0.213500 0.987000 0.015300 -0.159800 -0.970700 0.021700 -0.239500 0.969200 0.043100 -0.242500 0.959200 0.005600 -0.282700 -0.960500 0.033800 -0.276100 0.949300 0.023000 -0.313400 -0.945700 -0.019100 -0.324400 -0.928700 0.007400 -0.370800 0.936100 0.028600 -0.350600 -0.903100 0.033800 -0.428100 0.912300 0.044500 -0.407100 0.890000 -0.010800 -0.455800 -0.877400 0.043900 -0.477700 0.866500 0.003200 -0.499200 -0.840800 0.006300 -0.541400 -0.797900 0.033400 -0.601800 0.830700 0.024300 -0.556200 0.799900 -0.016700 -0.599900 -0.765600 0.002700 -0.643300 -0.726200 0.041800 -0.686300 0.773900 0.010700 -0.633200 0.738000 -0.033200 -0.674000 -0.690900 0.006800 -0.723000 -0.651900 0.041200 -0.757200 0.698800 -0.000900 -0.715300 0.656900 -0.037500 -0.753000 -0.611200 0.002800 -0.791500 -0.564600 0.030700 -0.824800 0.615000 0.003000 -0.788500 0.565800 -0.019200 -0.824300 -0.506000 0.007900 -0.862500 -0.463500 -0.005600 -0.886100 -0.416400 0.046400 -0.908000 0.472600 0.023500 -0.881000 0.425700 -0.033600 -0.904200 0.512000 0.006400 -0.859000 -0.365300 0.028100 -0.930500 -0.326900 0.012500 -0.945000 -0.280500 -0.009900 -0.959800 -0.234900 0.036300 -0.971300 0.279400 0.015700 -0.960100 0.233000 -0.029700 -0.972000 0.330800 -0.005600 -0.943700 0.375000 -0.018300 -0.926900 -0.164700 0.018800 -0.986200 -0.102800 0.014900 -0.994600 -0.038400 0.009200 -0.999200 0.032000 -0.001000 -0.999500 0.097300 -0.005800 -0.995200 0.161900 -0.010900 -0.986800 -0.111000 0.074300 0.991000 -0.186500 0.041100 0.981600 -0.040500 0.068700 0.996800 0.025300 0.057000 0.998100 0.096800 0.055800 0.993700 0.155500 0.093200 0.983400 -0.275300 0.099500 0.956200 -0.327800 0.055300 0.943100 -0.232300 0.094400 0.968100 -0.213900 0.096700 0.972100 0.195800 0.077000 0.977600 0.244900 0.040900 0.968700 0.285000 0.025500 0.958200 0.334100 0.080700 0.939100 -0.465800 0.103700 0.878800 -0.549800 0.061400 0.833000 -0.423500 0.104200 0.899900 -0.380500 0.083100 0.921000 0.377200 0.069900 0.923500 0.422000 0.043300 0.905600 0.470600 0.034000 0.881700 0.535000 0.061100 0.842600 -0.599400 0.116700 0.791900 -0.636200 0.082000 0.767100 0.587400 0.050800 0.807700 0.634500 0.069600 0.769800 -0.681600 0.109200 0.723500 -0.725800 0.087700 0.682300 0.679600 0.049300 0.732000 0.720300 0.083200 0.688600 -0.764800 0.113900 0.634200 -0.805100 0.084100 0.587200 0.755900 0.069800 0.650900 0.780100 0.116600 0.614700 -0.843500 0.084800 0.530500 -0.884800 0.049500 0.463400 0.815100 0.062100 0.576000 0.857200 0.096500 0.505900 -0.908200 0.054500 0.414900 0.880800 0.108100 0.461000 -0.925200 0.078200 0.371300 0.910000 0.046800 0.411900 0.931400 0.069600 0.357300 -0.940200 0.084500 0.329900 -0.959400 0.027200 0.280800 0.948600 0.081500 0.305700 -0.969600 0.040400 0.241200 0.965200 0.106900 0.238800 -0.978700 0.073900 0.191700 0.977500 0.050300 0.204900 0.989300 0.068400 0.129000 -0.985300 0.092700 0.143400 -0.994100 0.052400 0.095000 0.995600 0.067100 0.066100 -0.997300 0.065200 0.033100 0.996600 0.082200 0.008700 -0.998100 0.047100 -0.039000 0.995900 0.081100 -0.039500 -0.991500 0.066300 -0.111600 0.992800 0.076800 -0.091800 -0.982400 0.031200 -0.184200 -0.973900 0.089500 -0.208400 0.983000 0.081100 -0.164900 -0.969900 0.088200 -0.227000 0.957700 0.132800 -0.255500 0.954700 0.101400 -0.279900 -0.957500 0.095700 -0.272200 0.949400 0.094400 -0.299500 -0.944200 0.053500 -0.325000 -0.921100 0.084200 -0.380100 0.933000 0.092400 -0.347900 -0.898800 0.109600 -0.424400 0.900800 0.111500 -0.419800 0.885700 0.073000 -0.458400 -0.878900 0.111400 -0.463800 0.867900 0.080900 -0.490100 -0.835800 0.062000 -0.545500 -0.792700 0.110300 -0.599500 0.825300 0.098800 -0.555900 0.798600 0.074000 -0.597300 -0.759500 0.071600 -0.646500 -0.716200 0.116600 -0.688000 0.771100 0.084400 -0.631000 0.737500 0.044500 -0.673900 -0.690300 0.082500 -0.718800 -0.653300 0.108900 -0.749300 0.697500 0.075600 -0.712600 0.657800 0.042100 -0.752100 -0.612200 0.082200 -0.786400 -0.561800 0.096000 -0.821700 0.613300 0.076000 -0.786200 0.563100 0.053000 -0.824700 -0.493700 0.078200 -0.866100 -0.462700 0.072600 -0.883500 -0.423500 0.111200 -0.899000 0.471000 0.099300 -0.876500 0.424600 0.040100 -0.904500 0.518900 0.082000 -0.850900 -0.360500 0.094200 -0.928000 -0.319200 0.091100 -0.943300 -0.291800 0.073900 -0.953600 -0.255200 0.109900 -0.960600 0.258900 0.092500 -0.961500 0.215400 0.037900 -0.975800 0.322600 0.072500 -0.943800 0.371500 0.058700 -0.926600 -0.171100 0.077100 -0.982200 -0.107000 0.076600 -0.991300 -0.049100 0.072100 -0.996200 0.013200 0.061100 -0.998000 0.087900 0.052800 -0.994700 0.149700 0.051900 -0.987400 -0.191000 0.126900 0.973400 -0.033200 0.138900 0.989800 -0.120500 0.162600 0.979300 0.032000 0.122500 0.992000 0.064200 0.187900 0.980100 0.098900 0.125200 0.987200 -0.272900 0.153400 0.949700 -0.334100 0.120800 0.934800 -0.216600 0.150500 0.964600 -0.180900 0.160800 0.970300 -0.157100 0.201800 0.966700 0.131300 0.167500 0.977100 0.182100 0.141300 0.973100 0.245800 0.106800 0.963400 0.289200 0.094800 0.952600 0.335300 0.145700 0.930800 -0.543000 0.124200 0.830500 -0.413600 0.182000 0.892100 -0.473200 0.173000 0.863800 -0.385700 0.159800 0.908700 0.384600 0.136100 0.913000 0.430400 0.113400 0.895500 0.483000 0.165100 0.859900 0.481700 0.106400 0.869900 -0.570100 0.191900 0.798800 -0.634000 0.160600 0.756400 -0.542700 0.200200 0.815700 0.543400 0.136800 0.828300 0.570500 0.136000 0.809900 0.627400 0.142100 0.765600 -0.677100 0.162000 0.717800 -0.730400 0.171700 0.661100 0.665800 0.139300 0.733000 0.710100 0.141900 0.689700 -0.757700 0.185300 0.625800 -0.806600 0.161500 0.568700 0.749400 0.146100 0.645800 0.786600 0.190300 0.587500 -0.871900 0.126800 0.472900 -0.828800 0.163100 0.535300 0.801100 0.198500 0.564700 0.815800 0.123300 0.565000 -0.862000 0.188200 0.470700 -0.897300 0.129400 0.422000 0.846100 0.168300 0.505800 0.871100 0.184500 0.455000 -0.913100 0.145800 0.380800 0.904200 0.125800 0.408100 0.927900 0.144400 0.343700 -0.931800 0.146600 0.332000 -0.954000 0.094300 0.284600 0.944000 0.147900 0.294800 -0.964900 0.105200 0.240500 0.954600 0.175500 0.240500 -0.974300 0.138200 0.177900 0.967600 0.183600 0.173500 0.975800 0.111300 0.188000 -0.988100 0.124500 0.089900 -0.979400 0.154000 0.130900 0.982000 0.136900 0.130500 0.989100 0.131900 0.065000 -0.989600 0.137000 0.043700 -0.978800 0.196100 0.058500 0.988900 0.148500 0.008200 -0.978800 0.205000 -0.002500 -0.992500 0.118900 -0.027100 0.987200 0.153800 -0.042500 -0.981500 0.152600 -0.115700 -0.974700 0.121600 -0.187500 -0.968900 0.195900 -0.151000 0.982900 0.155300 -0.098800 -0.972700 0.153500 -0.174000 0.958100 0.242100 -0.152800 0.949500 0.214100 -0.229400 0.966700 0.173900 -0.187700 -0.966400 0.144500 -0.212500 0.953600 0.169500 -0.248900 -0.950800 0.150400 -0.270700 0.946500 0.153100 -0.284100 -0.935100 0.119300 -0.333600 -0.906900 0.160300 -0.389800 0.927100 0.147300 -0.344500 -0.886400 0.191100 -0.421700 0.883800 0.184800 -0.429700 0.871700 0.166900 -0.460700 -0.861500 0.183700 -0.473400 -0.832500 0.126600 -0.539400 -0.815500 0.198900 -0.543600 0.833700 0.215200 -0.508500 0.804800 0.177600 -0.566300 0.849700 0.155800 -0.503700 -0.790600 0.187600 -0.582800 0.792900 0.170800 -0.584900 -0.749600 0.136000 -0.647800 -0.703100 0.194400 -0.684000 0.758300 0.164600 -0.630800 0.729400 0.145400 -0.668500 -0.684200 0.165300 -0.710300 -0.647100 0.177800 -0.741400 0.691500 0.159600 -0.704500 0.660400 0.139300 -0.737800 -0.594800 0.160100 -0.787800 -0.567800 0.170100 -0.805400 -0.502800 0.146400 -0.851900 -0.503600 0.203600 -0.839600 0.614700 0.148300 -0.774700 0.568100 0.124800 -0.813400 -0.457900 0.160600 -0.874400 -0.428600 0.181000 -0.885200 0.449300 0.176300 -0.875800 0.415200 0.110700 -0.903000 0.505100 0.143400 -0.851100 -0.351500 0.148400 -0.924400 -0.301600 0.155100 -0.940700 -0.282000 0.166100 -0.944900 -0.255100 0.204100 -0.945100 0.241100 0.172800 -0.955000 0.200500 0.103500 -0.974200 0.298800 0.148600 -0.942700 0.349000 0.140200 -0.926600 -0.185300 0.144600 -0.972000 -0.113400 0.142600 -0.983300 -0.050400 0.134500 -0.989600 0.004300 0.133700 -0.991000 0.063800 0.116000 -0.991200 0.126400 0.118000 -0.984900 -0.078800 0.225000 0.971200 0.001400 0.209100 0.977900 -0.273300 0.208600 0.939100 -0.347500 0.184300 0.919400 -0.203900 0.203500 0.957600 -0.158700 0.211100 0.964500 -0.113700 0.226600 0.967300 -0.049300 0.250700 0.966800 0.042400 0.235400 0.971000 0.109800 0.230400 0.966900 0.164100 0.221900 0.961200 0.228600 0.187500 0.955300 0.277700 0.173500 0.944900 0.331700 0.219700 0.917500 -0.398800 0.251600 0.881900 -0.468900 0.229900 0.852800 -0.380600 0.245400 0.891600 0.370200 0.210300 0.904800 0.418600 0.181200 0.889900 0.487300 0.215900 0.846100 -0.620000 0.216100 0.754300 -0.524400 0.276000 0.805500 -0.562500 0.283100 0.776800 0.534900 0.213000 0.817600 0.573800 0.248300 0.780500 0.596300 0.201900 0.776900 -0.714600 0.230800 0.660400 -0.624200 0.279300 0.729600 -0.654700 0.251700 0.712800 0.629300 0.229000 0.742700 0.653800 0.259500 0.710700 0.684400 0.200400 0.701000 -0.789200 0.232600 0.568400 -0.709800 0.289800 0.642000 -0.732500 0.266300 0.626600 0.704000 0.232500 0.671000 0.727900 0.283400 0.624400 0.750000 0.207300 0.628200 -0.772800 0.287800 0.565600 -0.822300 0.239400 0.516300 0.779100 0.267400 0.567100 0.795800 0.279600 0.537100 -0.847400 0.241800 0.472700 -0.889900 0.199600 0.410200 0.833200 0.229000 0.503300 0.865000 0.250600 0.434700 -0.903600 0.217200 0.369100 0.878100 0.266100 0.397700 0.892300 0.190800 0.409000 -0.920700 0.215400 0.325400 -0.948100 0.168900 0.269400 0.910400 0.215400 0.353300 0.931700 0.224900 0.285200 -0.958000 0.184100 0.219800 0.945500 0.237600 0.222500 -0.964000 0.215400 0.155700 0.954100 0.251500 0.162500 -0.970100 0.217300 0.108600 0.964200 0.246500 0.097400 0.975800 0.193800 0.100800 -0.970800 0.238100 0.030900 0.963900 0.264400 0.030300 0.977700 0.204800 0.046000 -0.972900 0.215800 -0.083100 -0.968600 0.245000 -0.043000 0.960700 0.274400 -0.041200 0.975800 0.218300 -0.008700 -0.969400 0.220900 -0.106600 0.954000 0.271700 -0.126700 0.969600 0.234100 -0.070700 -0.967400 0.203000 -0.151200 0.951700 0.243200 -0.187400 -0.959100 0.199200 -0.201300 0.948700 0.219100 -0.228000 -0.941600 0.204400 -0.267700 0.935300 0.211400 -0.283800 -0.920200 0.180800 -0.347200 -0.889600 0.239800 -0.388800 0.886800 0.285400 -0.363600 0.866300 0.264900 -0.423400 0.902800 0.218200 -0.370600 -0.870300 0.257600 -0.419800 0.860800 0.239400 -0.449200 -0.847800 0.243200 -0.471200 -0.804500 0.264200 -0.532000 0.814900 0.270300 -0.512800 0.798700 0.242800 -0.550500 -0.771000 0.267400 -0.577900 -0.742000 0.204100 -0.638600 -0.726700 0.274900 -0.629600 0.776600 0.248300 -0.578900 0.730800 0.241200 -0.638600 0.755300 0.214900 -0.619100 -0.694700 0.271900 -0.665900 0.694200 0.271500 -0.666700 0.668200 0.250400 -0.700500 0.695500 0.210600 -0.686900 -0.659900 0.239800 -0.712000 -0.641100 0.251400 -0.725100 -0.591900 0.230200 -0.772500 -0.581400 0.289500 -0.760400 0.646000 0.286200 -0.707700 0.624800 0.224300 -0.747900 0.642500 0.194400 -0.741200 -0.548800 0.246500 -0.798800 -0.504500 0.258500 -0.823800 0.557200 0.235900 -0.796200 0.501500 0.199500 -0.841800 0.576200 0.160600 -0.801400 -0.440300 0.232900 -0.867100 -0.420600 0.257500 -0.869900 -0.371100 0.213200 -0.903800 -0.363600 0.275500 -0.889900 0.397500 0.264700 -0.878600 0.353900 0.217300 -0.909700 0.404300 0.184800 -0.895800 0.448700 0.227600 -0.864200 -0.291600 0.212100 -0.932700 -0.250400 0.224600 -0.941700 -0.220500 0.264300 -0.938900 -0.178400 0.229600 -0.956800 -0.150200 0.308500 -0.939300 -0.116100 0.227800 -0.966800 -0.070000 0.295500 -0.952800 0.176700 0.251600 -0.951600 0.129800 0.195700 -0.972000 0.187900 0.169800 -0.967400 0.241600 0.242400 -0.939600 0.293400 0.222900 -0.929600 -0.044200 0.201500 -0.978500 0.007900 0.203200 -0.979100 0.063300 0.187400 -0.980200 -0.355000 0.261200 0.897700 -0.211700 0.269600 0.939400 -0.295200 0.292400 0.909600 -0.155700 0.267000 0.951000 -0.100700 0.264300 0.959200 -0.048000 0.275200 0.960200 0.008400 0.280300 0.959900 0.069900 0.278900 0.957800 0.146200 0.285600 0.947100 0.218300 0.256400 0.941600 0.262400 0.312800 0.912900 0.284600 0.251900 0.925000 -0.462900 0.279400 0.841200 -0.364800 0.319000 0.874700 -0.403200 0.324100 0.855800 -0.336100 0.338400 0.878900 0.328300 0.301000 0.895300 0.380700 0.261400 0.887000 0.436100 0.318600 0.841600 0.438700 0.251600 0.862700 -0.513400 0.329300 0.792400 -0.569600 0.344800 0.746100 -0.460100 0.336300 0.821700 0.494700 0.293500 0.818000 0.507200 0.294300 0.810000 0.553500 0.311200 0.772600 -0.603400 0.343500 0.719700 -0.664900 0.314300 0.677500 0.589000 0.315300 0.744100 0.628000 0.315900 0.711200 -0.683300 0.358700 0.636000 -0.718700 0.335800 0.608900 0.669200 0.323300 0.669000 0.710800 0.338900 0.616300 -0.750500 0.341700 0.565700 -0.809900 0.304900 0.501100 0.753300 0.338900 0.563600 0.788300 0.342900 0.510900 -0.865700 0.264400 0.425100 -0.824100 0.316400 0.469800 0.798600 0.363300 0.479800 0.816400 0.289200 0.499900 -0.845400 0.332000 0.418400 -0.889700 0.277100 0.362800 0.840400 0.317300 0.439400 0.872200 0.323700 0.366900 -0.930500 0.245200 0.272200 -0.898700 0.298500 0.321400 0.879400 0.348600 0.324300 0.898000 0.281600 0.338100 -0.917900 0.308200 0.250000 -0.946000 0.249900 0.206500 0.914000 0.296100 0.277300 0.930900 0.299900 0.208700 -0.950200 0.276800 0.143500 0.943600 0.303200 0.132700 -0.957100 0.278600 0.079500 0.948400 0.308500 0.072800 -0.957900 0.287100 0.005500 0.949900 0.312500 0.007800 -0.960400 0.274400 -0.048100 0.949800 0.306600 -0.062000 -0.959600 0.265100 -0.094400 0.948300 0.292000 -0.124200 -0.955500 0.258600 -0.142200 0.941500 0.284100 -0.181100 -0.942900 0.264700 -0.201900 0.933000 0.276000 -0.230700 -0.914800 0.280500 -0.290700 -0.900800 0.252400 -0.353500 -0.878900 0.333600 -0.340800 0.888900 0.360500 -0.282700 0.867800 0.350700 -0.352000 0.906300 0.296800 -0.300800 -0.880100 0.306800 -0.362400 0.864700 0.314400 -0.391600 -0.859400 0.317700 -0.400700 0.819300 0.358700 -0.447300 0.800400 0.332300 -0.498900 0.836700 0.300500 -0.457800 -0.829100 0.298800 -0.472600 -0.790000 0.311600 -0.528000 0.802100 0.304100 -0.514000 -0.744700 0.340800 -0.573800 -0.721100 0.336600 -0.605600 0.770100 0.308700 -0.558200 0.733600 0.305300 -0.607100 -0.670800 0.364400 -0.645900 -0.647600 0.291600 -0.704000 -0.627400 0.353400 -0.693800 0.690900 0.330900 -0.642700 0.651000 0.331900 -0.682700 -0.593700 0.327100 -0.735200 -0.568800 0.350300 -0.744200 0.603600 0.378200 -0.701900 0.607700 0.323300 -0.725400 -0.524000 0.319400 -0.789500 -0.506400 0.326500 -0.798100 -0.447900 0.298000 -0.843000 -0.447400 0.355800 -0.820500 0.535700 0.321800 -0.780700 0.476900 0.288700 -0.830200 -0.391900 0.311300 -0.865800 -0.357700 0.340200 -0.869700 -0.303600 0.285500 -0.909000 -0.296600 0.349500 -0.888800 0.323700 0.360200 -0.874900 0.290100 0.302300 -0.908000 0.341500 0.286600 -0.895100 0.366600 0.329000 -0.870300 0.413300 0.310400 -0.856000 -0.236300 0.278000 -0.931100 -0.191500 0.295600 -0.935900 -0.140900 0.330200 -0.933300 -0.058400 0.348700 -0.935400 -0.006300 0.288200 -0.957600 0.023900 0.339600 -0.940200 0.045800 0.272600 -0.961000 0.095500 0.323600 -0.941400 0.099700 0.260800 -0.960200 0.161000 0.315900 -0.935000 0.224800 0.306200 -0.925000 -0.266900 0.356200 0.895500 -0.200800 0.348900 0.915400 -0.089700 0.317900 0.943900 -0.150900 0.342200 0.927400 -0.042200 0.325000 0.944800 0.007500 0.328300 0.944500 0.070300 0.325200 0.943000 0.113600 0.382200 0.917100 0.149000 0.339900 0.928600 0.203800 0.329100 0.922000 -0.354500 0.366500 0.860200 -0.406000 0.395100 0.824000 -0.298000 0.374900 0.877900 -0.243000 0.398700 0.884300 -0.174900 0.420800 0.890100 0.190600 0.396700 0.897900 0.260300 0.365700 0.893600 0.309000 0.368700 0.876700 0.356300 0.337200 0.871400 0.414800 0.383500 0.825200 -0.574000 0.384400 0.723000 -0.441000 0.398500 0.804200 -0.504200 0.415300 0.757200 0.459800 0.372000 0.806300 0.495700 0.403900 0.768900 0.519200 0.359200 0.775500 -0.636900 0.375900 0.673100 -0.545200 0.447500 0.708900 -0.576000 0.410600 0.706800 0.540100 0.391600 0.744900 0.583100 0.403500 0.705100 0.600500 0.366600 0.710700 -0.655400 0.413300 0.632200 -0.708000 0.386100 0.591300 -0.616800 0.418600 0.666500 0.637500 0.393900 0.662100 0.662700 0.431500 0.612000 0.686800 0.384800 0.616600 -0.778500 0.368700 0.507900 -0.726800 0.407800 0.552700 0.700200 0.418200 0.578700 0.702500 0.462800 0.540700 0.738200 0.386500 0.553000 -0.757300 0.428100 0.493200 -0.813800 0.377400 0.441900 0.764900 0.404000 0.501700 0.798700 0.415900 0.434900 -0.863900 0.349400 0.362700 -0.818900 0.402100 0.409600 0.796900 0.450000 0.403000 0.823000 0.382100 0.420300 -0.840200 0.413700 0.350700 -0.885400 0.353600 0.301600 0.844500 0.395600 0.360900 0.868900 0.396000 0.297100 -0.925300 0.324200 0.196800 -0.896100 0.363900 0.254300 0.875200 0.418200 0.243000 0.897000 0.357600 0.259700 -0.930200 0.335200 0.149300 -0.899000 0.394000 0.191100 0.908700 0.368000 0.197000 0.925900 0.354300 0.130600 -0.917400 0.380500 0.116700 -0.942400 0.326200 0.073900 0.931200 0.359300 0.061800 -0.943400 0.331700 0.005600 0.933800 0.357600 -0.007300 -0.943400 0.328600 -0.045800 0.934100 0.350800 -0.066100 -0.939800 0.328900 -0.092600 0.933800 0.338100 -0.117000 -0.933600 0.329600 -0.140500 0.897200 0.419500 -0.138000 0.877000 0.433300 -0.207500 0.917500 0.355600 -0.178300 -0.910400 0.356600 -0.209600 -0.895300 0.348700 -0.277100 -0.874500 0.412000 -0.256000 0.871400 0.409700 -0.269600 0.906300 0.357400 -0.225700 -0.873000 0.382900 -0.302100 0.864200 0.383300 -0.326000 -0.859700 0.369800 -0.352400 0.817000 0.433200 -0.380600 0.798800 0.414100 -0.436400 0.841200 0.375800 -0.388900 -0.809400 0.425100 -0.405300 -0.826400 0.350100 -0.441000 -0.787600 0.403600 -0.465700 0.800200 0.371600 -0.470700 -0.773900 0.387900 -0.500600 -0.730400 0.389200 -0.561300 -0.718100 0.442900 -0.536800 0.764400 0.406900 -0.500200 0.737900 0.413300 -0.533600 0.766400 0.358000 -0.533300 -0.716000 0.416800 -0.560000 -0.691100 0.400100 -0.602000 -0.657800 0.446900 -0.606200 0.691600 0.419800 -0.587700 0.664200 0.388900 -0.638500 0.720900 0.365500 -0.588800 -0.620600 0.435600 -0.652000 -0.568200 0.391900 -0.723500 -0.566900 0.430900 -0.702100 0.632000 0.389500 -0.670000 -0.552500 0.419800 -0.720100 -0.516700 0.375700 -0.769300 -0.506100 0.434600 -0.745000 0.545000 0.450700 -0.707000 0.527800 0.420400 -0.738100 0.551500 0.380100 -0.742600 0.571100 0.437900 -0.694300 -0.462500 0.400200 -0.791100 -0.429600 0.423900 -0.797300 0.448900 0.417000 -0.790300 0.394900 0.397100 -0.828400 0.472100 0.334900 -0.815500 -0.379700 0.366500 -0.849400 -0.327600 0.378400 -0.865800 -0.279100 0.409900 -0.868400 -0.237600 0.360600 -0.902000 -0.209200 0.423300 -0.881500 0.241500 0.431100 -0.869400 0.206400 0.380300 -0.901500 0.269200 0.368600 -0.889800 0.293000 0.418600 -0.859600 0.352800 0.395900 -0.847800 -0.179000 0.348900 -0.919900 -0.133400 0.366200 -0.920900 -0.075500 0.379800 -0.922000 -0.006400 0.382800 -0.923800 0.067400 0.378300 -0.923200 0.138700 0.372400 -0.917600 -0.105000 0.402100 0.909600 -0.047900 0.397400 0.916400 0.001200 0.390900 0.920400 0.052000 0.385600 0.921200 -0.399800 0.444400 0.801700 -0.331800 0.450000 0.829100 -0.226600 0.431600 0.873100 -0.282700 0.444600 0.850000 -0.169500 0.448400 0.877600 -0.088100 0.454400 0.886500 -0.015200 0.453500 0.891100 0.045700 0.448700 0.892500 0.112700 0.435700 0.893000 0.173300 0.445700 0.878300 0.241100 0.417600 0.876000 0.273300 0.480800 0.833100 0.310400 0.422000 0.851800 0.373400 0.410100 0.832100 -0.474500 0.467800 0.745600 -0.378800 0.498600 0.779700 -0.415300 0.465800 0.781400 -0.311000 0.518100 0.796800 0.334300 0.474500 0.814300 0.396000 0.438800 0.806600 0.444300 0.494700 0.746900 0.449700 0.426800 0.784600 -0.501800 0.488900 0.713600 -0.565200 0.462900 0.682800 -0.459100 0.501600 0.733200 0.479200 0.474700 0.738300 0.507200 0.451400 0.734100 0.561700 0.459200 0.688200 -0.689200 0.432400 0.581300 -0.596500 0.461200 0.656900 -0.641200 0.485300 0.594500 0.601600 0.465100 0.649500 0.635700 0.477900 0.606200 -0.675000 0.494600 0.547400 -0.728000 0.448400 0.518600 0.659300 0.488800 0.571300 0.679600 0.513400 0.524100 -0.781300 0.445700 0.437000 -0.732500 0.485700 0.477000 0.712600 0.515300 0.476100 0.749900 0.457200 0.478200 -0.749300 0.506300 0.426800 -0.805700 0.451300 0.383600 0.775800 0.476800 0.413400 0.783400 0.503200 0.364900 -0.855800 0.425900 0.293700 -0.812800 0.474500 0.338000 0.787800 0.521100 0.328200 0.818600 0.459300 0.344800 -0.831400 0.482400 0.275900 -0.877000 0.416600 0.239400 0.833400 0.471400 0.288500 0.858200 0.459400 0.229100 -0.878500 0.443600 0.177500 0.867400 0.468900 0.166800 0.890700 0.421100 0.171200 -0.921200 0.385300 0.053500 -0.893700 0.433300 0.116700 0.879600 0.465900 0.095800 0.902900 0.414500 0.114100 -0.920900 0.389800 -0.001100 -0.893700 0.446000 0.048900 0.878600 0.476900 0.023100 0.910200 0.412100 0.041700 -0.917400 0.394200 -0.055300 -0.893100 0.449800 -0.012500 0.877100 0.478000 -0.047300 0.908700 0.416900 -0.022400 -0.906500 0.407300 -0.111300 -0.888500 0.451900 -0.079600 0.871400 0.474100 -0.126200 0.904000 0.420100 -0.079200 -0.891200 0.417500 -0.177600 -0.875100 0.455900 -0.162500 0.861200 0.462700 -0.210200 -0.867400 0.443200 -0.226500 0.854200 0.445400 -0.268200 -0.846400 0.452600 -0.280500 -0.829600 0.454500 -0.324300 -0.796200 0.524000 -0.302600 0.803900 0.508600 -0.308300 0.789500 0.490600 -0.368700 0.831000 0.450400 -0.326400 -0.809000 0.453900 -0.373600 -0.775000 0.513600 -0.368300 0.794800 0.452300 -0.404700 -0.765600 0.480900 -0.427400 -0.741900 0.457800 -0.489800 -0.728700 0.503100 -0.464700 0.757100 0.484200 -0.438600 0.719600 0.492600 -0.489400 0.781600 0.423600 -0.457900 -0.714200 0.489500 -0.500200 0.706600 0.480900 -0.519000 -0.682600 0.470900 -0.558900 -0.647500 0.479800 -0.592100 0.656400 0.500800 -0.564100 0.656100 0.460500 -0.597900 -0.590300 0.478200 -0.650300 -0.560600 0.489400 -0.668000 0.624900 0.494100 -0.604400 0.569100 0.500400 -0.652500 0.618700 0.433700 -0.655100 -0.519100 0.469700 -0.714100 -0.478300 0.500800 -0.721400 -0.449300 0.460600 -0.765500 -0.435700 0.496900 -0.750500 0.491100 0.510300 -0.706000 0.419600 0.499800 -0.757700 0.460500 0.478200 -0.747900 0.525800 0.505400 -0.684200 -0.406400 0.478900 -0.778100 -0.366100 0.437800 -0.821200 -0.339000 0.506800 -0.792600 -0.310800 0.439900 -0.842600 -0.273800 0.503300 -0.819600 0.296700 0.551500 -0.779600 0.280300 0.484600 -0.828600 0.333700 0.469000 -0.817700 0.349900 0.533100 -0.770300 0.375800 0.459700 -0.804600 -0.251400 0.437000 -0.863600 -0.188900 0.461300 -0.866900 -0.146000 0.426200 -0.892700 -0.110000 0.474500 -0.873300 -0.088300 0.428000 -0.899500 -0.042800 0.484300 -0.873800 -0.026700 0.431800 -0.901600 0.021200 0.488700 -0.872200 0.039500 0.429000 -0.902400 0.089600 0.481300 -0.872000 0.111500 0.431600 -0.895100 0.157100 0.484700 -0.860500 0.171000 0.437400 -0.882900 0.215600 0.473500 -0.854000 -0.247500 0.509000 0.824400 -0.203300 0.507900 0.837100 -0.086400 0.490500 0.867100 -0.150900 0.504800 0.849900 -0.028300 0.502700 0.864000 0.031100 0.505700 0.862100 0.091700 0.490600 0.866500 0.118700 0.560300 0.819700 0.162100 0.503500 0.848600 0.226700 0.492800 0.840100 -0.405000 0.519400 0.752500 -0.318100 0.537000 0.781300 -0.380500 0.561300 0.735000 -0.233400 0.567700 0.789500 -0.169500 0.577000 0.799000 0.195700 0.562800 0.803100 0.274300 0.540500 0.795400 0.329700 0.516900 0.790000 0.367400 0.581000 0.726300 0.400900 0.508700 0.761900 -0.527500 0.501500 0.685700 -0.445900 0.541400 0.712800 -0.485900 0.567200 0.665000 -0.404400 0.565200 0.719000 0.424400 0.560400 0.711200 0.465200 0.525600 0.712300 0.492400 0.571200 0.656700 0.524400 0.515400 0.677800 -0.592600 0.505800 0.626900 -0.538800 0.534100 0.651500 -0.560500 0.539600 0.628300 0.544300 0.546100 0.636800 0.547100 0.585700 0.598000 0.600600 0.528000 0.600400 -0.697200 0.515900 0.497900 -0.596700 0.555500 0.579100 -0.636900 0.569000 0.520100 0.573200 0.573600 0.585200 0.598200 0.575200 0.557900 0.638100 0.523100 0.564900 -0.668300 0.578500 0.467700 -0.725000 0.522100 0.449200 0.638400 0.582200 0.503500 0.679500 0.568300 0.464000 -0.765700 0.519000 0.379900 -0.719100 0.563500 0.406600 0.706300 0.575000 0.413000 0.749800 0.535800 0.388100 -0.743800 0.568900 0.351000 -0.795700 0.512400 0.323100 0.727300 0.582500 0.363100 0.771000 0.548800 0.323100 -0.840500 0.490300 0.230400 -0.801100 0.534500 0.269400 0.786000 0.566800 0.246800 0.808800 0.527200 0.260400 -0.849800 0.499700 0.167600 -0.804900 0.558600 0.200000 0.795200 0.580300 0.175800 0.826800 0.523100 0.206700 -0.823400 0.553900 0.123300 -0.868300 0.486500 0.096200 0.841800 0.518400 0.150800 0.854100 0.513800 0.081000 -0.862900 0.504100 0.034300 0.848300 0.529500 0.002300 -0.861900 0.506400 -0.026600 0.848200 0.525200 -0.069300 -0.864200 0.495400 -0.088300 0.849400 0.510700 -0.132800 -0.847700 0.508200 -0.152200 -0.835300 0.511700 -0.200900 -0.797100 0.579200 -0.171000 0.798800 0.581000 -0.156100 0.782600 0.578400 -0.230200 0.831600 0.517500 -0.201500 -0.822100 0.514800 -0.243100 -0.787700 0.571700 -0.229700 0.778300 0.549400 -0.304000 0.818300 0.513800 -0.257500 -0.778300 0.545700 -0.310700 0.779600 0.518100 -0.351900 -0.729600 0.570800 -0.376600 -0.744000 0.530300 -0.406500 -0.714100 0.571400 -0.404400 0.749900 0.549900 -0.367700 0.712900 0.574100 -0.402800 0.747800 0.515600 -0.418300 -0.710100 0.545200 -0.445500 0.674900 0.587600 -0.446300 0.653100 0.584900 -0.481100 0.697200 0.538600 -0.473200 -0.660800 0.572300 -0.485600 -0.683600 0.507300 -0.524800 -0.644100 0.541400 -0.540400 0.648600 0.564700 -0.510300 0.668600 0.534700 -0.516800 -0.612600 0.548300 -0.569300 -0.604200 0.511100 -0.611300 -0.566900 0.546000 -0.616800 0.615600 0.578000 -0.535700 0.583000 0.587400 -0.561300 0.630200 0.526100 -0.571100 -0.526000 0.559200 -0.640800 -0.510600 0.524800 -0.681100 -0.475500 0.583900 -0.658000 0.539100 0.587700 -0.603200 0.507200 0.571400 -0.645200 0.564200 0.532000 -0.631400 -0.453100 0.536100 -0.712300 -0.417400 0.570500 -0.707400 -0.408200 0.529300 -0.743800 -0.377100 0.582500 -0.720000 0.440900 0.575900 -0.688500 0.371000 0.593000 -0.714700 0.412600 0.545900 -0.729200 0.478600 0.566000 -0.671300 -0.345000 0.536300 -0.770300 -0.267900 0.557300 -0.785900 -0.225900 0.507500 -0.831500 -0.198800 0.579700 -0.790200 -0.175200 0.513400 -0.840000 -0.132400 0.581100 -0.803000 0.159900 0.602400 -0.782000 0.137700 0.536800 -0.832400 0.187000 0.542900 -0.818700 0.227300 0.597200 -0.769200 0.232800 0.546400 -0.804500 0.311100 0.586000 -0.748200 -0.115500 0.512700 -0.850700 -0.056800 0.534200 -0.843400 0.006300 0.541100 -0.840900 0.075500 0.529300 -0.845100 -0.097800 0.564300 0.819800 -0.038200 0.566800 0.822900 0.016400 0.566600 0.823800 0.069900 0.564800 0.822300 -0.336900 0.574700 0.745800 -0.262600 0.591500 0.762400 -0.161400 0.610000 0.775800 -0.205700 0.637900 0.742100 -0.079100 0.622200 0.778800 -0.006500 0.624200 0.781200 0.059800 0.621900 0.780800 0.126600 0.618700 0.775400 0.197600 0.593700 0.780100 0.222700 0.646700 0.729500 0.280800 0.588200 0.758400 0.324200 0.586600 0.742200 -0.450700 0.600200 0.660700 -0.406700 0.614400 0.676100 -0.342900 0.620100 0.705600 -0.383600 0.633900 0.671600 -0.255800 0.648300 0.717100 0.278900 0.641800 0.714400 0.346600 0.600000 0.721000 0.366700 0.630400 0.684200 0.419100 0.593600 0.687100 0.458700 0.580500 0.672700 -0.537900 0.585300 0.606700 -0.454600 0.649500 0.609500 -0.487000 0.623800 0.611300 -0.410100 0.663800 0.625500 0.399000 0.654500 0.642200 0.453700 0.651700 0.607800 0.468300 0.614900 0.634500 0.504300 0.612600 0.608600 -0.595100 0.603000 0.531300 -0.525800 0.635600 0.565400 -0.541400 0.624800 0.562500 0.488100 0.655900 0.575800 0.519700 0.631900 0.575100 0.539100 0.663200 0.519100 0.562800 0.620800 0.545800 -0.677500 0.597200 0.429400 -0.578700 0.646000 0.497800 -0.621400 0.633500 0.461100 0.588200 0.649000 0.482600 0.602100 0.673000 0.429500 0.641000 0.621500 0.450400 -0.681200 0.615300 0.396700 -0.627600 0.661100 0.411200 0.624800 0.677800 0.387600 0.672400 0.623800 0.398400 -0.759000 0.579400 0.297000 -0.678600 0.634800 0.369500 -0.714400 0.613400 0.336700 0.656700 0.652300 0.378300 0.691200 0.640200 0.335200 0.720600 0.596500 0.353400 -0.764200 0.591800 0.256400 -0.713200 0.649700 0.263200 0.722700 0.638100 0.265500 0.762500 0.580300 0.286200 -0.732000 0.648200 0.209900 -0.781800 0.591600 0.197000 0.749800 0.623500 0.221700 0.774600 0.608200 0.173400 -0.824600 0.561500 0.069800 -0.781900 0.611500 0.121300 0.777600 0.622100 0.091300 0.814600 0.570700 0.103000 -0.822100 0.569200 0.014000 -0.780700 0.622800 0.051500 0.776000 0.630600 0.009000 0.814600 0.578700 0.040300 -0.818700 0.572600 -0.043300 -0.776500 0.629900 -0.014600 0.768600 0.635700 -0.071100 0.810600 0.584900 -0.028700 -0.816100 0.568600 -0.103000 -0.774000 0.627500 -0.085100 0.758100 0.634100 -0.152100 0.803800 0.587300 -0.094400 -0.772400 0.613900 -0.162600 0.766600 0.602200 -0.222800 -0.739700 0.641200 -0.204300 -0.759500 0.597100 -0.258300 -0.714800 0.652000 -0.252900 0.723500 0.646400 -0.242200 0.702400 0.647800 -0.294800 0.751700 0.588800 -0.297000 -0.742500 0.582100 -0.331300 -0.702900 0.625500 -0.338600 0.703200 0.626300 -0.336500 0.738400 0.584100 -0.337100 -0.667700 0.639100 -0.381600 -0.671500 0.620000 -0.405700 -0.620100 0.668900 -0.409900 0.666900 0.646600 -0.370400 0.636100 0.658400 -0.402400 0.679300 0.609700 -0.408500 -0.656300 0.605500 -0.450100 -0.602400 0.655200 -0.455900 0.602700 0.663500 -0.443300 0.579300 0.662000 -0.475600 0.633500 0.618800 -0.464500 -0.601700 0.630700 -0.490100 -0.595000 0.591600 -0.544100 -0.551400 0.639800 -0.535300 0.565900 0.643400 -0.515500 0.602500 0.620400 -0.502100 -0.548700 0.622300 -0.558300 -0.524100 0.594200 -0.610100 -0.491900 0.639300 -0.591000 0.514800 0.663100 -0.543400 0.482600 0.645500 -0.592000 0.536200 0.622400 -0.570200 -0.461900 0.632100 -0.622200 -0.431300 0.605600 -0.668700 -0.404900 0.664900 -0.627700 -0.396200 0.624000 -0.673600 -0.369400 0.648700 -0.665300 0.401600 0.670400 -0.623900 0.373000 0.669600 -0.642300 0.417300 0.621000 -0.663500 0.436400 0.662900 -0.608400 0.471900 0.611500 -0.635100 -0.358100 0.632500 -0.686800 -0.317500 0.593100 -0.739900 -0.295600 0.662200 -0.688600 -0.260100 0.607300 -0.750700 -0.221400 0.667600 -0.710800 0.264100 0.666600 -0.697000 0.215500 0.646400 -0.731900 0.286600 0.613500 -0.735800 0.324400 0.670400 -0.667300 0.354400 0.625400 -0.695200 -0.194000 0.615000 -0.764300 -0.124300 0.638400 -0.759600 -0.076100 0.593500 -0.801200 -0.053500 0.646400 -0.761100 -0.018200 0.597000 -0.802100 0.016100 0.644300 -0.764600 0.041100 0.593800 -0.803500 0.088100 0.640400 -0.763000 0.094000 0.588400 -0.803100 0.163300 0.636700 -0.753600 -0.158900 0.667500 0.727500 -0.094900 0.672800 0.733800 -0.035700 0.671700 0.740000 0.033200 0.668700 0.742800 0.101700 0.661600 0.742900 0.167700 0.657200 0.734800 -0.360600 0.665100 0.653900 -0.291800 0.689000 0.663400 -0.149000 0.718300 0.679600 -0.207400 0.704000 0.679300 -0.075400 0.720700 0.689100 -0.003100 0.712800 0.701300 0.070600 0.705800 0.704900 0.136600 0.697600 0.703400 0.202200 0.683400 0.701500 0.234000 0.730600 0.641400 0.271200 0.678300 0.682900 0.322100 0.662600 0.676200 -0.481700 0.673900 0.560200 -0.443300 0.690000 0.572200 -0.335300 0.712500 0.616400 -0.381500 0.688400 0.616900 -0.260300 0.738300 0.622200 0.299600 0.723900 0.621400 0.350700 0.703600 0.618000 0.377500 0.734400 0.564000 0.420000 0.689600 0.589900 -0.522700 0.675500 0.520200 -0.484900 0.696100 0.529500 -0.400600 0.714800 0.573200 -0.420000 0.734700 0.532800 0.437800 0.707400 0.555000 0.433400 0.739000 0.515700 0.489500 0.696600 0.524600 0.511600 0.680400 0.524700 -0.574900 0.669300 0.470700 -0.528800 0.698500 0.482300 -0.455600 0.723100 0.519200 -0.501900 0.733500 0.458300 0.457500 0.741600 0.490700 0.504200 0.728100 0.464500 0.528300 0.705400 0.472500 0.550900 0.696700 0.459500 -0.585200 0.685100 0.433800 -0.519600 0.745300 0.417800 -0.556800 0.723500 0.408100 0.534900 0.730600 0.424300 0.568900 0.723100 0.391800 0.579000 0.702200 0.414400 -0.676300 0.661900 0.323200 -0.598500 0.711400 0.368500 -0.629400 0.692900 0.351800 0.608100 0.700400 0.373800 0.612700 0.728400 0.306700 0.643100 0.684700 0.342800 -0.672700 0.691900 0.262100 -0.617600 0.732600 0.286000 0.631700 0.734200 0.248800 0.672500 0.689400 0.269100 -0.740400 0.656200 0.145800 -0.651000 0.727700 0.215900 -0.685500 0.703600 0.187400 0.686500 0.696300 0.209300 0.685700 0.714500 0.139200 0.733600 0.657900 0.170400 -0.741400 0.665600 0.085200 -0.691600 0.711300 0.125400 0.696900 0.713300 0.074200 0.743000 0.660700 0.107400 -0.736100 0.676600 0.019500 -0.694100 0.717900 0.052700 0.702400 0.711800 0.002900 0.743800 0.667100 0.041500 -0.732300 0.679600 -0.043000 -0.687900 0.725700 -0.010900 0.700500 0.710100 -0.071100 0.739500 0.672200 -0.035400 -0.728900 0.677600 -0.098000 -0.682400 0.726800 -0.077100 0.700000 0.701100 -0.135900 0.735700 0.667700 -0.113800 -0.724600 0.670500 -0.159200 -0.677300 0.720300 -0.149500 0.691800 0.694400 -0.198200 0.726600 0.659900 -0.191500 -0.677500 0.706000 -0.206200 -0.661700 0.691800 -0.289200 -0.620800 0.739900 -0.259200 0.638400 0.730400 -0.243000 0.626200 0.721000 -0.296500 0.685400 0.676600 -0.269300 -0.652000 0.668600 -0.357500 -0.614100 0.714800 -0.334400 0.615300 0.706900 -0.348900 0.653700 0.680900 -0.330300 -0.612400 0.692100 -0.382100 -0.565300 0.693700 -0.446400 -0.568500 0.717200 -0.403000 0.567200 0.735900 -0.369700 0.558600 0.717700 -0.415700 0.597600 0.689700 -0.408900 -0.549600 0.678500 -0.487500 -0.527200 0.735500 -0.425600 -0.520800 0.697500 -0.492200 -0.512500 0.723100 -0.463100 0.511800 0.741200 -0.434400 0.490400 0.739800 -0.460600 0.541700 0.693500 -0.475000 -0.509300 0.675400 -0.533400 -0.451800 0.731700 -0.510300 -0.473400 0.697900 -0.537500 -0.411200 0.742600 -0.528600 0.457400 0.737100 -0.497500 0.426800 0.732600 -0.530200 0.473000 0.707800 -0.524600 0.519100 0.691900 -0.501800 -0.463600 0.667600 -0.582500 -0.400300 0.721600 -0.564900 -0.425100 0.685300 -0.591300 -0.360100 0.710100 -0.605100 0.388100 0.735300 -0.555600 0.357000 0.718300 -0.597100 0.409400 0.703900 -0.580500 0.452600 0.701000 -0.551100 -0.339600 0.697300 -0.631200 -0.313800 0.686500 -0.656000 -0.277000 0.726800 -0.628500 -0.239500 0.707500 -0.664900 -0.221900 0.744400 -0.629700 -0.172800 0.705000 -0.687800 -0.163800 0.753000 -0.637300 0.241100 0.747400 -0.619100 0.200400 0.722000 -0.662300 0.259000 0.704900 -0.660300 0.293600 0.736200 -0.609800 0.339200 0.700800 -0.627500 -0.162800 0.673200 -0.721300 -0.105400 0.717700 -0.688400 -0.093000 0.676700 -0.730300 -0.045100 0.721400 -0.691100 -0.020300 0.683400 -0.729800 0.011100 0.725600 -0.688000 0.045000 0.680200 -0.731600 0.068000 0.720200 -0.690400 0.110700 0.675100 -0.729300 0.137200 0.720500 -0.679700 0.180800 0.679400 -0.711200 -0.192100 0.749400 0.633600 -0.120200 0.752300 0.647800 -0.044300 0.751900 0.657800 0.031900 0.744600 0.666800 0.110600 0.735600 0.668300 0.182000 0.733800 0.654500 -0.331000 0.735800 0.590800 -0.264500 0.762000 0.591100 -0.193700 0.773600 0.603300 -0.070000 0.790500 0.608500 -0.125800 0.790700 0.599100 -0.006500 0.787100 0.616800 0.058300 0.780900 0.622000 0.120900 0.776900 0.617900 0.168300 0.812100 0.558700 0.190200 0.760400 0.621000 0.257200 0.761400 0.595000 0.325200 0.752900 0.572200 -0.368800 0.761200 0.533400 -0.318600 0.776600 0.543600 -0.224700 0.807300 0.545600 -0.269400 0.797400 0.540000 -0.170000 0.819400 0.547500 0.222600 0.801500 0.555000 0.273800 0.790000 0.548500 0.311700 0.813300 0.491300 0.327200 0.772900 0.543700 0.381500 0.764600 0.519500 -0.452600 0.767500 0.453900 -0.360400 0.800700 0.478600 -0.386100 0.790300 0.475700 -0.315000 0.818700 0.480100 0.357800 0.799300 0.482700 0.403400 0.781000 0.476700 0.424300 0.800400 0.423400 0.466500 0.764400 0.445200 -0.544800 0.762900 0.348100 -0.438000 0.804500 0.401200 -0.486100 0.787700 0.378600 0.483200 0.780300 0.397000 0.479100 0.802800 0.355100 0.530900 0.760500 0.373900 -0.590500 0.745200 0.309900 -0.557400 0.775100 0.297500 -0.488300 0.806800 0.332600 0.485300 0.817900 0.308900 0.544300 0.774200 0.322800 0.578300 0.745000 0.332600 -0.601000 0.764900 0.231700 -0.496000 0.819600 0.286800 -0.554200 0.796400 0.242000 0.538700 0.797700 0.270900 0.540000 0.809700 0.229900 0.587000 0.765400 0.263800 -0.639800 0.750100 0.167400 -0.599600 0.781900 0.170400 -0.553700 0.810500 0.190900 0.540700 0.821100 0.182800 0.601700 0.772600 0.202700 0.635400 0.747300 0.194500 -0.653700 0.750500 0.097400 -0.614000 0.782000 0.107700 -0.552100 0.823100 0.133200 0.597900 0.789700 0.137600 0.607000 0.791000 0.076700 0.649000 0.751000 0.121500 -0.648000 0.761100 0.028400 -0.559000 0.825300 0.080400 -0.601700 0.797700 0.040300 0.610800 0.791700 0.014300 0.658500 0.751300 0.044100 -0.649000 0.759500 -0.043800 -0.602700 0.797800 -0.016100 0.610300 0.790700 -0.047800 0.660600 0.750100 -0.029800 -0.646100 0.753700 -0.120400 -0.603900 0.793800 -0.072300 0.605000 0.789300 -0.104500 0.657800 0.746100 -0.103000 -0.632500 0.750300 -0.192600 -0.598300 0.790500 -0.130800 -0.602300 0.773200 -0.198500 -0.541600 0.821700 -0.177300 0.553400 0.819600 -0.148300 0.553600 0.806200 -0.208800 0.611100 0.771500 -0.177000 0.643000 0.745200 -0.176600 -0.588800 0.763200 -0.266300 -0.540600 0.809900 -0.227800 0.550000 0.792200 -0.264200 0.593500 0.763900 -0.253300 -0.587200 0.738000 -0.332500 -0.536500 0.799200 -0.271000 -0.540800 0.777700 -0.320500 -0.478200 0.819500 -0.316000 0.493200 0.816400 -0.300300 0.487000 0.801200 -0.347800 0.545800 0.772900 -0.323600 0.570700 0.755800 -0.321000 -0.529800 0.762400 -0.371500 -0.476500 0.799900 -0.364900 0.480000 0.779400 -0.402700 0.511500 0.769400 -0.382700 -0.471500 0.789200 -0.393500 -0.448700 0.766200 -0.460100 -0.397600 0.801600 -0.446500 0.430900 0.796500 -0.424200 0.399500 0.783700 -0.475700 0.451600 0.762800 -0.462800 -0.375000 0.783500 -0.495500 -0.344300 0.758400 -0.553400 -0.331500 0.801500 -0.497600 -0.299300 0.771100 -0.561900 -0.286500 0.815600 -0.502600 0.298500 0.823300 -0.482800 0.259400 0.801300 -0.539100 0.319900 0.779700 -0.538400 0.346500 0.808200 -0.476200 0.382700 0.766000 -0.516500 -0.306800 0.739100 -0.599700 -0.243800 0.795500 -0.554700 -0.242800 0.764300 -0.597500 -0.196200 0.806600 -0.557600 -0.176500 0.784200 -0.594900 -0.149900 0.821100 -0.550800 -0.108800 0.788000 -0.606000 -0.096800 0.829600 -0.549900 0.092900 0.829300 -0.551000 0.057800 0.800600 -0.596400 0.118700 0.789300 -0.602400 0.144100 0.828700 -0.540900 0.184200 0.792200 -0.581900 0.204200 0.816800 -0.539500 0.250800 0.774600 -0.580600 0.322400 0.760300 -0.563900 -0.094800 0.765400 -0.636600 -0.045200 0.798100 -0.600800 -0.025000 0.760400 -0.649000 0.008800 0.798900 -0.601400 0.043700 0.762100 -0.645900 0.105800 0.757500 -0.644200 0.176600 0.766100 -0.618000 -0.103800 0.831800 0.545300 -0.032600 0.826500 0.562000 0.035100 0.826300 0.562100 0.100400 0.829400 0.549600 -0.257500 0.836300 0.484000 -0.186000 0.844600 0.502000 -0.116800 0.858000 0.500100 -0.048000 0.858000 0.511400 0.018800 0.858300 0.512900 0.090400 0.855000 0.510700 0.175600 0.841500 0.510900 0.253200 0.830600 0.496000 -0.374200 0.829200 0.415200 -0.329300 0.837500 0.436100 -0.261300 0.848700 0.459800 -0.135400 0.882000 0.451300 -0.192200 0.869000 0.456000 -0.066700 0.889800 0.451400 0.000100 0.887700 0.460400 0.065000 0.883500 0.464000 0.126500 0.873500 0.470200 0.188500 0.861500 0.471500 0.232300 0.879200 0.415900 0.258100 0.840500 0.476400 0.328000 0.831000 0.449400 0.373600 0.822500 0.428900 -0.431800 0.828000 0.357800 -0.394300 0.838300 0.376500 -0.288500 0.869000 0.402000 -0.338700 0.853900 0.395100 -0.232500 0.883700 0.406300 0.285700 0.861700 0.419400 0.346200 0.843800 0.410100 0.351800 0.868000 0.350400 0.387300 0.836300 0.388100 0.423300 0.824700 0.375000 -0.447800 0.840800 0.304300 -0.359800 0.868600 0.340700 -0.410100 0.855600 0.315900 0.346100 0.888800 0.300500 0.412100 0.846100 0.338100 0.439400 0.835800 0.329100 -0.496100 0.837600 0.228600 -0.469200 0.852400 0.230700 -0.414100 0.872300 0.260200 0.401500 0.871500 0.281600 0.410800 0.881900 0.231300 0.461100 0.844900 0.271100 0.482300 0.838400 0.254000 -0.508600 0.846800 0.155700 -0.416200 0.887200 0.199200 -0.463700 0.872300 0.155400 0.463700 0.862200 0.203900 0.462000 0.874900 0.145100 0.495800 0.847200 0.190700 -0.508100 0.857000 0.085400 -0.463900 0.880200 0.100400 0.458100 0.884500 0.088200 0.500100 0.858600 0.113100 0.534400 0.836600 0.120500 -0.544100 0.838900 0.013200 -0.495600 0.868300 0.021700 -0.452600 0.890500 0.047600 0.458400 0.888400 0.027200 0.506700 0.860900 0.045200 0.551800 0.831900 0.059000 -0.547000 0.835500 -0.052200 -0.499700 0.865200 -0.042300 -0.445000 0.895200 -0.023700 0.454300 0.890000 -0.038100 0.510600 0.859600 -0.020000 0.558300 0.829600 -0.006500 -0.533400 0.838300 -0.112900 -0.494200 0.862800 -0.106300 -0.446100 0.890900 -0.084900 0.458300 0.882200 -0.108400 0.504100 0.859000 -0.089400 0.547400 0.833200 -0.078000 -0.493000 0.850300 -0.184000 -0.449900 0.882200 -0.139200 0.464500 0.869500 -0.168100 0.509100 0.845200 -0.162600 -0.480200 0.838800 -0.256500 -0.450600 0.871000 -0.195600 -0.457100 0.849700 -0.262700 -0.396400 0.886600 -0.238400 0.412800 0.886500 -0.208900 0.407900 0.874000 -0.264200 0.468700 0.850600 -0.238300 0.494300 0.835900 -0.238600 -0.437800 0.835500 -0.332200 -0.399800 0.870000 -0.288600 0.402100 0.859500 -0.315400 0.445100 0.840900 -0.307800 -0.414400 0.826500 -0.381000 -0.401300 0.848400 -0.345200 -0.381500 0.830600 -0.405800 -0.346000 0.863200 -0.367700 0.346500 0.875100 -0.337900 0.323000 0.861500 -0.391700 0.384800 0.843700 -0.374200 0.428000 0.828500 -0.361200 -0.356900 0.823100 -0.441700 -0.321100 0.847700 -0.422300 -0.306000 0.834200 -0.458800 -0.265600 0.868900 -0.417700 -0.240000 0.846400 -0.475500 -0.216900 0.884800 -0.412400 0.209900 0.888900 -0.407200 0.167600 0.872300 -0.459300 0.241900 0.855200 -0.458300 0.268400 0.877000 -0.398400 0.311600 0.845800 -0.433000 0.366600 0.832900 -0.414600 -0.231600 0.833000 -0.502500 -0.174900 0.867500 -0.465700 -0.168500 0.842200 -0.512200 -0.124300 0.876000 -0.466100 -0.102600 0.857400 -0.504300 -0.077100 0.884300 -0.460500 -0.035000 0.865500 -0.499600 -0.018500 0.891000 -0.453700 0.029100 0.868400 -0.495100 0.053200 0.888100 -0.456600 0.095100 0.858700 -0.503600 0.109700 0.879000 -0.463900 0.167100 0.849400 -0.500600 0.239200 0.841700 -0.484200 -0.032200 0.842900 -0.537100 0.028500 0.842600 -0.537800 -0.158200 0.905600 0.393400 -0.092800 0.912700 0.397800 -0.024000 0.912500 0.408300 0.045700 0.908700 0.415000 0.111300 0.903500 0.413900 0.169800 0.899300 0.403100 -0.297800 0.892700 0.338200 -0.235100 0.906600 0.350500 -0.174900 0.923100 0.342500 -0.115600 0.931100 0.346000 -0.050800 0.931800 0.359500 0.018400 0.928100 0.371800 0.097700 0.919000 0.382000 0.179300 0.911000 0.371400 0.239700 0.903000 0.356500 0.291200 0.888600 0.354500 -0.355000 0.893800 0.274100 -0.295600 0.915000 0.274500 -0.244700 0.922500 0.298500 -0.193100 0.935500 0.295900 -0.063200 0.949500 0.307200 -0.120100 0.946300 0.300000 -0.008100 0.948900 0.315600 0.047300 0.943800 0.327200 0.109400 0.935600 0.335600 0.154500 0.947900 0.278500 0.185400 0.916900 0.353400 0.254800 0.909500 0.328600 0.295300 0.905900 0.303600 -0.364300 0.908400 0.205100 -0.316500 0.922900 0.219300 -0.256200 0.937900 0.233800 -0.145400 0.955900 0.255000 -0.201000 0.949000 0.243000 0.211000 0.933900 0.288600 0.279300 0.916900 0.285200 0.283700 0.934300 0.215900 0.319400 0.911000 0.260700 0.342600 0.908500 0.239200 -0.404900 0.905900 0.124300 -0.356300 0.923200 0.144200 -0.312300 0.935500 0.165100 -0.214100 0.957800 0.191600 -0.263000 0.948700 0.175700 0.275800 0.947500 0.161800 0.345800 0.918000 0.193900 0.364100 0.912600 0.186100 0.398900 0.899700 0.177100 -0.405900 0.911600 0.064600 -0.357000 0.930100 0.086100 -0.271600 0.955000 0.119200 -0.313300 0.945200 0.092300 0.331600 0.935400 0.122700 0.326300 0.942900 0.066400 0.377100 0.919100 0.114100 0.409200 0.903600 0.127100 -0.403800 0.914800 0.000800 -0.363700 0.931200 0.024100 -0.316300 0.947900 0.037100 0.318200 0.947900 0.016300 0.371700 0.927400 0.042800 0.412400 0.908400 0.068700 -0.399500 0.914200 -0.068000 -0.366700 0.929300 -0.043800 -0.319800 0.947300 -0.016000 0.313100 0.949100 -0.034400 0.364700 0.930900 -0.021500 0.410200 0.912000 0.003800 -0.393300 0.910700 -0.126500 -0.365200 0.923000 -0.121000 -0.327000 0.942300 -0.071100 0.308000 0.947100 -0.089600 0.357800 0.929900 -0.085200 0.405400 0.911900 -0.063900 -0.382500 0.906600 -0.178300 -0.347300 0.918700 -0.187900 -0.333200 0.933000 -0.136400 -0.329800 0.920400 -0.210000 -0.277900 0.946600 -0.163200 0.263400 0.956500 -0.125700 0.255500 0.949700 -0.180900 0.311400 0.935800 -0.165100 0.358500 0.921100 -0.152100 0.403500 0.905100 -0.133900 -0.337300 0.908900 -0.245100 -0.301400 0.918300 -0.256800 -0.272800 0.936100 -0.222000 -0.269100 0.920200 -0.284300 -0.214300 0.950300 -0.225900 0.237400 0.942600 -0.234700 0.296200 0.927500 -0.228000 0.353900 0.910300 -0.214800 -0.331600 0.895900 -0.295600 -0.278200 0.913900 -0.295700 -0.240400 0.917200 -0.317800 -0.209000 0.935100 -0.286200 -0.196000 0.918000 -0.344900 -0.152700 0.944900 -0.289600 0.128000 0.955500 -0.265600 0.092700 0.945200 -0.313000 0.168400 0.934800 -0.312700 0.183600 0.949300 -0.255100 0.232100 0.927400 -0.293200 0.287700 0.915200 -0.282200 0.343400 0.899100 -0.271400 -0.275800 0.895400 -0.349500 -0.226300 0.907500 -0.353900 -0.172700 0.915300 -0.363800 -0.125800 0.930000 -0.345500 -0.110800 0.918300 -0.380100 -0.064500 0.939300 -0.337100 -0.038800 0.924700 -0.378800 -0.012900 0.944900 -0.327100 0.026300 0.927600 -0.372700 0.037600 0.946600 -0.320300 0.088800 0.927000 -0.364400 0.155200 0.919400 -0.361500 0.217700 0.910700 -0.351100 0.277300 0.899900 -0.336400 -0.160200 0.902900 -0.398800 -0.113900 0.904800 -0.410200 -0.061400 0.908100 -0.414300 0.004900 0.910100 -0.414400 0.069900 0.907900 -0.413300 0.135200 0.903400 -0.407000 -0.080000 0.964900 0.250200 -0.016900 0.965400 0.260200 0.037000 0.965500 0.257900 0.088400 0.963700 0.251900 -0.152700 0.967500 0.201700 -0.075700 0.973700 0.215000 -0.011000 0.975600 0.219300 0.044200 0.976700 0.210200 0.097600 0.974700 0.201000 0.154400 0.966200 0.206600 0.214500 0.952200 0.217600 -0.220800 0.966800 0.128900 -0.175100 0.972500 0.153300 -0.095700 0.979600 0.176700 -0.011500 0.984000 0.177900 0.054200 0.983500 0.172700 0.105000 0.981600 0.159700 0.153800 0.975700 0.155800 0.205900 0.965700 0.158500 -0.263000 0.963200 0.055600 -0.229300 0.971900 0.052500 -0.193800 0.978300 0.073100 -0.130000 0.985400 0.110200 -0.056600 0.988100 0.143100 0.067800 0.985000 0.158700 0.118800 0.985700 0.119600 0.159500 0.981200 0.109100 0.202000 0.973700 0.105100 0.252800 0.962400 0.099400 -0.268400 0.963300 -0.004400 -0.228800 0.973400 -0.008800 -0.189400 0.981900 -0.008000 -0.158300 0.986700 0.036400 0.009700 0.989100 0.147200 -0.104900 0.990700 0.086600 0.132200 0.982500 0.131300 0.152100 0.988300 0.008900 0.159300 0.984800 0.068600 0.172700 0.983200 0.059900 0.211400 0.975800 0.055800 0.259900 0.964200 0.053200 -0.263000 0.963300 -0.053700 -0.215500 0.974800 -0.058100 -0.178900 0.981500 -0.068500 -0.165500 0.982600 -0.084100 -0.158200 0.987000 -0.029200 0.097900 0.989700 -0.104700 0.148400 0.987300 -0.056100 0.177300 0.984100 -0.005800 0.219700 0.975600 0.004700 0.263200 0.964700 0.004400 -0.256000 0.961500 -0.099600 -0.201600 0.974000 -0.103700 -0.160500 0.980600 -0.112800 -0.122300 0.984100 -0.128600 -0.135600 0.979800 -0.146800 -0.071400 0.983100 -0.168800 -0.014000 0.986700 -0.161800 0.051900 0.986600 -0.154700 0.123200 0.984200 -0.127000 0.176600 0.980200 -0.089700 0.214900 0.975000 -0.056900 0.255900 0.965100 -0.055600 -0.198300 0.967900 -0.154100 -0.149500 0.976300 -0.156200 -0.106400 0.980500 -0.165100 -0.060100 0.981900 -0.179500 0.003900 0.983000 -0.183400 0.087900 0.979700 -0.180300 0.161200 0.973500 -0.162500 0.216100 0.968200 -0.126400 -0.145700 0.967400 -0.207300 -0.097100 0.973400 -0.207500 -0.052400 0.974600 -0.217500 -0.003700 0.974300 -0.225200 0.056900 0.974100 -0.219000 0.127000 0.967700 -0.217800 0.192500 0.962400 -0.191900 -0.092100 0.959900 -0.264700 -0.048500 0.962000 -0.268700 -0.001500 0.962900 -0.270000 0.057300 0.963800 -0.260400 -0.049500 0.998200 0.033800 0.066100 0.995900 0.060900 -0.070600 0.994200 -0.081000 0.044400 0.997500 -0.054900 0.000000 1.000000 0.000000</float_array>
          <technique_common>
            <accessor source="#Slime-normals-array" count="3111" stride="3">
              <param name="X" type="float"/>
              <param name="Y" type="float"/>
              <param name="Z" type="float"/>
            </accessor>
          </technique_common>
        </source>
        <source id="Slime-map-0">
          <float_array id="Slime-map-0-array" count="2">0.000000 0.000000</float_array>
          <technique_common>
            <accessor source="#Slime-map-0-array" count="1" stride="2">
              <param name="S" type="float"/>
              <param name="T" type="float"/>
            </accessor>
          </technique_common>
        </source>
        <vertices id="Slime-vertices">
          <input semantic="POSITION" source="#Slime-positions"/>
        </vertices>
        <polylist material="slime-material" count="6217">
          <input semantic="VERTEX" source="#Slime-vertices" offset="0"/>
          <input semantic="NORMAL" source="#Slime-normals" offset="1"/>
          <input semantic="TEXCOORD" source="#Slime-map-0" offset="2" set="0"/>
          <vcount>3 3 3 3 3 3 3 3 3 3 3 3 3 3 3 3 3 3 3 3 3 3 3 3 3 3 3 3 3 3 3 3 3 3 3 3 3 3 3 3 3 3 3 3 3 3 3 3 3 3 3 3 3 3 3 3 3 3 3 3 3 3 3 3 3 3 3 3 3 3 3 3 3 3 3 3 3 3 3 3 3 3 3 3 3 3 3 3 3 3 3 3 3 3 3 3 3 3 3 3 3 3 3 3 3 3 3 3 3 3 3 3 3 3 3 3 3 3 3 3 3 3 3 3 3 3 3 3 3 3 3 3 3 3 3 3 3 3 3 3 3 3 3 3 3 3 3 3 3 3 3 3 3 3 3 3 3 3 3 3 3 3 3 3 3 3 3 3 3 3 3 3 3 3 3 3 3 3 3 3 3 3 3 3 3 3 3 3 3 3 3 3 3 3 3 3 3 3 3 3 3 3 3 3 3 3 3 3 3 3 3 3 3 3 3 3 3 3 3 3 3 3 3 3 3 3 3 3 3 3 3 3 3 3 3 3 3 3 3 3 3 3 3 3 3 3 3 3 3 3 3 3 3 3 3 3 3 3 3 3 3 3 3 3 3 3 3 3 3 3 3 3 3 3 3 3 3 3 3 3 3 3 3 3 3 3 3 3 3 3 3 3 3 3 3 3 3 3 3 3 3 3 3 3 3 3 3 3 3 3 3 3 3 3 3 3 3 3 3 3 3 3 3 3 3 3 3 3 3 3 3 3 3 3 3 3 3 3 3 3 3 3 3 3 3 3 3 3 3 3 3 3 3 3 3 3 3 3 3 3 3 3 3 3 3 3 3 3 3 3 3 3 3 3 3 3 3 3 3 3 3 3 3 3 3 3 3 3 3 3 3 3 3 3 3 3 3 3 3 3 3 3 3 3 3 3 3 3 3 3 3 3 3 3 3 3 3 3 3 3 3 3 3 3 3 3 3 3 3 3 3 3 3 3 3 3 3 3 3 3 3 3 3 3 3 3 3 3 3 3 3 3 3 3 3 3 3 3 3 3 3 3 3 3 3 3 3 3 3 3 3 3 3 3 3 3 3 3 3 3 3 3 3 3 3 3 3 3 3 3 3 3 3 3 3 3 3 3 3 3 3 3 3 3 3 3 3 3 3 3 3 3 3 3 3 3 3 3 3 3 3 3 3 3 3 3 3 3 3 3 3 3 3 3 3 3 3 3 3 3 3 3 3 3 3 3 3 3 3 3 3 3 3 3 3 3 3 3 3 3 3 3 3 3 3 3 3 3 3 3 3 3 3 3 3 3 3 3 3 3 3 3 3 3 3 3 3 3 3 3 3 3 3 3 3 3 3 3 3 3 3 3 3 3 3 3 3 3 3 3 3 3 3 3 3 3 3 3 3 3 3 3 3 3 3 3 3 3 3 3 3 3 3 3 3 3 3 3 3 3 3 3 3 3 3 3 3 3 3 3 3 3 3 3 3 3 3 3 3 3 3 3 3 3 3 3 3 3 3 3 3 3 3 3 3 3 3 3 3 3 3 3 3 3 3 3 3 3 3 3 3 3 3 3 3 3 3 3 3 3 3 3 3 3 3 3 3 3 3 3 3 3 3 3 3 3 3 3 3 3 3 3 3 3 3 3 3 3 3 3 3 3 3 3 3 3 3 3 3 3 3 3 3 3 3 3 3 3 3 3 3 3 3 3 3 3 3 3 3 3 3 3 3 3 3 3 3 3 3 3 3 3 3 3 3 3 3 3 3 3 3 3 3 3 3 3 3 3 3 3 3 3 3 3 3 3 3 3 3 3 3 3 3 3 3 3 3 3 3 3 3 3 3 3 3 3 3 3 3 3 3 3 3 3 3 3 3 3 3 3 3 3 3 3 3 3 3 3 3 3 3 3 3 3 3 3 3 3 3 3 3 3 3 3 3 3 3 3 3 3 3 3 3 3 3 3 3 3 3 3 3 3 3 3 3 3 3 3 3 3 3 3 3 3 3 3 3 3 3 3 3 3 3 3 3 3 3 3 3 3 3 3 3 3 3 3 3 3 3 3 3 3 3 3 3 3 3 3 3 3 3 3 3 3 3 3 3 3 3 3 3 3 3 3 3 3 3 3 3 3 3 3 3 3 3 3 3 3 3 3 3 3 3 3 3 3 3 3 3 3 3 3 3 3 3 3 3 3 3 3 3 3 3 3 3 3 3 3 3 3 3 3 3 3 3 3 3 3 3 3 3 3 3 3 3 3 3 3 3 3 3 3 3 3 3 3 3 3 3 3 3 3 3 3 3 3 3 3 3 3 3 3 3 3 3 3 3 3 3 3 3 3 3 3 3 3 3 3 3 3 3 3 3 3 3 3 3 3 3 3 3 3 3 3 3 3 3 3 3 3 3 3 3 3 3 3 3 3 3 3 3 3 3 3 3 3 3 3 3 3 3 3 3 3 3 3 3 3 3 3 3 3 3 3 3 3 3 3 3 3 3 3 3 3 3 3 3 3 3 3 3 3 3 3 3 3 3 3 3 3 3 3 3 3 3 3 3 3 3 3 3 3 3 3 3 3 3 3 3 3 3 3 3 3 3 3 3 3 3 3 3 3 3 3 3 3 3 3 3 3 3 3 3 3 3 3 3 3 3 3 3 3 3 3 3 3 3 3 3 3 3 3 3 3 3 3 3 3 3 3 3 3 3 3 3 3 3 3 3 3 3 3 3 3 3 3 3 3 3 3 3 3 3 3 3 3 3 3 3 3 3 3 3 3 3 3 3 3 3 3 3 3 3 3 3 3 3 3 3 3 3 3 3 3 3 3 3 3 3 3 3 3 3 3 3 3 3 3 3 3 3 3 3 3 3 3 3 3 3 3 3 3 3 3 3 3 3 3 3 3 3 3 3 3 3 3 3 3 3 3 3 3 3 3 3 3 3 3 3 3 3 3 3 3 3 3 3 3 3 3 3 3 3 3 3 3 3 3 3 3 3 3 3 3 3 3 3 3 3 3 3 3 3 3 3 3 3 3 3 3 3 3 3 3 3 3 3 3 3 3 3 3 3 3 3 3 3 3 3 3 3 3 3 3 3 3 3 3 3 3 3 3 3 3 3 3 3 3 3 3 3 3 3 3 3 3 3 3 3 3 3 3 3 3 3 3 3 3 3 3 3 3 3 3 3 3 3 3 3 3 3 3 3 3 3 3 3 3 3 3 3 3 3 3 3 3 3 3 3 3 3 3 3 3 3 3 3 3 3 3 3 3 3 3 3 3 3 3 3 3 3 3 3 3 3 3 3 3 3 3 3 3 3 3 3 3 3 3 3 3 3 3 3 3 3 3 3 3 3 3 3 3 3 3 3 3 3 3 3 3 3 3 3 3 3 3 3 3 3 3 3 3 3 3 3 3 3 3 3 3 3 3 3 3 3 3 3 3 3 3 3 3 3 3 3 3 3 3 3 3 3 3 3 3 3 3 3 3 3 3 3 3 3 3 3 3 3 3 3 3 3 3 3 3 3 3 3 3 3 3 3 3 3 3 3 3 3 3 3 3 3 3 3 3 3 3 3 3 3 3 3 3 3 3 3 3 3 3 3 3 3 3 3 3 3 3 3 3 3 3 3 3 3 3 3 3 3 3 3 3 3 3 3 3 3 3 3 3 3 3 3 3 3 3 3 3 3 3 3 3 3 3 3 3 3 3 3 3 3 3 3 3 3 3 3 3 3 3 3 3 3 3 3 3 3 3 3 3 3 3 3 3 3 3 3 3 3 3 3 3 3 3 3 3 3 3 3 3 3 3 3 3 3 3 3 3 3 3 3 3 3 3 3 3 3 3 3 3 3 3 3 3 3 3 3 3 3 3 3 3 3 3 3 3 3 3 3 3 3 3 3 3 3 3 3 3 3 3 3 3 3 3 3 3 3 3 3 3 3 3 3 3 3 3 3 3 3 3 3 3 3 3 3 3 3 3 3 3 3 3 3 3 3 3 3 3 3 3 3 3 3 3 3 3 3 3 3 3 3 3 3 3 3 3 3 3 3 3 3 3 3 3 3 3 3 3 3 3 3 3 3 3 3 3 3 3 3 3 3 3 3 3 3 3 3 3 3 3 3 3 3 3 3 3 3 3 3 3 3 3 3 3 3 3 3 3 3 3 3 3 3 3 3 3 3 3 3 3 3 3 3 3 3 3 3 3 3 3 3 3 3 3 3 3 3 3 3 3 3 3 3 3 3 3 3 3 3 3 3 3 3 3 3 3 3 3 3 3 3 3 3 3 3 3 3 3 3 3 3 3 3 3 3 3 3 3 3 3 3 3 3 3 3 3 3 3 3 3 3 3 3 3 3 3 3 3 3 3 3 3 3 3 3 3 3 3 3 3 3 3 3 3 3 3 3 3 3 3 3 3 3 3 3 3 3 3 3 3 3 3 3 3 3 3 3 3 3 3 3 3 3 3 3 3 3 3 3 3 3 3 3 3 3 3 3 3 3 3 3 3 3 3 3 3 3 3 3 3 3 3 3 3 3 3 3 3 3 3 3 3 3 3 3 3 3 3 3 3 3 3 3 3 3 3 3 3 3 3 3 3 3 3 3 3 3 3 3 3 3 3 3 3 3 3 3 3 3 3 3 3 3 3 3 3 3 3 3 3 3 3 3 3 3 3 3 3 3 3 3 3 3 3 3 3 3 3 3 3 3 3 3 3 3 3 3 3 3 3 3 3 3 3 3 3 3 3 3 3 3 3 3 3 3 3 3 3 3 3 3 3 3 3 3 3 3 3 3 3 3 3 3 3 3 3 3 3 3 3 3 3 3 3 3 3 3 3 3 3 3 3 3 3 3 3 3 3 3 3 3 3 3 3 3 3 3 3 3 3 3 3 3 3 3 3 3 3 3 3 3 3 3 3 3 3 3 3 3 3 3 3 3 3 3 3 3 3 3 3 3 3 3 3 3 3 3 3 3 3 3 3 3 3 3 3 3 3 3 3 3 3 3 3 3 3 3 3 3 3 3 3 3 3 3 3 3 3 3 3 3 3 3 3 3 3 3 3 3 3 3 3 3 3 3 3 3 3 3 3 3 3 3 3 3 3 3 3 3 3 3 3 3 3 3 3 3 3 3 3 3 3 3 3 3 3 3 3 3 3 3 3 3 3 3 3 3 3 3 3 3 3 3 3 3 3 3 3 3 3 3 3 3 3 3 3 3 3 3 3 3 3 3 3 3 3 3 3 3 3 3 3 3 3 3 3 3 3 3 3 3 3 3 3 3 3 3 3 3 3 3 3 3 3 3 3 3 3 3 3 3 3 3 3 3 3 3 3 3 3 3 3 3 3 3 3 3 3 3 3 3 3 3 3 3 3 3 3 3 3 3 3 3 3 3 3 3 3 3 3 3 3 3 3 3 3 3 3 3 3 3 3 3 3 3 3 3 3 3 3 3 3 3 3 3 3 3 3 3 3 3 3 3 3 3 3 3 3 3 3 3 3 3 3 3 3 3 3 3 3 3 3 3 3 3 3 3 3 3 3 3 3 3 3 3 3 3 3 3 3 3 3 3 3 3 3 3 3 3 3 3 3 3 3 3 3 3 3 3 3 3 3 3 3 3 3 3 3 3 3 3 3 3 3 3 3 3 3 3 3 3 3 3 3 3 3 3 3 3 3 3 3 3 3 3 3 3 3 3 3 3 3 3 3 3 3 3 3 3 3 3 3 3 3 3 3 3 3 3 3 3 3 3 3 3 3 3 3 3 3 3 3 3 3 3 3 3 3 3 3 3 3 3 3 3 3 3 3 3 3 3 3 3 3 3 3 3 3 3 3 3 3 3 3 3 3 3 3 3 3 3 3 3 3 3 3 3 3 3 3 3 3 3 3 3 3 3 3 3 3 3 3 3 3 3 3 3 3 3 3 3 3 3 3 3 3 3 3 3 3 3 3 3 3 3 3 3 3 3 3 3 3 3 3 3 3 3 3 3 3 3 3 3 3 3 3 3 3 3 3 3 3 3 3 3 3 3 3 3 3 3 3 3 3 3 3 3 3 3 3 3 3 3 3 3 3 3 3 3 3 3 3 3 3 3 3 3 3 3 3 3 3 3 3 3 3 3 3 3 3 3 3 3 3 3 3 3 3 3 3 3 3 3 3 3 3 3 3 3 3 3 3 3 3 3 3 3 3 3 3 3 3 3 3 3 3 3 3 3 3 3 3 3 3 3 3 3 3 3 3 3 3 3 3 3 3 3 3 3 3 3 3 3 3 3 3 3 3 3 3 3 3 3 3 3 3 3 3 3 3 3 3 3 3 3 3 3 3 3 3 3 3 3 3 3 3 3 3 3 3 3 3 3 3 3 3 3 3 3 3 3 3 3 3 3 3 3 3 3 3 3 3 3 3 3 3 3 3 3 3 3 3 3 3 3 3 3 3 3 3 3 3 3 3 3 3 3 3 3 3 3 3 3 3 3 3 3 3 3 3 3 3 3 3 3 3 3 3 3 3 3 3 3 3 3 3 3 3 3 3 3 3 3 3 3 3 3 3 3 3 3 3 3 3 3 3 3 3 3 3 3 3 3 3 3 3 3 3 3 3 3 3 3 3 3 3 3 3 3 3 3 3 3 3 3 3 3 3 3 3 3 3 3 3 3 3 3 3 3 3 3 3 3 3 3 3 3 3 3 3 3 3 3 3 3 3 3 3 3 3 3 3 3 3 3 3 3 3 3 3 3 3 3 3 3 3 3 3 3 3 3 3 3 3 3 3 3 3 3 3 3 3 3 3 3 3 3 3 3 3 3 3 3 3 3 3 3 3 3 3 3 3 3 3 3 3 3 3 3 3 3 3 3 3 3 3 3 3 3 3 3 3 3 3 3 3 3 3 3 3 3 3 3 3 3 3 3 3 3 3 3 3 3 3 3 3 3 3 3 3 3 3 3 3 3 3 3 3 3 3 3 3 3 3 3 3 3 3 3 3 3 3 3 3 3 3 3 3 3 3 3 3 3 3 3 3 3 3 3 3 3 3 3 3 3 3 3 3 3 3 3 3 3 3 3 3 3 3 3 3 3 3 3 3 3 3 3 3 3 3 3 3 3 3 3 3 3 3 3 3 3 3 3 3 3 3 3 3 3 3 3 3 3 3 3 3 3 3 3 3 3 3 3 3 3 3 3 3 3 3 3 3 3 3 3 3 3 3 3 3 3 3 3 3 3 3 3 3 3 3 3 3 3 3 3 3 3 3 3 3 3 3 3 3 3 3 3 3 3 3 3 3 3 3 3 3 3 3 3 3 3 3 3 3 3 3 3 3 3 3 3 3 3 3 3 3 3 3 3 3 3 3 3 3 3 3 3 3 3 3 3 3 3 3 3 3 3 3 3 3 3 3 3 3 3 3 3 3 3 3 3 3 3 3 3 3 3 3 3 3 3 3 3 3 3 3 3 3 3 3 3 3 3 3 3 3 3 3 3 3 3 3 3 3 3 3 3 3 3 3 3 3 3 3 3 3 3 3 3 3 3 3 3 3 3 3 3 3 3 3 3 3 3 3 3 3 3 3 3 3 3 3 3 3 3 3 3 3 3 3 3 3 3 3 3 3 3 3 3 3 3 3 3 3 3 3 3 3 3 3 3 3 3 3 3 3 3 3 3 3 3 3 3 3 3 3 3 3 3 3 3 3 3 3 3 3 3 3 3 3 3 3 3 3 3 3 3 3 3 3 3 3 3 3 3 3 3 3 3 3 3 3 3 3 3 3 3 3 3 3 3 3 3 3 3 3 3 3 3 3 3 3 3 3 3 3 3 3 3 3 3 3 3 3 3 3 3 3 3 3 3 3 3 3 3 3 3 3 3 3 3 3 3 3 3 3 3 3 3 3 3 3 3 3 3 3 3 3 3 3 3 3 3 3 3 3 3 3 3 3 3 3 3 3 3 3 3 3 3 3 3 3 3 3 3 3 3 3 3 3 3 3 3 3 3 3 3 3 3 3 3 3 3 3 3 3 3 3 3 3 3 3 3 3 3 3 3 3 3 3 3 3 3 3 3 3 3 3 3 3 3 3 3 3 3 3 3 3 3 3 3 3 3 3 3 3 3 3 3 3 3 3 3 3 3 3 3 3 3 3 3 3 3 3 3 3 3 3 3 3 3 3 3 3 3 3 3 3 3 3 3 3 3 3 3 3 3 3 3 3 3 3 3 3 3 3 3 3 3 3 3 3 3 3 3 3 3 3 3 3 3 3 3 3 3 3 3 3 3 3 3 3 3 3 3 3 3 3 3 3 3 3 3 3 3 3 3 3 3 3 3 3 3 3 3 3 3 3 3 3 3 3 3 3 3 3 3 3 3 3 3 3 3 3 3 3 3 3 3 3 3 3 3 3 3 3 3 3 3 3 3 3 3 3 3 3 3 3 3 3 3 3 3 3 3 3 3 3 3 3 3 3 3 3 3 3 3 3 3 3 3 3 3 3 3 3 3 3 3 3 3 3 3 3 3 3 3 3 3 3 3 3 3 3 3 3 3 3 3 3 3 3 3 3 3 3 3 3 3 3 3 3 3 3 3 3 3 3 3 3 3 3 3 3 3 3 3 3 3 3 3 3 3 3 3 3 3 3 3 3 3 3 3 3 3 3 3 3 3 3 3 3 3 3 3 3 3 3 3 3 3 3 3 3 3 3 3 3 3 3 3 3 3 3 3 3 3 3 3 3 3 3 3 3 3 3 3 3 3 3 3 3 3 3 3 3 3 3 3 3 3 3 3 3 3 3 3 3 3 3 3 3 3 3 3 3 3 3 3 3 3 3 3 3 3 3 3 3 3 3 3 3 3 3 3 3 3 3 3 3 3 3 3 3 3 3 3 3 3 3 3 3 3 3 3 3 3 3 3 3 3 3 3 3 3 3 3 3 3 3 3 3 3 3 3 3 3 3 3 3 3 3 3 3 3 3 3 3 3 3 3 3 3 3 3 3 3 3 3 3 3 3 3 3 3 3 3 3 3 3 3 3 3 3 3 3 3 3 3 3 3 3 3 3 3 3 3 3 3 3 3 3 3 3 3 3 3 3 3 3 3 3 3 3 3 3 3 3 3 3 3 3 3 3 3 3 3 3 3 3 3 3 3 3 3 3 3 3 3 3 3 3 3 3 3 3 3 3 3 3 3 3 3 3 3 3 3 3 3 3 3 3 3 3 3 3 3 3 3 3 3 3 3 3 3 3 3 3 3 3 3 3 3 3 3 3 3 3 3 3 3 3 3 3 3 3 3 3 3 3 3 3 3 3 3 3 3 3 3 3 3 3 3 3 3 3 3 3 3 3 3 3 3 3 3 3 3 3 3 3 3 3 3 3 3 3 3 3 3 3 3 3 3 3 3 3 3 3 3 3 3 3 3 3 3 3 3 3 3 3 3 3 3 3 3 3 3 3 3 3 3 3 3 3 3 3 3 3 3 3 3 3 3 3 3 3 3 3 3 3 3 3 3 3 3 3 3 3 3 3 3 3 3 3 3 3 3 3 3 3 3 3 3 3 3 3 3 3 3 3 3 3 3 3 3 3 3 3 3 3 3 3 3 3 3 3 3 3 3 3 3 3 3 3 3 3 3 3 3 3 3 3 3 3 3 3 3 3 3 3 3 3 3 3 3 3 3 3 3 3 3 3 3 3 3 3 3 3 3 3 3 3 3 3 3 3 3 3 3 3 3 3 3 3 3 3 3 3 3 3 3 3 3 3 3 3 3 3 3 3 3 3 3 3 3 3 3 3 3 3 3 3 3 3 3 3 3 3 3 3 3 3 3 3 3 3 3 3 3 3 3 3 3 3 3 3 3 3 3 3 3 3 3 3 3 3 3 3 3 3 3 3 3 3 3 3 3 3 3 3 3 3 3 3 3 3 3 3 3 3 3 3 3 3 3 3 3 3 3 3 3 3 3 3 3 3 3 3 3 3 3 3 3 3 3 3 3 3 3 3 3 3 3 3 3 3 3 3 3 3 3 3 3 3 3 3 3 3 3 3 3 3 3 3 3 3 3 3 3 3 3 3 3 3 3 3 3 3 3 3 3 3 3 3 3 3 3 3 3 3 3 3 3 3 3 3 3 3 3 3 3 3 3 3 3 3 3 3 3 3 3 3 3 3 3 3 3 3 3 3 3 3 3 3 3 3 3 3 3 3 3 3 3 3 3 3 3 3 3 3 3 3 3 3 3 3 3 3 3 3 3 3 3 3 3 3 3 3 3 3 3 3 3 3 3 3 3 3 3 3 3 3 3 3 3 3 3 3 3 3 3 3 3 3 3 3 3 3 3 3 3 3 3 3 3 3 3 3 3 3 3 3 3 3 3 3 3 3 3 3 3 3 3 3 3 3 3 3 3 3 3 3 3 3 3 3 3 3 3 3 3 3 3 3 3 3 3 3 3 3 3 3 3 3 3 3 3 3 3 3 3 3 3 3 3 3 3 3 3 3 3 3 3 3 3 3 3 3 3 3 3 3 3 3 3 3 3 3 3 3 3 3 3 3 3 3 3 3 3 3 3 3 3 3 3 3 3 3 3 3 3 3 3 3 3 3 3 3 3 3 3 3 3 3 3 3 3 3 3 3 3 3 3 3 3 3 3 3 3 3 3 3 3 3 3 3 3 3 3 3 3 3 3 3 3 3 3 3 3 3 3 3 3 3 3 3 3 3 3 3 3 3 3 3 3 3 3 3 3 3 3 3 3 3 3 3 3 3 3 3 3 3 3 3 3 3 3 3 3 3 3 3 3 3 3 3 3 3 3 3 3 3 3 3 3 3 3 3 3 3 3 3 3 3 3 3 3 3 3 3 3 3 3 3 3 3 3 3 3 3 3 3 3 3 3 3 3 3 3 3 3 3 3 3 3 3 3 3 3 3 3 3 3 3 3 3 3 3 3 3 3 3 3 3 3 3 3 3 3 3 3 3 3 3 3 3 3 3 3 3 3 3 3 3 3 3 3 3 3 3 3 3 3 3 3 3 3 3 3 3 3 3 3 3 3 3 3 3 3 3 3 3 3 3 3 3 3 3 3 3 3 3 3 3 3 3 3 3 3 3 3 3 3 3 3 3 3 3 3 3 3 3 3 3 3 3 3 3 3 3 3 3 3 3 3 3 3 3 3 3 3 3 3 3 3 3 3 3 3 3 3 3 3 3 3 3 3 3 3 3 3 3 3 3 3 3 3 3 3 3 3 3 3 3 3 3 3 3 3 3 3 3 3 3 3 3 3 3 3 3 3 3 3 3 3 3 3 3 3 3 3 3 3 3 3 3 3 3 3 3 3 3 3 3 3 3 3 3 3 3 3 3 3 3 3 3 3 3 3 3 3 3 3 3 3 3 3 3 3 3 3 3 3 3 3 3 3 3 3 3 3 3 3 3 3 3 3 3 3 3 3 3 3 3 3 3 3 3 3 3 3 3 3 3 3 3 3 3 3 3 3 3 3 3 3 3 3 3 3 3 3 3 3 3 3 3 3 3 3 3 3 3 3 3 3 3 3 3 3 3 3 3 3 3 3 3 3 3 3 3 3 3 3 3 3 3 3 3 3 3 3 3 3 3 3 3 3 3 3 3 3 3 3 3 3 3 3 3 3 3 3 3 3 3 3 3 3 3 3 3 3 3 3 3 3 3 3 3 3 3 3 3 3 3 3 3 3 3 3 3 3 3 3 3 3 3 3 3 3 3 3 3 3 3 3 3 3 3 3 3 3 3 3 3 3 3 3 3 3 3 3 3 3 3 3 3 3 3 3 3 3 3 3 3 3 3 3 3 3 3 3 3 3 3 3 3 3 3 3 3 3 3 3 3 3 3 3 3 3 3 3 3 3 3 3 3 3 3 3 3 3 3 3 3 3 3 3 3 3 3 3 3 3 3 3 3 3 3 3 3 3 3 3 3 3 3 3 3 3 3 3 3 3 3 3 3 3 3 3 3 3 3 3 3 3 3 3 3 3 3 3 3 3 3 3 3 3 3 3 3 3 3 3 3 3 3 3 3 3 3 3 3 3 3 3 3 3 3 3 3 3 3 3 3 3 3 3 3 3 3 3 3 3 3 3 3 3 3 3 3 3 3 3 3 3 3 3 3 3 3 3 3 3 3 3 3 3 3 3 3 3 3 3 3 3 3 3 3 3 3 3 3 3 3 3 3 3 3 3 3 3 3 3 3 3 3 3 3 3 3 3 3 3 3 3 3 3 3 3 3 3 3 3 3 3 3 3 3 3 3 3 3 3 3 3 3 3 3 3 3 3 3 3 3 3 3 3 3 3 3 3 3 3 3 3 3 3 3 3 3 3 3 3 3 3 3 3 3 3 3 3 3 3 3 3 3 3 3 3 3 3 3 3 3 3 3 3 3 3 3 3 3 3 3 3 3 3 3 3 3 3 3 3 3 3 3 3 3 3 3 3 3 3 3 3 3 3 3 3 3 3 3 3 3 3 3 3 3 3 3 3 3 3 3 3 3 3 3 3 3 3 3 3 3 3 3 3 3 3 3 3 3 3 3 3 3 3 3 3 3 3 3 3 3 3 3 3 3 3 3 3 3 3 3 3 3 3 3 3 3 3 3 3 3 3 3 3 3 3 3 3 3 3 3 3 3 3 3 3 3 3 3 3 3 3 3 3 3 3 3 3 3 3 3 3 3 3 3 3 3 3 3 3 3 3 3 3 3 3 3 3 3 3 3 3 3 3 3 3 3 3 3 3 3 3 3 3 3 3 3 3 3 3 3 3 3 3 3 3 3 3 3 3 3 3 3 3 3 3 3 3 3 3 3 3 3 3 3 3 3 3 3 3 3 3 3 3 3 3 3 3 3 3 3 3 3 3 3 3 3 3 3 3 3 3 3 3 3 3 3 3 3 3 3 3 3 3 3 3 3 3 3 3 3 3 3 3 3 3 3 3 3 3 3 3 3 3 3 3 3 3 3 3 3 3 3 3 3 3 3 3 3 3 3 3 3 3 3 3 3 3 3 3 3 3 3 3 3 3 3 3 3 3 3 3 3 3 3 3 3 3 3 3 3 3 3 3 3 3 3 3 3 3 3 3 3 3 3 3 3 3 3 3 3 3 3 3 3 3 3 3 3 3 3 3 3 3 3 3 3 3 3 3 3 3 3 3 3 3 3 3 3 3 3 3 3 3 3 3 3 3 3 3 3 3 3 3 3 3 3 3 3 3 3 3 3 3 3 3 3 3 3 3 3 3 3 3 3 3 3 3 3 3 3 3 3 3 3 3 3 3 3 3 3 3 3 3 3 3 3 3 3 3 3 3 3 3 3 3 3 3 3 3 3 3 3 3 3 3 3 3 3 3 3 3 3 3 3 3 3 3 3 3 3 3 3 3 3 3 3 3 3 3 3 3 3 3 3 3 3 3 3 3 3 3 3 3 3 3 3 3 3 3 3 3 3 3 3 3 3 3 3 3 3 3 3 3 3 3 3 3 3 3 3 3 3 3 3 3 3 3 3 3 3 3 3 3 3 3 3 3 3 3 3 3 3 3 3 3 3 3 3 3 3 3 3 3 3 3 3 3 3 3 3 3 3 3 3 3 3 3 3 3 3 3 3 3 3 3 3 3 3 3 3 3 3 3 3 3 3 3 3 3 3 3 3 3 3 3 3 3 3 3 3 3 3 3 3 3 3 3 3 3 3 3 3 3 3 3 3 3 3 3 3 3 3 3 3 3 3 3 3 3 3 3 3 3 3 3 3 3 3 3 3 3 3 3 3 3 3 3 3 3 3 3 3 3 3 3 3 3 3 3 3 3 3 3 3 3 3 3 3 3 3 3 3 3 3 3 3 3 3 3 3 3 3 3 3 3 3 3 3 3 3 3 3 3 3 3 3 3 3 3 3 3 3 3 3 3 3 3 3 3 3 3 3 3 3 3 3 3 3 3 3 3 3 3 3 3 3 3 3 3 3 3 3 3 3 3 3 3 3 3 3 3 3 3 3 3 3 3 3 3 3 3 3 3 3 3 3 3 3 3 3 3 3 3 3 3</vcount>
          <p>2 2 0 0 0 0 1 1 0 2 2 0 4 4 0 3 3 0 0 0 0 2 2 0 3 3 0 4 4 0 6 6 0 5 5 0 3 3 0 4 4 0 5 5 0 6 6 0 8 8 0 7 7 0 5 5 0 6 6 0 7 7 0 7 7 0 8 8 0 9 9 0 12 12 0 10 10 0 11 11 0 12 12 0 14 14 0 13 13 0 10 10 0 12 12 0 13 13 0 14 14 0 16 16 0 15 15 0 13 13 0 14 14 0 15 15 0 1 1 0 15 15 0 16 16 0 1 1 0 16 16 0 2 2 0 2 2 0 16 16 0 17 17 0 4 4 0 2 2 0 18 18 0 18 18 0 2 2 0 17 17 0 6 6 0 4 4 0 19 19 0 19 19 0 4 4 0 18 18 0 8 8 0 6 6 0 20 20 0 20 20 0 6 6 0 19 19 0 21 21 0 9 9 0 8 8 0 21 21 0 8 8 0 22 22 0 22 22 0 8 8 0 20 20 0 22 22 0 24 24 0 23 23 0 21 21 0 22 22 0 23 23 0 23 23 0 24 24 0 25 25 0 28 28 0 26 26 0 27 27 0 11 11 0 26 26 0 28 28 0 11 11 0 28 28 0 12 12 0 12 12 0 28 28 0 29 29 0 14 14 0 12 12 0 30 30 0 30 30 0 12 12 0 29 29 0 16 16 0 14 14 0 31 31 0 31 31 0 14 14 0 30 30 0 17 17 0 16 16 0 32 32 0 32 32 0 16 16 0 31 31 0 18 18 0 17 17 0 33 33 0 33 33 0 17 17 0 32 32 0 19 19 0 18 18 0 34 34 0 34 34 0 18 18 0 33 33 0 20 20 0 19 19 0 35 35 0 35 35 0 19 19 0 34 34 0 22 22 0 20 20 0 36 36 0 36 36 0 20 20 0 35 35 0 24 24 0 22 22 0 37 37 0 37 37 0 22 22 0 36 36 0 38 38 0 25 25 0 24 24 0 38 38 0 24 24 0 39 39 0 39 39 0 24 24 0 37 37 0 39 39 0 41 41 0 40 40 0 38 38 0 39 39 0 40 40 0 41 41 0 43 43 0 42 42 0 40 40 0 41 41 0 42 42 0 42 42 0 43 43 0 44 44 0 47 47 0 45 45 0 46 46 0 47 47 0 49 49 0 48 48 0 45 45 0 47 47 0 48 48 0 27 27 0 48 48 0 49 49 0 27 27 0 49 49 0 28 28 0 28 28 0 49 49 0 50 50 0 29 29 0 28 28 0 51 51 0 51 51 0 28 28 0 50 50 0 30 30 0 29 29 0 52 52 0 52 52 0 29 29 0 51 51 0 31 31 0 30 30 0 53 53 0 53 53 0 30 30 0 52 52 0 32 32 0 31 31 0 54 54 0 54 54 0 31 31 0 53 53 0 33 33 0 32 32 0 55 55 0 55 55 0 32 32 0 54 54 0 34 34 0 33 33 0 56 56 0 56 56 0 33 33 0 55 55 0 35 35 0 34 34 0 57 57 0 57 57 0 34 34 0 56 56 0 36 36 0 35 35 0 58 58 0 58 58 0 35 35 0 57 57 0 37 37 0 36 36 0 59 59 0 59 59 0 36 36 0 58 58 0 39 39 0 37 37 0 60 60 0 60 60 0 37 37 0 59 59 0 41 41 0 39 39 0 61 61 0 61 61 0 39 39 0 60 60 0 43 43 0 41 41 0 62 62 0 62 62 0 41 41 0 61 61 0 63 63 0 44 44 0 43 43 0 63 63 0 43 43 0 64 64 0 64 64 0 43 43 0 62 62 0 63 63 0 64 64 0 65 65 0 67 67 0 47 47 0 46 46 0 66 66 0 67 67 0 46 46 0 49 49 0 47 47 0 68 68 0 68 68 0 47 47 0 67 67 0 50 50 0 49 49 0 69 69 0 69 69 0 49 49 0 68 68 0 51 51 0 50 50 0 70 70 0 70 70 0 50 50 0 69 69 0 52 52 0 51 51 0 71 71 0 71 71 0 51 51 0 70 70 0 53 53 0 52 52 0 72 72 0 72 72 0 52 52 0 71 71 0 54 54 0 53 53 0 73 73 0 73 73 0 53 53 0 72 72 0 55 55 0 54 54 0 74 74 0 74 74 0 54 54 0 73 73 0 56 56 0 55 55 0 75 75 0 75 75 0 55 55 0 74 74 0 57 57 0 56 56 0 76 76 0 76 76 0 56 56 0 75 75 0 58 58 0 57 57 0 77 77 0 77 77 0 57 57 0 76 76 0 59 59 0 58 58 0 78 78 0 78 78 0 58 58 0 77 77 0 60 60 0 59 59 0 79 79 0 79 79 0 59 59 0 78 78 0 61 61 0 60 60 0 80 80 0 80 80 0 60 60 0 79 79 0 62 62 0 61 61 0 81 81 0 81 81 0 61 61 0 80 80 0 64 64 0 62 62 0 82 82 0 82 82 0 62 62 0 81 81 0 83 83 0 65 65 0 64 64 0 82 82 0 83 83 0 64 64 0 86 86 0 84 84 0 85 85 0 66 66 0 84 84 0 86 86 0 66 66 0 86 86 0 67 67 0 67 67 0 86 86 0 87 87 0 68 68 0 67 67 0 88 88 0 88 88 0 67 67 0 87 87 0 69 69 0 68 68 0 89 89 0 89 89 0 68 68 0 88 88 0 70 70 0 69 69 0 90 90 0 90 90 0 69 69 0 89 89 0 71 71 0 70 70 0 91 91 0 91 91 0 70 70 0 90 90 0 72 72 0 71 71 0 92 92 0 92 92 0 71 71 0 91 91 0 73 73 0 72 72 0 93 93 0 93 93 0 72 72 0 92 92 0 74 74 0 73 73 0 94 94 0 94 94 0 73 73 0 93 93 0 75 75 0 74 74 0 95 95 0 95 95 0 74 74 0 94 94 0 76 76 0 75 75 0 96 96 0 96 96 0 75 75 0 95 95 0 77 77 0 76 76 0 97 97 0 97 97 0 76 76 0 96 96 0 78 78 0 77 77 0 98 98 0 98 98 0 77 77 0 97 97 0 79 79 0 78 78 0 99 99 0 99 99 0 78 78 0 98 98 0 80 80 0 79 79 0 100 100 0 100 100 0 79 79 0 99 99 0 81 81 0 80 80 0 101 101 0 101 101 0 80 80 0 100 100 0 82 82 0 81 81 0 102 102 0 102 102 0 81 81 0 101 101 0 103 103 0 83 83 0 82 82 0 103 103 0 82 82 0 104 104 0 104 104 0 82 82 0 102 102 0 103 103 0 104 104 0 105 105 0 108 108 0 106 106 0 107 107 0 85 85 0 106 106 0 108 108 0 85 85 0 108 108 0 86 86 0 86 86 0 108 108 0 109 109 0 87 87 0 86 86 0 110 110 0 110 110 0 86 86 0 109 109 0 88 88 0 87 87 0 111 111 0 111 111 0 87 87 0 110 110 0 89 89 0 88 88 0 112 112 0 112 112 0 88 88 0 111 111 0 90 90 0 89 89 0 113 113 0 113 113 0 89 89 0 112 112 0 91 91 0 90 90 0 114 114 0 114 114 0 90 90 0 113 113 0 92 92 0 91 91 0 115 115 0 115 115 0 91 91 0 114 114 0 93 93 0 92 92 0 116 116 0 116 116 0 92 92 0 115 115 0 94 94 0 93 93 0 117 117 0 117 117 0 93 93 0 116 116 0 95 95 0 94 94 0 118 118 0 118 118 0 94 94 0 117 117 0 96 96 0 95 95 0 119 119 0 119 119 0 95 95 0 118 118 0 97 97 0 96 96 0 120 120 0 120 120 0 96 96 0 119 119 0 98 98 0 97 97 0 121 121 0 121 121 0 97 97 0 120 120 0 99 99 0 98 98 0 122 122 0 122 122 0 98 98 0 121 121 0 100 100 0 99 99 0 123 123 0 123 123 0 99 99 0 122 122 0 101 101 0 100 100 0 124 124 0 124 124 0 100 100 0 123 123 0 102 102 0 101 101 0 125 125 0 125 125 0 101 101 0 124 124 0 104 104 0 102 102 0 126 126 0 126 126 0 102 102 0 125 125 0 127 127 0 105 105 0 104 104 0 127 127 0 104 104 0 128 128 0 128 128 0 104 104 0 126 126 0 127 127 0 128 128 0 129 129 0 131 131 0 108 108 0 107 107 0 130 130 0 131 131 0 107 107 0 109 109 0 108 108 0 132 132 0 132 132 0 108 108 0 131 131 0 110 110 0 109 109 0 133 133 0 133 133 0 109 109 0 132 132 0 111 111 0 110 110 0 134 134 0 134 134 0 110 110 0 133 133 0 112 112 0 111 111 0 135 135 0 135 135 0 111 111 0 134 134 0 113 113 0 112 112 0 136 136 0 136 136 0 112 112 0 135 135 0 114 114 0 113 113 0 137 137 0 137 137 0 113 113 0 136 136 0 115 115 0 114 114 0 138 138 0 138 138 0 114 114 0 137 137 0 116 116 0 115 115 0 139 139 0 139 139 0 115 115 0 138 138 0 117 117 0 116 116 0 140 140 0 140 140 0 116 116 0 139 139 0 118 118 0 117 117 0 141 141 0 141 141 0 117 117 0 140 140 0 119 119 0 118 118 0 142 142 0 142 142 0 118 118 0 141 141 0 120 120 0 119 119 0 143 143 0 143 143 0 119 119 0 142 142 0 121 121 0 120 120 0 144 144 0 144 144 0 120 120 0 143 143 0 122 122 0 121 121 0 145 145 0 145 145 0 121 121 0 144 144 0 123 123 0 122 122 0 146 146 0 146 146 0 122 122 0 145 145 0 124 124 0 123 123 0 147 147 0 147 147 0 123 123 0 146 146 0 125 125 0 124 124 0 148 148 0 148 148 0 124 124 0 147 147 0 126 126 0 125 125 0 149 149 0 149 149 0 125 125 0 148 148 0 128 128 0 126 126 0 150 150 0 150 150 0 126 126 0 149 149 0 151 151 0 129 129 0 128 128 0 150 150 0 151 151 0 128 128 0 153 153 0 131 131 0 130 130 0 152 152 0 153 153 0 130 130 0 132 132 0 131 131 0 154 154 0 154 154 0 131 131 0 153 153 0 133 133 0 132 132 0 155 155 0 155 155 0 132 132 0 154 154 0 134 134 0 133 133 0 156 156 0 156 156 0 133 133 0 155 155 0 135 135 0 134 134 0 157 157 0 157 157 0 134 134 0 156 156 0 136 136 0 135 135 0 158 158 0 158 158 0 135 135 0 157 157 0 137 137 0 136 136 0 159 159 0 159 159 0 136 136 0 158 158 0 138 138 0 137 137 0 160 160 0 160 160 0 137 137 0 159 159 0 139 139 0 138 138 0 161 161 0 161 161 0 138 138 0 160 160 0 140 140 0 139 139 0 162 162 0 162 162 0 139 139 0 161 161 0 141 141 0 140 140 0 163 163 0 163 163 0 140 140 0 162 162 0 142 142 0 141 141 0 164 164 0 164 164 0 141 141 0 163 163 0 143 143 0 142 142 0 165 165 0 165 165 0 142 142 0 164 164 0 144 144 0 143 143 0 166 166 0 166 166 0 143 143 0 165 165 0 145 145 0 144 144 0 167 167 0 167 167 0 144 144 0 166 166 0 146 146 0 145 145 0 168 168 0 168 168 0 145 145 0 167 167 0 147 147 0 146 146 0 169 169 0 169 169 0 146 146 0 168 168 0 148 148 0 147 147 0 170 170 0 170 170 0 147 147 0 169 169 0 149 149 0 148 148 0 171 171 0 171 171 0 148 148 0 170 170 0 150 150 0 149 149 0 172 172 0 172 172 0 149 149 0 171 171 0 173 173 0 151 151 0 150 150 0 173 173 0 150 150 0 174 174 0 174 174 0 150 150 0 172 172 0 173 173 0 174 174 0 175 175 0 178 178 0 176 176 0 177 177 0 152 152 0 176 176 0 178 178 0 152 152 0 178 178 0 153 153 0 153 153 0 178 178 0 179 179 0 154 154 0 153 153 0 180 180 0 180 180 0 153 153 0 179 179 0 155 155 0 154 154 0 181 181 0 181 181 0 154 154 0 180 180 0 156 156 0 155 155 0 182 182 0 182 182 0 155 155 0 181 181 0 157 157 0 156 156 0 183 183 0 183 183 0 156 156 0 182 182 0 158 158 0 157 157 0 184 184 0 184 184 0 157 157 0 183 183 0 159 159 0 158 158 0 185 185 0 185 185 0 158 158 0 184 184 0 160 160 0 159 159 0 186 186 0 186 186 0 159 159 0 185 185 0 161 161 0 160 160 0 187 187 0 187 187 0 160 160 0 186 186 0 162 162 0 161 161 0 188 188 0 188 188 0 161 161 0 187 187 0 163 163 0 162 162 0 189 189 0 189 189 0 162 162 0 188 188 0 164 164 0 163 163 0 190 190 0 190 190 0 163 163 0 189 189 0 165 165 0 164 164 0 191 191 0 191 191 0 164 164 0 190 190 0 166 166 0 165 165 0 192 192 0 192 192 0 165 165 0 191 191 0 167 167 0 166 166 0 193 193 0 193 193 0 166 166 0 192 192 0 168 168 0 167 167 0 194 194 0 194 194 0 167 167 0 193 193 0 169 169 0 168 168 0 195 195 0 195 195 0 168 168 0 194 194 0 170 170 0 169 169 0 196 196 0 196 196 0 169 169 0 195 195 0 171 171 0 170 170 0 197 197 0 197 197 0 170 170 0 196 196 0 172 172 0 171 171 0 198 198 0 198 198 0 171 171 0 197 197 0 174 174 0 172 172 0 199 199 0 199 199 0 172 172 0 198 198 0 200 200 0 175 175 0 174 174 0 199 199 0 200 200 0 174 174 0 202 202 0 178 178 0 177 177 0 201 201 0 202 202 0 177 177 0 179 179 0 178 178 0 203 203 0 203 203 0 178 178 0 202 202 0 180 180 0 179 179 0 204 204 0 204 204 0 179 179 0 203 203 0 181 181 0 180 180 0 205 205 0 205 205 0 180 180 0 204 204 0 182 182 0 181 181 0 206 206 0 206 206 0 181 181 0 205 205 0 183 183 0 182 182 0 207 207 0 207 207 0 182 182 0 206 206 0 184 184 0 183 183 0 208 208 0 208 208 0 183 183 0 207 207 0 185 185 0 184 184 0 209 209 0 209 209 0 184 184 0 208 208 0 186 186 0 185 185 0 210 210 0 210 210 0 185 185 0 209 209 0 187 187 0 186 186 0 211 211 0 211 211 0 186 186 0 210 210 0 188 188 0 187 187 0 212 212 0 212 212 0 187 187 0 211 211 0 189 189 0 188 188 0 213 213 0 213 213 0 188 188 0 212 212 0 190 190 0 189 189 0 214 214 0 214 214 0 189 189 0 213 213 0 191 191 0 190 190 0 215 215 0 215 215 0 190 190 0 214 214 0 192 192 0 191 191 0 216 216 0 216 216 0 191 191 0 215 215 0 193 193 0 192 192 0 217 217 0 217 217 0 192 192 0 216 216 0 194 194 0 193 193 0 218 218 0 218 218 0 193 193 0 217 217 0 195 195 0 194 194 0 219 219 0 219 219 0 194 194 0 218 218 0 196 196 0 195 195 0 220 220 0 220 220 0 195 195 0 219 219 0 197 197 0 196 196 0 221 221 0 221 221 0 196 196 0 220 220 0 198 198 0 197 197 0 222 222 0 222 222 0 197 197 0 221 221 0 199 199 0 198 198 0 223 223 0 223 223 0 198 198 0 222 222 0 224 224 0 200 200 0 199 199 0 223 223 0 224 224 0 199 199 0 226 226 0 202 202 0 201 201 0 225 225 0 226 226 0 201 201 0 203 203 0 202 202 0 227 227 0 227 227 0 202 202 0 226 226 0 204 204 0 203 203 0 228 228 0 228 228 0 203 203 0 227 227 0 205 205 0 204 204 0 229 229 0 229 229 0 204 204 0 228 228 0 206 206 0 205 205 0 230 230 0 230 230 0 205 205 0 229 229 0 207 207 0 206 206 0 231 231 0 231 231 0 206 206 0 230 230 0 208 208 0 207 207 0 232 232 0 232 232 0 207 207 0 231 231 0 209 209 0 208 208 0 233 233 0 233 233 0 208 208 0 232 232 0 210 210 0 209 209 0 234 234 0 234 234 0 209 209 0 233 233 0 211 211 0 210 210 0 235 235 0 235 235 0 210 210 0 234 234 0 212 212 0 211 211 0 236 236 0 236 236 0 211 211 0 235 235 0 213 213 0 212 212 0 237 237 0 237 237 0 212 212 0 236 236 0 214 214 0 213 213 0 238 238 0 238 238 0 213 213 0 237 237 0 215 215 0 214 214 0 239 239 0 239 239 0 214 214 0 238 238 0 216 216 0 215 215 0 240 240 0 240 240 0 215 215 0 239 239 0 217 217 0 216 216 0 241 241 0 241 241 0 216 216 0 240 240 0 218 218 0 217 217 0 242 242 0 242 242 0 217 217 0 241 241 0 219 219 0 218 218 0 243 243 0 243 243 0 218 218 0 242 242 0 220 220 0 219 219 0 244 244 0 244 244 0 219 219 0 243 243 0 221 221 0 220 220 0 245 245 0 245 245 0 220 220 0 244 244 0 222 222 0 221 221 0 246 246 0 246 246 0 221 221 0 245 245 0 223 223 0 222 222 0 247 247 0 247 247 0 222 222 0 246 246 0 248 248 0 224 224 0 223 223 0 247 247 0 248 248 0 223 223 0 250 250 0 226 226 0 225 225 0 249 249 0 250 250 0 225 225 0 227 227 0 226 226 0 251 251 0 251 251 0 226 226 0 250 250 0 228 228 0 227 227 0 252 252 0 252 252 0 227 227 0 251 251 0 229 229 0 228 228 0 253 253 0 253 253 0 228 228 0 252 252 0 230 230 0 229 229 0 254 254 0 254 254 0 229 229 0 253 253 0 231 231 0 230 230 0 255 255 0 255 255 0 230 230 0 254 254 0 232 232 0 231 231 0 256 256 0 256 256 0 231 231 0 255 255 0 233 233 0 232 232 0 257 257 0 257 257 0 232 232 0 256 256 0 234 234 0 233 233 0 258 258 0 258 258 0 233 233 0 257 257 0 235 235 0 234 234 0 259 259 0 259 259 0 234 234 0 258 258 0 236 236 0 235 235 0 260 260 0 260 260 0 235 235 0 259 259 0 237 237 0 236 236 0 261 261 0 261 261 0 236 236 0 260 260 0 238 238 0 237 237 0 262 262 0 262 262 0 237 237 0 261 261 0 239 239 0 238 238 0 263 263 0 263 263 0 238 238 0 262 262 0 240 240 0 239 239 0 264 264 0 264 264 0 239 239 0 263 263 0 241 241 0 240 240 0 265 265 0 265 265 0 240 240 0 264 264 0 242 242 0 241 241 0 266 266 0 266 266 0 241 241 0 265 265 0 243 243 0 242 242 0 267 267 0 267 267 0 242 242 0 266 266 0 244 244 0 243 243 0 268 268 0 268 268 0 243 243 0 267 267 0 245 245 0 244 244 0 269 269 0 269 269 0 244 244 0 268 268 0 246 246 0 245 245 0 270 270 0 270 270 0 245 245 0 269 269 0 247 247 0 246 246 0 271 271 0 271 271 0 246 246 0 270 270 0 272 272 0 248 248 0 247 247 0 271 271 0 272 272 0 247 247 0 250 250 0 249 249 0 273 273 0 273 273 0 274 274 0 275 275 0 273 273 0 275 275 0 250 250 0 250 250 0 275 275 0 251 251 0 252 252 0 251 251 0 276 276 0 276 276 0 251 251 0 275 275 0 253 253 0 252 252 0 277 277 0 277 277 0 252 252 0 276 276 0 254 254 0 253 253 0 278 278 0 278 278 0 253 253 0 277 277 0 255 255 0 254 254 0 279 279 0 279 279 0 254 254 0 278 278 0 256 256 0 255 255 0 280 280 0 280 280 0 255 255 0 279 279 0 257 257 0 256 256 0 281 281 0 281 281 0 256 256 0 280 280 0 258 258 0 257 257 0 282 282 0 282 282 0 257 257 0 281 281 0 259 259 0 258 258 0 283 283 0 283 283 0 258 258 0 282 282 0 260 260 0 259 259 0 284 284 0 284 284 0 259 259 0 283 283 0 261 261 0 260 260 0 285 285 0 285 285 0 260 260 0 284 284 0 262 262 0 261 261 0 286 286 0 286 286 0 261 261 0 285 285 0 263 263 0 262 262 0 287 287 0 287 287 0 262 262 0 286 286 0 264 264 0 263 263 0 288 288 0 288 288 0 263 263 0 287 287 0 265 265 0 264 264 0 289 289 0 289 289 0 264 264 0 288 288 0 266 266 0 265 265 0 290 290 0 290 290 0 265 265 0 289 289 0 267 267 0 266 266 0 291 291 0 291 291 0 266 266 0 290 290 0 268 268 0 267 267 0 292 292 0 292 292 0 267 267 0 291 291 0 269 269 0 268 268 0 293 293 0 293 293 0 268 268 0 292 292 0 270 270 0 269 269 0 294 294 0 294 294 0 269 269 0 293 293 0 271 271 0 270 270 0 295 295 0 295 295 0 270 270 0 294 294 0 296 296 0 272 272 0 271 271 0 295 295 0 296 296 0 271 271 0 298 298 0 275 275 0 274 274 0 297 297 0 298 298 0 274 274 0 276 276 0 275 275 0 299 299 0 299 299 0 275 275 0 298 298 0 277 277 0 276 276 0 300 300 0 300 300 0 276 276 0 299 299 0 278 278 0 277 277 0 301 301 0 301 301 0 277 277 0 300 300 0 279 279 0 278 278 0 302 302 0 302 302 0 278 278 0 301 301 0 280 280 0 279 279 0 303 303 0 303 303 0 279 279 0 302 302 0 281 281 0 280 280 0 304 304 0 304 304 0 280 280 0 303 303 0 282 282 0 281 281 0 305 305 0 305 305 0 281 281 0 304 304 0 283 283 0 282 282 0 306 306 0 306 306 0 282 282 0 305 305 0 284 284 0 283 283 0 307 307 0 307 307 0 283 283 0 306 306 0 285 285 0 284 284 0 308 308 0 308 308 0 284 284 0 307 307 0 286 286 0 285 285 0 309 309 0 309 309 0 285 285 0 308 308 0 287 287 0 286 286 0 310 310 0 310 310 0 286 286 0 309 309 0 288 288 0 287 287 0 311 311 0 311 311 0 287 287 0 310 310 0 289 289 0 288 288 0 312 312 0 312 312 0 288 288 0 311 311 0 290 290 0 289 289 0 313 313 0 313 313 0 289 289 0 312 312 0 291 291 0 290 290 0 314 314 0 314 314 0 290 290 0 313 313 0 292 292 0 291 291 0 315 315 0 315 315 0 291 291 0 314 314 0 293 293 0 292 292 0 316 316 0 316 316 0 292 292 0 315 315 0 294 294 0 293 293 0 317 317 0 317 317 0 293 293 0 316 316 0 319 319 0 318 318 0 295 295 0 319 319 0 295 295 0 317 317 0 317 317 0 295 295 0 294 294 0 296 296 0 295 295 0 318 318 0 321 321 0 298 298 0 297 297 0 320 320 0 321 321 0 297 297 0 299 299 0 298 298 0 322 322 0 322 322 0 298 298 0 321 321 0 300 300 0 299 299 0 323 323 0 323 323 0 299 299 0 322 322 0 301 301 0 300 300 0 324 324 0 324 324 0 300 300 0 323 323 0 302 302 0 301 301 0 325 325 0 325 325 0 301 301 0 324 324 0 303 303 0 302 302 0 326 326 0 326 326 0 302 302 0 325 325 0 304 304 0 303 303 0 327 327 0 327 327 0 303 303 0 326 326 0 305 305 0 304 304 0 328 328 0 328 328 0 304 304 0 327 327 0 306 306 0 305 305 0 329 329 0 329 329 0 305 305 0 328 328 0 307 307 0 306 306 0 330 330 0 330 330 0 306 306 0 329 329 0 308 308 0 307 307 0 331 331 0 331 331 0 307 307 0 330 330 0 309 309 0 308 308 0 332 332 0 332 332 0 308 308 0 331 331 0 310 310 0 309 309 0 333 333 0 333 333 0 309 309 0 332 332 0 311 311 0 310 310 0 334 334 0 334 334 0 310 310 0 333 333 0 312 312 0 311 311 0 335 335 0 335 335 0 311 311 0 334 334 0 313 313 0 312 312 0 336 336 0 336 336 0 312 312 0 335 335 0 314 314 0 313 313 0 337 337 0 337 337 0 313 313 0 336 336 0 315 315 0 314 314 0 338 338 0 338 338 0 314 314 0 337 337 0 316 316 0 315 315 0 339 339 0 339 339 0 315 315 0 338 338 0 317 317 0 316 316 0 340 340 0 340 340 0 316 316 0 339 339 0 341 341 0 319 319 0 317 317 0 340 340 0 341 341 0 317 317 0 321 321 0 320 320 0 342 342 0 342 342 0 343 343 0 344 344 0 342 342 0 344 344 0 321 321 0 321 321 0 344 344 0 322 322 0 323 323 0 322 322 0 345 345 0 345 345 0 322 322 0 344 344 0 324 324 0 323 323 0 346 346 0 346 346 0 323 323 0 345 345 0 325 325 0 324 324 0 347 347 0 347 347 0 324 324 0 346 346 0 326 326 0 325 325 0 348 348 0 348 348 0 325 325 0 347 347 0 327 327 0 326 326 0 349 349 0 349 349 0 326 326 0 348 348 0 328 328 0 327 327 0 350 350 0 350 350 0 327 327 0 349 349 0 329 329 0 328 328 0 351 351 0 351 351 0 328 328 0 350 350 0 330 330 0 329 329 0 352 352 0 352 352 0 329 329 0 351 351 0 331 331 0 330 330 0 353 353 0 353 353 0 330 330 0 352 352 0 332 332 0 331 331 0 354 354 0 354 354 0 331 331 0 353 353 0 333 333 0 332 332 0 355 355 0 355 355 0 332 332 0 354 354 0 334 334 0 333 333 0 356 356 0 356 356 0 333 333 0 355 355 0 335 335 0 334 334 0 357 357 0 357 357 0 334 334 0 356 356 0 336 336 0 335 335 0 358 358 0 358 358 0 335 335 0 357 357 0 337 337 0 336 336 0 359 359 0 359 359 0 336 336 0 358 358 0 338 338 0 337 337 0 360 360 0 360 360 0 337 337 0 359 359 0 339 339 0 338 338 0 361 361 0 361 361 0 338 338 0 360 360 0 363 363 0 362 362 0 340 340 0 363 363 0 340 340 0 361 361 0 361 361 0 340 340 0 339 339 0 341 341 0 340 340 0 362 362 0 344 344 0 343 343 0 364 364 0 364 364 0 365 365 0 366 366 0 364 364 0 366 366 0 344 344 0 344 344 0 366 366 0 345 345 0 346 346 0 345 345 0 367 367 0 367 367 0 345 345 0 366 366 0 347 347 0 346 346 0 368 368 0 368 368 0 346 346 0 367 367 0 348 348 0 347 347 0 369 369 0 369 369 0 347 347 0 368 368 0 349 349 0 348 348 0 370 370 0 370 370 0 348 348 0 369 369 0 350 350 0 349 349 0 371 371 0 371 371 0 349 349 0 370 370 0 351 351 0 350 350 0 372 372 0 372 372 0 350 350 0 371 371 0 352 352 0 351 351 0 373 373 0 373 373 0 351 351 0 372 372 0 353 353 0 352 352 0 374 374 0 374 374 0 352 352 0 373 373 0 354 354 0 353 353 0 375 375 0 375 375 0 353 353 0 374 374 0 355 355 0 354 354 0 376 376 0 376 376 0 354 354 0 375 375 0 356 356 0 355 355 0 377 377 0 377 377 0 355 355 0 376 376 0 357 357 0 356 356 0 378 378 0 378 378 0 356 356 0 377 377 0 358 358 0 357 357 0 379 379 0 379 379 0 357 357 0 378 378 0 359 359 0 358 358 0 380 380 0 380 380 0 358 358 0 379 379 0 360 360 0 359 359 0 381 381 0 381 381 0 359 359 0 380 380 0 383 383 0 382 382 0 361 361 0 383 383 0 361 361 0 381 381 0 381 381 0 361 361 0 360 360 0 363 363 0 361 361 0 382 382 0 385 385 0 366 366 0 365 365 0 384 384 0 385 385 0 365 365 0 367 367 0 366 366 0 386 386 0 386 386 0 366 366 0 385 385 0 368 368 0 367 367 0 387 387 0 387 387 0 367 367 0 386 386 0 369 369 0 368 368 0 388 388 0 388 388 0 368 368 0 387 387 0 370 370 0 369 369 0 389 389 0 389 389 0 369 369 0 388 388 0 371 371 0 370 370 0 390 390 0 390 390 0 370 370 0 389 389 0 372 372 0 371 371 0 391 391 0 391 391 0 371 371 0 390 390 0 373 373 0 372 372 0 392 392 0 392 392 0 372 372 0 391 391 0 374 374 0 373 373 0 393 393 0 393 393 0 373 373 0 392 392 0 375 375 0 374 374 0 394 394 0 394 394 0 374 374 0 393 393 0 376 376 0 375 375 0 395 395 0 395 395 0 375 375 0 394 394 0 377 377 0 376 376 0 396 396 0 396 396 0 376 376 0 395 395 0 378 378 0 377 377 0 397 397 0 397 397 0 377 377 0 396 396 0 379 379 0 378 378 0 398 398 0 398 398 0 378 378 0 397 397 0 380 380 0 379 379 0 399 399 0 399 399 0 379 379 0 398 398 0 381 381 0 380 380 0 400 400 0 400 400 0 380 380 0 399 399 0 401 401 0 383 383 0 381 381 0 400 400 0 401 401 0 381 381 0 385 385 0 384 384 0 402 402 0 386 386 0 385 385 0 402 402 0 403 403 0 386 386 0 402 402 0 403 403 0 404 404 0 405 405 0 403 403 0 405 405 0 386 386 0 386 386 0 405 405 0 387 387 0 388 388 0 387 387 0 406 406 0 406 406 0 387 387 0 405 405 0 389 389 0 388 388 0 407 407 0 407 407 0 388 388 0 406 406 0 390 390 0 389 389 0 408 408 0 408 408 0 389 389 0 407 407 0 391 391 0 390 390 0 409 409 0 409 409 0 390 390 0 408 408 0 392 392 0 391 391 0 410 410 0 410 410 0 391 391 0 409 409 0 393 393 0 392 392 0 411 411 0 411 411 0 392 392 0 410 410 0 394 394 0 393 393 0 412 412 0 412 412 0 393 393 0 411 411 0 395 395 0 394 394 0 413 413 0 413 413 0 394 394 0 412 412 0 396 396 0 395 395 0 414 414 0 414 414 0 395 395 0 413 413 0 397 397 0 396 396 0 415 415 0 415 415 0 396 396 0 414 414 0 398 398 0 397 397 0 416 416 0 416 416 0 397 397 0 415 415 0 399 399 0 398 398 0 417 417 0 417 417 0 398 398 0 416 416 0 419 419 0 418 418 0 400 400 0 419 419 0 400 400 0 417 417 0 417 417 0 400 400 0 399 399 0 401 401 0 400 400 0 418 418 0 405 405 0 404 404 0 420 420 0 406 406 0 405 405 0 420 420 0 421 421 0 406 406 0 420 420 0 421 421 0 422 422 0 423 423 0 421 421 0 423 423 0 406 406 0 406 406 0 423 423 0 407 407 0 408 408 0 407 407 0 424 424 0 424 424 0 407 407 0 423 423 0 409 409 0 408 408 0 425 425 0 425 425 0 408 408 0 424 424 0 410 410 0 409 409 0 426 426 0 426 426 0 409 409 0 425 425 0 411 411 0 410 410 0 427 427 0 427 427 0 410 410 0 426 426 0 412 412 0 411 411 0 428 428 0 428 428 0 411 411 0 427 427 0 413 413 0 412 412 0 429 429 0 429 429 0 412 412 0 428 428 0 414 414 0 413 413 0 430 430 0 430 430 0 413 413 0 429 429 0 415 415 0 414 414 0 431 431 0 431 431 0 414 414 0 430 430 0 433 433 0 432 432 0 416 416 0 433 433 0 416 416 0 431 431 0 431 431 0 416 416 0 415 415 0 417 417 0 416 416 0 432 432 0 434 434 0 417 417 0 432 432 0 419 419 0 417 417 0 434 434 0 423 423 0 422 422 0 435 435 0 424 424 0 423 423 0 435 435 0 436 436 0 424 424 0 435 435 0 436 436 0 437 437 0 438 438 0 436 436 0 438 438 0 424 424 0 424 424 0 438 438 0 425 425 0 426 426 0 425 425 0 439 439 0 439 439 0 425 425 0 438 438 0 427 427 0 426 426 0 440 440 0 440 440 0 426 426 0 439 439 0 428 428 0 427 427 0 441 441 0 441 441 0 427 427 0 440 440 0 429 429 0 428 428 0 442 442 0 442 442 0 428 428 0 441 441 0 444 444 0 443 443 0 430 430 0 444 444 0 430 430 0 442 442 0 442 442 0 430 430 0 429 429 0 431 431 0 430 430 0 443 443 0 445 445 0 431 431 0 443 443 0 433 433 0 431 431 0 445 445 0 438 438 0 437 437 0 446 446 0 439 439 0 438 438 0 446 446 0 447 447 0 439 439 0 446 446 0 440 440 0 439 439 0 447 447 0 448 448 0 440 440 0 447 447 0 441 441 0 440 440 0 448 448 0 449 449 0 441 441 0 448 448 0 442 442 0 441 441 0 449 449 0 450 450 0 442 442 0 449 449 0 444 444 0 442 442 0 450 450 0 453 453 0 451 451 0 452 452 0 453 453 0 455 455 0 454 454 0 451 451 0 453 453 0 454 454 0 455 455 0 457 457 0 456 456 0 454 454 0 455 455 0 456 456 0 457 457 0 459 459 0 458 458 0 456 456 0 457 457 0 458 458 0 459 459 0 461 461 0 460 460 0 458 458 0 459 459 0 460 460 0 461 461 0 463 463 0 462 462 0 460 460 0 461 461 0 462 462 0 463 463 0 465 465 0 464 464 0 462 462 0 463 463 0 464 464 0 464 464 0 465 465 0 466 466 0 469 469 0 467 467 0 468 468 0 469 469 0 471 471 0 470 470 0 467 467 0 469 469 0 470 470 0 452 452 0 470 470 0 471 471 0 452 452 0 471 471 0 453 453 0 453 453 0 471 471 0 472 472 0 455 455 0 453 453 0 473 473 0 473 473 0 453 453 0 472 472 0 0 0 0 473 473 0 1 1 0 0 0 0 457 457 0 473 473 0 457 457 0 455 455 0 473 473 0 3 3 0 457 457 0 0 0 0 459 459 0 457 457 0 3 3 0 5 5 0 459 459 0 3 3 0 461 461 0 459 459 0 5 5 0 7 7 0 461 461 0 5 5 0 463 463 0 461 461 0 7 7 0 9 9 0 463 463 0 7 7 0 9 9 0 474 474 0 463 463 0 474 474 0 465 465 0 463 463 0 475 475 0 466 466 0 465 465 0 475 475 0 465 465 0 476 476 0 476 476 0 465 465 0 474 474 0 476 476 0 478 478 0 477 477 0 475 475 0 476 476 0 477 477 0 478 478 0 480 480 0 479 479 0 477 477 0 478 478 0 479 479 0 479 479 0 480 480 0 481 481 0 484 484 0 482 482 0 483 483 0 484 484 0 486 486 0 485 485 0 482 482 0 484 484 0 485 485 0 468 468 0 485 485 0 486 486 0 468 468 0 486 486 0 469 469 0 469 469 0 486 486 0 487 487 0 10 10 0 487 487 0 11 11 0 10 10 0 471 471 0 487 487 0 471 471 0 469 469 0 487 487 0 13 13 0 471 471 0 10 10 0 472 472 0 471 471 0 13 13 0 15 15 0 472 472 0 13 13 0 473 473 0 472 472 0 15 15 0 1 1 0 473 473 0 15 15 0 9 9 0 21 21 0 474 474 0 23 23 0 474 474 0 21 21 0 476 476 0 474 474 0 23 23 0 25 25 0 476 476 0 23 23 0 25 25 0 488 488 0 476 476 0 488 488 0 478 478 0 476 476 0 480 480 0 478 478 0 489 489 0 489 489 0 478 478 0 488 488 0 490 490 0 481 481 0 480 480 0 490 490 0 480 480 0 491 491 0 491 491 0 480 480 0 489 489 0 491 491 0 493 493 0 492 492 0 490 490 0 491 491 0 492 492 0 492 492 0 493 493 0 494 494 0 497 497 0 495 495 0 496 496 0 483 483 0 495 495 0 497 497 0 483 483 0 497 497 0 484 484 0 484 484 0 497 497 0 498 498 0 486 486 0 484 484 0 499 499 0 499 499 0 484 484 0 498 498 0 26 26 0 499 499 0 27 27 0 26 26 0 487 487 0 499 499 0 487 487 0 486 486 0 499 499 0 11 11 0 487 487 0 26 26 0 25 25 0 38 38 0 488 488 0 40 40 0 488 488 0 38 38 0 489 489 0 488 488 0 40 40 0 42 42 0 489 489 0 40 40 0 491 491 0 489 489 0 42 42 0 44 44 0 491 491 0 42 42 0 44 44 0 500 500 0 491 491 0 500 500 0 493 493 0 491 491 0 501 501 0 494 494 0 493 493 0 501 501 0 493 493 0 502 502 0 502 502 0 493 493 0 500 500 0 501 501 0 502 502 0 503 503 0 506 506 0 504 504 0 505 505 0 496 496 0 504 504 0 506 506 0 496 496 0 506 506 0 497 497 0 497 497 0 506 506 0 507 507 0 45 45 0 507 507 0 46 46 0 45 45 0 498 498 0 507 507 0 498 498 0 497 497 0 507 507 0 48 48 0 498 498 0 45 45 0 499 499 0 498 498 0 48 48 0 27 27 0 499 499 0 48 48 0 44 44 0 63 63 0 500 500 0 65 65 0 500 500 0 63 63 0 65 65 0 508 508 0 500 500 0 508 508 0 502 502 0 500 500 0 509 509 0 503 503 0 502 502 0 509 509 0 502 502 0 510 510 0 510 510 0 502 502 0 508 508 0 509 509 0 510 510 0 511 511 0 513 513 0 506 506 0 505 505 0 512 512 0 513 513 0 505 505 0 507 507 0 506 506 0 514 514 0 514 514 0 506 506 0 513 513 0 46 46 0 514 514 0 66 66 0 507 507 0 514 514 0 46 46 0 508 508 0 83 83 0 515 515 0 65 65 0 83 83 0 508 508 0 510 510 0 508 508 0 516 516 0 516 516 0 508 508 0 515 515 0 517 517 0 511 511 0 510 510 0 516 516 0 517 517 0 510 510 0 520 520 0 518 518 0 519 519 0 512 512 0 518 518 0 520 520 0 512 512 0 520 520 0 513 513 0 513 513 0 520 520 0 521 521 0 84 84 0 521 521 0 85 85 0 84 84 0 514 514 0 521 521 0 514 514 0 513 513 0 521 521 0 66 66 0 514 514 0 84 84 0 83 83 0 103 103 0 515 515 0 105 105 0 515 515 0 103 103 0 105 105 0 522 522 0 515 515 0 522 522 0 516 516 0 515 515 0 523 523 0 517 517 0 516 516 0 523 523 0 516 516 0 524 524 0 524 524 0 516 516 0 522 522 0 523 523 0 524 524 0 525 525 0 527 527 0 520 520 0 519 519 0 526 526 0 527 527 0 519 519 0 106 106 0 527 527 0 107 107 0 106 106 0 521 521 0 527 527 0 521 521 0 520 520 0 527 527 0 85 85 0 521 521 0 106 106 0 105 105 0 127 127 0 522 522 0 129 129 0 522 522 0 127 127 0 129 129 0 528 528 0 522 522 0 528 528 0 524 524 0 522 522 0 529 529 0 525 525 0 524 524 0 528 528 0 529 529 0 524 524 0 532 532 0 530 530 0 531 531 0 526 526 0 530 530 0 532 532 0 526 526 0 532 532 0 527 527 0 527 527 0 532 532 0 533 533 0 107 107 0 533 533 0 130 130 0 527 527 0 533 533 0 107 107 0 528 528 0 151 151 0 534 534 0 129 129 0 151 151 0 528 528 0 535 535 0 529 529 0 528 528 0 535 535 0 528 528 0 536 536 0 536 536 0 528 528 0 534 534 0 535 535 0 536 536 0 537 537 0 539 539 0 532 532 0 531 531 0 538 538 0 539 539 0 531 531 0 533 533 0 532 532 0 540 540 0 540 540 0 532 532 0 539 539 0 130 130 0 540 540 0 152 152 0 533 533 0 540 540 0 130 130 0 151 151 0 173 173 0 534 534 0 175 175 0 534 534 0 173 173 0 175 175 0 541 541 0 534 534 0 541 541 0 536 536 0 534 534 0 542 542 0 537 537 0 536 536 0 541 541 0 542 542 0 536 536 0 544 544 0 539 539 0 538 538 0 543 543 0 544 544 0 538 538 0 176 176 0 544 544 0 177 177 0 176 176 0 540 540 0 544 544 0 540 540 0 539 539 0 544 544 0 152 152 0 540 540 0 176 176 0 541 541 0 200 200 0 545 545 0 175 175 0 200 200 0 541 541 0 546 546 0 542 542 0 541 541 0 545 545 0 546 546 0 541 541 0 548 548 0 544 544 0 543 543 0 547 547 0 548 548 0 543 543 0 177 177 0 548 548 0 201 201 0 544 544 0 548 548 0 177 177 0 545 545 0 224 224 0 549 549 0 200 200 0 224 224 0 545 545 0 550 550 0 546 546 0 545 545 0 549 549 0 550 550 0 545 545 0 552 552 0 548 548 0 547 547 0 551 551 0 552 552 0 547 547 0 201 201 0 552 552 0 225 225 0 548 548 0 552 552 0 201 201 0 549 549 0 248 248 0 553 553 0 224 224 0 248 248 0 549 549 0 554 554 0 550 550 0 549 549 0 553 553 0 554 554 0 549 549 0 556 556 0 552 552 0 551 551 0 555 555 0 556 556 0 551 551 0 225 225 0 556 556 0 249 249 0 552 552 0 556 556 0 225 225 0 553 553 0 272 272 0 557 557 0 248 248 0 272 272 0 553 553 0 558 558 0 554 554 0 553 553 0 557 557 0 558 558 0 553 553 0 560 560 0 556 556 0 555 555 0 559 559 0 560 560 0 555 555 0 249 249 0 561 561 0 273 273 0 249 249 0 556 556 0 561 561 0 556 556 0 560 560 0 561 561 0 273 273 0 561 561 0 274 274 0 557 557 0 296 296 0 562 562 0 272 272 0 296 296 0 557 557 0 563 563 0 558 558 0 557 557 0 562 562 0 563 563 0 557 557 0 565 565 0 560 560 0 559 559 0 564 564 0 565 565 0 559 559 0 561 561 0 560 560 0 566 566 0 566 566 0 560 560 0 565 565 0 274 274 0 566 566 0 297 297 0 561 561 0 566 566 0 274 274 0 318 318 0 319 319 0 567 567 0 318 318 0 562 562 0 296 296 0 318 318 0 567 567 0 562 562 0 567 567 0 568 568 0 562 562 0 569 569 0 563 563 0 562 562 0 568 568 0 569 569 0 562 562 0 565 565 0 564 564 0 570 570 0 570 570 0 571 571 0 572 572 0 570 570 0 572 572 0 565 565 0 565 565 0 572 572 0 566 566 0 297 297 0 572 572 0 320 320 0 566 566 0 572 572 0 297 297 0 567 567 0 341 341 0 573 573 0 319 319 0 341 341 0 567 567 0 575 575 0 574 574 0 568 568 0 575 575 0 568 568 0 573 573 0 573 573 0 568 568 0 567 567 0 569 569 0 568 568 0 574 574 0 577 577 0 572 572 0 571 571 0 576 576 0 577 577 0 571 571 0 320 320 0 578 578 0 342 342 0 320 320 0 572 572 0 578 578 0 572 572 0 577 577 0 578 578 0 342 342 0 578 578 0 343 343 0 362 362 0 363 363 0 579 579 0 362 362 0 573 573 0 341 341 0 362 362 0 579 579 0 573 573 0 579 579 0 580 580 0 573 573 0 581 581 0 575 575 0 573 573 0 580 580 0 581 581 0 573 573 0 577 577 0 576 576 0 582 582 0 582 582 0 583 583 0 584 584 0 582 582 0 584 584 0 577 577 0 577 577 0 584 584 0 578 578 0 343 343 0 585 585 0 364 364 0 343 343 0 578 578 0 585 585 0 578 578 0 584 584 0 585 585 0 364 364 0 585 585 0 365 365 0 382 382 0 383 383 0 586 586 0 382 382 0 579 579 0 363 363 0 382 382 0 586 586 0 579 579 0 586 586 0 587 587 0 579 579 0 589 589 0 588 588 0 580 580 0 589 589 0 580 580 0 587 587 0 587 587 0 580 580 0 579 579 0 581 581 0 580 580 0 588 588 0 591 591 0 584 584 0 583 583 0 590 590 0 591 591 0 583 583 0 585 585 0 584 584 0 592 592 0 592 592 0 584 584 0 591 591 0 365 365 0 592 592 0 384 384 0 585 585 0 592 592 0 365 365 0 586 586 0 401 401 0 593 593 0 383 383 0 401 401 0 586 586 0 587 587 0 586 586 0 594 594 0 594 594 0 586 586 0 593 593 0 595 595 0 589 589 0 587 587 0 594 594 0 595 595 0 587 587 0 591 591 0 590 590 0 596 596 0 596 596 0 597 597 0 598 598 0 596 596 0 598 598 0 591 591 0 591 591 0 598 598 0 592 592 0 384 384 0 599 599 0 402 402 0 384 384 0 592 592 0 599 599 0 592 592 0 598 598 0 599 599 0 402 402 0 600 600 0 403 403 0 599 599 0 600 600 0 402 402 0 403 403 0 600 600 0 404 404 0 418 418 0 419 419 0 601 601 0 418 418 0 593 593 0 401 401 0 418 418 0 601 601 0 593 593 0 601 601 0 602 602 0 593 593 0 604 604 0 603 603 0 594 594 0 604 604 0 594 594 0 602 602 0 602 602 0 594 594 0 593 593 0 595 595 0 594 594 0 603 603 0 598 598 0 597 597 0 605 605 0 605 605 0 606 606 0 607 607 0 605 605 0 607 607 0 598 598 0 598 598 0 607 607 0 599 599 0 600 600 0 599 599 0 608 608 0 608 608 0 599 599 0 607 607 0 404 404 0 609 609 0 420 420 0 404 404 0 600 600 0 609 609 0 600 600 0 608 608 0 609 609 0 420 420 0 610 610 0 421 421 0 609 609 0 610 610 0 420 420 0 421 421 0 610 610 0 422 422 0 432 432 0 433 433 0 611 611 0 432 432 0 612 612 0 434 434 0 611 611 0 612 612 0 432 432 0 434 434 0 601 601 0 419 419 0 434 434 0 612 612 0 601 601 0 612 612 0 613 613 0 601 601 0 615 615 0 614 614 0 602 602 0 615 615 0 602 602 0 613 613 0 613 613 0 602 602 0 601 601 0 604 604 0 602 602 0 614 614 0 607 607 0 606 606 0 616 616 0 608 608 0 607 607 0 616 616 0 617 617 0 608 608 0 616 616 0 617 617 0 618 618 0 619 619 0 617 617 0 619 619 0 608 608 0 608 608 0 619 619 0 609 609 0 610 610 0 609 609 0 620 620 0 620 620 0 609 609 0 619 619 0 422 422 0 621 621 0 435 435 0 422 422 0 610 610 0 621 621 0 610 610 0 620 620 0 621 621 0 435 435 0 622 622 0 436 436 0 621 621 0 622 622 0 435 435 0 436 436 0 622 622 0 437 437 0 443 443 0 444 444 0 623 623 0 443 443 0 624 624 0 445 445 0 623 623 0 624 624 0 443 443 0 445 445 0 611 611 0 433 433 0 445 445 0 624 624 0 611 611 0 624 624 0 625 625 0 611 611 0 627 627 0 626 626 0 612 612 0 627 627 0 612 612 0 625 625 0 625 625 0 612 612 0 611 611 0 613 613 0 612 612 0 626 626 0 628 628 0 613 613 0 626 626 0 615 615 0 613 613 0 628 628 0 619 619 0 618 618 0 629 629 0 620 620 0 619 619 0 629 629 0 630 630 0 620 620 0 629 629 0 630 630 0 631 631 0 632 632 0 630 630 0 632 632 0 620 620 0 620 620 0 632 632 0 621 621 0 622 622 0 621 621 0 633 633 0 633 633 0 621 621 0 632 632 0 437 437 0 634 634 0 446 446 0 437 437 0 622 622 0 634 634 0 622 622 0 633 633 0 634 634 0 446 446 0 635 635 0 447 447 0 634 634 0 635 635 0 446 446 0 447 447 0 636 636 0 448 448 0 635 635 0 636 636 0 447 447 0 448 448 0 637 637 0 449 449 0 636 636 0 637 637 0 448 448 0 449 449 0 638 638 0 450 450 0 637 637 0 638 638 0 449 449 0 450 450 0 623 623 0 444 444 0 450 450 0 638 638 0 623 623 0 638 638 0 639 639 0 623 623 0 641 641 0 640 640 0 624 624 0 641 641 0 624 624 0 639 639 0 639 639 0 624 624 0 623 623 0 625 625 0 624 624 0 640 640 0 642 642 0 625 625 0 640 640 0 627 627 0 625 625 0 642 642 0 632 632 0 631 631 0 643 643 0 633 633 0 632 632 0 643 643 0 644 644 0 633 633 0 643 643 0 634 634 0 633 633 0 644 644 0 645 645 0 634 634 0 644 644 0 635 635 0 634 634 0 645 645 0 646 646 0 635 635 0 645 645 0 636 636 0 635 635 0 646 646 0 647 647 0 636 636 0 646 646 0 637 637 0 636 636 0 647 647 0 648 648 0 637 637 0 647 647 0 638 638 0 637 637 0 648 648 0 649 649 0 638 638 0 648 648 0 639 639 0 638 638 0 649 649 0 650 650 0 639 639 0 649 649 0 641 641 0 639 639 0 650 650 0 653 653 0 651 651 0 652 652 0 653 653 0 655 655 0 654 654 0 651 651 0 653 653 0 654 654 0 655 655 0 657 657 0 656 656 0 654 654 0 655 655 0 656 656 0 657 657 0 659 659 0 658 658 0 656 656 0 657 657 0 658 658 0 659 659 0 661 661 0 660 660 0 658 658 0 659 659 0 660 660 0 660 660 0 661 661 0 662 662 0 665 665 0 663 663 0 664 664 0 665 665 0 667 667 0 666 666 0 663 663 0 665 665 0 666 666 0 667 667 0 452 452 0 451 451 0 667 667 0 451 451 0 666 666 0 666 666 0 451 451 0 668 668 0 652 652 0 454 454 0 653 653 0 652 652 0 668 668 0 454 454 0 668 668 0 451 451 0 454 454 0 456 456 0 653 653 0 454 454 0 655 655 0 653 653 0 456 456 0 458 458 0 655 655 0 456 456 0 657 657 0 655 655 0 458 458 0 460 460 0 657 657 0 458 458 0 659 659 0 657 657 0 460 460 0 462 462 0 659 659 0 460 460 0 661 661 0 659 659 0 462 462 0 661 661 0 669 669 0 662 662 0 661 661 0 462 462 0 669 669 0 462 462 0 464 464 0 669 669 0 466 466 0 671 671 0 670 670 0 466 466 0 670 670 0 464 464 0 464 464 0 670 670 0 669 669 0 671 671 0 673 673 0 672 672 0 670 670 0 671 671 0 672 672 0 672 672 0 673 673 0 674 674 0 677 677 0 675 675 0 676 676 0 664 664 0 675 675 0 677 677 0 665 665 0 664 664 0 677 677 0 665 665 0 677 677 0 468 468 0 665 665 0 468 468 0 467 467 0 470 470 0 665 665 0 467 467 0 667 667 0 665 665 0 470 470 0 452 452 0 667 667 0 470 470 0 466 466 0 475 475 0 671 671 0 477 477 0 671 671 0 475 475 0 673 673 0 671 671 0 477 477 0 673 673 0 678 678 0 674 674 0 673 673 0 477 477 0 678 678 0 477 477 0 479 479 0 678 678 0 481 481 0 680 680 0 679 679 0 481 481 0 679 679 0 479 479 0 479 479 0 679 679 0 678 678 0 679 679 0 680 680 0 681 681 0 684 684 0 682 682 0 683 683 0 684 684 0 483 483 0 482 482 0 684 684 0 482 482 0 682 682 0 682 682 0 482 482 0 685 685 0 676 676 0 485 485 0 677 677 0 676 676 0 685 685 0 485 485 0 685 685 0 482 482 0 485 485 0 468 468 0 677 677 0 485 485 0 481 481 0 490 490 0 680 680 0 680 680 0 686 686 0 681 681 0 680 680 0 490 490 0 686 686 0 490 490 0 492 492 0 686 686 0 494 494 0 688 688 0 687 687 0 494 494 0 687 687 0 492 492 0 492 492 0 687 687 0 686 686 0 687 687 0 688 688 0 689 689 0 692 692 0 690 690 0 691 691 0 683 683 0 690 690 0 692 692 0 684 684 0 683 683 0 692 692 0 684 684 0 692 692 0 496 496 0 684 684 0 496 496 0 495 495 0 483 483 0 684 684 0 495 495 0 494 494 0 501 501 0 688 688 0 503 503 0 694 694 0 693 693 0 501 501 0 503 503 0 693 693 0 501 501 0 693 693 0 689 689 0 501 501 0 689 689 0 688 688 0 693 693 0 694 694 0 695 695 0 504 504 0 692 692 0 691 691 0 504 504 0 691 691 0 505 505 0 505 505 0 691 691 0 696 696 0 496 496 0 692 692 0 504 504 0 503 503 0 509 509 0 694 694 0 694 694 0 509 509 0 511 511 0 694 694 0 511 511 0 695 695 0 695 695 0 511 511 0 697 697 0 700 700 0 698 698 0 699 699 0 700 700 0 696 696 0 698 698 0 700 700 0 512 512 0 696 696 0 512 512 0 505 505 0 696 696 0 701 701 0 517 517 0 702 702 0 701 701 0 697 697 0 517 517 0 697 697 0 511 511 0 517 517 0 701 701 0 702 702 0 703 703 0 706 706 0 704 704 0 705 705 0 699 699 0 704 704 0 706 706 0 700 700 0 699 699 0 706 706 0 700 700 0 706 706 0 519 519 0 700 700 0 519 519 0 518 518 0 512 512 0 700 700 0 518 518 0 517 517 0 523 523 0 702 702 0 525 525 0 708 708 0 707 707 0 523 523 0 525 525 0 707 707 0 523 523 0 707 707 0 703 703 0 523 523 0 703 703 0 702 702 0 707 707 0 708 708 0 709 709 0 711 711 0 706 706 0 705 705 0 710 710 0 711 711 0 705 705 0 519 519 0 711 711 0 526 526 0 706 706 0 711 711 0 519 519 0 708 708 0 529 529 0 712 712 0 525 525 0 529 529 0 708 708 0 713 713 0 709 709 0 708 708 0 712 712 0 713 713 0 708 708 0 530 530 0 711 711 0 710 710 0 530 530 0 710 710 0 531 531 0 531 531 0 710 710 0 714 714 0 526 526 0 711 711 0 530 530 0 529 529 0 535 535 0 712 712 0 712 712 0 535 535 0 537 537 0 712 712 0 537 537 0 713 713 0 713 713 0 537 537 0 715 715 0 531 531 0 714 714 0 538 538 0 714 714 0 716 716 0 538 538 0 717 717 0 542 542 0 718 718 0 717 717 0 715 715 0 542 542 0 715 715 0 537 537 0 542 542 0 717 717 0 718 718 0 719 719 0 538 538 0 716 716 0 543 543 0 716 716 0 720 720 0 543 543 0 718 718 0 546 546 0 721 721 0 542 542 0 546 546 0 718 718 0 722 722 0 719 719 0 718 718 0 721 721 0 722 722 0 718 718 0 725 725 0 723 723 0 724 724 0 725 725 0 720 720 0 723 723 0 725 725 0 547 547 0 720 720 0 547 547 0 543 543 0 720 720 0 721 721 0 550 550 0 726 726 0 546 546 0 550 550 0 721 721 0 727 727 0 722 722 0 721 721 0 726 726 0 727 727 0 721 721 0 729 729 0 725 725 0 724 724 0 728 728 0 729 729 0 724 724 0 547 547 0 729 729 0 551 551 0 725 725 0 729 729 0 547 547 0 726 726 0 554 554 0 730 730 0 550 550 0 554 554 0 726 726 0 731 731 0 727 727 0 726 726 0 730 730 0 731 731 0 726 726 0 729 729 0 728 728 0 732 732 0 732 732 0 551 551 0 729 729 0 732 732 0 733 733 0 551 551 0 733 733 0 555 555 0 551 551 0 730 730 0 558 558 0 734 734 0 554 554 0 558 558 0 730 730 0 735 735 0 731 731 0 730 730 0 734 734 0 735 735 0 730 730 0 555 555 0 733 733 0 559 559 0 733 733 0 736 736 0 559 559 0 734 734 0 563 563 0 737 737 0 558 558 0 563 563 0 734 734 0 738 738 0 735 735 0 734 734 0 737 737 0 738 738 0 734 734 0 559 559 0 736 736 0 564 564 0 736 736 0 739 739 0 564 564 0 737 737 0 741 741 0 740 740 0 737 737 0 563 563 0 741 741 0 563 563 0 569 569 0 741 741 0 738 738 0 737 737 0 740 740 0 743 743 0 570 570 0 564 564 0 743 743 0 564 564 0 742 742 0 742 742 0 564 564 0 739 739 0 570 570 0 743 743 0 571 571 0 574 574 0 575 575 0 744 744 0 574 574 0 744 744 0 745 745 0 574 574 0 745 745 0 569 569 0 569 569 0 745 745 0 741 741 0 747 747 0 743 743 0 742 742 0 746 746 0 747 747 0 742 742 0 571 571 0 747 747 0 576 576 0 743 743 0 747 747 0 571 571 0 744 744 0 581 581 0 748 748 0 575 575 0 581 581 0 744 744 0 749 749 0 745 745 0 744 744 0 748 748 0 749 749 0 744 744 0 747 747 0 746 746 0 750 750 0 752 752 0 750 750 0 751 751 0 582 582 0 750 750 0 752 752 0 582 582 0 747 747 0 750 750 0 582 582 0 576 576 0 747 747 0 582 582 0 752 752 0 583 583 0 588 588 0 589 589 0 753 753 0 588 588 0 753 753 0 755 755 0 581 581 0 588 588 0 755 755 0 581 581 0 755 755 0 754 754 0 581 581 0 754 754 0 748 748 0 749 749 0 748 748 0 754 754 0 757 757 0 752 752 0 751 751 0 756 756 0 757 757 0 751 751 0 583 583 0 757 757 0 590 590 0 752 752 0 757 757 0 583 583 0 753 753 0 759 759 0 758 758 0 753 753 0 589 589 0 759 759 0 589 589 0 595 595 0 759 759 0 755 755 0 753 753 0 758 758 0 757 757 0 756 756 0 760 760 0 762 762 0 760 760 0 761 761 0 596 596 0 760 760 0 762 762 0 596 596 0 757 757 0 760 760 0 596 596 0 590 590 0 757 757 0 596 596 0 762 762 0 597 597 0 603 603 0 604 604 0 763 763 0 603 603 0 763 763 0 764 764 0 603 603 0 764 764 0 595 595 0 595 595 0 764 764 0 759 759 0 762 762 0 761 761 0 765 765 0 767 767 0 765 765 0 766 766 0 605 605 0 765 765 0 767 767 0 605 605 0 762 762 0 765 765 0 605 605 0 597 597 0 762 762 0 605 605 0 767 767 0 606 606 0 614 614 0 615 615 0 768 768 0 614 614 0 768 768 0 770 770 0 604 604 0 614 614 0 770 770 0 604 604 0 770 770 0 769 769 0 604 604 0 769 769 0 763 763 0 764 764 0 763 763 0 769 769 0 767 767 0 766 766 0 771 771 0 773 773 0 771 771 0 772 772 0 616 616 0 771 771 0 773 773 0 616 616 0 767 767 0 771 771 0 616 616 0 606 606 0 767 767 0 616 616 0 774 774 0 617 617 0 773 773 0 774 774 0 616 616 0 617 617 0 774 774 0 618 618 0 626 626 0 627 627 0 775 775 0 777 777 0 626 626 0 775 775 0 777 777 0 776 776 0 626 626 0 776 776 0 628 628 0 626 626 0 768 768 0 615 615 0 628 628 0 768 768 0 628 628 0 778 778 0 778 778 0 628 628 0 776 776 0 770 770 0 768 768 0 778 778 0 773 773 0 772 772 0 779 779 0 774 774 0 773 773 0 779 779 0 780 780 0 774 774 0 779 779 0 782 782 0 780 780 0 781 781 0 629 629 0 780 780 0 782 782 0 629 629 0 774 774 0 780 780 0 629 629 0 618 618 0 774 774 0 629 629 0 783 783 0 630 630 0 782 782 0 783 783 0 629 629 0 630 630 0 783 783 0 631 631 0 640 640 0 641 641 0 784 784 0 640 640 0 785 785 0 642 642 0 784 784 0 785 785 0 640 640 0 642 642 0 785 785 0 787 787 0 627 627 0 642 642 0 787 787 0 627 627 0 787 787 0 786 786 0 627 627 0 786 786 0 775 775 0 777 777 0 775 775 0 786 786 0 782 782 0 781 781 0 788 788 0 783 783 0 782 782 0 788 788 0 789 789 0 783 783 0 788 788 0 631 631 0 783 783 0 789 789 0 631 631 0 789 789 0 643 643 0 643 643 0 789 789 0 790 790 0 792 792 0 790 790 0 791 791 0 792 792 0 644 644 0 790 790 0 644 644 0 643 643 0 790 790 0 644 644 0 793 793 0 645 645 0 792 792 0 793 793 0 644 644 0 645 645 0 794 794 0 646 646 0 793 793 0 794 794 0 645 645 0 646 646 0 795 795 0 647 647 0 794 794 0 795 795 0 646 646 0 647 647 0 796 796 0 648 648 0 795 795 0 796 796 0 647 647 0 648 648 0 797 797 0 649 649 0 796 796 0 797 797 0 648 648 0 799 799 0 649 649 0 797 797 0 799 799 0 798 798 0 649 649 0 798 798 0 650 650 0 649 649 0 784 784 0 641 641 0 650 650 0 784 784 0 650 650 0 800 800 0 800 800 0 650 650 0 798 798 0 785 785 0 784 784 0 800 800 0 801 801 0 785 785 0 800 800 0 787 787 0 785 785 0 801 801 0 792 792 0 791 791 0 802 802 0 793 793 0 792 792 0 802 802 0 803 803 0 793 793 0 802 802 0 794 794 0 793 793 0 803 803 0 804 804 0 794 794 0 803 803 0 795 795 0 794 794 0 804 804 0 805 805 0 795 795 0 804 804 0 796 796 0 795 795 0 805 805 0 806 806 0 796 796 0 805 805 0 797 797 0 796 796 0 806 806 0 807 807 0 797 797 0 806 806 0 799 799 0 797 797 0 807 807 0 810 810 0 808 808 0 809 809 0 810 810 0 652 652 0 651 651 0 810 810 0 651 651 0 808 808 0 808 808 0 651 651 0 811 811 0 654 654 0 812 812 0 651 651 0 651 651 0 812 812 0 811 811 0 656 656 0 813 813 0 654 654 0 654 654 0 813 813 0 812 812 0 658 658 0 814 814 0 656 656 0 656 656 0 814 814 0 813 813 0 660 660 0 815 815 0 658 658 0 658 658 0 815 815 0 814 814 0 662 662 0 817 817 0 816 816 0 662 662 0 816 816 0 660 660 0 660 660 0 816 816 0 815 815 0 817 817 0 819 819 0 818 818 0 816 816 0 817 817 0 818 818 0 818 818 0 819 819 0 820 820 0 823 823 0 821 821 0 822 822 0 823 823 0 664 664 0 663 663 0 823 823 0 663 663 0 821 821 0 821 821 0 663 663 0 824 824 0 666 666 0 825 825 0 663 663 0 663 663 0 825 825 0 824 824 0 809 809 0 668 668 0 810 810 0 809 809 0 825 825 0 668 668 0 825 825 0 666 666 0 668 668 0 652 652 0 810 810 0 668 668 0 662 662 0 669 669 0 817 817 0 670 670 0 817 817 0 669 669 0 819 819 0 817 817 0 670 670 0 819 819 0 826 826 0 820 820 0 819 819 0 670 670 0 826 826 0 670 670 0 672 672 0 826 826 0 674 674 0 828 828 0 827 827 0 674 674 0 827 827 0 672 672 0 672 672 0 827 827 0 826 826 0 827 827 0 828 828 0 829 829 0 832 832 0 830 830 0 831 831 0 822 822 0 830 830 0 832 832 0 823 823 0 822 822 0 832 832 0 823 823 0 832 832 0 676 676 0 823 823 0 676 676 0 675 675 0 664 664 0 823 823 0 675 675 0 674 674 0 678 678 0 828 828 0 828 828 0 833 833 0 829 829 0 828 828 0 678 678 0 833 833 0 678 678 0 679 679 0 833 833 0 681 681 0 835 835 0 834 834 0 681 681 0 834 834 0 679 679 0 679 679 0 834 834 0 833 833 0 834 834 0 835 835 0 836 836 0 682 682 0 837 837 0 838 838 0 683 683 0 682 682 0 838 838 0 831 831 0 685 685 0 832 832 0 831 831 0 837 837 0 685 685 0 837 837 0 682 682 0 685 685 0 676 676 0 832 832 0 685 685 0 681 681 0 686 686 0 835 835 0 835 835 0 839 839 0 836 836 0 835 835 0 686 686 0 839 839 0 686 686 0 687 687 0 839 839 0 839 839 0 687 687 0 689 689 0 840 840 0 839 839 0 689 689 0 690 690 0 841 841 0 842 842 0 691 691 0 690 690 0 842 842 0 838 838 0 690 690 0 683 683 0 841 841 0 690 690 0 838 838 0 689 689 0 843 843 0 840 840 0 693 693 0 843 843 0 689 689 0 843 843 0 693 693 0 695 695 0 844 844 0 843 843 0 695 695 0 847 847 0 845 845 0 846 846 0 847 847 0 842 842 0 845 845 0 847 847 0 696 696 0 842 842 0 696 696 0 691 691 0 842 842 0 848 848 0 697 697 0 849 849 0 848 848 0 844 844 0 697 697 0 844 844 0 695 695 0 697 697 0 848 848 0 849 849 0 850 850 0 853 853 0 851 851 0 852 852 0 846 846 0 851 851 0 853 853 0 847 847 0 846 846 0 853 853 0 847 847 0 853 853 0 699 699 0 847 847 0 699 699 0 698 698 0 696 696 0 847 847 0 698 698 0 697 697 0 701 701 0 849 849 0 703 703 0 855 855 0 854 854 0 701 701 0 703 703 0 854 854 0 701 701 0 854 854 0 850 850 0 701 701 0 850 850 0 849 849 0 854 854 0 855 855 0 856 856 0 704 704 0 853 853 0 852 852 0 704 704 0 852 852 0 705 705 0 705 705 0 852 852 0 857 857 0 699 699 0 853 853 0 704 704 0 703 703 0 707 707 0 855 855 0 855 855 0 707 707 0 709 709 0 855 855 0 709 709 0 856 856 0 856 856 0 709 709 0 858 858 0 705 705 0 857 857 0 710 710 0 857 857 0 859 859 0 710 710 0 709 709 0 713 713 0 858 858 0 858 858 0 713 713 0 860 860 0 863 863 0 861 861 0 862 862 0 863 863 0 859 859 0 861 861 0 863 863 0 714 714 0 859 859 0 714 714 0 710 710 0 859 859 0 864 864 0 715 715 0 865 865 0 864 864 0 860 860 0 715 715 0 860 860 0 713 713 0 715 715 0 864 864 0 865 865 0 866 866 0 868 868 0 863 863 0 862 862 0 867 867 0 868 868 0 862 862 0 714 714 0 868 868 0 716 716 0 863 863 0 868 868 0 714 714 0 715 715 0 717 717 0 865 865 0 865 865 0 717 717 0 719 719 0 865 865 0 719 719 0 866 866 0 866 866 0 719 719 0 869 869 0 871 871 0 868 868 0 867 867 0 870 870 0 871 871 0 867 867 0 716 716 0 871 871 0 720 720 0 868 868 0 871 871 0 716 716 0 719 719 0 722 722 0 869 869 0 869 869 0 722 722 0 872 872 0 723 723 0 871 871 0 870 870 0 723 723 0 870 870 0 724 724 0 724 724 0 870 870 0 873 873 0 720 720 0 871 871 0 723 723 0 722 722 0 727 727 0 872 872 0 872 872 0 727 727 0 874 874 0 724 724 0 873 873 0 728 728 0 873 873 0 875 875 0 728 728 0 727 727 0 731 731 0 874 874 0 874 874 0 731 731 0 876 876 0 878 878 0 732 732 0 728 728 0 878 878 0 728 728 0 877 877 0 877 877 0 728 728 0 875 875 0 732 732 0 878 878 0 733 733 0 731 731 0 735 735 0 876 876 0 876 876 0 735 735 0 879 879 0 881 881 0 878 878 0 877 877 0 880 880 0 881 881 0 877 877 0 733 733 0 881 881 0 736 736 0 878 878 0 881 881 0 733 733 0 735 735 0 738 738 0 879 879 0 879 879 0 738 738 0 882 882 0 884 884 0 881 881 0 880 880 0 883 883 0 884 884 0 880 880 0 736 736 0 884 884 0 739 739 0 881 881 0 884 884 0 736 736 0 740 740 0 741 741 0 885 885 0 740 740 0 885 885 0 886 886 0 740 740 0 886 886 0 738 738 0 738 738 0 886 886 0 882 882 0 884 884 0 883 883 0 887 887 0 887 887 0 739 739 0 884 884 0 887 887 0 888 888 0 739 739 0 888 888 0 742 742 0 739 739 0 885 885 0 890 890 0 889 889 0 885 885 0 741 741 0 890 890 0 741 741 0 745 745 0 890 890 0 886 886 0 885 885 0 889 889 0 742 742 0 888 888 0 746 746 0 888 888 0 891 891 0 746 746 0 745 745 0 749 749 0 890 890 0 890 890 0 749 749 0 892 892 0 894 894 0 750 750 0 746 746 0 894 894 0 746 746 0 893 893 0 893 893 0 746 746 0 891 891 0 750 750 0 894 894 0 751 751 0 754 754 0 755 755 0 895 895 0 754 754 0 895 895 0 896 896 0 754 754 0 896 896 0 749 749 0 749 749 0 896 896 0 892 892 0 894 894 0 893 893 0 897 897 0 897 897 0 751 751 0 894 894 0 897 897 0 898 898 0 751 751 0 898 898 0 756 756 0 751 751 0 758 758 0 759 759 0 899 899 0 758 758 0 899 899 0 901 901 0 755 755 0 758 758 0 901 901 0 755 755 0 901 901 0 900 900 0 755 755 0 900 900 0 895 895 0 896 896 0 895 895 0 900 900 0 756 756 0 898 898 0 902 902 0 760 760 0 756 756 0 902 902 0 902 902 0 761 761 0 760 760 0 903 903 0 761 761 0 902 902 0 899 899 0 905 905 0 904 904 0 899 899 0 759 759 0 905 905 0 759 759 0 764 764 0 905 905 0 901 901 0 899 899 0 904 904 0 761 761 0 903 903 0 906 906 0 765 765 0 761 761 0 906 906 0 906 906 0 766 766 0 765 765 0 907 907 0 766 766 0 906 906 0 769 769 0 909 909 0 908 908 0 770 770 0 909 909 0 769 769 0 905 905 0 764 764 0 769 769 0 908 908 0 905 905 0 769 769 0 766 766 0 907 907 0 910 910 0 771 771 0 766 766 0 910 910 0 910 910 0 772 772 0 771 771 0 911 911 0 772 772 0 910 910 0 776 776 0 777 777 0 912 912 0 914 914 0 776 776 0 912 912 0 914 914 0 913 913 0 776 776 0 913 913 0 778 778 0 776 776 0 909 909 0 770 770 0 778 778 0 913 913 0 909 909 0 778 778 0 772 772 0 911 911 0 915 915 0 779 779 0 772 772 0 915 915 0 917 917 0 915 915 0 916 916 0 917 917 0 780 780 0 915 915 0 780 780 0 779 779 0 915 915 0 780 780 0 917 917 0 781 781 0 786 786 0 787 787 0 918 918 0 786 786 0 918 918 0 920 920 0 777 777 0 786 786 0 920 920 0 777 777 0 920 920 0 919 919 0 777 777 0 919 919 0 912 912 0 914 914 0 912 912 0 919 919 0 917 917 0 916 916 0 921 921 0 781 781 0 917 917 0 921 921 0 781 781 0 921 921 0 788 788 0 788 788 0 921 921 0 922 922 0 789 789 0 788 788 0 923 923 0 788 788 0 922 922 0 923 923 0 925 925 0 923 923 0 924 924 0 925 925 0 790 790 0 923 923 0 790 790 0 789 789 0 923 923 0 790 790 0 925 925 0 791 791 0 798 798 0 799 799 0 926 926 0 928 928 0 798 798 0 926 926 0 928 928 0 927 927 0 798 798 0 927 927 0 800 800 0 798 798 0 801 801 0 800 800 0 929 929 0 800 800 0 927 927 0 929 929 0 918 918 0 787 787 0 801 801 0 918 918 0 801 801 0 930 930 0 930 930 0 801 801 0 929 929 0 920 920 0 918 918 0 930 930 0 925 925 0 924 924 0 931 931 0 791 791 0 925 925 0 931 931 0 791 791 0 931 931 0 802 802 0 802 802 0 931 931 0 932 932 0 803 803 0 802 802 0 933 933 0 802 802 0 932 932 0 933 933 0 804 804 0 803 803 0 934 934 0 803 803 0 933 933 0 934 934 0 805 805 0 804 804 0 935 935 0 804 804 0 934 934 0 935 935 0 806 806 0 805 805 0 936 936 0 805 805 0 935 935 0 936 936 0 807 807 0 806 806 0 937 937 0 806 806 0 936 936 0 937 937 0 926 926 0 799 799 0 807 807 0 926 926 0 807 807 0 938 938 0 938 938 0 807 807 0 937 937 0 928 928 0 926 926 0 938 938 0 941 941 0 939 939 0 940 940 0 941 941 0 809 809 0 808 808 0 941 941 0 808 808 0 939 939 0 939 939 0 808 808 0 942 942 0 811 811 0 943 943 0 808 808 0 808 808 0 943 943 0 942 942 0 812 812 0 944 944 0 811 811 0 811 811 0 944 944 0 943 943 0 813 813 0 945 945 0 812 812 0 812 812 0 945 945 0 944 944 0 814 814 0 946 946 0 813 813 0 813 813 0 946 946 0 945 945 0 815 815 0 947 947 0 814 814 0 814 814 0 947 947 0 946 946 0 816 816 0 948 948 0 815 815 0 815 815 0 948 948 0 947 947 0 818 818 0 949 949 0 816 816 0 816 816 0 949 949 0 948 948 0 820 820 0 951 951 0 950 950 0 820 820 0 950 950 0 818 818 0 818 818 0 950 950 0 949 949 0 950 950 0 951 951 0 952 952 0 821 821 0 953 953 0 954 954 0 822 822 0 821 821 0 954 954 0 824 824 0 955 955 0 821 821 0 821 821 0 955 955 0 953 953 0 940 940 0 825 825 0 941 941 0 940 940 0 955 955 0 825 825 0 955 955 0 824 824 0 825 825 0 809 809 0 941 941 0 825 825 0 820 820 0 826 826 0 951 951 0 951 951 0 956 956 0 952 952 0 951 951 0 826 826 0 956 956 0 826 826 0 827 827 0 956 956 0 829 829 0 958 958 0 957 957 0 829 829 0 957 957 0 827 827 0 827 827 0 957 957 0 956 956 0 957 957 0 958 958 0 959 959 0 830 830 0 960 960 0 961 961 0 831 831 0 830 830 0 961 961 0 954 954 0 830 830 0 822 822 0 960 960 0 830 830 0 954 954 0 829 829 0 833 833 0 958 958 0 958 958 0 962 962 0 959 959 0 958 958 0 833 833 0 962 962 0 833 833 0 834 834 0 962 962 0 962 962 0 834 834 0 836 836 0 963 963 0 962 962 0 836 836 0 837 837 0 964 964 0 965 965 0 838 838 0 837 837 0 965 965 0 961 961 0 837 837 0 831 831 0 964 964 0 837 837 0 961 961 0 836 836 0 966 966 0 963 963 0 839 839 0 966 966 0 836 836 0 966 966 0 839 839 0 840 840 0 967 967 0 966 966 0 840 840 0 841 841 0 968 968 0 969 969 0 842 842 0 841 841 0 969 969 0 965 965 0 841 841 0 838 838 0 968 968 0 841 841 0 965 965 0 840 840 0 970 970 0 967 967 0 843 843 0 970 970 0 840 840 0 970 970 0 843 843 0 844 844 0 971 971 0 970 970 0 844 844 0 845 845 0 972 972 0 973 973 0 846 846 0 845 845 0 973 973 0 969 969 0 845 845 0 842 842 0 972 972 0 845 845 0 969 969 0 844 844 0 974 974 0 971 971 0 848 848 0 974 974 0 844 844 0 974 974 0 848 848 0 850 850 0 975 975 0 974 974 0 850 850 0 851 851 0 976 976 0 977 977 0 852 852 0 851 851 0 977 977 0 973 973 0 851 851 0 846 846 0 976 976 0 851 851 0 973 973 0 850 850 0 978 978 0 975 975 0 854 854 0 978 978 0 850 850 0 978 978 0 854 854 0 856 856 0 979 979 0 978 978 0 856 856 0 852 852 0 977 977 0 857 857 0 977 977 0 980 980 0 857 857 0 856 856 0 858 858 0 979 979 0 979 979 0 858 858 0 981 981 0 984 984 0 982 982 0 983 983 0 984 984 0 980 980 0 982 982 0 984 984 0 859 859 0 980 980 0 859 859 0 857 857 0 980 980 0 985 985 0 860 860 0 986 986 0 985 985 0 981 981 0 860 860 0 981 981 0 858 858 0 860 860 0 985 985 0 986 986 0 987 987 0 861 861 0 984 984 0 983 983 0 861 861 0 983 983 0 862 862 0 862 862 0 983 983 0 988 988 0 859 859 0 984 984 0 861 861 0 860 860 0 864 864 0 986 986 0 986 986 0 864 864 0 866 866 0 986 986 0 866 866 0 987 987 0 987 987 0 866 866 0 989 989 0 862 862 0 988 988 0 867 867 0 988 988 0 990 990 0 867 867 0 866 866 0 869 869 0 989 989 0 989 989 0 869 869 0 991 991 0 867 867 0 990 990 0 870 870 0 990 990 0 992 992 0 870 870 0 993 993 0 872 872 0 994 994 0 993 993 0 991 991 0 872 872 0 991 991 0 869 869 0 872 872 0 993 993 0 994 994 0 995 995 0 870 870 0 992 992 0 873 873 0 992 992 0 996 996 0 873 873 0 994 994 0 874 874 0 997 997 0 872 872 0 874 874 0 994 994 0 998 998 0 995 995 0 994 994 0 997 997 0 998 998 0 994 994 0 873 873 0 996 996 0 875 875 0 996 996 0 999 999 0 875 875 0 997 997 0 876 876 0 1000 1000 0 874 874 0 876 876 0 997 997 0 1001 1001 0 998 998 0 997 997 0 1000 1000 0 1001 1001 0 997 997 0 875 875 0 999 999 0 877 877 0 999 999 0 1002 1002 0 877 877 0 1000 1000 0 1004 1004 0 1003 1003 0 1000 1000 0 876 876 0 1004 1004 0 876 876 0 879 879 0 1004 1004 0 1001 1001 0 1000 1000 0 1003 1003 0 877 877 0 1002 1002 0 880 880 0 1002 1002 0 1005 1005 0 880 880 0 879 879 0 882 882 0 1004 1004 0 1004 1004 0 882 882 0 1006 1006 0 880 880 0 1005 1005 0 883 883 0 1005 1005 0 1007 1007 0 883 883 0 882 882 0 886 886 0 1006 1006 0 1006 1006 0 886 886 0 1008 1008 0 1010 1010 0 887 887 0 883 883 0 1010 1010 0 883 883 0 1009 1009 0 1009 1009 0 883 883 0 1007 1007 0 887 887 0 1010 1010 0 888 888 0 889 889 0 890 890 0 1011 1011 0 889 889 0 1011 1011 0 1012 1012 0 889 889 0 1012 1012 0 886 886 0 886 886 0 1012 1012 0 1008 1008 0 1010 1010 0 1009 1009 0 1013 1013 0 1013 1013 0 888 888 0 1010 1010 0 1013 1013 0 1014 1014 0 888 888 0 1014 1014 0 891 891 0 888 888 0 1011 1011 0 1016 1016 0 1015 1015 0 1011 1011 0 890 890 0 1016 1016 0 890 890 0 892 892 0 1016 1016 0 1012 1012 0 1011 1011 0 1015 1015 0 891 891 0 1014 1014 0 893 893 0 1014 1014 0 1017 1017 0 893 893 0 892 892 0 896 896 0 1016 1016 0 1016 1016 0 896 896 0 1018 1018 0 893 893 0 1017 1017 0 1019 1019 0 897 897 0 893 893 0 1019 1019 0 1019 1019 0 898 898 0 897 897 0 1020 1020 0 898 898 0 1019 1019 0 900 900 0 1022 1022 0 1021 1021 0 901 901 0 1022 1022 0 900 900 0 1018 1018 0 896 896 0 900 900 0 1021 1021 0 1018 1018 0 900 900 0 898 898 0 1020 1020 0 1023 1023 0 902 902 0 898 898 0 1023 1023 0 1023 1023 0 903 903 0 902 902 0 1024 1024 0 903 903 0 1023 1023 0 904 904 0 1026 1026 0 1025 1025 0 905 905 0 1026 1026 0 904 904 0 1022 1022 0 901 901 0 904 904 0 1025 1025 0 1022 1022 0 904 904 0 1028 1028 0 906 906 0 903 903 0 1028 1028 0 903 903 0 1027 1027 0 1027 1027 0 903 903 0 1024 1024 0 906 906 0 1028 1028 0 907 907 0 908 908 0 1030 1030 0 1029 1029 0 909 909 0 1030 1030 0 908 908 0 1026 1026 0 905 905 0 908 908 0 1029 1029 0 1026 1026 0 908 908 0 1028 1028 0 1027 1027 0 1031 1031 0 1033 1033 0 1031 1031 0 1032 1032 0 910 910 0 1031 1031 0 1033 1033 0 910 910 0 1028 1028 0 1031 1031 0 910 910 0 907 907 0 1028 1028 0 910 910 0 1033 1033 0 911 911 0 913 913 0 1035 1035 0 1034 1034 0 914 914 0 1035 1035 0 913 913 0 1030 1030 0 909 909 0 913 913 0 1034 1034 0 1030 1030 0 913 913 0 1033 1033 0 1032 1032 0 1036 1036 0 911 911 0 1033 1033 0 1036 1036 0 911 911 0 1036 1036 0 915 915 0 915 915 0 1036 1036 0 1037 1037 0 1037 1037 0 916 916 0 915 915 0 1038 1038 0 916 916 0 1037 1037 0 919 919 0 1040 1040 0 1039 1039 0 920 920 0 1040 1040 0 919 919 0 1035 1035 0 914 914 0 919 919 0 1039 1039 0 1035 1035 0 919 919 0 916 916 0 1038 1038 0 1041 1041 0 921 921 0 916 916 0 1041 1041 0 922 922 0 921 921 0 1042 1042 0 921 921 0 1041 1041 0 1042 1042 0 1044 1044 0 1042 1042 0 1043 1043 0 1044 1044 0 923 923 0 1042 1042 0 923 923 0 922 922 0 1042 1042 0 923 923 0 1044 1044 0 924 924 0 927 927 0 928 928 0 1045 1045 0 1047 1047 0 927 927 0 1045 1045 0 1047 1047 0 1046 1046 0 927 927 0 1046 1046 0 929 929 0 927 927 0 930 930 0 929 929 0 1048 1048 0 929 929 0 1046 1046 0 1048 1048 0 1040 1040 0 920 920 0 930 930 0 1048 1048 0 1040 1040 0 930 930 0 1044 1044 0 1043 1043 0 1049 1049 0 924 924 0 1044 1044 0 1049 1049 0 924 924 0 1049 1049 0 931 931 0 931 931 0 1049 1049 0 1050 1050 0 932 932 0 931 931 0 1051 1051 0 931 931 0 1050 1050 0 1051 1051 0 1053 1053 0 1051 1051 0 1052 1052 0 1053 1053 0 933 933 0 1051 1051 0 933 933 0 932 932 0 1051 1051 0 933 933 0 1054 1054 0 934 934 0 1053 1053 0 1054 1054 0 933 933 0 934 934 0 1055 1055 0 935 935 0 1054 1054 0 1055 1055 0 934 934 0 935 935 0 1056 1056 0 936 936 0 1055 1055 0 1056 1056 0 935 935 0 1058 1058 0 936 936 0 1056 1056 0 1058 1058 0 1057 1057 0 936 936 0 1057 1057 0 937 937 0 936 936 0 938 938 0 937 937 0 1059 1059 0 937 937 0 1057 1057 0 1059 1059 0 1045 1045 0 928 928 0 938 938 0 1045 1045 0 938 938 0 1060 1060 0 1060 1060 0 938 938 0 1059 1059 0 1047 1047 0 1045 1045 0 1060 1060 0 1053 1053 0 1052 1052 0 1061 1061 0 1054 1054 0 1053 1053 0 1061 1061 0 1062 1062 0 1054 1054 0 1061 1061 0 1055 1055 0 1054 1054 0 1062 1062 0 1063 1063 0 1055 1055 0 1062 1062 0 1056 1056 0 1055 1055 0 1063 1063 0 1064 1064 0 1056 1056 0 1063 1063 0 1058 1058 0 1056 1056 0 1064 1064 0 1067 1067 0 1065 1065 0 1066 1066 0 1067 1067 0 1069 1069 0 1068 1068 0 1065 1065 0 1067 1067 0 1068 1068 0 1068 1068 0 1069 1069 0 1070 1070 0 939 939 0 1071 1071 0 1072 1072 0 940 940 0 939 939 0 1072 1072 0 942 942 0 1073 1073 0 939 939 0 939 939 0 1073 1073 0 1071 1071 0 943 943 0 1074 1074 0 942 942 0 942 942 0 1074 1074 0 1073 1073 0 944 944 0 1075 1075 0 943 943 0 943 943 0 1075 1075 0 1074 1074 0 1066 1066 0 945 945 0 1067 1067 0 1066 1066 0 1075 1075 0 945 945 0 1075 1075 0 944 944 0 945 945 0 946 946 0 1067 1067 0 945 945 0 1069 1069 0 1067 1067 0 946 946 0 1069 1069 0 1076 1076 0 1070 1070 0 1069 1069 0 946 946 0 1076 1076 0 946 946 0 947 947 0 1076 1076 0 948 948 0 1077 1077 0 947 947 0 947 947 0 1077 1077 0 1076 1076 0 949 949 0 1078 1078 0 948 948 0 948 948 0 1078 1078 0 1077 1077 0 950 950 0 1079 1079 0 949 949 0 949 949 0 1079 1079 0 1078 1078 0 1079 1079 0 950 950 0 952 952 0 1080 1080 0 1079 1079 0 952 952 0 953 953 0 1081 1081 0 1082 1082 0 954 954 0 953 953 0 1082 1082 0 955 955 0 1083 1083 0 953 953 0 953 953 0 1083 1083 0 1081 1081 0 1072 1072 0 955 955 0 940 940 0 1083 1083 0 955 955 0 1072 1072 0 952 952 0 1084 1084 0 1080 1080 0 956 956 0 1084 1084 0 952 952 0 957 957 0 1085 1085 0 956 956 0 956 956 0 1085 1085 0 1084 1084 0 1085 1085 0 957 957 0 959 959 0 1086 1086 0 1085 1085 0 959 959 0 1089 1089 0 1087 1087 0 1088 1088 0 1089 1089 0 961 961 0 960 960 0 1089 1089 0 960 960 0 1087 1087 0 1087 1087 0 960 960 0 1090 1090 0 1082 1082 0 960 960 0 954 954 0 1090 1090 0 960 960 0 1082 1082 0 959 959 0 1091 1091 0 1086 1086 0 962 962 0 1091 1091 0 959 959 0 963 963 0 1093 1093 0 1092 1092 0 963 963 0 1092 1092 0 962 962 0 962 962 0 1092 1092 0 1091 1091 0 1092 1092 0 1093 1093 0 1094 1094 0 1097 1097 0 1095 1095 0 1096 1096 0 1088 1088 0 1095 1095 0 1097 1097 0 1089 1089 0 1088 1088 0 1097 1097 0 1089 1089 0 1097 1097 0 965 965 0 1089 1089 0 965 965 0 964 964 0 961 961 0 1089 1089 0 964 964 0 963 963 0 966 966 0 1093 1093 0 967 967 0 1099 1099 0 1098 1098 0 966 966 0 967 967 0 1098 1098 0 966 966 0 1098 1098 0 1094 1094 0 966 966 0 1094 1094 0 1093 1093 0 1098 1098 0 1099 1099 0 1100 1100 0 1103 1103 0 1101 1101 0 1102 1102 0 1096 1096 0 1101 1101 0 1103 1103 0 1097 1097 0 1096 1096 0 1103 1103 0 1097 1097 0 1103 1103 0 969 969 0 1097 1097 0 969 969 0 968 968 0 965 965 0 1097 1097 0 968 968 0 967 967 0 970 970 0 1099 1099 0 971 971 0 1105 1105 0 1104 1104 0 970 970 0 971 971 0 1104 1104 0 970 970 0 1104 1104 0 1100 1100 0 970 970 0 1100 1100 0 1099 1099 0 1104 1104 0 1105 1105 0 1106 1106 0 972 972 0 1103 1103 0 1102 1102 0 972 972 0 1102 1102 0 973 973 0 973 973 0 1102 1102 0 1107 1107 0 969 969 0 1103 1103 0 972 972 0 971 971 0 974 974 0 1105 1105 0 1105 1105 0 974 974 0 975 975 0 1105 1105 0 975 975 0 1106 1106 0 1106 1106 0 975 975 0 1108 1108 0 976 976 0 1109 1109 0 1110 1110 0 977 977 0 976 976 0 1110 1110 0 1107 1107 0 976 976 0 973 973 0 1109 1109 0 976 976 0 1107 1107 0 975 975 0 1111 1111 0 1108 1108 0 978 978 0 1111 1111 0 975 975 0 1111 1111 0 978 978 0 979 979 0 1112 1112 0 1111 1111 0 979 979 0 977 977 0 1110 1110 0 980 980 0 1110 1110 0 1113 1113 0 980 980 0 1114 1114 0 981 981 0 1115 1115 0 1114 1114 0 1112 1112 0 981 981 0 1112 1112 0 979 979 0 981 981 0 1114 1114 0 1115 1115 0 1116 1116 0 982 982 0 1117 1117 0 1118 1118 0 983 983 0 982 982 0 1118 1118 0 1113 1113 0 982 982 0 980 980 0 1117 1117 0 982 982 0 1113 1113 0 981 981 0 985 985 0 1115 1115 0 1115 1115 0 985 985 0 987 987 0 1115 1115 0 987 987 0 1116 1116 0 1116 1116 0 987 987 0 1119 1119 0 983 983 0 1118 1118 0 988 988 0 1118 1118 0 1120 1120 0 988 988 0 987 987 0 989 989 0 1119 1119 0 1119 1119 0 989 989 0 1121 1121 0 988 988 0 1120 1120 0 990 990 0 1120 1120 0 1122 1122 0 990 990 0 1123 1123 0 991 991 0 1124 1124 0 1123 1123 0 1121 1121 0 991 991 0 1121 1121 0 989 989 0 991 991 0 1123 1123 0 1124 1124 0 1125 1125 0 990 990 0 1122 1122 0 992 992 0 1122 1122 0 1126 1126 0 992 992 0 991 991 0 993 993 0 1124 1124 0 1124 1124 0 993 993 0 995 995 0 1124 1124 0 995 995 0 1125 1125 0 1125 1125 0 995 995 0 1127 1127 0 1130 1130 0 1128 1128 0 1129 1129 0 1130 1130 0 1126 1126 0 1128 1128 0 1130 1130 0 996 996 0 1126 1126 0 996 996 0 992 992 0 1126 1126 0 995 995 0 998 998 0 1127 1127 0 1127 1127 0 998 998 0 1131 1131 0 1133 1133 0 1130 1130 0 1129 1129 0 1132 1132 0 1133 1133 0 1129 1129 0 996 996 0 1133 1133 0 999 999 0 1130 1130 0 1133 1133 0 996 996 0 998 998 0 1001 1001 0 1131 1131 0 1131 1131 0 1001 1001 0 1134 1134 0 1133 1133 0 1132 1132 0 1135 1135 0 1135 1135 0 999 999 0 1133 1133 0 1135 1135 0 1136 1136 0 999 999 0 1136 1136 0 1002 1002 0 999 999 0 1003 1003 0 1004 1004 0 1137 1137 0 1003 1003 0 1137 1137 0 1138 1138 0 1003 1003 0 1138 1138 0 1001 1001 0 1001 1001 0 1138 1138 0 1134 1134 0 1002 1002 0 1136 1136 0 1005 1005 0 1136 1136 0 1139 1139 0 1005 1005 0 1137 1137 0 1006 1006 0 1140 1140 0 1004 1004 0 1006 1006 0 1137 1137 0 1141 1141 0 1138 1138 0 1137 1137 0 1140 1140 0 1141 1141 0 1137 1137 0 1005 1005 0 1139 1139 0 1007 1007 0 1139 1139 0 1142 1142 0 1007 1007 0 1140 1140 0 1144 1144 0 1143 1143 0 1140 1140 0 1006 1006 0 1144 1144 0 1006 1006 0 1008 1008 0 1144 1144 0 1141 1141 0 1140 1140 0 1143 1143 0 1007 1007 0 1142 1142 0 1009 1009 0 1142 1142 0 1145 1145 0 1009 1009 0 1008 1008 0 1012 1012 0 1144 1144 0 1144 1144 0 1012 1012 0 1146 1146 0 1009 1009 0 1145 1145 0 1147 1147 0 1013 1013 0 1009 1009 0 1147 1147 0 1147 1147 0 1014 1014 0 1013 1013 0 1148 1148 0 1014 1014 0 1147 1147 0 1015 1015 0 1016 1016 0 1149 1149 0 1015 1015 0 1149 1149 0 1150 1150 0 1015 1015 0 1150 1150 0 1012 1012 0 1012 1012 0 1150 1150 0 1146 1146 0 1014 1014 0 1148 1148 0 1017 1017 0 1148 1148 0 1151 1151 0 1017 1017 0 1149 1149 0 1153 1153 0 1152 1152 0 1149 1149 0 1016 1016 0 1153 1153 0 1016 1016 0 1018 1018 0 1153 1153 0 1150 1150 0 1149 1149 0 1152 1152 0 1017 1017 0 1151 1151 0 1154 1154 0 1019 1019 0 1017 1017 0 1154 1154 0 1154 1154 0 1020 1020 0 1019 1019 0 1155 1155 0 1020 1020 0 1154 1154 0 1021 1021 0 1157 1157 0 1156 1156 0 1022 1022 0 1157 1157 0 1021 1021 0 1153 1153 0 1018 1018 0 1021 1021 0 1156 1156 0 1153 1153 0 1021 1021 0 1159 1159 0 1023 1023 0 1020 1020 0 1159 1159 0 1020 1020 0 1158 1158 0 1158 1158 0 1020 1020 0 1155 1155 0 1023 1023 0 1159 1159 0 1024 1024 0 1025 1025 0 1026 1026 0 1160 1160 0 1025 1025 0 1160 1160 0 1161 1161 0 1025 1025 0 1161 1161 0 1022 1022 0 1022 1022 0 1161 1161 0 1157 1157 0 1159 1159 0 1158 1158 0 1162 1162 0 1162 1162 0 1024 1024 0 1159 1159 0 1162 1162 0 1163 1163 0 1024 1024 0 1163 1163 0 1027 1027 0 1024 1024 0 1029 1029 0 1030 1030 0 1164 1164 0 1029 1029 0 1164 1164 0 1166 1166 0 1026 1026 0 1029 1029 0 1166 1166 0 1026 1026 0 1166 1166 0 1165 1165 0 1026 1026 0 1165 1165 0 1160 1160 0 1161 1161 0 1160 1160 0 1165 1165 0 1027 1027 0 1163 1163 0 1167 1167 0 1031 1031 0 1027 1027 0 1167 1167 0 1167 1167 0 1032 1032 0 1031 1031 0 1168 1168 0 1032 1032 0 1167 1167 0 1034 1034 0 1035 1035 0 1169 1169 0 1034 1034 0 1169 1169 0 1171 1171 0 1030 1030 0 1034 1034 0 1171 1171 0 1030 1030 0 1171 1171 0 1170 1170 0 1030 1030 0 1170 1170 0 1164 1164 0 1166 1166 0 1164 1164 0 1170 1170 0 1032 1032 0 1168 1168 0 1172 1172 0 1036 1036 0 1032 1032 0 1172 1172 0 1037 1037 0 1036 1036 0 1173 1173 0 1036 1036 0 1172 1172 0 1173 1173 0 1173 1173 0 1038 1038 0 1037 1037 0 1174 1174 0 1038 1038 0 1173 1173 0 1039 1039 0 1176 1176 0 1175 1175 0 1040 1040 0 1176 1176 0 1039 1039 0 1169 1169 0 1035 1035 0 1039 1039 0 1169 1169 0 1039 1039 0 1177 1177 0 1177 1177 0 1039 1039 0 1175 1175 0 1171 1171 0 1169 1169 0 1177 1177 0 1038 1038 0 1174 1174 0 1178 1178 0 1041 1041 0 1038 1038 0 1178 1178 0 1180 1180 0 1178 1178 0 1179 1179 0 1180 1180 0 1042 1042 0 1178 1178 0 1042 1042 0 1041 1041 0 1178 1178 0 1042 1042 0 1180 1180 0 1043 1043 0 1046 1046 0 1047 1047 0 1181 1181 0 1183 1183 0 1046 1046 0 1181 1181 0 1183 1183 0 1182 1182 0 1046 1046 0 1182 1182 0 1048 1048 0 1046 1046 0 1176 1176 0 1040 1040 0 1048 1048 0 1182 1182 0 1176 1176 0 1048 1048 0 1180 1180 0 1179 1179 0 1184 1184 0 1043 1043 0 1180 1180 0 1184 1184 0 1043 1043 0 1184 1184 0 1049 1049 0 1049 1049 0 1184 1184 0 1185 1185 0 1050 1050 0 1049 1049 0 1186 1186 0 1049 1049 0 1185 1185 0 1186 1186 0 1188 1188 0 1186 1186 0 1187 1187 0 1188 1188 0 1051 1051 0 1186 1186 0 1051 1051 0 1050 1050 0 1186 1186 0 1051 1051 0 1188 1188 0 1052 1052 0 1057 1057 0 1058 1058 0 1189 1189 0 1191 1191 0 1057 1057 0 1189 1189 0 1191 1191 0 1190 1190 0 1057 1057 0 1190 1190 0 1059 1059 0 1057 1057 0 1060 1060 0 1059 1059 0 1192 1192 0 1059 1059 0 1190 1190 0 1192 1192 0 1181 1181 0 1047 1047 0 1060 1060 0 1181 1181 0 1060 1060 0 1193 1193 0 1193 1193 0 1060 1060 0 1192 1192 0 1183 1183 0 1181 1181 0 1193 1193 0 1188 1188 0 1187 1187 0 1194 1194 0 1052 1052 0 1188 1188 0 1194 1194 0 1052 1052 0 1194 1194 0 1061 1061 0 1061 1061 0 1194 1194 0 1195 1195 0 1062 1062 0 1061 1061 0 1196 1196 0 1061 1061 0 1195 1195 0 1196 1196 0 1063 1063 0 1062 1062 0 1197 1197 0 1062 1062 0 1196 1196 0 1197 1197 0 1064 1064 0 1063 1063 0 1198 1198 0 1063 1063 0 1197 1197 0 1198 1198 0 1189 1189 0 1058 1058 0 1064 1064 0 1189 1189 0 1064 1064 0 1199 1199 0 1199 1199 0 1064 1064 0 1198 1198 0 1191 1191 0 1189 1189 0 1199 1199 0 1202 1202 0 1200 1200 0 1201 1201 0 1202 1202 0 1066 1066 0 1065 1065 0 1202 1202 0 1065 1065 0 1200 1200 0 1200 1200 0 1065 1065 0 1203 1203 0 1068 1068 0 1204 1204 0 1065 1065 0 1065 1065 0 1204 1204 0 1203 1203 0 1070 1070 0 1206 1206 0 1205 1205 0 1070 1070 0 1205 1205 0 1068 1068 0 1068 1068 0 1205 1205 0 1204 1204 0 1205 1205 0 1206 1206 0 1207 1207 0 1071 1071 0 1208 1208 0 1209 1209 0 1072 1072 0 1071 1071 0 1209 1209 0 1073 1073 0 1210 1210 0 1071 1071 0 1071 1071 0 1210 1210 0 1208 1208 0 1074 1074 0 1211 1211 0 1073 1073 0 1073 1073 0 1211 1211 0 1210 1210 0 1201 1201 0 1075 1075 0 1202 1202 0 1201 1201 0 1211 1211 0 1075 1075 0 1211 1211 0 1074 1074 0 1075 1075 0 1066 1066 0 1202 1202 0 1075 1075 0 1070 1070 0 1076 1076 0 1206 1206 0 1206 1206 0 1212 1212 0 1207 1207 0 1206 1206 0 1076 1076 0 1212 1212 0 1076 1076 0 1077 1077 0 1212 1212 0 1078 1078 0 1213 1213 0 1077 1077 0 1077 1077 0 1213 1213 0 1212 1212 0 1079 1079 0 1214 1214 0 1078 1078 0 1078 1078 0 1214 1214 0 1213 1213 0 1214 1214 0 1079 1079 0 1080 1080 0 1215 1215 0 1214 1214 0 1080 1080 0 1218 1218 0 1216 1216 0 1217 1217 0 1218 1218 0 1082 1082 0 1081 1081 0 1218 1218 0 1081 1081 0 1216 1216 0 1216 1216 0 1081 1081 0 1219 1219 0 1083 1083 0 1220 1220 0 1081 1081 0 1081 1081 0 1220 1220 0 1219 1219 0 1209 1209 0 1083 1083 0 1072 1072 0 1220 1220 0 1083 1083 0 1209 1209 0 1080 1080 0 1221 1221 0 1215 1215 0 1084 1084 0 1221 1221 0 1080 1080 0 1085 1085 0 1222 1222 0 1084 1084 0 1084 1084 0 1222 1222 0 1221 1221 0 1086 1086 0 1224 1224 0 1223 1223 0 1086 1086 0 1223 1223 0 1085 1085 0 1085 1085 0 1223 1223 0 1222 1222 0 1223 1223 0 1224 1224 0 1225 1225 0 1087 1087 0 1226 1226 0 1227 1227 0 1088 1088 0 1087 1087 0 1227 1227 0 1217 1217 0 1090 1090 0 1218 1218 0 1217 1217 0 1226 1226 0 1090 1090 0 1226 1226 0 1087 1087 0 1090 1090 0 1082 1082 0 1218 1218 0 1090 1090 0 1086 1086 0 1091 1091 0 1224 1224 0 1224 1224 0 1228 1228 0 1225 1225 0 1224 1224 0 1091 1091 0 1228 1228 0 1091 1091 0 1092 1092 0 1228 1228 0 1228 1228 0 1092 1092 0 1094 1094 0 1229 1229 0 1228 1228 0 1094 1094 0 1095 1095 0 1230 1230 0 1231 1231 0 1096 1096 0 1095 1095 0 1231 1231 0 1227 1227 0 1095 1095 0 1088 1088 0 1230 1230 0 1095 1095 0 1227 1227 0 1094 1094 0 1232 1232 0 1229 1229 0 1098 1098 0 1232 1232 0 1094 1094 0 1232 1232 0 1098 1098 0 1100 1100 0 1233 1233 0 1232 1232 0 1100 1100 0 1101 1101 0 1234 1234 0 1235 1235 0 1102 1102 0 1101 1101 0 1235 1235 0 1231 1231 0 1101 1101 0 1096 1096 0 1234 1234 0 1101 1101 0 1231 1231 0 1100 1100 0 1236 1236 0 1233 1233 0 1104 1104 0 1236 1236 0 1100 1100 0 1236 1236 0 1104 1104 0 1106 1106 0 1237 1237 0 1236 1236 0 1106 1106 0 1240 1240 0 1238 1238 0 1239 1239 0 1240 1240 0 1235 1235 0 1238 1238 0 1240 1240 0 1107 1107 0 1235 1235 0 1107 1107 0 1102 1102 0 1235 1235 0 1241 1241 0 1108 1108 0 1242 1242 0 1241 1241 0 1237 1237 0 1108 1108 0 1237 1237 0 1106 1106 0 1108 1108 0 1241 1241 0 1242 1242 0 1243 1243 0 1109 1109 0 1240 1240 0 1239 1239 0 1109 1109 0 1239 1239 0 1110 1110 0 1110 1110 0 1239 1239 0 1244 1244 0 1107 1107 0 1240 1240 0 1109 1109 0 1108 1108 0 1111 1111 0 1242 1242 0 1242 1242 0 1111 1111 0 1112 1112 0 1242 1242 0 1112 1112 0 1243 1243 0 1243 1243 0 1112 1112 0 1245 1245 0 1110 1110 0 1244 1244 0 1113 1113 0 1244 1244 0 1246 1246 0 1113 1113 0 1112 1112 0 1247 1247 0 1245 1245 0 1114 1114 0 1247 1247 0 1112 1112 0 1247 1247 0 1114 1114 0 1116 1116 0 1248 1248 0 1247 1247 0 1116 1116 0 1117 1117 0 1249 1249 0 1250 1250 0 1118 1118 0 1117 1117 0 1250 1250 0 1246 1246 0 1117 1117 0 1113 1113 0 1249 1249 0 1117 1117 0 1246 1246 0 1116 1116 0 1119 1119 0 1248 1248 0 1248 1248 0 1119 1119 0 1251 1251 0 1118 1118 0 1250 1250 0 1120 1120 0 1250 1250 0 1252 1252 0 1120 1120 0 1119 1119 0 1121 1121 0 1251 1251 0 1251 1251 0 1121 1121 0 1253 1253 0 1120 1120 0 1252 1252 0 1122 1122 0 1252 1252 0 1254 1254 0 1122 1122 0 1121 1121 0 1255 1255 0 1253 1253 0 1123 1123 0 1255 1255 0 1121 1121 0 1255 1255 0 1123 1123 0 1125 1125 0 1256 1256 0 1255 1255 0 1125 1125 0 1259 1259 0 1257 1257 0 1258 1258 0 1259 1259 0 1254 1254 0 1257 1257 0 1259 1259 0 1126 1126 0 1254 1254 0 1126 1126 0 1122 1122 0 1254 1254 0 1125 1125 0 1127 1127 0 1256 1256 0 1256 1256 0 1127 1127 0 1260 1260 0 1128 1128 0 1259 1259 0 1258 1258 0 1128 1128 0 1258 1258 0 1129 1129 0 1129 1129 0 1258 1258 0 1261 1261 0 1126 1126 0 1259 1259 0 1128 1128 0 1127 1127 0 1131 1131 0 1260 1260 0 1260 1260 0 1131 1131 0 1262 1262 0 1129 1129 0 1261 1261 0 1132 1132 0 1261 1261 0 1263 1263 0 1132 1132 0 1131 1131 0 1134 1134 0 1262 1262 0 1262 1262 0 1134 1134 0 1264 1264 0 1266 1266 0 1135 1135 0 1132 1132 0 1266 1266 0 1132 1132 0 1265 1265 0 1265 1265 0 1132 1132 0 1263 1263 0 1135 1135 0 1266 1266 0 1136 1136 0 1134 1134 0 1138 1138 0 1264 1264 0 1264 1264 0 1138 1138 0 1267 1267 0 1266 1266 0 1265 1265 0 1268 1268 0 1268 1268 0 1136 1136 0 1266 1266 0 1268 1268 0 1269 1269 0 1136 1136 0 1269 1269 0 1139 1139 0 1136 1136 0 1138 1138 0 1141 1141 0 1267 1267 0 1267 1267 0 1141 1141 0 1270 1270 0 1139 1139 0 1269 1269 0 1142 1142 0 1269 1269 0 1271 1271 0 1142 1142 0 1143 1143 0 1273 1273 0 1272 1272 0 1144 1144 0 1273 1273 0 1143 1143 0 1270 1270 0 1141 1141 0 1143 1143 0 1272 1272 0 1270 1270 0 1143 1143 0 1142 1142 0 1271 1271 0 1145 1145 0 1271 1271 0 1274 1274 0 1145 1145 0 1144 1144 0 1146 1146 0 1273 1273 0 1273 1273 0 1146 1146 0 1275 1275 0 1145 1145 0 1274 1274 0 1276 1276 0 1147 1147 0 1145 1145 0 1276 1276 0 1276 1276 0 1148 1148 0 1147 1147 0 1277 1277 0 1148 1148 0 1276 1276 0 1146 1146 0 1150 1150 0 1275 1275 0 1275 1275 0 1150 1150 0 1278 1278 0 1148 1148 0 1277 1277 0 1151 1151 0 1277 1277 0 1279 1279 0 1151 1151 0 1152 1152 0 1281 1281 0 1280 1280 0 1153 1153 0 1281 1281 0 1152 1152 0 1278 1278 0 1150 1150 0 1152 1152 0 1280 1280 0 1278 1278 0 1152 1152 0 1283 1283 0 1154 1154 0 1151 1151 0 1283 1283 0 1151 1151 0 1282 1282 0 1282 1282 0 1151 1151 0 1279 1279 0 1154 1154 0 1283 1283 0 1155 1155 0 1156 1156 0 1157 1157 0 1284 1284 0 1156 1156 0 1284 1284 0 1285 1285 0 1156 1156 0 1285 1285 0 1153 1153 0 1153 1153 0 1285 1285 0 1281 1281 0 1283 1283 0 1282 1282 0 1286 1286 0 1286 1286 0 1155 1155 0 1283 1283 0 1286 1286 0 1287 1287 0 1155 1155 0 1287 1287 0 1158 1158 0 1155 1155 0 1284 1284 0 1289 1289 0 1288 1288 0 1284 1284 0 1157 1157 0 1289 1289 0 1157 1157 0 1161 1161 0 1289 1289 0 1285 1285 0 1284 1284 0 1288 1288 0 1158 1158 0 1287 1287 0 1290 1290 0 1162 1162 0 1158 1158 0 1290 1290 0 1290 1290 0 1163 1163 0 1162 1162 0 1291 1291 0 1163 1163 0 1290 1290 0 1165 1165 0 1293 1293 0 1292 1292 0 1166 1166 0 1293 1293 0 1165 1165 0 1289 1289 0 1161 1161 0 1165 1165 0 1292 1292 0 1289 1289 0 1165 1165 0 1163 1163 0 1291 1291 0 1294 1294 0 1167 1167 0 1163 1163 0 1294 1294 0 1294 1294 0 1168 1168 0 1167 1167 0 1295 1295 0 1168 1168 0 1294 1294 0 1170 1170 0 1297 1297 0 1296 1296 0 1171 1171 0 1297 1297 0 1170 1170 0 1293 1293 0 1166 1166 0 1170 1170 0 1296 1296 0 1293 1293 0 1170 1170 0 1168 1168 0 1295 1295 0 1298 1298 0 1172 1172 0 1168 1168 0 1298 1298 0 1300 1300 0 1298 1298 0 1299 1299 0 1300 1300 0 1173 1173 0 1298 1298 0 1173 1173 0 1172 1172 0 1298 1298 0 1173 1173 0 1300 1300 0 1174 1174 0 1175 1175 0 1176 1176 0 1301 1301 0 1303 1303 0 1175 1175 0 1301 1301 0 1303 1303 0 1302 1302 0 1175 1175 0 1302 1302 0 1177 1177 0 1175 1175 0 1297 1297 0 1171 1171 0 1177 1177 0 1302 1302 0 1297 1297 0 1177 1177 0 1300 1300 0 1299 1299 0 1304 1304 0 1174 1174 0 1300 1300 0 1304 1304 0 1174 1174 0 1304 1304 0 1178 1178 0 1178 1178 0 1304 1304 0 1305 1305 0 1305 1305 0 1179 1179 0 1178 1178 0 1306 1306 0 1179 1179 0 1305 1305 0 1182 1182 0 1308 1308 0 1307 1307 0 1183 1183 0 1308 1308 0 1182 1182 0 1301 1301 0 1176 1176 0 1182 1182 0 1301 1301 0 1182 1182 0 1309 1309 0 1309 1309 0 1182 1182 0 1307 1307 0 1303 1303 0 1301 1301 0 1309 1309 0 1179 1179 0 1306 1306 0 1310 1310 0 1184 1184 0 1179 1179 0 1310 1310 0 1185 1185 0 1184 1184 0 1311 1311 0 1184 1184 0 1310 1310 0 1311 1311 0 1186 1186 0 1185 1185 0 1312 1312 0 1185 1185 0 1311 1311 0 1312 1312 0 1312 1312 0 1187 1187 0 1186 1186 0 1313 1313 0 1187 1187 0 1312 1312 0 1190 1190 0 1315 1315 0 1314 1314 0 1191 1191 0 1315 1315 0 1190 1190 0 1192 1192 0 1190 1190 0 1316 1316 0 1190 1190 0 1314 1314 0 1316 1316 0 1193 1193 0 1192 1192 0 1317 1317 0 1192 1192 0 1316 1316 0 1317 1317 0 1308 1308 0 1183 1183 0 1193 1193 0 1317 1317 0 1308 1308 0 1193 1193 0 1187 1187 0 1313 1313 0 1318 1318 0 1194 1194 0 1187 1187 0 1318 1318 0 1195 1195 0 1194 1194 0 1319 1319 0 1194 1194 0 1318 1318 0 1319 1319 0 1196 1196 0 1195 1195 0 1320 1320 0 1195 1195 0 1319 1319 0 1320 1320 0 1197 1197 0 1196 1196 0 1321 1321 0 1196 1196 0 1320 1320 0 1321 1321 0 1198 1198 0 1197 1197 0 1322 1322 0 1197 1197 0 1321 1321 0 1322 1322 0 1199 1199 0 1198 1198 0 1323 1323 0 1198 1198 0 1322 1322 0 1323 1323 0 1315 1315 0 1191 1191 0 1199 1199 0 1323 1323 0 1315 1315 0 1199 1199 0 1200 1200 0 1324 1324 0 1325 1325 0 1201 1201 0 1200 1200 0 1325 1325 0 1203 1203 0 1326 1326 0 1200 1200 0 1200 1200 0 1326 1326 0 1324 1324 0 1204 1204 0 1327 1327 0 1203 1203 0 1203 1203 0 1327 1327 0 1326 1326 0 1205 1205 0 1328 1328 0 1204 1204 0 1204 1204 0 1328 1328 0 1327 1327 0 1328 1328 0 1205 1205 0 1207 1207 0 1329 1329 0 1328 1328 0 1207 1207 0 1208 1208 0 1330 1330 0 1331 1331 0 1209 1209 0 1208 1208 0 1331 1331 0 1210 1210 0 1332 1332 0 1208 1208 0 1208 1208 0 1332 1332 0 1330 1330 0 1211 1211 0 1333 1333 0 1210 1210 0 1210 1210 0 1333 1333 0 1332 1332 0 1325 1325 0 1211 1211 0 1201 1201 0 1333 1333 0 1211 1211 0 1325 1325 0 1207 1207 0 1334 1334 0 1329 1329 0 1212 1212 0 1334 1334 0 1207 1207 0 1213 1213 0 1335 1335 0 1212 1212 0 1212 1212 0 1335 1335 0 1334 1334 0 1214 1214 0 1336 1336 0 1213 1213 0 1213 1213 0 1336 1336 0 1335 1335 0 1336 1336 0 1214 1214 0 1215 1215 0 1337 1337 0 1336 1336 0 1215 1215 0 1216 1216 0 1338 1338 0 1339 1339 0 1217 1217 0 1216 1216 0 1339 1339 0 1219 1219 0 1340 1340 0 1216 1216 0 1216 1216 0 1340 1340 0 1338 1338 0 1220 1220 0 1341 1341 0 1219 1219 0 1219 1219 0 1341 1341 0 1340 1340 0 1331 1331 0 1220 1220 0 1209 1209 0 1341 1341 0 1220 1220 0 1331 1331 0 1215 1215 0 1342 1342 0 1337 1337 0 1221 1221 0 1342 1342 0 1215 1215 0 1222 1222 0 1343 1343 0 1221 1221 0 1221 1221 0 1343 1343 0 1342 1342 0 1223 1223 0 1344 1344 0 1222 1222 0 1222 1222 0 1344 1344 0 1343 1343 0 1344 1344 0 1223 1223 0 1225 1225 0 1345 1345 0 1344 1344 0 1225 1225 0 1226 1226 0 1346 1346 0 1347 1347 0 1227 1227 0 1226 1226 0 1347 1347 0 1339 1339 0 1226 1226 0 1217 1217 0 1346 1346 0 1226 1226 0 1339 1339 0 1225 1225 0 1348 1348 0 1345 1345 0 1228 1228 0 1348 1348 0 1225 1225 0 1348 1348 0 1228 1228 0 1229 1229 0 1349 1349 0 1348 1348 0 1229 1229 0 1230 1230 0 1350 1350 0 1351 1351 0 1231 1231 0 1230 1230 0 1351 1351 0 1347 1347 0 1230 1230 0 1227 1227 0 1350 1350 0 1230 1230 0 1347 1347 0 1229 1229 0 1352 1352 0 1349 1349 0 1232 1232 0 1352 1352 0 1229 1229 0 1352 1352 0 1232 1232 0 1233 1233 0 1353 1353 0 1352 1352 0 1233 1233 0 1234 1234 0 1354 1354 0 1355 1355 0 1235 1235 0 1234 1234 0 1355 1355 0 1351 1351 0 1234 1234 0 1231 1231 0 1354 1354 0 1234 1234 0 1351 1351 0 1233 1233 0 1356 1356 0 1353 1353 0 1236 1236 0 1356 1356 0 1233 1233 0 1356 1356 0 1236 1236 0 1237 1237 0 1357 1357 0 1356 1356 0 1237 1237 0 1238 1238 0 1358 1358 0 1359 1359 0 1239 1239 0 1238 1238 0 1359 1359 0 1355 1355 0 1238 1238 0 1235 1235 0 1358 1358 0 1238 1238 0 1355 1355 0 1237 1237 0 1360 1360 0 1357 1357 0 1241 1241 0 1360 1360 0 1237 1237 0 1360 1360 0 1241 1241 0 1243 1243 0 1361 1361 0 1360 1360 0 1243 1243 0 1239 1239 0 1359 1359 0 1244 1244 0 1359 1359 0 1362 1362 0 1244 1244 0 1243 1243 0 1245 1245 0 1361 1361 0 1361 1361 0 1245 1245 0 1363 1363 0 1244 1244 0 1362 1362 0 1246 1246 0 1362 1362 0 1364 1364 0 1246 1246 0 1245 1245 0 1365 1365 0 1363 1363 0 1247 1247 0 1365 1365 0 1245 1245 0 1365 1365 0 1247 1247 0 1248 1248 0 1366 1366 0 1365 1365 0 1248 1248 0 1249 1249 0 1367 1367 0 1368 1368 0 1250 1250 0 1249 1249 0 1368 1368 0 1364 1364 0 1249 1249 0 1246 1246 0 1367 1367 0 1249 1249 0 1364 1364 0 1248 1248 0 1251 1251 0 1366 1366 0 1366 1366 0 1251 1251 0 1369 1369 0 1250 1250 0 1368 1368 0 1252 1252 0 1368 1368 0 1370 1370 0 1252 1252 0 1251 1251 0 1253 1253 0 1369 1369 0 1369 1369 0 1253 1253 0 1371 1371 0 1252 1252 0 1370 1370 0 1254 1254 0 1370 1370 0 1372 1372 0 1254 1254 0 1253 1253 0 1373 1373 0 1371 1371 0 1255 1255 0 1373 1373 0 1253 1253 0 1373 1373 0 1255 1255 0 1256 1256 0 1374 1374 0 1373 1373 0 1256 1256 0 1257 1257 0 1375 1375 0 1376 1376 0 1258 1258 0 1257 1257 0 1376 1376 0 1372 1372 0 1257 1257 0 1254 1254 0 1375 1375 0 1257 1257 0 1372 1372 0 1256 1256 0 1260 1260 0 1374 1374 0 1374 1374 0 1260 1260 0 1377 1377 0 1258 1258 0 1376 1376 0 1261 1261 0 1376 1376 0 1378 1378 0 1261 1261 0 1260 1260 0 1262 1262 0 1377 1377 0 1377 1377 0 1262 1262 0 1379 1379 0 1261 1261 0 1378 1378 0 1263 1263 0 1378 1378 0 1380 1380 0 1263 1263 0 1262 1262 0 1264 1264 0 1379 1379 0 1379 1379 0 1264 1264 0 1381 1381 0 1263 1263 0 1380 1380 0 1265 1265 0 1380 1380 0 1382 1382 0 1265 1265 0 1264 1264 0 1267 1267 0 1381 1381 0 1381 1381 0 1267 1267 0 1383 1383 0 1265 1265 0 1382 1382 0 1384 1384 0 1268 1268 0 1265 1265 0 1384 1384 0 1384 1384 0 1269 1269 0 1268 1268 0 1385 1385 0 1269 1269 0 1384 1384 0 1267 1267 0 1270 1270 0 1383 1383 0 1383 1383 0 1270 1270 0 1386 1386 0 1269 1269 0 1385 1385 0 1271 1271 0 1385 1385 0 1387 1387 0 1271 1271 0 1272 1272 0 1389 1389 0 1388 1388 0 1273 1273 0 1389 1389 0 1272 1272 0 1386 1386 0 1270 1270 0 1272 1272 0 1388 1388 0 1386 1386 0 1272 1272 0 1271 1271 0 1387 1387 0 1274 1274 0 1387 1387 0 1390 1390 0 1274 1274 0 1273 1273 0 1275 1275 0 1389 1389 0 1389 1389 0 1275 1275 0 1391 1391 0 1274 1274 0 1390 1390 0 1392 1392 0 1276 1276 0 1274 1274 0 1392 1392 0 1392 1392 0 1277 1277 0 1276 1276 0 1393 1393 0 1277 1277 0 1392 1392 0 1275 1275 0 1278 1278 0 1391 1391 0 1391 1391 0 1278 1278 0 1394 1394 0 1277 1277 0 1393 1393 0 1279 1279 0 1393 1393 0 1395 1395 0 1279 1279 0 1280 1280 0 1397 1397 0 1396 1396 0 1281 1281 0 1397 1397 0 1280 1280 0 1394 1394 0 1278 1278 0 1280 1280 0 1396 1396 0 1394 1394 0 1280 1280 0 1279 1279 0 1395 1395 0 1282 1282 0 1395 1395 0 1398 1398 0 1282 1282 0 1281 1281 0 1285 1285 0 1397 1397 0 1397 1397 0 1285 1285 0 1399 1399 0 1282 1282 0 1398 1398 0 1400 1400 0 1286 1286 0 1282 1282 0 1400 1400 0 1400 1400 0 1287 1287 0 1286 1286 0 1401 1401 0 1287 1287 0 1400 1400 0 1288 1288 0 1403 1403 0 1402 1402 0 1289 1289 0 1403 1403 0 1288 1288 0 1399 1399 0 1285 1285 0 1288 1288 0 1402 1402 0 1399 1399 0 1288 1288 0 1287 1287 0 1401 1401 0 1404 1404 0 1290 1290 0 1287 1287 0 1404 1404 0 1404 1404 0 1291 1291 0 1290 1290 0 1405 1405 0 1291 1291 0 1404 1404 0 1292 1292 0 1407 1407 0 1406 1406 0 1293 1293 0 1407 1407 0 1292 1292 0 1403 1403 0 1289 1289 0 1292 1292 0 1406 1406 0 1403 1403 0 1292 1292 0 1291 1291 0 1405 1405 0 1408 1408 0 1294 1294 0 1291 1291 0 1408 1408 0 1408 1408 0 1295 1295 0 1294 1294 0 1409 1409 0 1295 1295 0 1408 1408 0 1296 1296 0 1411 1411 0 1410 1410 0 1297 1297 0 1411 1411 0 1296 1296 0 1407 1407 0 1293 1293 0 1296 1296 0 1410 1410 0 1407 1407 0 1296 1296 0 1295 1295 0 1409 1409 0 1412 1412 0 1298 1298 0 1295 1295 0 1412 1412 0 1412 1412 0 1299 1299 0 1298 1298 0 1413 1413 0 1299 1299 0 1412 1412 0 1302 1302 0 1415 1415 0 1414 1414 0 1303 1303 0 1415 1415 0 1302 1302 0 1411 1411 0 1297 1297 0 1302 1302 0 1414 1414 0 1411 1411 0 1302 1302 0 1299 1299 0 1413 1413 0 1416 1416 0 1304 1304 0 1299 1299 0 1416 1416 0 1305 1305 0 1304 1304 0 1417 1417 0 1304 1304 0 1416 1416 0 1417 1417 0 1417 1417 0 1306 1306 0 1305 1305 0 1418 1418 0 1306 1306 0 1417 1417 0 1307 1307 0 1420 1420 0 1419 1419 0 1308 1308 0 1420 1420 0 1307 1307 0 1309 1309 0 1307 1307 0 1421 1421 0 1307 1307 0 1419 1419 0 1421 1421 0 1415 1415 0 1303 1303 0 1309 1309 0 1421 1421 0 1415 1415 0 1309 1309 0 1306 1306 0 1418 1418 0 1422 1422 0 1310 1310 0 1306 1306 0 1422 1422 0 1311 1311 0 1310 1310 0 1423 1423 0 1310 1310 0 1422 1422 0 1423 1423 0 1312 1312 0 1311 1311 0 1424 1424 0 1311 1311 0 1423 1423 0 1424 1424 0 1424 1424 0 1313 1313 0 1312 1312 0 1425 1425 0 1313 1313 0 1424 1424 0 1314 1314 0 1427 1427 0 1426 1426 0 1315 1315 0 1427 1427 0 1314 1314 0 1316 1316 0 1314 1314 0 1428 1428 0 1314 1314 0 1426 1426 0 1428 1428 0 1317 1317 0 1316 1316 0 1429 1429 0 1316 1316 0 1428 1428 0 1429 1429 0 1420 1420 0 1308 1308 0 1317 1317 0 1429 1429 0 1420 1420 0 1317 1317 0 1313 1313 0 1425 1425 0 1430 1430 0 1318 1318 0 1313 1313 0 1430 1430 0 1319 1319 0 1318 1318 0 1431 1431 0 1318 1318 0 1430 1430 0 1431 1431 0 1320 1320 0 1319 1319 0 1432 1432 0 1319 1319 0 1431 1431 0 1432 1432 0 1321 1321 0 1320 1320 0 1433 1433 0 1320 1320 0 1432 1432 0 1433 1433 0 1322 1322 0 1321 1321 0 1434 1434 0 1321 1321 0 1433 1433 0 1434 1434 0 1323 1323 0 1322 1322 0 1435 1435 0 1322 1322 0 1434 1434 0 1435 1435 0 1427 1427 0 1315 1315 0 1323 1323 0 1435 1435 0 1427 1427 0 1323 1323 0 1324 1324 0 1436 1436 0 1437 1437 0 1325 1325 0 1324 1324 0 1437 1437 0 1326 1326 0 1438 1438 0 1324 1324 0 1324 1324 0 1438 1438 0 1436 1436 0 1327 1327 0 1439 1439 0 1326 1326 0 1326 1326 0 1439 1439 0 1438 1438 0 1328 1328 0 1440 1440 0 1327 1327 0 1327 1327 0 1440 1440 0 1439 1439 0 1440 1440 0 1328 1328 0 1329 1329 0 1441 1441 0 1440 1440 0 1329 1329 0 1330 1330 0 1442 1442 0 1443 1443 0 1331 1331 0 1330 1330 0 1443 1443 0 1332 1332 0 1444 1444 0 1330 1330 0 1330 1330 0 1444 1444 0 1442 1442 0 1333 1333 0 1445 1445 0 1332 1332 0 1332 1332 0 1445 1445 0 1444 1444 0 1437 1437 0 1333 1333 0 1325 1325 0 1445 1445 0 1333 1333 0 1437 1437 0 1329 1329 0 1446 1446 0 1441 1441 0 1334 1334 0 1446 1446 0 1329 1329 0 1335 1335 0 1447 1447 0 1334 1334 0 1334 1334 0 1447 1447 0 1446 1446 0 1336 1336 0 1448 1448 0 1335 1335 0 1335 1335 0 1448 1448 0 1447 1447 0 1448 1448 0 1336 1336 0 1337 1337 0 1449 1449 0 1448 1448 0 1337 1337 0 1338 1338 0 1450 1450 0 1451 1451 0 1339 1339 0 1338 1338 0 1451 1451 0 1340 1340 0 1452 1452 0 1338 1338 0 1338 1338 0 1452 1452 0 1450 1450 0 1341 1341 0 1453 1453 0 1340 1340 0 1340 1340 0 1453 1453 0 1452 1452 0 1443 1443 0 1341 1341 0 1331 1331 0 1453 1453 0 1341 1341 0 1443 1443 0 1337 1337 0 1454 1454 0 1449 1449 0 1342 1342 0 1454 1454 0 1337 1337 0 1343 1343 0 1455 1455 0 1342 1342 0 1342 1342 0 1455 1455 0 1454 1454 0 1344 1344 0 1456 1456 0 1343 1343 0 1343 1343 0 1456 1456 0 1455 1455 0 1456 1456 0 1344 1344 0 1345 1345 0 1457 1457 0 1456 1456 0 1345 1345 0 1346 1346 0 1458 1458 0 1459 1459 0 1347 1347 0 1346 1346 0 1459 1459 0 1451 1451 0 1346 1346 0 1339 1339 0 1458 1458 0 1346 1346 0 1451 1451 0 1345 1345 0 1460 1460 0 1457 1457 0 1348 1348 0 1460 1460 0 1345 1345 0 1460 1460 0 1348 1348 0 1349 1349 0 1461 1461 0 1460 1460 0 1349 1349 0 1350 1350 0 1462 1462 0 1463 1463 0 1351 1351 0 1350 1350 0 1463 1463 0 1459 1459 0 1350 1350 0 1347 1347 0 1462 1462 0 1350 1350 0 1459 1459 0 1349 1349 0 1464 1464 0 1461 1461 0 1352 1352 0 1464 1464 0 1349 1349 0 1464 1464 0 1352 1352 0 1353 1353 0 1465 1465 0 1464 1464 0 1353 1353 0 1354 1354 0 1466 1466 0 1467 1467 0 1355 1355 0 1354 1354 0 1467 1467 0 1463 1463 0 1354 1354 0 1351 1351 0 1466 1466 0 1354 1354 0 1463 1463 0 1353 1353 0 1468 1468 0 1465 1465 0 1356 1356 0 1468 1468 0 1353 1353 0 1468 1468 0 1356 1356 0 1357 1357 0 1469 1469 0 1468 1468 0 1357 1357 0 1358 1358 0 1470 1470 0 1471 1471 0 1359 1359 0 1358 1358 0 1471 1471 0 1467 1467 0 1358 1358 0 1355 1355 0 1470 1470 0 1358 1358 0 1467 1467 0 1357 1357 0 1472 1472 0 1469 1469 0 1360 1360 0 1472 1472 0 1357 1357 0 1472 1472 0 1360 1360 0 1361 1361 0 1473 1473 0 1472 1472 0 1361 1361 0 1359 1359 0 1471 1471 0 1362 1362 0 1471 1471 0 1474 1474 0 1362 1362 0 1361 1361 0 1363 1363 0 1473 1473 0 1473 1473 0 1363 1363 0 1475 1475 0 1362 1362 0 1474 1474 0 1364 1364 0 1474 1474 0 1476 1476 0 1364 1364 0 1363 1363 0 1477 1477 0 1475 1475 0 1365 1365 0 1477 1477 0 1363 1363 0 1477 1477 0 1365 1365 0 1366 1366 0 1478 1478 0 1477 1477 0 1366 1366 0 1367 1367 0 1479 1479 0 1480 1480 0 1368 1368 0 1367 1367 0 1480 1480 0 1476 1476 0 1367 1367 0 1364 1364 0 1479 1479 0 1367 1367 0 1476 1476 0 1366 1366 0 1369 1369 0 1478 1478 0 1478 1478 0 1369 1369 0 1481 1481 0 1368 1368 0 1480 1480 0 1370 1370 0 1480 1480 0 1482 1482 0 1370 1370 0 1369 1369 0 1371 1371 0 1481 1481 0 1481 1481 0 1371 1371 0 1483 1483 0 1370 1370 0 1482 1482 0 1372 1372 0 1482 1482 0 1484 1484 0 1372 1372 0 1371 1371 0 1485 1485 0 1483 1483 0 1373 1373 0 1485 1485 0 1371 1371 0 1485 1485 0 1373 1373 0 1374 1374 0 1486 1486 0 1485 1485 0 1374 1374 0 1375 1375 0 1487 1487 0 1488 1488 0 1376 1376 0 1375 1375 0 1488 1488 0 1484 1484 0 1375 1375 0 1372 1372 0 1487 1487 0 1375 1375 0 1484 1484 0 1374 1374 0 1377 1377 0 1486 1486 0 1486 1486 0 1377 1377 0 1489 1489 0 1376 1376 0 1488 1488 0 1378 1378 0 1488 1488 0 1490 1490 0 1378 1378 0 1377 1377 0 1379 1379 0 1489 1489 0 1489 1489 0 1379 1379 0 1491 1491 0 1378 1378 0 1490 1490 0 1380 1380 0 1490 1490 0 1492 1492 0 1380 1380 0 1379 1379 0 1381 1381 0 1491 1491 0 1491 1491 0 1381 1381 0 1493 1493 0 1380 1380 0 1492 1492 0 1382 1382 0 1492 1492 0 1494 1494 0 1382 1382 0 1381 1381 0 1383 1383 0 1493 1493 0 1493 1493 0 1383 1383 0 1495 1495 0 1382 1382 0 1494 1494 0 1496 1496 0 1384 1384 0 1382 1382 0 1496 1496 0 1496 1496 0 1385 1385 0 1384 1384 0 1497 1497 0 1385 1385 0 1496 1496 0 1383 1383 0 1386 1386 0 1495 1495 0 1495 1495 0 1386 1386 0 1498 1498 0 1385 1385 0 1497 1497 0 1387 1387 0 1497 1497 0 1499 1499 0 1387 1387 0 1388 1388 0 1501 1501 0 1500 1500 0 1389 1389 0 1501 1501 0 1388 1388 0 1498 1498 0 1386 1386 0 1388 1388 0 1500 1500 0 1498 1498 0 1388 1388 0 1387 1387 0 1499 1499 0 1390 1390 0 1499 1499 0 1502 1502 0 1390 1390 0 1389 1389 0 1391 1391 0 1501 1501 0 1501 1501 0 1391 1391 0 1503 1503 0 1390 1390 0 1502 1502 0 1504 1504 0 1392 1392 0 1390 1390 0 1504 1504 0 1504 1504 0 1393 1393 0 1392 1392 0 1505 1505 0 1393 1393 0 1504 1504 0 1391 1391 0 1394 1394 0 1503 1503 0 1503 1503 0 1394 1394 0 1506 1506 0 1393 1393 0 1505 1505 0 1395 1395 0 1505 1505 0 1507 1507 0 1395 1395 0 1396 1396 0 1509 1509 0 1508 1508 0 1397 1397 0 1509 1509 0 1396 1396 0 1506 1506 0 1394 1394 0 1396 1396 0 1508 1508 0 1506 1506 0 1396 1396 0 1395 1395 0 1507 1507 0 1398 1398 0 1507 1507 0 1510 1510 0 1398 1398 0 1397 1397 0 1399 1399 0 1509 1509 0 1509 1509 0 1399 1399 0 1511 1511 0 1398 1398 0 1510 1510 0 1512 1512 0 1400 1400 0 1398 1398 0 1512 1512 0 1512 1512 0 1401 1401 0 1400 1400 0 1513 1513 0 1401 1401 0 1512 1512 0 1402 1402 0 1515 1515 0 1514 1514 0 1403 1403 0 1515 1515 0 1402 1402 0 1511 1511 0 1399 1399 0 1402 1402 0 1514 1514 0 1511 1511 0 1402 1402 0 1401 1401 0 1513 1513 0 1516 1516 0 1404 1404 0 1401 1401 0 1516 1516 0 1516 1516 0 1405 1405 0 1404 1404 0 1517 1517 0 1405 1405 0 1516 1516 0 1406 1406 0 1519 1519 0 1518 1518 0 1407 1407 0 1519 1519 0 1406 1406 0 1515 1515 0 1403 1403 0 1406 1406 0 1518 1518 0 1515 1515 0 1406 1406 0 1405 1405 0 1517 1517 0 1520 1520 0 1408 1408 0 1405 1405 0 1520 1520 0 1520 1520 0 1409 1409 0 1408 1408 0 1521 1521 0 1409 1409 0 1520 1520 0 1410 1410 0 1523 1523 0 1522 1522 0 1411 1411 0 1523 1523 0 1410 1410 0 1519 1519 0 1407 1407 0 1410 1410 0 1522 1522 0 1519 1519 0 1410 1410 0 1409 1409 0 1521 1521 0 1524 1524 0 1412 1412 0 1409 1409 0 1524 1524 0 1524 1524 0 1413 1413 0 1412 1412 0 1525 1525 0 1413 1413 0 1524 1524 0 1414 1414 0 1527 1527 0 1526 1526 0 1415 1415 0 1527 1527 0 1414 1414 0 1523 1523 0 1411 1411 0 1414 1414 0 1526 1526 0 1523 1523 0 1414 1414 0 1413 1413 0 1525 1525 0 1528 1528 0 1416 1416 0 1413 1413 0 1528 1528 0 1417 1417 0 1416 1416 0 1529 1529 0 1416 1416 0 1528 1528 0 1529 1529 0 1529 1529 0 1418 1418 0 1417 1417 0 1530 1530 0 1418 1418 0 1529 1529 0 1419 1419 0 1532 1532 0 1531 1531 0 1420 1420 0 1532 1532 0 1419 1419 0 1421 1421 0 1419 1419 0 1533 1533 0 1419 1419 0 1531 1531 0 1533 1533 0 1527 1527 0 1415 1415 0 1421 1421 0 1533 1533 0 1527 1527 0 1421 1421 0 1418 1418 0 1530 1530 0 1534 1534 0 1422 1422 0 1418 1418 0 1534 1534 0 1423 1423 0 1422 1422 0 1535 1535 0 1422 1422 0 1534 1534 0 1535 1535 0 1424 1424 0 1423 1423 0 1536 1536 0 1423 1423 0 1535 1535 0 1536 1536 0 1536 1536 0 1425 1425 0 1424 1424 0 1537 1537 0 1425 1425 0 1536 1536 0 1426 1426 0 1539 1539 0 1538 1538 0 1427 1427 0 1539 1539 0 1426 1426 0 1428 1428 0 1426 1426 0 1540 1540 0 1426 1426 0 1538 1538 0 1540 1540 0 1429 1429 0 1428 1428 0 1541 1541 0 1428 1428 0 1540 1540 0 1541 1541 0 1532 1532 0 1420 1420 0 1429 1429 0 1541 1541 0 1532 1532 0 1429 1429 0 1425 1425 0 1537 1537 0 1542 1542 0 1430 1430 0 1425 1425 0 1542 1542 0 1431 1431 0 1430 1430 0 1543 1543 0 1430 1430 0 1542 1542 0 1543 1543 0 1432 1432 0 1431 1431 0 1544 1544 0 1431 1431 0 1543 1543 0 1544 1544 0 1433 1433 0 1432 1432 0 1545 1545 0 1432 1432 0 1544 1544 0 1545 1545 0 1434 1434 0 1433 1433 0 1546 1546 0 1433 1433 0 1545 1545 0 1546 1546 0 1435 1435 0 1434 1434 0 1547 1547 0 1434 1434 0 1546 1546 0 1547 1547 0 1539 1539 0 1427 1427 0 1435 1435 0 1547 1547 0 1539 1539 0 1435 1435 0 1436 1436 0 1548 1548 0 1437 1437 0 1550 1550 0 1548 1548 0 1436 1436 0 1550 1550 0 1436 1436 0 1549 1549 0 1549 1549 0 1436 1436 0 1438 1438 0 1439 1439 0 1551 1551 0 1438 1438 0 1438 1438 0 1551 1551 0 1549 1549 0 1553 1553 0 1552 1552 0 1551 1551 0 1553 1553 0 1551 1551 0 1440 1440 0 1440 1440 0 1551 1551 0 1439 1439 0 1440 1440 0 1441 1441 0 1553 1553 0 1442 1442 0 1554 1554 0 1555 1555 0 1443 1443 0 1442 1442 0 1555 1555 0 1444 1444 0 1556 1556 0 1442 1442 0 1442 1442 0 1556 1556 0 1554 1554 0 1445 1445 0 1557 1557 0 1444 1444 0 1444 1444 0 1557 1557 0 1556 1556 0 1548 1548 0 1445 1445 0 1437 1437 0 1548 1548 0 1558 1558 0 1445 1445 0 1558 1558 0 1557 1557 0 1445 1445 0 1550 1550 0 1558 1558 0 1548 1548 0 1553 1553 0 1559 1559 0 1552 1552 0 1441 1441 0 1559 1559 0 1553 1553 0 1441 1441 0 1446 1446 0 1559 1559 0 1446 1446 0 1560 1560 0 1559 1559 0 1447 1447 0 1561 1561 0 1446 1446 0 1446 1446 0 1561 1561 0 1560 1560 0 1448 1448 0 1562 1562 0 1447 1447 0 1447 1447 0 1562 1562 0 1561 1561 0 1562 1562 0 1448 1448 0 1449 1449 0 1563 1563 0 1562 1562 0 1449 1449 0 1450 1450 0 1564 1564 0 1451 1451 0 1566 1566 0 1564 1564 0 1450 1450 0 1566 1566 0 1450 1450 0 1565 1565 0 1565 1565 0 1450 1450 0 1452 1452 0 1453 1453 0 1567 1567 0 1452 1452 0 1452 1452 0 1567 1567 0 1565 1565 0 1555 1555 0 1453 1453 0 1443 1443 0 1567 1567 0 1453 1453 0 1555 1555 0 1449 1449 0 1568 1568 0 1563 1563 0 1454 1454 0 1568 1568 0 1449 1449 0 1455 1455 0 1569 1569 0 1454 1454 0 1454 1454 0 1569 1569 0 1568 1568 0 1571 1571 0 1570 1570 0 1569 1569 0 1571 1571 0 1569 1569 0 1456 1456 0 1456 1456 0 1569 1569 0 1455 1455 0 1456 1456 0 1457 1457 0 1571 1571 0 1458 1458 0 1572 1572 0 1573 1573 0 1459 1459 0 1458 1458 0 1573 1573 0 1564 1564 0 1458 1458 0 1451 1451 0 1564 1564 0 1574 1574 0 1458 1458 0 1574 1574 0 1572 1572 0 1458 1458 0 1566 1566 0 1574 1574 0 1564 1564 0 1571 1571 0 1575 1575 0 1570 1570 0 1457 1457 0 1575 1575 0 1571 1571 0 1457 1457 0 1460 1460 0 1575 1575 0 1460 1460 0 1576 1576 0 1575 1575 0 1576 1576 0 1460 1460 0 1461 1461 0 1577 1577 0 1576 1576 0 1461 1461 0 1462 1462 0 1578 1578 0 1579 1579 0 1463 1463 0 1462 1462 0 1579 1579 0 1573 1573 0 1462 1462 0 1459 1459 0 1578 1578 0 1462 1462 0 1573 1573 0 1461 1461 0 1580 1580 0 1577 1577 0 1464 1464 0 1580 1580 0 1461 1461 0 1580 1580 0 1464 1464 0 1465 1465 0 1581 1581 0 1580 1580 0 1465 1465 0 1466 1466 0 1582 1582 0 1583 1583 0 1467 1467 0 1466 1466 0 1583 1583 0 1579 1579 0 1466 1466 0 1463 1463 0 1582 1582 0 1466 1466 0 1579 1579 0 1465 1465 0 1584 1584 0 1581 1581 0 1468 1468 0 1584 1584 0 1465 1465 0 1584 1584 0 1468 1468 0 1469 1469 0 1585 1585 0 1584 1584 0 1469 1469 0 1470 1470 0 1586 1586 0 1471 1471 0 1470 1470 0 1587 1587 0 1586 1586 0 1470 1470 0 1467 1467 0 1587 1587 0 1467 1467 0 1583 1583 0 1587 1587 0 1589 1589 0 1469 1469 0 1472 1472 0 1589 1589 0 1588 1588 0 1469 1469 0 1588 1588 0 1585 1585 0 1469 1469 0 1472 1472 0 1473 1473 0 1589 1589 0 1586 1586 0 1590 1590 0 1591 1591 0 1586 1586 0 1591 1591 0 1471 1471 0 1471 1471 0 1591 1591 0 1474 1474 0 1587 1587 0 1590 1590 0 1586 1586 0 1589 1589 0 1592 1592 0 1588 1588 0 1592 1592 0 1589 1589 0 1473 1473 0 1592 1592 0 1473 1473 0 1593 1593 0 1593 1593 0 1473 1473 0 1475 1475 0 1474 1474 0 1591 1591 0 1476 1476 0 1591 1591 0 1594 1594 0 1476 1476 0 1475 1475 0 1595 1595 0 1593 1593 0 1477 1477 0 1595 1595 0 1475 1475 0 1595 1595 0 1477 1477 0 1478 1478 0 1596 1596 0 1595 1595 0 1478 1478 0 1479 1479 0 1597 1597 0 1598 1598 0 1480 1480 0 1479 1479 0 1598 1598 0 1594 1594 0 1479 1479 0 1476 1476 0 1597 1597 0 1479 1479 0 1594 1594 0 1478 1478 0 1481 1481 0 1596 1596 0 1596 1596 0 1481 1481 0 1599 1599 0 1480 1480 0 1598 1598 0 1482 1482 0 1598 1598 0 1600 1600 0 1482 1482 0 1481 1481 0 1483 1483 0 1599 1599 0 1599 1599 0 1483 1483 0 1601 1601 0 1482 1482 0 1600 1600 0 1484 1484 0 1600 1600 0 1602 1602 0 1484 1484 0 1604 1604 0 1483 1483 0 1485 1485 0 1604 1604 0 1603 1603 0 1483 1483 0 1603 1603 0 1601 1601 0 1483 1483 0 1485 1485 0 1486 1486 0 1604 1604 0 1487 1487 0 1605 1605 0 1488 1488 0 1487 1487 0 1606 1606 0 1605 1605 0 1487 1487 0 1484 1484 0 1606 1606 0 1484 1484 0 1602 1602 0 1606 1606 0 1604 1604 0 1607 1607 0 1603 1603 0 1607 1607 0 1604 1604 0 1486 1486 0 1607 1607 0 1486 1486 0 1608 1608 0 1608 1608 0 1486 1486 0 1489 1489 0 1605 1605 0 1609 1609 0 1490 1490 0 1488 1488 0 1605 1605 0 1490 1490 0 1610 1610 0 1605 1605 0 1606 1606 0 1609 1609 0 1605 1605 0 1610 1610 0 1489 1489 0 1491 1491 0 1608 1608 0 1608 1608 0 1491 1491 0 1611 1611 0 1609 1609 0 1612 1612 0 1613 1613 0 1609 1609 0 1613 1613 0 1490 1490 0 1490 1490 0 1613 1613 0 1492 1492 0 1610 1610 0 1612 1612 0 1609 1609 0 1491 1491 0 1493 1493 0 1611 1611 0 1611 1611 0 1493 1493 0 1614 1614 0 1615 1615 0 1616 1616 0 1494 1494 0 1615 1615 0 1494 1494 0 1613 1613 0 1613 1613 0 1494 1494 0 1492 1492 0 1615 1615 0 1617 1617 0 1616 1616 0 1493 1493 0 1495 1495 0 1614 1614 0 1614 1614 0 1495 1495 0 1618 1618 0 1494 1494 0 1616 1616 0 1496 1496 0 1616 1616 0 1497 1497 0 1496 1496 0 1616 1616 0 1617 1617 0 1497 1497 0 1617 1617 0 1619 1619 0 1497 1497 0 1622 1622 0 1621 1621 0 1620 1620 0 1622 1622 0 1620 1620 0 1618 1618 0 1622 1622 0 1618 1618 0 1498 1498 0 1498 1498 0 1618 1618 0 1495 1495 0 1497 1497 0 1619 1619 0 1499 1499 0 1619 1619 0 1623 1623 0 1499 1499 0 1500 1500 0 1621 1621 0 1622 1622 0 1500 1500 0 1501 1501 0 1621 1621 0 1501 1501 0 1624 1624 0 1621 1621 0 1498 1498 0 1500 1500 0 1622 1622 0 1499 1499 0 1623 1623 0 1502 1502 0 1623 1623 0 1625 1625 0 1502 1502 0 1501 1501 0 1503 1503 0 1624 1624 0 1624 1624 0 1503 1503 0 1626 1626 0 1502 1502 0 1625 1625 0 1627 1627 0 1504 1504 0 1502 1502 0 1627 1627 0 1627 1627 0 1505 1505 0 1504 1504 0 1628 1628 0 1505 1505 0 1627 1627 0 1503 1503 0 1506 1506 0 1626 1626 0 1626 1626 0 1506 1506 0 1629 1629 0 1505 1505 0 1628 1628 0 1507 1507 0 1628 1628 0 1630 1630 0 1507 1507 0 1508 1508 0 1632 1632 0 1631 1631 0 1509 1509 0 1632 1632 0 1508 1508 0 1629 1629 0 1506 1506 0 1508 1508 0 1631 1631 0 1629 1629 0 1508 1508 0 1633 1633 0 1634 1634 0 1510 1510 0 1633 1633 0 1510 1510 0 1630 1630 0 1630 1630 0 1510 1510 0 1507 1507 0 1633 1633 0 1635 1635 0 1634 1634 0 1638 1638 0 1637 1637 0 1636 1636 0 1638 1638 0 1636 1636 0 1632 1632 0 1638 1638 0 1632 1632 0 1511 1511 0 1511 1511 0 1632 1632 0 1509 1509 0 1510 1510 0 1634 1634 0 1512 1512 0 1634 1634 0 1513 1513 0 1512 1512 0 1634 1634 0 1635 1635 0 1513 1513 0 1635 1635 0 1639 1639 0 1513 1513 0 1514 1514 0 1637 1637 0 1638 1638 0 1514 1514 0 1515 1515 0 1637 1637 0 1515 1515 0 1640 1640 0 1637 1637 0 1511 1511 0 1514 1514 0 1638 1638 0 1513 1513 0 1639 1639 0 1641 1641 0 1516 1516 0 1513 1513 0 1641 1641 0 1641 1641 0 1517 1517 0 1516 1516 0 1642 1642 0 1517 1517 0 1641 1641 0 1518 1518 0 1644 1644 0 1643 1643 0 1519 1519 0 1644 1644 0 1518 1518 0 1640 1640 0 1515 1515 0 1518 1518 0 1643 1643 0 1640 1640 0 1518 1518 0 1517 1517 0 1642 1642 0 1645 1645 0 1520 1520 0 1517 1517 0 1645 1645 0 1645 1645 0 1521 1521 0 1520 1520 0 1646 1646 0 1521 1521 0 1645 1645 0 1522 1522 0 1648 1648 0 1647 1647 0 1523 1523 0 1648 1648 0 1522 1522 0 1644 1644 0 1519 1519 0 1522 1522 0 1647 1647 0 1644 1644 0 1522 1522 0 1521 1521 0 1646 1646 0 1649 1649 0 1524 1524 0 1521 1521 0 1649 1649 0 1525 1525 0 1650 1650 0 1651 1651 0 1525 1525 0 1524 1524 0 1650 1650 0 1524 1524 0 1649 1649 0 1650 1650 0 1650 1650 0 1652 1652 0 1651 1651 0 1526 1526 0 1654 1654 0 1653 1653 0 1527 1527 0 1654 1654 0 1526 1526 0 1648 1648 0 1523 1523 0 1526 1526 0 1653 1653 0 1648 1648 0 1526 1526 0 1525 1525 0 1651 1651 0 1528 1528 0 1651 1651 0 1652 1652 0 1655 1655 0 1651 1651 0 1655 1655 0 1528 1528 0 1528 1528 0 1655 1655 0 1529 1529 0 1655 1655 0 1530 1530 0 1529 1529 0 1656 1656 0 1530 1530 0 1655 1655 0 1531 1531 0 1658 1658 0 1657 1657 0 1532 1532 0 1658 1658 0 1531 1531 0 1533 1533 0 1531 1531 0 1659 1659 0 1531 1531 0 1657 1657 0 1659 1659 0 1654 1654 0 1527 1527 0 1533 1533 0 1659 1659 0 1654 1654 0 1533 1533 0 1530 1530 0 1656 1656 0 1660 1660 0 1534 1534 0 1530 1530 0 1660 1660 0 1535 1535 0 1534 1534 0 1661 1661 0 1534 1534 0 1660 1660 0 1661 1661 0 1536 1536 0 1535 1535 0 1662 1662 0 1535 1535 0 1661 1661 0 1662 1662 0 1662 1662 0 1537 1537 0 1536 1536 0 1663 1663 0 1537 1537 0 1662 1662 0 1538 1538 0 1665 1665 0 1664 1664 0 1539 1539 0 1665 1665 0 1538 1538 0 1540 1540 0 1538 1538 0 1666 1666 0 1538 1538 0 1664 1664 0 1666 1666 0 1541 1541 0 1540 1540 0 1667 1667 0 1540 1540 0 1666 1666 0 1667 1667 0 1658 1658 0 1532 1532 0 1541 1541 0 1667 1667 0 1658 1658 0 1541 1541 0 1537 1537 0 1663 1663 0 1668 1668 0 1542 1542 0 1537 1537 0 1668 1668 0 1543 1543 0 1542 1542 0 1669 1669 0 1542 1542 0 1668 1668 0 1669 1669 0 1544 1544 0 1543 1543 0 1670 1670 0 1543 1543 0 1669 1669 0 1670 1670 0 1545 1545 0 1544 1544 0 1671 1671 0 1544 1544 0 1670 1670 0 1671 1671 0 1546 1546 0 1545 1545 0 1672 1672 0 1545 1545 0 1671 1671 0 1672 1672 0 1547 1547 0 1546 1546 0 1673 1673 0 1546 1546 0 1672 1672 0 1673 1673 0 1665 1665 0 1539 1539 0 1547 1547 0 1673 1673 0 1665 1665 0 1547 1547 0 1549 1549 0 1674 1674 0 1550 1550 0 1549 1549 0 1551 1551 0 1675 1675 0 1674 1674 0 1549 1549 0 1675 1675 0 1551 1551 0 1552 1552 0 1675 1675 0 1554 1554 0 1676 1676 0 1677 1677 0 1555 1555 0 1554 1554 0 1677 1677 0 1556 1556 0 1678 1678 0 1554 1554 0 1554 1554 0 1678 1678 0 1676 1676 0 1557 1557 0 1679 1679 0 1556 1556 0 1556 1556 0 1679 1679 0 1678 1678 0 1558 1558 0 1680 1680 0 1557 1557 0 1557 1557 0 1680 1680 0 1679 1679 0 1674 1674 0 1558 1558 0 1550 1550 0 1674 1674 0 1681 1681 0 1558 1558 0 1681 1681 0 1680 1680 0 1558 1558 0 1675 1675 0 1681 1681 0 1674 1674 0 1682 1682 0 1681 1681 0 1675 1675 0 1552 1552 0 1682 1682 0 1675 1675 0 1552 1552 0 1559 1559 0 1682 1682 0 1559 1559 0 1683 1683 0 1682 1682 0 1560 1560 0 1684 1684 0 1559 1559 0 1559 1559 0 1684 1684 0 1683 1683 0 1561 1561 0 1685 1685 0 1560 1560 0 1560 1560 0 1685 1685 0 1684 1684 0 1562 1562 0 1686 1686 0 1561 1561 0 1561 1561 0 1686 1686 0 1685 1685 0 1686 1686 0 1562 1562 0 1563 1563 0 1687 1687 0 1686 1686 0 1563 1563 0 1565 1565 0 1688 1688 0 1689 1689 0 1566 1566 0 1565 1565 0 1689 1689 0 1567 1567 0 1690 1690 0 1565 1565 0 1565 1565 0 1690 1690 0 1688 1688 0 1677 1677 0 1567 1567 0 1555 1555 0 1690 1690 0 1567 1567 0 1677 1677 0 1563 1563 0 1691 1691 0 1687 1687 0 1568 1568 0 1691 1691 0 1563 1563 0 1569 1569 0 1692 1692 0 1568 1568 0 1568 1568 0 1692 1692 0 1691 1691 0 1692 1692 0 1569 1569 0 1570 1570 0 1693 1693 0 1692 1692 0 1570 1570 0 1572 1572 0 1694 1694 0 1573 1573 0 1696 1696 0 1694 1694 0 1572 1572 0 1696 1696 0 1572 1572 0 1695 1695 0 1695 1695 0 1572 1572 0 1574 1574 0 1689 1689 0 1574 1574 0 1566 1566 0 1695 1695 0 1574 1574 0 1689 1689 0 1570 1570 0 1697 1697 0 1693 1693 0 1575 1575 0 1697 1697 0 1570 1570 0 1699 1699 0 1698 1698 0 1697 1697 0 1699 1699 0 1697 1697 0 1576 1576 0 1576 1576 0 1697 1697 0 1575 1575 0 1576 1576 0 1577 1577 0 1699 1699 0 1578 1578 0 1700 1700 0 1579 1579 0 1578 1578 0 1702 1702 0 1700 1700 0 1573 1573 0 1702 1702 0 1578 1578 0 1573 1573 0 1701 1701 0 1702 1702 0 1573 1573 0 1694 1694 0 1701 1701 0 1696 1696 0 1701 1701 0 1694 1694 0 1699 1699 0 1703 1703 0 1698 1698 0 1705 1705 0 1704 1704 0 1703 1703 0 1580 1580 0 1705 1705 0 1703 1703 0 1580 1580 0 1703 1703 0 1699 1699 0 1580 1580 0 1699 1699 0 1577 1577 0 1580 1580 0 1581 1581 0 1705 1705 0 1582 1582 0 1706 1706 0 1583 1583 0 1582 1582 0 1708 1708 0 1706 1706 0 1579 1579 0 1708 1708 0 1582 1582 0 1579 1579 0 1707 1707 0 1708 1708 0 1579 1579 0 1700 1700 0 1707 1707 0 1702 1702 0 1707 1707 0 1700 1700 0 1705 1705 0 1709 1709 0 1704 1704 0 1711 1711 0 1710 1710 0 1709 1709 0 1584 1584 0 1711 1711 0 1709 1709 0 1584 1584 0 1709 1709 0 1705 1705 0 1584 1584 0 1705 1705 0 1581 1581 0 1584 1584 0 1585 1585 0 1711 1711 0 1706 1706 0 1712 1712 0 1713 1713 0 1706 1706 0 1713 1713 0 1583 1583 0 1583 1583 0 1713 1713 0 1587 1587 0 1708 1708 0 1712 1712 0 1706 1706 0 1711 1711 0 1714 1714 0 1710 1710 0 1714 1714 0 1711 1711 0 1585 1585 0 1714 1714 0 1585 1585 0 1715 1715 0 1715 1715 0 1585 1585 0 1588 1588 0 1590 1590 0 1716 1716 0 1717 1717 0 1591 1591 0 1590 1590 0 1717 1717 0 1713 1713 0 1590 1590 0 1587 1587 0 1716 1716 0 1590 1590 0 1713 1713 0 1588 1588 0 1718 1718 0 1715 1715 0 1592 1592 0 1718 1718 0 1588 1588 0 1718 1718 0 1592 1592 0 1593 1593 0 1719 1719 0 1718 1718 0 1593 1593 0 1591 1591 0 1717 1717 0 1594 1594 0 1717 1717 0 1720 1720 0 1594 1594 0 1722 1722 0 1593 1593 0 1595 1595 0 1722 1722 0 1721 1721 0 1593 1593 0 1721 1721 0 1719 1719 0 1593 1593 0 1595 1595 0 1596 1596 0 1722 1722 0 1597 1597 0 1723 1723 0 1724 1724 0 1598 1598 0 1597 1597 0 1724 1724 0 1720 1720 0 1597 1597 0 1594 1594 0 1723 1723 0 1597 1597 0 1720 1720 0 1722 1722 0 1725 1725 0 1721 1721 0 1725 1725 0 1722 1722 0 1596 1596 0 1725 1725 0 1596 1596 0 1726 1726 0 1726 1726 0 1596 1596 0 1599 1599 0 1598 1598 0 1724 1724 0 1600 1600 0 1724 1724 0 1727 1727 0 1600 1600 0 1599 1599 0 1601 1601 0 1726 1726 0 1726 1726 0 1601 1601 0 1728 1728 0 1600 1600 0 1727 1727 0 1602 1602 0 1727 1727 0 1729 1729 0 1602 1602 0 1601 1601 0 1603 1603 0 1728 1728 0 1728 1728 0 1603 1603 0 1730 1730 0 1602 1602 0 1729 1729 0 1606 1606 0 1729 1729 0 1731 1731 0 1606 1606 0 1733 1733 0 1603 1603 0 1607 1607 0 1733 1733 0 1732 1732 0 1603 1603 0 1732 1732 0 1730 1730 0 1603 1603 0 1607 1607 0 1608 1608 0 1733 1733 0 1606 1606 0 1731 1731 0 1610 1610 0 1731 1731 0 1734 1734 0 1610 1610 0 1736 1736 0 1732 1732 0 1733 1733 0 1735 1735 0 1732 1732 0 1736 1736 0 1608 1608 0 1611 1611 0 1736 1736 0 1733 1733 0 1608 1608 0 1736 1736 0 1612 1612 0 1737 1737 0 1613 1613 0 1612 1612 0 1738 1738 0 1737 1737 0 1612 1612 0 1610 1610 0 1738 1738 0 1610 1610 0 1734 1734 0 1738 1738 0 1740 1740 0 1735 1735 0 1736 1736 0 1739 1739 0 1735 1735 0 1740 1740 0 1611 1611 0 1614 1614 0 1740 1740 0 1736 1736 0 1611 1611 0 1740 1740 0 1613 1613 0 1737 1737 0 1615 1615 0 1737 1737 0 1617 1617 0 1615 1615 0 1737 1737 0 1738 1738 0 1617 1617 0 1738 1738 0 1741 1741 0 1617 1617 0 1743 1743 0 1739 1739 0 1740 1740 0 1742 1742 0 1739 1739 0 1743 1743 0 1614 1614 0 1618 1618 0 1743 1743 0 1740 1740 0 1614 1614 0 1743 1743 0 1617 1617 0 1741 1741 0 1619 1619 0 1741 1741 0 1744 1744 0 1619 1619 0 1620 1620 0 1742 1742 0 1743 1743 0 1620 1620 0 1621 1621 0 1742 1742 0 1621 1621 0 1745 1745 0 1742 1742 0 1618 1618 0 1620 1620 0 1743 1743 0 1619 1619 0 1744 1744 0 1623 1623 0 1744 1744 0 1746 1746 0 1623 1623 0 1621 1621 0 1624 1624 0 1745 1745 0 1745 1745 0 1624 1624 0 1747 1747 0 1623 1623 0 1746 1746 0 1625 1625 0 1746 1746 0 1748 1748 0 1625 1625 0 1624 1624 0 1626 1626 0 1747 1747 0 1747 1747 0 1626 1626 0 1749 1749 0 1625 1625 0 1748 1748 0 1750 1750 0 1627 1627 0 1625 1625 0 1750 1750 0 1750 1750 0 1628 1628 0 1627 1627 0 1751 1751 0 1628 1628 0 1750 1750 0 1754 1754 0 1753 1753 0 1752 1752 0 1754 1754 0 1752 1752 0 1749 1749 0 1754 1754 0 1749 1749 0 1629 1629 0 1629 1629 0 1749 1749 0 1626 1626 0 1628 1628 0 1751 1751 0 1630 1630 0 1751 1751 0 1755 1755 0 1630 1630 0 1631 1631 0 1753 1753 0 1754 1754 0 1631 1631 0 1632 1632 0 1753 1753 0 1632 1632 0 1756 1756 0 1753 1753 0 1629 1629 0 1631 1631 0 1754 1754 0 1630 1630 0 1755 1755 0 1757 1757 0 1633 1633 0 1630 1630 0 1757 1757 0 1757 1757 0 1635 1635 0 1633 1633 0 1758 1758 0 1635 1635 0 1757 1757 0 1636 1636 0 1760 1760 0 1759 1759 0 1637 1637 0 1760 1760 0 1636 1636 0 1756 1756 0 1632 1632 0 1636 1636 0 1759 1759 0 1756 1756 0 1636 1636 0 1761 1761 0 1762 1762 0 1639 1639 0 1761 1761 0 1639 1639 0 1758 1758 0 1758 1758 0 1639 1639 0 1635 1635 0 1761 1761 0 1763 1763 0 1762 1762 0 1766 1766 0 1765 1765 0 1764 1764 0 1766 1766 0 1764 1764 0 1760 1760 0 1766 1766 0 1760 1760 0 1640 1640 0 1640 1640 0 1760 1760 0 1637 1637 0 1639 1639 0 1762 1762 0 1641 1641 0 1762 1762 0 1642 1642 0 1641 1641 0 1762 1762 0 1763 1763 0 1642 1642 0 1763 1763 0 1767 1767 0 1642 1642 0 1770 1770 0 1769 1769 0 1768 1768 0 1765 1765 0 1770 1770 0 1768 1768 0 1766 1766 0 1770 1770 0 1765 1765 0 1766 1766 0 1644 1644 0 1770 1770 0 1766 1766 0 1643 1643 0 1644 1644 0 1640 1640 0 1643 1643 0 1766 1766 0 1642 1642 0 1767 1767 0 1771 1771 0 1645 1645 0 1642 1642 0 1771 1771 0 1646 1646 0 1772 1772 0 1773 1773 0 1646 1646 0 1645 1645 0 1772 1772 0 1645 1645 0 1771 1771 0 1772 1772 0 1772 1772 0 1774 1774 0 1773 1773 0 1777 1777 0 1776 1776 0 1775 1775 0 1769 1769 0 1777 1777 0 1775 1775 0 1770 1770 0 1777 1777 0 1769 1769 0 1770 1770 0 1648 1648 0 1777 1777 0 1770 1770 0 1647 1647 0 1648 1648 0 1644 1644 0 1647 1647 0 1770 1770 0 1646 1646 0 1773 1773 0 1649 1649 0 1773 1773 0 1774 1774 0 1778 1778 0 1773 1773 0 1778 1778 0 1649 1649 0 1649 1649 0 1778 1778 0 1650 1650 0 1778 1778 0 1652 1652 0 1650 1650 0 1779 1779 0 1652 1652 0 1778 1778 0 1782 1782 0 1781 1781 0 1780 1780 0 1776 1776 0 1782 1782 0 1780 1780 0 1777 1777 0 1782 1782 0 1776 1776 0 1777 1777 0 1654 1654 0 1782 1782 0 1777 1777 0 1653 1653 0 1654 1654 0 1648 1648 0 1653 1653 0 1777 1777 0 1652 1652 0 1779 1779 0 1783 1783 0 1655 1655 0 1652 1652 0 1783 1783 0 1656 1656 0 1784 1784 0 1785 1785 0 1656 1656 0 1655 1655 0 1784 1784 0 1655 1655 0 1783 1783 0 1784 1784 0 1784 1784 0 1786 1786 0 1785 1785 0 1789 1789 0 1788 1788 0 1787 1787 0 1789 1789 0 1657 1657 0 1658 1658 0 1789 1789 0 1787 1787 0 1657 1657 0 1787 1787 0 1790 1790 0 1657 1657 0 1781 1781 0 1782 1782 0 1659 1659 0 1781 1781 0 1659 1659 0 1790 1790 0 1790 1790 0 1659 1659 0 1657 1657 0 1654 1654 0 1659 1659 0 1782 1782 0 1656 1656 0 1785 1785 0 1660 1660 0 1785 1785 0 1786 1786 0 1791 1791 0 1785 1785 0 1791 1791 0 1660 1660 0 1660 1660 0 1791 1791 0 1661 1661 0 1662 1662 0 1661 1661 0 1792 1792 0 1661 1661 0 1791 1791 0 1792 1792 0 1663 1663 0 1793 1793 0 1794 1794 0 1663 1663 0 1662 1662 0 1793 1793 0 1662 1662 0 1792 1792 0 1793 1793 0 1794 1794 0 1795 1795 0 1796 1796 0 1793 1793 0 1795 1795 0 1794 1794 0 1795 1795 0 1797 1797 0 1796 1796 0 1800 1800 0 1799 1799 0 1798 1798 0 1800 1800 0 1664 1664 0 1665 1665 0 1800 1800 0 1798 1798 0 1664 1664 0 1798 1798 0 1801 1801 0 1664 1664 0 1666 1666 0 1664 1664 0 1802 1802 0 1664 1664 0 1801 1801 0 1802 1802 0 1788 1788 0 1789 1789 0 1667 1667 0 1788 1788 0 1667 1667 0 1802 1802 0 1802 1802 0 1667 1667 0 1666 1666 0 1658 1658 0 1667 1667 0 1789 1789 0 1663 1663 0 1794 1794 0 1668 1668 0 1669 1669 0 1668 1668 0 1794 1794 0 1796 1796 0 1669 1669 0 1794 1794 0 1796 1796 0 1797 1797 0 1803 1803 0 1796 1796 0 1803 1803 0 1669 1669 0 1669 1669 0 1803 1803 0 1670 1670 0 1671 1671 0 1670 1670 0 1804 1804 0 1670 1670 0 1803 1803 0 1804 1804 0 1672 1672 0 1671 1671 0 1805 1805 0 1671 1671 0 1804 1804 0 1805 1805 0 1799 1799 0 1800 1800 0 1673 1673 0 1799 1799 0 1673 1673 0 1805 1805 0 1805 1805 0 1673 1673 0 1672 1672 0 1665 1665 0 1673 1673 0 1800 1800 0 1676 1676 0 1806 1806 0 1677 1677 0 1808 1808 0 1806 1806 0 1676 1676 0 1808 1808 0 1676 1676 0 1807 1807 0 1807 1807 0 1676 1676 0 1678 1678 0 1679 1679 0 1809 1809 0 1678 1678 0 1678 1678 0 1809 1809 0 1807 1807 0 1680 1680 0 1810 1810 0 1679 1679 0 1679 1679 0 1810 1810 0 1809 1809 0 1681 1681 0 1811 1811 0 1680 1680 0 1680 1680 0 1811 1811 0 1810 1810 0 1682 1682 0 1812 1812 0 1681 1681 0 1681 1681 0 1812 1812 0 1811 1811 0 1683 1683 0 1813 1813 0 1682 1682 0 1682 1682 0 1813 1813 0 1812 1812 0 1684 1684 0 1814 1814 0 1683 1683 0 1683 1683 0 1814 1814 0 1813 1813 0 1685 1685 0 1815 1815 0 1684 1684 0 1684 1684 0 1815 1815 0 1814 1814 0 1817 1817 0 1816 1816 0 1815 1815 0 1817 1817 0 1815 1815 0 1686 1686 0 1686 1686 0 1815 1815 0 1685 1685 0 1686 1686 0 1687 1687 0 1817 1817 0 1688 1688 0 1818 1818 0 1689 1689 0 1820 1820 0 1818 1818 0 1688 1688 0 1820 1820 0 1688 1688 0 1819 1819 0 1819 1819 0 1688 1688 0 1690 1690 0 1806 1806 0 1690 1690 0 1677 1677 0 1806 1806 0 1821 1821 0 1690 1690 0 1821 1821 0 1819 1819 0 1690 1690 0 1808 1808 0 1821 1821 0 1806 1806 0 1817 1817 0 1822 1822 0 1816 1816 0 1687 1687 0 1822 1822 0 1817 1817 0 1687 1687 0 1691 1691 0 1822 1822 0 1691 1691 0 1823 1823 0 1822 1822 0 1825 1825 0 1824 1824 0 1823 1823 0 1825 1825 0 1823 1823 0 1692 1692 0 1692 1692 0 1823 1823 0 1691 1691 0 1692 1692 0 1693 1693 0 1825 1825 0 1695 1695 0 1826 1826 0 1827 1827 0 1696 1696 0 1695 1695 0 1827 1827 0 1818 1818 0 1695 1695 0 1689 1689 0 1818 1818 0 1828 1828 0 1695 1695 0 1828 1828 0 1826 1826 0 1695 1695 0 1820 1820 0 1828 1828 0 1818 1818 0 1825 1825 0 1829 1829 0 1824 1824 0 1693 1693 0 1829 1829 0 1825 1825 0 1693 1693 0 1697 1697 0 1829 1829 0 1697 1697 0 1830 1830 0 1829 1829 0 1830 1830 0 1697 1697 0 1698 1698 0 1831 1831 0 1830 1830 0 1698 1698 0 1701 1701 0 1832 1832 0 1833 1833 0 1702 1702 0 1701 1701 0 1833 1833 0 1827 1827 0 1701 1701 0 1696 1696 0 1832 1832 0 1701 1701 0 1827 1827 0 1698 1698 0 1834 1834 0 1831 1831 0 1703 1703 0 1834 1834 0 1698 1698 0 1834 1834 0 1703 1703 0 1704 1704 0 1835 1835 0 1834 1834 0 1704 1704 0 1707 1707 0 1836 1836 0 1837 1837 0 1708 1708 0 1707 1707 0 1837 1837 0 1833 1833 0 1707 1707 0 1702 1702 0 1836 1836 0 1707 1707 0 1833 1833 0 1704 1704 0 1838 1838 0 1835 1835 0 1709 1709 0 1838 1838 0 1704 1704 0 1838 1838 0 1709 1709 0 1710 1710 0 1839 1839 0 1838 1838 0 1710 1710 0 1712 1712 0 1840 1840 0 1841 1841 0 1713 1713 0 1712 1712 0 1841 1841 0 1837 1837 0 1712 1712 0 1708 1708 0 1840 1840 0 1712 1712 0 1837 1837 0 1710 1710 0 1842 1842 0 1839 1839 0 1714 1714 0 1842 1842 0 1710 1710 0 1842 1842 0 1714 1714 0 1715 1715 0 1843 1843 0 1842 1842 0 1715 1715 0 1716 1716 0 1844 1844 0 1717 1717 0 1716 1716 0 1845 1845 0 1844 1844 0 1716 1716 0 1713 1713 0 1845 1845 0 1713 1713 0 1841 1841 0 1845 1845 0 1847 1847 0 1715 1715 0 1718 1718 0 1847 1847 0 1846 1846 0 1715 1715 0 1846 1846 0 1843 1843 0 1715 1715 0 1718 1718 0 1719 1719 0 1847 1847 0 1844 1844 0 1848 1848 0 1849 1849 0 1844 1844 0 1849 1849 0 1717 1717 0 1717 1717 0 1849 1849 0 1720 1720 0 1845 1845 0 1848 1848 0 1844 1844 0 1847 1847 0 1850 1850 0 1846 1846 0 1850 1850 0 1847 1847 0 1719 1719 0 1850 1850 0 1719 1719 0 1851 1851 0 1851 1851 0 1719 1719 0 1721 1721 0 1723 1723 0 1852 1852 0 1724 1724 0 1723 1723 0 1853 1853 0 1852 1852 0 1723 1723 0 1720 1720 0 1853 1853 0 1720 1720 0 1849 1849 0 1853 1853 0 1855 1855 0 1721 1721 0 1725 1725 0 1855 1855 0 1854 1854 0 1721 1721 0 1854 1854 0 1851 1851 0 1721 1721 0 1725 1725 0 1726 1726 0 1855 1855 0 1852 1852 0 1856 1856 0 1857 1857 0 1852 1852 0 1857 1857 0 1724 1724 0 1724 1724 0 1857 1857 0 1727 1727 0 1853 1853 0 1856 1856 0 1852 1852 0 1855 1855 0 1858 1858 0 1854 1854 0 1858 1858 0 1855 1855 0 1726 1726 0 1858 1858 0 1726 1726 0 1859 1859 0 1859 1859 0 1726 1726 0 1728 1728 0 1727 1727 0 1857 1857 0 1729 1729 0 1857 1857 0 1860 1860 0 1729 1729 0 1728 1728 0 1730 1730 0 1859 1859 0 1859 1859 0 1730 1730 0 1861 1861 0 1729 1729 0 1860 1860 0 1731 1731 0 1860 1860 0 1862 1862 0 1731 1731 0 1730 1730 0 1732 1732 0 1861 1861 0 1861 1861 0 1732 1732 0 1863 1863 0 1731 1731 0 1862 1862 0 1734 1734 0 1862 1862 0 1864 1864 0 1734 1734 0 1732 1732 0 1735 1735 0 1863 1863 0 1863 1863 0 1735 1735 0 1865 1865 0 1734 1734 0 1864 1864 0 1738 1738 0 1864 1864 0 1866 1866 0 1738 1738 0 1735 1735 0 1739 1739 0 1865 1865 0 1865 1865 0 1739 1739 0 1867 1867 0 1738 1738 0 1866 1866 0 1741 1741 0 1866 1866 0 1868 1868 0 1741 1741 0 1739 1739 0 1742 1742 0 1867 1867 0 1867 1867 0 1742 1742 0 1869 1869 0 1741 1741 0 1868 1868 0 1744 1744 0 1868 1868 0 1870 1870 0 1744 1744 0 1742 1742 0 1745 1745 0 1869 1869 0 1869 1869 0 1745 1745 0 1871 1871 0 1744 1744 0 1870 1870 0 1746 1746 0 1870 1870 0 1872 1872 0 1746 1746 0 1745 1745 0 1747 1747 0 1871 1871 0 1871 1871 0 1747 1747 0 1873 1873 0 1874 1874 0 1875 1875 0 1748 1748 0 1874 1874 0 1748 1748 0 1872 1872 0 1872 1872 0 1748 1748 0 1746 1746 0 1874 1874 0 1876 1876 0 1875 1875 0 1879 1879 0 1878 1878 0 1877 1877 0 1879 1879 0 1877 1877 0 1873 1873 0 1879 1879 0 1873 1873 0 1749 1749 0 1749 1749 0 1873 1873 0 1747 1747 0 1748 1748 0 1875 1875 0 1750 1750 0 1875 1875 0 1751 1751 0 1750 1750 0 1875 1875 0 1876 1876 0 1751 1751 0 1876 1876 0 1880 1880 0 1751 1751 0 1752 1752 0 1878 1878 0 1879 1879 0 1752 1752 0 1753 1753 0 1878 1878 0 1753 1753 0 1881 1881 0 1878 1878 0 1749 1749 0 1752 1752 0 1879 1879 0 1751 1751 0 1880 1880 0 1755 1755 0 1880 1880 0 1882 1882 0 1755 1755 0 1885 1885 0 1884 1884 0 1883 1883 0 1885 1885 0 1883 1883 0 1881 1881 0 1885 1885 0 1881 1881 0 1756 1756 0 1756 1756 0 1881 1881 0 1753 1753 0 1755 1755 0 1882 1882 0 1886 1886 0 1757 1757 0 1755 1755 0 1886 1886 0 1886 1886 0 1758 1758 0 1757 1757 0 1887 1887 0 1758 1758 0 1886 1886 0 1759 1759 0 1884 1884 0 1885 1885 0 1759 1759 0 1760 1760 0 1884 1884 0 1760 1760 0 1888 1888 0 1884 1884 0 1756 1756 0 1759 1759 0 1885 1885 0 1758 1758 0 1887 1887 0 1889 1889 0 1761 1761 0 1758 1758 0 1889 1889 0 1889 1889 0 1763 1763 0 1761 1761 0 1890 1890 0 1763 1763 0 1889 1889 0 1764 1764 0 1892 1892 0 1891 1891 0 1765 1765 0 1892 1892 0 1764 1764 0 1888 1888 0 1760 1760 0 1764 1764 0 1891 1891 0 1888 1888 0 1764 1764 0 1893 1893 0 1894 1894 0 1767 1767 0 1893 1893 0 1767 1767 0 1890 1890 0 1890 1890 0 1767 1767 0 1763 1763 0 1893 1893 0 1895 1895 0 1894 1894 0 1768 1768 0 1897 1897 0 1896 1896 0 1769 1769 0 1897 1897 0 1768 1768 0 1892 1892 0 1765 1765 0 1768 1768 0 1896 1896 0 1892 1892 0 1768 1768 0 1767 1767 0 1894 1894 0 1771 1771 0 1894 1894 0 1895 1895 0 1898 1898 0 1894 1894 0 1898 1898 0 1771 1771 0 1771 1771 0 1898 1898 0 1772 1772 0 1898 1898 0 1774 1774 0 1772 1772 0 1899 1899 0 1774 1774 0 1898 1898 0 1775 1775 0 1901 1901 0 1900 1900 0 1776 1776 0 1901 1901 0 1775 1775 0 1897 1897 0 1769 1769 0 1775 1775 0 1900 1900 0 1897 1897 0 1775 1775 0 1774 1774 0 1899 1899 0 1902 1902 0 1778 1778 0 1774 1774 0 1902 1902 0 1779 1779 0 1903 1903 0 1904 1904 0 1779 1779 0 1778 1778 0 1903 1903 0 1778 1778 0 1902 1902 0 1903 1903 0 1903 1903 0 1905 1905 0 1904 1904 0 1780 1780 0 1907 1907 0 1906 1906 0 1781 1781 0 1907 1907 0 1780 1780 0 1901 1901 0 1776 1776 0 1780 1780 0 1906 1906 0 1901 1901 0 1780 1780 0 1779 1779 0 1904 1904 0 1783 1783 0 1904 1904 0 1905 1905 0 1908 1908 0 1904 1904 0 1908 1908 0 1783 1783 0 1783 1783 0 1908 1908 0 1784 1784 0 1786 1786 0 1909 1909 0 1910 1910 0 1786 1786 0 1784 1784 0 1909 1909 0 1784 1784 0 1908 1908 0 1909 1909 0 1909 1909 0 1911 1911 0 1910 1910 0 1914 1914 0 1913 1913 0 1912 1912 0 1914 1914 0 1787 1787 0 1788 1788 0 1914 1914 0 1912 1912 0 1787 1787 0 1912 1912 0 1915 1915 0 1787 1787 0 1790 1790 0 1787 1787 0 1916 1916 0 1787 1787 0 1915 1915 0 1916 1916 0 1907 1907 0 1781 1781 0 1790 1790 0 1916 1916 0 1907 1907 0 1790 1790 0 1786 1786 0 1910 1910 0 1791 1791 0 1910 1910 0 1911 1911 0 1917 1917 0 1910 1910 0 1917 1917 0 1791 1791 0 1791 1791 0 1917 1917 0 1792 1792 0 1793 1793 0 1792 1792 0 1918 1918 0 1792 1792 0 1917 1917 0 1918 1918 0 1795 1795 0 1793 1793 0 1919 1919 0 1793 1793 0 1918 1918 0 1919 1919 0 1797 1797 0 1920 1920 0 1921 1921 0 1797 1797 0 1795 1795 0 1920 1920 0 1795 1795 0 1919 1919 0 1920 1920 0 1921 1921 0 1922 1922 0 1923 1923 0 1920 1920 0 1922 1922 0 1921 1921 0 1923 1923 0 1924 1924 0 1925 1925 0 1922 1922 0 1924 1924 0 1923 1923 0 1925 1925 0 1798 1798 0 1799 1799 0 1925 1925 0 1924 1924 0 1798 1798 0 1924 1924 0 1926 1926 0 1798 1798 0 1801 1801 0 1798 1798 0 1927 1927 0 1798 1798 0 1926 1926 0 1927 1927 0 1913 1913 0 1914 1914 0 1802 1802 0 1913 1913 0 1802 1802 0 1927 1927 0 1927 1927 0 1802 1802 0 1801 1801 0 1788 1788 0 1802 1802 0 1914 1914 0 1797 1797 0 1921 1921 0 1803 1803 0 1804 1804 0 1803 1803 0 1921 1921 0 1923 1923 0 1804 1804 0 1921 1921 0 1805 1805 0 1804 1804 0 1923 1923 0 1925 1925 0 1805 1805 0 1923 1923 0 1799 1799 0 1805 1805 0 1925 1925 0 1807 1807 0 1928 1928 0 1808 1808 0 1807 1807 0 1809 1809 0 1929 1929 0 1928 1928 0 1807 1807 0 1929 1929 0 1931 1931 0 1929 1929 0 1809 1809 0 1931 1931 0 1809 1809 0 1930 1930 0 1930 1930 0 1809 1809 0 1810 1810 0 1811 1811 0 1932 1932 0 1810 1810 0 1810 1810 0 1932 1932 0 1930 1930 0 1812 1812 0 1933 1933 0 1811 1811 0 1811 1811 0 1933 1933 0 1932 1932 0 1813 1813 0 1934 1934 0 1812 1812 0 1812 1812 0 1934 1934 0 1933 1933 0 1936 1936 0 1935 1935 0 1934 1934 0 1936 1936 0 1934 1934 0 1814 1814 0 1814 1814 0 1934 1934 0 1813 1813 0 1814 1814 0 1815 1815 0 1937 1937 0 1936 1936 0 1814 1814 0 1937 1937 0 1815 1815 0 1816 1816 0 1937 1937 0 1819 1819 0 1938 1938 0 1939 1939 0 1820 1820 0 1819 1819 0 1939 1939 0 1821 1821 0 1940 1940 0 1819 1819 0 1819 1819 0 1940 1940 0 1938 1938 0 1928 1928 0 1821 1821 0 1808 1808 0 1928 1928 0 1941 1941 0 1821 1821 0 1941 1941 0 1940 1940 0 1821 1821 0 1929 1929 0 1941 1941 0 1928 1928 0 1942 1942 0 1941 1941 0 1929 1929 0 1931 1931 0 1942 1942 0 1929 1929 0 1936 1936 0 1943 1943 0 1935 1935 0 1937 1937 0 1943 1943 0 1936 1936 0 1944 1944 0 1943 1943 0 1937 1937 0 1816 1816 0 1944 1944 0 1937 1937 0 1816 1816 0 1822 1822 0 1944 1944 0 1822 1822 0 1945 1945 0 1944 1944 0 1823 1823 0 1946 1946 0 1822 1822 0 1822 1822 0 1946 1946 0 1945 1945 0 1946 1946 0 1823 1823 0 1824 1824 0 1947 1947 0 1946 1946 0 1824 1824 0 1826 1826 0 1948 1948 0 1827 1827 0 1950 1950 0 1948 1948 0 1826 1826 0 1950 1950 0 1826 1826 0 1949 1949 0 1949 1949 0 1826 1826 0 1828 1828 0 1939 1939 0 1828 1828 0 1820 1820 0 1949 1949 0 1828 1828 0 1939 1939 0 1824 1824 0 1951 1951 0 1947 1947 0 1829 1829 0 1951 1951 0 1824 1824 0 1953 1953 0 1952 1952 0 1951 1951 0 1953 1953 0 1951 1951 0 1830 1830 0 1830 1830 0 1951 1951 0 1829 1829 0 1830 1830 0 1831 1831 0 1953 1953 0 1832 1832 0 1954 1954 0 1833 1833 0 1832 1832 0 1956 1956 0 1954 1954 0 1827 1827 0 1956 1956 0 1832 1832 0 1827 1827 0 1955 1955 0 1956 1956 0 1827 1827 0 1948 1948 0 1955 1955 0 1950 1950 0 1955 1955 0 1948 1948 0 1953 1953 0 1957 1957 0 1952 1952 0 1959 1959 0 1958 1958 0 1957 1957 0 1834 1834 0 1959 1959 0 1957 1957 0 1834 1834 0 1957 1957 0 1953 1953 0 1834 1834 0 1953 1953 0 1831 1831 0 1834 1834 0 1835 1835 0 1959 1959 0 1836 1836 0 1960 1960 0 1961 1961 0 1837 1837 0 1836 1836 0 1961 1961 0 1954 1954 0 1836 1836 0 1833 1833 0 1954 1954 0 1962 1962 0 1836 1836 0 1962 1962 0 1960 1960 0 1836 1836 0 1956 1956 0 1962 1962 0 1954 1954 0 1959 1959 0 1963 1963 0 1958 1958 0 1965 1965 0 1964 1964 0 1963 1963 0 1838 1838 0 1965 1965 0 1963 1963 0 1838 1838 0 1963 1963 0 1959 1959 0 1838 1838 0 1959 1959 0 1835 1835 0 1838 1838 0 1839 1839 0 1965 1965 0 1840 1840 0 1966 1966 0 1841 1841 0 1840 1840 0 1967 1967 0 1966 1966 0 1840 1840 0 1837 1837 0 1967 1967 0 1837 1837 0 1961 1961 0 1967 1967 0 1965 1965 0 1968 1968 0 1964 1964 0 1970 1970 0 1969 1969 0 1968 1968 0 1842 1842 0 1970 1970 0 1968 1968 0 1842 1842 0 1968 1968 0 1965 1965 0 1842 1842 0 1965 1965 0 1839 1839 0 1842 1842 0 1843 1843 0 1970 1970 0 1966 1966 0 1971 1971 0 1972 1972 0 1966 1966 0 1972 1972 0 1841 1841 0 1841 1841 0 1972 1972 0 1845 1845 0 1967 1967 0 1971 1971 0 1966 1966 0 1970 1970 0 1973 1973 0 1969 1969 0 1973 1973 0 1970 1970 0 1843 1843 0 1973 1973 0 1843 1843 0 1974 1974 0 1974 1974 0 1843 1843 0 1846 1846 0 1848 1848 0 1975 1975 0 1849 1849 0 1848 1848 0 1976 1976 0 1975 1975 0 1848 1848 0 1845 1845 0 1976 1976 0 1845 1845 0 1972 1972 0 1976 1976 0 1978 1978 0 1846 1846 0 1850 1850 0 1978 1978 0 1977 1977 0 1846 1846 0 1977 1977 0 1974 1974 0 1846 1846 0 1850 1850 0 1851 1851 0 1978 1978 0 1975 1975 0 1979 1979 0 1980 1980 0 1975 1975 0 1980 1980 0 1849 1849 0 1849 1849 0 1980 1980 0 1853 1853 0 1976 1976 0 1979 1979 0 1975 1975 0 1978 1978 0 1981 1981 0 1977 1977 0 1981 1981 0 1978 1978 0 1851 1851 0 1981 1981 0 1851 1851 0 1982 1982 0 1982 1982 0 1851 1851 0 1854 1854 0 1856 1856 0 1983 1983 0 1857 1857 0 1856 1856 0 1984 1984 0 1983 1983 0 1856 1856 0 1853 1853 0 1984 1984 0 1853 1853 0 1980 1980 0 1984 1984 0 1986 1986 0 1854 1854 0 1858 1858 0 1986 1986 0 1985 1985 0 1854 1854 0 1985 1985 0 1982 1982 0 1854 1854 0 1858 1858 0 1859 1859 0 1986 1986 0 1983 1983 0 1987 1987 0 1860 1860 0 1857 1857 0 1983 1983 0 1860 1860 0 1988 1988 0 1983 1983 0 1984 1984 0 1987 1987 0 1983 1983 0 1988 1988 0 1986 1986 0 1989 1989 0 1985 1985 0 1989 1989 0 1986 1986 0 1859 1859 0 1989 1989 0 1859 1859 0 1990 1990 0 1990 1990 0 1859 1859 0 1861 1861 0 1987 1987 0 1991 1991 0 1992 1992 0 1987 1987 0 1992 1992 0 1860 1860 0 1860 1860 0 1992 1992 0 1862 1862 0 1988 1988 0 1991 1991 0 1987 1987 0 1861 1861 0 1863 1863 0 1990 1990 0 1990 1990 0 1863 1863 0 1993 1993 0 1862 1862 0 1992 1992 0 1864 1864 0 1992 1992 0 1994 1994 0 1864 1864 0 1863 1863 0 1865 1865 0 1993 1993 0 1993 1993 0 1865 1865 0 1995 1995 0 1864 1864 0 1994 1994 0 1866 1866 0 1994 1994 0 1996 1996 0 1866 1866 0 1865 1865 0 1867 1867 0 1995 1995 0 1995 1995 0 1867 1867 0 1997 1997 0 1866 1866 0 1996 1996 0 1868 1868 0 1996 1996 0 1998 1998 0 1868 1868 0 1867 1867 0 1869 1869 0 1997 1997 0 1997 1997 0 1869 1869 0 1999 1999 0 1868 1868 0 1998 1998 0 1870 1870 0 1998 1998 0 2000 2000 0 1870 1870 0 2003 2003 0 2002 2002 0 2001 2001 0 2003 2003 0 2001 2001 0 1999 1999 0 2003 2003 0 1999 1999 0 1871 1871 0 1871 1871 0 1999 1999 0 1869 1869 0 2004 2004 0 2005 2005 0 1872 1872 0 2004 2004 0 1872 1872 0 2000 2000 0 2000 2000 0 1872 1872 0 1870 1870 0 2004 2004 0 2006 2006 0 2005 2005 0 2008 2008 0 2002 2002 0 2003 2003 0 2007 2007 0 2002 2002 0 2008 2008 0 1871 1871 0 1873 1873 0 2008 2008 0 2003 2003 0 1871 1871 0 2008 2008 0 1872 1872 0 2005 2005 0 1874 1874 0 2005 2005 0 1876 1876 0 1874 1874 0 2005 2005 0 2006 2006 0 1876 1876 0 2006 2006 0 2009 2009 0 1876 1876 0 1877 1877 0 2007 2007 0 2008 2008 0 1877 1877 0 1878 1878 0 2007 2007 0 1878 1878 0 2010 2010 0 2007 2007 0 1873 1873 0 1877 1877 0 2008 2008 0 1876 1876 0 2009 2009 0 1880 1880 0 2009 2009 0 2011 2011 0 1880 1880 0 2014 2014 0 2013 2013 0 2012 2012 0 2014 2014 0 2012 2012 0 2010 2010 0 2014 2014 0 2010 2010 0 1881 1881 0 1881 1881 0 2010 2010 0 1878 1878 0 2015 2015 0 2016 2016 0 1882 1882 0 2015 2015 0 1882 1882 0 2011 2011 0 2011 2011 0 1882 1882 0 1880 1880 0 2015 2015 0 2017 2017 0 2016 2016 0 1883 1883 0 2013 2013 0 2014 2014 0 1883 1883 0 1884 1884 0 2013 2013 0 1884 1884 0 2018 2018 0 2013 2013 0 1881 1881 0 1883 1883 0 2014 2014 0 1882 1882 0 2016 2016 0 1886 1886 0 1887 1887 0 2019 2019 0 2020 2020 0 1886 1886 0 2019 2019 0 1887 1887 0 1886 1886 0 2017 2017 0 2019 2019 0 1886 1886 0 2016 2016 0 2017 2017 0 2019 2019 0 2021 2021 0 2020 2020 0 2024 2024 0 2023 2023 0 2022 2022 0 2024 2024 0 2022 2022 0 2018 2018 0 2024 2024 0 2018 2018 0 1888 1888 0 1888 1888 0 2018 2018 0 1884 1884 0 1887 1887 0 2020 2020 0 1889 1889 0 1890 1890 0 2025 2025 0 2026 2026 0 1889 1889 0 2025 2025 0 1890 1890 0 1889 1889 0 2021 2021 0 2025 2025 0 1889 1889 0 2020 2020 0 2021 2021 0 2025 2025 0 2027 2027 0 2026 2026 0 2030 2030 0 2029 2029 0 2028 2028 0 2023 2023 0 2030 2030 0 2028 2028 0 2024 2024 0 2030 2030 0 2023 2023 0 2024 2024 0 1892 1892 0 2030 2030 0 2024 2024 0 1891 1891 0 1892 1892 0 1888 1888 0 1891 1891 0 2024 2024 0 1890 1890 0 2026 2026 0 1893 1893 0 1895 1895 0 2031 2031 0 2032 2032 0 1893 1893 0 2031 2031 0 1895 1895 0 1893 1893 0 2027 2027 0 2031 2031 0 1893 1893 0 2026 2026 0 2027 2027 0 2031 2031 0 2033 2033 0 2032 2032 0 1896 1896 0 2029 2029 0 2030 2030 0 1896 1896 0 1897 1897 0 2029 2029 0 1897 1897 0 2034 2034 0 2029 2029 0 1892 1892 0 1896 1896 0 2030 2030 0 1895 1895 0 2032 2032 0 1898 1898 0 1899 1899 0 2035 2035 0 2036 2036 0 1898 1898 0 2035 2035 0 1899 1899 0 1898 1898 0 2033 2033 0 2035 2035 0 1898 1898 0 2032 2032 0 2033 2033 0 2035 2035 0 2037 2037 0 2036 2036 0 2040 2040 0 2039 2039 0 2038 2038 0 2040 2040 0 1900 1900 0 1901 1901 0 2040 2040 0 2038 2038 0 1900 1900 0 2038 2038 0 2041 2041 0 1900 1900 0 2034 2034 0 1897 1897 0 1900 1900 0 2041 2041 0 2034 2034 0 1900 1900 0 1899 1899 0 2036 2036 0 1902 1902 0 2036 2036 0 2037 2037 0 2042 2042 0 2036 2036 0 2042 2042 0 1902 1902 0 1902 1902 0 2042 2042 0 1903 1903 0 2042 2042 0 1905 1905 0 1903 1903 0 2043 2043 0 1905 1905 0 2042 2042 0 2046 2046 0 2045 2045 0 2044 2044 0 2039 2039 0 2046 2046 0 2044 2044 0 2040 2040 0 2046 2046 0 2039 2039 0 2040 2040 0 1907 1907 0 2046 2046 0 2040 2040 0 1906 1906 0 1907 1907 0 1901 1901 0 1906 1906 0 2040 2040 0 1905 1905 0 2043 2043 0 2047 2047 0 1908 1908 0 1905 1905 0 2047 2047 0 1909 1909 0 1908 1908 0 2048 2048 0 1908 1908 0 2047 2047 0 2048 2048 0 1911 1911 0 2049 2049 0 2050 2050 0 1911 1911 0 1909 1909 0 2049 2049 0 1909 1909 0 2048 2048 0 2049 2049 0 2049 2049 0 2051 2051 0 2050 2050 0 2054 2054 0 2053 2053 0 2052 2052 0 2054 2054 0 1912 1912 0 1913 1913 0 2054 2054 0 2052 2052 0 1912 1912 0 2052 2052 0 2055 2055 0 1912 1912 0 1915 1915 0 1912 1912 0 2056 2056 0 1912 1912 0 2055 2055 0 2056 2056 0 2045 2045 0 2046 2046 0 1916 1916 0 2045 2045 0 1916 1916 0 2056 2056 0 2056 2056 0 1916 1916 0 1915 1915 0 1907 1907 0 1916 1916 0 2046 2046 0 1911 1911 0 2050 2050 0 1917 1917 0 2050 2050 0 2051 2051 0 2057 2057 0 2050 2050 0 2057 2057 0 1917 1917 0 1917 1917 0 2057 2057 0 1918 1918 0 1919 1919 0 1918 1918 0 2058 2058 0 1918 1918 0 2057 2057 0 2058 2058 0 1920 1920 0 1919 1919 0 2059 2059 0 1919 1919 0 2058 2058 0 2059 2059 0 1922 1922 0 1920 1920 0 2060 2060 0 1920 1920 0 2059 2059 0 2060 2060 0 1924 1924 0 1922 1922 0 2061 2061 0 1922 1922 0 2060 2060 0 2061 2061 0 1926 1926 0 1924 1924 0 2062 2062 0 1924 1924 0 2061 2061 0 2062 2062 0 2053 2053 0 2054 2054 0 1927 1927 0 2053 2053 0 1927 1927 0 2062 2062 0 2062 2062 0 1927 1927 0 1926 1926 0 1913 1913 0 1927 1927 0 2054 2054 0 1930 1930 0 2063 2063 0 1931 1931 0 1930 1930 0 1932 1932 0 2064 2064 0 2063 2063 0 1930 1930 0 2064 2064 0 1932 1932 0 1933 1933 0 2065 2065 0 2064 2064 0 1932 1932 0 2065 2065 0 1933 1933 0 1934 1934 0 2066 2066 0 2065 2065 0 1933 1933 0 2066 2066 0 1934 1934 0 1935 1935 0 2066 2066 0 1938 1938 0 2067 2067 0 1939 1939 0 1938 1938 0 1940 1940 0 2068 2068 0 2067 2067 0 1938 1938 0 2068 2068 0 2070 2070 0 2068 2068 0 1940 1940 0 2070 2070 0 1940 1940 0 2069 2069 0 2069 2069 0 1940 1940 0 1941 1941 0 1942 1942 0 2071 2071 0 1941 1941 0 1941 1941 0 2071 2071 0 2069 2069 0 2063 2063 0 1942 1942 0 1931 1931 0 2063 2063 0 2072 2072 0 1942 1942 0 2072 2072 0 2071 2071 0 1942 1942 0 2064 2064 0 2072 2072 0 2063 2063 0 2073 2073 0 2072 2072 0 2064 2064 0 2065 2065 0 2073 2073 0 2064 2064 0 2074 2074 0 2073 2073 0 2065 2065 0 2066 2066 0 2074 2074 0 2065 2065 0 2075 2075 0 2074 2074 0 2066 2066 0 1935 1935 0 2075 2075 0 2066 2066 0 1935 1935 0 1943 1943 0 2075 2075 0 1943 1943 0 2076 2076 0 2075 2075 0 1944 1944 0 2077 2077 0 1943 1943 0 1943 1943 0 2077 2077 0 2076 2076 0 2079 2079 0 2078 2078 0 2077 2077 0 2079 2079 0 2077 2077 0 1945 1945 0 1945 1945 0 2077 2077 0 1944 1944 0 1945 1945 0 1946 1946 0 2080 2080 0 2079 2079 0 1945 1945 0 2080 2080 0 1946 1946 0 1947 1947 0 2080 2080 0 1949 1949 0 2081 2081 0 1950 1950 0 1949 1949 0 2083 2083 0 2081 2081 0 1939 1939 0 2083 2083 0 1949 1949 0 1939 1939 0 2082 2082 0 2083 2083 0 1939 1939 0 2067 2067 0 2082 2082 0 2068 2068 0 2082 2082 0 2067 2067 0 2084 2084 0 2082 2082 0 2068 2068 0 2070 2070 0 2084 2084 0 2068 2068 0 2079 2079 0 2085 2085 0 2078 2078 0 2080 2080 0 2085 2085 0 2079 2079 0 2086 2086 0 2085 2085 0 2080 2080 0 2088 2088 0 2087 2087 0 2086 2086 0 1951 1951 0 2088 2088 0 2086 2086 0 1951 1951 0 2086 2086 0 2080 2080 0 1951 1951 0 2080 2080 0 1947 1947 0 1951 1951 0 1952 1952 0 2088 2088 0 1955 1955 0 2089 2089 0 2090 2090 0 1956 1956 0 1955 1955 0 2090 2090 0 2081 2081 0 1955 1955 0 1950 1950 0 2081 2081 0 2091 2091 0 1955 1955 0 2091 2091 0 2089 2089 0 1955 1955 0 2083 2083 0 2091 2091 0 2081 2081 0 2088 2088 0 2092 2092 0 2087 2087 0 1952 1952 0 2092 2092 0 2088 2088 0 1952 1952 0 1957 1957 0 2092 2092 0 1957 1957 0 2093 2093 0 2092 2092 0 2093 2093 0 1957 1957 0 1958 1958 0 2094 2094 0 2093 2093 0 1958 1958 0 1960 1960 0 2095 2095 0 1961 1961 0 2097 2097 0 2095 2095 0 1960 1960 0 2097 2097 0 1960 1960 0 2096 2096 0 2096 2096 0 1960 1960 0 1962 1962 0 2090 2090 0 1962 1962 0 1956 1956 0 2096 2096 0 1962 1962 0 2090 2090 0 1958 1958 0 2098 2098 0 2094 2094 0 1963 1963 0 2098 2098 0 1958 1958 0 2098 2098 0 1963 1963 0 1964 1964 0 2099 2099 0 2098 2098 0 1964 1964 0 2095 2095 0 2100 2100 0 2101 2101 0 2095 2095 0 2101 2101 0 1961 1961 0 1961 1961 0 2101 2101 0 1967 1967 0 2097 2097 0 2100 2100 0 2095 2095 0 1964 1964 0 2102 2102 0 2099 2099 0 1968 1968 0 2102 2102 0 1964 1964 0 2102 2102 0 1968 1968 0 1969 1969 0 2103 2103 0 2102 2102 0 1969 1969 0 1971 1971 0 2104 2104 0 1972 1972 0 1971 1971 0 2105 2105 0 2104 2104 0 1971 1971 0 1967 1967 0 2105 2105 0 1967 1967 0 2101 2101 0 2105 2105 0 2107 2107 0 1969 1969 0 1973 1973 0 2107 2107 0 2106 2106 0 1969 1969 0 2106 2106 0 2103 2103 0 1969 1969 0 1973 1973 0 1974 1974 0 2107 2107 0 2104 2104 0 2108 2108 0 2109 2109 0 2104 2104 0 2109 2109 0 1972 1972 0 1972 1972 0 2109 2109 0 1976 1976 0 2105 2105 0 2108 2108 0 2104 2104 0 2107 2107 0 2110 2110 0 2106 2106 0 2110 2110 0 2107 2107 0 1974 1974 0 2110 2110 0 1974 1974 0 2111 2111 0 2111 2111 0 1974 1974 0 1977 1977 0 1979 1979 0 2112 2112 0 1980 1980 0 1979 1979 0 2113 2113 0 2112 2112 0 1979 1979 0 1976 1976 0 2113 2113 0 1976 1976 0 2109 2109 0 2113 2113 0 2115 2115 0 1977 1977 0 1981 1981 0 2115 2115 0 2114 2114 0 1977 1977 0 2114 2114 0 2111 2111 0 1977 1977 0 1981 1981 0 1982 1982 0 2115 2115 0 2112 2112 0 2116 2116 0 2117 2117 0 2112 2112 0 2117 2117 0 1980 1980 0 1980 1980 0 2117 2117 0 1984 1984 0 2113 2113 0 2116 2116 0 2112 2112 0 2115 2115 0 2118 2118 0 2114 2114 0 2118 2118 0 2115 2115 0 1982 1982 0 2118 2118 0 1982 1982 0 2119 2119 0 2119 2119 0 1982 1982 0 1985 1985 0 1984 1984 0 2117 2117 0 1988 1988 0 2117 2117 0 2120 2120 0 1988 1988 0 2122 2122 0 1985 1985 0 1989 1989 0 2122 2122 0 2121 2121 0 1985 1985 0 2121 2121 0 2119 2119 0 1985 1985 0 1989 1989 0 1990 1990 0 2122 2122 0 1991 1991 0 2123 2123 0 1992 1992 0 1991 1991 0 2124 2124 0 2123 2123 0 1991 1991 0 1988 1988 0 2124 2124 0 1988 1988 0 2120 2120 0 2124 2124 0 2126 2126 0 2121 2121 0 2122 2122 0 2125 2125 0 2121 2121 0 2126 2126 0 1990 1990 0 1993 1993 0 2126 2126 0 2122 2122 0 1990 1990 0 2126 2126 0 2123 2123 0 2127 2127 0 1994 1994 0 1992 1992 0 2123 2123 0 1994 1994 0 2128 2128 0 2123 2123 0 2124 2124 0 2127 2127 0 2123 2123 0 2128 2128 0 2130 2130 0 2125 2125 0 2126 2126 0 2129 2129 0 2125 2125 0 2130 2130 0 1993 1993 0 1995 1995 0 2130 2130 0 2126 2126 0 1993 1993 0 2130 2130 0 2127 2127 0 2131 2131 0 1996 1996 0 1994 1994 0 2127 2127 0 1996 1996 0 2132 2132 0 2127 2127 0 2128 2128 0 2131 2131 0 2127 2127 0 2132 2132 0 2134 2134 0 2129 2129 0 2130 2130 0 2133 2133 0 2129 2129 0 2134 2134 0 1995 1995 0 1997 1997 0 2134 2134 0 2130 2130 0 1995 1995 0 2134 2134 0 2131 2131 0 2135 2135 0 1998 1998 0 1996 1996 0 2131 2131 0 1998 1998 0 2136 2136 0 2131 2131 0 2132 2132 0 2135 2135 0 2131 2131 0 2136 2136 0 2138 2138 0 2133 2133 0 2134 2134 0 2137 2137 0 2133 2133 0 2138 2138 0 1997 1997 0 1999 1999 0 2138 2138 0 2134 2134 0 1997 1997 0 2138 2138 0 2135 2135 0 2139 2139 0 2000 2000 0 1998 1998 0 2135 2135 0 2000 2000 0 2140 2140 0 2135 2135 0 2136 2136 0 2139 2139 0 2135 2135 0 2140 2140 0 2001 2001 0 2137 2137 0 2138 2138 0 2001 2001 0 2002 2002 0 2137 2137 0 2002 2002 0 2141 2141 0 2137 2137 0 1999 1999 0 2001 2001 0 2138 2138 0 2000 2000 0 2139 2139 0 2004 2004 0 2139 2139 0 2006 2006 0 2004 2004 0 2139 2139 0 2140 2140 0 2006 2006 0 2140 2140 0 2142 2142 0 2006 2006 0 2002 2002 0 2007 2007 0 2141 2141 0 2141 2141 0 2007 2007 0 2143 2143 0 2144 2144 0 2145 2145 0 2009 2009 0 2144 2144 0 2009 2009 0 2142 2142 0 2142 2142 0 2009 2009 0 2006 2006 0 2144 2144 0 2146 2146 0 2145 2145 0 2149 2149 0 2148 2148 0 2147 2147 0 2149 2149 0 2147 2147 0 2143 2143 0 2149 2149 0 2143 2143 0 2010 2010 0 2010 2010 0 2143 2143 0 2007 2007 0 2145 2145 0 2150 2150 0 2011 2011 0 2009 2009 0 2145 2145 0 2011 2011 0 2151 2151 0 2145 2145 0 2146 2146 0 2150 2150 0 2145 2145 0 2151 2151 0 2012 2012 0 2148 2148 0 2149 2149 0 2012 2012 0 2013 2013 0 2148 2148 0 2013 2013 0 2152 2152 0 2148 2148 0 2010 2010 0 2012 2012 0 2149 2149 0 2011 2011 0 2150 2150 0 2015 2015 0 2017 2017 0 2153 2153 0 2154 2154 0 2015 2015 0 2153 2153 0 2017 2017 0 2015 2015 0 2151 2151 0 2153 2153 0 2015 2015 0 2150 2150 0 2151 2151 0 2153 2153 0 2155 2155 0 2154 2154 0 2158 2158 0 2157 2157 0 2156 2156 0 2158 2158 0 2156 2156 0 2152 2152 0 2158 2158 0 2152 2152 0 2018 2018 0 2018 2018 0 2152 2152 0 2013 2013 0 2017 2017 0 2154 2154 0 2019 2019 0 2154 2154 0 2021 2021 0 2019 2019 0 2154 2154 0 2155 2155 0 2021 2021 0 2155 2155 0 2159 2159 0 2021 2021 0 2022 2022 0 2157 2157 0 2158 2158 0 2022 2022 0 2023 2023 0 2157 2157 0 2023 2023 0 2160 2160 0 2157 2157 0 2018 2018 0 2022 2022 0 2158 2158 0 2021 2021 0 2159 2159 0 2161 2161 0 2025 2025 0 2021 2021 0 2161 2161 0 2161 2161 0 2027 2027 0 2025 2025 0 2162 2162 0 2027 2027 0 2161 2161 0 2028 2028 0 2164 2164 0 2163 2163 0 2029 2029 0 2164 2164 0 2028 2028 0 2160 2160 0 2023 2023 0 2028 2028 0 2163 2163 0 2160 2160 0 2028 2028 0 2027 2027 0 2162 2162 0 2165 2165 0 2031 2031 0 2027 2027 0 2165 2165 0 2165 2165 0 2033 2033 0 2031 2031 0 2166 2166 0 2033 2033 0 2165 2165 0 2169 2169 0 2168 2168 0 2167 2167 0 2169 2169 0 2167 2167 0 2164 2164 0 2169 2169 0 2164 2164 0 2034 2034 0 2034 2034 0 2164 2164 0 2029 2029 0 2033 2033 0 2166 2166 0 2170 2170 0 2035 2035 0 2033 2033 0 2170 2170 0 2037 2037 0 2171 2171 0 2172 2172 0 2037 2037 0 2035 2035 0 2171 2171 0 2035 2035 0 2170 2170 0 2171 2171 0 2171 2171 0 2173 2173 0 2172 2172 0 2176 2176 0 2175 2175 0 2174 2174 0 2176 2176 0 2038 2038 0 2039 2039 0 2176 2176 0 2174 2174 0 2038 2038 0 2174 2174 0 2177 2177 0 2038 2038 0 2168 2168 0 2169 2169 0 2041 2041 0 2168 2168 0 2041 2041 0 2177 2177 0 2177 2177 0 2041 2041 0 2038 2038 0 2034 2034 0 2041 2041 0 2169 2169 0 2037 2037 0 2172 2172 0 2042 2042 0 2043 2043 0 2178 2178 0 2179 2179 0 2042 2042 0 2178 2178 0 2043 2043 0 2042 2042 0 2173 2173 0 2178 2178 0 2042 2042 0 2172 2172 0 2173 2173 0 2179 2179 0 2180 2180 0 2181 2181 0 2178 2178 0 2180 2180 0 2179 2179 0 2180 2180 0 2182 2182 0 2181 2181 0 2185 2185 0 2184 2184 0 2183 2183 0 2185 2185 0 2186 2186 0 2187 2187 0 2183 2183 0 2186 2186 0 2185 2185 0 2175 2175 0 2187 2187 0 2186 2186 0 2176 2176 0 2187 2187 0 2175 2175 0 2176 2176 0 2045 2045 0 2187 2187 0 2176 2176 0 2044 2044 0 2045 2045 0 2039 2039 0 2044 2044 0 2176 2176 0 2043 2043 0 2179 2179 0 2047 2047 0 2048 2048 0 2047 2047 0 2179 2179 0 2181 2181 0 2048 2048 0 2179 2179 0 2181 2181 0 2182 2182 0 2188 2188 0 2181 2181 0 2188 2188 0 2048 2048 0 2048 2048 0 2188 2188 0 2049 2049 0 2051 2051 0 2189 2189 0 2190 2190 0 2051 2051 0 2049 2049 0 2189 2189 0 2049 2049 0 2188 2188 0 2189 2189 0 2190 2190 0 2191 2191 0 2192 2192 0 2189 2189 0 2191 2191 0 2190 2190 0 2192 2192 0 2193 2193 0 2194 2194 0 2191 2191 0 2193 2193 0 2192 2192 0 2194 2194 0 2195 2195 0 2196 2196 0 2193 2193 0 2195 2195 0 2194 2194 0 2196 2196 0 2197 2197 0 2198 2198 0 2195 2195 0 2197 2197 0 2196 2196 0 2198 2198 0 2199 2199 0 2200 2200 0 2197 2197 0 2199 2199 0 2198 2198 0 2200 2200 0 2052 2052 0 2053 2053 0 2200 2200 0 2199 2199 0 2052 2052 0 2199 2199 0 2201 2201 0 2052 2052 0 2184 2184 0 2185 2185 0 2055 2055 0 2184 2184 0 2055 2055 0 2201 2201 0 2201 2201 0 2055 2055 0 2052 2052 0 2056 2056 0 2055 2055 0 2185 2185 0 2187 2187 0 2056 2056 0 2185 2185 0 2045 2045 0 2056 2056 0 2187 2187 0 2051 2051 0 2190 2190 0 2057 2057 0 2058 2058 0 2057 2057 0 2190 2190 0 2192 2192 0 2058 2058 0 2190 2190 0 2059 2059 0 2058 2058 0 2192 2192 0 2194 2194 0 2059 2059 0 2192 2192 0 2060 2060 0 2059 2059 0 2194 2194 0 2196 2196 0 2060 2060 0 2194 2194 0 2061 2061 0 2060 2060 0 2196 2196 0 2198 2198 0 2061 2061 0 2196 2196 0 2062 2062 0 2061 2061 0 2198 2198 0 2200 2200 0 2062 2062 0 2198 2198 0 2053 2053 0 2062 2062 0 2200 2200 0 2069 2069 0 2202 2202 0 2070 2070 0 2069 2069 0 2071 2071 0 2203 2203 0 2202 2202 0 2069 2069 0 2203 2203 0 2205 2205 0 2203 2203 0 2071 2071 0 2205 2205 0 2071 2071 0 2204 2204 0 2204 2204 0 2071 2071 0 2072 2072 0 2073 2073 0 2206 2206 0 2072 2072 0 2072 2072 0 2206 2206 0 2204 2204 0 2074 2074 0 2207 2207 0 2073 2073 0 2073 2073 0 2207 2207 0 2206 2206 0 2075 2075 0 2208 2208 0 2074 2074 0 2074 2074 0 2208 2208 0 2207 2207 0 2210 2210 0 2209 2209 0 2208 2208 0 2210 2210 0 2208 2208 0 2076 2076 0 2076 2076 0 2208 2208 0 2075 2075 0 2076 2076 0 2077 2077 0 2211 2211 0 2210 2210 0 2076 2076 0 2211 2211 0 2077 2077 0 2078 2078 0 2211 2211 0 2082 2082 0 2212 2212 0 2083 2083 0 2214 2214 0 2212 2212 0 2082 2082 0 2214 2214 0 2082 2082 0 2213 2213 0 2213 2213 0 2082 2082 0 2084 2084 0 2202 2202 0 2084 2084 0 2070 2070 0 2202 2202 0 2215 2215 0 2084 2084 0 2215 2215 0 2213 2213 0 2084 2084 0 2203 2203 0 2215 2215 0 2202 2202 0 2216 2216 0 2215 2215 0 2203 2203 0 2205 2205 0 2216 2216 0 2203 2203 0 2210 2210 0 2217 2217 0 2209 2209 0 2211 2211 0 2217 2217 0 2210 2210 0 2218 2218 0 2217 2217 0 2211 2211 0 2078 2078 0 2218 2218 0 2211 2211 0 2078 2078 0 2085 2085 0 2218 2218 0 2085 2085 0 2219 2219 0 2218 2218 0 2221 2221 0 2220 2220 0 2219 2219 0 2221 2221 0 2219 2219 0 2086 2086 0 2086 2086 0 2219 2219 0 2085 2085 0 2086 2086 0 2087 2087 0 2221 2221 0 2089 2089 0 2222 2222 0 2090 2090 0 2224 2224 0 2222 2222 0 2089 2089 0 2224 2224 0 2089 2089 0 2223 2223 0 2223 2223 0 2089 2089 0 2091 2091 0 2212 2212 0 2091 2091 0 2083 2083 0 2212 2212 0 2225 2225 0 2091 2091 0 2225 2225 0 2223 2223 0 2091 2091 0 2214 2214 0 2225 2225 0 2212 2212 0 2221 2221 0 2226 2226 0 2220 2220 0 2087 2087 0 2226 2226 0 2221 2221 0 2087 2087 0 2092 2092 0 2226 2226 0 2092 2092 0 2227 2227 0 2226 2226 0 2229 2229 0 2228 2228 0 2227 2227 0 2229 2229 0 2227 2227 0 2093 2093 0 2093 2093 0 2227 2227 0 2092 2092 0 2093 2093 0 2094 2094 0 2229 2229 0 2096 2096 0 2230 2230 0 2097 2097 0 2096 2096 0 2232 2232 0 2230 2230 0 2090 2090 0 2232 2232 0 2096 2096 0 2090 2090 0 2231 2231 0 2232 2232 0 2090 2090 0 2222 2222 0 2231 2231 0 2224 2224 0 2231 2231 0 2222 2222 0 2229 2229 0 2233 2233 0 2228 2228 0 2235 2235 0 2234 2234 0 2233 2233 0 2098 2098 0 2235 2235 0 2233 2233 0 2098 2098 0 2233 2233 0 2229 2229 0 2098 2098 0 2229 2229 0 2094 2094 0 2098 2098 0 2099 2099 0 2235 2235 0 2100 2100 0 2236 2236 0 2101 2101 0 2100 2100 0 2238 2238 0 2236 2236 0 2097 2097 0 2238 2238 0 2100 2100 0 2097 2097 0 2237 2237 0 2238 2238 0 2097 2097 0 2230 2230 0 2237 2237 0 2232 2232 0 2237 2237 0 2230 2230 0 2235 2235 0 2239 2239 0 2234 2234 0 2241 2241 0 2240 2240 0 2239 2239 0 2102 2102 0 2241 2241 0 2239 2239 0 2102 2102 0 2239 2239 0 2235 2235 0 2102 2102 0 2235 2235 0 2099 2099 0 2102 2102 0 2103 2103 0 2241 2241 0 2236 2236 0 2242 2242 0 2243 2243 0 2236 2236 0 2243 2243 0 2101 2101 0 2101 2101 0 2243 2243 0 2105 2105 0 2238 2238 0 2242 2242 0 2236 2236 0 2241 2241 0 2244 2244 0 2240 2240 0 2244 2244 0 2241 2241 0 2103 2103 0 2244 2244 0 2103 2103 0 2245 2245 0 2245 2245 0 2103 2103 0 2106 2106 0 2108 2108 0 2246 2246 0 2109 2109 0 2108 2108 0 2247 2247 0 2246 2246 0 2108 2108 0 2105 2105 0 2247 2247 0 2105 2105 0 2243 2243 0 2247 2247 0 2249 2249 0 2106 2106 0 2110 2110 0 2249 2249 0 2248 2248 0 2106 2106 0 2248 2248 0 2245 2245 0 2106 2106 0 2110 2110 0 2111 2111 0 2249 2249 0 2246 2246 0 2250 2250 0 2251 2251 0 2246 2246 0 2251 2251 0 2109 2109 0 2109 2109 0 2251 2251 0 2113 2113 0 2247 2247 0 2250 2250 0 2246 2246 0 2249 2249 0 2252 2252 0 2248 2248 0 2252 2252 0 2249 2249 0 2111 2111 0 2252 2252 0 2111 2111 0 2253 2253 0 2253 2253 0 2111 2111 0 2114 2114 0 2116 2116 0 2254 2254 0 2117 2117 0 2116 2116 0 2255 2255 0 2254 2254 0 2116 2116 0 2113 2113 0 2255 2255 0 2113 2113 0 2251 2251 0 2255 2255 0 2257 2257 0 2114 2114 0 2118 2118 0 2257 2257 0 2256 2256 0 2114 2114 0 2256 2256 0 2253 2253 0 2114 2114 0 2118 2118 0 2119 2119 0 2257 2257 0 2254 2254 0 2258 2258 0 2120 2120 0 2117 2117 0 2254 2254 0 2120 2120 0 2259 2259 0 2254 2254 0 2255 2255 0 2258 2258 0 2254 2254 0 2259 2259 0 2261 2261 0 2256 2256 0 2257 2257 0 2260 2260 0 2256 2256 0 2261 2261 0 2119 2119 0 2121 2121 0 2261 2261 0 2257 2257 0 2119 2119 0 2261 2261 0 2258 2258 0 2262 2262 0 2263 2263 0 2258 2258 0 2263 2263 0 2120 2120 0 2120 2120 0 2263 2263 0 2124 2124 0 2259 2259 0 2262 2262 0 2258 2258 0 2261 2261 0 2264 2264 0 2260 2260 0 2264 2264 0 2261 2261 0 2121 2121 0 2264 2264 0 2121 2121 0 2265 2265 0 2265 2265 0 2121 2121 0 2125 2125 0 2124 2124 0 2263 2263 0 2128 2128 0 2263 2263 0 2266 2266 0 2128 2128 0 2125 2125 0 2129 2129 0 2265 2265 0 2265 2265 0 2129 2129 0 2267 2267 0 2128 2128 0 2266 2266 0 2132 2132 0 2266 2266 0 2268 2268 0 2132 2132 0 2129 2129 0 2133 2133 0 2267 2267 0 2267 2267 0 2133 2133 0 2269 2269 0 2132 2132 0 2268 2268 0 2136 2136 0 2268 2268 0 2270 2270 0 2136 2136 0 2133 2133 0 2137 2137 0 2269 2269 0 2269 2269 0 2137 2137 0 2271 2271 0 2272 2272 0 2273 2273 0 2140 2140 0 2272 2272 0 2140 2140 0 2270 2270 0 2270 2270 0 2140 2140 0 2136 2136 0 2272 2272 0 2274 2274 0 2273 2273 0 2277 2277 0 2276 2276 0 2275 2275 0 2277 2277 0 2275 2275 0 2271 2271 0 2277 2277 0 2271 2271 0 2141 2141 0 2141 2141 0 2271 2271 0 2137 2137 0 2273 2273 0 2278 2278 0 2142 2142 0 2140 2140 0 2273 2273 0 2142 2142 0 2279 2279 0 2273 2273 0 2274 2274 0 2278 2278 0 2273 2273 0 2279 2279 0 2281 2281 0 2276 2276 0 2277 2277 0 2280 2280 0 2276 2276 0 2281 2281 0 2141 2141 0 2143 2143 0 2281 2281 0 2277 2277 0 2141 2141 0 2281 2281 0 2142 2142 0 2278 2278 0 2144 2144 0 2278 2278 0 2146 2146 0 2144 2144 0 2278 2278 0 2279 2279 0 2146 2146 0 2279 2279 0 2282 2282 0 2146 2146 0 2147 2147 0 2280 2280 0 2281 2281 0 2147 2147 0 2148 2148 0 2280 2280 0 2148 2148 0 2283 2283 0 2280 2280 0 2143 2143 0 2147 2147 0 2281 2281 0 2284 2284 0 2285 2285 0 2151 2151 0 2284 2284 0 2151 2151 0 2282 2282 0 2282 2282 0 2151 2151 0 2146 2146 0 2284 2284 0 2286 2286 0 2285 2285 0 2289 2289 0 2288 2288 0 2287 2287 0 2289 2289 0 2287 2287 0 2283 2283 0 2289 2289 0 2283 2283 0 2152 2152 0 2152 2152 0 2283 2283 0 2148 2148 0 2151 2151 0 2285 2285 0 2153 2153 0 2285 2285 0 2155 2155 0 2153 2153 0 2285 2285 0 2286 2286 0 2155 2155 0 2286 2286 0 2290 2290 0 2155 2155 0 2293 2293 0 2292 2292 0 2291 2291 0 2288 2288 0 2293 2293 0 2291 2291 0 2289 2289 0 2293 2293 0 2288 2288 0 2289 2289 0 2157 2157 0 2293 2293 0 2289 2289 0 2156 2156 0 2157 2157 0 2152 2152 0 2156 2156 0 2289 2289 0 2294 2294 0 2295 2295 0 2159 2159 0 2294 2294 0 2159 2159 0 2290 2290 0 2290 2290 0 2159 2159 0 2155 2155 0 2294 2294 0 2296 2296 0 2295 2295 0 2298 2298 0 2292 2292 0 2293 2293 0 2297 2297 0 2292 2292 0 2298 2298 0 2157 2157 0 2160 2160 0 2298 2298 0 2293 2293 0 2157 2157 0 2298 2298 0 2159 2159 0 2295 2295 0 2161 2161 0 2162 2162 0 2299 2299 0 2300 2300 0 2161 2161 0 2299 2299 0 2162 2162 0 2161 2161 0 2296 2296 0 2299 2299 0 2161 2161 0 2295 2295 0 2296 2296 0 2299 2299 0 2301 2301 0 2300 2300 0 2304 2304 0 2303 2303 0 2302 2302 0 2297 2297 0 2304 2304 0 2302 2302 0 2298 2298 0 2304 2304 0 2297 2297 0 2298 2298 0 2164 2164 0 2304 2304 0 2298 2298 0 2163 2163 0 2164 2164 0 2160 2160 0 2163 2163 0 2298 2298 0 2162 2162 0 2300 2300 0 2165 2165 0 2166 2166 0 2305 2305 0 2306 2306 0 2165 2165 0 2305 2305 0 2166 2166 0 2165 2165 0 2301 2301 0 2305 2305 0 2165 2165 0 2300 2300 0 2301 2301 0 2305 2305 0 2307 2307 0 2306 2306 0 2310 2310 0 2309 2309 0 2308 2308 0 2303 2303 0 2310 2310 0 2308 2308 0 2304 2304 0 2310 2310 0 2303 2303 0 2304 2304 0 2168 2168 0 2310 2310 0 2304 2304 0 2167 2167 0 2168 2168 0 2164 2164 0 2167 2167 0 2304 2304 0 2166 2166 0 2306 2306 0 2170 2170 0 2306 2306 0 2307 2307 0 2311 2311 0 2306 2306 0 2311 2311 0 2170 2170 0 2170 2170 0 2311 2311 0 2171 2171 0 2173 2173 0 2312 2312 0 2313 2313 0 2173 2173 0 2171 2171 0 2312 2312 0 2171 2171 0 2311 2311 0 2312 2312 0 2312 2312 0 2314 2314 0 2313 2313 0 2317 2317 0 2316 2316 0 2315 2315 0 2317 2317 0 2174 2174 0 2175 2175 0 2317 2317 0 2315 2315 0 2174 2174 0 2315 2315 0 2318 2318 0 2174 2174 0 2309 2309 0 2310 2310 0 2177 2177 0 2309 2309 0 2177 2177 0 2318 2318 0 2318 2318 0 2177 2177 0 2174 2174 0 2168 2168 0 2177 2177 0 2310 2310 0 2173 2173 0 2313 2313 0 2178 2178 0 2313 2313 0 2314 2314 0 2319 2319 0 2313 2313 0 2319 2319 0 2178 2178 0 2178 2178 0 2319 2319 0 2180 2180 0 2182 2182 0 2320 2320 0 2321 2321 0 2182 2182 0 2180 2180 0 2320 2320 0 2180 2180 0 2319 2319 0 2320 2320 0 2321 2321 0 2322 2322 0 2323 2323 0 2320 2320 0 2322 2322 0 2321 2321 0 2322 2322 0 2324 2324 0 2323 2323 0 2327 2327 0 2326 2326 0 2325 2325 0 2327 2327 0 2328 2328 0 2329 2329 0 2325 2325 0 2328 2328 0 2327 2327 0 2329 2329 0 2183 2183 0 2184 2184 0 2329 2329 0 2328 2328 0 2183 2183 0 2328 2328 0 2330 2330 0 2183 2183 0 2316 2316 0 2317 2317 0 2186 2186 0 2316 2316 0 2186 2186 0 2330 2330 0 2330 2330 0 2186 2186 0 2183 2183 0 2175 2175 0 2186 2186 0 2317 2317 0 2182 2182 0 2321 2321 0 2188 2188 0 2189 2189 0 2188 2188 0 2321 2321 0 2323 2323 0 2189 2189 0 2321 2321 0 2323 2323 0 2324 2324 0 2331 2331 0 2323 2323 0 2331 2331 0 2189 2189 0 2189 2189 0 2331 2331 0 2191 2191 0 2193 2193 0 2191 2191 0 2332 2332 0 2191 2191 0 2331 2331 0 2332 2332 0 2195 2195 0 2193 2193 0 2333 2333 0 2193 2193 0 2332 2332 0 2333 2333 0 2197 2197 0 2195 2195 0 2334 2334 0 2195 2195 0 2333 2333 0 2334 2334 0 2326 2326 0 2327 2327 0 2199 2199 0 2326 2326 0 2199 2199 0 2334 2334 0 2334 2334 0 2199 2199 0 2197 2197 0 2201 2201 0 2199 2199 0 2327 2327 0 2329 2329 0 2201 2201 0 2327 2327 0 2184 2184 0 2201 2201 0 2329 2329 0 2204 2204 0 2335 2335 0 2205 2205 0 2204 2204 0 2206 2206 0 2336 2336 0 2335 2335 0 2204 2204 0 2336 2336 0 2206 2206 0 2207 2207 0 2337 2337 0 2336 2336 0 2206 2206 0 2337 2337 0 2207 2207 0 2208 2208 0 2338 2338 0 2337 2337 0 2207 2207 0 2338 2338 0 2208 2208 0 2209 2209 0 2338 2338 0 2213 2213 0 2339 2339 0 2214 2214 0 2213 2213 0 2215 2215 0 2340 2340 0 2339 2339 0 2213 2213 0 2340 2340 0 2342 2342 0 2340 2340 0 2215 2215 0 2342 2342 0 2215 2215 0 2341 2341 0 2341 2341 0 2215 2215 0 2216 2216 0 2335 2335 0 2216 2216 0 2205 2205 0 2335 2335 0 2343 2343 0 2216 2216 0 2343 2343 0 2341 2341 0 2216 2216 0 2336 2336 0 2343 2343 0 2335 2335 0 2344 2344 0 2343 2343 0 2336 2336 0 2337 2337 0 2344 2344 0 2336 2336 0 2345 2345 0 2344 2344 0 2337 2337 0 2338 2338 0 2345 2345 0 2337 2337 0 2346 2346 0 2345 2345 0 2338 2338 0 2209 2209 0 2346 2346 0 2338 2338 0 2209 2209 0 2217 2217 0 2346 2346 0 2217 2217 0 2347 2347 0 2346 2346 0 2349 2349 0 2348 2348 0 2347 2347 0 2349 2349 0 2347 2347 0 2218 2218 0 2218 2218 0 2347 2347 0 2217 2217 0 2218 2218 0 2219 2219 0 2350 2350 0 2349 2349 0 2218 2218 0 2350 2350 0 2219 2219 0 2220 2220 0 2350 2350 0 2223 2223 0 2351 2351 0 2224 2224 0 2223 2223 0 2225 2225 0 2352 2352 0 2351 2351 0 2223 2223 0 2352 2352 0 2225 2225 0 2354 2354 0 2352 2352 0 2214 2214 0 2354 2354 0 2225 2225 0 2214 2214 0 2353 2353 0 2354 2354 0 2214 2214 0 2339 2339 0 2353 2353 0 2340 2340 0 2353 2353 0 2339 2339 0 2355 2355 0 2353 2353 0 2340 2340 0 2342 2342 0 2355 2355 0 2340 2340 0 2349 2349 0 2356 2356 0 2348 2348 0 2350 2350 0 2356 2356 0 2349 2349 0 2357 2357 0 2356 2356 0 2350 2350 0 2359 2359 0 2358 2358 0 2357 2357 0 2226 2226 0 2359 2359 0 2357 2357 0 2226 2226 0 2357 2357 0 2350 2350 0 2226 2226 0 2350 2350 0 2220 2220 0 2226 2226 0 2227 2227 0 2360 2360 0 2359 2359 0 2226 2226 0 2360 2360 0 2227 2227 0 2228 2228 0 2360 2360 0 2231 2231 0 2361 2361 0 2232 2232 0 2231 2231 0 2363 2363 0 2361 2361 0 2224 2224 0 2363 2363 0 2231 2231 0 2224 2224 0 2362 2362 0 2363 2363 0 2224 2224 0 2351 2351 0 2362 2362 0 2352 2352 0 2362 2362 0 2351 2351 0 2364 2364 0 2362 2362 0 2352 2352 0 2354 2354 0 2364 2364 0 2352 2352 0 2359 2359 0 2365 2365 0 2358 2358 0 2365 2365 0 2367 2367 0 2366 2366 0 2365 2365 0 2359 2359 0 2367 2367 0 2359 2359 0 2360 2360 0 2367 2367 0 2228 2228 0 2233 2233 0 2368 2368 0 2228 2228 0 2368 2368 0 2360 2360 0 2360 2360 0 2368 2368 0 2367 2367 0 2233 2233 0 2234 2234 0 2368 2368 0 2237 2237 0 2369 2369 0 2238 2238 0 2237 2237 0 2371 2371 0 2369 2369 0 2232 2232 0 2371 2371 0 2237 2237 0 2232 2232 0 2370 2370 0 2371 2371 0 2232 2232 0 2361 2361 0 2370 2370 0 2363 2363 0 2370 2370 0 2361 2361 0 2367 2367 0 2372 2372 0 2366 2366 0 2368 2368 0 2372 2372 0 2367 2367 0 2373 2373 0 2372 2372 0 2368 2368 0 2375 2375 0 2374 2374 0 2373 2373 0 2239 2239 0 2375 2375 0 2373 2373 0 2239 2239 0 2373 2373 0 2368 2368 0 2239 2239 0 2368 2368 0 2234 2234 0 2239 2239 0 2240 2240 0 2375 2375 0 2242 2242 0 2376 2376 0 2243 2243 0 2242 2242 0 2378 2378 0 2376 2376 0 2238 2238 0 2378 2378 0 2242 2242 0 2238 2238 0 2377 2377 0 2378 2378 0 2238 2238 0 2369 2369 0 2377 2377 0 2371 2371 0 2377 2377 0 2369 2369 0 2375 2375 0 2379 2379 0 2374 2374 0 2381 2381 0 2380 2380 0 2379 2379 0 2244 2244 0 2381 2381 0 2379 2379 0 2244 2244 0 2379 2379 0 2375 2375 0 2244 2244 0 2375 2375 0 2240 2240 0 2244 2244 0 2245 2245 0 2381 2381 0 2376 2376 0 2382 2382 0 2247 2247 0 2243 2243 0 2376 2376 0 2247 2247 0 2383 2383 0 2376 2376 0 2378 2378 0 2382 2382 0 2376 2376 0 2383 2383 0 2385 2385 0 2380 2380 0 2381 2381 0 2384 2384 0 2380 2380 0 2385 2385 0 2245 2245 0 2248 2248 0 2385 2385 0 2381 2381 0 2245 2245 0 2385 2385 0 2250 2250 0 2386 2386 0 2251 2251 0 2250 2250 0 2388 2388 0 2386 2386 0 2247 2247 0 2388 2388 0 2250 2250 0 2247 2247 0 2387 2387 0 2388 2388 0 2247 2247 0 2382 2382 0 2387 2387 0 2383 2383 0 2387 2387 0 2382 2382 0 2385 2385 0 2389 2389 0 2384 2384 0 2391 2391 0 2390 2390 0 2389 2389 0 2252 2252 0 2391 2391 0 2389 2389 0 2252 2252 0 2389 2389 0 2385 2385 0 2252 2252 0 2385 2385 0 2248 2248 0 2252 2252 0 2253 2253 0 2391 2391 0 2386 2386 0 2392 2392 0 2255 2255 0 2251 2251 0 2386 2386 0 2255 2255 0 2393 2393 0 2386 2386 0 2388 2388 0 2392 2392 0 2386 2386 0 2393 2393 0 2395 2395 0 2390 2390 0 2391 2391 0 2394 2394 0 2390 2390 0 2395 2395 0 2253 2253 0 2256 2256 0 2395 2395 0 2391 2391 0 2253 2253 0 2395 2395 0 2392 2392 0 2396 2396 0 2397 2397 0 2392 2392 0 2397 2397 0 2255 2255 0 2255 2255 0 2397 2397 0 2259 2259 0 2393 2393 0 2396 2396 0 2392 2392 0 2395 2395 0 2398 2398 0 2394 2394 0 2398 2398 0 2395 2395 0 2256 2256 0 2398 2398 0 2256 2256 0 2399 2399 0 2399 2399 0 2256 2256 0 2260 2260 0 2262 2262 0 2400 2400 0 2263 2263 0 2262 2262 0 2401 2401 0 2400 2400 0 2262 2262 0 2259 2259 0 2401 2401 0 2259 2259 0 2397 2397 0 2401 2401 0 2403 2403 0 2260 2260 0 2264 2264 0 2403 2403 0 2402 2402 0 2260 2260 0 2402 2402 0 2399 2399 0 2260 2260 0 2264 2264 0 2265 2265 0 2403 2403 0 2400 2400 0 2404 2404 0 2266 2266 0 2263 2263 0 2400 2400 0 2266 2266 0 2405 2405 0 2400 2400 0 2401 2401 0 2404 2404 0 2400 2400 0 2405 2405 0 2407 2407 0 2402 2402 0 2403 2403 0 2406 2406 0 2402 2402 0 2407 2407 0 2265 2265 0 2267 2267 0 2407 2407 0 2403 2403 0 2265 2265 0 2407 2407 0 2404 2404 0 2408 2408 0 2268 2268 0 2266 2266 0 2404 2404 0 2268 2268 0 2409 2409 0 2404 2404 0 2405 2405 0 2408 2408 0 2404 2404 0 2409 2409 0 2411 2411 0 2406 2406 0 2407 2407 0 2410 2410 0 2406 2406 0 2411 2411 0 2267 2267 0 2269 2269 0 2411 2411 0 2407 2407 0 2267 2267 0 2411 2411 0 2408 2408 0 2412 2412 0 2270 2270 0 2268 2268 0 2408 2408 0 2270 2270 0 2413 2413 0 2408 2408 0 2409 2409 0 2412 2412 0 2408 2408 0 2413 2413 0 2415 2415 0 2410 2410 0 2411 2411 0 2414 2414 0 2410 2410 0 2415 2415 0 2269 2269 0 2271 2271 0 2415 2415 0 2411 2411 0 2269 2269 0 2415 2415 0 2270 2270 0 2412 2412 0 2272 2272 0 2412 2412 0 2274 2274 0 2272 2272 0 2412 2412 0 2413 2413 0 2274 2274 0 2413 2413 0 2416 2416 0 2274 2274 0 2275 2275 0 2414 2414 0 2415 2415 0 2275 2275 0 2276 2276 0 2414 2414 0 2276 2276 0 2417 2417 0 2414 2414 0 2271 2271 0 2275 2275 0 2415 2415 0 2418 2418 0 2419 2419 0 2279 2279 0 2418 2418 0 2279 2279 0 2416 2416 0 2416 2416 0 2279 2279 0 2274 2274 0 2418 2418 0 2420 2420 0 2419 2419 0 2423 2423 0 2422 2422 0 2421 2421 0 2423 2423 0 2421 2421 0 2417 2417 0 2423 2423 0 2417 2417 0 2280 2280 0 2280 2280 0 2417 2417 0 2276 2276 0 2419 2419 0 2424 2424 0 2282 2282 0 2279 2279 0 2419 2419 0 2282 2282 0 2425 2425 0 2419 2419 0 2420 2420 0 2424 2424 0 2419 2419 0 2425 2425 0 2427 2427 0 2422 2422 0 2423 2423 0 2426 2426 0 2422 2422 0 2427 2427 0 2280 2280 0 2283 2283 0 2427 2427 0 2423 2423 0 2280 2280 0 2427 2427 0 2282 2282 0 2424 2424 0 2284 2284 0 2286 2286 0 2428 2428 0 2429 2429 0 2284 2284 0 2428 2428 0 2286 2286 0 2284 2284 0 2425 2425 0 2428 2428 0 2284 2284 0 2424 2424 0 2425 2425 0 2428 2428 0 2430 2430 0 2429 2429 0 2433 2433 0 2432 2432 0 2431 2431 0 2426 2426 0 2433 2433 0 2431 2431 0 2427 2427 0 2433 2433 0 2426 2426 0 2427 2427 0 2288 2288 0 2433 2433 0 2427 2427 0 2287 2287 0 2288 2288 0 2283 2283 0 2287 2287 0 2427 2427 0 2429 2429 0 2434 2434 0 2290 2290 0 2286 2286 0 2429 2429 0 2290 2290 0 2435 2435 0 2429 2429 0 2430 2430 0 2434 2434 0 2429 2429 0 2435 2435 0 2438 2438 0 2437 2437 0 2436 2436 0 2432 2432 0 2438 2438 0 2436 2436 0 2433 2433 0 2438 2438 0 2432 2432 0 2433 2433 0 2292 2292 0 2438 2438 0 2433 2433 0 2291 2291 0 2292 2292 0 2288 2288 0 2291 2291 0 2433 2433 0 2290 2290 0 2434 2434 0 2294 2294 0 2296 2296 0 2439 2439 0 2440 2440 0 2294 2294 0 2439 2439 0 2296 2296 0 2294 2294 0 2435 2435 0 2439 2439 0 2294 2294 0 2434 2434 0 2435 2435 0 2439 2439 0 2441 2441 0 2440 2440 0 2443 2443 0 2437 2437 0 2438 2438 0 2442 2442 0 2437 2437 0 2443 2443 0 2292 2292 0 2297 2297 0 2443 2443 0 2438 2438 0 2292 2292 0 2443 2443 0 2296 2296 0 2440 2440 0 2299 2299 0 2301 2301 0 2444 2444 0 2445 2445 0 2299 2299 0 2444 2444 0 2301 2301 0 2299 2299 0 2441 2441 0 2444 2444 0 2299 2299 0 2440 2440 0 2441 2441 0 2444 2444 0 2446 2446 0 2445 2445 0 2449 2449 0 2448 2448 0 2447 2447 0 2442 2442 0 2449 2449 0 2447 2447 0 2443 2443 0 2449 2449 0 2442 2442 0 2443 2443 0 2303 2303 0 2449 2449 0 2443 2443 0 2302 2302 0 2303 2303 0 2297 2297 0 2302 2302 0 2443 2443 0 2301 2301 0 2445 2445 0 2305 2305 0 2307 2307 0 2450 2450 0 2451 2451 0 2305 2305 0 2450 2450 0 2307 2307 0 2305 2305 0 2446 2446 0 2450 2450 0 2305 2305 0 2445 2445 0 2446 2446 0 2451 2451 0 2452 2452 0 2453 2453 0 2450 2450 0 2452 2452 0 2451 2451 0 2452 2452 0 2454 2454 0 2453 2453 0 2457 2457 0 2456 2456 0 2455 2455 0 2457 2457 0 2458 2458 0 2459 2459 0 2455 2455 0 2458 2458 0 2457 2457 0 2448 2448 0 2459 2459 0 2458 2458 0 2449 2449 0 2459 2459 0 2448 2448 0 2449 2449 0 2309 2309 0 2459 2459 0 2449 2449 0 2308 2308 0 2309 2309 0 2303 2303 0 2308 2308 0 2449 2449 0 2307 2307 0 2451 2451 0 2311 2311 0 2312 2312 0 2311 2311 0 2451 2451 0 2453 2453 0 2312 2312 0 2451 2451 0 2314 2314 0 2460 2460 0 2461 2461 0 2312 2312 0 2460 2460 0 2314 2314 0 2312 2312 0 2454 2454 0 2460 2460 0 2312 2312 0 2453 2453 0 2454 2454 0 2461 2461 0 2462 2462 0 2463 2463 0 2460 2460 0 2462 2462 0 2461 2461 0 2462 2462 0 2464 2464 0 2463 2463 0 2467 2467 0 2466 2466 0 2465 2465 0 2467 2467 0 2468 2468 0 2469 2469 0 2465 2465 0 2468 2468 0 2467 2467 0 2456 2456 0 2469 2469 0 2468 2468 0 2457 2457 0 2469 2469 0 2456 2456 0 2457 2457 0 2316 2316 0 2469 2469 0 2457 2457 0 2315 2315 0 2316 2316 0 2318 2318 0 2315 2315 0 2457 2457 0 2459 2459 0 2318 2318 0 2457 2457 0 2309 2309 0 2318 2318 0 2459 2459 0 2314 2314 0 2461 2461 0 2319 2319 0 2320 2320 0 2319 2319 0 2461 2461 0 2463 2463 0 2320 2320 0 2461 2461 0 2463 2463 0 2464 2464 0 2470 2470 0 2463 2463 0 2470 2470 0 2320 2320 0 2320 2320 0 2470 2470 0 2322 2322 0 2324 2324 0 2471 2471 0 2472 2472 0 2324 2324 0 2322 2322 0 2471 2471 0 2322 2322 0 2470 2470 0 2471 2471 0 2472 2472 0 2473 2473 0 2474 2474 0 2471 2471 0 2473 2473 0 2472 2472 0 2474 2474 0 2475 2475 0 2476 2476 0 2473 2473 0 2475 2475 0 2474 2474 0 2476 2476 0 2477 2477 0 2478 2478 0 2475 2475 0 2477 2477 0 2476 2476 0 2478 2478 0 2325 2325 0 2326 2326 0 2478 2478 0 2477 2477 0 2325 2325 0 2477 2477 0 2479 2479 0 2325 2325 0 2466 2466 0 2467 2467 0 2328 2328 0 2466 2466 0 2328 2328 0 2479 2479 0 2479 2479 0 2328 2328 0 2325 2325 0 2330 2330 0 2328 2328 0 2467 2467 0 2469 2469 0 2330 2330 0 2467 2467 0 2316 2316 0 2330 2330 0 2469 2469 0 2324 2324 0 2472 2472 0 2331 2331 0 2332 2332 0 2331 2331 0 2472 2472 0 2474 2474 0 2332 2332 0 2472 2472 0 2333 2333 0 2332 2332 0 2474 2474 0 2476 2476 0 2333 2333 0 2474 2474 0 2334 2334 0 2333 2333 0 2476 2476 0 2478 2478 0 2334 2334 0 2476 2476 0 2326 2326 0 2334 2334 0 2478 2478 0 2341 2341 0 2480 2480 0 2342 2342 0 2341 2341 0 2343 2343 0 2481 2481 0 2480 2480 0 2341 2341 0 2481 2481 0 2343 2343 0 2344 2344 0 2482 2482 0 2481 2481 0 2343 2343 0 2482 2482 0 2344 2344 0 2345 2345 0 2483 2483 0 2482 2482 0 2344 2344 0 2483 2483 0 2345 2345 0 2346 2346 0 2484 2484 0 2483 2483 0 2345 2345 0 2484 2484 0 2346 2346 0 2347 2347 0 2485 2485 0 2484 2484 0 2346 2346 0 2485 2485 0 2347 2347 0 2348 2348 0 2485 2485 0 2353 2353 0 2486 2486 0 2354 2354 0 2353 2353 0 2355 2355 0 2487 2487 0 2486 2486 0 2353 2353 0 2487 2487 0 2355 2355 0 2489 2489 0 2487 2487 0 2342 2342 0 2489 2489 0 2355 2355 0 2342 2342 0 2488 2488 0 2489 2489 0 2342 2342 0 2480 2480 0 2488 2488 0 2481 2481 0 2488 2488 0 2480 2480 0 2490 2490 0 2488 2488 0 2481 2481 0 2482 2482 0 2490 2490 0 2481 2481 0 2491 2491 0 2490 2490 0 2482 2482 0 2483 2483 0 2491 2491 0 2482 2482 0 2492 2492 0 2491 2491 0 2483 2483 0 2484 2484 0 2492 2492 0 2483 2483 0 2493 2493 0 2492 2492 0 2484 2484 0 2485 2485 0 2493 2493 0 2484 2484 0 2494 2494 0 2493 2493 0 2485 2485 0 2496 2496 0 2495 2495 0 2494 2494 0 2356 2356 0 2496 2496 0 2494 2494 0 2356 2356 0 2494 2494 0 2485 2485 0 2356 2356 0 2485 2485 0 2348 2348 0 2356 2356 0 2357 2357 0 2497 2497 0 2496 2496 0 2356 2356 0 2497 2497 0 2357 2357 0 2358 2358 0 2497 2497 0 2362 2362 0 2498 2498 0 2363 2363 0 2362 2362 0 2364 2364 0 2499 2499 0 2498 2498 0 2362 2362 0 2499 2499 0 2364 2364 0 2501 2501 0 2499 2499 0 2354 2354 0 2501 2501 0 2364 2364 0 2354 2354 0 2500 2500 0 2501 2501 0 2354 2354 0 2486 2486 0 2500 2500 0 2487 2487 0 2500 2500 0 2486 2486 0 2502 2502 0 2500 2500 0 2487 2487 0 2489 2489 0 2502 2502 0 2487 2487 0 2496 2496 0 2503 2503 0 2495 2495 0 2497 2497 0 2503 2503 0 2496 2496 0 2504 2504 0 2503 2503 0 2497 2497 0 2506 2506 0 2505 2505 0 2504 2504 0 2365 2365 0 2506 2506 0 2504 2504 0 2365 2365 0 2504 2504 0 2497 2497 0 2365 2365 0 2497 2497 0 2358 2358 0 2365 2365 0 2366 2366 0 2506 2506 0 2370 2370 0 2507 2507 0 2371 2371 0 2370 2370 0 2363 2363 0 2498 2498 0 2370 2370 0 2498 2498 0 2507 2507 0 2507 2507 0 2498 2498 0 2508 2508 0 2510 2510 0 2499 2499 0 2509 2509 0 2510 2510 0 2508 2508 0 2499 2499 0 2508 2508 0 2498 2498 0 2499 2499 0 2501 2501 0 2509 2509 0 2499 2499 0 2506 2506 0 2511 2511 0 2505 2505 0 2513 2513 0 2512 2512 0 2511 2511 0 2372 2372 0 2513 2513 0 2511 2511 0 2372 2372 0 2511 2511 0 2506 2506 0 2372 2372 0 2506 2506 0 2366 2366 0 2372 2372 0 2373 2373 0 2514 2514 0 2513 2513 0 2372 2372 0 2514 2514 0 2373 2373 0 2374 2374 0 2514 2514 0 2377 2377 0 2515 2515 0 2378 2378 0 2377 2377 0 2371 2371 0 2507 2507 0 2377 2377 0 2507 2507 0 2515 2515 0 2515 2515 0 2507 2507 0 2516 2516 0 2518 2518 0 2508 2508 0 2517 2517 0 2518 2518 0 2516 2516 0 2508 2508 0 2516 2516 0 2507 2507 0 2508 2508 0 2510 2510 0 2517 2517 0 2508 2508 0 2513 2513 0 2519 2519 0 2512 2512 0 2519 2519 0 2521 2521 0 2520 2520 0 2519 2519 0 2513 2513 0 2521 2521 0 2513 2513 0 2514 2514 0 2521 2521 0 2374 2374 0 2379 2379 0 2522 2522 0 2374 2374 0 2522 2522 0 2514 2514 0 2514 2514 0 2522 2522 0 2521 2521 0 2379 2379 0 2380 2380 0 2522 2522 0 2515 2515 0 2523 2523 0 2383 2383 0 2378 2378 0 2515 2515 0 2383 2383 0 2525 2525 0 2516 2516 0 2524 2524 0 2525 2525 0 2523 2523 0 2516 2516 0 2523 2523 0 2515 2515 0 2516 2516 0 2518 2518 0 2524 2524 0 2516 2516 0 2521 2521 0 2526 2526 0 2520 2520 0 2526 2526 0 2528 2528 0 2527 2527 0 2526 2526 0 2521 2521 0 2528 2528 0 2521 2521 0 2522 2522 0 2528 2528 0 2380 2380 0 2384 2384 0 2528 2528 0 2522 2522 0 2380 2380 0 2528 2528 0 2387 2387 0 2529 2529 0 2388 2388 0 2387 2387 0 2531 2531 0 2529 2529 0 2383 2383 0 2531 2531 0 2387 2387 0 2383 2383 0 2530 2530 0 2531 2531 0 2383 2383 0 2523 2523 0 2530 2530 0 2525 2525 0 2530 2530 0 2523 2523 0 2528 2528 0 2532 2532 0 2527 2527 0 2534 2534 0 2533 2533 0 2532 2532 0 2389 2389 0 2534 2534 0 2532 2532 0 2389 2389 0 2532 2532 0 2528 2528 0 2389 2389 0 2528 2528 0 2384 2384 0 2389 2389 0 2390 2390 0 2534 2534 0 2529 2529 0 2535 2535 0 2393 2393 0 2388 2388 0 2529 2529 0 2393 2393 0 2536 2536 0 2529 2529 0 2531 2531 0 2535 2535 0 2529 2529 0 2536 2536 0 2538 2538 0 2533 2533 0 2534 2534 0 2537 2537 0 2533 2533 0 2538 2538 0 2390 2390 0 2394 2394 0 2538 2538 0 2534 2534 0 2390 2390 0 2538 2538 0 2396 2396 0 2539 2539 0 2397 2397 0 2396 2396 0 2541 2541 0 2539 2539 0 2393 2393 0 2541 2541 0 2396 2396 0 2393 2393 0 2540 2540 0 2541 2541 0 2393 2393 0 2535 2535 0 2540 2540 0 2536 2536 0 2540 2540 0 2535 2535 0 2538 2538 0 2542 2542 0 2537 2537 0 2544 2544 0 2543 2543 0 2542 2542 0 2398 2398 0 2544 2544 0 2542 2542 0 2398 2398 0 2542 2542 0 2538 2538 0 2398 2398 0 2538 2538 0 2394 2394 0 2398 2398 0 2399 2399 0 2544 2544 0 2539 2539 0 2545 2545 0 2401 2401 0 2397 2397 0 2539 2539 0 2401 2401 0 2546 2546 0 2539 2539 0 2541 2541 0 2545 2545 0 2539 2539 0 2546 2546 0 2548 2548 0 2543 2543 0 2544 2544 0 2547 2547 0 2543 2543 0 2548 2548 0 2399 2399 0 2402 2402 0 2548 2548 0 2544 2544 0 2399 2399 0 2548 2548 0 2545 2545 0 2549 2549 0 2405 2405 0 2401 2401 0 2545 2545 0 2405 2405 0 2550 2550 0 2545 2545 0 2546 2546 0 2549 2549 0 2545 2545 0 2550 2550 0 2552 2552 0 2547 2547 0 2548 2548 0 2551 2551 0 2547 2547 0 2552 2552 0 2402 2402 0 2406 2406 0 2552 2552 0 2548 2548 0 2402 2402 0 2552 2552 0 2549 2549 0 2553 2553 0 2409 2409 0 2405 2405 0 2549 2549 0 2409 2409 0 2554 2554 0 2549 2549 0 2550 2550 0 2553 2553 0 2549 2549 0 2554 2554 0 2556 2556 0 2551 2551 0 2552 2552 0 2555 2555 0 2551 2551 0 2556 2556 0 2406 2406 0 2410 2410 0 2556 2556 0 2552 2552 0 2406 2406 0 2556 2556 0 2553 2553 0 2557 2557 0 2413 2413 0 2409 2409 0 2553 2553 0 2413 2413 0 2558 2558 0 2553 2553 0 2554 2554 0 2557 2557 0 2553 2553 0 2558 2558 0 2560 2560 0 2555 2555 0 2556 2556 0 2559 2559 0 2555 2555 0 2560 2560 0 2410 2410 0 2414 2414 0 2560 2560 0 2556 2556 0 2410 2410 0 2560 2560 0 2557 2557 0 2561 2561 0 2416 2416 0 2413 2413 0 2557 2557 0 2416 2416 0 2562 2562 0 2557 2557 0 2558 2558 0 2561 2561 0 2557 2557 0 2562 2562 0 2564 2564 0 2559 2559 0 2560 2560 0 2563 2563 0 2559 2559 0 2564 2564 0 2414 2414 0 2417 2417 0 2564 2564 0 2560 2560 0 2414 2414 0 2564 2564 0 2416 2416 0 2561 2561 0 2418 2418 0 2420 2420 0 2565 2565 0 2566 2566 0 2418 2418 0 2565 2565 0 2420 2420 0 2418 2418 0 2562 2562 0 2565 2565 0 2418 2418 0 2561 2561 0 2562 2562 0 2565 2565 0 2567 2567 0 2566 2566 0 2570 2570 0 2569 2569 0 2568 2568 0 2563 2563 0 2570 2570 0 2568 2568 0 2564 2564 0 2570 2570 0 2563 2563 0 2564 2564 0 2422 2422 0 2570 2570 0 2564 2564 0 2421 2421 0 2422 2422 0 2417 2417 0 2421 2421 0 2564 2564 0 2566 2566 0 2571 2571 0 2425 2425 0 2420 2420 0 2566 2566 0 2425 2425 0 2572 2572 0 2566 2566 0 2567 2567 0 2571 2571 0 2566 2566 0 2572 2572 0 2574 2574 0 2569 2569 0 2570 2570 0 2573 2573 0 2569 2569 0 2574 2574 0 2422 2422 0 2426 2426 0 2574 2574 0 2570 2570 0 2422 2422 0 2574 2574 0 2425 2425 0 2571 2571 0 2428 2428 0 2430 2430 0 2575 2575 0 2576 2576 0 2428 2428 0 2575 2575 0 2430 2430 0 2428 2428 0 2572 2572 0 2575 2575 0 2428 2428 0 2571 2571 0 2572 2572 0 2575 2575 0 2577 2577 0 2576 2576 0 2580 2580 0 2579 2579 0 2578 2578 0 2573 2573 0 2580 2580 0 2578 2578 0 2574 2574 0 2580 2580 0 2573 2573 0 2574 2574 0 2432 2432 0 2580 2580 0 2574 2574 0 2431 2431 0 2432 2432 0 2426 2426 0 2431 2431 0 2574 2574 0 2576 2576 0 2581 2581 0 2435 2435 0 2430 2430 0 2576 2576 0 2435 2435 0 2582 2582 0 2576 2576 0 2577 2577 0 2582 2582 0 2583 2583 0 2576 2576 0 2583 2583 0 2581 2581 0 2576 2576 0 2582 2582 0 2584 2584 0 2583 2583 0 2587 2587 0 2586 2586 0 2585 2585 0 2579 2579 0 2587 2587 0 2585 2585 0 2580 2580 0 2587 2587 0 2579 2579 0 2580 2580 0 2437 2437 0 2587 2587 0 2580 2580 0 2436 2436 0 2437 2437 0 2432 2432 0 2436 2436 0 2580 2580 0 2435 2435 0 2581 2581 0 2439 2439 0 2441 2441 0 2439 2439 0 2581 2581 0 2441 2441 0 2581 2581 0 2588 2588 0 2588 2588 0 2581 2581 0 2583 2583 0 2589 2589 0 2583 2583 0 2584 2584 0 2589 2589 0 2590 2590 0 2583 2583 0 2590 2590 0 2588 2588 0 2583 2583 0 2589 2589 0 2591 2591 0 2590 2590 0 2594 2594 0 2593 2593 0 2592 2592 0 2586 2586 0 2594 2594 0 2592 2592 0 2586 2586 0 2587 2587 0 2594 2594 0 2587 2587 0 2595 2595 0 2594 2594 0 2437 2437 0 2442 2442 0 2595 2595 0 2587 2587 0 2437 2437 0 2595 2595 0 2441 2441 0 2588 2588 0 2444 2444 0 2446 2446 0 2444 2444 0 2588 2588 0 2446 2446 0 2588 2588 0 2596 2596 0 2596 2596 0 2588 2588 0 2590 2590 0 2597 2597 0 2590 2590 0 2591 2591 0 2597 2597 0 2598 2598 0 2590 2590 0 2598 2598 0 2596 2596 0 2590 2590 0 2597 2597 0 2599 2599 0 2598 2598 0 2602 2602 0 2601 2601 0 2600 2600 0 2593 2593 0 2602 2602 0 2600 2600 0 2593 2593 0 2594 2594 0 2602 2602 0 2594 2594 0 2603 2603 0 2602 2602 0 2447 2447 0 2448 2448 0 2603 2603 0 2447 2447 0 2603 2603 0 2595 2595 0 2595 2595 0 2603 2603 0 2594 2594 0 2442 2442 0 2447 2447 0 2595 2595 0 2446 2446 0 2596 2596 0 2450 2450 0 2452 2452 0 2450 2450 0 2596 2596 0 2598 2598 0 2452 2452 0 2596 2596 0 2454 2454 0 2604 2604 0 2605 2605 0 2452 2452 0 2604 2604 0 2454 2454 0 2452 2452 0 2599 2599 0 2604 2604 0 2452 2452 0 2598 2598 0 2599 2599 0 2605 2605 0 2606 2606 0 2607 2607 0 2604 2604 0 2606 2606 0 2605 2605 0 2607 2607 0 2608 2608 0 2609 2609 0 2606 2606 0 2608 2608 0 2607 2607 0 2608 2608 0 2610 2610 0 2609 2609 0 2613 2613 0 2612 2612 0 2611 2611 0 2613 2613 0 2614 2614 0 2615 2615 0 2611 2611 0 2614 2614 0 2613 2613 0 2601 2601 0 2615 2615 0 2614 2614 0 2602 2602 0 2615 2615 0 2601 2601 0 2602 2602 0 2456 2456 0 2615 2615 0 2602 2602 0 2455 2455 0 2456 2456 0 2458 2458 0 2455 2455 0 2602 2602 0 2603 2603 0 2458 2458 0 2602 2602 0 2448 2448 0 2458 2458 0 2603 2603 0 2454 2454 0 2605 2605 0 2460 2460 0 2462 2462 0 2460 2460 0 2605 2605 0 2607 2607 0 2462 2462 0 2605 2605 0 2464 2464 0 2462 2462 0 2607 2607 0 2464 2464 0 2607 2607 0 2616 2616 0 2616 2616 0 2607 2607 0 2609 2609 0 2617 2617 0 2609 2609 0 2610 2610 0 2617 2617 0 2618 2618 0 2609 2609 0 2618 2618 0 2616 2616 0 2609 2609 0 2618 2618 0 2619 2619 0 2620 2620 0 2617 2617 0 2619 2619 0 2618 2618 0 2620 2620 0 2621 2621 0 2622 2622 0 2619 2619 0 2621 2621 0 2620 2620 0 2622 2622 0 2623 2623 0 2624 2624 0 2621 2621 0 2623 2623 0 2622 2622 0 2624 2624 0 2625 2625 0 2626 2626 0 2623 2623 0 2625 2625 0 2624 2624 0 2612 2612 0 2626 2626 0 2625 2625 0 2613 2613 0 2626 2626 0 2612 2612 0 2613 2613 0 2466 2466 0 2626 2626 0 2613 2613 0 2465 2465 0 2466 2466 0 2468 2468 0 2465 2465 0 2613 2613 0 2615 2615 0 2468 2468 0 2613 2613 0 2456 2456 0 2468 2468 0 2615 2615 0 2464 2464 0 2616 2616 0 2470 2470 0 2471 2471 0 2470 2470 0 2616 2616 0 2618 2618 0 2471 2471 0 2616 2616 0 2473 2473 0 2471 2471 0 2618 2618 0 2620 2620 0 2473 2473 0 2618 2618 0 2475 2475 0 2473 2473 0 2620 2620 0 2622 2622 0 2475 2475 0 2620 2620 0 2477 2477 0 2475 2475 0 2622 2622 0 2624 2624 0 2477 2477 0 2622 2622 0 2479 2479 0 2477 2477 0 2624 2624 0 2626 2626 0 2479 2479 0 2624 2624 0 2466 2466 0 2479 2479 0 2626 2626 0 2488 2488 0 2627 2627 0 2489 2489 0 2488 2488 0 2490 2490 0 2628 2628 0 2627 2627 0 2488 2488 0 2628 2628 0 2490 2490 0 2491 2491 0 2629 2629 0 2628 2628 0 2490 2490 0 2629 2629 0 2491 2491 0 2492 2492 0 2630 2630 0 2629 2629 0 2491 2491 0 2630 2630 0 2492 2492 0 2493 2493 0 2631 2631 0 2630 2630 0 2492 2492 0 2631 2631 0 2493 2493 0 2494 2494 0 2632 2632 0 2631 2631 0 2493 2493 0 2632 2632 0 2494 2494 0 2495 2495 0 2632 2632 0 2500 2500 0 2633 2633 0 2501 2501 0 2500 2500 0 2502 2502 0 2634 2634 0 2633 2633 0 2500 2500 0 2634 2634 0 2502 2502 0 2489 2489 0 2627 2627 0 2502 2502 0 2627 2627 0 2634 2634 0 2634 2634 0 2627 2627 0 2635 2635 0 2637 2637 0 2628 2628 0 2636 2636 0 2637 2637 0 2635 2635 0 2628 2628 0 2635 2635 0 2627 2627 0 2628 2628 0 2629 2629 0 2636 2636 0 2628 2628 0 2638 2638 0 2636 2636 0 2629 2629 0 2630 2630 0 2638 2638 0 2629 2629 0 2639 2639 0 2638 2638 0 2630 2630 0 2631 2631 0 2639 2639 0 2630 2630 0 2640 2640 0 2639 2639 0 2631 2631 0 2640 2640 0 2642 2642 0 2641 2641 0 2640 2640 0 2631 2631 0 2642 2642 0 2631 2631 0 2632 2632 0 2642 2642 0 2495 2495 0 2503 2503 0 2643 2643 0 2495 2495 0 2643 2643 0 2632 2632 0 2632 2632 0 2643 2643 0 2642 2642 0 2503 2503 0 2504 2504 0 2644 2644 0 2643 2643 0 2503 2503 0 2644 2644 0 2504 2504 0 2505 2505 0 2644 2644 0 2509 2509 0 2645 2645 0 2510 2510 0 2509 2509 0 2501 2501 0 2633 2633 0 2509 2509 0 2633 2633 0 2645 2645 0 2645 2645 0 2633 2633 0 2646 2646 0 2648 2648 0 2634 2634 0 2647 2647 0 2648 2648 0 2646 2646 0 2634 2634 0 2646 2646 0 2633 2633 0 2634 2634 0 2635 2635 0 2647 2647 0 2634 2634 0 2649 2649 0 2647 2647 0 2635 2635 0 2637 2637 0 2649 2649 0 2635 2635 0 2642 2642 0 2650 2650 0 2641 2641 0 2643 2643 0 2650 2650 0 2642 2642 0 2651 2651 0 2650 2650 0 2643 2643 0 2651 2651 0 2653 2653 0 2652 2652 0 2651 2651 0 2643 2643 0 2653 2653 0 2643 2643 0 2644 2644 0 2653 2653 0 2505 2505 0 2511 2511 0 2654 2654 0 2505 2505 0 2654 2654 0 2644 2644 0 2644 2644 0 2654 2654 0 2653 2653 0 2511 2511 0 2512 2512 0 2654 2654 0 2517 2517 0 2655 2655 0 2518 2518 0 2517 2517 0 2657 2657 0 2655 2655 0 2510 2510 0 2657 2657 0 2517 2517 0 2510 2510 0 2656 2656 0 2657 2657 0 2510 2510 0 2645 2645 0 2656 2656 0 2646 2646 0 2656 2656 0 2645 2645 0 2658 2658 0 2656 2656 0 2646 2646 0 2648 2648 0 2658 2658 0 2646 2646 0 2653 2653 0 2659 2659 0 2652 2652 0 2654 2654 0 2659 2659 0 2653 2653 0 2660 2660 0 2659 2659 0 2654 2654 0 2662 2662 0 2661 2661 0 2660 2660 0 2519 2519 0 2662 2662 0 2660 2660 0 2519 2519 0 2660 2660 0 2654 2654 0 2519 2519 0 2654 2654 0 2512 2512 0 2519 2519 0 2520 2520 0 2662 2662 0 2524 2524 0 2663 2663 0 2525 2525 0 2524 2524 0 2665 2665 0 2663 2663 0 2518 2518 0 2665 2665 0 2524 2524 0 2518 2518 0 2664 2664 0 2665 2665 0 2518 2518 0 2655 2655 0 2664 2664 0 2657 2657 0 2664 2664 0 2655 2655 0 2662 2662 0 2666 2666 0 2661 2661 0 2668 2668 0 2667 2667 0 2666 2666 0 2526 2526 0 2668 2668 0 2666 2666 0 2526 2526 0 2666 2666 0 2662 2662 0 2526 2526 0 2662 2662 0 2520 2520 0 2526 2526 0 2527 2527 0 2668 2668 0 2530 2530 0 2669 2669 0 2531 2531 0 2530 2530 0 2525 2525 0 2663 2663 0 2530 2530 0 2663 2663 0 2669 2669 0 2669 2669 0 2663 2663 0 2670 2670 0 2671 2671 0 2663 2663 0 2665 2665 0 2670 2670 0 2663 2663 0 2671 2671 0 2673 2673 0 2667 2667 0 2668 2668 0 2672 2672 0 2667 2667 0 2673 2673 0 2527 2527 0 2532 2532 0 2674 2674 0 2527 2527 0 2674 2674 0 2668 2668 0 2668 2668 0 2674 2674 0 2673 2673 0 2532 2532 0 2533 2533 0 2674 2674 0 2669 2669 0 2675 2675 0 2536 2536 0 2531 2531 0 2669 2669 0 2536 2536 0 2677 2677 0 2670 2670 0 2676 2676 0 2677 2677 0 2675 2675 0 2670 2670 0 2675 2675 0 2669 2669 0 2670 2670 0 2671 2671 0 2676 2676 0 2670 2670 0 2673 2673 0 2678 2678 0 2672 2672 0 2678 2678 0 2680 2680 0 2679 2679 0 2678 2678 0 2673 2673 0 2680 2680 0 2673 2673 0 2674 2674 0 2680 2680 0 2533 2533 0 2537 2537 0 2680 2680 0 2674 2674 0 2533 2533 0 2680 2680 0 2540 2540 0 2681 2681 0 2541 2541 0 2540 2540 0 2536 2536 0 2675 2675 0 2540 2540 0 2675 2675 0 2681 2681 0 2681 2681 0 2675 2675 0 2682 2682 0 2683 2683 0 2675 2675 0 2677 2677 0 2682 2682 0 2675 2675 0 2683 2683 0 2685 2685 0 2679 2679 0 2680 2680 0 2684 2684 0 2679 2679 0 2685 2685 0 2537 2537 0 2542 2542 0 2686 2686 0 2537 2537 0 2686 2686 0 2680 2680 0 2680 2680 0 2686 2686 0 2685 2685 0 2542 2542 0 2543 2543 0 2686 2686 0 2681 2681 0 2687 2687 0 2546 2546 0 2541 2541 0 2681 2681 0 2546 2546 0 2682 2682 0 2688 2688 0 2681 2681 0 2688 2688 0 2687 2687 0 2681 2681 0 2689 2689 0 2682 2682 0 2683 2683 0 2688 2688 0 2682 2682 0 2689 2689 0 2685 2685 0 2690 2690 0 2684 2684 0 2690 2690 0 2692 2692 0 2691 2691 0 2690 2690 0 2685 2685 0 2692 2692 0 2685 2685 0 2686 2686 0 2692 2692 0 2543 2543 0 2547 2547 0 2692 2692 0 2686 2686 0 2543 2543 0 2692 2692 0 2687 2687 0 2693 2693 0 2550 2550 0 2546 2546 0 2687 2687 0 2550 2550 0 2695 2695 0 2688 2688 0 2694 2694 0 2695 2695 0 2693 2693 0 2688 2688 0 2693 2693 0 2687 2687 0 2688 2688 0 2689 2689 0 2694 2694 0 2688 2688 0 2697 2697 0 2691 2691 0 2692 2692 0 2696 2696 0 2691 2691 0 2697 2697 0 2547 2547 0 2551 2551 0 2697 2697 0 2692 2692 0 2547 2547 0 2697 2697 0 2693 2693 0 2698 2698 0 2554 2554 0 2550 2550 0 2693 2693 0 2554 2554 0 2699 2699 0 2693 2693 0 2695 2695 0 2698 2698 0 2693 2693 0 2699 2699 0 2701 2701 0 2696 2696 0 2697 2697 0 2700 2700 0 2696 2696 0 2701 2701 0 2551 2551 0 2555 2555 0 2701 2701 0 2697 2697 0 2551 2551 0 2701 2701 0 2698 2698 0 2702 2702 0 2558 2558 0 2554 2554 0 2698 2698 0 2558 2558 0 2703 2703 0 2698 2698 0 2699 2699 0 2702 2702 0 2698 2698 0 2703 2703 0 2705 2705 0 2700 2700 0 2701 2701 0 2704 2704 0 2700 2700 0 2705 2705 0 2555 2555 0 2559 2559 0 2705 2705 0 2701 2701 0 2555 2555 0 2705 2705 0 2702 2702 0 2706 2706 0 2562 2562 0 2558 2558 0 2702 2702 0 2562 2562 0 2707 2707 0 2702 2702 0 2703 2703 0 2707 2707 0 2708 2708 0 2702 2702 0 2708 2708 0 2706 2706 0 2702 2702 0 2707 2707 0 2709 2709 0 2708 2708 0 2712 2712 0 2711 2711 0 2710 2710 0 2704 2704 0 2712 2712 0 2710 2710 0 2704 2704 0 2705 2705 0 2712 2712 0 2705 2705 0 2713 2713 0 2712 2712 0 2559 2559 0 2563 2563 0 2713 2713 0 2705 2705 0 2559 2559 0 2713 2713 0 2562 2562 0 2706 2706 0 2565 2565 0 2567 2567 0 2565 2565 0 2706 2706 0 2567 2567 0 2706 2706 0 2714 2714 0 2714 2714 0 2706 2706 0 2708 2708 0 2715 2715 0 2708 2708 0 2709 2709 0 2714 2714 0 2708 2708 0 2715 2715 0 2717 2717 0 2711 2711 0 2712 2712 0 2716 2716 0 2711 2711 0 2717 2717 0 2568 2568 0 2569 2569 0 2717 2717 0 2568 2568 0 2717 2717 0 2713 2713 0 2713 2713 0 2717 2717 0 2712 2712 0 2563 2563 0 2568 2568 0 2713 2713 0 2714 2714 0 2718 2718 0 2572 2572 0 2567 2567 0 2714 2714 0 2572 2572 0 2719 2719 0 2714 2714 0 2715 2715 0 2719 2719 0 2720 2720 0 2714 2714 0 2720 2720 0 2718 2718 0 2714 2714 0 2719 2719 0 2721 2721 0 2720 2720 0 2724 2724 0 2723 2723 0 2722 2722 0 2716 2716 0 2724 2724 0 2722 2722 0 2716 2716 0 2717 2717 0 2724 2724 0 2717 2717 0 2725 2725 0 2724 2724 0 2569 2569 0 2573 2573 0 2725 2725 0 2717 2717 0 2569 2569 0 2725 2725 0 2572 2572 0 2718 2718 0 2575 2575 0 2577 2577 0 2575 2575 0 2718 2718 0 2577 2577 0 2718 2718 0 2726 2726 0 2726 2726 0 2718 2718 0 2720 2720 0 2727 2727 0 2720 2720 0 2721 2721 0 2726 2726 0 2720 2720 0 2727 2727 0 2729 2729 0 2723 2723 0 2724 2724 0 2728 2728 0 2723 2723 0 2729 2729 0 2578 2578 0 2579 2579 0 2729 2729 0 2578 2578 0 2729 2729 0 2725 2725 0 2725 2725 0 2729 2729 0 2724 2724 0 2573 2573 0 2578 2578 0 2725 2725 0 2577 2577 0 2726 2726 0 2582 2582 0 2584 2584 0 2730 2730 0 2731 2731 0 2582 2582 0 2730 2730 0 2584 2584 0 2582 2582 0 2727 2727 0 2730 2730 0 2582 2582 0 2726 2726 0 2727 2727 0 2730 2730 0 2732 2732 0 2731 2731 0 2735 2735 0 2734 2734 0 2733 2733 0 2728 2728 0 2735 2735 0 2733 2733 0 2729 2729 0 2735 2735 0 2728 2728 0 2729 2729 0 2586 2586 0 2735 2735 0 2729 2729 0 2585 2585 0 2586 2586 0 2579 2579 0 2585 2585 0 2729 2729 0 2584 2584 0 2731 2731 0 2589 2589 0 2591 2591 0 2736 2736 0 2737 2737 0 2589 2589 0 2736 2736 0 2591 2591 0 2589 2589 0 2732 2732 0 2736 2736 0 2589 2589 0 2731 2731 0 2732 2732 0 2737 2737 0 2738 2738 0 2739 2739 0 2736 2736 0 2738 2738 0 2737 2737 0 2738 2738 0 2740 2740 0 2739 2739 0 2743 2743 0 2742 2742 0 2741 2741 0 2743 2743 0 2744 2744 0 2745 2745 0 2741 2741 0 2744 2744 0 2743 2743 0 2734 2734 0 2745 2745 0 2744 2744 0 2735 2735 0 2745 2745 0 2734 2734 0 2735 2735 0 2593 2593 0 2745 2745 0 2735 2735 0 2592 2592 0 2593 2593 0 2586 2586 0 2592 2592 0 2735 2735 0 2591 2591 0 2737 2737 0 2597 2597 0 2599 2599 0 2597 2597 0 2737 2737 0 2599 2599 0 2737 2737 0 2746 2746 0 2746 2746 0 2737 2737 0 2739 2739 0 2747 2747 0 2739 2739 0 2740 2740 0 2747 2747 0 2748 2748 0 2739 2739 0 2748 2748 0 2746 2746 0 2739 2739 0 2748 2748 0 2749 2749 0 2750 2750 0 2747 2747 0 2749 2749 0 2748 2748 0 2750 2750 0 2751 2751 0 2752 2752 0 2749 2749 0 2751 2751 0 2750 2750 0 2751 2751 0 2753 2753 0 2752 2752 0 2756 2756 0 2755 2755 0 2754 2754 0 2756 2756 0 2757 2757 0 2758 2758 0 2754 2754 0 2757 2757 0 2756 2756 0 2758 2758 0 2759 2759 0 2760 2760 0 2757 2757 0 2759 2759 0 2758 2758 0 2742 2742 0 2760 2760 0 2759 2759 0 2742 2742 0 2743 2743 0 2760 2760 0 2743 2743 0 2761 2761 0 2760 2760 0 2600 2600 0 2601 2601 0 2761 2761 0 2600 2600 0 2761 2761 0 2745 2745 0 2745 2745 0 2761 2761 0 2743 2743 0 2593 2593 0 2600 2600 0 2745 2745 0 2599 2599 0 2746 2746 0 2604 2604 0 2606 2606 0 2604 2604 0 2746 2746 0 2748 2748 0 2606 2606 0 2746 2746 0 2608 2608 0 2606 2606 0 2748 2748 0 2750 2750 0 2608 2608 0 2748 2748 0 2610 2610 0 2608 2608 0 2750 2750 0 2610 2610 0 2750 2750 0 2762 2762 0 2762 2762 0 2750 2750 0 2752 2752 0 2763 2763 0 2752 2752 0 2753 2753 0 2763 2763 0 2764 2764 0 2752 2752 0 2764 2764 0 2762 2762 0 2752 2752 0 2764 2764 0 2765 2765 0 2766 2766 0 2763 2763 0 2765 2765 0 2764 2764 0 2755 2755 0 2766 2766 0 2765 2765 0 2755 2755 0 2756 2756 0 2766 2766 0 2756 2756 0 2767 2767 0 2766 2766 0 2758 2758 0 2768 2768 0 2756 2756 0 2768 2768 0 2767 2767 0 2756 2756 0 2611 2611 0 2612 2612 0 2768 2768 0 2611 2611 0 2768 2768 0 2760 2760 0 2760 2760 0 2768 2768 0 2758 2758 0 2614 2614 0 2611 2611 0 2760 2760 0 2761 2761 0 2614 2614 0 2760 2760 0 2601 2601 0 2614 2614 0 2761 2761 0 2610 2610 0 2762 2762 0 2617 2617 0 2619 2619 0 2617 2617 0 2762 2762 0 2764 2764 0 2619 2619 0 2762 2762 0 2621 2621 0 2619 2619 0 2764 2764 0 2766 2766 0 2621 2621 0 2764 2764 0 2623 2623 0 2621 2621 0 2766 2766 0 2767 2767 0 2623 2623 0 2766 2766 0 2625 2625 0 2623 2623 0 2767 2767 0 2768 2768 0 2625 2625 0 2767 2767 0 2612 2612 0 2625 2625 0 2768 2768 0 2636 2636 0 2769 2769 0 2637 2637 0 2636 2636 0 2638 2638 0 2770 2770 0 2769 2769 0 2636 2636 0 2770 2770 0 2638 2638 0 2639 2639 0 2771 2771 0 2770 2770 0 2638 2638 0 2771 2771 0 2639 2639 0 2640 2640 0 2772 2772 0 2771 2771 0 2639 2639 0 2772 2772 0 2640 2640 0 2641 2641 0 2772 2772 0 2647 2647 0 2773 2773 0 2648 2648 0 2647 2647 0 2649 2649 0 2774 2774 0 2773 2773 0 2647 2647 0 2774 2774 0 2649 2649 0 2637 2637 0 2769 2769 0 2649 2649 0 2769 2769 0 2774 2774 0 2774 2774 0 2769 2769 0 2775 2775 0 2770 2770 0 2776 2776 0 2769 2769 0 2776 2776 0 2775 2775 0 2769 2769 0 2771 2771 0 2777 2777 0 2770 2770 0 2777 2777 0 2776 2776 0 2770 2770 0 2772 2772 0 2778 2778 0 2771 2771 0 2778 2778 0 2777 2777 0 2771 2771 0 2641 2641 0 2650 2650 0 2779 2779 0 2641 2641 0 2779 2779 0 2772 2772 0 2772 2772 0 2779 2779 0 2778 2778 0 2650 2650 0 2651 2651 0 2780 2780 0 2779 2779 0 2650 2650 0 2780 2780 0 2651 2651 0 2652 2652 0 2780 2780 0 2656 2656 0 2781 2781 0 2657 2657 0 2656 2656 0 2658 2658 0 2782 2782 0 2781 2781 0 2656 2656 0 2782 2782 0 2658 2658 0 2648 2648 0 2773 2773 0 2658 2658 0 2773 2773 0 2782 2782 0 2782 2782 0 2773 2773 0 2783 2783 0 2785 2785 0 2774 2774 0 2784 2784 0 2785 2785 0 2783 2783 0 2774 2774 0 2783 2783 0 2773 2773 0 2774 2774 0 2775 2775 0 2784 2784 0 2774 2774 0 2786 2786 0 2784 2784 0 2775 2775 0 2776 2776 0 2786 2786 0 2775 2775 0 2787 2787 0 2786 2786 0 2776 2776 0 2777 2777 0 2787 2787 0 2776 2776 0 2788 2788 0 2787 2787 0 2777 2777 0 2778 2778 0 2788 2788 0 2777 2777 0 2789 2789 0 2788 2788 0 2778 2778 0 2779 2779 0 2789 2789 0 2778 2778 0 2790 2790 0 2789 2789 0 2779 2779 0 2790 2790 0 2792 2792 0 2791 2791 0 2790 2790 0 2779 2779 0 2792 2792 0 2779 2779 0 2780 2780 0 2792 2792 0 2652 2652 0 2659 2659 0 2793 2793 0 2652 2652 0 2793 2793 0 2780 2780 0 2780 2780 0 2793 2793 0 2792 2792 0 2659 2659 0 2660 2660 0 2794 2794 0 2793 2793 0 2659 2659 0 2794 2794 0 2660 2660 0 2661 2661 0 2794 2794 0 2664 2664 0 2795 2795 0 2665 2665 0 2664 2664 0 2657 2657 0 2781 2781 0 2664 2664 0 2781 2781 0 2795 2795 0 2795 2795 0 2781 2781 0 2796 2796 0 2798 2798 0 2782 2782 0 2797 2797 0 2798 2798 0 2796 2796 0 2782 2782 0 2796 2796 0 2781 2781 0 2782 2782 0 2783 2783 0 2797 2797 0 2782 2782 0 2799 2799 0 2797 2797 0 2783 2783 0 2785 2785 0 2799 2799 0 2783 2783 0 2792 2792 0 2800 2800 0 2791 2791 0 2793 2793 0 2800 2800 0 2792 2792 0 2801 2801 0 2800 2800 0 2793 2793 0 2801 2801 0 2803 2803 0 2802 2802 0 2801 2801 0 2793 2793 0 2803 2803 0 2793 2793 0 2794 2794 0 2803 2803 0 2661 2661 0 2666 2666 0 2804 2804 0 2661 2661 0 2804 2804 0 2794 2794 0 2794 2794 0 2804 2804 0 2803 2803 0 2666 2666 0 2667 2667 0 2804 2804 0 2795 2795 0 2805 2805 0 2671 2671 0 2665 2665 0 2795 2795 0 2671 2671 0 2807 2807 0 2796 2796 0 2806 2806 0 2807 2807 0 2805 2805 0 2796 2796 0 2805 2805 0 2795 2795 0 2796 2796 0 2798 2798 0 2806 2806 0 2796 2796 0 2809 2809 0 2802 2802 0 2803 2803 0 2808 2808 0 2802 2802 0 2809 2809 0 2804 2804 0 2810 2810 0 2803 2803 0 2810 2810 0 2809 2809 0 2803 2803 0 2667 2667 0 2672 2672 0 2810 2810 0 2804 2804 0 2667 2667 0 2810 2810 0 2676 2676 0 2811 2811 0 2677 2677 0 2676 2676 0 2671 2671 0 2805 2805 0 2676 2676 0 2805 2805 0 2811 2811 0 2811 2811 0 2805 2805 0 2812 2812 0 2813 2813 0 2805 2805 0 2807 2807 0 2812 2812 0 2805 2805 0 2813 2813 0 2809 2809 0 2814 2814 0 2808 2808 0 2814 2814 0 2816 2816 0 2815 2815 0 2814 2814 0 2809 2809 0 2816 2816 0 2809 2809 0 2810 2810 0 2816 2816 0 2672 2672 0 2678 2678 0 2817 2817 0 2672 2672 0 2817 2817 0 2810 2810 0 2810 2810 0 2817 2817 0 2816 2816 0 2678 2678 0 2679 2679 0 2817 2817 0 2811 2811 0 2818 2818 0 2683 2683 0 2677 2677 0 2811 2811 0 2683 2683 0 2820 2820 0 2812 2812 0 2819 2819 0 2820 2820 0 2818 2818 0 2812 2812 0 2818 2818 0 2811 2811 0 2812 2812 0 2813 2813 0 2819 2819 0 2812 2812 0 2816 2816 0 2821 2821 0 2815 2815 0 2821 2821 0 2823 2823 0 2822 2822 0 2821 2821 0 2816 2816 0 2823 2823 0 2816 2816 0 2817 2817 0 2823 2823 0 2679 2679 0 2684 2684 0 2823 2823 0 2817 2817 0 2679 2679 0 2823 2823 0 2818 2818 0 2824 2824 0 2689 2689 0 2683 2683 0 2818 2818 0 2689 2689 0 2825 2825 0 2818 2818 0 2820 2820 0 2824 2824 0 2818 2818 0 2825 2825 0 2827 2827 0 2822 2822 0 2823 2823 0 2826 2826 0 2822 2822 0 2827 2827 0 2684 2684 0 2690 2690 0 2828 2828 0 2684 2684 0 2828 2828 0 2823 2823 0 2823 2823 0 2828 2828 0 2827 2827 0 2690 2690 0 2691 2691 0 2828 2828 0 2694 2694 0 2829 2829 0 2695 2695 0 2694 2694 0 2689 2689 0 2824 2824 0 2694 2694 0 2824 2824 0 2829 2829 0 2829 2829 0 2824 2824 0 2830 2830 0 2831 2831 0 2824 2824 0 2825 2825 0 2830 2830 0 2824 2824 0 2831 2831 0 2833 2833 0 2826 2826 0 2827 2827 0 2832 2832 0 2826 2826 0 2833 2833 0 2828 2828 0 2834 2834 0 2827 2827 0 2834 2834 0 2833 2833 0 2827 2827 0 2691 2691 0 2696 2696 0 2834 2834 0 2828 2828 0 2691 2691 0 2834 2834 0 2829 2829 0 2835 2835 0 2699 2699 0 2695 2695 0 2829 2829 0 2699 2699 0 2830 2830 0 2836 2836 0 2829 2829 0 2836 2836 0 2835 2835 0 2829 2829 0 2837 2837 0 2830 2830 0 2831 2831 0 2836 2836 0 2830 2830 0 2837 2837 0 2839 2839 0 2832 2832 0 2833 2833 0 2838 2838 0 2832 2832 0 2839 2839 0 2834 2834 0 2840 2840 0 2833 2833 0 2840 2840 0 2839 2839 0 2833 2833 0 2696 2696 0 2700 2700 0 2840 2840 0 2834 2834 0 2696 2696 0 2840 2840 0 2835 2835 0 2841 2841 0 2703 2703 0 2699 2699 0 2835 2835 0 2703 2703 0 2836 2836 0 2842 2842 0 2835 2835 0 2842 2842 0 2841 2841 0 2835 2835 0 2843 2843 0 2836 2836 0 2837 2837 0 2842 2842 0 2836 2836 0 2843 2843 0 2845 2845 0 2838 2838 0 2839 2839 0 2844 2844 0 2838 2838 0 2845 2845 0 2840 2840 0 2846 2846 0 2839 2839 0 2846 2846 0 2845 2845 0 2839 2839 0 2700 2700 0 2704 2704 0 2846 2846 0 2840 2840 0 2700 2700 0 2846 2846 0 2703 2703 0 2841 2841 0 2707 2707 0 2709 2709 0 2707 2707 0 2841 2841 0 2709 2709 0 2841 2841 0 2847 2847 0 2847 2847 0 2841 2841 0 2842 2842 0 2848 2848 0 2842 2842 0 2843 2843 0 2847 2847 0 2842 2842 0 2848 2848 0 2850 2850 0 2844 2844 0 2845 2845 0 2849 2849 0 2844 2844 0 2850 2850 0 2710 2710 0 2711 2711 0 2850 2850 0 2710 2710 0 2850 2850 0 2846 2846 0 2846 2846 0 2850 2850 0 2845 2845 0 2704 2704 0 2710 2710 0 2846 2846 0 2847 2847 0 2851 2851 0 2715 2715 0 2709 2709 0 2847 2847 0 2715 2715 0 2852 2852 0 2847 2847 0 2848 2848 0 2852 2852 0 2853 2853 0 2847 2847 0 2853 2853 0 2851 2851 0 2847 2847 0 2852 2852 0 2854 2854 0 2853 2853 0 2857 2857 0 2856 2856 0 2855 2855 0 2849 2849 0 2857 2857 0 2855 2855 0 2849 2849 0 2850 2850 0 2857 2857 0 2850 2850 0 2858 2858 0 2857 2857 0 2711 2711 0 2716 2716 0 2858 2858 0 2850 2850 0 2711 2711 0 2858 2858 0 2715 2715 0 2851 2851 0 2719 2719 0 2721 2721 0 2719 2719 0 2851 2851 0 2721 2721 0 2851 2851 0 2859 2859 0 2859 2859 0 2851 2851 0 2853 2853 0 2860 2860 0 2853 2853 0 2854 2854 0 2859 2859 0 2853 2853 0 2860 2860 0 2862 2862 0 2856 2856 0 2857 2857 0 2861 2861 0 2856 2856 0 2862 2862 0 2722 2722 0 2723 2723 0 2862 2862 0 2722 2722 0 2862 2862 0 2858 2858 0 2858 2858 0 2862 2862 0 2857 2857 0 2716 2716 0 2722 2722 0 2858 2858 0 2859 2859 0 2863 2863 0 2727 2727 0 2721 2721 0 2859 2859 0 2727 2727 0 2864 2864 0 2859 2859 0 2860 2860 0 2864 2864 0 2865 2865 0 2859 2859 0 2865 2865 0 2863 2863 0 2859 2859 0 2864 2864 0 2866 2866 0 2865 2865 0 2869 2869 0 2868 2868 0 2867 2867 0 2861 2861 0 2869 2869 0 2867 2867 0 2861 2861 0 2862 2862 0 2869 2869 0 2862 2862 0 2870 2870 0 2869 2869 0 2723 2723 0 2728 2728 0 2870 2870 0 2862 2862 0 2723 2723 0 2870 2870 0 2727 2727 0 2863 2863 0 2730 2730 0 2732 2732 0 2730 2730 0 2863 2863 0 2732 2732 0 2863 2863 0 2871 2871 0 2871 2871 0 2863 2863 0 2865 2865 0 2872 2872 0 2865 2865 0 2866 2866 0 2872 2872 0 2873 2873 0 2865 2865 0 2873 2873 0 2871 2871 0 2865 2865 0 2873 2873 0 2874 2874 0 2875 2875 0 2872 2872 0 2874 2874 0 2873 2873 0 2874 2874 0 2876 2876 0 2875 2875 0 2879 2879 0 2878 2878 0 2877 2877 0 2879 2879 0 2880 2880 0 2881 2881 0 2877 2877 0 2880 2880 0 2879 2879 0 2868 2868 0 2881 2881 0 2880 2880 0 2868 2868 0 2869 2869 0 2881 2881 0 2869 2869 0 2882 2882 0 2881 2881 0 2733 2733 0 2734 2734 0 2882 2882 0 2733 2733 0 2882 2882 0 2870 2870 0 2870 2870 0 2882 2882 0 2869 2869 0 2728 2728 0 2733 2733 0 2870 2870 0 2732 2732 0 2871 2871 0 2736 2736 0 2738 2738 0 2736 2736 0 2871 2871 0 2873 2873 0 2738 2738 0 2871 2871 0 2740 2740 0 2738 2738 0 2873 2873 0 2740 2740 0 2873 2873 0 2883 2883 0 2883 2883 0 2873 2873 0 2875 2875 0 2884 2884 0 2875 2875 0 2876 2876 0 2884 2884 0 2885 2885 0 2875 2875 0 2885 2885 0 2883 2883 0 2875 2875 0 2885 2885 0 2886 2886 0 2887 2887 0 2884 2884 0 2886 2886 0 2885 2885 0 2887 2887 0 2888 2888 0 2889 2889 0 2886 2886 0 2888 2888 0 2887 2887 0 2889 2889 0 2890 2890 0 2891 2891 0 2888 2888 0 2890 2890 0 2889 2889 0 2891 2891 0 2892 2892 0 2893 2893 0 2890 2890 0 2892 2892 0 2891 2891 0 2893 2893 0 2894 2894 0 2895 2895 0 2892 2892 0 2894 2894 0 2893 2893 0 2878 2878 0 2895 2895 0 2894 2894 0 2878 2878 0 2879 2879 0 2895 2895 0 2879 2879 0 2896 2896 0 2895 2895 0 2741 2741 0 2742 2742 0 2896 2896 0 2741 2741 0 2896 2896 0 2881 2881 0 2881 2881 0 2896 2896 0 2879 2879 0 2744 2744 0 2741 2741 0 2881 2881 0 2882 2882 0 2744 2744 0 2881 2881 0 2734 2734 0 2744 2744 0 2882 2882 0 2740 2740 0 2883 2883 0 2747 2747 0 2749 2749 0 2747 2747 0 2883 2883 0 2885 2885 0 2749 2749 0 2883 2883 0 2751 2751 0 2749 2749 0 2885 2885 0 2887 2887 0 2751 2751 0 2885 2885 0 2753 2753 0 2751 2751 0 2887 2887 0 2753 2753 0 2887 2887 0 2897 2897 0 2897 2897 0 2887 2887 0 2889 2889 0 2891 2891 0 2898 2898 0 2889 2889 0 2898 2898 0 2897 2897 0 2889 2889 0 2754 2754 0 2755 2755 0 2898 2898 0 2754 2754 0 2898 2898 0 2893 2893 0 2893 2893 0 2898 2898 0 2891 2891 0 2757 2757 0 2754 2754 0 2893 2893 0 2895 2895 0 2757 2757 0 2893 2893 0 2759 2759 0 2757 2757 0 2895 2895 0 2896 2896 0 2759 2759 0 2895 2895 0 2742 2742 0 2759 2759 0 2896 2896 0 2753 2753 0 2897 2897 0 2763 2763 0 2765 2765 0 2763 2763 0 2897 2897 0 2898 2898 0 2765 2765 0 2897 2897 0 2755 2755 0 2765 2765 0 2898 2898 0 2784 2784 0 2899 2899 0 2785 2785 0 2784 2784 0 2786 2786 0 2900 2900 0 2899 2899 0 2784 2784 0 2900 2900 0 2786 2786 0 2787 2787 0 2901 2901 0 2900 2900 0 2786 2786 0 2901 2901 0 2787 2787 0 2788 2788 0 2902 2902 0 2901 2901 0 2787 2787 0 2902 2902 0 2788 2788 0 2789 2789 0 2903 2903 0 2902 2902 0 2788 2788 0 2903 2903 0 2789 2789 0 2790 2790 0 2904 2904 0 2903 2903 0 2789 2789 0 2904 2904 0 2790 2790 0 2791 2791 0 2904 2904 0 2797 2797 0 2905 2905 0 2798 2798 0 2797 2797 0 2799 2799 0 2906 2906 0 2905 2905 0 2797 2797 0 2906 2906 0 2799 2799 0 2785 2785 0 2899 2899 0 2799 2799 0 2899 2899 0 2906 2906 0 2906 2906 0 2899 2899 0 2907 2907 0 2900 2900 0 2908 2908 0 2899 2899 0 2908 2908 0 2907 2907 0 2899 2899 0 2901 2901 0 2909 2909 0 2900 2900 0 2909 2909 0 2908 2908 0 2900 2900 0 2902 2902 0 2910 2910 0 2901 2901 0 2910 2910 0 2909 2909 0 2901 2901 0 2903 2903 0 2911 2911 0 2902 2902 0 2911 2911 0 2910 2910 0 2902 2902 0 2904 2904 0 2912 2912 0 2903 2903 0 2912 2912 0 2911 2911 0 2903 2903 0 2791 2791 0 2800 2800 0 2913 2913 0 2791 2791 0 2913 2913 0 2904 2904 0 2904 2904 0 2913 2913 0 2912 2912 0 2800 2800 0 2801 2801 0 2914 2914 0 2913 2913 0 2800 2800 0 2914 2914 0 2801 2801 0 2802 2802 0 2914 2914 0 2806 2806 0 2915 2915 0 2807 2807 0 2806 2806 0 2798 2798 0 2905 2905 0 2806 2806 0 2905 2905 0 2915 2915 0 2915 2915 0 2905 2905 0 2916 2916 0 2906 2906 0 2917 2917 0 2905 2905 0 2917 2917 0 2916 2916 0 2905 2905 0 2907 2907 0 2918 2918 0 2906 2906 0 2918 2918 0 2917 2917 0 2906 2906 0 2920 2920 0 2908 2908 0 2919 2919 0 2920 2920 0 2918 2918 0 2908 2908 0 2918 2918 0 2907 2907 0 2908 2908 0 2909 2909 0 2919 2919 0 2908 2908 0 2921 2921 0 2919 2919 0 2909 2909 0 2910 2910 0 2921 2921 0 2909 2909 0 2922 2922 0 2921 2921 0 2910 2910 0 2911 2911 0 2922 2922 0 2910 2910 0 2923 2923 0 2922 2922 0 2911 2911 0 2923 2923 0 2925 2925 0 2924 2924 0 2923 2923 0 2911 2911 0 2925 2925 0 2911 2911 0 2912 2912 0 2925 2925 0 2913 2913 0 2926 2926 0 2912 2912 0 2926 2926 0 2925 2925 0 2912 2912 0 2914 2914 0 2927 2927 0 2913 2913 0 2927 2927 0 2926 2926 0 2913 2913 0 2802 2802 0 2808 2808 0 2927 2927 0 2914 2914 0 2802 2802 0 2927 2927 0 2915 2915 0 2928 2928 0 2813 2813 0 2807 2807 0 2915 2915 0 2813 2813 0 2916 2916 0 2929 2929 0 2915 2915 0 2929 2929 0 2928 2928 0 2915 2915 0 2917 2917 0 2930 2930 0 2916 2916 0 2930 2930 0 2929 2929 0 2916 2916 0 2932 2932 0 2918 2918 0 2931 2931 0 2932 2932 0 2930 2930 0 2918 2918 0 2930 2930 0 2917 2917 0 2918 2918 0 2920 2920 0 2931 2931 0 2918 2918 0 2925 2925 0 2933 2933 0 2924 2924 0 2926 2926 0 2933 2933 0 2925 2925 0 2934 2934 0 2933 2933 0 2926 2926 0 2934 2934 0 2936 2936 0 2935 2935 0 2934 2934 0 2926 2926 0 2936 2936 0 2926 2926 0 2927 2927 0 2936 2936 0 2808 2808 0 2814 2814 0 2937 2937 0 2808 2808 0 2937 2937 0 2927 2927 0 2927 2927 0 2937 2937 0 2936 2936 0 2814 2814 0 2815 2815 0 2937 2937 0 2819 2819 0 2938 2938 0 2820 2820 0 2819 2819 0 2813 2813 0 2928 2928 0 2819 2819 0 2928 2928 0 2938 2938 0 2938 2938 0 2928 2928 0 2939 2939 0 2929 2929 0 2940 2940 0 2928 2928 0 2940 2940 0 2939 2939 0 2928 2928 0 2942 2942 0 2930 2930 0 2941 2941 0 2942 2942 0 2940 2940 0 2930 2930 0 2940 2940 0 2929 2929 0 2930 2930 0 2932 2932 0 2941 2941 0 2930 2930 0 2944 2944 0 2935 2935 0 2936 2936 0 2943 2943 0 2935 2935 0 2944 2944 0 2937 2937 0 2945 2945 0 2936 2936 0 2945 2945 0 2944 2944 0 2936 2936 0 2815 2815 0 2821 2821 0 2946 2946 0 2815 2815 0 2946 2946 0 2937 2937 0 2937 2937 0 2946 2946 0 2945 2945 0 2821 2821 0 2822 2822 0 2946 2946 0 2938 2938 0 2947 2947 0 2825 2825 0 2820 2820 0 2938 2938 0 2825 2825 0 2939 2939 0 2948 2948 0 2938 2938 0 2948 2948 0 2947 2947 0 2938 2938 0 2950 2950 0 2940 2940 0 2949 2949 0 2950 2950 0 2948 2948 0 2940 2940 0 2948 2948 0 2939 2939 0 2940 2940 0 2942 2942 0 2949 2949 0 2940 2940 0 2944 2944 0 2951 2951 0 2943 2943 0 2951 2951 0 2953 2953 0 2952 2952 0 2951 2951 0 2944 2944 0 2953 2953 0 2944 2944 0 2945 2945 0 2953 2953 0 2946 2946 0 2954 2954 0 2945 2945 0 2954 2954 0 2953 2953 0 2945 2945 0 2822 2822 0 2826 2826 0 2954 2954 0 2946 2946 0 2822 2822 0 2954 2954 0 2947 2947 0 2955 2955 0 2831 2831 0 2825 2825 0 2947 2947 0 2831 2831 0 2948 2948 0 2956 2956 0 2947 2947 0 2956 2956 0 2955 2955 0 2947 2947 0 2957 2957 0 2948 2948 0 2950 2950 0 2956 2956 0 2948 2948 0 2957 2957 0 2959 2959 0 2952 2952 0 2953 2953 0 2958 2958 0 2952 2952 0 2959 2959 0 2954 2954 0 2960 2960 0 2953 2953 0 2960 2960 0 2959 2959 0 2953 2953 0 2826 2826 0 2832 2832 0 2960 2960 0 2954 2954 0 2826 2826 0 2960 2960 0 2955 2955 0 2961 2961 0 2837 2837 0 2831 2831 0 2955 2955 0 2837 2837 0 2956 2956 0 2962 2962 0 2955 2955 0 2962 2962 0 2961 2961 0 2955 2955 0 2963 2963 0 2956 2956 0 2957 2957 0 2962 2962 0 2956 2956 0 2963 2963 0 2965 2965 0 2958 2958 0 2959 2959 0 2964 2964 0 2958 2958 0 2965 2965 0 2960 2960 0 2966 2966 0 2959 2959 0 2966 2966 0 2965 2965 0 2959 2959 0 2832 2832 0 2838 2838 0 2966 2966 0 2960 2960 0 2832 2832 0 2966 2966 0 2961 2961 0 2967 2967 0 2843 2843 0 2837 2837 0 2961 2961 0 2843 2843 0 2962 2962 0 2968 2968 0 2961 2961 0 2968 2968 0 2967 2967 0 2961 2961 0 2969 2969 0 2962 2962 0 2963 2963 0 2968 2968 0 2962 2962 0 2969 2969 0 2971 2971 0 2964 2964 0 2965 2965 0 2970 2970 0 2964 2964 0 2971 2971 0 2966 2966 0 2972 2972 0 2965 2965 0 2972 2972 0 2971 2971 0 2965 2965 0 2838 2838 0 2844 2844 0 2972 2972 0 2966 2966 0 2838 2838 0 2972 2972 0 2967 2967 0 2973 2973 0 2848 2848 0 2843 2843 0 2967 2967 0 2848 2848 0 2968 2968 0 2974 2974 0 2967 2967 0 2974 2974 0 2973 2973 0 2967 2967 0 2975 2975 0 2968 2968 0 2969 2969 0 2975 2975 0 2976 2976 0 2968 2968 0 2976 2976 0 2974 2974 0 2968 2968 0 2975 2975 0 2977 2977 0 2976 2976 0 2980 2980 0 2979 2979 0 2978 2978 0 2970 2970 0 2980 2980 0 2978 2978 0 2970 2970 0 2971 2971 0 2980 2980 0 2971 2971 0 2981 2981 0 2980 2980 0 2972 2972 0 2982 2982 0 2971 2971 0 2982 2982 0 2981 2981 0 2971 2971 0 2844 2844 0 2849 2849 0 2982 2982 0 2972 2972 0 2844 2844 0 2982 2982 0 2848 2848 0 2973 2973 0 2852 2852 0 2854 2854 0 2852 2852 0 2973 2973 0 2854 2854 0 2973 2973 0 2983 2983 0 2983 2983 0 2973 2973 0 2974 2974 0 2976 2976 0 2984 2984 0 2974 2974 0 2984 2984 0 2983 2983 0 2974 2974 0 2985 2985 0 2976 2976 0 2977 2977 0 2985 2985 0 2986 2986 0 2976 2976 0 2986 2986 0 2984 2984 0 2976 2976 0 2985 2985 0 2987 2987 0 2986 2986 0 2989 2989 0 2979 2979 0 2980 2980 0 2988 2988 0 2979 2979 0 2989 2989 0 2981 2981 0 2990 2990 0 2980 2980 0 2990 2990 0 2989 2989 0 2980 2980 0 2855 2855 0 2856 2856 0 2990 2990 0 2855 2855 0 2990 2990 0 2982 2982 0 2982 2982 0 2990 2990 0 2981 2981 0 2849 2849 0 2855 2855 0 2982 2982 0 2983 2983 0 2991 2991 0 2860 2860 0 2854 2854 0 2983 2983 0 2860 2860 0 2984 2984 0 2992 2992 0 2983 2983 0 2992 2992 0 2991 2991 0 2983 2983 0 2986 2986 0 2993 2993 0 2984 2984 0 2993 2993 0 2992 2992 0 2984 2984 0 2994 2994 0 2986 2986 0 2987 2987 0 2994 2994 0 2995 2995 0 2986 2986 0 2995 2995 0 2993 2993 0 2986 2986 0 2994 2994 0 2996 2996 0 2995 2995 0 2999 2999 0 2998 2998 0 2997 2997 0 2999 2999 0 3000 3000 0 3001 3001 0 2997 2997 0 3000 3000 0 2999 2999 0 2988 2988 0 3001 3001 0 3000 3000 0 2988 2988 0 2989 2989 0 3001 3001 0 2989 2989 0 3002 3002 0 3001 3001 0 2990 2990 0 3003 3003 0 2989 2989 0 3003 3003 0 3002 3002 0 2989 2989 0 2856 2856 0 2861 2861 0 3003 3003 0 2990 2990 0 2856 2856 0 3003 3003 0 2860 2860 0 2991 2991 0 2864 2864 0 2866 2866 0 2864 2864 0 2991 2991 0 2866 2866 0 2991 2991 0 3004 3004 0 3004 3004 0 2991 2991 0 2992 2992 0 2993 2993 0 3005 3005 0 2992 2992 0 3005 3005 0 3004 3004 0 2992 2992 0 2995 2995 0 3006 3006 0 2993 2993 0 3006 3006 0 3005 3005 0 2993 2993 0 3007 3007 0 2995 2995 0 2996 2996 0 3007 3007 0 3008 3008 0 2995 2995 0 3008 3008 0 3006 3006 0 2995 2995 0 3008 3008 0 3009 3009 0 3010 3010 0 3007 3007 0 3009 3009 0 3008 3008 0 3010 3010 0 3011 3011 0 3012 3012 0 3009 3009 0 3011 3011 0 3010 3010 0 3012 3012 0 3013 3013 0 3014 3014 0 3011 3011 0 3013 3013 0 3012 3012 0 2998 2998 0 3014 3014 0 3013 3013 0 2998 2998 0 2999 2999 0 3014 3014 0 2999 2999 0 3015 3015 0 3014 3014 0 3001 3001 0 3016 3016 0 2999 2999 0 3016 3016 0 3015 3015 0 2999 2999 0 3002 3002 0 3017 3017 0 3001 3001 0 3017 3017 0 3016 3016 0 3001 3001 0 2867 2867 0 2868 2868 0 3017 3017 0 2867 2867 0 3017 3017 0 3003 3003 0 3003 3003 0 3017 3017 0 3002 3002 0 2861 2861 0 2867 2867 0 3003 3003 0 2866 2866 0 3004 3004 0 2872 2872 0 2874 2874 0 2872 2872 0 3004 3004 0 3005 3005 0 2874 2874 0 3004 3004 0 2876 2876 0 2874 2874 0 3005 3005 0 2876 2876 0 3005 3005 0 3018 3018 0 3018 3018 0 3005 3005 0 3006 3006 0 3008 3008 0 3019 3019 0 3006 3006 0 3019 3019 0 3018 3018 0 3006 3006 0 3010 3010 0 3020 3020 0 3008 3008 0 3020 3020 0 3019 3019 0 3008 3008 0 3012 3012 0 3021 3021 0 3010 3010 0 3021 3021 0 3020 3020 0 3010 3010 0 3014 3014 0 3022 3022 0 3012 3012 0 3022 3022 0 3021 3021 0 3012 3012 0 3015 3015 0 3023 3023 0 3014 3014 0 3023 3023 0 3022 3022 0 3014 3014 0 2877 2877 0 2878 2878 0 3023 3023 0 2877 2877 0 3023 3023 0 3016 3016 0 3016 3016 0 3023 3023 0 3015 3015 0 2880 2880 0 2877 2877 0 3016 3016 0 3017 3017 0 2880 2880 0 3016 3016 0 2868 2868 0 2880 2880 0 3017 3017 0 2876 2876 0 3018 3018 0 2884 2884 0 2886 2886 0 2884 2884 0 3018 3018 0 3019 3019 0 2886 2886 0 3018 3018 0 2888 2888 0 2886 2886 0 3019 3019 0 3020 3020 0 2888 2888 0 3019 3019 0 2890 2890 0 2888 2888 0 3020 3020 0 3021 3021 0 2890 2890 0 3020 3020 0 2892 2892 0 2890 2890 0 3021 3021 0 3022 3022 0 2892 2892 0 3021 3021 0 2894 2894 0 2892 2892 0 3022 3022 0 3023 3023 0 2894 2894 0 3022 3022 0 2878 2878 0 2894 2894 0 3023 3023 0 2919 2919 0 3024 3024 0 2920 2920 0 2919 2919 0 2921 2921 0 3025 3025 0 3024 3024 0 2919 2919 0 3025 3025 0 2921 2921 0 2922 2922 0 3026 3026 0 3025 3025 0 2921 2921 0 3026 3026 0 2922 2922 0 2923 2923 0 3027 3027 0 3026 3026 0 2922 2922 0 3027 3027 0 2923 2923 0 2924 2924 0 3027 3027 0 2931 2931 0 3028 3028 0 2932 2932 0 2931 2931 0 2920 2920 0 3024 3024 0 2931 2931 0 3024 3024 0 3028 3028 0 3028 3028 0 3024 3024 0 3029 3029 0 3025 3025 0 3030 3030 0 3024 3024 0 3030 3030 0 3029 3029 0 3024 3024 0 3026 3026 0 3031 3031 0 3025 3025 0 3031 3031 0 3030 3030 0 3025 3025 0 3027 3027 0 3032 3032 0 3026 3026 0 3032 3032 0 3031 3031 0 3026 3026 0 2924 2924 0 2933 2933 0 3033 3033 0 2924 2924 0 3033 3033 0 3027 3027 0 3027 3027 0 3033 3033 0 3032 3032 0 2933 2933 0 2934 2934 0 3034 3034 0 3033 3033 0 2933 2933 0 3034 3034 0 2934 2934 0 2935 2935 0 3034 3034 0 2941 2941 0 3035 3035 0 2942 2942 0 2941 2941 0 2932 2932 0 3028 3028 0 2941 2941 0 3028 3028 0 3035 3035 0 3035 3035 0 3028 3028 0 3036 3036 0 3029 3029 0 3037 3037 0 3028 3028 0 3037 3037 0 3036 3036 0 3028 3028 0 3030 3030 0 3038 3038 0 3029 3029 0 3038 3038 0 3037 3037 0 3029 3029 0 3031 3031 0 3039 3039 0 3030 3030 0 3039 3039 0 3038 3038 0 3030 3030 0 3032 3032 0 3040 3040 0 3031 3031 0 3040 3040 0 3039 3039 0 3031 3031 0 3033 3033 0 3041 3041 0 3032 3032 0 3041 3041 0 3040 3040 0 3032 3032 0 3034 3034 0 3042 3042 0 3033 3033 0 3042 3042 0 3041 3041 0 3033 3033 0 2935 2935 0 2943 2943 0 3042 3042 0 3034 3034 0 2935 2935 0 3042 3042 0 2949 2949 0 3043 3043 0 2950 2950 0 2949 2949 0 2942 2942 0 3035 3035 0 2949 2949 0 3035 3035 0 3043 3043 0 3043 3043 0 3035 3035 0 3044 3044 0 3036 3036 0 3045 3045 0 3035 3035 0 3045 3045 0 3044 3044 0 3035 3035 0 3037 3037 0 3046 3046 0 3036 3036 0 3046 3046 0 3045 3045 0 3036 3036 0 3038 3038 0 3047 3047 0 3037 3037 0 3047 3047 0 3046 3046 0 3037 3037 0 3039 3039 0 3048 3048 0 3038 3038 0 3048 3048 0 3047 3047 0 3038 3038 0 3040 3040 0 3049 3049 0 3039 3039 0 3049 3049 0 3048 3048 0 3039 3039 0 3041 3041 0 3050 3050 0 3040 3040 0 3050 3050 0 3049 3049 0 3040 3040 0 3042 3042 0 3051 3051 0 3041 3041 0 3051 3051 0 3050 3050 0 3041 3041 0 2943 2943 0 2951 2951 0 3052 3052 0 2943 2943 0 3052 3052 0 3042 3042 0 3042 3042 0 3052 3052 0 3051 3051 0 2951 2951 0 2952 2952 0 3052 3052 0 3043 3043 0 3053 3053 0 2957 2957 0 2950 2950 0 3043 3043 0 2957 2957 0 3044 3044 0 3054 3054 0 3043 3043 0 3054 3054 0 3053 3053 0 3043 3043 0 3045 3045 0 3055 3055 0 3044 3044 0 3055 3055 0 3054 3054 0 3044 3044 0 3046 3046 0 3056 3056 0 3045 3045 0 3056 3056 0 3055 3055 0 3045 3045 0 3058 3058 0 3047 3047 0 3057 3057 0 3058 3058 0 3056 3056 0 3047 3047 0 3056 3056 0 3046 3046 0 3047 3047 0 3048 3048 0 3057 3057 0 3047 3047 0 3059 3059 0 3057 3057 0 3048 3048 0 3059 3059 0 3061 3061 0 3060 3060 0 3059 3059 0 3048 3048 0 3061 3061 0 3048 3048 0 3049 3049 0 3061 3061 0 3050 3050 0 3062 3062 0 3049 3049 0 3062 3062 0 3061 3061 0 3049 3049 0 3051 3051 0 3063 3063 0 3050 3050 0 3063 3063 0 3062 3062 0 3050 3050 0 3052 3052 0 3064 3064 0 3051 3051 0 3064 3064 0 3063 3063 0 3051 3051 0 2952 2952 0 2958 2958 0 3064 3064 0 3052 3052 0 2952 2952 0 3064 3064 0 3053 3053 0 3065 3065 0 2963 2963 0 2957 2957 0 3053 3053 0 2963 2963 0 3054 3054 0 3066 3066 0 3053 3053 0 3066 3066 0 3065 3065 0 3053 3053 0 3055 3055 0 3067 3067 0 3054 3054 0 3067 3067 0 3066 3066 0 3054 3054 0 3056 3056 0 3068 3068 0 3055 3055 0 3068 3068 0 3067 3067 0 3055 3055 0 3069 3069 0 3056 3056 0 3058 3058 0 3068 3068 0 3056 3056 0 3069 3069 0 3071 3071 0 3060 3060 0 3061 3061 0 3070 3070 0 3060 3060 0 3071 3071 0 3062 3062 0 3072 3072 0 3061 3061 0 3072 3072 0 3071 3071 0 3061 3061 0 3063 3063 0 3073 3073 0 3062 3062 0 3073 3073 0 3072 3072 0 3062 3062 0 3064 3064 0 3074 3074 0 3063 3063 0 3074 3074 0 3073 3073 0 3063 3063 0 2958 2958 0 2964 2964 0 3074 3074 0 3064 3064 0 2958 2958 0 3074 3074 0 3065 3065 0 3075 3075 0 2969 2969 0 2963 2963 0 3065 3065 0 2969 2969 0 3066 3066 0 3076 3076 0 3065 3065 0 3076 3076 0 3075 3075 0 3065 3065 0 3067 3067 0 3077 3077 0 3066 3066 0 3077 3077 0 3076 3076 0 3066 3066 0 3068 3068 0 3078 3078 0 3067 3067 0 3078 3078 0 3077 3077 0 3067 3067 0 3079 3079 0 3068 3068 0 3069 3069 0 3079 3079 0 3080 3080 0 3068 3068 0 3080 3080 0 3078 3078 0 3068 3068 0 3080 3080 0 3081 3081 0 3082 3082 0 3079 3079 0 3081 3081 0 3080 3080 0 3070 3070 0 3082 3082 0 3081 3081 0 3070 3070 0 3071 3071 0 3082 3082 0 3071 3071 0 3083 3083 0 3082 3082 0 3072 3072 0 3084 3084 0 3071 3071 0 3084 3084 0 3083 3083 0 3071 3071 0 3073 3073 0 3085 3085 0 3072 3072 0 3085 3085 0 3084 3084 0 3072 3072 0 3074 3074 0 3086 3086 0 3073 3073 0 3086 3086 0 3085 3085 0 3073 3073 0 2964 2964 0 2970 2970 0 3086 3086 0 3074 3074 0 2964 2964 0 3086 3086 0 2969 2969 0 3075 3075 0 2975 2975 0 2977 2977 0 2975 2975 0 3075 3075 0 2977 2977 0 3075 3075 0 3087 3087 0 3087 3087 0 3075 3075 0 3076 3076 0 3077 3077 0 3088 3088 0 3076 3076 0 3088 3088 0 3087 3087 0 3076 3076 0 3078 3078 0 3089 3089 0 3077 3077 0 3089 3089 0 3088 3088 0 3077 3077 0 3080 3080 0 3090 3090 0 3078 3078 0 3090 3090 0 3089 3089 0 3078 3078 0 3082 3082 0 3091 3091 0 3080 3080 0 3091 3091 0 3090 3090 0 3080 3080 0 3083 3083 0 3092 3092 0 3082 3082 0 3092 3092 0 3091 3091 0 3082 3082 0 3084 3084 0 3093 3093 0 3083 3083 0 3093 3093 0 3092 3092 0 3083 3083 0 3085 3085 0 3094 3094 0 3084 3084 0 3094 3094 0 3093 3093 0 3084 3084 0 2978 2978 0 2979 2979 0 3094 3094 0 2978 2978 0 3094 3094 0 3086 3086 0 3086 3086 0 3094 3094 0 3085 3085 0 2970 2970 0 2978 2978 0 3086 3086 0 2977 2977 0 3087 3087 0 2985 2985 0 2987 2987 0 2985 2985 0 3087 3087 0 2987 2987 0 3087 3087 0 3095 3095 0 3095 3095 0 3087 3087 0 3088 3088 0 3089 3089 0 3096 3096 0 3088 3088 0 3096 3096 0 3095 3095 0 3088 3088 0 3090 3090 0 3097 3097 0 3089 3089 0 3097 3097 0 3096 3096 0 3089 3089 0 3091 3091 0 3098 3098 0 3090 3090 0 3098 3098 0 3097 3097 0 3090 3090 0 3092 3092 0 3099 3099 0 3091 3091 0 3099 3099 0 3098 3098 0 3091 3091 0 3093 3093 0 3100 3100 0 3092 3092 0 3100 3100 0 3099 3099 0 3092 3092 0 3094 3094 0 3101 3101 0 3093 3093 0 3101 3101 0 3100 3100 0 3093 3093 0 2979 2979 0 2988 2988 0 3101 3101 0 3094 3094 0 2979 2979 0 3101 3101 0 2987 2987 0 3095 3095 0 2994 2994 0 2996 2996 0 2994 2994 0 3095 3095 0 2996 2996 0 3095 3095 0 3102 3102 0 3102 3102 0 3095 3095 0 3096 3096 0 3097 3097 0 3103 3103 0 3096 3096 0 3103 3103 0 3102 3102 0 3096 3096 0 3098 3098 0 3104 3104 0 3097 3097 0 3104 3104 0 3103 3103 0 3097 3097 0 3099 3099 0 3105 3105 0 3098 3098 0 3105 3105 0 3104 3104 0 3098 3098 0 2997 2997 0 2998 2998 0 3105 3105 0 2997 2997 0 3105 3105 0 3100 3100 0 3100 3100 0 3105 3105 0 3099 3099 0 3000 3000 0 2997 2997 0 3100 3100 0 3101 3101 0 3000 3000 0 3100 3100 0 2988 2988 0 3000 3000 0 3101 3101 0 2996 2996 0 3102 3102 0 3007 3007 0 3009 3009 0 3007 3007 0 3102 3102 0 3103 3103 0 3009 3009 0 3102 3102 0 3011 3011 0 3009 3009 0 3103 3103 0 3104 3104 0 3011 3011 0 3103 3103 0 3013 3013 0 3011 3011 0 3104 3104 0 3105 3105 0 3013 3013 0 3104 3104 0 2998 2998 0 3013 3013 0 3105 3105 0 3057 3057 0 3106 3106 0 3058 3058 0 3057 3057 0 3059 3059 0 3107 3107 0 3106 3106 0 3057 3057 0 3107 3107 0 3059 3059 0 3060 3060 0 3107 3107 0 3106 3106 0 3108 3108 0 3069 3069 0 3058 3058 0 3106 3106 0 3069 3069 0 3107 3107 0 3109 3109 0 3106 3106 0 3109 3109 0 3108 3108 0 3106 3106 0 3060 3060 0 3070 3070 0 3109 3109 0 3107 3107 0 3060 3060 0 3109 3109 0 3069 3069 0 3108 3108 0 3079 3079 0 3081 3081 0 3079 3079 0 3108 3108 0 3109 3109 0 3081 3081 0 3108 3108 0 3070 3070 0 3081 3081 0 3109 3109 0 3110 3110 0 3111 3110 0 3112 3110 0</p>
        </polylist>
      </mesh>
    </geometry>

    <geometry id="floor-mesh" name="floor">
      <mesh>
        <source id="floor-mesh-positions">
          <float_array id="floor-mesh-positions-array" count="12">4 0 -4 4 0 4 -4 0 4 -4 0 -4</float_array>
          <technique_common>
            <accessor source="#floor-mesh-positions-array" count="4" stride="3">
              <param name="X" type="float"/>
              <param name="Y" type="float"/>
              <param name="Z" type="float"/>
            </accessor>
          </technique_common>
        </source>
        <source id="floor-mesh-normals">
          <float_array id="floor-mesh-normals-array" count="6">0 1 0 0 1 0</float_array>
          <technique_common>
            <accessor source="#floor-mesh-normals-array" count="2" stride="3">
              <param name="X" type="float"/>
              <param name="Y" type="float"/>
              <param name="Z" type="float"/>
            </accessor>
          </technique_common>
        </source>
        <source id="floor-mesh-map-0">
          <float_array id="floor-mesh-map-0-array" count="12">0 1 0 1 0 1 0 1 0 1 0 1</float_array>
          <technique_common>
            <accessor source="#floor-mesh-map-0-array" count="6" stride="2">
              <param name="S" type="float"/>
              <param name="T" type="float"/>
            </accessor>
          </technique_common>
        </source>
        <vertices id="floor-mesh-vertices">
          <input semantic="POSITION" source="#floor-mesh-positions"/>
        </vertices>
        <polylist material="floor-material" count="2">
          <input semantic="VERTEX" source="#floor-mesh-vertices" offset="0"/>
          <input semantic="NORMAL" source="#floor-mesh-normals" offset="1"/>
          <input semantic="TEXCOORD" source="#floor-mesh-map-0" offset="2" set="0"/>
          <vcount>3 3 </vcount>
          <p>0 0 0 1 0 1 2 0 2 3 1 3 0 1 4 2 1 5</p>
        </polylist>
      </mesh>
    </geometry>
  </library_geometries>

  <library_visual_scenes>
    <visual_scene id="Scene" name="Scene">
      <node id="Camera" name="Camera" type="NODE">
        <matrix sid="transform">1 0 0 0 0 1 0 1 0 0 1 2.732 0 0 0 1</matrix>
        <instance_camera url="#Camera-camera"/>
      </node>

      <node id="Area" name="Area" type="NODE">
        <matrix sid="transform">0.3 0 0 2 0 0.3 0 3 0 0 0.3 2 0 0 0 1</matrix>
        <instance_light url="#Area-light"/>
      </node>

      <node id="Slime" name="Slime" type="NODE">
        <matrix sid="transform">1 0 0 0 0 1 0 0 0 0 1 0 0 0 0 1</matrix>
        <instance_geometry url="#Slime-data">
          <bind_material>
            <technique_common>
              <instance_material symbol="slime-material" target="#slime-material"/>
            </technique_common>
          </bind_material>
        </instance_geometry>
      </node>
    </visual_scene>
  </library_visual_scenes>

  <scene>
    <instance_visual_scene url="#Scene"/>
  </scene>
</COLLADA>
