<?xml version="1.0" encoding="utf-8"?>
<COLLADA xmlns="http://www.collada.org/2005/11/COLLADASchema" version="1.4.1">
  <asset>
    <contributor><author>Slimelight</author></contributor>
    <created>2026-04-20T00:00:00</created>
    <modified>2026-04-20T00:00:00</modified>
    <unit name="meter" meter="1"/>
    <up_axis>Y_UP</up_axis>
  </asset>

  <library_lights>
    <light id="Area-light" name="Light">
      <technique_common>
        <point>
          <color sid="color">0 0 0</color>
          <constant_attenuation>1</constant_attenuation>
          <linear_attenuation>0</linear_attenuation>
          <quadratic_attenuation>0.001599967</quadratic_attenuation>
        </point>
      </technique_common>
      <extra>
        <technique profile="CGL">
          <area>
            <color sid="color">0 0 0</color>
          </area>
        </technique>
      </extra>
    </light>
  </library_lights>

  <library_cameras>
    <camera id="Camera-camera" name="Camera">
      <optics>
        <technique_common>
          <perspective>
            <xfov sid="xfov">42.0</xfov>
            <aspect_ratio>1.333333</aspect_ratio>
            <znear sid="znear">0.1</znear>
            <zfar sid="zfar">100</zfar>
          </perspective>
        </technique_common>
      </optics>
    </camera>
  </library_cameras>

  <library_images/>

  <library_effects>
    <effect id="slime-effect">
      <profile_COMMON>
        <technique sid="common">
          <phong>
            <emission><color sid="emission">0 0 0 1</color></emission>
            <ambient><color sid="ambient">0 0 0 1</color></ambient>
            <diffuse><color sid="diffuse">0.5 0.3 0.7 1</color></diffuse>
            <specular><color sid="specular">0.5 0.5 0.5 1</color></specular>
            <shininess><float sid="shininess">50</float></shininess>
            <index_of_refraction><float sid="ior">1.4</float></index_of_refraction>
          </phong>
        </technique>
      </profile_COMMON>
      <extra>
        <technique profile="CGL">
          <glass>
            <reflectance>1 1 1</reflectance>
            <transmittance>1 1 1</transmittance>
            <roughness>0</roughness>
            <ior>1.2</ior>
            <dispersion>0.005</dispersion>
            <sigma_a>0.5 0.05 0.5</sigma_a>
            <sigma_s>0.05 0.05 0.05</sigma_s>
            <phase_g>0.0</phase_g>
          </glass>
        </technique>
      </extra>
    </effect>

    <effect id="floor-effect">
      <profile_COMMON>
        <technique sid="common">
          <phong>
            <emission><color sid="emission">0 0 0 1</color></emission>
            <ambient><color sid="ambient">0 0 0 1</color></ambient>
            <diffuse><color sid="diffuse">0.7 0.7 0.7 1</color></diffuse>
            <specular><color sid="specular">0 0 0 1</color></specular>
            <shininess><float sid="shininess">1</float></shininess>
            <index_of_refraction><float sid="ior">1</float></index_of_refraction>
          </phong>
        </technique>
      </profile_COMMON>
    </effect>
  </library_effects>

  <library_materials>
    <material id="slime-material" name="slime">
      <instance_effect url="#slime-effect"/>
    </material>
    <material id="floor-material" name="floor">
      <instance_effect url="#floor-effect"/>
    </material>
  </library_materials>

  <library_geometries>
    <geometry id="Slime-data" name="Slime">
      <mesh>
        <source id="Slime-positions">
          <float_array id="Slime-positions-array" count="9765">-0.230678 0.204798 1.003518 -0.267483 0.171814 0.966622 -0.200071 0.152521 0.954293 -0.156619 0.187675 1.002985 -0.118007 0.147686 0.962429 -0.085475 0.181145 1.007233 -0.045204 0.144556 0.967158 -0.021916 0.175369 1.007698 0.027145 0.146139 0.973079 0.045403 0.191136 1.026144 0.106023 0.149207 0.977698 0.140046 0.191294 1.028054 0.188583 0.148933 0.975190 0.224412 0.185623 1.015304 0.267260 0.148555 0.968044 0.300117 0.185237 1.003049 0.340385 0.150094 0.959559 0.368161 0.183554 0.989110 0.406191 0.154869 0.951482 0.420146 0.183132 0.976698 0.463914 0.168391 0.947217 0.459304 0.205384 0.976902 -0.576619 0.211898 0.900831 -0.616692 0.191418 0.863790 -0.562683 0.162592 0.858322 -0.515627 0.195607 0.912090 -0.486567 0.151039 0.876657 -0.448611 0.181950 0.924757 -0.418232 0.141962 0.888057 -0.391285 0.168249 0.930362 -0.349655 0.137740 0.899783 -0.330930 0.176361 0.954526 -0.269935 0.135672 0.913863 -0.199867 0.118846 0.898901 -0.139100 0.118938 0.909054 -0.066461 0.116949 0.914666 0.007656 0.116191 0.918779 0.083948 0.116932 0.921896 0.162651 0.117780 0.922464 0.241336 0.118546 0.919802 0.317534 0.120659 0.915105 0.390097 0.125844 0.909841 0.459111 0.136719 0.905508 0.511217 0.191718 0.948225 0.528684 0.156838 0.903812 0.562137 0.187081 0.923746 0.593849 0.170173 0.887488 0.598762 0.190659 0.910084 -0.663443 0.209376 0.847218 -0.699345 0.190060 0.801735 -0.637214 0.156109 0.803650 -0.569818 0.128948 0.803404 -0.511662 0.123891 0.821311 -0.442696 0.117117 0.833387 -0.371751 0.111869 0.842340 -0.298038 0.107929 0.849574 -0.224059 0.102253 0.851212 -0.153285 0.097296 0.851594 -0.082101 0.095360 0.855270 -0.008029 0.094195 0.858419 0.067712 0.093911 0.860752 0.144856 0.094295 0.861879 0.222654 0.095194 0.861325 0.299841 0.097172 0.859196 0.375403 0.101468 0.856097 0.448915 0.109768 0.852690 0.520505 0.123749 0.849233 0.588613 0.142597 0.843737 0.630557 0.194409 0.886914 0.648709 0.169180 0.839564 0.666615 0.198029 0.856630 -0.748266 0.209645 0.776590 -0.779647 0.190045 0.727391 -0.715946 0.154086 0.735203 -0.648111 0.123493 0.736493 -0.592098 0.113587 0.753079 -0.527942 0.103270 0.762851 -0.460462 0.097258 0.772560 -0.389165 0.092603 0.779921 -0.315777 0.088937 0.785228 -0.241378 0.085500 0.788282 -0.167338 0.082174 0.789595 -0.093698 0.079796 0.790999 -0.019285 0.078478 0.792880 0.056338 0.077845 0.794515 0.132931 0.077807 0.795562 0.210142 0.078376 0.795763 0.287412 0.079866 0.795015 0.364124 0.083065 0.793450 0.439783 0.089217 0.791302 0.513905 0.099819 0.788693 0.585356 0.116159 0.785420 0.651633 0.139777 0.781928 0.691081 0.190619 0.825390 0.709895 0.172508 0.778726 0.728210 0.214047 0.800694 -0.826641 0.209366 0.696974 -0.850246 0.189370 0.648143 -0.789826 0.154444 0.660999 -0.724594 0.122695 0.663864 -0.670091 0.110738 0.681786 -0.607238 0.097645 0.691705 -0.541931 0.089002 0.700692 -0.473028 0.082799 0.707663 -0.401375 0.078605 0.713253 -0.327677 0.075517 0.717322 -0.252834 0.073012 0.719972 -0.177610 0.070805 0.721459 -0.102402 0.068989 0.722407 -0.027025 0.067741 0.723360 0.048865 0.067036 0.724329 0.125352 0.066794 0.725084 0.202298 0.067047 0.725447 0.279456 0.068013 0.725307 0.356510 0.070216 0.724643 0.433116 0.074574 0.723488 0.508840 0.082399 0.721862 0.582887 0.095303 0.719729 0.653719 0.115162 0.717271 0.718396 0.143675 0.715457 0.754588 0.197256 0.758201 0.766113 0.177100 0.717901 0.787504 0.208113 0.726506 -0.889605 0.202488 0.612152 -0.899815 0.180579 0.562758 -0.850023 0.156417 0.591221 -0.795784 0.125351 0.589620 -0.744841 0.111707 0.607247 -0.683977 0.096845 0.617726 -0.620019 0.086301 0.627062 -0.552397 0.078264 0.633931 -0.482114 0.072695 0.639276 -0.409580 0.068902 0.643326 -0.335380 0.066302 0.646300 -0.260100 0.064394 0.648316 -0.184268 0.062869 0.649554 -0.108239 0.061620 0.650291 -0.032110 0.060673 0.650836 0.044213 0.060057 0.651348 0.120823 0.059766 0.651799 0.197713 0.059832 0.652097 0.274788 0.060403 0.652159 0.351899 0.061836 0.651938 0.428853 0.064795 0.651403 0.505361 0.070332 0.650511 0.580918 0.079936 0.649182 0.654692 0.095565 0.647343 0.725817 0.119860 0.645105 0.795811 0.158212 0.643491 0.820214 0.203238 0.677266 -0.931176 0.187749 0.513351 -0.880046 0.143972 0.509720 -0.817562 0.118192 0.530854 -0.757999 0.099876 0.541786 -0.695801 0.087241 0.551477 -0.629470 0.077546 0.558630 -0.560157 0.070574 0.564055 -0.488462 0.065689 0.568033 -0.414979 0.062405 0.570945 -0.340176 0.060227 0.573028 -0.264481 0.058743 0.574453 -0.188260 0.057661 0.575358 -0.111787 0.056823 0.575900 -0.035200 0.056176 0.576243 0.041476 0.055723 0.576512 0.118275 0.055473 0.576749 0.195214 0.055459 0.576934 0.272268 0.055786 0.577024 0.349371 0.056696 0.576984 0.426417 0.058657 0.576781 0.503223 0.062465 0.576363 0.579445 0.069328 0.575639 0.654489 0.080909 0.574442 0.727576 0.099268 0.572431 0.798319 0.126579 0.568545 0.862275 0.197875 0.615286 0.867628 0.162629 0.557677 0.897458 0.192270 0.566195 -0.966044 0.200800 0.462264 -0.968737 0.177359 0.412205 -0.927113 0.153895 0.444844 -0.877565 0.121971 0.441225 -0.830195 0.107487 0.461177 -0.769612 0.091846 0.473727 -0.704744 0.079847 0.481848 -0.636586 0.071224 0.487684 -0.565703 0.065113 0.491827 -0.492806 0.060929 0.494763 -0.418451 0.058155 0.496818 -0.343070 0.056361 0.498240 -0.266999 0.055198 0.499196 -0.190501 0.054416 0.499808 -0.113771 0.053853 0.500178 -0.036929 0.053434 0.500397 0.039972 0.053133 0.500544 0.116927 0.052956 0.500661 0.193942 0.052929 0.500759 0.271012 0.053127 0.500825 0.348107 0.053718 0.500844 0.425161 0.055031 0.500799 0.502043 0.057650 0.500663 0.578490 0.062506 0.500379 0.654002 0.070941 0.499825 0.727759 0.084648 0.498749 0.798603 0.105305 0.496557 0.864966 0.133602 0.491761 0.915058 0.184694 0.530604 0.924277 0.168498 0.482289 0.949141 0.208624 0.499206 -0.988209 0.178901 0.358046 -0.945296 0.144575 0.369744 -0.893851 0.118492 0.383231 -0.838217 0.098753 0.392740 -0.777655 0.084993 0.402819 -0.711476 0.074344 0.409970 -0.641769 0.066635 0.414743 -0.569612 0.061307 0.417949 -0.495723 0.057738 0.420098 -0.420648 0.055425 0.421533 -0.344779 0.053966 0.422484 -0.268395 0.053058 0.423103 -0.191690 0.052484 0.423494 -0.114803 0.052103 0.423730 -0.037822 0.051837 0.423867 0.039204 0.051651 0.423949 0.116258 0.051542 0.424007 0.193334 0.051531 0.424054 0.270430 0.051673 0.424095 0.347523 0.052089 0.424128 0.424565 0.053019 0.424157 0.501444 0.054892 0.424184 0.577927 0.058418 0.424204 0.653567 0.064665 0.424175 0.727588 0.075066 0.423986 0.798759 0.091217 0.423428 0.865112 0.114299 0.422232 0.923004 0.143874 0.420475 0.965355 0.193406 0.454454 0.966223 0.175536 0.417630 0.988690 0.203678 0.419082 -1.012846 0.186001 0.297012 -0.964441 0.140662 0.290886 -0.906249 0.112913 0.311607 -0.847056 0.093629 0.323054 -0.783766 0.079860 0.330810 -0.716307 0.070146 0.336555 -0.645458 0.063305 0.340431 -0.572310 0.058658 0.342925 -0.497654 0.055617 0.344509 -0.422023 0.053693 0.345508 -0.345777 0.052512 0.346136 -0.269150 0.051803 0.346528 -0.192293 0.051379 0.346769 -0.115306 0.051117 0.346911 -0.038249 0.050949 0.346993 0.038841 0.050840 0.347039 0.115947 0.050784 0.347069 0.193060 0.050798 0.347093 0.270173 0.050923 0.347119 0.347266 0.051259 0.347156 0.424291 0.051989 0.347222 0.501141 0.053444 0.347350 0.577588 0.056174 0.347587 0.653202 0.061027 0.347973 0.727252 0.069201 0.348506 0.798639 0.082192 0.349104 0.865854 0.101576 0.349711 0.926650 0.128549 0.350867 0.974564 0.162150 0.356738 1.003126 0.200392 0.370488 -1.039830 0.198576 0.242359 -1.036812 0.173657 0.190843 -1.002673 0.152362 0.224267 -0.956388 0.120926 0.218753 -0.912391 0.105480 0.238109 -0.853526 0.088811 0.250084 -0.788725 0.076050 0.257412 -0.719879 0.067024 0.262132 -0.648046 0.060875 0.265214 -0.574143 0.056806 0.267148 -0.498915 0.054204 0.268323 -0.422877 0.052598 0.269024 -0.346356 0.051640 0.269440 -0.269554 0.051084 0.269685 -0.192592 0.050767 0.269829 -0.115540 0.050585 0.269912 -0.038441 0.050479 0.269959 0.038681 0.050420 0.269985 0.115811 0.050402 0.270002 0.192941 0.050440 0.270017 0.270059 0.050573 0.270040 0.347144 0.050887 0.270083 0.424145 0.051538 0.270174 0.500952 0.052800 0.270372 0.577333 0.055124 0.270772 0.652855 0.059198 0.271506 0.726778 0.066000 0.272696 0.798016 0.076800 0.274344 0.865312 0.093140 0.276217 0.927712 0.116795 0.278043 0.986956 0.151007 0.279219 1.022215 0.191818 0.301891 -1.046226 0.172134 0.138339 -1.012096 0.143496 0.151118 -0.967650 0.118974 0.161053 -0.915954 0.098923 0.168000 -0.857610 0.084295 0.176681 -0.792276 0.072866 0.182926 -0.722512 0.064653 0.186920 -0.649875 0.059098 0.189394 -0.575380 0.055500 0.190891 -0.499731 0.053254 0.191766 -0.423403 0.051902 0.192263 -0.346693 0.051118 0.192541 -0.269772 0.050678 0.192696 -0.192739 0.050437 0.192781 -0.115646 0.050309 0.192828 -0.038523 0.050243 0.192855 0.038614 0.050217 0.192870 0.115753 0.050227 0.192882 0.192885 0.050290 0.192897 0.269997 0.050447 0.192924 0.347062 0.050778 0.192979 0.424022 0.051429 0.193097 0.500763 0.052650 0.193352 0.577050 0.054838 0.193880 0.652449 0.058589 0.194904 0.726205 0.064720 0.196709 0.797145 0.074248 0.199519 0.863726 0.088323 0.203192 0.924831 0.108389 0.206684 0.979642 0.135345 0.209515 1.030194 0.177677 0.251405 1.023837 0.165173 0.210128 1.051523 0.193814 0.214915 -1.053052 0.172185 0.078176 -1.019196 0.141429 0.085754 -0.974648 0.116070 0.092990 -0.921243 0.096047 0.098798 -0.860873 0.081092 0.103810 -0.794793 0.070363 0.108160 -0.724381 0.062829 0.111236 -0.651160 0.057789 0.113179 -0.576216 0.054573 0.114331 -0.500257 0.052609 0.114984 -0.423727 0.051455 0.115340 -0.346888 0.050803 0.115529 -0.269890 0.050449 0.115628 -0.192812 0.050264 0.115679 -0.115694 0.050173 0.115706 -0.038558 0.050134 0.115721 0.038585 0.050132 0.115732 0.115724 0.050167 0.115744 0.192850 0.050259 0.115765 0.269943 0.050454 0.115805 0.346970 0.050834 0.115884 0.423863 0.051544 0.116041 0.500497 0.052826 0.116358 0.576634 0.055060 0.116997 0.651851 0.058804 0.118247 0.725424 0.064802 0.120549 0.796191 0.073931 0.124443 0.862373 0.087007 0.130350 0.921366 0.104432 0.137814 0.974083 0.128483 0.141919 1.019966 0.159206 0.147959 1.052112 0.190251 0.164358 -1.058143 0.176711 0.015325 -1.024168 0.142760 0.019164 -0.979450 0.115646 0.023462 -0.925350 0.094795 0.027348 -0.863835 0.079493 0.030590 -0.796773 0.068779 0.033274 -0.725736 0.061560 0.035341 -0.652059 0.056862 0.036738 -0.576784 0.053928 0.037589 -0.500600 0.052173 0.038069 -0.423927 0.051166 0.038324 -0.347003 0.050613 0.038454 -0.269955 0.050323 0.038518 -0.192849 0.050179 0.038550 -0.115717 0.050115 0.038566 -0.038575 0.050097 0.038576 0.038568 0.050115 0.038586 0.115702 0.050177 0.038603 0.192813 0.050307 0.038636 0.269875 0.050557 0.038699 0.346842 0.051018 0.038820 0.423630 0.051839 0.039042 0.500096 0.053264 0.039453 0.575990 0.055671 0.040219 0.650899 0.059612 0.041659 0.724158 0.065823 0.044307 0.794743 0.075168 0.048946 0.861155 0.088477 0.056545 0.920934 0.106038 0.068227 0.964943 0.123767 0.085471 1.013335 0.156058 0.073980 1.054276 0.195624 0.097936 -1.061141 0.183704 -0.050754 -1.027361 0.147011 -0.049095 -0.982596 0.117677 -0.047253 -0.928183 0.095376 -0.045293 -0.866080 0.079259 -0.043484 -0.798345 0.068180 -0.041946 -0.726759 0.060905 -0.040719 -0.652704 0.056315 -0.039831 -0.577173 0.053528 -0.039257 -0.500825 0.051901 -0.038923 -0.424053 0.050991 -0.038744 -0.347071 0.050505 -0.038655 -0.269992 0.050260 -0.038612 -0.192870 0.050146 -0.038592 -0.115731 0.050105 -0.038581 -0.038587 0.050107 -0.038572 0.038552 0.050149 -0.038559 0.115675 0.050243 -0.038534 0.192761 0.050425 -0.038483 0.269776 0.050757 -0.038382 0.346655 0.051338 -0.038196 0.423293 0.052328 -0.037867 0.499513 0.053977 -0.037303 0.575041 0.056663 -0.036339 0.649456 0.060939 -0.034670 0.722140 0.067556 -0.031755 0.792217 0.077422 -0.026706 0.858508 0.091451 -0.018281 0.919845 0.110536 -0.005053 0.978141 0.137091 0.015442 1.048065 0.190500 0.041305 1.027737 0.175628 0.003894 -1.062353 0.192955 -0.117340 -1.029117 0.153927 -0.118045 -0.984491 0.122245 -0.118618 -0.929966 0.097985 -0.118589 -0.867582 0.080509 -0.118143 -0.799471 0.068616 -0.117547 -0.727515 0.060932 -0.116971 -0.653172 0.056191 -0.116501 -0.577447 0.053384 -0.116166 -0.500978 0.051787 -0.115958 -0.424135 0.050917 -0.115841 -0.347115 0.050466 -0.115781 -0.270017 0.050249 -0.115752 -0.192886 0.050158 -0.115737 -0.115745 0.050138 -0.115728 -0.038604 0.050164 -0.115717 0.038526 0.050237 -0.115697 0.115630 0.050377 -0.115659 0.192680 0.050632 -0.115581 0.269627 0.051075 -0.115429 0.346386 0.051826 -0.115149 0.422818 0.053060 -0.114661 0.498707 0.055032 -0.113855 0.573734 0.058119 -0.112569 0.647444 0.062861 -0.110533 0.719225 0.070001 -0.107265 0.788315 0.080507 -0.101956 0.853773 0.095397 -0.093237 0.914242 0.115316 -0.079332 0.967703 0.140080 -0.059670 1.007686 0.165969 -0.041192 -1.062138 0.204160 -0.181154 -1.030076 0.163955 -0.185389 -0.985673 0.129939 -0.189532 -0.931030 0.103125 -0.191913 -0.868490 0.083609 -0.193001 -0.800190 0.070323 -0.193356 -0.728031 0.061793 -0.193364 -0.653505 0.056591 -0.193247 -0.577645 0.053562 -0.193115 -0.501088 0.051870 -0.193014 -0.424195 0.050967 -0.192949 -0.347150 0.050512 -0.192912 -0.270041 0.050304 -0.192892 -0.192908 0.050231 -0.192879 -0.115770 0.050234 -0.192867 -0.038639 0.050293 -0.192849 0.038474 0.050411 -0.192818 0.115548 0.050616 -0.192757 0.192544 0.050968 -0.192641 0.269395 0.051562 -0.192419 0.345992 0.052542 -0.192016 0.422159 0.054105 -0.191316 0.497630 0.056524 -0.190169 0.572025 0.060167 -0.188396 0.644834 0.065546 -0.185756 0.715424 0.073364 -0.181881 0.782995 0.084507 -0.176088 0.846930 0.100275 -0.167487 0.906608 0.121719 -0.153652 0.960171 0.148546 -0.131360 1.004885 0.179318 -0.099645 -1.060387 0.217485 -0.237882 -1.031422 0.178098 -0.247029 -0.987146 0.142314 -0.258656 -0.931794 0.111814 -0.264577 -0.868999 0.089263 -0.267623 -0.800600 0.073784 -0.269101 -0.728356 0.063811 -0.269752 -0.653740 0.057734 -0.269999 -0.577798 0.054208 -0.270066 -0.501183 0.052250 -0.270068 -0.424254 0.051212 -0.270052 -0.347192 0.050695 -0.270035 -0.270079 0.050469 -0.270021 -0.192951 0.050405 -0.270005 -0.115826 0.050439 -0.269984 -0.038714 0.050546 -0.269952 0.038369 0.050731 -0.269898 0.115393 0.051030 -0.269802 0.192307 0.051514 -0.269627 0.269024 0.052302 -0.269311 0.345402 0.053570 -0.268750 0.421229 0.055556 -0.267792 0.496195 0.058560 -0.266222 0.569848 0.062948 -0.263785 0.641611 0.069200 -0.260264 0.710769 0.077913 -0.255352 0.776652 0.089975 -0.248731 0.837891 0.105913 -0.239168 0.895518 0.128775 -0.227951 0.949861 0.158692 -0.206829 0.996545 0.193202 -0.171017 -1.035408 0.195658 -0.289358 -1.022391 0.203275 -0.341191 -0.991811 0.163761 -0.326511 -0.932583 0.125583 -0.336372 -0.869214 0.098495 -0.341679 -0.800775 0.079757 -0.344485 -0.728559 0.067537 -0.345917 -0.653938 0.060010 -0.346614 -0.577961 0.055600 -0.346933 -0.501306 0.053126 -0.347067 -0.424348 0.051799 -0.347114 -0.347273 0.051130 -0.347123 -0.270163 0.050838 -0.347113 -0.193050 0.050768 -0.347088 -0.115949 0.050840 -0.347049 -0.038875 0.051019 -0.346988 0.038153 0.051306 -0.346891 0.115097 0.051738 -0.346734 0.191889 0.052400 -0.346470 0.268415 0.053433 -0.346019 0.344498 0.055049 -0.345254 0.419882 0.057534 -0.343986 0.494230 0.061251 -0.341951 0.567073 0.066599 -0.338767 0.637676 0.073960 -0.334014 0.705396 0.083981 -0.327759 0.769033 0.096956 -0.319212 0.829446 0.115049 -0.309810 0.878861 0.132861 -0.291453 0.933791 0.170706 -0.292909 0.985729 0.207201 -0.245515 -1.011573 0.219832 -0.394004 -0.980772 0.180782 -0.399282 -0.931294 0.144287 -0.407974 -0.868803 0.112317 -0.415109 -0.800671 0.089191 -0.419227 -0.728695 0.073759 -0.421548 -0.654192 0.064043 -0.422838 -0.578234 0.058216 -0.423532 -0.501547 0.054861 -0.423886 -0.424553 0.053003 -0.424049 -0.347459 0.052032 -0.424109 -0.270354 0.051590 -0.424109 -0.193268 0.051478 -0.424070 -0.116215 0.051589 -0.423995 -0.039209 0.051868 -0.423881 0.037727 0.052306 -0.423709 0.114542 0.052933 -0.423446 0.191150 0.053836 -0.423037 0.267409 0.055176 -0.422388 0.343101 0.057197 -0.421348 0.417914 0.060237 -0.419691 0.491455 0.064723 -0.417124 0.563329 0.071186 -0.413271 0.632994 0.080069 -0.407372 0.698773 0.091291 -0.398473 0.761816 0.107004 -0.389647 0.815083 0.122380 -0.372234 0.881964 0.158774 -0.373930 0.978197 0.225665 -0.315478 0.943173 0.204887 -0.367482 -0.979432 0.202394 -0.442325 -0.960982 0.217775 -0.494174 -0.931513 0.171897 -0.477024 -0.867707 0.132130 -0.487971 -0.800103 0.103120 -0.493030 -0.728775 0.083447 -0.496181 -0.654640 0.070707 -0.498224 -0.578798 0.062796 -0.499502 -0.502088 0.058056 -0.500254 -0.425029 0.055306 -0.500657 -0.347887 0.053784 -0.500837 -0.270777 0.053038 -0.500877 -0.193731 0.052805 -0.500823 -0.116758 0.052935 -0.500692 -0.039866 0.053343 -0.500486 0.036918 0.053994 -0.500186 0.113537 0.054897 -0.499748 0.189877 0.056130 -0.499106 0.265764 0.057857 -0.498156 0.340941 0.060351 -0.496733 0.415048 0.063990 -0.494579 0.487608 0.069255 -0.491348 0.558067 0.076710 -0.486668 0.626446 0.087296 -0.480383 0.692879 0.101453 -0.470274 0.748084 0.114525 -0.450951 0.818848 0.148021 -0.456475 0.921223 0.202575 -0.416909 0.890550 0.198208 -0.461229 -0.919187 0.191133 -0.535987 -0.893579 0.203860 -0.591921 -0.865153 0.159519 -0.562922 -0.798404 0.122180 -0.565590 -0.728686 0.097575 -0.569038 -0.655447 0.081101 -0.571985 -0.579940 0.070395 -0.574170 -0.503243 0.063645 -0.575639 -0.426066 0.059495 -0.576527 -0.348811 0.057034 -0.576983 -0.271658 0.055709 -0.577140 -0.194655 0.055192 -0.577092 -0.117799 0.055276 -0.576886 -0.041088 0.055821 -0.576536 0.035459 0.056750 -0.576033 0.111789 0.058035 -0.575329 0.187764 0.059714 -0.574327 0.263154 0.061931 -0.572916 0.337662 0.064977 -0.570948 0.410894 0.069256 -0.568146 0.482349 0.075309 -0.564137 0.551376 0.083719 -0.558386 0.616704 0.094846 -0.550426 0.681268 0.111932 -0.543563 0.754602 0.137644 -0.528531 0.856501 0.190185 -0.510293 0.818828 0.178135 -0.543642 -0.859623 0.212804 -0.652866 -0.839860 0.176356 -0.637572 -0.792879 0.144267 -0.634982 -0.728091 0.116735 -0.638580 -0.656772 0.096446 -0.642809 -0.582031 0.082368 -0.646409 -0.505475 0.072938 -0.649108 -0.428124 0.066756 -0.650919 -0.350634 0.062799 -0.651947 -0.273353 0.060448 -0.652382 -0.196380 0.059338 -0.652406 -0.119680 0.059212 -0.652129 -0.043223 0.059851 -0.651579 0.032975 0.061096 -0.650768 0.108882 0.062876 -0.649687 0.184394 0.065159 -0.648200 0.259191 0.067995 -0.646107 0.332849 0.071670 -0.643332 0.405017 0.076659 -0.639700 0.475130 0.083414 -0.634685 0.542735 0.092817 -0.628067 0.607423 0.105442 -0.618503 0.660491 0.117428 -0.602418 0.719938 0.147653 -0.615193 0.782081 0.180362 -0.601379 -0.827389 0.189136 -0.678912 -0.810106 0.190309 -0.702983 -0.789480 0.170668 -0.694241 -0.727794 0.141985 -0.701999 -0.658861 0.118086 -0.708745 -0.585424 0.100291 -0.714589 -0.509317 0.087570 -0.719221 -0.431800 0.078703 -0.722655 -0.353894 0.072559 -0.724776 -0.276316 0.068515 -0.725767 -0.199331 0.066271 -0.725976 -0.122859 0.065601 -0.725671 -0.046736 0.066204 -0.724916 0.029014 0.067743 -0.723670 0.104299 0.070061 -0.722029 0.179175 0.073138 -0.719997 0.253432 0.076832 -0.717109 0.326183 0.081139 -0.713023 0.396918 0.086839 -0.708261 0.465736 0.094538 -0.702307 0.530990 0.103966 -0.693666 0.594012 0.118402 -0.685418 0.662428 0.139892 -0.671402 0.757436 0.186925 -0.653007 0.719790 0.177837 -0.685997 -0.787718 0.202252 -0.733309 -0.751757 0.210048 -0.773509 -0.729113 0.176672 -0.757514 -0.661866 0.147346 -0.767424 -0.590158 0.125884 -0.776986 -0.515146 0.109205 -0.784005 -0.437733 0.097240 -0.790082 -0.359171 0.088263 -0.794180 -0.280966 0.081662 -0.796170 -0.203852 0.077425 -0.796683 -0.127785 0.075550 -0.796350 -0.052225 0.075838 -0.795496 0.023096 0.077651 -0.793849 0.097649 0.080385 -0.791251 0.171364 0.084245 -0.788462 0.245015 0.089286 -0.785229 0.317761 0.094607 -0.779702 0.386515 0.100102 -0.771914 0.452897 0.109183 -0.766102 0.519065 0.120557 -0.756698 0.572841 0.128529 -0.738702 0.629642 0.155066 -0.744847 0.683671 0.175832 -0.726322 -0.710384 0.209122 -0.805098 -0.663171 0.218317 -0.844169 -0.664947 0.181181 -0.812753 -0.595476 0.162015 -0.834224 -0.522508 0.138696 -0.840887 -0.446597 0.124021 -0.850849 -0.366983 0.112266 -0.858843 -0.287491 0.102079 -0.862363 -0.209850 0.094731 -0.863357 -0.134426 0.090408 -0.862642 -0.060266 0.089654 -0.861639 0.014334 0.091872 -0.860218 0.089054 0.095224 -0.856730 0.160892 0.098815 -0.851326 0.232137 0.105486 -0.848664 0.306106 0.113556 -0.844089 0.377784 0.119496 -0.832288 0.434336 0.122881 -0.816292 0.499743 0.144560 -0.823909 0.575209 0.157753 -0.796991 0.669488 0.199230 -0.773977 0.627518 0.184389 -0.797604 -0.622783 0.195418 -0.854443 -0.574919 0.196824 -0.883692 -0.529756 0.206166 -0.914344 -0.526375 0.173760 -0.886958 -0.460208 0.157767 -0.898501 -0.378038 0.148246 -0.919283 -0.295601 0.131850 -0.923017 -0.216637 0.120689 -0.925374 -0.141357 0.112091 -0.923546 -0.070269 0.108109 -0.920666 0.001018 0.110589 -0.920500 0.076826 0.116251 -0.918697 0.152322 0.120070 -0.910179 0.212862 0.121090 -0.897274 0.285712 0.139645 -0.909333 0.366149 0.146795 -0.891980 0.442254 0.153416 -0.871458 0.553331 0.190923 -0.859800 0.501878 0.175055 -0.876041 0.603108 0.198542 -0.832882 -0.471764 0.201898 -0.935062 -0.414381 0.180414 -0.942865 -0.358634 0.187156 -0.971218 -0.309849 0.200996 -0.999775 -0.303743 0.167698 -0.971530 -0.222783 0.159599 -0.984755 -0.146836 0.142494 -0.978703 -0.076220 0.133966 -0.973529 -0.018020 0.128957 -0.964743 0.054829 0.144953 -0.979185 0.139923 0.150375 -0.967142 0.224075 0.153709 -0.951503 0.351991 0.182177 -0.948935 0.292801 0.171771 -0.959762 0.419814 0.187003 -0.925487 0.478715 0.195428 -0.909770 -0.256298 0.198754 -1.013887 -0.194216 0.199864 -1.033992 -0.145943 0.211705 -1.053749 -0.146688 0.179282 -1.025113 -0.081018 0.168759 -1.020419 -0.006016 0.161928 -1.012995 0.121038 0.189167 -1.020084 0.059081 0.176960 -1.025452 0.200732 0.193707 -1.002340 0.271535 0.196711 -0.990268 -0.089426 0.212577 -1.058496 -0.024159 0.200803 -1.052195 0.036176 0.199620 -1.049595 0.062024 0.280281 1.085381 0.029954 0.237278 1.063046 0.090009 0.230105 1.061396 0.127045 0.265188 1.081474 0.143302 0.230084 1.063252 0.171427 0.253020 1.074706 -0.282493 0.249220 1.017553 -0.332371 0.220060 0.990045 -0.291615 0.202153 0.989895 -0.223968 0.251200 1.034307 -0.173701 0.234767 1.035372 -0.116430 0.219690 1.034878 -0.040349 0.227183 1.048038 0.192683 0.223284 1.052849 0.264700 0.233173 1.043397 0.340961 0.227101 1.021424 0.404744 0.217858 1.000775 0.449842 0.252915 0.997305 -0.586849 0.258249 0.921662 -0.625689 0.232304 0.889690 -0.532414 0.248035 0.937030 -0.467426 0.234341 0.952585 -0.393581 0.216208 0.966784 0.504403 0.234200 0.970540 0.545877 0.215677 0.947236 0.589018 0.215648 0.926856 0.611832 0.201510 0.910564 0.622952 0.217377 0.906844 -0.667305 0.267890 0.874857 -0.713068 0.236815 0.826994 0.660746 0.235982 0.878586 0.693653 0.216043 0.841345 0.712330 0.256934 0.835495 -0.760975 0.267397 0.797341 -0.798412 0.237862 0.748566 0.750753 0.255850 0.794105 -0.843503 0.263383 0.713717 -0.875966 0.238078 0.661193 0.772087 0.231060 0.760081 0.814898 0.247821 0.712955 -0.910183 0.240683 0.618360 -0.928942 0.225282 0.569856 0.846855 0.237098 0.668778 0.854261 0.218513 0.648323 0.879332 0.247768 0.627848 -0.962414 0.236554 0.510455 0.906331 0.224487 0.579310 0.924208 0.207680 0.543488 0.940544 0.243488 0.537470 -0.986963 0.242249 0.463055 -0.997689 0.220394 0.410251 0.971974 0.257210 0.489448 -1.017028 0.217869 0.350120 0.983694 0.225971 0.450930 1.009459 0.237354 0.399319 -1.041430 0.240013 0.299492 1.037983 0.248178 0.326836 -1.059325 0.238487 0.241084 -1.061849 0.211958 0.185507 1.050280 0.221676 0.275913 1.047572 0.200070 0.254267 1.064754 0.227522 0.229979 -1.068067 0.202237 0.124979 1.067503 0.216652 0.185056 -1.076072 0.210060 0.074092 1.072403 0.225023 0.139099 -1.081086 0.217104 0.011812 1.076720 0.235176 0.091832 -1.083645 0.227907 -0.052481 1.055101 0.208123 0.002010 1.070652 0.228326 0.042197 -1.083916 0.238632 -0.118146 1.068896 0.245998 -0.011502 1.041180 0.210744 -0.050924 -1.081724 0.249528 -0.179936 1.033799 0.233336 -0.124535 -1.076145 0.262391 -0.236059 1.023262 0.248996 -0.198412 -1.053798 0.231457 -0.289983 -1.042109 0.247409 -0.341662 1.012159 0.263868 -0.268476 -1.028388 0.265438 -0.391358 1.000690 0.279556 -0.331161 0.974400 0.246355 -0.367453 -0.999444 0.238550 -0.440683 -0.987812 0.260006 -0.477466 0.924663 0.222395 -0.447324 0.950648 0.244399 -0.418998 -0.959280 0.263086 -0.528864 -0.933894 0.220186 -0.546842 0.854314 0.211051 -0.552498 0.924711 0.256661 -0.479755 0.885536 0.229822 -0.523026 -0.925483 0.241571 -0.575604 -0.897349 0.249694 -0.620728 0.867688 0.252530 -0.575405 0.829130 0.218071 -0.595481 -0.859007 0.264488 -0.679622 -0.828257 0.214102 -0.698183 0.755376 0.212111 -0.692289 0.794794 0.229489 -0.654927 -0.813556 0.246711 -0.730460 -0.787057 0.273005 -0.767934 -0.778778 0.232535 -0.762744 0.769112 0.258195 -0.713189 0.721068 0.220127 -0.738820 -0.743997 0.247344 -0.798522 -0.699928 0.242230 -0.830968 -0.662540 0.265957 -0.862617 0.692017 0.250619 -0.794201 0.644702 0.224149 -0.821504 -0.609891 0.236305 -0.885364 -0.564968 0.268756 -0.922795 -0.559417 0.227856 -0.911955 0.522150 0.203319 -0.896960 0.600316 0.247667 -0.870559 0.551749 0.226507 -0.895879 -0.511503 0.247024 -0.941495 -0.453642 0.247196 -0.966403 -0.400823 0.223787 -0.977093 -0.349256 0.267195 -1.012276 -0.341736 0.221885 -1.000306 0.321117 0.198561 -0.980824 0.407045 0.230499 -0.967451 0.357075 0.216930 -0.982744 0.459320 0.227299 -0.941913 0.512396 0.240210 -0.924982 -0.285353 0.245977 -1.027667 -0.218214 0.238036 -1.047495 -0.173621 0.269534 -1.071113 -0.172220 0.231097 -1.059428 0.083375 0.202787 -1.046325 0.181216 0.246423 -1.042189 0.118631 0.226326 -1.052007 0.257170 0.239703 -1.021308 0.322808 0.236212 -1.004300 -0.124536 0.250678 -1.074778 -0.072043 0.254489 -1.081579 -0.030536 0.241511 -1.077086 0.023084 0.236452 -1.072399 0.076482 0.234202 -1.065367 0.003743 0.327157 1.094766 -0.044516 0.282943 1.077248 0.000631 0.269113 1.077045 0.070186 0.331669 1.100399 0.119601 0.313955 1.095982 0.179620 0.295987 1.087422 0.216673 0.261621 1.071010 0.230824 0.297876 1.080405 0.260938 0.278532 1.066680 0.271322 0.321622 1.073118 -0.296455 0.314270 1.031833 -0.349173 0.267145 1.004390 -0.234897 0.297705 1.046143 -0.185488 0.278491 1.052739 -0.114275 0.278732 1.063920 0.318917 0.286936 1.049080 0.389467 0.269811 1.022343 0.439028 0.311899 1.010913 -0.623644 0.272050 0.907930 -0.548665 0.305607 0.946875 -0.596706 0.294550 0.927300 -0.482007 0.296681 0.967585 -0.414983 0.281178 0.986493 0.497353 0.290559 0.983573 0.557329 0.263022 0.951223 0.598175 0.311521 0.930762 0.614313 0.253576 0.917801 -0.678252 0.329335 0.876463 -0.718386 0.294437 0.842589 -0.627407 0.319947 0.909751 0.647097 0.292194 0.897615 0.678851 0.328180 0.873478 0.683628 0.281223 0.868173 -0.757980 0.337990 0.811052 -0.810440 0.304395 0.758029 0.708992 0.304153 0.846563 0.746376 0.309553 0.807010 -0.851568 0.309769 0.717545 -0.878701 0.295805 0.679948 0.784752 0.281021 0.760118 0.823565 0.311111 0.717834 -0.930652 0.266171 0.596805 -0.908845 0.282668 0.634885 0.855273 0.282073 0.672260 0.895198 0.317628 0.624196 -0.935778 0.313330 0.593760 -0.954262 0.278428 0.551608 0.920283 0.274922 0.579608 0.956691 0.303300 0.527901 -1.005229 0.265912 0.433535 -0.987067 0.296639 0.483816 0.986170 0.304166 0.475991 -1.012585 0.304401 0.425563 -1.026919 0.273238 0.371472 1.000126 0.271303 0.439717 1.024876 0.288471 0.385649 -1.046963 0.284068 0.316604 1.044598 0.306147 0.337034 -1.072392 0.256539 0.206018 -1.062804 0.292044 0.259668 1.062838 0.303269 0.275066 1.060941 0.251610 0.268030 -1.078479 0.292194 0.194644 -1.081788 0.253161 0.137991 1.072008 0.265800 0.233523 1.077883 0.256654 0.182857 -1.088971 0.248515 0.065508 1.083779 0.266530 0.122605 -1.093754 0.265539 0.011323 1.084418 0.268455 0.068184 -1.095857 0.279897 -0.056314 1.081365 0.266799 0.024252 -1.095108 0.288684 -0.122808 1.079546 0.289639 -0.005351 1.064144 0.282568 -0.063569 -1.091134 0.298030 -0.181705 1.051536 0.299208 -0.144281 -1.083430 0.311432 -0.234480 1.039624 0.312481 -0.216993 -1.066295 0.279048 -0.288067 -1.052236 0.301554 -0.338281 1.026610 0.325775 -0.283704 -1.035752 0.316858 -0.389012 1.011055 0.339955 -0.344800 0.984405 0.292677 -0.387864 -1.013364 0.283802 -0.436326 -0.994506 0.310669 -0.479607 0.962103 0.306436 -0.444210 -0.964505 0.324479 -0.535500 0.937895 0.328070 -0.501383 0.903334 0.286630 -0.541378 -0.932584 0.286543 -0.581446 -0.901115 0.307293 -0.632555 0.878172 0.312062 -0.595464 0.840634 0.271940 -0.627630 -0.870236 0.328630 -0.680258 0.810720 0.294986 -0.681047 -0.828162 0.313004 -0.729567 -0.789662 0.315621 -0.773325 0.779688 0.321275 -0.731273 0.737742 0.283240 -0.763421 -0.755895 0.300242 -0.801399 -0.711086 0.286388 -0.833603 -0.669411 0.326974 -0.867177 0.704414 0.311154 -0.809326 0.659026 0.277985 -0.839172 -0.611937 0.302967 -0.901669 -0.564657 0.312440 -0.932454 0.582920 0.311814 -0.906600 0.533060 0.288157 -0.932418 0.558278 0.261078 -0.909373 0.629986 0.306170 -0.872543 -0.523621 0.302412 -0.950651 -0.468530 0.295300 -0.972816 -0.409543 0.282422 -0.993581 -0.357334 0.330507 -1.020321 0.373003 0.247252 -0.994476 0.467915 0.293196 -0.964540 0.406500 0.272782 -0.990055 -0.292885 0.314831 -1.039858 -0.221287 0.300265 -1.060920 -0.167298 0.312065 -1.080234 0.184155 0.321728 -1.065019 0.125630 0.269731 -1.067763 0.252496 0.297357 -1.042861 0.305133 0.278846 -1.025389 0.362665 0.288317 -1.011021 -0.130515 0.299104 -1.086303 -0.081888 0.292945 -1.090470 -0.031174 0.285187 -1.090671 0.010803 0.272439 -1.086397 0.067208 0.282779 -1.082254 -0.050463 0.377542 1.096302 -0.104360 0.341105 1.083097 -0.063637 0.320465 1.086177 0.008616 0.387602 1.104436 0.056188 0.375780 1.105805 0.111805 0.366248 1.104082 0.167889 0.352193 1.097590 0.222667 0.338958 1.087684 0.267289 0.377507 1.077995 -0.300678 0.383035 1.036910 -0.359653 0.332148 1.014639 -0.237982 0.363076 1.054088 -0.168985 0.337475 1.068239 0.321043 0.356297 1.058972 0.378920 0.332804 1.035908 0.426990 0.376559 1.018003 -0.584255 0.328040 0.935195 -0.491022 0.370737 0.970188 -0.550705 0.356437 0.948910 -0.422919 0.350705 0.994470 0.483507 0.356431 0.992545 0.541730 0.334745 0.962897 0.582301 0.380771 0.937402 -0.715345 0.343141 0.850051 -0.638003 0.389962 0.897076 -0.688130 0.374765 0.867821 -0.586730 0.373159 0.929829 0.635026 0.354944 0.904877 0.672544 0.391882 0.873061 -0.760915 0.407287 0.802310 -0.800241 0.375007 0.768679 -0.721790 0.391060 0.838891 0.713514 0.355216 0.840885 0.751339 0.383207 0.801050 -0.871102 0.339693 0.693305 -0.840559 0.356259 0.727949 0.788817 0.344933 0.761487 0.826164 0.378212 0.718064 -0.868531 0.392023 0.686852 -0.904377 0.353431 0.640955 0.859762 0.344472 0.675690 0.887203 0.377083 0.640356 -0.938064 0.365503 0.584654 -0.963576 0.342372 0.537752 0.920316 0.383351 0.591570 0.930514 0.326028 0.574708 -0.985288 0.350252 0.490606 0.950115 0.358736 0.544927 0.981830 0.370739 0.485902 -1.025801 0.328321 0.389710 -1.005409 0.362943 0.437817 1.008455 0.326254 0.432146 1.032278 0.350702 0.375048 -1.027865 0.369443 0.377159 -1.045078 0.334809 0.326723 1.051528 0.345615 0.320318 -1.061201 0.343547 0.269225 1.061273 0.365382 0.281602 -1.085866 0.309605 0.153046 -1.073929 0.352437 0.206887 1.074389 0.354352 0.218839 1.077156 0.296744 0.214121 -1.087235 0.349539 0.133040 -1.092907 0.302247 0.084451 1.083427 0.365181 0.144694 1.083639 0.308057 0.162993 -1.098102 0.323681 0.008278 1.085997 0.364911 0.074560 1.087549 0.312921 0.100753 -1.099739 0.341342 -0.067409 1.080800 0.350565 -0.003821 1.086332 0.308092 0.040949 -1.098244 0.331976 -0.133523 1.070182 0.359378 -0.084847 -1.093078 0.352196 -0.180918 1.059312 0.369536 -0.159914 -1.084400 0.352688 -0.233641 1.047085 0.380248 -0.229437 -1.071772 0.332488 -0.281793 -1.053023 0.379722 -0.330244 1.032673 0.392480 -0.293661 -1.033140 0.356143 -0.398417 -1.020211 0.325687 -0.430746 -1.013504 0.370189 -0.442409 1.015411 0.407517 -0.353007 0.991692 0.356014 -0.402129 -0.988134 0.362478 -0.494278 0.968866 0.376238 -0.457777 -0.965283 0.387980 -0.533208 0.943365 0.401213 -0.512403 0.912132 0.354583 -0.556725 -0.935243 0.348880 -0.584855 -0.899868 0.380512 -0.637410 0.883559 0.381203 -0.609122 0.849108 0.336957 -0.647140 -0.867906 0.372585 -0.685476 -0.852934 0.347945 -0.705788 -0.837199 0.386303 -0.720507 0.817699 0.362537 -0.696430 -0.798979 0.361440 -0.763912 -0.767923 0.342731 -0.794643 -0.761400 0.395400 -0.796746 0.784590 0.388748 -0.741808 0.746161 0.348481 -0.776734 -0.723763 0.352026 -0.829028 -0.672545 0.396580 -0.866023 0.710205 0.376653 -0.817540 0.669006 0.338566 -0.848606 -0.624129 0.371770 -0.899065 -0.576627 0.355781 -0.928344 -0.538023 0.343728 -0.949069 -0.532225 0.396472 -0.951816 0.582792 0.385091 -0.916581 0.534107 0.341868 -0.941383 0.628760 0.361957 -0.883513 -0.484723 0.361461 -0.973035 -0.419237 0.345938 -0.998895 -0.363042 0.399988 -1.022115 0.436432 0.369634 -0.992703 0.383837 0.340563 -1.012851 0.413103 0.311842 -0.997054 0.492975 0.368431 -0.966135 -0.300576 0.385252 -1.042334 -0.234423 0.372734 -1.061491 -0.167071 0.363476 -1.080404 -0.136461 0.336477 -1.089343 -0.118579 0.370621 -1.092125 0.139926 0.376309 -1.080912 0.085328 0.335815 -1.088327 0.121044 0.316336 -1.079777 0.205640 0.387297 -1.068262 0.256552 0.365148 -1.053445 0.323018 0.339624 -1.031808 -0.091441 0.342996 -1.095203 -0.036125 0.334392 -1.096726 0.025337 0.324152 -1.093237 -0.064878 0.440726 1.095787 -0.115491 0.394772 1.085964 -0.008191 0.432362 1.103379 0.045517 0.425545 1.107060 0.099161 0.418199 1.105866 0.156527 0.408429 1.100537 0.213185 0.393546 1.091605 0.255172 0.434659 1.079145 -0.299375 0.452985 1.034798 -0.360443 0.402874 1.017386 -0.238490 0.435292 1.053928 -0.176232 0.413620 1.071444 0.311059 0.421382 1.061669 0.369742 0.400999 1.040501 0.415648 0.444054 1.017324 -0.469509 0.454641 0.971375 -0.532998 0.412304 0.950451 -0.416989 0.427033 0.995217 0.464409 0.416273 0.998122 0.521035 0.413847 0.968937 0.566908 0.442056 0.939861 -0.619708 0.472409 0.891422 -0.676499 0.431054 0.864577 -0.575425 0.442066 0.923822 0.619094 0.433437 0.906890 0.665827 0.462850 0.867998 -0.790591 0.428387 0.770016 -0.719251 0.465033 0.823372 -0.763627 0.458639 0.788069 0.710795 0.423774 0.836090 0.747724 0.457372 0.795762 -0.791248 0.482237 0.752427 -0.827774 0.428098 0.727696 0.789007 0.416619 0.758134 0.824780 0.450041 0.713782 -0.863468 0.459789 0.673539 -0.892427 0.423407 0.643987 0.859899 0.410054 0.675219 0.891898 0.435818 0.629830 -0.952672 0.397162 0.549271 -0.924304 0.425879 0.590673 0.923133 0.459465 0.580220 -0.952205 0.452806 0.529072 -0.977208 0.401862 0.494969 0.951729 0.415974 0.539078 0.973871 0.443123 0.495093 -0.995702 0.429615 0.441175 1.000570 0.442177 0.438250 1.011506 0.379167 0.425141 -1.037112 0.395573 0.338462 -1.016905 0.426530 0.385205 1.024501 0.408703 0.389262 1.044654 0.405261 0.330257 -1.033762 0.450804 0.319487 -1.053761 0.395546 0.277031 1.061424 0.419467 0.261658 -1.064585 0.422483 0.214511 1.073532 0.423878 0.192829 -1.092196 0.368674 0.072281 -1.078290 0.414174 0.141988 1.080487 0.427198 0.122474 -1.095962 0.386296 0.000297 -1.085525 0.434543 0.059789 1.081801 0.426312 0.050051 -1.097277 0.398176 -0.055773 -1.088223 0.449372 -0.018762 1.077945 0.427052 -0.025017 -1.093017 0.429221 -0.080031 -1.097536 0.382908 -0.114075 1.070521 0.432929 -0.099387 -1.092485 0.399374 -0.158335 -1.085358 0.393063 -0.207181 -1.083210 0.440607 -0.165628 1.060676 0.440714 -0.170427 -1.075207 0.378283 -0.259687 -1.069464 0.436656 -0.240636 1.048403 0.450101 -0.237137 -1.052176 0.457463 -0.298352 1.033558 0.462076 -0.298810 -1.034776 0.451398 -0.362313 -1.032640 0.395240 -0.391927 1.015965 0.478705 -0.355087 0.994944 0.426961 -0.408647 -1.018909 0.423613 -0.418329 -0.993349 0.427214 -0.471665 0.971236 0.450960 -0.462518 -0.963098 0.455449 -0.523831 0.944351 0.478437 -0.515989 0.915040 0.429118 -0.565897 -0.936397 0.418592 -0.577762 -0.905341 0.471407 -0.613548 0.884286 0.454602 -0.617272 0.852362 0.408133 -0.658805 -0.869308 0.429517 -0.674182 -0.831783 0.465118 -0.713954 0.819264 0.432076 -0.705111 -0.797558 0.428161 -0.758228 -0.753883 0.468308 -0.793390 0.785765 0.456626 -0.745945 0.749553 0.416547 -0.782785 -0.715071 0.430862 -0.831460 -0.667248 0.467712 -0.864333 0.711694 0.445868 -0.820142 0.670918 0.404396 -0.854213 -0.625385 0.440680 -0.895623 -0.578830 0.418840 -0.925590 -0.527879 0.467061 -0.949554 0.579603 0.457498 -0.919830 0.535044 0.410414 -0.946558 0.627289 0.431263 -0.888084 -0.477426 0.441503 -0.975638 -0.422584 0.417869 -0.999695 -0.363792 0.472336 -1.020255 0.426381 0.449835 -0.999401 0.376390 0.397255 -1.018734 0.483589 0.430529 -0.973691 -0.304931 0.457056 -1.040052 -0.241241 0.445421 -1.058002 -0.174246 0.435439 -1.074238 -0.106819 0.424332 -1.088244 -0.084233 0.389030 -1.095914 -0.054714 0.424116 -1.094845 0.117372 0.450119 -1.083885 0.071704 0.382714 -1.091708 0.190125 0.441815 -1.072328 0.252760 0.432587 -1.058003 0.314232 0.415333 -1.039962 -0.043881 0.384186 -1.097989 0.010582 0.381327 -1.096860 -0.070433 0.493408 1.090735 -0.118513 0.457892 1.084385 -0.019689 0.484159 1.097855 0.035713 0.474960 1.102058 0.082482 0.461363 1.103672 0.139971 0.469569 1.096933 0.201378 0.449444 1.090392 0.239119 0.481078 1.077416 -0.296079 0.516258 1.027601 -0.352203 0.473778 1.014756 -0.238926 0.505414 1.045709 -0.167824 0.492103 1.066754 0.288038 0.481641 1.061835 0.353688 0.475601 1.038475 0.401995 0.502186 1.013667 -0.456555 0.525399 0.964091 -0.514600 0.483494 0.946532 -0.396032 0.512210 0.990928 0.465195 0.491786 0.985129 0.512600 0.538458 0.951394 0.529600 0.478378 0.955142 -0.606723 0.547194 0.879318 -0.661062 0.504361 0.856354 -0.550764 0.528669 0.916280 0.572593 0.506171 0.924016 0.624489 0.500463 0.891683 0.654260 0.533335 0.862547 -0.691101 0.556437 0.817264 -0.747544 0.519563 0.781925 0.701933 0.498303 0.830806 0.737819 0.534955 0.789784 -0.781100 0.554412 0.735664 -0.827282 0.514182 0.699176 0.783923 0.492552 0.752344 0.819906 0.527159 0.705380 -0.862428 0.516711 0.653973 -0.893342 0.490709 0.617816 0.859018 0.480697 0.667322 0.891761 0.508739 0.617723 -0.926480 0.502271 0.555894 0.922537 0.531629 0.566276 -0.950200 0.510334 0.506894 -0.974879 0.479868 0.467329 0.950985 0.484266 0.529827 0.976180 0.503999 0.476350 -0.997547 0.476312 0.413621 1.000284 0.523324 0.415150 -1.011388 0.499217 0.359771 1.024229 0.466903 0.372486 1.043608 0.479868 0.305697 -1.027451 0.517144 0.295060 -1.048057 0.467124 0.254829 1.059268 0.485998 0.237413 -1.060101 0.479941 0.186346 1.069939 0.488107 0.170969 -1.070348 0.487072 0.113995 1.075376 0.491688 0.103562 -1.075973 0.496861 0.044841 1.076483 0.494417 0.033259 -1.075842 0.509783 -0.012797 1.073480 0.498595 -0.038176 -1.091398 0.427849 -0.121806 -1.079757 0.484985 -0.089872 1.067069 0.504404 -0.108936 -1.068050 0.499681 -0.173004 1.057709 0.511416 -0.177239 -1.054505 0.508062 -0.244035 1.045669 0.519940 -0.241537 -1.039407 0.512124 -0.308470 1.031244 0.531217 -0.299954 -1.023142 0.516414 -0.363484 1.014515 0.549539 -0.350376 0.995155 0.502791 -0.407046 -1.011193 0.478132 -0.414822 -0.981059 0.519838 -0.461989 0.970484 0.529208 -0.459818 -0.953601 0.509201 -0.524697 -0.938829 0.476236 -0.562053 -0.927400 0.532216 -0.560574 0.943676 0.554972 -0.511859 0.912997 0.512369 -0.571019 -0.890849 0.561188 -0.606249 0.882135 0.514840 -0.621624 0.850974 0.487270 -0.665457 -0.862584 0.511330 -0.663215 -0.822264 0.542232 -0.706358 0.815734 0.492984 -0.710821 -0.791011 0.502704 -0.751011 -0.746695 0.546936 -0.783697 0.787206 0.525314 -0.741701 0.750447 0.486374 -0.782694 -0.701201 0.514883 -0.830152 -0.656739 0.523939 -0.864374 0.711258 0.517657 -0.817621 0.670008 0.475829 -0.854776 -0.622881 0.507522 -0.890004 -0.577013 0.490198 -0.920086 -0.522347 0.543074 -0.943198 0.572303 0.532509 -0.919698 0.528438 0.481897 -0.949290 0.623506 0.505505 -0.887770 -0.470018 0.519389 -0.972361 -0.417521 0.494536 -0.998031 -0.359065 0.543078 -1.016628 0.413713 0.526894 -1.001192 0.365671 0.470398 -1.022651 0.473345 0.504524 -0.976381 -0.306387 0.527458 -1.035048 -0.245552 0.517593 -1.051765 -0.179275 0.509179 -1.066501 -0.109030 0.500448 -1.078516 -0.032198 0.488006 -1.086950 -0.002282 0.433911 -1.094615 0.057945 0.494248 -1.085829 0.051041 0.428909 -1.092693 0.127867 0.517980 -1.078085 0.179570 0.505056 -1.071602 0.240126 0.497526 -1.059368 0.302901 0.487601 -1.042668 -0.108493 0.507756 1.080601 -0.031698 0.530062 1.088220 -0.074207 0.531802 1.082761 0.024374 0.525720 1.091518 0.089836 0.513499 1.093035 0.124485 0.558644 1.077707 0.148041 0.523920 1.085340 0.194936 0.504511 1.082023 -0.335643 0.530449 1.011391 -0.245284 0.569872 1.030435 -0.297550 0.561194 1.017768 -0.178847 0.561200 1.048850 -0.106582 0.556759 1.066800 0.184907 0.565016 1.066072 0.246761 0.529452 1.063099 0.310606 0.541814 1.039811 0.347202 0.574051 1.017761 0.364762 0.532501 1.022804 -0.493939 0.542143 0.943249 -0.402058 0.587249 0.970561 -0.455779 0.573771 0.952858 -0.330414 0.586171 0.997663 0.400962 0.563740 0.997753 0.460187 0.575222 0.968136 0.496208 0.594354 0.945692 -0.643432 0.563855 0.851131 -0.549387 0.618195 0.889214 -0.607009 0.603378 0.861357 -0.485716 0.601404 0.929120 0.541218 0.582970 0.923744 0.601045 0.568201 0.891417 0.637315 0.590812 0.860843 -0.682354 0.627567 0.799356 -0.729552 0.610898 0.763138 -0.643637 0.615354 0.832627 0.683555 0.581061 0.826327 0.725178 0.610174 0.782299 -0.773554 0.615065 0.718139 -0.808773 0.593371 0.687690 0.773147 0.573335 0.745020 0.812154 0.613527 0.691921 -0.875405 0.549659 0.620448 -0.846242 0.573176 0.649843 0.855652 0.556077 0.655499 0.888644 0.591207 0.600223 -0.869249 0.609060 0.598053 -0.899937 0.560990 0.573840 0.922181 0.594546 0.547688 -0.960243 0.542063 0.467506 -0.932119 0.573197 0.507521 0.949381 0.552668 0.514432 0.973198 0.577982 0.457388 -0.955936 0.600085 0.440376 -0.983455 0.543771 0.408637 0.996805 0.606297 0.388919 -1.002873 0.575920 0.330060 1.022119 0.540108 0.349195 1.040223 0.557527 0.276730 -1.021670 0.571715 0.269691 -1.040414 0.531575 0.230586 1.056846 0.541724 0.211489 -1.049945 0.550834 0.156807 1.063521 0.552033 0.154779 -1.062455 0.539130 0.089722 1.068667 0.556008 0.088655 -1.063190 0.554063 0.033978 1.069473 0.561781 0.021543 -1.063409 0.557669 -0.035603 1.066729 0.567634 -0.047258 -1.059672 0.558764 -0.110752 1.060624 0.573947 -0.115738 -1.050504 0.565072 -0.183954 1.051587 0.580458 -0.182248 -1.036557 0.574822 -0.254330 1.040008 0.587433 -0.244697 -1.024861 0.563374 -0.320789 1.027007 0.594041 -0.298872 -1.012873 0.560419 -0.364506 -1.005798 0.532975 -0.400891 -0.992825 0.590512 -0.391445 1.013934 0.606674 -0.336992 0.993689 0.588679 -0.393491 -0.966331 0.602708 -0.448843 0.965413 0.605636 -0.456258 -0.949666 0.566497 -0.505339 -0.916481 0.614739 -0.539984 0.939576 0.624874 -0.506358 0.920437 0.584204 -0.550592 -0.877793 0.637463 -0.594780 0.864634 0.546646 -0.644762 0.891174 0.576093 -0.600745 -0.845631 0.607044 -0.654256 -0.808869 0.601352 -0.704768 0.863343 0.591525 -0.640250 0.829161 0.565076 -0.687387 -0.783620 0.574236 -0.741071 -0.741609 0.630662 -0.765274 0.784984 0.593994 -0.735918 0.749845 0.557356 -0.777689 -0.699045 0.598708 -0.812649 -0.658458 0.576770 -0.851499 -0.626199 0.558595 -0.879331 -0.609872 0.619024 -0.875974 0.710446 0.589264 -0.810304 0.667814 0.551713 -0.850162 -0.575482 0.570872 -0.908348 -0.511877 0.619463 -0.935911 0.559496 0.608744 -0.918464 0.518011 0.556490 -0.949349 0.616137 0.585052 -0.883958 -0.462835 0.596785 -0.964730 -0.403079 0.578730 -0.994380 -0.348098 0.598267 -1.014298 0.395088 0.609315 -1.000391 0.351333 0.544191 -1.023489 0.460541 0.580773 -0.975771 -0.307186 0.590661 -1.028363 -0.249852 0.587100 -1.043203 -0.184512 0.581248 -1.057072 -0.115170 0.575002 -1.068126 -0.042133 0.568589 -1.075449 0.034297 0.565614 -1.077559 0.107939 0.568690 -1.073859 0.172783 0.566353 -1.066555 0.223236 0.551176 -1.059099 0.284724 0.562791 -1.042411 -0.050464 0.562666 1.076085 0.002547 0.572225 1.076370 0.069073 0.569133 1.077395 -0.275113 0.599009 1.013693 -0.188266 0.617790 1.029668 -0.235509 0.620598 1.017930 -0.120880 0.617344 1.042554 -0.040530 0.613124 1.055731 0.044356 0.620798 1.056926 0.125653 0.611993 1.056649 0.192701 0.619909 1.044474 0.252423 0.593669 1.040757 0.283385 0.636274 1.016148 0.308742 0.596556 1.023822 -0.434877 0.612969 0.950279 -0.337208 0.656134 0.971876 -0.396156 0.641982 0.956374 -0.262461 0.652000 0.997035 0.342717 0.629090 0.998798 0.413107 0.634558 0.970188 0.446128 0.664111 0.946337 0.463611 0.624119 0.952550 -0.523823 0.697619 0.874970 -0.584412 0.678586 0.846016 -0.477450 0.676377 0.906170 -0.429266 0.659791 0.935611 0.495825 0.647768 0.927845 0.559242 0.640440 0.896182 0.589830 0.663221 0.870842 0.605755 0.622584 0.873851 -0.698567 0.650994 0.776365 -0.644389 0.670999 0.809985 -0.677787 0.670121 0.785660 0.632909 0.648731 0.845131 0.682295 0.652584 0.805828 0.714153 0.656518 0.778563 -0.789571 0.649557 0.683168 -0.698593 0.701613 0.749790 -0.751806 0.673982 0.711460 0.748571 0.664404 0.742128 0.791912 0.687840 0.691702 -0.780088 0.710495 0.660167 -0.826885 0.660687 0.628784 0.830721 0.671197 0.652420 0.852128 0.617538 0.643618 -0.863675 0.670140 0.571461 -0.896542 0.641470 0.533352 0.864574 0.657329 0.612200 0.900167 0.674129 0.549934 -0.928749 0.652040 0.464194 0.942520 0.623192 0.500913 0.965639 0.656203 0.439791 -0.950913 0.656976 0.412764 -0.974834 0.626878 0.373182 0.985136 0.664898 0.390066 -0.990415 0.631859 0.323783 1.002714 0.674151 0.332175 1.019104 0.601995 0.327768 -1.028178 0.594932 0.215311 -1.004402 0.631902 0.272414 1.027024 0.626381 0.284008 1.043643 0.618424 0.212084 -1.033563 0.613288 0.160260 -1.012663 0.660600 0.196357 1.057024 0.607602 0.136367 -1.025872 0.651762 0.132671 -1.045496 0.599615 0.095746 1.059745 0.619877 0.078522 -1.046929 0.612532 0.019107 1.060692 0.626305 0.012305 -1.045594 0.617780 -0.054496 1.057613 0.634495 -0.054244 -1.040927 0.620492 -0.126697 1.051645 0.641099 -0.121762 -1.033523 0.622980 -0.191775 1.042821 0.647033 -0.187357 -1.024250 0.630866 -0.237288 -1.017717 0.616196 -0.287821 -1.007732 0.670007 -0.248311 1.031170 0.652148 -0.250936 -1.009971 0.597739 -0.338550 -0.994140 0.655879 -0.321869 1.019808 0.678747 -0.281104 1.005212 0.664035 -0.332963 1.021070 0.639090 -0.301484 -0.969257 0.663079 -0.393117 0.979899 0.667483 -0.398953 -0.952443 0.653547 -0.446429 -0.943931 0.624040 -0.484844 -0.927300 0.684862 -0.475034 0.955959 0.672381 -0.456745 -0.887461 0.702502 -0.540405 0.935373 0.679524 -0.498358 0.907727 0.655560 -0.554276 -0.861044 0.689486 -0.595315 -0.855472 0.656373 -0.621661 -0.830767 0.696266 -0.635203 0.871255 0.688529 -0.602121 0.847669 0.640402 -0.649447 0.877595 0.630268 -0.610925 -0.803185 0.660310 -0.687959 -0.781456 0.629482 -0.726210 -0.761877 0.687109 -0.724406 0.808645 0.643332 -0.697991 -0.718911 0.708575 -0.760445 0.780089 0.641092 -0.733110 0.747408 0.631380 -0.768354 -0.688367 0.677949 -0.798465 -0.648433 0.651976 -0.838652 -0.593828 0.696827 -0.865436 0.710869 0.640040 -0.801658 0.667825 0.637198 -0.836835 -0.547669 0.664676 -0.904679 -0.496275 0.678837 -0.932193 0.539230 0.673526 -0.919846 0.504366 0.629567 -0.947559 0.597333 0.674642 -0.881393 -0.457882 0.666618 -0.954028 -0.403289 0.657060 -0.979977 -0.351100 0.645681 -1.004204 -0.313776 0.634653 -1.020174 -0.298099 0.684172 -1.014901 0.343289 0.669665 -1.010136 0.296181 0.629378 -1.031351 0.335928 0.604102 -1.022877 0.399600 0.678706 -0.988629 0.448249 0.655366 -0.971357 -0.258933 0.654518 -1.031150 -0.190670 0.650807 -1.045596 -0.122242 0.645572 -1.056510 -0.051405 0.640522 -1.063684 0.020960 0.635394 -1.066857 0.090962 0.630725 -1.065766 0.158853 0.628600 -1.059347 0.232322 0.618546 -1.047925 -0.202780 0.658039 1.011256 -0.142400 0.671084 1.017491 -0.065823 0.674047 1.026834 0.014205 0.674489 1.032333 0.093208 0.671308 1.033100 0.165137 0.664543 1.029649 0.230013 0.654218 1.022349 -0.322216 0.714133 0.955290 -0.372496 0.691725 0.946752 -0.268866 0.714446 0.970030 -0.182552 0.721758 0.987166 -0.091873 0.727938 0.999269 -0.012574 0.729343 1.005531 0.065800 0.726256 1.008021 0.141448 0.717171 1.007555 0.203538 0.700128 1.006800 0.277285 0.698997 0.989736 0.359743 0.689079 0.969328 0.383927 0.726790 0.945499 0.409996 0.688299 0.952048 -0.542391 0.722665 0.854699 -0.466529 0.749547 0.882362 -0.514210 0.744422 0.861332 -0.402464 0.733393 0.916531 0.442741 0.720049 0.924722 0.512683 0.702158 0.899351 0.535136 0.740712 0.872305 0.557868 0.692037 0.879608 -0.657487 0.706956 0.783483 -0.541160 0.773336 0.829541 -0.611552 0.735779 0.801868 0.585596 0.709642 0.854650 0.633971 0.719575 0.816695 0.660163 0.753515 0.783992 0.692861 0.699723 0.779877 -0.683197 0.783742 0.719481 -0.731004 0.764234 0.682891 -0.647619 0.763077 0.760915 0.706808 0.752105 0.745865 0.745422 0.783810 0.697407 0.756827 0.724567 0.713359 -0.769709 0.771933 0.635737 -0.803348 0.748794 0.607521 0.781451 0.736529 0.684382 0.809884 0.719321 0.659477 -0.875909 0.703627 0.530681 -0.844046 0.736394 0.557445 0.842264 0.733874 0.608758 0.876108 0.769028 0.541108 -0.870832 0.749589 0.506432 -0.898851 0.719196 0.475915 0.915891 0.741746 0.490426 0.935654 0.682386 0.487641 -0.958137 0.683602 0.372821 -0.932494 0.716076 0.405876 0.946237 0.715326 0.449871 0.969896 0.719580 0.392939 -0.952012 0.723917 0.350540 -0.976022 0.686559 0.314546 0.984781 0.747361 0.333305 -0.992434 0.690075 0.249272 1.005377 0.744248 0.264083 1.022802 0.672885 0.263392 -0.992655 0.717085 0.203538 1.028563 0.693267 0.216631 1.041861 0.682892 0.142059 -1.027622 0.663925 0.072753 -1.004533 0.712019 0.133947 1.051003 0.673837 0.064490 -1.028238 0.672255 -0.000549 -1.007837 0.724178 0.051422 1.049305 0.690015 0.006954 -1.026038 0.675860 -0.073587 -1.008336 0.728575 -0.021244 1.046143 0.699219 -0.061466 -1.021650 0.674497 -0.144780 -1.004161 0.731788 -0.094856 1.040558 0.704760 -0.128414 -1.018567 0.665299 -0.200863 -0.999066 0.721994 -0.180165 1.031652 0.711937 -0.192398 -0.984722 0.723521 -0.258180 1.020531 0.742966 -0.218690 1.009245 0.732513 -0.271211 1.024127 0.704361 -0.243633 -0.967189 0.725486 -0.328695 0.987448 0.735226 -0.338431 -0.953977 0.718000 -0.382928 -0.948223 0.693735 -0.422621 -0.931131 0.748887 -0.408931 0.962066 0.740283 -0.407225 -0.900976 0.758949 -0.471171 0.937014 0.771951 -0.449455 0.921896 0.727827 -0.502581 0.944059 0.718311 -0.464231 -0.871875 0.777299 -0.518962 0.892908 0.735087 -0.550160 -0.845365 0.760190 -0.575723 -0.812265 0.760509 -0.626299 0.865037 0.746063 -0.590399 0.827917 0.723689 -0.649055 -0.780623 0.747869 -0.673336 -0.735648 0.752529 -0.724356 0.784062 0.770209 -0.689377 0.747867 0.753282 -0.736221 0.774033 0.695148 -0.724155 -0.695223 0.773902 -0.756105 -0.680956 0.735534 -0.785715 -0.662527 0.773433 -0.786899 0.712422 0.782035 -0.762933 0.677509 0.760586 -0.801388 0.712404 0.702149 -0.784826 -0.631613 0.748494 -0.819887 -0.576121 0.759164 -0.857885 0.634403 0.784091 -0.828619 0.601426 0.747124 -0.862871 0.649962 0.717542 -0.834354 -0.539893 0.742471 -0.887348 -0.495915 0.730252 -0.917876 -0.460782 0.715837 -0.941307 -0.442969 0.770907 -0.933654 0.536306 0.753057 -0.902173 0.490042 0.700533 -0.942098 -0.403979 0.734192 -0.961300 -0.333248 0.721778 -0.992194 -0.274645 0.735225 -1.009598 0.313996 0.747258 -1.002769 0.275711 0.685163 -1.026819 0.373077 0.724853 -0.989148 0.428429 0.729431 -0.965649 -0.251259 0.711498 -1.022388 -0.195789 0.720382 -1.031812 -0.129524 0.711912 -1.043425 -0.061101 0.707621 -1.050477 0.010051 0.702506 -1.054006 0.080449 0.694368 -1.054314 0.137510 0.680949 -1.052857 0.203891 0.695880 -1.039996 -0.342300 0.741668 0.936670 -0.286586 0.762554 0.944612 -0.218692 0.773700 0.956704 -0.109558 0.779667 0.973202 -0.160845 0.786110 0.962977 -0.037399 0.781769 0.978882 0.039517 0.780429 0.981748 0.117790 0.772853 0.982113 0.200904 0.755639 0.980152 0.230518 0.803634 0.952138 0.265874 0.765473 0.962803 0.326585 0.747390 0.954723 -0.489894 0.782137 0.856474 -0.398251 0.809762 0.884476 -0.450504 0.805124 0.865109 -0.323790 0.803182 0.913452 -0.240080 0.822582 0.928045 -0.170889 0.827582 0.940702 0.292461 0.812090 0.933751 0.377370 0.781198 0.922698 0.430938 0.773426 0.907237 0.478344 0.765699 0.889985 0.514155 0.778875 0.867080 -0.519818 0.860075 0.796049 -0.585353 0.828514 0.770599 -0.470081 0.840699 0.835420 0.555073 0.789543 0.837504 0.588276 0.825084 0.801372 0.617279 0.780921 0.802839 -0.700118 0.806458 0.690832 -0.640882 0.828739 0.729599 -0.672508 0.844947 0.692257 0.641161 0.814463 0.769517 0.689479 0.825239 0.727435 0.715445 0.849852 0.692468 -0.782109 0.803174 0.599553 -0.708192 0.836990 0.661730 -0.745039 0.837537 0.619290 0.761041 0.831444 0.656330 0.793078 0.769274 0.654575 -0.776317 0.846927 0.573964 -0.809234 0.814046 0.552303 0.806268 0.813119 0.614547 0.819971 0.854564 0.573274 0.841836 0.800035 0.576476 -0.879759 0.777933 0.467138 -0.849849 0.808537 0.492385 0.854546 0.830940 0.538996 0.890601 0.833983 0.474743 -0.873298 0.820130 0.440672 -0.900341 0.788127 0.412183 0.936298 0.774431 0.431117 0.958129 0.798994 0.363440 -0.957023 0.745593 0.310244 -0.931855 0.779185 0.342108 0.980526 0.793789 0.306240 -0.948870 0.784062 0.283698 -0.971814 0.744628 0.253683 0.987052 0.813357 0.261895 -0.977147 0.767873 0.179066 1.003076 0.807282 0.193011 1.022266 0.738640 0.193907 -0.981010 0.784540 0.095603 1.025411 0.755388 0.146497 1.035543 0.739826 0.077368 -0.991203 0.771902 0.024057 1.035093 0.754428 -0.001395 -0.986300 0.784319 -0.036557 1.032693 0.759906 -0.072262 -0.977085 0.795400 -0.113840 1.028421 0.760758 -0.135045 -0.971391 0.783660 -0.199070 1.016158 0.800753 -0.147373 1.007049 0.796676 -0.204130 1.022389 0.764030 -0.179706 -0.961550 0.777586 -0.268000 0.989023 0.800817 -0.274144 -0.950421 0.778299 -0.315320 -0.947392 0.756989 -0.355889 -0.927778 0.811393 -0.339408 0.969327 0.804077 -0.340144 -0.902444 0.817097 -0.407538 0.949229 0.811565 -0.394536 -0.876248 0.824948 -0.467650 0.930021 0.825778 -0.430549 0.904842 0.806547 -0.491129 -0.858228 0.820464 -0.511728 -0.852801 0.800642 -0.537522 -0.828746 0.847555 -0.537122 0.868215 0.840620 -0.535958 0.848018 0.796600 -0.591734 0.877414 0.785335 -0.552895 -0.804227 0.814407 -0.601505 -0.791765 0.788699 -0.637530 -0.763094 0.835540 -0.642665 0.812855 0.807615 -0.636925 -0.732974 0.809863 -0.695942 -0.714395 0.793463 -0.727409 -0.687201 0.840601 -0.727798 0.783571 0.823680 -0.669798 0.749156 0.816422 -0.712558 -0.655519 0.818946 -0.770678 -0.641209 0.794295 -0.795431 -0.608793 0.839033 -0.798941 0.707895 0.842178 -0.745439 0.671239 0.817726 -0.787565 -0.569951 0.815359 -0.839378 -0.537483 0.795978 -0.870371 -0.514683 0.853756 -0.860752 0.616425 0.855838 -0.815423 0.581539 0.806487 -0.858994 -0.479228 0.811406 -0.899236 -0.422011 0.825816 -0.925913 0.467644 0.822685 -0.919403 0.431662 0.787932 -0.949339 0.472600 0.759375 -0.937277 0.527776 0.838025 -0.881989 -0.388062 0.808644 -0.946951 -0.333218 0.798599 -0.970094 -0.261524 0.795575 -0.994121 -0.225347 0.760062 -1.016175 -0.188461 0.815039 -1.007010 -0.177511 0.776867 -1.022098 -0.142430 0.812138 -1.017104 0.255339 0.804303 -1.002552 0.211129 0.758834 -1.025093 0.253765 0.740271 -1.020800 0.313558 0.801889 -0.988617 0.370320 0.792886 -0.971983 -0.134463 0.770254 -1.029976 -0.072559 0.769016 -1.035783 -0.002884 0.766309 -1.039039 0.070037 0.759251 -1.039496 0.146794 0.744956 -1.037222 -0.121367 0.821020 0.952189 -0.062457 0.830322 0.953215 0.012714 0.832760 0.955349 0.090334 0.828492 0.956038 0.167718 0.817377 0.954824 -0.421338 0.844656 0.858410 -0.334240 0.865665 0.880378 -0.381393 0.865821 0.864135 -0.257416 0.882147 0.893959 -0.180516 0.880118 0.911924 -0.102452 0.874299 0.926526 -0.016440 0.883045 0.928559 0.062535 0.882128 0.929633 0.141265 0.874157 0.928843 0.224754 0.857689 0.925942 0.281529 0.859575 0.913818 0.338854 0.856093 0.899289 0.422655 0.820408 0.888160 0.447087 0.850920 0.863988 0.483943 0.814529 0.864759 -0.545214 0.878080 0.770698 -0.458167 0.919950 0.795876 -0.511007 0.923269 0.764252 -0.400547 0.902276 0.834657 0.481173 0.873016 0.836237 0.518817 0.899210 0.804359 0.544997 0.854841 0.812738 -0.642368 0.864797 0.707134 -0.559552 0.902752 0.745535 -0.606171 0.892491 0.717364 0.576043 0.882056 0.779122 0.638834 0.880282 0.738673 0.659729 0.896104 0.716139 0.678456 0.871366 0.714337 -0.713608 0.870002 0.632571 -0.644801 0.895669 0.683207 -0.678666 0.903884 0.642570 0.680265 0.905493 0.691625 0.726849 0.883040 0.661287 -0.787182 0.873602 0.536396 -0.717144 0.904298 0.600428 -0.751151 0.908661 0.553980 0.767317 0.891586 0.611265 0.803458 0.895435 0.568117 -0.779960 0.916666 0.507089 -0.812531 0.882522 0.486944 0.834233 0.897790 0.523744 0.862008 0.922993 0.459291 -0.880079 0.845110 0.399663 -0.850764 0.875914 0.424474 0.903593 0.899486 0.397015 0.926987 0.833826 0.406983 -0.871764 0.884490 0.370647 -0.898699 0.850190 0.343510 0.937405 0.859146 0.362482 0.959701 0.858096 0.301417 -0.952196 0.806796 0.227083 -0.926854 0.833864 0.279183 0.978996 0.855031 0.238040 -0.955198 0.829282 0.154570 -0.927831 0.868073 0.205849 0.981259 0.875051 0.190677 -0.956930 0.843829 0.092626 -0.930771 0.891300 0.121898 0.995315 0.862940 0.119115 1.017056 0.797233 0.119510 -0.945504 0.875234 0.059301 -0.967894 0.827808 0.028109 0.999738 0.871277 0.032261 1.018482 0.809190 0.055591 -0.963517 0.838976 -0.044056 1.000925 0.869934 -0.043730 1.018950 0.815267 -0.019284 -0.955414 0.852176 -0.092663 -0.952929 0.842848 -0.150825 -0.934675 0.893193 -0.102612 0.997496 0.860443 -0.127980 1.017367 0.813212 -0.090531 -0.946570 0.832115 -0.222752 -0.926651 0.890575 -0.174882 0.983030 0.865623 -0.208451 -0.942104 0.815758 -0.281729 -0.918389 0.874061 -0.261411 0.967991 0.864798 -0.279713 -0.893553 0.883853 -0.340444 0.949991 0.867522 -0.342788 -0.876131 0.873530 -0.411423 0.931457 0.893808 -0.369804 0.913748 0.879562 -0.421475 0.936650 0.856456 -0.392352 -0.859756 0.874548 -0.453612 -0.852791 0.854808 -0.489596 -0.832402 0.908583 -0.470637 0.884145 0.882715 -0.478891 -0.796508 0.927458 -0.517686 0.857664 0.895059 -0.517584 0.827073 0.873675 -0.579440 -0.773765 0.898624 -0.580140 -0.739506 0.900496 -0.628177 0.786610 0.901094 -0.622739 0.767045 0.867011 -0.668540 0.797029 0.855199 -0.636295 -0.707024 0.893381 -0.671728 -0.665511 0.902204 -0.712588 0.731058 0.875153 -0.706310 -0.628694 0.895874 -0.751050 -0.582090 0.904611 -0.786858 0.704638 0.879209 -0.732920 0.671002 0.882155 -0.760729 -0.541934 0.898446 -0.820034 -0.490771 0.910908 -0.849537 0.562936 0.915270 -0.826916 0.530342 0.887188 -0.862480 0.564843 0.860680 -0.851289 0.621493 0.924474 -0.779528 -0.460344 0.891432 -0.877141 -0.409599 0.882014 -0.908607 -0.384214 0.855453 -0.933062 -0.360816 0.893384 -0.927638 0.405805 0.888651 -0.922360 0.369519 0.854108 -0.952525 0.410533 0.830426 -0.944737 0.478660 0.896203 -0.885682 -0.335483 0.865274 -0.947921 -0.271809 0.862874 -0.968257 -0.199915 0.869099 -0.983969 -0.122778 0.868335 -0.998626 -0.089029 0.822205 -1.019474 -0.043300 0.877254 -1.003281 -0.020440 0.824933 -1.022159 0.028929 0.879842 -1.003276 0.052447 0.821960 -1.022350 0.106409 0.875449 -1.000181 0.127016 0.811812 -1.020478 0.191274 0.857040 -0.996679 0.187775 0.797733 -1.017854 0.250673 0.858637 -0.985774 0.307770 0.855848 -0.971562 -0.347456 0.905946 0.854852 -0.292243 0.924338 0.862664 -0.189798 0.933470 0.882849 -0.237796 0.939613 0.869664 -0.121028 0.933498 0.893294 -0.043962 0.934506 0.899962 0.034776 0.934410 0.902547 0.112112 0.929014 0.902799 0.189585 0.918539 0.900251 0.269301 0.904329 0.893534 0.290014 0.949695 0.865079 0.328530 0.912354 0.874540 0.397869 0.889052 0.863126 -0.471951 0.954233 0.768109 -0.393380 0.968878 0.797877 -0.432119 0.992141 0.763703 -0.324422 0.970067 0.824856 -0.248240 0.978887 0.843977 0.345187 0.952325 0.847632 0.418224 0.945218 0.825841 0.452573 0.968587 0.798643 0.476913 0.928932 0.809787 -0.570324 0.928992 0.721144 -0.482017 0.982518 0.742644 -0.532078 0.967778 0.720304 0.510372 0.950924 0.778749 0.581448 0.943937 0.741056 0.607867 0.959961 0.714896 0.635046 0.926850 0.715596 -0.644389 0.930500 0.657233 -0.579091 0.953974 0.695985 -0.617390 0.940217 0.674221 0.633947 0.973279 0.684555 0.667511 0.992477 0.642116 0.700991 0.937761 0.649356 -0.719932 0.939265 0.567464 -0.632089 0.983199 0.623830 -0.686526 0.969104 0.578057 0.720391 0.980273 0.598630 0.760587 1.006696 0.535766 0.784309 0.938583 0.559992 -0.789146 0.940956 0.467670 -0.719704 0.975834 0.532182 -0.753234 0.977126 0.483645 0.808495 0.959960 0.516353 0.822277 0.971266 0.490753 0.834389 0.946371 0.491084 -0.781034 0.980635 0.436280 -0.812662 0.945645 0.418253 0.834766 0.979539 0.460979 0.862427 0.979377 0.402856 -0.876807 0.905873 0.326130 -0.846965 0.937915 0.353360 0.902605 0.961837 0.328192 0.929774 0.900827 0.337767 -0.865363 0.945421 0.291723 -0.895961 0.902646 0.265959 0.936424 0.920411 0.294764 0.955950 0.912459 0.237271 -0.900507 0.931477 0.180734 0.964965 0.927494 0.160465 -0.900400 0.954567 0.105900 0.971694 0.937182 0.074890 -0.944789 0.881210 0.001645 -0.922950 0.921129 0.049025 0.983607 0.918910 0.001716 -0.944418 0.881171 -0.053545 -0.919445 0.930378 -0.032126 0.978853 0.926857 -0.062544 -0.903786 0.950856 -0.113516 0.967736 0.936400 -0.141472 -0.897545 0.940747 -0.198883 0.958853 0.925054 -0.223617 -0.886443 0.935706 -0.270281 0.947409 0.918099 -0.288071 -0.871638 0.942250 -0.318082 -0.862594 0.928158 -0.370742 -0.846658 0.981513 -0.327285 0.927670 0.953985 -0.302973 0.912378 0.943389 -0.358746 0.935574 0.916682 -0.332492 -0.852946 0.911697 -0.422405 -0.825961 0.973201 -0.400191 0.884325 0.941856 -0.426260 -0.798501 0.972198 -0.464595 0.857561 0.964919 -0.457857 0.834581 0.946276 -0.513396 0.865479 0.927316 -0.478805 -0.764244 0.992135 -0.503880 -0.771311 0.947485 -0.541140 -0.744068 0.972765 -0.557140 0.798145 0.940730 -0.576672 -0.729114 0.946738 -0.603981 -0.716278 0.929897 -0.635533 -0.683066 0.979544 -0.633142 0.774959 0.937688 -0.614253 0.745815 0.927545 -0.657658 -0.655906 0.951007 -0.687725 -0.641262 0.930688 -0.718598 -0.609306 0.973208 -0.718401 0.714170 0.949676 -0.681651 0.687654 0.962123 -0.701580 0.703752 0.916686 -0.712832 -0.568410 0.958383 -0.764697 -0.555833 0.931276 -0.793128 -0.525858 0.962859 -0.795724 0.662329 0.970011 -0.721646 0.633598 0.972810 -0.743122 0.664104 0.938351 -0.738477 -0.476894 0.969653 -0.824935 -0.453792 0.940444 -0.857448 -0.428798 0.979120 -0.850032 0.513020 0.971534 -0.828609 0.478282 0.947992 -0.862405 0.513203 0.924128 -0.855525 0.576716 0.981221 -0.779554 -0.406697 0.949023 -0.878007 -0.346409 0.944924 -0.907916 -0.324073 0.915825 -0.932331 -0.293688 0.953740 -0.924386 0.338987 0.953388 -0.916533 0.302527 0.916005 -0.948575 0.346060 0.895253 -0.943985 0.421607 0.959986 -0.880944 -0.280686 0.916933 -0.945404 -0.217004 0.925252 -0.958063 -0.136840 0.938725 -0.967872 -0.060611 0.931095 -0.980286 0.001079 0.924105 -0.986299 0.072771 0.941157 -0.976007 0.160008 0.926270 -0.973127 0.242876 0.908612 -0.966406 -0.199204 0.974752 0.858627 -0.141341 0.984008 0.862965 -0.067649 0.986437 0.869924 0.008752 0.985845 0.874242 0.085049 0.981228 0.876041 0.158763 0.971947 0.875681 0.230552 0.961767 0.870801 -0.388938 1.010035 0.774046 -0.349963 1.018732 0.785055 -0.255428 1.027272 0.812446 -0.301683 1.031290 0.795710 -0.177410 1.032572 0.827771 -0.092252 1.035656 0.839010 -0.016258 1.035894 0.844648 0.059883 1.032028 0.847605 0.135200 1.022435 0.849058 0.199269 1.006201 0.850907 0.275504 1.007000 0.834894 0.359273 0.998278 0.817022 0.381829 1.030110 0.789600 0.411381 0.993516 0.801643 -0.491990 1.008622 0.717760 -0.376399 1.060039 0.743804 -0.446836 1.049489 0.713569 -0.309651 1.070587 0.765503 0.443588 1.015888 0.772009 0.518132 1.008654 0.738756 0.544028 1.026606 0.713021 0.576546 0.993389 0.713844 -0.591248 0.986374 0.660276 -0.503403 1.034169 0.689622 -0.551198 1.008389 0.675245 0.568837 1.042559 0.683799 0.598388 1.062722 0.647133 0.624889 1.023937 0.655982 -0.608878 1.060663 0.578126 -0.649470 1.028777 0.564742 -0.571718 1.045263 0.626674 0.650761 1.045200 0.616256 0.700228 1.048149 0.568044 0.724154 1.068502 0.525683 -0.719625 1.011629 0.496057 -0.680194 1.048719 0.507023 0.771191 1.050612 0.483815 0.803414 0.998797 0.491388 -0.789339 0.999424 0.397009 -0.720486 1.043348 0.457439 -0.754740 1.036546 0.409546 0.811692 1.023282 0.456127 0.819187 1.035557 0.430775 0.833055 1.012859 0.430422 -0.781980 1.033335 0.362167 -0.810513 0.995976 0.354030 0.827227 1.044126 0.398784 0.859784 1.030665 0.340817 -0.868767 0.969636 0.227592 -0.833161 1.001947 0.280786 0.887764 1.032528 0.254415 0.925044 0.962291 0.264536 -0.873792 0.989713 0.152313 -0.838012 1.034635 0.189035 0.912543 1.028670 0.172426 0.933228 0.977003 0.204142 -0.877403 0.999578 0.093449 -0.852203 1.035657 0.112860 0.914726 1.047365 0.100048 0.942239 0.988027 0.131083 -0.864506 1.026072 0.059063 -0.891716 0.981065 0.033889 0.945664 0.998118 0.069711 0.958741 0.977484 0.003683 -0.887746 0.989696 -0.043051 0.954808 0.984389 -0.071493 -0.878190 1.002966 -0.093827 -0.875679 0.995416 -0.151456 -0.854586 1.039475 -0.106588 0.934292 1.025859 -0.084645 0.924611 1.032626 -0.135089 0.946562 0.994742 -0.121486 -0.867948 0.988658 -0.222199 -0.846007 1.039188 -0.175202 0.915128 1.026580 -0.204268 0.942844 0.983253 -0.178278 -0.862359 0.977662 -0.279413 -0.832955 1.034483 -0.257985 0.900173 1.012093 -0.289593 0.933790 0.971680 -0.247343 -0.816440 1.028394 -0.334130 0.880912 0.995961 -0.369666 -0.799146 1.032142 -0.378913 -0.787118 1.020327 -0.425094 -0.770057 1.069779 -0.386666 0.852359 1.028057 -0.392153 0.830895 1.012116 -0.453085 0.863126 0.990135 -0.419277 -0.775244 1.011602 -0.462427 -0.745001 1.061303 -0.451120 0.792516 1.001627 -0.530902 -0.708026 1.052251 -0.523757 -0.708306 0.999878 -0.581893 -0.669623 1.047306 -0.585407 0.764367 1.014547 -0.564624 0.738441 1.022913 -0.592506 0.762889 0.977549 -0.598266 -0.645661 1.040647 -0.624617 0.713382 1.030205 -0.618501 0.685804 1.036340 -0.644174 0.714867 0.989816 -0.649667 -0.620729 1.025933 -0.665084 -0.583350 1.029411 -0.701679 0.657916 1.042003 -0.669678 0.629650 1.045370 -0.693063 0.661235 1.004916 -0.695900 -0.557972 1.018166 -0.732221 -0.510773 1.020003 -0.766964 -0.494624 0.996724 -0.796700 -0.461192 1.031566 -0.793872 0.601163 1.045936 -0.717583 0.571387 1.038793 -0.744233 0.612600 1.015419 -0.731043 -0.410025 1.032781 -0.824786 -0.392051 1.000150 -0.857441 -0.361642 1.034544 -0.850302 0.475559 1.016406 -0.822199 0.425851 1.021994 -0.842946 0.462994 0.984442 -0.849764 0.519978 1.027113 -0.787089 -0.349397 1.000527 -0.876424 -0.275652 1.013385 -0.896567 -0.239321 0.971340 -0.931453 -0.195239 1.026044 -0.912969 -0.172445 0.983225 -0.941590 -0.129308 1.031649 -0.923594 -0.117410 0.995009 -0.946061 -0.080967 1.025330 -0.934125 0.103132 1.045217 -0.919249 0.070563 0.998780 -0.949335 0.132672 0.987377 -0.948189 0.176985 1.025231 -0.919945 0.208539 0.973894 -0.942069 0.262530 1.025549 -0.898850 0.271861 0.957450 -0.936169 0.357577 1.019632 -0.872068 -0.068871 0.985614 -0.955339 0.004470 0.979535 -0.960884 -0.265215 1.067456 0.783750 -0.212195 1.079104 0.790627 -0.109834 1.082677 0.808379 -0.158627 1.089325 0.796613 -0.040818 1.083528 0.814159 0.034062 1.081481 0.817421 0.111822 1.073617 0.819180 0.195786 1.056983 0.820144 0.225563 1.097683 0.788796 0.260774 1.064126 0.803839 0.322386 1.049127 0.796756 -0.400027 1.089845 0.710117 -0.316162 1.117254 0.728876 -0.360775 1.129271 0.699183 -0.243972 1.125543 0.747843 -0.169876 1.126595 0.767772 0.285094 1.098577 0.773805 0.372109 1.083647 0.755386 0.456902 1.063594 0.733662 0.472855 1.087677 0.709389 0.510428 1.057112 0.710919 -0.524485 1.061052 0.652210 -0.413148 1.118282 0.679303 -0.469060 1.107385 0.652127 0.500194 1.104964 0.679586 0.530470 1.126522 0.642740 0.557289 1.090027 0.655514 -0.634302 1.080382 0.532040 -0.564935 1.106470 0.577934 -0.595265 1.116245 0.538573 -0.523535 1.106819 0.612729 0.586520 1.107050 0.617834 0.649913 1.096969 0.575687 0.669679 1.108079 0.550149 0.687651 1.087756 0.549789 -0.646687 1.095260 0.501790 -0.619258 1.128418 0.497566 0.688523 1.112886 0.524067 0.728351 1.100789 0.487138 -0.722172 1.073004 0.417858 -0.648750 1.120310 0.467884 -0.685911 1.109016 0.425476 0.761330 1.092507 0.449836 0.796988 1.059729 0.435985 -0.792369 1.049775 0.307059 -0.723045 1.099275 0.376160 -0.757472 1.078886 0.339080 0.780443 1.108163 0.393809 0.807674 1.115767 0.331042 0.825243 1.077342 0.353985 -0.803019 1.068292 0.236827 -0.761915 1.111148 0.264987 0.821839 1.117941 0.294261 0.841702 1.082924 0.304005 -0.807784 1.084446 0.179670 -0.779152 1.117108 0.195367 0.836497 1.116122 0.247726 0.875465 1.089422 0.169102 -0.793364 1.113607 0.145715 -0.820835 1.078977 0.128239 0.881596 1.102026 0.094788 -0.863505 1.031002 0.000937 -0.833323 1.072361 0.051189 0.900528 1.081682 0.023406 0.932213 1.029410 0.034778 -0.864502 1.029588 -0.056482 -0.833942 1.074592 -0.042193 0.904254 1.074805 -0.072204 0.932556 1.031231 -0.026938 -0.823445 1.083558 -0.122560 0.893998 1.077125 -0.154362 -0.815153 1.083406 -0.191442 0.884508 1.070152 -0.225413 -0.802857 1.088884 -0.240091 -0.796803 1.077852 -0.292670 -0.774838 1.123097 -0.252941 0.856545 1.104220 -0.245271 0.839207 1.101793 -0.300647 0.870384 1.069769 -0.278254 -0.789232 1.066273 -0.344064 -0.757281 1.119002 -0.324496 0.815320 1.083014 -0.387394 0.861699 1.050349 -0.335355 -0.734565 1.115731 -0.390869 0.787230 1.059720 -0.475022 -0.700923 1.131928 -0.432775 -0.708656 1.093167 -0.474510 -0.675422 1.124640 -0.486065 0.760177 1.082580 -0.495429 0.733038 1.094991 -0.521734 0.756777 1.050583 -0.537546 -0.637581 1.123534 -0.540857 -0.626815 1.084814 -0.601928 -0.592119 1.133838 -0.587476 0.706146 1.103946 -0.550014 0.676648 1.109968 -0.579113 0.709218 1.067161 -0.585607 -0.621356 1.062589 -0.632621 -0.587257 1.095742 -0.635214 0.646416 1.115125 -0.608427 0.613957 1.118059 -0.637028 0.652088 1.077948 -0.639899 -0.569955 1.070052 -0.679326 -0.553373 1.055589 -0.708286 -0.534435 1.087542 -0.696454 0.580058 1.120373 -0.665833 0.542469 1.120954 -0.693834 0.590083 1.081461 -0.693617 -0.516557 1.067587 -0.726696 -0.444594 1.098789 -0.750308 -0.425738 1.065592 -0.791615 -0.384958 1.094241 -0.792249 0.440081 1.120056 -0.762591 0.397835 1.118834 -0.785326 0.456109 1.072829 -0.790664 0.482096 1.120647 -0.735668 0.527064 1.077758 -0.743013 -0.343729 1.078717 -0.826460 -0.310342 1.054340 -0.858924 -0.271664 1.115953 -0.829105 -0.258043 1.073793 -0.865763 -0.221538 1.106143 -0.854734 0.294011 1.113472 -0.834090 0.253394 1.100532 -0.854176 0.314062 1.076243 -0.852436 0.335105 1.117150 -0.815232 0.381068 1.072324 -0.828555 -0.210410 1.070244 -0.882134 -0.144384 1.075162 -0.893146 -0.066806 1.072556 -0.904458 -0.024294 1.030785 -0.933534 0.026923 1.079107 -0.902616 0.036693 1.028972 -0.934655 0.099064 1.098087 -0.885811 0.175411 1.083672 -0.883176 -0.122504 1.119515 0.782496 -0.066670 1.126866 0.783405 0.006075 1.128434 0.785786 0.083457 1.123844 0.787280 0.162445 1.112305 0.788018 -0.320163 1.149287 0.703531 -0.281847 1.164252 0.706075 -0.173327 1.173583 0.731296 -0.218978 1.197604 0.698799 -0.106449 1.164970 0.750334 -0.025704 1.172163 0.752300 0.052664 1.171394 0.753433 0.134371 1.163336 0.753378 0.224727 1.145068 0.753081 0.306605 1.138348 0.738530 0.325766 1.163255 0.713815 0.358003 1.138782 0.721229 0.423937 1.118285 0.708418 -0.422911 1.146789 0.649288 -0.319346 1.182506 0.675449 -0.375643 1.181694 0.645427 -0.268946 1.206605 0.674958 0.364112 1.179625 0.683679 0.445287 1.156278 0.667080 0.469055 1.172307 0.640175 0.491996 1.148625 0.648423 -0.560158 1.149267 0.540802 -0.525749 1.154751 0.566439 -0.431900 1.175063 0.616737 -0.481658 1.160002 0.596321 0.515638 1.174413 0.605618 0.599509 1.145050 0.572854 0.620809 1.162659 0.537455 0.648650 1.130695 0.546659 -0.532436 1.196114 0.517099 -0.578951 1.166360 0.501174 -0.488499 1.201607 0.550116 0.658609 1.151347 0.513028 0.671951 1.169310 0.472171 0.694935 1.135833 0.489244 -0.648299 1.148642 0.431542 -0.605763 1.185615 0.440671 0.689006 1.177171 0.436957 0.721838 1.138805 0.445735 -0.724505 1.135163 0.310553 -0.648532 1.174480 0.390542 -0.687000 1.155721 0.350896 0.718103 1.179310 0.386714 0.751809 1.184687 0.320832 0.771995 1.149260 0.345441 -0.726401 1.159803 0.255634 -0.685117 1.196841 0.273790 0.769191 1.185946 0.281717 0.794145 1.151828 0.293356 -0.711905 1.189771 0.220402 -0.743725 1.157366 0.206433 0.788217 1.183424 0.230719 0.809193 1.184347 0.154920 0.833421 1.144777 0.185848 -0.794964 1.121054 0.087251 -0.759609 1.156686 0.135165 0.820466 1.184558 0.086825 0.848481 1.142539 0.124689 -0.797073 1.124622 0.008180 -0.760156 1.168018 0.051729 0.827128 1.182268 0.012908 0.859313 1.139535 0.053507 -0.794686 1.127344 -0.073313 -0.759756 1.172205 -0.028604 0.828728 1.177295 -0.066463 0.866085 1.132510 -0.025413 -0.790328 1.126098 -0.148544 -0.757652 1.171197 -0.108625 0.825205 1.168631 -0.149764 0.864906 1.126955 -0.108202 -0.788898 1.118308 -0.204924 -0.755866 1.161826 -0.191899 0.819201 1.150361 -0.241187 0.859387 1.118401 -0.186348 -0.740487 1.163966 -0.262543 0.799729 1.140840 -0.323334 -0.725060 1.168515 -0.307965 -0.717620 1.157671 -0.353837 -0.694209 1.198266 -0.321021 0.772274 1.164133 -0.344802 0.741116 1.174149 -0.387505 0.779052 1.137995 -0.377474 -0.709094 1.149347 -0.391112 -0.678665 1.187563 -0.383734 0.715776 1.163053 -0.453733 0.755902 1.118407 -0.450617 -0.646721 1.185013 -0.445538 -0.643480 1.156388 -0.493195 -0.609990 1.187440 -0.497011 0.691410 1.172537 -0.479189 0.661878 1.178990 -0.509900 0.699201 1.137974 -0.514445 -0.566181 1.193326 -0.544995 -0.537854 1.165640 -0.610442 -0.517430 1.214225 -0.575861 0.631100 1.184746 -0.541684 0.598408 1.188671 -0.571884 0.638694 1.150068 -0.574790 -0.534716 1.119829 -0.663600 -0.481803 1.218389 -0.605397 -0.480659 1.173426 -0.655393 -0.446344 1.218759 -0.635762 0.564724 1.192917 -0.600765 0.527539 1.197600 -0.626269 0.571725 1.157429 -0.632675 -0.493604 1.118562 -0.699513 -0.420192 1.205396 -0.668487 -0.447189 1.155695 -0.698746 -0.395325 1.174001 -0.715169 0.395459 1.216175 -0.695577 0.365096 1.194518 -0.734404 0.424486 1.163995 -0.730283 0.461926 1.210628 -0.659723 0.502057 1.162829 -0.681419 -0.361793 1.149263 -0.757552 -0.321799 1.131344 -0.795011 -0.288432 1.186105 -0.760706 -0.279796 1.152861 -0.796398 -0.237618 1.170047 -0.795773 0.234624 1.207186 -0.771004 0.209275 1.178727 -0.806001 0.273084 1.154171 -0.806940 0.306503 1.204546 -0.749335 0.350429 1.160056 -0.772191 -0.200130 1.145391 -0.828902 -0.167620 1.115453 -0.860684 -0.132199 1.160717 -0.830555 -0.098046 1.122502 -0.866089 -0.058990 1.170167 -0.831410 -0.020057 1.127993 -0.867585 0.016664 1.175953 -0.829661 0.057561 1.134832 -0.862301 0.090109 1.178299 -0.825003 0.130119 1.137370 -0.853775 0.156288 1.177751 -0.817838 0.199905 1.140371 -0.838712 -0.170868 1.207554 0.705065 -0.127153 1.210810 0.710432 -0.057783 1.214166 0.715875 0.019433 1.216065 0.717445 0.100008 1.212254 0.716945 0.185077 1.202012 0.714186 0.276932 1.187355 0.706568 -0.330568 1.209769 0.645913 -0.293866 1.227660 0.645677 -0.162120 1.241976 0.674637 -0.228216 1.253678 0.643149 -0.089761 1.252578 0.677489 -0.014629 1.257372 0.679028 0.064667 1.256977 0.678640 0.147020 1.250853 0.676064 0.231260 1.239771 0.670635 0.305972 1.227618 0.662338 0.328205 1.248441 0.634822 0.357704 1.225840 0.644812 0.424548 1.202483 0.633852 -0.448616 1.205848 0.575631 -0.331829 1.240864 0.613246 -0.391221 1.239734 0.576939 -0.281888 1.262379 0.615120 0.369978 1.260162 0.601416 0.454033 1.234674 0.583596 0.473341 1.253595 0.551594 0.512600 1.227352 0.552096 0.572598 1.190281 0.546364 -0.555971 1.214168 0.469679 -0.491883 1.238420 0.507180 -0.521672 1.236346 0.481341 -0.448207 1.243778 0.534847 0.497410 1.266228 0.516842 0.534603 1.266205 0.485533 0.563870 1.233566 0.499901 0.621862 1.188680 0.502629 -0.565277 1.228860 0.437661 -0.527075 1.260829 0.438530 0.567130 1.267969 0.446655 0.616918 1.259091 0.400531 0.640188 1.215361 0.440490 -0.648538 1.210530 0.326694 -0.568761 1.247130 0.401121 -0.609291 1.228202 0.366306 0.667538 1.234326 0.371438 0.682590 1.251075 0.312955 0.712465 1.215056 0.334998 -0.647579 1.232440 0.283775 -0.607172 1.264606 0.294018 0.700645 1.257394 0.261003 0.736408 1.217866 0.280791 -0.717738 1.198706 0.164349 -0.645032 1.249965 0.240263 -0.681644 1.226880 0.200183 0.740277 1.236316 0.220757 0.738873 1.254011 0.160875 0.773126 1.217846 0.177996 -0.721647 1.207412 0.091897 -0.681929 1.242628 0.129855 0.742914 1.262141 0.091823 0.780406 1.222999 0.120947 -0.722054 1.214192 0.013596 -0.682147 1.252492 0.054240 0.747383 1.263803 0.016075 0.786641 1.224947 0.050934 -0.720760 1.215931 -0.065879 -0.681216 1.257243 -0.024434 0.746937 1.262013 -0.063473 0.789464 1.223254 -0.025654 -0.718051 1.212273 -0.145567 -0.678854 1.256705 -0.104113 0.740268 1.257129 -0.147522 0.787178 1.218028 -0.107229 -0.713004 1.205617 -0.220909 -0.675048 1.250921 -0.183705 0.729205 1.248291 -0.232517 0.779152 1.208323 -0.194796 -0.710002 1.196437 -0.275910 -0.671542 1.237454 -0.266180 0.714238 1.242865 -0.297154 0.760186 1.195887 -0.296090 -0.655731 1.232273 -0.336251 0.679990 1.260050 -0.331233 0.658514 1.251156 -0.390481 0.708144 1.223057 -0.356381 -0.646673 1.225110 -0.379568 -0.649944 1.209055 -0.404726 -0.623955 1.231751 -0.407692 0.635465 1.240771 -0.448860 0.681019 1.204043 -0.441292 -0.583566 1.239555 -0.453388 -0.577134 1.217524 -0.500008 -0.546002 1.242366 -0.502449 0.600820 1.252151 -0.477692 0.576743 1.246479 -0.516458 0.619486 1.216256 -0.509569 -0.505575 1.248728 -0.540774 -0.493309 1.235780 -0.574720 -0.467112 1.253699 -0.574656 0.542600 1.256529 -0.538117 0.518476 1.250651 -0.570524 0.557493 1.223761 -0.568368 -0.427632 1.253857 -0.606390 -0.420592 1.233018 -0.639423 -0.388090 1.245854 -0.644043 0.486197 1.257056 -0.588891 0.462765 1.245497 -0.620676 0.503130 1.231934 -0.607023 -0.362508 1.223548 -0.684874 -0.335180 1.200232 -0.724957 -0.306769 1.238731 -0.697886 -0.297250 1.217273 -0.727393 -0.259817 1.235231 -0.721897 0.356808 1.250057 -0.677467 0.314204 1.240135 -0.709630 0.347832 1.222226 -0.715163 0.415123 1.249172 -0.645416 -0.215712 1.215880 -0.757540 -0.171102 1.191494 -0.794491 -0.143798 1.237562 -0.752976 -0.099009 1.206356 -0.793489 -0.066780 1.250676 -0.750854 -0.023528 1.214734 -0.792416 0.011963 1.255577 -0.750066 0.052358 1.217608 -0.790078 0.091124 1.254853 -0.746989 0.125116 1.215152 -0.786682 0.177371 1.245889 -0.743243 0.180906 1.206485 -0.786711 0.258836 1.244862 -0.722835 -0.172696 1.274132 0.639927 -0.123759 1.285198 0.638288 -0.050054 1.294671 0.637936 0.029132 1.297810 0.637449 0.111050 1.294902 0.635220 0.194810 1.286064 0.630994 0.283097 1.271292 0.624015 -0.342595 1.268202 0.577165 -0.304892 1.283265 0.580034 -0.174726 1.308030 0.598134 -0.248987 1.296470 0.588205 -0.089926 1.328089 0.592548 -0.007556 1.334972 0.592767 0.075824 1.335614 0.590381 0.160118 1.329357 0.586801 0.242232 1.317127 0.582324 0.316383 1.304412 0.573251 0.346366 1.324678 0.533003 0.371675 1.298925 0.555804 0.431255 1.278058 0.547587 -0.497910 1.261946 0.472864 -0.459813 1.278112 0.484548 -0.341431 1.300253 0.534940 -0.407218 1.286105 0.511480 -0.280929 1.318239 0.545500 0.398984 1.316600 0.514864 0.458154 1.301597 0.497424 0.481227 1.314865 0.457521 0.510439 1.289188 0.473396 -0.486304 1.284558 0.451446 -0.426080 1.309831 0.465275 -0.457897 1.305221 0.446046 0.525424 1.306160 0.428109 0.535433 1.325259 0.376539 0.577353 1.292810 0.390652 -0.570480 1.275475 0.344283 -0.485711 1.304431 0.414054 -0.528743 1.291500 0.378812 0.549418 1.337190 0.329828 0.587297 1.311085 0.337244 0.629738 1.275835 0.349077 -0.568594 1.294263 0.306045 -0.533444 1.313926 0.319463 0.585727 1.328512 0.295436 0.600041 1.335508 0.244526 0.642348 1.295719 0.277400 -0.641685 1.271757 0.171047 -0.558247 1.313997 0.266514 -0.600017 1.295237 0.218128 0.612921 1.342164 0.192128 0.649055 1.314682 0.203971 0.695168 1.277577 0.211117 -0.639850 1.286741 0.095610 -0.594067 1.317018 0.141080 0.644177 1.329707 0.156366 0.653419 1.331194 0.100298 0.691056 1.297235 0.140764 -0.638829 1.294965 0.016601 -0.592212 1.329754 0.058923 0.657994 1.333661 0.026656 0.701523 1.299714 0.059610 -0.636880 1.297416 -0.063676 -0.591894 1.334506 -0.023649 0.657128 1.334255 -0.051757 0.704038 1.300369 -0.018725 -0.633247 1.294674 -0.143873 -0.588245 1.334716 -0.105498 0.649562 1.333287 -0.131468 0.699622 1.298901 -0.100320 -0.627921 1.287062 -0.223186 -0.583819 1.329229 -0.185695 0.638301 1.332394 -0.194839 0.685266 1.296538 -0.190273 -0.616725 1.278300 -0.302142 -0.579271 1.319351 -0.259190 0.607786 1.345315 -0.230312 0.590975 1.338692 -0.290865 0.640762 1.316149 -0.253534 0.681625 1.278382 -0.273865 -0.620357 1.255696 -0.363129 -0.572369 1.311528 -0.312698 -0.582231 1.289600 -0.354632 -0.544704 1.318489 -0.347660 0.568554 1.332361 -0.351547 0.625555 1.296701 -0.341536 -0.591322 1.264538 -0.397008 -0.542563 1.295069 -0.404871 0.529445 1.343296 -0.384484 0.507678 1.336950 -0.428439 0.557927 1.311997 -0.415013 0.607691 1.273109 -0.426658 -0.525143 1.276632 -0.468961 -0.515237 1.265926 -0.503862 -0.482758 1.286828 -0.501755 0.469902 1.344011 -0.455510 0.446168 1.335477 -0.494804 0.497207 1.314749 -0.482531 0.556000 1.277472 -0.486450 -0.453741 1.280637 -0.544100 -0.439533 1.271847 -0.573356 -0.409497 1.290032 -0.566174 0.407155 1.339921 -0.517942 0.377613 1.328485 -0.556172 0.434833 1.310212 -0.545133 0.498176 1.278327 -0.544897 -0.367874 1.281932 -0.607165 -0.330405 1.264409 -0.653257 -0.301582 1.304422 -0.611335 -0.257408 1.278283 -0.669181 -0.228338 1.324141 -0.616494 -0.182431 1.303333 -0.664174 -0.168389 1.334880 -0.624211 0.258150 1.344417 -0.590763 0.222580 1.328809 -0.627021 0.281276 1.312248 -0.628623 0.319274 1.336459 -0.574991 0.366662 1.292794 -0.613925 0.444620 1.273313 -0.594706 -0.195593 1.261661 -0.712351 -0.130846 1.321523 -0.654407 -0.117199 1.286341 -0.701487 -0.072679 1.323810 -0.660212 -0.031966 1.291323 -0.706112 0.002066 1.327174 -0.660288 0.047670 1.293193 -0.704340 0.080309 1.328506 -0.654878 0.129544 1.291749 -0.697039 0.159389 1.328527 -0.642630 0.218764 1.290621 -0.678503 0.299756 1.273005 -0.673805 -0.221023 1.340413 0.539983 -0.134913 1.363935 0.534470 -0.044657 1.369567 0.543132 0.038991 1.371944 0.543574 0.128565 1.372429 0.534422 0.214173 1.357459 0.535470 0.291084 1.341340 0.531840 -0.374363 1.330573 0.468546 -0.286390 1.359317 0.478476 -0.197112 1.383247 0.486301 -0.074780 1.402538 0.488995 -0.137539 1.401169 0.479304 0.004846 1.403953 0.494126 0.082081 1.403290 0.493701 0.141122 1.403534 0.486135 0.177472 1.415381 0.454635 0.194038 1.391952 0.489811 0.274649 1.380334 0.475425 0.358286 1.351504 0.480139 0.432625 1.332226 0.464987 -0.428477 1.336401 0.413162 -0.353131 1.376615 0.403038 -0.229088 1.407028 0.429878 -0.288858 1.399564 0.409104 -0.169451 1.414708 0.445076 0.232943 1.410998 0.440219 0.288745 1.405802 0.422663 0.319113 1.413448 0.386569 0.347842 1.389548 0.414762 0.420809 1.361557 0.414213 0.480927 1.334960 0.416620 -0.480817 1.333202 0.354912 -0.415465 1.377237 0.336402 -0.315032 1.411735 0.365345 -0.356326 1.404734 0.342716 0.359081 1.409308 0.363957 0.382671 1.414790 0.326056 0.415500 1.391619 0.349905 0.490414 1.357780 0.350811 -0.486188 1.361111 0.265720 -0.376101 1.411959 0.299493 -0.417818 1.400112 0.270463 0.422383 1.408887 0.295468 0.442521 1.415421 0.241178 0.482808 1.386768 0.276738 0.545258 1.354002 0.285254 -0.545746 1.341454 0.195168 -0.490518 1.383634 0.171914 -0.434925 1.407336 0.207541 0.459630 1.421008 0.187248 0.499317 1.400049 0.199708 0.557871 1.367547 0.210762 -0.535753 1.365038 0.105960 -0.447620 1.414219 0.144038 -0.481461 1.400472 0.109801 0.495316 1.412270 0.149962 0.505873 1.414225 0.092714 0.549214 1.387648 0.131140 0.606028 1.355017 0.144164 -0.542986 1.368672 0.015362 -0.490321 1.400650 0.046129 0.509537 1.417354 0.019482 0.559358 1.391402 0.046869 0.608141 1.362169 0.074169 -0.542019 1.370115 -0.066792 -0.494307 1.400850 -0.031874 0.506558 1.419034 -0.056510 0.559880 1.393362 -0.031398 0.610507 1.364834 -0.003306 -0.531655 1.370661 -0.152620 -0.491810 1.400137 -0.106239 0.496533 1.419201 -0.131209 0.552245 1.393878 -0.109597 0.606602 1.365261 -0.082943 -0.533525 1.356480 -0.232619 -0.482919 1.400686 -0.162632 -0.487161 1.389518 -0.212968 -0.450856 1.412277 -0.196444 0.484725 1.417336 -0.192501 0.533287 1.394998 -0.184130 0.595247 1.363393 -0.168362 -0.533638 1.340147 -0.300625 -0.477022 1.376969 -0.287195 -0.437535 1.407756 -0.249177 0.449667 1.426291 -0.225873 0.430193 1.421228 -0.284448 0.494633 1.399500 -0.256414 0.560807 1.369020 -0.242836 -0.488248 1.343953 -0.365822 -0.423745 1.401603 -0.301317 -0.426978 1.383521 -0.349585 -0.387872 1.407366 -0.334205 0.407939 1.415288 -0.340670 0.458806 1.394634 -0.335104 0.527758 1.364392 -0.323769 -0.477983 1.316051 -0.445544 -0.409440 1.360342 -0.425320 -0.370724 1.396737 -0.383425 0.369576 1.421148 -0.367138 0.348683 1.413762 -0.406830 0.404304 1.395855 -0.398218 0.475212 1.364308 -0.399896 -0.417303 1.318616 -0.505151 -0.346351 1.386172 -0.433153 -0.335850 1.360090 -0.492578 -0.293905 1.395169 -0.454713 -0.256564 1.379778 -0.508438 -0.242451 1.403854 -0.469392 0.308440 1.417450 -0.427800 0.280792 1.407002 -0.466882 0.342137 1.391189 -0.461028 0.415801 1.362330 -0.465473 -0.351230 1.319038 -0.557605 -0.276384 1.344552 -0.559362 -0.205480 1.395657 -0.504472 -0.186668 1.365775 -0.564551 -0.147578 1.401349 -0.512784 -0.097783 1.379987 -0.565645 -0.073611 1.409831 -0.513031 -0.020447 1.386845 -0.564071 0.003143 1.415313 -0.510010 0.056421 1.390186 -0.558596 0.080180 1.417497 -0.503672 0.131990 1.391441 -0.547563 0.153699 1.416769 -0.493745 0.195535 1.392928 -0.529577 0.223454 1.411737 -0.482476 0.271898 1.376545 -0.528367 0.356537 1.357028 -0.519337 -0.116364 1.348981 -0.615350 -0.045147 1.356187 -0.614491 0.030955 1.359930 -0.611044 0.109238 1.361461 -0.601920 0.193218 1.361867 -0.583460 -0.107520 1.431279 0.431432 -0.024092 1.433567 0.438480 0.056470 1.431343 0.443333 0.127469 1.425159 0.447043 -0.255498 1.431850 0.361332 -0.171545 1.440620 0.388303 -0.113815 1.452424 0.386136 -0.054856 1.460464 0.378010 0.036336 1.460643 0.381045 0.116624 1.450413 0.391846 0.194998 1.435978 0.399425 0.270713 1.425355 0.387869 -0.314859 1.434768 0.303462 -0.259250 1.451220 0.308976 -0.200388 1.463487 0.311913 -0.116921 1.469833 0.337565 0.002656 1.481081 0.331059 -0.053717 1.481579 0.323874 0.057295 1.481389 0.329785 0.094553 1.488467 0.300188 0.105147 1.473618 0.338856 0.182153 1.464985 0.328726 0.259825 1.446972 0.332356 0.329219 1.428144 0.336292 -0.367750 1.431963 0.239017 -0.315805 1.451225 0.247000 -0.259508 1.466875 0.252037 -0.135865 1.487263 0.270694 -0.192971 1.483376 0.250350 -0.079240 1.490002 0.288108 0.145976 1.485134 0.289436 0.197960 1.481229 0.273187 0.224791 1.485247 0.237298 0.254459 1.469285 0.264202 0.326021 1.447671 0.269162 0.384563 1.427279 0.279702 -0.387875 1.440694 0.149436 -0.313043 1.463497 0.187641 -0.212105 1.488933 0.208006 -0.251873 1.483308 0.185114 0.262359 1.481405 0.209328 0.278758 1.485562 0.154600 0.323859 1.465628 0.191599 0.399572 1.438723 0.205471 -0.432668 1.429396 0.077721 -0.376031 1.455215 0.077413 -0.327521 1.470181 0.105666 -0.265546 1.487179 0.125609 0.285712 1.490725 0.085383 0.340112 1.473275 0.107090 0.397407 1.452177 0.127649 0.454012 1.430755 0.139006 -0.442196 1.428615 -0.004191 -0.387510 1.453384 0.015784 -0.332952 1.473648 0.033752 -0.275751 1.490130 0.053449 0.285850 1.493989 0.013218 0.344192 1.477734 0.031423 0.400905 1.458496 0.051359 0.455980 1.437050 0.070907 -0.444229 1.426242 -0.079589 -0.391089 1.450769 -0.057693 -0.336583 1.472360 -0.037064 -0.280666 1.490181 -0.018034 0.280174 1.494724 -0.059882 0.341132 1.479506 -0.042863 0.399654 1.461394 -0.024073 0.456096 1.440571 -0.003513 -0.444120 1.421329 -0.147856 -0.389652 1.445266 -0.133574 -0.333869 1.468457 -0.111292 -0.280850 1.487367 -0.088684 0.269212 1.492662 -0.132985 0.331976 1.478621 -0.116107 0.391749 1.461887 -0.098208 0.450326 1.441758 -0.079679 -0.394216 1.432407 -0.211951 -0.319471 1.461759 -0.195670 -0.274722 1.482744 -0.157190 0.255514 1.489201 -0.193833 0.319402 1.473128 -0.195898 0.376317 1.461487 -0.161245 0.436657 1.440513 -0.160728 -0.383885 1.421315 -0.286928 -0.323530 1.443783 -0.275718 -0.259104 1.479302 -0.211820 -0.251526 1.467668 -0.268144 -0.222047 1.484024 -0.239560 0.214223 1.493752 -0.217732 0.197813 1.488627 -0.261278 0.264824 1.475068 -0.264090 0.332443 1.458767 -0.263704 0.389691 1.446816 -0.230208 -0.329821 1.422426 -0.349194 -0.256265 1.445423 -0.341013 -0.195383 1.480764 -0.276043 -0.179299 1.465803 -0.333209 -0.143513 1.485320 -0.293028 -0.103074 1.475051 -0.344621 -0.092198 1.488960 -0.305128 0.154394 1.490861 -0.278572 0.132008 1.483129 -0.318942 0.202962 1.472026 -0.326359 0.269694 1.459514 -0.330125 0.310896 1.454895 -0.309628 0.366632 1.437682 -0.311013 -0.320725 1.406540 -0.407260 -0.261307 1.420798 -0.413029 -0.189290 1.440363 -0.402351 -0.114516 1.453464 -0.399250 -0.055072 1.482653 -0.336705 -0.034822 1.463927 -0.390758 0.000722 1.482583 -0.340278 0.051851 1.464159 -0.392543 0.071645 1.483147 -0.332427 0.136934 1.463450 -0.380173 0.205921 1.452739 -0.390032 0.249975 1.451984 -0.370210 0.311222 1.437268 -0.370242 -0.195619 1.417048 -0.461385 -0.128670 1.428305 -0.459009 -0.053255 1.436995 -0.455937 0.026118 1.441391 -0.452036 0.105742 1.441537 -0.445859 0.180739 1.437679 -0.438382 0.252727 1.432068 -0.423192 -0.014726 1.497377 0.273050 0.050576 1.494156 0.286976 -0.147688 1.500982 0.199304 -0.068551 1.504699 0.224272 0.000109 1.510503 0.212932 0.051617 1.506610 0.229494 0.115252 1.499059 0.246242 0.180664 1.492811 0.239419 -0.198228 1.500818 0.144279 -0.133794 1.512832 0.133312 -0.079884 1.515665 0.151423 -0.013642 1.517734 0.160974 0.049780 1.516469 0.168189 0.111228 1.510809 0.179490 0.172235 1.502707 0.187823 0.225273 1.492928 0.194995 -0.213353 1.504174 0.069527 -0.148902 1.515130 0.078399 -0.085741 1.521756 0.085756 -0.021958 1.524080 0.095869 0.043412 1.523067 0.104658 0.107611 1.518396 0.113956 0.169756 1.510366 0.124451 0.227757 1.499528 0.136526 -0.221225 1.504618 -0.001803 -0.158342 1.515867 0.010621 -0.093810 1.523500 0.020163 -0.028690 1.527139 0.029006 0.036923 1.526863 0.037715 0.102409 1.522848 0.046469 0.166598 1.515299 0.056547 0.228115 1.504564 0.069091 -0.224441 1.502283 -0.071781 -0.163663 1.513871 -0.058649 -0.099900 1.522137 -0.047819 -0.034868 1.526755 -0.038335 0.030323 1.527520 -0.029614 0.095427 1.524378 -0.021629 0.160518 1.517460 -0.013201 0.224534 1.507219 -0.001839 -0.224249 1.497552 -0.138620 -0.166419 1.509068 -0.126430 -0.103918 1.517704 -0.115664 -0.039772 1.523137 -0.105213 0.024316 1.524923 -0.095673 0.086893 1.523052 -0.086915 0.150162 1.517004 -0.081690 0.215860 1.507195 -0.074324 -0.222207 1.491349 -0.196918 -0.169085 1.501639 -0.189956 -0.107119 1.510141 -0.182196 -0.043132 1.516304 -0.170820 0.019229 1.519263 -0.158922 0.081026 1.518195 -0.149978 0.133811 1.515084 -0.137254 0.199421 1.504309 -0.151044 -0.177959 1.492088 -0.241764 -0.112109 1.498758 -0.249893 -0.045987 1.506321 -0.234972 0.018002 1.510102 -0.221146 0.071103 1.511852 -0.202877 0.143999 1.504280 -0.209854 -0.047945 1.494491 -0.293471 0.014756 1.497565 -0.283316 0.087727 1.498864 -0.265910 0.000000 3.820146 0.000000 0.000100 3.820146 0.000000 0.000000 3.820146 0.000100</float_array>
          <technique_common>
            <accessor source="#Slime-positions-array" count="3255" stride="3">
              <param name="X" type="float"/>
              <param name="Y" type="float"/>
              <param name="Z" type="float"/>
            </accessor>
          </technique_common>
        </source>
        <source id="Slime-normals">
          <float_array id="Slime-normals-array" count="9759">-0.156600 -0.608200 0.778200 -0.137800 -0.744300 0.653500 -0.110300 -0.795900 0.595300 -0.129000 -0.681100 0.720700 -0.088500 -0.816000 0.571200 -0.082700 -0.698000 0.711300 -0.052500 -0.828800 0.557100 -0.049500 -0.712100 0.700400 -0.010800 -0.822100 0.569200 -0.031800 -0.697200 0.716200 0.002700 -0.816700 0.577100 0.018300 -0.717000 0.696800 0.033400 -0.814600 0.579100 0.100900 -0.689400 0.717300 0.072700 -0.801300 0.593900 0.136800 -0.639600 0.756500 0.109200 -0.786500 0.607900 0.164500 -0.610900 0.774400 0.169800 -0.771400 0.613300 0.230100 -0.592800 0.771800 0.265800 -0.692000 0.671200 0.315300 -0.440600 0.840500 -0.328600 -0.552500 0.766000 -0.394100 -0.650400 0.649400 -0.287500 -0.747800 0.598500 -0.282200 -0.597100 0.750900 -0.229000 -0.780000 0.582400 -0.249500 -0.637800 0.728600 -0.176200 -0.821500 0.542300 -0.196700 -0.702600 0.683800 -0.122400 -0.844300 0.521700 -0.193800 -0.706700 0.680400 -0.118500 -0.856700 0.502000 -0.091100 -0.894900 0.436800 -0.068300 -0.897400 0.436000 -0.047000 -0.906500 0.419600 -0.019500 -0.907900 0.418800 0.000200 -0.903700 0.428100 0.014300 -0.901000 0.433600 0.037700 -0.897900 0.438600 0.073300 -0.891300 0.447500 0.127900 -0.878200 0.460800 0.208800 -0.842300 0.497000 0.316900 -0.547200 0.774700 0.274000 -0.780900 0.561400 0.329300 -0.598600 0.730200 0.368300 -0.761500 0.533300 0.384600 -0.601000 0.700700 -0.501400 -0.539800 0.676100 -0.492600 -0.639300 0.590400 -0.371500 -0.772500 0.515000 -0.264800 -0.852500 0.450700 -0.192400 -0.875400 0.443500 -0.142600 -0.901700 0.408200 -0.101800 -0.918600 0.382000 -0.081400 -0.927400 0.365200 -0.080700 -0.940700 0.329400 -0.053000 -0.951200 0.304100 -0.035900 -0.954000 0.297700 -0.020500 -0.955900 0.293000 -0.005600 -0.955300 0.295700 0.006900 -0.953600 0.300800 0.022400 -0.951800 0.305900 0.048700 -0.948200 0.313900 0.092300 -0.939600 0.329500 0.157400 -0.919600 0.359900 0.236300 -0.882800 0.406000 0.324200 -0.841500 0.432200 0.578400 -0.529800 0.620300 0.463200 -0.736900 0.492400 0.591100 -0.486000 0.643800 -0.575200 -0.533100 0.620500 -0.549900 -0.633700 0.544000 -0.428600 -0.774500 0.465300 -0.317500 -0.866400 0.385400 -0.243800 -0.903400 0.352600 -0.160100 -0.937300 0.309500 -0.111400 -0.950500 0.290200 -0.080300 -0.959900 0.268700 -0.060900 -0.965800 0.251900 -0.053000 -0.971300 0.231900 -0.043600 -0.976600 0.210700 -0.029000 -0.979400 0.199900 -0.017700 -0.980500 0.195900 -0.007800 -0.980700 0.195400 0.001800 -0.980200 0.197900 0.013400 -0.979200 0.202400 0.032200 -0.977200 0.210000 0.064200 -0.972400 0.224400 0.114600 -0.961400 0.250300 0.185400 -0.939000 0.289700 0.276400 -0.900800 0.334800 0.395700 -0.832000 0.388900 0.607200 -0.575400 0.548000 0.545400 -0.689800 0.476100 0.685600 -0.404400 0.605300 -0.629300 -0.537200 0.561500 -0.600500 -0.629600 0.492900 -0.471900 -0.773300 0.423400 -0.354900 -0.869000 0.344800 -0.283000 -0.908800 0.306700 -0.197500 -0.948100 0.249200 -0.136700 -0.966300 0.218000 -0.090500 -0.976400 0.196000 -0.062200 -0.981400 0.181300 -0.045300 -0.984700 0.168300 -0.036100 -0.987200 0.155300 -0.029900 -0.989400 0.141900 -0.022500 -0.991000 0.131700 -0.014700 -0.991900 0.126400 -0.007700 -0.992200 0.124600 -0.000900 -0.992100 0.125200 0.007500 -0.991700 0.128100 0.020600 -0.990700 0.134100 0.043300 -0.988400 0.145800 0.080900 -0.982700 0.166600 0.138500 -0.970000 0.200000 0.220300 -0.943900 0.246000 0.328600 -0.894300 0.303800 0.453300 -0.809900 0.372200 0.648700 -0.524900 0.551100 0.586800 -0.676300 0.445300 0.711800 -0.453600 0.536300 -0.677800 -0.571200 0.462900 -0.654100 -0.661700 0.366600 -0.521300 -0.772700 0.362200 -0.395900 -0.866200 0.304900 -0.317300 -0.908200 0.273000 -0.227800 -0.949400 0.216100 -0.164000 -0.970100 0.179000 -0.111900 -0.982400 0.149400 -0.074700 -0.988600 0.131000 -0.049500 -0.991700 0.118600 -0.034100 -0.993400 0.109100 -0.025300 -0.994600 0.100400 -0.020000 -0.995600 0.092000 -0.015700 -0.996300 0.084600 -0.011100 -0.996800 0.079500 -0.006600 -0.997000 0.077000 -0.001900 -0.997100 0.076500 0.003800 -0.997000 0.077900 0.012800 -0.996600 0.082000 0.028400 -0.995500 0.090400 0.055400 -0.992800 0.106000 0.099500 -0.986200 0.132300 0.166700 -0.970800 0.172500 0.262700 -0.937300 0.229000 0.388000 -0.870800 0.302000 0.533700 -0.745700 0.398900 0.673600 -0.527500 0.517700 -0.709600 -0.613700 0.346200 -0.514800 -0.810000 0.281000 -0.386000 -0.892600 0.233200 -0.270000 -0.944300 0.188300 -0.193300 -0.968800 0.155000 -0.134300 -0.983100 0.124200 -0.091900 -0.990500 0.102100 -0.061100 -0.994400 0.086600 -0.039900 -0.996300 0.076200 -0.026300 -0.997300 0.068900 -0.018200 -0.997900 0.062900 -0.013500 -0.998300 0.057400 -0.010300 -0.998600 0.052500 -0.007600 -0.998800 0.048700 -0.004900 -0.998900 0.046300 -0.002000 -0.999000 0.045300 0.001800 -0.999000 0.045700 0.007900 -0.998800 0.048000 0.018500 -0.998400 0.053500 0.037300 -0.997200 0.064100 0.069500 -0.994100 0.083100 0.121200 -0.986000 0.114300 0.198300 -0.966700 0.161500 0.302800 -0.925500 0.227600 0.421700 -0.852000 0.310300 0.671300 -0.547700 0.499400 0.529100 -0.751400 0.394300 0.651300 -0.566500 0.504900 -0.766400 -0.540900 0.346500 -0.714500 -0.642800 0.276000 -0.588000 -0.761900 0.271800 -0.434300 -0.876000 0.209600 -0.330700 -0.924700 0.188500 -0.239800 -0.960600 0.140700 -0.165200 -0.980200 0.108900 -0.112900 -0.989900 0.086300 -0.075800 -0.994700 0.069100 -0.049900 -0.997100 0.056900 -0.032100 -0.998300 0.048400 -0.020500 -0.998900 0.042600 -0.013400 -0.999200 0.038200 -0.009200 -0.999400 0.034600 -0.006700 -0.999500 0.031400 -0.004900 -0.999600 0.028800 -0.003300 -0.999600 0.026900 -0.001500 -0.999700 0.025900 0.001000 -0.999700 0.025800 0.005000 -0.999600 0.026900 0.012200 -0.999500 0.030100 0.025400 -0.999000 0.036800 0.048600 -0.997600 0.049300 0.087100 -0.993700 0.071100 0.147000 -0.983500 0.105800 0.232400 -0.959900 0.156500 0.340200 -0.913800 0.221900 0.459300 -0.840100 0.288600 0.658400 -0.638700 0.398200 0.606600 -0.715000 0.347600 0.784000 -0.438400 0.439500 -0.731400 -0.639800 0.235900 -0.561600 -0.803700 0.196700 -0.424100 -0.890800 0.163300 -0.293500 -0.947300 0.128200 -0.205900 -0.972900 0.104800 -0.142600 -0.986600 0.079000 -0.096000 -0.993600 0.060300 -0.063400 -0.996900 0.046900 -0.041000 -0.998500 0.037200 -0.025900 -0.999200 0.030500 -0.016100 -0.999500 0.025900 -0.010000 -0.999700 0.022600 -0.006500 -0.999800 0.020100 -0.004400 -0.999800 0.018100 -0.003100 -0.999900 0.016400 -0.002000 -0.999900 0.015100 -0.000900 -0.999900 0.014200 0.000800 -0.999900 0.013900 0.003600 -0.999900 0.014400 0.008700 -0.999800 0.016000 0.018100 -0.999600 0.019800 0.035100 -0.999000 0.027300 0.064000 -0.997100 0.041100 0.110600 -0.991800 0.064300 0.180200 -0.978500 0.099900 0.275100 -0.949900 0.148100 0.390600 -0.898000 0.202700 0.519000 -0.816500 0.253000 0.738500 -0.547200 0.393800 0.667600 -0.688900 0.282200 0.819500 -0.470200 0.327500 -0.762300 -0.601800 0.238200 -0.557200 -0.809800 0.183500 -0.398500 -0.907800 0.130500 -0.276000 -0.956200 0.097400 -0.184900 -0.979900 0.074600 -0.124200 -0.990600 0.057200 -0.082500 -0.995700 0.042700 -0.053500 -0.998100 0.032000 -0.033900 -0.999100 0.024500 -0.021000 -0.999600 0.019200 -0.012700 -0.999800 0.015600 -0.007600 -0.999900 0.013100 -0.004600 -0.999900 0.011300 -0.002900 -0.999900 0.010000 -0.001900 -1.000000 0.008900 -0.001100 -1.000000 0.008100 -0.000300 -1.000000 0.007500 0.000900 -1.000000 0.007100 0.003000 -1.000000 0.007100 0.006900 -0.999900 0.007800 0.014200 -0.999900 0.009600 0.027300 -0.999500 0.013500 0.049800 -0.998500 0.021200 0.086700 -0.995600 0.035200 0.143900 -0.987900 0.058400 0.226900 -0.969500 0.092500 0.337900 -0.931400 0.135300 0.473900 -0.861700 0.181400 0.639500 -0.732600 0.233100 0.817400 -0.503800 0.279400 -0.809900 -0.529500 0.252200 -0.746600 -0.636300 0.194400 -0.621300 -0.757500 0.200400 -0.457400 -0.877300 0.145300 -0.347100 -0.929600 0.124200 -0.247500 -0.965400 0.082200 -0.167700 -0.984200 0.057300 -0.110500 -0.993000 0.041700 -0.071800 -0.997000 0.030500 -0.045700 -0.998700 0.022200 -0.028400 -0.999500 0.016200 -0.017200 -0.999800 0.012100 -0.010100 -0.999900 0.009300 -0.005800 -1.000000 0.007500 -0.003300 -1.000000 0.006200 -0.001900 -1.000000 0.005300 -0.001100 -1.000000 0.004600 -0.000500 -1.000000 0.004100 0.000100 -1.000000 0.003600 0.001100 -1.000000 0.003300 0.002900 -1.000000 0.003100 0.006300 -1.000000 0.003100 0.012500 -0.999900 0.003500 0.023500 -0.999700 0.005000 0.042200 -0.999100 0.008400 0.072700 -0.997200 0.015300 0.120400 -0.992300 0.028300 0.191700 -0.980200 0.050100 0.292900 -0.952600 0.082100 0.423300 -0.897800 0.121900 0.575200 -0.796300 0.187500 0.767600 -0.561200 0.309600 -0.758700 -0.639000 0.126800 -0.583400 -0.802300 0.126000 -0.443800 -0.889600 0.107600 -0.311200 -0.946800 0.082300 -0.218000 -0.973800 0.065300 -0.149600 -0.987700 0.045300 -0.098800 -0.994600 0.031400 -0.063400 -0.997700 0.022100 -0.039600 -0.999100 0.015500 -0.024100 -0.999700 0.010900 -0.014200 -0.999900 0.007700 -0.008100 -1.000000 0.005600 -0.004500 -1.000000 0.004200 -0.002500 -1.000000 0.003300 -0.001300 -1.000000 0.002700 -0.000600 -1.000000 0.002300 -0.000100 -1.000000 0.001900 0.000500 -1.000000 0.001500 0.001400 -1.000000 0.001100 0.003200 -1.000000 0.000700 0.006400 -1.000000 0.000300 0.012300 -0.999900 -0.000200 0.022400 -0.999700 -0.000400 0.039400 -0.999200 -0.000000 0.066600 -0.997800 0.001800 0.108300 -0.994100 0.006400 0.169900 -0.985300 0.016200 0.258000 -0.965500 0.035200 0.376600 -0.924300 0.061500 0.504300 -0.859400 0.084100 0.684200 -0.699600 0.206300 0.634600 -0.768400 0.082800 0.814900 -0.567800 0.116300 -0.775900 -0.628800 0.050000 -0.595200 -0.801400 0.059000 -0.431300 -0.900300 0.059300 -0.302300 -0.951900 0.050200 -0.203800 -0.978100 0.041300 -0.136100 -0.990200 0.032200 -0.089100 -0.995800 0.023000 -0.056600 -0.998300 0.015900 -0.034800 -0.999300 0.010900 -0.020800 -0.999800 0.007400 -0.012000 -0.999900 0.005000 -0.006700 -1.000000 0.003400 -0.003600 -1.000000 0.002400 -0.001800 -1.000000 0.001700 -0.000900 -1.000000 0.001300 -0.000300 -1.000000 0.001000 0.000200 -1.000000 0.000700 0.000800 -1.000000 0.000300 0.001900 -1.000000 -0.000200 0.003800 -1.000000 -0.000800 0.007200 -1.000000 -0.001700 0.013100 -0.999900 -0.002800 0.023300 -0.999700 -0.004300 0.039900 -0.999200 -0.006000 0.066100 -0.997800 -0.007800 0.105700 -0.994400 -0.009300 0.162800 -0.986600 -0.009800 0.241200 -0.970400 -0.007100 0.348400 -0.937300 0.007100 0.490900 -0.871100 0.017000 0.631300 -0.775500 0.001900 0.784700 -0.619800 0.009700 -0.798500 -0.602000 -0.001500 -0.619000 -0.785400 0.004000 -0.442700 -0.896600 0.014500 -0.303000 -0.952800 0.019500 -0.201300 -0.979300 0.019800 -0.130500 -0.991300 0.017900 -0.083200 -0.996400 0.014400 -0.051800 -0.998600 0.010500 -0.031300 -0.999500 0.007300 -0.018300 -0.999800 0.004900 -0.010300 -0.999900 0.003200 -0.005600 -1.000000 0.002000 -0.002900 -1.000000 0.001300 -0.001400 -1.000000 0.000800 -0.000500 -1.000000 0.000500 -0.000000 -1.000000 0.000200 0.000500 -1.000000 -0.000100 0.001300 -1.000000 -0.000500 0.002500 -1.000000 -0.001100 0.004700 -1.000000 -0.002100 0.008500 -1.000000 -0.003400 0.014900 -0.999900 -0.005300 0.025500 -0.999600 -0.007900 0.042600 -0.999000 -0.011200 0.069400 -0.997500 -0.015500 0.109700 -0.993700 -0.021100 0.167600 -0.985400 -0.028300 0.247000 -0.968300 -0.037500 0.347200 -0.936400 -0.050200 0.467400 -0.883100 -0.040800 0.623400 -0.780700 -0.043200 0.797300 -0.602900 -0.029000 -0.821300 -0.568800 -0.044300 -0.647500 -0.761100 -0.038900 -0.465900 -0.884500 -0.025000 -0.316200 -0.948600 -0.010800 -0.206900 -0.978400 -0.001300 -0.131700 -0.991300 0.003700 -0.081800 -0.996600 0.005300 -0.049700 -0.998800 0.005000 -0.029300 -0.999600 0.003900 -0.016700 -0.999900 0.002700 -0.009200 -1.000000 0.001700 -0.004800 -1.000000 0.001000 -0.002400 -1.000000 0.000500 -0.001000 -1.000000 0.000100 -0.000200 -1.000000 -0.000200 0.000300 -1.000000 -0.000500 0.000900 -1.000000 -0.000800 0.001900 -1.000000 -0.001400 0.003400 -1.000000 -0.002200 0.006100 -1.000000 -0.003500 0.010500 -0.999900 -0.005500 0.017600 -0.999800 -0.008300 0.029000 -0.999500 -0.012100 0.047200 -0.998700 -0.017100 0.075300 -0.996900 -0.023500 0.117600 -0.992600 -0.031900 0.178600 -0.982900 -0.043500 0.263000 -0.963000 -0.058800 0.374800 -0.924100 -0.074900 0.516300 -0.851900 -0.088400 0.775100 -0.628000 -0.068600 0.686400 -0.713200 -0.142000 -0.839800 -0.537400 -0.077200 -0.676000 -0.732800 -0.077700 -0.495900 -0.866000 -0.063700 -0.339300 -0.939700 -0.043000 -0.221200 -0.974900 -0.024700 -0.139300 -0.990200 -0.012200 -0.085000 -0.996400 -0.005000 -0.050500 -0.998700 -0.001400 -0.029100 -0.999600 -0.000000 -0.016200 -0.999900 0.000300 -0.008700 -1.000000 0.000200 -0.004400 -1.000000 -0.000000 -0.002000 -1.000000 -0.000300 -0.000700 -1.000000 -0.000500 0.000100 -1.000000 -0.000900 0.000700 -1.000000 -0.001200 0.001400 -1.000000 -0.001800 0.002600 -1.000000 -0.002500 0.004700 -1.000000 -0.003700 0.008000 -1.000000 -0.005400 0.013300 -0.999900 -0.008200 0.021500 -0.999700 -0.012100 0.034200 -0.999300 -0.017500 0.053700 -0.998300 -0.024600 0.083400 -0.995900 -0.033600 0.128000 -0.990800 -0.044800 0.193300 -0.979300 -0.059600 0.282800 -0.955800 -0.080700 0.396500 -0.911700 -0.107500 0.527800 -0.838200 -0.137500 0.671500 -0.722600 -0.163800 -0.857100 -0.502200 -0.115100 -0.703300 -0.700900 -0.118600 -0.531100 -0.840300 -0.108800 -0.372500 -0.924400 -0.082300 -0.245500 -0.967900 -0.054200 -0.154500 -0.987500 -0.032500 -0.093600 -0.995400 -0.018200 -0.054800 -0.998400 -0.009800 -0.031100 -0.999500 -0.005200 -0.017000 -0.999900 -0.002900 -0.008900 -1.000000 -0.001900 -0.004300 -1.000000 -0.001500 -0.001800 -1.000000 -0.001400 -0.000400 -1.000000 -0.001600 0.000400 -1.000000 -0.002000 0.001200 -1.000000 -0.002500 0.002200 -1.000000 -0.003300 0.003700 -1.000000 -0.004300 0.006300 -1.000000 -0.005900 0.010500 -0.999900 -0.008300 0.017100 -0.999800 -0.011800 0.027000 -0.999500 -0.017100 0.041600 -0.998800 -0.024400 0.063000 -0.997400 -0.034300 0.094800 -0.994400 -0.046700 0.141600 -0.988000 -0.062000 0.209700 -0.974500 -0.080100 0.307500 -0.945800 -0.104000 0.430700 -0.891900 -0.137700 0.574300 -0.800200 -0.172800 0.726500 -0.656200 -0.204000 -0.882800 -0.436500 -0.173700 -0.734200 -0.658300 -0.166100 -0.573500 -0.802000 -0.167200 -0.418300 -0.898400 -0.133800 -0.282400 -0.954700 -0.094000 -0.179700 -0.981900 -0.060600 -0.109200 -0.993300 -0.037100 -0.063800 -0.997700 -0.022100 -0.036000 -0.999300 -0.013100 -0.019600 -0.999800 -0.008100 -0.010100 -0.999900 -0.005400 -0.004800 -1.000000 -0.004000 -0.001900 -1.000000 -0.003500 -0.000100 -1.000000 -0.003500 0.001000 -1.000000 -0.004000 0.002000 -1.000000 -0.004800 0.003300 -1.000000 -0.005900 0.005200 -1.000000 -0.007400 0.008500 -0.999900 -0.009500 0.013800 -0.999800 -0.012500 0.021900 -0.999600 -0.017000 0.034100 -0.999100 -0.023500 0.051400 -0.998100 -0.033100 0.075900 -0.996000 -0.046100 0.110800 -0.991800 -0.063000 0.160200 -0.983500 -0.083800 0.231000 -0.966800 -0.109600 0.327100 -0.935300 -0.134800 0.464200 -0.869700 -0.167900 0.608300 -0.767600 -0.201900 0.759600 -0.614000 -0.214500 -0.790200 -0.564700 -0.237900 -0.800400 -0.522600 -0.293700 -0.639200 -0.731200 -0.238200 -0.480000 -0.855200 -0.195800 -0.334600 -0.931000 -0.146000 -0.217700 -0.970900 -0.099700 -0.134300 -0.988800 -0.064700 -0.079300 -0.996000 -0.041000 -0.045200 -0.998600 -0.026000 -0.024800 -0.999500 -0.016900 -0.013000 -0.999800 -0.011600 -0.006200 -0.999900 -0.008700 -0.002300 -1.000000 -0.007300 0.000100 -1.000000 -0.007000 0.001700 -1.000000 -0.007600 0.003200 -1.000000 -0.008700 0.004800 -0.999900 -0.010400 0.007300 -0.999900 -0.012600 0.011400 -0.999800 -0.015500 0.017800 -0.999700 -0.019300 0.027800 -0.999300 -0.024600 0.042700 -0.998600 -0.032300 0.064000 -0.997000 -0.043700 0.093000 -0.993800 -0.060300 0.132300 -0.987800 -0.081900 0.187300 -0.976100 -0.110200 0.259600 -0.955200 -0.141800 0.361100 -0.913900 -0.185400 0.468800 -0.858600 -0.207500 0.625200 -0.745400 -0.231100 0.772400 -0.591500 -0.231300 -0.835300 -0.430800 -0.341500 -0.686400 -0.662500 -0.299800 -0.537800 -0.801100 -0.262700 -0.397700 -0.893500 -0.208500 -0.269500 -0.951000 -0.151200 -0.171000 -0.979800 -0.103900 -0.103500 -0.992200 -0.069800 -0.060300 -0.997100 -0.046800 -0.034000 -0.998900 -0.032000 -0.018400 -0.999600 -0.022700 -0.009200 -0.999800 -0.017200 -0.003500 -0.999900 -0.014300 0.000100 -0.999900 -0.013400 0.002700 -0.999900 -0.013800 0.004900 -0.999900 -0.015400 0.007200 -0.999800 -0.017800 0.010300 -0.999700 -0.021000 0.015100 -0.999600 -0.024900 0.022800 -0.999300 -0.029800 0.034700 -0.998700 -0.036300 0.052600 -0.997600 -0.045100 0.078400 -0.995300 -0.057600 0.114600 -0.990500 -0.076300 0.160800 -0.981400 -0.104700 0.220200 -0.965800 -0.136600 0.304600 -0.934700 -0.183200 0.390200 -0.895200 -0.215500 0.524400 -0.812000 -0.256200 0.796800 -0.551900 -0.246000 0.697800 -0.661100 -0.275800 -0.749900 -0.542100 -0.379100 -0.779500 -0.456500 -0.428900 -0.625600 -0.700700 -0.342900 -0.471900 -0.836600 -0.278200 -0.334000 -0.918100 -0.213400 -0.220000 -0.962900 -0.156500 -0.137900 -0.984100 -0.111900 -0.083400 -0.993300 -0.079600 -0.049100 -0.997200 -0.057200 -0.027900 -0.998700 -0.042200 -0.014800 -0.999400 -0.032500 -0.006300 -0.999600 -0.026900 -0.000500 -0.999700 -0.024400 0.003800 -0.999700 -0.024400 0.007200 -0.999600 -0.026300 0.010600 -0.999500 -0.029700 0.014500 -0.999300 -0.034200 0.020200 -0.999000 -0.039700 0.029000 -0.998500 -0.046100 0.042800 -0.997600 -0.054000 0.063600 -0.995900 -0.064300 0.093700 -0.992500 -0.078200 0.136600 -0.985900 -0.097000 0.197100 -0.972300 -0.125900 0.266200 -0.948000 -0.174500 0.339400 -0.917800 -0.206300 0.462800 -0.847900 -0.258800 0.666300 -0.683000 -0.299300 0.621900 -0.697700 -0.355500 -0.675000 -0.621100 -0.398300 -0.708600 -0.528600 -0.467400 -0.554500 -0.754200 -0.351700 -0.403500 -0.871600 -0.278300 -0.277800 -0.934700 -0.221700 -0.182700 -0.968300 -0.170600 -0.116100 -0.984800 -0.129100 -0.071900 -0.992600 -0.097700 -0.043500 -0.996200 -0.075000 -0.024900 -0.997900 -0.059000 -0.012000 -0.998700 -0.048700 -0.002600 -0.999100 -0.043200 0.004500 -0.999100 -0.041800 0.010200 -0.999000 -0.043700 0.015300 -0.998700 -0.048000 0.020500 -0.998300 -0.054300 0.027100 -0.997700 -0.062000 0.037100 -0.996800 -0.070600 0.052600 -0.995400 -0.080500 0.076000 -0.992800 -0.092800 0.110600 -0.987900 -0.108500 0.158200 -0.978700 -0.130800 0.223600 -0.962400 -0.154500 0.319900 -0.927000 -0.195700 0.409500 -0.874100 -0.261200 0.604000 -0.727800 -0.325000 0.520400 -0.778300 -0.351300 -0.754000 -0.418000 -0.506800 -0.611000 -0.686400 -0.394300 -0.449900 -0.824300 -0.343700 -0.333200 -0.893500 -0.301100 -0.234900 -0.939600 -0.249100 -0.158800 -0.966800 -0.200300 -0.104500 -0.981600 -0.159500 -0.067500 -0.989500 -0.127500 -0.041800 -0.993800 -0.102900 -0.022800 -0.996100 -0.085100 -0.007800 -0.997200 -0.074200 0.004100 -0.997500 -0.069900 0.013400 -0.997400 -0.070900 0.021300 -0.996900 -0.075900 0.028800 -0.996000 -0.084100 0.036800 -0.994800 -0.094800 0.047500 -0.993200 -0.106600 0.064900 -0.990800 -0.119000 0.090900 -0.986700 -0.134500 0.128300 -0.979900 -0.152400 0.185300 -0.966900 -0.175500 0.254100 -0.943200 -0.214200 0.331300 -0.913600 -0.235600 0.443900 -0.845400 -0.297100 0.553300 -0.744300 -0.374100 -0.656200 -0.596500 -0.462200 -0.593500 -0.575100 -0.563000 -0.470200 -0.754800 -0.457300 -0.385200 -0.826900 -0.409600 -0.292900 -0.888900 -0.352200 -0.211700 -0.930800 -0.297800 -0.147800 -0.957400 -0.247900 -0.101900 -0.973100 -0.206600 -0.068500 -0.982700 -0.171800 -0.041800 -0.988700 -0.143700 -0.018800 -0.992100 -0.123800 0.000800 -0.993500 -0.113500 0.016200 -0.993500 -0.112500 0.028100 -0.992600 -0.117800 0.039500 -0.991100 -0.127000 0.050800 -0.988700 -0.141200 0.062100 -0.985400 -0.158600 0.079100 -0.981500 -0.174300 0.110400 -0.975300 -0.191400 0.149900 -0.964400 -0.218000 0.204200 -0.949400 -0.238500 0.298200 -0.915700 -0.269600 0.389700 -0.863800 -0.319300 0.588500 -0.705700 -0.394500 0.517500 -0.743600 -0.423500 -0.601400 -0.516100 -0.609900 -0.556100 -0.498900 -0.664700 -0.459300 -0.700300 -0.546600 -0.358100 -0.803600 -0.475300 -0.274600 -0.864100 -0.421700 -0.201800 -0.909500 -0.363300 -0.147000 -0.937300 -0.316100 -0.106900 -0.956100 -0.272900 -0.072300 -0.969900 -0.232700 -0.039900 -0.979000 -0.200100 -0.008400 -0.983800 -0.178900 0.018000 -0.984700 -0.173100 0.036000 -0.983100 -0.179600 0.050500 -0.980500 -0.189700 0.069000 -0.976600 -0.203700 0.084800 -0.969800 -0.228900 0.098400 -0.962000 -0.254500 0.127200 -0.954900 -0.268400 0.185700 -0.936800 -0.296500 0.232600 -0.910300 -0.342600 0.300700 -0.888000 -0.347900 0.411800 -0.816700 -0.404300 0.511700 -0.734400 -0.445800 -0.524900 -0.503300 -0.686400 -0.493500 -0.431800 -0.754900 -0.431100 -0.662500 -0.612600 -0.342000 -0.752100 -0.563400 -0.263400 -0.826500 -0.497500 -0.200100 -0.869900 -0.450800 -0.156400 -0.900300 -0.406200 -0.114200 -0.927800 -0.355300 -0.073800 -0.947400 -0.311500 -0.029900 -0.961200 -0.274100 0.015800 -0.966600 -0.255800 0.047700 -0.963300 -0.264100 0.063500 -0.957300 -0.282000 0.082000 -0.953100 -0.291200 0.117100 -0.942300 -0.313700 0.130900 -0.925400 -0.355700 0.152400 -0.911400 -0.382300 0.199800 -0.902200 -0.382300 0.284300 -0.853500 -0.436700 0.345700 -0.809800 -0.474000 0.564800 -0.621900 -0.542400 0.475100 -0.699900 -0.533300 -0.426500 -0.569000 -0.703100 -0.412600 -0.569200 -0.711100 -0.348200 -0.519700 -0.780200 -0.312900 -0.699800 -0.642200 -0.267400 -0.748400 -0.606900 -0.216200 -0.798400 -0.562000 -0.160500 -0.852100 -0.498200 -0.117000 -0.882100 -0.456200 -0.063800 -0.911800 -0.405500 -0.003600 -0.929700 -0.368200 0.063400 -0.928900 -0.364900 0.087400 -0.912800 -0.399000 0.099200 -0.901700 -0.420800 0.127600 -0.901000 -0.414600 0.169000 -0.869600 -0.464000 0.197000 -0.844000 -0.498900 0.230400 -0.824300 -0.517100 0.439100 -0.685700 -0.580500 0.322000 -0.770300 -0.550500 0.459500 -0.623100 -0.632900 -0.330200 -0.538900 -0.775000 -0.289200 -0.638400 -0.713400 -0.291500 -0.617100 -0.730900 -0.252300 -0.533500 -0.807300 -0.207600 -0.731500 -0.649400 -0.166800 -0.767000 -0.619600 -0.095800 -0.828000 -0.552500 -0.029100 -0.853200 -0.520700 0.047200 -0.875600 -0.480800 0.114300 -0.848300 -0.517100 0.137500 -0.817900 -0.558700 0.138100 -0.808700 -0.571800 0.272500 -0.744700 -0.609200 0.181800 -0.780500 -0.598100 0.275200 -0.699000 -0.660000 0.302200 -0.649400 -0.697800 -0.241300 -0.562300 -0.791000 -0.221800 -0.595200 -0.772400 -0.111700 -0.548500 -0.828700 -0.106900 -0.715100 -0.690800 -0.040100 -0.738000 -0.673700 0.031600 -0.775600 -0.630400 0.220500 -0.696300 -0.683000 0.124800 -0.759800 -0.638100 0.173100 -0.650200 -0.739800 0.156800 -0.633600 -0.757600 -0.055200 -0.558300 -0.827800 0.003400 -0.613900 -0.789400 0.057100 -0.608200 -0.791800 -0.041700 -0.352300 0.935000 -0.062100 -0.536700 0.841500 -0.034100 -0.561100 0.827000 0.004600 -0.372000 0.928200 0.018600 -0.572900 0.819400 0.097000 -0.416400 0.904000 -0.238000 -0.373300 0.896700 -0.266700 -0.488100 0.831000 -0.192000 -0.579800 0.791800 -0.215900 -0.408400 0.886900 -0.144300 -0.494600 0.857100 -0.108800 -0.538400 0.835700 -0.098600 -0.548400 0.830400 0.125900 -0.593200 0.795200 0.213900 -0.493800 0.842800 0.219300 -0.422000 0.879700 0.254700 -0.394700 0.882800 0.343800 -0.229300 0.910600 -0.361200 -0.336500 0.869700 -0.475300 -0.437400 0.763400 -0.303000 -0.365000 0.880300 -0.286500 -0.410400 0.865700 -0.267500 -0.487800 0.831000 0.376500 -0.265700 0.887500 0.383500 -0.325200 0.864400 0.433800 -0.267700 0.860300 0.523600 -0.398700 0.752900 0.616000 -0.210100 0.759200 -0.574600 -0.244700 0.781000 -0.589700 -0.385400 0.709700 0.637200 -0.212500 0.740800 0.677100 -0.327300 0.659100 0.711100 -0.176300 0.680600 -0.662100 -0.243800 0.708600 -0.657700 -0.369700 0.656300 0.728600 -0.189300 0.658300 -0.716100 -0.278200 0.640200 -0.730600 -0.363600 0.578000 0.735300 -0.295300 0.610000 0.762600 -0.249500 0.596800 -0.783100 -0.339100 0.521400 -0.812200 -0.419200 0.405800 0.750000 -0.289900 0.594500 0.742700 -0.416300 0.524400 0.790200 -0.256500 0.556600 -0.851700 -0.335900 0.402200 0.762500 -0.325300 0.559300 0.771700 -0.410200 0.485900 0.832600 -0.227900 0.504800 -0.873100 -0.296400 0.387100 -0.860800 -0.412900 0.297400 0.854600 -0.202400 0.478100 -0.865500 -0.414200 0.281700 0.850800 -0.309400 0.424800 0.900200 -0.277300 0.335700 -0.906400 -0.322100 0.273300 0.909600 -0.255800 0.327400 -0.920200 -0.290400 0.262400 -0.896100 -0.407400 0.176200 0.878200 -0.345600 0.330700 0.834400 -0.494600 0.243300 0.936000 -0.302000 0.181000 -0.898300 -0.423100 0.118300 0.920000 -0.384900 0.073500 -0.913200 -0.402700 0.062800 0.925700 -0.377800 0.018600 -0.926600 -0.376000 0.000600 0.933200 -0.358600 -0.021500 -0.939100 -0.341700 -0.035100 0.836600 -0.516800 -0.181800 0.912000 -0.402100 -0.081700 -0.944300 -0.322400 -0.065300 0.922900 -0.311100 -0.227000 0.841000 -0.488100 -0.233300 -0.950100 -0.289200 -0.116500 0.881900 -0.420600 -0.213000 -0.954300 -0.226500 -0.194800 0.889100 -0.403000 -0.216900 -0.902300 -0.342700 -0.261600 -0.908000 -0.272800 -0.318100 0.895000 -0.378700 -0.235500 -0.912000 -0.208600 -0.353300 0.903500 -0.323600 -0.281000 0.831200 -0.456400 -0.317600 -0.852200 -0.332600 -0.403800 -0.853200 -0.235400 -0.465400 0.720400 -0.545900 -0.427800 0.817700 -0.438300 -0.373100 -0.849000 -0.217700 -0.481500 -0.784500 -0.419200 -0.457100 0.659800 -0.612800 -0.434900 0.799400 -0.401900 -0.446600 0.753900 -0.512000 -0.411700 -0.798100 -0.300500 -0.522200 -0.793100 -0.269300 -0.546400 0.760200 -0.411500 -0.502700 0.654700 -0.582300 -0.481900 -0.782100 -0.204800 -0.588500 -0.733900 -0.345500 -0.584800 0.642300 -0.569000 -0.513500 0.700400 -0.511600 -0.497700 -0.731400 -0.248600 -0.635000 -0.696800 -0.177900 -0.694800 -0.660900 -0.328500 -0.674800 0.714900 -0.385300 -0.583500 0.633300 -0.530800 -0.563300 -0.605400 -0.273100 -0.747600 -0.556700 -0.298400 -0.775300 -0.528100 -0.211500 -0.822400 0.652300 -0.405300 -0.640500 0.572700 -0.490300 -0.657000 -0.488400 -0.333600 -0.806300 -0.466000 -0.234600 -0.853100 -0.436100 -0.381000 -0.815300 0.393700 -0.604000 -0.692900 0.550000 -0.407200 -0.729200 0.504300 -0.494800 -0.707700 -0.376600 -0.321800 -0.868700 -0.360800 -0.330500 -0.872100 -0.337200 -0.412300 -0.846400 -0.328200 -0.230600 -0.916000 -0.321900 -0.398000 -0.859100 0.225200 -0.637800 -0.736500 0.381400 -0.513200 -0.768900 0.317400 -0.577800 -0.751900 0.352000 -0.473100 -0.807600 0.392300 -0.409700 -0.823600 -0.290400 -0.303900 -0.907400 -0.297300 -0.344000 -0.890600 -0.251400 -0.229100 -0.940400 -0.220500 -0.399900 -0.889600 0.174600 -0.603100 -0.778300 0.238000 -0.422000 -0.874800 0.260500 -0.489600 -0.832100 0.193800 -0.439800 -0.877000 0.230700 -0.432000 -0.871900 -0.117200 -0.340400 -0.933000 -0.057800 -0.346800 -0.936200 0.005900 -0.414200 -0.910200 0.073800 -0.420900 -0.904100 0.143400 -0.400000 -0.905200 -0.086000 -0.214400 0.972900 -0.125100 -0.368600 0.921100 -0.093000 -0.389200 0.916400 -0.024100 -0.197000 0.980100 0.039700 -0.215400 0.975700 0.111100 -0.229200 0.967000 0.178300 -0.402100 0.898100 0.203600 -0.219100 0.954200 0.283300 -0.321700 0.903500 0.301000 -0.134000 0.944200 -0.280500 -0.171400 0.944400 -0.295200 -0.290300 0.910300 -0.249200 -0.211700 0.945000 -0.175000 -0.295600 0.939100 -0.152800 -0.347400 0.925200 0.302400 -0.243900 0.921400 0.302300 -0.226100 0.926000 0.375000 -0.088400 0.922800 -0.522500 -0.215200 0.825000 -0.324700 -0.143900 0.934800 -0.432400 -0.134500 0.891600 -0.314800 -0.182000 0.931600 -0.305700 -0.251600 0.918300 0.417700 -0.094000 0.903700 0.455500 -0.106300 0.883900 0.522800 -0.006300 0.852400 0.546300 -0.088200 0.832900 -0.560200 -0.034500 0.827600 -0.631300 -0.158600 0.759200 -0.543100 -0.006900 0.839600 0.592600 -0.044500 0.804300 0.634500 0.024200 0.772600 0.652900 -0.095900 0.751300 -0.682600 -0.018700 0.730600 -0.699100 -0.108500 0.706800 0.702900 -0.043400 0.710000 0.733200 -0.048400 0.678300 -0.745900 -0.079100 0.661400 -0.805500 -0.118600 0.580600 0.760000 -0.126700 0.637500 0.772600 -0.089000 0.628600 -0.865800 -0.185200 0.464900 -0.817800 -0.106900 0.565500 0.789700 -0.143800 0.596400 0.811900 -0.091000 0.576700 -0.871900 -0.009000 0.489600 -0.894600 -0.148100 0.421700 0.817100 -0.163700 0.552700 0.860600 -0.091300 0.501000 -0.918000 -0.198000 0.343700 -0.910000 -0.085100 0.405900 0.882800 -0.069200 0.464600 -0.932600 -0.041100 0.358600 -0.936000 -0.176900 0.304200 0.899200 -0.152200 0.410200 0.926900 -0.119300 0.355800 -0.950500 -0.121600 0.285800 0.944100 -0.093800 0.316200 -0.960800 -0.196200 0.195800 -0.964400 -0.079700 0.252000 0.962900 -0.043500 0.266400 0.940200 -0.164800 0.298200 -0.981000 -0.045400 0.188700 -0.972200 -0.198000 0.125200 0.972700 -0.114000 0.202200 0.981700 -0.162800 0.098400 -0.976500 -0.204400 0.069000 0.987600 -0.151400 0.042100 -0.986900 -0.160200 0.017500 0.985200 -0.167800 -0.036000 -0.989200 -0.145600 -0.014800 0.972600 -0.199700 -0.118800 -0.987600 -0.148300 -0.051900 0.974900 -0.096400 -0.200500 0.954100 -0.210600 -0.213000 -0.985000 -0.115100 -0.128700 0.955800 -0.224200 -0.190300 -0.975800 -0.073700 -0.205800 0.952800 -0.220200 -0.209100 -0.949200 -0.149800 -0.276700 -0.944600 -0.068500 -0.320900 0.948000 -0.197000 -0.249800 -0.941800 -0.057200 -0.331300 0.935100 -0.161900 -0.315300 0.888600 -0.269400 -0.371100 -0.899000 -0.156000 -0.409300 -0.880400 -0.075600 -0.468100 0.867500 -0.248800 -0.430700 -0.862900 -0.058700 -0.501900 0.860900 -0.209900 -0.463500 0.823500 -0.306200 -0.477700 -0.835300 -0.135200 -0.532800 -0.819800 -0.098800 -0.564000 0.810300 -0.243600 -0.533000 0.753200 -0.365000 -0.547300 -0.808000 -0.084800 -0.583100 0.758500 -0.301100 -0.577900 -0.753200 -0.093600 -0.651100 -0.709200 -0.071000 -0.701400 0.745500 -0.225100 -0.627300 0.702000 -0.316900 -0.637800 -0.628300 -0.114700 -0.769500 -0.585400 -0.130900 -0.800100 -0.561500 -0.066100 -0.824800 0.680300 -0.227200 -0.696800 0.620800 -0.308100 -0.720900 -0.527000 -0.137000 -0.838700 -0.482700 -0.124300 -0.866900 0.549700 -0.184300 -0.814800 0.457200 -0.227500 -0.859800 0.523600 -0.310800 -0.793200 0.581700 -0.226900 -0.781100 -0.401600 -0.165000 -0.900900 -0.378600 -0.168800 -0.910000 -0.346300 -0.211400 -0.914000 -0.327900 -0.104000 -0.939000 0.330700 -0.392000 -0.858500 0.422400 -0.246800 -0.872200 0.411100 -0.318100 -0.854300 -0.302800 -0.127400 -0.944500 -0.307000 -0.132200 -0.942500 -0.276100 -0.086600 -0.957200 0.234500 -0.190200 -0.953300 0.231200 -0.292500 -0.927900 0.229000 -0.242300 -0.942800 0.244000 -0.269900 -0.931500 0.298500 -0.231400 -0.925900 -0.150500 -0.170800 -0.973700 -0.071800 -0.176300 -0.981700 0.007700 -0.201600 -0.979400 0.071400 -0.249200 -0.965800 0.133400 -0.229800 -0.964100 -0.138600 -0.086500 0.986600 -0.193500 -0.170600 0.966100 -0.142400 -0.224000 0.964100 -0.085300 -0.077500 0.993300 -0.021900 -0.083600 0.996300 0.059500 -0.079200 0.995100 0.123300 -0.090200 0.988300 0.198500 -0.089500 0.976000 0.287300 -0.009600 0.957800 -0.292500 -0.025100 0.955900 -0.311500 -0.117500 0.942900 -0.258200 -0.066400 0.963800 -0.211600 -0.143100 0.966800 0.340200 -0.058100 0.938600 0.345500 -0.083000 0.934700 0.393100 0.021200 0.919200 -0.434000 0.000600 0.900900 -0.345500 0.008300 0.938400 -0.374700 0.031500 0.926600 -0.333100 -0.061600 0.940900 0.437200 0.013300 0.899200 0.474100 0.006500 0.880400 0.520400 0.069400 0.851100 -0.633500 0.004700 0.773800 -0.519400 0.123200 0.845600 -0.565700 0.101400 0.818400 -0.476000 0.110900 0.872400 0.573800 0.056200 0.817000 0.622700 0.090400 0.777200 -0.662400 0.122900 0.739000 -0.714400 0.064000 0.696800 -0.634700 0.130000 0.761700 0.690400 0.044900 0.722100 0.717700 0.047400 0.694700 -0.806000 0.040500 0.590500 -0.738900 0.070900 0.670100 0.749900 -0.015700 0.661400 0.766200 0.011900 0.642500 -0.793900 0.138800 0.592000 -0.839100 0.067000 0.539900 0.791100 -0.044300 0.610100 0.813200 -0.003500 0.581900 -0.865400 0.093400 0.492300 -0.901700 0.028000 0.431500 0.833900 0.013300 0.551700 0.835400 -0.064400 0.545900 -0.917800 0.043800 0.394700 0.864400 -0.009600 0.502600 0.888600 0.014500 0.458500 -0.947800 -0.006600 0.318800 -0.926400 0.074100 0.369100 0.911600 -0.036300 0.409500 0.936500 0.001600 0.350700 -0.942700 0.089000 0.321500 -0.958300 0.017900 0.285300 0.956000 0.010000 0.293400 -0.969500 0.043800 0.241100 0.971600 0.044800 0.232200 -0.989600 -0.023900 0.141600 -0.977700 0.069800 0.198300 0.984100 0.047200 0.171200 0.986200 -0.017400 0.164900 -0.988900 0.069500 0.131200 -0.995400 -0.042800 0.086100 0.995100 0.053900 0.083100 0.995200 -0.014800 0.097000 -0.999100 -0.016400 0.040100 0.998800 0.047800 -0.014400 0.999700 -0.014100 0.021700 -1.000000 -0.009700 -0.000300 0.992400 -0.004700 -0.122600 0.997100 -0.022700 -0.072100 -0.997600 -0.024400 -0.064600 0.986800 -0.074500 -0.144000 -0.990400 0.025700 -0.135700 0.981300 -0.093100 -0.168600 -0.976300 0.043800 -0.211900 0.974000 -0.091000 -0.207600 -0.957000 0.001300 -0.290200 -0.952800 0.079000 -0.293300 0.962100 -0.076900 -0.261800 -0.939900 0.028800 -0.340100 -0.911700 -0.035600 -0.409300 -0.903000 0.054200 -0.426200 0.943400 -0.057900 -0.326500 0.912900 -0.134800 -0.385200 -0.885000 0.028800 -0.464700 0.893500 -0.111900 -0.434900 -0.868300 0.055000 -0.492900 0.877300 -0.082300 -0.472900 0.849500 -0.156800 -0.503800 -0.843400 -0.011600 -0.537100 -0.829000 0.038900 -0.557900 0.829900 -0.118200 -0.545300 0.795400 -0.198900 -0.572500 -0.805000 0.044500 -0.591700 -0.761000 -0.027200 -0.648200 -0.746200 0.064400 -0.662600 0.778900 -0.151900 -0.608500 -0.722000 0.030100 -0.691200 -0.653200 -0.001400 -0.757200 -0.657000 0.071500 -0.750500 0.750700 -0.102100 -0.652700 0.718500 -0.159600 -0.677000 -0.603700 -0.006200 -0.797200 -0.580500 0.027800 -0.813800 0.680700 -0.094300 -0.726400 0.640300 -0.149500 -0.753400 -0.541100 -0.011400 -0.840900 -0.508200 -0.022400 -0.861000 -0.432900 -0.051600 -0.900000 -0.444000 0.024900 -0.895700 0.537000 -0.062100 -0.841300 0.480300 -0.121200 -0.868700 0.583900 -0.093500 -0.806400 -0.391600 -0.043500 -0.919100 -0.361300 -0.077900 -0.929200 -0.331000 -0.013700 -0.943500 0.414300 -0.075900 -0.906900 0.340900 -0.102700 -0.934500 0.408000 -0.165700 -0.897800 0.439800 -0.098900 -0.892700 -0.294000 -0.024000 -0.955500 -0.272300 -0.015300 -0.962100 -0.263100 0.031000 -0.964300 -0.195200 -0.035400 -0.980100 -0.184200 0.057400 -0.981200 0.185900 -0.043600 -0.981600 0.136500 -0.091800 -0.986400 0.203400 -0.155700 -0.966600 0.220300 -0.064900 -0.973300 0.256900 -0.105400 -0.960700 0.279700 -0.122400 -0.952200 -0.081800 -0.054400 -0.995200 0.001700 -0.074500 -0.997200 0.077000 -0.100600 -0.991900 -0.156300 0.029400 0.987300 -0.208900 -0.041600 0.977000 -0.097600 0.034300 0.994600 -0.020000 0.033000 0.999300 0.064700 0.030400 0.997400 0.127100 0.031200 0.991400 0.200400 0.011900 0.979600 0.275500 0.086400 0.957400 -0.296700 0.081300 0.951500 -0.327500 0.018600 0.944700 -0.267100 0.056900 0.962000 -0.248900 0.009700 0.968500 0.339100 0.071500 0.938000 0.367300 0.045800 0.929000 0.403200 0.118400 0.907400 -0.376400 0.127700 0.917600 -0.402500 0.123000 0.907100 -0.354900 0.076600 0.931800 0.438000 0.100100 0.893400 0.468200 0.094700 0.878500 0.514900 0.126500 0.847900 -0.508600 0.199900 0.837500 -0.562000 0.183700 0.806500 -0.471300 0.176800 0.864100 0.563200 0.119300 0.817600 0.614500 0.134900 0.777300 -0.712800 0.159200 0.683100 -0.612900 0.210700 0.761500 -0.658900 0.209400 0.722500 0.669500 0.102900 0.735700 0.698900 0.114400 0.706000 -0.712900 0.231000 0.662100 -0.750200 0.171400 0.638600 0.736800 0.066000 0.672800 0.757000 0.087200 0.647600 -0.784900 0.198000 0.587100 -0.827800 0.159000 0.538000 0.785900 0.043100 0.616900 0.814600 0.067000 0.576100 -0.884600 0.132200 0.447300 -0.851000 0.167100 0.497900 0.838800 0.081600 0.538200 -0.880100 0.181800 0.438500 -0.905500 0.133100 0.402900 0.864100 0.048800 0.500900 0.890100 0.071000 0.450300 -0.918200 0.148200 0.367300 0.910000 0.088300 0.405100 0.912000 0.035800 0.408600 -0.952200 0.117500 0.281900 -0.932700 0.152700 0.326900 0.932400 0.074300 0.353800 0.952700 0.081400 0.293000 -0.945900 0.170200 0.276300 -0.962000 0.120200 0.245200 0.972300 0.091800 0.214700 -0.970600 0.138600 0.196700 0.986100 0.086000 0.141900 -0.993000 0.075000 0.090900 -0.979700 0.135700 0.147300 0.994800 0.082700 0.059300 -0.994900 0.086400 0.052900 -0.985100 0.145300 0.092500 0.997800 0.061600 -0.022500 -0.995300 0.095400 0.017300 -0.984200 0.174500 0.031800 0.996500 0.027700 -0.079200 -0.984300 0.175800 -0.017200 -0.996100 0.074700 -0.047500 0.993000 0.001800 -0.118500 -0.984300 0.127900 -0.121400 -0.972100 0.143900 -0.185400 -0.965400 0.217000 -0.144600 0.987200 -0.007500 -0.159100 -0.954300 0.127100 -0.270600 -0.958800 0.183300 -0.217200 0.978300 -0.007000 -0.207200 -0.957200 0.151800 -0.246600 0.964300 -0.000900 -0.264800 -0.943100 0.144400 -0.299500 -0.937700 0.095900 -0.333900 0.944000 0.012700 -0.329600 0.921500 -0.036600 -0.386700 -0.914600 0.125900 -0.384300 -0.890700 0.122500 -0.437700 0.902100 -0.015700 -0.431300 -0.878800 0.124500 -0.460700 0.883200 0.001800 -0.468900 0.858900 -0.052000 -0.509500 -0.843400 0.080000 -0.531300 -0.818000 0.139800 -0.558000 0.834900 -0.034700 -0.549300 0.807200 -0.082700 -0.584500 -0.797100 0.115100 -0.592700 -0.756600 0.132600 -0.640200 0.781200 -0.051700 -0.622200 -0.711600 0.102900 -0.695000 -0.663800 0.125600 -0.737200 0.743900 -0.013500 -0.668200 0.713500 -0.051300 -0.698800 -0.622200 0.080200 -0.778700 -0.591300 0.091100 -0.801300 0.670200 -0.004900 -0.742100 0.632000 -0.040700 -0.773900 -0.541900 0.063400 -0.838000 -0.500300 0.048500 -0.864500 -0.456000 0.081100 -0.886300 0.535600 0.020900 -0.844200 0.490100 -0.028800 -0.871200 0.581700 -0.004300 -0.813400 -0.410200 0.044200 -0.910900 -0.372200 0.009400 -0.928100 -0.333900 0.047100 -0.941400 0.388900 0.008900 -0.921300 0.342000 -0.032400 -0.939100 0.436100 -0.007400 -0.899900 -0.284900 0.039000 -0.957800 -0.244600 0.047200 -0.968500 -0.208800 0.074500 -0.975100 -0.159500 0.118400 -0.980100 -0.100500 0.061300 -0.993000 -0.067000 0.117900 -0.990800 0.131200 0.043800 -0.990400 0.116100 -0.007700 -0.993200 0.192500 0.014700 -0.981200 0.254200 -0.008200 -0.967100 0.295600 -0.028500 -0.954900 -0.014300 0.020900 -0.999700 0.050400 -0.000000 -0.998700 -0.155500 0.133600 0.978800 -0.230900 0.069700 0.970500 -0.082200 0.136300 0.987300 -0.020800 0.148400 0.988700 0.049900 0.130900 0.990100 0.118300 0.143300 0.982600 0.184200 0.112400 0.976400 0.250800 0.180700 0.951000 -0.291500 0.161800 0.942800 -0.342100 0.118100 0.932200 -0.258600 0.157600 0.953100 -0.254700 0.152800 0.954900 0.317900 0.175600 0.931700 0.357900 0.150400 0.921600 0.407400 0.190800 0.893100 -0.380200 0.192300 0.904700 -0.428900 0.182000 0.884800 -0.361600 0.181600 0.914500 0.433700 0.175700 0.883800 0.460900 0.203300 0.863800 0.471200 0.158000 0.867800 -0.497100 0.242600 0.833100 -0.560800 0.223700 0.797200 -0.468700 0.234100 0.851800 0.516800 0.180500 0.836800 0.561800 0.164900 0.810600 0.601500 0.182200 0.777900 -0.608100 0.255100 0.751700 -0.650800 0.256000 0.714800 0.652600 0.155600 0.741600 0.679900 0.165800 0.714300 -0.699400 0.266000 0.663300 -0.746200 0.239500 0.621200 0.722600 0.129700 0.679000 0.746700 0.144200 0.649300 -0.785500 0.234200 0.572800 -0.830200 0.210100 0.516300 0.782800 0.106000 0.613100 0.811800 0.123300 0.570800 -0.854300 0.218300 0.471700 0.838200 0.136200 0.528100 -0.876700 0.218800 0.428400 -0.901500 0.192200 0.387700 0.865800 0.104200 0.489400 0.895700 0.121900 0.427600 -0.918300 0.193600 0.345400 0.918100 0.134500 0.372900 -0.929300 0.202900 0.308600 0.935800 0.114700 0.333400 0.956800 0.120000 0.264800 -0.942000 0.205900 0.265000 -0.957100 0.175400 0.230700 0.973100 0.118400 0.197400 -0.966900 0.184600 0.176200 0.986100 0.112600 0.121800 -0.973900 0.184100 0.132900 0.993300 0.103800 0.051200 -0.977400 0.198200 0.073700 0.996200 0.086300 -0.011800 -0.974400 0.224600 0.011700 0.995700 0.068900 -0.062600 -0.978900 0.189100 -0.077400 -0.970700 0.234800 -0.051700 0.992500 0.057300 -0.107800 -0.964400 0.229100 -0.131900 0.986800 0.051700 -0.153400 -0.960000 0.210300 -0.185000 0.977900 0.049300 -0.203300 -0.951400 0.195100 -0.238300 0.963700 0.049800 -0.262300 -0.934700 0.185800 -0.303100 0.940200 0.066100 -0.334000 0.922200 0.038600 -0.384700 -0.909500 0.166700 -0.380800 -0.890600 0.195200 -0.410700 0.907000 0.052400 -0.417900 -0.871400 0.181400 -0.455900 -0.844300 0.143900 -0.516100 -0.833600 0.206200 -0.512500 0.888200 0.060000 -0.455400 0.862800 0.022400 -0.505000 -0.816900 0.203000 -0.539800 0.835800 0.021300 -0.548600 0.800300 0.002000 -0.599600 -0.793300 0.168600 -0.585100 -0.759500 0.174900 -0.626500 0.773800 0.023900 -0.633000 -0.710500 0.149800 -0.687600 -0.665600 0.173200 -0.726000 0.741900 0.056000 -0.668200 0.705600 0.025400 -0.708200 -0.632800 0.144100 -0.760800 -0.592800 0.138400 -0.793400 0.660500 0.058400 -0.748500 0.622400 0.033500 -0.782000 -0.537000 0.115400 -0.835600 -0.498900 0.104800 -0.860300 -0.465600 0.128600 -0.875600 0.532000 0.079000 -0.843000 0.484400 0.039900 -0.873900 0.577000 0.062300 -0.814400 -0.421000 0.104100 -0.901100 -0.382100 0.075200 -0.921000 -0.340800 0.092000 -0.935600 0.378400 0.067500 -0.923200 0.337600 0.026700 -0.940900 0.430000 0.053400 -0.901200 -0.277700 0.081200 -0.957200 -0.228200 0.087600 -0.969700 -0.181100 0.101400 -0.978200 -0.124700 0.121300 -0.984800 -0.045000 0.134200 -0.989900 0.013400 0.094600 -0.995400 0.051100 0.108700 -0.992800 0.079300 0.060700 -0.995000 0.111400 0.093500 -0.989400 0.172100 0.068400 -0.982700 0.236300 0.052900 -0.970300 0.288200 0.041100 -0.956700 -0.245000 0.195400 0.949600 -0.076200 0.245300 0.966400 -0.172500 0.258900 0.950400 -0.011200 0.249500 0.968300 0.054800 0.233100 0.970900 0.095800 0.320300 0.942500 0.131500 0.245300 0.960500 0.185400 0.222900 0.957100 -0.350300 0.204100 0.914100 -0.245500 0.238800 0.939500 -0.305400 0.239700 0.921500 -0.218900 0.249600 0.943300 -0.210200 0.306300 0.928400 0.176000 0.316100 0.932300 0.253800 0.266000 0.930000 0.306300 0.245700 0.919700 0.349200 0.293100 0.890000 0.362700 0.223700 0.904700 -0.436500 0.230600 0.869600 -0.342200 0.247400 0.906500 -0.394800 0.245700 0.885300 -0.336500 0.281200 0.898700 0.390600 0.260800 0.882800 0.405100 0.233200 0.884000 0.449300 0.252000 0.857100 -0.550700 0.255500 0.794700 -0.465900 0.286400 0.837200 -0.500900 0.288800 0.815900 -0.440600 0.286300 0.850800 0.486100 0.235600 0.841500 0.529500 0.209000 0.822200 0.584600 0.221900 0.780400 -0.602500 0.280500 0.747200 -0.659000 0.290200 0.693900 -0.549500 0.293700 0.782200 0.627700 0.206800 0.750500 0.664400 0.204000 0.719000 -0.693000 0.299600 0.655700 -0.739600 0.284100 0.610100 0.708200 0.182200 0.682100 0.731700 0.186300 0.655700 -0.809500 0.256400 0.528200 -0.766400 0.282700 0.576800 0.778700 0.150700 0.609000 0.814600 0.176000 0.552700 -0.800700 0.292000 0.523000 -0.837900 0.255400 0.482300 0.838200 0.186000 0.512600 -0.890300 0.233000 0.391300 -0.860500 0.258800 0.438900 0.869800 0.150500 0.469800 0.896400 0.162300 0.412400 -0.887800 0.254500 0.383400 -0.910900 0.227100 0.344500 0.920700 0.168400 0.352000 -0.927000 0.232500 0.294500 0.940100 0.141300 0.310200 0.960300 0.148100 0.236300 -0.939900 0.237700 0.245100 -0.954600 0.213200 0.208200 0.973800 0.146200 0.174000 -0.961100 0.227800 0.156300 0.983000 0.142300 0.115800 -0.966500 0.232200 0.109400 0.990300 0.129300 0.051400 -0.965400 0.255900 0.051200 0.993000 0.118200 -0.004200 -0.964700 0.262800 -0.014700 0.992500 0.109000 -0.055200 -0.963700 0.257200 -0.072100 0.989500 0.102400 -0.101500 -0.959800 0.249900 -0.127500 0.984200 0.097300 -0.147800 -0.951600 0.245600 -0.184700 0.976100 0.093100 -0.196600 -0.940300 0.239300 -0.242200 0.962200 0.090700 -0.257000 -0.915000 0.249200 -0.317400 -0.898800 0.221800 -0.378100 -0.894700 0.276700 -0.350600 0.933100 0.123500 -0.337800 0.920900 0.107200 -0.374800 -0.893100 0.244100 -0.377900 0.909800 0.104300 -0.401800 -0.866600 0.226700 -0.444500 -0.840400 0.255400 -0.478000 0.883900 0.115100 -0.453200 0.864500 0.089300 -0.494600 -0.828500 0.239300 -0.506400 0.805700 0.056200 -0.589700 0.846200 0.084900 -0.526000 -0.786800 0.218400 -0.577200 -0.754700 0.213900 -0.620200 0.801800 0.109300 -0.587600 0.774600 0.084900 -0.626800 -0.706700 0.188500 -0.681900 -0.670800 0.222200 -0.707600 0.741700 0.102000 -0.662900 0.700900 0.083400 -0.708300 -0.636000 0.198600 -0.745700 -0.602600 0.190000 -0.775100 -0.549400 0.168000 -0.818500 -0.550100 0.205100 -0.809500 0.653800 0.107100 -0.749000 0.612800 0.093100 -0.784700 -0.507500 0.160000 -0.846700 -0.474100 0.166500 -0.864600 0.528300 0.125200 -0.839800 0.478400 0.089100 -0.873600 0.573100 0.117600 -0.811000 -0.423100 0.148900 -0.893800 -0.390100 0.134900 -0.910800 -0.345500 0.137000 -0.928400 0.364400 0.115500 -0.924100 0.326700 0.075500 -0.942100 0.420100 0.100500 -0.901900 -0.271200 0.117200 -0.955400 -0.219200 0.123600 -0.967800 -0.170800 0.129800 -0.976700 -0.116900 0.137500 -0.983600 -0.055800 0.142800 -0.988200 0.011500 0.137700 -0.990400 0.080300 0.134000 -0.987700 0.152400 0.125800 -0.980300 0.211200 0.104500 -0.971800 0.262700 0.095500 -0.960100 -0.127600 0.352200 0.927200 -0.035900 0.351200 0.935600 0.032600 0.334600 0.941800 -0.296300 0.309300 0.903600 -0.194000 0.317100 0.928300 -0.242200 0.324000 0.914500 -0.158500 0.346700 0.924500 -0.096700 0.389200 0.916000 0.001300 0.394800 0.918800 0.089200 0.378400 0.921300 0.166800 0.363900 0.916400 0.237400 0.323300 0.916000 0.265200 0.372300 0.889400 0.291400 0.317500 0.902400 -0.386600 0.287500 0.876300 -0.298100 0.316400 0.900600 -0.337500 0.302800 0.891300 -0.269700 0.359700 0.893200 0.320900 0.343800 0.882500 0.351300 0.299900 0.886900 0.390000 0.328200 0.860300 0.401500 0.282300 0.871300 -0.448900 0.314600 0.836400 -0.504100 0.332100 0.797200 -0.414700 0.323300 0.850600 -0.390300 0.335300 0.857400 0.437700 0.303200 0.846500 0.474800 0.264500 0.839400 0.524300 0.291400 0.800100 0.534500 0.245600 0.808700 -0.653800 0.312300 0.689200 -0.539500 0.334000 0.772900 -0.596900 0.340500 0.726500 0.577400 0.275600 0.768600 0.600400 0.255500 0.757800 0.646200 0.252300 0.720200 -0.724300 0.322300 0.609500 -0.643100 0.359700 0.676000 -0.674800 0.340500 0.654700 0.676500 0.237300 0.697100 0.710200 0.223300 0.667700 -0.716000 0.349300 0.604400 -0.760500 0.322100 0.563800 0.762400 0.224800 0.606800 0.778200 0.184000 0.600500 -0.793600 0.315800 0.520100 -0.838600 0.286100 0.463600 0.802300 0.226500 0.552300 0.822200 0.233800 0.518900 -0.861000 0.290200 0.417800 0.862700 0.193100 0.467400 0.891600 0.199000 0.406800 -0.882300 0.284800 0.374800 -0.909900 0.254600 0.327300 0.913700 0.205100 0.350700 -0.921500 0.264200 0.284700 0.931200 0.210400 0.297700 0.940700 0.169000 0.294300 -0.946700 0.254400 0.197700 -0.932900 0.269900 0.238400 0.953200 0.179300 0.243300 0.969200 0.174100 0.174300 -0.951700 0.266900 0.151800 -0.938700 0.297200 0.174700 0.979400 0.168700 0.110800 -0.944200 0.306800 0.120100 -0.957100 0.272800 0.097400 0.985000 0.162400 0.057800 -0.956200 0.290700 0.033600 0.988100 0.153900 -0.001000 -0.955900 0.292700 -0.025400 0.987500 0.149500 -0.049700 -0.953900 0.290200 -0.076200 0.985100 0.142500 -0.095900 -0.951100 0.283500 -0.122900 0.980000 0.137700 -0.143700 -0.938300 0.297100 -0.176900 -0.927100 0.299300 -0.225800 -0.915700 0.348700 -0.199600 0.970600 0.136700 -0.198000 -0.908300 0.301900 -0.289500 -0.908000 0.326500 -0.262500 0.941200 0.196800 -0.274800 0.923800 0.186300 -0.334500 0.948700 0.146800 -0.280000 -0.903700 0.295200 -0.310200 0.920900 0.162000 -0.354500 -0.880400 0.288800 -0.376100 -0.859100 0.270100 -0.434700 -0.851600 0.315300 -0.418700 0.908700 0.150500 -0.389400 -0.840500 0.294800 -0.454500 0.873400 0.164800 -0.458300 0.850100 0.154600 -0.503300 -0.812500 0.294200 -0.503300 -0.793100 0.248900 -0.555900 -0.770400 0.289300 -0.568100 0.814100 0.186200 -0.550000 0.783200 0.158900 -0.601100 0.826500 0.143200 -0.544400 -0.751800 0.266700 -0.603100 -0.712200 0.237600 -0.660600 -0.711000 0.271700 -0.648500 0.767400 0.155100 -0.622100 -0.673800 0.261800 -0.690900 0.731900 0.155000 -0.663500 0.697200 0.145300 -0.702000 -0.628800 0.235200 -0.741200 -0.594700 0.229100 -0.770600 -0.558100 0.240000 -0.794300 0.651100 0.154800 -0.743000 0.608600 0.145700 -0.780000 -0.517100 0.210100 -0.829700 -0.474500 0.205700 -0.855900 0.513900 0.173900 -0.840100 0.469100 0.133700 -0.873000 0.557800 0.163800 -0.813700 -0.414800 0.187200 -0.890500 -0.383400 0.192400 -0.903300 -0.362400 0.196300 -0.911100 -0.294400 0.167500 -0.940900 -0.300800 0.210900 -0.930100 0.306200 0.168600 -0.936900 0.258900 0.144200 -0.955100 0.312500 0.117600 -0.942600 0.365000 0.163300 -0.916600 0.415700 0.148200 -0.897400 -0.225500 0.163000 -0.960500 -0.170000 0.162400 -0.972000 -0.115600 0.164800 -0.979500 -0.059500 0.168800 -0.983900 -0.002400 0.169500 -0.985500 0.059300 0.164400 -0.984600 0.136100 0.158900 -0.977900 0.204000 0.148300 -0.967700 -0.213100 0.380800 0.899800 -0.153700 0.387900 0.908800 -0.098800 0.401300 0.910600 -0.029800 0.414200 0.909700 0.047500 0.414800 0.908700 0.122500 0.406800 0.905200 0.205000 0.389200 0.898100 -0.275600 0.357700 0.892200 -0.332900 0.349300 0.875900 -0.236900 0.369800 0.898400 -0.183000 0.396800 0.899400 -0.111300 0.415400 0.902800 -0.045400 0.428000 0.902600 0.023200 0.435200 0.900100 0.095200 0.435600 0.895100 0.171100 0.423600 0.889500 0.238600 0.396500 0.886500 0.292600 0.357400 0.887000 0.313200 0.384200 0.868500 0.338300 0.346600 0.874900 -0.502900 0.353700 0.788700 -0.388000 0.356300 0.850000 -0.447900 0.369000 0.814400 -0.354300 0.372500 0.857700 0.371600 0.357500 0.856800 0.422300 0.323500 0.846800 0.458000 0.351400 0.816600 0.471400 0.314300 0.824000 -0.574300 0.376100 0.727100 -0.495900 0.402800 0.769300 -0.522800 0.381500 0.762300 0.524200 0.339600 0.781000 0.550600 0.312900 0.773900 0.578800 0.327600 0.746700 0.613300 0.292500 0.733700 -0.620100 0.383600 0.684400 -0.675200 0.373800 0.635900 -0.570800 0.392800 0.721000 0.618900 0.311000 0.721300 0.653100 0.330900 0.681200 0.653800 0.275900 0.704600 -0.703300 0.381600 0.599800 -0.752600 0.356700 0.553600 0.694100 0.293600 0.657300 0.748100 0.270000 0.606100 -0.816700 0.322700 0.478500 -0.774200 0.360600 0.520300 0.781400 0.273400 0.561000 0.813700 0.279600 0.509600 -0.804100 0.361800 0.471800 -0.848900 0.322200 0.419000 0.832700 0.278700 0.478500 0.852000 0.227400 0.471600 -0.895800 0.296800 0.330700 -0.864200 0.335400 0.375000 0.870400 0.251500 0.423200 0.898100 0.246900 0.363900 -0.885400 0.336900 0.320100 -0.915500 0.298700 0.269600 0.919200 0.243900 0.309100 -0.926800 0.305100 0.219100 0.941100 0.242200 0.235800 0.950500 0.205500 0.232900 -0.927500 0.334700 0.166400 0.961000 0.207500 0.182800 0.973000 0.198700 0.117800 -0.946400 0.315100 0.071200 -0.933300 0.340200 0.115000 0.979400 0.194400 0.055500 -0.947000 0.320800 0.015900 -0.937200 0.343900 0.059000 0.980400 0.197100 0.004800 -0.944100 0.327200 -0.040400 -0.937200 0.348800 -0.006100 0.981000 0.189400 -0.042700 -0.937700 0.335800 -0.089200 -0.930600 0.360200 -0.065600 0.979200 0.181200 -0.090900 -0.929800 0.340400 -0.139900 -0.921200 0.367300 -0.128100 0.972800 0.181600 -0.144000 -0.914900 0.354600 -0.192900 0.944500 0.252500 -0.210300 0.929100 0.250400 -0.272000 0.956200 0.199300 -0.214600 -0.909800 0.335100 -0.244800 0.925400 0.222100 -0.307300 -0.892600 0.334600 -0.302200 -0.872600 0.329300 -0.360800 -0.865100 0.365100 -0.343900 0.915100 0.207800 -0.345600 -0.861700 0.333600 -0.382400 0.879900 0.242100 -0.408800 0.854600 0.221100 -0.469900 0.891300 0.201400 -0.406100 -0.845300 0.317400 -0.429700 0.842300 0.211900 -0.495600 -0.799900 0.330500 -0.501000 -0.773800 0.321400 -0.545900 0.804800 0.225000 -0.549200 0.778300 0.205000 -0.593500 -0.734600 0.314600 -0.601200 -0.707800 0.305200 -0.637100 0.754900 0.214300 -0.619800 0.711000 0.204700 -0.672700 0.732200 0.188400 -0.654600 -0.660400 0.320700 -0.679000 -0.630900 0.266200 -0.728800 -0.618900 0.305200 -0.723800 0.674500 0.228100 -0.702200 0.634200 0.210900 -0.743900 0.667900 0.181000 -0.721900 -0.581200 0.276500 -0.765400 -0.556600 0.282200 -0.781400 0.584200 0.245900 -0.773500 0.550300 0.204000 -0.809600 0.604200 0.177400 -0.776800 -0.513400 0.260800 -0.817600 -0.484800 0.260500 -0.835000 -0.425900 0.233700 -0.874100 -0.429800 0.272000 -0.861000 0.501500 0.224800 -0.835400 0.461900 0.187400 -0.866900 -0.371400 0.235900 -0.898000 -0.340100 0.247100 -0.907400 -0.297800 0.267500 -0.916400 0.275500 0.226100 -0.934300 0.240200 0.183000 -0.953300 0.330600 0.214500 -0.919100 0.394400 0.208100 -0.895100 -0.233200 0.210500 -0.949400 -0.174600 0.201700 -0.963800 -0.116000 0.197200 -0.973500 -0.060800 0.202800 -0.977300 -0.006700 0.207200 -0.978300 0.047500 0.208000 -0.977000 0.106900 0.195800 -0.974800 0.169800 0.190600 -0.966900 -0.311800 0.396600 0.863400 -0.248700 0.405800 0.879500 -0.204400 0.407200 0.890200 -0.110900 0.417700 0.901800 -0.156000 0.413400 0.897100 -0.056300 0.436000 0.898200 0.005100 0.444300 0.895900 0.073200 0.444000 0.893000 0.150600 0.428300 0.891000 0.168900 0.434200 0.884800 0.206800 0.410200 0.888200 0.261700 0.398000 0.879200 -0.440300 0.405300 0.801200 -0.328100 0.392400 0.859300 -0.387400 0.402200 0.829500 -0.280200 0.414400 0.865900 -0.218000 0.431900 0.875200 -0.165400 0.445200 0.880000 0.230000 0.421400 0.877200 0.294200 0.404100 0.866100 0.338000 0.381900 0.860200 0.387300 0.367800 0.845400 0.435900 0.386400 0.812800 -0.462600 0.430700 0.775000 -0.522600 0.414500 0.745100 -0.431100 0.442400 0.786400 0.475700 0.372000 0.797100 0.502600 0.382300 0.775400 0.522600 0.342600 0.780700 -0.650900 0.395800 0.647800 -0.566400 0.413000 0.713200 -0.620400 0.433200 0.653800 0.552400 0.365100 0.749400 0.594900 0.340500 0.728100 0.638900 0.369100 0.674900 -0.729600 0.397200 0.556700 -0.663100 0.424600 0.616400 -0.691000 0.425800 0.584200 0.686200 0.362900 0.630500 0.721400 0.324000 0.612100 -0.718300 0.435200 0.542900 -0.765800 0.398200 0.504900 0.727800 0.337800 0.596800 0.739500 0.356500 0.570900 0.773500 0.304200 0.556000 -0.827800 0.368200 0.423400 -0.781700 0.410100 0.469900 0.798200 0.329900 0.504000 0.824600 0.328400 0.460600 -0.812500 0.410100 0.414300 -0.856800 0.366400 0.362900 0.859400 0.291500 0.420000 0.889200 0.290600 0.353300 -0.899200 0.345600 0.268300 -0.868200 0.383200 0.315300 0.915300 0.280800 0.288800 -0.888900 0.386800 0.245700 -0.913700 0.347100 0.211100 0.928700 0.287700 0.234100 -0.918500 0.367500 0.145600 0.943300 0.286600 0.167600 0.955600 0.239300 0.172100 -0.925200 0.368500 0.090900 0.961800 0.244000 0.124000 0.970400 0.232500 0.065200 -0.929300 0.367800 0.033400 0.971500 0.236800 0.010700 -0.926900 0.374500 -0.024600 0.971300 0.234300 -0.040800 -0.922300 0.376800 -0.086000 0.968700 0.231400 -0.089500 -0.914600 0.378500 -0.142000 0.943800 0.305100 -0.126800 0.931500 0.305000 -0.198300 0.955000 0.254600 -0.152300 -0.909200 0.371200 -0.188700 0.930200 0.274700 -0.243600 -0.894500 0.378600 -0.237900 -0.880900 0.374100 -0.290000 -0.872200 0.407100 -0.271300 0.924500 0.252100 -0.285800 -0.871400 0.378400 -0.312300 0.908200 0.248000 -0.337200 -0.859400 0.363400 -0.359600 0.863700 0.288800 -0.413100 0.847200 0.276900 -0.453400 -0.821800 0.376200 -0.427900 -0.793900 0.355500 -0.493300 -0.775300 0.410300 -0.480200 0.816900 0.303400 -0.490500 0.793200 0.270900 -0.545400 0.827300 0.260700 -0.497600 -0.767700 0.381400 -0.515000 -0.738500 0.355100 -0.573100 -0.728100 0.383700 -0.568000 0.789300 0.250900 -0.560300 -0.711800 0.365700 -0.599700 -0.685000 0.349000 -0.639500 -0.662000 0.383800 -0.643800 0.753900 0.262900 -0.602000 0.715700 0.258700 -0.648800 -0.623600 0.369700 -0.688800 -0.574500 0.329100 -0.749500 -0.577900 0.357800 -0.733500 0.666000 0.277800 -0.692300 0.617500 0.276600 -0.736300 -0.558700 0.335400 -0.758500 -0.515300 0.309000 -0.799400 -0.510900 0.349000 -0.785600 0.570700 0.317400 -0.757300 0.536000 0.258100 -0.803800 -0.474300 0.313100 -0.822800 -0.434700 0.314700 -0.843800 0.439100 0.300400 -0.846700 0.397100 0.260800 -0.880000 0.455700 0.237700 -0.857800 0.473200 0.280400 -0.835100 -0.362400 0.272600 -0.891300 -0.313400 0.275800 -0.908700 -0.272800 0.304500 -0.912600 -0.230300 0.271600 -0.934500 -0.209500 0.331400 -0.919900 -0.176900 0.263600 -0.948300 -0.139000 0.316500 -0.938300 0.214000 0.287600 -0.933500 0.169200 0.244400 -0.954800 0.223400 0.225400 -0.948300 0.273900 0.280700 -0.919900 0.326700 0.265900 -0.907000 -0.113200 0.241200 -0.963800 -0.062300 0.246300 -0.967200 -0.009200 0.249700 -0.968300 0.045800 0.251300 -0.966800 0.105100 0.240400 -0.965000 -0.116700 0.445900 0.887400 -0.067500 0.450900 0.890000 -0.013200 0.453100 0.891400 0.047600 0.451700 0.890900 0.109700 0.444200 0.889200 -0.375200 0.437600 0.817100 -0.273700 0.427100 0.861800 -0.325700 0.438400 0.837700 -0.223400 0.436800 0.871400 -0.162300 0.450300 0.878000 -0.099800 0.462100 0.881200 -0.036500 0.462900 0.885600 0.023900 0.460400 0.887400 0.086900 0.455100 0.886200 0.153500 0.446500 0.881500 0.210800 0.435200 0.875300 0.265600 0.423500 0.866100 0.324600 0.408600 0.853000 0.354700 0.427500 0.831500 0.403500 0.403700 0.821100 -0.492200 0.435000 0.754000 -0.408900 0.466100 0.784600 -0.460900 0.472200 0.751400 -0.365800 0.474500 0.800600 0.392400 0.417800 0.819500 0.437200 0.429800 0.790000 0.448100 0.396200 0.801400 -0.577900 0.440900 0.686800 -0.509300 0.458100 0.728500 -0.546000 0.456200 0.702700 0.487600 0.418000 0.766500 0.521300 0.388900 0.759600 0.559900 0.417500 0.715600 0.591900 0.375300 0.713300 -0.663200 0.452800 0.595900 -0.598200 0.471200 0.648200 -0.634200 0.482800 0.603900 0.607500 0.441400 0.660400 0.654000 0.412600 0.634000 -0.744200 0.441600 0.501200 -0.668700 0.476000 0.571200 -0.701400 0.475000 0.531400 0.679400 0.405500 0.611600 0.716900 0.393600 0.575500 -0.729500 0.478200 0.489000 -0.775300 0.440700 0.452500 0.773500 0.361900 0.520300 0.824000 0.361800 0.436000 -0.836000 0.414200 0.359900 -0.791000 0.455500 0.408500 0.834000 0.381600 0.398600 0.848700 0.328200 0.414600 -0.820600 0.455400 0.345300 -0.861600 0.411300 0.297300 0.868200 0.341500 0.359900 0.895900 0.337900 0.288300 -0.898800 0.395700 0.188600 -0.873200 0.420900 0.245800 0.918000 0.331900 0.217000 -0.905300 0.401600 0.138100 -0.882600 0.433400 0.182200 0.924900 0.344700 0.160600 -0.911300 0.401000 0.093100 -0.889200 0.440700 0.122800 0.937100 0.332300 0.106800 0.953100 0.284800 0.102800 -0.901300 0.428500 0.063600 -0.919800 0.391100 0.033300 0.943800 0.327000 0.047500 0.957300 0.283800 0.055200 -0.919600 0.392100 -0.024200 0.944000 0.328400 -0.032400 0.958800 0.284200 -0.000100 -0.911300 0.404700 -0.075600 -0.905700 0.406800 -0.119600 -0.889800 0.447900 -0.087000 0.935200 0.335700 -0.112400 0.953600 0.294800 -0.061300 -0.896800 0.411600 -0.162400 -0.888100 0.438700 -0.137200 0.930600 0.321400 -0.175000 -0.884800 0.413800 -0.214300 -0.881500 0.429000 -0.197000 0.926100 0.301700 -0.226300 -0.874600 0.414000 -0.252300 0.913100 0.296200 -0.280300 -0.863900 0.404100 -0.300800 0.864400 0.362100 -0.348900 0.844800 0.349100 -0.405600 0.882200 0.306700 -0.357200 -0.834300 0.418600 -0.358600 -0.806700 0.418300 -0.417600 -0.795400 0.454900 -0.400500 0.839100 0.327500 -0.434400 -0.778400 0.444900 -0.443000 0.798500 0.354100 -0.486900 0.791000 0.330600 -0.514800 -0.754400 0.421300 -0.503400 -0.728100 0.409300 -0.549800 0.760900 0.353400 -0.544200 0.730300 0.325700 -0.600400 0.778000 0.303700 -0.550000 -0.688000 0.411800 -0.597500 -0.659600 0.408900 -0.630600 0.706900 0.324100 -0.628600 -0.610200 0.403400 -0.681900 -0.584600 0.394400 -0.709000 0.655000 0.332200 -0.678600 0.606000 0.334100 -0.721900 -0.536300 0.383600 -0.751800 -0.507400 0.396300 -0.765100 0.529300 0.390600 -0.753200 0.480000 0.341500 -0.808100 0.533100 0.314700 -0.785400 0.556400 0.382200 -0.737800 -0.459200 0.362300 -0.811100 -0.428000 0.373600 -0.823000 -0.381200 0.328500 -0.864100 -0.371300 0.380900 -0.846800 0.370500 0.383800 -0.845800 0.326300 0.332600 -0.884800 0.381500 0.317300 -0.868200 0.407800 0.354100 -0.841600 -0.306400 0.316800 -0.897600 -0.255100 0.324900 -0.910700 -0.203100 0.350200 -0.914400 -0.130900 0.361100 -0.923300 -0.079800 0.309200 -0.947600 -0.052600 0.350400 -0.935100 -0.020300 0.300200 -0.953700 0.025800 0.348300 -0.937000 0.038400 0.300700 -0.952900 0.085300 0.354000 -0.931400 0.090200 0.300200 -0.949600 0.144100 0.347100 -0.926700 0.141900 0.294300 -0.945100 0.202600 0.343300 -0.917100 0.261500 0.336400 -0.904700 -0.305200 0.472000 0.827100 -0.257200 0.467300 0.845900 -0.160600 0.458800 0.873900 -0.211300 0.464400 0.860000 -0.109800 0.467600 0.877100 -0.056200 0.470900 0.880400 0.000600 0.471400 0.881900 0.060300 0.466700 0.882400 0.123200 0.458800 0.879900 0.190300 0.450600 0.872200 0.212600 0.475700 0.853500 0.253400 0.443300 0.859800 0.310100 0.435600 0.845000 -0.422800 0.489000 0.763000 -0.359100 0.488100 0.795500 -0.399500 0.517200 0.756800 -0.296000 0.493100 0.818100 -0.232300 0.501200 0.833600 0.266300 0.470200 0.841400 0.324100 0.447200 0.833600 0.377600 0.479400 0.792200 0.386200 0.442900 0.809100 -0.520000 0.482800 0.704600 -0.442800 0.516400 0.733000 -0.489400 0.509600 0.707700 0.431700 0.467600 0.771400 0.471200 0.442700 0.762900 0.512100 0.468400 0.719900 0.534400 0.444100 0.719200 -0.611800 0.501600 0.611600 -0.537200 0.506900 0.674100 -0.570900 0.502000 0.649700 0.557900 0.479100 0.677600 0.598300 0.477000 0.643800 0.627000 0.450900 0.635200 -0.671300 0.498200 0.548700 -0.605500 0.523800 0.599100 -0.638500 0.518800 0.568500 0.638700 0.456900 0.619100 0.663600 0.467700 0.583800 0.684900 0.424600 0.592200 -0.754400 0.481700 0.445800 -0.677400 0.517300 0.523000 -0.712000 0.516300 0.476000 0.706900 0.411800 0.575100 0.746000 0.431800 0.506900 0.789700 0.363500 0.494200 -0.739800 0.517500 0.430000 -0.786700 0.477500 0.391300 0.796700 0.420700 0.433900 0.828300 0.425200 0.364800 -0.841700 0.458500 0.285200 -0.803300 0.493300 0.333600 0.835000 0.444700 0.324100 0.855200 0.390400 0.340800 -0.829000 0.493600 0.262900 -0.862900 0.450600 0.228800 0.870700 0.401400 0.284300 0.894100 0.390000 0.220200 -0.870100 0.462000 0.171600 0.909500 0.388800 0.147400 -0.878300 0.465900 0.107500 0.922300 0.376800 0.086400 -0.901500 0.432700 0.012500 -0.886200 0.460500 0.052100 0.931200 0.364100 0.016500 -0.898200 0.438100 -0.036700 -0.885000 0.465300 -0.018100 0.929900 0.364100 -0.053000 -0.883800 0.459700 -0.087500 0.925700 0.358800 -0.120100 -0.879900 0.451700 -0.147400 0.916800 0.356900 -0.179400 -0.876800 0.440600 -0.192500 0.907200 0.353900 -0.227500 -0.861800 0.447200 -0.239300 -0.846700 0.450600 -0.283100 -0.832900 0.490100 -0.257300 0.861700 0.430000 -0.269400 0.841600 0.421400 -0.337900 0.881200 0.372500 -0.291000 -0.825000 0.456100 -0.333800 -0.816300 0.479700 -0.321700 0.836800 0.392500 -0.381600 -0.790300 0.472900 -0.389600 0.788000 0.439100 -0.431600 0.774200 0.416700 -0.476400 0.811700 0.382900 -0.441100 -0.742800 0.503900 -0.440900 -0.752300 0.459600 -0.472000 -0.726500 0.490000 -0.481800 0.773400 0.397200 -0.494000 -0.719000 0.465300 -0.516300 -0.683900 0.448500 -0.575400 -0.674200 0.482300 -0.559300 0.738800 0.401500 -0.541300 0.715400 0.387600 -0.581300 -0.658700 0.461600 -0.594200 -0.623400 0.437500 -0.648000 -0.609200 0.462000 -0.644600 0.690400 0.408100 -0.597300 0.648900 0.432800 -0.625800 0.666300 0.371400 -0.646600 -0.575500 0.455500 -0.679200 -0.551600 0.420900 -0.720100 -0.527600 0.450900 -0.720000 0.598400 0.447400 -0.664600 0.554300 0.442600 -0.704800 0.605800 0.380900 -0.698500 -0.489000 0.456400 -0.743400 -0.463100 0.416400 -0.782400 -0.448200 0.468300 -0.761500 0.476100 0.458000 -0.750700 0.405500 0.416700 -0.813600 0.466100 0.397600 -0.790300 0.511600 0.453800 -0.729600 -0.403500 0.415600 -0.815100 -0.357900 0.437100 -0.825100 -0.314800 0.389400 -0.865600 -0.291500 0.445100 -0.846700 0.300800 0.456900 -0.837100 0.255400 0.408600 -0.876200 0.311800 0.394800 -0.864200 0.344700 0.437300 -0.830600 -0.253700 0.372800 -0.892600 -0.206600 0.379700 -0.901700 -0.144300 0.385400 -0.911400 -0.074500 0.391300 -0.917300 -0.004900 0.390100 -0.920800 0.066000 0.400700 -0.913800 0.130200 0.399200 -0.907600 0.190500 0.398100 -0.897300 -0.175400 0.495300 0.850800 -0.124300 0.493000 0.861100 -0.072400 0.488700 0.869400 -0.018300 0.488600 0.872300 0.037600 0.487200 0.872500 0.095600 0.480500 0.871800 0.158000 0.477400 0.864400 -0.368900 0.522700 0.768600 -0.326300 0.520600 0.789000 -0.231400 0.512700 0.826800 -0.283000 0.518000 0.807200 -0.166500 0.514400 0.841200 -0.094900 0.509700 0.855100 -0.035300 0.511400 0.858600 0.021200 0.513000 0.858100 0.078200 0.512400 0.855200 0.137300 0.504400 0.852500 0.200300 0.502000 0.841400 0.264700 0.490100 0.830500 0.302400 0.531700 0.791100 0.324200 0.493000 0.807400 -0.458900 0.536000 0.708600 -0.364000 0.548800 0.752500 -0.425500 0.551400 0.717600 -0.303200 0.555800 0.774000 0.367700 0.517600 0.772500 0.417100 0.485200 0.768500 0.455000 0.506000 0.732800 0.486700 0.484800 0.726700 -0.562800 0.529800 0.634400 -0.474800 0.552400 0.685100 -0.517500 0.537300 0.665900 0.490100 0.522200 0.698000 0.525700 0.538000 0.658900 0.545300 0.500900 0.672100 -0.593400 0.545100 0.592300 -0.634600 0.530400 0.562000 -0.554300 0.548500 0.626000 0.574400 0.510700 0.639700 0.618100 0.479300 0.623000 0.656300 0.508900 0.557000 -0.685000 0.536700 0.492700 -0.665400 0.548300 0.506500 0.680600 0.522300 0.513700 0.700300 0.477900 0.530200 -0.765400 0.519600 0.379700 -0.693000 0.556100 0.458900 -0.726100 0.553800 0.407400 0.726700 0.493600 0.477800 0.753100 0.525400 0.396000 0.805100 0.451800 0.384300 -0.757500 0.553500 0.346000 -0.796400 0.511200 0.323000 0.780300 0.519300 0.348500 0.820200 0.476900 0.315800 -0.841600 0.496300 0.213200 -0.811300 0.522100 0.263000 0.831600 0.495700 0.250500 0.853900 0.451700 0.258500 -0.851600 0.499000 0.160500 -0.826800 0.527700 0.194900 0.849200 0.492600 0.190300 0.871200 0.446200 0.204800 -0.861300 0.498600 0.097900 -0.831300 0.542200 0.122400 0.854900 0.504200 0.122300 0.887900 0.437500 0.142100 -0.843600 0.533800 0.058700 -0.875000 0.482900 0.034300 0.895300 0.436400 0.089900 0.911100 0.411700 0.019200 -0.876400 0.481200 -0.018600 0.914000 0.403600 -0.041900 -0.868800 0.490100 -0.070500 -0.865500 0.486700 -0.118800 -0.837200 0.541100 -0.079100 0.873100 0.484300 -0.056500 0.858400 0.497500 -0.125100 0.903000 0.416300 -0.106300 -0.858700 0.486600 -0.160900 -0.841500 0.524200 -0.130600 0.856800 0.480000 -0.188500 0.895200 0.415700 -0.160900 -0.850200 0.485000 -0.205000 -0.835500 0.515100 -0.191500 0.841200 0.471300 -0.265000 0.879400 0.426400 -0.211800 -0.825300 0.504800 -0.253000 0.827900 0.456800 -0.325600 -0.804400 0.508600 -0.307000 -0.782700 0.511900 -0.353900 -0.767000 0.551000 -0.328900 0.777600 0.513400 -0.363000 0.760500 0.494000 -0.421400 0.802300 0.458900 -0.381700 -0.757300 0.513300 -0.403700 -0.740200 0.542700 -0.397000 0.761800 0.458700 -0.457400 -0.705100 0.538200 -0.461700 -0.698600 0.509900 -0.502000 -0.684400 0.536700 -0.493600 0.738100 0.466700 -0.487200 0.698400 0.489400 -0.522200 0.728700 0.436800 -0.527400 -0.668600 0.511700 -0.539500 0.667800 0.503200 -0.548500 0.636800 0.518100 -0.571000 0.681400 0.454100 -0.573900 -0.633500 0.500800 -0.589700 -0.605600 0.495900 -0.622400 0.603000 0.530800 -0.595500 0.563300 0.543400 -0.622400 0.610000 0.485900 -0.626000 -0.553000 0.484500 -0.677800 -0.513900 0.514000 -0.686800 -0.499200 0.488200 -0.715900 -0.474400 0.524300 -0.707200 0.515700 0.546200 -0.660100 0.486300 0.528300 -0.696000 0.543600 0.484600 -0.685300 -0.430300 0.523800 -0.735200 -0.399100 0.476400 -0.783400 -0.369700 0.523400 -0.767700 0.419400 0.518500 -0.745200 0.351500 0.512700 -0.783300 0.389700 0.472600 -0.790500 0.462300 0.518900 -0.719000 -0.338700 0.467600 -0.816500 -0.280500 0.484600 -0.828600 -0.234800 0.442500 -0.865500 -0.208100 0.492800 -0.844900 -0.184300 0.435700 -0.881000 -0.144000 0.511500 -0.847100 -0.128300 0.438700 -0.889400 -0.077200 0.502600 -0.861100 0.099300 0.519200 -0.848900 0.068300 0.457900 -0.886400 0.120600 0.453100 -0.883300 0.166200 0.503500 -0.847900 0.179700 0.455900 -0.871700 0.230100 0.502200 -0.833600 0.232300 0.461000 -0.856500 0.301800 0.491100 -0.817100 -0.064100 0.428600 -0.901200 -0.001900 0.436900 -0.899500 -0.251700 0.551100 0.795600 -0.209900 0.546000 0.811100 -0.105900 0.529400 0.841800 -0.163600 0.539800 0.825700 -0.050200 0.538200 0.841300 0.006500 0.542000 0.840300 0.065200 0.541800 0.838000 0.127900 0.530100 0.838200 0.154300 0.568700 0.807900 0.188800 0.529600 0.827000 0.245600 0.531300 0.810800 -0.396100 0.558900 0.728500 -0.308500 0.564600 0.765500 -0.370800 0.583300 0.722700 -0.241000 0.582500 0.776300 -0.185000 0.584000 0.790400 0.220200 0.569000 0.792300 0.298100 0.553200 0.777900 0.356600 0.529000 0.770100 0.377200 0.564000 0.734600 0.422900 0.531400 0.734000 -0.503100 0.561300 0.657200 -0.417600 0.581600 0.698100 -0.462200 0.576800 0.673500 0.418100 0.570700 0.706800 0.462600 0.598700 0.653900 0.474100 0.557200 0.681800 -0.629900 0.551200 0.547100 -0.555500 0.567100 0.608100 -0.597400 0.575200 0.558900 -0.508900 0.574700 0.640900 0.504600 0.579000 0.640400 0.540500 0.536300 0.648200 0.572200 0.559100 0.600000 0.614000 0.508400 0.603800 -0.658800 0.563600 0.498300 -0.625500 0.598100 0.501000 0.620600 0.576900 0.531100 0.661700 0.568900 0.488500 -0.703100 0.575100 0.418300 -0.666300 0.585200 0.462200 -0.685200 0.590300 0.426700 0.682600 0.582400 0.441400 0.709300 0.564700 0.422000 -0.781600 0.552700 0.289200 -0.711900 0.595200 0.372800 -0.742400 0.581600 0.332600 0.701900 0.595200 0.391400 0.739500 0.577900 0.345200 0.769000 0.535000 0.349900 -0.796400 0.554100 0.242300 -0.761400 0.589300 0.270000 0.772900 0.574000 0.270600 0.808300 0.516500 0.282600 -0.805900 0.561700 0.187000 -0.770300 0.603500 0.205900 0.794100 0.562500 0.230200 0.823200 0.534500 0.191400 -0.783700 0.605500 0.138500 -0.817500 0.563300 0.120400 0.829100 0.548000 0.111100 -0.844200 0.535800 0.016000 -0.815700 0.576200 0.052100 0.837900 0.544700 0.033900 0.872800 0.485400 0.051700 -0.844900 0.534300 -0.027700 -0.816600 0.577100 -0.012400 0.833400 0.550600 -0.048300 0.873100 0.487500 -0.002300 -0.819300 0.568600 -0.074100 0.827900 0.545600 -0.129800 -0.826600 0.548200 -0.127300 0.829900 0.522000 -0.197100 -0.816700 0.548900 -0.178200 -0.806900 0.546500 -0.224100 -0.780500 0.595100 -0.191500 0.778800 0.587200 -0.220500 0.761400 0.579800 -0.290100 0.811700 0.521600 -0.262800 -0.792800 0.545800 -0.271300 -0.775600 0.577200 -0.255400 0.753300 0.550100 -0.360500 0.795900 0.517500 -0.314200 -0.755900 0.562500 -0.335000 0.751300 0.519300 -0.407200 -0.710600 0.584900 -0.391000 -0.715800 0.552100 -0.427600 -0.685000 0.577100 -0.444700 0.720500 0.550500 -0.421800 0.683900 0.571700 -0.453300 0.718900 0.515700 -0.466100 -0.653500 0.583600 -0.482000 -0.645700 0.572200 -0.505700 -0.609300 0.606700 -0.510500 0.651500 0.581800 -0.486900 0.617300 0.593500 -0.516400 0.657000 0.546600 -0.519200 -0.619200 0.544000 -0.566300 -0.595200 0.580100 -0.556100 0.583100 0.601200 -0.546500 0.548100 0.606500 -0.575900 0.590800 0.570000 -0.571000 -0.594800 0.554600 -0.581900 -0.551100 0.526500 -0.647300 -0.527000 0.577100 -0.623900 0.507900 0.610000 -0.608200 0.469800 0.609000 -0.639000 0.513400 0.581500 -0.631100 -0.490400 0.542900 -0.681700 -0.453500 0.578800 -0.677800 -0.443700 0.557400 -0.701700 -0.404800 0.582500 -0.704900 0.396300 0.598000 -0.696600 0.356200 0.593600 -0.721700 0.404800 0.556900 -0.725300 0.432400 0.603300 -0.670100 0.457600 0.569100 -0.683200 -0.360500 0.566500 -0.741000 -0.315800 0.528700 -0.787900 -0.290200 0.591000 -0.752700 -0.275000 0.535300 -0.798600 -0.230200 0.585000 -0.777600 0.250600 0.581100 -0.774300 0.209700 0.553800 -0.805800 0.276400 0.522800 -0.806400 0.306200 0.589400 -0.747600 0.338700 0.542400 -0.768900 -0.213100 0.527200 -0.822600 -0.142100 0.549600 -0.823200 -0.062800 0.560800 -0.825500 -0.022100 0.506700 -0.861800 0.015700 0.558800 -0.829200 0.030900 0.505200 -0.862500 0.087000 0.560300 -0.823700 0.162900 0.543100 -0.823700 -0.123600 0.575500 0.808400 -0.067700 0.577500 0.813600 -0.011300 0.577500 0.816300 0.048100 0.577600 0.814900 0.104400 0.574900 0.811500 -0.325500 0.589200 0.739600 -0.265200 0.602100 0.753100 -0.185700 0.602800 0.776000 -0.227600 0.634200 0.738900 -0.108400 0.611500 0.783800 -0.038000 0.615400 0.787300 0.027800 0.615500 0.787700 0.092800 0.613800 0.784000 0.157900 0.609500 0.776900 0.223300 0.585400 0.779400 0.245900 0.632200 0.734800 0.297200 0.583900 0.755500 0.337500 0.579600 0.741700 -0.429400 0.600800 0.674300 -0.333700 0.619000 0.711000 -0.396900 0.625900 0.671300 -0.256100 0.646900 0.718300 0.301200 0.632500 0.713600 0.351700 0.611900 0.708400 0.389400 0.659500 0.643000 0.418600 0.608800 0.673900 -0.564700 0.596400 0.570500 -0.519100 0.598500 0.610200 -0.430200 0.624500 0.651900 -0.474600 0.601300 0.642800 0.444900 0.642300 0.624100 0.487500 0.608300 0.626300 0.509000 0.650600 0.563700 0.536100 0.602300 0.591500 -0.548000 0.623100 0.558100 -0.603300 0.611900 0.511400 -0.486500 0.631600 0.603700 0.567500 0.643500 0.513700 0.585400 0.670700 0.455400 0.625500 0.619600 0.474200 -0.666200 0.611400 0.427000 -0.639300 0.631100 0.439400 0.609900 0.677900 0.410400 0.656000 0.625600 0.422200 -0.722600 0.612900 0.319800 -0.671100 0.632400 0.386900 -0.696100 0.623400 0.356100 0.640000 0.656900 0.398700 0.669000 0.657600 0.346500 0.688700 0.621800 0.373000 -0.732600 0.624800 0.270000 -0.699200 0.655900 0.284400 0.697800 0.662000 0.273700 0.732100 0.618800 0.284800 -0.715000 0.662600 0.223100 -0.754000 0.625100 0.201800 0.729100 0.643000 0.234300 0.749600 0.640400 0.167200 0.781700 0.588800 0.205500 -0.789800 0.608400 0.077900 -0.758200 0.639500 0.127100 0.757900 0.646400 0.087600 0.795400 0.589800 0.139600 -0.795200 0.605900 0.023200 -0.764800 0.641600 0.058700 0.762700 0.646600 0.011700 0.802100 0.594700 0.054400 -0.794900 0.605900 -0.030900 -0.767100 0.641500 0.000600 0.760900 0.646000 -0.060400 0.805600 0.592200 -0.016500 -0.792800 0.603600 -0.084100 -0.764400 0.642200 -0.057300 0.750000 0.647300 -0.136100 0.797000 0.597600 -0.087800 -0.792000 0.595300 -0.135700 -0.761800 0.636700 -0.119000 0.737300 0.640300 -0.215400 0.784800 0.599300 -0.158100 -0.765500 0.618400 -0.177800 0.744600 0.604600 -0.282900 -0.754100 0.614300 -0.232400 -0.742800 0.605500 -0.285700 -0.706300 0.663200 -0.247600 0.700100 0.647700 -0.300700 0.676900 0.647000 -0.351000 0.726700 0.588100 -0.354900 -0.723800 0.596400 -0.347200 -0.705800 0.628400 -0.327200 0.675900 0.624300 -0.391700 0.711600 0.582800 -0.392400 -0.660500 0.627300 -0.412600 -0.655700 0.604200 -0.452700 -0.627000 0.633300 -0.453700 0.636000 0.644900 -0.423800 0.607400 0.649900 -0.456800 0.647300 0.610300 -0.456600 -0.596100 0.633000 -0.493900 -0.563800 0.618300 -0.547600 -0.567600 0.643500 -0.513600 0.579500 0.651000 -0.490300 0.548200 0.651200 -0.524800 0.581100 0.625900 -0.520200 -0.545900 0.604900 -0.579700 -0.503700 0.653200 -0.565400 -0.502200 0.623500 -0.599200 -0.472300 0.660500 -0.583700 0.512200 0.652000 -0.559100 0.471400 0.650700 -0.595300 0.510500 0.631800 -0.583300 -0.484900 0.593700 -0.642200 -0.422200 0.648200 -0.633700 -0.451900 0.610800 -0.650200 -0.408300 0.625400 -0.664900 0.370200 0.682000 -0.630700 0.338100 0.646700 -0.683700 0.389100 0.637200 -0.665300 0.411900 0.664200 -0.623900 0.444400 0.636300 -0.630500 -0.387700 0.616500 -0.685300 -0.351400 0.607200 -0.712600 -0.297500 0.661000 -0.688900 -0.295000 0.629900 -0.718500 -0.237100 0.657700 -0.715000 0.211300 0.696300 -0.685900 0.197700 0.644000 -0.739000 0.242300 0.629600 -0.738200 0.255800 0.672600 -0.694400 0.314000 0.628600 -0.711500 -0.202900 0.635000 -0.745400 -0.158900 0.592800 -0.789600 -0.126500 0.647900 -0.751200 -0.090900 0.599900 -0.794900 -0.062000 0.652700 -0.755100 -0.027500 0.601200 -0.798600 -0.003000 0.656100 -0.754600 0.034600 0.605000 -0.795500 0.059000 0.656300 -0.752200 0.111400 0.595600 -0.795500 0.121700 0.646400 -0.753200 0.179500 0.589400 -0.787600 -0.186400 0.644100 0.741900 -0.121600 0.647400 0.752400 -0.063100 0.650900 0.756500 0.001700 0.654800 0.755800 0.068800 0.652900 0.754300 0.133200 0.645800 0.751800 0.194900 0.639300 0.743800 -0.361400 0.642700 0.675500 -0.288700 0.668800 0.685100 -0.170800 0.685700 0.707600 -0.223200 0.700000 0.678300 -0.092300 0.695800 0.712300 -0.026800 0.698500 0.715100 0.040500 0.697800 0.715100 0.106000 0.692500 0.713600 0.165100 0.684800 0.709800 0.222500 0.665400 0.712500 0.254400 0.714100 0.652200 0.308700 0.663400 0.681600 0.352400 0.662700 0.660800 -0.434600 0.643700 0.629900 -0.362400 0.676500 0.641100 -0.398700 0.679200 0.616100 -0.273400 0.710000 0.649000 0.311300 0.710800 0.630700 0.378600 0.673100 0.635300 0.401800 0.698500 0.592200 0.452300 0.668400 0.590500 0.477200 0.661700 0.578300 -0.598200 0.635700 0.487900 -0.487800 0.660900 0.570300 -0.558800 0.654400 0.509500 -0.425400 0.682000 0.594800 0.435100 0.717100 0.544500 0.487000 0.712800 0.504800 0.507200 0.689500 0.517000 0.527200 0.690500 0.495300 -0.616700 0.658200 0.431800 -0.569600 0.704800 0.423000 0.520500 0.724200 0.452400 0.554500 0.722200 0.413500 0.563600 0.698300 0.441200 -0.672400 0.658800 0.337500 -0.617000 0.685500 0.386600 -0.647300 0.668800 0.365700 0.594600 0.701300 0.393100 0.596700 0.734400 0.323300 0.628200 0.690600 0.358500 -0.670000 0.685500 0.284900 -0.637000 0.717400 0.282100 0.611900 0.743700 0.269100 0.654600 0.700400 0.284500 -0.728700 0.667600 0.152700 -0.662100 0.713700 0.228400 -0.689300 0.697000 0.197600 0.663000 0.711600 0.232400 0.649900 0.742300 0.163300 0.701500 0.686000 0.193000 -0.733900 0.673000 0.091800 -0.693700 0.709200 0.126200 0.656900 0.748400 0.091500 0.705800 0.698300 0.119200 -0.734800 0.677500 0.032500 -0.696400 0.714700 0.065300 0.666400 0.745400 0.017600 0.712200 0.700300 0.048100 -0.734100 0.678500 -0.026600 -0.696900 0.717200 0.004900 0.671100 0.739100 -0.058000 0.716800 0.696800 -0.025700 -0.732100 0.676000 -0.084100 -0.695300 0.716600 -0.055500 0.672000 0.728900 -0.130700 0.715500 0.691200 -0.101400 -0.727400 0.672900 -0.134600 -0.690300 0.714400 -0.114200 0.673600 0.713200 -0.193900 0.712400 0.679200 -0.176400 -0.723100 0.665400 -0.185500 -0.682400 0.709400 -0.176300 0.665300 0.702000 -0.254100 0.703200 0.665400 -0.250500 -0.681000 0.692200 -0.238700 0.607900 0.737300 -0.294700 0.598700 0.723600 -0.343600 0.658700 0.679300 -0.323500 -0.672800 0.676700 -0.298900 -0.674700 0.632800 -0.380000 -0.614600 0.688000 -0.385900 0.591200 0.703900 -0.393800 0.628200 0.677800 -0.382100 -0.590100 0.700200 -0.401900 -0.603300 0.660200 -0.447400 -0.569700 0.693200 -0.441500 0.545600 0.728500 -0.414300 0.529700 0.710900 -0.462600 0.573500 0.682000 -0.453900 -0.530000 0.709400 -0.464700 -0.521700 0.682400 -0.512000 -0.472800 0.719700 -0.508500 0.484500 0.739000 -0.468100 0.467600 0.719200 -0.513800 0.515900 0.681700 -0.518800 -0.409100 0.732500 -0.544200 -0.408600 0.695500 -0.591100 -0.359000 0.726500 -0.586000 0.410400 0.744500 -0.526500 0.390600 0.711200 -0.584500 0.457400 0.677200 -0.576400 -0.363300 0.690400 -0.625600 -0.357400 0.656900 -0.663900 -0.301400 0.733100 -0.609700 -0.292200 0.690700 -0.661500 -0.236800 0.727100 -0.644300 0.307700 0.747000 -0.589400 0.247700 0.731900 -0.634800 0.306900 0.696100 -0.649100 0.351200 0.730500 -0.585700 -0.210000 0.706400 -0.676000 -0.167800 0.684800 -0.709100 -0.141000 0.731500 -0.667100 -0.099900 0.698600 -0.708500 -0.074100 0.743000 -0.665200 -0.036400 0.704900 -0.708400 -0.004000 0.748400 -0.663200 0.027000 0.709700 -0.704000 0.067800 0.752800 -0.654700 0.087900 0.714100 -0.694500 0.141600 0.750600 -0.645400 0.149400 0.706000 -0.692300 0.200600 0.739200 -0.643000 -0.188000 0.727000 0.660400 -0.124600 0.740200 0.660800 -0.060400 0.744500 0.664900 0.009600 0.743900 0.668200 0.078400 0.740600 0.667400 0.142700 0.733900 0.664100 0.204100 0.728900 0.653400 -0.378400 0.714200 0.588800 -0.309400 0.740600 0.596600 -0.179300 0.770200 0.612000 -0.229000 0.755700 0.613600 -0.104800 0.783600 0.612300 -0.027400 0.784900 0.619000 0.048900 0.783600 0.619300 0.118300 0.779400 0.615300 0.179400 0.772700 0.608900 0.237500 0.758500 0.606900 0.264400 0.805700 0.530100 0.304200 0.748300 0.589500 0.354800 0.730300 0.583700 -0.514200 0.693900 0.504100 -0.431100 0.721400 0.542000 -0.349000 0.762300 0.545100 -0.374300 0.736100 0.563900 -0.282100 0.787600 0.547700 0.325800 0.793800 0.513500 0.377500 0.769800 0.514600 0.398900 0.802700 0.443300 0.447500 0.756100 0.477500 -0.503400 0.739100 0.447600 -0.376600 0.784900 0.492000 -0.435100 0.784600 0.441700 0.463300 0.783900 0.413400 0.449900 0.816200 0.362600 0.511900 0.765100 0.390700 -0.607000 0.717300 0.341900 -0.500000 0.780800 0.374600 -0.551500 0.752000 0.361100 0.450300 0.835300 0.315500 0.520000 0.785800 0.334900 0.561500 0.750500 0.348500 -0.597800 0.751800 0.278100 -0.531200 0.792700 0.299100 0.507600 0.814400 0.281300 0.507400 0.826400 0.244100 0.563900 0.776800 0.280400 -0.652700 0.739500 0.164800 -0.572300 0.787100 0.230200 -0.615000 0.761500 0.204500 0.504800 0.840500 0.196900 0.571300 0.790600 0.220200 0.608200 0.763800 0.215900 -0.651600 0.751800 0.101300 -0.605900 0.783000 0.140700 0.559800 0.814500 0.152000 0.563400 0.820900 0.092800 0.611300 0.778800 0.140900 -0.653600 0.755800 0.039000 -0.606800 0.791200 0.076200 0.566000 0.823800 0.032600 0.616100 0.785100 0.062800 -0.653600 0.756500 -0.024500 -0.609200 0.792900 0.008800 0.570500 0.820600 -0.033300 0.620900 0.783800 -0.010900 -0.650700 0.754500 -0.085800 -0.605600 0.793700 -0.057600 0.572600 0.814300 -0.094700 0.625400 0.775900 -0.083500 -0.647900 0.747800 -0.144800 -0.599500 0.791700 -0.117700 0.571400 0.807000 -0.149100 0.627200 0.763200 -0.155400 -0.639200 0.740900 -0.206100 -0.590800 0.788300 -0.171900 0.519900 0.832400 -0.192000 0.515400 0.817900 -0.255700 0.578900 0.783000 -0.227700 0.613100 0.755800 -0.230000 -0.626300 0.727300 -0.280600 -0.574600 0.785700 -0.229300 -0.575700 0.763400 -0.292900 -0.507700 0.806900 -0.302000 0.510600 0.805300 -0.301400 0.557600 0.773700 -0.300600 -0.568900 0.739000 -0.360800 -0.515100 0.778800 -0.358000 0.461400 0.828000 -0.318600 0.453700 0.808900 -0.374000 0.507700 0.781100 -0.363500 0.542200 0.760100 -0.358100 -0.526500 0.763000 -0.375200 -0.516000 0.742200 -0.427500 -0.455700 0.790200 -0.409800 0.399200 0.830700 -0.388100 0.388900 0.806800 -0.444700 0.446500 0.783600 -0.431900 0.486600 0.769700 -0.413200 -0.441000 0.785100 -0.434900 -0.408800 0.764800 -0.497900 -0.359800 0.802900 -0.475200 0.333200 0.823100 -0.459800 0.310500 0.799700 -0.513800 0.373100 0.782500 -0.498500 0.421700 0.777400 -0.466800 -0.332000 0.782300 -0.527000 -0.306400 0.759200 -0.574200 -0.279000 0.802800 -0.527000 -0.244300 0.775000 -0.582800 -0.232700 0.816300 -0.528700 -0.190900 0.783600 -0.591300 -0.178900 0.829400 -0.529300 0.206700 0.831800 -0.515100 0.170400 0.807800 -0.564200 0.236800 0.789700 -0.565900 0.259300 0.817300 -0.514600 0.303300 0.777300 -0.551200 0.354200 0.770800 -0.529600 -0.187200 0.752400 -0.631500 -0.127300 0.803500 -0.581600 -0.116000 0.767500 -0.630500 -0.068600 0.808700 -0.584200 -0.040900 0.777800 -0.627100 -0.007000 0.813900 -0.580900 0.031800 0.782600 -0.621700 0.058200 0.813800 -0.578300 0.102800 0.780200 -0.617000 0.117700 0.811000 -0.573000 0.169600 0.775100 -0.608600 0.239500 0.771700 -0.589100 -0.219400 0.798200 0.561000 -0.144000 0.806600 0.573300 -0.064500 0.817800 0.571900 0.012700 0.819000 0.573700 0.093800 0.813400 0.574100 0.170700 0.810900 0.559700 0.220600 0.814200 0.537000 -0.343600 0.800200 0.491500 -0.294800 0.812300 0.503300 -0.221400 0.821700 0.525100 -0.078000 0.850900 0.519500 -0.139200 0.842700 0.520000 -0.018300 0.857400 0.514300 0.041500 0.855800 0.515600 0.102800 0.852700 0.512100 0.149700 0.885800 0.439300 0.174100 0.835600 0.520900 0.236300 0.838400 0.491200 0.286700 0.838500 0.463400 0.338200 0.829300 0.444900 -0.408900 0.821600 0.397300 -0.363900 0.824100 0.434000 -0.245800 0.856700 0.453400 -0.295300 0.843300 0.449100 -0.186000 0.869200 0.458100 0.199400 0.877200 0.436700 0.251800 0.864100 0.435800 0.270900 0.888200 0.371100 0.311800 0.849000 0.426700 0.344500 0.852700 0.392700 0.390900 0.838100 0.380500 -0.483500 0.811900 0.327300 -0.445500 0.828900 0.338400 -0.317200 0.867700 0.382700 -0.381500 0.851600 0.359400 0.322800 0.874800 0.361200 0.327800 0.895600 0.300800 0.373400 0.859700 0.348500 0.397100 0.857300 0.327600 -0.506100 0.824700 0.252400 -0.399200 0.870900 0.286800 -0.457900 0.850500 0.259000 0.376800 0.882500 0.281400 0.370400 0.900700 0.226900 0.412200 0.870600 0.268700 0.439200 0.859800 0.260500 -0.562400 0.805300 0.187600 -0.523100 0.832300 0.183200 -0.456500 0.866000 0.204200 0.367000 0.912400 0.181100 0.429900 0.878600 0.208000 0.453400 0.867000 0.206600 -0.565200 0.817200 0.113100 -0.453600 0.878700 0.148800 -0.510000 0.853300 0.108400 0.418500 0.896800 0.143700 0.418700 0.903900 0.087200 0.461000 0.877600 0.131200 0.492000 0.860300 0.133500 -0.563500 0.825100 0.041600 -0.510000 0.858400 0.055200 0.416500 0.908600 0.032500 0.465500 0.883100 0.057700 0.505900 0.859300 0.075700 -0.562000 0.826700 -0.026400 -0.505300 0.863000 0.000300 0.414400 0.909800 -0.025400 0.466400 0.884500 -0.007900 0.514900 0.857100 0.012100 -0.556300 0.825200 -0.097400 -0.500600 0.864100 -0.052300 0.407600 0.909500 -0.082000 0.463900 0.883000 -0.071500 0.515700 0.855100 -0.053600 -0.539100 0.825100 -0.168800 -0.491900 0.864200 -0.105900 -0.499100 0.849100 -0.173100 -0.418200 0.896000 -0.149500 0.403800 0.903800 -0.141800 0.453200 0.880400 -0.139200 0.502700 0.856300 -0.118600 -0.508900 0.828700 -0.233000 -0.476700 0.845100 -0.242100 -0.415800 0.887700 -0.197600 0.364300 0.915300 -0.171500 0.362300 0.906200 -0.218100 0.422500 0.881200 -0.212200 0.466500 0.861500 -0.200400 -0.462800 0.826200 -0.321200 -0.416500 0.874400 -0.248800 -0.432400 0.843700 -0.318100 -0.355200 0.891300 -0.281800 0.357100 0.892900 -0.274300 0.402600 0.873000 -0.275200 0.447100 0.855200 -0.262100 -0.451100 0.813700 -0.366700 -0.406600 0.832300 -0.376800 -0.362500 0.870200 -0.333700 0.309100 0.903500 -0.296900 0.298700 0.884900 -0.357300 0.355300 0.867700 -0.347600 0.397200 0.857900 -0.326000 -0.385700 0.825400 -0.412300 -0.352800 0.848100 -0.395300 -0.331700 0.835700 -0.437700 -0.283400 0.870500 -0.402300 -0.259400 0.847300 -0.463400 -0.228700 0.889600 -0.395400 0.245100 0.895400 -0.371800 0.223600 0.875800 -0.427700 0.288400 0.861600 -0.417800 0.337000 0.855900 -0.392200 -0.320700 0.822700 -0.469400 -0.266100 0.832800 -0.485300 -0.188100 0.872900 -0.450100 -0.185600 0.852200 -0.489300 -0.131900 0.885900 -0.444700 -0.101800 0.870500 -0.481600 -0.076300 0.897200 -0.435000 -0.034300 0.875600 -0.481800 -0.018400 0.901500 -0.432300 0.026800 0.875400 -0.482700 0.039100 0.902100 -0.429700 0.086900 0.871600 -0.482400 0.098200 0.900100 -0.424400 0.151900 0.868200 -0.472400 0.166500 0.889400 -0.425800 0.218500 0.854900 -0.470500 0.275700 0.846900 -0.454700 -0.112400 0.848100 -0.517800 -0.049400 0.847500 -0.528500 0.013400 0.846900 -0.531600 0.077000 0.844500 -0.530000 0.143300 0.845500 -0.514400 -0.102100 0.886900 0.450500 -0.032200 0.891800 0.451300 0.028600 0.895300 0.444600 0.086100 0.899800 0.427700 -0.246700 0.893900 0.374300 -0.189000 0.903200 0.385400 -0.122300 0.912900 0.389400 -0.052600 0.918500 0.391900 0.021800 0.915800 0.401100 0.100400 0.916600 0.387100 0.161500 0.916000 0.367200 0.209400 0.912100 0.352300 -0.319800 0.900400 0.295000 -0.254500 0.917500 0.305600 -0.193700 0.930400 0.311100 -0.135500 0.936300 0.323900 -0.014600 0.943600 0.330900 -0.064100 0.946300 0.316800 0.040300 0.939200 0.341100 0.087400 0.956900 0.277100 0.110300 0.926100 0.360800 0.176700 0.925100 0.336100 0.217800 0.927900 0.302700 0.259600 0.921400 0.289400 -0.387100 0.897700 0.210400 -0.325400 0.918600 0.224500 -0.259200 0.936800 0.235000 -0.137700 0.958900 0.248100 -0.184400 0.952600 0.242000 -0.094300 0.962900 0.253000 0.137700 0.948700 0.284500 0.199800 0.935500 0.291500 0.221400 0.948600 0.226300 0.256600 0.928100 0.269600 0.271800 0.933100 0.235300 0.308100 0.922000 0.234700 -0.388900 0.909400 0.147400 -0.325700 0.931800 0.160500 -0.202600 0.962200 0.182100 -0.261100 0.952500 0.156900 0.272800 0.941600 0.197500 0.261200 0.957000 0.126500 0.294000 0.939000 0.178400 0.313600 0.931700 0.183000 -0.438400 0.895600 0.076100 -0.377700 0.922300 0.082100 -0.323000 0.940600 0.104600 -0.263400 0.959100 0.103400 0.245700 0.966700 0.071100 0.292200 0.950700 0.104000 0.317600 0.940200 0.123100 0.352000 0.927900 0.122700 -0.444500 0.895700 0.012100 -0.387900 0.921500 0.017300 -0.321200 0.946400 0.032700 -0.262900 0.963600 0.048900 0.234600 0.971900 0.018300 0.283700 0.958100 0.040300 0.323600 0.944200 0.060900 0.362800 0.929100 0.071900 -0.431200 0.901200 -0.043200 -0.380900 0.923600 -0.042400 -0.328300 0.944100 -0.029500 -0.266600 0.963800 -0.010000 0.224300 0.973900 -0.034100 0.274100 0.961500 -0.017200 0.321600 0.946900 0.000800 0.366400 0.930300 0.016200 -0.408900 0.908000 -0.091300 -0.362600 0.926300 -0.102600 -0.329600 0.939600 -0.092100 -0.273700 0.959700 -0.063800 0.215500 0.972800 -0.084800 0.261200 0.962400 -0.073900 0.314600 0.947500 -0.056300 0.362100 0.931200 -0.042900 -0.347800 0.923800 -0.160100 -0.321800 0.932500 -0.164200 -0.284600 0.951500 -0.116900 0.210600 0.968700 -0.131000 0.255000 0.957600 -0.134400 0.298800 0.947700 -0.111900 0.348200 0.931500 -0.105100 -0.333700 0.918100 -0.214000 -0.294700 0.929900 -0.219900 -0.291600 0.938500 -0.185100 -0.273600 0.928100 -0.252600 -0.234400 0.948600 -0.212500 0.165000 0.974600 -0.151300 0.154300 0.967800 -0.199000 0.206900 0.959800 -0.189400 0.268600 0.946500 -0.178800 0.311700 0.935900 -0.163900 -0.285300 0.918200 -0.274900 -0.239600 0.928800 -0.282700 -0.210900 0.939100 -0.271200 -0.190500 0.932300 -0.307600 -0.147000 0.953800 -0.262000 -0.123600 0.937100 -0.326500 -0.097000 0.962500 -0.253400 0.108400 0.971100 -0.212700 0.088000 0.959900 -0.266300 0.143800 0.955800 -0.256500 0.200600 0.948000 -0.247100 0.250100 0.940300 -0.230900 0.302300 0.925200 -0.229100 -0.290200 0.897000 -0.333400 -0.231000 0.916500 -0.326600 -0.177200 0.927200 -0.330000 -0.119700 0.929400 -0.349100 -0.054800 0.950200 -0.306900 -0.045600 0.934400 -0.353300 -0.000200 0.955200 -0.296100 0.024600 0.940600 -0.338700 0.044100 0.959300 -0.279000 0.083400 0.943900 -0.319500 0.131500 0.937500 -0.322300 0.185200 0.935300 -0.301400 0.246300 0.922300 -0.297800 -0.167400 0.911800 -0.375000 -0.118200 0.915900 -0.383600 -0.062300 0.920000 -0.387000 -0.001900 0.923400 -0.383900 0.057700 0.925300 -0.374800 0.115700 0.920300 -0.373800 0.184500 0.913200 -0.363400 -0.028300 0.971200 0.236700 0.024200 0.969100 0.245600 -0.132300 0.975800 0.174200 -0.078000 0.979400 0.186300 -0.017000 0.984500 0.174700 0.038400 0.981500 0.187500 0.092000 0.975600 0.199100 0.144900 0.968200 0.204000 -0.190300 0.975100 0.113700 -0.127500 0.985400 0.113100 -0.073300 0.988700 0.130800 -0.024700 0.991900 0.124700 0.038100 0.991200 0.127000 0.089500 0.986300 0.138200 0.135300 0.980900 0.140100 0.198200 0.969000 0.147500 -0.203600 0.977400 0.056400 -0.144800 0.987800 0.056900 -0.077400 0.994800 0.065600 -0.022200 0.997000 0.074800 0.032500 0.996500 0.077300 0.087800 0.992600 0.083600 0.138300 0.986300 0.089800 0.194400 0.976000 0.098000 -0.206500 0.978400 0.002600 -0.148800 0.988800 0.007700 -0.088900 0.996000 0.012900 -0.028500 0.999300 0.022400 0.028400 0.999100 0.030700 0.084000 0.995800 0.036300 0.136800 0.989700 0.042200 0.189500 0.980500 0.051600 -0.208800 0.976800 -0.047300 -0.150200 0.987800 -0.040400 -0.094700 0.994900 -0.035000 -0.037800 0.998900 -0.026600 0.020100 0.999700 -0.016400 0.078400 0.996900 -0.008200 0.132800 0.991100 -0.003900 0.183200 0.983100 0.003300 -0.210400 0.973300 -0.091800 -0.148900 0.985100 -0.086700 -0.096900 0.991800 -0.083200 -0.044800 0.996100 -0.075500 0.010900 0.997800 -0.065600 0.067600 0.996200 -0.054900 0.127500 0.990600 -0.049400 0.175500 0.983400 -0.046900 -0.212100 0.967500 -0.137700 -0.144300 0.980600 -0.132400 -0.095700 0.986500 -0.132700 -0.047600 0.990800 -0.126700 0.003400 0.993200 -0.116600 0.061400 0.992200 -0.108900 0.111900 0.988700 -0.099300 0.159300 0.982200 -0.099200 -0.154700 0.969400 -0.190600 -0.099300 0.977600 -0.185400 -0.045200 0.983500 -0.175400 0.003800 0.984900 -0.173200 0.054500 0.986000 -0.157800 0.108100 0.982400 -0.152300 -0.037000 0.973400 -0.226200 0.010200 0.974300 -0.225200 0.058000 0.976300 -0.208400 0.000000 1.000000 0.000000</float_array>
          <technique_common>
            <accessor source="#Slime-normals-array" count="3253" stride="3">
              <param name="X" type="float"/>
              <param name="Y" type="float"/>
              <param name="Z" type="float"/>
            </accessor>
          </technique_common>
        </source>
        <source id="Slime-map-0">
          <float_array id="Slime-map-0-array" count="2">0.000000 0.000000</float_array>
          <technique_common>
            <accessor source="#Slime-map-0-array" count="1" stride="2">
              <param name="S" type="float"/>
              <param name="T" type="float"/>
            </accessor>
          </technique_common>
        </source>
        <vertices id="Slime-vertices">
          <input semantic="POSITION" source="#Slime-positions"/>
        </vertices>
        <polylist material="slime-material" count="6501">
          <input semantic="VERTEX" source="#Slime-vertices" offset="0"/>
          <input semantic="NORMAL" source="#Slime-normals" offset="1"/>
          <input semantic="TEXCOORD" source="#Slime-map-0" offset="2" set="0"/>
          <vcount>3 3 3 3 3 3 3 3 3 3 3 3 3 3 3 3 3 3 3 3 3 3 3 3 3 3 3 3 3 3 3 3 3 3 3 3 3 3 3 3 3 3 3 3 3 3 3 3 3 3 3 3 3 3 3 3 3 3 3 3 3 3 3 3 3 3 3 3 3 3 3 3 3 3 3 3 3 3 3 3 3 3 3 3 3 3 3 3 3 3 3 3 3 3 3 3 3 3 3 3 3 3 3 3 3 3 3 3 3 3 3 3 3 3 3 3 3 3 3 3 3 3 3 3 3 3 3 3 3 3 3 3 3 3 3 3 3 3 3 3 3 3 3 3 3 3 3 3 3 3 3 3 3 3 3 3 3 3 3 3 3 3 3 3 3 3 3 3 3 3 3 3 3 3 3 3 3 3 3 3 3 3 3 3 3 3 3 3 3 3 3 3 3 3 3 3 3 3 3 3 3 3 3 3 3 3 3 3 3 3 3 3 3 3 3 3 3 3 3 3 3 3 3 3 3 3 3 3 3 3 3 3 3 3 3 3 3 3 3 3 3 3 3 3 3 3 3 3 3 3 3 3 3 3 3 3 3 3 3 3 3 3 3 3 3 3 3 3 3 3 3 3 3 3 3 3 3 3 3 3 3 3 3 3 3 3 3 3 3 3 3 3 3 3 3 3 3 3 3 3 3 3 3 3 3 3 3 3 3 3 3 3 3 3 3 3 3 3 3 3 3 3 3 3 3 3 3 3 3 3 3 3 3 3 3 3 3 3 3 3 3 3 3 3 3 3 3 3 3 3 3 3 3 3 3 3 3 3 3 3 3 3 3 3 3 3 3 3 3 3 3 3 3 3 3 3 3 3 3 3 3 3 3 3 3 3 3 3 3 3 3 3 3 3 3 3 3 3 3 3 3 3 3 3 3 3 3 3 3 3 3 3 3 3 3 3 3 3 3 3 3 3 3 3 3 3 3 3 3 3 3 3 3 3 3 3 3 3 3 3 3 3 3 3 3 3 3 3 3 3 3 3 3 3 3 3 3 3 3 3 3 3 3 3 3 3 3 3 3 3 3 3 3 3 3 3 3 3 3 3 3 3 3 3 3 3 3 3 3 3 3 3 3 3 3 3 3 3 3 3 3 3 3 3 3 3 3 3 3 3 3 3 3 3 3 3 3 3 3 3 3 3 3 3 3 3 3 3 3 3 3 3 3 3 3 3 3 3 3 3 3 3 3 3 3 3 3 3 3 3 3 3 3 3 3 3 3 3 3 3 3 3 3 3 3 3 3 3 3 3 3 3 3 3 3 3 3 3 3 3 3 3 3 3 3 3 3 3 3 3 3 3 3 3 3 3 3 3 3 3 3 3 3 3 3 3 3 3 3 3 3 3 3 3 3 3 3 3 3 3 3 3 3 3 3 3 3 3 3 3 3 3 3 3 3 3 3 3 3 3 3 3 3 3 3 3 3 3 3 3 3 3 3 3 3 3 3 3 3 3 3 3 3 3 3 3 3 3 3 3 3 3 3 3 3 3 3 3 3 3 3 3 3 3 3 3 3 3 3 3 3 3 3 3 3 3 3 3 3 3 3 3 3 3 3 3 3 3 3 3 3 3 3 3 3 3 3 3 3 3 3 3 3 3 3 3 3 3 3 3 3 3 3 3 3 3 3 3 3 3 3 3 3 3 3 3 3 3 3 3 3 3 3 3 3 3 3 3 3 3 3 3 3 3 3 3 3 3 3 3 3 3 3 3 3 3 3 3 3 3 3 3 3 3 3 3 3 3 3 3 3 3 3 3 3 3 3 3 3 3 3 3 3 3 3 3 3 3 3 3 3 3 3 3 3 3 3 3 3 3 3 3 3 3 3 3 3 3 3 3 3 3 3 3 3 3 3 3 3 3 3 3 3 3 3 3 3 3 3 3 3 3 3 3 3 3 3 3 3 3 3 3 3 3 3 3 3 3 3 3 3 3 3 3 3 3 3 3 3 3 3 3 3 3 3 3 3 3 3 3 3 3 3 3 3 3 3 3 3 3 3 3 3 3 3 3 3 3 3 3 3 3 3 3 3 3 3 3 3 3 3 3 3 3 3 3 3 3 3 3 3 3 3 3 3 3 3 3 3 3 3 3 3 3 3 3 3 3 3 3 3 3 3 3 3 3 3 3 3 3 3 3 3 3 3 3 3 3 3 3 3 3 3 3 3 3 3 3 3 3 3 3 3 3 3 3 3 3 3 3 3 3 3 3 3 3 3 3 3 3 3 3 3 3 3 3 3 3 3 3 3 3 3 3 3 3 3 3 3 3 3 3 3 3 3 3 3 3 3 3 3 3 3 3 3 3 3 3 3 3 3 3 3 3 3 3 3 3 3 3 3 3 3 3 3 3 3 3 3 3 3 3 3 3 3 3 3 3 3 3 3 3 3 3 3 3 3 3 3 3 3 3 3 3 3 3 3 3 3 3 3 3 3 3 3 3 3 3 3 3 3 3 3 3 3 3 3 3 3 3 3 3 3 3 3 3 3 3 3 3 3 3 3 3 3 3 3 3 3 3 3 3 3 3 3 3 3 3 3 3 3 3 3 3 3 3 3 3 3 3 3 3 3 3 3 3 3 3 3 3 3 3 3 3 3 3 3 3 3 3 3 3 3 3 3 3 3 3 3 3 3 3 3 3 3 3 3 3 3 3 3 3 3 3 3 3 3 3 3 3 3 3 3 3 3 3 3 3 3 3 3 3 3 3 3 3 3 3 3 3 3 3 3 3 3 3 3 3 3 3 3 3 3 3 3 3 3 3 3 3 3 3 3 3 3 3 3 3 3 3 3 3 3 3 3 3 3 3 3 3 3 3 3 3 3 3 3 3 3 3 3 3 3 3 3 3 3 3 3 3 3 3 3 3 3 3 3 3 3 3 3 3 3 3 3 3 3 3 3 3 3 3 3 3 3 3 3 3 3 3 3 3 3 3 3 3 3 3 3 3 3 3 3 3 3 3 3 3 3 3 3 3 3 3 3 3 3 3 3 3 3 3 3 3 3 3 3 3 3 3 3 3 3 3 3 3 3 3 3 3 3 3 3 3 3 3 3 3 3 3 3 3 3 3 3 3 3 3 3 3 3 3 3 3 3 3 3 3 3 3 3 3 3 3 3 3 3 3 3 3 3 3 3 3 3 3 3 3 3 3 3 3 3 3 3 3 3 3 3 3 3 3 3 3 3 3 3 3 3 3 3 3 3 3 3 3 3 3 3 3 3 3 3 3 3 3 3 3 3 3 3 3 3 3 3 3 3 3 3 3 3 3 3 3 3 3 3 3 3 3 3 3 3 3 3 3 3 3 3 3 3 3 3 3 3 3 3 3 3 3 3 3 3 3 3 3 3 3 3 3 3 3 3 3 3 3 3 3 3 3 3 3 3 3 3 3 3 3 3 3 3 3 3 3 3 3 3 3 3 3 3 3 3 3 3 3 3 3 3 3 3 3 3 3 3 3 3 3 3 3 3 3 3 3 3 3 3 3 3 3 3 3 3 3 3 3 3 3 3 3 3 3 3 3 3 3 3 3 3 3 3 3 3 3 3 3 3 3 3 3 3 3 3 3 3 3 3 3 3 3 3 3 3 3 3 3 3 3 3 3 3 3 3 3 3 3 3 3 3 3 3 3 3 3 3 3 3 3 3 3 3 3 3 3 3 3 3 3 3 3 3 3 3 3 3 3 3 3 3 3 3 3 3 3 3 3 3 3 3 3 3 3 3 3 3 3 3 3 3 3 3 3 3 3 3 3 3 3 3 3 3 3 3 3 3 3 3 3 3 3 3 3 3 3 3 3 3 3 3 3 3 3 3 3 3 3 3 3 3 3 3 3 3 3 3 3 3 3 3 3 3 3 3 3 3 3 3 3 3 3 3 3 3 3 3 3 3 3 3 3 3 3 3 3 3 3 3 3 3 3 3 3 3 3 3 3 3 3 3 3 3 3 3 3 3 3 3 3 3 3 3 3 3 3 3 3 3 3 3 3 3 3 3 3 3 3 3 3 3 3 3 3 3 3 3 3 3 3 3 3 3 3 3 3 3 3 3 3 3 3 3 3 3 3 3 3 3 3 3 3 3 3 3 3 3 3 3 3 3 3 3 3 3 3 3 3 3 3 3 3 3 3 3 3 3 3 3 3 3 3 3 3 3 3 3 3 3 3 3 3 3 3 3 3 3 3 3 3 3 3 3 3 3 3 3 3 3 3 3 3 3 3 3 3 3 3 3 3 3 3 3 3 3 3 3 3 3 3 3 3 3 3 3 3 3 3 3 3 3 3 3 3 3 3 3 3 3 3 3 3 3 3 3 3 3 3 3 3 3 3 3 3 3 3 3 3 3 3 3 3 3 3 3 3 3 3 3 3 3 3 3 3 3 3 3 3 3 3 3 3 3 3 3 3 3 3 3 3 3 3 3 3 3 3 3 3 3 3 3 3 3 3 3 3 3 3 3 3 3 3 3 3 3 3 3 3 3 3 3 3 3 3 3 3 3 3 3 3 3 3 3 3 3 3 3 3 3 3 3 3 3 3 3 3 3 3 3 3 3 3 3 3 3 3 3 3 3 3 3 3 3 3 3 3 3 3 3 3 3 3 3 3 3 3 3 3 3 3 3 3 3 3 3 3 3 3 3 3 3 3 3 3 3 3 3 3 3 3 3 3 3 3 3 3 3 3 3 3 3 3 3 3 3 3 3 3 3 3 3 3 3 3 3 3 3 3 3 3 3 3 3 3 3 3 3 3 3 3 3 3 3 3 3 3 3 3 3 3 3 3 3 3 3 3 3 3 3 3 3 3 3 3 3 3 3 3 3 3 3 3 3 3 3 3 3 3 3 3 3 3 3 3 3 3 3 3 3 3 3 3 3 3 3 3 3 3 3 3 3 3 3 3 3 3 3 3 3 3 3 3 3 3 3 3 3 3 3 3 3 3 3 3 3 3 3 3 3 3 3 3 3 3 3 3 3 3 3 3 3 3 3 3 3 3 3 3 3 3 3 3 3 3 3 3 3 3 3 3 3 3 3 3 3 3 3 3 3 3 3 3 3 3 3 3 3 3 3 3 3 3 3 3 3 3 3 3 3 3 3 3 3 3 3 3 3 3 3 3 3 3 3 3 3 3 3 3 3 3 3 3 3 3 3 3 3 3 3 3 3 3 3 3 3 3 3 3 3 3 3 3 3 3 3 3 3 3 3 3 3 3 3 3 3 3 3 3 3 3 3 3 3 3 3 3 3 3 3 3 3 3 3 3 3 3 3 3 3 3 3 3 3 3 3 3 3 3 3 3 3 3 3 3 3 3 3 3 3 3 3 3 3 3 3 3 3 3 3 3 3 3 3 3 3 3 3 3 3 3 3 3 3 3 3 3 3 3 3 3 3 3 3 3 3 3 3 3 3 3 3 3 3 3 3 3 3 3 3 3 3 3 3 3 3 3 3 3 3 3 3 3 3 3 3 3 3 3 3 3 3 3 3 3 3 3 3 3 3 3 3 3 3 3 3 3 3 3 3 3 3 3 3 3 3 3 3 3 3 3 3 3 3 3 3 3 3 3 3 3 3 3 3 3 3 3 3 3 3 3 3 3 3 3 3 3 3 3 3 3 3 3 3 3 3 3 3 3 3 3 3 3 3 3 3 3 3 3 3 3 3 3 3 3 3 3 3 3 3 3 3 3 3 3 3 3 3 3 3 3 3 3 3 3 3 3 3 3 3 3 3 3 3 3 3 3 3 3 3 3 3 3 3 3 3 3 3 3 3 3 3 3 3 3 3 3 3 3 3 3 3 3 3 3 3 3 3 3 3 3 3 3 3 3 3 3 3 3 3 3 3 3 3 3 3 3 3 3 3 3 3 3 3 3 3 3 3 3 3 3 3 3 3 3 3 3 3 3 3 3 3 3 3 3 3 3 3 3 3 3 3 3 3 3 3 3 3 3 3 3 3 3 3 3 3 3 3 3 3 3 3 3 3 3 3 3 3 3 3 3 3 3 3 3 3 3 3 3 3 3 3 3 3 3 3 3 3 3 3 3 3 3 3 3 3 3 3 3 3 3 3 3 3 3 3 3 3 3 3 3 3 3 3 3 3 3 3 3 3 3 3 3 3 3 3 3 3 3 3 3 3 3 3 3 3 3 3 3 3 3 3 3 3 3 3 3 3 3 3 3 3 3 3 3 3 3 3 3 3 3 3 3 3 3 3 3 3 3 3 3 3 3 3 3 3 3 3 3 3 3 3 3 3 3 3 3 3 3 3 3 3 3 3 3 3 3 3 3 3 3 3 3 3 3 3 3 3 3 3 3 3 3 3 3 3 3 3 3 3 3 3 3 3 3 3 3 3 3 3 3 3 3 3 3 3 3 3 3 3 3 3 3 3 3 3 3 3 3 3 3 3 3 3 3 3 3 3 3 3 3 3 3 3 3 3 3 3 3 3 3 3 3 3 3 3 3 3 3 3 3 3 3 3 3 3 3 3 3 3 3 3 3 3 3 3 3 3 3 3 3 3 3 3 3 3 3 3 3 3 3 3 3 3 3 3 3 3 3 3 3 3 3 3 3 3 3 3 3 3 3 3 3 3 3 3 3 3 3 3 3 3 3 3 3 3 3 3 3 3 3 3 3 3 3 3 3 3 3 3 3 3 3 3 3 3 3 3 3 3 3 3 3 3 3 3 3 3 3 3 3 3 3 3 3 3 3 3 3 3 3 3 3 3 3 3 3 3 3 3 3 3 3 3 3 3 3 3 3 3 3 3 3 3 3 3 3 3 3 3 3 3 3 3 3 3 3 3 3 3 3 3 3 3 3 3 3 3 3 3 3 3 3 3 3 3 3 3 3 3 3 3 3 3 3 3 3 3 3 3 3 3 3 3 3 3 3 3 3 3 3 3 3 3 3 3 3 3 3 3 3 3 3 3 3 3 3 3 3 3 3 3 3 3 3 3 3 3 3 3 3 3 3 3 3 3 3 3 3 3 3 3 3 3 3 3 3 3 3 3 3 3 3 3 3 3 3 3 3 3 3 3 3 3 3 3 3 3 3 3 3 3 3 3 3 3 3 3 3 3 3 3 3 3 3 3 3 3 3 3 3 3 3 3 3 3 3 3 3 3 3 3 3 3 3 3 3 3 3 3 3 3 3 3 3 3 3 3 3 3 3 3 3 3 3 3 3 3 3 3 3 3 3 3 3 3 3 3 3 3 3 3 3 3 3 3 3 3 3 3 3 3 3 3 3 3 3 3 3 3 3 3 3 3 3 3 3 3 3 3 3 3 3 3 3 3 3 3 3 3 3 3 3 3 3 3 3 3 3 3 3 3 3 3 3 3 3 3 3 3 3 3 3 3 3 3 3 3 3 3 3 3 3 3 3 3 3 3 3 3 3 3 3 3 3 3 3 3 3 3 3 3 3 3 3 3 3 3 3 3 3 3 3 3 3 3 3 3 3 3 3 3 3 3 3 3 3 3 3 3 3 3 3 3 3 3 3 3 3 3 3 3 3 3 3 3 3 3 3 3 3 3 3 3 3 3 3 3 3 3 3 3 3 3 3 3 3 3 3 3 3 3 3 3 3 3 3 3 3 3 3 3 3 3 3 3 3 3 3 3 3 3 3 3 3 3 3 3 3 3 3 3 3 3 3 3 3 3 3 3 3 3 3 3 3 3 3 3 3 3 3 3 3 3 3 3 3 3 3 3 3 3 3 3 3 3 3 3 3 3 3 3 3 3 3 3 3 3 3 3 3 3 3 3 3 3 3 3 3 3 3 3 3 3 3 3 3 3 3 3 3 3 3 3 3 3 3 3 3 3 3 3 3 3 3 3 3 3 3 3 3 3 3 3 3 3 3 3 3 3 3 3 3 3 3 3 3 3 3 3 3 3 3 3 3 3 3 3 3 3 3 3 3 3 3 3 3 3 3 3 3 3 3 3 3 3 3 3 3 3 3 3 3 3 3 3 3 3 3 3 3 3 3 3 3 3 3 3 3 3 3 3 3 3 3 3 3 3 3 3 3 3 3 3 3 3 3 3 3 3 3 3 3 3 3 3 3 3 3 3 3 3 3 3 3 3 3 3 3 3 3 3 3 3 3 3 3 3 3 3 3 3 3 3 3 3 3 3 3 3 3 3 3 3 3 3 3 3 3 3 3 3 3 3 3 3 3 3 3 3 3 3 3 3 3 3 3 3 3 3 3 3 3 3 3 3 3 3 3 3 3 3 3 3 3 3 3 3 3 3 3 3 3 3 3 3 3 3 3 3 3 3 3 3 3 3 3 3 3 3 3 3 3 3 3 3 3 3 3 3 3 3 3 3 3 3 3 3 3 3 3 3 3 3 3 3 3 3 3 3 3 3 3 3 3 3 3 3 3 3 3 3 3 3 3 3 3 3 3 3 3 3 3 3 3 3 3 3 3 3 3 3 3 3 3 3 3 3 3 3 3 3 3 3 3 3 3 3 3 3 3 3 3 3 3 3 3 3 3 3 3 3 3 3 3 3 3 3 3 3 3 3 3 3 3 3 3 3 3 3 3 3 3 3 3 3 3 3 3 3 3 3 3 3 3 3 3 3 3 3 3 3 3 3 3 3 3 3 3 3 3 3 3 3 3 3 3 3 3 3 3 3 3 3 3 3 3 3 3 3 3 3 3 3 3 3 3 3 3 3 3 3 3 3 3 3 3 3 3 3 3 3 3 3 3 3 3 3 3 3 3 3 3 3 3 3 3 3 3 3 3 3 3 3 3 3 3 3 3 3 3 3 3 3 3 3 3 3 3 3 3 3 3 3 3 3 3 3 3 3 3 3 3 3 3 3 3 3 3 3 3 3 3 3 3 3 3 3 3 3 3 3 3 3 3 3 3 3 3 3 3 3 3 3 3 3 3 3 3 3 3 3 3 3 3 3 3 3 3 3 3 3 3 3 3 3 3 3 3 3 3 3 3 3 3 3 3 3 3 3 3 3 3 3 3 3 3 3 3 3 3 3 3 3 3 3 3 3 3 3 3 3 3 3 3 3 3 3 3 3 3 3 3 3 3 3 3 3 3 3 3 3 3 3 3 3 3 3 3 3 3 3 3 3 3 3 3 3 3 3 3 3 3 3 3 3 3 3 3 3 3 3 3 3 3 3 3 3 3 3 3 3 3 3 3 3 3 3 3 3 3 3 3 3 3 3 3 3 3 3 3 3 3 3 3 3 3 3 3 3 3 3 3 3 3 3 3 3 3 3 3 3 3 3 3 3 3 3 3 3 3 3 3 3 3 3 3 3 3 3 3 3 3 3 3 3 3 3 3 3 3 3 3 3 3 3 3 3 3 3 3 3 3 3 3 3 3 3 3 3 3 3 3 3 3 3 3 3 3 3 3 3 3 3 3 3 3 3 3 3 3 3 3 3 3 3 3 3 3 3 3 3 3 3 3 3 3 3 3 3 3 3 3 3 3 3 3 3 3 3 3 3 3 3 3 3 3 3 3 3 3 3 3 3 3 3 3 3 3 3 3 3 3 3 3 3 3 3 3 3 3 3 3 3 3 3 3 3 3 3 3 3 3 3 3 3 3 3 3 3 3 3 3 3 3 3 3 3 3 3 3 3 3 3 3 3 3 3 3 3 3 3 3 3 3 3 3 3 3 3 3 3 3 3 3 3 3 3 3 3 3 3 3 3 3 3 3 3 3 3 3 3 3 3 3 3 3 3 3 3 3 3 3 3 3 3 3 3 3 3 3 3 3 3 3 3 3 3 3 3 3 3 3 3 3 3 3 3 3 3 3 3 3 3 3 3 3 3 3 3 3 3 3 3 3 3 3 3 3 3 3 3 3 3 3 3 3 3 3 3 3 3 3 3 3 3 3 3 3 3 3 3 3 3 3 3 3 3 3 3 3 3 3 3 3 3 3 3 3 3 3 3 3 3 3 3 3 3 3 3 3 3 3 3 3 3 3 3 3 3 3 3 3 3 3 3 3 3 3 3 3 3 3 3 3 3 3 3 3 3 3 3 3 3 3 3 3 3 3 3 3 3 3 3 3 3 3 3 3 3 3 3 3 3 3 3 3 3 3 3 3 3 3 3 3 3 3 3 3 3 3 3 3 3 3 3 3 3 3 3 3 3 3 3 3 3 3 3 3 3 3 3 3 3 3 3 3 3 3 3 3 3 3 3 3 3 3 3 3 3 3 3 3 3 3 3 3 3 3 3 3 3 3 3 3 3 3 3 3 3 3 3 3 3 3 3 3 3 3 3 3 3 3 3 3 3 3 3 3 3 3 3 3 3 3 3 3 3 3 3 3 3 3 3 3 3 3 3 3 3 3 3 3 3 3 3 3 3 3 3 3 3 3 3 3 3 3 3 3 3 3 3 3 3 3 3 3 3 3 3 3 3 3 3 3 3 3 3 3 3 3 3 3 3 3 3 3 3 3 3 3 3 3 3 3 3 3 3 3 3 3 3 3 3 3 3 3 3 3 3 3 3 3 3 3 3 3 3 3 3 3 3 3 3 3 3 3 3 3 3 3 3 3 3 3 3 3 3 3 3 3 3 3 3 3 3 3 3 3 3 3 3 3 3 3 3 3 3 3 3 3 3 3 3 3 3 3 3 3 3 3 3 3 3 3 3 3 3 3 3 3 3 3 3 3 3 3 3 3 3 3 3 3 3 3 3 3 3 3 3 3 3 3 3 3 3 3 3 3 3 3 3 3 3 3 3 3 3 3 3 3 3 3 3 3 3 3 3 3 3 3 3 3 3 3 3 3 3 3 3 3 3 3 3 3 3 3 3 3 3 3 3 3 3 3 3 3 3 3 3 3 3 3 3 3 3 3 3 3 3 3 3 3 3 3 3 3 3 3 3 3 3 3 3 3 3 3 3 3 3 3 3 3 3 3 3 3 3 3 3 3 3 3 3 3 3 3 3 3 3 3 3 3 3 3 3 3 3 3 3 3 3 3 3 3 3 3 3 3 3 3 3 3 3 3 3 3 3 3 3 3 3 3 3 3 3 3 3 3 3 3 3 3 3 3 3 3 3 3 3 3 3 3 3 3 3 3 3 3 3 3 3 3 3 3 3 3 3 3 3 3 3 3 3 3 3 3 3 3 3 3 3 3 3 3 3 3 3 3 3 3 3 3 3 3 3 3 3 3 3 3 3 3 3 3 3 3 3 3 3 3 3 3 3 3 3 3 3 3 3 3 3 3 3 3 3 3 3 3 3 3 3 3 3 3 3 3 3 3 3 3 3 3 3 3 3 3 3 3 3 3 3 3 3 3 3 3 3 3 3 3 3 3 3 3 3 3 3 3 3 3 3 3 3 3 3 3 3 3 3 3 3 3 3 3 3 3 3 3 3 3 3 3 3 3 3 3 3 3 3 3 3 3 3 3 3 3 3 3 3 3 3 3 3 3 3 3 3 3 3 3 3 3 3 3 3 3 3 3 3 3 3 3 3 3 3 3 3 3 3 3 3 3 3 3 3 3 3 3 3 3 3 3 3 3 3 3 3 3 3 3 3 3 3 3 3 3 3 3 3 3 3 3 3 3 3 3 3 3 3 3 3 3 3 3 3 3 3 3 3 3 3 3 3 3 3 3 3 3 3 3 3 3 3 3 3 3 3 3 3 3 3 3 3 3 3 3 3 3 3 3 3 3 3 3 3 3 3 3 3 3 3 3 3 3 3 3 3 3 3 3 3 3 3 3 3 3 3 3 3 3 3 3 3 3 3 3 3 3 3 3 3 3 3 3 3 3 3 3 3 3 3 3 3 3 3 3 3 3 3 3 3 3 3 3 3 3 3 3 3 3 3 3 3 3 3 3 3 3 3 3 3 3 3 3 3 3 3 3 3 3 3 3 3 3 3 3 3 3 3 3 3 3 3 3 3 3 3 3 3 3 3 3 3 3 3 3 3 3 3 3 3 3 3 3 3 3 3 3 3 3 3 3 3 3 3 3 3 3 3 3 3 3 3 3 3 3 3 3 3 3 3 3 3 3 3 3 3 3 3 3 3 3 3 3 3 3 3 3 3 3 3 3 3 3 3 3 3 3 3 3 3 3 3 3 3 3 3 3 3 3 3 3 3 3 3 3 3 3 3 3 3 3 3 3 3 3 3 3 3 3 3 3 3 3 3 3 3 3 3 3 3 3 3 3 3 3 3 3 3 3 3 3 3 3 3 3 3 3 3 3 3 3 3 3 3 3 3 3 3 3 3 3 3 3 3 3 3 3 3 3 3 3 3 3 3 3 3 3 3 3 3 3 3 3 3 3 3 3 3 3 3 3 3 3 3 3 3 3 3 3 3 3 3 3 3 3 3 3 3 3 3 3 3 3 3 3 3 3 3 3 3 3 3 3 3 3 3 3 3 3 3 3 3 3 3 3 3 3 3 3 3 3 3 3 3 3 3 3 3 3 3 3 3 3 3 3 3 3 3 3 3 3 3 3 3 3 3 3 3 3 3 3 3 3 3 3 3 3 3 3 3 3 3 3 3 3 3 3 3 3 3 3 3 3 3 3 3 3 3 3 3 3 3 3 3 3 3 3 3 3 3 3 3 3 3 3 3 3 3 3 3 3 3 3 3 3 3 3 3 3 3 3 3 3 3 3 3 3 3 3 3 3 3 3 3 3 3 3 3 3 3 3 3 3 3 3 3 3 3 3 3 3 3 3 3 3 3 3 3 3 3 3 3 3 3 3 3 3 3 3 3 3 3 3 3 3 3 3 3 3 3 3 3 3 3 3 3 3 3 3 3 3 3 3 3 3 3 3 3 3 3 3 3 3 3 3 3 3 3 3 3 3 3 3 3 3 3 3 3 3 3 3 3 3 3 3 3 3 3 3 3 3 3 3 3 3 3 3 3 3 3 3 3 3 3 3 3 3 3 3 3 3 3 3 3 3 3 3 3 3 3 3 3 3 3 3 3 3 3 3 3 3 3 3 3 3 3 3 3 3 3 3 3 3 3 3 3 3 3 3 3 3 3 3 3 3 3 3 3 3 3 3 3 3 3 3 3 3 3 3 3 3 3 3 3 3 3 3 3 3 3 3 3 3 3 3 3 3 3 3 3 3 3 3 3 3 3 3 3 3 3 3 3 3 3 3 3 3 3 3 3 3 3 3 3 3 3 3 3 3 3 3 3 3 3 3 3 3 3 3 3 3 3 3 3 3 3 3 3 3 3 3 3 3 3 3 3 3 3 3 3 3 3 3 3 3 3 3 3 3 3 3 3 3 3 3 3 3 3 3 3 3 3 3 3 3 3 3 3 3 3 3 3 3 3 3 3 3 3 3 3 3 3 3 3 3 3 3 3 3 3 3 3 3 3 3 3 3 3 3 3 3 3 3 3 3 3 3 3 3 3 3 3 3 3 3 3 3 3 3 3 3 3 3 3 3 3 3 3 3 3 3 3 3 3 3 3 3 3 3 3 3 3 3 3 3 3 3 3 3 3 3 3 3 3 3 3 3 3 3 3 3 3 3 3 3 3 3 3 3 3 3 3 3 3 3 3 3 3 3 3 3 3 3 3 3 3 3 3 3 3 3 3 3 3 3 3 3 3 3 3 3 3 3 3 3 3 3 3 3 3 3 3 3 3 3 3 3 3 3 3 3 3 3 3 3 3 3 3 3 3 3 3 3 3 3 3 3 3 3 3 3 3 3 3 3 3 3 3 3 3 3 3 3 3 3 3 3 3 3 3 3 3 3 3 3 3 3 3 3 3 3 3 3 3 3 3 3 3 3 3 3 3 3 3 3 3 3 3 3 3 3 3 3 3 3 3 3 3 3 3 3 3 3 3 3 3 3 3 3 3 3 3 3 3 3 3 3 3 3 3 3 3 3 3 3 3 3 3 3 3 3 3 3 3 3 3 3 3 3 3 3 3 3 3 3 3 3 3 3 3 3 3 3 3 3 3 3 3 3 3 3 3 3 3 3 3 3 3 3 3 3 3 3 3 3 3 3 3 3 3 3 3 3 3 3 3 3 3 3 3 3 3 3 3 3 3 3 3 3 3 3 3 3 3 3 3 3 3 3 3 3 3 3 3 3 3 3 3 3 3 3 3 3 3 3 3 3 3 3 3 3 3 3 3 3 3 3 3 3 3 3 3 3 3 3 3 3 3 3 3 3 3 3 3 3 3 3 3 3 3 3 3 3 3 3 3 3 3 3 3 3 3 3 3 3 3 3 3 3 3 3 3 3 3 3 3 3 3 3 3 3 3 3 3 3 3 3 3 3 3 3 3 3 3 3 3 3 3 3 3 3 3 3 3 3 3 3 3 3 3 3 3 3 3 3 3 3 3 3 3 3 3 3 3 3 3 3 3 3 3 3 3 3 3 3 3 3 3 3 3 3 3 3 3 3 3 3 3 3 3 3 3 3 3 3 3 3 3 3 3 3 3 3 3 3 3 3 3 3 3 3 3 3 3 3 3 3 3 3 3 3 3 3 3 3 3 3 3 3 3 3 3 3 3 3 3 3 3 3 3 3 3 3 3 3 3 3 3 3 3 3 3 3 3 3 3 3 3 3 3 3 3 3 3 3 3 3 3 3 3 3 3 3 3 3 3 3 3 3 3 3 3 3 3 3 3 3 3 3 3 3 3 3 3 3 3 3 3 3 3 3 3</vcount>
          <p>2 2 0 0 0 0 1 1 0 2 2 0 4 4 0 3 3 0 0 0 0 2 2 0 3 3 0 4 4 0 6 6 0 5 5 0 3 3 0 4 4 0 5 5 0 6 6 0 8 8 0 7 7 0 5 5 0 6 6 0 7 7 0 8 8 0 10 10 0 9 9 0 7 7 0 8 8 0 9 9 0 10 10 0 12 12 0 11 11 0 9 9 0 10 10 0 11 11 0 12 12 0 14 14 0 13 13 0 11 11 0 12 12 0 13 13 0 14 14 0 16 16 0 15 15 0 13 13 0 14 14 0 15 15 0 16 16 0 18 18 0 17 17 0 15 15 0 16 16 0 17 17 0 18 18 0 20 20 0 19 19 0 17 17 0 18 18 0 19 19 0 19 19 0 20 20 0 21 21 0 24 24 0 22 22 0 23 23 0 24 24 0 26 26 0 25 25 0 22 22 0 24 24 0 25 25 0 26 26 0 28 28 0 27 27 0 25 25 0 26 26 0 27 27 0 28 28 0 30 30 0 29 29 0 27 27 0 28 28 0 29 29 0 30 30 0 32 32 0 31 31 0 29 29 0 30 30 0 31 31 0 1 1 0 31 31 0 32 32 0 1 1 0 32 32 0 2 2 0 2 2 0 32 32 0 33 33 0 4 4 0 2 2 0 34 34 0 34 34 0 2 2 0 33 33 0 6 6 0 4 4 0 35 35 0 35 35 0 4 4 0 34 34 0 8 8 0 6 6 0 36 36 0 36 36 0 6 6 0 35 35 0 10 10 0 8 8 0 37 37 0 37 37 0 8 8 0 36 36 0 12 12 0 10 10 0 38 38 0 38 38 0 10 10 0 37 37 0 14 14 0 12 12 0 39 39 0 39 39 0 12 12 0 38 38 0 16 16 0 14 14 0 40 40 0 40 40 0 14 14 0 39 39 0 18 18 0 16 16 0 41 41 0 41 41 0 16 16 0 40 40 0 20 20 0 18 18 0 42 42 0 42 42 0 18 18 0 41 41 0 43 43 0 21 21 0 20 20 0 43 43 0 20 20 0 44 44 0 44 44 0 20 20 0 42 42 0 44 44 0 46 46 0 45 45 0 43 43 0 44 44 0 45 45 0 45 45 0 46 46 0 47 47 0 50 50 0 48 48 0 49 49 0 23 23 0 48 48 0 50 50 0 23 23 0 50 50 0 24 24 0 24 24 0 50 50 0 51 51 0 26 26 0 24 24 0 52 52 0 52 52 0 24 24 0 51 51 0 28 28 0 26 26 0 53 53 0 53 53 0 26 26 0 52 52 0 30 30 0 28 28 0 54 54 0 54 54 0 28 28 0 53 53 0 32 32 0 30 30 0 55 55 0 55 55 0 30 30 0 54 54 0 33 33 0 32 32 0 56 56 0 56 56 0 32 32 0 55 55 0 34 34 0 33 33 0 57 57 0 57 57 0 33 33 0 56 56 0 35 35 0 34 34 0 58 58 0 58 58 0 34 34 0 57 57 0 36 36 0 35 35 0 59 59 0 59 59 0 35 35 0 58 58 0 37 37 0 36 36 0 60 60 0 60 60 0 36 36 0 59 59 0 38 38 0 37 37 0 61 61 0 61 61 0 37 37 0 60 60 0 39 39 0 38 38 0 62 62 0 62 62 0 38 38 0 61 61 0 40 40 0 39 39 0 63 63 0 63 63 0 39 39 0 62 62 0 41 41 0 40 40 0 64 64 0 64 64 0 40 40 0 63 63 0 42 42 0 41 41 0 65 65 0 65 65 0 41 41 0 64 64 0 44 44 0 42 42 0 66 66 0 66 66 0 42 42 0 65 65 0 46 46 0 44 44 0 67 67 0 67 67 0 44 44 0 66 66 0 68 68 0 47 47 0 46 46 0 68 68 0 46 46 0 69 69 0 69 69 0 46 46 0 67 67 0 68 68 0 69 69 0 70 70 0 73 73 0 71 71 0 72 72 0 49 49 0 71 71 0 73 73 0 49 49 0 73 73 0 50 50 0 50 50 0 73 73 0 74 74 0 51 51 0 50 50 0 75 75 0 75 75 0 50 50 0 74 74 0 52 52 0 51 51 0 76 76 0 76 76 0 51 51 0 75 75 0 53 53 0 52 52 0 77 77 0 77 77 0 52 52 0 76 76 0 54 54 0 53 53 0 78 78 0 78 78 0 53 53 0 77 77 0 55 55 0 54 54 0 79 79 0 79 79 0 54 54 0 78 78 0 56 56 0 55 55 0 80 80 0 80 80 0 55 55 0 79 79 0 57 57 0 56 56 0 81 81 0 81 81 0 56 56 0 80 80 0 58 58 0 57 57 0 82 82 0 82 82 0 57 57 0 81 81 0 59 59 0 58 58 0 83 83 0 83 83 0 58 58 0 82 82 0 60 60 0 59 59 0 84 84 0 84 84 0 59 59 0 83 83 0 61 61 0 60 60 0 85 85 0 85 85 0 60 60 0 84 84 0 62 62 0 61 61 0 86 86 0 86 86 0 61 61 0 85 85 0 63 63 0 62 62 0 87 87 0 87 87 0 62 62 0 86 86 0 64 64 0 63 63 0 88 88 0 88 88 0 63 63 0 87 87 0 65 65 0 64 64 0 89 89 0 89 89 0 64 64 0 88 88 0 66 66 0 65 65 0 90 90 0 90 90 0 65 65 0 89 89 0 67 67 0 66 66 0 91 91 0 91 91 0 66 66 0 90 90 0 69 69 0 67 67 0 92 92 0 92 92 0 67 67 0 91 91 0 93 93 0 70 70 0 69 69 0 93 93 0 69 69 0 94 94 0 94 94 0 69 69 0 92 92 0 93 93 0 94 94 0 95 95 0 98 98 0 96 96 0 97 97 0 72 72 0 96 96 0 98 98 0 72 72 0 98 98 0 73 73 0 73 73 0 98 98 0 99 99 0 74 74 0 73 73 0 100 100 0 100 100 0 73 73 0 99 99 0 75 75 0 74 74 0 101 101 0 101 101 0 74 74 0 100 100 0 76 76 0 75 75 0 102 102 0 102 102 0 75 75 0 101 101 0 77 77 0 76 76 0 103 103 0 103 103 0 76 76 0 102 102 0 78 78 0 77 77 0 104 104 0 104 104 0 77 77 0 103 103 0 79 79 0 78 78 0 105 105 0 105 105 0 78 78 0 104 104 0 80 80 0 79 79 0 106 106 0 106 106 0 79 79 0 105 105 0 81 81 0 80 80 0 107 107 0 107 107 0 80 80 0 106 106 0 82 82 0 81 81 0 108 108 0 108 108 0 81 81 0 107 107 0 83 83 0 82 82 0 109 109 0 109 109 0 82 82 0 108 108 0 84 84 0 83 83 0 110 110 0 110 110 0 83 83 0 109 109 0 85 85 0 84 84 0 111 111 0 111 111 0 84 84 0 110 110 0 86 86 0 85 85 0 112 112 0 112 112 0 85 85 0 111 111 0 87 87 0 86 86 0 113 113 0 113 113 0 86 86 0 112 112 0 88 88 0 87 87 0 114 114 0 114 114 0 87 87 0 113 113 0 89 89 0 88 88 0 115 115 0 115 115 0 88 88 0 114 114 0 90 90 0 89 89 0 116 116 0 116 116 0 89 89 0 115 115 0 91 91 0 90 90 0 117 117 0 117 117 0 90 90 0 116 116 0 92 92 0 91 91 0 118 118 0 118 118 0 91 91 0 117 117 0 94 94 0 92 92 0 119 119 0 119 119 0 92 92 0 118 118 0 120 120 0 95 95 0 94 94 0 120 120 0 94 94 0 121 121 0 121 121 0 94 94 0 119 119 0 120 120 0 121 121 0 122 122 0 125 125 0 123 123 0 124 124 0 97 97 0 123 123 0 125 125 0 97 97 0 125 125 0 98 98 0 98 98 0 125 125 0 126 126 0 99 99 0 98 98 0 127 127 0 127 127 0 98 98 0 126 126 0 100 100 0 99 99 0 128 128 0 128 128 0 99 99 0 127 127 0 101 101 0 100 100 0 129 129 0 129 129 0 100 100 0 128 128 0 102 102 0 101 101 0 130 130 0 130 130 0 101 101 0 129 129 0 103 103 0 102 102 0 131 131 0 131 131 0 102 102 0 130 130 0 104 104 0 103 103 0 132 132 0 132 132 0 103 103 0 131 131 0 105 105 0 104 104 0 133 133 0 133 133 0 104 104 0 132 132 0 106 106 0 105 105 0 134 134 0 134 134 0 105 105 0 133 133 0 107 107 0 106 106 0 135 135 0 135 135 0 106 106 0 134 134 0 108 108 0 107 107 0 136 136 0 136 136 0 107 107 0 135 135 0 109 109 0 108 108 0 137 137 0 137 137 0 108 108 0 136 136 0 110 110 0 109 109 0 138 138 0 138 138 0 109 109 0 137 137 0 111 111 0 110 110 0 139 139 0 139 139 0 110 110 0 138 138 0 112 112 0 111 111 0 140 140 0 140 140 0 111 111 0 139 139 0 113 113 0 112 112 0 141 141 0 141 141 0 112 112 0 140 140 0 114 114 0 113 113 0 142 142 0 142 142 0 113 113 0 141 141 0 115 115 0 114 114 0 143 143 0 143 143 0 114 114 0 142 142 0 116 116 0 115 115 0 144 144 0 144 144 0 115 115 0 143 143 0 117 117 0 116 116 0 145 145 0 145 145 0 116 116 0 144 144 0 118 118 0 117 117 0 146 146 0 146 146 0 117 117 0 145 145 0 119 119 0 118 118 0 147 147 0 147 147 0 118 118 0 146 146 0 121 121 0 119 119 0 148 148 0 148 148 0 119 119 0 147 147 0 149 149 0 122 122 0 121 121 0 148 148 0 149 149 0 121 121 0 151 151 0 125 125 0 124 124 0 150 150 0 151 151 0 124 124 0 126 126 0 125 125 0 152 152 0 152 152 0 125 125 0 151 151 0 127 127 0 126 126 0 153 153 0 153 153 0 126 126 0 152 152 0 128 128 0 127 127 0 154 154 0 154 154 0 127 127 0 153 153 0 129 129 0 128 128 0 155 155 0 155 155 0 128 128 0 154 154 0 130 130 0 129 129 0 156 156 0 156 156 0 129 129 0 155 155 0 131 131 0 130 130 0 157 157 0 157 157 0 130 130 0 156 156 0 132 132 0 131 131 0 158 158 0 158 158 0 131 131 0 157 157 0 133 133 0 132 132 0 159 159 0 159 159 0 132 132 0 158 158 0 134 134 0 133 133 0 160 160 0 160 160 0 133 133 0 159 159 0 135 135 0 134 134 0 161 161 0 161 161 0 134 134 0 160 160 0 136 136 0 135 135 0 162 162 0 162 162 0 135 135 0 161 161 0 137 137 0 136 136 0 163 163 0 163 163 0 136 136 0 162 162 0 138 138 0 137 137 0 164 164 0 164 164 0 137 137 0 163 163 0 139 139 0 138 138 0 165 165 0 165 165 0 138 138 0 164 164 0 140 140 0 139 139 0 166 166 0 166 166 0 139 139 0 165 165 0 141 141 0 140 140 0 167 167 0 167 167 0 140 140 0 166 166 0 142 142 0 141 141 0 168 168 0 168 168 0 141 141 0 167 167 0 143 143 0 142 142 0 169 169 0 169 169 0 142 142 0 168 168 0 144 144 0 143 143 0 170 170 0 170 170 0 143 143 0 169 169 0 145 145 0 144 144 0 171 171 0 171 171 0 144 144 0 170 170 0 146 146 0 145 145 0 172 172 0 172 172 0 145 145 0 171 171 0 147 147 0 146 146 0 173 173 0 173 173 0 146 146 0 172 172 0 148 148 0 147 147 0 174 174 0 174 174 0 147 147 0 173 173 0 175 175 0 149 149 0 148 148 0 175 175 0 148 148 0 176 176 0 176 176 0 148 148 0 174 174 0 175 175 0 176 176 0 177 177 0 180 180 0 178 178 0 179 179 0 150 150 0 178 178 0 180 180 0 150 150 0 180 180 0 151 151 0 151 151 0 180 180 0 181 181 0 152 152 0 151 151 0 182 182 0 182 182 0 151 151 0 181 181 0 153 153 0 152 152 0 183 183 0 183 183 0 152 152 0 182 182 0 154 154 0 153 153 0 184 184 0 184 184 0 153 153 0 183 183 0 155 155 0 154 154 0 185 185 0 185 185 0 154 154 0 184 184 0 156 156 0 155 155 0 186 186 0 186 186 0 155 155 0 185 185 0 157 157 0 156 156 0 187 187 0 187 187 0 156 156 0 186 186 0 158 158 0 157 157 0 188 188 0 188 188 0 157 157 0 187 187 0 159 159 0 158 158 0 189 189 0 189 189 0 158 158 0 188 188 0 160 160 0 159 159 0 190 190 0 190 190 0 159 159 0 189 189 0 161 161 0 160 160 0 191 191 0 191 191 0 160 160 0 190 190 0 162 162 0 161 161 0 192 192 0 192 192 0 161 161 0 191 191 0 163 163 0 162 162 0 193 193 0 193 193 0 162 162 0 192 192 0 164 164 0 163 163 0 194 194 0 194 194 0 163 163 0 193 193 0 165 165 0 164 164 0 195 195 0 195 195 0 164 164 0 194 194 0 166 166 0 165 165 0 196 196 0 196 196 0 165 165 0 195 195 0 167 167 0 166 166 0 197 197 0 197 197 0 166 166 0 196 196 0 168 168 0 167 167 0 198 198 0 198 198 0 167 167 0 197 197 0 169 169 0 168 168 0 199 199 0 199 199 0 168 168 0 198 198 0 170 170 0 169 169 0 200 200 0 200 200 0 169 169 0 199 199 0 171 171 0 170 170 0 201 201 0 201 201 0 170 170 0 200 200 0 172 172 0 171 171 0 202 202 0 202 202 0 171 171 0 201 201 0 173 173 0 172 172 0 203 203 0 203 203 0 172 172 0 202 202 0 174 174 0 173 173 0 204 204 0 204 204 0 173 173 0 203 203 0 176 176 0 174 174 0 205 205 0 205 205 0 174 174 0 204 204 0 206 206 0 177 177 0 176 176 0 206 206 0 176 176 0 207 207 0 207 207 0 176 176 0 205 205 0 206 206 0 207 207 0 208 208 0 210 210 0 180 180 0 179 179 0 209 209 0 210 210 0 179 179 0 181 181 0 180 180 0 211 211 0 211 211 0 180 180 0 210 210 0 182 182 0 181 181 0 212 212 0 212 212 0 181 181 0 211 211 0 183 183 0 182 182 0 213 213 0 213 213 0 182 182 0 212 212 0 184 184 0 183 183 0 214 214 0 214 214 0 183 183 0 213 213 0 185 185 0 184 184 0 215 215 0 215 215 0 184 184 0 214 214 0 186 186 0 185 185 0 216 216 0 216 216 0 185 185 0 215 215 0 187 187 0 186 186 0 217 217 0 217 217 0 186 186 0 216 216 0 188 188 0 187 187 0 218 218 0 218 218 0 187 187 0 217 217 0 189 189 0 188 188 0 219 219 0 219 219 0 188 188 0 218 218 0 190 190 0 189 189 0 220 220 0 220 220 0 189 189 0 219 219 0 191 191 0 190 190 0 221 221 0 221 221 0 190 190 0 220 220 0 192 192 0 191 191 0 222 222 0 222 222 0 191 191 0 221 221 0 193 193 0 192 192 0 223 223 0 223 223 0 192 192 0 222 222 0 194 194 0 193 193 0 224 224 0 224 224 0 193 193 0 223 223 0 195 195 0 194 194 0 225 225 0 225 225 0 194 194 0 224 224 0 196 196 0 195 195 0 226 226 0 226 226 0 195 195 0 225 225 0 197 197 0 196 196 0 227 227 0 227 227 0 196 196 0 226 226 0 198 198 0 197 197 0 228 228 0 228 228 0 197 197 0 227 227 0 199 199 0 198 198 0 229 229 0 229 229 0 198 198 0 228 228 0 200 200 0 199 199 0 230 230 0 230 230 0 199 199 0 229 229 0 201 201 0 200 200 0 231 231 0 231 231 0 200 200 0 230 230 0 202 202 0 201 201 0 232 232 0 232 232 0 201 201 0 231 231 0 203 203 0 202 202 0 233 233 0 233 233 0 202 202 0 232 232 0 204 204 0 203 203 0 234 234 0 234 234 0 203 203 0 233 233 0 205 205 0 204 204 0 235 235 0 235 235 0 204 204 0 234 234 0 207 207 0 205 205 0 236 236 0 236 236 0 205 205 0 235 235 0 237 237 0 208 208 0 207 207 0 237 237 0 207 207 0 238 238 0 238 238 0 207 207 0 236 236 0 237 237 0 238 238 0 239 239 0 241 241 0 210 210 0 209 209 0 240 240 0 241 241 0 209 209 0 211 211 0 210 210 0 242 242 0 242 242 0 210 210 0 241 241 0 212 212 0 211 211 0 243 243 0 243 243 0 211 211 0 242 242 0 213 213 0 212 212 0 244 244 0 244 244 0 212 212 0 243 243 0 214 214 0 213 213 0 245 245 0 245 245 0 213 213 0 244 244 0 215 215 0 214 214 0 246 246 0 246 246 0 214 214 0 245 245 0 216 216 0 215 215 0 247 247 0 247 247 0 215 215 0 246 246 0 217 217 0 216 216 0 248 248 0 248 248 0 216 216 0 247 247 0 218 218 0 217 217 0 249 249 0 249 249 0 217 217 0 248 248 0 219 219 0 218 218 0 250 250 0 250 250 0 218 218 0 249 249 0 220 220 0 219 219 0 251 251 0 251 251 0 219 219 0 250 250 0 221 221 0 220 220 0 252 252 0 252 252 0 220 220 0 251 251 0 222 222 0 221 221 0 253 253 0 253 253 0 221 221 0 252 252 0 223 223 0 222 222 0 254 254 0 254 254 0 222 222 0 253 253 0 224 224 0 223 223 0 255 255 0 255 255 0 223 223 0 254 254 0 225 225 0 224 224 0 256 256 0 256 256 0 224 224 0 255 255 0 226 226 0 225 225 0 257 257 0 257 257 0 225 225 0 256 256 0 227 227 0 226 226 0 258 258 0 258 258 0 226 226 0 257 257 0 228 228 0 227 227 0 259 259 0 259 259 0 227 227 0 258 258 0 229 229 0 228 228 0 260 260 0 260 260 0 228 228 0 259 259 0 230 230 0 229 229 0 261 261 0 261 261 0 229 229 0 260 260 0 231 231 0 230 230 0 262 262 0 262 262 0 230 230 0 261 261 0 232 232 0 231 231 0 263 263 0 263 263 0 231 231 0 262 262 0 233 233 0 232 232 0 264 264 0 264 264 0 232 232 0 263 263 0 234 234 0 233 233 0 265 265 0 265 265 0 233 233 0 264 264 0 235 235 0 234 234 0 266 266 0 266 266 0 234 234 0 265 265 0 236 236 0 235 235 0 267 267 0 267 267 0 235 235 0 266 266 0 238 238 0 236 236 0 268 268 0 268 268 0 236 236 0 267 267 0 269 269 0 239 239 0 238 238 0 268 268 0 269 269 0 238 238 0 272 272 0 270 270 0 271 271 0 240 240 0 270 270 0 272 272 0 240 240 0 272 272 0 241 241 0 241 241 0 272 272 0 273 273 0 242 242 0 241 241 0 274 274 0 274 274 0 241 241 0 273 273 0 243 243 0 242 242 0 275 275 0 275 275 0 242 242 0 274 274 0 244 244 0 243 243 0 276 276 0 276 276 0 243 243 0 275 275 0 245 245 0 244 244 0 277 277 0 277 277 0 244 244 0 276 276 0 246 246 0 245 245 0 278 278 0 278 278 0 245 245 0 277 277 0 247 247 0 246 246 0 279 279 0 279 279 0 246 246 0 278 278 0 248 248 0 247 247 0 280 280 0 280 280 0 247 247 0 279 279 0 249 249 0 248 248 0 281 281 0 281 281 0 248 248 0 280 280 0 250 250 0 249 249 0 282 282 0 282 282 0 249 249 0 281 281 0 251 251 0 250 250 0 283 283 0 283 283 0 250 250 0 282 282 0 252 252 0 251 251 0 284 284 0 284 284 0 251 251 0 283 283 0 253 253 0 252 252 0 285 285 0 285 285 0 252 252 0 284 284 0 254 254 0 253 253 0 286 286 0 286 286 0 253 253 0 285 285 0 255 255 0 254 254 0 287 287 0 287 287 0 254 254 0 286 286 0 256 256 0 255 255 0 288 288 0 288 288 0 255 255 0 287 287 0 257 257 0 256 256 0 289 289 0 289 289 0 256 256 0 288 288 0 258 258 0 257 257 0 290 290 0 290 290 0 257 257 0 289 289 0 259 259 0 258 258 0 291 291 0 291 291 0 258 258 0 290 290 0 260 260 0 259 259 0 292 292 0 292 292 0 259 259 0 291 291 0 261 261 0 260 260 0 293 293 0 293 293 0 260 260 0 292 292 0 262 262 0 261 261 0 294 294 0 294 294 0 261 261 0 293 293 0 263 263 0 262 262 0 295 295 0 295 295 0 262 262 0 294 294 0 264 264 0 263 263 0 296 296 0 296 296 0 263 263 0 295 295 0 265 265 0 264 264 0 297 297 0 297 297 0 264 264 0 296 296 0 266 266 0 265 265 0 298 298 0 298 298 0 265 265 0 297 297 0 267 267 0 266 266 0 299 299 0 299 299 0 266 266 0 298 298 0 268 268 0 267 267 0 300 300 0 300 300 0 267 267 0 299 299 0 301 301 0 269 269 0 268 268 0 300 300 0 301 301 0 268 268 0 303 303 0 272 272 0 271 271 0 302 302 0 303 303 0 271 271 0 273 273 0 272 272 0 304 304 0 304 304 0 272 272 0 303 303 0 274 274 0 273 273 0 305 305 0 305 305 0 273 273 0 304 304 0 275 275 0 274 274 0 306 306 0 306 306 0 274 274 0 305 305 0 276 276 0 275 275 0 307 307 0 307 307 0 275 275 0 306 306 0 277 277 0 276 276 0 308 308 0 308 308 0 276 276 0 307 307 0 278 278 0 277 277 0 309 309 0 309 309 0 277 277 0 308 308 0 279 279 0 278 278 0 310 310 0 310 310 0 278 278 0 309 309 0 280 280 0 279 279 0 311 311 0 311 311 0 279 279 0 310 310 0 281 281 0 280 280 0 312 312 0 312 312 0 280 280 0 311 311 0 282 282 0 281 281 0 313 313 0 313 313 0 281 281 0 312 312 0 283 283 0 282 282 0 314 314 0 314 314 0 282 282 0 313 313 0 284 284 0 283 283 0 315 315 0 315 315 0 283 283 0 314 314 0 285 285 0 284 284 0 316 316 0 316 316 0 284 284 0 315 315 0 286 286 0 285 285 0 317 317 0 317 317 0 285 285 0 316 316 0 287 287 0 286 286 0 318 318 0 318 318 0 286 286 0 317 317 0 288 288 0 287 287 0 319 319 0 319 319 0 287 287 0 318 318 0 289 289 0 288 288 0 320 320 0 320 320 0 288 288 0 319 319 0 290 290 0 289 289 0 321 321 0 321 321 0 289 289 0 320 320 0 291 291 0 290 290 0 322 322 0 322 322 0 290 290 0 321 321 0 292 292 0 291 291 0 323 323 0 323 323 0 291 291 0 322 322 0 293 293 0 292 292 0 324 324 0 324 324 0 292 292 0 323 323 0 294 294 0 293 293 0 325 325 0 325 325 0 293 293 0 324 324 0 295 295 0 294 294 0 326 326 0 326 326 0 294 294 0 325 325 0 296 296 0 295 295 0 327 327 0 327 327 0 295 295 0 326 326 0 297 297 0 296 296 0 328 328 0 328 328 0 296 296 0 327 327 0 298 298 0 297 297 0 329 329 0 329 329 0 297 297 0 328 328 0 299 299 0 298 298 0 330 330 0 330 330 0 298 298 0 329 329 0 300 300 0 299 299 0 331 331 0 331 331 0 299 299 0 330 330 0 332 332 0 301 301 0 300 300 0 332 332 0 300 300 0 333 333 0 333 333 0 300 300 0 331 331 0 332 332 0 333 333 0 334 334 0 336 336 0 303 303 0 302 302 0 335 335 0 336 336 0 302 302 0 304 304 0 303 303 0 337 337 0 337 337 0 303 303 0 336 336 0 305 305 0 304 304 0 338 338 0 338 338 0 304 304 0 337 337 0 306 306 0 305 305 0 339 339 0 339 339 0 305 305 0 338 338 0 307 307 0 306 306 0 340 340 0 340 340 0 306 306 0 339 339 0 308 308 0 307 307 0 341 341 0 341 341 0 307 307 0 340 340 0 309 309 0 308 308 0 342 342 0 342 342 0 308 308 0 341 341 0 310 310 0 309 309 0 343 343 0 343 343 0 309 309 0 342 342 0 311 311 0 310 310 0 344 344 0 344 344 0 310 310 0 343 343 0 312 312 0 311 311 0 345 345 0 345 345 0 311 311 0 344 344 0 313 313 0 312 312 0 346 346 0 346 346 0 312 312 0 345 345 0 314 314 0 313 313 0 347 347 0 347 347 0 313 313 0 346 346 0 315 315 0 314 314 0 348 348 0 348 348 0 314 314 0 347 347 0 316 316 0 315 315 0 349 349 0 349 349 0 315 315 0 348 348 0 317 317 0 316 316 0 350 350 0 350 350 0 316 316 0 349 349 0 318 318 0 317 317 0 351 351 0 351 351 0 317 317 0 350 350 0 319 319 0 318 318 0 352 352 0 352 352 0 318 318 0 351 351 0 320 320 0 319 319 0 353 353 0 353 353 0 319 319 0 352 352 0 321 321 0 320 320 0 354 354 0 354 354 0 320 320 0 353 353 0 322 322 0 321 321 0 355 355 0 355 355 0 321 321 0 354 354 0 323 323 0 322 322 0 356 356 0 356 356 0 322 322 0 355 355 0 324 324 0 323 323 0 357 357 0 357 357 0 323 323 0 356 356 0 325 325 0 324 324 0 358 358 0 358 358 0 324 324 0 357 357 0 326 326 0 325 325 0 359 359 0 359 359 0 325 325 0 358 358 0 327 327 0 326 326 0 360 360 0 360 360 0 326 326 0 359 359 0 328 328 0 327 327 0 361 361 0 361 361 0 327 327 0 360 360 0 329 329 0 328 328 0 362 362 0 362 362 0 328 328 0 361 361 0 330 330 0 329 329 0 363 363 0 363 363 0 329 329 0 362 362 0 331 331 0 330 330 0 364 364 0 364 364 0 330 330 0 363 363 0 333 333 0 331 331 0 365 365 0 365 365 0 331 331 0 364 364 0 366 366 0 334 334 0 333 333 0 365 365 0 366 366 0 333 333 0 368 368 0 336 336 0 335 335 0 367 367 0 368 368 0 335 335 0 337 337 0 336 336 0 369 369 0 369 369 0 336 336 0 368 368 0 338 338 0 337 337 0 370 370 0 370 370 0 337 337 0 369 369 0 339 339 0 338 338 0 371 371 0 371 371 0 338 338 0 370 370 0 340 340 0 339 339 0 372 372 0 372 372 0 339 339 0 371 371 0 341 341 0 340 340 0 373 373 0 373 373 0 340 340 0 372 372 0 342 342 0 341 341 0 374 374 0 374 374 0 341 341 0 373 373 0 343 343 0 342 342 0 375 375 0 375 375 0 342 342 0 374 374 0 344 344 0 343 343 0 376 376 0 376 376 0 343 343 0 375 375 0 345 345 0 344 344 0 377 377 0 377 377 0 344 344 0 376 376 0 346 346 0 345 345 0 378 378 0 378 378 0 345 345 0 377 377 0 347 347 0 346 346 0 379 379 0 379 379 0 346 346 0 378 378 0 348 348 0 347 347 0 380 380 0 380 380 0 347 347 0 379 379 0 349 349 0 348 348 0 381 381 0 381 381 0 348 348 0 380 380 0 350 350 0 349 349 0 382 382 0 382 382 0 349 349 0 381 381 0 351 351 0 350 350 0 383 383 0 383 383 0 350 350 0 382 382 0 352 352 0 351 351 0 384 384 0 384 384 0 351 351 0 383 383 0 353 353 0 352 352 0 385 385 0 385 385 0 352 352 0 384 384 0 354 354 0 353 353 0 386 386 0 386 386 0 353 353 0 385 385 0 355 355 0 354 354 0 387 387 0 387 387 0 354 354 0 386 386 0 356 356 0 355 355 0 388 388 0 388 388 0 355 355 0 387 387 0 357 357 0 356 356 0 389 389 0 389 389 0 356 356 0 388 388 0 358 358 0 357 357 0 390 390 0 390 390 0 357 357 0 389 389 0 359 359 0 358 358 0 391 391 0 391 391 0 358 358 0 390 390 0 360 360 0 359 359 0 392 392 0 392 392 0 359 359 0 391 391 0 361 361 0 360 360 0 393 393 0 393 393 0 360 360 0 392 392 0 362 362 0 361 361 0 394 394 0 394 394 0 361 361 0 393 393 0 363 363 0 362 362 0 395 395 0 395 395 0 362 362 0 394 394 0 364 364 0 363 363 0 396 396 0 396 396 0 363 363 0 395 395 0 365 365 0 364 364 0 397 397 0 397 397 0 364 364 0 396 396 0 398 398 0 366 366 0 365 365 0 397 397 0 398 398 0 365 365 0 400 400 0 368 368 0 367 367 0 399 399 0 400 400 0 367 367 0 369 369 0 368 368 0 401 401 0 401 401 0 368 368 0 400 400 0 370 370 0 369 369 0 402 402 0 402 402 0 369 369 0 401 401 0 371 371 0 370 370 0 403 403 0 403 403 0 370 370 0 402 402 0 372 372 0 371 371 0 404 404 0 404 404 0 371 371 0 403 403 0 373 373 0 372 372 0 405 405 0 405 405 0 372 372 0 404 404 0 374 374 0 373 373 0 406 406 0 406 406 0 373 373 0 405 405 0 375 375 0 374 374 0 407 407 0 407 407 0 374 374 0 406 406 0 376 376 0 375 375 0 408 408 0 408 408 0 375 375 0 407 407 0 377 377 0 376 376 0 409 409 0 409 409 0 376 376 0 408 408 0 378 378 0 377 377 0 410 410 0 410 410 0 377 377 0 409 409 0 379 379 0 378 378 0 411 411 0 411 411 0 378 378 0 410 410 0 380 380 0 379 379 0 412 412 0 412 412 0 379 379 0 411 411 0 381 381 0 380 380 0 413 413 0 413 413 0 380 380 0 412 412 0 382 382 0 381 381 0 414 414 0 414 414 0 381 381 0 413 413 0 383 383 0 382 382 0 415 415 0 415 415 0 382 382 0 414 414 0 384 384 0 383 383 0 416 416 0 416 416 0 383 383 0 415 415 0 385 385 0 384 384 0 417 417 0 417 417 0 384 384 0 416 416 0 386 386 0 385 385 0 418 418 0 418 418 0 385 385 0 417 417 0 387 387 0 386 386 0 419 419 0 419 419 0 386 386 0 418 418 0 388 388 0 387 387 0 420 420 0 420 420 0 387 387 0 419 419 0 389 389 0 388 388 0 421 421 0 421 421 0 388 388 0 420 420 0 390 390 0 389 389 0 422 422 0 422 422 0 389 389 0 421 421 0 391 391 0 390 390 0 423 423 0 423 423 0 390 390 0 422 422 0 392 392 0 391 391 0 424 424 0 424 424 0 391 391 0 423 423 0 393 393 0 392 392 0 425 425 0 425 425 0 392 392 0 424 424 0 394 394 0 393 393 0 426 426 0 426 426 0 393 393 0 425 425 0 395 395 0 394 394 0 427 427 0 427 427 0 394 394 0 426 426 0 396 396 0 395 395 0 428 428 0 428 428 0 395 395 0 427 427 0 430 430 0 429 429 0 397 397 0 430 430 0 397 397 0 428 428 0 428 428 0 397 397 0 396 396 0 398 398 0 397 397 0 429 429 0 432 432 0 400 400 0 399 399 0 431 431 0 432 432 0 399 399 0 401 401 0 400 400 0 433 433 0 433 433 0 400 400 0 432 432 0 402 402 0 401 401 0 434 434 0 434 434 0 401 401 0 433 433 0 403 403 0 402 402 0 435 435 0 435 435 0 402 402 0 434 434 0 404 404 0 403 403 0 436 436 0 436 436 0 403 403 0 435 435 0 405 405 0 404 404 0 437 437 0 437 437 0 404 404 0 436 436 0 406 406 0 405 405 0 438 438 0 438 438 0 405 405 0 437 437 0 407 407 0 406 406 0 439 439 0 439 439 0 406 406 0 438 438 0 408 408 0 407 407 0 440 440 0 440 440 0 407 407 0 439 439 0 409 409 0 408 408 0 441 441 0 441 441 0 408 408 0 440 440 0 410 410 0 409 409 0 442 442 0 442 442 0 409 409 0 441 441 0 411 411 0 410 410 0 443 443 0 443 443 0 410 410 0 442 442 0 412 412 0 411 411 0 444 444 0 444 444 0 411 411 0 443 443 0 413 413 0 412 412 0 445 445 0 445 445 0 412 412 0 444 444 0 414 414 0 413 413 0 446 446 0 446 446 0 413 413 0 445 445 0 415 415 0 414 414 0 447 447 0 447 447 0 414 414 0 446 446 0 416 416 0 415 415 0 448 448 0 448 448 0 415 415 0 447 447 0 417 417 0 416 416 0 449 449 0 449 449 0 416 416 0 448 448 0 418 418 0 417 417 0 450 450 0 450 450 0 417 417 0 449 449 0 419 419 0 418 418 0 451 451 0 451 451 0 418 418 0 450 450 0 420 420 0 419 419 0 452 452 0 452 452 0 419 419 0 451 451 0 421 421 0 420 420 0 453 453 0 453 453 0 420 420 0 452 452 0 422 422 0 421 421 0 454 454 0 454 454 0 421 421 0 453 453 0 423 423 0 422 422 0 455 455 0 455 455 0 422 422 0 454 454 0 424 424 0 423 423 0 456 456 0 456 456 0 423 423 0 455 455 0 425 425 0 424 424 0 457 457 0 457 457 0 424 424 0 456 456 0 426 426 0 425 425 0 458 458 0 458 458 0 425 425 0 457 457 0 427 427 0 426 426 0 459 459 0 459 459 0 426 426 0 458 458 0 428 428 0 427 427 0 460 460 0 460 460 0 427 427 0 459 459 0 461 461 0 430 430 0 428 428 0 460 460 0 461 461 0 428 428 0 463 463 0 432 432 0 431 431 0 462 462 0 463 463 0 431 431 0 433 433 0 432 432 0 464 464 0 464 464 0 432 432 0 463 463 0 434 434 0 433 433 0 465 465 0 465 465 0 433 433 0 464 464 0 435 435 0 434 434 0 466 466 0 466 466 0 434 434 0 465 465 0 436 436 0 435 435 0 467 467 0 467 467 0 435 435 0 466 466 0 437 437 0 436 436 0 468 468 0 468 468 0 436 436 0 467 467 0 438 438 0 437 437 0 469 469 0 469 469 0 437 437 0 468 468 0 439 439 0 438 438 0 470 470 0 470 470 0 438 438 0 469 469 0 440 440 0 439 439 0 471 471 0 471 471 0 439 439 0 470 470 0 441 441 0 440 440 0 472 472 0 472 472 0 440 440 0 471 471 0 442 442 0 441 441 0 473 473 0 473 473 0 441 441 0 472 472 0 443 443 0 442 442 0 474 474 0 474 474 0 442 442 0 473 473 0 444 444 0 443 443 0 475 475 0 475 475 0 443 443 0 474 474 0 445 445 0 444 444 0 476 476 0 476 476 0 444 444 0 475 475 0 446 446 0 445 445 0 477 477 0 477 477 0 445 445 0 476 476 0 447 447 0 446 446 0 478 478 0 478 478 0 446 446 0 477 477 0 448 448 0 447 447 0 479 479 0 479 479 0 447 447 0 478 478 0 449 449 0 448 448 0 480 480 0 480 480 0 448 448 0 479 479 0 450 450 0 449 449 0 481 481 0 481 481 0 449 449 0 480 480 0 451 451 0 450 450 0 482 482 0 482 482 0 450 450 0 481 481 0 452 452 0 451 451 0 483 483 0 483 483 0 451 451 0 482 482 0 453 453 0 452 452 0 484 484 0 484 484 0 452 452 0 483 483 0 454 454 0 453 453 0 485 485 0 485 485 0 453 453 0 484 484 0 455 455 0 454 454 0 486 486 0 486 486 0 454 454 0 485 485 0 456 456 0 455 455 0 487 487 0 487 487 0 455 455 0 486 486 0 457 457 0 456 456 0 488 488 0 488 488 0 456 456 0 487 487 0 458 458 0 457 457 0 489 489 0 489 489 0 457 457 0 488 488 0 459 459 0 458 458 0 490 490 0 490 490 0 458 458 0 489 489 0 460 460 0 459 459 0 491 491 0 491 491 0 459 459 0 490 490 0 492 492 0 461 461 0 460 460 0 491 491 0 492 492 0 460 460 0 494 494 0 463 463 0 462 462 0 493 493 0 494 494 0 462 462 0 464 464 0 463 463 0 495 495 0 495 495 0 463 463 0 494 494 0 465 465 0 464 464 0 496 496 0 496 496 0 464 464 0 495 495 0 466 466 0 465 465 0 497 497 0 497 497 0 465 465 0 496 496 0 467 467 0 466 466 0 498 498 0 498 498 0 466 466 0 497 497 0 468 468 0 467 467 0 499 499 0 499 499 0 467 467 0 498 498 0 469 469 0 468 468 0 500 500 0 500 500 0 468 468 0 499 499 0 470 470 0 469 469 0 501 501 0 501 501 0 469 469 0 500 500 0 471 471 0 470 470 0 502 502 0 502 502 0 470 470 0 501 501 0 472 472 0 471 471 0 503 503 0 503 503 0 471 471 0 502 502 0 473 473 0 472 472 0 504 504 0 504 504 0 472 472 0 503 503 0 474 474 0 473 473 0 505 505 0 505 505 0 473 473 0 504 504 0 475 475 0 474 474 0 506 506 0 506 506 0 474 474 0 505 505 0 476 476 0 475 475 0 507 507 0 507 507 0 475 475 0 506 506 0 477 477 0 476 476 0 508 508 0 508 508 0 476 476 0 507 507 0 478 478 0 477 477 0 509 509 0 509 509 0 477 477 0 508 508 0 479 479 0 478 478 0 510 510 0 510 510 0 478 478 0 509 509 0 480 480 0 479 479 0 511 511 0 511 511 0 479 479 0 510 510 0 481 481 0 480 480 0 512 512 0 512 512 0 480 480 0 511 511 0 482 482 0 481 481 0 513 513 0 513 513 0 481 481 0 512 512 0 483 483 0 482 482 0 514 514 0 514 514 0 482 482 0 513 513 0 484 484 0 483 483 0 515 515 0 515 515 0 483 483 0 514 514 0 485 485 0 484 484 0 516 516 0 516 516 0 484 484 0 515 515 0 486 486 0 485 485 0 517 517 0 517 517 0 485 485 0 516 516 0 487 487 0 486 486 0 518 518 0 518 518 0 486 486 0 517 517 0 488 488 0 487 487 0 519 519 0 519 519 0 487 487 0 518 518 0 489 489 0 488 488 0 520 520 0 520 520 0 488 488 0 519 519 0 490 490 0 489 489 0 521 521 0 521 521 0 489 489 0 520 520 0 491 491 0 490 490 0 522 522 0 522 522 0 490 490 0 521 521 0 523 523 0 492 492 0 491 491 0 522 522 0 523 523 0 491 491 0 494 494 0 493 493 0 524 524 0 524 524 0 525 525 0 526 526 0 524 524 0 526 526 0 494 494 0 494 494 0 526 526 0 495 495 0 496 496 0 495 495 0 527 527 0 527 527 0 495 495 0 526 526 0 497 497 0 496 496 0 528 528 0 528 528 0 496 496 0 527 527 0 498 498 0 497 497 0 529 529 0 529 529 0 497 497 0 528 528 0 499 499 0 498 498 0 530 530 0 530 530 0 498 498 0 529 529 0 500 500 0 499 499 0 531 531 0 531 531 0 499 499 0 530 530 0 501 501 0 500 500 0 532 532 0 532 532 0 500 500 0 531 531 0 502 502 0 501 501 0 533 533 0 533 533 0 501 501 0 532 532 0 503 503 0 502 502 0 534 534 0 534 534 0 502 502 0 533 533 0 504 504 0 503 503 0 535 535 0 535 535 0 503 503 0 534 534 0 505 505 0 504 504 0 536 536 0 536 536 0 504 504 0 535 535 0 506 506 0 505 505 0 537 537 0 537 537 0 505 505 0 536 536 0 507 507 0 506 506 0 538 538 0 538 538 0 506 506 0 537 537 0 508 508 0 507 507 0 539 539 0 539 539 0 507 507 0 538 538 0 509 509 0 508 508 0 540 540 0 540 540 0 508 508 0 539 539 0 510 510 0 509 509 0 541 541 0 541 541 0 509 509 0 540 540 0 511 511 0 510 510 0 542 542 0 542 542 0 510 510 0 541 541 0 512 512 0 511 511 0 543 543 0 543 543 0 511 511 0 542 542 0 513 513 0 512 512 0 544 544 0 544 544 0 512 512 0 543 543 0 514 514 0 513 513 0 545 545 0 545 545 0 513 513 0 544 544 0 515 515 0 514 514 0 546 546 0 546 546 0 514 514 0 545 545 0 516 516 0 515 515 0 547 547 0 547 547 0 515 515 0 546 546 0 517 517 0 516 516 0 548 548 0 548 548 0 516 516 0 547 547 0 518 518 0 517 517 0 549 549 0 549 549 0 517 517 0 548 548 0 519 519 0 518 518 0 550 550 0 550 550 0 518 518 0 549 549 0 520 520 0 519 519 0 551 551 0 551 551 0 519 519 0 550 550 0 521 521 0 520 520 0 552 552 0 552 552 0 520 520 0 551 551 0 522 522 0 521 521 0 553 553 0 553 553 0 521 521 0 552 552 0 554 554 0 523 523 0 522 522 0 553 553 0 554 554 0 522 522 0 556 556 0 526 526 0 525 525 0 555 555 0 556 556 0 525 525 0 527 527 0 526 526 0 557 557 0 557 557 0 526 526 0 556 556 0 528 528 0 527 527 0 558 558 0 558 558 0 527 527 0 557 557 0 529 529 0 528 528 0 559 559 0 559 559 0 528 528 0 558 558 0 530 530 0 529 529 0 560 560 0 560 560 0 529 529 0 559 559 0 531 531 0 530 530 0 561 561 0 561 561 0 530 530 0 560 560 0 532 532 0 531 531 0 562 562 0 562 562 0 531 531 0 561 561 0 533 533 0 532 532 0 563 563 0 563 563 0 532 532 0 562 562 0 534 534 0 533 533 0 564 564 0 564 564 0 533 533 0 563 563 0 535 535 0 534 534 0 565 565 0 565 565 0 534 534 0 564 564 0 536 536 0 535 535 0 566 566 0 566 566 0 535 535 0 565 565 0 537 537 0 536 536 0 567 567 0 567 567 0 536 536 0 566 566 0 538 538 0 537 537 0 568 568 0 568 568 0 537 537 0 567 567 0 539 539 0 538 538 0 569 569 0 569 569 0 538 538 0 568 568 0 540 540 0 539 539 0 570 570 0 570 570 0 539 539 0 569 569 0 541 541 0 540 540 0 571 571 0 571 571 0 540 540 0 570 570 0 542 542 0 541 541 0 572 572 0 572 572 0 541 541 0 571 571 0 543 543 0 542 542 0 573 573 0 573 573 0 542 542 0 572 572 0 544 544 0 543 543 0 574 574 0 574 574 0 543 543 0 573 573 0 545 545 0 544 544 0 575 575 0 575 575 0 544 544 0 574 574 0 546 546 0 545 545 0 576 576 0 576 576 0 545 545 0 575 575 0 547 547 0 546 546 0 577 577 0 577 577 0 546 546 0 576 576 0 548 548 0 547 547 0 578 578 0 578 578 0 547 547 0 577 577 0 549 549 0 548 548 0 579 579 0 579 579 0 548 548 0 578 578 0 550 550 0 549 549 0 580 580 0 580 580 0 549 549 0 579 579 0 551 551 0 550 550 0 581 581 0 581 581 0 550 550 0 580 580 0 552 552 0 551 551 0 582 582 0 582 582 0 551 551 0 581 581 0 584 584 0 583 583 0 553 553 0 584 584 0 553 553 0 582 582 0 582 582 0 553 553 0 552 552 0 554 554 0 553 553 0 583 583 0 556 556 0 555 555 0 585 585 0 585 585 0 586 586 0 587 587 0 585 585 0 587 587 0 556 556 0 556 556 0 587 587 0 557 557 0 558 558 0 557 557 0 588 588 0 588 588 0 557 557 0 587 587 0 559 559 0 558 558 0 589 589 0 589 589 0 558 558 0 588 588 0 560 560 0 559 559 0 590 590 0 590 590 0 559 559 0 589 589 0 561 561 0 560 560 0 591 591 0 591 591 0 560 560 0 590 590 0 562 562 0 561 561 0 592 592 0 592 592 0 561 561 0 591 591 0 563 563 0 562 562 0 593 593 0 593 593 0 562 562 0 592 592 0 564 564 0 563 563 0 594 594 0 594 594 0 563 563 0 593 593 0 565 565 0 564 564 0 595 595 0 595 595 0 564 564 0 594 594 0 566 566 0 565 565 0 596 596 0 596 596 0 565 565 0 595 595 0 567 567 0 566 566 0 597 597 0 597 597 0 566 566 0 596 596 0 568 568 0 567 567 0 598 598 0 598 598 0 567 567 0 597 597 0 569 569 0 568 568 0 599 599 0 599 599 0 568 568 0 598 598 0 570 570 0 569 569 0 600 600 0 600 600 0 569 569 0 599 599 0 571 571 0 570 570 0 601 601 0 601 601 0 570 570 0 600 600 0 572 572 0 571 571 0 602 602 0 602 602 0 571 571 0 601 601 0 573 573 0 572 572 0 603 603 0 603 603 0 572 572 0 602 602 0 574 574 0 573 573 0 604 604 0 604 604 0 573 573 0 603 603 0 575 575 0 574 574 0 605 605 0 605 605 0 574 574 0 604 604 0 576 576 0 575 575 0 606 606 0 606 606 0 575 575 0 605 605 0 577 577 0 576 576 0 607 607 0 607 607 0 576 576 0 606 606 0 578 578 0 577 577 0 608 608 0 608 608 0 577 577 0 607 607 0 579 579 0 578 578 0 609 609 0 609 609 0 578 578 0 608 608 0 580 580 0 579 579 0 610 610 0 610 610 0 579 579 0 609 609 0 581 581 0 580 580 0 611 611 0 611 611 0 580 580 0 610 610 0 613 613 0 612 612 0 582 582 0 613 613 0 582 582 0 611 611 0 611 611 0 582 582 0 581 581 0 584 584 0 582 582 0 612 612 0 587 587 0 586 586 0 614 614 0 614 614 0 615 615 0 616 616 0 614 614 0 616 616 0 587 587 0 587 587 0 616 616 0 588 588 0 589 589 0 588 588 0 617 617 0 617 617 0 588 588 0 616 616 0 590 590 0 589 589 0 618 618 0 618 618 0 589 589 0 617 617 0 591 591 0 590 590 0 619 619 0 619 619 0 590 590 0 618 618 0 592 592 0 591 591 0 620 620 0 620 620 0 591 591 0 619 619 0 593 593 0 592 592 0 621 621 0 621 621 0 592 592 0 620 620 0 594 594 0 593 593 0 622 622 0 622 622 0 593 593 0 621 621 0 595 595 0 594 594 0 623 623 0 623 623 0 594 594 0 622 622 0 596 596 0 595 595 0 624 624 0 624 624 0 595 595 0 623 623 0 597 597 0 596 596 0 625 625 0 625 625 0 596 596 0 624 624 0 598 598 0 597 597 0 626 626 0 626 626 0 597 597 0 625 625 0 599 599 0 598 598 0 627 627 0 627 627 0 598 598 0 626 626 0 600 600 0 599 599 0 628 628 0 628 628 0 599 599 0 627 627 0 601 601 0 600 600 0 629 629 0 629 629 0 600 600 0 628 628 0 602 602 0 601 601 0 630 630 0 630 630 0 601 601 0 629 629 0 603 603 0 602 602 0 631 631 0 631 631 0 602 602 0 630 630 0 604 604 0 603 603 0 632 632 0 632 632 0 603 603 0 631 631 0 605 605 0 604 604 0 633 633 0 633 633 0 604 604 0 632 632 0 606 606 0 605 605 0 634 634 0 634 634 0 605 605 0 633 633 0 607 607 0 606 606 0 635 635 0 635 635 0 606 606 0 634 634 0 608 608 0 607 607 0 636 636 0 636 636 0 607 607 0 635 635 0 609 609 0 608 608 0 637 637 0 637 637 0 608 608 0 636 636 0 610 610 0 609 609 0 638 638 0 638 638 0 609 609 0 637 637 0 640 640 0 639 639 0 611 611 0 640 640 0 611 611 0 638 638 0 638 638 0 611 611 0 610 610 0 613 613 0 611 611 0 639 639 0 642 642 0 616 616 0 615 615 0 641 641 0 642 642 0 615 615 0 617 617 0 616 616 0 643 643 0 643 643 0 616 616 0 642 642 0 618 618 0 617 617 0 644 644 0 644 644 0 617 617 0 643 643 0 619 619 0 618 618 0 645 645 0 645 645 0 618 618 0 644 644 0 620 620 0 619 619 0 646 646 0 646 646 0 619 619 0 645 645 0 621 621 0 620 620 0 647 647 0 647 647 0 620 620 0 646 646 0 622 622 0 621 621 0 648 648 0 648 648 0 621 621 0 647 647 0 623 623 0 622 622 0 649 649 0 649 649 0 622 622 0 648 648 0 624 624 0 623 623 0 650 650 0 650 650 0 623 623 0 649 649 0 625 625 0 624 624 0 651 651 0 651 651 0 624 624 0 650 650 0 626 626 0 625 625 0 652 652 0 652 652 0 625 625 0 651 651 0 627 627 0 626 626 0 653 653 0 653 653 0 626 626 0 652 652 0 628 628 0 627 627 0 654 654 0 654 654 0 627 627 0 653 653 0 629 629 0 628 628 0 655 655 0 655 655 0 628 628 0 654 654 0 630 630 0 629 629 0 656 656 0 656 656 0 629 629 0 655 655 0 631 631 0 630 630 0 657 657 0 657 657 0 630 630 0 656 656 0 632 632 0 631 631 0 658 658 0 658 658 0 631 631 0 657 657 0 633 633 0 632 632 0 659 659 0 659 659 0 632 632 0 658 658 0 634 634 0 633 633 0 660 660 0 660 660 0 633 633 0 659 659 0 635 635 0 634 634 0 661 661 0 661 661 0 634 634 0 660 660 0 636 636 0 635 635 0 662 662 0 662 662 0 635 635 0 661 661 0 637 637 0 636 636 0 663 663 0 663 663 0 636 636 0 662 662 0 638 638 0 637 637 0 664 664 0 664 664 0 637 637 0 663 663 0 665 665 0 640 640 0 638 638 0 664 664 0 665 665 0 638 638 0 642 642 0 641 641 0 666 666 0 666 666 0 667 667 0 668 668 0 666 666 0 668 668 0 642 642 0 642 642 0 668 668 0 643 643 0 644 644 0 643 643 0 669 669 0 669 669 0 643 643 0 668 668 0 645 645 0 644 644 0 670 670 0 670 670 0 644 644 0 669 669 0 646 646 0 645 645 0 671 671 0 671 671 0 645 645 0 670 670 0 647 647 0 646 646 0 672 672 0 672 672 0 646 646 0 671 671 0 648 648 0 647 647 0 673 673 0 673 673 0 647 647 0 672 672 0 649 649 0 648 648 0 674 674 0 674 674 0 648 648 0 673 673 0 650 650 0 649 649 0 675 675 0 675 675 0 649 649 0 674 674 0 651 651 0 650 650 0 676 676 0 676 676 0 650 650 0 675 675 0 652 652 0 651 651 0 677 677 0 677 677 0 651 651 0 676 676 0 653 653 0 652 652 0 678 678 0 678 678 0 652 652 0 677 677 0 654 654 0 653 653 0 679 679 0 679 679 0 653 653 0 678 678 0 655 655 0 654 654 0 680 680 0 680 680 0 654 654 0 679 679 0 656 656 0 655 655 0 681 681 0 681 681 0 655 655 0 680 680 0 657 657 0 656 656 0 682 682 0 682 682 0 656 656 0 681 681 0 658 658 0 657 657 0 683 683 0 683 683 0 657 657 0 682 682 0 659 659 0 658 658 0 684 684 0 684 684 0 658 658 0 683 683 0 660 660 0 659 659 0 685 685 0 685 685 0 659 659 0 684 684 0 661 661 0 660 660 0 686 686 0 686 686 0 660 660 0 685 685 0 662 662 0 661 661 0 687 687 0 687 687 0 661 661 0 686 686 0 663 663 0 662 662 0 688 688 0 688 688 0 662 662 0 687 687 0 690 690 0 689 689 0 664 664 0 690 690 0 664 664 0 688 688 0 688 688 0 664 664 0 663 663 0 665 665 0 664 664 0 689 689 0 668 668 0 667 667 0 691 691 0 691 691 0 692 692 0 693 693 0 691 691 0 693 693 0 668 668 0 668 668 0 693 693 0 669 669 0 670 670 0 669 669 0 694 694 0 694 694 0 669 669 0 693 693 0 671 671 0 670 670 0 695 695 0 695 695 0 670 670 0 694 694 0 672 672 0 671 671 0 696 696 0 696 696 0 671 671 0 695 695 0 673 673 0 672 672 0 697 697 0 697 697 0 672 672 0 696 696 0 674 674 0 673 673 0 698 698 0 698 698 0 673 673 0 697 697 0 675 675 0 674 674 0 699 699 0 699 699 0 674 674 0 698 698 0 676 676 0 675 675 0 700 700 0 700 700 0 675 675 0 699 699 0 677 677 0 676 676 0 701 701 0 701 701 0 676 676 0 700 700 0 678 678 0 677 677 0 702 702 0 702 702 0 677 677 0 701 701 0 679 679 0 678 678 0 703 703 0 703 703 0 678 678 0 702 702 0 680 680 0 679 679 0 704 704 0 704 704 0 679 679 0 703 703 0 681 681 0 680 680 0 705 705 0 705 705 0 680 680 0 704 704 0 682 682 0 681 681 0 706 706 0 706 706 0 681 681 0 705 705 0 683 683 0 682 682 0 707 707 0 707 707 0 682 682 0 706 706 0 684 684 0 683 683 0 708 708 0 708 708 0 683 683 0 707 707 0 685 685 0 684 684 0 709 709 0 709 709 0 684 684 0 708 708 0 686 686 0 685 685 0 710 710 0 710 710 0 685 685 0 709 709 0 687 687 0 686 686 0 711 711 0 711 711 0 686 686 0 710 710 0 688 688 0 687 687 0 712 712 0 712 712 0 687 687 0 711 711 0 713 713 0 690 690 0 688 688 0 712 712 0 713 713 0 688 688 0 693 693 0 692 692 0 714 714 0 714 714 0 715 715 0 716 716 0 714 714 0 716 716 0 693 693 0 693 693 0 716 716 0 694 694 0 695 695 0 694 694 0 717 717 0 717 717 0 694 694 0 716 716 0 696 696 0 695 695 0 718 718 0 718 718 0 695 695 0 717 717 0 697 697 0 696 696 0 719 719 0 719 719 0 696 696 0 718 718 0 698 698 0 697 697 0 720 720 0 720 720 0 697 697 0 719 719 0 699 699 0 698 698 0 721 721 0 721 721 0 698 698 0 720 720 0 700 700 0 699 699 0 722 722 0 722 722 0 699 699 0 721 721 0 701 701 0 700 700 0 723 723 0 723 723 0 700 700 0 722 722 0 702 702 0 701 701 0 724 724 0 724 724 0 701 701 0 723 723 0 703 703 0 702 702 0 725 725 0 725 725 0 702 702 0 724 724 0 704 704 0 703 703 0 726 726 0 726 726 0 703 703 0 725 725 0 705 705 0 704 704 0 727 727 0 727 727 0 704 704 0 726 726 0 706 706 0 705 705 0 728 728 0 728 728 0 705 705 0 727 727 0 707 707 0 706 706 0 729 729 0 729 729 0 706 706 0 728 728 0 708 708 0 707 707 0 730 730 0 730 730 0 707 707 0 729 729 0 709 709 0 708 708 0 731 731 0 731 731 0 708 708 0 730 730 0 710 710 0 709 709 0 732 732 0 732 732 0 709 709 0 731 731 0 711 711 0 710 710 0 733 733 0 733 733 0 710 710 0 732 732 0 735 735 0 734 734 0 712 712 0 735 735 0 712 712 0 733 733 0 733 733 0 712 712 0 711 711 0 713 713 0 712 712 0 734 734 0 716 716 0 715 715 0 736 736 0 717 717 0 716 716 0 736 736 0 737 737 0 717 717 0 736 736 0 737 737 0 738 738 0 739 739 0 737 737 0 739 739 0 717 717 0 717 717 0 739 739 0 718 718 0 719 719 0 718 718 0 740 740 0 740 740 0 718 718 0 739 739 0 720 720 0 719 719 0 741 741 0 741 741 0 719 719 0 740 740 0 721 721 0 720 720 0 742 742 0 742 742 0 720 720 0 741 741 0 722 722 0 721 721 0 743 743 0 743 743 0 721 721 0 742 742 0 723 723 0 722 722 0 744 744 0 744 744 0 722 722 0 743 743 0 724 724 0 723 723 0 745 745 0 745 745 0 723 723 0 744 744 0 725 725 0 724 724 0 746 746 0 746 746 0 724 724 0 745 745 0 726 726 0 725 725 0 747 747 0 747 747 0 725 725 0 746 746 0 727 727 0 726 726 0 748 748 0 748 748 0 726 726 0 747 747 0 728 728 0 727 727 0 749 749 0 749 749 0 727 727 0 748 748 0 729 729 0 728 728 0 750 750 0 750 750 0 728 728 0 749 749 0 730 730 0 729 729 0 751 751 0 751 751 0 729 729 0 750 750 0 731 731 0 730 730 0 752 752 0 752 752 0 730 730 0 751 751 0 754 754 0 753 753 0 732 732 0 754 754 0 732 732 0 752 752 0 752 752 0 732 732 0 731 731 0 733 733 0 732 732 0 753 753 0 755 755 0 733 733 0 753 753 0 735 735 0 733 733 0 755 755 0 739 739 0 738 738 0 756 756 0 740 740 0 739 739 0 756 756 0 757 757 0 740 740 0 756 756 0 741 741 0 740 740 0 757 757 0 758 758 0 741 741 0 757 757 0 758 758 0 759 759 0 760 760 0 758 758 0 760 760 0 741 741 0 741 741 0 760 760 0 742 742 0 743 743 0 742 742 0 761 761 0 761 761 0 742 742 0 760 760 0 744 744 0 743 743 0 762 762 0 762 762 0 743 743 0 761 761 0 745 745 0 744 744 0 763 763 0 763 763 0 744 744 0 762 762 0 746 746 0 745 745 0 764 764 0 764 764 0 745 745 0 763 763 0 747 747 0 746 746 0 765 765 0 765 765 0 746 746 0 764 764 0 748 748 0 747 747 0 766 766 0 766 766 0 747 747 0 765 765 0 749 749 0 748 748 0 767 767 0 767 767 0 748 748 0 766 766 0 769 769 0 768 768 0 750 750 0 769 769 0 750 750 0 767 767 0 767 767 0 750 750 0 749 749 0 751 751 0 750 750 0 768 768 0 770 770 0 751 751 0 768 768 0 752 752 0 751 751 0 770 770 0 771 771 0 752 752 0 770 770 0 754 754 0 752 752 0 771 771 0 760 760 0 759 759 0 772 772 0 761 761 0 760 760 0 772 772 0 773 773 0 761 761 0 772 772 0 773 773 0 774 774 0 775 775 0 773 773 0 775 775 0 761 761 0 761 761 0 775 775 0 762 762 0 763 763 0 762 762 0 776 776 0 776 776 0 762 762 0 775 775 0 764 764 0 763 763 0 777 777 0 777 777 0 763 763 0 776 776 0 779 779 0 778 778 0 765 765 0 779 779 0 765 765 0 777 777 0 777 777 0 765 765 0 764 764 0 766 766 0 765 765 0 778 778 0 780 780 0 766 766 0 778 778 0 767 767 0 766 766 0 780 780 0 781 781 0 767 767 0 780 780 0 769 769 0 767 767 0 781 781 0 775 775 0 774 774 0 782 782 0 776 776 0 775 775 0 782 782 0 783 783 0 776 776 0 782 782 0 777 777 0 776 776 0 783 783 0 784 784 0 777 777 0 783 783 0 779 779 0 777 777 0 784 784 0 787 787 0 785 785 0 786 786 0 787 787 0 789 789 0 788 788 0 785 785 0 787 787 0 788 788 0 788 788 0 789 789 0 790 790 0 793 793 0 791 791 0 792 792 0 793 793 0 1 1 0 0 0 0 793 793 0 0 0 0 791 791 0 791 791 0 0 0 0 794 794 0 3 3 0 795 795 0 0 0 0 0 0 0 795 795 0 794 794 0 5 5 0 796 796 0 3 3 0 3 3 0 796 796 0 795 795 0 7 7 0 797 797 0 5 5 0 5 5 0 797 797 0 796 796 0 786 786 0 9 9 0 787 787 0 786 786 0 797 797 0 9 9 0 797 797 0 7 7 0 9 9 0 11 11 0 787 787 0 9 9 0 789 789 0 787 787 0 11 11 0 789 789 0 798 798 0 790 790 0 789 789 0 11 11 0 798 798 0 11 11 0 13 13 0 798 798 0 15 15 0 799 799 0 13 13 0 13 13 0 799 799 0 798 798 0 17 17 0 800 800 0 15 15 0 15 15 0 800 800 0 799 799 0 19 19 0 801 801 0 17 17 0 17 17 0 801 801 0 800 800 0 801 801 0 19 19 0 21 21 0 802 802 0 801 801 0 21 21 0 22 22 0 803 803 0 804 804 0 23 23 0 22 22 0 804 804 0 25 25 0 805 805 0 22 22 0 22 22 0 805 805 0 803 803 0 27 27 0 806 806 0 25 25 0 25 25 0 806 806 0 805 805 0 29 29 0 807 807 0 27 27 0 27 27 0 807 807 0 806 806 0 792 792 0 31 31 0 793 793 0 792 792 0 807 807 0 31 31 0 807 807 0 29 29 0 31 31 0 1 1 0 793 793 0 31 31 0 21 21 0 808 808 0 802 802 0 43 43 0 808 808 0 21 21 0 45 45 0 809 809 0 43 43 0 43 43 0 809 809 0 808 808 0 47 47 0 811 811 0 810 810 0 47 47 0 810 810 0 45 45 0 45 45 0 810 810 0 809 809 0 810 810 0 811 811 0 812 812 0 48 48 0 813 813 0 814 814 0 49 49 0 48 48 0 814 814 0 804 804 0 48 48 0 23 23 0 813 813 0 48 48 0 804 804 0 47 47 0 68 68 0 811 811 0 70 70 0 816 816 0 815 815 0 68 68 0 70 70 0 815 815 0 68 68 0 815 815 0 812 812 0 68 68 0 812 812 0 811 811 0 815 815 0 816 816 0 817 817 0 71 71 0 818 818 0 819 819 0 72 72 0 71 71 0 819 819 0 814 814 0 71 71 0 49 49 0 818 818 0 71 71 0 814 814 0 70 70 0 93 93 0 816 816 0 816 816 0 93 93 0 95 95 0 816 816 0 95 95 0 817 817 0 817 817 0 95 95 0 820 820 0 96 96 0 821 821 0 822 822 0 97 97 0 96 96 0 822 822 0 819 819 0 96 96 0 72 72 0 821 821 0 96 96 0 819 819 0 95 95 0 823 823 0 820 820 0 120 120 0 823 823 0 95 95 0 823 823 0 120 120 0 122 122 0 824 824 0 823 823 0 122 122 0 123 123 0 825 825 0 826 826 0 124 124 0 123 123 0 826 826 0 822 822 0 123 123 0 97 97 0 825 825 0 123 123 0 822 822 0 827 827 0 149 149 0 828 828 0 827 827 0 824 824 0 149 149 0 824 824 0 122 122 0 149 149 0 827 827 0 828 828 0 829 829 0 124 124 0 826 826 0 150 150 0 826 826 0 830 830 0 150 150 0 149 149 0 175 175 0 828 828 0 177 177 0 832 832 0 831 831 0 175 175 0 177 177 0 831 831 0 175 175 0 831 831 0 829 829 0 175 175 0 829 829 0 828 828 0 831 831 0 832 832 0 833 833 0 178 178 0 834 834 0 835 835 0 179 179 0 178 178 0 835 835 0 830 830 0 178 178 0 150 150 0 834 834 0 178 178 0 830 830 0 177 177 0 206 206 0 832 832 0 832 832 0 206 206 0 208 208 0 832 832 0 208 208 0 833 833 0 833 833 0 208 208 0 836 836 0 179 179 0 835 835 0 209 209 0 835 835 0 837 837 0 209 209 0 208 208 0 838 838 0 836 836 0 237 237 0 838 838 0 208 208 0 838 838 0 237 237 0 239 239 0 839 839 0 838 838 0 239 239 0 209 209 0 837 837 0 240 240 0 837 837 0 840 840 0 240 240 0 239 239 0 269 269 0 839 839 0 839 839 0 269 269 0 841 841 0 270 270 0 842 842 0 843 843 0 271 271 0 270 270 0 843 843 0 840 840 0 270 270 0 240 240 0 842 842 0 270 270 0 840 840 0 844 844 0 301 301 0 845 845 0 844 844 0 841 841 0 301 301 0 841 841 0 269 269 0 301 301 0 844 844 0 845 845 0 846 846 0 271 271 0 843 843 0 302 302 0 843 843 0 847 847 0 302 302 0 301 301 0 332 332 0 845 845 0 845 845 0 332 332 0 334 334 0 845 845 0 334 334 0 846 846 0 846 846 0 334 334 0 848 848 0 302 302 0 847 847 0 335 335 0 847 847 0 849 849 0 335 335 0 334 334 0 366 366 0 848 848 0 848 848 0 366 366 0 850 850 0 335 335 0 849 849 0 367 367 0 849 849 0 851 851 0 367 367 0 366 366 0 398 398 0 850 850 0 850 850 0 398 398 0 852 852 0 367 367 0 851 851 0 399 399 0 851 851 0 853 853 0 399 399 0 429 429 0 430 430 0 854 854 0 429 429 0 854 854 0 855 855 0 429 429 0 855 855 0 398 398 0 398 398 0 855 855 0 852 852 0 399 399 0 853 853 0 431 431 0 853 853 0 856 856 0 431 431 0 854 854 0 858 858 0 857 857 0 854 854 0 430 430 0 858 858 0 430 430 0 461 461 0 858 858 0 855 855 0 854 854 0 857 857 0 431 431 0 856 856 0 462 462 0 856 856 0 859 859 0 462 462 0 461 461 0 492 492 0 858 858 0 858 858 0 492 492 0 860 860 0 462 462 0 859 859 0 493 493 0 859 859 0 861 861 0 493 493 0 492 492 0 523 523 0 860 860 0 860 860 0 523 523 0 862 862 0 493 493 0 861 861 0 863 863 0 524 524 0 493 493 0 863 863 0 863 863 0 525 525 0 524 524 0 864 864 0 525 525 0 863 863 0 523 523 0 554 554 0 862 862 0 862 862 0 554 554 0 865 865 0 525 525 0 864 864 0 555 555 0 864 864 0 866 866 0 555 555 0 583 583 0 868 868 0 867 867 0 584 584 0 868 868 0 583 583 0 865 865 0 554 554 0 583 583 0 867 867 0 865 865 0 583 583 0 555 555 0 866 866 0 869 869 0 585 585 0 555 555 0 869 869 0 869 869 0 586 586 0 585 585 0 870 870 0 586 586 0 869 869 0 612 612 0 613 613 0 871 871 0 612 612 0 871 871 0 872 872 0 612 612 0 872 872 0 584 584 0 584 584 0 872 872 0 868 868 0 874 874 0 614 614 0 586 586 0 874 874 0 586 586 0 873 873 0 873 873 0 586 586 0 870 870 0 614 614 0 874 874 0 615 615 0 639 639 0 640 640 0 875 875 0 639 639 0 875 875 0 877 877 0 613 613 0 639 639 0 877 877 0 613 613 0 877 877 0 876 876 0 613 613 0 876 876 0 871 871 0 872 872 0 871 871 0 876 876 0 874 874 0 873 873 0 878 878 0 878 878 0 615 615 0 874 874 0 878 878 0 879 879 0 615 615 0 879 879 0 641 641 0 615 615 0 875 875 0 881 881 0 880 880 0 875 875 0 640 640 0 881 881 0 640 640 0 665 665 0 881 881 0 877 877 0 875 875 0 880 880 0 883 883 0 666 666 0 641 641 0 883 883 0 641 641 0 882 882 0 882 882 0 641 641 0 879 879 0 666 666 0 883 883 0 667 667 0 689 689 0 690 690 0 884 884 0 689 689 0 884 884 0 885 885 0 689 689 0 885 885 0 665 665 0 665 665 0 885 885 0 881 881 0 883 883 0 882 882 0 886 886 0 888 888 0 886 886 0 887 887 0 691 691 0 886 886 0 888 888 0 691 691 0 883 883 0 886 886 0 691 691 0 667 667 0 883 883 0 691 691 0 888 888 0 692 692 0 884 884 0 890 890 0 889 889 0 884 884 0 690 690 0 890 890 0 690 690 0 713 713 0 890 890 0 885 885 0 884 884 0 889 889 0 888 888 0 887 887 0 891 891 0 692 692 0 888 888 0 891 891 0 692 692 0 891 891 0 714 714 0 714 714 0 891 891 0 892 892 0 892 892 0 715 715 0 714 714 0 893 893 0 715 715 0 892 892 0 734 734 0 895 895 0 894 894 0 735 735 0 895 895 0 734 734 0 890 890 0 713 713 0 734 734 0 894 894 0 890 890 0 734 734 0 715 715 0 893 893 0 896 896 0 736 736 0 715 715 0 896 896 0 898 898 0 896 896 0 897 897 0 898 898 0 737 737 0 896 896 0 737 737 0 736 736 0 896 896 0 737 737 0 898 898 0 738 738 0 753 753 0 754 754 0 899 899 0 901 901 0 753 753 0 899 899 0 901 901 0 900 900 0 753 753 0 900 900 0 755 755 0 753 753 0 895 895 0 735 735 0 755 755 0 900 900 0 895 895 0 755 755 0 898 898 0 897 897 0 902 902 0 738 738 0 898 898 0 902 902 0 738 738 0 902 902 0 756 756 0 756 756 0 902 902 0 903 903 0 757 757 0 756 756 0 904 904 0 756 756 0 903 903 0 904 904 0 906 906 0 904 904 0 905 905 0 906 906 0 758 758 0 904 904 0 758 758 0 757 757 0 904 904 0 758 758 0 906 906 0 759 759 0 768 768 0 769 769 0 907 907 0 909 909 0 768 768 0 907 907 0 909 909 0 908 908 0 768 768 0 908 908 0 770 770 0 768 768 0 771 771 0 770 770 0 910 910 0 770 770 0 908 908 0 910 910 0 899 899 0 754 754 0 771 771 0 899 899 0 771 771 0 911 911 0 911 911 0 771 771 0 910 910 0 901 901 0 899 899 0 911 911 0 906 906 0 905 905 0 912 912 0 759 759 0 906 906 0 912 912 0 759 759 0 912 912 0 772 772 0 772 772 0 912 912 0 913 913 0 915 915 0 913 913 0 914 914 0 915 915 0 773 773 0 913 913 0 773 773 0 772 772 0 913 913 0 773 773 0 915 915 0 774 774 0 778 778 0 779 779 0 916 916 0 918 918 0 778 778 0 916 916 0 918 918 0 917 917 0 778 778 0 917 917 0 780 780 0 778 778 0 781 781 0 780 780 0 919 919 0 780 780 0 917 917 0 919 919 0 907 907 0 769 769 0 781 781 0 907 907 0 781 781 0 920 920 0 920 920 0 781 781 0 919 919 0 909 909 0 907 907 0 920 920 0 915 915 0 914 914 0 921 921 0 774 774 0 915 915 0 921 921 0 774 774 0 921 921 0 782 782 0 782 782 0 921 921 0 922 922 0 783 783 0 782 782 0 923 923 0 782 782 0 922 922 0 923 923 0 784 784 0 783 783 0 924 924 0 783 783 0 923 923 0 924 924 0 916 916 0 779 779 0 784 784 0 916 916 0 784 784 0 925 925 0 925 925 0 784 784 0 924 924 0 918 918 0 916 916 0 925 925 0 928 928 0 926 926 0 927 927 0 928 928 0 786 786 0 785 785 0 928 928 0 785 785 0 926 926 0 926 926 0 785 785 0 929 929 0 788 788 0 930 930 0 785 785 0 785 785 0 930 930 0 929 929 0 790 790 0 932 932 0 931 931 0 790 790 0 931 931 0 788 788 0 788 788 0 931 931 0 930 930 0 932 932 0 934 934 0 933 933 0 931 931 0 932 932 0 933 933 0 933 933 0 934 934 0 935 935 0 791 791 0 936 936 0 937 937 0 792 792 0 791 791 0 937 937 0 794 794 0 938 938 0 791 791 0 791 791 0 938 938 0 936 936 0 795 795 0 939 939 0 794 794 0 794 794 0 939 939 0 938 938 0 796 796 0 940 940 0 795 795 0 795 795 0 940 940 0 939 939 0 927 927 0 797 797 0 928 928 0 927 927 0 940 940 0 797 797 0 940 940 0 796 796 0 797 797 0 786 786 0 928 928 0 797 797 0 790 790 0 798 798 0 932 932 0 799 799 0 932 932 0 798 798 0 934 934 0 932 932 0 799 799 0 934 934 0 941 941 0 935 935 0 934 934 0 799 799 0 941 941 0 799 799 0 800 800 0 941 941 0 801 801 0 942 942 0 800 800 0 800 800 0 942 942 0 941 941 0 942 942 0 801 801 0 802 802 0 943 943 0 942 942 0 802 802 0 803 803 0 944 944 0 804 804 0 946 946 0 944 944 0 803 803 0 946 946 0 803 803 0 945 945 0 945 945 0 803 803 0 805 805 0 806 806 0 947 947 0 805 805 0 805 805 0 947 947 0 945 945 0 807 807 0 948 948 0 806 806 0 806 806 0 948 948 0 947 947 0 937 937 0 807 807 0 792 792 0 948 948 0 807 807 0 937 937 0 802 802 0 949 949 0 943 943 0 808 808 0 949 949 0 802 802 0 809 809 0 950 950 0 808 808 0 808 808 0 950 950 0 949 949 0 952 952 0 951 951 0 950 950 0 952 952 0 950 950 0 810 810 0 810 810 0 950 950 0 809 809 0 810 810 0 812 812 0 952 952 0 813 813 0 953 953 0 954 954 0 814 814 0 813 813 0 954 954 0 944 944 0 813 813 0 804 804 0 944 944 0 955 955 0 813 813 0 955 955 0 953 953 0 813 813 0 946 946 0 955 955 0 944 944 0 952 952 0 956 956 0 951 951 0 958 958 0 957 957 0 956 956 0 815 815 0 958 958 0 956 956 0 815 815 0 956 956 0 952 952 0 815 815 0 952 952 0 812 812 0 815 815 0 817 817 0 958 958 0 818 818 0 959 959 0 960 960 0 819 819 0 818 818 0 960 960 0 954 954 0 818 818 0 814 814 0 959 959 0 818 818 0 954 954 0 958 958 0 961 961 0 957 957 0 961 961 0 958 958 0 817 817 0 961 961 0 817 817 0 962 962 0 962 962 0 817 817 0 820 820 0 821 821 0 963 963 0 964 964 0 822 822 0 821 821 0 964 964 0 960 960 0 821 821 0 819 819 0 963 963 0 821 821 0 960 960 0 820 820 0 965 965 0 962 962 0 823 823 0 965 965 0 820 820 0 965 965 0 823 823 0 824 824 0 966 966 0 965 965 0 824 824 0 825 825 0 967 967 0 826 826 0 825 825 0 968 968 0 967 967 0 825 825 0 822 822 0 968 968 0 822 822 0 964 964 0 968 968 0 824 824 0 969 969 0 966 966 0 827 827 0 969 969 0 824 824 0 969 969 0 827 827 0 829 829 0 970 970 0 969 969 0 829 829 0 967 967 0 971 971 0 972 972 0 967 967 0 972 972 0 826 826 0 826 826 0 972 972 0 830 830 0 968 968 0 971 971 0 967 967 0 829 829 0 973 973 0 970 970 0 831 831 0 973 973 0 829 829 0 973 973 0 831 831 0 833 833 0 974 974 0 973 973 0 833 833 0 834 834 0 975 975 0 835 835 0 834 834 0 976 976 0 975 975 0 834 834 0 830 830 0 976 976 0 830 830 0 972 972 0 976 976 0 833 833 0 836 836 0 974 974 0 974 974 0 836 836 0 977 977 0 975 975 0 978 978 0 979 979 0 975 975 0 979 979 0 835 835 0 835 835 0 979 979 0 837 837 0 976 976 0 978 978 0 975 975 0 836 836 0 980 980 0 977 977 0 838 838 0 980 980 0 836 836 0 980 980 0 838 838 0 839 839 0 981 981 0 980 980 0 839 839 0 837 837 0 979 979 0 840 840 0 979 979 0 982 982 0 840 840 0 839 839 0 841 841 0 981 981 0 981 981 0 841 841 0 983 983 0 842 842 0 984 984 0 843 843 0 842 842 0 985 985 0 984 984 0 842 842 0 840 840 0 985 985 0 840 840 0 982 982 0 985 985 0 987 987 0 841 841 0 844 844 0 987 987 0 986 986 0 841 841 0 986 986 0 983 983 0 841 841 0 844 844 0 846 846 0 987 987 0 984 984 0 988 988 0 989 989 0 984 984 0 989 989 0 843 843 0 843 843 0 989 989 0 847 847 0 985 985 0 988 988 0 984 984 0 987 987 0 990 990 0 986 986 0 990 990 0 987 987 0 846 846 0 990 990 0 846 846 0 991 991 0 991 991 0 846 846 0 848 848 0 847 847 0 989 989 0 849 849 0 989 989 0 992 992 0 849 849 0 848 848 0 850 850 0 991 991 0 991 991 0 850 850 0 993 993 0 849 849 0 992 992 0 851 851 0 992 992 0 994 994 0 851 851 0 850 850 0 852 852 0 993 993 0 993 993 0 852 852 0 995 995 0 851 851 0 994 994 0 853 853 0 994 994 0 996 996 0 853 853 0 852 852 0 855 855 0 995 995 0 995 995 0 855 855 0 997 997 0 853 853 0 996 996 0 856 856 0 996 996 0 998 998 0 856 856 0 857 857 0 1000 1000 0 999 999 0 858 858 0 1000 1000 0 857 857 0 997 997 0 855 855 0 857 857 0 999 999 0 997 997 0 857 857 0 856 856 0 998 998 0 859 859 0 998 998 0 1001 1001 0 859 859 0 858 858 0 860 860 0 1000 1000 0 1000 1000 0 860 860 0 1002 1002 0 859 859 0 1001 1001 0 861 861 0 1001 1001 0 1003 1003 0 861 861 0 860 860 0 862 862 0 1002 1002 0 1002 1002 0 862 862 0 1004 1004 0 861 861 0 1003 1003 0 1005 1005 0 863 863 0 861 861 0 1005 1005 0 1005 1005 0 864 864 0 863 863 0 1006 1006 0 864 864 0 1005 1005 0 862 862 0 865 865 0 1004 1004 0 1004 1004 0 865 865 0 1007 1007 0 864 864 0 1006 1006 0 866 866 0 1006 1006 0 1008 1008 0 866 866 0 867 867 0 1010 1010 0 1009 1009 0 868 868 0 1010 1010 0 867 867 0 1007 1007 0 865 865 0 867 867 0 1009 1009 0 1007 1007 0 867 867 0 866 866 0 1008 1008 0 1011 1011 0 869 869 0 866 866 0 1011 1011 0 1011 1011 0 870 870 0 869 869 0 1012 1012 0 870 870 0 1011 1011 0 868 868 0 872 872 0 1010 1010 0 1010 1010 0 872 872 0 1013 1013 0 870 870 0 1012 1012 0 873 873 0 1012 1012 0 1014 1014 0 873 873 0 876 876 0 1016 1016 0 1015 1015 0 877 877 0 1016 1016 0 876 876 0 1013 1013 0 872 872 0 876 876 0 1015 1015 0 1013 1013 0 876 876 0 873 873 0 1014 1014 0 1017 1017 0 878 878 0 873 873 0 1017 1017 0 1017 1017 0 879 879 0 878 878 0 1018 1018 0 879 879 0 1017 1017 0 880 880 0 1020 1020 0 1019 1019 0 881 881 0 1020 1020 0 880 880 0 1016 1016 0 877 877 0 880 880 0 1019 1019 0 1016 1016 0 880 880 0 879 879 0 1018 1018 0 882 882 0 1018 1018 0 1021 1021 0 882 882 0 881 881 0 885 885 0 1020 1020 0 1020 1020 0 885 885 0 1022 1022 0 882 882 0 1021 1021 0 1023 1023 0 886 886 0 882 882 0 1023 1023 0 1023 1023 0 887 887 0 886 886 0 1024 1024 0 887 887 0 1023 1023 0 889 889 0 1026 1026 0 1025 1025 0 890 890 0 1026 1026 0 889 889 0 1022 1022 0 885 885 0 889 889 0 1025 1025 0 1022 1022 0 889 889 0 887 887 0 1024 1024 0 1027 1027 0 891 891 0 887 887 0 1027 1027 0 892 892 0 891 891 0 1028 1028 0 891 891 0 1027 1027 0 1028 1028 0 1028 1028 0 893 893 0 892 892 0 1029 1029 0 893 893 0 1028 1028 0 894 894 0 1031 1031 0 1030 1030 0 895 895 0 1031 1031 0 894 894 0 1026 1026 0 890 890 0 894 894 0 1030 1030 0 1026 1026 0 894 894 0 893 893 0 1029 1029 0 1032 1032 0 896 896 0 893 893 0 1032 1032 0 1032 1032 0 897 897 0 896 896 0 1033 1033 0 897 897 0 1032 1032 0 1036 1036 0 1035 1035 0 1034 1034 0 1036 1036 0 900 900 0 901 901 0 1036 1036 0 1034 1034 0 900 900 0 1034 1034 0 1037 1037 0 900 900 0 1031 1031 0 895 895 0 900 900 0 1037 1037 0 1031 1031 0 900 900 0 897 897 0 1033 1033 0 1038 1038 0 902 902 0 897 897 0 1038 1038 0 903 903 0 902 902 0 1039 1039 0 902 902 0 1038 1038 0 1039 1039 0 904 904 0 903 903 0 1040 1040 0 903 903 0 1039 1039 0 1040 1040 0 1040 1040 0 905 905 0 904 904 0 1041 1041 0 905 905 0 1040 1040 0 908 908 0 909 909 0 1042 1042 0 1044 1044 0 908 908 0 1042 1042 0 1044 1044 0 1043 1043 0 908 908 0 1043 1043 0 910 910 0 908 908 0 1035 1035 0 1036 1036 0 911 911 0 1035 1035 0 911 911 0 1043 1043 0 1043 1043 0 911 911 0 910 910 0 901 901 0 911 911 0 1036 1036 0 905 905 0 1041 1041 0 1045 1045 0 912 912 0 905 905 0 1045 1045 0 913 913 0 912 912 0 1046 1046 0 912 912 0 1045 1045 0 1046 1046 0 1046 1046 0 914 914 0 913 913 0 1047 1047 0 914 914 0 1046 1046 0 917 917 0 1049 1049 0 1048 1048 0 918 918 0 1049 1049 0 917 917 0 919 919 0 917 917 0 1050 1050 0 917 917 0 1048 1048 0 1050 1050 0 920 920 0 919 919 0 1051 1051 0 919 919 0 1050 1050 0 1051 1051 0 1042 1042 0 909 909 0 920 920 0 1042 1042 0 920 920 0 1052 1052 0 1052 1052 0 920 920 0 1051 1051 0 1044 1044 0 1042 1042 0 1052 1052 0 914 914 0 1047 1047 0 1053 1053 0 921 921 0 914 914 0 1053 1053 0 922 922 0 921 921 0 1054 1054 0 921 921 0 1053 1053 0 1054 1054 0 923 923 0 922 922 0 1055 1055 0 922 922 0 1054 1054 0 1055 1055 0 924 924 0 923 923 0 1056 1056 0 923 923 0 1055 1055 0 1056 1056 0 925 925 0 924 924 0 1057 1057 0 924 924 0 1056 1056 0 1057 1057 0 1049 1049 0 918 918 0 925 925 0 1057 1057 0 1049 1049 0 925 925 0 1060 1060 0 1058 1058 0 1059 1059 0 1060 1060 0 927 927 0 926 926 0 1060 1060 0 926 926 0 1058 1058 0 1058 1058 0 926 926 0 1061 1061 0 929 929 0 1062 1062 0 926 926 0 926 926 0 1062 1062 0 1061 1061 0 930 930 0 1063 1063 0 929 929 0 929 929 0 1063 1063 0 1062 1062 0 931 931 0 1064 1064 0 930 930 0 930 930 0 1064 1064 0 1063 1063 0 933 933 0 1065 1065 0 931 931 0 931 931 0 1065 1065 0 1064 1064 0 1065 1065 0 933 933 0 935 935 0 1066 1066 0 1065 1065 0 935 935 0 936 936 0 1067 1067 0 1068 1068 0 937 937 0 936 936 0 1068 1068 0 938 938 0 1069 1069 0 936 936 0 936 936 0 1069 1069 0 1067 1067 0 939 939 0 1070 1070 0 938 938 0 938 938 0 1070 1070 0 1069 1069 0 1059 1059 0 940 940 0 1060 1060 0 1059 1059 0 1070 1070 0 940 940 0 1070 1070 0 939 939 0 940 940 0 927 927 0 1060 1060 0 940 940 0 935 935 0 1071 1071 0 1066 1066 0 941 941 0 1071 1071 0 935 935 0 942 942 0 1072 1072 0 941 941 0 941 941 0 1072 1072 0 1071 1071 0 1072 1072 0 942 942 0 943 943 0 1073 1073 0 1072 1072 0 943 943 0 945 945 0 1074 1074 0 946 946 0 1076 1076 0 1074 1074 0 945 945 0 1076 1076 0 945 945 0 1075 1075 0 1075 1075 0 945 945 0 947 947 0 948 948 0 1077 1077 0 947 947 0 947 947 0 1077 1077 0 1075 1075 0 1068 1068 0 948 948 0 937 937 0 1077 1077 0 948 948 0 1068 1068 0 943 943 0 1078 1078 0 1073 1073 0 949 949 0 1078 1078 0 943 943 0 950 950 0 1079 1079 0 949 949 0 949 949 0 1079 1079 0 1078 1078 0 1079 1079 0 950 950 0 951 951 0 1080 1080 0 1079 1079 0 951 951 0 953 953 0 1081 1081 0 954 954 0 1083 1083 0 1081 1081 0 953 953 0 1083 1083 0 953 953 0 1082 1082 0 1082 1082 0 953 953 0 955 955 0 1074 1074 0 955 955 0 946 946 0 1074 1074 0 1084 1084 0 955 955 0 1084 1084 0 1082 1082 0 955 955 0 1076 1076 0 1084 1084 0 1074 1074 0 951 951 0 1085 1085 0 1080 1080 0 956 956 0 1085 1085 0 951 951 0 1085 1085 0 956 956 0 957 957 0 1086 1086 0 1085 1085 0 957 957 0 959 959 0 1087 1087 0 1088 1088 0 960 960 0 959 959 0 1088 1088 0 1081 1081 0 959 959 0 954 954 0 1081 1081 0 1089 1089 0 959 959 0 1089 1089 0 1087 1087 0 959 959 0 1083 1083 0 1089 1089 0 1081 1081 0 957 957 0 1090 1090 0 1086 1086 0 961 961 0 1090 1090 0 957 957 0 1090 1090 0 961 961 0 962 962 0 1091 1091 0 1090 1090 0 962 962 0 963 963 0 1092 1092 0 964 964 0 963 963 0 1093 1093 0 1092 1092 0 963 963 0 960 960 0 1093 1093 0 960 960 0 1088 1088 0 1093 1093 0 962 962 0 1094 1094 0 1091 1091 0 965 965 0 1094 1094 0 962 962 0 1094 1094 0 965 965 0 966 966 0 1095 1095 0 1094 1094 0 966 966 0 1092 1092 0 1096 1096 0 1097 1097 0 1092 1092 0 1097 1097 0 964 964 0 964 964 0 1097 1097 0 968 968 0 1093 1093 0 1096 1096 0 1092 1092 0 966 966 0 1098 1098 0 1095 1095 0 969 969 0 1098 1098 0 966 966 0 1098 1098 0 969 969 0 970 970 0 1099 1099 0 1098 1098 0 970 970 0 971 971 0 1100 1100 0 1101 1101 0 972 972 0 971 971 0 1101 1101 0 1097 1097 0 971 971 0 968 968 0 1100 1100 0 971 971 0 1097 1097 0 1103 1103 0 970 970 0 973 973 0 1103 1103 0 1102 1102 0 970 970 0 1102 1102 0 1099 1099 0 970 970 0 973 973 0 974 974 0 1103 1103 0 972 972 0 1101 1101 0 976 976 0 1101 1101 0 1104 1104 0 976 976 0 1103 1103 0 1105 1105 0 1102 1102 0 1105 1105 0 1103 1103 0 974 974 0 1105 1105 0 974 974 0 1106 1106 0 1106 1106 0 974 974 0 977 977 0 978 978 0 1107 1107 0 979 979 0 978 978 0 1108 1108 0 1107 1107 0 978 978 0 976 976 0 1108 1108 0 976 976 0 1104 1104 0 1108 1108 0 977 977 0 1109 1109 0 1106 1106 0 980 980 0 1109 1109 0 977 977 0 1109 1109 0 980 980 0 981 981 0 1110 1110 0 1109 1109 0 981 981 0 1107 1107 0 1111 1111 0 1112 1112 0 1107 1107 0 1112 1112 0 979 979 0 979 979 0 1112 1112 0 982 982 0 1108 1108 0 1111 1111 0 1107 1107 0 981 981 0 983 983 0 1110 1110 0 1110 1110 0 983 983 0 1113 1113 0 982 982 0 1112 1112 0 985 985 0 1112 1112 0 1114 1114 0 985 985 0 983 983 0 986 986 0 1113 1113 0 1113 1113 0 986 986 0 1115 1115 0 988 988 0 1116 1116 0 989 989 0 988 988 0 1117 1117 0 1116 1116 0 988 988 0 985 985 0 1117 1117 0 985 985 0 1114 1114 0 1117 1117 0 1119 1119 0 986 986 0 990 990 0 1119 1119 0 1118 1118 0 986 986 0 1118 1118 0 1115 1115 0 986 986 0 990 990 0 991 991 0 1119 1119 0 1116 1116 0 1120 1120 0 1121 1121 0 1116 1116 0 1121 1121 0 989 989 0 989 989 0 1121 1121 0 992 992 0 1117 1117 0 1120 1120 0 1116 1116 0 1123 1123 0 1118 1118 0 1119 1119 0 1122 1122 0 1118 1118 0 1123 1123 0 991 991 0 993 993 0 1123 1123 0 1119 1119 0 991 991 0 1123 1123 0 992 992 0 1121 1121 0 994 994 0 1121 1121 0 1124 1124 0 994 994 0 1126 1126 0 1122 1122 0 1123 1123 0 1125 1125 0 1122 1122 0 1126 1126 0 993 993 0 995 995 0 1126 1126 0 1123 1123 0 993 993 0 1126 1126 0 994 994 0 1124 1124 0 996 996 0 1124 1124 0 1127 1127 0 996 996 0 1129 1129 0 1125 1125 0 1126 1126 0 1128 1128 0 1125 1125 0 1129 1129 0 995 995 0 997 997 0 1129 1129 0 1126 1126 0 995 995 0 1129 1129 0 996 996 0 1127 1127 0 998 998 0 1127 1127 0 1130 1130 0 998 998 0 999 999 0 1128 1128 0 1129 1129 0 999 999 0 1000 1000 0 1128 1128 0 1000 1000 0 1131 1131 0 1128 1128 0 997 997 0 999 999 0 1129 1129 0 998 998 0 1130 1130 0 1001 1001 0 1130 1130 0 1132 1132 0 1001 1001 0 1000 1000 0 1002 1002 0 1131 1131 0 1131 1131 0 1002 1002 0 1133 1133 0 1001 1001 0 1132 1132 0 1003 1003 0 1132 1132 0 1134 1134 0 1003 1003 0 1002 1002 0 1004 1004 0 1133 1133 0 1133 1133 0 1004 1004 0 1135 1135 0 1003 1003 0 1134 1134 0 1136 1136 0 1005 1005 0 1003 1003 0 1136 1136 0 1136 1136 0 1006 1006 0 1005 1005 0 1137 1137 0 1006 1006 0 1136 1136 0 1004 1004 0 1007 1007 0 1135 1135 0 1135 1135 0 1007 1007 0 1138 1138 0 1139 1139 0 1140 1140 0 1008 1008 0 1139 1139 0 1008 1008 0 1137 1137 0 1137 1137 0 1008 1008 0 1006 1006 0 1139 1139 0 1141 1141 0 1140 1140 0 1009 1009 0 1143 1143 0 1142 1142 0 1010 1010 0 1143 1143 0 1009 1009 0 1138 1138 0 1007 1007 0 1009 1009 0 1142 1142 0 1138 1138 0 1009 1009 0 1008 1008 0 1140 1140 0 1011 1011 0 1140 1140 0 1012 1012 0 1011 1011 0 1140 1140 0 1141 1141 0 1012 1012 0 1141 1141 0 1144 1144 0 1012 1012 0 1010 1010 0 1013 1013 0 1143 1143 0 1143 1143 0 1013 1013 0 1145 1145 0 1012 1012 0 1144 1144 0 1014 1014 0 1144 1144 0 1146 1146 0 1014 1014 0 1015 1015 0 1148 1148 0 1147 1147 0 1016 1016 0 1148 1148 0 1015 1015 0 1145 1145 0 1013 1013 0 1015 1015 0 1147 1147 0 1145 1145 0 1015 1015 0 1014 1014 0 1146 1146 0 1149 1149 0 1017 1017 0 1014 1014 0 1149 1149 0 1149 1149 0 1018 1018 0 1017 1017 0 1150 1150 0 1018 1018 0 1149 1149 0 1019 1019 0 1152 1152 0 1151 1151 0 1020 1020 0 1152 1152 0 1019 1019 0 1148 1148 0 1016 1016 0 1019 1019 0 1151 1151 0 1148 1148 0 1019 1019 0 1153 1153 0 1154 1154 0 1021 1021 0 1153 1153 0 1021 1021 0 1150 1150 0 1150 1150 0 1021 1021 0 1018 1018 0 1153 1153 0 1155 1155 0 1154 1154 0 1020 1020 0 1022 1022 0 1152 1152 0 1152 1152 0 1022 1022 0 1156 1156 0 1021 1021 0 1154 1154 0 1023 1023 0 1024 1024 0 1157 1157 0 1158 1158 0 1023 1023 0 1157 1157 0 1024 1024 0 1023 1023 0 1155 1155 0 1157 1157 0 1023 1023 0 1154 1154 0 1155 1155 0 1157 1157 0 1159 1159 0 1158 1158 0 1025 1025 0 1161 1161 0 1160 1160 0 1026 1026 0 1161 1161 0 1025 1025 0 1156 1156 0 1022 1022 0 1025 1025 0 1160 1160 0 1156 1156 0 1025 1025 0 1024 1024 0 1158 1158 0 1027 1027 0 1158 1158 0 1159 1159 0 1162 1162 0 1158 1158 0 1162 1162 0 1027 1027 0 1027 1027 0 1162 1162 0 1028 1028 0 1162 1162 0 1029 1029 0 1028 1028 0 1163 1163 0 1029 1029 0 1162 1162 0 1030 1030 0 1165 1165 0 1164 1164 0 1031 1031 0 1165 1165 0 1030 1030 0 1161 1161 0 1026 1026 0 1030 1030 0 1164 1164 0 1161 1161 0 1030 1030 0 1029 1029 0 1163 1163 0 1166 1166 0 1032 1032 0 1029 1029 0 1166 1166 0 1033 1033 0 1167 1167 0 1168 1168 0 1033 1033 0 1032 1032 0 1167 1167 0 1032 1032 0 1166 1166 0 1167 1167 0 1167 1167 0 1169 1169 0 1168 1168 0 1034 1034 0 1171 1171 0 1170 1170 0 1035 1035 0 1171 1171 0 1034 1034 0 1037 1037 0 1034 1034 0 1172 1172 0 1034 1034 0 1170 1170 0 1172 1172 0 1165 1165 0 1031 1031 0 1037 1037 0 1172 1172 0 1165 1165 0 1037 1037 0 1033 1033 0 1168 1168 0 1038 1038 0 1168 1168 0 1169 1169 0 1173 1173 0 1168 1168 0 1173 1173 0 1038 1038 0 1038 1038 0 1173 1173 0 1039 1039 0 1040 1040 0 1039 1039 0 1174 1174 0 1039 1039 0 1173 1173 0 1174 1174 0 1174 1174 0 1041 1041 0 1040 1040 0 1175 1175 0 1041 1041 0 1174 1174 0 1178 1178 0 1177 1177 0 1176 1176 0 1178 1178 0 1043 1043 0 1044 1044 0 1178 1178 0 1176 1176 0 1043 1043 0 1176 1176 0 1179 1179 0 1043 1043 0 1171 1171 0 1035 1035 0 1043 1043 0 1179 1179 0 1171 1171 0 1043 1043 0 1041 1041 0 1175 1175 0 1180 1180 0 1045 1045 0 1041 1041 0 1180 1180 0 1046 1046 0 1045 1045 0 1181 1181 0 1045 1045 0 1180 1180 0 1181 1181 0 1047 1047 0 1182 1182 0 1183 1183 0 1047 1047 0 1046 1046 0 1182 1182 0 1046 1046 0 1181 1181 0 1182 1182 0 1182 1182 0 1184 1184 0 1183 1183 0 1187 1187 0 1186 1186 0 1185 1185 0 1187 1187 0 1048 1048 0 1049 1049 0 1187 1187 0 1185 1185 0 1048 1048 0 1185 1185 0 1188 1188 0 1048 1048 0 1050 1050 0 1048 1048 0 1189 1189 0 1048 1048 0 1188 1188 0 1189 1189 0 1051 1051 0 1050 1050 0 1190 1190 0 1050 1050 0 1189 1189 0 1190 1190 0 1177 1177 0 1178 1178 0 1052 1052 0 1177 1177 0 1052 1052 0 1190 1190 0 1190 1190 0 1052 1052 0 1051 1051 0 1044 1044 0 1052 1052 0 1178 1178 0 1047 1047 0 1183 1183 0 1053 1053 0 1183 1183 0 1184 1184 0 1191 1191 0 1183 1183 0 1191 1191 0 1053 1053 0 1053 1053 0 1191 1191 0 1054 1054 0 1055 1055 0 1054 1054 0 1192 1192 0 1054 1054 0 1191 1191 0 1192 1192 0 1056 1056 0 1055 1055 0 1193 1193 0 1055 1055 0 1192 1192 0 1193 1193 0 1186 1186 0 1187 1187 0 1057 1057 0 1186 1186 0 1057 1057 0 1193 1193 0 1193 1193 0 1057 1057 0 1056 1056 0 1049 1049 0 1057 1057 0 1187 1187 0 1058 1058 0 1194 1194 0 1195 1195 0 1059 1059 0 1058 1058 0 1195 1195 0 1061 1061 0 1196 1196 0 1058 1058 0 1058 1058 0 1196 1196 0 1194 1194 0 1062 1062 0 1197 1197 0 1061 1061 0 1061 1061 0 1197 1197 0 1196 1196 0 1063 1063 0 1198 1198 0 1062 1062 0 1062 1062 0 1198 1198 0 1197 1197 0 1064 1064 0 1199 1199 0 1063 1063 0 1063 1063 0 1199 1199 0 1198 1198 0 1065 1065 0 1200 1200 0 1064 1064 0 1064 1064 0 1200 1200 0 1199 1199 0 1200 1200 0 1065 1065 0 1066 1066 0 1201 1201 0 1200 1200 0 1066 1066 0 1067 1067 0 1202 1202 0 1203 1203 0 1068 1068 0 1067 1067 0 1203 1203 0 1069 1069 0 1204 1204 0 1067 1067 0 1067 1067 0 1204 1204 0 1202 1202 0 1070 1070 0 1205 1205 0 1069 1069 0 1069 1069 0 1205 1205 0 1204 1204 0 1195 1195 0 1070 1070 0 1059 1059 0 1205 1205 0 1070 1070 0 1195 1195 0 1066 1066 0 1206 1206 0 1201 1201 0 1071 1071 0 1206 1206 0 1066 1066 0 1072 1072 0 1207 1207 0 1071 1071 0 1071 1071 0 1207 1207 0 1206 1206 0 1207 1207 0 1072 1072 0 1073 1073 0 1208 1208 0 1207 1207 0 1073 1073 0 1075 1075 0 1209 1209 0 1210 1210 0 1076 1076 0 1075 1075 0 1210 1210 0 1077 1077 0 1211 1211 0 1075 1075 0 1075 1075 0 1211 1211 0 1209 1209 0 1203 1203 0 1077 1077 0 1068 1068 0 1211 1211 0 1077 1077 0 1203 1203 0 1073 1073 0 1212 1212 0 1208 1208 0 1078 1078 0 1212 1212 0 1073 1073 0 1079 1079 0 1213 1213 0 1078 1078 0 1078 1078 0 1213 1213 0 1212 1212 0 1213 1213 0 1079 1079 0 1080 1080 0 1214 1214 0 1213 1213 0 1080 1080 0 1082 1082 0 1215 1215 0 1216 1216 0 1083 1083 0 1082 1082 0 1216 1216 0 1084 1084 0 1217 1217 0 1082 1082 0 1082 1082 0 1217 1217 0 1215 1215 0 1210 1210 0 1084 1084 0 1076 1076 0 1217 1217 0 1084 1084 0 1210 1210 0 1080 1080 0 1218 1218 0 1214 1214 0 1085 1085 0 1218 1218 0 1080 1080 0 1218 1218 0 1085 1085 0 1086 1086 0 1219 1219 0 1218 1218 0 1086 1086 0 1087 1087 0 1220 1220 0 1088 1088 0 1222 1222 0 1220 1220 0 1087 1087 0 1222 1222 0 1087 1087 0 1221 1221 0 1221 1221 0 1087 1087 0 1089 1089 0 1216 1216 0 1089 1089 0 1083 1083 0 1221 1221 0 1089 1089 0 1216 1216 0 1086 1086 0 1223 1223 0 1219 1219 0 1090 1090 0 1223 1223 0 1086 1086 0 1223 1223 0 1090 1090 0 1091 1091 0 1224 1224 0 1223 1223 0 1091 1091 0 1220 1220 0 1225 1225 0 1226 1226 0 1220 1220 0 1226 1226 0 1088 1088 0 1088 1088 0 1226 1226 0 1093 1093 0 1222 1222 0 1225 1225 0 1220 1220 0 1091 1091 0 1227 1227 0 1224 1224 0 1094 1094 0 1227 1227 0 1091 1091 0 1227 1227 0 1094 1094 0 1095 1095 0 1228 1228 0 1227 1227 0 1095 1095 0 1096 1096 0 1229 1229 0 1230 1230 0 1097 1097 0 1096 1096 0 1230 1230 0 1226 1226 0 1096 1096 0 1093 1093 0 1229 1229 0 1096 1096 0 1226 1226 0 1095 1095 0 1231 1231 0 1228 1228 0 1098 1098 0 1231 1231 0 1095 1095 0 1231 1231 0 1098 1098 0 1099 1099 0 1232 1232 0 1231 1231 0 1099 1099 0 1100 1100 0 1233 1233 0 1101 1101 0 1100 1100 0 1234 1234 0 1233 1233 0 1100 1100 0 1097 1097 0 1234 1234 0 1097 1097 0 1230 1230 0 1234 1234 0 1099 1099 0 1102 1102 0 1232 1232 0 1232 1232 0 1102 1102 0 1235 1235 0 1233 1233 0 1236 1236 0 1237 1237 0 1233 1233 0 1237 1237 0 1101 1101 0 1101 1101 0 1237 1237 0 1104 1104 0 1234 1234 0 1236 1236 0 1233 1233 0 1102 1102 0 1238 1238 0 1235 1235 0 1105 1105 0 1238 1238 0 1102 1102 0 1238 1238 0 1105 1105 0 1106 1106 0 1239 1239 0 1238 1238 0 1106 1106 0 1104 1104 0 1237 1237 0 1108 1108 0 1237 1237 0 1240 1240 0 1108 1108 0 1242 1242 0 1106 1106 0 1109 1109 0 1242 1242 0 1241 1241 0 1106 1106 0 1241 1241 0 1239 1239 0 1106 1106 0 1109 1109 0 1110 1110 0 1242 1242 0 1111 1111 0 1243 1243 0 1112 1112 0 1111 1111 0 1244 1244 0 1243 1243 0 1111 1111 0 1108 1108 0 1244 1244 0 1108 1108 0 1240 1240 0 1244 1244 0 1242 1242 0 1245 1245 0 1241 1241 0 1245 1245 0 1242 1242 0 1110 1110 0 1245 1245 0 1110 1110 0 1246 1246 0 1246 1246 0 1110 1110 0 1113 1113 0 1243 1243 0 1247 1247 0 1248 1248 0 1243 1243 0 1248 1248 0 1112 1112 0 1112 1112 0 1248 1248 0 1114 1114 0 1244 1244 0 1247 1247 0 1243 1243 0 1113 1113 0 1115 1115 0 1246 1246 0 1246 1246 0 1115 1115 0 1249 1249 0 1114 1114 0 1248 1248 0 1117 1117 0 1248 1248 0 1250 1250 0 1117 1117 0 1115 1115 0 1118 1118 0 1249 1249 0 1249 1249 0 1118 1118 0 1251 1251 0 1120 1120 0 1252 1252 0 1121 1121 0 1120 1120 0 1253 1253 0 1252 1252 0 1120 1120 0 1117 1117 0 1253 1253 0 1117 1117 0 1250 1250 0 1253 1253 0 1118 1118 0 1122 1122 0 1251 1251 0 1251 1251 0 1122 1122 0 1254 1254 0 1252 1252 0 1255 1255 0 1124 1124 0 1121 1121 0 1252 1252 0 1124 1124 0 1256 1256 0 1252 1252 0 1253 1253 0 1255 1255 0 1252 1252 0 1256 1256 0 1122 1122 0 1125 1125 0 1254 1254 0 1254 1254 0 1125 1125 0 1257 1257 0 1255 1255 0 1258 1258 0 1127 1127 0 1124 1124 0 1255 1255 0 1127 1127 0 1259 1259 0 1255 1255 0 1256 1256 0 1258 1258 0 1255 1255 0 1259 1259 0 1125 1125 0 1128 1128 0 1257 1257 0 1257 1257 0 1128 1128 0 1260 1260 0 1258 1258 0 1261 1261 0 1262 1262 0 1258 1258 0 1262 1262 0 1127 1127 0 1127 1127 0 1262 1262 0 1130 1130 0 1259 1259 0 1261 1261 0 1258 1258 0 1128 1128 0 1131 1131 0 1260 1260 0 1260 1260 0 1131 1131 0 1263 1263 0 1264 1264 0 1265 1265 0 1132 1132 0 1264 1264 0 1132 1132 0 1262 1262 0 1262 1262 0 1132 1132 0 1130 1130 0 1264 1264 0 1266 1266 0 1265 1265 0 1131 1131 0 1133 1133 0 1263 1263 0 1263 1263 0 1133 1133 0 1267 1267 0 1265 1265 0 1268 1268 0 1134 1134 0 1132 1132 0 1265 1265 0 1134 1134 0 1269 1269 0 1265 1265 0 1266 1266 0 1268 1268 0 1265 1265 0 1269 1269 0 1133 1133 0 1135 1135 0 1267 1267 0 1267 1267 0 1135 1135 0 1270 1270 0 1134 1134 0 1268 1268 0 1136 1136 0 1268 1268 0 1137 1137 0 1136 1136 0 1268 1268 0 1269 1269 0 1137 1137 0 1269 1269 0 1271 1271 0 1137 1137 0 1135 1135 0 1138 1138 0 1270 1270 0 1270 1270 0 1138 1138 0 1272 1272 0 1274 1274 0 1139 1139 0 1137 1137 0 1274 1274 0 1137 1137 0 1273 1273 0 1273 1273 0 1137 1137 0 1271 1271 0 1139 1139 0 1274 1274 0 1141 1141 0 1142 1142 0 1276 1276 0 1275 1275 0 1143 1143 0 1276 1276 0 1142 1142 0 1272 1272 0 1138 1138 0 1142 1142 0 1275 1275 0 1272 1272 0 1142 1142 0 1274 1274 0 1273 1273 0 1277 1277 0 1277 1277 0 1141 1141 0 1274 1274 0 1277 1277 0 1278 1278 0 1141 1141 0 1278 1278 0 1144 1144 0 1141 1141 0 1143 1143 0 1145 1145 0 1276 1276 0 1276 1276 0 1145 1145 0 1279 1279 0 1144 1144 0 1278 1278 0 1146 1146 0 1278 1278 0 1280 1280 0 1146 1146 0 1147 1147 0 1282 1282 0 1281 1281 0 1148 1148 0 1282 1282 0 1147 1147 0 1279 1279 0 1145 1145 0 1147 1147 0 1281 1281 0 1279 1279 0 1147 1147 0 1146 1146 0 1280 1280 0 1283 1283 0 1149 1149 0 1146 1146 0 1283 1283 0 1283 1283 0 1150 1150 0 1149 1149 0 1284 1284 0 1150 1150 0 1283 1283 0 1151 1151 0 1286 1286 0 1285 1285 0 1152 1152 0 1286 1286 0 1151 1151 0 1282 1282 0 1148 1148 0 1151 1151 0 1285 1285 0 1282 1282 0 1151 1151 0 1150 1150 0 1284 1284 0 1287 1287 0 1153 1153 0 1150 1150 0 1287 1287 0 1287 1287 0 1155 1155 0 1153 1153 0 1288 1288 0 1155 1155 0 1287 1287 0 1152 1152 0 1156 1156 0 1286 1286 0 1286 1286 0 1156 1156 0 1289 1289 0 1155 1155 0 1288 1288 0 1290 1290 0 1157 1157 0 1155 1155 0 1290 1290 0 1290 1290 0 1159 1159 0 1157 1157 0 1291 1291 0 1159 1159 0 1290 1290 0 1160 1160 0 1293 1293 0 1292 1292 0 1161 1161 0 1293 1293 0 1160 1160 0 1289 1289 0 1156 1156 0 1160 1160 0 1292 1292 0 1289 1289 0 1160 1160 0 1159 1159 0 1291 1291 0 1294 1294 0 1162 1162 0 1159 1159 0 1294 1294 0 1294 1294 0 1163 1163 0 1162 1162 0 1295 1295 0 1163 1163 0 1294 1294 0 1164 1164 0 1297 1297 0 1296 1296 0 1165 1165 0 1297 1297 0 1164 1164 0 1293 1293 0 1161 1161 0 1164 1164 0 1296 1296 0 1293 1293 0 1164 1164 0 1163 1163 0 1295 1295 0 1298 1298 0 1166 1166 0 1163 1163 0 1298 1298 0 1167 1167 0 1166 1166 0 1299 1299 0 1166 1166 0 1298 1298 0 1299 1299 0 1299 1299 0 1169 1169 0 1167 1167 0 1300 1300 0 1169 1169 0 1299 1299 0 1170 1170 0 1302 1302 0 1301 1301 0 1171 1171 0 1302 1302 0 1170 1170 0 1172 1172 0 1170 1170 0 1303 1303 0 1170 1170 0 1301 1301 0 1303 1303 0 1297 1297 0 1165 1165 0 1172 1172 0 1303 1303 0 1297 1297 0 1172 1172 0 1169 1169 0 1300 1300 0 1304 1304 0 1173 1173 0 1169 1169 0 1304 1304 0 1174 1174 0 1173 1173 0 1305 1305 0 1173 1173 0 1304 1304 0 1305 1305 0 1305 1305 0 1175 1175 0 1174 1174 0 1306 1306 0 1175 1175 0 1305 1305 0 1176 1176 0 1308 1308 0 1307 1307 0 1177 1177 0 1308 1308 0 1176 1176 0 1179 1179 0 1176 1176 0 1309 1309 0 1176 1176 0 1307 1307 0 1309 1309 0 1302 1302 0 1171 1171 0 1179 1179 0 1309 1309 0 1302 1302 0 1179 1179 0 1175 1175 0 1306 1306 0 1310 1310 0 1180 1180 0 1175 1175 0 1310 1310 0 1181 1181 0 1180 1180 0 1311 1311 0 1180 1180 0 1310 1310 0 1311 1311 0 1182 1182 0 1181 1181 0 1312 1312 0 1181 1181 0 1311 1311 0 1312 1312 0 1184 1184 0 1313 1313 0 1314 1314 0 1184 1184 0 1182 1182 0 1313 1313 0 1182 1182 0 1312 1312 0 1313 1313 0 1313 1313 0 1315 1315 0 1314 1314 0 1185 1185 0 1317 1317 0 1316 1316 0 1186 1186 0 1317 1317 0 1185 1185 0 1188 1188 0 1185 1185 0 1318 1318 0 1185 1185 0 1316 1316 0 1318 1318 0 1189 1189 0 1188 1188 0 1319 1319 0 1188 1188 0 1318 1318 0 1319 1319 0 1190 1190 0 1189 1189 0 1320 1320 0 1189 1189 0 1319 1319 0 1320 1320 0 1308 1308 0 1177 1177 0 1190 1190 0 1320 1320 0 1308 1308 0 1190 1190 0 1184 1184 0 1314 1314 0 1191 1191 0 1314 1314 0 1315 1315 0 1321 1321 0 1314 1314 0 1321 1321 0 1191 1191 0 1191 1191 0 1321 1321 0 1192 1192 0 1193 1193 0 1192 1192 0 1322 1322 0 1192 1192 0 1321 1321 0 1322 1322 0 1317 1317 0 1186 1186 0 1193 1193 0 1322 1322 0 1317 1317 0 1193 1193 0 1194 1194 0 1323 1323 0 1324 1324 0 1195 1195 0 1194 1194 0 1324 1324 0 1196 1196 0 1325 1325 0 1194 1194 0 1194 1194 0 1325 1325 0 1323 1323 0 1197 1197 0 1326 1326 0 1196 1196 0 1196 1196 0 1326 1326 0 1325 1325 0 1198 1198 0 1327 1327 0 1197 1197 0 1197 1197 0 1327 1327 0 1326 1326 0 1199 1199 0 1328 1328 0 1198 1198 0 1198 1198 0 1328 1328 0 1327 1327 0 1200 1200 0 1329 1329 0 1199 1199 0 1199 1199 0 1329 1329 0 1328 1328 0 1329 1329 0 1200 1200 0 1201 1201 0 1330 1330 0 1329 1329 0 1201 1201 0 1202 1202 0 1331 1331 0 1332 1332 0 1203 1203 0 1202 1202 0 1332 1332 0 1204 1204 0 1333 1333 0 1202 1202 0 1202 1202 0 1333 1333 0 1331 1331 0 1205 1205 0 1334 1334 0 1204 1204 0 1204 1204 0 1334 1334 0 1333 1333 0 1324 1324 0 1205 1205 0 1195 1195 0 1334 1334 0 1205 1205 0 1324 1324 0 1201 1201 0 1335 1335 0 1330 1330 0 1206 1206 0 1335 1335 0 1201 1201 0 1207 1207 0 1336 1336 0 1206 1206 0 1206 1206 0 1336 1336 0 1335 1335 0 1336 1336 0 1207 1207 0 1208 1208 0 1337 1337 0 1336 1336 0 1208 1208 0 1209 1209 0 1338 1338 0 1339 1339 0 1210 1210 0 1209 1209 0 1339 1339 0 1211 1211 0 1340 1340 0 1209 1209 0 1209 1209 0 1340 1340 0 1338 1338 0 1332 1332 0 1211 1211 0 1203 1203 0 1340 1340 0 1211 1211 0 1332 1332 0 1208 1208 0 1341 1341 0 1337 1337 0 1212 1212 0 1341 1341 0 1208 1208 0 1343 1343 0 1342 1342 0 1341 1341 0 1343 1343 0 1341 1341 0 1213 1213 0 1213 1213 0 1341 1341 0 1212 1212 0 1213 1213 0 1214 1214 0 1343 1343 0 1215 1215 0 1344 1344 0 1345 1345 0 1216 1216 0 1215 1215 0 1345 1345 0 1217 1217 0 1346 1346 0 1215 1215 0 1215 1215 0 1346 1346 0 1344 1344 0 1339 1339 0 1217 1217 0 1210 1210 0 1346 1346 0 1217 1217 0 1339 1339 0 1343 1343 0 1347 1347 0 1342 1342 0 1214 1214 0 1347 1347 0 1343 1343 0 1214 1214 0 1218 1218 0 1347 1347 0 1218 1218 0 1348 1348 0 1347 1347 0 1348 1348 0 1218 1218 0 1219 1219 0 1349 1349 0 1348 1348 0 1219 1219 0 1221 1221 0 1350 1350 0 1351 1351 0 1222 1222 0 1221 1221 0 1351 1351 0 1345 1345 0 1221 1221 0 1216 1216 0 1350 1350 0 1221 1221 0 1345 1345 0 1219 1219 0 1352 1352 0 1349 1349 0 1223 1223 0 1352 1352 0 1219 1219 0 1352 1352 0 1223 1223 0 1224 1224 0 1353 1353 0 1352 1352 0 1224 1224 0 1225 1225 0 1354 1354 0 1355 1355 0 1226 1226 0 1225 1225 0 1355 1355 0 1351 1351 0 1225 1225 0 1222 1222 0 1354 1354 0 1225 1225 0 1351 1351 0 1224 1224 0 1356 1356 0 1353 1353 0 1227 1227 0 1356 1356 0 1224 1224 0 1356 1356 0 1227 1227 0 1228 1228 0 1357 1357 0 1356 1356 0 1228 1228 0 1229 1229 0 1358 1358 0 1359 1359 0 1230 1230 0 1229 1229 0 1359 1359 0 1355 1355 0 1229 1229 0 1226 1226 0 1358 1358 0 1229 1229 0 1355 1355 0 1228 1228 0 1360 1360 0 1357 1357 0 1231 1231 0 1360 1360 0 1228 1228 0 1360 1360 0 1231 1231 0 1232 1232 0 1361 1361 0 1360 1360 0 1232 1232 0 1230 1230 0 1359 1359 0 1234 1234 0 1359 1359 0 1362 1362 0 1234 1234 0 1232 1232 0 1235 1235 0 1361 1361 0 1361 1361 0 1235 1235 0 1363 1363 0 1236 1236 0 1364 1364 0 1365 1365 0 1237 1237 0 1236 1236 0 1365 1365 0 1362 1362 0 1236 1236 0 1234 1234 0 1364 1364 0 1236 1236 0 1362 1362 0 1235 1235 0 1366 1366 0 1363 1363 0 1238 1238 0 1366 1366 0 1235 1235 0 1366 1366 0 1238 1238 0 1239 1239 0 1367 1367 0 1366 1366 0 1239 1239 0 1237 1237 0 1365 1365 0 1240 1240 0 1365 1365 0 1368 1368 0 1240 1240 0 1239 1239 0 1241 1241 0 1367 1367 0 1367 1367 0 1241 1241 0 1369 1369 0 1240 1240 0 1368 1368 0 1244 1244 0 1368 1368 0 1370 1370 0 1244 1244 0 1241 1241 0 1371 1371 0 1369 1369 0 1245 1245 0 1371 1371 0 1241 1241 0 1371 1371 0 1245 1245 0 1246 1246 0 1372 1372 0 1371 1371 0 1246 1246 0 1247 1247 0 1373 1373 0 1374 1374 0 1248 1248 0 1247 1247 0 1374 1374 0 1370 1370 0 1247 1247 0 1244 1244 0 1373 1373 0 1247 1247 0 1370 1370 0 1246 1246 0 1249 1249 0 1372 1372 0 1372 1372 0 1249 1249 0 1375 1375 0 1248 1248 0 1374 1374 0 1250 1250 0 1374 1374 0 1376 1376 0 1250 1250 0 1249 1249 0 1251 1251 0 1375 1375 0 1375 1375 0 1251 1251 0 1377 1377 0 1250 1250 0 1376 1376 0 1253 1253 0 1376 1376 0 1378 1378 0 1253 1253 0 1251 1251 0 1254 1254 0 1377 1377 0 1377 1377 0 1254 1254 0 1379 1379 0 1253 1253 0 1378 1378 0 1256 1256 0 1378 1378 0 1380 1380 0 1256 1256 0 1254 1254 0 1257 1257 0 1379 1379 0 1379 1379 0 1257 1257 0 1381 1381 0 1256 1256 0 1380 1380 0 1259 1259 0 1380 1380 0 1382 1382 0 1259 1259 0 1257 1257 0 1260 1260 0 1381 1381 0 1381 1381 0 1260 1260 0 1383 1383 0 1261 1261 0 1384 1384 0 1262 1262 0 1261 1261 0 1385 1385 0 1384 1384 0 1261 1261 0 1259 1259 0 1385 1385 0 1259 1259 0 1382 1382 0 1385 1385 0 1260 1260 0 1263 1263 0 1383 1383 0 1383 1383 0 1263 1263 0 1386 1386 0 1262 1262 0 1384 1384 0 1264 1264 0 1384 1384 0 1266 1266 0 1264 1264 0 1384 1384 0 1385 1385 0 1266 1266 0 1385 1385 0 1387 1387 0 1266 1266 0 1263 1263 0 1267 1267 0 1386 1386 0 1386 1386 0 1267 1267 0 1388 1388 0 1266 1266 0 1387 1387 0 1269 1269 0 1387 1387 0 1389 1389 0 1269 1269 0 1267 1267 0 1270 1270 0 1388 1388 0 1388 1388 0 1270 1270 0 1390 1390 0 1269 1269 0 1389 1389 0 1271 1271 0 1389 1389 0 1391 1391 0 1271 1271 0 1270 1270 0 1272 1272 0 1390 1390 0 1390 1390 0 1272 1272 0 1392 1392 0 1271 1271 0 1391 1391 0 1273 1273 0 1391 1391 0 1393 1393 0 1273 1273 0 1275 1275 0 1395 1395 0 1394 1394 0 1276 1276 0 1395 1395 0 1275 1275 0 1392 1392 0 1272 1272 0 1275 1275 0 1394 1394 0 1392 1392 0 1275 1275 0 1273 1273 0 1393 1393 0 1396 1396 0 1277 1277 0 1273 1273 0 1396 1396 0 1396 1396 0 1278 1278 0 1277 1277 0 1397 1397 0 1278 1278 0 1396 1396 0 1276 1276 0 1279 1279 0 1395 1395 0 1395 1395 0 1279 1279 0 1398 1398 0 1399 1399 0 1400 1400 0 1280 1280 0 1399 1399 0 1280 1280 0 1397 1397 0 1397 1397 0 1280 1280 0 1278 1278 0 1399 1399 0 1401 1401 0 1400 1400 0 1281 1281 0 1403 1403 0 1402 1402 0 1282 1282 0 1403 1403 0 1281 1281 0 1398 1398 0 1279 1279 0 1281 1281 0 1402 1402 0 1398 1398 0 1281 1281 0 1280 1280 0 1400 1400 0 1283 1283 0 1400 1400 0 1284 1284 0 1283 1283 0 1400 1400 0 1401 1401 0 1284 1284 0 1401 1401 0 1404 1404 0 1284 1284 0 1285 1285 0 1406 1406 0 1405 1405 0 1286 1286 0 1406 1406 0 1285 1285 0 1403 1403 0 1282 1282 0 1285 1285 0 1405 1405 0 1403 1403 0 1285 1285 0 1284 1284 0 1404 1404 0 1407 1407 0 1287 1287 0 1284 1284 0 1407 1407 0 1407 1407 0 1288 1288 0 1287 1287 0 1408 1408 0 1288 1288 0 1407 1407 0 1286 1286 0 1289 1289 0 1406 1406 0 1406 1406 0 1289 1289 0 1409 1409 0 1288 1288 0 1408 1408 0 1410 1410 0 1290 1290 0 1288 1288 0 1410 1410 0 1410 1410 0 1291 1291 0 1290 1290 0 1411 1411 0 1291 1291 0 1410 1410 0 1292 1292 0 1413 1413 0 1412 1412 0 1293 1293 0 1413 1413 0 1292 1292 0 1409 1409 0 1289 1289 0 1292 1292 0 1412 1412 0 1409 1409 0 1292 1292 0 1291 1291 0 1411 1411 0 1414 1414 0 1294 1294 0 1291 1291 0 1414 1414 0 1414 1414 0 1295 1295 0 1294 1294 0 1415 1415 0 1295 1295 0 1414 1414 0 1296 1296 0 1417 1417 0 1416 1416 0 1297 1297 0 1417 1417 0 1296 1296 0 1413 1413 0 1293 1293 0 1296 1296 0 1416 1416 0 1413 1413 0 1296 1296 0 1295 1295 0 1415 1415 0 1418 1418 0 1298 1298 0 1295 1295 0 1418 1418 0 1299 1299 0 1298 1298 0 1419 1419 0 1298 1298 0 1418 1418 0 1419 1419 0 1419 1419 0 1300 1300 0 1299 1299 0 1420 1420 0 1300 1300 0 1419 1419 0 1301 1301 0 1422 1422 0 1421 1421 0 1302 1302 0 1422 1422 0 1301 1301 0 1303 1303 0 1301 1301 0 1423 1423 0 1301 1301 0 1421 1421 0 1423 1423 0 1417 1417 0 1297 1297 0 1303 1303 0 1423 1423 0 1417 1417 0 1303 1303 0 1300 1300 0 1420 1420 0 1424 1424 0 1304 1304 0 1300 1300 0 1424 1424 0 1305 1305 0 1304 1304 0 1425 1425 0 1304 1304 0 1424 1424 0 1425 1425 0 1425 1425 0 1306 1306 0 1305 1305 0 1426 1426 0 1306 1306 0 1425 1425 0 1307 1307 0 1428 1428 0 1427 1427 0 1308 1308 0 1428 1428 0 1307 1307 0 1309 1309 0 1307 1307 0 1429 1429 0 1307 1307 0 1427 1427 0 1429 1429 0 1422 1422 0 1302 1302 0 1309 1309 0 1429 1429 0 1422 1422 0 1309 1309 0 1306 1306 0 1426 1426 0 1430 1430 0 1310 1310 0 1306 1306 0 1430 1430 0 1311 1311 0 1310 1310 0 1431 1431 0 1310 1310 0 1430 1430 0 1431 1431 0 1312 1312 0 1311 1311 0 1432 1432 0 1311 1311 0 1431 1431 0 1432 1432 0 1313 1313 0 1312 1312 0 1433 1433 0 1312 1312 0 1432 1432 0 1433 1433 0 1315 1315 0 1434 1434 0 1435 1435 0 1315 1315 0 1313 1313 0 1434 1434 0 1313 1313 0 1433 1433 0 1434 1434 0 1435 1435 0 1436 1436 0 1437 1437 0 1434 1434 0 1436 1436 0 1435 1435 0 1437 1437 0 1316 1316 0 1317 1317 0 1437 1437 0 1436 1436 0 1316 1316 0 1436 1436 0 1438 1438 0 1316 1316 0 1318 1318 0 1316 1316 0 1439 1439 0 1316 1316 0 1438 1438 0 1439 1439 0 1319 1319 0 1318 1318 0 1440 1440 0 1318 1318 0 1439 1439 0 1440 1440 0 1320 1320 0 1319 1319 0 1441 1441 0 1319 1319 0 1440 1440 0 1441 1441 0 1428 1428 0 1308 1308 0 1320 1320 0 1441 1441 0 1428 1428 0 1320 1320 0 1315 1315 0 1435 1435 0 1321 1321 0 1322 1322 0 1321 1321 0 1435 1435 0 1437 1437 0 1322 1322 0 1435 1435 0 1317 1317 0 1322 1322 0 1437 1437 0 1323 1323 0 1442 1442 0 1324 1324 0 1444 1444 0 1442 1442 0 1323 1323 0 1444 1444 0 1323 1323 0 1443 1443 0 1443 1443 0 1323 1323 0 1325 1325 0 1326 1326 0 1445 1445 0 1325 1325 0 1325 1325 0 1445 1445 0 1443 1443 0 1327 1327 0 1446 1446 0 1326 1326 0 1326 1326 0 1446 1446 0 1445 1445 0 1448 1448 0 1447 1447 0 1446 1446 0 1448 1448 0 1446 1446 0 1328 1328 0 1328 1328 0 1446 1446 0 1327 1327 0 1328 1328 0 1329 1329 0 1449 1449 0 1448 1448 0 1328 1328 0 1449 1449 0 1329 1329 0 1330 1330 0 1449 1449 0 1331 1331 0 1450 1450 0 1332 1332 0 1452 1452 0 1450 1450 0 1331 1331 0 1452 1452 0 1331 1331 0 1451 1451 0 1451 1451 0 1331 1331 0 1333 1333 0 1334 1334 0 1453 1453 0 1333 1333 0 1333 1333 0 1453 1453 0 1451 1451 0 1442 1442 0 1334 1334 0 1324 1324 0 1442 1442 0 1454 1454 0 1334 1334 0 1454 1454 0 1453 1453 0 1334 1334 0 1444 1444 0 1454 1454 0 1442 1442 0 1448 1448 0 1455 1455 0 1447 1447 0 1449 1449 0 1455 1455 0 1448 1448 0 1456 1456 0 1455 1455 0 1449 1449 0 1330 1330 0 1456 1456 0 1449 1449 0 1330 1330 0 1335 1335 0 1456 1456 0 1335 1335 0 1457 1457 0 1456 1456 0 1459 1459 0 1458 1458 0 1457 1457 0 1459 1459 0 1457 1457 0 1336 1336 0 1336 1336 0 1457 1457 0 1335 1335 0 1336 1336 0 1337 1337 0 1459 1459 0 1338 1338 0 1460 1460 0 1339 1339 0 1462 1462 0 1460 1460 0 1338 1338 0 1462 1462 0 1338 1338 0 1461 1461 0 1461 1461 0 1338 1338 0 1340 1340 0 1450 1450 0 1340 1340 0 1332 1332 0 1450 1450 0 1463 1463 0 1340 1340 0 1463 1463 0 1461 1461 0 1340 1340 0 1452 1452 0 1463 1463 0 1450 1450 0 1459 1459 0 1464 1464 0 1458 1458 0 1337 1337 0 1464 1464 0 1459 1459 0 1337 1337 0 1341 1341 0 1464 1464 0 1341 1341 0 1465 1465 0 1464 1464 0 1465 1465 0 1341 1341 0 1342 1342 0 1466 1466 0 1465 1465 0 1342 1342 0 1344 1344 0 1467 1467 0 1345 1345 0 1469 1469 0 1467 1467 0 1344 1344 0 1469 1469 0 1344 1344 0 1468 1468 0 1468 1468 0 1344 1344 0 1346 1346 0 1460 1460 0 1346 1346 0 1339 1339 0 1460 1460 0 1470 1470 0 1346 1346 0 1470 1470 0 1468 1468 0 1346 1346 0 1462 1462 0 1470 1470 0 1460 1460 0 1342 1342 0 1471 1471 0 1466 1466 0 1347 1347 0 1471 1471 0 1342 1342 0 1348 1348 0 1472 1472 0 1347 1347 0 1347 1347 0 1472 1472 0 1471 1471 0 1472 1472 0 1348 1348 0 1349 1349 0 1473 1473 0 1472 1472 0 1349 1349 0 1350 1350 0 1474 1474 0 1475 1475 0 1351 1351 0 1350 1350 0 1475 1475 0 1467 1467 0 1350 1350 0 1345 1345 0 1467 1467 0 1476 1476 0 1350 1350 0 1476 1476 0 1474 1474 0 1350 1350 0 1469 1469 0 1476 1476 0 1467 1467 0 1349 1349 0 1477 1477 0 1473 1473 0 1352 1352 0 1477 1477 0 1349 1349 0 1477 1477 0 1352 1352 0 1353 1353 0 1478 1478 0 1477 1477 0 1353 1353 0 1354 1354 0 1479 1479 0 1480 1480 0 1355 1355 0 1354 1354 0 1480 1480 0 1475 1475 0 1354 1354 0 1351 1351 0 1479 1479 0 1354 1354 0 1475 1475 0 1353 1353 0 1481 1481 0 1478 1478 0 1356 1356 0 1481 1481 0 1353 1353 0 1481 1481 0 1356 1356 0 1357 1357 0 1482 1482 0 1481 1481 0 1357 1357 0 1358 1358 0 1483 1483 0 1359 1359 0 1358 1358 0 1484 1484 0 1483 1483 0 1358 1358 0 1355 1355 0 1484 1484 0 1355 1355 0 1480 1480 0 1484 1484 0 1357 1357 0 1485 1485 0 1482 1482 0 1360 1360 0 1485 1485 0 1357 1357 0 1485 1485 0 1360 1360 0 1361 1361 0 1486 1486 0 1485 1485 0 1361 1361 0 1483 1483 0 1487 1487 0 1488 1488 0 1483 1483 0 1488 1488 0 1359 1359 0 1359 1359 0 1488 1488 0 1362 1362 0 1484 1484 0 1487 1487 0 1483 1483 0 1361 1361 0 1363 1363 0 1486 1486 0 1486 1486 0 1363 1363 0 1489 1489 0 1364 1364 0 1490 1490 0 1365 1365 0 1364 1364 0 1491 1491 0 1490 1490 0 1364 1364 0 1362 1362 0 1491 1491 0 1362 1362 0 1488 1488 0 1491 1491 0 1363 1363 0 1492 1492 0 1489 1489 0 1366 1366 0 1492 1492 0 1363 1363 0 1492 1492 0 1366 1366 0 1367 1367 0 1493 1493 0 1492 1492 0 1367 1367 0 1490 1490 0 1494 1494 0 1495 1495 0 1490 1490 0 1495 1495 0 1365 1365 0 1365 1365 0 1495 1495 0 1368 1368 0 1491 1491 0 1494 1494 0 1490 1490 0 1367 1367 0 1369 1369 0 1493 1493 0 1493 1493 0 1369 1369 0 1496 1496 0 1368 1368 0 1495 1495 0 1370 1370 0 1495 1495 0 1497 1497 0 1370 1370 0 1369 1369 0 1498 1498 0 1496 1496 0 1371 1371 0 1498 1498 0 1369 1369 0 1498 1498 0 1371 1371 0 1372 1372 0 1499 1499 0 1498 1498 0 1372 1372 0 1373 1373 0 1500 1500 0 1501 1501 0 1374 1374 0 1373 1373 0 1501 1501 0 1497 1497 0 1373 1373 0 1370 1370 0 1500 1500 0 1373 1373 0 1497 1497 0 1372 1372 0 1375 1375 0 1499 1499 0 1499 1499 0 1375 1375 0 1502 1502 0 1374 1374 0 1501 1501 0 1376 1376 0 1501 1501 0 1503 1503 0 1376 1376 0 1375 1375 0 1377 1377 0 1502 1502 0 1502 1502 0 1377 1377 0 1504 1504 0 1376 1376 0 1503 1503 0 1378 1378 0 1503 1503 0 1505 1505 0 1378 1378 0 1377 1377 0 1379 1379 0 1504 1504 0 1504 1504 0 1379 1379 0 1506 1506 0 1378 1378 0 1505 1505 0 1380 1380 0 1505 1505 0 1507 1507 0 1380 1380 0 1379 1379 0 1381 1381 0 1506 1506 0 1506 1506 0 1381 1381 0 1508 1508 0 1380 1380 0 1507 1507 0 1382 1382 0 1507 1507 0 1509 1509 0 1382 1382 0 1381 1381 0 1383 1383 0 1508 1508 0 1508 1508 0 1383 1383 0 1510 1510 0 1382 1382 0 1509 1509 0 1385 1385 0 1509 1509 0 1511 1511 0 1385 1385 0 1383 1383 0 1386 1386 0 1510 1510 0 1510 1510 0 1386 1386 0 1512 1512 0 1385 1385 0 1511 1511 0 1387 1387 0 1511 1511 0 1513 1513 0 1387 1387 0 1386 1386 0 1388 1388 0 1512 1512 0 1512 1512 0 1388 1388 0 1514 1514 0 1387 1387 0 1513 1513 0 1389 1389 0 1513 1513 0 1515 1515 0 1389 1389 0 1388 1388 0 1390 1390 0 1514 1514 0 1514 1514 0 1390 1390 0 1516 1516 0 1389 1389 0 1515 1515 0 1391 1391 0 1515 1515 0 1517 1517 0 1391 1391 0 1390 1390 0 1392 1392 0 1516 1516 0 1516 1516 0 1392 1392 0 1518 1518 0 1519 1519 0 1520 1520 0 1393 1393 0 1519 1519 0 1393 1393 0 1517 1517 0 1517 1517 0 1393 1393 0 1391 1391 0 1519 1519 0 1521 1521 0 1520 1520 0 1394 1394 0 1523 1523 0 1522 1522 0 1395 1395 0 1523 1523 0 1394 1394 0 1518 1518 0 1392 1392 0 1394 1394 0 1522 1522 0 1518 1518 0 1394 1394 0 1393 1393 0 1520 1520 0 1396 1396 0 1520 1520 0 1397 1397 0 1396 1396 0 1520 1520 0 1521 1521 0 1397 1397 0 1521 1521 0 1524 1524 0 1397 1397 0 1395 1395 0 1398 1398 0 1523 1523 0 1523 1523 0 1398 1398 0 1525 1525 0 1397 1397 0 1524 1524 0 1526 1526 0 1399 1399 0 1397 1397 0 1526 1526 0 1526 1526 0 1401 1401 0 1399 1399 0 1527 1527 0 1401 1401 0 1526 1526 0 1402 1402 0 1529 1529 0 1528 1528 0 1403 1403 0 1529 1529 0 1402 1402 0 1525 1525 0 1398 1398 0 1402 1402 0 1528 1528 0 1525 1525 0 1402 1402 0 1401 1401 0 1527 1527 0 1404 1404 0 1527 1527 0 1530 1530 0 1404 1404 0 1405 1405 0 1406 1406 0 1531 1531 0 1405 1405 0 1531 1531 0 1532 1532 0 1405 1405 0 1532 1532 0 1403 1403 0 1403 1403 0 1532 1532 0 1529 1529 0 1404 1404 0 1530 1530 0 1533 1533 0 1407 1407 0 1404 1404 0 1533 1533 0 1533 1533 0 1408 1408 0 1407 1407 0 1534 1534 0 1408 1408 0 1533 1533 0 1531 1531 0 1536 1536 0 1535 1535 0 1531 1531 0 1406 1406 0 1536 1536 0 1406 1406 0 1409 1409 0 1536 1536 0 1532 1532 0 1531 1531 0 1535 1535 0 1408 1408 0 1534 1534 0 1537 1537 0 1410 1410 0 1408 1408 0 1537 1537 0 1537 1537 0 1411 1411 0 1410 1410 0 1538 1538 0 1411 1411 0 1537 1537 0 1412 1412 0 1540 1540 0 1539 1539 0 1413 1413 0 1540 1540 0 1412 1412 0 1536 1536 0 1409 1409 0 1412 1412 0 1539 1539 0 1536 1536 0 1412 1412 0 1411 1411 0 1538 1538 0 1541 1541 0 1414 1414 0 1411 1411 0 1541 1541 0 1415 1415 0 1542 1542 0 1543 1543 0 1415 1415 0 1414 1414 0 1542 1542 0 1414 1414 0 1541 1541 0 1542 1542 0 1542 1542 0 1544 1544 0 1543 1543 0 1416 1416 0 1546 1546 0 1545 1545 0 1417 1417 0 1546 1546 0 1416 1416 0 1540 1540 0 1413 1413 0 1416 1416 0 1545 1545 0 1540 1540 0 1416 1416 0 1415 1415 0 1543 1543 0 1418 1418 0 1543 1543 0 1544 1544 0 1547 1547 0 1543 1543 0 1547 1547 0 1418 1418 0 1418 1418 0 1547 1547 0 1419 1419 0 1547 1547 0 1420 1420 0 1419 1419 0 1548 1548 0 1420 1420 0 1547 1547 0 1421 1421 0 1550 1550 0 1549 1549 0 1422 1422 0 1550 1550 0 1421 1421 0 1423 1423 0 1421 1421 0 1551 1551 0 1421 1421 0 1549 1549 0 1551 1551 0 1546 1546 0 1417 1417 0 1423 1423 0 1551 1551 0 1546 1546 0 1423 1423 0 1420 1420 0 1548 1548 0 1552 1552 0 1424 1424 0 1420 1420 0 1552 1552 0 1425 1425 0 1424 1424 0 1553 1553 0 1424 1424 0 1552 1552 0 1553 1553 0 1553 1553 0 1426 1426 0 1425 1425 0 1554 1554 0 1426 1426 0 1553 1553 0 1427 1427 0 1556 1556 0 1555 1555 0 1428 1428 0 1556 1556 0 1427 1427 0 1429 1429 0 1427 1427 0 1557 1557 0 1427 1427 0 1555 1555 0 1557 1557 0 1550 1550 0 1422 1422 0 1429 1429 0 1557 1557 0 1550 1550 0 1429 1429 0 1426 1426 0 1554 1554 0 1558 1558 0 1430 1430 0 1426 1426 0 1558 1558 0 1431 1431 0 1430 1430 0 1559 1559 0 1430 1430 0 1558 1558 0 1559 1559 0 1432 1432 0 1431 1431 0 1560 1560 0 1431 1431 0 1559 1559 0 1560 1560 0 1433 1433 0 1432 1432 0 1561 1561 0 1432 1432 0 1560 1560 0 1561 1561 0 1434 1434 0 1433 1433 0 1562 1562 0 1433 1433 0 1561 1561 0 1562 1562 0 1436 1436 0 1434 1434 0 1563 1563 0 1434 1434 0 1562 1562 0 1563 1563 0 1438 1438 0 1436 1436 0 1564 1564 0 1436 1436 0 1563 1563 0 1564 1564 0 1439 1439 0 1438 1438 0 1565 1565 0 1438 1438 0 1564 1564 0 1565 1565 0 1440 1440 0 1439 1439 0 1566 1566 0 1439 1439 0 1565 1565 0 1566 1566 0 1441 1441 0 1440 1440 0 1567 1567 0 1440 1440 0 1566 1566 0 1567 1567 0 1556 1556 0 1428 1428 0 1441 1441 0 1567 1567 0 1556 1556 0 1441 1441 0 1443 1443 0 1568 1568 0 1444 1444 0 1443 1443 0 1445 1445 0 1569 1569 0 1568 1568 0 1443 1443 0 1569 1569 0 1445 1445 0 1446 1446 0 1570 1570 0 1569 1569 0 1445 1445 0 1570 1570 0 1446 1446 0 1447 1447 0 1570 1570 0 1451 1451 0 1571 1571 0 1452 1452 0 1573 1573 0 1571 1571 0 1451 1451 0 1573 1573 0 1451 1451 0 1572 1572 0 1572 1572 0 1451 1451 0 1453 1453 0 1454 1454 0 1574 1574 0 1453 1453 0 1453 1453 0 1574 1574 0 1572 1572 0 1568 1568 0 1454 1454 0 1444 1444 0 1568 1568 0 1575 1575 0 1454 1454 0 1575 1575 0 1574 1574 0 1454 1454 0 1569 1569 0 1575 1575 0 1568 1568 0 1576 1576 0 1575 1575 0 1569 1569 0 1570 1570 0 1576 1576 0 1569 1569 0 1577 1577 0 1576 1576 0 1570 1570 0 1447 1447 0 1577 1577 0 1570 1570 0 1447 1447 0 1455 1455 0 1577 1577 0 1455 1455 0 1578 1578 0 1577 1577 0 1456 1456 0 1579 1579 0 1455 1455 0 1455 1455 0 1579 1579 0 1578 1578 0 1581 1581 0 1580 1580 0 1579 1579 0 1581 1581 0 1579 1579 0 1457 1457 0 1457 1457 0 1579 1579 0 1456 1456 0 1457 1457 0 1458 1458 0 1581 1581 0 1461 1461 0 1582 1582 0 1462 1462 0 1584 1584 0 1582 1582 0 1461 1461 0 1584 1584 0 1461 1461 0 1583 1583 0 1583 1583 0 1461 1461 0 1463 1463 0 1571 1571 0 1463 1463 0 1452 1452 0 1571 1571 0 1585 1585 0 1463 1463 0 1585 1585 0 1583 1583 0 1463 1463 0 1573 1573 0 1585 1585 0 1571 1571 0 1581 1581 0 1586 1586 0 1580 1580 0 1458 1458 0 1586 1586 0 1581 1581 0 1458 1458 0 1464 1464 0 1586 1586 0 1464 1464 0 1587 1587 0 1586 1586 0 1589 1589 0 1588 1588 0 1587 1587 0 1589 1589 0 1587 1587 0 1465 1465 0 1465 1465 0 1587 1587 0 1464 1464 0 1465 1465 0 1466 1466 0 1589 1589 0 1468 1468 0 1590 1590 0 1591 1591 0 1469 1469 0 1468 1468 0 1591 1591 0 1470 1470 0 1592 1592 0 1468 1468 0 1468 1468 0 1592 1592 0 1590 1590 0 1582 1582 0 1470 1470 0 1462 1462 0 1582 1582 0 1593 1593 0 1470 1470 0 1593 1593 0 1592 1592 0 1470 1470 0 1584 1584 0 1593 1593 0 1582 1582 0 1589 1589 0 1594 1594 0 1588 1588 0 1466 1466 0 1594 1594 0 1589 1589 0 1466 1466 0 1471 1471 0 1594 1594 0 1471 1471 0 1595 1595 0 1594 1594 0 1597 1597 0 1596 1596 0 1595 1595 0 1597 1597 0 1595 1595 0 1472 1472 0 1472 1472 0 1595 1595 0 1471 1471 0 1472 1472 0 1473 1473 0 1597 1597 0 1474 1474 0 1598 1598 0 1475 1475 0 1600 1600 0 1598 1598 0 1474 1474 0 1600 1600 0 1474 1474 0 1599 1599 0 1599 1599 0 1474 1474 0 1476 1476 0 1591 1591 0 1476 1476 0 1469 1469 0 1599 1599 0 1476 1476 0 1591 1591 0 1597 1597 0 1601 1601 0 1596 1596 0 1473 1473 0 1601 1601 0 1597 1597 0 1473 1473 0 1477 1477 0 1601 1601 0 1477 1477 0 1602 1602 0 1601 1601 0 1602 1602 0 1477 1477 0 1478 1478 0 1603 1603 0 1602 1602 0 1478 1478 0 1479 1479 0 1604 1604 0 1480 1480 0 1479 1479 0 1606 1606 0 1604 1604 0 1475 1475 0 1606 1606 0 1479 1479 0 1475 1475 0 1605 1605 0 1606 1606 0 1475 1475 0 1598 1598 0 1605 1605 0 1600 1600 0 1605 1605 0 1598 1598 0 1478 1478 0 1607 1607 0 1603 1603 0 1481 1481 0 1607 1607 0 1478 1478 0 1607 1607 0 1481 1481 0 1482 1482 0 1608 1608 0 1607 1607 0 1482 1482 0 1604 1604 0 1609 1609 0 1610 1610 0 1604 1604 0 1610 1610 0 1480 1480 0 1480 1480 0 1610 1610 0 1484 1484 0 1606 1606 0 1609 1609 0 1604 1604 0 1612 1612 0 1482 1482 0 1485 1485 0 1612 1612 0 1611 1611 0 1482 1482 0 1611 1611 0 1608 1608 0 1482 1482 0 1485 1485 0 1486 1486 0 1612 1612 0 1487 1487 0 1613 1613 0 1614 1614 0 1488 1488 0 1487 1487 0 1614 1614 0 1610 1610 0 1487 1487 0 1484 1484 0 1613 1613 0 1487 1487 0 1610 1610 0 1612 1612 0 1615 1615 0 1611 1611 0 1615 1615 0 1612 1612 0 1486 1486 0 1615 1615 0 1486 1486 0 1616 1616 0 1616 1616 0 1486 1486 0 1489 1489 0 1488 1488 0 1614 1614 0 1491 1491 0 1614 1614 0 1617 1617 0 1491 1491 0 1489 1489 0 1618 1618 0 1616 1616 0 1492 1492 0 1618 1618 0 1489 1489 0 1618 1618 0 1492 1492 0 1493 1493 0 1619 1619 0 1618 1618 0 1493 1493 0 1494 1494 0 1620 1620 0 1621 1621 0 1495 1495 0 1494 1494 0 1621 1621 0 1617 1617 0 1494 1494 0 1491 1491 0 1620 1620 0 1494 1494 0 1617 1617 0 1493 1493 0 1496 1496 0 1619 1619 0 1619 1619 0 1496 1496 0 1622 1622 0 1495 1495 0 1621 1621 0 1497 1497 0 1621 1621 0 1623 1623 0 1497 1497 0 1625 1625 0 1496 1496 0 1498 1498 0 1625 1625 0 1624 1624 0 1496 1496 0 1624 1624 0 1622 1622 0 1496 1496 0 1498 1498 0 1499 1499 0 1625 1625 0 1500 1500 0 1626 1626 0 1501 1501 0 1500 1500 0 1627 1627 0 1626 1626 0 1500 1500 0 1497 1497 0 1627 1627 0 1497 1497 0 1623 1623 0 1627 1627 0 1625 1625 0 1628 1628 0 1624 1624 0 1628 1628 0 1625 1625 0 1499 1499 0 1628 1628 0 1499 1499 0 1629 1629 0 1629 1629 0 1499 1499 0 1502 1502 0 1626 1626 0 1630 1630 0 1503 1503 0 1501 1501 0 1626 1626 0 1503 1503 0 1631 1631 0 1626 1626 0 1627 1627 0 1630 1630 0 1626 1626 0 1631 1631 0 1502 1502 0 1504 1504 0 1629 1629 0 1629 1629 0 1504 1504 0 1632 1632 0 1630 1630 0 1633 1633 0 1634 1634 0 1630 1630 0 1634 1634 0 1503 1503 0 1503 1503 0 1634 1634 0 1505 1505 0 1631 1631 0 1633 1633 0 1630 1630 0 1504 1504 0 1506 1506 0 1632 1632 0 1632 1632 0 1506 1506 0 1635 1635 0 1505 1505 0 1634 1634 0 1507 1507 0 1634 1634 0 1636 1636 0 1507 1507 0 1506 1506 0 1508 1508 0 1635 1635 0 1635 1635 0 1508 1508 0 1637 1637 0 1507 1507 0 1636 1636 0 1509 1509 0 1636 1636 0 1638 1638 0 1509 1509 0 1508 1508 0 1510 1510 0 1637 1637 0 1637 1637 0 1510 1510 0 1639 1639 0 1509 1509 0 1638 1638 0 1511 1511 0 1638 1638 0 1640 1640 0 1511 1511 0 1510 1510 0 1512 1512 0 1639 1639 0 1639 1639 0 1512 1512 0 1641 1641 0 1511 1511 0 1640 1640 0 1513 1513 0 1640 1640 0 1642 1642 0 1513 1513 0 1512 1512 0 1514 1514 0 1641 1641 0 1641 1641 0 1514 1514 0 1643 1643 0 1644 1644 0 1645 1645 0 1515 1515 0 1644 1644 0 1515 1515 0 1642 1642 0 1642 1642 0 1515 1515 0 1513 1513 0 1644 1644 0 1646 1646 0 1645 1645 0 1514 1514 0 1516 1516 0 1643 1643 0 1643 1643 0 1516 1516 0 1647 1647 0 1645 1645 0 1648 1648 0 1517 1517 0 1515 1515 0 1645 1645 0 1517 1517 0 1649 1649 0 1645 1645 0 1646 1646 0 1648 1648 0 1645 1645 0 1649 1649 0 1652 1652 0 1651 1651 0 1650 1650 0 1652 1652 0 1650 1650 0 1647 1647 0 1652 1652 0 1647 1647 0 1518 1518 0 1518 1518 0 1647 1647 0 1516 1516 0 1517 1517 0 1648 1648 0 1519 1519 0 1648 1648 0 1521 1521 0 1519 1519 0 1648 1648 0 1649 1649 0 1521 1521 0 1649 1649 0 1653 1653 0 1521 1521 0 1522 1522 0 1651 1651 0 1652 1652 0 1522 1522 0 1523 1523 0 1651 1651 0 1523 1523 0 1654 1654 0 1651 1651 0 1518 1518 0 1522 1522 0 1652 1652 0 1655 1655 0 1656 1656 0 1524 1524 0 1655 1655 0 1524 1524 0 1653 1653 0 1653 1653 0 1524 1524 0 1521 1521 0 1655 1655 0 1657 1657 0 1656 1656 0 1523 1523 0 1525 1525 0 1654 1654 0 1654 1654 0 1525 1525 0 1658 1658 0 1524 1524 0 1656 1656 0 1526 1526 0 1656 1656 0 1527 1527 0 1526 1526 0 1656 1656 0 1657 1657 0 1527 1527 0 1657 1657 0 1659 1659 0 1527 1527 0 1528 1528 0 1661 1661 0 1660 1660 0 1529 1529 0 1661 1661 0 1528 1528 0 1658 1658 0 1525 1525 0 1528 1528 0 1660 1660 0 1658 1658 0 1528 1528 0 1662 1662 0 1663 1663 0 1530 1530 0 1662 1662 0 1530 1530 0 1659 1659 0 1659 1659 0 1530 1530 0 1527 1527 0 1662 1662 0 1664 1664 0 1663 1663 0 1667 1667 0 1666 1666 0 1665 1665 0 1667 1667 0 1665 1665 0 1661 1661 0 1667 1667 0 1661 1661 0 1532 1532 0 1532 1532 0 1661 1661 0 1529 1529 0 1530 1530 0 1663 1663 0 1533 1533 0 1534 1534 0 1668 1668 0 1669 1669 0 1533 1533 0 1668 1668 0 1534 1534 0 1533 1533 0 1664 1664 0 1668 1668 0 1533 1533 0 1663 1663 0 1664 1664 0 1668 1668 0 1670 1670 0 1669 1669 0 1535 1535 0 1666 1666 0 1667 1667 0 1535 1535 0 1536 1536 0 1666 1666 0 1536 1536 0 1671 1671 0 1666 1666 0 1532 1532 0 1535 1535 0 1667 1667 0 1534 1534 0 1669 1669 0 1537 1537 0 1669 1669 0 1538 1538 0 1537 1537 0 1669 1669 0 1670 1670 0 1538 1538 0 1670 1670 0 1672 1672 0 1538 1538 0 1539 1539 0 1674 1674 0 1673 1673 0 1540 1540 0 1674 1674 0 1539 1539 0 1671 1671 0 1536 1536 0 1539 1539 0 1673 1673 0 1671 1671 0 1539 1539 0 1538 1538 0 1672 1672 0 1675 1675 0 1541 1541 0 1538 1538 0 1675 1675 0 1542 1542 0 1541 1541 0 1676 1676 0 1541 1541 0 1675 1675 0 1676 1676 0 1676 1676 0 1544 1544 0 1542 1542 0 1677 1677 0 1544 1544 0 1676 1676 0 1545 1545 0 1679 1679 0 1678 1678 0 1546 1546 0 1679 1679 0 1545 1545 0 1674 1674 0 1540 1540 0 1545 1545 0 1678 1678 0 1674 1674 0 1545 1545 0 1544 1544 0 1677 1677 0 1680 1680 0 1547 1547 0 1544 1544 0 1680 1680 0 1680 1680 0 1548 1548 0 1547 1547 0 1681 1681 0 1548 1548 0 1680 1680 0 1549 1549 0 1683 1683 0 1682 1682 0 1550 1550 0 1683 1683 0 1549 1549 0 1551 1551 0 1549 1549 0 1684 1684 0 1549 1549 0 1682 1682 0 1684 1684 0 1679 1679 0 1546 1546 0 1551 1551 0 1684 1684 0 1679 1679 0 1551 1551 0 1548 1548 0 1681 1681 0 1685 1685 0 1552 1552 0 1548 1548 0 1685 1685 0 1553 1553 0 1552 1552 0 1686 1686 0 1552 1552 0 1685 1685 0 1686 1686 0 1554 1554 0 1687 1687 0 1688 1688 0 1554 1554 0 1553 1553 0 1687 1687 0 1553 1553 0 1686 1686 0 1687 1687 0 1687 1687 0 1689 1689 0 1688 1688 0 1692 1692 0 1691 1691 0 1690 1690 0 1692 1692 0 1555 1555 0 1556 1556 0 1692 1692 0 1690 1690 0 1555 1555 0 1690 1690 0 1693 1693 0 1555 1555 0 1557 1557 0 1555 1555 0 1694 1694 0 1555 1555 0 1693 1693 0 1694 1694 0 1683 1683 0 1550 1550 0 1557 1557 0 1694 1694 0 1683 1683 0 1557 1557 0 1554 1554 0 1688 1688 0 1558 1558 0 1688 1688 0 1689 1689 0 1695 1695 0 1688 1688 0 1695 1695 0 1558 1558 0 1558 1558 0 1695 1695 0 1559 1559 0 1560 1560 0 1559 1559 0 1696 1696 0 1559 1559 0 1695 1695 0 1696 1696 0 1561 1561 0 1560 1560 0 1697 1697 0 1560 1560 0 1696 1696 0 1697 1697 0 1562 1562 0 1561 1561 0 1698 1698 0 1561 1561 0 1697 1697 0 1698 1698 0 1563 1563 0 1562 1562 0 1699 1699 0 1562 1562 0 1698 1698 0 1699 1699 0 1564 1564 0 1563 1563 0 1700 1700 0 1563 1563 0 1699 1699 0 1700 1700 0 1565 1565 0 1564 1564 0 1701 1701 0 1564 1564 0 1700 1700 0 1701 1701 0 1566 1566 0 1565 1565 0 1702 1702 0 1565 1565 0 1701 1701 0 1702 1702 0 1691 1691 0 1692 1692 0 1567 1567 0 1691 1691 0 1567 1567 0 1702 1702 0 1702 1702 0 1567 1567 0 1566 1566 0 1556 1556 0 1567 1567 0 1692 1692 0 1572 1572 0 1703 1703 0 1573 1573 0 1572 1572 0 1574 1574 0 1704 1704 0 1703 1703 0 1572 1572 0 1704 1704 0 1574 1574 0 1575 1575 0 1705 1705 0 1704 1704 0 1574 1574 0 1705 1705 0 1575 1575 0 1576 1576 0 1706 1706 0 1705 1705 0 1575 1575 0 1706 1706 0 1576 1576 0 1577 1577 0 1707 1707 0 1706 1706 0 1576 1576 0 1707 1707 0 1577 1577 0 1578 1578 0 1708 1708 0 1707 1707 0 1577 1577 0 1708 1708 0 1578 1578 0 1579 1579 0 1709 1709 0 1708 1708 0 1578 1578 0 1709 1709 0 1579 1579 0 1580 1580 0 1709 1709 0 1583 1583 0 1710 1710 0 1711 1711 0 1584 1584 0 1583 1583 0 1711 1711 0 1585 1585 0 1712 1712 0 1583 1583 0 1583 1583 0 1712 1712 0 1710 1710 0 1703 1703 0 1585 1585 0 1573 1573 0 1703 1703 0 1713 1713 0 1585 1585 0 1713 1713 0 1712 1712 0 1585 1585 0 1704 1704 0 1713 1713 0 1703 1703 0 1714 1714 0 1713 1713 0 1704 1704 0 1705 1705 0 1714 1714 0 1704 1704 0 1715 1715 0 1714 1714 0 1705 1705 0 1706 1706 0 1715 1715 0 1705 1705 0 1716 1716 0 1715 1715 0 1706 1706 0 1707 1707 0 1716 1716 0 1706 1706 0 1717 1717 0 1716 1716 0 1707 1707 0 1708 1708 0 1717 1717 0 1707 1707 0 1718 1718 0 1717 1717 0 1708 1708 0 1709 1709 0 1718 1718 0 1708 1708 0 1719 1719 0 1718 1718 0 1709 1709 0 1580 1580 0 1719 1719 0 1709 1709 0 1580 1580 0 1586 1586 0 1719 1719 0 1586 1586 0 1720 1720 0 1719 1719 0 1722 1722 0 1721 1721 0 1720 1720 0 1722 1722 0 1720 1720 0 1587 1587 0 1587 1587 0 1720 1720 0 1586 1586 0 1587 1587 0 1588 1588 0 1722 1722 0 1590 1590 0 1723 1723 0 1591 1591 0 1725 1725 0 1723 1723 0 1590 1590 0 1725 1725 0 1590 1590 0 1724 1724 0 1724 1724 0 1590 1590 0 1592 1592 0 1593 1593 0 1726 1726 0 1592 1592 0 1592 1592 0 1726 1726 0 1724 1724 0 1711 1711 0 1593 1593 0 1584 1584 0 1726 1726 0 1593 1593 0 1711 1711 0 1722 1722 0 1727 1727 0 1721 1721 0 1588 1588 0 1727 1727 0 1722 1722 0 1588 1588 0 1594 1594 0 1727 1727 0 1594 1594 0 1728 1728 0 1727 1727 0 1730 1730 0 1729 1729 0 1728 1728 0 1730 1730 0 1728 1728 0 1595 1595 0 1595 1595 0 1728 1728 0 1594 1594 0 1595 1595 0 1596 1596 0 1730 1730 0 1599 1599 0 1731 1731 0 1600 1600 0 1599 1599 0 1733 1733 0 1731 1731 0 1591 1591 0 1733 1733 0 1599 1599 0 1591 1591 0 1732 1732 0 1733 1733 0 1591 1591 0 1723 1723 0 1732 1732 0 1725 1725 0 1732 1732 0 1723 1723 0 1730 1730 0 1734 1734 0 1729 1729 0 1596 1596 0 1734 1734 0 1730 1730 0 1596 1596 0 1601 1601 0 1734 1734 0 1601 1601 0 1735 1735 0 1734 1734 0 1737 1737 0 1736 1736 0 1735 1735 0 1737 1737 0 1735 1735 0 1602 1602 0 1602 1602 0 1735 1735 0 1601 1601 0 1602 1602 0 1603 1603 0 1737 1737 0 1605 1605 0 1738 1738 0 1739 1739 0 1606 1606 0 1605 1605 0 1739 1739 0 1731 1731 0 1605 1605 0 1600 1600 0 1731 1731 0 1740 1740 0 1605 1605 0 1740 1740 0 1738 1738 0 1605 1605 0 1733 1733 0 1740 1740 0 1731 1731 0 1737 1737 0 1741 1741 0 1736 1736 0 1743 1743 0 1742 1742 0 1741 1741 0 1607 1607 0 1743 1743 0 1741 1741 0 1607 1607 0 1741 1741 0 1737 1737 0 1607 1607 0 1737 1737 0 1603 1603 0 1607 1607 0 1608 1608 0 1743 1743 0 1609 1609 0 1744 1744 0 1745 1745 0 1610 1610 0 1609 1609 0 1745 1745 0 1739 1739 0 1609 1609 0 1606 1606 0 1744 1744 0 1609 1609 0 1739 1739 0 1743 1743 0 1746 1746 0 1742 1742 0 1746 1746 0 1743 1743 0 1608 1608 0 1746 1746 0 1608 1608 0 1747 1747 0 1747 1747 0 1608 1608 0 1611 1611 0 1613 1613 0 1748 1748 0 1614 1614 0 1613 1613 0 1749 1749 0 1748 1748 0 1613 1613 0 1610 1610 0 1749 1749 0 1610 1610 0 1745 1745 0 1749 1749 0 1611 1611 0 1750 1750 0 1747 1747 0 1615 1615 0 1750 1750 0 1611 1611 0 1750 1750 0 1615 1615 0 1616 1616 0 1751 1751 0 1750 1750 0 1616 1616 0 1748 1748 0 1752 1752 0 1753 1753 0 1748 1748 0 1753 1753 0 1614 1614 0 1614 1614 0 1753 1753 0 1617 1617 0 1749 1749 0 1752 1752 0 1748 1748 0 1755 1755 0 1616 1616 0 1618 1618 0 1755 1755 0 1754 1754 0 1616 1616 0 1754 1754 0 1751 1751 0 1616 1616 0 1618 1618 0 1619 1619 0 1755 1755 0 1620 1620 0 1756 1756 0 1621 1621 0 1620 1620 0 1757 1757 0 1756 1756 0 1620 1620 0 1617 1617 0 1757 1757 0 1617 1617 0 1753 1753 0 1757 1757 0 1755 1755 0 1758 1758 0 1754 1754 0 1758 1758 0 1755 1755 0 1619 1619 0 1758 1758 0 1619 1619 0 1759 1759 0 1759 1759 0 1619 1619 0 1622 1622 0 1756 1756 0 1760 1760 0 1761 1761 0 1756 1756 0 1761 1761 0 1621 1621 0 1621 1621 0 1761 1761 0 1623 1623 0 1757 1757 0 1760 1760 0 1756 1756 0 1622 1622 0 1624 1624 0 1759 1759 0 1759 1759 0 1624 1624 0 1762 1762 0 1623 1623 0 1761 1761 0 1627 1627 0 1761 1761 0 1763 1763 0 1627 1627 0 1765 1765 0 1624 1624 0 1628 1628 0 1765 1765 0 1764 1764 0 1624 1624 0 1764 1764 0 1762 1762 0 1624 1624 0 1628 1628 0 1629 1629 0 1765 1765 0 1627 1627 0 1763 1763 0 1631 1631 0 1763 1763 0 1766 1766 0 1631 1631 0 1765 1765 0 1767 1767 0 1764 1764 0 1767 1767 0 1765 1765 0 1629 1629 0 1767 1767 0 1629 1629 0 1768 1768 0 1768 1768 0 1629 1629 0 1632 1632 0 1633 1633 0 1769 1769 0 1634 1634 0 1633 1633 0 1770 1770 0 1769 1769 0 1633 1633 0 1631 1631 0 1770 1770 0 1631 1631 0 1766 1766 0 1770 1770 0 1632 1632 0 1635 1635 0 1768 1768 0 1768 1768 0 1635 1635 0 1771 1771 0 1769 1769 0 1772 1772 0 1636 1636 0 1634 1634 0 1769 1769 0 1636 1636 0 1773 1773 0 1769 1769 0 1770 1770 0 1772 1772 0 1769 1769 0 1773 1773 0 1635 1635 0 1637 1637 0 1771 1771 0 1771 1771 0 1637 1637 0 1774 1774 0 1772 1772 0 1775 1775 0 1638 1638 0 1636 1636 0 1772 1772 0 1638 1638 0 1776 1776 0 1772 1772 0 1773 1773 0 1775 1775 0 1772 1772 0 1776 1776 0 1637 1637 0 1639 1639 0 1774 1774 0 1774 1774 0 1639 1639 0 1777 1777 0 1775 1775 0 1778 1778 0 1640 1640 0 1638 1638 0 1775 1775 0 1640 1640 0 1779 1779 0 1775 1775 0 1776 1776 0 1778 1778 0 1775 1775 0 1779 1779 0 1639 1639 0 1641 1641 0 1777 1777 0 1777 1777 0 1641 1641 0 1780 1780 0 1778 1778 0 1781 1781 0 1642 1642 0 1640 1640 0 1778 1778 0 1642 1642 0 1782 1782 0 1778 1778 0 1779 1779 0 1781 1781 0 1778 1778 0 1782 1782 0 1641 1641 0 1643 1643 0 1780 1780 0 1780 1780 0 1643 1643 0 1783 1783 0 1642 1642 0 1781 1781 0 1644 1644 0 1781 1781 0 1646 1646 0 1644 1644 0 1781 1781 0 1782 1782 0 1646 1646 0 1782 1782 0 1784 1784 0 1646 1646 0 1787 1787 0 1786 1786 0 1785 1785 0 1787 1787 0 1785 1785 0 1783 1783 0 1787 1787 0 1783 1783 0 1647 1647 0 1647 1647 0 1783 1783 0 1643 1643 0 1646 1646 0 1784 1784 0 1649 1649 0 1784 1784 0 1788 1788 0 1649 1649 0 1650 1650 0 1786 1786 0 1787 1787 0 1650 1650 0 1651 1651 0 1786 1786 0 1651 1651 0 1789 1789 0 1786 1786 0 1647 1647 0 1650 1650 0 1787 1787 0 1790 1790 0 1791 1791 0 1653 1653 0 1790 1790 0 1653 1653 0 1788 1788 0 1788 1788 0 1653 1653 0 1649 1649 0 1790 1790 0 1792 1792 0 1791 1791 0 1651 1651 0 1654 1654 0 1789 1789 0 1789 1789 0 1654 1654 0 1793 1793 0 1653 1653 0 1791 1791 0 1655 1655 0 1791 1791 0 1657 1657 0 1655 1655 0 1791 1791 0 1792 1792 0 1657 1657 0 1792 1792 0 1794 1794 0 1657 1657 0 1797 1797 0 1796 1796 0 1795 1795 0 1797 1797 0 1795 1795 0 1793 1793 0 1797 1797 0 1793 1793 0 1658 1658 0 1658 1658 0 1793 1793 0 1654 1654 0 1657 1657 0 1794 1794 0 1659 1659 0 1794 1794 0 1798 1798 0 1659 1659 0 1660 1660 0 1796 1796 0 1797 1797 0 1660 1660 0 1661 1661 0 1796 1796 0 1661 1661 0 1799 1799 0 1796 1796 0 1658 1658 0 1660 1660 0 1797 1797 0 1659 1659 0 1798 1798 0 1800 1800 0 1662 1662 0 1659 1659 0 1800 1800 0 1800 1800 0 1664 1664 0 1662 1662 0 1801 1801 0 1664 1664 0 1800 1800 0 1665 1665 0 1803 1803 0 1802 1802 0 1666 1666 0 1803 1803 0 1665 1665 0 1799 1799 0 1661 1661 0 1665 1665 0 1802 1802 0 1799 1799 0 1665 1665 0 1664 1664 0 1801 1801 0 1804 1804 0 1668 1668 0 1664 1664 0 1804 1804 0 1804 1804 0 1670 1670 0 1668 1668 0 1805 1805 0 1670 1670 0 1804 1804 0 1808 1808 0 1807 1807 0 1806 1806 0 1808 1808 0 1806 1806 0 1803 1803 0 1808 1808 0 1803 1803 0 1671 1671 0 1671 1671 0 1803 1803 0 1666 1666 0 1809 1809 0 1810 1810 0 1672 1672 0 1809 1809 0 1672 1672 0 1805 1805 0 1805 1805 0 1672 1672 0 1670 1670 0 1809 1809 0 1811 1811 0 1810 1810 0 1814 1814 0 1813 1813 0 1812 1812 0 1807 1807 0 1814 1814 0 1812 1812 0 1808 1808 0 1814 1814 0 1807 1807 0 1808 1808 0 1674 1674 0 1814 1814 0 1808 1808 0 1673 1673 0 1674 1674 0 1671 1671 0 1673 1673 0 1808 1808 0 1672 1672 0 1810 1810 0 1675 1675 0 1810 1810 0 1811 1811 0 1815 1815 0 1810 1810 0 1815 1815 0 1675 1675 0 1675 1675 0 1815 1815 0 1676 1676 0 1815 1815 0 1677 1677 0 1676 1676 0 1816 1816 0 1677 1677 0 1815 1815 0 1819 1819 0 1818 1818 0 1817 1817 0 1813 1813 0 1819 1819 0 1817 1817 0 1814 1814 0 1819 1819 0 1813 1813 0 1814 1814 0 1679 1679 0 1819 1819 0 1814 1814 0 1678 1678 0 1679 1679 0 1674 1674 0 1678 1678 0 1814 1814 0 1677 1677 0 1816 1816 0 1820 1820 0 1680 1680 0 1677 1677 0 1820 1820 0 1681 1681 0 1821 1821 0 1822 1822 0 1681 1681 0 1680 1680 0 1821 1821 0 1680 1680 0 1820 1820 0 1821 1821 0 1821 1821 0 1823 1823 0 1822 1822 0 1682 1682 0 1825 1825 0 1824 1824 0 1683 1683 0 1825 1825 0 1682 1682 0 1818 1818 0 1819 1819 0 1684 1684 0 1818 1818 0 1684 1684 0 1824 1824 0 1824 1824 0 1684 1684 0 1682 1682 0 1679 1679 0 1684 1684 0 1819 1819 0 1681 1681 0 1822 1822 0 1685 1685 0 1822 1822 0 1823 1823 0 1826 1826 0 1822 1822 0 1826 1826 0 1685 1685 0 1685 1685 0 1826 1826 0 1686 1686 0 1687 1687 0 1686 1686 0 1827 1827 0 1686 1686 0 1826 1826 0 1827 1827 0 1827 1827 0 1689 1689 0 1687 1687 0 1828 1828 0 1689 1689 0 1827 1827 0 1690 1690 0 1830 1830 0 1829 1829 0 1691 1691 0 1830 1830 0 1690 1690 0 1693 1693 0 1690 1690 0 1831 1831 0 1690 1690 0 1829 1829 0 1831 1831 0 1694 1694 0 1693 1693 0 1832 1832 0 1693 1693 0 1831 1831 0 1832 1832 0 1825 1825 0 1683 1683 0 1694 1694 0 1832 1832 0 1825 1825 0 1694 1694 0 1689 1689 0 1828 1828 0 1833 1833 0 1695 1695 0 1689 1689 0 1833 1833 0 1696 1696 0 1695 1695 0 1834 1834 0 1695 1695 0 1833 1833 0 1834 1834 0 1697 1697 0 1696 1696 0 1835 1835 0 1696 1696 0 1834 1834 0 1835 1835 0 1698 1698 0 1697 1697 0 1836 1836 0 1697 1697 0 1835 1835 0 1836 1836 0 1699 1699 0 1698 1698 0 1837 1837 0 1698 1698 0 1836 1836 0 1837 1837 0 1700 1700 0 1699 1699 0 1838 1838 0 1699 1699 0 1837 1837 0 1838 1838 0 1701 1701 0 1700 1700 0 1839 1839 0 1700 1700 0 1838 1838 0 1839 1839 0 1702 1702 0 1701 1701 0 1840 1840 0 1701 1701 0 1839 1839 0 1840 1840 0 1830 1830 0 1691 1691 0 1702 1702 0 1840 1840 0 1830 1830 0 1702 1702 0 1710 1710 0 1841 1841 0 1711 1711 0 1710 1710 0 1712 1712 0 1842 1842 0 1841 1841 0 1710 1710 0 1842 1842 0 1712 1712 0 1713 1713 0 1843 1843 0 1842 1842 0 1712 1712 0 1843 1843 0 1845 1845 0 1843 1843 0 1713 1713 0 1845 1845 0 1713 1713 0 1844 1844 0 1844 1844 0 1713 1713 0 1714 1714 0 1715 1715 0 1846 1846 0 1714 1714 0 1714 1714 0 1846 1846 0 1844 1844 0 1716 1716 0 1847 1847 0 1715 1715 0 1715 1715 0 1847 1847 0 1846 1846 0 1717 1717 0 1848 1848 0 1716 1716 0 1716 1716 0 1848 1848 0 1847 1847 0 1718 1718 0 1849 1849 0 1717 1717 0 1717 1717 0 1849 1849 0 1848 1848 0 1851 1851 0 1850 1850 0 1849 1849 0 1851 1851 0 1849 1849 0 1719 1719 0 1719 1719 0 1849 1849 0 1718 1718 0 1719 1719 0 1720 1720 0 1852 1852 0 1851 1851 0 1719 1719 0 1852 1852 0 1720 1720 0 1721 1721 0 1852 1852 0 1724 1724 0 1853 1853 0 1725 1725 0 1855 1855 0 1853 1853 0 1724 1724 0 1855 1855 0 1724 1724 0 1854 1854 0 1854 1854 0 1724 1724 0 1726 1726 0 1841 1841 0 1726 1726 0 1711 1711 0 1841 1841 0 1856 1856 0 1726 1726 0 1856 1856 0 1854 1854 0 1726 1726 0 1842 1842 0 1856 1856 0 1841 1841 0 1857 1857 0 1856 1856 0 1842 1842 0 1843 1843 0 1857 1857 0 1842 1842 0 1858 1858 0 1857 1857 0 1843 1843 0 1845 1845 0 1858 1858 0 1843 1843 0 1851 1851 0 1859 1859 0 1850 1850 0 1852 1852 0 1859 1859 0 1851 1851 0 1860 1860 0 1859 1859 0 1852 1852 0 1721 1721 0 1860 1860 0 1852 1852 0 1721 1721 0 1727 1727 0 1860 1860 0 1727 1727 0 1861 1861 0 1860 1860 0 1728 1728 0 1862 1862 0 1727 1727 0 1727 1727 0 1862 1862 0 1861 1861 0 1862 1862 0 1728 1728 0 1729 1729 0 1863 1863 0 1862 1862 0 1729 1729 0 1732 1732 0 1864 1864 0 1865 1865 0 1733 1733 0 1732 1732 0 1865 1865 0 1853 1853 0 1732 1732 0 1725 1725 0 1853 1853 0 1866 1866 0 1732 1732 0 1866 1866 0 1864 1864 0 1732 1732 0 1855 1855 0 1866 1866 0 1853 1853 0 1729 1729 0 1867 1867 0 1863 1863 0 1734 1734 0 1867 1867 0 1729 1729 0 1869 1869 0 1868 1868 0 1867 1867 0 1869 1869 0 1867 1867 0 1735 1735 0 1735 1735 0 1867 1867 0 1734 1734 0 1735 1735 0 1736 1736 0 1869 1869 0 1738 1738 0 1870 1870 0 1739 1739 0 1872 1872 0 1870 1870 0 1738 1738 0 1872 1872 0 1738 1738 0 1871 1871 0 1871 1871 0 1738 1738 0 1740 1740 0 1865 1865 0 1740 1740 0 1733 1733 0 1871 1871 0 1740 1740 0 1865 1865 0 1869 1869 0 1873 1873 0 1868 1868 0 1736 1736 0 1873 1873 0 1869 1869 0 1736 1736 0 1741 1741 0 1873 1873 0 1741 1741 0 1874 1874 0 1873 1873 0 1874 1874 0 1741 1741 0 1742 1742 0 1875 1875 0 1874 1874 0 1742 1742 0 1744 1744 0 1876 1876 0 1745 1745 0 1744 1744 0 1878 1878 0 1876 1876 0 1739 1739 0 1878 1878 0 1744 1744 0 1739 1739 0 1877 1877 0 1878 1878 0 1739 1739 0 1870 1870 0 1877 1877 0 1872 1872 0 1877 1877 0 1870 1870 0 1880 1880 0 1742 1742 0 1746 1746 0 1880 1880 0 1879 1879 0 1742 1742 0 1879 1879 0 1875 1875 0 1742 1742 0 1746 1746 0 1747 1747 0 1880 1880 0 1876 1876 0 1881 1881 0 1882 1882 0 1876 1876 0 1882 1882 0 1745 1745 0 1745 1745 0 1882 1882 0 1749 1749 0 1878 1878 0 1881 1881 0 1876 1876 0 1880 1880 0 1883 1883 0 1879 1879 0 1885 1885 0 1884 1884 0 1883 1883 0 1750 1750 0 1885 1885 0 1883 1883 0 1750 1750 0 1883 1883 0 1880 1880 0 1750 1750 0 1880 1880 0 1747 1747 0 1750 1750 0 1751 1751 0 1885 1885 0 1752 1752 0 1886 1886 0 1753 1753 0 1752 1752 0 1887 1887 0 1886 1886 0 1752 1752 0 1749 1749 0 1887 1887 0 1749 1749 0 1882 1882 0 1887 1887 0 1885 1885 0 1888 1888 0 1884 1884 0 1888 1888 0 1885 1885 0 1751 1751 0 1888 1888 0 1751 1751 0 1889 1889 0 1889 1889 0 1751 1751 0 1754 1754 0 1886 1886 0 1890 1890 0 1891 1891 0 1886 1886 0 1891 1891 0 1753 1753 0 1753 1753 0 1891 1891 0 1757 1757 0 1887 1887 0 1890 1890 0 1886 1886 0 1754 1754 0 1892 1892 0 1889 1889 0 1758 1758 0 1892 1892 0 1754 1754 0 1892 1892 0 1758 1758 0 1759 1759 0 1893 1893 0 1892 1892 0 1759 1759 0 1760 1760 0 1894 1894 0 1761 1761 0 1760 1760 0 1895 1895 0 1894 1894 0 1760 1760 0 1757 1757 0 1895 1895 0 1757 1757 0 1891 1891 0 1895 1895 0 1759 1759 0 1762 1762 0 1893 1893 0 1893 1893 0 1762 1762 0 1896 1896 0 1894 1894 0 1897 1897 0 1898 1898 0 1894 1894 0 1898 1898 0 1761 1761 0 1761 1761 0 1898 1898 0 1763 1763 0 1895 1895 0 1897 1897 0 1894 1894 0 1762 1762 0 1764 1764 0 1896 1896 0 1896 1896 0 1764 1764 0 1899 1899 0 1763 1763 0 1898 1898 0 1766 1766 0 1898 1898 0 1900 1900 0 1766 1766 0 1902 1902 0 1764 1764 0 1767 1767 0 1902 1902 0 1901 1901 0 1764 1764 0 1901 1901 0 1899 1899 0 1764 1764 0 1767 1767 0 1768 1768 0 1902 1902 0 1766 1766 0 1900 1900 0 1770 1770 0 1900 1900 0 1903 1903 0 1770 1770 0 1902 1902 0 1904 1904 0 1901 1901 0 1904 1904 0 1902 1902 0 1768 1768 0 1904 1904 0 1768 1768 0 1905 1905 0 1905 1905 0 1768 1768 0 1771 1771 0 1770 1770 0 1903 1903 0 1773 1773 0 1903 1903 0 1906 1906 0 1773 1773 0 1771 1771 0 1774 1774 0 1905 1905 0 1905 1905 0 1774 1774 0 1907 1907 0 1773 1773 0 1906 1906 0 1776 1776 0 1906 1906 0 1908 1908 0 1776 1776 0 1774 1774 0 1777 1777 0 1907 1907 0 1907 1907 0 1777 1777 0 1909 1909 0 1776 1776 0 1908 1908 0 1779 1779 0 1908 1908 0 1910 1910 0 1779 1779 0 1777 1777 0 1780 1780 0 1909 1909 0 1909 1909 0 1780 1780 0 1911 1911 0 1779 1779 0 1910 1910 0 1782 1782 0 1910 1910 0 1912 1912 0 1782 1782 0 1915 1915 0 1914 1914 0 1913 1913 0 1915 1915 0 1913 1913 0 1911 1911 0 1915 1915 0 1911 1911 0 1783 1783 0 1783 1783 0 1911 1911 0 1780 1780 0 1782 1782 0 1912 1912 0 1784 1784 0 1912 1912 0 1916 1916 0 1784 1784 0 1785 1785 0 1914 1914 0 1915 1915 0 1785 1785 0 1786 1786 0 1914 1914 0 1786 1786 0 1917 1917 0 1914 1914 0 1783 1783 0 1785 1785 0 1915 1915 0 1918 1918 0 1919 1919 0 1788 1788 0 1918 1918 0 1788 1788 0 1916 1916 0 1916 1916 0 1788 1788 0 1784 1784 0 1918 1918 0 1920 1920 0 1919 1919 0 1786 1786 0 1789 1789 0 1917 1917 0 1917 1917 0 1789 1789 0 1921 1921 0 1788 1788 0 1919 1919 0 1790 1790 0 1919 1919 0 1792 1792 0 1790 1790 0 1919 1919 0 1920 1920 0 1792 1792 0 1920 1920 0 1922 1922 0 1792 1792 0 1789 1789 0 1793 1793 0 1921 1921 0 1921 1921 0 1793 1793 0 1923 1923 0 1792 1792 0 1922 1922 0 1794 1794 0 1922 1922 0 1924 1924 0 1794 1794 0 1795 1795 0 1926 1926 0 1925 1925 0 1796 1796 0 1926 1926 0 1795 1795 0 1923 1923 0 1793 1793 0 1795 1795 0 1925 1925 0 1923 1923 0 1795 1795 0 1927 1927 0 1928 1928 0 1798 1798 0 1927 1927 0 1798 1798 0 1924 1924 0 1924 1924 0 1798 1798 0 1794 1794 0 1927 1927 0 1929 1929 0 1928 1928 0 1932 1932 0 1931 1931 0 1930 1930 0 1932 1932 0 1930 1930 0 1926 1926 0 1932 1932 0 1926 1926 0 1799 1799 0 1799 1799 0 1926 1926 0 1796 1796 0 1798 1798 0 1928 1928 0 1800 1800 0 1801 1801 0 1933 1933 0 1934 1934 0 1800 1800 0 1933 1933 0 1801 1801 0 1800 1800 0 1929 1929 0 1933 1933 0 1800 1800 0 1928 1928 0 1929 1929 0 1933 1933 0 1935 1935 0 1934 1934 0 1802 1802 0 1931 1931 0 1932 1932 0 1802 1802 0 1803 1803 0 1931 1931 0 1803 1803 0 1936 1936 0 1931 1931 0 1799 1799 0 1802 1802 0 1932 1932 0 1801 1801 0 1934 1934 0 1804 1804 0 1805 1805 0 1937 1937 0 1938 1938 0 1804 1804 0 1937 1937 0 1805 1805 0 1804 1804 0 1935 1935 0 1937 1937 0 1804 1804 0 1934 1934 0 1935 1935 0 1937 1937 0 1939 1939 0 1938 1938 0 1806 1806 0 1941 1941 0 1940 1940 0 1807 1807 0 1941 1941 0 1806 1806 0 1936 1936 0 1803 1803 0 1806 1806 0 1940 1940 0 1936 1936 0 1806 1806 0 1805 1805 0 1938 1938 0 1809 1809 0 1811 1811 0 1942 1942 0 1943 1943 0 1809 1809 0 1942 1942 0 1811 1811 0 1809 1809 0 1939 1939 0 1942 1942 0 1809 1809 0 1938 1938 0 1939 1939 0 1942 1942 0 1944 1944 0 1943 1943 0 1812 1812 0 1946 1946 0 1945 1945 0 1813 1813 0 1946 1946 0 1812 1812 0 1941 1941 0 1807 1807 0 1812 1812 0 1945 1945 0 1941 1941 0 1812 1812 0 1811 1811 0 1943 1943 0 1815 1815 0 1816 1816 0 1947 1947 0 1948 1948 0 1815 1815 0 1947 1947 0 1816 1816 0 1815 1815 0 1944 1944 0 1947 1947 0 1815 1815 0 1943 1943 0 1944 1944 0 1947 1947 0 1949 1949 0 1948 1948 0 1817 1817 0 1951 1951 0 1950 1950 0 1818 1818 0 1951 1951 0 1817 1817 0 1946 1946 0 1813 1813 0 1817 1817 0 1950 1950 0 1946 1946 0 1817 1817 0 1816 1816 0 1948 1948 0 1820 1820 0 1948 1948 0 1949 1949 0 1952 1952 0 1948 1948 0 1952 1952 0 1820 1820 0 1820 1820 0 1952 1952 0 1821 1821 0 1952 1952 0 1823 1823 0 1821 1821 0 1953 1953 0 1823 1823 0 1952 1952 0 1956 1956 0 1955 1955 0 1954 1954 0 1956 1956 0 1824 1824 0 1825 1825 0 1956 1956 0 1954 1954 0 1824 1824 0 1954 1954 0 1957 1957 0 1824 1824 0 1951 1951 0 1818 1818 0 1824 1824 0 1957 1957 0 1951 1951 0 1824 1824 0 1823 1823 0 1953 1953 0 1958 1958 0 1826 1826 0 1823 1823 0 1958 1958 0 1827 1827 0 1826 1826 0 1959 1959 0 1826 1826 0 1958 1958 0 1959 1959 0 1828 1828 0 1960 1960 0 1961 1961 0 1828 1828 0 1827 1827 0 1960 1960 0 1827 1827 0 1959 1959 0 1960 1960 0 1961 1961 0 1962 1962 0 1963 1963 0 1960 1960 0 1962 1962 0 1961 1961 0 1962 1962 0 1964 1964 0 1963 1963 0 1967 1967 0 1966 1966 0 1965 1965 0 1967 1967 0 1829 1829 0 1830 1830 0 1967 1967 0 1965 1965 0 1829 1829 0 1965 1965 0 1968 1968 0 1829 1829 0 1831 1831 0 1829 1829 0 1969 1969 0 1829 1829 0 1968 1968 0 1969 1969 0 1955 1955 0 1956 1956 0 1832 1832 0 1955 1955 0 1832 1832 0 1969 1969 0 1969 1969 0 1832 1832 0 1831 1831 0 1825 1825 0 1832 1832 0 1956 1956 0 1828 1828 0 1961 1961 0 1833 1833 0 1834 1834 0 1833 1833 0 1961 1961 0 1963 1963 0 1834 1834 0 1961 1961 0 1963 1963 0 1964 1964 0 1970 1970 0 1963 1963 0 1970 1970 0 1834 1834 0 1834 1834 0 1970 1970 0 1835 1835 0 1836 1836 0 1835 1835 0 1971 1971 0 1835 1835 0 1970 1970 0 1971 1971 0 1837 1837 0 1836 1836 0 1972 1972 0 1836 1836 0 1971 1971 0 1972 1972 0 1838 1838 0 1837 1837 0 1973 1973 0 1837 1837 0 1972 1972 0 1973 1973 0 1839 1839 0 1838 1838 0 1974 1974 0 1838 1838 0 1973 1973 0 1974 1974 0 1966 1966 0 1967 1967 0 1840 1840 0 1966 1966 0 1840 1840 0 1974 1974 0 1974 1974 0 1840 1840 0 1839 1839 0 1830 1830 0 1840 1840 0 1967 1967 0 1844 1844 0 1975 1975 0 1845 1845 0 1844 1844 0 1846 1846 0 1976 1976 0 1975 1975 0 1844 1844 0 1976 1976 0 1846 1846 0 1847 1847 0 1977 1977 0 1976 1976 0 1846 1846 0 1977 1977 0 1847 1847 0 1848 1848 0 1978 1978 0 1977 1977 0 1847 1847 0 1978 1978 0 1848 1848 0 1849 1849 0 1979 1979 0 1978 1978 0 1848 1848 0 1979 1979 0 1849 1849 0 1850 1850 0 1979 1979 0 1854 1854 0 1980 1980 0 1855 1855 0 1982 1982 0 1980 1980 0 1854 1854 0 1982 1982 0 1854 1854 0 1981 1981 0 1981 1981 0 1854 1854 0 1856 1856 0 1857 1857 0 1983 1983 0 1856 1856 0 1856 1856 0 1983 1983 0 1981 1981 0 1858 1858 0 1984 1984 0 1857 1857 0 1857 1857 0 1984 1984 0 1983 1983 0 1975 1975 0 1858 1858 0 1845 1845 0 1975 1975 0 1985 1985 0 1858 1858 0 1985 1985 0 1984 1984 0 1858 1858 0 1976 1976 0 1985 1985 0 1975 1975 0 1986 1986 0 1985 1985 0 1976 1976 0 1977 1977 0 1986 1986 0 1976 1976 0 1987 1987 0 1986 1986 0 1977 1977 0 1978 1978 0 1987 1987 0 1977 1977 0 1988 1988 0 1987 1987 0 1978 1978 0 1979 1979 0 1988 1988 0 1978 1978 0 1989 1989 0 1988 1988 0 1979 1979 0 1850 1850 0 1989 1989 0 1979 1979 0 1850 1850 0 1859 1859 0 1989 1989 0 1859 1859 0 1990 1990 0 1989 1989 0 1860 1860 0 1991 1991 0 1859 1859 0 1859 1859 0 1991 1991 0 1990 1990 0 1861 1861 0 1992 1992 0 1860 1860 0 1860 1860 0 1992 1992 0 1991 1991 0 1994 1994 0 1993 1993 0 1992 1992 0 1994 1994 0 1992 1992 0 1862 1862 0 1862 1862 0 1992 1992 0 1861 1861 0 1862 1862 0 1863 1863 0 1994 1994 0 1864 1864 0 1995 1995 0 1865 1865 0 1997 1997 0 1995 1995 0 1864 1864 0 1997 1997 0 1864 1864 0 1996 1996 0 1996 1996 0 1864 1864 0 1866 1866 0 1980 1980 0 1866 1866 0 1855 1855 0 1980 1980 0 1998 1998 0 1866 1866 0 1998 1998 0 1996 1996 0 1866 1866 0 1982 1982 0 1998 1998 0 1980 1980 0 1994 1994 0 1999 1999 0 1993 1993 0 2001 2001 0 2000 2000 0 1999 1999 0 1867 1867 0 2001 2001 0 1999 1999 0 1867 1867 0 1999 1999 0 1994 1994 0 1867 1867 0 1994 1994 0 1863 1863 0 1867 1867 0 1868 1868 0 2001 2001 0 1871 1871 0 2002 2002 0 1872 1872 0 1871 1871 0 2004 2004 0 2002 2002 0 1865 1865 0 2004 2004 0 1871 1871 0 1865 1865 0 2003 2003 0 2004 2004 0 1865 1865 0 1995 1995 0 2003 2003 0 1997 1997 0 2003 2003 0 1995 1995 0 2001 2001 0 2005 2005 0 2000 2000 0 1868 1868 0 2005 2005 0 2001 2001 0 1868 1868 0 1873 1873 0 2005 2005 0 1873 1873 0 2006 2006 0 2005 2005 0 2008 2008 0 2007 2007 0 2006 2006 0 2008 2008 0 2006 2006 0 1874 1874 0 1874 1874 0 2006 2006 0 1873 1873 0 1874 1874 0 1875 1875 0 2008 2008 0 1877 1877 0 2009 2009 0 1878 1878 0 1877 1877 0 2011 2011 0 2009 2009 0 1872 1872 0 2011 2011 0 1877 1877 0 1872 1872 0 2010 2010 0 2011 2011 0 1872 1872 0 2002 2002 0 2010 2010 0 2004 2004 0 2010 2010 0 2002 2002 0 2008 2008 0 2012 2012 0 2007 2007 0 2012 2012 0 2008 2008 0 1875 1875 0 2012 2012 0 1875 1875 0 2013 2013 0 2013 2013 0 1875 1875 0 1879 1879 0 1881 1881 0 2014 2014 0 1882 1882 0 1881 1881 0 2016 2016 0 2014 2014 0 1878 1878 0 2016 2016 0 1881 1881 0 1878 1878 0 2015 2015 0 2016 2016 0 1878 1878 0 2009 2009 0 2015 2015 0 2011 2011 0 2015 2015 0 2009 2009 0 1879 1879 0 2017 2017 0 2013 2013 0 1883 1883 0 2017 2017 0 1879 1879 0 2017 2017 0 1883 1883 0 1884 1884 0 2018 2018 0 2017 2017 0 1884 1884 0 2014 2014 0 2019 2019 0 2020 2020 0 2014 2014 0 2020 2020 0 1882 1882 0 1882 1882 0 2020 2020 0 1887 1887 0 2016 2016 0 2019 2019 0 2014 2014 0 1884 1884 0 2021 2021 0 2018 2018 0 1888 1888 0 2021 2021 0 1884 1884 0 2021 2021 0 1888 1888 0 1889 1889 0 2022 2022 0 2021 2021 0 1889 1889 0 1890 1890 0 2023 2023 0 1891 1891 0 1890 1890 0 2024 2024 0 2023 2023 0 1890 1890 0 1887 1887 0 2024 2024 0 1887 1887 0 2020 2020 0 2024 2024 0 2026 2026 0 1889 1889 0 1892 1892 0 2026 2026 0 2025 2025 0 1889 1889 0 2025 2025 0 2022 2022 0 1889 1889 0 1892 1892 0 1893 1893 0 2026 2026 0 2023 2023 0 2027 2027 0 2028 2028 0 2023 2023 0 2028 2028 0 1891 1891 0 1891 1891 0 2028 2028 0 1895 1895 0 2024 2024 0 2027 2027 0 2023 2023 0 2026 2026 0 2029 2029 0 2025 2025 0 2029 2029 0 2026 2026 0 1893 1893 0 2029 2029 0 1893 1893 0 2030 2030 0 2030 2030 0 1893 1893 0 1896 1896 0 1897 1897 0 2031 2031 0 1898 1898 0 1897 1897 0 2032 2032 0 2031 2031 0 1897 1897 0 1895 1895 0 2032 2032 0 1895 1895 0 2028 2028 0 2032 2032 0 1896 1896 0 1899 1899 0 2030 2030 0 2030 2030 0 1899 1899 0 2033 2033 0 2031 2031 0 2034 2034 0 1900 1900 0 1898 1898 0 2031 2031 0 1900 1900 0 2035 2035 0 2031 2031 0 2032 2032 0 2034 2034 0 2031 2031 0 2035 2035 0 1899 1899 0 1901 1901 0 2033 2033 0 2033 2033 0 1901 1901 0 2036 2036 0 2034 2034 0 2037 2037 0 1903 1903 0 1900 1900 0 2034 2034 0 1903 1903 0 2038 2038 0 2034 2034 0 2035 2035 0 2037 2037 0 2034 2034 0 2038 2038 0 2040 2040 0 1901 1901 0 1904 1904 0 2040 2040 0 2039 2039 0 1901 1901 0 2039 2039 0 2036 2036 0 1901 1901 0 1904 1904 0 1905 1905 0 2040 2040 0 2037 2037 0 2041 2041 0 2042 2042 0 2037 2037 0 2042 2042 0 1903 1903 0 1903 1903 0 2042 2042 0 1906 1906 0 2038 2038 0 2041 2041 0 2037 2037 0 2044 2044 0 2039 2039 0 2040 2040 0 2043 2043 0 2039 2039 0 2044 2044 0 1905 1905 0 1907 1907 0 2044 2044 0 2040 2040 0 1905 1905 0 2044 2044 0 1906 1906 0 2042 2042 0 1908 1908 0 2042 2042 0 2045 2045 0 1908 1908 0 2047 2047 0 2043 2043 0 2044 2044 0 2046 2046 0 2043 2043 0 2047 2047 0 1907 1907 0 1909 1909 0 2047 2047 0 2044 2044 0 1907 1907 0 2047 2047 0 2048 2048 0 2049 2049 0 1910 1910 0 2048 2048 0 1910 1910 0 2045 2045 0 2045 2045 0 1910 1910 0 1908 1908 0 2048 2048 0 2050 2050 0 2049 2049 0 2052 2052 0 2046 2046 0 2047 2047 0 2051 2051 0 2046 2046 0 2052 2052 0 1909 1909 0 1911 1911 0 2052 2052 0 2047 2047 0 1909 1909 0 2052 2052 0 2049 2049 0 2053 2053 0 1912 1912 0 1910 1910 0 2049 2049 0 1912 1912 0 2054 2054 0 2049 2049 0 2050 2050 0 2053 2053 0 2049 2049 0 2054 2054 0 1913 1913 0 2051 2051 0 2052 2052 0 1913 1913 0 1914 1914 0 2051 2051 0 1914 1914 0 2055 2055 0 2051 2051 0 1911 1911 0 1913 1913 0 2052 2052 0 2053 2053 0 2056 2056 0 1916 1916 0 1912 1912 0 2053 2053 0 1916 1916 0 2057 2057 0 2053 2053 0 2054 2054 0 2056 2056 0 2053 2053 0 2057 2057 0 1914 1914 0 1917 1917 0 2055 2055 0 2055 2055 0 1917 1917 0 2058 2058 0 1916 1916 0 2056 2056 0 1918 1918 0 2056 2056 0 1920 1920 0 1918 1918 0 2056 2056 0 2057 2057 0 1920 1920 0 2057 2057 0 2059 2059 0 1920 1920 0 1917 1917 0 1921 1921 0 2058 2058 0 2058 2058 0 1921 1921 0 2060 2060 0 1920 1920 0 2059 2059 0 1922 1922 0 2059 2059 0 2061 2061 0 1922 1922 0 2064 2064 0 2063 2063 0 2062 2062 0 2064 2064 0 2062 2062 0 2060 2060 0 2064 2064 0 2060 2060 0 1923 1923 0 1923 1923 0 2060 2060 0 1921 1921 0 2065 2065 0 2066 2066 0 1924 1924 0 2065 2065 0 1924 1924 0 2061 2061 0 2061 2061 0 1924 1924 0 1922 1922 0 2065 2065 0 2067 2067 0 2066 2066 0 1925 1925 0 2063 2063 0 2064 2064 0 1925 1925 0 1926 1926 0 2063 2063 0 1926 1926 0 2068 2068 0 2063 2063 0 1923 1923 0 1925 1925 0 2064 2064 0 1924 1924 0 2066 2066 0 1927 1927 0 2066 2066 0 1929 1929 0 1927 1927 0 2066 2066 0 2067 2067 0 1929 1929 0 2067 2067 0 2069 2069 0 1929 1929 0 1930 1930 0 2071 2071 0 2070 2070 0 1931 1931 0 2071 2071 0 1930 1930 0 2068 2068 0 1926 1926 0 1930 1930 0 2070 2070 0 2068 2068 0 1930 1930 0 1929 1929 0 2069 2069 0 2072 2072 0 1933 1933 0 1929 1929 0 2072 2072 0 2072 2072 0 1935 1935 0 1933 1933 0 2073 2073 0 1935 1935 0 2072 2072 0 2076 2076 0 2075 2075 0 2074 2074 0 2076 2076 0 2074 2074 0 2071 2071 0 2076 2076 0 2071 2071 0 1936 1936 0 1936 1936 0 2071 2071 0 1931 1931 0 1935 1935 0 2073 2073 0 2077 2077 0 1937 1937 0 1935 1935 0 2077 2077 0 2077 2077 0 1939 1939 0 1937 1937 0 2078 2078 0 1939 1939 0 2077 2077 0 1940 1940 0 2075 2075 0 2076 2076 0 1940 1940 0 1941 1941 0 2075 2075 0 1941 1941 0 2079 2079 0 2075 2075 0 1936 1936 0 1940 1940 0 2076 2076 0 1939 1939 0 2078 2078 0 2080 2080 0 1942 1942 0 1939 1939 0 2080 2080 0 2080 2080 0 1944 1944 0 1942 1942 0 2081 2081 0 1944 1944 0 2080 2080 0 1945 1945 0 2083 2083 0 2082 2082 0 1946 1946 0 2083 2083 0 1945 1945 0 2079 2079 0 1941 1941 0 1945 1945 0 2082 2082 0 2079 2079 0 1945 1945 0 1944 1944 0 2081 2081 0 2084 2084 0 1947 1947 0 1944 1944 0 2084 2084 0 2084 2084 0 1949 1949 0 1947 1947 0 2085 2085 0 1949 1949 0 2084 2084 0 2088 2088 0 2087 2087 0 2086 2086 0 2088 2088 0 1950 1950 0 1951 1951 0 2088 2088 0 2086 2086 0 1950 1950 0 2086 2086 0 2089 2089 0 1950 1950 0 2083 2083 0 1946 1946 0 1950 1950 0 2089 2089 0 2083 2083 0 1950 1950 0 1949 1949 0 2085 2085 0 2090 2090 0 1952 1952 0 1949 1949 0 2090 2090 0 1953 1953 0 2091 2091 0 2092 2092 0 1953 1953 0 1952 1952 0 2091 2091 0 1952 1952 0 2090 2090 0 2091 2091 0 2091 2091 0 2093 2093 0 2092 2092 0 2096 2096 0 2095 2095 0 2094 2094 0 2096 2096 0 1954 1954 0 1955 1955 0 2096 2096 0 2094 2094 0 1954 1954 0 2094 2094 0 2097 2097 0 1954 1954 0 2087 2087 0 2088 2088 0 1957 1957 0 2087 2087 0 1957 1957 0 2097 2097 0 2097 2097 0 1957 1957 0 1954 1954 0 1951 1951 0 1957 1957 0 2088 2088 0 1953 1953 0 2092 2092 0 1958 1958 0 2092 2092 0 2093 2093 0 2098 2098 0 2092 2092 0 2098 2098 0 1958 1958 0 1958 1958 0 2098 2098 0 1959 1959 0 1960 1960 0 1959 1959 0 2099 2099 0 1959 1959 0 2098 2098 0 2099 2099 0 1962 1962 0 1960 1960 0 2100 2100 0 1960 1960 0 2099 2099 0 2100 2100 0 1964 1964 0 2101 2101 0 2102 2102 0 1964 1964 0 1962 1962 0 2101 2101 0 1962 1962 0 2100 2100 0 2101 2101 0 2102 2102 0 2103 2103 0 2104 2104 0 2101 2101 0 2103 2103 0 2102 2102 0 2104 2104 0 2105 2105 0 2106 2106 0 2103 2103 0 2105 2105 0 2104 2104 0 2106 2106 0 2107 2107 0 2108 2108 0 2105 2105 0 2107 2107 0 2106 2106 0 2108 2108 0 2109 2109 0 2110 2110 0 2107 2107 0 2109 2109 0 2108 2108 0 2110 2110 0 1965 1965 0 1966 1966 0 2110 2110 0 2109 2109 0 1965 1965 0 2109 2109 0 2111 2111 0 1965 1965 0 1968 1968 0 1965 1965 0 2112 2112 0 1965 1965 0 2111 2111 0 2112 2112 0 2095 2095 0 2096 2096 0 1969 1969 0 2095 2095 0 1969 1969 0 2112 2112 0 2112 2112 0 1969 1969 0 1968 1968 0 1955 1955 0 1969 1969 0 2096 2096 0 1964 1964 0 2102 2102 0 1970 1970 0 1971 1971 0 1970 1970 0 2102 2102 0 2104 2104 0 1971 1971 0 2102 2102 0 1972 1972 0 1971 1971 0 2104 2104 0 2106 2106 0 1972 1972 0 2104 2104 0 1973 1973 0 1972 1972 0 2106 2106 0 2108 2108 0 1973 1973 0 2106 2106 0 1974 1974 0 1973 1973 0 2108 2108 0 2110 2110 0 1974 1974 0 2108 2108 0 1966 1966 0 1974 1974 0 2110 2110 0 1981 1981 0 2113 2113 0 1982 1982 0 1981 1981 0 1983 1983 0 2114 2114 0 2113 2113 0 1981 1981 0 2114 2114 0 2116 2116 0 2114 2114 0 1983 1983 0 2116 2116 0 1983 1983 0 2115 2115 0 2115 2115 0 1983 1983 0 1984 1984 0 1985 1985 0 2117 2117 0 1984 1984 0 1984 1984 0 2117 2117 0 2115 2115 0 1986 1986 0 2118 2118 0 1985 1985 0 1985 1985 0 2118 2118 0 2117 2117 0 1987 1987 0 2119 2119 0 1986 1986 0 1986 1986 0 2119 2119 0 2118 2118 0 1988 1988 0 2120 2120 0 1987 1987 0 1987 1987 0 2120 2120 0 2119 2119 0 1989 1989 0 2121 2121 0 1988 1988 0 1988 1988 0 2121 2121 0 2120 2120 0 1990 1990 0 2122 2122 0 1989 1989 0 1989 1989 0 2122 2122 0 2121 2121 0 2124 2124 0 2123 2123 0 2122 2122 0 2124 2124 0 2122 2122 0 1991 1991 0 1991 1991 0 2122 2122 0 1990 1990 0 1991 1991 0 1992 1992 0 2125 2125 0 2124 2124 0 1991 1991 0 2125 2125 0 1992 1992 0 1993 1993 0 2125 2125 0 1996 1996 0 2126 2126 0 1997 1997 0 2128 2128 0 2126 2126 0 1996 1996 0 2128 2128 0 1996 1996 0 2127 2127 0 2127 2127 0 1996 1996 0 1998 1998 0 2113 2113 0 1998 1998 0 1982 1982 0 2113 2113 0 2129 2129 0 1998 1998 0 2129 2129 0 2127 2127 0 1998 1998 0 2114 2114 0 2129 2129 0 2113 2113 0 2130 2130 0 2129 2129 0 2114 2114 0 2116 2116 0 2130 2130 0 2114 2114 0 2124 2124 0 2131 2131 0 2123 2123 0 2125 2125 0 2131 2131 0 2124 2124 0 2132 2132 0 2131 2131 0 2125 2125 0 2134 2134 0 2133 2133 0 2132 2132 0 1999 1999 0 2134 2134 0 2132 2132 0 1999 1999 0 2132 2132 0 2125 2125 0 1999 1999 0 2125 2125 0 1993 1993 0 1999 1999 0 2000 2000 0 2134 2134 0 2003 2003 0 2135 2135 0 2004 2004 0 2003 2003 0 2137 2137 0 2135 2135 0 1997 1997 0 2137 2137 0 2003 2003 0 1997 1997 0 2136 2136 0 2137 2137 0 1997 1997 0 2126 2126 0 2136 2136 0 2128 2128 0 2136 2136 0 2126 2126 0 2134 2134 0 2138 2138 0 2133 2133 0 2000 2000 0 2138 2138 0 2134 2134 0 2000 2000 0 2005 2005 0 2138 2138 0 2005 2005 0 2139 2139 0 2138 2138 0 2141 2141 0 2140 2140 0 2139 2139 0 2141 2141 0 2139 2139 0 2006 2006 0 2006 2006 0 2139 2139 0 2005 2005 0 2006 2006 0 2007 2007 0 2141 2141 0 2010 2010 0 2142 2142 0 2011 2011 0 2010 2010 0 2144 2144 0 2142 2142 0 2004 2004 0 2144 2144 0 2010 2010 0 2004 2004 0 2143 2143 0 2144 2144 0 2004 2004 0 2135 2135 0 2143 2143 0 2137 2137 0 2143 2143 0 2135 2135 0 2141 2141 0 2145 2145 0 2140 2140 0 2147 2147 0 2146 2146 0 2145 2145 0 2012 2012 0 2147 2147 0 2145 2145 0 2012 2012 0 2145 2145 0 2141 2141 0 2012 2012 0 2141 2141 0 2007 2007 0 2012 2012 0 2013 2013 0 2147 2147 0 2015 2015 0 2148 2148 0 2016 2016 0 2015 2015 0 2150 2150 0 2148 2148 0 2011 2011 0 2150 2150 0 2015 2015 0 2011 2011 0 2149 2149 0 2150 2150 0 2011 2011 0 2142 2142 0 2149 2149 0 2144 2144 0 2149 2149 0 2142 2142 0 2147 2147 0 2151 2151 0 2146 2146 0 2153 2153 0 2152 2152 0 2151 2151 0 2017 2017 0 2153 2153 0 2151 2151 0 2017 2017 0 2151 2151 0 2147 2147 0 2017 2017 0 2147 2147 0 2013 2013 0 2017 2017 0 2018 2018 0 2153 2153 0 2019 2019 0 2154 2154 0 2020 2020 0 2019 2019 0 2156 2156 0 2154 2154 0 2016 2016 0 2156 2156 0 2019 2019 0 2016 2016 0 2155 2155 0 2156 2156 0 2016 2016 0 2148 2148 0 2155 2155 0 2150 2150 0 2155 2155 0 2148 2148 0 2153 2153 0 2157 2157 0 2152 2152 0 2159 2159 0 2158 2158 0 2157 2157 0 2021 2021 0 2159 2159 0 2157 2157 0 2021 2021 0 2157 2157 0 2153 2153 0 2021 2021 0 2153 2153 0 2018 2018 0 2021 2021 0 2022 2022 0 2159 2159 0 2154 2154 0 2160 2160 0 2161 2161 0 2154 2154 0 2161 2161 0 2020 2020 0 2020 2020 0 2161 2161 0 2024 2024 0 2156 2156 0 2160 2160 0 2154 2154 0 2159 2159 0 2162 2162 0 2158 2158 0 2162 2162 0 2159 2159 0 2022 2022 0 2162 2162 0 2022 2022 0 2163 2163 0 2163 2163 0 2022 2022 0 2025 2025 0 2027 2027 0 2164 2164 0 2028 2028 0 2027 2027 0 2165 2165 0 2164 2164 0 2027 2027 0 2024 2024 0 2165 2165 0 2024 2024 0 2161 2161 0 2165 2165 0 2167 2167 0 2025 2025 0 2029 2029 0 2167 2167 0 2166 2166 0 2025 2025 0 2166 2166 0 2163 2163 0 2025 2025 0 2029 2029 0 2030 2030 0 2167 2167 0 2164 2164 0 2168 2168 0 2169 2169 0 2164 2164 0 2169 2169 0 2028 2028 0 2028 2028 0 2169 2169 0 2032 2032 0 2165 2165 0 2168 2168 0 2164 2164 0 2167 2167 0 2170 2170 0 2166 2166 0 2170 2170 0 2167 2167 0 2030 2030 0 2170 2170 0 2030 2030 0 2171 2171 0 2171 2171 0 2030 2030 0 2033 2033 0 2032 2032 0 2169 2169 0 2035 2035 0 2169 2169 0 2172 2172 0 2035 2035 0 2033 2033 0 2036 2036 0 2171 2171 0 2171 2171 0 2036 2036 0 2173 2173 0 2035 2035 0 2172 2172 0 2038 2038 0 2172 2172 0 2174 2174 0 2038 2038 0 2036 2036 0 2039 2039 0 2173 2173 0 2173 2173 0 2039 2039 0 2175 2175 0 2041 2041 0 2176 2176 0 2042 2042 0 2041 2041 0 2177 2177 0 2176 2176 0 2041 2041 0 2038 2038 0 2177 2177 0 2038 2038 0 2174 2174 0 2177 2177 0 2039 2039 0 2043 2043 0 2175 2175 0 2175 2175 0 2043 2043 0 2178 2178 0 2176 2176 0 2179 2179 0 2045 2045 0 2042 2042 0 2176 2176 0 2045 2045 0 2180 2180 0 2176 2176 0 2177 2177 0 2179 2179 0 2176 2176 0 2180 2180 0 2043 2043 0 2046 2046 0 2178 2178 0 2178 2178 0 2046 2046 0 2181 2181 0 2045 2045 0 2179 2179 0 2048 2048 0 2179 2179 0 2050 2050 0 2048 2048 0 2179 2179 0 2180 2180 0 2050 2050 0 2180 2180 0 2182 2182 0 2050 2050 0 2046 2046 0 2051 2051 0 2181 2181 0 2181 2181 0 2051 2051 0 2183 2183 0 2050 2050 0 2182 2182 0 2054 2054 0 2182 2182 0 2184 2184 0 2054 2054 0 2051 2051 0 2055 2055 0 2183 2183 0 2183 2183 0 2055 2055 0 2185 2185 0 2054 2054 0 2184 2184 0 2057 2057 0 2184 2184 0 2186 2186 0 2057 2057 0 2055 2055 0 2058 2058 0 2185 2185 0 2185 2185 0 2058 2058 0 2187 2187 0 2188 2188 0 2189 2189 0 2059 2059 0 2188 2188 0 2059 2059 0 2186 2186 0 2186 2186 0 2059 2059 0 2057 2057 0 2188 2188 0 2190 2190 0 2189 2189 0 2193 2193 0 2192 2192 0 2191 2191 0 2193 2193 0 2191 2191 0 2187 2187 0 2193 2193 0 2187 2187 0 2060 2060 0 2060 2060 0 2187 2187 0 2058 2058 0 2189 2189 0 2194 2194 0 2061 2061 0 2059 2059 0 2189 2189 0 2061 2061 0 2195 2195 0 2189 2189 0 2190 2190 0 2194 2194 0 2189 2189 0 2195 2195 0 2062 2062 0 2192 2192 0 2193 2193 0 2062 2062 0 2063 2063 0 2192 2192 0 2063 2063 0 2196 2196 0 2192 2192 0 2060 2060 0 2062 2062 0 2193 2193 0 2061 2061 0 2194 2194 0 2065 2065 0 2194 2194 0 2067 2067 0 2065 2065 0 2194 2194 0 2195 2195 0 2067 2067 0 2195 2195 0 2197 2197 0 2067 2067 0 2200 2200 0 2199 2199 0 2198 2198 0 2200 2200 0 2198 2198 0 2196 2196 0 2200 2200 0 2196 2196 0 2068 2068 0 2068 2068 0 2196 2196 0 2063 2063 0 2201 2201 0 2202 2202 0 2069 2069 0 2201 2201 0 2069 2069 0 2197 2197 0 2197 2197 0 2069 2069 0 2067 2067 0 2201 2201 0 2203 2203 0 2202 2202 0 2070 2070 0 2199 2199 0 2200 2200 0 2070 2070 0 2071 2071 0 2199 2199 0 2071 2071 0 2204 2204 0 2199 2199 0 2068 2068 0 2070 2070 0 2200 2200 0 2069 2069 0 2202 2202 0 2072 2072 0 2073 2073 0 2205 2205 0 2206 2206 0 2072 2072 0 2205 2205 0 2073 2073 0 2072 2072 0 2203 2203 0 2205 2205 0 2072 2072 0 2202 2202 0 2203 2203 0 2205 2205 0 2207 2207 0 2206 2206 0 2074 2074 0 2209 2209 0 2208 2208 0 2075 2075 0 2209 2209 0 2074 2074 0 2204 2204 0 2071 2071 0 2074 2074 0 2208 2208 0 2204 2204 0 2074 2074 0 2073 2073 0 2206 2206 0 2077 2077 0 2078 2078 0 2210 2210 0 2211 2211 0 2077 2077 0 2210 2210 0 2078 2078 0 2077 2077 0 2207 2207 0 2210 2210 0 2077 2077 0 2206 2206 0 2207 2207 0 2210 2210 0 2212 2212 0 2211 2211 0 2215 2215 0 2214 2214 0 2213 2213 0 2215 2215 0 2213 2213 0 2209 2209 0 2215 2215 0 2209 2209 0 2079 2079 0 2079 2079 0 2209 2209 0 2075 2075 0 2078 2078 0 2211 2211 0 2080 2080 0 2081 2081 0 2216 2216 0 2217 2217 0 2080 2080 0 2216 2216 0 2081 2081 0 2080 2080 0 2212 2212 0 2216 2216 0 2080 2080 0 2211 2211 0 2212 2212 0 2216 2216 0 2218 2218 0 2217 2217 0 2221 2221 0 2220 2220 0 2219 2219 0 2214 2214 0 2221 2221 0 2219 2219 0 2215 2215 0 2221 2221 0 2214 2214 0 2215 2215 0 2083 2083 0 2221 2221 0 2215 2215 0 2082 2082 0 2083 2083 0 2079 2079 0 2082 2082 0 2215 2215 0 2081 2081 0 2217 2217 0 2084 2084 0 2085 2085 0 2222 2222 0 2223 2223 0 2084 2084 0 2222 2222 0 2085 2085 0 2084 2084 0 2218 2218 0 2222 2222 0 2084 2084 0 2217 2217 0 2218 2218 0 2222 2222 0 2224 2224 0 2223 2223 0 2227 2227 0 2226 2226 0 2225 2225 0 2227 2227 0 2086 2086 0 2087 2087 0 2227 2227 0 2225 2225 0 2086 2086 0 2225 2225 0 2228 2228 0 2086 2086 0 2220 2220 0 2221 2221 0 2089 2089 0 2220 2220 0 2089 2089 0 2228 2228 0 2228 2228 0 2089 2089 0 2086 2086 0 2083 2083 0 2089 2089 0 2221 2221 0 2085 2085 0 2223 2223 0 2090 2090 0 2223 2223 0 2224 2224 0 2229 2229 0 2223 2223 0 2229 2229 0 2090 2090 0 2090 2090 0 2229 2229 0 2091 2091 0 2093 2093 0 2230 2230 0 2231 2231 0 2093 2093 0 2091 2091 0 2230 2230 0 2091 2091 0 2229 2229 0 2230 2230 0 2230 2230 0 2232 2232 0 2231 2231 0 2235 2235 0 2234 2234 0 2233 2233 0 2235 2235 0 2094 2094 0 2095 2095 0 2235 2235 0 2233 2233 0 2094 2094 0 2233 2233 0 2236 2236 0 2094 2094 0 2226 2226 0 2227 2227 0 2097 2097 0 2226 2226 0 2097 2097 0 2236 2236 0 2236 2236 0 2097 2097 0 2094 2094 0 2087 2087 0 2097 2097 0 2227 2227 0 2093 2093 0 2231 2231 0 2098 2098 0 2231 2231 0 2232 2232 0 2237 2237 0 2231 2231 0 2237 2237 0 2098 2098 0 2098 2098 0 2237 2237 0 2099 2099 0 2100 2100 0 2099 2099 0 2238 2238 0 2099 2099 0 2237 2237 0 2238 2238 0 2101 2101 0 2100 2100 0 2239 2239 0 2100 2100 0 2238 2238 0 2239 2239 0 2103 2103 0 2101 2101 0 2240 2240 0 2101 2101 0 2239 2239 0 2240 2240 0 2105 2105 0 2103 2103 0 2241 2241 0 2103 2103 0 2240 2240 0 2241 2241 0 2107 2107 0 2105 2105 0 2242 2242 0 2105 2105 0 2241 2241 0 2242 2242 0 2109 2109 0 2107 2107 0 2243 2243 0 2107 2107 0 2242 2242 0 2243 2243 0 2111 2111 0 2109 2109 0 2244 2244 0 2109 2109 0 2243 2243 0 2244 2244 0 2234 2234 0 2235 2235 0 2112 2112 0 2234 2234 0 2112 2112 0 2244 2244 0 2244 2244 0 2112 2112 0 2111 2111 0 2095 2095 0 2112 2112 0 2235 2235 0 2115 2115 0 2245 2245 0 2116 2116 0 2115 2115 0 2117 2117 0 2246 2246 0 2245 2245 0 2115 2115 0 2246 2246 0 2117 2117 0 2118 2118 0 2247 2247 0 2246 2246 0 2117 2117 0 2247 2247 0 2118 2118 0 2119 2119 0 2248 2248 0 2247 2247 0 2118 2118 0 2248 2248 0 2119 2119 0 2120 2120 0 2249 2249 0 2248 2248 0 2119 2119 0 2249 2249 0 2120 2120 0 2121 2121 0 2250 2250 0 2249 2249 0 2120 2120 0 2250 2250 0 2121 2121 0 2122 2122 0 2251 2251 0 2250 2250 0 2121 2121 0 2251 2251 0 2122 2122 0 2123 2123 0 2251 2251 0 2127 2127 0 2252 2252 0 2128 2128 0 2127 2127 0 2129 2129 0 2253 2253 0 2252 2252 0 2127 2127 0 2253 2253 0 2255 2255 0 2253 2253 0 2129 2129 0 2255 2255 0 2129 2129 0 2254 2254 0 2254 2254 0 2129 2129 0 2130 2130 0 2245 2245 0 2130 2130 0 2116 2116 0 2245 2245 0 2256 2256 0 2130 2130 0 2256 2256 0 2254 2254 0 2130 2130 0 2246 2246 0 2256 2256 0 2245 2245 0 2257 2257 0 2256 2256 0 2246 2246 0 2247 2247 0 2257 2257 0 2246 2246 0 2258 2258 0 2257 2257 0 2247 2247 0 2248 2248 0 2258 2258 0 2247 2247 0 2259 2259 0 2258 2258 0 2248 2248 0 2249 2249 0 2259 2259 0 2248 2248 0 2260 2260 0 2259 2259 0 2249 2249 0 2250 2250 0 2260 2260 0 2249 2249 0 2261 2261 0 2260 2260 0 2250 2250 0 2251 2251 0 2261 2261 0 2250 2250 0 2262 2262 0 2261 2261 0 2251 2251 0 2123 2123 0 2262 2262 0 2251 2251 0 2123 2123 0 2131 2131 0 2262 2262 0 2131 2131 0 2263 2263 0 2262 2262 0 2265 2265 0 2264 2264 0 2263 2263 0 2265 2265 0 2263 2263 0 2132 2132 0 2132 2132 0 2263 2263 0 2131 2131 0 2132 2132 0 2133 2133 0 2265 2265 0 2136 2136 0 2266 2266 0 2137 2137 0 2136 2136 0 2268 2268 0 2266 2266 0 2128 2128 0 2268 2268 0 2136 2136 0 2128 2128 0 2267 2267 0 2268 2268 0 2128 2128 0 2252 2252 0 2267 2267 0 2253 2253 0 2267 2267 0 2252 2252 0 2269 2269 0 2267 2267 0 2253 2253 0 2255 2255 0 2269 2269 0 2253 2253 0 2265 2265 0 2270 2270 0 2264 2264 0 2133 2133 0 2270 2270 0 2265 2265 0 2133 2133 0 2138 2138 0 2270 2270 0 2138 2138 0 2271 2271 0 2270 2270 0 2273 2273 0 2272 2272 0 2271 2271 0 2273 2273 0 2271 2271 0 2139 2139 0 2139 2139 0 2271 2271 0 2138 2138 0 2139 2139 0 2140 2140 0 2273 2273 0 2143 2143 0 2274 2274 0 2144 2144 0 2143 2143 0 2276 2276 0 2274 2274 0 2137 2137 0 2276 2276 0 2143 2143 0 2137 2137 0 2275 2275 0 2276 2276 0 2137 2137 0 2266 2266 0 2275 2275 0 2268 2268 0 2275 2275 0 2266 2266 0 2273 2273 0 2277 2277 0 2272 2272 0 2279 2279 0 2278 2278 0 2277 2277 0 2145 2145 0 2279 2279 0 2277 2277 0 2145 2145 0 2277 2277 0 2273 2273 0 2145 2145 0 2273 2273 0 2140 2140 0 2145 2145 0 2146 2146 0 2279 2279 0 2149 2149 0 2280 2280 0 2281 2281 0 2150 2150 0 2149 2149 0 2281 2281 0 2274 2274 0 2149 2149 0 2144 2144 0 2274 2274 0 2282 2282 0 2149 2149 0 2282 2282 0 2280 2280 0 2149 2149 0 2276 2276 0 2282 2282 0 2274 2274 0 2279 2279 0 2283 2283 0 2278 2278 0 2146 2146 0 2283 2283 0 2279 2279 0 2146 2146 0 2151 2151 0 2283 2283 0 2151 2151 0 2284 2284 0 2283 2283 0 2284 2284 0 2151 2151 0 2152 2152 0 2285 2285 0 2284 2284 0 2152 2152 0 2155 2155 0 2286 2286 0 2156 2156 0 2155 2155 0 2287 2287 0 2286 2286 0 2155 2155 0 2150 2150 0 2287 2287 0 2150 2150 0 2281 2281 0 2287 2287 0 2289 2289 0 2152 2152 0 2157 2157 0 2289 2289 0 2288 2288 0 2152 2152 0 2288 2288 0 2285 2285 0 2152 2152 0 2157 2157 0 2158 2158 0 2289 2289 0 2160 2160 0 2290 2290 0 2161 2161 0 2160 2160 0 2292 2292 0 2290 2290 0 2156 2156 0 2292 2292 0 2160 2160 0 2156 2156 0 2291 2291 0 2292 2292 0 2156 2156 0 2286 2286 0 2291 2291 0 2287 2287 0 2291 2291 0 2286 2286 0 2289 2289 0 2293 2293 0 2288 2288 0 2295 2295 0 2294 2294 0 2293 2293 0 2162 2162 0 2295 2295 0 2293 2293 0 2162 2162 0 2293 2293 0 2289 2289 0 2162 2162 0 2289 2289 0 2158 2158 0 2162 2162 0 2163 2163 0 2295 2295 0 2290 2290 0 2296 2296 0 2297 2297 0 2290 2290 0 2297 2297 0 2161 2161 0 2161 2161 0 2297 2297 0 2165 2165 0 2292 2292 0 2296 2296 0 2290 2290 0 2295 2295 0 2298 2298 0 2294 2294 0 2298 2298 0 2295 2295 0 2163 2163 0 2298 2298 0 2163 2163 0 2299 2299 0 2299 2299 0 2163 2163 0 2166 2166 0 2168 2168 0 2300 2300 0 2169 2169 0 2168 2168 0 2301 2301 0 2300 2300 0 2168 2168 0 2165 2165 0 2301 2301 0 2165 2165 0 2297 2297 0 2301 2301 0 2303 2303 0 2166 2166 0 2170 2170 0 2303 2303 0 2302 2302 0 2166 2166 0 2302 2302 0 2299 2299 0 2166 2166 0 2170 2170 0 2171 2171 0 2303 2303 0 2300 2300 0 2304 2304 0 2172 2172 0 2169 2169 0 2300 2300 0 2172 2172 0 2305 2305 0 2300 2300 0 2301 2301 0 2304 2304 0 2300 2300 0 2305 2305 0 2307 2307 0 2302 2302 0 2303 2303 0 2306 2306 0 2302 2302 0 2307 2307 0 2171 2171 0 2173 2173 0 2307 2307 0 2303 2303 0 2171 2171 0 2307 2307 0 2304 2304 0 2308 2308 0 2174 2174 0 2172 2172 0 2304 2304 0 2174 2174 0 2309 2309 0 2304 2304 0 2305 2305 0 2308 2308 0 2304 2304 0 2309 2309 0 2311 2311 0 2306 2306 0 2307 2307 0 2310 2310 0 2306 2306 0 2311 2311 0 2173 2173 0 2175 2175 0 2311 2311 0 2307 2307 0 2173 2173 0 2311 2311 0 2308 2308 0 2312 2312 0 2313 2313 0 2308 2308 0 2313 2313 0 2174 2174 0 2174 2174 0 2313 2313 0 2177 2177 0 2309 2309 0 2312 2312 0 2308 2308 0 2311 2311 0 2314 2314 0 2310 2310 0 2314 2314 0 2311 2311 0 2175 2175 0 2314 2314 0 2175 2175 0 2315 2315 0 2315 2315 0 2175 2175 0 2178 2178 0 2177 2177 0 2313 2313 0 2180 2180 0 2313 2313 0 2316 2316 0 2180 2180 0 2178 2178 0 2181 2181 0 2315 2315 0 2315 2315 0 2181 2181 0 2317 2317 0 2318 2318 0 2319 2319 0 2182 2182 0 2318 2318 0 2182 2182 0 2316 2316 0 2316 2316 0 2182 2182 0 2180 2180 0 2318 2318 0 2320 2320 0 2319 2319 0 2323 2323 0 2322 2322 0 2321 2321 0 2323 2323 0 2321 2321 0 2317 2317 0 2323 2323 0 2317 2317 0 2183 2183 0 2183 2183 0 2317 2317 0 2181 2181 0 2319 2319 0 2324 2324 0 2184 2184 0 2182 2182 0 2319 2319 0 2184 2184 0 2325 2325 0 2319 2319 0 2320 2320 0 2324 2324 0 2319 2319 0 2325 2325 0 2327 2327 0 2322 2322 0 2323 2323 0 2326 2326 0 2322 2322 0 2327 2327 0 2183 2183 0 2185 2185 0 2327 2327 0 2323 2323 0 2183 2183 0 2327 2327 0 2324 2324 0 2328 2328 0 2186 2186 0 2184 2184 0 2324 2324 0 2186 2186 0 2329 2329 0 2324 2324 0 2325 2325 0 2328 2328 0 2324 2324 0 2329 2329 0 2331 2331 0 2326 2326 0 2327 2327 0 2330 2330 0 2326 2326 0 2331 2331 0 2185 2185 0 2187 2187 0 2331 2331 0 2327 2327 0 2185 2185 0 2331 2331 0 2186 2186 0 2328 2328 0 2188 2188 0 2328 2328 0 2190 2190 0 2188 2188 0 2328 2328 0 2329 2329 0 2190 2190 0 2329 2329 0 2332 2332 0 2190 2190 0 2191 2191 0 2330 2330 0 2331 2331 0 2191 2191 0 2192 2192 0 2330 2330 0 2192 2192 0 2333 2333 0 2330 2330 0 2187 2187 0 2191 2191 0 2331 2331 0 2334 2334 0 2335 2335 0 2195 2195 0 2334 2334 0 2195 2195 0 2332 2332 0 2332 2332 0 2195 2195 0 2190 2190 0 2334 2334 0 2336 2336 0 2335 2335 0 2339 2339 0 2338 2338 0 2337 2337 0 2339 2339 0 2337 2337 0 2333 2333 0 2339 2339 0 2333 2333 0 2196 2196 0 2196 2196 0 2333 2333 0 2192 2192 0 2335 2335 0 2340 2340 0 2197 2197 0 2195 2195 0 2335 2335 0 2197 2197 0 2341 2341 0 2335 2335 0 2336 2336 0 2340 2340 0 2335 2335 0 2341 2341 0 2198 2198 0 2338 2338 0 2339 2339 0 2198 2198 0 2199 2199 0 2338 2338 0 2199 2199 0 2342 2342 0 2338 2338 0 2196 2196 0 2198 2198 0 2339 2339 0 2197 2197 0 2340 2340 0 2201 2201 0 2203 2203 0 2343 2343 0 2344 2344 0 2201 2201 0 2343 2343 0 2203 2203 0 2201 2201 0 2341 2341 0 2343 2343 0 2201 2201 0 2340 2340 0 2341 2341 0 2343 2343 0 2345 2345 0 2344 2344 0 2348 2348 0 2347 2347 0 2346 2346 0 2348 2348 0 2346 2346 0 2342 2342 0 2348 2348 0 2342 2342 0 2204 2204 0 2204 2204 0 2342 2342 0 2199 2199 0 2203 2203 0 2344 2344 0 2205 2205 0 2344 2344 0 2207 2207 0 2205 2205 0 2344 2344 0 2345 2345 0 2207 2207 0 2345 2345 0 2349 2349 0 2207 2207 0 2352 2352 0 2351 2351 0 2350 2350 0 2347 2347 0 2352 2352 0 2350 2350 0 2348 2348 0 2352 2352 0 2347 2347 0 2348 2348 0 2209 2209 0 2352 2352 0 2348 2348 0 2208 2208 0 2209 2209 0 2204 2204 0 2208 2208 0 2348 2348 0 2207 2207 0 2349 2349 0 2353 2353 0 2210 2210 0 2207 2207 0 2353 2353 0 2353 2353 0 2212 2212 0 2210 2210 0 2354 2354 0 2212 2212 0 2353 2353 0 2357 2357 0 2356 2356 0 2355 2355 0 2351 2351 0 2357 2357 0 2355 2355 0 2352 2352 0 2357 2357 0 2351 2351 0 2352 2352 0 2214 2214 0 2357 2357 0 2352 2352 0 2213 2213 0 2214 2214 0 2209 2209 0 2213 2213 0 2352 2352 0 2212 2212 0 2354 2354 0 2358 2358 0 2216 2216 0 2212 2212 0 2358 2358 0 2218 2218 0 2359 2359 0 2360 2360 0 2218 2218 0 2216 2216 0 2359 2359 0 2216 2216 0 2358 2358 0 2359 2359 0 2359 2359 0 2361 2361 0 2360 2360 0 2364 2364 0 2363 2363 0 2362 2362 0 2356 2356 0 2364 2364 0 2362 2362 0 2357 2357 0 2364 2364 0 2356 2356 0 2357 2357 0 2220 2220 0 2364 2364 0 2357 2357 0 2219 2219 0 2220 2220 0 2214 2214 0 2219 2219 0 2357 2357 0 2218 2218 0 2360 2360 0 2222 2222 0 2224 2224 0 2365 2365 0 2366 2366 0 2222 2222 0 2365 2365 0 2224 2224 0 2222 2222 0 2361 2361 0 2365 2365 0 2222 2222 0 2360 2360 0 2361 2361 0 2365 2365 0 2367 2367 0 2366 2366 0 2370 2370 0 2369 2369 0 2368 2368 0 2370 2370 0 2225 2225 0 2226 2226 0 2370 2370 0 2368 2368 0 2225 2225 0 2368 2368 0 2371 2371 0 2225 2225 0 2363 2363 0 2364 2364 0 2228 2228 0 2363 2363 0 2228 2228 0 2371 2371 0 2371 2371 0 2228 2228 0 2225 2225 0 2220 2220 0 2228 2228 0 2364 2364 0 2224 2224 0 2366 2366 0 2229 2229 0 2366 2366 0 2367 2367 0 2372 2372 0 2366 2366 0 2372 2372 0 2229 2229 0 2229 2229 0 2372 2372 0 2230 2230 0 2232 2232 0 2373 2373 0 2374 2374 0 2232 2232 0 2230 2230 0 2373 2373 0 2230 2230 0 2372 2372 0 2373 2373 0 2374 2374 0 2375 2375 0 2376 2376 0 2373 2373 0 2375 2375 0 2374 2374 0 2376 2376 0 2377 2377 0 2378 2378 0 2375 2375 0 2377 2377 0 2376 2376 0 2377 2377 0 2379 2379 0 2378 2378 0 2382 2382 0 2381 2381 0 2380 2380 0 2382 2382 0 2383 2383 0 2384 2384 0 2380 2380 0 2383 2383 0 2382 2382 0 2384 2384 0 2385 2385 0 2386 2386 0 2383 2383 0 2385 2385 0 2384 2384 0 2386 2386 0 2233 2233 0 2234 2234 0 2386 2386 0 2385 2385 0 2233 2233 0 2385 2385 0 2387 2387 0 2233 2233 0 2369 2369 0 2370 2370 0 2236 2236 0 2369 2369 0 2236 2236 0 2387 2387 0 2387 2387 0 2236 2236 0 2233 2233 0 2226 2226 0 2236 2236 0 2370 2370 0 2232 2232 0 2374 2374 0 2237 2237 0 2238 2238 0 2237 2237 0 2374 2374 0 2376 2376 0 2238 2238 0 2374 2374 0 2239 2239 0 2238 2238 0 2376 2376 0 2378 2378 0 2239 2239 0 2376 2376 0 2378 2378 0 2379 2379 0 2388 2388 0 2378 2378 0 2388 2388 0 2239 2239 0 2239 2239 0 2388 2388 0 2240 2240 0 2241 2241 0 2240 2240 0 2389 2389 0 2240 2240 0 2388 2388 0 2389 2389 0 2381 2381 0 2382 2382 0 2242 2242 0 2381 2381 0 2242 2242 0 2389 2389 0 2389 2389 0 2242 2242 0 2241 2241 0 2243 2243 0 2242 2242 0 2382 2382 0 2384 2384 0 2243 2243 0 2382 2382 0 2244 2244 0 2243 2243 0 2384 2384 0 2386 2386 0 2244 2244 0 2384 2384 0 2234 2234 0 2244 2244 0 2386 2386 0 2254 2254 0 2390 2390 0 2255 2255 0 2254 2254 0 2256 2256 0 2391 2391 0 2390 2390 0 2254 2254 0 2391 2391 0 2393 2393 0 2391 2391 0 2256 2256 0 2393 2393 0 2256 2256 0 2392 2392 0 2392 2392 0 2256 2256 0 2257 2257 0 2258 2258 0 2394 2394 0 2257 2257 0 2257 2257 0 2394 2394 0 2392 2392 0 2259 2259 0 2395 2395 0 2258 2258 0 2258 2258 0 2395 2395 0 2394 2394 0 2260 2260 0 2396 2396 0 2259 2259 0 2259 2259 0 2396 2396 0 2395 2395 0 2261 2261 0 2397 2397 0 2260 2260 0 2260 2260 0 2397 2397 0 2396 2396 0 2399 2399 0 2398 2398 0 2397 2397 0 2399 2399 0 2397 2397 0 2262 2262 0 2262 2262 0 2397 2397 0 2261 2261 0 2262 2262 0 2263 2263 0 2400 2400 0 2399 2399 0 2262 2262 0 2400 2400 0 2263 2263 0 2264 2264 0 2400 2400 0 2267 2267 0 2401 2401 0 2268 2268 0 2403 2403 0 2401 2401 0 2267 2267 0 2403 2403 0 2267 2267 0 2402 2402 0 2402 2402 0 2267 2267 0 2269 2269 0 2390 2390 0 2269 2269 0 2255 2255 0 2390 2390 0 2404 2404 0 2269 2269 0 2404 2404 0 2402 2402 0 2269 2269 0 2391 2391 0 2404 2404 0 2390 2390 0 2405 2405 0 2404 2404 0 2391 2391 0 2393 2393 0 2405 2405 0 2391 2391 0 2399 2399 0 2406 2406 0 2398 2398 0 2400 2400 0 2406 2406 0 2399 2399 0 2407 2407 0 2406 2406 0 2400 2400 0 2264 2264 0 2407 2407 0 2400 2400 0 2264 2264 0 2270 2270 0 2407 2407 0 2270 2270 0 2408 2408 0 2407 2407 0 2410 2410 0 2409 2409 0 2408 2408 0 2410 2410 0 2408 2408 0 2271 2271 0 2271 2271 0 2408 2408 0 2270 2270 0 2271 2271 0 2272 2272 0 2410 2410 0 2275 2275 0 2411 2411 0 2276 2276 0 2275 2275 0 2413 2413 0 2411 2411 0 2268 2268 0 2413 2413 0 2275 2275 0 2268 2268 0 2412 2412 0 2413 2413 0 2268 2268 0 2401 2401 0 2412 2412 0 2403 2403 0 2412 2412 0 2401 2401 0 2410 2410 0 2414 2414 0 2409 2409 0 2416 2416 0 2415 2415 0 2414 2414 0 2277 2277 0 2416 2416 0 2414 2414 0 2277 2277 0 2414 2414 0 2410 2410 0 2277 2277 0 2410 2410 0 2272 2272 0 2277 2277 0 2278 2278 0 2416 2416 0 2280 2280 0 2417 2417 0 2281 2281 0 2419 2419 0 2417 2417 0 2280 2280 0 2419 2419 0 2280 2280 0 2418 2418 0 2418 2418 0 2280 2280 0 2282 2282 0 2411 2411 0 2282 2282 0 2276 2276 0 2411 2411 0 2420 2420 0 2282 2282 0 2420 2420 0 2418 2418 0 2282 2282 0 2413 2413 0 2420 2420 0 2411 2411 0 2416 2416 0 2421 2421 0 2415 2415 0 2278 2278 0 2421 2421 0 2416 2416 0 2278 2278 0 2283 2283 0 2421 2421 0 2283 2283 0 2422 2422 0 2421 2421 0 2424 2424 0 2423 2423 0 2422 2422 0 2424 2424 0 2422 2422 0 2284 2284 0 2284 2284 0 2422 2422 0 2283 2283 0 2284 2284 0 2285 2285 0 2424 2424 0 2417 2417 0 2425 2425 0 2287 2287 0 2281 2281 0 2417 2417 0 2287 2287 0 2426 2426 0 2417 2417 0 2419 2419 0 2425 2425 0 2417 2417 0 2426 2426 0 2424 2424 0 2427 2427 0 2423 2423 0 2427 2427 0 2424 2424 0 2285 2285 0 2427 2427 0 2285 2285 0 2428 2428 0 2428 2428 0 2285 2285 0 2288 2288 0 2291 2291 0 2429 2429 0 2292 2292 0 2291 2291 0 2431 2431 0 2429 2429 0 2287 2287 0 2431 2431 0 2291 2291 0 2287 2287 0 2430 2430 0 2431 2431 0 2287 2287 0 2425 2425 0 2430 2430 0 2426 2426 0 2430 2430 0 2425 2425 0 2433 2433 0 2288 2288 0 2293 2293 0 2433 2433 0 2432 2432 0 2288 2288 0 2432 2432 0 2428 2428 0 2288 2288 0 2293 2293 0 2294 2294 0 2433 2433 0 2296 2296 0 2434 2434 0 2297 2297 0 2296 2296 0 2436 2436 0 2434 2434 0 2292 2292 0 2436 2436 0 2296 2296 0 2292 2292 0 2435 2435 0 2436 2436 0 2292 2292 0 2429 2429 0 2435 2435 0 2431 2431 0 2435 2435 0 2429 2429 0 2433 2433 0 2437 2437 0 2432 2432 0 2439 2439 0 2438 2438 0 2437 2437 0 2298 2298 0 2439 2439 0 2437 2437 0 2298 2298 0 2437 2437 0 2433 2433 0 2298 2298 0 2433 2433 0 2294 2294 0 2298 2298 0 2299 2299 0 2439 2439 0 2434 2434 0 2440 2440 0 2301 2301 0 2297 2297 0 2434 2434 0 2301 2301 0 2441 2441 0 2434 2434 0 2436 2436 0 2440 2440 0 2434 2434 0 2441 2441 0 2443 2443 0 2438 2438 0 2439 2439 0 2442 2442 0 2438 2438 0 2443 2443 0 2299 2299 0 2302 2302 0 2443 2443 0 2439 2439 0 2299 2299 0 2443 2443 0 2440 2440 0 2444 2444 0 2305 2305 0 2301 2301 0 2440 2440 0 2305 2305 0 2445 2445 0 2440 2440 0 2441 2441 0 2444 2444 0 2440 2440 0 2445 2445 0 2443 2443 0 2446 2446 0 2442 2442 0 2446 2446 0 2443 2443 0 2302 2302 0 2446 2446 0 2302 2302 0 2447 2447 0 2447 2447 0 2302 2302 0 2306 2306 0 2444 2444 0 2448 2448 0 2449 2449 0 2444 2444 0 2449 2449 0 2305 2305 0 2305 2305 0 2449 2449 0 2309 2309 0 2445 2445 0 2448 2448 0 2444 2444 0 2306 2306 0 2310 2310 0 2447 2447 0 2447 2447 0 2310 2310 0 2450 2450 0 2312 2312 0 2451 2451 0 2313 2313 0 2312 2312 0 2452 2452 0 2451 2451 0 2312 2312 0 2309 2309 0 2452 2452 0 2309 2309 0 2449 2449 0 2452 2452 0 2454 2454 0 2310 2310 0 2314 2314 0 2454 2454 0 2453 2453 0 2310 2310 0 2453 2453 0 2450 2450 0 2310 2310 0 2314 2314 0 2315 2315 0 2454 2454 0 2451 2451 0 2455 2455 0 2316 2316 0 2313 2313 0 2451 2451 0 2316 2316 0 2456 2456 0 2451 2451 0 2452 2452 0 2455 2455 0 2451 2451 0 2456 2456 0 2458 2458 0 2453 2453 0 2454 2454 0 2457 2457 0 2453 2453 0 2458 2458 0 2315 2315 0 2317 2317 0 2458 2458 0 2454 2454 0 2315 2315 0 2458 2458 0 2316 2316 0 2455 2455 0 2318 2318 0 2455 2455 0 2320 2320 0 2318 2318 0 2455 2455 0 2456 2456 0 2320 2320 0 2456 2456 0 2459 2459 0 2320 2320 0 2321 2321 0 2457 2457 0 2458 2458 0 2321 2321 0 2322 2322 0 2457 2457 0 2322 2322 0 2460 2460 0 2457 2457 0 2317 2317 0 2321 2321 0 2458 2458 0 2320 2320 0 2459 2459 0 2325 2325 0 2459 2459 0 2461 2461 0 2325 2325 0 2322 2322 0 2326 2326 0 2460 2460 0 2460 2460 0 2326 2326 0 2462 2462 0 2463 2463 0 2464 2464 0 2329 2329 0 2463 2463 0 2329 2329 0 2461 2461 0 2461 2461 0 2329 2329 0 2325 2325 0 2463 2463 0 2465 2465 0 2464 2464 0 2468 2468 0 2467 2467 0 2466 2466 0 2468 2468 0 2466 2466 0 2462 2462 0 2468 2468 0 2462 2462 0 2330 2330 0 2330 2330 0 2462 2462 0 2326 2326 0 2464 2464 0 2469 2469 0 2332 2332 0 2329 2329 0 2464 2464 0 2332 2332 0 2470 2470 0 2464 2464 0 2465 2465 0 2469 2469 0 2464 2464 0 2470 2470 0 2472 2472 0 2467 2467 0 2468 2468 0 2471 2471 0 2467 2467 0 2472 2472 0 2330 2330 0 2333 2333 0 2472 2472 0 2468 2468 0 2330 2330 0 2472 2472 0 2332 2332 0 2469 2469 0 2334 2334 0 2469 2469 0 2336 2336 0 2334 2334 0 2469 2469 0 2470 2470 0 2336 2336 0 2470 2470 0 2473 2473 0 2336 2336 0 2337 2337 0 2471 2471 0 2472 2472 0 2337 2337 0 2338 2338 0 2471 2471 0 2338 2338 0 2474 2474 0 2471 2471 0 2333 2333 0 2337 2337 0 2472 2472 0 2475 2475 0 2476 2476 0 2341 2341 0 2475 2475 0 2341 2341 0 2473 2473 0 2473 2473 0 2341 2341 0 2336 2336 0 2475 2475 0 2477 2477 0 2476 2476 0 2480 2480 0 2479 2479 0 2478 2478 0 2480 2480 0 2478 2478 0 2474 2474 0 2480 2480 0 2474 2474 0 2342 2342 0 2342 2342 0 2474 2474 0 2338 2338 0 2341 2341 0 2476 2476 0 2343 2343 0 2345 2345 0 2481 2481 0 2482 2482 0 2343 2343 0 2481 2481 0 2345 2345 0 2343 2343 0 2477 2477 0 2481 2481 0 2343 2343 0 2476 2476 0 2477 2477 0 2481 2481 0 2483 2483 0 2482 2482 0 2486 2486 0 2485 2485 0 2484 2484 0 2479 2479 0 2486 2486 0 2484 2484 0 2480 2480 0 2486 2486 0 2479 2479 0 2480 2480 0 2347 2347 0 2486 2486 0 2480 2480 0 2346 2346 0 2347 2347 0 2342 2342 0 2346 2346 0 2480 2480 0 2482 2482 0 2487 2487 0 2349 2349 0 2345 2345 0 2482 2482 0 2349 2349 0 2488 2488 0 2482 2482 0 2483 2483 0 2487 2487 0 2482 2482 0 2488 2488 0 2491 2491 0 2490 2490 0 2489 2489 0 2485 2485 0 2491 2491 0 2489 2489 0 2486 2486 0 2491 2491 0 2485 2485 0 2486 2486 0 2351 2351 0 2491 2491 0 2486 2486 0 2350 2350 0 2351 2351 0 2347 2347 0 2350 2350 0 2486 2486 0 2349 2349 0 2487 2487 0 2353 2353 0 2354 2354 0 2492 2492 0 2493 2493 0 2353 2353 0 2492 2492 0 2354 2354 0 2353 2353 0 2488 2488 0 2492 2492 0 2353 2353 0 2487 2487 0 2488 2488 0 2492 2492 0 2494 2494 0 2493 2493 0 2497 2497 0 2496 2496 0 2495 2495 0 2490 2490 0 2497 2497 0 2495 2495 0 2491 2491 0 2497 2497 0 2490 2490 0 2491 2491 0 2356 2356 0 2497 2497 0 2491 2491 0 2355 2355 0 2356 2356 0 2351 2351 0 2355 2355 0 2491 2491 0 2354 2354 0 2493 2493 0 2358 2358 0 2493 2493 0 2494 2494 0 2498 2498 0 2493 2493 0 2498 2498 0 2358 2358 0 2358 2358 0 2498 2498 0 2359 2359 0 2361 2361 0 2499 2499 0 2500 2500 0 2361 2361 0 2359 2359 0 2499 2499 0 2359 2359 0 2498 2498 0 2499 2499 0 2499 2499 0 2501 2501 0 2500 2500 0 2504 2504 0 2503 2503 0 2502 2502 0 2504 2504 0 2505 2505 0 2506 2506 0 2502 2502 0 2505 2505 0 2504 2504 0 2496 2496 0 2506 2506 0 2505 2505 0 2497 2497 0 2506 2506 0 2496 2496 0 2497 2497 0 2363 2363 0 2506 2506 0 2497 2497 0 2362 2362 0 2363 2363 0 2356 2356 0 2362 2362 0 2497 2497 0 2361 2361 0 2500 2500 0 2365 2365 0 2367 2367 0 2507 2507 0 2508 2508 0 2365 2365 0 2507 2507 0 2367 2367 0 2365 2365 0 2501 2501 0 2507 2507 0 2365 2365 0 2500 2500 0 2501 2501 0 2508 2508 0 2509 2509 0 2510 2510 0 2507 2507 0 2509 2509 0 2508 2508 0 2509 2509 0 2511 2511 0 2510 2510 0 2514 2514 0 2513 2513 0 2512 2512 0 2514 2514 0 2515 2515 0 2516 2516 0 2512 2512 0 2515 2515 0 2514 2514 0 2503 2503 0 2516 2516 0 2515 2515 0 2504 2504 0 2516 2516 0 2503 2503 0 2504 2504 0 2369 2369 0 2516 2516 0 2504 2504 0 2368 2368 0 2369 2369 0 2371 2371 0 2368 2368 0 2504 2504 0 2506 2506 0 2371 2371 0 2504 2504 0 2363 2363 0 2371 2371 0 2506 2506 0 2367 2367 0 2508 2508 0 2372 2372 0 2373 2373 0 2372 2372 0 2508 2508 0 2510 2510 0 2373 2373 0 2508 2508 0 2510 2510 0 2511 2511 0 2517 2517 0 2510 2510 0 2517 2517 0 2373 2373 0 2373 2373 0 2517 2517 0 2375 2375 0 2377 2377 0 2375 2375 0 2518 2518 0 2375 2375 0 2517 2517 0 2518 2518 0 2379 2379 0 2519 2519 0 2520 2520 0 2379 2379 0 2377 2377 0 2519 2519 0 2377 2377 0 2518 2518 0 2519 2519 0 2520 2520 0 2521 2521 0 2522 2522 0 2519 2519 0 2521 2521 0 2520 2520 0 2522 2522 0 2380 2380 0 2381 2381 0 2522 2522 0 2521 2521 0 2380 2380 0 2521 2521 0 2523 2523 0 2380 2380 0 2383 2383 0 2380 2380 0 2524 2524 0 2380 2380 0 2523 2523 0 2524 2524 0 2513 2513 0 2514 2514 0 2385 2385 0 2513 2513 0 2385 2385 0 2524 2524 0 2524 2524 0 2385 2385 0 2383 2383 0 2387 2387 0 2385 2385 0 2514 2514 0 2516 2516 0 2387 2387 0 2514 2514 0 2369 2369 0 2387 2387 0 2516 2516 0 2379 2379 0 2520 2520 0 2388 2388 0 2389 2389 0 2388 2388 0 2520 2520 0 2522 2522 0 2389 2389 0 2520 2520 0 2381 2381 0 2389 2389 0 2522 2522 0 2392 2392 0 2525 2525 0 2393 2393 0 2392 2392 0 2394 2394 0 2526 2526 0 2525 2525 0 2392 2392 0 2526 2526 0 2394 2394 0 2395 2395 0 2527 2527 0 2526 2526 0 2394 2394 0 2527 2527 0 2395 2395 0 2396 2396 0 2528 2528 0 2527 2527 0 2395 2395 0 2528 2528 0 2396 2396 0 2397 2397 0 2529 2529 0 2528 2528 0 2396 2396 0 2529 2529 0 2397 2397 0 2398 2398 0 2529 2529 0 2402 2402 0 2530 2530 0 2403 2403 0 2402 2402 0 2404 2404 0 2531 2531 0 2530 2530 0 2402 2402 0 2531 2531 0 2533 2533 0 2531 2531 0 2404 2404 0 2533 2533 0 2404 2404 0 2532 2532 0 2532 2532 0 2404 2404 0 2405 2405 0 2525 2525 0 2405 2405 0 2393 2393 0 2525 2525 0 2534 2534 0 2405 2405 0 2534 2534 0 2532 2532 0 2405 2405 0 2526 2526 0 2534 2534 0 2525 2525 0 2535 2535 0 2534 2534 0 2526 2526 0 2527 2527 0 2535 2535 0 2526 2526 0 2536 2536 0 2535 2535 0 2527 2527 0 2528 2528 0 2536 2536 0 2527 2527 0 2537 2537 0 2536 2536 0 2528 2528 0 2529 2529 0 2537 2537 0 2528 2528 0 2538 2538 0 2537 2537 0 2529 2529 0 2398 2398 0 2538 2538 0 2529 2529 0 2398 2398 0 2406 2406 0 2538 2538 0 2406 2406 0 2539 2539 0 2538 2538 0 2541 2541 0 2540 2540 0 2539 2539 0 2541 2541 0 2539 2539 0 2407 2407 0 2407 2407 0 2539 2539 0 2406 2406 0 2407 2407 0 2408 2408 0 2542 2542 0 2541 2541 0 2407 2407 0 2542 2542 0 2408 2408 0 2409 2409 0 2542 2542 0 2412 2412 0 2543 2543 0 2413 2413 0 2412 2412 0 2545 2545 0 2543 2543 0 2403 2403 0 2545 2545 0 2412 2412 0 2403 2403 0 2544 2544 0 2545 2545 0 2403 2403 0 2530 2530 0 2544 2544 0 2531 2531 0 2544 2544 0 2530 2530 0 2546 2546 0 2544 2544 0 2531 2531 0 2533 2533 0 2546 2546 0 2531 2531 0 2541 2541 0 2547 2547 0 2540 2540 0 2542 2542 0 2547 2547 0 2541 2541 0 2548 2548 0 2547 2547 0 2542 2542 0 2550 2550 0 2549 2549 0 2548 2548 0 2414 2414 0 2550 2550 0 2548 2548 0 2414 2414 0 2548 2548 0 2542 2542 0 2414 2414 0 2542 2542 0 2409 2409 0 2414 2414 0 2415 2415 0 2550 2550 0 2418 2418 0 2551 2551 0 2419 2419 0 2418 2418 0 2420 2420 0 2552 2552 0 2551 2551 0 2418 2418 0 2552 2552 0 2420 2420 0 2554 2554 0 2552 2552 0 2413 2413 0 2554 2554 0 2420 2420 0 2413 2413 0 2553 2553 0 2554 2554 0 2413 2413 0 2543 2543 0 2553 2553 0 2545 2545 0 2553 2553 0 2543 2543 0 2550 2550 0 2555 2555 0 2549 2549 0 2415 2415 0 2555 2555 0 2550 2550 0 2415 2415 0 2421 2421 0 2555 2555 0 2421 2421 0 2556 2556 0 2555 2555 0 2558 2558 0 2557 2557 0 2556 2556 0 2558 2558 0 2556 2556 0 2422 2422 0 2422 2422 0 2556 2556 0 2421 2421 0 2422 2422 0 2423 2423 0 2558 2558 0 2551 2551 0 2559 2559 0 2560 2560 0 2551 2551 0 2560 2560 0 2419 2419 0 2419 2419 0 2560 2560 0 2426 2426 0 2552 2552 0 2559 2559 0 2551 2551 0 2561 2561 0 2559 2559 0 2552 2552 0 2554 2554 0 2561 2561 0 2552 2552 0 2558 2558 0 2562 2562 0 2557 2557 0 2564 2564 0 2563 2563 0 2562 2562 0 2427 2427 0 2564 2564 0 2562 2562 0 2427 2427 0 2562 2562 0 2558 2558 0 2427 2427 0 2558 2558 0 2423 2423 0 2427 2427 0 2428 2428 0 2564 2564 0 2430 2430 0 2565 2565 0 2431 2431 0 2430 2430 0 2566 2566 0 2565 2565 0 2430 2430 0 2426 2426 0 2566 2566 0 2426 2426 0 2560 2560 0 2566 2566 0 2568 2568 0 2563 2563 0 2564 2564 0 2567 2567 0 2563 2563 0 2568 2568 0 2428 2428 0 2432 2432 0 2568 2568 0 2564 2564 0 2428 2428 0 2568 2568 0 2435 2435 0 2569 2569 0 2436 2436 0 2435 2435 0 2571 2571 0 2569 2569 0 2431 2431 0 2571 2571 0 2435 2435 0 2431 2431 0 2570 2570 0 2571 2571 0 2431 2431 0 2565 2565 0 2570 2570 0 2566 2566 0 2570 2570 0 2565 2565 0 2568 2568 0 2572 2572 0 2567 2567 0 2574 2574 0 2573 2573 0 2572 2572 0 2437 2437 0 2574 2574 0 2572 2572 0 2437 2437 0 2572 2572 0 2568 2568 0 2437 2437 0 2568 2568 0 2432 2432 0 2437 2437 0 2438 2438 0 2574 2574 0 2569 2569 0 2575 2575 0 2441 2441 0 2436 2436 0 2569 2569 0 2441 2441 0 2576 2576 0 2569 2569 0 2571 2571 0 2575 2575 0 2569 2569 0 2576 2576 0 2578 2578 0 2573 2573 0 2574 2574 0 2577 2577 0 2573 2573 0 2578 2578 0 2438 2438 0 2442 2442 0 2578 2578 0 2574 2574 0 2438 2438 0 2578 2578 0 2575 2575 0 2579 2579 0 2580 2580 0 2575 2575 0 2580 2580 0 2441 2441 0 2441 2441 0 2580 2580 0 2445 2445 0 2576 2576 0 2579 2579 0 2575 2575 0 2578 2578 0 2581 2581 0 2577 2577 0 2583 2583 0 2582 2582 0 2581 2581 0 2446 2446 0 2583 2583 0 2581 2581 0 2446 2446 0 2581 2581 0 2578 2578 0 2446 2446 0 2578 2578 0 2442 2442 0 2446 2446 0 2447 2447 0 2583 2583 0 2448 2448 0 2584 2584 0 2449 2449 0 2448 2448 0 2585 2585 0 2584 2584 0 2448 2448 0 2445 2445 0 2585 2585 0 2445 2445 0 2580 2580 0 2585 2585 0 2587 2587 0 2582 2582 0 2583 2583 0 2586 2586 0 2582 2582 0 2587 2587 0 2447 2447 0 2450 2450 0 2587 2587 0 2583 2583 0 2447 2447 0 2587 2587 0 2584 2584 0 2588 2588 0 2452 2452 0 2449 2449 0 2584 2584 0 2452 2452 0 2589 2589 0 2584 2584 0 2585 2585 0 2588 2588 0 2584 2584 0 2589 2589 0 2591 2591 0 2586 2586 0 2587 2587 0 2590 2590 0 2586 2586 0 2591 2591 0 2450 2450 0 2453 2453 0 2591 2591 0 2587 2587 0 2450 2450 0 2591 2591 0 2588 2588 0 2592 2592 0 2456 2456 0 2452 2452 0 2588 2588 0 2456 2456 0 2593 2593 0 2588 2588 0 2589 2589 0 2592 2592 0 2588 2588 0 2593 2593 0 2595 2595 0 2590 2590 0 2591 2591 0 2594 2594 0 2590 2590 0 2595 2595 0 2453 2453 0 2457 2457 0 2595 2595 0 2591 2591 0 2453 2453 0 2595 2595 0 2592 2592 0 2596 2596 0 2459 2459 0 2456 2456 0 2592 2592 0 2459 2459 0 2597 2597 0 2592 2592 0 2593 2593 0 2596 2596 0 2592 2592 0 2597 2597 0 2599 2599 0 2594 2594 0 2595 2595 0 2598 2598 0 2594 2594 0 2599 2599 0 2457 2457 0 2460 2460 0 2599 2599 0 2595 2595 0 2457 2457 0 2599 2599 0 2596 2596 0 2600 2600 0 2461 2461 0 2459 2459 0 2596 2596 0 2461 2461 0 2601 2601 0 2596 2596 0 2597 2597 0 2600 2600 0 2596 2596 0 2601 2601 0 2603 2603 0 2598 2598 0 2599 2599 0 2602 2602 0 2598 2598 0 2603 2603 0 2460 2460 0 2462 2462 0 2603 2603 0 2599 2599 0 2460 2460 0 2603 2603 0 2461 2461 0 2600 2600 0 2463 2463 0 2600 2600 0 2465 2465 0 2463 2463 0 2600 2600 0 2601 2601 0 2465 2465 0 2601 2601 0 2604 2604 0 2465 2465 0 2466 2466 0 2602 2602 0 2603 2603 0 2466 2466 0 2467 2467 0 2602 2602 0 2467 2467 0 2605 2605 0 2602 2602 0 2462 2462 0 2466 2466 0 2603 2603 0 2606 2606 0 2607 2607 0 2470 2470 0 2606 2606 0 2470 2470 0 2604 2604 0 2604 2604 0 2470 2470 0 2465 2465 0 2606 2606 0 2608 2608 0 2607 2607 0 2611 2611 0 2610 2610 0 2609 2609 0 2611 2611 0 2609 2609 0 2605 2605 0 2611 2611 0 2605 2605 0 2471 2471 0 2471 2471 0 2605 2605 0 2467 2467 0 2607 2607 0 2612 2612 0 2473 2473 0 2470 2470 0 2607 2607 0 2473 2473 0 2613 2613 0 2607 2607 0 2608 2608 0 2612 2612 0 2607 2607 0 2613 2613 0 2615 2615 0 2610 2610 0 2611 2611 0 2614 2614 0 2610 2610 0 2615 2615 0 2471 2471 0 2474 2474 0 2615 2615 0 2611 2611 0 2471 2471 0 2615 2615 0 2473 2473 0 2612 2612 0 2475 2475 0 2477 2477 0 2616 2616 0 2617 2617 0 2475 2475 0 2616 2616 0 2477 2477 0 2475 2475 0 2613 2613 0 2616 2616 0 2475 2475 0 2612 2612 0 2613 2613 0 2616 2616 0 2618 2618 0 2617 2617 0 2621 2621 0 2620 2620 0 2619 2619 0 2614 2614 0 2621 2621 0 2619 2619 0 2615 2615 0 2621 2621 0 2614 2614 0 2615 2615 0 2479 2479 0 2621 2621 0 2615 2615 0 2478 2478 0 2479 2479 0 2474 2474 0 2478 2478 0 2615 2615 0 2477 2477 0 2617 2617 0 2481 2481 0 2483 2483 0 2622 2622 0 2623 2623 0 2481 2481 0 2622 2622 0 2483 2483 0 2481 2481 0 2618 2618 0 2622 2622 0 2481 2481 0 2617 2617 0 2618 2618 0 2622 2622 0 2624 2624 0 2623 2623 0 2627 2627 0 2626 2626 0 2625 2625 0 2620 2620 0 2627 2627 0 2625 2625 0 2621 2621 0 2627 2627 0 2620 2620 0 2621 2621 0 2485 2485 0 2627 2627 0 2621 2621 0 2484 2484 0 2485 2485 0 2479 2479 0 2484 2484 0 2621 2621 0 2623 2623 0 2628 2628 0 2488 2488 0 2483 2483 0 2623 2623 0 2488 2488 0 2629 2629 0 2623 2623 0 2624 2624 0 2629 2629 0 2630 2630 0 2623 2623 0 2630 2630 0 2628 2628 0 2623 2623 0 2629 2629 0 2631 2631 0 2630 2630 0 2634 2634 0 2633 2633 0 2632 2632 0 2626 2626 0 2634 2634 0 2632 2632 0 2627 2627 0 2634 2634 0 2626 2626 0 2627 2627 0 2490 2490 0 2634 2634 0 2627 2627 0 2489 2489 0 2490 2490 0 2485 2485 0 2489 2489 0 2627 2627 0 2488 2488 0 2628 2628 0 2492 2492 0 2494 2494 0 2492 2492 0 2628 2628 0 2494 2494 0 2628 2628 0 2635 2635 0 2635 2635 0 2628 2628 0 2630 2630 0 2636 2636 0 2630 2630 0 2631 2631 0 2636 2636 0 2637 2637 0 2630 2630 0 2637 2637 0 2635 2635 0 2630 2630 0 2636 2636 0 2638 2638 0 2637 2637 0 2641 2641 0 2640 2640 0 2639 2639 0 2641 2641 0 2642 2642 0 2643 2643 0 2639 2639 0 2642 2642 0 2641 2641 0 2633 2633 0 2643 2643 0 2642 2642 0 2634 2634 0 2643 2643 0 2633 2633 0 2634 2634 0 2496 2496 0 2643 2643 0 2634 2634 0 2495 2495 0 2496 2496 0 2490 2490 0 2495 2495 0 2634 2634 0 2494 2494 0 2635 2635 0 2498 2498 0 2499 2499 0 2498 2498 0 2635 2635 0 2637 2637 0 2499 2499 0 2635 2635 0 2501 2501 0 2644 2644 0 2645 2645 0 2499 2499 0 2644 2644 0 2501 2501 0 2499 2499 0 2638 2638 0 2644 2644 0 2499 2499 0 2637 2637 0 2638 2638 0 2645 2645 0 2646 2646 0 2647 2647 0 2644 2644 0 2646 2646 0 2645 2645 0 2646 2646 0 2648 2648 0 2647 2647 0 2651 2651 0 2650 2650 0 2649 2649 0 2651 2651 0 2652 2652 0 2653 2653 0 2649 2649 0 2652 2652 0 2651 2651 0 2640 2640 0 2653 2653 0 2652 2652 0 2641 2641 0 2653 2653 0 2640 2640 0 2641 2641 0 2503 2503 0 2653 2653 0 2641 2641 0 2502 2502 0 2503 2503 0 2505 2505 0 2502 2502 0 2641 2641 0 2643 2643 0 2505 2505 0 2641 2641 0 2496 2496 0 2505 2505 0 2643 2643 0 2501 2501 0 2645 2645 0 2507 2507 0 2509 2509 0 2507 2507 0 2645 2645 0 2647 2647 0 2509 2509 0 2645 2645 0 2511 2511 0 2654 2654 0 2655 2655 0 2509 2509 0 2654 2654 0 2511 2511 0 2509 2509 0 2648 2648 0 2654 2654 0 2509 2509 0 2647 2647 0 2648 2648 0 2655 2655 0 2656 2656 0 2657 2657 0 2654 2654 0 2656 2656 0 2655 2655 0 2657 2657 0 2658 2658 0 2659 2659 0 2656 2656 0 2658 2658 0 2657 2657 0 2659 2659 0 2660 2660 0 2661 2661 0 2658 2658 0 2660 2660 0 2659 2659 0 2661 2661 0 2662 2662 0 2663 2663 0 2660 2660 0 2662 2662 0 2661 2661 0 2663 2663 0 2664 2664 0 2665 2665 0 2662 2662 0 2664 2664 0 2663 2663 0 2650 2650 0 2665 2665 0 2664 2664 0 2651 2651 0 2665 2665 0 2650 2650 0 2651 2651 0 2513 2513 0 2665 2665 0 2651 2651 0 2512 2512 0 2513 2513 0 2515 2515 0 2512 2512 0 2651 2651 0 2653 2653 0 2515 2515 0 2651 2651 0 2503 2503 0 2515 2515 0 2653 2653 0 2511 2511 0 2655 2655 0 2517 2517 0 2518 2518 0 2517 2517 0 2655 2655 0 2657 2657 0 2518 2518 0 2655 2655 0 2519 2519 0 2518 2518 0 2657 2657 0 2659 2659 0 2519 2519 0 2657 2657 0 2521 2521 0 2519 2519 0 2659 2659 0 2661 2661 0 2521 2521 0 2659 2659 0 2523 2523 0 2521 2521 0 2661 2661 0 2663 2663 0 2523 2523 0 2661 2661 0 2524 2524 0 2523 2523 0 2663 2663 0 2665 2665 0 2524 2524 0 2663 2663 0 2513 2513 0 2524 2524 0 2665 2665 0 2532 2532 0 2666 2666 0 2533 2533 0 2532 2532 0 2534 2534 0 2667 2667 0 2666 2666 0 2532 2532 0 2667 2667 0 2534 2534 0 2535 2535 0 2668 2668 0 2667 2667 0 2534 2534 0 2668 2668 0 2535 2535 0 2536 2536 0 2669 2669 0 2668 2668 0 2535 2535 0 2669 2669 0 2536 2536 0 2537 2537 0 2670 2670 0 2669 2669 0 2536 2536 0 2670 2670 0 2537 2537 0 2538 2538 0 2671 2671 0 2670 2670 0 2537 2537 0 2671 2671 0 2538 2538 0 2539 2539 0 2672 2672 0 2671 2671 0 2538 2538 0 2672 2672 0 2539 2539 0 2540 2540 0 2672 2672 0 2544 2544 0 2673 2673 0 2545 2545 0 2544 2544 0 2546 2546 0 2674 2674 0 2673 2673 0 2544 2544 0 2674 2674 0 2546 2546 0 2676 2676 0 2674 2674 0 2533 2533 0 2676 2676 0 2546 2546 0 2533 2533 0 2675 2675 0 2676 2676 0 2533 2533 0 2666 2666 0 2675 2675 0 2667 2667 0 2675 2675 0 2666 2666 0 2677 2677 0 2675 2675 0 2667 2667 0 2668 2668 0 2677 2677 0 2667 2667 0 2678 2678 0 2677 2677 0 2668 2668 0 2669 2669 0 2678 2678 0 2668 2668 0 2679 2679 0 2678 2678 0 2669 2669 0 2670 2670 0 2679 2679 0 2669 2669 0 2680 2680 0 2679 2679 0 2670 2670 0 2671 2671 0 2680 2680 0 2670 2670 0 2681 2681 0 2680 2680 0 2671 2671 0 2672 2672 0 2681 2681 0 2671 2671 0 2682 2682 0 2681 2681 0 2672 2672 0 2684 2684 0 2683 2683 0 2682 2682 0 2547 2547 0 2684 2684 0 2682 2682 0 2547 2547 0 2682 2682 0 2672 2672 0 2547 2547 0 2672 2672 0 2540 2540 0 2547 2547 0 2548 2548 0 2685 2685 0 2684 2684 0 2547 2547 0 2685 2685 0 2548 2548 0 2549 2549 0 2685 2685 0 2553 2553 0 2686 2686 0 2554 2554 0 2553 2553 0 2688 2688 0 2686 2686 0 2545 2545 0 2688 2688 0 2553 2553 0 2545 2545 0 2687 2687 0 2688 2688 0 2545 2545 0 2673 2673 0 2687 2687 0 2674 2674 0 2687 2687 0 2673 2673 0 2689 2689 0 2687 2687 0 2674 2674 0 2676 2676 0 2689 2689 0 2674 2674 0 2684 2684 0 2690 2690 0 2683 2683 0 2685 2685 0 2690 2690 0 2684 2684 0 2691 2691 0 2690 2690 0 2685 2685 0 2693 2693 0 2692 2692 0 2691 2691 0 2555 2555 0 2693 2693 0 2691 2691 0 2555 2555 0 2691 2691 0 2685 2685 0 2555 2555 0 2685 2685 0 2549 2549 0 2555 2555 0 2556 2556 0 2694 2694 0 2693 2693 0 2555 2555 0 2694 2694 0 2556 2556 0 2557 2557 0 2694 2694 0 2559 2559 0 2695 2695 0 2560 2560 0 2697 2697 0 2695 2695 0 2559 2559 0 2697 2697 0 2559 2559 0 2696 2696 0 2696 2696 0 2559 2559 0 2561 2561 0 2686 2686 0 2561 2561 0 2554 2554 0 2686 2686 0 2698 2698 0 2561 2561 0 2698 2698 0 2696 2696 0 2561 2561 0 2688 2688 0 2698 2698 0 2686 2686 0 2693 2693 0 2699 2699 0 2692 2692 0 2699 2699 0 2701 2701 0 2700 2700 0 2699 2699 0 2693 2693 0 2701 2701 0 2693 2693 0 2694 2694 0 2701 2701 0 2557 2557 0 2562 2562 0 2702 2702 0 2557 2557 0 2702 2702 0 2694 2694 0 2694 2694 0 2702 2702 0 2701 2701 0 2562 2562 0 2563 2563 0 2702 2702 0 2695 2695 0 2703 2703 0 2566 2566 0 2560 2560 0 2695 2695 0 2566 2566 0 2704 2704 0 2695 2695 0 2697 2697 0 2703 2703 0 2695 2695 0 2704 2704 0 2701 2701 0 2705 2705 0 2700 2700 0 2705 2705 0 2707 2707 0 2706 2706 0 2705 2705 0 2701 2701 0 2707 2707 0 2701 2701 0 2702 2702 0 2707 2707 0 2563 2563 0 2567 2567 0 2707 2707 0 2702 2702 0 2563 2563 0 2707 2707 0 2570 2570 0 2708 2708 0 2571 2571 0 2570 2570 0 2710 2710 0 2708 2708 0 2566 2566 0 2710 2710 0 2570 2570 0 2566 2566 0 2709 2709 0 2710 2710 0 2566 2566 0 2703 2703 0 2709 2709 0 2704 2704 0 2709 2709 0 2703 2703 0 2707 2707 0 2711 2711 0 2706 2706 0 2713 2713 0 2712 2712 0 2711 2711 0 2572 2572 0 2713 2713 0 2711 2711 0 2572 2572 0 2711 2711 0 2707 2707 0 2572 2572 0 2707 2707 0 2567 2567 0 2572 2572 0 2573 2573 0 2713 2713 0 2708 2708 0 2714 2714 0 2576 2576 0 2571 2571 0 2708 2708 0 2576 2576 0 2715 2715 0 2708 2708 0 2710 2710 0 2714 2714 0 2708 2708 0 2715 2715 0 2717 2717 0 2712 2712 0 2713 2713 0 2716 2716 0 2712 2712 0 2717 2717 0 2573 2573 0 2577 2577 0 2717 2717 0 2713 2713 0 2573 2573 0 2717 2717 0 2579 2579 0 2718 2718 0 2580 2580 0 2579 2579 0 2720 2720 0 2718 2718 0 2576 2576 0 2720 2720 0 2579 2579 0 2576 2576 0 2719 2719 0 2720 2720 0 2576 2576 0 2714 2714 0 2719 2719 0 2715 2715 0 2719 2719 0 2714 2714 0 2717 2717 0 2721 2721 0 2716 2716 0 2723 2723 0 2722 2722 0 2721 2721 0 2581 2581 0 2723 2723 0 2721 2721 0 2581 2581 0 2721 2721 0 2717 2717 0 2581 2581 0 2717 2717 0 2577 2577 0 2581 2581 0 2582 2582 0 2723 2723 0 2718 2718 0 2724 2724 0 2585 2585 0 2580 2580 0 2718 2718 0 2585 2585 0 2725 2725 0 2718 2718 0 2720 2720 0 2724 2724 0 2718 2718 0 2725 2725 0 2727 2727 0 2722 2722 0 2723 2723 0 2726 2726 0 2722 2722 0 2727 2727 0 2582 2582 0 2586 2586 0 2727 2727 0 2723 2723 0 2582 2582 0 2727 2727 0 2724 2724 0 2728 2728 0 2589 2589 0 2585 2585 0 2724 2724 0 2589 2589 0 2729 2729 0 2724 2724 0 2725 2725 0 2728 2728 0 2724 2724 0 2729 2729 0 2731 2731 0 2726 2726 0 2727 2727 0 2730 2730 0 2726 2726 0 2731 2731 0 2586 2586 0 2590 2590 0 2731 2731 0 2727 2727 0 2586 2586 0 2731 2731 0 2728 2728 0 2732 2732 0 2593 2593 0 2589 2589 0 2728 2728 0 2593 2593 0 2733 2733 0 2728 2728 0 2729 2729 0 2732 2732 0 2728 2728 0 2733 2733 0 2735 2735 0 2730 2730 0 2731 2731 0 2734 2734 0 2730 2730 0 2735 2735 0 2590 2590 0 2594 2594 0 2735 2735 0 2731 2731 0 2590 2590 0 2735 2735 0 2732 2732 0 2736 2736 0 2597 2597 0 2593 2593 0 2732 2732 0 2597 2597 0 2737 2737 0 2732 2732 0 2733 2733 0 2736 2736 0 2732 2732 0 2737 2737 0 2739 2739 0 2734 2734 0 2735 2735 0 2738 2738 0 2734 2734 0 2739 2739 0 2594 2594 0 2598 2598 0 2739 2739 0 2735 2735 0 2594 2594 0 2739 2739 0 2736 2736 0 2740 2740 0 2601 2601 0 2597 2597 0 2736 2736 0 2601 2601 0 2741 2741 0 2736 2736 0 2737 2737 0 2740 2740 0 2736 2736 0 2741 2741 0 2743 2743 0 2738 2738 0 2739 2739 0 2742 2742 0 2738 2738 0 2743 2743 0 2598 2598 0 2602 2602 0 2743 2743 0 2739 2739 0 2598 2598 0 2743 2743 0 2740 2740 0 2744 2744 0 2604 2604 0 2601 2601 0 2740 2740 0 2604 2604 0 2745 2745 0 2740 2740 0 2741 2741 0 2744 2744 0 2740 2740 0 2745 2745 0 2747 2747 0 2742 2742 0 2743 2743 0 2746 2746 0 2742 2742 0 2747 2747 0 2602 2602 0 2605 2605 0 2747 2747 0 2743 2743 0 2602 2602 0 2747 2747 0 2604 2604 0 2744 2744 0 2606 2606 0 2744 2744 0 2608 2608 0 2606 2606 0 2744 2744 0 2745 2745 0 2608 2608 0 2745 2745 0 2748 2748 0 2608 2608 0 2751 2751 0 2750 2750 0 2749 2749 0 2746 2746 0 2751 2751 0 2749 2749 0 2747 2747 0 2751 2751 0 2746 2746 0 2747 2747 0 2610 2610 0 2751 2751 0 2747 2747 0 2609 2609 0 2610 2610 0 2605 2605 0 2609 2609 0 2747 2747 0 2752 2752 0 2753 2753 0 2613 2613 0 2752 2752 0 2613 2613 0 2748 2748 0 2748 2748 0 2613 2613 0 2608 2608 0 2752 2752 0 2754 2754 0 2753 2753 0 2756 2756 0 2750 2750 0 2751 2751 0 2755 2755 0 2750 2750 0 2756 2756 0 2610 2610 0 2614 2614 0 2756 2756 0 2751 2751 0 2610 2610 0 2756 2756 0 2613 2613 0 2753 2753 0 2616 2616 0 2618 2618 0 2757 2757 0 2758 2758 0 2616 2616 0 2757 2757 0 2618 2618 0 2616 2616 0 2754 2754 0 2757 2757 0 2616 2616 0 2753 2753 0 2754 2754 0 2757 2757 0 2759 2759 0 2758 2758 0 2762 2762 0 2761 2761 0 2760 2760 0 2755 2755 0 2762 2762 0 2760 2760 0 2756 2756 0 2762 2762 0 2755 2755 0 2756 2756 0 2620 2620 0 2762 2762 0 2756 2756 0 2619 2619 0 2620 2620 0 2614 2614 0 2619 2619 0 2756 2756 0 2618 2618 0 2758 2758 0 2622 2622 0 2624 2624 0 2763 2763 0 2764 2764 0 2622 2622 0 2763 2763 0 2624 2624 0 2622 2622 0 2759 2759 0 2763 2763 0 2622 2622 0 2758 2758 0 2759 2759 0 2763 2763 0 2765 2765 0 2764 2764 0 2768 2768 0 2767 2767 0 2766 2766 0 2761 2761 0 2768 2768 0 2766 2766 0 2762 2762 0 2768 2768 0 2761 2761 0 2762 2762 0 2626 2626 0 2768 2768 0 2762 2762 0 2625 2625 0 2626 2626 0 2620 2620 0 2625 2625 0 2762 2762 0 2624 2624 0 2764 2764 0 2629 2629 0 2631 2631 0 2769 2769 0 2770 2770 0 2629 2629 0 2769 2769 0 2631 2631 0 2629 2629 0 2765 2765 0 2769 2769 0 2629 2629 0 2764 2764 0 2765 2765 0 2769 2769 0 2771 2771 0 2770 2770 0 2774 2774 0 2773 2773 0 2772 2772 0 2767 2767 0 2774 2774 0 2772 2772 0 2768 2768 0 2774 2774 0 2767 2767 0 2768 2768 0 2633 2633 0 2774 2774 0 2768 2768 0 2632 2632 0 2633 2633 0 2626 2626 0 2632 2632 0 2768 2768 0 2631 2631 0 2770 2770 0 2636 2636 0 2638 2638 0 2775 2775 0 2776 2776 0 2636 2636 0 2775 2775 0 2638 2638 0 2636 2636 0 2771 2771 0 2775 2775 0 2636 2636 0 2770 2770 0 2771 2771 0 2776 2776 0 2777 2777 0 2778 2778 0 2775 2775 0 2777 2777 0 2776 2776 0 2777 2777 0 2779 2779 0 2778 2778 0 2782 2782 0 2781 2781 0 2780 2780 0 2782 2782 0 2639 2639 0 2640 2640 0 2782 2782 0 2780 2780 0 2639 2639 0 2780 2780 0 2783 2783 0 2639 2639 0 2773 2773 0 2774 2774 0 2642 2642 0 2773 2773 0 2642 2642 0 2783 2783 0 2783 2783 0 2642 2642 0 2639 2639 0 2633 2633 0 2642 2642 0 2774 2774 0 2638 2638 0 2776 2776 0 2644 2644 0 2646 2646 0 2644 2644 0 2776 2776 0 2778 2778 0 2646 2646 0 2776 2776 0 2648 2648 0 2784 2784 0 2785 2785 0 2646 2646 0 2784 2784 0 2648 2648 0 2646 2646 0 2779 2779 0 2784 2784 0 2646 2646 0 2778 2778 0 2779 2779 0 2785 2785 0 2786 2786 0 2787 2787 0 2784 2784 0 2786 2786 0 2785 2785 0 2787 2787 0 2788 2788 0 2789 2789 0 2786 2786 0 2788 2788 0 2787 2787 0 2789 2789 0 2790 2790 0 2791 2791 0 2788 2788 0 2790 2790 0 2789 2789 0 2791 2791 0 2792 2792 0 2793 2793 0 2790 2790 0 2792 2792 0 2791 2791 0 2793 2793 0 2794 2794 0 2795 2795 0 2792 2792 0 2794 2794 0 2793 2793 0 2795 2795 0 2649 2649 0 2650 2650 0 2795 2795 0 2794 2794 0 2649 2649 0 2794 2794 0 2796 2796 0 2649 2649 0 2781 2781 0 2782 2782 0 2652 2652 0 2781 2781 0 2652 2652 0 2796 2796 0 2796 2796 0 2652 2652 0 2649 2649 0 2640 2640 0 2652 2652 0 2782 2782 0 2648 2648 0 2785 2785 0 2654 2654 0 2656 2656 0 2654 2654 0 2785 2785 0 2787 2787 0 2656 2656 0 2785 2785 0 2658 2658 0 2656 2656 0 2787 2787 0 2789 2789 0 2658 2658 0 2787 2787 0 2660 2660 0 2658 2658 0 2789 2789 0 2791 2791 0 2660 2660 0 2789 2789 0 2662 2662 0 2660 2660 0 2791 2791 0 2793 2793 0 2662 2662 0 2791 2791 0 2664 2664 0 2662 2662 0 2793 2793 0 2795 2795 0 2664 2664 0 2793 2793 0 2650 2650 0 2664 2664 0 2795 2795 0 2675 2675 0 2797 2797 0 2676 2676 0 2675 2675 0 2677 2677 0 2798 2798 0 2797 2797 0 2675 2675 0 2798 2798 0 2677 2677 0 2678 2678 0 2799 2799 0 2798 2798 0 2677 2677 0 2799 2799 0 2678 2678 0 2679 2679 0 2800 2800 0 2799 2799 0 2678 2678 0 2800 2800 0 2679 2679 0 2680 2680 0 2801 2801 0 2800 2800 0 2679 2679 0 2801 2801 0 2680 2680 0 2681 2681 0 2802 2802 0 2801 2801 0 2680 2680 0 2802 2802 0 2681 2681 0 2682 2682 0 2803 2803 0 2802 2802 0 2681 2681 0 2803 2803 0 2682 2682 0 2683 2683 0 2803 2803 0 2687 2687 0 2804 2804 0 2688 2688 0 2687 2687 0 2689 2689 0 2805 2805 0 2804 2804 0 2687 2687 0 2805 2805 0 2689 2689 0 2807 2807 0 2805 2805 0 2676 2676 0 2807 2807 0 2689 2689 0 2676 2676 0 2806 2806 0 2807 2807 0 2676 2676 0 2797 2797 0 2806 2806 0 2798 2798 0 2806 2806 0 2797 2797 0 2808 2808 0 2806 2806 0 2798 2798 0 2799 2799 0 2808 2808 0 2798 2798 0 2809 2809 0 2808 2808 0 2799 2799 0 2800 2800 0 2809 2809 0 2799 2799 0 2810 2810 0 2809 2809 0 2800 2800 0 2801 2801 0 2810 2810 0 2800 2800 0 2811 2811 0 2810 2810 0 2801 2801 0 2802 2802 0 2811 2811 0 2801 2801 0 2812 2812 0 2811 2811 0 2802 2802 0 2803 2803 0 2812 2812 0 2802 2802 0 2813 2813 0 2812 2812 0 2803 2803 0 2815 2815 0 2814 2814 0 2813 2813 0 2690 2690 0 2815 2815 0 2813 2813 0 2690 2690 0 2813 2813 0 2803 2803 0 2690 2690 0 2803 2803 0 2683 2683 0 2690 2690 0 2691 2691 0 2816 2816 0 2815 2815 0 2690 2690 0 2816 2816 0 2691 2691 0 2692 2692 0 2816 2816 0 2696 2696 0 2817 2817 0 2697 2697 0 2696 2696 0 2698 2698 0 2818 2818 0 2817 2817 0 2696 2696 0 2818 2818 0 2698 2698 0 2820 2820 0 2818 2818 0 2688 2688 0 2820 2820 0 2698 2698 0 2688 2688 0 2819 2819 0 2820 2820 0 2688 2688 0 2804 2804 0 2819 2819 0 2805 2805 0 2819 2819 0 2804 2804 0 2821 2821 0 2819 2819 0 2805 2805 0 2807 2807 0 2821 2821 0 2805 2805 0 2815 2815 0 2822 2822 0 2814 2814 0 2816 2816 0 2822 2822 0 2815 2815 0 2823 2823 0 2822 2822 0 2816 2816 0 2825 2825 0 2824 2824 0 2823 2823 0 2699 2699 0 2825 2825 0 2823 2823 0 2699 2699 0 2823 2823 0 2816 2816 0 2699 2699 0 2816 2816 0 2692 2692 0 2699 2699 0 2700 2700 0 2825 2825 0 2817 2817 0 2826 2826 0 2704 2704 0 2697 2697 0 2817 2817 0 2704 2704 0 2828 2828 0 2818 2818 0 2827 2827 0 2828 2828 0 2826 2826 0 2818 2818 0 2826 2826 0 2817 2817 0 2818 2818 0 2820 2820 0 2827 2827 0 2818 2818 0 2825 2825 0 2829 2829 0 2824 2824 0 2831 2831 0 2830 2830 0 2829 2829 0 2705 2705 0 2831 2831 0 2829 2829 0 2705 2705 0 2829 2829 0 2825 2825 0 2705 2705 0 2825 2825 0 2700 2700 0 2705 2705 0 2706 2706 0 2831 2831 0 2709 2709 0 2832 2832 0 2710 2710 0 2709 2709 0 2834 2834 0 2832 2832 0 2704 2704 0 2834 2834 0 2709 2709 0 2704 2704 0 2833 2833 0 2834 2834 0 2704 2704 0 2826 2826 0 2833 2833 0 2828 2828 0 2833 2833 0 2826 2826 0 2836 2836 0 2830 2830 0 2831 2831 0 2835 2835 0 2830 2830 0 2836 2836 0 2706 2706 0 2711 2711 0 2837 2837 0 2706 2706 0 2837 2837 0 2831 2831 0 2831 2831 0 2837 2837 0 2836 2836 0 2711 2711 0 2712 2712 0 2837 2837 0 2832 2832 0 2838 2838 0 2715 2715 0 2710 2710 0 2832 2832 0 2715 2715 0 2839 2839 0 2832 2832 0 2834 2834 0 2838 2838 0 2832 2832 0 2839 2839 0 2836 2836 0 2840 2840 0 2835 2835 0 2840 2840 0 2842 2842 0 2841 2841 0 2840 2840 0 2836 2836 0 2842 2842 0 2836 2836 0 2837 2837 0 2842 2842 0 2712 2712 0 2716 2716 0 2842 2842 0 2837 2837 0 2712 2712 0 2842 2842 0 2719 2719 0 2843 2843 0 2720 2720 0 2719 2719 0 2845 2845 0 2843 2843 0 2715 2715 0 2845 2845 0 2719 2719 0 2715 2715 0 2844 2844 0 2845 2845 0 2715 2715 0 2838 2838 0 2844 2844 0 2839 2839 0 2844 2844 0 2838 2838 0 2847 2847 0 2841 2841 0 2842 2842 0 2846 2846 0 2841 2841 0 2847 2847 0 2716 2716 0 2721 2721 0 2848 2848 0 2716 2716 0 2848 2848 0 2842 2842 0 2842 2842 0 2848 2848 0 2847 2847 0 2721 2721 0 2722 2722 0 2848 2848 0 2843 2843 0 2849 2849 0 2725 2725 0 2720 2720 0 2843 2843 0 2725 2725 0 2850 2850 0 2843 2843 0 2845 2845 0 2849 2849 0 2843 2843 0 2850 2850 0 2847 2847 0 2851 2851 0 2846 2846 0 2851 2851 0 2853 2853 0 2852 2852 0 2851 2851 0 2847 2847 0 2853 2853 0 2847 2847 0 2848 2848 0 2853 2853 0 2722 2722 0 2726 2726 0 2853 2853 0 2848 2848 0 2722 2722 0 2853 2853 0 2849 2849 0 2854 2854 0 2729 2729 0 2725 2725 0 2849 2849 0 2729 2729 0 2855 2855 0 2849 2849 0 2850 2850 0 2854 2854 0 2849 2849 0 2855 2855 0 2857 2857 0 2852 2852 0 2853 2853 0 2856 2856 0 2852 2852 0 2857 2857 0 2726 2726 0 2730 2730 0 2857 2857 0 2853 2853 0 2726 2726 0 2857 2857 0 2854 2854 0 2858 2858 0 2733 2733 0 2729 2729 0 2854 2854 0 2733 2733 0 2859 2859 0 2854 2854 0 2855 2855 0 2858 2858 0 2854 2854 0 2859 2859 0 2861 2861 0 2856 2856 0 2857 2857 0 2860 2860 0 2856 2856 0 2861 2861 0 2730 2730 0 2734 2734 0 2861 2861 0 2857 2857 0 2730 2730 0 2861 2861 0 2858 2858 0 2862 2862 0 2737 2737 0 2733 2733 0 2858 2858 0 2737 2737 0 2863 2863 0 2858 2858 0 2859 2859 0 2862 2862 0 2858 2858 0 2863 2863 0 2865 2865 0 2860 2860 0 2861 2861 0 2864 2864 0 2860 2860 0 2865 2865 0 2734 2734 0 2738 2738 0 2865 2865 0 2861 2861 0 2734 2734 0 2865 2865 0 2862 2862 0 2866 2866 0 2741 2741 0 2737 2737 0 2862 2862 0 2741 2741 0 2867 2867 0 2862 2862 0 2863 2863 0 2866 2866 0 2862 2862 0 2867 2867 0 2869 2869 0 2864 2864 0 2865 2865 0 2868 2868 0 2864 2864 0 2869 2869 0 2738 2738 0 2742 2742 0 2869 2869 0 2865 2865 0 2738 2738 0 2869 2869 0 2866 2866 0 2870 2870 0 2745 2745 0 2741 2741 0 2866 2866 0 2745 2745 0 2871 2871 0 2866 2866 0 2867 2867 0 2870 2870 0 2866 2866 0 2871 2871 0 2874 2874 0 2873 2873 0 2872 2872 0 2868 2868 0 2874 2874 0 2872 2872 0 2868 2868 0 2869 2869 0 2874 2874 0 2869 2869 0 2875 2875 0 2874 2874 0 2742 2742 0 2746 2746 0 2875 2875 0 2869 2869 0 2742 2742 0 2875 2875 0 2870 2870 0 2876 2876 0 2748 2748 0 2745 2745 0 2870 2870 0 2748 2748 0 2877 2877 0 2870 2870 0 2871 2871 0 2877 2877 0 2878 2878 0 2870 2870 0 2878 2878 0 2876 2876 0 2870 2870 0 2877 2877 0 2879 2879 0 2878 2878 0 2881 2881 0 2873 2873 0 2874 2874 0 2880 2880 0 2873 2873 0 2881 2881 0 2749 2749 0 2750 2750 0 2881 2881 0 2749 2749 0 2881 2881 0 2875 2875 0 2875 2875 0 2881 2881 0 2874 2874 0 2746 2746 0 2749 2749 0 2875 2875 0 2748 2748 0 2876 2876 0 2752 2752 0 2754 2754 0 2752 2752 0 2876 2876 0 2754 2754 0 2876 2876 0 2882 2882 0 2882 2882 0 2876 2876 0 2878 2878 0 2883 2883 0 2878 2878 0 2879 2879 0 2882 2882 0 2878 2878 0 2883 2883 0 2886 2886 0 2885 2885 0 2884 2884 0 2880 2880 0 2886 2886 0 2884 2884 0 2880 2880 0 2881 2881 0 2886 2886 0 2881 2881 0 2887 2887 0 2886 2886 0 2750 2750 0 2755 2755 0 2887 2887 0 2881 2881 0 2750 2750 0 2887 2887 0 2754 2754 0 2882 2882 0 2757 2757 0 2759 2759 0 2888 2888 0 2889 2889 0 2757 2757 0 2888 2888 0 2759 2759 0 2757 2757 0 2883 2883 0 2888 2888 0 2757 2757 0 2882 2882 0 2883 2883 0 2888 2888 0 2890 2890 0 2889 2889 0 2893 2893 0 2892 2892 0 2891 2891 0 2885 2885 0 2893 2893 0 2891 2891 0 2885 2885 0 2886 2886 0 2893 2893 0 2886 2886 0 2894 2894 0 2893 2893 0 2760 2760 0 2761 2761 0 2894 2894 0 2760 2760 0 2894 2894 0 2887 2887 0 2887 2887 0 2894 2894 0 2886 2886 0 2755 2755 0 2760 2760 0 2887 2887 0 2759 2759 0 2889 2889 0 2763 2763 0 2765 2765 0 2895 2895 0 2896 2896 0 2763 2763 0 2895 2895 0 2765 2765 0 2763 2763 0 2890 2890 0 2895 2895 0 2763 2763 0 2889 2889 0 2890 2890 0 2895 2895 0 2897 2897 0 2896 2896 0 2900 2900 0 2899 2899 0 2898 2898 0 2892 2892 0 2900 2900 0 2898 2898 0 2892 2892 0 2893 2893 0 2900 2900 0 2893 2893 0 2901 2901 0 2900 2900 0 2766 2766 0 2767 2767 0 2901 2901 0 2766 2766 0 2901 2901 0 2894 2894 0 2894 2894 0 2901 2901 0 2893 2893 0 2761 2761 0 2766 2766 0 2894 2894 0 2765 2765 0 2896 2896 0 2769 2769 0 2771 2771 0 2902 2902 0 2903 2903 0 2769 2769 0 2902 2902 0 2771 2771 0 2769 2769 0 2897 2897 0 2902 2902 0 2769 2769 0 2896 2896 0 2897 2897 0 2903 2903 0 2904 2904 0 2905 2905 0 2902 2902 0 2904 2904 0 2903 2903 0 2905 2905 0 2906 2906 0 2907 2907 0 2904 2904 0 2906 2906 0 2905 2905 0 2906 2906 0 2908 2908 0 2907 2907 0 2911 2911 0 2910 2910 0 2909 2909 0 2911 2911 0 2912 2912 0 2913 2913 0 2909 2909 0 2912 2912 0 2911 2911 0 2899 2899 0 2913 2913 0 2912 2912 0 2899 2899 0 2900 2900 0 2913 2913 0 2900 2900 0 2914 2914 0 2913 2913 0 2772 2772 0 2773 2773 0 2914 2914 0 2772 2772 0 2914 2914 0 2901 2901 0 2901 2901 0 2914 2914 0 2900 2900 0 2767 2767 0 2772 2772 0 2901 2901 0 2771 2771 0 2903 2903 0 2775 2775 0 2777 2777 0 2775 2775 0 2903 2903 0 2905 2905 0 2777 2777 0 2903 2903 0 2779 2779 0 2777 2777 0 2905 2905 0 2779 2779 0 2905 2905 0 2915 2915 0 2915 2915 0 2905 2905 0 2907 2907 0 2916 2916 0 2907 2907 0 2908 2908 0 2916 2916 0 2917 2917 0 2907 2907 0 2917 2917 0 2915 2915 0 2907 2907 0 2917 2917 0 2918 2918 0 2919 2919 0 2916 2916 0 2918 2918 0 2917 2917 0 2919 2919 0 2920 2920 0 2921 2921 0 2918 2918 0 2920 2920 0 2919 2919 0 2921 2921 0 2922 2922 0 2923 2923 0 2920 2920 0 2922 2922 0 2921 2921 0 2923 2923 0 2924 2924 0 2925 2925 0 2922 2922 0 2924 2924 0 2923 2923 0 2910 2910 0 2925 2925 0 2924 2924 0 2910 2910 0 2911 2911 0 2925 2925 0 2911 2911 0 2926 2926 0 2925 2925 0 2780 2780 0 2781 2781 0 2926 2926 0 2780 2780 0 2926 2926 0 2913 2913 0 2913 2913 0 2926 2926 0 2911 2911 0 2783 2783 0 2780 2780 0 2913 2913 0 2914 2914 0 2783 2783 0 2913 2913 0 2773 2773 0 2783 2783 0 2914 2914 0 2779 2779 0 2915 2915 0 2784 2784 0 2786 2786 0 2784 2784 0 2915 2915 0 2917 2917 0 2786 2786 0 2915 2915 0 2788 2788 0 2786 2786 0 2917 2917 0 2919 2919 0 2788 2788 0 2917 2917 0 2790 2790 0 2788 2788 0 2919 2919 0 2921 2921 0 2790 2790 0 2919 2919 0 2792 2792 0 2790 2790 0 2921 2921 0 2923 2923 0 2792 2792 0 2921 2921 0 2794 2794 0 2792 2792 0 2923 2923 0 2925 2925 0 2794 2794 0 2923 2923 0 2796 2796 0 2794 2794 0 2925 2925 0 2926 2926 0 2796 2796 0 2925 2925 0 2781 2781 0 2796 2796 0 2926 2926 0 2806 2806 0 2927 2927 0 2807 2807 0 2806 2806 0 2808 2808 0 2928 2928 0 2927 2927 0 2806 2806 0 2928 2928 0 2808 2808 0 2809 2809 0 2929 2929 0 2928 2928 0 2808 2808 0 2929 2929 0 2809 2809 0 2810 2810 0 2930 2930 0 2929 2929 0 2809 2809 0 2930 2930 0 2810 2810 0 2811 2811 0 2931 2931 0 2930 2930 0 2810 2810 0 2931 2931 0 2811 2811 0 2812 2812 0 2932 2932 0 2931 2931 0 2811 2811 0 2932 2932 0 2812 2812 0 2813 2813 0 2933 2933 0 2932 2932 0 2812 2812 0 2933 2933 0 2813 2813 0 2814 2814 0 2933 2933 0 2819 2819 0 2934 2934 0 2820 2820 0 2819 2819 0 2821 2821 0 2935 2935 0 2934 2934 0 2819 2819 0 2935 2935 0 2821 2821 0 2807 2807 0 2927 2927 0 2821 2821 0 2927 2927 0 2935 2935 0 2935 2935 0 2927 2927 0 2936 2936 0 2938 2938 0 2928 2928 0 2937 2937 0 2938 2938 0 2936 2936 0 2928 2928 0 2936 2936 0 2927 2927 0 2928 2928 0 2929 2929 0 2937 2937 0 2928 2928 0 2939 2939 0 2937 2937 0 2929 2929 0 2930 2930 0 2939 2939 0 2929 2929 0 2940 2940 0 2939 2939 0 2930 2930 0 2931 2931 0 2940 2940 0 2930 2930 0 2941 2941 0 2940 2940 0 2931 2931 0 2941 2941 0 2943 2943 0 2942 2942 0 2941 2941 0 2931 2931 0 2943 2943 0 2931 2931 0 2932 2932 0 2943 2943 0 2933 2933 0 2944 2944 0 2932 2932 0 2944 2944 0 2943 2943 0 2932 2932 0 2814 2814 0 2822 2822 0 2945 2945 0 2814 2814 0 2945 2945 0 2933 2933 0 2933 2933 0 2945 2945 0 2944 2944 0 2822 2822 0 2823 2823 0 2946 2946 0 2945 2945 0 2822 2822 0 2946 2946 0 2823 2823 0 2824 2824 0 2946 2946 0 2827 2827 0 2947 2947 0 2828 2828 0 2827 2827 0 2820 2820 0 2934 2934 0 2827 2827 0 2934 2934 0 2947 2947 0 2947 2947 0 2934 2934 0 2948 2948 0 2950 2950 0 2935 2935 0 2949 2949 0 2950 2950 0 2948 2948 0 2935 2935 0 2948 2948 0 2934 2934 0 2935 2935 0 2936 2936 0 2949 2949 0 2935 2935 0 2951 2951 0 2949 2949 0 2936 2936 0 2938 2938 0 2951 2951 0 2936 2936 0 2943 2943 0 2952 2952 0 2942 2942 0 2944 2944 0 2952 2952 0 2943 2943 0 2953 2953 0 2952 2952 0 2944 2944 0 2953 2953 0 2955 2955 0 2954 2954 0 2953 2953 0 2944 2944 0 2955 2955 0 2944 2944 0 2945 2945 0 2955 2955 0 2946 2946 0 2956 2956 0 2945 2945 0 2956 2956 0 2955 2955 0 2945 2945 0 2824 2824 0 2829 2829 0 2957 2957 0 2824 2824 0 2957 2957 0 2946 2946 0 2946 2946 0 2957 2957 0 2956 2956 0 2829 2829 0 2830 2830 0 2957 2957 0 2833 2833 0 2958 2958 0 2834 2834 0 2833 2833 0 2828 2828 0 2947 2947 0 2833 2833 0 2947 2947 0 2958 2958 0 2958 2958 0 2947 2947 0 2959 2959 0 2961 2961 0 2948 2948 0 2960 2960 0 2961 2961 0 2959 2959 0 2948 2948 0 2959 2959 0 2947 2947 0 2948 2948 0 2950 2950 0 2960 2960 0 2948 2948 0 2955 2955 0 2962 2962 0 2954 2954 0 2962 2962 0 2964 2964 0 2963 2963 0 2962 2962 0 2955 2955 0 2964 2964 0 2955 2955 0 2956 2956 0 2964 2964 0 2957 2957 0 2965 2965 0 2956 2956 0 2965 2965 0 2964 2964 0 2956 2956 0 2830 2830 0 2835 2835 0 2965 2965 0 2957 2957 0 2830 2830 0 2965 2965 0 2958 2958 0 2966 2966 0 2839 2839 0 2834 2834 0 2958 2958 0 2839 2839 0 2968 2968 0 2959 2959 0 2967 2967 0 2968 2968 0 2966 2966 0 2959 2959 0 2966 2966 0 2958 2958 0 2959 2959 0 2961 2961 0 2967 2967 0 2959 2959 0 2964 2964 0 2969 2969 0 2963 2963 0 2969 2969 0 2971 2971 0 2970 2970 0 2969 2969 0 2964 2964 0 2971 2971 0 2964 2964 0 2965 2965 0 2971 2971 0 2835 2835 0 2840 2840 0 2972 2972 0 2835 2835 0 2972 2972 0 2965 2965 0 2965 2965 0 2972 2972 0 2971 2971 0 2840 2840 0 2841 2841 0 2972 2972 0 2844 2844 0 2973 2973 0 2845 2845 0 2844 2844 0 2839 2839 0 2966 2966 0 2844 2844 0 2966 2966 0 2973 2973 0 2973 2973 0 2966 2966 0 2974 2974 0 2975 2975 0 2966 2966 0 2968 2968 0 2974 2974 0 2966 2966 0 2975 2975 0 2977 2977 0 2970 2970 0 2971 2971 0 2976 2976 0 2970 2970 0 2977 2977 0 2972 2972 0 2978 2978 0 2971 2971 0 2978 2978 0 2977 2977 0 2971 2971 0 2841 2841 0 2846 2846 0 2978 2978 0 2972 2972 0 2841 2841 0 2978 2978 0 2973 2973 0 2979 2979 0 2850 2850 0 2845 2845 0 2973 2973 0 2850 2850 0 2981 2981 0 2974 2974 0 2980 2980 0 2981 2981 0 2979 2979 0 2974 2974 0 2979 2979 0 2973 2973 0 2974 2974 0 2975 2975 0 2980 2980 0 2974 2974 0 2977 2977 0 2982 2982 0 2976 2976 0 2982 2982 0 2984 2984 0 2983 2983 0 2982 2982 0 2977 2977 0 2984 2984 0 2977 2977 0 2978 2978 0 2984 2984 0 2846 2846 0 2851 2851 0 2985 2985 0 2846 2846 0 2985 2985 0 2978 2978 0 2978 2978 0 2985 2985 0 2984 2984 0 2851 2851 0 2852 2852 0 2985 2985 0 2979 2979 0 2986 2986 0 2855 2855 0 2850 2850 0 2979 2979 0 2855 2855 0 2987 2987 0 2979 2979 0 2981 2981 0 2986 2986 0 2979 2979 0 2987 2987 0 2989 2989 0 2983 2983 0 2984 2984 0 2988 2988 0 2983 2983 0 2989 2989 0 2985 2985 0 2990 2990 0 2984 2984 0 2990 2990 0 2989 2989 0 2984 2984 0 2852 2852 0 2856 2856 0 2990 2990 0 2985 2985 0 2852 2852 0 2990 2990 0 2986 2986 0 2991 2991 0 2859 2859 0 2855 2855 0 2986 2986 0 2859 2859 0 2992 2992 0 2986 2986 0 2987 2987 0 2991 2991 0 2986 2986 0 2992 2992 0 2994 2994 0 2988 2988 0 2989 2989 0 2993 2993 0 2988 2988 0 2994 2994 0 2990 2990 0 2995 2995 0 2989 2989 0 2995 2995 0 2994 2994 0 2989 2989 0 2856 2856 0 2860 2860 0 2995 2995 0 2990 2990 0 2856 2856 0 2995 2995 0 2991 2991 0 2996 2996 0 2863 2863 0 2859 2859 0 2991 2991 0 2863 2863 0 2997 2997 0 2991 2991 0 2992 2992 0 2996 2996 0 2991 2991 0 2997 2997 0 2999 2999 0 2993 2993 0 2994 2994 0 2998 2998 0 2993 2993 0 2999 2999 0 2995 2995 0 3000 3000 0 2994 2994 0 3000 3000 0 2999 2999 0 2994 2994 0 2860 2860 0 2864 2864 0 3000 3000 0 2995 2995 0 2860 2860 0 3000 3000 0 2996 2996 0 3001 3001 0 2867 2867 0 2863 2863 0 2996 2996 0 2867 2867 0 3002 3002 0 2996 2996 0 2997 2997 0 3002 3002 0 3003 3003 0 2996 2996 0 3003 3003 0 3001 3001 0 2996 2996 0 3002 3002 0 3004 3004 0 3003 3003 0 3006 3006 0 2998 2998 0 2999 2999 0 3005 3005 0 2998 2998 0 3006 3006 0 3000 3000 0 3007 3007 0 2999 2999 0 3007 3007 0 3006 3006 0 2999 2999 0 2864 2864 0 2868 2868 0 3007 3007 0 3000 3000 0 2864 2864 0 3007 3007 0 3001 3001 0 3008 3008 0 2871 2871 0 2867 2867 0 3001 3001 0 2871 2871 0 3003 3003 0 3009 3009 0 3001 3001 0 3009 3009 0 3008 3008 0 3001 3001 0 3010 3010 0 3003 3003 0 3004 3004 0 3009 3009 0 3003 3003 0 3010 3010 0 3013 3013 0 3012 3012 0 3011 3011 0 3005 3005 0 3013 3013 0 3011 3011 0 3005 3005 0 3006 3006 0 3013 3013 0 3006 3006 0 3014 3014 0 3013 3013 0 2872 2872 0 2873 2873 0 3014 3014 0 2872 2872 0 3014 3014 0 3007 3007 0 3007 3007 0 3014 3014 0 3006 3006 0 2868 2868 0 2872 2872 0 3007 3007 0 2871 2871 0 3008 3008 0 2877 2877 0 2879 2879 0 2877 2877 0 3008 3008 0 2879 2879 0 3008 3008 0 3015 3015 0 3015 3015 0 3008 3008 0 3009 3009 0 3016 3016 0 3009 3009 0 3010 3010 0 3016 3016 0 3017 3017 0 3009 3009 0 3017 3017 0 3015 3015 0 3009 3009 0 3016 3016 0 3018 3018 0 3017 3017 0 3020 3020 0 3012 3012 0 3013 3013 0 3019 3019 0 3012 3012 0 3020 3020 0 3014 3014 0 3021 3021 0 3013 3013 0 3021 3021 0 3020 3020 0 3013 3013 0 2873 2873 0 2880 2880 0 3021 3021 0 3014 3014 0 2873 2873 0 3021 3021 0 3015 3015 0 3022 3022 0 2883 2883 0 2879 2879 0 3015 3015 0 2883 2883 0 3017 3017 0 3023 3023 0 3015 3015 0 3023 3023 0 3022 3022 0 3015 3015 0 3024 3024 0 3017 3017 0 3018 3018 0 3023 3023 0 3017 3017 0 3024 3024 0 3027 3027 0 3026 3026 0 3025 3025 0 3019 3019 0 3027 3027 0 3025 3025 0 3019 3019 0 3020 3020 0 3027 3027 0 3020 3020 0 3028 3028 0 3027 3027 0 2884 2884 0 2885 2885 0 3028 3028 0 2884 2884 0 3028 3028 0 3021 3021 0 3021 3021 0 3028 3028 0 3020 3020 0 2880 2880 0 2884 2884 0 3021 3021 0 2883 2883 0 3022 3022 0 2888 2888 0 2890 2890 0 2888 2888 0 3022 3022 0 2890 2890 0 3022 3022 0 3029 3029 0 3029 3029 0 3022 3022 0 3023 3023 0 3030 3030 0 3023 3023 0 3024 3024 0 3030 3030 0 3031 3031 0 3023 3023 0 3031 3031 0 3029 3029 0 3023 3023 0 3031 3031 0 3032 3032 0 3033 3033 0 3030 3030 0 3032 3032 0 3031 3031 0 3032 3032 0 3034 3034 0 3033 3033 0 3037 3037 0 3036 3036 0 3035 3035 0 3026 3026 0 3037 3037 0 3035 3035 0 3026 3026 0 3027 3027 0 3037 3037 0 3027 3027 0 3038 3038 0 3037 3037 0 2891 2891 0 2892 2892 0 3038 3038 0 2891 2891 0 3038 3038 0 3028 3028 0 3028 3028 0 3038 3038 0 3027 3027 0 2885 2885 0 2891 2891 0 3028 3028 0 2890 2890 0 3029 3029 0 2895 2895 0 2897 2897 0 2895 2895 0 3029 3029 0 2897 2897 0 3029 3029 0 3039 3039 0 3039 3039 0 3029 3029 0 3031 3031 0 3033 3033 0 3040 3040 0 3031 3031 0 3040 3040 0 3039 3039 0 3031 3031 0 3041 3041 0 3033 3033 0 3034 3034 0 3041 3041 0 3042 3042 0 3033 3033 0 3042 3042 0 3040 3040 0 3033 3033 0 3042 3042 0 3043 3043 0 3044 3044 0 3041 3041 0 3043 3043 0 3042 3042 0 3044 3044 0 3045 3045 0 3046 3046 0 3043 3043 0 3045 3045 0 3044 3044 0 3046 3046 0 3047 3047 0 3048 3048 0 3045 3045 0 3047 3047 0 3046 3046 0 3048 3048 0 3049 3049 0 3050 3050 0 3047 3047 0 3049 3049 0 3048 3048 0 3050 3050 0 3051 3051 0 3052 3052 0 3049 3049 0 3051 3051 0 3050 3050 0 3052 3052 0 3053 3053 0 3054 3054 0 3051 3051 0 3053 3053 0 3052 3052 0 3036 3036 0 3054 3054 0 3053 3053 0 3036 3036 0 3037 3037 0 3054 3054 0 3037 3037 0 3055 3055 0 3054 3054 0 2898 2898 0 2899 2899 0 3055 3055 0 2898 2898 0 3055 3055 0 3038 3038 0 3038 3038 0 3055 3055 0 3037 3037 0 2892 2892 0 2898 2898 0 3038 3038 0 2897 2897 0 3039 3039 0 2902 2902 0 2904 2904 0 2902 2902 0 3039 3039 0 3040 3040 0 2904 2904 0 3039 3039 0 2906 2906 0 2904 2904 0 3040 3040 0 3042 3042 0 2906 2906 0 3040 3040 0 2908 2908 0 2906 2906 0 3042 3042 0 2908 2908 0 3042 3042 0 3056 3056 0 3056 3056 0 3042 3042 0 3044 3044 0 3046 3046 0 3057 3057 0 3044 3044 0 3057 3057 0 3056 3056 0 3044 3044 0 3048 3048 0 3058 3058 0 3046 3046 0 3058 3058 0 3057 3057 0 3046 3046 0 3050 3050 0 3059 3059 0 3048 3048 0 3059 3059 0 3058 3058 0 3048 3048 0 3052 3052 0 3060 3060 0 3050 3050 0 3060 3060 0 3059 3059 0 3050 3050 0 2909 2909 0 2910 2910 0 3060 3060 0 2909 2909 0 3060 3060 0 3054 3054 0 3054 3054 0 3060 3060 0 3052 3052 0 2912 2912 0 2909 2909 0 3054 3054 0 3055 3055 0 2912 2912 0 3054 3054 0 2899 2899 0 2912 2912 0 3055 3055 0 2908 2908 0 3056 3056 0 2916 2916 0 2918 2918 0 2916 2916 0 3056 3056 0 3057 3057 0 2918 2918 0 3056 3056 0 2920 2920 0 2918 2918 0 3057 3057 0 3058 3058 0 2920 2920 0 3057 3057 0 2922 2922 0 2920 2920 0 3058 3058 0 3059 3059 0 2922 2922 0 3058 3058 0 2924 2924 0 2922 2922 0 3059 3059 0 3060 3060 0 2924 2924 0 3059 3059 0 2910 2910 0 2924 2924 0 3060 3060 0 2937 2937 0 3061 3061 0 2938 2938 0 2937 2937 0 2939 2939 0 3062 3062 0 3061 3061 0 2937 2937 0 3062 3062 0 2939 2939 0 2940 2940 0 3063 3063 0 3062 3062 0 2939 2939 0 3063 3063 0 2940 2940 0 2941 2941 0 3064 3064 0 3063 3063 0 2940 2940 0 3064 3064 0 2941 2941 0 2942 2942 0 3064 3064 0 2949 2949 0 3065 3065 0 2950 2950 0 2949 2949 0 2951 2951 0 3066 3066 0 3065 3065 0 2949 2949 0 3066 3066 0 2951 2951 0 2938 2938 0 3061 3061 0 2951 2951 0 3061 3061 0 3066 3066 0 3066 3066 0 3061 3061 0 3067 3067 0 3062 3062 0 3068 3068 0 3061 3061 0 3068 3068 0 3067 3067 0 3061 3061 0 3063 3063 0 3069 3069 0 3062 3062 0 3069 3069 0 3068 3068 0 3062 3062 0 3064 3064 0 3070 3070 0 3063 3063 0 3070 3070 0 3069 3069 0 3063 3063 0 2942 2942 0 2952 2952 0 3071 3071 0 2942 2942 0 3071 3071 0 3064 3064 0 3064 3064 0 3071 3071 0 3070 3070 0 2952 2952 0 2953 2953 0 3072 3072 0 3071 3071 0 2952 2952 0 3072 3072 0 2953 2953 0 2954 2954 0 3072 3072 0 2960 2960 0 3073 3073 0 2961 2961 0 2960 2960 0 2950 2950 0 3065 3065 0 2960 2960 0 3065 3065 0 3073 3073 0 3073 3073 0 3065 3065 0 3074 3074 0 3066 3066 0 3075 3075 0 3065 3065 0 3075 3075 0 3074 3074 0 3065 3065 0 3067 3067 0 3076 3076 0 3066 3066 0 3076 3076 0 3075 3075 0 3066 3066 0 3078 3078 0 3068 3068 0 3077 3077 0 3078 3078 0 3076 3076 0 3068 3068 0 3076 3076 0 3067 3067 0 3068 3068 0 3069 3069 0 3077 3077 0 3068 3068 0 3079 3079 0 3077 3077 0 3069 3069 0 3079 3079 0 3081 3081 0 3080 3080 0 3079 3079 0 3069 3069 0 3081 3081 0 3069 3069 0 3070 3070 0 3081 3081 0 3071 3071 0 3082 3082 0 3070 3070 0 3082 3082 0 3081 3081 0 3070 3070 0 3072 3072 0 3083 3083 0 3071 3071 0 3083 3083 0 3082 3082 0 3071 3071 0 2954 2954 0 2962 2962 0 3084 3084 0 2954 2954 0 3084 3084 0 3072 3072 0 3072 3072 0 3084 3084 0 3083 3083 0 2962 2962 0 2963 2963 0 3084 3084 0 2967 2967 0 3085 3085 0 2968 2968 0 2967 2967 0 2961 2961 0 3073 3073 0 2967 2967 0 3073 3073 0 3085 3085 0 3085 3085 0 3073 3073 0 3086 3086 0 3074 3074 0 3087 3087 0 3073 3073 0 3087 3087 0 3086 3086 0 3073 3073 0 3089 3089 0 3075 3075 0 3088 3088 0 3089 3089 0 3087 3087 0 3075 3075 0 3087 3087 0 3074 3074 0 3075 3075 0 3076 3076 0 3088 3088 0 3075 3075 0 3090 3090 0 3088 3088 0 3076 3076 0 3078 3078 0 3090 3090 0 3076 3076 0 3081 3081 0 3091 3091 0 3080 3080 0 3082 3082 0 3091 3091 0 3081 3081 0 3092 3092 0 3091 3091 0 3082 3082 0 3092 3092 0 3094 3094 0 3093 3093 0 3092 3092 0 3082 3082 0 3094 3094 0 3082 3082 0 3083 3083 0 3094 3094 0 3084 3084 0 3095 3095 0 3083 3083 0 3095 3095 0 3094 3094 0 3083 3083 0 2963 2963 0 2969 2969 0 3096 3096 0 2963 2963 0 3096 3096 0 3084 3084 0 3084 3084 0 3096 3096 0 3095 3095 0 2969 2969 0 2970 2970 0 3096 3096 0 3085 3085 0 3097 3097 0 2975 2975 0 2968 2968 0 3085 3085 0 2975 2975 0 3086 3086 0 3098 3098 0 3085 3085 0 3098 3098 0 3097 3097 0 3085 3085 0 3100 3100 0 3087 3087 0 3099 3099 0 3100 3100 0 3098 3098 0 3087 3087 0 3098 3098 0 3086 3086 0 3087 3087 0 3089 3089 0 3099 3099 0 3087 3087 0 3094 3094 0 3101 3101 0 3093 3093 0 3101 3101 0 3103 3103 0 3102 3102 0 3101 3101 0 3094 3094 0 3103 3103 0 3094 3094 0 3095 3095 0 3103 3103 0 3096 3096 0 3104 3104 0 3095 3095 0 3104 3104 0 3103 3103 0 3095 3095 0 2970 2970 0 2976 2976 0 3104 3104 0 3096 3096 0 2970 2970 0 3104 3104 0 2980 2980 0 3105 3105 0 2981 2981 0 2980 2980 0 2975 2975 0 3097 3097 0 2980 2980 0 3097 3097 0 3105 3105 0 3105 3105 0 3097 3097 0 3106 3106 0 3098 3098 0 3107 3107 0 3097 3097 0 3107 3107 0 3106 3106 0 3097 3097 0 3108 3108 0 3098 3098 0 3100 3100 0 3107 3107 0 3098 3098 0 3108 3108 0 3110 3110 0 3102 3102 0 3103 3103 0 3109 3109 0 3102 3102 0 3110 3110 0 3104 3104 0 3111 3111 0 3103 3103 0 3111 3111 0 3110 3110 0 3103 3103 0 2976 2976 0 2982 2982 0 3112 3112 0 2976 2976 0 3112 3112 0 3104 3104 0 3104 3104 0 3112 3112 0 3111 3111 0 2982 2982 0 2983 2983 0 3112 3112 0 3105 3105 0 3113 3113 0 2987 2987 0 2981 2981 0 3105 3105 0 2987 2987 0 3106 3106 0 3114 3114 0 3105 3105 0 3114 3114 0 3113 3113 0 3105 3105 0 3107 3107 0 3115 3115 0 3106 3106 0 3115 3115 0 3114 3114 0 3106 3106 0 3116 3116 0 3107 3107 0 3108 3108 0 3115 3115 0 3107 3107 0 3116 3116 0 3118 3118 0 3109 3109 0 3110 3110 0 3117 3117 0 3109 3109 0 3118 3118 0 3111 3111 0 3119 3119 0 3110 3110 0 3119 3119 0 3118 3118 0 3110 3110 0 3112 3112 0 3120 3120 0 3111 3111 0 3120 3120 0 3119 3119 0 3111 3111 0 2983 2983 0 2988 2988 0 3120 3120 0 3112 3112 0 2983 2983 0 3120 3120 0 3113 3113 0 3121 3121 0 2992 2992 0 2987 2987 0 3113 3113 0 2992 2992 0 3114 3114 0 3122 3122 0 3113 3113 0 3122 3122 0 3121 3121 0 3113 3113 0 3115 3115 0 3123 3123 0 3114 3114 0 3123 3123 0 3122 3122 0 3114 3114 0 3124 3124 0 3115 3115 0 3116 3116 0 3123 3123 0 3115 3115 0 3124 3124 0 3126 3126 0 3117 3117 0 3118 3118 0 3125 3125 0 3117 3117 0 3126 3126 0 3119 3119 0 3127 3127 0 3118 3118 0 3127 3127 0 3126 3126 0 3118 3118 0 3120 3120 0 3128 3128 0 3119 3119 0 3128 3128 0 3127 3127 0 3119 3119 0 2988 2988 0 2993 2993 0 3128 3128 0 3120 3120 0 2988 2988 0 3128 3128 0 3121 3121 0 3129 3129 0 2997 2997 0 2992 2992 0 3121 3121 0 2997 2997 0 3122 3122 0 3130 3130 0 3121 3121 0 3130 3130 0 3129 3129 0 3121 3121 0 3123 3123 0 3131 3131 0 3122 3122 0 3131 3131 0 3130 3130 0 3122 3122 0 3132 3132 0 3123 3123 0 3124 3124 0 3131 3131 0 3123 3123 0 3132 3132 0 3134 3134 0 3125 3125 0 3126 3126 0 3133 3133 0 3125 3125 0 3134 3134 0 3127 3127 0 3135 3135 0 3126 3126 0 3135 3135 0 3134 3134 0 3126 3126 0 3128 3128 0 3136 3136 0 3127 3127 0 3136 3136 0 3135 3135 0 3127 3127 0 2993 2993 0 2998 2998 0 3136 3136 0 3128 3128 0 2993 2993 0 3136 3136 0 2997 2997 0 3129 3129 0 3002 3002 0 3004 3004 0 3002 3002 0 3129 3129 0 3004 3004 0 3129 3129 0 3137 3137 0 3137 3137 0 3129 3129 0 3130 3130 0 3131 3131 0 3138 3138 0 3130 3130 0 3138 3138 0 3137 3137 0 3130 3130 0 3139 3139 0 3131 3131 0 3132 3132 0 3138 3138 0 3131 3131 0 3139 3139 0 3141 3141 0 3133 3133 0 3134 3134 0 3140 3140 0 3133 3133 0 3141 3141 0 3135 3135 0 3142 3142 0 3134 3134 0 3142 3142 0 3141 3141 0 3134 3134 0 3136 3136 0 3143 3143 0 3135 3135 0 3143 3143 0 3142 3142 0 3135 3135 0 2998 2998 0 3005 3005 0 3143 3143 0 3136 3136 0 2998 2998 0 3143 3143 0 3137 3137 0 3144 3144 0 3010 3010 0 3004 3004 0 3137 3137 0 3010 3010 0 3138 3138 0 3145 3145 0 3137 3137 0 3145 3145 0 3144 3144 0 3137 3137 0 3146 3146 0 3138 3138 0 3139 3139 0 3146 3146 0 3147 3147 0 3138 3138 0 3147 3147 0 3145 3145 0 3138 3138 0 3146 3146 0 3148 3148 0 3147 3147 0 3151 3151 0 3150 3150 0 3149 3149 0 3140 3140 0 3151 3151 0 3149 3149 0 3140 3140 0 3141 3141 0 3151 3151 0 3141 3141 0 3152 3152 0 3151 3151 0 3142 3142 0 3153 3153 0 3141 3141 0 3153 3153 0 3152 3152 0 3141 3141 0 3011 3011 0 3012 3012 0 3153 3153 0 3011 3011 0 3153 3153 0 3143 3143 0 3143 3143 0 3153 3153 0 3142 3142 0 3005 3005 0 3011 3011 0 3143 3143 0 3010 3010 0 3144 3144 0 3016 3016 0 3018 3018 0 3016 3016 0 3144 3144 0 3018 3018 0 3144 3144 0 3154 3154 0 3154 3154 0 3144 3144 0 3145 3145 0 3147 3147 0 3155 3155 0 3145 3145 0 3155 3155 0 3154 3154 0 3145 3145 0 3156 3156 0 3147 3147 0 3148 3148 0 3156 3156 0 3157 3157 0 3147 3147 0 3157 3157 0 3155 3155 0 3147 3147 0 3157 3157 0 3158 3158 0 3159 3159 0 3156 3156 0 3158 3158 0 3157 3157 0 3158 3158 0 3160 3160 0 3159 3159 0 3163 3163 0 3162 3162 0 3161 3161 0 3150 3150 0 3163 3163 0 3161 3161 0 3150 3150 0 3151 3151 0 3163 3163 0 3151 3151 0 3164 3164 0 3163 3163 0 3152 3152 0 3165 3165 0 3151 3151 0 3165 3165 0 3164 3164 0 3151 3151 0 3153 3153 0 3166 3166 0 3152 3152 0 3166 3166 0 3165 3165 0 3152 3152 0 3012 3012 0 3019 3019 0 3166 3166 0 3153 3153 0 3012 3012 0 3166 3166 0 3154 3154 0 3167 3167 0 3024 3024 0 3018 3018 0 3154 3154 0 3024 3024 0 3155 3155 0 3168 3168 0 3154 3154 0 3168 3168 0 3167 3167 0 3154 3154 0 3157 3157 0 3169 3169 0 3155 3155 0 3169 3169 0 3168 3168 0 3155 3155 0 3159 3159 0 3170 3170 0 3157 3157 0 3170 3170 0 3169 3169 0 3157 3157 0 3171 3171 0 3159 3159 0 3160 3160 0 3171 3171 0 3172 3172 0 3159 3159 0 3172 3172 0 3170 3170 0 3159 3159 0 3172 3172 0 3173 3173 0 3174 3174 0 3171 3171 0 3173 3173 0 3172 3172 0 3174 3174 0 3175 3175 0 3176 3176 0 3173 3173 0 3175 3175 0 3174 3174 0 3162 3162 0 3176 3176 0 3175 3175 0 3162 3162 0 3163 3163 0 3176 3176 0 3163 3163 0 3177 3177 0 3176 3176 0 3164 3164 0 3178 3178 0 3163 3163 0 3178 3178 0 3177 3177 0 3163 3163 0 3165 3165 0 3179 3179 0 3164 3164 0 3179 3179 0 3178 3178 0 3164 3164 0 3025 3025 0 3026 3026 0 3179 3179 0 3025 3025 0 3179 3179 0 3166 3166 0 3166 3166 0 3179 3179 0 3165 3165 0 3019 3019 0 3025 3025 0 3166 3166 0 3024 3024 0 3167 3167 0 3030 3030 0 3032 3032 0 3030 3030 0 3167 3167 0 3168 3168 0 3032 3032 0 3167 3167 0 3034 3034 0 3032 3032 0 3168 3168 0 3034 3034 0 3168 3168 0 3180 3180 0 3180 3180 0 3168 3168 0 3169 3169 0 3170 3170 0 3181 3181 0 3169 3169 0 3181 3181 0 3180 3180 0 3169 3169 0 3172 3172 0 3182 3182 0 3170 3170 0 3182 3182 0 3181 3181 0 3170 3170 0 3174 3174 0 3183 3183 0 3172 3172 0 3183 3183 0 3182 3182 0 3172 3172 0 3176 3176 0 3184 3184 0 3174 3174 0 3184 3184 0 3183 3183 0 3174 3174 0 3177 3177 0 3185 3185 0 3176 3176 0 3185 3185 0 3184 3184 0 3176 3176 0 3178 3178 0 3186 3186 0 3177 3177 0 3186 3186 0 3185 3185 0 3177 3177 0 3035 3035 0 3036 3036 0 3186 3186 0 3035 3035 0 3186 3186 0 3179 3179 0 3179 3179 0 3186 3186 0 3178 3178 0 3026 3026 0 3035 3035 0 3179 3179 0 3034 3034 0 3180 3180 0 3041 3041 0 3043 3043 0 3041 3041 0 3180 3180 0 3181 3181 0 3043 3043 0 3180 3180 0 3045 3045 0 3043 3043 0 3181 3181 0 3182 3182 0 3045 3045 0 3181 3181 0 3047 3047 0 3045 3045 0 3182 3182 0 3183 3183 0 3047 3047 0 3182 3182 0 3049 3049 0 3047 3047 0 3183 3183 0 3184 3184 0 3049 3049 0 3183 3183 0 3051 3051 0 3049 3049 0 3184 3184 0 3185 3185 0 3051 3051 0 3184 3184 0 3053 3053 0 3051 3051 0 3185 3185 0 3186 3186 0 3053 3053 0 3185 3185 0 3036 3036 0 3053 3053 0 3186 3186 0 3077 3077 0 3187 3187 0 3078 3078 0 3077 3077 0 3079 3079 0 3188 3188 0 3187 3187 0 3077 3077 0 3188 3188 0 3079 3079 0 3080 3080 0 3188 3188 0 3088 3088 0 3189 3189 0 3089 3089 0 3088 3088 0 3090 3090 0 3190 3190 0 3189 3189 0 3088 3088 0 3190 3190 0 3090 3090 0 3078 3078 0 3187 3187 0 3090 3090 0 3187 3187 0 3190 3190 0 3190 3190 0 3187 3187 0 3191 3191 0 3188 3188 0 3192 3192 0 3187 3187 0 3192 3192 0 3191 3191 0 3187 3187 0 3080 3080 0 3091 3091 0 3193 3193 0 3080 3080 0 3193 3193 0 3188 3188 0 3188 3188 0 3193 3193 0 3192 3192 0 3091 3091 0 3092 3092 0 3194 3194 0 3193 3193 0 3091 3091 0 3194 3194 0 3092 3092 0 3093 3093 0 3194 3194 0 3099 3099 0 3195 3195 0 3100 3100 0 3099 3099 0 3089 3089 0 3189 3189 0 3099 3099 0 3189 3189 0 3195 3195 0 3195 3195 0 3189 3189 0 3196 3196 0 3190 3190 0 3197 3197 0 3189 3189 0 3197 3197 0 3196 3196 0 3189 3189 0 3191 3191 0 3198 3198 0 3190 3190 0 3198 3198 0 3197 3197 0 3190 3190 0 3192 3192 0 3199 3199 0 3191 3191 0 3199 3199 0 3198 3198 0 3191 3191 0 3193 3193 0 3200 3200 0 3192 3192 0 3200 3200 0 3199 3199 0 3192 3192 0 3194 3194 0 3201 3201 0 3193 3193 0 3201 3201 0 3200 3200 0 3193 3193 0 3093 3093 0 3101 3101 0 3202 3202 0 3093 3093 0 3202 3202 0 3194 3194 0 3194 3194 0 3202 3202 0 3201 3201 0 3101 3101 0 3102 3102 0 3202 3202 0 3195 3195 0 3203 3203 0 3108 3108 0 3100 3100 0 3195 3195 0 3108 3108 0 3196 3196 0 3204 3204 0 3195 3195 0 3204 3204 0 3203 3203 0 3195 3195 0 3197 3197 0 3205 3205 0 3196 3196 0 3205 3205 0 3204 3204 0 3196 3196 0 3198 3198 0 3206 3206 0 3197 3197 0 3206 3206 0 3205 3205 0 3197 3197 0 3199 3199 0 3207 3207 0 3198 3198 0 3207 3207 0 3206 3206 0 3198 3198 0 3200 3200 0 3208 3208 0 3199 3199 0 3208 3208 0 3207 3207 0 3199 3199 0 3201 3201 0 3209 3209 0 3200 3200 0 3209 3209 0 3208 3208 0 3200 3200 0 3202 3202 0 3210 3210 0 3201 3201 0 3210 3210 0 3209 3209 0 3201 3201 0 3102 3102 0 3109 3109 0 3210 3210 0 3202 3202 0 3102 3102 0 3210 3210 0 3203 3203 0 3211 3211 0 3116 3116 0 3108 3108 0 3203 3203 0 3116 3116 0 3204 3204 0 3212 3212 0 3203 3203 0 3212 3212 0 3211 3211 0 3203 3203 0 3205 3205 0 3213 3213 0 3204 3204 0 3213 3213 0 3212 3212 0 3204 3204 0 3206 3206 0 3214 3214 0 3205 3205 0 3214 3214 0 3213 3213 0 3205 3205 0 3207 3207 0 3215 3215 0 3206 3206 0 3215 3215 0 3214 3214 0 3206 3206 0 3208 3208 0 3216 3216 0 3207 3207 0 3216 3216 0 3215 3215 0 3207 3207 0 3209 3209 0 3217 3217 0 3208 3208 0 3217 3217 0 3216 3216 0 3208 3208 0 3210 3210 0 3218 3218 0 3209 3209 0 3218 3218 0 3217 3217 0 3209 3209 0 3109 3109 0 3117 3117 0 3218 3218 0 3210 3210 0 3109 3109 0 3218 3218 0 3211 3211 0 3219 3219 0 3124 3124 0 3116 3116 0 3211 3211 0 3124 3124 0 3212 3212 0 3220 3220 0 3211 3211 0 3220 3220 0 3219 3219 0 3211 3211 0 3213 3213 0 3221 3221 0 3212 3212 0 3221 3221 0 3220 3220 0 3212 3212 0 3214 3214 0 3222 3222 0 3213 3213 0 3222 3222 0 3221 3221 0 3213 3213 0 3215 3215 0 3223 3223 0 3214 3214 0 3223 3223 0 3222 3222 0 3214 3214 0 3216 3216 0 3224 3224 0 3215 3215 0 3224 3224 0 3223 3223 0 3215 3215 0 3217 3217 0 3225 3225 0 3216 3216 0 3225 3225 0 3224 3224 0 3216 3216 0 3218 3218 0 3226 3226 0 3217 3217 0 3226 3226 0 3225 3225 0 3217 3217 0 3117 3117 0 3125 3125 0 3226 3226 0 3218 3218 0 3117 3117 0 3226 3226 0 3219 3219 0 3227 3227 0 3132 3132 0 3124 3124 0 3219 3219 0 3132 3132 0 3220 3220 0 3228 3228 0 3219 3219 0 3228 3228 0 3227 3227 0 3219 3219 0 3221 3221 0 3229 3229 0 3220 3220 0 3229 3229 0 3228 3228 0 3220 3220 0 3222 3222 0 3230 3230 0 3221 3221 0 3230 3230 0 3229 3229 0 3221 3221 0 3223 3223 0 3231 3231 0 3222 3222 0 3231 3231 0 3230 3230 0 3222 3222 0 3224 3224 0 3232 3232 0 3223 3223 0 3232 3232 0 3231 3231 0 3223 3223 0 3225 3225 0 3233 3233 0 3224 3224 0 3233 3233 0 3232 3232 0 3224 3224 0 3226 3226 0 3234 3234 0 3225 3225 0 3234 3234 0 3233 3233 0 3225 3225 0 3125 3125 0 3133 3133 0 3234 3234 0 3226 3226 0 3125 3125 0 3234 3234 0 3227 3227 0 3235 3235 0 3139 3139 0 3132 3132 0 3227 3227 0 3139 3139 0 3228 3228 0 3236 3236 0 3227 3227 0 3236 3236 0 3235 3235 0 3227 3227 0 3229 3229 0 3237 3237 0 3228 3228 0 3237 3237 0 3236 3236 0 3228 3228 0 3230 3230 0 3238 3238 0 3229 3229 0 3238 3238 0 3237 3237 0 3229 3229 0 3231 3231 0 3239 3239 0 3230 3230 0 3239 3239 0 3238 3238 0 3230 3230 0 3232 3232 0 3240 3240 0 3231 3231 0 3240 3240 0 3239 3239 0 3231 3231 0 3233 3233 0 3241 3241 0 3232 3232 0 3241 3241 0 3240 3240 0 3232 3232 0 3234 3234 0 3242 3242 0 3233 3233 0 3242 3242 0 3241 3241 0 3233 3233 0 3133 3133 0 3140 3140 0 3242 3242 0 3234 3234 0 3133 3133 0 3242 3242 0 3139 3139 0 3235 3235 0 3146 3146 0 3148 3148 0 3146 3146 0 3235 3235 0 3148 3148 0 3235 3235 0 3243 3243 0 3243 3243 0 3235 3235 0 3236 3236 0 3237 3237 0 3244 3244 0 3236 3236 0 3244 3244 0 3243 3243 0 3236 3236 0 3238 3238 0 3245 3245 0 3237 3237 0 3245 3245 0 3244 3244 0 3237 3237 0 3239 3239 0 3246 3246 0 3238 3238 0 3246 3246 0 3245 3245 0 3238 3238 0 3240 3240 0 3247 3247 0 3239 3239 0 3247 3247 0 3246 3246 0 3239 3239 0 3241 3241 0 3248 3248 0 3240 3240 0 3248 3248 0 3247 3247 0 3240 3240 0 3149 3149 0 3150 3150 0 3248 3248 0 3149 3149 0 3248 3248 0 3242 3242 0 3242 3242 0 3248 3248 0 3241 3241 0 3140 3140 0 3149 3149 0 3242 3242 0 3148 3148 0 3243 3243 0 3156 3156 0 3158 3158 0 3156 3156 0 3243 3243 0 3244 3244 0 3158 3158 0 3243 3243 0 3160 3160 0 3158 3158 0 3244 3244 0 3160 3160 0 3244 3244 0 3249 3249 0 3249 3249 0 3244 3244 0 3245 3245 0 3246 3246 0 3250 3250 0 3245 3245 0 3250 3250 0 3249 3249 0 3245 3245 0 3247 3247 0 3251 3251 0 3246 3246 0 3251 3251 0 3250 3250 0 3246 3246 0 3161 3161 0 3162 3162 0 3251 3251 0 3161 3161 0 3251 3251 0 3248 3248 0 3248 3248 0 3251 3251 0 3247 3247 0 3150 3150 0 3161 3161 0 3248 3248 0 3160 3160 0 3249 3249 0 3171 3171 0 3173 3173 0 3171 3171 0 3249 3249 0 3250 3250 0 3173 3173 0 3249 3249 0 3175 3175 0 3173 3173 0 3250 3250 0 3251 3251 0 3175 3175 0 3250 3250 0 3162 3162 0 3175 3175 0 3251 3251 0 3252 3252 0 3253 3252 0 3254 3252 0</p>
        </polylist>
      </mesh>
    </geometry>

    <geometry id="floor-mesh" name="floor">
      <mesh>
        <source id="floor-mesh-positions">
          <float_array id="floor-mesh-positions-array" count="12">4 0 -4 4 0 4 -4 0 4 -4 0 -4</float_array>
          <technique_common>
            <accessor source="#floor-mesh-positions-array" count="4" stride="3">
              <param name="X" type="float"/>
              <param name="Y" type="float"/>
              <param name="Z" type="float"/>
            </accessor>
          </technique_common>
        </source>
        <source id="floor-mesh-normals">
          <float_array id="floor-mesh-normals-array" count="6">0 1 0 0 1 0</float_array>
          <technique_common>
            <accessor source="#floor-mesh-normals-array" count="2" stride="3">
              <param name="X" type="float"/>
              <param name="Y" type="float"/>
              <param name="Z" type="float"/>
            </accessor>
          </technique_common>
        </source>
        <source id="floor-mesh-map-0">
          <float_array id="floor-mesh-map-0-array" count="12">0 1 0 1 0 1 0 1 0 1 0 1</float_array>
          <technique_common>
            <accessor source="#floor-mesh-map-0-array" count="6" stride="2">
              <param name="S" type="float"/>
              <param name="T" type="float"/>
            </accessor>
          </technique_common>
        </source>
        <vertices id="floor-mesh-vertices">
          <input semantic="POSITION" source="#floor-mesh-positions"/>
        </vertices>
        <polylist material="floor-material" count="2">
          <input semantic="VERTEX" source="#floor-mesh-vertices" offset="0"/>
          <input semantic="NORMAL" source="#floor-mesh-normals" offset="1"/>
          <input semantic="TEXCOORD" source="#floor-mesh-map-0" offset="2" set="0"/>
          <vcount>3 3 </vcount>
          <p>0 0 0 1 0 1 2 0 2 3 1 3 0 1 4 2 1 5</p>
        </polylist>
      </mesh>
    </geometry>
  </library_geometries>

  <library_visual_scenes>
    <visual_scene id="Scene" name="Scene">
      <node id="Camera" name="Camera" type="NODE">
        <matrix sid="transform">1 0 0 0 0 1 0 1 0 0 1 2.732 0 0 0 1</matrix>
        <instance_camera url="#Camera-camera"/>
      </node>

      <node id="Area" name="Area" type="NODE">
        <matrix sid="transform">0.3 0 0 2 0 0.3 0 3 0 0 0.3 2 0 0 0 1</matrix>
        <instance_light url="#Area-light"/>
      </node>

      <node id="Slime" name="Slime" type="NODE">
        <matrix sid="transform">1 0 0 0 0 1 0 0 0 0 1 0 0 0 0 1</matrix>
        <instance_geometry url="#Slime-data">
          <bind_material>
            <technique_common>
              <instance_material symbol="slime-material" target="#slime-material"/>
            </technique_common>
          </bind_material>
        </instance_geometry>
      </node>
    </visual_scene>
  </library_visual_scenes>

  <scene>
    <instance_visual_scene url="#Scene"/>
  </scene>
</COLLADA>
